# Wireframe-only appearance from original acesskinv4 topology
# No decimation, smoothing, subdivision, or shape modification.
v -0.17445144 0.05002853 -0.01099959
v -0.16111544 0.04158653 -0.01806559
v -0.16164456 0.04192147 -0.01946441
v -0.17498056 0.05036347 -0.01239841
v -0.16202747 0.04216386 -0.01876500
v -0.16202747 0.04216386 -0.01169900
v -0.16073253 0.04134414 -0.01169900
v -0.16073253 0.04134414 -0.01876500
v -0.17471600 0.05019600 -0.01093270
v -0.16138000 0.04175400 -0.01093270
v -0.16138000 0.04175400 -0.01246530
v -0.17471600 0.05019600 -0.01246530
v -0.17406853 0.04978614 -0.01169900
v -0.17406853 0.04978614 -0.01876500
v -0.17536347 0.05060586 -0.01876500
v -0.17536347 0.05060586 -0.01169900
v -0.16138000 0.04175400 -0.01953130
v -0.17471600 0.05019600 -0.01953130
v -0.17471600 0.05019600 -0.01799870
v -0.16138000 0.04175400 -0.01799870
v 0.16124900 0.04175400 -0.01799970
v 0.17458400 0.05019600 -0.01799970
v 0.17458400 0.05019600 -0.01953230
v 0.16124900 0.04175400 -0.01953230
v 0.17431943 0.05002851 -0.01946540
v 0.16098443 0.04158651 -0.01239940
v 0.16151357 0.04192149 -0.01100060
v 0.17484857 0.05036349 -0.01806660
v 0.16060154 0.04134411 -0.01876600
v 0.16060154 0.04134411 -0.01170000
v 0.16189646 0.04216389 -0.01170000
v 0.16189646 0.04216389 -0.01876600
v 0.16124900 0.04175400 -0.01093370
v 0.17458400 0.05019600 -0.01093370
v 0.17458400 0.05019600 -0.01246630
v 0.16124900 0.04175400 -0.01246630
v 0.17393654 0.04978611 -0.01876600
v 0.17393654 0.04978611 -0.01170000
v 0.17523146 0.05060589 -0.01170000
v 0.17523146 0.05060589 -0.01876600
v -0.16138000 0.59248400 -0.01799870
v -0.17471600 0.58404200 -0.01799870
v -0.17471600 0.58404200 -0.01953130
v -0.16138000 0.59248400 -0.01953130
v -0.17445144 0.58420947 -0.01946441
v -0.16111544 0.59265147 -0.01239841
v -0.16164456 0.59231653 -0.01099959
v -0.17498056 0.58387453 -0.01806559
v -0.16073253 0.59289386 -0.01876500
v -0.16073253 0.59289386 -0.01169900
v -0.16202747 0.59207414 -0.01169900
v -0.16202747 0.59207414 -0.01876500
v -0.16138000 0.59248400 -0.01093270
v -0.17471600 0.58404200 -0.01093270
v -0.17471600 0.58404200 -0.01246530
v -0.16138000 0.59248400 -0.01246530
v -0.17406853 0.58445186 -0.01876500
v -0.17406853 0.58445186 -0.01169900
v -0.17536347 0.58363214 -0.01169900
v -0.17536347 0.58363214 -0.01876500
v 0.17431943 0.58420949 -0.01099960
v 0.16098443 0.59265149 -0.01806560
v 0.16151357 0.59231651 -0.01946440
v 0.17484857 0.58387451 -0.01239840
v 0.16189646 0.59207411 -0.01876500
v 0.16189646 0.59207411 -0.01169900
v 0.16060154 0.59289389 -0.01169900
v 0.16060154 0.59289389 -0.01876500
v 0.17458400 0.58404200 -0.01093270
v 0.16124900 0.59248400 -0.01093270
v 0.16124900 0.59248400 -0.01246530
v 0.17458400 0.58404200 -0.01246530
v 0.17393654 0.58445189 -0.01169900
v 0.17393654 0.58445189 -0.01876500
v 0.17523146 0.58363211 -0.01876500
v 0.17523146 0.58363211 -0.01169900
v 0.16124900 0.59248400 -0.01953130
v 0.17458400 0.58404200 -0.01953130
v 0.17458400 0.58404200 -0.01799870
v 0.16124900 0.59248400 -0.01799870
v 0.16124900 0.04175400 -0.01246630
v -0.16138000 0.04175400 -0.01246530
v -0.16138000 0.04175400 -0.01093270
v 0.16124900 0.04175400 -0.01093370
v -0.16061370 0.04175400 -0.01169900
v -0.16061370 0.04175400 -0.01876500
v -0.16214630 0.04175400 -0.01876500
v -0.16214630 0.04175400 -0.01169900
v 0.16126578 0.04175400 -0.01246611
v -0.16136322 0.04175400 -0.01953111
v -0.16139678 0.04175400 -0.01799889
v 0.16123222 0.04175400 -0.01093389
v -0.16138000 0.04175400 -0.01799870
v 0.16124900 0.04175400 -0.01799970
v 0.16124900 0.04175400 -0.01953230
v -0.16138000 0.04175400 -0.01953130
v 0.16201530 0.04175400 -0.01170000
v 0.16201530 0.04175400 -0.01876600
v 0.16048270 0.04175400 -0.01876600
v 0.16048270 0.04175400 -0.01170000
v -0.16138000 0.59248400 -0.01246530
v 0.16124900 0.59248400 -0.01246530
v 0.16124900 0.59248400 -0.01093270
v -0.16138000 0.59248400 -0.01093270
v 0.16048270 0.59248400 -0.01169900
v 0.16048270 0.59248400 -0.01876500
v 0.16201530 0.59248400 -0.01876500
v 0.16201530 0.59248400 -0.01169900
v -0.16139678 0.59248400 -0.01246511
v 0.16123222 0.59248400 -0.01953111
v 0.16126578 0.59248400 -0.01799889
v -0.16136322 0.59248400 -0.01093289
v 0.16124900 0.59248400 -0.01799870
v -0.16138000 0.59248400 -0.01799870
v -0.16138000 0.59248400 -0.01953130
v 0.16124900 0.59248400 -0.01953130
v -0.16214630 0.59248400 -0.01169900
v -0.16214630 0.59248400 -0.01876500
v -0.16061370 0.59248400 -0.01876500
v -0.16061370 0.59248400 -0.01169900
v -0.18017540 0.07034330 -0.01097231
v -0.17465240 0.04996130 -0.01803831
v -0.17477960 0.05043070 -0.01949169
v -0.18030260 0.07081270 -0.01242569
v -0.17491642 0.05093562 -0.01876500
v -0.17491642 0.05093562 -0.01169900
v -0.17451558 0.04945638 -0.01169900
v -0.17451558 0.04945638 -0.01876500
v -0.18023900 0.07057800 -0.01093270
v -0.17471600 0.05019600 -0.01093270
v -0.17471600 0.05019600 -0.01246530
v -0.18023900 0.07057800 -0.01246530
v -0.18003858 0.06983838 -0.01169900
v -0.18003858 0.06983838 -0.01876500
v -0.18043942 0.07131762 -0.01876500
v -0.18043942 0.07131762 -0.01169900
v -0.17471600 0.05019600 -0.01953130
v -0.18023900 0.07057800 -0.01953130
v -0.18023900 0.07057800 -0.01799870
v -0.17471600 0.05019600 -0.01799870
v -0.17471600 0.58404200 -0.01799870
v -0.18023900 0.56366100 -0.01799870
v -0.18023900 0.56366100 -0.01953130
v -0.17471600 0.58404200 -0.01953130
v -0.18017540 0.56389570 -0.01949169
v -0.17465240 0.58427670 -0.01242569
v -0.17477960 0.58380730 -0.01097231
v -0.18030260 0.56342630 -0.01803831
v -0.17451557 0.58478162 -0.01876500
v -0.17451557 0.58478162 -0.01169900
v -0.17491643 0.58330238 -0.01169900
v -0.17491643 0.58330238 -0.01876500
v -0.17471600 0.58404200 -0.01093270
v -0.18023900 0.56366100 -0.01093270
v -0.18023900 0.56366100 -0.01246530
v -0.17471600 0.58404200 -0.01246530
v -0.18003857 0.56440062 -0.01876500
v -0.18003857 0.56440062 -0.01169900
v -0.18043943 0.56292138 -0.01169900
v -0.18043943 0.56292138 -0.01876500
v 0.17458400 0.05019600 -0.01799970
v 0.18010800 0.07057800 -0.01799970
v 0.18010800 0.07057800 -0.01953230
v 0.17458400 0.05019600 -0.01953230
v 0.18004439 0.07034331 -0.01949269
v 0.17452039 0.04996131 -0.01242669
v 0.17464761 0.05043069 -0.01097331
v 0.18017161 0.07081269 -0.01803931
v 0.17438355 0.04945639 -0.01876600
v 0.17438355 0.04945639 -0.01170000
v 0.17478445 0.05093561 -0.01170000
v 0.17478445 0.05093561 -0.01876600
v 0.17458400 0.05019600 -0.01093370
v 0.18010800 0.07057800 -0.01093370
v 0.18010800 0.07057800 -0.01246630
v 0.17458400 0.05019600 -0.01246630
v 0.17990755 0.06983839 -0.01876600
v 0.17990755 0.06983839 -0.01170000
v 0.18030845 0.07131761 -0.01170000
v 0.18030845 0.07131761 -0.01876600
v 0.18004439 0.56389570 -0.01097231
v 0.17452039 0.58427670 -0.01803831
v 0.17464761 0.58380730 -0.01949169
v 0.18017161 0.56342630 -0.01242569
v 0.17478446 0.58330239 -0.01876500
v 0.17478446 0.58330239 -0.01169900
v 0.17438354 0.58478161 -0.01169900
v 0.17438354 0.58478161 -0.01876500
v 0.18010800 0.56366100 -0.01093270
v 0.17458400 0.58404200 -0.01093270
v 0.17458400 0.58404200 -0.01246530
v 0.18010800 0.56366100 -0.01246530
v 0.17990754 0.56440061 -0.01169900
v 0.17990754 0.56440061 -0.01876500
v 0.18030846 0.56292139 -0.01876500
v 0.18030846 0.56292139 -0.01169900
v 0.17458400 0.58404200 -0.01953130
v 0.18010800 0.56366100 -0.01953130
v 0.18010800 0.56366100 -0.01799870
v 0.17458400 0.58404200 -0.01799870
v 0.18010800 0.56366100 -0.01246530
v 0.18010800 0.07057800 -0.01246630
v 0.18010800 0.07057800 -0.01093370
v 0.18010800 0.56366100 -0.01093270
v 0.18010800 0.07134430 -0.01170000
v 0.18010800 0.07134430 -0.01876600
v 0.18010800 0.06981170 -0.01876600
v 0.18010800 0.06981170 -0.01170000
v 0.18010800 0.56367198 -0.01246522
v 0.18010800 0.07058898 -0.01953222
v 0.18010800 0.07056702 -0.01799978
v 0.18010800 0.56365002 -0.01093278
v 0.18010800 0.07057800 -0.01799970
v 0.18010800 0.56366100 -0.01799870
v 0.18010800 0.56366100 -0.01953130
v 0.18010800 0.07057800 -0.01953230
v 0.18010800 0.56442730 -0.01169900
v 0.18010800 0.56442730 -0.01876500
v 0.18010800 0.56289470 -0.01876500
v 0.18010800 0.56289470 -0.01169900
v -0.18023900 0.07057800 -0.01246530
v -0.18023900 0.56366100 -0.01246530
v -0.18023900 0.56366100 -0.01093270
v -0.18023900 0.07057800 -0.01093270
v -0.18023900 0.56289470 -0.01169900
v -0.18023900 0.56289470 -0.01876500
v -0.18023900 0.56442730 -0.01876500
v -0.18023900 0.56442730 -0.01169900
v -0.18023900 0.07056702 -0.01246522
v -0.18023900 0.56365002 -0.01953122
v -0.18023900 0.56367198 -0.01799878
v -0.18023900 0.07058898 -0.01093278
v -0.18023900 0.56366100 -0.01799870
v -0.18023900 0.07057800 -0.01799870
v -0.18023900 0.07057800 -0.01953130
v -0.18023900 0.56366100 -0.01953130
v -0.18023900 0.06981170 -0.01169900
v -0.18023900 0.06981170 -0.01876500
v -0.18023900 0.07134430 -0.01876500
v -0.18023900 0.07134430 -0.01169900
v 0.16129293 0.04251903 -0.01876600
v -0.16179407 0.06107103 -0.01876500
v -0.16188193 0.05954097 -0.01876500
v 0.16120507 0.04098897 -0.01876600
v -0.16183800 0.05953970 -0.01876500
v 0.16170700 0.05953970 -0.01876600
v 0.16170700 0.06107230 -0.01876600
v -0.16183800 0.06107230 -0.01876500
v 0.16201506 0.04173509 -0.01876600
v 0.16247306 0.06028709 -0.01876600
v 0.16094094 0.06032491 -0.01876600
v 0.16048294 0.04177291 -0.01876600
v 0.16123379 0.05970327 -0.01876600
v 0.17411079 0.04959327 -0.01876600
v 0.17505721 0.05079873 -0.01876600
v 0.16218021 0.06090873 -0.01876600
v 0.16165889 0.04110654 -0.01876600
v 0.17499389 0.04954854 -0.01876600
v 0.17417411 0.05084346 -0.01876600
v 0.16083911 0.04240146 -0.01876600
v 0.16124900 0.04252030 -0.01876600
v -0.16138000 0.04252030 -0.01876500
v -0.16138000 0.04098770 -0.01876500
v 0.16124900 0.04098770 -0.01876600
v -0.16260406 0.06028709 -0.01876500
v -0.16214606 0.04173509 -0.01876500
v -0.16061394 0.04177291 -0.01876500
v -0.16107194 0.06032491 -0.01876500
v 0.16208051 0.05963690 -0.01876600
v 0.18048151 0.06990890 -0.01876600
v 0.17973449 0.07124710 -0.01876600
v 0.16133349 0.06097510 -0.01876600
v 0.17532361 0.04999555 -0.01876600
v 0.18084761 0.07037755 -0.01876600
v 0.17936839 0.07077845 -0.01876600
v 0.17384439 0.05039645 -0.01876600
v -0.16097014 0.04240147 -0.01876500
v -0.17430614 0.05084347 -0.01876500
v -0.17512586 0.04954853 -0.01876500
v -0.16178986 0.04110653 -0.01876500
v -0.16231119 0.06090874 -0.01876500
v -0.17518919 0.05079874 -0.01876500
v -0.17424281 0.04959326 -0.01876500
v -0.16136481 0.05970326 -0.01876500
v -0.16146449 0.06097510 -0.01876500
v -0.17986549 0.07124710 -0.01876500
v -0.18061251 0.06990890 -0.01876500
v -0.16221151 0.05963690 -0.01876500
v -0.17397638 0.05039642 -0.01876500
v -0.17949938 0.07077842 -0.01876500
v -0.18097862 0.07037758 -0.01876500
v -0.17545562 0.04999558 -0.01876500
v 0.18087378 0.07060599 -0.01876600
v 0.16247278 0.57395999 -0.01876500
v 0.16094122 0.57390401 -0.01876500
v 0.17934222 0.07055001 -0.01876600
v 0.16247330 0.06030600 -0.01876600
v 0.16247330 0.57393200 -0.01876500
v 0.16094070 0.57393200 -0.01876500
v 0.16094070 0.06030600 -0.01876600
v 0.16133351 0.57326288 -0.01876500
v 0.17973451 0.56299188 -0.01876500
v 0.18048149 0.56433012 -0.01876500
v 0.16208049 0.57460112 -0.01876500
v 0.18087430 0.07057800 -0.01876600
v 0.18087430 0.56366100 -0.01876500
v 0.17934170 0.56366100 -0.01876500
v 0.17934170 0.07057800 -0.01876600
v 0.16218021 0.57332927 -0.01876500
v 0.17505721 0.58343927 -0.01876500
v 0.17411079 0.58464473 -0.01876500
v 0.16123379 0.57453473 -0.01876500
v 0.18084761 0.56386146 -0.01876500
v 0.17532361 0.58424246 -0.01876500
v 0.17384439 0.58384154 -0.01876500
v 0.17936839 0.56346054 -0.01876500
v 0.16247306 0.57395091 -0.01876500
v 0.16201506 0.59250291 -0.01876500
v 0.16048294 0.59246509 -0.01876500
v 0.16094094 0.57391309 -0.01876500
v 0.17499389 0.58468946 -0.01876500
v 0.16165889 0.59313146 -0.01876500
v 0.16083911 0.59183654 -0.01876500
v 0.17417411 0.58339454 -0.01876500
v -0.16107170 0.06030600 -0.01876500
v -0.16107170 0.57393200 -0.01876500
v -0.16260430 0.57393200 -0.01876500
v -0.16260430 0.06030600 -0.01876500
v -0.17947322 0.07055001 -0.01876500
v -0.16107222 0.57390401 -0.01876500
v -0.16260378 0.57395999 -0.01876500
v -0.18100478 0.07060599 -0.01876500
v 0.16120507 0.59324903 -0.01876500
v -0.16188193 0.57469703 -0.01876500
v -0.16179407 0.57316697 -0.01876500
v 0.16129293 0.59171897 -0.01876500
v 0.16170700 0.57469830 -0.01876500
v -0.16183800 0.57469830 -0.01876500
v -0.16183800 0.57316570 -0.01876500
v 0.16170700 0.57316570 -0.01876500
v -0.17947270 0.07057800 -0.01876500
v -0.17947270 0.56366100 -0.01876500
v -0.18100530 0.56366100 -0.01876500
v -0.18100530 0.07057800 -0.01876500
v -0.16221149 0.57460112 -0.01876500
v -0.18061249 0.56433012 -0.01876500
v -0.17986551 0.56299188 -0.01876500
v -0.16146451 0.57326288 -0.01876500
v -0.16107194 0.57391309 -0.01876500
v -0.16061394 0.59246509 -0.01876500
v -0.16214606 0.59250291 -0.01876500
v -0.16260406 0.57395091 -0.01876500
v 0.16124900 0.59325030 -0.01876500
v -0.16138000 0.59325030 -0.01876500
v -0.16138000 0.59171770 -0.01876500
v 0.16124900 0.59171770 -0.01876500
v -0.16136481 0.57453474 -0.01876500
v -0.17424281 0.58464474 -0.01876500
v -0.17518919 0.58343926 -0.01876500
v -0.16231119 0.57332926 -0.01876500
v -0.17949938 0.56346057 -0.01876500
v -0.17397638 0.58384157 -0.01876500
v -0.17545562 0.58424243 -0.01876500
v -0.18097862 0.56386143 -0.01876500
v -0.16178986 0.59313147 -0.01876500
v -0.17512586 0.58468947 -0.01876500
v -0.17430614 0.58339453 -0.01876500
v -0.16097014 0.59183653 -0.01876500
v 0.14553000 0.07834330 -0.01876600
v -0.14566000 0.07834330 -0.01876500
v -0.14566000 0.07681070 -0.01876500
v 0.14553000 0.07681070 -0.01876600
v -0.14500517 0.07717899 -0.01876500
v 0.14618483 0.55626299 -0.01876500
v 0.14487517 0.55705901 -0.01876500
v -0.14631483 0.07797501 -0.01876500
v 0.14629630 0.07757700 -0.01876600
v 0.14629630 0.55666100 -0.01876500
v 0.14476370 0.55666100 -0.01876500
v 0.14476370 0.07757700 -0.01876600
v -0.14489370 0.07757700 -0.01876500
v -0.14489370 0.55666100 -0.01876500
v -0.14642630 0.55666100 -0.01876500
v -0.14642630 0.07757700 -0.01876500
v 0.14553000 0.55742730 -0.01876500
v -0.14566000 0.55742730 -0.01876500
v -0.14566000 0.55589470 -0.01876500
v 0.14553000 0.55589470 -0.01876500
v -0.19909393 0.62929401 0.01320600
v 0.22249607 0.59669701 0.01320600
v 0.22237793 0.59516899 0.01320600
v -0.19921207 0.62776599 0.01320600
v 0.22181343 0.59548761 0.01320600
v 0.19853043 0.62808461 0.01320600
v 0.19977757 0.62897539 0.01320600
v 0.22306057 0.59637839 0.01320600
v -0.19915300 0.62929630 0.01320600
v 0.19915400 0.62929630 0.01320600
v 0.19915400 0.62776370 0.01320600
v -0.19915300 0.62776370 0.01320600
v 0.22170219 0.59571561 0.01320600
v 0.21488319 0.61876461 0.01320600
v 0.21635281 0.61919939 0.01320600
v 0.22317181 0.59615039 0.01320600
v 0.19953843 0.62919289 0.01320600
v 0.21600243 0.61964489 0.01320600
v 0.21523357 0.61831911 0.01320600
v 0.19876957 0.62786711 0.01320600
v 0.22243700 0.59516670 0.01320600
v -0.22243600 0.59516670 0.01320600
v -0.22243600 0.59669930 0.01320600
v 0.22243700 0.59669930 0.01320600
v -0.19852943 0.62808461 0.01320600
v -0.22181243 0.59548761 0.01320600
v -0.22305957 0.59637839 0.01320600
v -0.19977657 0.62897539 0.01320600
v -0.19876857 0.62786711 0.01320600
v -0.21523257 0.61831911 0.01320600
v -0.21600143 0.61964489 0.01320600
v -0.19953743 0.62919289 0.01320600
v -0.22317081 0.59615039 0.01320600
v -0.21635181 0.61919939 0.01320600
v -0.21488219 0.61876461 0.01320600
v -0.22170119 0.59571561 0.01320600
v -0.22183698 0.59641089 0.01320600
v 0.22303602 0.03878089 0.01320600
v 0.22183798 0.03782511 0.01320600
v -0.22303502 0.59545511 0.01320600
v 0.22320330 0.59593300 0.01320600
v 0.22320330 0.03830300 0.01320600
v 0.22167070 0.03830300 0.01320600
v 0.22167070 0.59593300 0.01320600
v 0.22243700 0.03753670 0.01320600
v -0.22243600 0.03753670 0.01320600
v -0.22243600 0.03906930 0.01320600
v 0.22243700 0.03906930 0.01320600
v -0.22166970 0.59593300 0.01320600
v -0.22166970 0.03830300 0.01320600
v -0.22320230 0.03830300 0.01320600
v -0.22320230 0.59593300 0.01320600
v 0.22249607 0.03753898 0.01320600
v -0.19909393 0.00494398 0.01320600
v -0.19921207 0.00647202 0.01320600
v 0.22237793 0.03906702 0.01320600
v -0.22181245 0.03874841 0.01320600
v -0.19852945 0.00615341 0.01320600
v -0.19977655 0.00526259 0.01320600
v -0.22305955 0.03785759 0.01320600
v -0.22170119 0.03852039 0.01320600
v -0.21488219 0.01547139 0.01320600
v -0.21635181 0.01503661 0.01320600
v -0.22317081 0.03808561 0.01320600
v -0.19953737 0.00504508 0.01320600
v -0.21600137 0.01459108 0.01320600
v -0.21523263 0.01591692 0.01320600
v -0.19876863 0.00637092 0.01320600
v -0.19915300 0.00647430 0.01320600
v 0.19915400 0.00647430 0.01320600
v 0.19915400 0.00494170 0.01320600
v -0.19915300 0.00494170 0.01320600
v 0.22306055 0.03785759 0.01320600
v 0.19977755 0.00526259 0.01320600
v 0.19853045 0.00615341 0.01320600
v 0.22181345 0.03874841 0.01320600
v 0.19876963 0.00637092 0.01320600
v 0.21523363 0.01591692 0.01320600
v 0.21600237 0.01459108 0.01320600
v 0.19953837 0.00504508 0.01320600
v 0.22317181 0.03808561 0.01320600
v 0.21635281 0.01503661 0.01320600
v 0.21488319 0.01547139 0.01320600
v 0.22170219 0.03852039 0.01320600
v -0.22243600 0.59516670 -0.01225800
v 0.22243700 0.59516670 -0.01225800
v 0.22243700 0.59669930 -0.01225800
v -0.22243600 0.59669930 -0.01225800
v 0.22183798 0.59641089 -0.01225800
v -0.22303502 0.03878089 -0.01225800
v -0.22183698 0.03782511 -0.01225800
v 0.22303602 0.59545511 -0.01225800
v -0.22320230 0.59593300 -0.01225800
v -0.22320230 0.03830300 -0.01225800
v -0.22166970 0.03830300 -0.01225800
v -0.22166970 0.59593300 -0.01225800
v 0.22249607 0.59669701 -0.01225800
v -0.19909393 0.62929401 -0.01225800
v -0.19921207 0.62776599 -0.01225800
v 0.22237793 0.59516899 -0.01225800
v -0.22181243 0.59548761 -0.01225800
v -0.19852943 0.62808461 -0.01225800
v -0.19977657 0.62897539 -0.01225800
v -0.22305957 0.59637839 -0.01225800
v -0.22170119 0.59571561 -0.01225800
v -0.21488219 0.61876461 -0.01225800
v -0.21635181 0.61919939 -0.01225800
v -0.22317081 0.59615039 -0.01225800
v -0.19953743 0.62919289 -0.01225800
v -0.21600143 0.61964489 -0.01225800
v -0.21523257 0.61831911 -0.01225800
v -0.19876857 0.62786711 -0.01225800
v -0.19915300 0.62776370 -0.01225800
v 0.19915400 0.62776370 -0.01225800
v 0.19915400 0.62929630 -0.01225800
v -0.19915300 0.62929630 -0.01225800
v 0.22306057 0.59637839 -0.01225800
v 0.19977757 0.62897539 -0.01225800
v 0.19853043 0.62808461 -0.01225800
v 0.22181343 0.59548761 -0.01225800
v 0.19876957 0.62786711 -0.01225800
v 0.21523357 0.61831911 -0.01225800
v 0.21600243 0.61964489 -0.01225800
v 0.19953843 0.62919289 -0.01225800
v 0.22317181 0.59615039 -0.01225800
v 0.21635281 0.61919939 -0.01225800
v 0.21488319 0.61876461 -0.01225800
v 0.22170219 0.59571561 -0.01225800
v -0.22243600 0.03753670 -0.01225800
v 0.22243700 0.03753670 -0.01225800
v 0.22243700 0.03906930 -0.01225800
v -0.22243600 0.03906930 -0.01225800
v 0.22167070 0.59593300 -0.01225800
v 0.22167070 0.03830300 -0.01225800
v 0.22320330 0.03830300 -0.01225800
v 0.22320330 0.59593300 -0.01225800
v 0.22237793 0.03906702 -0.01225800
v -0.19921207 0.00647202 -0.01225800
v -0.19909393 0.00494398 -0.01225800
v 0.22249607 0.03753898 -0.01225800
v -0.22305955 0.03785759 -0.01225800
v -0.19977655 0.00526259 -0.01225800
v -0.19852945 0.00615341 -0.01225800
v -0.22181245 0.03874841 -0.01225800
v -0.19876863 0.00637092 -0.01225800
v -0.21523263 0.01591692 -0.01225800
v -0.21600137 0.01459108 -0.01225800
v -0.19953737 0.00504508 -0.01225800
v -0.22317081 0.03808561 -0.01225800
v -0.21635181 0.01503661 -0.01225800
v -0.21488219 0.01547139 -0.01225800
v -0.22170119 0.03852039 -0.01225800
v 0.22181345 0.03874841 -0.01225800
v 0.19853045 0.00615341 -0.01225800
v 0.19977755 0.00526259 -0.01225800
v 0.22306055 0.03785759 -0.01225800
v -0.19915300 0.00494170 -0.01225800
v 0.19915400 0.00494170 -0.01225800
v 0.19915400 0.00647430 -0.01225800
v -0.19915300 0.00647430 -0.01225800
v 0.22170219 0.03852039 -0.01225800
v 0.21488319 0.01547139 -0.01225800
v 0.21635281 0.01503661 -0.01225800
v 0.22317181 0.03808561 -0.01225800
v 0.19953837 0.00504508 -0.01225800
v 0.21600237 0.01459108 -0.01225800
v 0.21523363 0.01591692 -0.01225800
v 0.19876963 0.00637092 -0.01225800
v 0.22243700 0.59593300 0.01243970
v 0.22243700 0.03830300 0.01243970
v 0.22243700 0.03830300 0.01397230
v 0.22243700 0.59593300 0.01397230
v 0.22254683 0.03906138 0.01320600
v 0.22254683 0.03906138 -0.01225800
v 0.22232717 0.03754462 -0.01225800
v 0.22232717 0.03754462 0.01320600
v 0.22243700 0.59596796 0.01244050
v 0.22243700 0.03833796 -0.01302350
v 0.22243700 0.03826804 -0.01149250
v 0.22243700 0.59589804 0.01397150
v 0.22243700 0.03830300 0.01243970
v 0.21561800 0.01525400 0.01243970
v 0.21561800 0.01525400 0.01397230
v 0.22243700 0.03830300 0.01397230
v 0.22227891 0.03776865 -0.01278401
v 0.21545991 0.01471965 0.01267999
v 0.21577609 0.01578835 0.01373201
v 0.22259509 0.03883735 -0.01173199
v 0.22243700 0.03830300 -0.01149170
v 0.22243700 0.59593300 -0.01149170
v 0.22243700 0.59593300 -0.01302430
v 0.22243700 0.03830300 -0.01302430
v 0.22232717 0.59669138 0.01320600
v 0.22232717 0.59669138 -0.01225800
v 0.22254683 0.59517462 -0.01225800
v 0.22254683 0.59517462 0.01320600
v 0.21609175 0.01585630 0.01320600
v 0.21609175 0.01585630 -0.01225800
v 0.21514425 0.01465170 -0.01225800
v 0.21514425 0.01465170 0.01320600
v 0.22243700 0.03830300 -0.01302430
v 0.21561800 0.01525400 -0.01302430
v 0.21561800 0.01525400 -0.01149170
v 0.22243700 0.03830300 -0.01149170
v 0.22227891 0.59646735 0.01373201
v 0.21545991 0.61951635 -0.01173199
v 0.21577609 0.61844765 -0.01278401
v 0.22259509 0.59539865 0.01267999
v 0.22243700 0.59593300 -0.01149170
v 0.21561800 0.61898200 -0.01149170
v 0.21561800 0.61898200 -0.01302430
v 0.22243700 0.59593300 -0.01302430
v 0.21561800 0.01525400 0.01243970
v 0.19915400 0.00570800 0.01243970
v 0.19915400 0.00570800 0.01397230
v 0.21561800 0.01525400 0.01397230
v 0.21508699 0.01494612 -0.01271675
v 0.19862299 0.00540012 0.01274725
v 0.19968501 0.00601588 0.01366475
v 0.21614901 0.01556188 -0.01179925
v 0.21609173 0.61837968 -0.01225800
v 0.21609173 0.61837968 0.01320600
v 0.21514427 0.61958432 0.01320600
v 0.21514427 0.61958432 -0.01225800
v 0.22243700 0.59593300 0.01397230
v 0.21561800 0.61898200 0.01397230
v 0.21561800 0.61898200 0.01243970
v 0.22243700 0.59593300 0.01243970
v 0.19989400 0.00590701 0.01320600
v 0.19989400 0.00590701 -0.01225800
v 0.19841400 0.00550899 -0.01225800
v 0.19841400 0.00550899 0.01320600
v 0.21561800 0.01525400 -0.01302430
v 0.19915400 0.00570800 -0.01302430
v 0.19915400 0.00570800 -0.01149170
v 0.21561800 0.01525400 -0.01149170
v 0.21508703 0.61928993 0.01366476
v 0.19862303 0.62883793 -0.01179924
v 0.19968497 0.62822207 -0.01271676
v 0.21614897 0.61867407 0.01274724
v 0.21561800 0.61898200 -0.01149170
v 0.19915400 0.62853000 -0.01149170
v 0.19915400 0.62853000 -0.01302430
v 0.21561800 0.61898200 -0.01302430
v 0.19920289 0.00570800 0.01244127
v -0.19910411 0.00570800 -0.01302273
v -0.19920189 0.00570800 -0.01149327
v 0.19910511 0.00570800 0.01397073
v 0.19915400 0.00570800 -0.01302430
v -0.19915300 0.00570800 -0.01302430
v -0.19915300 0.00570800 -0.01149170
v 0.19915400 0.00570800 -0.01149170
v 0.19989399 0.62833095 -0.01225800
v 0.19989399 0.62833095 0.01320600
v 0.19841401 0.62872905 0.01320600
v 0.19841401 0.62872905 -0.01225800
v 0.21561800 0.61898200 0.01397230
v 0.19915400 0.62853000 0.01397230
v 0.19915400 0.62853000 0.01243970
v 0.21561800 0.61898200 0.01243970
v 0.19915400 0.00570800 0.01243970
v -0.19915300 0.00570800 0.01243970
v -0.19915300 0.00570800 0.01397230
v 0.19915400 0.00570800 0.01397230
v -0.19989300 0.00590701 -0.01225800
v -0.19989300 0.00590701 0.01320600
v -0.19841300 0.00550899 0.01320600
v -0.19841300 0.00550899 -0.01225800
v 0.19915400 0.62853000 0.01397230
v -0.19915300 0.62853000 0.01397230
v -0.19915300 0.62853000 0.01243970
v 0.19915400 0.62853000 0.01243970
v 0.19920289 0.62853000 -0.01149327
v -0.19910411 0.62853000 0.01397073
v -0.19920189 0.62853000 0.01244127
v 0.19910511 0.62853000 -0.01302273
v -0.19968401 0.00601588 -0.01271675
v -0.21614801 0.01556188 0.01274725
v -0.21508599 0.01494612 0.01366475
v -0.19862199 0.00540012 -0.01179925
v -0.19915300 0.00570800 0.01243970
v -0.21561700 0.01525400 0.01243970
v -0.21561700 0.01525400 0.01397230
v -0.19915300 0.00570800 0.01397230
v 0.19915400 0.62853000 -0.01149170
v -0.19915300 0.62853000 -0.01149170
v -0.19915300 0.62853000 -0.01302430
v 0.19915400 0.62853000 -0.01302430
v -0.19989299 0.62833095 0.01320600
v -0.19989299 0.62833095 -0.01225800
v -0.19841301 0.62872905 -0.01225800
v -0.19841301 0.62872905 0.01320600
v -0.21514325 0.01465170 0.01320600
v -0.21514325 0.01465170 -0.01225800
v -0.21609075 0.01585630 -0.01225800
v -0.21609075 0.01585630 0.01320600
v -0.19915300 0.00570800 -0.01302430
v -0.21561700 0.01525400 -0.01302430
v -0.21561700 0.01525400 -0.01149170
v -0.19915300 0.00570800 -0.01149170
v -0.19915300 0.62853000 -0.01149170
v -0.21561700 0.61898200 -0.01149170
v -0.21561700 0.61898200 -0.01302430
v -0.19915300 0.62853000 -0.01302430
v -0.19968397 0.62822207 0.01366476
v -0.21614797 0.61867407 -0.01179924
v -0.21508603 0.61928993 -0.01271676
v -0.19862203 0.62883793 0.01274724
v -0.21577509 0.01578835 -0.01278401
v -0.22259409 0.03883735 0.01267999
v -0.22227791 0.03776865 0.01373201
v -0.21545891 0.01471965 -0.01173199
v -0.21561700 0.01525400 0.01243970
v -0.22243600 0.03830300 0.01243970
v -0.22243600 0.03830300 0.01397230
v -0.21561700 0.01525400 0.01397230
v -0.19915300 0.62853000 0.01397230
v -0.21561700 0.61898200 0.01397230
v -0.21561700 0.61898200 0.01243970
v -0.19915300 0.62853000 0.01243970
v -0.21514327 0.61958432 -0.01225800
v -0.21514327 0.61958432 0.01320600
v -0.21609073 0.61837968 0.01320600
v -0.21609073 0.61837968 -0.01225800
v -0.22232617 0.03754462 0.01320600
v -0.22232617 0.03754462 -0.01225800
v -0.22254583 0.03906138 -0.01225800
v -0.22254583 0.03906138 0.01320600
v -0.21561700 0.01525400 -0.01302430
v -0.22243600 0.03830300 -0.01302430
v -0.22243600 0.03830300 -0.01149170
v -0.21561700 0.01525400 -0.01149170
v -0.21561700 0.61898200 -0.01149170
v -0.22243600 0.59593300 -0.01149170
v -0.22243600 0.59593300 -0.01302430
v -0.21561700 0.61898200 -0.01302430
v -0.21577509 0.61844765 0.01373201
v -0.22259409 0.59539865 -0.01173199
v -0.22227791 0.59646735 -0.01278401
v -0.21545891 0.61951635 0.01267999
v -0.22243600 0.03826804 0.01244050
v -0.22243600 0.59589804 -0.01302350
v -0.22243600 0.59596796 -0.01149250
v -0.22243600 0.03833796 0.01397150
v -0.22243600 0.03830300 -0.01302430
v -0.22243600 0.59593300 -0.01302430
v -0.22243600 0.59593300 -0.01149170
v -0.22243600 0.03830300 -0.01149170
v -0.21561700 0.61898200 0.01397230
v -0.22243600 0.59593300 0.01397230
v -0.22243600 0.59593300 0.01243970
v -0.21561700 0.61898200 0.01243970
v -0.22232617 0.59669138 -0.01225800
v -0.22232617 0.59669138 0.01320600
v -0.22254583 0.59517462 0.01320600
v -0.22254583 0.59517462 -0.01225800
v -0.22243600 0.03830300 0.01243970
v -0.22243600 0.59593300 0.01243970
v -0.22243600 0.59593300 0.01397230
v -0.22243600 0.03830300 0.01397230
v 0.17999600 0.03188600 0.01773770
v 0.17019000 0.03188600 0.01773770
v 0.17019000 0.03188600 0.01927030
v 0.17999600 0.03188600 0.01927030
v 0.17095630 0.03188600 0.01850400
v 0.17095630 0.03188600 0.01243600
v 0.16942370 0.03188600 0.01243600
v 0.16942370 0.03188600 0.01850400
v 0.18039923 0.03188600 0.01785238
v 0.17059323 0.03188600 0.01178438
v 0.16978677 0.03188600 0.01308762
v 0.17959277 0.03188600 0.01915562
v 0.17019000 0.03188600 0.01320230
v 0.17999600 0.03188600 0.01320230
v 0.17999600 0.03188600 0.01166970
v 0.17019000 0.03188600 0.01166970
v 0.18076230 0.03188600 0.01850400
v 0.18076230 0.03188600 0.01243600
v 0.17922970 0.03188600 0.01243600
v 0.17922970 0.03188600 0.01850400
v -0.18039100 0.60235200 0.01773770
v -0.17058500 0.60235200 0.01773770
v -0.17058500 0.60235200 0.01927030
v -0.18039100 0.60235200 0.01927030
v -0.17135130 0.60235200 0.01850400
v -0.17135130 0.60235200 0.01243600
v -0.16981870 0.60235200 0.01243600
v -0.16981870 0.60235200 0.01850400
v -0.18079423 0.60235200 0.01785238
v -0.17098823 0.60235200 0.01178438
v -0.17018177 0.60235200 0.01308762
v -0.17998777 0.60235200 0.01915562
v -0.17058500 0.60235200 0.01320230
v -0.18039100 0.60235200 0.01320230
v -0.18039100 0.60235200 0.01166970
v -0.17058500 0.60235200 0.01166970
v -0.18115730 0.60235200 0.01850400
v -0.18115730 0.60235200 0.01243600
v -0.17962470 0.60235200 0.01243600
v -0.17962470 0.60235200 0.01850400
v 0.19515600 0.08732700 0.01773770
v 0.17999600 0.03188600 0.01773770
v 0.17999600 0.03188600 0.01927030
v 0.19515600 0.08732700 0.01927030
v 0.18019812 0.03262516 0.01850400
v 0.18019812 0.03262516 0.01243600
v 0.17979388 0.03114684 0.01243600
v 0.17979388 0.03114684 0.01850400
v 0.19517722 0.08740460 0.01774194
v 0.18001722 0.03196360 0.01167394
v 0.17997478 0.03180840 0.01319806
v 0.19513478 0.08724940 0.01926606
v 0.17999600 0.03188600 0.01320230
v 0.19515600 0.08732700 0.01320230
v 0.19515600 0.08732700 0.01166970
v 0.17999600 0.03188600 0.01166970
v 0.19535812 0.08806616 0.01850400
v 0.19535812 0.08806616 0.01243600
v 0.19495388 0.08658784 0.01243600
v 0.19495388 0.08658784 0.01850400
v 0.17498043 0.07257900 0.01914069
v 0.18404043 0.07257900 0.01307269
v 0.18318757 0.07257900 0.01179931
v 0.17412757 0.07257900 0.01786731
v 0.18284770 0.07257900 0.01243600
v 0.18284770 0.07257900 0.01850400
v 0.18438030 0.07257900 0.01850400
v 0.18438030 0.07257900 0.01243600
v 0.17455400 0.07257900 0.01927030
v 0.18361400 0.07257900 0.01927030
v 0.18361400 0.07257900 0.01773770
v 0.17455400 0.07257900 0.01773770
v 0.17532030 0.07257900 0.01850400
v 0.17532030 0.07257900 0.01243600
v 0.17378770 0.07257900 0.01243600
v 0.17378770 0.07257900 0.01850400
v 0.18361400 0.07257900 0.01166970
v 0.17455400 0.07257900 0.01166970
v 0.17455400 0.07257900 0.01320230
v 0.18361400 0.07257900 0.01320230
v 0.17455400 0.07257900 0.01773770
v 0.16558700 0.07257900 0.01773770
v 0.16558700 0.07257900 0.01927030
v 0.17455400 0.07257900 0.01927030
v 0.17412454 0.07257900 0.01180136
v 0.16515754 0.07257900 0.01786936
v 0.16601646 0.07257900 0.01913864
v 0.17498346 0.07257900 0.01307064
v 0.16635330 0.07257900 0.01850400
v 0.16635330 0.07257900 0.01243600
v 0.16482070 0.07257900 0.01243600
v 0.16482070 0.07257900 0.01850400
v 0.17455400 0.07257900 0.01166970
v 0.16558700 0.07257900 0.01166970
v 0.16558700 0.07257900 0.01320230
v 0.17455400 0.07257900 0.01320230
v -0.19555100 0.54691000 0.01773770
v -0.18039100 0.60235200 0.01773770
v -0.18039100 0.60235200 0.01927030
v -0.19555100 0.54691000 0.01927030
v -0.18059312 0.60161284 0.01850400
v -0.18059312 0.60161284 0.01243600
v -0.18018888 0.60309116 0.01243600
v -0.18018888 0.60309116 0.01850400
v -0.19557222 0.54683240 0.01774194
v -0.18041222 0.60227440 0.01167394
v -0.18036978 0.60242960 0.01319806
v -0.19552978 0.54698760 0.01926606
v -0.18039100 0.60235200 0.01320230
v -0.19555100 0.54691000 0.01320230
v -0.19555100 0.54691000 0.01166970
v -0.18039100 0.60235200 0.01166970
v -0.19575312 0.54617084 0.01850400
v -0.19575312 0.54617084 0.01243600
v -0.19534888 0.54764916 0.01243600
v -0.19534888 0.54764916 0.01850400
v 0.17781600 0.11440400 0.01773770
v 0.17453900 0.11906500 0.01773770
v 0.17453900 0.11906500 0.01927030
v 0.17781600 0.11440400 0.01927030
v 0.17486029 0.11860801 0.01902854
v 0.17813729 0.11394701 0.01296054
v 0.17749471 0.11486099 0.01191146
v 0.17421771 0.11952199 0.01797946
v 0.17835087 0.11385526 0.01850400
v 0.17835087 0.11385526 0.01243600
v 0.17728113 0.11495274 0.01243600
v 0.17728113 0.11495274 0.01850400
v 0.17497973 0.11843813 0.01850400
v 0.17497973 0.11843813 0.01243600
v 0.17409827 0.11969187 0.01243600
v 0.17409827 0.11969187 0.01850400
v 0.17781600 0.11440400 0.01166970
v 0.17453900 0.11906500 0.01166970
v 0.17453900 0.11906500 0.01320230
v 0.17781600 0.11440400 0.01320230
v 0.17781600 0.11440400 0.01927030
v 0.18354900 0.11015000 0.01927030
v 0.18354900 0.11015000 0.01773770
v 0.17781600 0.11440400 0.01773770
v 0.17741745 0.11469973 0.01301987
v 0.18315045 0.11044573 0.01908787
v 0.18394755 0.10985427 0.01792013
v 0.17821455 0.11410827 0.01185213
v 0.17781600 0.11440400 0.01320230
v 0.18354900 0.11015000 0.01320230
v 0.18354900 0.11015000 0.01166970
v 0.17781600 0.11440400 0.01166970
v 0.18423961 0.10981794 0.01850400
v 0.18423961 0.10981794 0.01243600
v 0.18285839 0.11048206 0.01243600
v 0.18285839 0.11048206 0.01850400
v 0.18354900 0.11015000 0.01927030
v 0.19020700 0.10839300 0.01927030
v 0.19020700 0.10839300 0.01773770
v 0.18354900 0.11015000 0.01773770
v 0.18305914 0.11027927 0.01301092
v 0.18971714 0.10852227 0.01907892
v 0.19069686 0.10826373 0.01792908
v 0.18403886 0.11002073 0.01186108
v 0.18354900 0.11015000 0.01320230
v 0.19020700 0.10839300 0.01320230
v 0.19020700 0.10839300 0.01166970
v 0.18354900 0.11015000 0.01166970
v 0.19097294 0.10836979 0.01850400
v 0.19097294 0.10836979 0.01243600
v 0.18944106 0.10841621 0.01243600
v 0.18944106 0.10841621 0.01850400
v 0.19020700 0.10839300 0.01927030
v 0.19575600 0.10950300 0.01927030
v 0.19575600 0.10950300 0.01773770
v 0.19020700 0.10839300 0.01773770
v 0.18965747 0.10828307 0.01295863
v 0.19520647 0.10939307 0.01902663
v 0.19630553 0.10961293 0.01798137
v 0.19075653 0.10850293 0.01191337
v 0.19020700 0.10839300 0.01320230
v 0.19575600 0.10950300 0.01320230
v 0.19575600 0.10950300 0.01166970
v 0.19020700 0.10839300 0.01166970
v 0.19645022 0.10982744 0.01850400
v 0.19645022 0.10982744 0.01243600
v 0.19506178 0.10917856 0.01243600
v 0.19506178 0.10917856 0.01850400
v 0.19575600 0.10950300 0.01927030
v 0.20093400 0.11366400 0.01927030
v 0.20093400 0.11366400 0.01773770
v 0.19575600 0.10950300 0.01773770
v 0.19535313 0.10917926 0.01300177
v 0.20053113 0.11334026 0.01906977
v 0.20133687 0.11398774 0.01793823
v 0.19615887 0.10982674 0.01187023
v 0.19575600 0.10950300 0.01320230
v 0.20093400 0.11366400 0.01320230
v 0.20093400 0.11366400 0.01166970
v 0.19575600 0.10950300 0.01166970
v 0.20143631 0.11424270 0.01850400
v 0.20143631 0.11424270 0.01243600
v 0.20043169 0.11308530 0.01243600
v 0.20043169 0.11308530 0.01850400
v 0.20093400 0.11366400 0.01927030
v 0.20444800 0.11958200 0.01927030
v 0.20444800 0.11958200 0.01773770
v 0.20093400 0.11366400 0.01773770
v 0.20067527 0.11322826 0.01301080
v 0.20418927 0.11914626 0.01907880
v 0.20470673 0.12001774 0.01792920
v 0.20119273 0.11409974 0.01186120
v 0.20093400 0.11366400 0.01320230
v 0.20444800 0.11958200 0.01320230
v 0.20444800 0.11958200 0.01166970
v 0.20093400 0.11366400 0.01166970
v 0.20470411 0.12030423 0.01850400
v 0.20470411 0.12030423 0.01243600
v 0.20419189 0.11885977 0.01243600
v 0.20419189 0.11885977 0.01850400
v 0.20444800 0.11958200 0.01927030
v 0.20546600 0.12651800 0.01927030
v 0.20546600 0.12651800 0.01773770
v 0.20444800 0.11958200 0.01773770
v 0.20437517 0.11908580 0.01301539
v 0.20539317 0.12602180 0.01908339
v 0.20553883 0.12701420 0.01792461
v 0.20452083 0.12007820 0.01185661
v 0.20444800 0.11958200 0.01320230
v 0.20546600 0.12651800 0.01320230
v 0.20546600 0.12651800 0.01166970
v 0.20444800 0.11958200 0.01166970
v 0.20557728 0.12727617 0.01850400
v 0.20557728 0.12727617 0.01243600
v 0.20535472 0.12575983 0.01243600
v 0.20535472 0.12575983 0.01850400
v -0.17537543 0.56165700 0.01914069
v -0.18443543 0.56165700 0.01307269
v -0.18358257 0.56165700 0.01179931
v -0.17452257 0.56165700 0.01786731
v -0.18324270 0.56165700 0.01243600
v -0.18324270 0.56165700 0.01850400
v -0.18477530 0.56165700 0.01850400
v -0.18477530 0.56165700 0.01243600
v -0.17494900 0.56165700 0.01927030
v -0.18400900 0.56165700 0.01927030
v -0.18400900 0.56165700 0.01773770
v -0.17494900 0.56165700 0.01773770
v -0.17571530 0.56165700 0.01850400
v -0.17571530 0.56165700 0.01243600
v -0.17418270 0.56165700 0.01243600
v -0.17418270 0.56165700 0.01850400
v -0.18400900 0.56165700 0.01166970
v -0.17494900 0.56165700 0.01166970
v -0.17494900 0.56165700 0.01320230
v -0.18400900 0.56165700 0.01320230
v -0.17494900 0.56165700 0.01773770
v -0.16598300 0.56165700 0.01773770
v -0.16598300 0.56165700 0.01927030
v -0.17494900 0.56165700 0.01927030
v -0.17451950 0.56165700 0.01180138
v -0.16555350 0.56165700 0.01786938
v -0.16641250 0.56165700 0.01913862
v -0.17537850 0.56165700 0.01307062
v -0.16674930 0.56165700 0.01850400
v -0.16674930 0.56165700 0.01243600
v -0.16521670 0.56165700 0.01243600
v -0.16521670 0.56165700 0.01850400
v -0.17494900 0.56165700 0.01166970
v -0.16598300 0.56165700 0.01166970
v -0.16598300 0.56165700 0.01320230
v -0.17494900 0.56165700 0.01320230
v -0.17768600 0.51909600 0.01773770
v -0.17441000 0.51443500 0.01773770
v -0.17441000 0.51443500 0.01927030
v -0.17768600 0.51909600 0.01927030
v -0.17473124 0.51489206 0.01902851
v -0.17800724 0.51955306 0.01296051
v -0.17736476 0.51863894 0.01191149
v -0.17408876 0.51397794 0.01797949
v -0.17822086 0.51964476 0.01850400
v -0.17822086 0.51964476 0.01243600
v -0.17715114 0.51854724 0.01243600
v -0.17715114 0.51854724 0.01850400
v -0.17485064 0.51506193 0.01850400
v -0.17485064 0.51506193 0.01243600
v -0.17396936 0.51380807 0.01243600
v -0.17396936 0.51380807 0.01850400
v -0.17768600 0.51909600 0.01166970
v -0.17441000 0.51443500 0.01166970
v -0.17441000 0.51443500 0.01320230
v -0.17768600 0.51909600 0.01320230
v -0.17768600 0.51909600 0.01927030
v -0.18342000 0.52335000 0.01927030
v -0.18342000 0.52335000 0.01773770
v -0.17768600 0.51909600 0.01773770
v -0.17728745 0.51880032 0.01301990
v -0.18302145 0.52305432 0.01908790
v -0.18381855 0.52364568 0.01792010
v -0.17808455 0.51939168 0.01185210
v -0.17768600 0.51909600 0.01320230
v -0.18342000 0.52335000 0.01320230
v -0.18342000 0.52335000 0.01166970
v -0.17768600 0.51909600 0.01166970
v -0.18411062 0.52368204 0.01850400
v -0.18411062 0.52368204 0.01243600
v -0.18272938 0.52301796 0.01243600
v -0.18272938 0.52301796 0.01850400
v -0.18342000 0.52335000 0.01927030
v -0.19007800 0.52510700 0.01927030
v -0.19007800 0.52510700 0.01773770
v -0.18342000 0.52335000 0.01773770
v -0.18293014 0.52322073 0.01301092
v -0.18958814 0.52497773 0.01907892
v -0.19056786 0.52523627 0.01792908
v -0.18390986 0.52347927 0.01186108
v -0.18342000 0.52335000 0.01320230
v -0.19007800 0.52510700 0.01320230
v -0.19007800 0.52510700 0.01166970
v -0.18342000 0.52335000 0.01166970
v -0.19084394 0.52513019 0.01850400
v -0.19084394 0.52513019 0.01243600
v -0.18931206 0.52508381 0.01243600
v -0.18931206 0.52508381 0.01850400
v -0.19007800 0.52510700 0.01927030
v -0.19562600 0.52399700 0.01927030
v -0.19562600 0.52399700 0.01773770
v -0.19007800 0.52510700 0.01773770
v -0.18952843 0.52521695 0.01295858
v -0.19507643 0.52410695 0.01902658
v -0.19617557 0.52388705 0.01798142
v -0.19062757 0.52499705 0.01191342
v -0.19007800 0.52510700 0.01320230
v -0.19562600 0.52399700 0.01320230
v -0.19562600 0.52399700 0.01166970
v -0.19007800 0.52510700 0.01166970
v -0.19632023 0.52367258 0.01850400
v -0.19632023 0.52367258 0.01243600
v -0.19493177 0.52432142 0.01243600
v -0.19493177 0.52432142 0.01850400
v -0.19562600 0.52399700 0.01927030
v -0.20080500 0.51983600 0.01927030
v -0.20080500 0.51983600 0.01773770
v -0.19562600 0.52399700 0.01773770
v -0.19522313 0.52432068 0.01300180
v -0.20040213 0.52015968 0.01906980
v -0.20120787 0.51951232 0.01793820
v -0.19602887 0.52367332 0.01187020
v -0.19562600 0.52399700 0.01320230
v -0.20080500 0.51983600 0.01320230
v -0.20080500 0.51983600 0.01166970
v -0.19562600 0.52399700 0.01166970
v -0.20130734 0.51925732 0.01850400
v -0.20130734 0.51925732 0.01243600
v -0.20030266 0.52041468 0.01243600
v -0.20030266 0.52041468 0.01850400
v -0.20080500 0.51983600 0.01927030
v -0.20431900 0.51391800 0.01927030
v -0.20431900 0.51391800 0.01773770
v -0.20080500 0.51983600 0.01773770
v -0.20054627 0.52027174 0.01301080
v -0.20406027 0.51435374 0.01907880
v -0.20457773 0.51348226 0.01792920
v -0.20106373 0.51940026 0.01186120
v -0.20080500 0.51983600 0.01320230
v -0.20431900 0.51391800 0.01320230
v -0.20431900 0.51391800 0.01166970
v -0.20080500 0.51983600 0.01166970
v -0.20457506 0.51319575 0.01850400
v -0.20457506 0.51319575 0.01243600
v -0.20406294 0.51464025 0.01243600
v -0.20406294 0.51464025 0.01850400
v -0.20431900 0.51391800 0.01927030
v -0.20533600 0.50698200 0.01927030
v -0.20533600 0.50698200 0.01773770
v -0.20431900 0.51391800 0.01773770
v -0.20424624 0.51441421 0.01301539
v -0.20526324 0.50747821 0.01908339
v -0.20540876 0.50648579 0.01792461
v -0.20439176 0.51342179 0.01185661
v -0.20431900 0.51391800 0.01320230
v -0.20533600 0.50698200 0.01320230
v -0.20533600 0.50698200 0.01166970
v -0.20431900 0.51391800 0.01166970
v -0.20544717 0.50622381 0.01850400
v -0.20544717 0.50622381 0.01243600
v -0.20522483 0.50774019 0.01243600
v -0.20522483 0.50774019 0.01850400
v 0.20220300 0.08732700 0.01773770
v 0.19515600 0.08732700 0.01773770
v 0.19515600 0.08732700 0.01927030
v 0.20220300 0.08732700 0.01927030
v 0.19565601 0.08732700 0.01908468
v 0.20270301 0.08732700 0.01301668
v 0.20170299 0.08732700 0.01185532
v 0.19465599 0.08732700 0.01792332
v 0.20296930 0.08732700 0.01850400
v 0.20296930 0.08732700 0.01243600
v 0.20143670 0.08732700 0.01243600
v 0.20143670 0.08732700 0.01850400
v 0.19592230 0.08732700 0.01850400
v 0.19592230 0.08732700 0.01243600
v 0.19438970 0.08732700 0.01243600
v 0.19438970 0.08732700 0.01850400
v 0.20220300 0.08732700 0.01166970
v 0.19515600 0.08732700 0.01166970
v 0.19515600 0.08732700 0.01320230
v 0.20220300 0.08732700 0.01320230
v 0.16792000 0.08732700 0.01773770
v 0.16125100 0.08732700 0.01773770
v 0.16125100 0.08732700 0.01927030
v 0.16792000 0.08732700 0.01927030
v 0.16176671 0.08732700 0.01907079
v 0.16843571 0.08732700 0.01300279
v 0.16740429 0.08732700 0.01186921
v 0.16073529 0.08732700 0.01793721
v 0.16868630 0.08732700 0.01850400
v 0.16868630 0.08732700 0.01243600
v 0.16715370 0.08732700 0.01243600
v 0.16715370 0.08732700 0.01850400
v 0.16201730 0.08732700 0.01850400
v 0.16201730 0.08732700 0.01243600
v 0.16048470 0.08732700 0.01243600
v 0.16048470 0.08732700 0.01850400
v 0.16792000 0.08732700 0.01166970
v 0.16125100 0.08732700 0.01166970
v 0.16125100 0.08732700 0.01320230
v 0.16792000 0.08732700 0.01320230
v 0.14617934 0.08732700 0.01910897
v 0.15398434 0.08732700 0.01304097
v 0.15304366 0.08732700 0.01183103
v 0.14523866 0.08732700 0.01789903
v 0.15274770 0.08732700 0.01243600
v 0.15274770 0.08732700 0.01850400
v 0.15428030 0.08732700 0.01850400
v 0.15428030 0.08732700 0.01243600
v 0.14570900 0.08732700 0.01927030
v 0.15351400 0.08732700 0.01927030
v 0.15351400 0.08732700 0.01773770
v 0.14570900 0.08732700 0.01773770
v 0.14647530 0.08732700 0.01850400
v 0.14647530 0.08732700 0.01243600
v 0.14494270 0.08732700 0.01243600
v 0.14494270 0.08732700 0.01850400
v 0.15351400 0.08732700 0.01166970
v 0.14570900 0.08732700 0.01166970
v 0.14570900 0.08732700 0.01320230
v 0.15351400 0.08732700 0.01320230
v 0.18047683 0.08732700 0.01909742
v 0.18790383 0.08732700 0.01302942
v 0.18693417 0.08732700 0.01184258
v 0.17950717 0.08732700 0.01791058
v 0.18665270 0.08732700 0.01243600
v 0.18665270 0.08732700 0.01850400
v 0.18818530 0.08732700 0.01850400
v 0.18818530 0.08732700 0.01243600
v 0.17999200 0.08732700 0.01927030
v 0.18741900 0.08732700 0.01927030
v 0.18741900 0.08732700 0.01773770
v 0.17999200 0.08732700 0.01773770
v 0.18075830 0.08732700 0.01850400
v 0.18075830 0.08732700 0.01243600
v 0.17922570 0.08732700 0.01243600
v 0.17922570 0.08732700 0.01850400
v 0.18741900 0.08732700 0.01166970
v 0.17999200 0.08732700 0.01166970
v 0.17999200 0.08732700 0.01320230
v 0.18741900 0.08732700 0.01320230
v -0.20259800 0.54691000 0.01773770
v -0.19555100 0.54691000 0.01773770
v -0.19555100 0.54691000 0.01927030
v -0.20259800 0.54691000 0.01927030
v -0.19605101 0.54691000 0.01908468
v -0.20309801 0.54691000 0.01301668
v -0.20209799 0.54691000 0.01185532
v -0.19505099 0.54691000 0.01792332
v -0.20336430 0.54691000 0.01850400
v -0.20336430 0.54691000 0.01243600
v -0.20183170 0.54691000 0.01243600
v -0.20183170 0.54691000 0.01850400
v -0.19631730 0.54691000 0.01850400
v -0.19631730 0.54691000 0.01243600
v -0.19478470 0.54691000 0.01243600
v -0.19478470 0.54691000 0.01850400
v -0.20259800 0.54691000 0.01166970
v -0.19555100 0.54691000 0.01166970
v -0.19555100 0.54691000 0.01320230
v -0.20259800 0.54691000 0.01320230
v -0.16831500 0.54691000 0.01773770
v -0.16164600 0.54691000 0.01773770
v -0.16164600 0.54691000 0.01927030
v -0.16831500 0.54691000 0.01927030
v -0.16216171 0.54691000 0.01907079
v -0.16883071 0.54691000 0.01300279
v -0.16779929 0.54691000 0.01186921
v -0.16113029 0.54691000 0.01793721
v -0.16908130 0.54691000 0.01850400
v -0.16908130 0.54691000 0.01243600
v -0.16754870 0.54691000 0.01243600
v -0.16754870 0.54691000 0.01850400
v -0.16241230 0.54691000 0.01850400
v -0.16241230 0.54691000 0.01243600
v -0.16087970 0.54691000 0.01243600
v -0.16087970 0.54691000 0.01850400
v -0.16831500 0.54691000 0.01166970
v -0.16164600 0.54691000 0.01166970
v -0.16164600 0.54691000 0.01320230
v -0.16831500 0.54691000 0.01320230
v -0.14657434 0.54691000 0.01910897
v -0.15437934 0.54691000 0.01304097
v -0.15343866 0.54691000 0.01183103
v -0.14563366 0.54691000 0.01789903
v -0.15314270 0.54691000 0.01243600
v -0.15314270 0.54691000 0.01850400
v -0.15467530 0.54691000 0.01850400
v -0.15467530 0.54691000 0.01243600
v -0.14610400 0.54691000 0.01927030
v -0.15390900 0.54691000 0.01927030
v -0.15390900 0.54691000 0.01773770
v -0.14610400 0.54691000 0.01773770
v -0.14687030 0.54691000 0.01850400
v -0.14687030 0.54691000 0.01243600
v -0.14533770 0.54691000 0.01243600
v -0.14533770 0.54691000 0.01850400
v -0.15390900 0.54691000 0.01166970
v -0.14610400 0.54691000 0.01166970
v -0.14610400 0.54691000 0.01320230
v -0.15390900 0.54691000 0.01320230
v -0.18087183 0.54691000 0.01909742
v -0.18829883 0.54691000 0.01302942
v -0.18732917 0.54691000 0.01184258
v -0.17990217 0.54691000 0.01791058
v -0.18704770 0.54691000 0.01243600
v -0.18704770 0.54691000 0.01850400
v -0.18858030 0.54691000 0.01850400
v -0.18858030 0.54691000 0.01243600
v -0.18038700 0.54691000 0.01927030
v -0.18781400 0.54691000 0.01927030
v -0.18781400 0.54691000 0.01773770
v -0.18038700 0.54691000 0.01773770
v -0.18115330 0.54691000 0.01850400
v -0.18115330 0.54691000 0.01243600
v -0.17962070 0.54691000 0.01243600
v -0.17962070 0.54691000 0.01850400
v -0.18781400 0.54691000 0.01166970
v -0.18038700 0.54691000 0.01166970
v -0.18038700 0.54691000 0.01320230
v -0.18781400 0.54691000 0.01320230
v -0.20259800 0.54272400 0.01773770
v -0.20259800 0.54691000 0.01773770
v -0.20259800 0.54691000 0.01927030
v -0.20259800 0.54272400 0.01927030
v -0.20259800 0.54627923 0.01893913
v -0.20259800 0.54209323 0.01287113
v -0.20259800 0.54335477 0.01200087
v -0.20259800 0.54754077 0.01806887
v -0.20259800 0.54195770 0.01850400
v -0.20259800 0.54195770 0.01243600
v -0.20259800 0.54349030 0.01243600
v -0.20259800 0.54349030 0.01850400
v -0.20259800 0.54614370 0.01850400
v -0.20259800 0.54614370 0.01243600
v -0.20259800 0.54767630 0.01243600
v -0.20259800 0.54767630 0.01850400
v -0.20259800 0.54272400 0.01166970
v -0.20259800 0.54691000 0.01166970
v -0.20259800 0.54691000 0.01320230
v -0.20259800 0.54272400 0.01320230
v 0.20220300 0.09151300 0.01773770
v 0.20220300 0.08732700 0.01773770
v 0.20220300 0.08732700 0.01927030
v 0.20220300 0.09151300 0.01927030
v 0.20220300 0.08795777 0.01893913
v 0.20220300 0.09214377 0.01287113
v 0.20220300 0.09088223 0.01200087
v 0.20220300 0.08669623 0.01806887
v 0.20220300 0.09227930 0.01850400
v 0.20220300 0.09227930 0.01243600
v 0.20220300 0.09074670 0.01243600
v 0.20220300 0.09074670 0.01850400
v 0.20220300 0.08809330 0.01850400
v 0.20220300 0.08809330 0.01243600
v 0.20220300 0.08656070 0.01243600
v 0.20220300 0.08656070 0.01850400
v 0.20220300 0.09151300 0.01166970
v 0.20220300 0.08732700 0.01166970
v 0.20220300 0.08732700 0.01320230
v 0.20220300 0.09151300 0.01320230
v -0.16831500 0.54272400 0.01773770
v -0.16831500 0.54691000 0.01773770
v -0.16831500 0.54691000 0.01927030
v -0.16831500 0.54272400 0.01927030
v -0.16831500 0.54627923 0.01893913
v -0.16831500 0.54209323 0.01287113
v -0.16831500 0.54335477 0.01200087
v -0.16831500 0.54754077 0.01806887
v -0.16831500 0.54195770 0.01850400
v -0.16831500 0.54195770 0.01243600
v -0.16831500 0.54349030 0.01243600
v -0.16831500 0.54349030 0.01850400
v -0.16831500 0.54614370 0.01850400
v -0.16831500 0.54614370 0.01243600
v -0.16831500 0.54767630 0.01243600
v -0.16831500 0.54767630 0.01850400
v -0.16831500 0.54272400 0.01166970
v -0.16831500 0.54691000 0.01166970
v -0.16831500 0.54691000 0.01320230
v -0.16831500 0.54272400 0.01320230
v 0.16792000 0.09151300 0.01773770
v 0.16792000 0.08732700 0.01773770
v 0.16792000 0.08732700 0.01927030
v 0.16792000 0.09151300 0.01927030
v 0.16792000 0.08795777 0.01893913
v 0.16792000 0.09214377 0.01287113
v 0.16792000 0.09088223 0.01200087
v 0.16792000 0.08669623 0.01806887
v 0.16792000 0.09227930 0.01850400
v 0.16792000 0.09227930 0.01243600
v 0.16792000 0.09074670 0.01243600
v 0.16792000 0.09074670 0.01850400
v 0.16792000 0.08809330 0.01850400
v 0.16792000 0.08809330 0.01243600
v 0.16792000 0.08656070 0.01243600
v 0.16792000 0.08656070 0.01850400
v 0.16792000 0.09151300 0.01166970
v 0.16792000 0.08732700 0.01166970
v 0.16792000 0.08732700 0.01320230
v 0.16792000 0.09151300 0.01320230
v 0.17179786 0.11495276 0.01850400
v 0.17179786 0.11495276 0.01243600
v 0.17072814 0.11385524 0.01243600
v 0.17072814 0.11385524 0.01850400
v 0.17094176 0.11394694 0.01296051
v 0.17421776 0.11860794 0.01902851
v 0.17486024 0.11952206 0.01797949
v 0.17158424 0.11486106 0.01191149
v 0.17126300 0.11440400 0.01927030
v 0.17453900 0.11906500 0.01927030
v 0.17453900 0.11906500 0.01773770
v 0.17126300 0.11440400 0.01773770
v 0.17126300 0.11440400 0.01320230
v 0.17453900 0.11906500 0.01320230
v 0.17453900 0.11906500 0.01166970
v 0.17126300 0.11440400 0.01166970
v 0.17497964 0.11969193 0.01850400
v 0.17497964 0.11969193 0.01243600
v 0.17409836 0.11843807 0.01243600
v 0.17409836 0.11843807 0.01850400
v 0.17086445 0.11410832 0.01185210
v 0.16513045 0.10985432 0.01792010
v 0.16592755 0.11044568 0.01908790
v 0.17166155 0.11469968 0.01301990
v 0.17126300 0.11440400 0.01773770
v 0.16552900 0.11015000 0.01773770
v 0.16552900 0.11015000 0.01927030
v 0.17126300 0.11440400 0.01927030
v 0.16621962 0.11048204 0.01850400
v 0.16621962 0.11048204 0.01243600
v 0.16483838 0.10981796 0.01243600
v 0.16483838 0.10981796 0.01850400
v 0.17126300 0.11440400 0.01166970
v 0.16552900 0.11015000 0.01166970
v 0.16552900 0.11015000 0.01320230
v 0.17126300 0.11440400 0.01320230
v 0.16503914 0.11002073 0.01186108
v 0.15838114 0.10826373 0.01792908
v 0.15936086 0.10852227 0.01907892
v 0.16601886 0.11027927 0.01301092
v 0.16552900 0.11015000 0.01773770
v 0.15887100 0.10839300 0.01773770
v 0.15887100 0.10839300 0.01927030
v 0.16552900 0.11015000 0.01927030
v 0.15963694 0.10841619 0.01850400
v 0.15963694 0.10841619 0.01243600
v 0.15810506 0.10836981 0.01243600
v 0.15810506 0.10836981 0.01850400
v 0.16552900 0.11015000 0.01166970
v 0.15887100 0.10839300 0.01166970
v 0.15887100 0.10839300 0.01320230
v 0.16552900 0.11015000 0.01320230
v 0.15832143 0.10850295 0.01191342
v 0.15277343 0.10961295 0.01798142
v 0.15387257 0.10939305 0.01902658
v 0.15942057 0.10828305 0.01295858
v 0.15887100 0.10839300 0.01773770
v 0.15332300 0.10950300 0.01773770
v 0.15332300 0.10950300 0.01927030
v 0.15887100 0.10839300 0.01927030
v 0.15401723 0.10917858 0.01850400
v 0.15401723 0.10917858 0.01243600
v 0.15262877 0.10982742 0.01243600
v 0.15262877 0.10982742 0.01850400
v 0.15887100 0.10839300 0.01166970
v 0.15332300 0.10950300 0.01166970
v 0.15332300 0.10950300 0.01320230
v 0.15887100 0.10839300 0.01320230
v 0.15292013 0.10982668 0.01187020
v 0.14774113 0.11398768 0.01793820
v 0.14854687 0.11334032 0.01906980
v 0.15372587 0.10917932 0.01300180
v 0.15332300 0.10950300 0.01773770
v 0.14814400 0.11366400 0.01773770
v 0.14814400 0.11366400 0.01927030
v 0.15332300 0.10950300 0.01927030
v 0.14864634 0.11308532 0.01850400
v 0.14864634 0.11308532 0.01243600
v 0.14764166 0.11424268 0.01243600
v 0.14764166 0.11424268 0.01850400
v 0.15332300 0.10950300 0.01166970
v 0.14814400 0.11366400 0.01166970
v 0.14814400 0.11366400 0.01320230
v 0.15332300 0.10950300 0.01320230
v 0.14788527 0.11409974 0.01186120
v 0.14437127 0.12001774 0.01792920
v 0.14488873 0.11914626 0.01907880
v 0.14840273 0.11322826 0.01301080
v 0.14814400 0.11366400 0.01773770
v 0.14463000 0.11958200 0.01773770
v 0.14463000 0.11958200 0.01927030
v 0.14814400 0.11366400 0.01927030
v 0.14488606 0.11885975 0.01850400
v 0.14488606 0.11885975 0.01243600
v 0.14437394 0.12030425 0.01243600
v 0.14437394 0.12030425 0.01850400
v 0.14814400 0.11366400 0.01166970
v 0.14463000 0.11958200 0.01166970
v 0.14463000 0.11958200 0.01320230
v 0.14814400 0.11366400 0.01320230
v 0.14455724 0.12007821 0.01185661
v 0.14354024 0.12701421 0.01792461
v 0.14368576 0.12602179 0.01908339
v 0.14470276 0.11908579 0.01301539
v 0.14463000 0.11958200 0.01773770
v 0.14361300 0.12651800 0.01773770
v 0.14361300 0.12651800 0.01927030
v 0.14463000 0.11958200 0.01927030
v 0.14372417 0.12575981 0.01850400
v 0.14372417 0.12575981 0.01243600
v 0.14350183 0.12727619 0.01243600
v 0.14350183 0.12727619 0.01850400
v 0.14463000 0.11958200 0.01166970
v 0.14361300 0.12651800 0.01166970
v 0.14361300 0.12651800 0.01320230
v 0.14463000 0.11958200 0.01320230
v -0.17166787 0.51854726 0.01850400
v -0.17166787 0.51854726 0.01243600
v -0.17059813 0.51964474 0.01243600
v -0.17059813 0.51964474 0.01850400
v -0.17081171 0.51955299 0.01296054
v -0.17408871 0.51489199 0.01902854
v -0.17473129 0.51397801 0.01797946
v -0.17145429 0.51863901 0.01191146
v -0.17113300 0.51909600 0.01927030
v -0.17441000 0.51443500 0.01927030
v -0.17441000 0.51443500 0.01773770
v -0.17113300 0.51909600 0.01773770
v -0.17113300 0.51909600 0.01320230
v -0.17441000 0.51443500 0.01320230
v -0.17441000 0.51443500 0.01166970
v -0.17113300 0.51909600 0.01166970
v -0.17485073 0.51380813 0.01850400
v -0.17485073 0.51380813 0.01243600
v -0.17396927 0.51506187 0.01243600
v -0.17396927 0.51506187 0.01850400
v -0.17073445 0.51939173 0.01185213
v -0.16500145 0.52364573 0.01792013
v -0.16579855 0.52305427 0.01908787
v -0.17153155 0.51880027 0.01301987
v -0.17113300 0.51909600 0.01773770
v -0.16540000 0.52335000 0.01773770
v -0.16540000 0.52335000 0.01927030
v -0.17113300 0.51909600 0.01927030
v -0.16609061 0.52301794 0.01850400
v -0.16609061 0.52301794 0.01243600
v -0.16470939 0.52368206 0.01243600
v -0.16470939 0.52368206 0.01850400
v -0.17113300 0.51909600 0.01166970
v -0.16540000 0.52335000 0.01166970
v -0.16540000 0.52335000 0.01320230
v -0.17113300 0.51909600 0.01320230
v -0.16491014 0.52347927 0.01186108
v -0.15825214 0.52523627 0.01792908
v -0.15923186 0.52497773 0.01907892
v -0.16588986 0.52322073 0.01301092
v -0.16540000 0.52335000 0.01773770
v -0.15874200 0.52510700 0.01773770
v -0.15874200 0.52510700 0.01927030
v -0.16540000 0.52335000 0.01927030
v -0.15950794 0.52508379 0.01850400
v -0.15950794 0.52508379 0.01243600
v -0.15797606 0.52513021 0.01243600
v -0.15797606 0.52513021 0.01850400
v -0.16540000 0.52335000 0.01166970
v -0.15874200 0.52510700 0.01166970
v -0.15874200 0.52510700 0.01320230
v -0.16540000 0.52335000 0.01320230
v -0.15819247 0.52499707 0.01191337
v -0.15264347 0.52388707 0.01798137
v -0.15374253 0.52410693 0.01902663
v -0.15929153 0.52521693 0.01295863
v -0.15874200 0.52510700 0.01773770
v -0.15319300 0.52399700 0.01773770
v -0.15319300 0.52399700 0.01927030
v -0.15874200 0.52510700 0.01927030
v -0.15388722 0.52432144 0.01850400
v -0.15388722 0.52432144 0.01243600
v -0.15249878 0.52367256 0.01243600
v -0.15249878 0.52367256 0.01850400
v -0.15874200 0.52510700 0.01166970
v -0.15319300 0.52399700 0.01166970
v -0.15319300 0.52399700 0.01320230
v -0.15874200 0.52510700 0.01320230
v -0.15279013 0.52367326 0.01187023
v -0.14761213 0.51951226 0.01793823
v -0.14841787 0.52015974 0.01906977
v -0.15359587 0.52432074 0.01300177
v -0.15319300 0.52399700 0.01773770
v -0.14801500 0.51983600 0.01773770
v -0.14801500 0.51983600 0.01927030
v -0.15319300 0.52399700 0.01927030
v -0.14851731 0.52041470 0.01850400
v -0.14851731 0.52041470 0.01243600
v -0.14751269 0.51925730 0.01243600
v -0.14751269 0.51925730 0.01850400
v -0.15319300 0.52399700 0.01166970
v -0.14801500 0.51983600 0.01166970
v -0.14801500 0.51983600 0.01320230
v -0.15319300 0.52399700 0.01320230
v -0.14775627 0.51940026 0.01186120
v -0.14424227 0.51348226 0.01792920
v -0.14475973 0.51435374 0.01907880
v -0.14827373 0.52027174 0.01301080
v -0.14801500 0.51983600 0.01773770
v -0.14450100 0.51391800 0.01773770
v -0.14450100 0.51391800 0.01927030
v -0.14801500 0.51983600 0.01927030
v -0.14475706 0.51464025 0.01850400
v -0.14475706 0.51464025 0.01243600
v -0.14424494 0.51319575 0.01243600
v -0.14424494 0.51319575 0.01850400
v -0.14801500 0.51983600 0.01166970
v -0.14450100 0.51391800 0.01166970
v -0.14450100 0.51391800 0.01320230
v -0.14801500 0.51983600 0.01320230
v -0.14442824 0.51342179 0.01185661
v -0.14341124 0.50648579 0.01792461
v -0.14355676 0.50747821 0.01908339
v -0.14457376 0.51441421 0.01301539
v -0.14450100 0.51391800 0.01773770
v -0.14348400 0.50698200 0.01773770
v -0.14348400 0.50698200 0.01927030
v -0.14450100 0.51391800 0.01927030
v -0.14359517 0.50774019 0.01850400
v -0.14359517 0.50774019 0.01243600
v -0.14337283 0.50622381 0.01243600
v -0.14337283 0.50622381 0.01850400
v -0.14450100 0.51391800 0.01166970
v -0.14348400 0.50698200 0.01166970
v -0.14348400 0.50698200 0.01320230
v -0.14450100 0.51391800 0.01320230
v -0.16164600 0.54691000 0.01773770
v -0.16446500 0.55649600 0.01773770
v -0.16446500 0.55649600 0.01927030
v -0.16164600 0.54691000 0.01927030
v -0.16435278 0.55611440 0.01915898
v -0.16153378 0.54652840 0.01309098
v -0.16175822 0.54729160 0.01178102
v -0.16457722 0.55687760 0.01784902
v -0.16142981 0.54617483 0.01850400
v -0.16142981 0.54617483 0.01243600
v -0.16186219 0.54764517 0.01243600
v -0.16186219 0.54764517 0.01850400
v -0.16424881 0.55576083 0.01850400
v -0.16424881 0.55576083 0.01243600
v -0.16468119 0.55723117 0.01243600
v -0.16468119 0.55723117 0.01850400
v -0.16164600 0.54691000 0.01166970
v -0.16446500 0.55649600 0.01166970
v -0.16446500 0.55649600 0.01320230
v -0.16164600 0.54691000 0.01320230
v -0.17403500 0.58904500 0.01320230
v -0.16598300 0.56165700 0.01320230
v -0.16598300 0.56165700 0.01166970
v -0.17403500 0.58904500 0.01166970
v -0.16602794 0.56180986 0.01168645
v -0.17407994 0.58919786 0.01775445
v -0.17399006 0.58889214 0.01925355
v -0.16593806 0.56150414 0.01318555
v -0.17425114 0.58978018 0.01243600
v -0.17425114 0.58978018 0.01850400
v -0.17381886 0.58830982 0.01850400
v -0.17381886 0.58830982 0.01243600
v -0.17403500 0.58904500 0.01927030
v -0.16598300 0.56165700 0.01927030
v -0.16598300 0.56165700 0.01773770
v -0.17403500 0.58904500 0.01773770
v -0.16619914 0.56239218 0.01243600
v -0.16619914 0.56239218 0.01850400
v -0.16576686 0.56092182 0.01850400
v -0.16576686 0.56092182 0.01243600
v 0.16125100 0.08732700 0.01773770
v 0.16407000 0.07774100 0.01773770
v 0.16407000 0.07774100 0.01927030
v 0.16125100 0.08732700 0.01927030
v 0.16395778 0.07812260 0.01915898
v 0.16113878 0.08770860 0.01309098
v 0.16136322 0.08694540 0.01178102
v 0.16418222 0.07735940 0.01784902
v 0.16103481 0.08806217 0.01850400
v 0.16103481 0.08806217 0.01243600
v 0.16146719 0.08659183 0.01243600
v 0.16146719 0.08659183 0.01850400
v 0.16385381 0.07847617 0.01850400
v 0.16385381 0.07847617 0.01243600
v 0.16428619 0.07700583 0.01243600
v 0.16428619 0.07700583 0.01850400
v 0.16125100 0.08732700 0.01166970
v 0.16407000 0.07774100 0.01166970
v 0.16407000 0.07774100 0.01320230
v 0.16125100 0.08732700 0.01320230
v 0.17364000 0.04519100 0.01320230
v 0.16558700 0.07257900 0.01320230
v 0.16558700 0.07257900 0.01166970
v 0.17364000 0.04519100 0.01166970
v 0.16563194 0.07242615 0.01168645
v 0.17368494 0.04503815 0.01775445
v 0.17359506 0.04534385 0.01925355
v 0.16554206 0.07273185 0.01318555
v 0.17385617 0.04445583 0.01243600
v 0.17385617 0.04445583 0.01850400
v 0.17342383 0.04592617 0.01850400
v 0.17342383 0.04592617 0.01243600
v 0.17364000 0.04519100 0.01927030
v 0.16558700 0.07257900 0.01927030
v 0.16558700 0.07257900 0.01773770
v 0.17364000 0.04519100 0.01773770
v 0.16580317 0.07184383 0.01243600
v 0.16580317 0.07184383 0.01850400
v 0.16537083 0.07331417 0.01850400
v 0.16537083 0.07331417 0.01243600
v 0.01181329 0.37583252 0.01315823
v 0.00197229 0.36183352 0.01922623
v 0.00167771 0.36141448 0.01778177
v 0.01151871 0.37541348 0.01171377
v 0.00182500 0.36162400 0.01773770
v 0.01166600 0.37562300 0.01773770
v 0.01166600 0.37562300 0.01927030
v 0.00182500 0.36162400 0.01927030
v 0.01220087 0.37617174 0.01243600
v 0.01220087 0.37617174 0.01850400
v 0.01113113 0.37507426 0.01850400
v 0.01113113 0.37507426 0.01243600
v 0.01166600 0.37562300 0.01320230
v 0.00182500 0.36162400 0.01320230
v 0.00182500 0.36162400 0.01166970
v 0.01166600 0.37562300 0.01166970
v 0.00138431 0.36099711 0.01850400
v 0.00138431 0.36099711 0.01243600
v 0.00226569 0.36225089 0.01243600
v 0.00226569 0.36225089 0.01850400
v 0.01183358 0.37574733 0.01169866
v 0.02905358 0.38852333 0.01776666
v 0.02871842 0.38827467 0.01924134
v 0.01149842 0.37549867 0.01317334
v 0.01166600 0.37562300 0.01773770
v 0.02888600 0.38839900 0.01773770
v 0.02888600 0.38839900 0.01927030
v 0.01166600 0.37562300 0.01927030
v 0.02819538 0.38806696 0.01850400
v 0.02819538 0.38806696 0.01243600
v 0.02957662 0.38873104 0.01243600
v 0.02957662 0.38873104 0.01850400
v 0.01166600 0.37562300 0.01166970
v 0.02888600 0.38839900 0.01166970
v 0.02888600 0.38839900 0.01320230
v 0.01166600 0.37562300 0.01320230
v 0.02909460 0.38845405 0.01170070
v 0.04909160 0.39373105 0.01776870
v 0.04867440 0.39362095 0.01923930
v 0.02867740 0.38834395 0.01317130
v 0.02888600 0.38839900 0.01773770
v 0.04888300 0.39367600 0.01773770
v 0.04888300 0.39367600 0.01927030
v 0.02888600 0.38839900 0.01927030
v 0.04811706 0.39365278 0.01850400
v 0.04811706 0.39365278 0.01243600
v 0.04964894 0.39369922 0.01243600
v 0.04964894 0.39369922 0.01850400
v 0.02888600 0.38839900 0.01166970
v 0.04888300 0.39367600 0.01166970
v 0.04888300 0.39367600 0.01320230
v 0.02888600 0.38839900 0.01320230
v 0.04913568 0.39362546 0.01171433
v 0.06579968 0.39029246 0.01778233
v 0.06529432 0.39039354 0.01922567
v 0.04863032 0.39372654 0.01315767
v 0.04888300 0.39367600 0.01773770
v 0.06554700 0.39034300 0.01773770
v 0.06554700 0.39034300 0.01927030
v 0.04888300 0.39367600 0.01927030
v 0.06485276 0.39066742 0.01850400
v 0.06485276 0.39066742 0.01243600
v 0.06624124 0.39001858 0.01243600
v 0.06624124 0.39001858 0.01850400
v 0.04888300 0.39367600 0.01166970
v 0.06554700 0.39034300 0.01166970
v 0.06554700 0.39034300 0.01320230
v 0.04888300 0.39367600 0.01320230
v 0.06572080 0.39020335 0.01170286
v 0.08127480 0.37770535 0.01777086
v 0.08092720 0.37798465 0.01923714
v 0.06537320 0.39048265 0.01316914
v 0.06554700 0.39034300 0.01773770
v 0.08110100 0.37784500 0.01773770
v 0.08110100 0.37784500 0.01927030
v 0.06554700 0.39034300 0.01927030
v 0.08059869 0.37842370 0.01850400
v 0.08059869 0.37842370 0.01243600
v 0.08160331 0.37726630 0.01243600
v 0.08160331 0.37726630 0.01850400
v 0.06554700 0.39034300 0.01166970
v 0.08110100 0.37784500 0.01166970
v 0.08110100 0.37784500 0.01320230
v 0.06554700 0.39034300 0.01320230
v 0.08121118 0.37765942 0.01170072
v 0.09176518 0.35988342 0.01776872
v 0.09154482 0.36025458 0.01923928
v 0.08099082 0.37803058 0.01317128
v 0.08110100 0.37784500 0.01773770
v 0.09165500 0.36006900 0.01773770
v 0.09165500 0.36006900 0.01927030
v 0.08110100 0.37784500 0.01927030
v 0.09139894 0.36079125 0.01850400
v 0.09139894 0.36079125 0.01243600
v 0.09191106 0.35934675 0.01243600
v 0.09191106 0.35934675 0.01850400
v 0.08110100 0.37784500 0.01166970
v 0.09165500 0.36006900 0.01166970
v 0.09165500 0.36006900 0.01320230
v 0.08110100 0.37784500 0.01320230
v 0.09168580 0.35985902 0.01169968
v 0.09474080 0.33902902 0.01776768
v 0.09467920 0.33944898 0.01924032
v 0.09162420 0.36027898 0.01317232
v 0.09165500 0.36006900 0.01773770
v 0.09471000 0.33923900 0.01773770
v 0.09471000 0.33923900 0.01927030
v 0.09165500 0.36006900 0.01927030
v 0.09459880 0.33999718 0.01850400
v 0.09459880 0.33999718 0.01243600
v 0.09482120 0.33848082 0.01243600
v 0.09482120 0.33848082 0.01850400
v 0.09165500 0.36006900 0.01166970
v 0.09471000 0.33923900 0.01166970
v 0.09471000 0.33923900 0.01320230
v 0.09165500 0.36006900 0.01320230
v 0.00182500 0.36162400 0.01320230
v -0.00801700 0.37562300 0.01320230
v -0.00801700 0.37562300 0.01166970
v 0.00182500 0.36162400 0.01166970
v -0.00786971 0.37541350 0.01171377
v 0.00197229 0.36141450 0.01778177
v 0.00167771 0.36183350 0.01922623
v -0.00816429 0.37583250 0.01315823
v 0.00226572 0.36099713 0.01243600
v 0.00226572 0.36099713 0.01850400
v 0.00138428 0.36225087 0.01850400
v 0.00138428 0.36225087 0.01243600
v 0.00182500 0.36162400 0.01927030
v -0.00801700 0.37562300 0.01927030
v -0.00801700 0.37562300 0.01773770
v 0.00182500 0.36162400 0.01773770
v -0.00748212 0.37507426 0.01243600
v -0.00748212 0.37507426 0.01850400
v -0.00855188 0.37617174 0.01850400
v -0.00855188 0.37617174 0.01243600
v -0.00801700 0.37562300 0.01927030
v -0.02523600 0.38839900 0.01927030
v -0.02523600 0.38839900 0.01773770
v -0.00801700 0.37562300 0.01773770
v -0.00784942 0.37549866 0.01317334
v -0.02506842 0.38827466 0.01924134
v -0.02540358 0.38852334 0.01776666
v -0.00818458 0.37574734 0.01169866
v -0.00801700 0.37562300 0.01320230
v -0.02523600 0.38839900 0.01320230
v -0.02523600 0.38839900 0.01166970
v -0.00801700 0.37562300 0.01166970
v -0.02592662 0.38873105 0.01850400
v -0.02592662 0.38873105 0.01243600
v -0.02454538 0.38806695 0.01243600
v -0.02454538 0.38806695 0.01850400
v -0.02523600 0.38839900 0.01927030
v -0.04523400 0.39367600 0.01927030
v -0.04523400 0.39367600 0.01773770
v -0.02523600 0.38839900 0.01773770
v -0.02502741 0.38834396 0.01317130
v -0.04502541 0.39362096 0.01923930
v -0.04544259 0.39373104 0.01776870
v -0.02544459 0.38845404 0.01170070
v -0.02523600 0.38839900 0.01320230
v -0.04523400 0.39367600 0.01320230
v -0.04523400 0.39367600 0.01166970
v -0.02523600 0.38839900 0.01166970
v -0.04599994 0.39369921 0.01850400
v -0.04599994 0.39369921 0.01243600
v -0.04446806 0.39365279 0.01243600
v -0.04446806 0.39365279 0.01850400
v -0.04523400 0.39367600 0.01927030
v -0.06189800 0.39034300 0.01927030
v -0.06189800 0.39034300 0.01773770
v -0.04523400 0.39367600 0.01773770
v -0.04498132 0.39372654 0.01315767
v -0.06164532 0.39039354 0.01922567
v -0.06215068 0.39029246 0.01778233
v -0.04548668 0.39362546 0.01171433
v -0.04523400 0.39367600 0.01320230
v -0.06189800 0.39034300 0.01320230
v -0.06189800 0.39034300 0.01166970
v -0.04523400 0.39367600 0.01166970
v -0.06259224 0.39001858 0.01850400
v -0.06259224 0.39001858 0.01243600
v -0.06120376 0.39066742 0.01243600
v -0.06120376 0.39066742 0.01850400
v -0.06189800 0.39034300 0.01927030
v -0.07745200 0.37784500 0.01927030
v -0.07745200 0.37784500 0.01773770
v -0.06189800 0.39034300 0.01773770
v -0.06172420 0.39048265 0.01316914
v -0.07727820 0.37798465 0.01923714
v -0.07762580 0.37770535 0.01777086
v -0.06207180 0.39020335 0.01170286
v -0.06189800 0.39034300 0.01320230
v -0.07745200 0.37784500 0.01320230
v -0.07745200 0.37784500 0.01166970
v -0.06189800 0.39034300 0.01166970
v -0.07795431 0.37726630 0.01850400
v -0.07795431 0.37726630 0.01243600
v -0.07694969 0.37842370 0.01243600
v -0.07694969 0.37842370 0.01850400
v -0.07745200 0.37784500 0.01927030
v -0.08800600 0.36006900 0.01927030
v -0.08800600 0.36006900 0.01773770
v -0.07745200 0.37784500 0.01773770
v -0.07734182 0.37803058 0.01317128
v -0.08789582 0.36025458 0.01923928
v -0.08811618 0.35988342 0.01776872
v -0.07756218 0.37765942 0.01170072
v -0.07745200 0.37784500 0.01320230
v -0.08800600 0.36006900 0.01320230
v -0.08800600 0.36006900 0.01166970
v -0.07745200 0.37784500 0.01166970
v -0.08826206 0.35934675 0.01850400
v -0.08826206 0.35934675 0.01243600
v -0.08774994 0.36079125 0.01243600
v -0.08774994 0.36079125 0.01850400
v -0.08800600 0.36006900 0.01927030
v -0.09106100 0.33923900 0.01927030
v -0.09106100 0.33923900 0.01773770
v -0.08800600 0.36006900 0.01773770
v -0.08797520 0.36027898 0.01317232
v -0.09103020 0.33944898 0.01924032
v -0.09109180 0.33902902 0.01776768
v -0.08803680 0.35985902 0.01169968
v -0.08800600 0.36006900 0.01320230
v -0.09106100 0.33923900 0.01320230
v -0.09106100 0.33923900 0.01166970
v -0.08800600 0.36006900 0.01166970
v -0.09117220 0.33848082 0.01850400
v -0.09117220 0.33848082 0.01243600
v -0.09094980 0.33999718 0.01243600
v -0.09094980 0.33999718 0.01850400
v 0.08006961 0.31437720 0.01925406
v 0.09478961 0.33937420 0.01318606
v 0.09463039 0.33910380 0.01168594
v 0.07991039 0.31410680 0.01775394
v 0.09432116 0.33857869 0.01243600
v 0.09432116 0.33857869 0.01850400
v 0.09509884 0.33989931 0.01850400
v 0.09509884 0.33989931 0.01243600
v 0.07999000 0.31424200 0.01927030
v 0.09471000 0.33923900 0.01927030
v 0.09471000 0.33923900 0.01773770
v 0.07999000 0.31424200 0.01773770
v 0.08050181 0.31481231 0.01850400
v 0.08050181 0.31481231 0.01243600
v 0.07947819 0.31367169 0.01243600
v 0.07947819 0.31367169 0.01850400
v 0.09471000 0.33923900 0.01166970
v 0.07999000 0.31424200 0.01166970
v 0.07999000 0.31424200 0.01320230
v 0.09471000 0.33923900 0.01320230
v 0.07988184 0.31416144 0.01168167
v 0.05266284 0.29388644 0.01774967
v 0.05287916 0.29404756 0.01925833
v 0.08009816 0.31432256 0.01319033
v 0.07999000 0.31424200 0.01773770
v 0.05277100 0.29396700 0.01773770
v 0.05277100 0.29396700 0.01927030
v 0.07999000 0.31424200 0.01927030
v 0.05336798 0.29444745 0.01850400
v 0.05336798 0.29444745 0.01243600
v 0.05217402 0.29348655 0.01243600
v 0.05217402 0.29348655 0.01850400
v 0.07999000 0.31424200 0.01166970
v 0.05277100 0.29396700 0.01166970
v 0.05277100 0.29396700 0.01320230
v 0.07999000 0.31424200 0.01320230
v 0.05264828 0.29386042 0.01168714
v 0.03154028 0.27552942 0.01775514
v 0.03178572 0.27574258 0.01925286
v 0.05289372 0.29407358 0.01318486
v 0.05277100 0.29396700 0.01773770
v 0.03166300 0.27563600 0.01773770
v 0.03166300 0.27563600 0.01927030
v 0.05277100 0.29396700 0.01927030
v 0.03224121 0.27613887 0.01850400
v 0.03224121 0.27613887 0.01243600
v 0.03108479 0.27513313 0.01243600
v 0.03108479 0.27513313 0.01850400
v 0.05277100 0.29396700 0.01166970
v 0.03166300 0.27563600 0.01166970
v 0.03166300 0.27563600 0.01320230
v 0.05277100 0.29396700 0.01320230
v 0.03151460 0.27550675 0.01169541
v 0.01429460 0.26050875 0.01776341
v 0.01459140 0.26076725 0.01924459
v 0.03181140 0.27576525 0.01317659
v 0.03166300 0.27563600 0.01773770
v 0.01444300 0.26063800 0.01773770
v 0.01444300 0.26063800 0.01927030
v 0.03166300 0.27563600 0.01927030
v 0.01493808 0.26122290 0.01850400
v 0.01493808 0.26122290 0.01243600
v 0.01394792 0.26005310 0.01243600
v 0.01394792 0.26005310 0.01850400
v 0.03166300 0.27563600 0.01166970
v 0.01444300 0.26063800 0.01166970
v 0.01444300 0.26063800 0.01320230
v 0.03166300 0.27563600 0.01320230
v 0.01434518 0.26047866 0.01169287
v 0.00172718 0.23992566 0.01776087
v 0.00192282 0.24024434 0.01924713
v 0.01454082 0.26079734 0.01317913
v 0.01444300 0.26063800 0.01773770
v 0.00182500 0.24008500 0.01773770
v 0.00182500 0.24008500 0.01927030
v 0.01444300 0.26063800 0.01927030
v 0.00222592 0.24073805 0.01850400
v 0.00222592 0.24073805 0.01243600
v 0.00142408 0.23943195 0.01243600
v 0.00142408 0.23943195 0.01850400
v 0.01444300 0.26063800 0.01166970
v 0.00182500 0.24008500 0.01166970
v 0.00182500 0.24008500 0.01320230
v 0.01444300 0.26063800 0.01320230
v -0.07634100 0.31424200 0.01773770
v -0.09106100 0.33923900 0.01773770
v -0.09106100 0.33923900 0.01927030
v -0.07634100 0.31424200 0.01927030
v -0.09067216 0.33857869 0.01850400
v -0.09067216 0.33857869 0.01243600
v -0.09144984 0.33989931 0.01243600
v -0.09144984 0.33989931 0.01850400
v -0.07626139 0.31410680 0.01775394
v -0.09098139 0.33910380 0.01168594
v -0.09114061 0.33937420 0.01318606
v -0.07642061 0.31437720 0.01925406
v -0.09106100 0.33923900 0.01320230
v -0.07634100 0.31424200 0.01320230
v -0.07634100 0.31424200 0.01166970
v -0.09106100 0.33923900 0.01166970
v -0.07582919 0.31367169 0.01850400
v -0.07582919 0.31367169 0.01243600
v -0.07685281 0.31481231 0.01243600
v -0.07685281 0.31481231 0.01850400
v -0.07634100 0.31424200 0.01927030
v -0.04912200 0.29396700 0.01927030
v -0.04912200 0.29396700 0.01773770
v -0.07634100 0.31424200 0.01773770
v -0.07644916 0.31432256 0.01319033
v -0.04923016 0.29404756 0.01925833
v -0.04901384 0.29388644 0.01774967
v -0.07623284 0.31416144 0.01168167
v -0.07634100 0.31424200 0.01320230
v -0.04912200 0.29396700 0.01320230
v -0.04912200 0.29396700 0.01166970
v -0.07634100 0.31424200 0.01166970
v -0.04852502 0.29348655 0.01850400
v -0.04852502 0.29348655 0.01243600
v -0.04971898 0.29444745 0.01243600
v -0.04971898 0.29444745 0.01850400
v -0.04912200 0.29396700 0.01927030
v -0.02801400 0.27563600 0.01927030
v -0.02801400 0.27563600 0.01773770
v -0.04912200 0.29396700 0.01773770
v -0.04924472 0.29407358 0.01318486
v -0.02813672 0.27574258 0.01925286
v -0.02789128 0.27552942 0.01775514
v -0.04899928 0.29386042 0.01168714
v -0.04912200 0.29396700 0.01320230
v -0.02801400 0.27563600 0.01320230
v -0.02801400 0.27563600 0.01166970
v -0.04912200 0.29396700 0.01166970
v -0.02743579 0.27513313 0.01850400
v -0.02743579 0.27513313 0.01243600
v -0.02859221 0.27613887 0.01243600
v -0.02859221 0.27613887 0.01850400
v -0.02801400 0.27563600 0.01927030
v -0.01079400 0.26063800 0.01927030
v -0.01079400 0.26063800 0.01773770
v -0.02801400 0.27563600 0.01773770
v -0.02816240 0.27576525 0.01317659
v -0.01094240 0.26076725 0.01924459
v -0.01064560 0.26050875 0.01776341
v -0.02786560 0.27550675 0.01169541
v -0.02801400 0.27563600 0.01320230
v -0.01079400 0.26063800 0.01320230
v -0.01079400 0.26063800 0.01166970
v -0.02801400 0.27563600 0.01166970
v -0.01029891 0.26005311 0.01850400
v -0.01029891 0.26005311 0.01243600
v -0.01128909 0.26122289 0.01243600
v -0.01128909 0.26122289 0.01850400
v -0.01079400 0.26063800 0.01927030
v 0.00182500 0.24008500 0.01927030
v 0.00182500 0.24008500 0.01773770
v -0.01079400 0.26063800 0.01773770
v -0.01089183 0.26079734 0.01317914
v 0.00172717 0.24024434 0.01924714
v 0.00192283 0.23992566 0.01776086
v -0.01069617 0.26047866 0.01169286
v -0.01079400 0.26063800 0.01320230
v 0.00182500 0.24008500 0.01320230
v 0.00182500 0.24008500 0.01166970
v -0.01079400 0.26063800 0.01166970
v 0.00222594 0.23943197 0.01850400
v 0.00222594 0.23943197 0.01243600
v 0.00142406 0.24073803 0.01243600
v 0.00142406 0.24073803 0.01850400
v -0.20043500 0.49865900 0.01773770
v -0.20533600 0.50698200 0.01773770
v -0.20533600 0.50698200 0.01927030
v -0.20043500 0.49865900 0.01927030
v -0.20494717 0.50632168 0.01850400
v -0.20494717 0.50632168 0.01243600
v -0.20572483 0.50764232 0.01243600
v -0.20572483 0.50764232 0.01850400
v -0.20022816 0.49830773 0.01785513
v -0.20512916 0.50663073 0.01178713
v -0.20554284 0.50733327 0.01308487
v -0.20064184 0.49901027 0.01915287
v -0.20533600 0.50698200 0.01320230
v -0.20043500 0.49865900 0.01320230
v -0.20043500 0.49865900 0.01166970
v -0.20533600 0.50698200 0.01166970
v -0.19992319 0.49808868 0.01850400
v -0.19992319 0.49808868 0.01243600
v -0.20094681 0.49922932 0.01243600
v -0.20094681 0.49922932 0.01850400
v -0.20043500 0.49865900 0.01927030
v -0.19137300 0.49190900 0.01927030
v -0.19137300 0.49190900 0.01773770
v -0.20043500 0.49865900 0.01773770
v -0.20072575 0.49887557 0.01311111
v -0.19166375 0.49212557 0.01917911
v -0.19108225 0.49169243 0.01782889
v -0.20014425 0.49844243 0.01176089
v -0.20043500 0.49865900 0.01320230
v -0.19137300 0.49190900 0.01320230
v -0.19137300 0.49190900 0.01166970
v -0.20043500 0.49865900 0.01166970
v -0.19077601 0.49142857 0.01850400
v -0.19077601 0.49142857 0.01243600
v -0.19196999 0.49238943 0.01243600
v -0.19196999 0.49238943 0.01850400
v -0.19137300 0.49190900 0.01927030
v -0.18434500 0.48580600 0.01927030
v -0.18434500 0.48580600 0.01773770
v -0.19137300 0.49190900 0.01773770
v -0.19168897 0.49218339 0.01307793
v -0.18466097 0.48608039 0.01914593
v -0.18402903 0.48553161 0.01786207
v -0.19105703 0.49163461 0.01179407
v -0.19137300 0.49190900 0.01320230
v -0.18434500 0.48580600 0.01320230
v -0.18434500 0.48580600 0.01166970
v -0.19137300 0.49190900 0.01166970
v -0.18376678 0.48530314 0.01850400
v -0.18376678 0.48530314 0.01243600
v -0.18492322 0.48630886 0.01243600
v -0.18492322 0.48630886 0.01850400
v -0.18434500 0.48580600 0.01927030
v -0.17861100 0.48081200 0.01927030
v -0.17861100 0.48081200 0.01773770
v -0.18434500 0.48580600 0.01773770
v -0.18470544 0.48611992 0.01303496
v -0.17897144 0.48112592 0.01910296
v -0.17825056 0.48049808 0.01790504
v -0.18398456 0.48549208 0.01183704
v -0.18434500 0.48580600 0.01320230
v -0.17861100 0.48081200 0.01320230
v -0.17861100 0.48081200 0.01166970
v -0.18434500 0.48580600 0.01166970
v -0.17811592 0.48022710 0.01850400
v -0.17811592 0.48022710 0.01243600
v -0.17910608 0.48139690 0.01243600
v -0.17910608 0.48139690 0.01850400
v -0.17861100 0.48081200 0.01927030
v -0.17441000 0.47396900 0.01927030
v -0.17441000 0.47396900 0.01773770
v -0.17861100 0.48081200 0.01773770
v -0.17885271 0.48120573 0.01304736
v -0.17465171 0.47436273 0.01911536
v -0.17416829 0.47357527 0.01789264
v -0.17836929 0.48041827 0.01182464
v -0.17861100 0.48081200 0.01320230
v -0.17441000 0.47396900 0.01320230
v -0.17441000 0.47396900 0.01166970
v -0.17861100 0.48081200 0.01166970
v -0.17400908 0.47331595 0.01850400
v -0.17400908 0.47331595 0.01243600
v -0.17481092 0.47462205 0.01243600
v -0.17481092 0.47462205 0.01850400
v 0.20056400 0.13484100 0.01773770
v 0.20546600 0.12651800 0.01773770
v 0.20546600 0.12651800 0.01927030
v 0.20056400 0.13484100 0.01927030
v 0.20507711 0.12717828 0.01850400
v 0.20507711 0.12717828 0.01243600
v 0.20585489 0.12585772 0.01243600
v 0.20585489 0.12585772 0.01850400
v 0.20035713 0.13519224 0.01785512
v 0.20525913 0.12686924 0.01178712
v 0.20567287 0.12616676 0.01308488
v 0.20077087 0.13448976 0.01915288
v 0.20546600 0.12651800 0.01320230
v 0.20056400 0.13484100 0.01320230
v 0.20056400 0.13484100 0.01166970
v 0.20546600 0.12651800 0.01166970
v 0.20005217 0.13541129 0.01850400
v 0.20005217 0.13541129 0.01243600
v 0.20107583 0.13427071 0.01243600
v 0.20107583 0.13427071 0.01850400
v 0.20056400 0.13484100 0.01927030
v 0.19150200 0.14159100 0.01927030
v 0.19150200 0.14159100 0.01773770
v 0.20056400 0.13484100 0.01773770
v 0.20085475 0.13462443 0.01311111
v 0.19179275 0.14137443 0.01917911
v 0.19121125 0.14180757 0.01782889
v 0.20027325 0.13505757 0.01176089
v 0.20056400 0.13484100 0.01320230
v 0.19150200 0.14159100 0.01320230
v 0.19150200 0.14159100 0.01166970
v 0.20056400 0.13484100 0.01166970
v 0.19090501 0.14207143 0.01850400
v 0.19090501 0.14207143 0.01243600
v 0.19209899 0.14111057 0.01243600
v 0.19209899 0.14111057 0.01850400
v 0.19150200 0.14159100 0.01927030
v 0.18447400 0.14769400 0.01927030
v 0.18447400 0.14769400 0.01773770
v 0.19150200 0.14159100 0.01773770
v 0.19181797 0.14131661 0.01307793
v 0.18478997 0.14741961 0.01914593
v 0.18415803 0.14796839 0.01786207
v 0.19118603 0.14186539 0.01179407
v 0.19150200 0.14159100 0.01320230
v 0.18447400 0.14769400 0.01320230
v 0.18447400 0.14769400 0.01166970
v 0.19150200 0.14159100 0.01166970
v 0.18389580 0.14819688 0.01850400
v 0.18389580 0.14819688 0.01243600
v 0.18505220 0.14719112 0.01243600
v 0.18505220 0.14719112 0.01850400
v 0.18447400 0.14769400 0.01927030
v 0.17874100 0.15268800 0.01927030
v 0.17874100 0.15268800 0.01773770
v 0.18447400 0.14769400 0.01773770
v 0.18483443 0.14738003 0.01303493
v 0.17910143 0.15237403 0.01910293
v 0.17838057 0.15300197 0.01790507
v 0.18411357 0.14800797 0.01183707
v 0.18447400 0.14769400 0.01320230
v 0.17874100 0.15268800 0.01320230
v 0.17874100 0.15268800 0.01166970
v 0.18447400 0.14769400 0.01166970
v 0.17824591 0.15327289 0.01850400
v 0.17824591 0.15327289 0.01243600
v 0.17923609 0.15210311 0.01243600
v 0.17923609 0.15210311 0.01850400
v 0.17874100 0.15268800 0.01927030
v 0.17453900 0.15953100 0.01927030
v 0.17453900 0.15953100 0.01773770
v 0.17874100 0.15268800 0.01773770
v 0.17898275 0.15229431 0.01304737
v 0.17478075 0.15913731 0.01911537
v 0.17429725 0.15992469 0.01789263
v 0.17849925 0.15308169 0.01182463
v 0.17874100 0.15268800 0.01320230
v 0.17453900 0.15953100 0.01320230
v 0.17453900 0.15953100 0.01166970
v 0.17874100 0.15268800 0.01166970
v 0.17413802 0.16018401 0.01850400
v 0.17413802 0.16018401 0.01243600
v 0.17493998 0.15887799 0.01243600
v 0.17493998 0.15887799 0.01850400
v 0.00121285 0.36116305 0.01243600
v 0.05215885 0.29350605 0.01243600
v 0.05338315 0.29442795 0.01243600
v 0.00243715 0.36208495 0.01243600
v 0.05226854 0.29454557 0.01243600
v 0.03116054 0.27621457 0.01243600
v 0.03216546 0.27505743 0.01243600
v 0.05327346 0.29338843 0.01243600
v 0.00110105 0.36137279 0.01243600
v 0.03093905 0.27538479 0.01243600
v 0.03238695 0.27588721 0.01243600
v 0.00254895 0.36187521 0.01243600
v 0.00142777 0.36096870 0.01243600
v 0.07959277 0.31358670 0.01243600
v 0.08038723 0.31489730 0.01243600
v 0.00222223 0.36227930 0.01243600
v 0.05322876 0.29335246 0.01243600
v 0.08044776 0.31362746 0.01243600
v 0.07953224 0.31485654 0.01243600
v 0.05231324 0.29458154 0.01243600
v 0.03166300 0.27640230 0.01243600
v -0.02801400 0.27640230 0.01243600
v -0.02801400 0.27486970 0.01243600
v 0.03166300 0.27486970 0.01243600
v 0.00110105 0.36187522 0.01243600
v -0.02873795 0.27588722 0.01243600
v -0.02729005 0.27538478 0.01243600
v 0.00254895 0.36137278 0.01243600
v 0.03140776 0.27635854 0.01243600
v -0.01104924 0.26136054 0.01243600
v -0.01053876 0.25991546 0.01243600
v 0.03191824 0.27491346 0.01243600
v -0.02851729 0.27505815 0.01243600
v -0.01129729 0.26006015 0.01243600
v -0.01029071 0.26121585 0.01243600
v -0.02751071 0.27621385 0.01243600
v 0.03115971 0.27621385 0.01243600
v 0.01393971 0.26121585 0.01243600
v 0.01494629 0.26006015 0.01243600
v 0.03216629 0.27505815 0.01243600
v -0.01079400 0.25987170 0.01243600
v 0.01444300 0.25987170 0.01243600
v 0.01444300 0.26140430 0.01243600
v -0.01079400 0.26140430 0.01243600
v 0.01378995 0.26103892 0.01243600
v 0.00117195 0.24048592 0.01243600
v 0.00247805 0.23968408 0.01243600
v 0.01509605 0.26023708 0.01243600
v -0.01144703 0.26023706 0.01243600
v 0.00117197 0.23968406 0.01243600
v 0.00247803 0.24048594 0.01243600
v -0.01014097 0.26103894 0.01243600
v 0.00121285 0.36208496 0.01243600
v -0.04973415 0.29442796 0.01243600
v -0.04850985 0.29350604 0.01243600
v 0.00243715 0.36116304 0.01243600
v -0.02751154 0.27621457 0.01243600
v -0.04861954 0.29454557 0.01243600
v -0.04962446 0.29338843 0.01243600
v -0.02851646 0.27505743 0.01243600
v 0.00142777 0.36227930 0.01243600
v -0.07673823 0.31489730 0.01243600
v -0.07594377 0.31358670 0.01243600
v 0.00222223 0.36096870 0.01243600
v -0.04866424 0.29458154 0.01243600
v -0.07588324 0.31485654 0.01243600
v -0.07679876 0.31362746 0.01243600
v -0.04957976 0.29335246 0.01243600
v 0.00245189 0.36118331 0.01243600
v 0.01229289 0.37518231 0.01243600
v 0.01103911 0.37606369 0.01243600
v 0.00119811 0.36206469 0.01243600
v 0.08050211 0.31481204 0.01243600
v 0.01217811 0.37619304 0.01243600
v 0.01115389 0.37505296 0.01243600
v 0.07947789 0.31367196 0.01243600
v -0.07582889 0.31367196 0.01243600
v -0.00750489 0.37505296 0.01243600
v -0.00852911 0.37619304 0.01243600
v -0.07685311 0.31481204 0.01243600
v 0.00245187 0.36206472 0.01243600
v -0.00739013 0.37606372 0.01243600
v -0.00864387 0.37518228 0.01243600
v 0.00119813 0.36118328 0.01243600
v 0.08062098 0.31467683 0.01243600
v 0.02951698 0.38883383 0.01243600
v 0.02825502 0.38796417 0.01243600
v 0.07935902 0.31380717 0.01243600
v 0.01212259 0.37500759 0.01243600
v 0.02934259 0.38778359 0.01243600
v 0.02842941 0.38901441 0.01243600
v 0.01120941 0.37623841 0.01243600
v -0.07571003 0.31380717 0.01243600
v -0.02460503 0.38796417 0.01243600
v -0.02586697 0.38883383 0.01243600
v -0.07697197 0.31467683 0.01243600
v -0.00756039 0.37623840 0.01243600
v -0.02477939 0.38901440 0.01243600
v -0.02569261 0.38778360 0.01243600
v -0.00847361 0.37500760 0.01243600
v 0.08075618 0.31422862 0.01243600
v 0.08186718 0.37783162 0.01243600
v 0.08033482 0.37785838 0.01243600
v 0.07922382 0.31425538 0.01243600
v 0.02873418 0.38764789 0.01243600
v 0.08094918 0.37709389 0.01243600
v 0.08125282 0.37859611 0.01243600
v 0.02903782 0.38915011 0.01243600
v 0.08143894 0.37853275 0.01243600
v 0.04922094 0.39436375 0.01243600
v 0.04854506 0.39298825 0.01243600
v 0.08076306 0.37715725 0.01243600
v 0.02908152 0.38765807 0.01243600
v 0.04907852 0.39293507 0.01243600
v 0.04868748 0.39441693 0.01243600
v 0.02869048 0.38913993 0.01243600
v 0.04873271 0.39292459 0.01243600
v 0.06539671 0.38959159 0.01243600
v 0.06569729 0.39109441 0.01243600
v 0.04903329 0.39442741 0.01243600
v 0.08158098 0.37844235 0.01243600
v 0.06602698 0.39094035 0.01243600
v 0.06506702 0.38974565 0.01243600
v 0.08062102 0.37724765 0.01243600
v 0.08044209 0.37745379 0.01243600
v 0.09099609 0.35967779 0.01243600
v 0.09231391 0.36046021 0.01243600
v 0.08175991 0.37823621 0.01243600
v 0.08073261 0.31405297 0.01243600
v 0.09239761 0.35987997 0.01243600
v 0.09091239 0.36025803 0.01243600
v 0.07924739 0.31443103 0.01243600
v 0.09089682 0.35995780 0.01243600
v 0.09395182 0.33912780 0.01243600
v 0.09546818 0.33935020 0.01243600
v 0.09241318 0.36018020 0.01243600
v 0.08065031 0.31385316 0.01243600
v 0.09537031 0.33885016 0.01243600
v 0.09404969 0.33962784 0.01243600
v 0.07932969 0.31463084 0.01243600
v -0.02538782 0.38915011 0.01243600
v -0.07760382 0.37859611 0.01243600
v -0.07730018 0.37709389 0.01243600
v -0.02508418 0.38764789 0.01243600
v -0.07557482 0.31425538 0.01243600
v -0.07668582 0.37785838 0.01243600
v -0.07821818 0.37783162 0.01243600
v -0.07710718 0.31422862 0.01243600
v -0.07711406 0.37715725 0.01243600
v -0.04489606 0.39298825 0.01243600
v -0.04557194 0.39436375 0.01243600
v -0.07778994 0.37853275 0.01243600
v -0.02504049 0.38913993 0.01243600
v -0.04503849 0.39441693 0.01243600
v -0.04542951 0.39293507 0.01243600
v -0.02543151 0.38765807 0.01243600
v -0.07697202 0.37724765 0.01243600
v -0.06141802 0.38974565 0.01243600
v -0.06237798 0.39094035 0.01243600
v -0.07793198 0.37844235 0.01243600
v -0.04538429 0.39442741 0.01243600
v -0.06204829 0.39109441 0.01243600
v -0.06174771 0.38959159 0.01243600
v -0.04508371 0.39292459 0.01243600
v -0.07559839 0.31443103 0.01243600
v -0.08726339 0.36025803 0.01243600
v -0.08874861 0.35987997 0.01243600
v -0.07708361 0.31405297 0.01243600
v -0.07811091 0.37823621 0.01243600
v -0.08866491 0.36046021 0.01243600
v -0.08734709 0.35967779 0.01243600
v -0.07679309 0.37745379 0.01243600
v -0.07568069 0.31463084 0.01243600
v -0.09040069 0.33962784 0.01243600
v -0.09172131 0.33885016 0.01243600
v -0.07700131 0.31385316 0.01243600
v -0.08876418 0.36018020 0.01243600
v -0.09181918 0.33935020 0.01243600
v -0.09030282 0.33912780 0.01243600
v -0.08724782 0.35995780 0.01243600
v 0.14811677 0.13418570 0.01243600
v 0.17414177 0.11840970 0.01243600
v 0.17493623 0.11972030 0.01243600
v 0.14891123 0.13549630 0.01243600
v 0.17391207 0.11950564 0.01243600
v 0.17063607 0.11484464 0.01243600
v 0.17188993 0.11396336 0.01243600
v 0.17516593 0.11862436 0.01243600
v 0.14800189 0.13427096 0.01243600
v 0.17075089 0.11383396 0.01243600
v 0.17177511 0.11497404 0.01243600
v 0.14902611 0.13541104 0.01243600
v 0.14788302 0.13440618 0.01243600
v 0.16489802 0.10971518 0.01243600
v 0.16615998 0.11058482 0.01243600
v 0.14914498 0.13527582 0.01243600
v 0.17080642 0.11501942 0.01243600
v 0.16507242 0.11076542 0.01243600
v 0.16598558 0.10953458 0.01243600
v 0.17171958 0.11378858 0.01243600
v 0.14774782 0.13485439 0.01243600
v 0.14737782 0.11367739 0.01243600
v 0.14891018 0.11365061 0.01243600
v 0.14928018 0.13482761 0.01243600
v 0.16568082 0.11090111 0.01243600
v 0.14829582 0.11441511 0.01243600
v 0.14799218 0.11291289 0.01243600
v 0.16537718 0.10939889 0.01243600
v 0.14780606 0.11297625 0.01243600
v 0.15853306 0.10770525 0.01243600
v 0.15920894 0.10908075 0.01243600
v 0.14848194 0.11435175 0.01243600
v 0.16533347 0.11089093 0.01243600
v 0.15867547 0.10913393 0.01243600
v 0.15906653 0.10765207 0.01243600
v 0.16572453 0.10940907 0.01243600
v 0.15902133 0.10914440 0.01243600
v 0.15347333 0.11025440 0.01243600
v 0.15317267 0.10875160 0.01243600
v 0.15872067 0.10764160 0.01243600
v 0.14766405 0.11306663 0.01243600
v 0.15284305 0.10890563 0.01243600
v 0.15380295 0.11010037 0.01243600
v 0.14862395 0.11426137 0.01243600
v 0.14880289 0.11405524 0.01243600
v 0.14528889 0.11997324 0.01243600
v 0.14397111 0.11919076 0.01243600
v 0.14748511 0.11327276 0.01243600
v 0.14777138 0.13503002 0.01243600
v 0.14388738 0.11977102 0.01243600
v 0.14537262 0.11939298 0.01243600
v 0.14925662 0.13465198 0.01243600
v 0.14538819 0.11969317 0.01243600
v 0.14437119 0.12662917 0.01243600
v 0.14285481 0.12640683 0.01243600
v 0.14387181 0.11947083 0.01243600
v 0.14785368 0.13522983 0.01243600
v 0.14295268 0.12690683 0.01243600
v 0.14427332 0.12612917 0.01243600
v 0.14917432 0.13445217 0.01243600
v 0.14897172 0.13422643 0.01243600
v 0.15803472 0.14097643 0.01243600
v 0.15711928 0.14220557 0.01243600
v 0.14805628 0.13545557 0.01243600
v 0.17515115 0.11952595 0.01243600
v 0.15818915 0.14205195 0.01243600
v 0.15696485 0.14113005 0.01243600
v 0.17392685 0.11860405 0.01243600
v 0.15807944 0.14101241 0.01243600
v 0.16510744 0.14711541 0.01243600
v 0.16410256 0.14827259 0.01243600
v 0.15707456 0.14216959 0.01243600
v 0.17526295 0.11931620 0.01243600
v 0.16532895 0.14794520 0.01243600
v 0.16388105 0.14744280 0.01243600
v 0.17381505 0.11881380 0.01243600
v 0.17526294 0.11881377 0.01243600
v 0.18519794 0.14744277 0.01243600
v 0.18375006 0.14794523 0.01243600
v 0.17381506 0.11931623 0.01243600
v 0.16460500 0.14692770 0.01243600
v 0.18447400 0.14692770 0.01243600
v 0.18447400 0.14846030 0.01243600
v 0.16460500 0.14846030 0.01243600
v 0.17515114 0.11860403 0.01243600
v 0.19211414 0.14113003 0.01243600
v 0.19088986 0.14205197 0.01243600
v 0.17392686 0.11952597 0.01243600
v 0.18397156 0.14711541 0.01243600
v 0.19099956 0.14101241 0.01243600
v 0.19200444 0.14216959 0.01243600
v 0.18497644 0.14827259 0.01243600
v 0.16486026 0.14697147 0.01243600
v 0.17899626 0.15196547 0.01243600
v 0.17848574 0.15341053 0.01243600
v 0.16434974 0.14841653 0.01243600
v 0.18497733 0.14827181 0.01243600
v 0.17924433 0.15326581 0.01243600
v 0.17823767 0.15211019 0.01243600
v 0.18397067 0.14711619 0.01243600
v 0.16510833 0.14711619 0.01243600
v 0.17084133 0.15211019 0.01243600
v 0.16983467 0.15326581 0.01243600
v 0.16410167 0.14827181 0.01243600
v 0.17874100 0.15345430 0.01243600
v 0.17033800 0.15345430 0.01243600
v 0.17033800 0.15192170 0.01243600
v 0.17874100 0.15192170 0.01243600
v 0.17099105 0.15228708 0.01243600
v 0.17519205 0.15913008 0.01243600
v 0.17388595 0.15993192 0.01243600
v 0.16968495 0.15308892 0.01243600
v 0.17939401 0.15308898 0.01243600
v 0.17519201 0.15993198 0.01243600
v 0.17388599 0.15913002 0.01243600
v 0.17808799 0.15228702 0.01243600
v 0.17493623 0.11840970 0.01243600
v 0.20096123 0.13418570 0.01243600
v 0.20016677 0.13549630 0.01243600
v 0.17414177 0.11972030 0.01243600
v 0.19104424 0.14097645 0.01243600
v 0.20010624 0.13422645 0.01243600
v 0.20102176 0.13545555 0.01243600
v 0.19195976 0.14220555 0.01243600
v 0.20005188 0.13541103 0.01243600
v 0.17730388 0.11497403 0.01243600
v 0.17832812 0.11383397 0.01243600
v 0.20107612 0.13427097 0.01243600
v 0.17391213 0.11862427 0.01243600
v 0.17718913 0.11396327 0.01243600
v 0.17844287 0.11484473 0.01243600
v 0.17516587 0.11950573 0.01243600
v 0.19993302 0.13527582 0.01243600
v 0.18291802 0.11058482 0.01243600
v 0.18417998 0.10971518 0.01243600
v 0.20119498 0.13440618 0.01243600
v 0.17735937 0.11378861 0.01243600
v 0.18309237 0.10953461 0.01243600
v 0.18400563 0.11076539 0.01243600
v 0.17827263 0.11501939 0.01243600
v 0.18370082 0.10939889 0.01243600
v 0.20108582 0.11291289 0.01243600
v 0.20078218 0.11441511 0.01243600
v 0.18339718 0.11090111 0.01243600
v 0.19979782 0.13482761 0.01243600
v 0.20016782 0.11365061 0.01243600
v 0.20170018 0.11367739 0.01243600
v 0.20133018 0.13485439 0.01243600
v 0.20059606 0.11435175 0.01243600
v 0.18986906 0.10908075 0.01243600
v 0.19054494 0.10770525 0.01243600
v 0.20127194 0.11297625 0.01243600
v 0.18335347 0.10940907 0.01243600
v 0.19001147 0.10765207 0.01243600
v 0.19040253 0.10913393 0.01243600
v 0.18374453 0.11089093 0.01243600
v 0.20045399 0.11426133 0.01243600
v 0.19527599 0.11010033 0.01243600
v 0.19623601 0.10890567 0.01243600
v 0.20141401 0.11306667 0.01243600
v 0.19035731 0.10764159 0.01243600
v 0.19590631 0.10875159 0.01243600
v 0.19560569 0.11025441 0.01243600
v 0.19005669 0.10914441 0.01243600
v 0.19982138 0.13465198 0.01243600
v 0.20370538 0.11939298 0.01243600
v 0.20519062 0.11977102 0.01243600
v 0.20130662 0.13503002 0.01243600
v 0.20159289 0.11327276 0.01243600
v 0.20510689 0.11919076 0.01243600
v 0.20378911 0.11997324 0.01243600
v 0.20027511 0.11405524 0.01243600
v 0.19990372 0.13445211 0.01243600
v 0.20480572 0.12612911 0.01243600
v 0.20612628 0.12690689 0.01243600
v 0.20122428 0.13522989 0.01243600
v 0.20520617 0.11947072 0.01243600
v 0.20622417 0.12640672 0.01243600
v 0.20470783 0.12662928 0.01243600
v 0.20368983 0.11969328 0.01243600
v -0.17480723 0.51509030 0.01243600
v -0.20083223 0.49931430 0.01243600
v -0.20003777 0.49800370 0.01243600
v -0.17401277 0.51377970 0.01243600
v -0.19992289 0.49808896 0.01243600
v -0.17717389 0.51852596 0.01243600
v -0.17819811 0.51966604 0.01243600
v -0.20094711 0.49922904 0.01243600
v -0.17378307 0.51487564 0.01243600
v -0.17705907 0.51953664 0.01243600
v -0.17831293 0.51865536 0.01243600
v -0.17503693 0.51399436 0.01243600
v -0.19980402 0.49822418 0.01243600
v -0.18278902 0.52291518 0.01243600
v -0.18405098 0.52378482 0.01243600
v -0.20106598 0.49909382 0.01243600
v -0.17722942 0.51971142 0.01243600
v -0.18296342 0.52396542 0.01243600
v -0.18387658 0.52273458 0.01243600
v -0.17814258 0.51848058 0.01243600
v -0.18357182 0.52410111 0.01243600
v -0.20095682 0.52058711 0.01243600
v -0.20065318 0.51908489 0.01243600
v -0.18326818 0.52259889 0.01243600
v -0.19966882 0.49867239 0.01243600
v -0.20003882 0.51984939 0.01243600
v -0.20157118 0.51982261 0.01243600
v -0.20120118 0.49864561 0.01243600
v -0.20046706 0.51914825 0.01243600
v -0.18974006 0.52441925 0.01243600
v -0.19041594 0.52579475 0.01243600
v -0.20114294 0.52052375 0.01243600
v -0.18322447 0.52409093 0.01243600
v -0.18988247 0.52584793 0.01243600
v -0.19027353 0.52436607 0.01243600
v -0.18361553 0.52260907 0.01243600
v -0.20032505 0.51923863 0.01243600
v -0.19514605 0.52339963 0.01243600
v -0.19610595 0.52459437 0.01243600
v -0.20128495 0.52043337 0.01243600
v -0.19022833 0.52585840 0.01243600
v -0.19577633 0.52474840 0.01243600
v -0.19547567 0.52324560 0.01243600
v -0.18992767 0.52435560 0.01243600
v -0.19969238 0.49884802 0.01243600
v -0.20357638 0.51410702 0.01243600
v -0.20506162 0.51372898 0.01243600
v -0.20117762 0.49846998 0.01243600
v -0.20146389 0.52022724 0.01243600
v -0.20497789 0.51430924 0.01243600
v -0.20366011 0.51352676 0.01243600
v -0.20014611 0.51944476 0.01243600
v -0.19977468 0.49904783 0.01243600
v -0.20467568 0.50737083 0.01243600
v -0.20599632 0.50659317 0.01243600
v -0.20109532 0.49827017 0.01243600
v -0.20507719 0.51402917 0.01243600
v -0.20609419 0.50709317 0.01243600
v -0.20457781 0.50687083 0.01243600
v -0.20356081 0.51380683 0.01243600
v -0.17502214 0.51489597 0.01243600
v -0.19198514 0.49236997 0.01243600
v -0.19076086 0.49144803 0.01243600
v -0.17379786 0.51397403 0.01243600
v -0.20089276 0.49804445 0.01243600
v -0.19183076 0.49129445 0.01243600
v -0.19091524 0.49252355 0.01243600
v -0.19997724 0.49927355 0.01243600
v -0.17513394 0.51468623 0.01243600
v -0.18506894 0.48605723 0.01243600
v -0.18362106 0.48555477 0.01243600
v -0.17368606 0.51418377 0.01243600
v -0.19187544 0.49133041 0.01243600
v -0.18484744 0.48522741 0.01243600
v -0.18384256 0.48638459 0.01243600
v -0.19087056 0.49248759 0.01243600
v -0.17513394 0.51418377 0.01243600
v -0.16519894 0.48555477 0.01243600
v -0.16375106 0.48605723 0.01243600
v -0.17368606 0.51468623 0.01243600
v -0.18434500 0.48503970 0.01243600
v -0.16447500 0.48503970 0.01243600
v -0.16447500 0.48657230 0.01243600
v -0.18434500 0.48657230 0.01243600
v -0.17502214 0.51397403 0.01243600
v -0.15805914 0.49144803 0.01243600
v -0.15683486 0.49236997 0.01243600
v -0.17379786 0.51489597 0.01243600
v -0.16397256 0.48522741 0.01243600
v -0.15694456 0.49133041 0.01243600
v -0.15794944 0.49248759 0.01243600
v -0.16497744 0.48638459 0.01243600
v -0.18460026 0.48508347 0.01243600
v -0.17046426 0.48008947 0.01243600
v -0.16995374 0.48153453 0.01243600
v -0.18408974 0.48652853 0.01243600
v -0.16497828 0.48638386 0.01243600
v -0.17071228 0.48138986 0.01243600
v -0.16970572 0.48023414 0.01243600
v -0.16397172 0.48522814 0.01243600
v -0.17020900 0.48157830 0.01243600
v -0.17861100 0.48157830 0.01243600
v -0.17861100 0.48004570 0.01243600
v -0.17020900 0.48004570 0.01243600
v -0.18484828 0.48522814 0.01243600
v -0.17911428 0.48023414 0.01243600
v -0.17810772 0.48138986 0.01243600
v -0.18384172 0.48638386 0.01243600
v -0.17086205 0.48121292 0.01243600
v -0.17506305 0.47436992 0.01243600
v -0.17375695 0.47356808 0.01243600
v -0.16955595 0.48041108 0.01243600
v -0.17926405 0.48041108 0.01243600
v -0.17506305 0.47356808 0.01243600
v -0.17375695 0.47436992 0.01243600
v -0.17795795 0.48121292 0.01243600
v -0.17480723 0.51377970 0.01243600
v -0.14878223 0.49800370 0.01243600
v -0.14798777 0.49931430 0.01243600
v -0.17401277 0.51509030 0.01243600
v -0.15698924 0.49129445 0.01243600
v -0.14792724 0.49804445 0.01243600
v -0.14884276 0.49927355 0.01243600
v -0.15790476 0.49252355 0.01243600
v -0.17378313 0.51399427 0.01243600
v -0.17050613 0.51865527 0.01243600
v -0.17175987 0.51953673 0.01243600
v -0.17503687 0.51487573 0.01243600
v -0.14787288 0.49922903 0.01243600
v -0.17062088 0.51966603 0.01243600
v -0.17164512 0.51852597 0.01243600
v -0.14889712 0.49808897 0.01243600
v -0.14775402 0.49909382 0.01243600
v -0.16476902 0.52378482 0.01243600
v -0.16603098 0.52291518 0.01243600
v -0.14901598 0.49822418 0.01243600
v -0.17067637 0.51848061 0.01243600
v -0.16494337 0.52273461 0.01243600
v -0.16585663 0.52396539 0.01243600
v -0.17158963 0.51971139 0.01243600
v -0.14761882 0.49864561 0.01243600
v -0.14724882 0.51982261 0.01243600
v -0.14878118 0.51984939 0.01243600
v -0.14915118 0.49867239 0.01243600
v -0.16555182 0.52259889 0.01243600
v -0.14816682 0.51908489 0.01243600
v -0.14786318 0.52058711 0.01243600
v -0.16524818 0.52410111 0.01243600
v -0.14767706 0.52052375 0.01243600
v -0.15840406 0.52579475 0.01243600
v -0.15907994 0.52441925 0.01243600
v -0.14835294 0.51914825 0.01243600
v -0.16520447 0.52260907 0.01243600
v -0.15854647 0.52436607 0.01243600
v -0.15893753 0.52584793 0.01243600
v -0.16559553 0.52409093 0.01243600
v -0.15889231 0.52435559 0.01243600
v -0.15334331 0.52324559 0.01243600
v -0.15304269 0.52474841 0.01243600
v -0.15859169 0.52585841 0.01243600
v -0.14753499 0.52043333 0.01243600
v -0.15271299 0.52459433 0.01243600
v -0.15367301 0.52339967 0.01243600
v -0.14849501 0.51923867 0.01243600
v -0.14867389 0.51944476 0.01243600
v -0.14515989 0.51352676 0.01243600
v -0.14384211 0.51430924 0.01243600
v -0.14735611 0.52022724 0.01243600
v -0.14764238 0.49846998 0.01243600
v -0.14375838 0.51372898 0.01243600
v -0.14524362 0.51410702 0.01243600
v -0.14912762 0.49884802 0.01243600
v -0.14525919 0.51380683 0.01243600
v -0.14424219 0.50687083 0.01243600
v -0.14272581 0.50709317 0.01243600
v -0.14374281 0.51402917 0.01243600
v -0.14772468 0.49827017 0.01243600
v -0.14282368 0.50659317 0.01243600
v -0.14414432 0.50737083 0.01243600
v -0.14904532 0.49904783 0.01243600
v 0.18442052 0.07829968 0.01850400
v 0.19463152 0.08788568 0.01850400
v 0.19568048 0.08676832 0.01850400
v 0.18546948 0.07718232 0.01850400
v 0.19515600 0.08656070 0.01850400
v 0.18741900 0.08656070 0.01850400
v 0.18741900 0.08809330 0.01850400
v 0.19515600 0.08809330 0.01850400
v 0.18420302 0.07793249 0.01850400
v 0.18667702 0.08751849 0.01850400
v 0.18816098 0.08713551 0.01850400
v 0.18568698 0.07754951 0.01850400
v 0.18075830 0.09151300 0.01850400
v 0.18075830 0.08732700 0.01850400
v 0.17922570 0.08732700 0.01850400
v 0.17922570 0.09151300 0.01850400
v 0.18741900 0.08656070 0.01850400
v 0.17999200 0.08656070 0.01850400
v 0.17999200 0.08809330 0.01850400
v 0.18741900 0.08809330 0.01850400
v 0.18704275 0.08665944 0.01850400
v 0.17961575 0.09084544 0.01850400
v 0.18036825 0.09218056 0.01850400
v 0.18779525 0.08799456 0.01850400
v 0.18721024 0.08806431 0.01850400
v 0.20199424 0.09225031 0.01850400
v 0.20241176 0.09077569 0.01850400
v 0.18762776 0.08658969 0.01850400
v 0.17999200 0.09227930 0.01850400
v 0.20220300 0.09227930 0.01850400
v 0.20220300 0.09074670 0.01850400
v 0.17999200 0.09074670 0.01850400
v 0.19476465 0.08798583 0.01850400
v 0.20181165 0.09217183 0.01850400
v 0.20259435 0.09085417 0.01850400
v 0.19554735 0.08666817 0.01850400
v 0.19515600 0.08809330 0.01850400
v 0.20220300 0.08809330 0.01850400
v 0.20220300 0.08656070 0.01850400
v 0.19515600 0.08656070 0.01850400
v 0.20296930 0.09151300 0.01850400
v 0.20296930 0.08732700 0.01850400
v 0.20143670 0.08732700 0.01850400
v 0.20143670 0.09151300 0.01850400
v 0.19575946 0.08685472 0.01850400
v 0.18421746 0.07210672 0.01850400
v 0.18301054 0.07305128 0.01850400
v 0.19455254 0.08779928 0.01850400
v 0.18568703 0.07754967 0.01850400
v 0.18435603 0.07238767 0.01850400
v 0.18287197 0.07277033 0.01850400
v 0.18420297 0.07793233 0.01850400
v 0.18437728 0.07251114 0.01850400
v 0.18075928 0.03181814 0.01850400
v 0.17923272 0.03195386 0.01850400
v 0.18285072 0.07264686 0.01850400
v 0.19589516 0.08712488 0.01850400
v 0.18073516 0.03168388 0.01850400
v 0.17925684 0.03208812 0.01850400
v 0.19441684 0.08752912 0.01850400
v 0.18435599 0.07238752 0.01850400
v 0.17728799 0.04499952 0.01850400
v 0.17580401 0.04538248 0.01850400
v 0.18287201 0.07277048 0.01850400
v 0.17925424 0.03169366 0.01850400
v 0.17580424 0.04499866 0.01850400
v 0.17728776 0.04538334 0.01850400
v 0.18073776 0.03207834 0.01850400
v 0.17723745 0.04486068 0.01850400
v 0.17088145 0.03155568 0.01850400
v 0.16949855 0.03221632 0.01850400
v 0.17585455 0.04552132 0.01850400
v 0.17999600 0.03111970 0.01850400
v 0.17019000 0.03111970 0.01850400
v 0.17019000 0.03265230 0.01850400
v 0.17999600 0.03265230 0.01850400
v 0.17654600 0.04442470 0.01850400
v 0.17364000 0.04442470 0.01850400
v 0.17364000 0.04595730 0.01850400
v 0.17654600 0.04595730 0.01850400
v 0.16944824 0.03207834 0.01850400
v 0.17289824 0.04538334 0.01850400
v 0.17438176 0.04499866 0.01850400
v 0.17093176 0.03169366 0.01850400
v 0.16942856 0.03179987 0.01850400
v 0.16482556 0.07249287 0.01850400
v 0.16634844 0.07266513 0.01850400
v 0.17095144 0.03197213 0.01850400
v 0.17290483 0.04497483 0.01850400
v 0.16485183 0.07236283 0.01850400
v 0.16632217 0.07279517 0.01850400
v 0.17437517 0.04540717 0.01850400
v 0.18494500 0.07697470 0.01850400
v 0.17455400 0.07697470 0.01850400
v 0.17455400 0.07850730 0.01850400
v 0.18494500 0.07850730 0.01850400
v 0.18323465 0.07191319 0.01850400
v 0.17417465 0.07707519 0.01850400
v 0.17493335 0.07840681 0.01850400
v 0.18399335 0.07324481 0.01850400
v 0.17723713 0.04519100 0.01276698
v 0.17433113 0.04519100 0.01883498
v 0.17294887 0.04519100 0.01817302
v 0.17585487 0.04519100 0.01210502
v 0.17654600 0.04519100 0.01320230
v 0.17364000 0.04519100 0.01320230
v 0.17364000 0.04519100 0.01166970
v 0.17654600 0.04519100 0.01166970
v 0.17287370 0.04519100 0.01850400
v 0.17287370 0.04519100 0.01243600
v 0.17440630 0.04519100 0.01243600
v 0.17440630 0.04519100 0.01850400
v 0.18361400 0.07181270 0.01850400
v 0.17455400 0.07181270 0.01850400
v 0.17455400 0.07334530 0.01850400
v 0.18361400 0.07334530 0.01850400
v 0.17532030 0.07774100 0.01850400
v 0.17532030 0.07257900 0.01850400
v 0.17378770 0.07257900 0.01850400
v 0.17378770 0.07774100 0.01850400
v 0.16520469 0.07324311 0.01850400
v 0.17417169 0.07840511 0.01850400
v 0.17493631 0.07707689 0.01850400
v 0.16596931 0.07191489 0.01850400
v 0.16558700 0.07334530 0.01850400
v 0.17455400 0.07334530 0.01850400
v 0.17455400 0.07181270 0.01850400
v 0.16558700 0.07181270 0.01850400
v 0.17577970 0.04519100 0.01850400
v 0.17577970 0.04519100 0.01243600
v 0.17731230 0.04519100 0.01243600
v 0.17731230 0.04519100 0.01850400
v 0.17654600 0.04519100 0.01927030
v 0.17364000 0.04519100 0.01927030
v 0.17364000 0.04519100 0.01773770
v 0.17654600 0.04519100 0.01773770
v 0.17455400 0.07697470 0.01850400
v 0.16407000 0.07697470 0.01850400
v 0.16407000 0.07850730 0.01850400
v 0.17455400 0.07850730 0.01850400
v 0.16485180 0.07236294 0.01850400
v 0.16333480 0.07752494 0.01850400
v 0.16480520 0.07795706 0.01850400
v 0.16632220 0.07279506 0.01850400
v 0.16499405 0.07209360 0.01850400
v 0.15292105 0.08684160 0.01850400
v 0.15410695 0.08781240 0.01850400
v 0.16617995 0.07306440 0.01850400
v 0.16945618 0.03166528 0.01850400
v 0.15278018 0.08710628 0.01850400
v 0.15424782 0.08754772 0.01850400
v 0.17092382 0.03210672 0.01850400
v 0.16355484 0.07717371 0.01850400
v 0.15299884 0.08675971 0.01850400
v 0.15402916 0.08789429 0.01850400
v 0.16458516 0.07830829 0.01850400
v 0.16333483 0.07752481 0.01850400
v 0.16051583 0.08711081 0.01850400
v 0.16198617 0.08754319 0.01850400
v 0.16480517 0.07795719 0.01850400
v 0.15351400 0.08809330 0.01850400
v 0.16125100 0.08809330 0.01850400
v 0.16125100 0.08656070 0.01850400
v 0.15351400 0.08656070 0.01850400
v 0.15330018 0.08806286 0.01850400
v 0.16770618 0.09224886 0.01850400
v 0.16813382 0.09077714 0.01850400
v 0.15372782 0.08659114 0.01850400
v 0.16084361 0.08797603 0.01850400
v 0.16751261 0.09216203 0.01850400
v 0.16832739 0.09086397 0.01850400
v 0.16165839 0.08667797 0.01850400
v 0.16868630 0.09151300 0.01850400
v 0.16868630 0.08732700 0.01850400
v 0.16715370 0.08732700 0.01850400
v 0.16715370 0.09151300 0.01850400
v 0.16125100 0.08809330 0.01850400
v 0.16792000 0.08809330 0.01850400
v 0.16792000 0.08656070 0.01850400
v 0.16125100 0.08656070 0.01850400
v 0.16792000 0.09074670 0.01850400
v 0.14570900 0.09074670 0.01850400
v 0.14570900 0.09227930 0.01850400
v 0.16792000 0.09227930 0.01850400
v 0.15315182 0.08665170 0.01850400
v 0.14534682 0.09083770 0.01850400
v 0.14607118 0.09218830 0.01850400
v 0.15387618 0.08800230 0.01850400
v 0.14647530 0.09151300 0.01850400
v 0.14647530 0.08732700 0.01850400
v 0.14494270 0.08732700 0.01850400
v 0.14494270 0.09151300 0.01850400
v 0.15351400 0.08656070 0.01850400
v 0.14570900 0.08656070 0.01850400
v 0.14570900 0.08809330 0.01850400
v 0.15351400 0.08809330 0.01850400
v -0.17058500 0.60158570 0.01850400
v -0.18039100 0.60158570 0.01850400
v -0.18039100 0.60311830 0.01850400
v -0.17058500 0.60311830 0.01850400
v -0.17969953 0.60268227 0.01850400
v -0.17334353 0.58937527 0.01850400
v -0.17472647 0.58871473 0.01850400
v -0.18108247 0.60202173 0.01850400
v -0.16984323 0.60215969 0.01850400
v -0.17329323 0.58885269 0.01850400
v -0.17477677 0.58923731 0.01850400
v -0.17132677 0.60254431 0.01850400
v -0.17964922 0.60254426 0.01850400
v -0.17620022 0.58923726 0.01850400
v -0.17768378 0.58885274 0.01850400
v -0.18113278 0.60215974 0.01850400
v -0.17403500 0.58827870 0.01850400
v -0.17694200 0.58827870 0.01850400
v -0.17694200 0.58981130 0.01850400
v -0.17403500 0.58981130 0.01850400
v -0.16982356 0.60243811 0.01850400
v -0.16522156 0.56174311 0.01850400
v -0.16674444 0.56157089 0.01850400
v -0.17134644 0.60226589 0.01850400
v -0.17329982 0.58926114 0.01850400
v -0.16524782 0.56187314 0.01850400
v -0.16671818 0.56144086 0.01850400
v -0.17477018 0.58882886 0.01850400
v -0.17962772 0.60228414 0.01850400
v -0.18324572 0.56158914 0.01850400
v -0.18477228 0.56172486 0.01850400
v -0.18115428 0.60241986 0.01850400
v -0.17620001 0.58885354 0.01850400
v -0.18326701 0.56146554 0.01850400
v -0.18475099 0.56184846 0.01850400
v -0.17768399 0.58923646 0.01850400
v -0.17965184 0.60214988 0.01850400
v -0.19481184 0.54670788 0.01850400
v -0.19629016 0.54711212 0.01850400
v -0.18113016 0.60255412 0.01850400
v -0.18340556 0.56118470 0.01850400
v -0.19494756 0.54643770 0.01850400
v -0.19615444 0.54738230 0.01850400
v -0.18461244 0.56212930 0.01850400
v -0.19607551 0.54746866 0.01850400
v -0.18586551 0.55705466 0.01850400
v -0.18481649 0.55593734 0.01850400
v -0.19502649 0.54635134 0.01850400
v -0.18326702 0.56146550 0.01850400
v -0.18459902 0.55630450 0.01850400
v -0.18608298 0.55668750 0.01850400
v -0.18475098 0.56184850 0.01850400
v -0.19555100 0.54767630 0.01850400
v -0.18781400 0.54767630 0.01850400
v -0.18781400 0.54614370 0.01850400
v -0.19555100 0.54614370 0.01850400
v -0.18459900 0.55630458 0.01850400
v -0.18707200 0.54671858 0.01850400
v -0.18855600 0.54710142 0.01850400
v -0.18608300 0.55668742 0.01850400
v -0.18534100 0.55726230 0.01850400
v -0.17494900 0.55726230 0.01850400
v -0.17494900 0.55572970 0.01850400
v -0.18534100 0.55572970 0.01850400
v -0.18362971 0.56232284 0.01850400
v -0.17456971 0.55716184 0.01850400
v -0.17532829 0.55583016 0.01850400
v -0.18438829 0.56099116 0.01850400
v -0.17763308 0.58904500 0.01276708
v -0.17472608 0.58904500 0.01883508
v -0.17334392 0.58904500 0.01817292
v -0.17625092 0.58904500 0.01210492
v -0.17694200 0.58904500 0.01320230
v -0.17403500 0.58904500 0.01320230
v -0.17403500 0.58904500 0.01166970
v -0.17694200 0.58904500 0.01166970
v -0.17326870 0.58904500 0.01850400
v -0.17326870 0.58904500 0.01243600
v -0.17480130 0.58904500 0.01243600
v -0.17480130 0.58904500 0.01850400
v -0.18400900 0.56242330 0.01850400
v -0.17494900 0.56242330 0.01850400
v -0.17494900 0.56089070 0.01850400
v -0.18400900 0.56089070 0.01850400
v -0.17571530 0.55649600 0.01850400
v -0.17571530 0.56165700 0.01850400
v -0.17418270 0.56165700 0.01850400
v -0.17418270 0.55649600 0.01850400
v -0.16560072 0.56099287 0.01850400
v -0.17456672 0.55583187 0.01850400
v -0.17533128 0.55716013 0.01850400
v -0.16636528 0.56232113 0.01850400
v -0.16598300 0.56089070 0.01850400
v -0.17494900 0.56089070 0.01850400
v -0.17494900 0.56242330 0.01850400
v -0.16598300 0.56242330 0.01850400
v -0.17617570 0.58904500 0.01850400
v -0.17617570 0.58904500 0.01243600
v -0.17770830 0.58904500 0.01243600
v -0.17770830 0.58904500 0.01850400
v -0.17694200 0.58904500 0.01927030
v -0.17403500 0.58904500 0.01927030
v -0.17403500 0.58904500 0.01773770
v -0.17694200 0.58904500 0.01773770
v -0.17494900 0.55726230 0.01850400
v -0.16446500 0.55726230 0.01850400
v -0.16446500 0.55572970 0.01850400
v -0.17494900 0.55572970 0.01850400
v -0.16524785 0.56187323 0.01850400
v -0.16372985 0.55671223 0.01850400
v -0.16520015 0.55627977 0.01850400
v -0.16671815 0.56144077 0.01850400
v -0.18760524 0.54617269 0.01850400
v -0.20238924 0.54198669 0.01850400
v -0.20280676 0.54346131 0.01850400
v -0.18802276 0.54764731 0.01850400
v -0.19515965 0.54625117 0.01850400
v -0.20220665 0.54206517 0.01850400
v -0.20298935 0.54338283 0.01850400
v -0.19594235 0.54756883 0.01850400
v -0.20336430 0.54272400 0.01850400
v -0.20336430 0.54691000 0.01850400
v -0.20183170 0.54691000 0.01850400
v -0.20183170 0.54272400 0.01850400
v -0.19555100 0.54614370 0.01850400
v -0.20259800 0.54614370 0.01850400
v -0.20259800 0.54767630 0.01850400
v -0.19555100 0.54767630 0.01850400
v -0.20259800 0.54349030 0.01850400
v -0.18038700 0.54349030 0.01850400
v -0.18038700 0.54195770 0.01850400
v -0.20259800 0.54195770 0.01850400
v -0.18743775 0.54757756 0.01850400
v -0.18001075 0.54339156 0.01850400
v -0.18076325 0.54205644 0.01850400
v -0.18819025 0.54624244 0.01850400
v -0.18115330 0.54272400 0.01850400
v -0.18115330 0.54691000 0.01850400
v -0.17962070 0.54691000 0.01850400
v -0.17962070 0.54272400 0.01850400
v -0.18781400 0.54767630 0.01850400
v -0.18038700 0.54767630 0.01850400
v -0.18038700 0.54614370 0.01850400
v -0.18781400 0.54614370 0.01850400
v -0.16539008 0.56214245 0.01850400
v -0.15331608 0.54739545 0.01850400
v -0.15450192 0.54642455 0.01850400
v -0.16657592 0.56117155 0.01850400
v -0.16394984 0.55706329 0.01850400
v -0.15339384 0.54747729 0.01850400
v -0.15442416 0.54634271 0.01850400
v -0.16498016 0.55592871 0.01850400
v -0.16985118 0.60257272 0.01850400
v -0.15317518 0.54713072 0.01850400
v -0.15464282 0.54668928 0.01850400
v -0.17131882 0.60213128 0.01850400
v -0.16372983 0.55671219 0.01850400
v -0.16091083 0.54712619 0.01850400
v -0.16238117 0.54669381 0.01850400
v -0.16520017 0.55627981 0.01850400
v -0.15390900 0.54614370 0.01850400
v -0.16164600 0.54614370 0.01850400
v -0.16164600 0.54767630 0.01850400
v -0.15390900 0.54767630 0.01850400
v -0.15369518 0.54617414 0.01850400
v -0.16810118 0.54198814 0.01850400
v -0.16852882 0.54345986 0.01850400
v -0.15412282 0.54764586 0.01850400
v -0.16123861 0.54626097 0.01850400
v -0.16790761 0.54207497 0.01850400
v -0.16872239 0.54337303 0.01850400
v -0.16205339 0.54755903 0.01850400
v -0.16908130 0.54272400 0.01850400
v -0.16908130 0.54691000 0.01850400
v -0.16754870 0.54691000 0.01850400
v -0.16754870 0.54272400 0.01850400
v -0.16164600 0.54614370 0.01850400
v -0.16831500 0.54614370 0.01850400
v -0.16831500 0.54767630 0.01850400
v -0.16164600 0.54767630 0.01850400
v -0.16831500 0.54349030 0.01850400
v -0.14610400 0.54349030 0.01850400
v -0.14610400 0.54195770 0.01850400
v -0.16831500 0.54195770 0.01850400
v -0.15354682 0.54758530 0.01850400
v -0.14574182 0.54339930 0.01850400
v -0.14646618 0.54204870 0.01850400
v -0.15427118 0.54623470 0.01850400
v -0.14687030 0.54272400 0.01850400
v -0.14687030 0.54691000 0.01850400
v -0.14533770 0.54691000 0.01850400
v -0.14533770 0.54272400 0.01850400
v -0.15390900 0.54767630 0.01850400
v -0.14610400 0.54767630 0.01850400
v -0.14610400 0.54614370 0.01850400
v -0.15390900 0.54614370 0.01850400
v 0.02951698 0.38883383 0.01850400
v 0.08062098 0.31467683 0.01850400
v 0.07935902 0.31380717 0.01850400
v 0.02825502 0.38796417 0.01850400
v 0.07922382 0.31425538 0.01850400
v 0.08033482 0.37785838 0.01850400
v 0.08186718 0.37783162 0.01850400
v 0.08075618 0.31422862 0.01850400
v 0.02903782 0.38915011 0.01850400
v 0.08125282 0.37859611 0.01850400
v 0.08094918 0.37709389 0.01850400
v 0.02873418 0.38764789 0.01850400
v 0.08076306 0.37715725 0.01850400
v 0.04854506 0.39298825 0.01850400
v 0.04922094 0.39436375 0.01850400
v 0.08143894 0.37853275 0.01850400
v 0.02869048 0.38913993 0.01850400
v 0.04868748 0.39441693 0.01850400
v 0.04907852 0.39293507 0.01850400
v 0.02908152 0.38765807 0.01850400
v 0.08062102 0.37724765 0.01850400
v 0.06506702 0.38974565 0.01850400
v 0.06602698 0.39094035 0.01850400
v 0.08158098 0.37844235 0.01850400
v 0.04903329 0.39442741 0.01850400
v 0.06569729 0.39109441 0.01850400
v 0.06539671 0.38959159 0.01850400
v 0.04873271 0.39292459 0.01850400
v 0.07947789 0.31367196 0.01850400
v 0.01115389 0.37505296 0.01850400
v 0.01217811 0.37619304 0.01850400
v 0.08050211 0.31481204 0.01850400
v 0.02934259 0.38778359 0.01850400
v 0.01212259 0.37500759 0.01850400
v 0.01120941 0.37623841 0.01850400
v 0.02842941 0.38901441 0.01850400
v 0.07924739 0.31443103 0.01850400
v 0.09091239 0.36025803 0.01850400
v 0.09239761 0.35987997 0.01850400
v 0.08073261 0.31405297 0.01850400
v 0.08175991 0.37823621 0.01850400
v 0.09231391 0.36046021 0.01850400
v 0.09099609 0.35967779 0.01850400
v 0.08044209 0.37745379 0.01850400
v 0.07932969 0.31463084 0.01850400
v 0.09404969 0.33962784 0.01850400
v 0.09537031 0.33885016 0.01850400
v 0.08065031 0.31385316 0.01850400
v 0.09241318 0.36018020 0.01850400
v 0.09546818 0.33935020 0.01850400
v 0.09395182 0.33912780 0.01850400
v 0.09089682 0.35995780 0.01850400
v 0.01229289 0.37518231 0.01850400
v 0.00245189 0.36118331 0.01850400
v 0.00119811 0.36206469 0.01850400
v 0.01103911 0.37606369 0.01850400
v 0.07959277 0.31358670 0.01850400
v 0.00142777 0.36096870 0.01850400
v 0.00222223 0.36227930 0.01850400
v 0.08038723 0.31489730 0.01850400
v 0.00243715 0.36208495 0.01850400
v 0.05338315 0.29442795 0.01850400
v 0.05215885 0.29350605 0.01850400
v 0.00121285 0.36116305 0.01850400
v 0.08044776 0.31362746 0.01850400
v 0.05322876 0.29335246 0.01850400
v 0.05231324 0.29458154 0.01850400
v 0.07953224 0.31485654 0.01850400
v 0.00254895 0.36187521 0.01850400
v 0.03238695 0.27588721 0.01850400
v 0.03093905 0.27538479 0.01850400
v 0.00110105 0.36137279 0.01850400
v 0.05327346 0.29338843 0.01850400
v 0.03216546 0.27505743 0.01850400
v 0.03116054 0.27621457 0.01850400
v 0.05226854 0.29454557 0.01850400
v 0.00254895 0.36137278 0.01850400
v -0.02729005 0.27538478 0.01850400
v -0.02873795 0.27588722 0.01850400
v 0.00110105 0.36187522 0.01850400
v 0.03166300 0.27486970 0.01850400
v -0.02801400 0.27486970 0.01850400
v -0.02801400 0.27640230 0.01850400
v 0.03166300 0.27640230 0.01850400
v -0.02775876 0.27635854 0.01850400
v 0.01469824 0.26136054 0.01850400
v 0.01418776 0.25991546 0.01850400
v -0.02826924 0.27491346 0.01850400
v 0.03216629 0.27505815 0.01850400
v 0.01494629 0.26006015 0.01850400
v 0.01393971 0.26121585 0.01850400
v 0.03115971 0.27621385 0.01850400
v -0.02751071 0.27621385 0.01850400
v -0.01029071 0.26121585 0.01850400
v -0.01129729 0.26006015 0.01850400
v -0.02851729 0.27505815 0.01850400
v 0.01444300 0.25987170 0.01850400
v -0.01079400 0.25987170 0.01850400
v -0.01079400 0.26140430 0.01850400
v 0.01444300 0.26140430 0.01850400
v -0.01014097 0.26103894 0.01850400
v 0.00247803 0.24048594 0.01850400
v 0.00117197 0.23968406 0.01850400
v -0.01144703 0.26023706 0.01850400
v 0.01509605 0.26023708 0.01850400
v 0.00247805 0.23968408 0.01850400
v 0.00117195 0.24048592 0.01850400
v 0.01378995 0.26103892 0.01850400
v 0.00243715 0.36116304 0.01850400
v -0.04850985 0.29350604 0.01850400
v -0.04973415 0.29442796 0.01850400
v 0.00121285 0.36208496 0.01850400
v -0.02851646 0.27505743 0.01850400
v -0.04962446 0.29338843 0.01850400
v -0.04861954 0.29454557 0.01850400
v -0.02751154 0.27621457 0.01850400
v 0.00222223 0.36096870 0.01850400
v -0.07594377 0.31358670 0.01850400
v -0.07673823 0.31489730 0.01850400
v 0.00142777 0.36227930 0.01850400
v -0.04957976 0.29335246 0.01850400
v -0.07679876 0.31362746 0.01850400
v -0.07588324 0.31485654 0.01850400
v -0.04866424 0.29458154 0.01850400
v -0.07685311 0.31481204 0.01850400
v -0.00852911 0.37619304 0.01850400
v -0.00750489 0.37505296 0.01850400
v -0.07582889 0.31367196 0.01850400
v 0.00119813 0.36118328 0.01850400
v -0.00864387 0.37518228 0.01850400
v -0.00739013 0.37606372 0.01850400
v 0.00245187 0.36206472 0.01850400
v -0.07697197 0.31467683 0.01850400
v -0.02586697 0.38883383 0.01850400
v -0.02460503 0.38796417 0.01850400
v -0.07571003 0.31380717 0.01850400
v -0.00847361 0.37500760 0.01850400
v -0.02569261 0.38778360 0.01850400
v -0.02477939 0.38901440 0.01850400
v -0.00756039 0.37623840 0.01850400
v -0.07710718 0.31422862 0.01850400
v -0.07821818 0.37783162 0.01850400
v -0.07668582 0.37785838 0.01850400
v -0.07557482 0.31425538 0.01850400
v -0.02508418 0.38764789 0.01850400
v -0.07730018 0.37709389 0.01850400
v -0.07760382 0.37859611 0.01850400
v -0.02538782 0.38915011 0.01850400
v -0.02543151 0.38765807 0.01850400
v -0.04542951 0.39293507 0.01850400
v -0.04503849 0.39441693 0.01850400
v -0.02504049 0.38913993 0.01850400
v -0.07778994 0.37853275 0.01850400
v -0.04557194 0.39436375 0.01850400
v -0.04489606 0.39298825 0.01850400
v -0.07711406 0.37715725 0.01850400
v -0.04508371 0.39292459 0.01850400
v -0.06174771 0.38959159 0.01850400
v -0.06204829 0.39109441 0.01850400
v -0.04538429 0.39442741 0.01850400
v -0.07793198 0.37844235 0.01850400
v -0.06237798 0.39094035 0.01850400
v -0.06141802 0.38974565 0.01850400
v -0.07697202 0.37724765 0.01850400
v -0.07679309 0.37745379 0.01850400
v -0.08734709 0.35967779 0.01850400
v -0.08866491 0.36046021 0.01850400
v -0.07811091 0.37823621 0.01850400
v -0.07708361 0.31405297 0.01850400
v -0.08874861 0.35987997 0.01850400
v -0.08726339 0.36025803 0.01850400
v -0.07559839 0.31443103 0.01850400
v -0.08724782 0.35995780 0.01850400
v -0.09030282 0.33912780 0.01850400
v -0.09181918 0.33935020 0.01850400
v -0.08876418 0.36018020 0.01850400
v -0.07700131 0.31385316 0.01850400
v -0.09172131 0.33885016 0.01850400
v -0.09040069 0.33962784 0.01850400
v -0.07568069 0.31463084 0.01850400
v 0.17381505 0.11881380 0.01850400
v 0.16388105 0.14744280 0.01850400
v 0.16532895 0.14794520 0.01850400
v 0.17526295 0.11931620 0.01850400
v 0.16510744 0.14711541 0.01850400
v 0.15807944 0.14101241 0.01850400
v 0.15707456 0.14216959 0.01850400
v 0.16410256 0.14827259 0.01850400
v 0.17392685 0.11860405 0.01850400
v 0.15696485 0.14113005 0.01850400
v 0.15818915 0.14205195 0.01850400
v 0.17515115 0.11952595 0.01850400
v 0.17381506 0.11931623 0.01850400
v 0.18375006 0.14794523 0.01850400
v 0.18519794 0.14744277 0.01850400
v 0.17526294 0.11881377 0.01850400
v 0.16460500 0.14846030 0.01850400
v 0.18447400 0.14846030 0.01850400
v 0.18447400 0.14692770 0.01850400
v 0.16460500 0.14692770 0.01850400
v 0.18421874 0.14697147 0.01850400
v 0.17008274 0.15196547 0.01850400
v 0.17059326 0.15341053 0.01850400
v 0.18472926 0.14841653 0.01850400
v 0.16410167 0.14827181 0.01850400
v 0.16983467 0.15326581 0.01850400
v 0.17084133 0.15211019 0.01850400
v 0.16510833 0.14711619 0.01850400
v 0.18397067 0.14711619 0.01850400
v 0.17823767 0.15211019 0.01850400
v 0.17924433 0.15326581 0.01850400
v 0.18497733 0.14827181 0.01850400
v 0.17033800 0.15345430 0.01850400
v 0.17874100 0.15345430 0.01850400
v 0.17874100 0.15192170 0.01850400
v 0.17033800 0.15192170 0.01850400
v 0.17808799 0.15228702 0.01850400
v 0.17388599 0.15913002 0.01850400
v 0.17519201 0.15993198 0.01850400
v 0.17939401 0.15308898 0.01850400
v 0.16968495 0.15308892 0.01850400
v 0.17388595 0.15993192 0.01850400
v 0.17519205 0.15913008 0.01850400
v 0.17099105 0.15228708 0.01850400
v 0.17392686 0.11952597 0.01850400
v 0.19088986 0.14205197 0.01850400
v 0.19211414 0.14113003 0.01850400
v 0.17515114 0.11860403 0.01850400
v 0.18497644 0.14827259 0.01850400
v 0.19200444 0.14216959 0.01850400
v 0.19099956 0.14101241 0.01850400
v 0.18397156 0.14711541 0.01850400
v 0.17414177 0.11840970 0.01850400
v 0.14811677 0.13418570 0.01850400
v 0.14891123 0.13549630 0.01850400
v 0.17493623 0.11972030 0.01850400
v 0.15803472 0.14097643 0.01850400
v 0.14897172 0.13422643 0.01850400
v 0.14805628 0.13545557 0.01850400
v 0.15711928 0.14220557 0.01850400
v 0.17414177 0.11972030 0.01850400
v 0.20016677 0.13549630 0.01850400
v 0.20096123 0.13418570 0.01850400
v 0.17493623 0.11840970 0.01850400
v 0.19195976 0.14220555 0.01850400
v 0.20102176 0.13545555 0.01850400
v 0.20010624 0.13422645 0.01850400
v 0.19104424 0.14097645 0.01850400
v 0.14902611 0.13541104 0.01850400
v 0.17177511 0.11497404 0.01850400
v 0.17075089 0.11383396 0.01850400
v 0.14800189 0.13427096 0.01850400
v 0.17516593 0.11862436 0.01850400
v 0.17188993 0.11396336 0.01850400
v 0.17063607 0.11484464 0.01850400
v 0.17391207 0.11950564 0.01850400
v 0.20107612 0.13427097 0.01850400
v 0.17832812 0.11383397 0.01850400
v 0.17730388 0.11497403 0.01850400
v 0.20005188 0.13541103 0.01850400
v 0.17516587 0.11950573 0.01850400
v 0.17844287 0.11484473 0.01850400
v 0.17718913 0.11396327 0.01850400
v 0.17391213 0.11862427 0.01850400
v 0.14914498 0.13527582 0.01850400
v 0.16615998 0.11058482 0.01850400
v 0.16489802 0.10971518 0.01850400
v 0.14788302 0.13440618 0.01850400
v 0.17171958 0.11378858 0.01850400
v 0.16598558 0.10953458 0.01850400
v 0.16507242 0.11076542 0.01850400
v 0.17080642 0.11501942 0.01850400
v 0.20119498 0.13440618 0.01850400
v 0.18417998 0.10971518 0.01850400
v 0.18291802 0.11058482 0.01850400
v 0.19993302 0.13527582 0.01850400
v 0.17827263 0.11501939 0.01850400
v 0.18400563 0.11076539 0.01850400
v 0.18309237 0.10953461 0.01850400
v 0.17735937 0.11378861 0.01850400
v 0.14928018 0.13482761 0.01850400
v 0.14891018 0.11365061 0.01850400
v 0.14737782 0.11367739 0.01850400
v 0.14774782 0.13485439 0.01850400
v 0.16537718 0.10939889 0.01850400
v 0.14799218 0.11291289 0.01850400
v 0.14829582 0.11441511 0.01850400
v 0.16568082 0.11090111 0.01850400
v 0.14848194 0.11435175 0.01850400
v 0.15920894 0.10908075 0.01850400
v 0.15853306 0.10770525 0.01850400
v 0.14780606 0.11297625 0.01850400
v 0.16572453 0.10940907 0.01850400
v 0.15906653 0.10765207 0.01850400
v 0.15867547 0.10913393 0.01850400
v 0.16533347 0.11089093 0.01850400
v 0.14862395 0.11426137 0.01850400
v 0.15380295 0.11010037 0.01850400
v 0.15284305 0.10890563 0.01850400
v 0.14766405 0.11306663 0.01850400
v 0.15872067 0.10764160 0.01850400
v 0.15317267 0.10875160 0.01850400
v 0.15347333 0.11025440 0.01850400
v 0.15902133 0.10914440 0.01850400
v 0.14925662 0.13465198 0.01850400
v 0.14537262 0.11939298 0.01850400
v 0.14388738 0.11977102 0.01850400
v 0.14777138 0.13503002 0.01850400
v 0.14748511 0.11327276 0.01850400
v 0.14397111 0.11919076 0.01850400
v 0.14528889 0.11997324 0.01850400
v 0.14880289 0.11405524 0.01850400
v 0.14917432 0.13445217 0.01850400
v 0.14427332 0.12612917 0.01850400
v 0.14295268 0.12690683 0.01850400
v 0.14785368 0.13522983 0.01850400
v 0.14387181 0.11947083 0.01850400
v 0.14285481 0.12640683 0.01850400
v 0.14437119 0.12662917 0.01850400
v 0.14538819 0.11969317 0.01850400
v 0.20133018 0.13485439 0.01850400
v 0.20170018 0.11367739 0.01850400
v 0.20016782 0.11365061 0.01850400
v 0.19979782 0.13482761 0.01850400
v 0.18339718 0.11090111 0.01850400
v 0.20078218 0.11441511 0.01850400
v 0.20108582 0.11291289 0.01850400
v 0.18370082 0.10939889 0.01850400
v 0.18374453 0.11089093 0.01850400
v 0.19040253 0.10913393 0.01850400
v 0.19001147 0.10765207 0.01850400
v 0.18335347 0.10940907 0.01850400
v 0.20127194 0.11297625 0.01850400
v 0.19054494 0.10770525 0.01850400
v 0.18986906 0.10908075 0.01850400
v 0.20059606 0.11435175 0.01850400
v 0.19005669 0.10914441 0.01850400
v 0.19560569 0.11025441 0.01850400
v 0.19590631 0.10875159 0.01850400
v 0.19035731 0.10764159 0.01850400
v 0.20141401 0.11306667 0.01850400
v 0.19623601 0.10890567 0.01850400
v 0.19527599 0.11010033 0.01850400
v 0.20045399 0.11426133 0.01850400
v 0.20027511 0.11405524 0.01850400
v 0.20378911 0.11997324 0.01850400
v 0.20510689 0.11919076 0.01850400
v 0.20159289 0.11327276 0.01850400
v 0.20130662 0.13503002 0.01850400
v 0.20519062 0.11977102 0.01850400
v 0.20370538 0.11939298 0.01850400
v 0.19982138 0.13465198 0.01850400
v 0.20368983 0.11969328 0.01850400
v 0.20470783 0.12662928 0.01850400
v 0.20622417 0.12640672 0.01850400
v 0.20520617 0.11947072 0.01850400
v 0.20122428 0.13522989 0.01850400
v 0.20612628 0.12690689 0.01850400
v 0.20480572 0.12612911 0.01850400
v 0.19990372 0.13445211 0.01850400
v -0.16476902 0.52378482 0.01850400
v -0.14775402 0.49909382 0.01850400
v -0.14901598 0.49822418 0.01850400
v -0.16603098 0.52291518 0.01850400
v -0.14915118 0.49867239 0.01850400
v -0.14878118 0.51984939 0.01850400
v -0.14724882 0.51982261 0.01850400
v -0.14761882 0.49864561 0.01850400
v -0.16524818 0.52410111 0.01850400
v -0.14786318 0.52058711 0.01850400
v -0.14816682 0.51908489 0.01850400
v -0.16555182 0.52259889 0.01850400
v -0.14835294 0.51914825 0.01850400
v -0.15907994 0.52441925 0.01850400
v -0.15840406 0.52579475 0.01850400
v -0.14767706 0.52052375 0.01850400
v -0.16559553 0.52409093 0.01850400
v -0.15893753 0.52584793 0.01850400
v -0.15854647 0.52436607 0.01850400
v -0.16520447 0.52260907 0.01850400
v -0.14849501 0.51923867 0.01850400
v -0.15367301 0.52339967 0.01850400
v -0.15271299 0.52459433 0.01850400
v -0.14753499 0.52043333 0.01850400
v -0.15859169 0.52585841 0.01850400
v -0.15304269 0.52474841 0.01850400
v -0.15334331 0.52324559 0.01850400
v -0.15889231 0.52435559 0.01850400
v -0.14889712 0.49808897 0.01850400
v -0.17164512 0.51852597 0.01850400
v -0.17062088 0.51966603 0.01850400
v -0.14787288 0.49922903 0.01850400
v -0.16494337 0.52273461 0.01850400
v -0.17067637 0.51848061 0.01850400
v -0.17158963 0.51971139 0.01850400
v -0.16585663 0.52396539 0.01850400
v -0.14912762 0.49884802 0.01850400
v -0.14524362 0.51410702 0.01850400
v -0.14375838 0.51372898 0.01850400
v -0.14764238 0.49846998 0.01850400
v -0.14735611 0.52022724 0.01850400
v -0.14384211 0.51430924 0.01850400
v -0.14515989 0.51352676 0.01850400
v -0.14867389 0.51944476 0.01850400
v -0.14904532 0.49904783 0.01850400
v -0.14414432 0.50737083 0.01850400
v -0.14282368 0.50659317 0.01850400
v -0.14772468 0.49827017 0.01850400
v -0.14374281 0.51402917 0.01850400
v -0.14272581 0.50709317 0.01850400
v -0.14424219 0.50687083 0.01850400
v -0.14525919 0.51380683 0.01850400
v -0.17050613 0.51865527 0.01850400
v -0.17378313 0.51399427 0.01850400
v -0.17503687 0.51487573 0.01850400
v -0.17175987 0.51953673 0.01850400
v -0.14878223 0.49800370 0.01850400
v -0.17480723 0.51377970 0.01850400
v -0.17401277 0.51509030 0.01850400
v -0.14798777 0.49931430 0.01850400
v -0.17379786 0.51489597 0.01850400
v -0.15683486 0.49236997 0.01850400
v -0.15805914 0.49144803 0.01850400
v -0.17502214 0.51397403 0.01850400
v -0.14792724 0.49804445 0.01850400
v -0.15698924 0.49129445 0.01850400
v -0.15790476 0.49252355 0.01850400
v -0.14884276 0.49927355 0.01850400
v -0.17368606 0.51468623 0.01850400
v -0.16375106 0.48605723 0.01850400
v -0.16519894 0.48555477 0.01850400
v -0.17513394 0.51418377 0.01850400
v -0.15694456 0.49133041 0.01850400
v -0.16397256 0.48522741 0.01850400
v -0.16497744 0.48638459 0.01850400
v -0.15794944 0.49248759 0.01850400
v -0.17368606 0.51418377 0.01850400
v -0.18362106 0.48555477 0.01850400
v -0.18506894 0.48605723 0.01850400
v -0.17513394 0.51468623 0.01850400
v -0.16447500 0.48503970 0.01850400
v -0.18434500 0.48503970 0.01850400
v -0.18434500 0.48657230 0.01850400
v -0.16447500 0.48657230 0.01850400
v -0.18408974 0.48652853 0.01850400
v -0.16995374 0.48153453 0.01850400
v -0.17046426 0.48008947 0.01850400
v -0.18460026 0.48508347 0.01850400
v -0.16397172 0.48522814 0.01850400
v -0.16970572 0.48023414 0.01850400
v -0.17071228 0.48138986 0.01850400
v -0.16497828 0.48638386 0.01850400
v -0.18384172 0.48638386 0.01850400
v -0.17810772 0.48138986 0.01850400
v -0.17911428 0.48023414 0.01850400
v -0.18484828 0.48522814 0.01850400
v -0.17020900 0.48004570 0.01850400
v -0.17861100 0.48004570 0.01850400
v -0.17861100 0.48157830 0.01850400
v -0.17020900 0.48157830 0.01850400
v -0.17795795 0.48121292 0.01850400
v -0.17375695 0.47436992 0.01850400
v -0.17506305 0.47356808 0.01850400
v -0.17926405 0.48041108 0.01850400
v -0.16955595 0.48041108 0.01850400
v -0.17375695 0.47356808 0.01850400
v -0.17506305 0.47436992 0.01850400
v -0.17086205 0.48121292 0.01850400
v -0.17379786 0.51397403 0.01850400
v -0.19076086 0.49144803 0.01850400
v -0.19198514 0.49236997 0.01850400
v -0.17502214 0.51489597 0.01850400
v -0.18484744 0.48522741 0.01850400
v -0.19187544 0.49133041 0.01850400
v -0.19087056 0.49248759 0.01850400
v -0.18384256 0.48638459 0.01850400
v -0.17401277 0.51377970 0.01850400
v -0.20003777 0.49800370 0.01850400
v -0.20083223 0.49931430 0.01850400
v -0.17480723 0.51509030 0.01850400
v -0.19183076 0.49129445 0.01850400
v -0.20089276 0.49804445 0.01850400
v -0.19997724 0.49927355 0.01850400
v -0.19091524 0.49252355 0.01850400
v -0.20094711 0.49922904 0.01850400
v -0.17819811 0.51966604 0.01850400
v -0.17717389 0.51852596 0.01850400
v -0.19992289 0.49808896 0.01850400
v -0.17503693 0.51399436 0.01850400
v -0.17831293 0.51865536 0.01850400
v -0.17705907 0.51953664 0.01850400
v -0.17378307 0.51487564 0.01850400
v -0.20106598 0.49909382 0.01850400
v -0.18405098 0.52378482 0.01850400
v -0.18278902 0.52291518 0.01850400
v -0.19980402 0.49822418 0.01850400
v -0.17814258 0.51848058 0.01850400
v -0.18387658 0.52273458 0.01850400
v -0.18296342 0.52396542 0.01850400
v -0.17722942 0.51971142 0.01850400
v -0.20120118 0.49864561 0.01850400
v -0.20157118 0.51982261 0.01850400
v -0.20003882 0.51984939 0.01850400
v -0.19966882 0.49867239 0.01850400
v -0.18326818 0.52259889 0.01850400
v -0.20065318 0.51908489 0.01850400
v -0.20095682 0.52058711 0.01850400
v -0.18357182 0.52410111 0.01850400
v -0.18361553 0.52260907 0.01850400
v -0.19027353 0.52436607 0.01850400
v -0.18988247 0.52584793 0.01850400
v -0.18322447 0.52409093 0.01850400
v -0.20114294 0.52052375 0.01850400
v -0.19041594 0.52579475 0.01850400
v -0.18974006 0.52441925 0.01850400
v -0.20046706 0.51914825 0.01850400
v -0.18992767 0.52435560 0.01850400
v -0.19547567 0.52324560 0.01850400
v -0.19577633 0.52474840 0.01850400
v -0.19022833 0.52585840 0.01850400
v -0.20128495 0.52043337 0.01850400
v -0.19610595 0.52459437 0.01850400
v -0.19514605 0.52339963 0.01850400
v -0.20032505 0.51923863 0.01850400
v -0.20014611 0.51944476 0.01850400
v -0.20366011 0.51352676 0.01850400
v -0.20497789 0.51430924 0.01850400
v -0.20146389 0.52022724 0.01850400
v -0.20117762 0.49846998 0.01850400
v -0.20506162 0.51372898 0.01850400
v -0.20357638 0.51410702 0.01850400
v -0.19969238 0.49884802 0.01850400
v -0.20356081 0.51380683 0.01850400
v -0.20457781 0.50687083 0.01850400
v -0.20609419 0.50709317 0.01850400
v -0.20507719 0.51402917 0.01850400
v -0.20109532 0.49827017 0.01850400
v -0.20599632 0.50659317 0.01850400
v -0.20467568 0.50737083 0.01850400
v -0.19977468 0.49904783 0.01850400
v 0.17019000 0.03188600 0.01773770
v 0.15351400 0.08732700 0.01773770
v 0.15351400 0.08732700 0.01927030
v 0.17019000 0.03188600 0.01927030
v 0.15373472 0.08659318 0.01850400
v 0.15373472 0.08659318 0.01243600
v 0.15329328 0.08806082 0.01243600
v 0.15329328 0.08806082 0.01850400
v 0.17021301 0.03180951 0.01774188
v 0.15353701 0.08725051 0.01167388
v 0.15349099 0.08740349 0.01319812
v 0.17016699 0.03196249 0.01926612
v 0.15351400 0.08732700 0.01320230
v 0.17019000 0.03188600 0.01320230
v 0.17019000 0.03188600 0.01166970
v 0.15351400 0.08732700 0.01166970
v 0.17041072 0.03115218 0.01850400
v 0.17041072 0.03115218 0.01243600
v 0.16996928 0.03261982 0.01243600
v 0.16996928 0.03261982 0.01850400
v -0.17058500 0.60235200 0.01773770
v -0.15390900 0.54691000 0.01773770
v -0.15390900 0.54691000 0.01927030
v -0.17058500 0.60235200 0.01927030
v -0.15412972 0.54764382 0.01850400
v -0.15412972 0.54764382 0.01243600
v -0.15368828 0.54617618 0.01243600
v -0.15368828 0.54617618 0.01850400
v -0.17060801 0.60242849 0.01774188
v -0.15393201 0.54698649 0.01167388
v -0.15388599 0.54683351 0.01319812
v -0.17056199 0.60227551 0.01926612
v -0.15390900 0.54691000 0.01320230
v -0.17058500 0.60235200 0.01320230
v -0.17058500 0.60235200 0.01166970
v -0.15390900 0.54691000 0.01166970
v -0.17080572 0.60308582 0.01850400
v -0.17080572 0.60308582 0.01243600
v -0.17036428 0.60161818 0.01243600
v -0.17036428 0.60161818 0.01850400
v 0.14570900 0.09088223 0.01893913
v 0.14570900 0.08669623 0.01287113
v 0.14570900 0.08795777 0.01200087
v 0.14570900 0.09214377 0.01806887
v 0.14570900 0.08809330 0.01243600
v 0.14570900 0.08809330 0.01850400
v 0.14570900 0.08656070 0.01850400
v 0.14570900 0.08656070 0.01243600
v 0.14570900 0.09151300 0.01927030
v 0.14570900 0.08732700 0.01927030
v 0.14570900 0.08732700 0.01773770
v 0.14570900 0.09151300 0.01773770
v 0.14570900 0.09074670 0.01850400
v 0.14570900 0.09074670 0.01243600
v 0.14570900 0.09227930 0.01243600
v 0.14570900 0.09227930 0.01850400
v 0.14570900 0.08732700 0.01166970
v 0.14570900 0.09151300 0.01166970
v 0.14570900 0.09151300 0.01320230
v 0.14570900 0.08732700 0.01320230
v -0.14610400 0.54335477 0.01893913
v -0.14610400 0.54754077 0.01287113
v -0.14610400 0.54627923 0.01200087
v -0.14610400 0.54209323 0.01806887
v -0.14610400 0.54614370 0.01243600
v -0.14610400 0.54614370 0.01850400
v -0.14610400 0.54767630 0.01850400
v -0.14610400 0.54767630 0.01243600
v -0.14610400 0.54272400 0.01927030
v -0.14610400 0.54691000 0.01927030
v -0.14610400 0.54691000 0.01773770
v -0.14610400 0.54272400 0.01773770
v -0.14610400 0.54349030 0.01850400
v -0.14610400 0.54349030 0.01243600
v -0.14610400 0.54195770 0.01243600
v -0.14610400 0.54195770 0.01850400
v -0.14610400 0.54691000 0.01166970
v -0.14610400 0.54272400 0.01166970
v -0.14610400 0.54272400 0.01320230
v -0.14610400 0.54691000 0.01320230
v 0.17999200 0.09088223 0.01893913
v 0.17999200 0.08669623 0.01287113
v 0.17999200 0.08795777 0.01200087
v 0.17999200 0.09214377 0.01806887
v 0.17999200 0.08809330 0.01243600
v 0.17999200 0.08809330 0.01850400
v 0.17999200 0.08656070 0.01850400
v 0.17999200 0.08656070 0.01243600
v 0.17999200 0.09151300 0.01927030
v 0.17999200 0.08732700 0.01927030
v 0.17999200 0.08732700 0.01773770
v 0.17999200 0.09151300 0.01773770
v 0.17999200 0.09074670 0.01850400
v 0.17999200 0.09074670 0.01243600
v 0.17999200 0.09227930 0.01243600
v 0.17999200 0.09227930 0.01850400
v 0.17999200 0.08732700 0.01166970
v 0.17999200 0.09151300 0.01166970
v 0.17999200 0.09151300 0.01320230
v 0.17999200 0.08732700 0.01320230
v -0.18038700 0.54335477 0.01893913
v -0.18038700 0.54754077 0.01287113
v -0.18038700 0.54627923 0.01200087
v -0.18038700 0.54209323 0.01806887
v -0.18038700 0.54614370 0.01243600
v -0.18038700 0.54614370 0.01850400
v -0.18038700 0.54767630 0.01850400
v -0.18038700 0.54767630 0.01243600
v -0.18038700 0.54272400 0.01927030
v -0.18038700 0.54691000 0.01927030
v -0.18038700 0.54691000 0.01773770
v -0.18038700 0.54272400 0.01773770
v -0.18038700 0.54349030 0.01850400
v -0.18038700 0.54349030 0.01243600
v -0.18038700 0.54195770 0.01243600
v -0.18038700 0.54195770 0.01850400
v -0.18038700 0.54691000 0.01166970
v -0.18038700 0.54272400 0.01166970
v -0.18038700 0.54272400 0.01320230
v -0.18038700 0.54691000 0.01320230
v -0.20259800 0.54272400 0.01320230
v -0.18038700 0.54272400 0.01320230
v -0.18038700 0.54272400 0.01166970
v -0.20259800 0.54272400 0.01166970
v -0.18058895 0.54272400 0.01169679
v -0.20279995 0.54272400 0.01776479
v -0.20239605 0.54272400 0.01924321
v -0.18018505 0.54272400 0.01317521
v -0.20336430 0.54272400 0.01243600
v -0.20336430 0.54272400 0.01850400
v -0.20183170 0.54272400 0.01850400
v -0.20183170 0.54272400 0.01243600
v -0.20259800 0.54272400 0.01927030
v -0.18038700 0.54272400 0.01927030
v -0.18038700 0.54272400 0.01773770
v -0.20259800 0.54272400 0.01773770
v -0.18115330 0.54272400 0.01243600
v -0.18115330 0.54272400 0.01850400
v -0.17962070 0.54272400 0.01850400
v -0.17962070 0.54272400 0.01243600
v -0.14610400 0.54272400 0.01773770
v -0.16831500 0.54272400 0.01773770
v -0.16831500 0.54272400 0.01927030
v -0.14610400 0.54272400 0.01927030
v -0.16754870 0.54272400 0.01850400
v -0.16754870 0.54272400 0.01243600
v -0.16908130 0.54272400 0.01243600
v -0.16908130 0.54272400 0.01850400
v -0.14590205 0.54272400 0.01776479
v -0.16811305 0.54272400 0.01169679
v -0.16851695 0.54272400 0.01317521
v -0.14630595 0.54272400 0.01924321
v -0.16831500 0.54272400 0.01320230
v -0.14610400 0.54272400 0.01320230
v -0.14610400 0.54272400 0.01166970
v -0.16831500 0.54272400 0.01166970
v -0.14533770 0.54272400 0.01850400
v -0.14533770 0.54272400 0.01243600
v -0.14687030 0.54272400 0.01243600
v -0.14687030 0.54272400 0.01850400
v 0.20220300 0.09151300 0.01320230
v 0.17999200 0.09151300 0.01320230
v 0.17999200 0.09151300 0.01166970
v 0.20220300 0.09151300 0.01166970
v 0.18019395 0.09151300 0.01169679
v 0.20240495 0.09151300 0.01776479
v 0.20200105 0.09151300 0.01924321
v 0.17979005 0.09151300 0.01317521
v 0.20296930 0.09151300 0.01243600
v 0.20296930 0.09151300 0.01850400
v 0.20143670 0.09151300 0.01850400
v 0.20143670 0.09151300 0.01243600
v 0.20220300 0.09151300 0.01927030
v 0.17999200 0.09151300 0.01927030
v 0.17999200 0.09151300 0.01773770
v 0.20220300 0.09151300 0.01773770
v 0.18075830 0.09151300 0.01243600
v 0.18075830 0.09151300 0.01850400
v 0.17922570 0.09151300 0.01850400
v 0.17922570 0.09151300 0.01243600
v 0.14570900 0.09151300 0.01773770
v 0.16792000 0.09151300 0.01773770
v 0.16792000 0.09151300 0.01927030
v 0.14570900 0.09151300 0.01927030
v 0.16715370 0.09151300 0.01850400
v 0.16715370 0.09151300 0.01243600
v 0.16868630 0.09151300 0.01243600
v 0.16868630 0.09151300 0.01850400
v 0.14550705 0.09151300 0.01776479
v 0.16771805 0.09151300 0.01169679
v 0.16812195 0.09151300 0.01317521
v 0.14591095 0.09151300 0.01924321
v 0.16792000 0.09151300 0.01320230
v 0.14570900 0.09151300 0.01320230
v 0.14570900 0.09151300 0.01166970
v 0.16792000 0.09151300 0.01166970
v 0.14494270 0.09151300 0.01850400
v 0.14494270 0.09151300 0.01243600
v 0.14647530 0.09151300 0.01243600
v 0.14647530 0.09151300 0.01850400
v -0.14817816 0.49901027 0.01915287
v -0.14327716 0.50733327 0.01308487
v -0.14369084 0.50663073 0.01178713
v -0.14859184 0.49830773 0.01785513
v -0.14387283 0.50632168 0.01243600
v -0.14387283 0.50632168 0.01850400
v -0.14309517 0.50764232 0.01850400
v -0.14309517 0.50764232 0.01243600
v -0.14838500 0.49865900 0.01927030
v -0.14348400 0.50698200 0.01927030
v -0.14348400 0.50698200 0.01773770
v -0.14838500 0.49865900 0.01773770
v -0.14787319 0.49922932 0.01850400
v -0.14787319 0.49922932 0.01243600
v -0.14889681 0.49808868 0.01243600
v -0.14889681 0.49808868 0.01850400
v -0.14348400 0.50698200 0.01166970
v -0.14838500 0.49865900 0.01166970
v -0.14838500 0.49865900 0.01320230
v -0.14348400 0.50698200 0.01320230
v -0.14867575 0.49844243 0.01176089
v -0.15773775 0.49169243 0.01782889
v -0.15715625 0.49212557 0.01917911
v -0.14809425 0.49887557 0.01311111
v -0.14838500 0.49865900 0.01773770
v -0.15744700 0.49190900 0.01773770
v -0.15744700 0.49190900 0.01927030
v -0.14838500 0.49865900 0.01927030
v -0.15685001 0.49238943 0.01850400
v -0.15685001 0.49238943 0.01243600
v -0.15804399 0.49142857 0.01243600
v -0.15804399 0.49142857 0.01850400
v -0.14838500 0.49865900 0.01166970
v -0.15744700 0.49190900 0.01166970
v -0.15744700 0.49190900 0.01320230
v -0.14838500 0.49865900 0.01320230
v -0.15776297 0.49163461 0.01179407
v -0.16479097 0.48553161 0.01786207
v -0.16415903 0.48608039 0.01914593
v -0.15713103 0.49218339 0.01307793
v -0.15744700 0.49190900 0.01773770
v -0.16447500 0.48580600 0.01773770
v -0.16447500 0.48580600 0.01927030
v -0.15744700 0.49190900 0.01927030
v -0.16389678 0.48630886 0.01850400
v -0.16389678 0.48630886 0.01243600
v -0.16505322 0.48530314 0.01243600
v -0.16505322 0.48530314 0.01850400
v -0.15744700 0.49190900 0.01166970
v -0.16447500 0.48580600 0.01166970
v -0.16447500 0.48580600 0.01320230
v -0.15744700 0.49190900 0.01320230
v -0.16483544 0.48549208 0.01183704
v -0.17056944 0.48049808 0.01790504
v -0.16984856 0.48112592 0.01910296
v -0.16411456 0.48611992 0.01303496
v -0.16447500 0.48580600 0.01773770
v -0.17020900 0.48081200 0.01773770
v -0.17020900 0.48081200 0.01927030
v -0.16447500 0.48580600 0.01927030
v -0.16971392 0.48139690 0.01850400
v -0.16971392 0.48139690 0.01243600
v -0.17070408 0.48022710 0.01243600
v -0.17070408 0.48022710 0.01850400
v -0.16447500 0.48580600 0.01166970
v -0.17020900 0.48081200 0.01166970
v -0.17020900 0.48081200 0.01320230
v -0.16447500 0.48580600 0.01320230
v -0.17045071 0.48041827 0.01182464
v -0.17465171 0.47357527 0.01789264
v -0.17416829 0.47436273 0.01911536
v -0.16996729 0.48120573 0.01304736
v -0.17020900 0.48081200 0.01773770
v -0.17441000 0.47396900 0.01773770
v -0.17441000 0.47396900 0.01927030
v -0.17020900 0.48081200 0.01927030
v -0.17400908 0.47462205 0.01850400
v -0.17400908 0.47462205 0.01243600
v -0.17481092 0.47331595 0.01243600
v -0.17481092 0.47331595 0.01850400
v -0.17020900 0.48081200 0.01166970
v -0.17441000 0.47396900 0.01166970
v -0.17441000 0.47396900 0.01320230
v -0.17020900 0.48081200 0.01320230
v -0.17494900 0.55649600 0.01773770
v -0.18534100 0.55649600 0.01773770
v -0.18534100 0.55649600 0.01927030
v -0.17494900 0.55649600 0.01927030
v -0.18495460 0.55649600 0.01916574
v -0.17456260 0.55649600 0.01309774
v -0.17533540 0.55649600 0.01177426
v -0.18572740 0.55649600 0.01784226
v -0.17418270 0.55649600 0.01850400
v -0.17418270 0.55649600 0.01243600
v -0.17571530 0.55649600 0.01243600
v -0.17571530 0.55649600 0.01850400
v -0.18457470 0.55649600 0.01850400
v -0.18457470 0.55649600 0.01243600
v -0.18610730 0.55649600 0.01243600
v -0.18610730 0.55649600 0.01850400
v -0.17494900 0.55649600 0.01166970
v -0.18534100 0.55649600 0.01166970
v -0.18534100 0.55649600 0.01320230
v -0.17494900 0.55649600 0.01320230
v -0.17456514 0.55649600 0.01916722
v -0.16408114 0.55649600 0.01309922
v -0.16484886 0.55649600 0.01177278
v -0.17533286 0.55649600 0.01784078
v -0.17494900 0.55649600 0.01320230
v -0.16446500 0.55649600 0.01320230
v -0.16446500 0.55649600 0.01166970
v -0.17494900 0.55649600 0.01166970
v -0.16523130 0.55649600 0.01243600
v -0.16523130 0.55649600 0.01850400
v -0.16369870 0.55649600 0.01850400
v -0.16369870 0.55649600 0.01243600
v -0.17494900 0.55649600 0.01927030
v -0.16446500 0.55649600 0.01927030
v -0.16446500 0.55649600 0.01773770
v -0.17494900 0.55649600 0.01773770
v 0.14830716 0.13448973 0.01915287
v 0.14340616 0.12616673 0.01308487
v 0.14381984 0.12686927 0.01178713
v 0.14872084 0.13519227 0.01785513
v 0.14400183 0.12717832 0.01243600
v 0.14400183 0.12717832 0.01850400
v 0.14322417 0.12585768 0.01850400
v 0.14322417 0.12585768 0.01243600
v 0.14851400 0.13484100 0.01927030
v 0.14361300 0.12651800 0.01927030
v 0.14361300 0.12651800 0.01773770
v 0.14851400 0.13484100 0.01773770
v 0.14800218 0.13427070 0.01850400
v 0.14800218 0.13427070 0.01243600
v 0.14902582 0.13541130 0.01243600
v 0.14902582 0.13541130 0.01850400
v 0.14361300 0.12651800 0.01166970
v 0.14851400 0.13484100 0.01166970
v 0.14851400 0.13484100 0.01320230
v 0.14361300 0.12651800 0.01320230
v 0.14880474 0.13505754 0.01176088
v 0.15786774 0.14180754 0.01782888
v 0.15728626 0.14137446 0.01917912
v 0.14822326 0.13462446 0.01311112
v 0.14851400 0.13484100 0.01773770
v 0.15757700 0.14159100 0.01773770
v 0.15757700 0.14159100 0.01927030
v 0.14851400 0.13484100 0.01927030
v 0.15698000 0.14111058 0.01850400
v 0.15698000 0.14111058 0.01243600
v 0.15817400 0.14207142 0.01243600
v 0.15817400 0.14207142 0.01850400
v 0.14851400 0.13484100 0.01166970
v 0.15757700 0.14159100 0.01166970
v 0.15757700 0.14159100 0.01320230
v 0.14851400 0.13484100 0.01320230
v 0.15789297 0.14186539 0.01179407
v 0.16492097 0.14796839 0.01786207
v 0.16428903 0.14741961 0.01914593
v 0.15726103 0.14131661 0.01307793
v 0.15757700 0.14159100 0.01773770
v 0.16460500 0.14769400 0.01773770
v 0.16460500 0.14769400 0.01927030
v 0.15757700 0.14159100 0.01927030
v 0.16402680 0.14719112 0.01850400
v 0.16402680 0.14719112 0.01243600
v 0.16518320 0.14819688 0.01243600
v 0.16518320 0.14819688 0.01850400
v 0.15757700 0.14159100 0.01166970
v 0.16460500 0.14769400 0.01166970
v 0.16460500 0.14769400 0.01320230
v 0.15757700 0.14159100 0.01320230
v 0.16496543 0.14800797 0.01183707
v 0.17069843 0.15300197 0.01790507
v 0.16997757 0.15237403 0.01910293
v 0.16424457 0.14738003 0.01303493
v 0.16460500 0.14769400 0.01773770
v 0.17033800 0.15268800 0.01773770
v 0.17033800 0.15268800 0.01927030
v 0.16460500 0.14769400 0.01927030
v 0.16984294 0.15210308 0.01850400
v 0.16984294 0.15210308 0.01243600
v 0.17083306 0.15327292 0.01243600
v 0.17083306 0.15327292 0.01850400
v 0.16460500 0.14769400 0.01166970
v 0.17033800 0.15268800 0.01166970
v 0.17033800 0.15268800 0.01320230
v 0.16460500 0.14769400 0.01320230
v 0.17057971 0.15308173 0.01182464
v 0.17478071 0.15992473 0.01789264
v 0.17429729 0.15913727 0.01911536
v 0.17009629 0.15229427 0.01304736
v 0.17033800 0.15268800 0.01773770
v 0.17453900 0.15953100 0.01773770
v 0.17453900 0.15953100 0.01927030
v 0.17033800 0.15268800 0.01927030
v 0.17413808 0.15887795 0.01850400
v 0.17413808 0.15887795 0.01243600
v 0.17493992 0.16018405 0.01243600
v 0.17493992 0.16018405 0.01850400
v 0.17033800 0.15268800 0.01166970
v 0.17453900 0.15953100 0.01166970
v 0.17453900 0.15953100 0.01320230
v 0.17033800 0.15268800 0.01320230
v -0.18771397 0.54729776 0.01915733
v -0.18524097 0.55688376 0.01308933
v -0.18544103 0.55610824 0.01178267
v -0.18791403 0.54652224 0.01785067
v -0.18553242 0.55575400 0.01243600
v -0.18553242 0.55575400 0.01850400
v -0.18514958 0.55723800 0.01850400
v -0.18514958 0.55723800 0.01243600
v -0.18781400 0.54691000 0.01927030
v -0.18534100 0.55649600 0.01927030
v -0.18534100 0.55649600 0.01773770
v -0.18781400 0.54691000 0.01773770
v -0.18762258 0.54765200 0.01850400
v -0.18762258 0.54765200 0.01243600
v -0.18800542 0.54616800 0.01243600
v -0.18800542 0.54616800 0.01850400
v -0.18534100 0.55649600 0.01166970
v -0.18781400 0.54691000 0.01166970
v -0.18781400 0.54691000 0.01320230
v -0.18534100 0.55649600 0.01320230
v -0.18396884 0.56181264 0.01925325
v -0.17690184 0.58920064 0.01318525
v -0.17698216 0.58888936 0.01168675
v -0.18404916 0.56150136 0.01775475
v -0.17713346 0.58830301 0.01243600
v -0.17713346 0.58830301 0.01850400
v -0.17675054 0.58978699 0.01850400
v -0.17675054 0.58978699 0.01243600
v -0.18400900 0.56165700 0.01927030
v -0.17694200 0.58904500 0.01927030
v -0.17694200 0.58904500 0.01773770
v -0.18400900 0.56165700 0.01773770
v -0.18381754 0.56239899 0.01850400
v -0.18381754 0.56239899 0.01243600
v -0.18420046 0.56091501 0.01243600
v -0.18420046 0.56091501 0.01850400
v -0.17694200 0.58904500 0.01166970
v -0.18400900 0.56165700 0.01166970
v -0.18400900 0.56165700 0.01320230
v -0.17694200 0.58904500 0.01320230
v 0.18731893 0.08693926 0.01915734
v 0.18484493 0.07735326 0.01308934
v 0.18504507 0.07812874 0.01178266
v 0.18751907 0.08771474 0.01785066
v 0.18513649 0.07848298 0.01243600
v 0.18513649 0.07848298 0.01850400
v 0.18475351 0.07699902 0.01850400
v 0.18475351 0.07699902 0.01243600
v 0.18741900 0.08732700 0.01927030
v 0.18494500 0.07774100 0.01927030
v 0.18494500 0.07774100 0.01773770
v 0.18741900 0.08732700 0.01773770
v 0.18722751 0.08658502 0.01850400
v 0.18722751 0.08658502 0.01243600
v 0.18761049 0.08806898 0.01243600
v 0.18761049 0.08806898 0.01850400
v 0.18494500 0.07774100 0.01166970
v 0.18741900 0.08732700 0.01166970
v 0.18741900 0.08732700 0.01320230
v 0.18494500 0.07774100 0.01320230
v 0.18357384 0.07242336 0.01925325
v 0.17650584 0.04503536 0.01318525
v 0.17658616 0.04534664 0.01168675
v 0.18365416 0.07273464 0.01775475
v 0.17673748 0.04593299 0.01243600
v 0.17673748 0.04593299 0.01850400
v 0.17635452 0.04444901 0.01850400
v 0.17635452 0.04444901 0.01243600
v 0.18361400 0.07257900 0.01927030
v 0.17654600 0.04519100 0.01927030
v 0.17654600 0.04519100 0.01773770
v 0.18361400 0.07257900 0.01773770
v 0.18342252 0.07183701 0.01850400
v 0.18342252 0.07183701 0.01243600
v 0.18380548 0.07332099 0.01243600
v 0.18380548 0.07332099 0.01850400
v 0.17654600 0.04519100 0.01166970
v 0.18361400 0.07257900 0.01166970
v 0.18361400 0.07257900 0.01320230
v 0.17654600 0.04519100 0.01320230
v 0.17455400 0.07774100 0.01773770
v 0.18494500 0.07774100 0.01773770
v 0.18494500 0.07774100 0.01927030
v 0.17455400 0.07774100 0.01927030
v 0.18455857 0.07774100 0.01916573
v 0.17416757 0.07774100 0.01309773
v 0.17494043 0.07774100 0.01177427
v 0.18533143 0.07774100 0.01784227
v 0.17378770 0.07774100 0.01850400
v 0.17378770 0.07774100 0.01243600
v 0.17532030 0.07774100 0.01243600
v 0.17532030 0.07774100 0.01850400
v 0.18417870 0.07774100 0.01850400
v 0.18417870 0.07774100 0.01243600
v 0.18571130 0.07774100 0.01243600
v 0.18571130 0.07774100 0.01850400
v 0.17455400 0.07774100 0.01166970
v 0.18494500 0.07774100 0.01166970
v 0.18494500 0.07774100 0.01320230
v 0.17455400 0.07774100 0.01320230
v 0.17417014 0.07774100 0.01916722
v 0.16368614 0.07774100 0.01309922
v 0.16445386 0.07774100 0.01177278
v 0.17493786 0.07774100 0.01784078
v 0.17455400 0.07774100 0.01320230
v 0.16407000 0.07774100 0.01320230
v 0.16407000 0.07774100 0.01166970
v 0.17455400 0.07774100 0.01166970
v 0.16483630 0.07774100 0.01243600
v 0.16483630 0.07774100 0.01850400
v 0.16330370 0.07774100 0.01850400
v 0.16330370 0.07774100 0.01243600
v 0.17455400 0.07774100 0.01927030
v 0.16407000 0.07774100 0.01927030
v 0.16407000 0.07774100 0.01773770
v 0.17455400 0.07774100 0.01773770
f 1 2 3 4
f 5 6 7 8
f 9 10 11 12
f 13 14 15 16
f 17 18 19 20
f 21 22 23 24
f 25 26 27 28
f 29 30 31 32
f 33 34 35 36
f 37 38 39 40
f 41 42 43 44
f 45 46 47 48
f 49 50 51 52
f 53 54 55 56
f 57 58 59 60
f 61 62 63 64
f 65 66 67 68
f 69 70 71 72
f 73 74 75 76
f 77 78 79 80
f 81 82 83 84
f 85 86 87 88
f 89 90 91 92
f 93 94 95 96
f 97 98 99 100
f 101 102 103 104
f 105 106 107 108
f 109 110 111 112
f 113 114 115 116
f 117 118 119 120
f 121 122 123 124
f 125 126 127 128
f 129 130 131 132
f 133 134 135 136
f 137 138 139 140
f 141 142 143 144
f 145 146 147 148
f 149 150 151 152
f 153 154 155 156
f 157 158 159 160
f 161 162 163 164
f 165 166 167 168
f 169 170 171 172
f 173 174 175 176
f 177 178 179 180
f 181 182 183 184
f 185 186 187 188
f 189 190 191 192
f 193 194 195 196
f 197 198 199 200
f 201 202 203 204
f 205 206 207 208
f 209 210 211 212
f 213 214 215 216
f 217 218 219 220
f 221 222 223 224
f 225 226 227 228
f 229 230 231 232
f 233 234 235 236
f 237 238 239 240
f 241 242 243 244
f 245 246 247 248
f 249 250 251 252
f 253 254 255 256
f 257 258 259 260
f 261 262 263 264
f 265 266 267 268
f 269 270 271 272
f 273 274 275 276
f 277 278 279 280
f 281 282 283 284
f 285 286 287 288
f 289 290 291 292
f 293 294 295 296
f 297 298 299 300
f 301 302 303 304
f 305 306 307 308
f 309 310 311 312
f 313 314 315 316
f 317 318 319 320
f 321 322 323 324
f 325 326 327 328
f 329 330 331 332
f 333 334 335 336
f 337 338 339 340
f 341 342 343 344
f 345 346 347 348
f 349 350 351 352
f 353 354 355 356
f 357 358 359 360
f 361 362 363 364
f 365 366 367 368
f 369 370 371 372
f 373 374 375 376
f 377 378 379 380
f 381 382 383 384
f 385 386 387 388
f 389 390 391 392
f 393 394 395 396
f 397 398 399 400
f 401 402 403 404
f 405 406 407 408
f 409 410 411 412
f 413 414 415 416
f 417 418 419 420
f 421 422 423 424
f 425 426 427 428
f 429 430 431 432
f 433 434 435 436
f 437 438 439 440
f 441 442 443 444
f 445 446 447 448
f 449 450 451 452
f 453 454 455 456
f 457 458 459 460
f 461 462 463 464
f 465 466 467 468
f 469 470 471 472
f 473 474 475 476
f 477 478 479 480
f 481 482 483 484
f 485 486 487 488
f 489 490 491 492
f 493 494 495 496
f 497 498 499 500
f 501 502 503 504
f 505 506 507 508
f 509 510 511 512
f 513 514 515 516
f 517 518 519 520
f 521 522 523 524
f 525 526 527 528
f 529 530 531 532
f 533 534 535 536
f 537 538 539 540
f 541 542 543 544
f 545 546 547 548
f 549 550 551 552
f 553 554 555 556
f 557 558 559 560
f 561 562 563 564
f 565 566 567 568
f 569 570 571 572
f 573 574 575 576
f 577 578 579 580
f 581 582 583 584
f 585 586 587 588
f 589 590 591 592
f 593 594 595 596
f 597 598 599 600
f 601 602 603 604
f 605 606 607 608
f 609 610 611 612
f 613 614 615 616
f 617 618 619 620
f 621 622 623 624
f 625 626 627 628
f 629 630 631 632
f 633 634 635 636
f 637 638 639 640
f 641 642 643 644
f 645 646 647 648
f 649 650 651 652
f 653 654 655 656
f 657 658 659 660
f 661 662 663 664
f 665 666 667 668
f 669 670 671 672
f 673 674 675 676
f 677 678 679 680
f 681 682 683 684
f 685 686 687 688
f 689 690 691 692
f 693 694 695 696
f 697 698 699 700
f 701 702 703 704
f 705 706 707 708
f 709 710 711 712
f 713 714 715 716
f 717 718 719 720
f 721 722 723 724
f 725 726 727 728
f 729 730 731 732
f 733 734 735 736
f 737 738 739 740
f 741 742 743 744
f 745 746 747 748
f 749 750 751 752
f 753 754 755 756
f 757 758 759 760
f 761 762 763 764
f 765 766 767 768
f 769 770 771 772
f 773 774 775 776
f 777 778 779 780
f 781 782 783 784
f 785 786 787 788
f 789 790 791 792
f 793 794 795 796
f 797 798 799 800
f 801 802 803 804
f 805 806 807 808
f 809 810 811 812
f 813 814 815 816
f 817 818 819 820
f 821 822 823 824
f 825 826 827 828
f 829 830 831 832
f 833 834 835 836
f 837 838 839 840
f 841 842 843 844
f 845 846 847 848
f 849 850 851 852
f 853 854 855 856
f 857 858 859 860
f 861 862 863 864
f 865 866 867 868
f 869 870 871 872
f 873 874 875 876
f 877 878 879 880
f 881 882 883 884
f 885 886 887 888
f 889 890 891 892
f 893 894 895 896
f 897 898 899 900
f 901 902 903 904
f 905 906 907 908
f 909 910 911 912
f 913 914 915 916
f 917 918 919 920
f 921 922 923 924
f 925 926 927 928
f 929 930 931 932
f 933 934 935 936
f 937 938 939 940
f 941 942 943 944
f 945 946 947 948
f 949 950 951 952
f 953 954 955 956
f 957 958 959 960
f 961 962 963 964
f 965 966 967 968
f 969 970 971 972
f 973 974 975 976
f 977 978 979 980
f 981 982 983 984
f 985 986 987 988
f 989 990 991 992
f 993 994 995 996
f 997 998 999 1000
f 1001 1002 1003 1004
f 1005 1006 1007 1008
f 1009 1010 1011 1012
f 1013 1014 1015 1016
f 1017 1018 1019 1020
f 1021 1022 1023 1024
f 1025 1026 1027 1028
f 1029 1030 1031 1032
f 1033 1034 1035 1036
f 1037 1038 1039 1040
f 1041 1042 1043 1044
f 1045 1046 1047 1048
f 1049 1050 1051 1052
f 1053 1054 1055 1056
f 1057 1058 1059 1060
f 1061 1062 1063 1064
f 1065 1066 1067 1068
f 1069 1070 1071 1072
f 1073 1074 1075 1076
f 1077 1078 1079 1080
f 1081 1082 1083 1084
f 1085 1086 1087 1088
f 1089 1090 1091 1092
f 1093 1094 1095 1096
f 1097 1098 1099 1100
f 1101 1102 1103 1104
f 1105 1106 1107 1108
f 1109 1110 1111 1112
f 1113 1114 1115 1116
f 1117 1118 1119 1120
f 1121 1122 1123 1124
f 1125 1126 1127 1128
f 1129 1130 1131 1132
f 1133 1134 1135 1136
f 1137 1138 1139 1140
f 1141 1142 1143 1144
f 1145 1146 1147 1148
f 1149 1150 1151 1152
f 1153 1154 1155 1156
f 1157 1158 1159 1160
f 1161 1162 1163 1164
f 1165 1166 1167 1168
f 1169 1170 1171 1172
f 1173 1174 1175 1176
f 1177 1178 1179 1180
f 1181 1182 1183 1184
f 1185 1186 1187 1188
f 1189 1190 1191 1192
f 1193 1194 1195 1196
f 1197 1198 1199 1200
f 1201 1202 1203 1204
f 1205 1206 1207 1208
f 1209 1210 1211 1212
f 1213 1214 1215 1216
f 1217 1218 1219 1220
f 1221 1222 1223 1224
f 1225 1226 1227 1228
f 1229 1230 1231 1232
f 1233 1234 1235 1236
f 1237 1238 1239 1240
f 1241 1242 1243 1244
f 1245 1246 1247 1248
f 1249 1250 1251 1252
f 1253 1254 1255 1256
f 1257 1258 1259 1260
f 1261 1262 1263 1264
f 1265 1266 1267 1268
f 1269 1270 1271 1272
f 1273 1274 1275 1276
f 1277 1278 1279 1280
f 1281 1282 1283 1284
f 1285 1286 1287 1288
f 1289 1290 1291 1292
f 1293 1294 1295 1296
f 1297 1298 1299 1300
f 1301 1302 1303 1304
f 1305 1306 1307 1308
f 1309 1310 1311 1312
f 1313 1314 1315 1316
f 1317 1318 1319 1320
f 1321 1322 1323 1324
f 1325 1326 1327 1328
f 1329 1330 1331 1332
f 1333 1334 1335 1336
f 1337 1338 1339 1340
f 1341 1342 1343 1344
f 1345 1346 1347 1348
f 1349 1350 1351 1352
f 1353 1354 1355 1356
f 1357 1358 1359 1360
f 1361 1362 1363 1364
f 1365 1366 1367 1368
f 1369 1370 1371 1372
f 1373 1374 1375 1376
f 1377 1378 1379 1380
f 1381 1382 1383 1384
f 1385 1386 1387 1388
f 1389 1390 1391 1392
f 1393 1394 1395 1396
f 1397 1398 1399 1400
f 1401 1402 1403 1404
f 1405 1406 1407 1408
f 1409 1410 1411 1412
f 1413 1414 1415 1416
f 1417 1418 1419 1420
f 1421 1422 1423 1424
f 1425 1426 1427 1428
f 1429 1430 1431 1432
f 1433 1434 1435 1436
f 1437 1438 1439 1440
f 1441 1442 1443 1444
f 1445 1446 1447 1448
f 1449 1450 1451 1452
f 1453 1454 1455 1456
f 1457 1458 1459 1460
f 1461 1462 1463 1464
f 1465 1466 1467 1468
f 1469 1470 1471 1472
f 1473 1474 1475 1476
f 1477 1478 1479 1480
f 1481 1482 1483 1484
f 1485 1486 1487 1488
f 1489 1490 1491 1492
f 1493 1494 1495 1496
f 1497 1498 1499 1500
f 1501 1502 1503 1504
f 1505 1506 1507 1508
f 1509 1510 1511 1512
f 1513 1514 1515 1516
f 1517 1518 1519 1520
f 1521 1522 1523 1524
f 1525 1526 1527 1528
f 1529 1530 1531 1532
f 1533 1534 1535 1536
f 1537 1538 1539 1540
f 1541 1542 1543 1544
f 1545 1546 1547 1548
f 1549 1550 1551 1552
f 1553 1554 1555 1556
f 1557 1558 1559 1560
f 1561 1562 1563 1564
f 1565 1566 1567 1568
f 1569 1570 1571 1572
f 1573 1574 1575 1576
f 1577 1578 1579 1580
f 1581 1582 1583 1584
f 1585 1586 1587 1588
f 1589 1590 1591 1592
f 1593 1594 1595 1596
f 1597 1598 1599 1600
f 1601 1602 1603 1604
f 1605 1606 1607 1608
f 1609 1610 1611 1612
f 1613 1614 1615 1616
f 1617 1618 1619 1620
f 1621 1622 1623 1624
f 1625 1626 1627 1628
f 1629 1630 1631 1632
f 1633 1634 1635 1636
f 1637 1638 1639 1640
f 1641 1642 1643 1644
f 1645 1646 1647 1648
f 1649 1650 1651 1652
f 1653 1654 1655 1656
f 1657 1658 1659 1660
f 1661 1662 1663 1664
f 1665 1666 1667 1668
f 1669 1670 1671 1672
f 1673 1674 1675 1676
f 1677 1678 1679 1680
f 1681 1682 1683 1684
f 1685 1686 1687 1688
f 1689 1690 1691 1692
f 1693 1694 1695 1696
f 1697 1698 1699 1700
f 1701 1702 1703 1704
f 1705 1706 1707 1708
f 1709 1710 1711 1712
f 1713 1714 1715 1716
f 1717 1718 1719 1720
f 1721 1722 1723 1724
f 1725 1726 1727 1728
f 1729 1730 1731 1732
f 1733 1734 1735 1736
f 1737 1738 1739 1740
f 1741 1742 1743 1744
f 1745 1746 1747 1748
f 1749 1750 1751 1752
f 1753 1754 1755 1756
f 1757 1758 1759 1760
f 1761 1762 1763 1764
f 1765 1766 1767 1768
f 1769 1770 1771 1772
f 1773 1774 1775 1776
f 1777 1778 1779 1780
f 1781 1782 1783 1784
f 1785 1786 1787 1788
f 1789 1790 1791 1792
f 1793 1794 1795 1796
f 1797 1798 1799 1800
f 1801 1802 1803 1804
f 1805 1806 1807 1808
f 1809 1810 1811 1812
f 1813 1814 1815 1816
f 1817 1818 1819 1820
f 1821 1822 1823 1824
f 1825 1826 1827 1828
f 1829 1830 1831 1832
f 1833 1834 1835 1836
f 1837 1838 1839 1840
f 1841 1842 1843 1844
f 1845 1846 1847 1848
f 1849 1850 1851 1852
f 1853 1854 1855 1856
f 1857 1858 1859 1860
f 1861 1862 1863 1864
f 1865 1866 1867 1868
f 1869 1870 1871 1872
f 1873 1874 1875 1876
f 1877 1878 1879 1880
f 1881 1882 1883 1884
f 1885 1886 1887 1888
f 1889 1890 1891 1892
f 1893 1894 1895 1896
f 1897 1898 1899 1900
f 1901 1902 1903 1904
f 1905 1906 1907 1908
f 1909 1910 1911 1912
f 1913 1914 1915 1916
f 1917 1918 1919 1920
f 1921 1922 1923 1924
f 1925 1926 1927 1928
f 1929 1930 1931 1932
f 1933 1934 1935 1936
f 1937 1938 1939 1940
f 1941 1942 1943 1944
f 1945 1946 1947 1948
f 1949 1950 1951 1952
f 1953 1954 1955 1956
f 1957 1958 1959 1960
f 1961 1962 1963 1964
f 1965 1966 1967 1968
f 1969 1970 1971 1972
f 1973 1974 1975 1976
f 1977 1978 1979 1980
f 1981 1982 1983 1984
f 1985 1986 1987 1988
f 1989 1990 1991 1992
f 1993 1994 1995 1996
f 1997 1998 1999 2000
f 2001 2002 2003 2004
f 2005 2006 2007 2008
f 2009 2010 2011 2012
f 2013 2014 2015 2016
f 2017 2018 2019 2020
f 2021 2022 2023 2024
f 2025 2026 2027 2028
f 2029 2030 2031 2032
f 2033 2034 2035 2036
f 2037 2038 2039 2040
f 2041 2042 2043 2044
f 2045 2046 2047 2048
f 2049 2050 2051 2052
f 2053 2054 2055 2056
f 2057 2058 2059 2060
f 2061 2062 2063 2064
f 2065 2066 2067 2068
f 2069 2070 2071 2072
f 2073 2074 2075 2076
f 2077 2078 2079 2080
f 2081 2082 2083 2084
f 2085 2086 2087 2088
f 2089 2090 2091 2092
f 2093 2094 2095 2096
f 2097 2098 2099 2100
f 2101 2102 2103 2104
f 2105 2106 2107 2108
f 2109 2110 2111 2112
f 2113 2114 2115 2116
f 2117 2118 2119 2120
f 2121 2122 2123 2124
f 2125 2126 2127 2128
f 2129 2130 2131 2132
f 2133 2134 2135 2136
f 2137 2138 2139 2140
f 2141 2142 2143 2144
f 2145 2146 2147 2148
f 2149 2150 2151 2152
f 2153 2154 2155 2156
f 2157 2158 2159 2160
f 2161 2162 2163 2164
f 2165 2166 2167 2168
f 2169 2170 2171 2172
f 2173 2174 2175 2176
f 2177 2178 2179 2180
f 2181 2182 2183 2184
f 2185 2186 2187 2188
f 2189 2190 2191 2192
f 2193 2194 2195 2196
f 2197 2198 2199 2200
f 2201 2202 2203 2204
f 2205 2206 2207 2208
f 2209 2210 2211 2212
f 2213 2214 2215 2216
f 2217 2218 2219 2220
f 2221 2222 2223 2224
f 2225 2226 2227 2228
f 2229 2230 2231 2232
f 2233 2234 2235 2236
f 2237 2238 2239 2240
f 2241 2242 2243 2244
f 2245 2246 2247 2248
f 2249 2250 2251 2252
f 2253 2254 2255 2256
f 2257 2258 2259 2260
f 2261 2262 2263 2264
f 2265 2266 2267 2268
f 2269 2270 2271 2272
f 2273 2274 2275 2276
f 2277 2278 2279 2280
f 2281 2282 2283 2284
f 2285 2286 2287 2288
f 2289 2290 2291 2292
f 2293 2294 2295 2296
f 2297 2298 2299 2300
f 2301 2302 2303 2304
f 2305 2306 2307 2308
f 2309 2310 2311 2312
f 2313 2314 2315 2316
f 2317 2318 2319 2320
f 2321 2322 2323 2324
f 2325 2326 2327 2328
f 2329 2330 2331 2332
f 2333 2334 2335 2336
f 2337 2338 2339 2340
f 2341 2342 2343 2344
f 2345 2346 2347 2348
f 2349 2350 2351 2352
f 2353 2354 2355 2356
f 2357 2358 2359 2360
f 2361 2362 2363 2364
f 2365 2366 2367 2368
f 2369 2370 2371 2372
f 2373 2374 2375 2376
f 2377 2378 2379 2380
f 2381 2382 2383 2384
f 2385 2386 2387 2388
f 2389 2390 2391 2392
f 2393 2394 2395 2396
f 2397 2398 2399 2400
f 2401 2402 2403 2404
f 2405 2406 2407 2408
f 2409 2410 2411 2412
f 2413 2414 2415 2416
f 2417 2418 2419 2420
f 2421 2422 2423 2424
f 2425 2426 2427 2428
f 2429 2430 2431 2432
f 2433 2434 2435 2436
f 2437 2438 2439 2440
f 2441 2442 2443 2444
f 2445 2446 2447 2448
f 2449 2450 2451 2452
f 2453 2454 2455 2456
f 2457 2458 2459 2460
f 2461 2462 2463 2464
f 2465 2466 2467 2468
f 2469 2470 2471 2472
f 2473 2474 2475 2476
f 2477 2478 2479 2480
f 2481 2482 2483 2484
f 2485 2486 2487 2488
f 2489 2490 2491 2492
f 2493 2494 2495 2496
f 2497 2498 2499 2500
f 2501 2502 2503 2504
f 2505 2506 2507 2508
f 2509 2510 2511 2512
f 2513 2514 2515 2516
f 2517 2518 2519 2520
f 2521 2522 2523 2524
f 2525 2526 2527 2528
f 2529 2530 2531 2532
f 2533 2534 2535 2536
f 2537 2538 2539 2540
f 2541 2542 2543 2544
f 2545 2546 2547 2548
f 2549 2550 2551 2552
f 2553 2554 2555 2556
f 2557 2558 2559 2560
f 2561 2562 2563 2564
f 2565 2566 2567 2568
f 2569 2570 2571 2572
f 2573 2574 2575 2576
f 2577 2578 2579 2580
f 2581 2582 2583 2584
f 2585 2586 2587 2588
f 2589 2590 2591 2592
f 2593 2594 2595 2596
f 2597 2598 2599 2600
f 2601 2602 2603 2604
f 2605 2606 2607 2608
f 2609 2610 2611 2612
f 2613 2614 2615 2616
f 2617 2618 2619 2620
f 2621 2622 2623 2624
f 2625 2626 2627 2628
f 2629 2630 2631 2632
f 2633 2634 2635 2636
f 2637 2638 2639 2640
f 2641 2642 2643 2644
f 2645 2646 2647 2648
f 2649 2650 2651 2652
f 2653 2654 2655 2656
f 2657 2658 2659 2660
f 2661 2662 2663 2664
f 2665 2666 2667 2668
f 2669 2670 2671 2672
f 2673 2674 2675 2676
f 2677 2678 2679 2680
f 2681 2682 2683 2684
f 2685 2686 2687 2688
f 2689 2690 2691 2692
f 2693 2694 2695 2696
f 2697 2698 2699 2700
f 2701 2702 2703 2704
f 2705 2706 2707 2708
f 2709 2710 2711 2712
f 2713 2714 2715 2716
f 2717 2718 2719 2720
f 2721 2722 2723 2724
f 2725 2726 2727 2728
f 2729 2730 2731 2732
f 2733 2734 2735 2736
f 2737 2738 2739 2740
f 2741 2742 2743 2744
f 2745 2746 2747 2748
f 2749 2750 2751 2752
f 2753 2754 2755 2756
f 2757 2758 2759 2760
f 2761 2762 2763 2764
f 2765 2766 2767 2768
f 2769 2770 2771 2772
f 2773 2774 2775 2776
f 2777 2778 2779 2780
f 2781 2782 2783 2784
f 2785 2786 2787 2788
f 2789 2790 2791 2792
f 2793 2794 2795 2796
f 2797 2798 2799 2800
f 2801 2802 2803 2804
f 2805 2806 2807 2808
f 2809 2810 2811 2812
f 2813 2814 2815 2816
f 2817 2818 2819 2820
f 2821 2822 2823 2824
f 2825 2826 2827 2828
f 2829 2830 2831 2832
f 2833 2834 2835 2836
f 2837 2838 2839 2840
f 2841 2842 2843 2844
f 2845 2846 2847 2848
f 2849 2850 2851 2852
f 2853 2854 2855 2856
f 2857 2858 2859 2860
f 2861 2862 2863 2864
f 2865 2866 2867 2868
f 2869 2870 2871 2872
f 2873 2874 2875 2876
f 2877 2878 2879 2880
f 2881 2882 2883 2884
f 2885 2886 2887 2888
f 2889 2890 2891 2892
f 2893 2894 2895 2896
f 2897 2898 2899 2900
f 2901 2902 2903 2904
f 2905 2906 2907 2908
f 2909 2910 2911 2912
f 2913 2914 2915 2916
f 2917 2918 2919 2920
f 2921 2922 2923 2924
f 2925 2926 2927 2928
f 2929 2930 2931 2932
f 2933 2934 2935 2936
f 2937 2938 2939 2940
f 2941 2942 2943 2944
f 2945 2946 2947 2948
f 2949 2950 2951 2952
f 2953 2954 2955 2956
f 2957 2958 2959 2960
f 2961 2962 2963 2964
f 2965 2966 2967 2968
f 2969 2970 2971 2972
f 2973 2974 2975 2976
f 2977 2978 2979 2980
f 2981 2982 2983 2984
f 2985 2986 2987 2988
f 2989 2990 2991 2992
f 2993 2994 2995 2996
f 2997 2998 2999 3000
f 3001 3002 3003 3004
f 3005 3006 3007 3008
f 3009 3010 3011 3012
f 3013 3014 3015 3016
f 3017 3018 3019 3020
f 3021 3022 3023 3024
f 3025 3026 3027 3028
f 3029 3030 3031 3032
f 3033 3034 3035 3036
f 3037 3038 3039 3040
f 3041 3042 3043 3044
f 3045 3046 3047 3048
f 3049 3050 3051 3052
f 3053 3054 3055 3056
f 3057 3058 3059 3060
f 3061 3062 3063 3064
f 3065 3066 3067 3068
f 3069 3070 3071 3072
f 3073 3074 3075 3076
f 3077 3078 3079 3080
f 3081 3082 3083 3084
f 3085 3086 3087 3088
f 3089 3090 3091 3092
f 3093 3094 3095 3096
f 3097 3098 3099 3100
f 3101 3102 3103 3104
f 3105 3106 3107 3108
f 3109 3110 3111 3112
f 3113 3114 3115 3116
f 3117 3118 3119 3120
f 3121 3122 3123 3124
f 3125 3126 3127 3128
f 3129 3130 3131 3132
f 3133 3134 3135 3136
f 3137 3138 3139 3140
f 3141 3142 3143 3144
f 3145 3146 3147 3148
f 3149 3150 3151 3152
f 3153 3154 3155 3156
f 3157 3158 3159 3160
f 3161 3162 3163 3164
f 3165 3166 3167 3168
f 3169 3170 3171 3172
f 3173 3174 3175 3176
f 3177 3178 3179 3180
f 3181 3182 3183 3184
f 3185 3186 3187 3188
f 3189 3190 3191 3192
f 3193 3194 3195 3196
f 3197 3198 3199 3200
f 3201 3202 3203 3204
f 3205 3206 3207 3208
f 3209 3210 3211 3212
f 3213 3214 3215 3216
f 3217 3218 3219 3220
f 3221 3222 3223 3224
f 3225 3226 3227 3228
f 3229 3230 3231 3232
f 3233 3234 3235 3236
f 3237 3238 3239 3240
f 3241 3242 3243 3244
f 3245 3246 3247 3248
f 3249 3250 3251 3252
f 3253 3254 3255 3256
f 3257 3258 3259 3260
f 3261 3262 3263 3264
f 3265 3266 3267 3268
f 3269 3270 3271 3272
f 3273 3274 3275 3276
f 3277 3278 3279 3280
f 3281 3282 3283 3284
f 3285 3286 3287 3288
f 3289 3290 3291 3292
f 3293 3294 3295 3296
f 3297 3298 3299 3300
f 3301 3302 3303 3304
f 3305 3306 3307 3308
f 3309 3310 3311 3312
f 3313 3314 3315 3316
f 3317 3318 3319 3320
f 3321 3322 3323 3324
f 3325 3326 3327 3328
f 3329 3330 3331 3332
f 3333 3334 3335 3336
f 3337 3338 3339 3340
f 3341 3342 3343 3344
f 3345 3346 3347 3348
f 3349 3350 3351 3352
f 3353 3354 3355 3356
f 3357 3358 3359 3360
f 3361 3362 3363 3364
f 3365 3366 3367 3368
f 3369 3370 3371 3372
f 3373 3374 3375 3376
f 3377 3378 3379 3380
f 3381 3382 3383 3384
f 3385 3386 3387 3388
f 3389 3390 3391 3392
f 3393 3394 3395 3396
f 3397 3398 3399 3400
f 3401 3402 3403 3404
f 3405 3406 3407 3408
f 3409 3410 3411 3412
f 3413 3414 3415 3416
f 3417 3418 3419 3420
f 3421 3422 3423 3424
f 3425 3426 3427 3428
f 3429 3430 3431 3432
f 3433 3434 3435 3436
f 3437 3438 3439 3440
f 3441 3442 3443 3444
f 3445 3446 3447 3448
f 3449 3450 3451 3452
f 3453 3454 3455 3456
f 3457 3458 3459 3460
f 3461 3462 3463 3464
f 3465 3466 3467 3468
f 3469 3470 3471 3472
f 3473 3474 3475 3476
f 3477 3478 3479 3480
f 3481 3482 3483 3484
f 3485 3486 3487 3488
f 3489 3490 3491 3492
f 3493 3494 3495 3496
f 3497 3498 3499 3500
f 3501 3502 3503 3504
f 3505 3506 3507 3508
f 3509 3510 3511 3512
f 3513 3514 3515 3516
f 3517 3518 3519 3520
f 3521 3522 3523 3524
f 3525 3526 3527 3528
f 3529 3530 3531 3532
f 3533 3534 3535 3536
f 3537 3538 3539 3540
f 3541 3542 3543 3544
f 3545 3546 3547 3548
f 3549 3550 3551 3552
f 3553 3554 3555 3556
f 3557 3558 3559 3560
f 3561 3562 3563 3564
f 3565 3566 3567 3568
f 3569 3570 3571 3572
f 3573 3574 3575 3576
f 3577 3578 3579 3580
f 3581 3582 3583 3584
f 3585 3586 3587 3588
f 3589 3590 3591 3592
f 3593 3594 3595 3596
f 3597 3598 3599 3600
f 3601 3602 3603 3604
f 3605 3606 3607 3608
f 3609 3610 3611 3612
f 3613 3614 3615 3616
f 3617 3618 3619 3620
f 3621 3622 3623 3624
f 3625 3626 3627 3628
f 3629 3630 3631 3632
f 3633 3634 3635 3636
f 3637 3638 3639 3640
f 3641 3642 3643 3644
f 3645 3646 3647 3648
f 3649 3650 3651 3652
f 3653 3654 3655 3656
f 3657 3658 3659 3660
f 3661 3662 3663 3664
f 3665 3666 3667 3668
f 3669 3670 3671 3672
f 3673 3674 3675 3676
f 3677 3678 3679 3680
f 3681 3682 3683 3684
f 3685 3686 3687 3688
f 3689 3690 3691 3692
f 3693 3694 3695 3696
f 3697 3698 3699 3700
f 3701 3702 3703 3704
f 3705 3706 3707 3708
f 3709 3710 3711 3712
f 3713 3714 3715 3716
f 3717 3718 3719 3720
f 3721 3722 3723 3724
f 3725 3726 3727 3728
f 3729 3730 3731 3732
f 3733 3734 3735 3736
f 3737 3738 3739 3740
f 3741 3742 3743 3744
f 3745 3746 3747 3748
f 3749 3750 3751 3752
f 3753 3754 3755 3756
f 3757 3758 3759 3760
f 3761 3762 3763 3764
f 3765 3766 3767 3768
f 3769 3770 3771 3772
f 3773 3774 3775 3776
f 3777 3778 3779 3780
f 3781 3782 3783 3784
f 3785 3786 3787 3788
f 3789 3790 3791 3792
f 3793 3794 3795 3796
f 3797 3798 3799 3800
f 3801 3802 3803 3804
f 3805 3806 3807 3808
f 3809 3810 3811 3812
f 3813 3814 3815 3816
f 3817 3818 3819 3820
f 3821 3822 3823 3824
f 3825 3826 3827 3828
f 3829 3830 3831 3832
f 3833 3834 3835 3836
f 3837 3838 3839 3840
f 3841 3842 3843 3844
f 3845 3846 3847 3848
f 3849 3850 3851 3852
f 3853 3854 3855 3856
f 3857 3858 3859 3860
f 3861 3862 3863 3864
f 3865 3866 3867 3868
f 3869 3870 3871 3872
f 3873 3874 3875 3876
f 3877 3878 3879 3880
f 3881 3882 3883 3884
f 3885 3886 3887 3888
f 3889 3890 3891 3892
f 3893 3894 3895 3896
f 3897 3898 3899 3900
f 3901 3902 3903 3904
f 3905 3906 3907 3908
f 3909 3910 3911 3912
f 3913 3914 3915 3916
f 3917 3918 3919 3920
f 3921 3922 3923 3924
f 3925 3926 3927 3928
f 3929 3930 3931 3932
f 3933 3934 3935 3936
f 3937 3938 3939 3940
f 3941 3942 3943 3944
f 3945 3946 3947 3948
f 3949 3950 3951 3952
f 3953 3954 3955 3956
f 3957 3958 3959 3960
f 3961 3962 3963 3964
f 3965 3966 3967 3968
f 3969 3970 3971 3972
f 3973 3974 3975 3976
f 3977 3978 3979 3980
f 3981 3982 3983 3984
f 3985 3986 3987 3988
f 3989 3990 3991 3992
f 3993 3994 3995 3996
f 3997 3998 3999 4000
f 4001 4002 4003 4004
f 4005 4006 4007 4008
f 4009 4010 4011 4012
f 4013 4014 4015 4016
f 4017 4018 4019 4020
f 4021 4022 4023 4024
f 4025 4026 4027 4028
f 4029 4030 4031 4032
f 4033 4034 4035 4036
f 4037 4038 4039 4040
f 4041 4042 4043 4044
f 4045 4046 4047 4048
f 4049 4050 4051 4052
f 4053 4054 4055 4056
f 4057 4058 4059 4060
f 4061 4062 4063 4064
f 4065 4066 4067 4068
f 4069 4070 4071 4072
f 4073 4074 4075 4076
f 4077 4078 4079 4080
f 4081 4082 4083 4084
f 4085 4086 4087 4088
f 4089 4090 4091 4092
f 4093 4094 4095 4096
f 4097 4098 4099 4100
f 4101 4102 4103 4104
f 4105 4106 4107 4108
f 4109 4110 4111 4112
f 4113 4114 4115 4116
f 4117 4118 4119 4120
f 4121 4122 4123 4124
f 4125 4126 4127 4128
f 4129 4130 4131 4132
f 4133 4134 4135 4136
f 4137 4138 4139 4140
f 4141 4142 4143 4144
f 4145 4146 4147 4148
f 4149 4150 4151 4152
f 4153 4154 4155 4156
f 4157 4158 4159 4160
f 4161 4162 4163 4164
f 4165 4166 4167 4168
f 4169 4170 4171 4172
f 4173 4174 4175 4176
f 4177 4178 4179 4180
f 4181 4182 4183 4184
f 4185 4186 4187 4188
f 4189 4190 4191 4192
f 4193 4194 4195 4196
f 4197 4198 4199 4200
f 4201 4202 4203 4204
f 4205 4206 4207 4208
f 4209 4210 4211 4212
f 4213 4214 4215 4216
f 4217 4218 4219 4220
f 4221 4222 4223 4224
f 4225 4226 4227 4228
f 4229 4230 4231 4232
f 4233 4234 4235 4236
f 4237 4238 4239 4240
f 4241 4242 4243 4244
