# File generated by ImageToStl.com - Free Image and 3D model conversion tools

mtllib knife_2_solo_leveling.mtl

# KNIFE_2_0
o obj1
v -0.084020 0.120199 -0.086988
v -0.080304 0.131756 0.011031
v -0.077838 0.121451 -0.089305
v -0.078850 0.193329 0.156380
v -0.079292 0.183850 0.099339
v -0.069903 0.182358 0.100206
v -0.060291 0.203493 0.153210
v -0.082082 0.219278 0.209121
v -0.066557 0.217719 0.213413
v -0.008899 0.261569 0.410267
v 0.000009 0.266490 0.417591
v 0.000009 0.262172 0.413459
v -0.073504 0.176684 0.296604
v -0.056602 0.151633 0.243562
v -0.040154 0.175371 0.299149
v -0.072039 0.179166 0.003065
v -0.054309 0.190491 0.092816
v -0.053172 0.178939 0.004389
v -0.098573 0.130227 -0.392121
v -0.081613 0.177712 -0.375960
v -0.092728 0.124194 -0.440112
v -0.097636 0.165942 -0.305250
v -0.104100 0.136044 -0.264658
v -0.098822 0.160336 -0.257484
v -0.073253 0.146874 0.008426
v -0.069421 0.165895 0.005757
v -0.009332 0.273011 0.386465
v 0.000009 0.295669 0.366403
v -0.009321 0.290286 0.365207
v -0.071383 0.158110 -0.078346
v -0.038353 0.234775 0.332167
v -0.036764 0.251662 0.317447
v -0.058755 0.208058 0.277224
v -0.055222 0.227359 0.266306
v -0.087111 0.157109 -0.167999
v -0.072670 0.138741 -0.081292
v -0.085906 0.169946 0.165029
v -0.075997 0.207277 0.213796
v -0.004096 0.270340 0.316705
v 0.000009 0.304152 0.292802
v -0.004393 0.304095 0.292523
v -0.089267 0.129543 0.009775
v -0.094743 0.138481 0.118235
v -0.095544 0.177023 -0.353289
v -0.089272 0.184235 -0.379452
v -0.020020 0.238691 -0.456524
v 0.000009 0.234183 -0.473535
v -0.024240 0.225423 -0.464717
v -0.031042 0.207535 -0.463386
v -0.028840 0.215752 -0.455827
v -0.055088 0.171688 -0.072002
v -0.016705 -0.080527 -0.599768
v -0.039010 -0.079363 -0.597903
v -0.022785 -0.072349 -0.593846
v -0.131672 0.066744 -0.353916
v -0.116272 0.092400 -0.280445
v -0.125046 0.068479 -0.354081
v 0.000009 0.251777 0.422653
v -0.012186 0.257336 0.423610
v -0.011460 0.249535 0.419091
v -0.061074 0.169327 -0.156268
v -0.076617 0.171728 -0.076767
v -0.062341 -0.055873 -0.568731
v -0.084872 -0.023632 -0.515827
v -0.050624 -0.057209 -0.562837
v -0.049221 0.211235 0.357111
v -0.021485 0.206078 0.354741
v -0.063384 0.178666 -0.294844
v -0.101103 0.172711 -0.253581
v -0.070171 0.172157 -0.243344
v -0.026781 -0.008703 -0.581145
v -0.036918 -0.003923 -0.569285
v 0.000009 -0.110046 -0.630969
v -0.017820 -0.122747 -0.616992
v -0.015519 -0.107184 -0.620616
v 0.000009 -0.017615 -0.619601
v -0.018808 -0.019745 -0.610702
v -0.010624 -0.088702 -0.605691
v -0.016025 -0.015385 -0.592647
v -0.085635 0.007588 -0.504489
v -0.109912 0.008164 -0.474287
v -0.086396 0.038810 -0.493148
v -0.105521 0.134332 -0.324119
v -0.083717 0.156196 0.111234
v 0.000009 0.275684 0.392533
v -0.042299 0.219043 0.345349
v -0.064768 0.188214 0.289159
v -0.089967 0.132748 -0.174126
v -0.038916 0.104606 -0.528614
v -0.048820 0.062777 -0.541086
v -0.058219 0.090116 -0.520001
v -0.087628 0.012714 -0.437677
v -0.119233 -0.006864 -0.474533
v -0.071135 -0.005830 -0.470345
v -0.069401 0.207170 -0.394834
v -0.077625 0.193547 -0.402332
v -0.050206 0.171323 -0.466732
v -0.065729 0.188903 -0.406694
v -0.046611 0.202913 -0.431055
v -0.065399 0.000807 -0.537810
v -0.062069 0.079530 0.009561
v -0.048008 0.067199 0.001065
v -0.053244 0.081184 0.013552
v -0.070743 0.002649 -0.545930
v -0.065622 0.062163 -0.538837
v -0.053940 -0.005564 -0.569780
v -0.061857 -0.071309 -0.565415
v -0.042700 -0.092129 -0.590707
v -0.069373 0.135109 -0.470078
v -0.079827 0.132959 -0.478108
v -0.099370 0.128517 -0.448835
v -0.087107 0.082102 -0.501948
v -0.073581 0.118840 -0.497213
v -0.070932 0.092013 -0.519418
v -0.062803 0.115742 -0.495867
v -0.091120 0.099385 -0.483963
v -0.021001 0.204875 -0.488473
v -0.048506 0.160384 -0.492265
v -0.051209 0.181845 -0.473394
v -0.022024 0.180686 -0.487725
v -0.042332 0.147770 -0.493491
v 0.000009 0.130079 -0.556574
v -0.019983 0.059517 -0.588324
v -0.020495 0.130478 -0.547303
v -0.022493 0.120914 -0.538494
v -0.098516 0.148320 0.179036
v -0.091025 0.152299 0.239675
v -0.089153 0.163821 0.236040
v -0.102249 0.109032 -0.182169
v -0.084634 0.107769 -0.088484
v -0.070552 0.188386 0.292200
v -0.047837 0.219760 0.350832
v -0.012716 0.262830 0.414572
v -0.093465 0.117889 0.011088
v -0.101246 0.138505 0.120388
v -0.123968 0.080502 -0.277627
v -0.121568 0.091736 -0.277675
v -0.050307 0.212441 -0.435585
v -0.045762 0.225826 -0.426864
v -0.085010 0.196825 0.155093
v -0.081490 0.205900 0.151587
v -0.090556 0.169783 -0.164415
v -0.078045 0.161350 -0.076710
v -0.063241 0.230050 0.266913
v -0.042467 0.263824 0.310724
v -0.062172 0.239228 0.260493
v -0.012934 0.296085 0.364487
v -0.013189 0.302876 0.357397
v -0.075594 0.169030 0.004715
v 0.000009 0.300898 0.369112
v 0.000009 0.307476 0.359531
v -0.073220 0.195461 0.094620
v -0.098208 0.178869 -0.301503
v -0.103794 0.162899 -0.257305
v -0.027036 -0.093284 -0.608582
v -0.095997 -0.036925 -0.518203
v -0.010969 0.290242 0.342615
v -0.025472 0.255977 0.299856
v 0.000009 0.290550 0.343508
v -0.083719 0.195188 -0.368786
v -0.091001 0.188135 -0.347149
v -0.090108 0.106634 -0.182708
v -0.045234 0.237950 0.263575
v -0.083015 0.163816 0.232153
v -0.091045 0.148922 0.176605
v -0.068567 0.051854 -0.361984
v -0.130926 0.014676 -0.439118
v -0.055537 0.053933 0.009924
v -0.041279 0.043879 -0.003780
v -0.048836 0.038333 -0.006543
v -0.042271 0.054080 -0.011750
v -0.087204 0.174374 -0.352583
v -0.055220 0.036467 0.037609
v -0.039723 0.000110 -0.006510
v 0.000009 0.208228 0.358439
v 0.000009 0.175718 0.299378
v -0.023384 0.146606 0.227966
v 0.000009 0.151441 0.242279
v 0.000009 0.093350 -0.207031
v -0.056115 0.087839 -0.284414
v 0.000009 0.087265 -0.284284
v 0.000009 0.054199 -0.357881
v -0.038128 -0.071599 -0.561939
v 0.000009 -0.030745 -0.506436
v -0.057396 -0.035996 -0.513154
v -0.022257 -0.099229 -0.594741
v -0.031044 -0.106462 -0.604162
v 0.000009 -0.072145 -0.562522
v -0.029891 -0.088508 -0.586150
v 0.000009 -0.084872 -0.580107
v 0.000009 -0.106733 -0.600646
v 0.000009 -0.129538 -0.622312
v 0.000009 -0.135727 -0.630439
v -0.080824 0.080032 -0.495057
v -0.077977 0.062322 -0.514224
v -0.083668 0.097739 -0.475891
v -0.114184 0.066317 -0.418442
v -0.093698 -0.022315 -0.519035
v -0.117537 0.004378 -0.477530
v 0.000009 -0.001456 -0.464116
v 0.000009 0.243164 -0.461930
v -0.014263 0.249724 -0.449830
v 0.000009 0.251755 -0.452734
v -0.029366 0.230547 -0.423509
v 0.000009 0.209862 -0.392632
v 0.000009 0.232969 -0.425231
v -0.030747 0.238016 -0.443491
v -0.050340 0.186965 -0.333238
v -0.032131 0.198783 -0.370990
v -0.039237 0.211299 -0.395993
v -0.077920 0.117091 0.027834
v -0.070349 0.097154 0.026195
v -0.078043 0.111758 0.037895
v -0.012355 0.065591 0.217644
v 0.000009 0.093496 0.221285
v -0.020893 0.092162 0.214225
v -0.080804 0.122558 0.101748
v -0.075638 0.100604 0.062036
v -0.072514 0.094076 0.082333
v -0.039107 -0.025676 0.010890
v -0.059033 0.015576 0.054855
v -0.052653 0.053343 -0.014353
v -0.052756 0.075682 -0.050246
v 0.000009 0.123471 0.227201
v 0.000009 0.062801 -0.081451
v -0.048642 0.090807 -0.113040
v 0.000009 0.080546 -0.135362
v -0.066374 0.113595 0.160494
v -0.046702 0.138706 0.200028
v -0.072226 0.129864 0.157267
v -0.053992 0.058907 0.166126
v -0.041252 0.092607 0.197045
v -0.067335 0.088752 0.162617
v -0.066917 0.111863 -0.036861
v -0.045049 0.101757 -0.175146
v -0.072147 0.114638 -0.003190
v 0.000009 0.010036 -0.038108
v 0.000009 0.022040 -0.043036
v -0.069111 0.081022 0.074903
v -0.070215 0.088854 0.047566
v -0.062238 0.069533 0.026393
v -0.066460 0.046356 0.124036
v 0.000009 0.014832 -0.034883
v 0.000009 0.056005 0.226629
v -0.014529 0.015528 0.213239
v 0.000009 0.014322 0.218110
v -0.061560 0.091260 0.047747
v -0.056844 0.065837 -0.002332
v -0.053891 0.073368 0.027997
v -0.061596 0.098635 0.028615
v -0.066451 0.068361 0.113036
v -0.079042 0.067945 0.113458
v -0.048191 0.057539 0.012045
v -0.067023 0.042654 0.114057
v -0.073348 0.047544 0.088088
v -0.063309 0.033636 0.094235
v 0.000009 0.060133 0.216920
v -0.017780 0.055871 0.219758
v 0.000009 0.021547 -0.038797
v -0.066713 0.101251 0.060460
v -0.070924 0.118098 0.043938
v -0.067921 0.111492 0.039068
v -0.072272 0.121755 0.095462
v -0.080683 0.118012 0.042940
v -0.059730 0.083620 0.076745
v -0.066235 0.061945 0.104865
v -0.061648 0.048345 0.122162
v 0.000009 0.065243 0.223403
v -0.058925 0.096078 0.083109
v -0.076892 0.060053 0.103338
v -0.038553 0.116162 0.200757
v -0.020638 0.119900 0.217615
v -0.052342 0.008721 0.058340
v -0.039158 0.029421 0.093746
v -0.043670 0.037224 0.116745
v -0.042959 0.039600 0.123803
v -0.037693 -0.032063 0.002365
v -0.020902 -0.042480 -0.004743
v -0.021527 -0.031308 0.010173
v -0.031350 0.064889 0.198174
v -0.011147 0.059310 0.202332
v -0.033581 0.054230 0.162437
v 0.000009 -0.055224 -0.029669
v -0.036278 -0.038449 -0.006160
v -0.062216 0.045344 0.114932
v -0.040293 -0.047828 -0.001465
v 0.000009 -0.049617 -0.013763
v -0.020016 -0.062168 -0.021468
v -0.065241 0.026774 0.107787
v -0.031392 0.054058 0.207251
v -0.064931 0.039853 0.137656
v -0.058392 0.048767 0.166742
v -0.032096 0.006316 0.062781
v -0.059341 0.009469 0.077658
v 0.000009 -0.017857 -0.032289
v -0.060531 0.004484 0.143693
v -0.045571 0.012157 0.174766
v -0.054850 -0.007385 0.054432
v -0.063219 -0.017994 0.085802
v 0.000009 -0.073385 -0.036205
v -0.018313 -0.095308 0.010833
v -0.035422 -0.075515 0.022693
v -0.068466 -0.004917 0.116470
v -0.026118 0.016199 0.202732
v -0.024380 0.012450 0.192887
v -0.032736 0.010732 0.174372
v -0.047395 0.003927 0.141027
v -0.053150 -0.006272 0.116281
v -0.055286 -0.034272 0.060839
v -0.049014 -0.018988 0.085864
v 0.000009 -0.102718 0.010705
v -0.012531 -0.100553 0.012019
v -0.027588 -0.071755 0.026748
v -0.013361 0.011913 0.206521
v -0.023562 -0.022796 0.021690
v -0.048462 -0.030173 0.022194
v -0.046121 -0.056489 0.036342
v -0.035369 -0.053898 0.039655
v -0.092671 0.159812 -0.166467
v -0.102595 0.098916 -0.182074
v -0.080863 0.185214 0.221421
v 0.000009 0.018055 -0.428556
v -0.102575 0.169011 -0.304341
v -0.129589 0.025692 -0.440363
v -0.133965 0.056102 -0.350126
v -0.121847 0.027863 -0.440055
v -0.043872 0.255638 0.315861
v -0.082867 0.210969 0.213380
v -0.102751 0.136827 0.180264
v 0.000009 0.202869 -0.500399
v -0.083096 0.064821 -0.519930
v -0.021428 0.057935 -0.579601
v 0.000009 0.058733 -0.596735
v -0.032934 0.060883 -0.557566
v -0.004206 0.256617 -0.437721
v -0.002009 0.261213 -0.442328
v -0.014623 -0.109949 -0.603335
v 0.000009 -0.095801 -0.590377
v -0.106300 0.127543 0.122815
v -0.033444 0.212395 -0.257514
v -0.040682 0.203828 -0.220519
v -0.022618 0.291938 0.271071
v -0.045287 0.240777 0.044396
v -0.046187 0.203425 -0.106988
v -0.040328 0.269399 0.216117
v -0.035970 0.281860 0.249262
v -0.045547 0.228111 -0.030765
v -0.034186 0.217545 -0.235651
v -0.047150 0.213706 -0.219520
v -0.034663 0.214080 -0.217855
v 0.000009 0.236128 -0.319579
v -0.010296 0.233862 -0.313414
v -0.052120 0.228582 -0.032296
v -0.046488 0.211332 -0.067322
v -0.052538 0.235695 -0.035515
v -0.053165 0.253946 0.005863
v -0.052543 0.264671 0.006488
v -0.052545 0.204800 -0.108154
v -0.045879 0.200059 -0.147827
v -0.034157 0.236463 -0.035897
v -0.034157 0.265725 0.006455
v -0.052646 0.212324 -0.106394
v -0.034890 0.221041 -0.071469
v -0.034157 0.213398 -0.105967
v -0.044755 0.253946 0.005863
v -0.052580 0.250901 0.046411
v -0.051944 0.239210 0.084861
v -0.051700 0.246849 0.085389
v -0.042629 0.249036 0.151252
v -0.046196 0.272393 0.216055
v -0.005566 0.311916 0.290198
v 0.000009 0.306684 0.278615
v -0.002776 0.306271 0.278527
v 0.004264 0.270607 0.316609
v 0.000128 0.270347 0.317427
v 0.000009 0.306990 0.295724
v -0.024710 0.302458 0.268963
v -0.018341 0.298742 0.262990
v 0.000009 0.240172 -0.319543
v -0.049082 0.258183 0.148124
v -0.034857 0.278386 0.210925
v -0.034219 0.257818 0.148529
v -0.026501 0.228336 -0.291911
v -0.022959 0.226030 -0.291368
v -0.006510 0.305899 0.293170
v -0.045318 0.280276 0.213259
v 0.000009 0.247304 -0.310226
v -0.012632 0.237169 -0.314065
v -0.013952 0.243566 -0.302476
v -0.052754 0.221076 -0.067742
v -0.039321 0.291929 0.244103
v -0.052265 0.208611 -0.146298
v -0.039756 0.222317 -0.252989
v -0.047034 0.206334 -0.221124
v -0.004710 0.232646 -0.281822
v -0.026277 0.235083 -0.285914
v -0.011079 0.227539 -0.270448
v -0.034157 0.210206 -0.145642
v -0.046774 0.237846 0.085578
v -0.039607 0.284269 0.249183
v -0.034443 0.251649 0.048035
v -0.034135 0.292532 0.244677
v -0.048847 0.250371 0.150625
v -0.043745 0.241153 0.118661
v -0.052661 0.213545 -0.068361
v -0.051548 0.201208 -0.147547
v -0.050024 0.242477 0.118439
v -0.050745 0.250109 0.117093
v -0.035308 0.247656 0.085096
v -0.034157 0.251139 0.118120
v -0.026356 0.294747 0.273467
v -0.039879 0.215114 -0.256808
v 0.000009 0.232833 -0.282084
v -0.002314 2.621863 -0.374728
v -0.034157 2.663401 -0.271454
v -0.002314 2.745061 -0.333423
v -0.002314 2.315944 -0.595626
v -0.034157 2.422066 -0.442644
v -0.002314 2.505290 -0.515374
v -0.034157 1.881293 -0.298718
v -0.002314 1.996478 -0.399542
v -0.002314 1.876303 -0.400202
v -0.002314 2.944539 -0.319609
v -0.034157 3.028304 -0.233103
v -0.002314 3.003020 -0.352598
v -0.002314 2.840517 -0.316043
v -0.034157 2.941712 -0.222024
v -0.002314 3.226903 -0.243384
v -0.002314 2.513304 -0.456733
v -0.034157 2.178904 -0.515907
v -0.002314 2.084267 -0.644818
v -0.002314 0.612830 -0.299906
v -0.018236 0.575705 -0.259890
v -0.034157 0.631347 -0.252116
v -0.018236 2.020262 -0.584437
v -0.002314 1.857233 -0.627134
v -0.034157 1.872189 -0.154790
v -0.002314 1.741610 -0.085356
v -0.002314 1.879467 -0.080397
v -0.034157 2.008063 -0.140906
v -0.034157 2.440511 -0.390245
v -0.034157 2.285930 -0.344263
v -0.034157 2.277783 -0.507129
v -0.002314 2.068895 -0.045685
v -0.002314 1.990545 -0.066513
v -0.034157 2.187097 -0.434828
v -0.002314 2.036030 -0.542793
v -0.002314 2.069868 -0.476700
v -0.002314 2.052373 -0.425764
v -0.034157 2.120708 -0.351600
v -0.034157 2.038153 -0.312167
v -0.034157 1.739905 -0.342753
v -0.002314 1.740600 -0.409061
v -0.034157 1.603875 -0.399641
v -0.002314 1.617660 -0.474520
v -0.034157 1.531277 -0.419872
v -0.002314 1.503407 -0.520102
v -0.034157 1.470581 -0.421062
v -0.002314 1.372494 -0.516173
v -0.018236 1.373491 -0.462407
v -0.002314 1.380478 -0.433129
v -0.002314 1.394532 -0.403568
v -0.034157 1.508663 -0.381313
v -0.002314 1.396793 -0.374647
v -0.034157 1.510450 -0.329065
v -0.034157 1.445587 -0.286579
v -0.002314 1.384535 -0.353225
v -0.034157 1.378346 -0.269797
v -0.002314 1.359541 -0.336684
v -0.034157 1.304558 -0.269797
v -0.034157 1.190306 -0.277891
v -0.002314 1.303606 -0.330733
v -0.002314 1.194890 -0.353443
v -0.034157 1.070401 -0.283114
v -0.002314 1.048650 -0.370828
v -0.002314 0.933660 -0.357850
v -0.018236 1.004773 -0.329206
v -0.002314 0.992176 -0.312365
v -0.002314 1.001389 -0.285842
v -0.034157 1.074632 -0.248402
v -0.002314 0.992050 -0.271047
v -0.034157 1.058829 -0.219474
v -0.034157 1.017507 -0.204598
v -0.002314 0.973040 -0.255924
v -0.034157 0.954197 -0.202118
v -0.002314 0.943785 -0.249889
v -0.034157 0.883879 -0.209733
v -0.034157 0.806258 -0.224532
v -0.002314 0.885584 -0.265921
v -0.002314 0.822870 -0.286834
v -0.034157 0.718817 -0.249361
v -0.002314 0.721446 -0.302817
v -0.002314 0.575984 -0.230197
v -0.002314 0.520060 -0.267663
v -0.002314 0.593751 -0.211713
v -0.034157 0.646294 -0.228631
v -0.002314 0.601396 -0.191325
v -0.034157 0.650357 -0.152181
v -0.002314 0.599606 -0.173419
v -0.034157 0.617987 -0.121187
v -0.002314 0.584797 -0.157027
v -0.034157 0.570464 -0.111547
v -0.002314 0.560485 -0.149037
v -0.034157 0.507102 -0.110167
v -0.002314 0.508004 -0.145180
v -0.034157 0.421144 -0.124029
v -0.002314 0.426320 -0.156545
v -0.034157 0.360879 -0.137229
v -0.034157 0.292580 -0.169369
v -0.002314 0.375241 -0.178354
v -0.002314 0.315550 -0.212216
v -0.034157 2.398609 -0.130093
v -0.002314 2.251722 -0.000543
v -0.002314 2.399731 -0.001921
v -0.034157 3.014180 -0.040352
v -0.002314 2.906913 0.043650
v -0.002314 3.006518 0.060328
v -0.034157 2.172201 -0.087472
v -0.034157 2.253766 -0.134761
v -0.034157 2.817879 -0.076780
v -0.034157 2.921767 -0.057620
v -0.034157 2.646446 -0.100098
v -0.002314 2.790311 0.030085
v -0.002314 2.135494 0.021727
v -0.034157 1.614329 -0.141898
v -0.002314 1.617638 -0.078415
v -0.034157 2.583599 -0.204519
v -0.034157 2.566058 -0.314664
v -0.034157 2.804580 -0.232159
v -0.034157 3.187749 -0.135887
v -0.002314 3.454218 -0.086286
v -0.034157 2.522529 -0.115095
v -0.002314 2.518252 0.006710
v -0.034157 2.092391 -0.221727
v -0.034157 2.104265 -0.114127
v -0.002314 2.636775 0.015341
v -0.034157 1.804631 -0.228650
v -0.034157 1.736317 -0.155782
v -0.034157 1.576001 -0.344995
v -0.034157 1.567141 -0.231229
v -0.034157 1.529202 -0.133632
v -0.002314 1.537470 -0.069322
v -0.002314 1.438294 -0.045355
v -0.034157 1.410189 -0.111318
v -0.034157 1.353251 -0.185781
v -0.034157 1.196633 -0.143218
v -0.034157 1.321756 -0.084869
v -0.002314 1.344902 -0.018907
v -0.034157 1.218199 -0.037761
v -0.034157 1.121025 -0.215160
v -0.034157 0.994470 -0.142349
v -0.034157 0.808883 -0.142952
v -0.034157 0.702280 -0.199923
v -0.034157 0.657932 -0.197637
v -0.034157 0.705881 -0.147688
v -0.034157 0.688376 -0.084555
v -0.034157 1.093297 -0.071168
v -0.002314 1.245724 0.037292
v -0.034157 1.138196 0.020423
v -0.002314 1.211012 0.074980
v -0.002314 1.196569 0.106223
v -0.034157 1.082855 0.161436
v -0.002314 1.198285 0.145781
v -0.034157 1.141171 0.213818
v -0.034157 1.206399 0.251139
v -0.002314 1.228434 0.182362
v -0.034157 1.078920 0.084359
v -0.034157 0.960153 -0.033812
v -0.034157 0.979299 0.113586
v -0.034157 0.794633 -0.055994
v -0.002314 1.293684 0.220515
v -0.018236 1.300347 0.246877
v -0.002314 1.394294 0.240929
v -0.002314 1.329555 0.283906
v -0.002314 1.238917 0.311868
v -0.002314 1.148099 0.320096
v -0.034157 1.136956 0.258555
v -0.034157 1.094777 0.225392
v -0.002314 1.065610 0.320225
v -0.034157 1.068657 0.263146
v -0.034157 1.004375 0.259127
v -0.034157 0.959836 0.255341
v -0.002314 0.994440 0.316690
v -0.034157 0.958725 0.206109
v -0.002314 0.911222 0.275255
v -0.002314 0.918282 0.313537
v -0.034157 0.931599 0.238810
v -0.002314 0.842292 0.236515
v -0.034157 0.913660 0.121539
v -0.034157 0.860686 0.152348
v -0.034157 0.855837 0.201619
v -0.034157 0.797104 0.182774
v -0.002314 0.783407 0.220216
v -0.034157 0.761880 0.021503
v -0.034157 0.621368 -0.040082
v -0.034157 0.716951 0.103514
v -0.034157 0.738628 0.168135
v -0.002314 0.723800 0.211180
v -0.034157 0.597318 0.030994
v -0.034157 0.505094 -0.049856
v -0.034157 0.483419 0.023085
v -0.034157 0.578943 0.087342
v -0.034157 0.546605 0.164424
v -0.034157 0.586208 0.159832
v -0.034157 0.645898 0.159832
v -0.034157 0.688369 0.162127
v -0.034157 0.475816 0.089338
v -0.002314 0.588502 0.203452
v -0.002314 0.685500 0.205174
v -0.034157 0.495524 0.170163
v -0.002314 0.540291 0.209766
v -0.002314 0.640732 0.204026
v -0.034157 0.354182 -0.087740
v -0.034157 0.245769 -0.132931
v -0.034157 0.256797 -0.055902
v -0.034157 0.338763 0.011288
v -0.026288 0.273341 0.084656
v -0.034157 0.458333 0.178427
v -0.034157 0.406679 0.192203
v -0.034157 0.348801 0.109688
v -0.034157 0.346757 0.221129
v -0.002314 0.497532 0.214166
v -0.002314 0.458313 0.222774
v -0.002314 0.410007 0.236645
v -0.034157 2.865722 -0.147052
v -0.034157 3.153007 -0.014320
v -0.002314 3.171571 0.090270
v -0.034157 3.093141 -0.103151
v -0.034157 3.428451 0.041994
v -0.002314 3.401609 0.139170
v -0.022548 3.679570 0.162197
v -0.002314 3.837196 0.296267
v -0.002314 3.674147 0.233189
v -0.002314 3.739848 0.136268
v -0.002314 3.869573 0.256469
v -0.001531 3.981107 0.373193
v 0.002794 0.306271 0.278527
v 0.002330 0.360314 0.253862
v 0.002330 2.790311 0.030085
v 0.002330 2.906913 0.043650
v 0.002330 3.171571 0.090270
v 0.002330 3.401609 0.139170
v 0.002330 1.065610 0.320225
v 0.002330 1.148099 0.320096
v 0.002330 0.497532 0.214166
v 0.002330 0.540291 0.209766
v 0.002330 3.674147 0.233189
v 0.002330 1.438294 -0.045355
v 0.002330 1.537470 -0.069322
v 0.002330 1.238917 0.311868
v 0.002330 1.329555 0.283906
v 0.002330 0.685500 0.205174
v 0.002330 0.723800 0.211180
v 0.002330 1.344902 -0.018907
v 0.002330 1.394294 0.240929
v 0.002330 1.990545 -0.066513
v 0.002330 2.068895 -0.045685
v 0.002330 1.198285 0.145781
v 0.002330 1.228434 0.182362
v 0.002330 1.245724 0.037292
v 0.002330 1.293684 0.220515
v 0.002330 1.211012 0.074980
v 0.002330 2.636775 0.015341
v 0.002330 2.518252 0.006710
v 0.002330 2.399731 -0.001921
v 0.002330 3.837196 0.296267
v 0.002330 1.741610 -0.085356
v 0.002330 1.879467 -0.080397
v 0.002330 2.505290 -0.515374
v 0.002330 2.513304 -0.456733
v 0.002330 1.617638 -0.078415
v 0.002330 2.251722 -0.000543
v 0.002330 0.994440 0.316690
v 0.002330 0.918282 0.313537
v 0.002330 0.458313 0.222774
v -0.002314 0.360314 0.253862
v 0.002330 0.640732 0.204026
v 0.002330 0.842292 0.236515
v 0.002330 0.911222 0.275255
v 0.002330 3.006518 0.060328
v 0.002330 0.410007 0.236645
v 0.002330 0.588502 0.203452
v 0.002330 0.783726 0.220405
v 0.002330 2.135494 0.021727
v 0.002330 1.740600 -0.409061
v 0.002330 1.617660 -0.474520
v 0.002330 0.508004 -0.145180
v 0.002330 0.426320 -0.156545
v 0.002330 0.520060 -0.267663
v 0.002330 0.575984 -0.230197
v 0.002330 1.303606 -0.330733
v 0.002330 1.194890 -0.353443
v 0.002330 1.996478 -0.399542
v 0.002330 1.876303 -0.400202
v 0.002330 1.048650 -0.370828
v 0.002330 3.739848 0.136268
v 0.002330 3.454218 -0.086286
v 0.002330 2.840517 -0.316043
v 0.002330 2.745061 -0.333423
v 0.002330 0.933660 -0.357850
v 0.002330 0.375241 -0.178354
v 0.002330 1.503407 -0.520102
v 0.002330 1.372494 -0.516173
v -0.002314 1.273714 -0.489991
v 0.002330 1.273714 -0.489991
v 0.002330 0.315550 -0.212216
v 0.002330 2.621863 -0.374728
v 0.001549 3.981107 0.373193
v 0.002330 1.380478 -0.433129
v 0.002330 2.315944 -0.595626
v 0.002330 0.593751 -0.211713
v 0.002330 0.992176 -0.312365
v 0.004726 0.232646 -0.281822
v 0.002330 1.001389 -0.285842
v 0.002330 0.601396 -0.191325
v 0.002330 2.084267 -0.644818
v 0.002330 1.857233 -0.627134
v 0.002330 2.944539 -0.319609
v 0.002330 0.721446 -0.302817
v 0.002330 0.612830 -0.299906
v 0.002330 1.394532 -0.403568
v 0.002330 2.036030 -0.542793
v 0.002330 3.869573 0.256469
v 0.002330 0.992050 -0.271047
v 0.002330 2.069868 -0.476700
v 0.002330 0.973040 -0.255924
v 0.002330 1.396793 -0.374647
v 0.002330 3.226903 -0.243384
v 0.002330 0.943785 -0.249889
v 0.002330 1.384535 -0.353225
v 0.002330 0.599606 -0.173419
v 0.002330 1.359541 -0.336684
v 0.002330 0.584797 -0.157027
v 0.002330 0.560485 -0.149037
v 0.002330 3.003020 -0.352598
v 0.002330 2.052373 -0.425764
v 0.002330 0.885584 -0.265921
v 0.002330 0.822870 -0.286834
v 0.002330 1.196703 0.106282
v 0.034175 1.138196 0.020423
v 0.000009 0.012786 0.211462
v -0.038927 -0.052963 0.071240
v -0.043261 -0.034934 0.063092
v -0.048789 -0.028270 0.112834
v 0.000009 -0.006585 0.209427
v -0.025907 -0.086385 0.035713
v -0.044156 -0.041604 0.090226
v -0.015211 -0.108200 0.018242
v -0.035125 -0.007291 0.166450
v -0.012386 -0.007632 0.205315
v -0.024079 -0.007830 0.191400
v -0.031711 -0.070728 0.049036
v -0.043833 -0.014540 0.142793
v -0.036227 -0.107450 0.056551
v -0.042687 -0.094103 0.072241
v -0.028147 -0.117341 0.040339
v 0.000009 -0.125688 0.015871
v -0.016828 -0.129081 0.023399
v -0.050655 -0.075555 0.094939
v -0.054362 -0.067003 0.113071
v -0.049388 -0.031117 0.134097
v -0.044469 -0.008050 0.166978
v -0.034542 -0.008290 0.195191
v -0.018471 -0.009038 0.219503
v 0.000009 -0.009317 0.225438
v -0.043426 -0.027469 0.163013
v -0.034846 -0.036177 0.187279
v -0.018546 -0.044090 0.207396
v 0.000009 -0.045976 0.214227
v -0.044893 -0.044359 0.153650
v -0.036428 -0.059642 0.178427
v -0.020552 -0.069791 0.196621
v 0.000009 -0.075781 0.204780
v -0.052954 -0.082491 0.135806
v -0.046847 -0.094875 0.155819
v -0.038073 -0.109811 0.176453
v -0.024884 -0.117278 0.194795
v 0.000009 -0.128498 0.204604
v -0.057706 -0.124771 0.126742
v -0.055592 -0.132172 0.147066
v -0.048572 -0.151998 0.171239
v -0.037530 -0.168148 0.189508
v -0.018718 -0.183797 0.201716
v 0.000009 -0.188098 0.204556
v -0.056520 -0.129039 0.107307
v -0.051630 -0.144707 0.084812
v -0.044233 -0.163458 0.063331
v -0.036819 -0.177701 0.047839
v 0.000009 -0.131938 0.011939
v -0.021630 -0.196944 0.027240
v -0.018960 -0.202796 0.035031
v 0.000009 -0.210742 0.016639
v 0.000009 -0.214355 0.024578
v -0.028838 -0.189057 0.050655
v -0.035046 -0.172852 0.065941
v -0.041886 -0.158800 0.084207
v -0.049903 -0.143961 0.107483
v -0.052417 -0.133012 0.123900
v -0.049150 -0.141645 0.138864
v -0.041917 -0.159355 0.158477
v -0.032432 -0.179588 0.179016
v -0.021025 -0.196636 0.195382
v 0.000009 -0.205051 0.203716
v -0.019043 -0.246442 0.030441
v -0.030470 -0.234263 0.045426
v -0.039655 -0.215497 0.068020
v -0.045828 -0.199553 0.086222
v -0.052961 -0.190133 0.108924
v -0.055656 -0.189092 0.125105
v -0.053359 -0.189926 0.141838
v -0.047434 -0.198200 0.156941
v -0.038916 -0.212093 0.174051
v -0.024900 -0.234606 0.193488
v 0.000009 -0.239406 0.202928
v 0.000009 -0.257022 0.019021
v -0.014524 -0.296129 0.020924
v -0.031834 -0.277563 0.040176
v -0.040161 -0.258067 0.061391
v -0.047597 -0.239206 0.083578
v -0.053469 -0.223956 0.104575
v -0.056742 -0.220178 0.122824
v -0.056685 -0.223230 0.138050
v -0.020335 -0.287074 0.197358
v 0.000009 -0.294107 0.201546
v -0.036505 -0.273225 0.186089
v -0.046202 -0.256606 0.172289
v -0.053346 -0.238445 0.154779
v 0.000009 -0.310112 0.023804
v -0.017565 -0.301349 0.032947
v -0.027137 -0.284889 0.046977
v -0.034923 -0.266741 0.064654
v -0.041776 -0.249900 0.082936
v -0.047813 -0.236841 0.100096
v -0.052604 -0.230650 0.121609
v -0.049031 -0.236355 0.132462
v -0.044007 -0.251310 0.146021
v -0.036535 -0.272367 0.163308
v -0.029731 -0.292536 0.178534
v -0.019419 -0.313647 0.195276
v 0.000009 -0.319306 0.202521
v -0.018621 -0.337282 0.029073
v -0.030912 -0.323481 0.044293
v -0.038493 -0.309617 0.060364
v -0.045808 -0.294353 0.079169
v -0.052287 -0.286191 0.096980
v -0.054523 -0.283978 0.114739
v -0.052263 -0.289716 0.128968
v -0.047901 -0.300296 0.143312
v -0.040476 -0.319878 0.159790
v -0.032833 -0.343893 0.175769
v -0.019763 -0.353478 0.194823
v 0.000009 -0.366194 0.200961
v -0.056991 -0.320762 0.107567
v -0.055238 -0.320146 0.095762
v -0.050428 -0.329712 0.079352
v -0.043237 -0.342485 0.060718
v -0.033898 -0.359042 0.040907
v -0.017835 -0.378990 0.023595
v 0.000009 -0.348511 0.019116
v 0.000009 -0.390960 0.014005
v -0.055862 -0.330585 0.125580
v -0.052415 -0.344718 0.139528
v -0.043131 -0.371776 0.159588
v -0.031766 -0.398026 0.180668
v -0.017703 -0.415965 0.195268
v 0.000009 -0.422248 0.199606
v -0.026422 -0.412084 0.168432
v -0.014428 -0.428747 0.183104
v -0.041382 -0.358701 0.062649
v -0.052356 -0.340727 0.107932
v -0.046880 -0.355012 0.122243
v 0.000009 -0.432905 0.186589
v -0.052980 -0.336613 0.096494
v -0.032164 -0.377333 0.042684
v -0.041939 -0.370018 0.133509
v -0.035108 -0.386819 0.148788
v -0.048286 -0.345198 0.079853
v -0.018854 -0.395646 0.024356
v -0.045190 -0.373146 0.067366
v -0.050842 -0.399269 0.073812
v -0.052224 -0.375520 0.082973
v -0.054520 -0.375181 0.095185
v -0.053475 -0.375181 0.106042
v -0.049922 -0.375181 0.117238
v -0.055447 -0.403680 0.093830
v -0.052617 -0.399269 0.111472
v -0.047027 -0.392484 0.125041
v 0.000009 -0.407383 0.013809
v -0.021388 -0.430800 0.024072
v -0.032914 -0.424675 0.037178
v -0.040577 -0.391127 0.055154
v -0.042713 -0.423025 0.053163
v -0.052208 -0.423700 0.071590
v -0.056206 -0.422017 0.092987
v -0.054184 -0.420770 0.108414
v -0.046957 -0.422818 0.127255
v -0.037998 -0.438852 0.147209
v -0.029236 -0.458185 0.166591
v -0.017237 -0.468437 0.182173
v 0.000009 -0.476590 0.187473
v -0.022759 -0.457219 0.023973
v 0.000009 -0.433448 0.013002
v 0.000009 -0.461670 0.012003
v -0.034584 -0.453090 0.035875
v -0.045439 -0.447535 0.053099
v -0.053550 -0.441443 0.071100
v -0.057081 -0.443065 0.092827
v -0.055227 -0.454461 0.109289
v -0.048618 -0.475526 0.129039
v -0.039486 -0.499286 0.149043
v -0.029788 -0.522896 0.169990
v -0.016850 -0.539200 0.183971
v 0.000009 -0.544663 0.188786
v -0.023074 -0.480396 0.024950
v -0.032518 -0.472410 0.038007
v -0.042132 -0.463236 0.054160
v -0.051394 -0.454067 0.072904
v -0.054085 -0.452938 0.085615
v -0.049322 -0.468479 0.100239
v -0.041512 -0.486889 0.116875
v -0.033581 -0.509381 0.138811
v -0.025872 -0.534510 0.162802
v -0.012859 -0.547501 0.176398
v 0.000009 -0.549197 0.178541
v 0.000009 -0.493706 0.009145
v -0.025100 -0.524940 0.020544
v -0.026035 -0.563174 0.016348
v 0.000009 -0.528392 0.005918
v 0.000009 -0.569983 0.001230
v -0.025819 -0.585105 0.014232
v 0.000009 -0.597859 -0.004706
v -0.025320 -0.625359 0.008151
v 0.000009 -0.629336 -0.006145
v -0.025034 -0.654678 0.001668
v 0.000009 -0.660805 -0.012353
v -0.022444 -0.686213 -0.006673
v 0.000009 -0.697963 -0.026992
v -0.024587 -0.717187 -0.015041
v 0.000009 -0.720520 -0.029564
v -0.025045 -0.740419 -0.018663
v 0.000009 -0.742911 -0.032652
v -0.021589 -0.773505 -0.023683
v 0.000009 -0.780127 -0.039967
v -0.021349 -0.793386 -0.031537
v 0.000009 -0.795454 -0.045786
v -0.040491 -0.515022 0.039268
v -0.045206 -0.552112 0.036593
v -0.039919 -0.570823 0.036439
v -0.042038 -0.617907 0.027271
v -0.043232 -0.647997 0.020108
v -0.038555 -0.670593 0.011821
v -0.041617 -0.712785 0.000123
v -0.043230 -0.743167 -0.006367
v -0.035559 -0.766405 -0.010030
v -0.036733 -0.793797 -0.020786
v -0.048077 -0.508532 0.051000
v -0.054406 -0.547615 0.049225
v -0.047280 -0.566097 0.049548
v -0.053000 -0.614561 0.042363
v -0.057827 -0.643958 0.039244
v -0.053524 -0.658185 0.038388
v -0.058120 -0.710090 0.023705
v -0.061048 -0.750070 0.011832
v -0.049245 -0.767710 0.004490
v -0.052158 -0.797124 -0.008606
v -0.057022 -0.502051 0.068710
v -0.061923 -0.548011 0.064357
v -0.053513 -0.561878 0.064942
v -0.059035 -0.613096 0.058443
v -0.063039 -0.651398 0.051258
v -0.053119 -0.664092 0.050019
v -0.056665 -0.714206 0.038867
v -0.062898 -0.761779 0.023575
v -0.044310 -0.781873 0.017879
v -0.058161 -0.505221 0.082623
v -0.062533 -0.556697 0.080465
v -0.051132 -0.571494 0.081316
v -0.054668 -0.616202 0.075610
v -0.061479 -0.664200 0.063272
v -0.047887 -0.677772 0.063210
v -0.052015 -0.720606 0.052589
v -0.060575 -0.776503 0.034670
v -0.046396 -0.809365 0.009181
v -0.040005 -0.792915 0.028752
v -0.053269 -0.516267 0.098703
v -0.058351 -0.570823 0.097407
v -0.044704 -0.584701 0.094976
v -0.047291 -0.622662 0.091912
v -0.056839 -0.680550 0.076146
v -0.041452 -0.694846 0.078833
v -0.047452 -0.747091 0.067412
v -0.055933 -0.792068 0.049579
v -0.041560 -0.819075 0.021175
v -0.036025 -0.811307 0.045272
v -0.045720 -0.544355 0.117663
v -0.038295 -0.559942 0.135001
v -0.029537 -0.571641 0.155945
v -0.017470 -0.585724 0.172891
v 0.000009 -0.590568 0.178182
v -0.051042 -0.585981 0.116345
v -0.042959 -0.605414 0.134279
v -0.030320 -0.629548 0.152581
v -0.019624 -0.648452 0.169701
v 0.000009 -0.658431 0.177498
v -0.038179 -0.603240 0.110330
v -0.032564 -0.624248 0.127714
v -0.041193 -0.646659 0.106278
v -0.035801 -0.671933 0.121145
v -0.027324 -0.644897 0.144197
v -0.027975 -0.695149 0.141478
v -0.017387 -0.660323 0.158488
v -0.015816 -0.708556 0.156559
v 0.000009 -0.664096 0.161465
v 0.000009 -0.709045 0.160798
v -0.048257 -0.702383 0.096292
v -0.039794 -0.722953 0.117737
v -0.030017 -0.746132 0.140129
v -0.017692 -0.764711 0.161630
v 0.000009 -0.767912 0.170969
v -0.037222 -0.708099 0.091546
v -0.032351 -0.730332 0.111925
v -0.027661 -0.756928 0.133960
v -0.020079 -0.775300 0.153201
v 0.000009 -0.780974 0.163049
v -0.043413 -0.766960 0.081059
v -0.037464 -0.787079 0.103006
v -0.030171 -0.807169 0.132332
v -0.019620 -0.817249 0.157753
v 0.000009 -0.815936 0.169187
v -0.049735 -0.817359 0.070492
v -0.044273 -0.840107 0.095260
v -0.035803 -0.861137 0.125981
v -0.033530 -0.827781 0.063807
v -0.031735 -0.849493 0.084091
v -0.029619 -0.882446 0.117401
v -0.029443 -0.868120 0.153052
v -0.017074 -0.867695 0.178556
v 0.000009 -0.866567 0.189519
v -0.036896 -0.845436 0.036375
v -0.047291 -0.854583 0.002257
v -0.040658 -0.874650 0.015671
v -0.052378 -0.842105 -0.007764
v -0.054435 -0.828340 -0.019873
v -0.039596 -0.819405 -0.028747
v -0.022827 -0.812847 -0.038150
v 0.000009 -0.805059 -0.049887
v -0.033955 -0.860719 0.051513
v -0.031005 -0.882422 0.070572
v -0.034522 -0.895677 0.032243
v -0.029005 -0.915295 0.048981
v -0.019798 -0.879369 0.147158
v -0.012384 -0.878049 0.166445
v 0.000009 -0.878262 0.173138
v -0.092123 -1.067667 0.098426
v -0.075198 -1.016297 0.053156
v -0.084278 -1.075996 0.061976
v -0.044110 -1.033435 -0.009915
v -0.069423 -1.083218 0.027086
v -0.062720 -1.001673 0.020992
v -0.021481 -0.995755 -0.034846
v 0.000009 -0.938049 -0.046796
v 0.000009 -0.998580 -0.037323
v 0.000009 -0.926290 0.218310
v -0.023269 -0.905958 0.209196
v -0.027053 -0.932956 0.211438
v -0.027966 -0.867805 -0.018537
v -0.060078 -0.924997 0.015088
v -0.042992 -0.933658 0.033398
v 0.000009 -0.886686 -0.054828
v -0.016258 -0.853976 -0.056527
v 0.000009 -0.853930 -0.059558
v -0.018779 -0.895734 -0.050670
v -0.064480 -0.987224 0.189147
v -0.053233 -1.013445 0.225267
v -0.048726 -0.978934 0.210758
v 0.000009 -0.966605 0.237391
v -0.030122 -1.003154 0.245181
v 0.000009 -0.997504 0.254910
v -0.084128 -0.998131 0.115966
v -0.091516 -1.054871 0.135551
v -0.072875 -0.945289 0.141500
v -0.079444 -0.996510 0.152693
v -0.059877 -0.938078 0.174574
v -0.046121 -0.933172 0.194025
v -0.072294 -0.916491 0.104753
v -0.076725 -0.958588 0.089305
v -0.078124 -0.952899 0.111558
v -0.040381 -0.974516 -0.021648
v -0.020445 -0.936320 -0.044321
v -0.057369 -0.996131 0.076487
v -0.053979 -1.010057 0.055141
v -0.058054 -0.952162 0.005639
v -0.050589 -0.994921 0.027133
v -0.045659 -0.951988 0.005379
v -0.072131 -0.916023 0.073817
v -0.052565 -0.959860 0.081536
v -0.021872 -1.048069 -0.026668
v 0.000009 -1.047035 -0.029740
v -0.080065 -0.999852 0.082531
v -0.058874 -0.911022 0.168093
v -0.046972 -0.907432 0.190115
v -0.069091 -0.911816 0.141269
v -0.028384 -0.967934 0.226556
v -0.059851 -0.940405 0.014716
v -0.028153 -0.845225 -0.042825
v -0.041369 -0.875591 -0.024895
v -0.079207 -0.905777 0.144034
v -0.070019 -0.872040 0.167325
v -0.076199 -0.874650 0.140303
v -0.055975 -0.901756 0.199434
v -0.032199 -0.869277 0.215266
v -0.056082 -0.869180 0.191880
v -0.077295 -0.884244 0.107089
v -0.081446 -0.909810 0.110526
v -0.069575 -0.904094 0.174313
v 0.000009 -0.903791 0.215855
v -0.030059 -0.898623 0.218238
v -0.052052 -0.876777 0.143680
v -0.038694 -0.870012 0.183566
v -0.055777 -0.886142 0.109516
v -0.036421 -0.897290 -0.034373
v -0.037822 -0.935361 -0.029489
v -0.062093 -0.932767 0.011427
v 0.000009 -0.811184 -0.065727
v -0.010443 -0.811855 -0.053594
v 0.000009 -0.810764 -0.053451
v -0.026677 -0.833950 -0.014375
v -0.037022 -0.951608 0.012795
v -0.037022 -0.992847 0.027102
v -0.037022 -1.008130 0.052518
v -0.037022 -0.994781 0.076045
v -0.026336 -0.929331 0.083602
v -0.047760 -0.919046 0.067694
v -0.050879 -0.904251 0.067877
v -0.067773 -0.901437 0.071729
v -0.042790 -0.897794 0.143383
v -0.042704 -0.909597 0.117033
v -0.045654 -0.873536 0.162782
v -0.023613 -0.910600 0.132574
v -0.015855 -0.903278 0.167284
v 0.000009 -0.894652 0.176997
v -0.016865 -0.886129 0.190672
v 0.000009 -0.886728 0.194159
v -0.021707 -0.871578 0.197072
v -0.033246 -0.886442 0.177043
v -0.096884 -1.061960 0.137256
v -0.090264 -1.083304 0.065784
v -0.096050 -1.074966 0.101176
v -0.052048 -1.089953 -0.000486
v -0.025868 -1.101846 -0.026611
v -0.058142 -1.097103 0.001760
v -0.077070 -1.031760 0.209950
v -0.059508 -1.020257 0.232859
v -0.032514 -1.006295 0.256401
v 0.000009 -1.000575 0.268732
v -0.076232 -1.091607 0.030811
v -0.021404 -1.093224 -0.021309
v 0.000009 -1.101496 -0.027229
v -0.097445 -1.093743 0.105545
v 0.000009 -1.015423 0.271990
v -0.058005 -1.033402 0.237602
v -0.091740 -1.102772 0.066015
v -0.057411 -1.114509 0.004094
v -0.025685 -1.118759 -0.026459
v -0.095225 -1.080455 0.141519
v -0.085719 -1.039786 0.167913
v -0.090655 -1.065621 0.180297
v -0.092356 -1.046487 0.174592
v -0.076569 -1.108565 0.035088
v 0.000009 -1.093343 -0.022352
v -0.066436 -1.119391 0.080234
v -0.071309 -1.110296 0.109459
v -0.073768 -1.097103 0.149822
v -0.068655 -1.084323 0.190168
v 0.000009 -1.119870 -0.026411
v -0.021443 -1.140249 0.028241
v -0.055442 -1.128228 0.056674
v -0.031350 -1.021264 0.261133
v 0.000009 -1.069451 0.253022
v -0.041105 -1.134960 0.038372
v -0.077231 -1.048892 0.212551
v -0.042724 -1.074262 0.230100
v 0.000009 -1.135875 0.046598
v 0.000009 -1.142024 0.025205
v 0.000009 -1.128065 0.069945
v 0.000009 -1.119576 0.095825
v 0.000009 -1.111156 0.121871
v -0.034826 -1.096513 0.164138
v -0.019719 -1.094522 0.172880
v 0.000009 -1.089704 0.196429
v -0.056648 -1.079386 0.211332
v -0.058054 -0.933266 0.023934
v -0.026149 -1.158722 0.247463
v 0.000009 -1.159941 0.312457
v 0.000009 -1.124594 0.264898
v -0.025784 -1.221227 0.315502
v 0.000009 -1.196133 0.362562
v 0.000009 -1.233833 0.362710
v -0.025032 -1.277817 0.327199
v 0.000009 -1.316106 0.354035
v -0.026081 -1.327410 0.321350
v 0.000009 -1.360234 0.346579
v 0.000009 -1.214688 0.252278
v 0.000009 -1.220349 0.275640
v -0.012390 -1.189632 0.250624
v -0.026981 -1.200819 0.291342
v 0.000009 -1.232726 0.294232
v 0.000009 -1.289937 0.300962
v 0.000009 -1.325183 0.287406
v -0.017662 -1.371768 0.286554
v -0.025901 -1.408163 0.305963
v 0.000009 -1.409901 0.307248
v 0.000009 -1.366442 0.245353
v 0.000009 -1.401695 0.271603
v -0.014562 -1.400861 0.272496
v -0.024314 -1.450724 0.046686
v 0.000009 -1.497478 0.113975
v -0.025641 -1.481561 0.126427
v -0.019375 -1.190994 0.237939
v -0.008221 -1.234559 0.240031
v 0.000009 -1.231551 0.245562
v -0.035950 -1.193766 0.122646
v -0.028017 -1.217104 0.154812
v -0.043562 -1.181244 0.139300
v 0.000009 -1.239627 0.132607
v -0.014067 -1.223077 0.121746
v 0.000009 -1.282035 0.096923
v -0.028789 -1.198978 0.104201
v 0.000009 -1.262213 0.012795
v -0.026371 -1.268254 0.033821
v -0.027447 -1.353975 0.036696
v 0.000009 -1.415412 0.108321
v 0.000009 -1.352789 0.017270
v 0.000009 -1.462677 0.023692
v 0.000009 -1.440190 0.175696
v -0.029172 -1.509112 0.208329
v 0.000009 -1.460677 0.243555
v -0.057781 -1.512056 0.227451
v -0.029126 -1.481139 0.254800
v 0.000009 -1.534500 0.207524
v 0.000009 -1.553207 0.232725
v -0.027751 -1.539714 0.231937
v 0.000009 -1.506963 0.291496
v -0.036813 -1.198562 0.208223
v -0.033271 -1.218576 0.203942
v -0.027432 -1.216585 0.206567
v -0.032441 -1.134778 0.158380
v -0.026233 -1.108294 0.130231
v -0.024211 -1.138471 0.142360
v 0.000009 -1.158463 0.104357
v 0.000009 -1.143300 0.105626
v -0.053702 -1.164482 0.201718
v -0.035055 -1.146618 0.222548
v -0.035702 -1.138502 0.213602
v 0.000009 -1.126756 0.243734
v -0.036560 -1.158375 0.227740
v -0.016306 -1.115105 0.181269
v 0.000009 -1.110406 0.218227
v 0.000009 -1.107192 0.182395
v -0.030479 -1.125764 0.175045
v -0.050719 -1.169914 0.170449
v 0.000009 -1.129850 0.126212
v 0.000009 -1.169170 0.092957
v 0.000009 -1.462586 0.273112
v -0.023047 -1.228570 0.174946
v -0.028169 -1.228850 0.187880
v -0.029324 -1.227468 0.172407
v 0.000009 -1.254275 0.159680
v 0.000009 -1.277276 0.195127
v -0.020460 -1.222806 0.139520
v -0.029691 -1.214125 0.157850
v -0.043454 -1.193311 0.161869
v -0.040748 -1.190631 0.158759
v -0.045098 -1.183521 0.196583
v -0.041697 -1.201358 0.206169
v -0.032608 -1.204883 0.218825
v -0.044862 -1.170569 0.219329
v 0.000009 -1.243618 0.239411
v -0.008360 -1.246705 0.232573
v 0.000009 -1.259806 0.230883
v -0.023012 -1.227362 0.190370
v 0.000009 -1.268219 0.213666
v -0.046064 -1.181022 0.175199
v -0.035077 -1.216648 0.200893
v -0.050437 -1.184608 0.177641
v -0.051878 -1.204278 0.173921
v -0.054120 -1.195755 0.183033
v -0.050829 -1.193848 0.193136
v -0.043300 -1.203316 0.201579
v -0.030789 -1.225952 0.187282
v -0.036753 -1.222212 0.176581
v -0.048796 -1.187105 0.195600
v -0.035677 -1.215520 0.160239
v -0.042062 -1.208123 0.184411
v -0.044594 -1.215071 0.172172
v 0.000009 -1.094216 0.175173
v -0.039098 -1.101388 0.147706
v 0.000009 -0.872315 0.203718
v -0.022493 -1.070441 0.246741
v 0.000009 -0.870434 0.227654
v -0.071379 -1.025066 0.200911
v -0.029429 -0.957649 0.055911
v -0.032120 -0.984498 0.055354
v -0.037022 -0.958201 0.081338
v -0.029801 -0.936511 0.033150
v -0.035369 -0.843878 -0.005933
v -0.028895 -0.854029 0.004512
v -0.028360 -0.875200 0.014681
v -0.027570 -0.895970 0.031603
v 0.000009 -0.815899 -0.049414
v -0.019243 -0.839953 -0.035990
v -0.013726 -0.812068 -0.062403
v -0.022623 -0.824591 -0.024279
v -0.014441 -0.817571 -0.035193
v -0.028545 -0.878451 -0.005122
v 0.000009 -0.809831 -0.045734
v 0.080322 0.131756 0.011031
v 0.084038 0.120199 -0.086988
v 0.077856 0.121451 -0.089305
v 0.078866 0.193329 0.156380
v 0.079308 0.183850 0.099339
v 0.085028 0.196825 0.155093
v 0.060309 0.203493 0.153210
v 0.082100 0.219278 0.209121
v 0.081508 0.205900 0.151587
v 0.008917 0.261569 0.410267
v 0.012734 0.262830 0.414572
v 0.056619 0.151633 0.243562
v 0.073520 0.176684 0.296604
v 0.040172 0.175371 0.299149
v 0.054327 0.190491 0.092816
v 0.072054 0.179166 0.003065
v 0.053187 0.178939 0.004389
v 0.081631 0.177712 -0.375960
v 0.098589 0.130227 -0.392121
v 0.092745 0.124194 -0.440112
v 0.097654 0.165942 -0.305250
v 0.104115 0.136044 -0.264658
v 0.105538 0.134332 -0.324119
v 0.069920 0.182358 0.100206
v 0.073269 0.146874 0.008426
v 0.069439 0.165895 0.005757
v 0.009350 0.273011 0.386465
v 0.009339 0.290286 0.365207
v 0.071399 0.158110 -0.078346
v 0.072686 0.138741 -0.081292
v 0.038370 0.234775 0.332167
v 0.036782 0.251662 0.317447
v 0.058771 0.208058 0.277224
v 0.055240 0.227359 0.266306
v 0.087127 0.157109 -0.167999
v 0.089982 0.132748 -0.174126
v 0.076014 0.207277 0.213796
v 0.085923 0.169946 0.165029
v 0.097106 0.134715 0.119724
v 0.089283 0.129543 0.009775
v 0.095559 0.177023 -0.353289
v 0.087219 0.174374 -0.352583
v 0.020035 0.238691 -0.456524
v 0.024255 0.225423 -0.464717
v 0.028855 0.215752 -0.455827
v 0.031057 0.207535 -0.463386
v 0.055106 0.171688 -0.072002
v 0.076633 0.171728 -0.076767
v 0.016722 -0.080527 -0.599768
v 0.039028 -0.079363 -0.597903
v 0.027051 -0.093284 -0.608582
v 0.116288 0.092400 -0.280447
v 0.131688 0.066744 -0.353916
v 0.125063 0.068479 -0.354081
v 0.012203 0.257336 0.423610
v 0.000009 0.259741 0.428364
v 0.061090 0.169327 -0.156268
v 0.090572 0.169783 -0.164415
v 0.084887 -0.023632 -0.515827
v 0.062357 -0.055873 -0.568731
v 0.050642 -0.057209 -0.562837
v 0.011477 0.249535 0.419091
v 0.049236 0.211235 0.357111
v 0.063402 0.178666 -0.294844
v 0.101119 0.172711 -0.253581
v 0.098226 0.178869 -0.301503
v 0.026796 -0.008703 -0.581145
v 0.022803 -0.072349 -0.593846
v 0.017838 -0.122747 -0.616992
v 0.015536 -0.107184 -0.620616
v 0.018823 -0.019745 -0.610702
v 0.010641 -0.088702 -0.605691
v 0.016042 -0.015385 -0.592647
v 0.085650 0.007588 -0.504489
v 0.086414 0.038810 -0.493148
v 0.109930 0.008164 -0.474287
v 0.083732 0.156196 0.111234
v 0.042317 0.219043 0.345349
v 0.064786 0.188214 0.289159
v 0.090123 0.106634 -0.182710
v 0.038933 0.104606 -0.528614
v 0.048836 0.062777 -0.541086
v 0.032949 0.060883 -0.557566
v 0.087644 0.012714 -0.437679
v 0.119249 -0.006864 -0.474536
v 0.130942 0.014676 -0.439118
v 0.069417 0.207170 -0.394834
v 0.089289 0.184235 -0.379452
v 0.077642 0.193547 -0.402332
v 0.065745 0.188903 -0.406694
v 0.050224 0.171323 -0.466732
v 0.046629 0.202913 -0.431055
v 0.065417 0.000807 -0.537810
v 0.070759 0.002649 -0.545930
v 0.062086 0.079530 0.009561
v 0.048024 0.067199 0.001065
v 0.056859 0.065837 -0.002332
v 0.065637 0.062163 -0.538837
v 0.053957 -0.005564 -0.569780
v 0.061875 -0.071309 -0.565415
v 0.042715 -0.092129 -0.590707
v 0.069388 0.135109 -0.470078
v 0.079845 0.132959 -0.478108
v 0.036934 -0.003923 -0.569287
v 0.099385 0.128517 -0.448835
v 0.073599 0.118840 -0.497213
v 0.087124 0.082102 -0.501948
v 0.070948 0.092013 -0.519418
v 0.062821 0.115742 -0.495867
v 0.058234 0.090116 -0.520001
v 0.091135 0.099385 -0.483963
v 0.021017 0.204875 -0.488473
v 0.051225 0.181845 -0.473394
v 0.048523 0.160384 -0.492265
v 0.022040 0.180686 -0.487725
v 0.042348 0.147770 -0.493491
v 0.020000 0.059517 -0.588324
v 0.022508 0.120914 -0.538494
v 0.020511 0.130478 -0.547303
v 0.098534 0.148320 0.179036
v 0.091043 0.152299 0.239675
v 0.102766 0.136827 0.180264
v 0.102265 0.109032 -0.182169
v 0.084652 0.107769 -0.088484
v 0.102612 0.098916 -0.182074
v 0.070567 0.188386 0.292200
v 0.047852 0.219760 0.350832
v 0.093482 0.117889 0.011088
v 0.101264 0.138505 0.120388
v 0.123983 0.080502 -0.277627
v 0.133982 0.056102 -0.350126
v 0.050325 0.212441 -0.435585
v 0.045780 0.225826 -0.426864
v 0.078063 0.161350 -0.076710
v 0.092686 0.159812 -0.166467
v 0.042482 0.263824 0.310724
v 0.063257 0.230050 0.266913
v 0.062187 0.239228 0.260493
v 0.012951 0.296085 0.364487
v 0.043890 0.255638 0.315861
v 0.075612 0.169030 0.004715
v 0.013207 0.302876 0.357397
v 0.073238 0.195461 0.094620
v 0.103809 0.162899 -0.257305
v 0.102593 0.169011 -0.304341
v 0.031060 -0.106462 -0.604162
v 0.096015 -0.036925 -0.518203
v 0.010985 0.290242 0.342615
v 0.025489 0.255977 0.299856
v 0.083736 0.195188 -0.368786
v 0.045250 0.237950 0.263575
v 0.083030 0.163816 0.232153
v 0.091062 0.148922 0.176605
v 0.068583 0.051854 -0.361984
v 0.041294 0.043879 -0.003780
v 0.055554 0.053933 0.009924
v 0.048853 0.038333 -0.006543
v 0.048206 0.057539 0.012045
v 0.055235 0.036467 0.037609
v 0.039741 0.000110 -0.006510
v 0.021503 0.206078 0.354741
v 0.023399 0.146606 0.227966
v 0.056133 0.087839 -0.284414
v 0.045067 0.101757 -0.175146
v 0.038146 -0.071599 -0.561939
v 0.029907 -0.088508 -0.586150
v 0.022273 -0.099229 -0.594741
v 0.080839 0.080032 -0.495057
v 0.077992 0.062322 -0.514224
v 0.083686 0.097739 -0.475891
v 0.083112 0.064821 -0.519930
v 0.057413 -0.035996 -0.513154
v 0.114202 0.066317 -0.418442
v 0.093713 -0.022315 -0.519035
v 0.014280 0.249724 -0.449830
v 0.029383 0.230547 -0.423509
v 0.032091 0.237030 -0.442422
v 0.050358 0.186965 -0.333241
v 0.032149 0.198783 -0.370990
v 0.070365 0.097154 0.026195
v 0.077935 0.117091 0.027834
v 0.078060 0.111758 0.037895
v 0.012371 0.065591 0.217644
v 0.020911 0.092162 0.214225
v 0.080821 0.122558 0.101748
v 0.072532 0.094076 0.082333
v 0.075656 0.100604 0.062036
v 0.037710 -0.032063 0.002365
v 0.036296 -0.038449 -0.006160
v 0.052668 0.053343 -0.014353
v 0.020654 0.119900 0.217615
v 0.048660 0.090807 -0.113040
v 0.046719 0.138706 0.200028
v 0.066389 0.113595 0.160494
v 0.072244 0.129864 0.157267
v 0.041270 0.092607 0.197045
v 0.054010 0.058907 0.166126
v 0.067351 0.088752 0.162617
v 0.066935 0.111863 -0.036861
v 0.072164 0.114638 -0.003190
v 0.052771 0.075682 -0.050246
v 0.069128 0.081022 0.074903
v 0.062253 0.069533 0.026393
v 0.070233 0.088854 0.047566
v 0.066475 0.046356 0.124036
v 0.079057 0.067945 0.113458
v 0.014544 0.015528 0.213239
v 0.017796 0.055871 0.219758
v 0.061578 0.091260 0.047747
v 0.042288 0.054080 -0.011750
v 0.053909 0.073368 0.027997
v 0.061611 0.098635 0.028615
v 0.066466 0.068361 0.113036
v 0.067041 0.042654 0.114057
v 0.073366 0.047544 0.088088
v 0.076910 0.060053 0.103338
v 0.011165 0.059310 0.202332
v 0.053260 0.081184 0.013552
v 0.066728 0.101251 0.060460
v 0.070939 0.118098 0.043938
v 0.072290 0.121755 0.095462
v 0.080698 0.118012 0.042940
v 0.059745 0.083620 0.076745
v 0.066251 0.061945 0.104865
v 0.061666 0.048345 0.122162
v 0.062234 0.045344 0.114932
v 0.067938 0.111492 0.039068
v 0.063327 0.033636 0.094235
v 0.052358 0.008721 0.058340
v 0.059048 0.015576 0.054855
v 0.039173 0.029421 0.093746
v 0.043688 0.037224 0.116745
v 0.020920 -0.042480 -0.004743
v 0.031368 0.064889 0.198174
v 0.033596 0.054230 0.162437
v 0.042975 0.039600 0.123803
v 0.040311 -0.047828 -0.001465
v 0.021542 -0.031308 0.010173
v 0.020033 -0.062168 -0.021468
v 0.065256 0.026774 0.107787
v 0.031409 0.054058 0.207249
v 0.064946 0.039853 0.137656
v 0.059358 0.009469 0.077658
v 0.032113 0.006316 0.062781
v 0.058410 0.048767 0.166742
v 0.060548 0.004484 0.143693
v 0.063237 -0.017994 0.085802
v 0.054866 -0.007385 0.054432
v 0.018330 -0.095308 0.010833
v 0.035440 -0.075515 0.022693
v 0.068482 -0.004917 0.116470
v 0.045588 0.012157 0.174766
v 0.024398 0.012450 0.192887
v 0.026136 0.016199 0.202732
v 0.047412 0.003927 0.141027
v 0.053165 -0.006272 0.116281
v 0.049031 -0.018988 0.085864
v 0.055301 -0.034272 0.060839
v 0.000009 -0.113161 0.001877
v 0.027606 -0.071755 0.026748
v 0.013376 0.011913 0.206521
v 0.023577 -0.022796 0.021690
v 0.048479 -0.030173 0.022194
v 0.038568 0.116162 0.200757
v 0.046136 -0.056489 0.036342
v 0.039125 -0.025676 0.010890
v 0.121583 0.091736 -0.277677
v 0.080881 0.185214 0.221421
v 0.070189 0.172157 -0.243344
v 0.098839 0.160336 -0.257484
v 0.091018 0.188135 -0.347149
v 0.129606 0.025692 -0.440363
v 0.121862 0.027863 -0.440055
v 0.066574 0.217719 0.213413
v 0.089170 0.163821 0.236040
v 0.082885 0.210969 0.213380
v 0.106317 0.127543 0.122815
v 0.039252 0.211299 -0.395993
v 0.021443 0.057935 -0.579601
v -0.001500 0.243025 -0.434359
v 0.003729 0.256414 -0.437078
v -0.000367 0.256632 -0.436007
v 0.014639 -0.109949 -0.603335
v 0.117555 0.004378 -0.477530
v 0.071150 -0.005830 -0.470345
v 0.033460 0.212395 -0.257514
v 0.004411 0.304095 0.292523
v 0.022636 0.291938 0.271071
v 0.045302 0.240777 0.044396
v 0.046202 0.203425 -0.106988
v 0.040346 0.269399 0.216117
v 0.045562 0.228111 -0.030765
v 0.034201 0.217545 -0.235651
v 0.047166 0.213706 -0.219520
v 0.039772 0.222317 -0.252989
v 0.010314 0.233862 -0.313414
v 0.046504 0.211332 -0.067322
v 0.052138 0.228582 -0.032296
v 0.052556 0.235695 -0.035515
v 0.053183 0.253946 0.005863
v 0.045894 0.200059 -0.147827
v 0.052562 0.204800 -0.108154
v 0.034175 0.236463 -0.035897
v 0.052558 0.264671 0.006488
v 0.034907 0.221041 -0.071469
v 0.052664 0.212324 -0.106394
v 0.034175 0.213398 -0.105967
v 0.052092 0.242097 0.044994
v 0.052595 0.250901 0.046411
v 0.051962 0.239210 0.084861
v 0.042647 0.249036 0.151252
v 0.035985 0.281860 0.249262
v 0.046213 0.272393 0.216055
v 0.039622 0.284269 0.249183
v 0.005581 0.311916 0.290198
v 0.044770 0.253946 0.005863
v 0.024728 0.302458 0.268963
v 0.018359 0.298742 0.262990
v 0.012648 0.237169 -0.314065
v 0.034874 0.278386 0.210925
v 0.049100 0.258183 0.148124
v 0.034234 0.257818 0.148529
v 0.026517 0.228336 -0.291911
v 0.039895 0.215114 -0.256808
v 0.006527 0.305899 0.293170
v 0.048864 0.250371 0.150625
v 0.013968 0.243566 -0.302476
v 0.052771 0.221076 -0.067742
v 0.052679 0.213545 -0.068361
v 0.039336 0.291929 0.244103
v 0.045333 0.280276 0.213259
v 0.052281 0.208611 -0.146298
v 0.051566 0.201208 -0.147547
v 0.026374 0.294747 0.273467
v 0.047049 0.206334 -0.221124
v 0.026294 0.235083 -0.285914
v 0.034175 0.210206 -0.145642
v 0.046792 0.237846 0.085578
v 0.034175 0.265725 0.006455
v 0.034153 0.292532 0.244677
v 0.043762 0.241153 0.118661
v 0.034679 0.214080 -0.217855
v 0.040700 0.203828 -0.220519
v 0.051715 0.246849 0.085389
v 0.050041 0.242477 0.118439
v 0.035323 0.247656 0.085096
v 0.050763 0.250109 0.117093
v 0.034461 0.251649 0.048035
v 0.011095 0.227539 -0.270448
v 0.022975 0.226030 -0.291368
v 0.034175 0.251139 0.118120
v 0.034175 2.663401 -0.271454
v 0.034173 2.566058 -0.314664
v 0.034173 2.422066 -0.442644
v 0.034173 2.277783 -0.507129
v 0.034175 1.881293 -0.298718
v 0.034173 2.038153 -0.312167
v 0.034175 3.028304 -0.233103
v 0.034175 2.941712 -0.222024
v 0.034175 2.804580 -0.232159
v 0.034173 2.178904 -0.515907
v 0.034175 0.631347 -0.252116
v 0.018251 2.020262 -0.584437
v 0.034175 1.872189 -0.154790
v 0.034175 2.008063 -0.140906
v 0.034173 2.440511 -0.390245
v 0.034173 2.285930 -0.344263
v 0.034175 2.104265 -0.114127
v 0.034173 2.187097 -0.434828
v 0.034173 2.120708 -0.351600
v 0.034173 1.739905 -0.342753
v 0.034173 1.603875 -0.399641
v 0.034173 1.531277 -0.419872
v 0.034173 1.470581 -0.421062
v 0.018251 1.373491 -0.462407
v 0.034173 1.508663 -0.381313
v 0.034173 1.510450 -0.329065
v 0.034175 1.445587 -0.286579
v 0.034175 1.378346 -0.269797
v 0.034175 1.304558 -0.269797
v 0.034175 1.190306 -0.277891
v 0.034175 1.070401 -0.283114
v 0.018251 1.004773 -0.329206
v 0.034175 1.074632 -0.248402
v 0.034175 1.058829 -0.219474
v 0.034175 1.017507 -0.204598
v 0.034175 0.954197 -0.202118
v 0.034175 0.883879 -0.209733
v 0.034175 0.806258 -0.224532
v 0.034175 0.718817 -0.249361
v 0.018251 0.575705 -0.259890
v 0.034175 0.646294 -0.228631
v 0.034175 0.650357 -0.152181
v 0.034175 0.657932 -0.197637
v 0.034175 0.617987 -0.121187
v 0.034175 0.570464 -0.111547
v 0.034175 0.507102 -0.110167
v 0.034175 0.421144 -0.124029
v 0.034175 0.360879 -0.137229
v 0.034175 0.292580 -0.169369
v 0.034175 2.398609 -0.130093
v 0.034175 2.253766 -0.134761
v 0.034175 3.014180 -0.040352
v 0.034175 2.921767 -0.057620
v 0.034175 2.172201 -0.087472
v 0.034175 2.817879 -0.076780
v 0.034175 2.646446 -0.100098
v 0.034175 1.614329 -0.141898
v 0.034175 1.736317 -0.155782
v 0.034175 2.583599 -0.204519
v 0.034175 3.187749 -0.135887
v 0.034175 2.522529 -0.115095
v 0.034175 2.092391 -0.221727
v 0.034175 1.804631 -0.228650
v 0.034173 1.576001 -0.344995
v 0.034175 1.567141 -0.231229
v 0.034175 1.529202 -0.133632
v 0.034175 1.410189 -0.111318
v 0.034175 1.353251 -0.185781
v 0.034175 1.196633 -0.143218
v 0.034175 1.321756 -0.084869
v 0.034175 1.218199 -0.037761
v 0.034175 1.121025 -0.215160
v 0.034175 0.994470 -0.142349
v 0.034175 0.808883 -0.142952
v 0.034175 0.702280 -0.199923
v 0.034175 0.705881 -0.147688
v 0.034175 0.688376 -0.084555
v 0.034175 1.093297 -0.071168
v 0.034175 1.078920 0.084359
v 0.034175 0.979299 0.113586
v 0.034175 0.960153 -0.033812
v 0.034175 1.141171 0.213818
v 0.034175 1.206399 0.251139
v 0.034175 0.860686 0.152348
v 0.034175 0.761880 0.021503
v 0.034175 0.958725 0.206109
v 0.034175 0.794633 -0.055994
v 0.018253 1.300347 0.246877
v 0.034175 1.136956 0.258555
v 0.034175 1.094777 0.225392
v 0.034175 1.068657 0.263146
v 0.034175 1.004375 0.259127
v 0.034175 0.959836 0.255341
v 0.034175 1.082855 0.161436
v 0.034175 0.931599 0.238810
v 0.034175 0.855837 0.201619
v 0.034175 0.797091 0.182736
v 0.034175 0.346757 0.221129
v 0.034175 0.621368 -0.040082
v 0.034175 0.505094 -0.049856
v 0.034175 0.597318 0.030994
v 0.034175 0.483419 0.023085
v 0.034175 0.716951 0.103514
v 0.034175 0.578943 0.087342
v 0.034175 0.586208 0.159832
v 0.034175 0.546605 0.164424
v 0.034175 0.688369 0.162127
v 0.034175 0.645898 0.159832
v 0.034175 0.475816 0.089338
v 0.034175 0.495524 0.170163
v 0.034175 0.738628 0.168135
v 0.034175 0.354182 -0.087740
v 0.034175 0.245769 -0.132931
v 0.034175 0.338763 0.011288
v 0.034175 0.256797 -0.055902
v 0.034175 0.348801 0.109688
v 0.026303 0.273341 0.084656
v 0.034175 0.458333 0.178427
v 0.034175 0.406679 0.192203
v 0.034175 2.865722 -0.147052
v 0.034175 3.153007 -0.014320
v 0.034175 3.093141 -0.103151
v 0.034175 3.428451 0.041994
v 0.022565 3.679570 0.162197
v 0.038944 -0.052963 0.071240
v 0.035387 -0.053898 0.039655
v 0.043276 -0.034934 0.063092
v 0.048807 -0.028270 0.112834
v 0.025923 -0.086385 0.035713
v 0.012549 -0.100553 0.012019
v 0.044174 -0.041604 0.090226
v 0.015228 -0.108200 0.018242
v 0.035141 -0.007291 0.166450
v 0.032754 0.010732 0.174372
v 0.012401 -0.007632 0.205315
v 0.024094 -0.007830 0.191400
v 0.031728 -0.070728 0.049036
v 0.043850 -0.014540 0.142793
v 0.036243 -0.107450 0.056551
v 0.042704 -0.094103 0.072241
v 0.028162 -0.117341 0.040339
v 0.016845 -0.129081 0.023399
v 0.050673 -0.075555 0.094937
v 0.054377 -0.067003 0.113071
v 0.049405 -0.031117 0.134097
v 0.044484 -0.008050 0.166978
v 0.034560 -0.008290 0.195191
v 0.018489 -0.009038 0.219503
v 0.043441 -0.027469 0.163013
v 0.034863 -0.036177 0.187279
v 0.018561 -0.044090 0.207396
v 0.044909 -0.044359 0.153650
v 0.036443 -0.059642 0.178427
v 0.020570 -0.069791 0.196621
v 0.052972 -0.082491 0.135806
v 0.046862 -0.094875 0.155819
v 0.038089 -0.109811 0.176453
v 0.024900 -0.117278 0.194795
v 0.057721 -0.124771 0.126742
v 0.055609 -0.132172 0.147066
v 0.048587 -0.151998 0.171239
v 0.037547 -0.168148 0.189508
v 0.018733 -0.183797 0.201716
v 0.056536 -0.129039 0.107307
v 0.051647 -0.144707 0.084812
v 0.044249 -0.163458 0.063331
v 0.036835 -0.177701 0.047839
v 0.021646 -0.196944 0.027240
v 0.018977 -0.202796 0.035031
v 0.028853 -0.189057 0.050655
v 0.035064 -0.172852 0.065941
v 0.041903 -0.158800 0.084207
v 0.049918 -0.143961 0.107483
v 0.052435 -0.133012 0.123900
v 0.049168 -0.141645 0.138864
v 0.041932 -0.159355 0.158477
v 0.032448 -0.179588 0.179016
v 0.021041 -0.196636 0.195382
v 0.019059 -0.246442 0.030441
v 0.030488 -0.234263 0.045426
v 0.039670 -0.215497 0.068020
v 0.045846 -0.199553 0.086222
v 0.052978 -0.190133 0.108924
v 0.055671 -0.189092 0.125105
v 0.053376 -0.189926 0.141838
v 0.047452 -0.198200 0.156941
v 0.038933 -0.212093 0.174051
v 0.024917 -0.234606 0.193488
v 0.014540 -0.296129 0.020924
v 0.031849 -0.277563 0.040176
v 0.040176 -0.258067 0.061391
v 0.047612 -0.239206 0.083578
v 0.053486 -0.223956 0.104575
v 0.056758 -0.220178 0.122824
v 0.020350 -0.287074 0.197358
v 0.036522 -0.273225 0.186089
v 0.046220 -0.256606 0.172289
v 0.053363 -0.238445 0.154779
v 0.056701 -0.223230 0.138050
v 0.000009 -0.302443 0.013539
v 0.017580 -0.301349 0.032947
v 0.034940 -0.266741 0.064654
v 0.041791 -0.249900 0.082936
v 0.047828 -0.236841 0.100096
v 0.052622 -0.230650 0.121609
v 0.049047 -0.236355 0.132462
v 0.044024 -0.251310 0.146021
v 0.036551 -0.272367 0.163308
v 0.029746 -0.292536 0.178534
v 0.019437 -0.313647 0.195276
v 0.018636 -0.337282 0.029073
v 0.030928 -0.323481 0.044293
v 0.027155 -0.284889 0.046977
v 0.038509 -0.309617 0.060364
v 0.045826 -0.294353 0.079167
v 0.052303 -0.286191 0.096980
v 0.054538 -0.283978 0.114739
v 0.052279 -0.289716 0.128968
v 0.047918 -0.300296 0.143312
v 0.040493 -0.319878 0.159790
v 0.032848 -0.343893 0.175769
v 0.019780 -0.353478 0.194823
v 0.057006 -0.320762 0.107567
v 0.055253 -0.320146 0.095762
v 0.050446 -0.329712 0.079352
v 0.043252 -0.342485 0.060718
v 0.033913 -0.359042 0.040907
v 0.017853 -0.378990 0.023595
v 0.055880 -0.330585 0.125580
v 0.052433 -0.344718 0.139528
v 0.043146 -0.371776 0.159588
v 0.031781 -0.398026 0.180668
v 0.017719 -0.415965 0.195268
v 0.026440 -0.412084 0.168432
v 0.041400 -0.358701 0.062649
v 0.052373 -0.340727 0.107932
v 0.014443 -0.428747 0.183104
v 0.052996 -0.336613 0.096494
v 0.032179 -0.377333 0.042684
v 0.041954 -0.370018 0.133509
v 0.046895 -0.355012 0.122243
v 0.035123 -0.386819 0.148788
v 0.048303 -0.345198 0.079853
v 0.018869 -0.395646 0.024356
v 0.045208 -0.373146 0.067366
v 0.050860 -0.399269 0.073812
v 0.040592 -0.391127 0.055154
v 0.052239 -0.375520 0.082973
v 0.054536 -0.375181 0.095185
v 0.053491 -0.375181 0.106042
v 0.055464 -0.403680 0.093830
v 0.052633 -0.399269 0.111472
v 0.049938 -0.375181 0.117238
v 0.021406 -0.430800 0.024072
v 0.032930 -0.424675 0.037178
v 0.042728 -0.423025 0.053163
v 0.052224 -0.423700 0.071590
v 0.054201 -0.420770 0.108414
v 0.046972 -0.422818 0.127255
v 0.047045 -0.392484 0.125041
v 0.038016 -0.438852 0.147209
v 0.029251 -0.458185 0.166591
v 0.017255 -0.468437 0.182173
v 0.022777 -0.457219 0.023973
v 0.034602 -0.453090 0.035875
v 0.045456 -0.447535 0.053099
v 0.053568 -0.441443 0.071100
v 0.057097 -0.443065 0.092827
v 0.056221 -0.422017 0.092987
v 0.055242 -0.454461 0.109289
v 0.048635 -0.475526 0.129039
v 0.039501 -0.499286 0.149043
v 0.029806 -0.522896 0.169990
v 0.016865 -0.539200 0.183971
v 0.023091 -0.480396 0.024950
v 0.032536 -0.472410 0.038007
v 0.042150 -0.463236 0.054160
v 0.051412 -0.454067 0.072904
v 0.054102 -0.452938 0.085615
v 0.049337 -0.468479 0.100239
v 0.041529 -0.486889 0.116875
v 0.033598 -0.509381 0.138811
v 0.025887 -0.534510 0.162802
v 0.012874 -0.547501 0.176398
v 0.025117 -0.524940 0.020544
v 0.026052 -0.563174 0.016348
v 0.025837 -0.585105 0.014232
v 0.025335 -0.625359 0.008151
v 0.025049 -0.654678 0.001668
v 0.022462 -0.686213 -0.006673
v 0.024605 -0.717187 -0.015041
v 0.025060 -0.740419 -0.018663
v 0.021604 -0.773505 -0.023683
v 0.021366 -0.793386 -0.031537
v 0.040506 -0.515022 0.039268
v 0.045223 -0.552112 0.036593
v 0.039937 -0.570823 0.036439
v 0.042053 -0.617907 0.027271
v 0.043250 -0.647997 0.020108
v 0.038573 -0.670593 0.011821
v 0.041635 -0.712785 0.000123
v 0.043248 -0.743167 -0.006367
v 0.035574 -0.766405 -0.010030
v 0.036751 -0.793797 -0.020786
v 0.048094 -0.508532 0.051000
v 0.054424 -0.547615 0.049225
v 0.047298 -0.566097 0.049548
v 0.053016 -0.614561 0.042363
v 0.057845 -0.643958 0.039244
v 0.053539 -0.658185 0.038388
v 0.058137 -0.710090 0.023705
v 0.061065 -0.750070 0.011832
v 0.049260 -0.767710 0.004490
v 0.052175 -0.797124 -0.008606
v 0.057039 -0.502051 0.068710
v 0.061941 -0.548011 0.064357
v 0.053528 -0.561878 0.064942
v 0.059050 -0.613096 0.058443
v 0.063054 -0.651398 0.051258
v 0.053134 -0.664092 0.050019
v 0.056681 -0.714206 0.038867
v 0.062913 -0.761779 0.023575
v 0.044328 -0.781873 0.017879
v 0.046411 -0.809365 0.009181
v 0.058177 -0.505221 0.082623
v 0.062550 -0.556697 0.080465
v 0.051150 -0.571494 0.081316
v 0.054683 -0.616202 0.075610
v 0.061497 -0.664200 0.063272
v 0.047905 -0.677772 0.063210
v 0.052030 -0.720606 0.052589
v 0.060592 -0.776503 0.034670
v 0.040020 -0.792915 0.028752
v 0.041576 -0.819075 0.021175
v 0.053286 -0.516267 0.098703
v 0.058366 -0.570823 0.097407
v 0.044722 -0.584701 0.094976
v 0.047307 -0.622662 0.091912
v 0.056855 -0.680550 0.076146
v 0.041470 -0.694846 0.078833
v 0.047469 -0.747091 0.067412
v 0.055950 -0.792068 0.049579
v 0.036043 -0.811307 0.045272
v 0.036914 -0.845436 0.036375
v 0.045738 -0.544355 0.117663
v 0.038311 -0.559942 0.135001
v 0.029555 -0.571641 0.155945
v 0.017488 -0.585724 0.172891
v 0.051060 -0.585981 0.116345
v 0.042975 -0.605414 0.134279
v 0.030338 -0.629548 0.152581
v 0.019642 -0.648452 0.169701
v 0.038194 -0.603240 0.110330
v 0.041208 -0.646659 0.106278
v 0.032580 -0.624248 0.127714
v 0.035818 -0.671933 0.121145
v 0.027342 -0.644897 0.144197
v 0.027993 -0.695149 0.141478
v 0.017404 -0.660323 0.158488
v 0.015831 -0.708556 0.156559
v 0.048275 -0.702383 0.096292
v 0.039811 -0.722953 0.117737
v 0.030034 -0.746132 0.140129
v 0.017710 -0.764711 0.161630
v 0.037237 -0.708099 0.091546
v 0.032369 -0.730332 0.111925
v 0.027678 -0.756928 0.133960
v 0.043428 -0.766960 0.081059
v 0.037481 -0.787079 0.103006
v 0.020095 -0.775300 0.153201
v 0.030188 -0.807169 0.132332
v 0.019637 -0.817249 0.157753
v 0.049753 -0.817359 0.070492
v 0.044290 -0.840107 0.095260
v 0.033548 -0.827781 0.063807
v 0.035820 -0.861137 0.125981
v 0.031750 -0.849493 0.084091
v 0.029460 -0.868120 0.153052
v 0.017092 -0.867695 0.178556
v 0.047309 -0.854583 0.002257
v 0.052395 -0.842105 -0.007764
v 0.054452 -0.828340 -0.019873
v 0.039613 -0.819405 -0.028747
v 0.022843 -0.812847 -0.038150
v 0.033972 -0.860719 0.051513
v 0.040676 -0.874650 0.015671
v 0.031022 -0.882422 0.070572
v 0.034540 -0.895677 0.032243
v 0.029634 -0.882446 0.117401
v 0.029020 -0.915295 0.048981
v 0.019815 -0.879369 0.147158
v 0.012399 -0.878049 0.166445
v 0.075214 -1.016297 0.053156
v 0.092138 -1.067667 0.098426
v 0.084293 -1.075996 0.061976
v 0.069441 -1.083218 0.027084
v 0.044128 -1.033435 -0.009915
v 0.062735 -1.001673 0.020992
v 0.021498 -0.995755 -0.034846
v 0.020462 -0.936320 -0.044321
v 0.023287 -0.905958 0.209196
v 0.043010 -0.933658 0.033398
v 0.060093 -0.924997 0.015088
v 0.027982 -0.867805 -0.018537
v 0.016273 -0.853976 -0.056527
v 0.018797 -0.895734 -0.050670
v 0.053249 -1.013445 0.225267
v 0.064495 -0.987224 0.189147
v 0.048743 -0.978934 0.210758
v 0.030140 -1.003154 0.245181
v 0.084146 -0.998131 0.115966
v 0.080080 -0.999852 0.082531
v 0.072890 -0.945289 0.141500
v 0.078140 -0.952899 0.111558
v 0.059893 -0.938078 0.174574
v 0.046138 -0.933172 0.194025
v 0.076743 -0.958588 0.089305
v 0.072312 -0.916491 0.104753
v 0.040399 -0.974516 -0.021648
v 0.037840 -0.935361 -0.029489
v 0.057385 -0.996131 0.076487
v 0.058069 -0.952162 0.005639
v 0.050607 -0.994921 0.027133
v 0.052582 -0.959860 0.081536
v 0.072149 -0.916023 0.073817
v 0.021890 -1.048069 -0.026668
v 0.058892 -0.911022 0.168093
v 0.046990 -0.907432 0.190115
v 0.069106 -0.911816 0.141269
v 0.027069 -0.932956 0.211438
v 0.045676 -0.951988 0.005379
v 0.059869 -0.940405 0.014716
v 0.028169 -0.845225 -0.042825
v 0.041384 -0.875591 -0.024895
v 0.053997 -1.010057 0.055141
v 0.070037 -0.872040 0.167325
v 0.079224 -0.905777 0.144034
v 0.076215 -0.874650 0.140303
v 0.032215 -0.869277 0.215266
v 0.055990 -0.901756 0.199434
v 0.056100 -0.869180 0.191880
v 0.077310 -0.884244 0.107089
v 0.081464 -0.909810 0.110526
v 0.069593 -0.904094 0.174313
v 0.030076 -0.898623 0.218238
v 0.000009 -0.897263 0.235671
v 0.052070 -0.876777 0.143680
v 0.038711 -0.870012 0.183566
v 0.055794 -0.886142 0.109516
v 0.036436 -0.897290 -0.034373
v 0.062110 -0.932767 0.011427
v 0.010459 -0.811855 -0.053594
v 0.013741 -0.812068 -0.062403
v 0.026693 -0.833950 -0.014375
v 0.022638 -0.824591 -0.024279
v 0.037039 -0.951608 0.012795
v 0.037039 -0.992847 0.027102
v 0.037039 -1.008130 0.052518
v 0.037039 -0.994781 0.076045
v 0.037039 -0.958201 0.081338
v 0.026354 -0.929331 0.083602
v 0.050895 -0.904251 0.067877
v 0.047777 -0.919046 0.067694
v 0.067789 -0.901437 0.071729
v 0.042808 -0.897794 0.143383
v 0.042720 -0.909597 0.117033
v 0.045672 -0.873536 0.162782
v 0.023630 -0.910600 0.132574
v 0.015871 -0.903278 0.167284
v 0.016883 -0.886129 0.190672
v 0.033262 -0.886442 0.177043
v 0.021723 -0.871578 0.197072
v 0.096901 -1.061960 0.137256
v 0.091531 -1.054871 0.135551
v 0.090279 -1.083304 0.065784
v 0.052063 -1.089953 -0.000486
v 0.025883 -1.101846 -0.026611
v 0.021421 -1.093224 -0.021309
v 0.077086 -1.031760 0.209950
v 0.071394 -1.025066 0.200911
v 0.032531 -1.006295 0.256401
v 0.076250 -1.091607 0.030811
v 0.097460 -1.093743 0.105545
v 0.096067 -1.074966 0.101176
v 0.058021 -1.033402 0.237602
v 0.059525 -1.020257 0.232859
v 0.091755 -1.102772 0.066015
v 0.057427 -1.114509 0.004094
v 0.058157 -1.097103 0.001760
v 0.025700 -1.118759 -0.026459
v 0.095242 -1.080455 0.141519
v 0.079460 -0.996510 0.152693
v 0.090671 -1.065621 0.180297
v 0.092374 -1.046487 0.174592
v 0.085734 -1.039786 0.167913
v 0.076584 -1.108565 0.035086
v 0.066453 -1.119391 0.080234
v 0.073786 -1.097103 0.149822
v 0.021461 -1.140249 0.028241
v 0.055460 -1.128228 0.056674
v 0.031368 -1.021264 0.261133
v 0.041122 -1.134960 0.038372
v 0.071326 -1.110296 0.109459
v 0.042739 -1.074262 0.230100
v 0.077246 -1.048892 0.212551
v 0.019734 -1.094522 0.172880
v 0.034844 -1.096513 0.164138
v 0.068671 -1.084323 0.190168
v 0.039114 -1.101388 0.147706
v 0.056665 -1.079386 0.211332
v 0.058069 -0.933266 0.023934
v 0.026165 -1.158722 0.247463
v 0.025799 -1.221227 0.315502
v 0.026996 -1.200819 0.291342
v 0.025049 -1.277817 0.327199
v 0.026099 -1.327410 0.321350
v 0.025916 -1.408163 0.305963
v 0.012406 -1.189632 0.250624
v 0.017677 -1.371768 0.286554
v 0.014579 -1.400861 0.272496
v 0.024332 -1.450724 0.046686
v 0.008237 -1.234559 0.240031
v 0.019393 -1.190994 0.237939
v 0.035966 -1.193766 0.122646
v 0.028035 -1.217104 0.154812
v 0.020475 -1.222806 0.139520
v 0.014082 -1.223077 0.121746
v 0.028807 -1.198978 0.104201
v 0.027463 -1.353975 0.036696
v 0.026387 -1.268254 0.033821
v 0.000009 -1.352866 0.091027
v 0.029190 -1.509112 0.208329
v 0.025659 -1.481561 0.126427
v 0.029141 -1.481139 0.254800
v 0.057798 -1.512056 0.227451
v 0.027768 -1.539714 0.231937
v 0.033288 -1.218576 0.203942
v 0.036828 -1.198562 0.208223
v 0.027449 -1.216585 0.206567
v 0.026250 -1.108294 0.130231
v 0.032459 -1.134778 0.158380
v 0.024226 -1.138471 0.142360
v 0.043580 -1.181244 0.139300
v 0.053720 -1.164482 0.201718
v 0.035719 -1.138502 0.213602
v 0.035072 -1.146618 0.222548
v 0.016324 -1.115105 0.181269
v 0.030496 -1.125764 0.175045
v 0.050736 -1.169914 0.170449
v 0.036577 -1.158375 0.227740
v 0.023065 -1.228570 0.174946
v 0.028186 -1.228850 0.187880
v 0.023027 -1.227362 0.190370
v 0.043470 -1.193311 0.161869
v 0.029709 -1.214125 0.157850
v 0.040764 -1.190631 0.158759
v 0.041714 -1.201358 0.206169
v 0.045115 -1.183521 0.196583
v 0.032626 -1.204883 0.218825
v 0.044878 -1.170569 0.219329
v 0.026358 -1.198305 0.227878
v 0.008375 -1.246705 0.232573
v 0.046079 -1.181022 0.175199
v 0.035092 -1.216648 0.200893
v 0.050453 -1.184608 0.177641
v 0.051894 -1.204278 0.173921
v 0.050846 -1.193848 0.193136
v 0.048814 -1.187105 0.195600
v 0.029341 -1.227468 0.172407
v 0.030807 -1.225952 0.187282
v 0.042079 -1.208123 0.184411
v 0.043318 -1.203316 0.201579
v 0.054138 -1.195755 0.183033
v 0.036769 -1.222212 0.176581
v 0.044612 -1.215071 0.172172
v 0.035695 -1.215520 0.160239
v 0.022508 -1.070441 0.246741
v 0.028400 -0.967934 0.226556
v 0.029445 -0.957649 0.055911
v 0.032135 -0.984498 0.055354
v 0.029817 -0.936511 0.033150
v 0.035385 -0.843878 -0.005933
v 0.028912 -0.854029 0.004512
v 0.028378 -0.875200 0.014681
v 0.027588 -0.895970 0.031603
v 0.019259 -0.839953 -0.035990
v 0.014458 -0.817571 -0.035193
v 0.028560 -0.878451 -0.005122
v -0.000152 0.261754 -0.442284
v 0.022607 0.240933 -0.436735
v -0.022154 0.241666 -0.437765
v 0.002728 0.260775 -0.442097
v 0.004292 0.272785 0.324434
v 0.011154 0.273139 0.324284
v -0.002572 0.272430 0.324581
v -0.052076 0.242097 0.044994
v 0.000009 0.312783 0.292338
v 0.000009 -1.347212 0.267201
v -0.026341 -1.198305 0.227878
v 0.058942 0.096078 0.083109
vn -0.74403 0.04404 0.66669
vn -0.64417 0.10533 0.75759
vn -0.71981 -0.00526 0.69415
vn -0.92861 -0.06513 -0.36529
vn -0.87669 -0.01106 -0.48094
vn -0.88975 0.00119 -0.45644
vn -0.50846 0.21621 0.8335
vn -0.64562 0.09452 0.75778
vn -0.37162 0.25111 0.89378
vn -0.36784 0.12271 0.92176
vn -0 -0.02226 0.99975
vn 0 0.25576 0.96674
vn -0.74945 -0.483 -0.45281
vn -0.03366 -0.34522 -0.93792
vn -0.03577 -0.45198 -0.89131
vn -0.56367 0.08493 0.82162
vn -0.54832 0.15548 0.82169
vn -0.6497 0.08426 0.75551
vn -0.93111 0.17452 0.32027
vn -0.93954 0.01585 -0.34208
vn -0.93905 -0.14352 -0.31238
vn -0.92502 0.13638 -0.35459
vn -0.97506 -0.1041 0.196
vn -0.89804 -0.02589 -0.43916
vn -0.94906 0.05588 0.31011
vn -0.90692 -0.05696 -0.41743
vn -0.74794 -0.3586 0.55856
vn -0 -0.99694 0.07816
vn -0.65946 -0.72059 0.21417
vn -0.86872 -0.0949 -0.48613
vn -0.91563 -0.21059 0.34245
vn -0.84751 -0.50766 -0.15498
vn -0.92582 -0.19455 0.32405
vn -0.80893 -0.4732 -0.34887
vn -0.8565 -0.12728 -0.5002
vn -0.98365 -0.05761 0.17061
vn -0.96276 0.02815 0.26887
vn -0.88596 -0.30075 -0.35303
vn -0.4338 -0.27913 0.85668
vn -0.00044 -0.99531 -0.09671
vn -0.40796 -0.89916 -0.15837
vn -0.65687 0.11599 0.74503
vn -0.50446 0.1426 0.85158
vn -0.8964 0.24696 -0.36807
vn -0.99535 0.05716 0.07752
vn -0.52852 0.59656 0.60398
vn 0 0.6991 0.71502
vn -0.6782 0.54094 0.49742
vn -0.88236 -0.17333 0.4375
vn -0.86505 0.49613 0.07448
vn -0.61248 0.04957 0.78893
vn -0.35832 0.85931 0.36495
vn -0.50727 0.84093 0.18845
vn -0.2813 0.89958 0.33411
vn -0.72499 0.22183 0.65205
vn -0.7033 0.07627 0.70679
vn -0.67795 0.25519 0.68939
vn -0 -0.7371 -0.67578
vn -0.60248 -0.78474 0.14557
vn -0.30965 -0.70123 -0.64218
vn -0.50894 -0.00022 0.8608
vn -0.6418 -0.01794 0.76666
vn -0.85889 0.49786 0.12017
vn -0.32071 0.67172 0.66779
vn -0.74103 -0.22994 0.63087
vn -0.74309 -0.55786 -0.36961
vn -0.05304 -0.52627 -0.84866
vn -0.40235 -0.07038 0.91278
vn -0.64744 -0.09575 0.75608
vn -0.38288 -0.05788 0.92199
vn -0.72835 0.67858 0.09508
vn -0.39604 0.876 0.27528
vn -0 0.9998 0.02019
vn -0.68232 0.0593 -0.72864
vn -0.64859 0.75876 0.06013
vn -0 0.9809 0.19451
vn -0.8832 0.46524 0.05925
vn -0.82762 0.41625 0.37655
vn -0.95065 0.31026 0.00255
vn -0.81798 0.55609 0.1472
vn -0.50789 0.59706 0.62094
vn -0.90669 0.37711 0.18896
vn -0.95325 0.05647 0.29687
vn -0.88897 0.15687 0.43026
vn 0 -0.52175 0.8531
vn -0.66719 0.12854 0.73371
vn -0.63242 0.14361 0.76119
vn -0.9884 -0.14932 0.02775
vn -0.6717 0.63196 0.38657
vn -0.42744 0.81246 0.39649
vn -0.29953 0.78074 0.54838
vn -0.02643 -0.48033 -0.87669
vn -0.76516 -0.05047 -0.64186
vn -0.01438 -0.52834 -0.84891
vn -0.51277 -0.09688 0.85304
vn -0.73656 0.43488 0.51803
vn -0.87021 -0.17335 0.46118
vn -0.49958 0.83131 0.24361
vn -0.79026 0.6121 -0.02873
vn -0.98719 0.05351 -0.15032
vn -0.69849 -0.35159 -0.6233
vn -0.73325 -0.32211 -0.59882
vn -0.73278 -0.32433 -0.59819
vn -0.98908 0.09149 -0.11552
vn -0.4367 0.81889 0.37246
vn -0.43958 0.85609 0.2718
vn -0.70109 -0.02054 -0.71277
vn -0.71901 -0.01148 -0.69491
vn -0.47265 0.01212 0.88116
vn -0.71339 0.43858 0.54656
vn -0.99826 0.04862 -0.03337
vn -0.98532 0.05747 -0.16073
vn -0.44192 0.78589 0.43253
vn -0.38108 0.74595 0.54621
vn -0.14645 0.89252 0.42656
vn -0.98148 0.05313 -0.18405
vn -0.53916 0.67011 0.51017
vn -0.33391 0.88927 0.31258
vn -0.86383 -0.00342 0.50377
vn -0.60346 0.78986 0.10934
vn -0.34672 0.87958 0.32577
vn -0 0.83737 0.54664
vn -0.7637 0.60252 0.23181
vn -0.7629 0.53211 0.3672
vn -0.90004 0.36311 0.24098
vn -0.65333 0.08618 0.75215
vn -0.75375 -0.35576 -0.55254
vn -0.72813 0.07059 0.68179
vn -0.62141 -0.00284 0.78348
vn -0.68027 -0.10532 -0.72536
vn -0.68037 0.11089 0.72443
vn -0.71876 0.08433 0.69013
vn -0.57515 -0.05247 0.81637
vn -0.84137 0.03474 -0.53934
vn -0.58878 0.1256 0.79847
vn -0.74725 -0.31031 -0.58764
vn -0.71056 0.0403 0.70248
vn -0.79108 0.61171 0.00235
vn -0.63045 -0.03656 0.77537
vn -0.94111 -0.03909 -0.33582
vn -0.54282 0.20774 0.81375
vn -0.6402 -0.10043 0.76161
vn -0.8605 -0.10991 -0.49745
vn -0.7824 -0.47927 -0.39769
vn -0.63519 0.18042 0.75099
vn -0.56026 0.14035 0.81634
vn -0.63984 -0.75125 0.16199
vn -0.5719 0.02821 0.81984
vn -0.92279 -0.05546 -0.38129
vn -0 -0.95455 0.29804
vn -0 0.04121 0.99915
vn -0.41489 0.20415 0.88667
vn -0.57727 -0.08369 0.81225
vn -0.91306 0.00711 -0.40777
vn -0.44231 0.83489 0.32761
vn -0.77172 0.0073 -0.63592
vn 0.03633 0.65674 0.75325
vn -0.49006 0.12955 0.86201
vn -0.00161 0.68347 0.72997
vn -0.54071 -0.09818 0.83546
vn -0.58836 -0.07176 0.80541
vn -0.65915 0.01393 0.75188
vn -0.51379 0.17331 0.84023
vn -0.67253 0.07274 0.73648
vn -0.65886 0.1028 0.74521
vn 0.01739 -0.41987 -0.90742
vn -0.80527 -0.15064 -0.57345
vn -0.75729 0.57865 0.30278
vn -0.63285 0.74195 0.22139
vn -0.72223 0.66069 0.20464
vn -0.60765 -0.26319 -0.74933
vn -0.86579 0.25576 -0.4301
vn -0.96357 0.22318 -0.14739
vn -0.8242 0.5459 -0.15063
vn -0 -0.52716 -0.84977
vn -0 -0.43759 -0.89917
vn -0.25881 -0.581 -0.77166
vn 0 -0.56968 -0.82187
vn -0 -0.02929 -0.99957
vn 0.04686 -0.27249 -0.96102
vn -0 -0.24785 -0.9688
vn 0 -0.43505 -0.90041
vn -0.03942 -0.58077 -0.81311
vn 0 -0.57945 -0.81501
vn -0.02778 -0.57226 -0.8196
vn -0.09628 -0.72768 -0.67912
vn -0.78745 0.00554 -0.61636
vn 0 -0.58647 -0.80997
vn -0.0317 -0.66384 -0.7472
vn 0 -0.65491 -0.75571
vn 0 -0.7183 -0.69573
vn 0 -0.65065 -0.75938
vn 0 0.5149 -0.85725
vn -0.95348 -0.11017 -0.28059
vn -0.9545 -0.13687 -0.26494
vn -0.93205 -0.13206 -0.33741
vn -0.88921 0.3075 0.33873
vn -0.38734 0.6685 0.63488
vn -0.65069 0.58105 0.48885
vn 0 -0.52437 -0.85149
vn 0 0.66622 0.74575
vn -0.51937 0.3688 0.77087
vn 0.00311 0.6864 0.72721
vn -0.20586 -0.49486 0.84424
vn 0 -0.28592 0.95825
vn 0.00035 -0.63873 0.76943
vn -0.6811 0.14448 0.7178
vn -0.41549 -0.06637 0.90717
vn -0.30409 -0.13559 0.94295
vn -0.08456 -0.48185 0.87216
vn -0.61291 0.06931 -0.78711
vn -0.65339 -0.39149 -0.64793
vn -0.68713 -0.38072 -0.61879
vn -0.49746 -0.72521 -0.47603
vn 0 -0.99807 -0.06215
vn -0.52428 -0.84653 -0.09232
vn -0.57763 -0.06538 -0.81368
vn -0.61062 0.77573 -0.15931
vn -0.60724 0.29154 -0.73909
vn -0.74847 -0.25374 -0.61271
vn -0.9229 0.04576 -0.38231
vn -0.66041 -0.19328 -0.7256
vn -0.79596 0.28053 -0.53642
vn 0 -0.94174 -0.33633
vn -0 0.47117 -0.88204
vn -0.68813 0.1964 -0.6985
vn -0 0.234 -0.97224
vn -0.91522 -0.38997 -0.10148
vn -0.44665 -0.5173 -0.73
vn -0.55045 -0.31517 -0.77309
vn -0.58726 -0.46967 -0.65919
vn -0.73607 -0.66711 -0.11474
vn -0.8925 -0.43935 -0.10204
vn -0.59878 0.02127 -0.80063
vn -0.14268 -0.00389 -0.98976
vn -0.62504 0.0405 -0.77954
vn -0 0.99668 0.08142
vn -0 0.40689 -0.91348
vn -0.80607 -0.17137 0.56646
vn -0.80417 0.22011 0.55214
vn -0.77628 0.55831 0.29271
vn -0.5928 0.23543 -0.77017
vn -0 0.96147 0.27492
vn 0 -0.90777 0.41946
vn -0.42045 -0.70733 -0.56825
vn -0 -0.74992 -0.66152
vn -0.94314 0.23251 0.23756
vn -0.46066 -0.56303 -0.68615
vn -0.76635 0.5772 0.28204
vn -0.67272 -0.38679 -0.63075
vn -0.60728 0.61854 -0.49862
vn -0.84128 0.34108 -0.41941
vn -0.72315 0.60208 0.33846
vn -0.5943 -0.7213 -0.35571
vn -0.95938 0.09417 -0.26595
vn -0.56241 -0.28903 -0.7747
vn 0 -0.97579 0.21872
vn -0.49214 -0.70061 0.51667
vn -0 0.50287 -0.86436
vn -0.90048 0.2204 -0.37491
vn -0.52052 -0.31436 -0.79387
vn -0.6635 -0.40694 -0.62783
vn -0.73389 0.61264 -0.29337
vn -0.22204 -0.19659 -0.95501
vn -0.86219 -0.24356 0.4442
vn -0.80179 -0.45189 0.39106
vn -0.52814 0.53877 -0.65635
vn 0 -0.92984 -0.36796
vn -0.67547 0.30595 -0.67093
vn -0.83571 -0.46109 0.29829
vn -0.72699 -0.67317 -0.13538
vn -0.52433 -0.82023 -0.22869
vn -0.50458 -0.40595 -0.76197
vn -0.96982 0.07635 -0.23154
vn -0.99726 -0.04483 0.05882
vn -0.99547 0.02686 0.09119
vn -0.77822 -0.29289 -0.55551
vn -0.80297 0.49659 -0.32958
vn -0.99199 0.09125 -0.08738
vn -0.57537 -0.5523 -0.60326
vn -0.81085 -0.57605 0.10341
vn -0.8599 -0.51026 0.01425
vn -0 0.61966 -0.78487
vn -0.76067 0.17219 -0.62588
vn -0.58206 -0.79123 -0.1875
vn -0.76645 0.62068 0.16523
vn 0 0.85028 -0.52634
vn -0.59833 0.79652 0.08699
vn -0.80073 0.26988 0.53479
vn -0.6796 -0.503 0.53399
vn -0.82139 0.1019 0.56119
vn -0.79294 -0.23058 0.56398
vn -0.98569 0.13208 -0.10478
vn -0.72607 0.47722 0.49506
vn -0 0.9922 -0.12466
vn -0.66516 -0.3746 -0.64594
vn -0.58299 -0.45728 -0.67158
vn -0.73708 0.4966 0.45837
vn -0.7915 -0.13554 -0.59594
vn -0 0.98902 -0.14775
vn -0.75585 0.00909 -0.65468
vn -0.67125 -0.27308 -0.68909
vn -0.80869 -0.23798 -0.53794
vn -0.61828 -0.5456 -0.56574
vn -0.63367 -0.46938 -0.61493
vn -0.63889 -0.37312 -0.67276
vn -0.54902 -0.41071 -0.72794
vn -0.59579 -0.33619 -0.72939
vn -0.77741 -0.23271 -0.58436
vn -0.64072 -0.26844 -0.71932
vn 0 0.19278 -0.98124
vn -0.49441 0.7337 -0.4661
vn -0.69725 -0.40009 -0.59479
vn -0.47388 -0.66808 -0.57368
vn -0.98686 0.12226 -0.10564
vn -0.77735 0.50272 0.37814
vn -0.72372 -0.3073 -0.6179
vn -0.62583 -0.41509 -0.66033
vn -0.87927 -0.12019 -0.46091
vn -0.68827 -0.22429 -0.68992
vn -0.96114 -0.15512 0.22837
vn 0 -0.47007 -0.88263
vn -0.95446 0.11526 -0.27517
vn -0.73003 0.39817 0.55544
vn -0.79822 -0.25739 -0.54461
vn -0.52935 0.49849 0.68651
vn -0.82657 -0.52236 -0.20959
vn -0.87451 -0.29525 -0.38479
vn -0.83066 -0.21156 -0.51502
vn 0 0.77623 0.63045
vn -0.9792 0.18432 -0.08476
vn -0.9462 0.31248 0.08402
vn -0 0.92892 0.37029
vn -0.77408 0.58889 0.23242
vn -0.50239 -0.65756 0.56144
vn -0.42591 0.03205 0.9042
vn -0.06748 -0.71021 -0.70074
vn -0 -0.73628 -0.67668
vn -0.86794 -0.05007 -0.49413
vn -0.94942 0.29388 -0.11066
vn -0.97132 0.11057 -0.21052
vn -0.72226 -0.63576 -0.2723
vn -0.83965 0.12528 -0.52848
vn -0.88587 -0.11265 -0.45005
vn -0.91774 -0.25081 -0.30798
vn -0.85519 -0.43256 -0.28557
vn -0.82717 -0.30473 -0.47215
vn -0.51479 -0.00949 0.85727
vn -0.74923 0.00649 0.66227
vn -0.70195 -0.07807 0.70794
vn 0 0.79236 0.61006
vn -0.71526 0.66497 0.21499
vn -0.73069 -0.32295 -0.60149
vn -0.90158 -0.13033 -0.41252
vn -0.75871 0.32605 0.56396
vn -0.84642 -0.0714 -0.52771
vn -0.62207 0.10649 0.77568
vn -0.76963 -0.08568 -0.63272
vn -0.91121 0.03786 -0.4102
vn -0.7056 0.34301 0.62006
vn -0.83142 0.03928 0.55426
vn -0.7462 0.10367 0.6576
vn -0.69993 0.21186 0.68207
vn -0.71604 0.11387 0.6887
vn -0.65445 -0.11011 -0.74805
vn -0.76952 -0.15264 0.62011
vn -0.78635 -0.02735 -0.61717
vn -0.74019 -0.03 0.67173
vn -0.89966 -0.12203 -0.41918
vn -0.87175 -0.24965 -0.42158
vn -0.41544 -0.23784 0.87798
vn -0 -0.34253 0.93951
vn -0.30078 -0.11341 0.94693
vn 0.28448 -0.18173 0.9413
vn -0.0302 -0.26159 0.96471
vn 0 -0.99897 -0.04543
vn -0.51916 -0.00336 0.85467
vn -0.47611 -0.09496 0.87424
vn -0 0.90869 0.41748
vn -0.71505 0.15466 0.68175
vn -0.66192 0.25994 0.70306
vn -0.67238 0.22825 0.70414
vn -0.81472 0.52394 -0.24843
vn -0.88704 0.45348 -0.08673
vn -0.54677 -0.83482 -0.06416
vn -0.65432 0.18913 0.73219
vn -0 0.20413 0.97894
vn -0.66121 0.74142 0.11445
vn -0.4725 0.01116 0.88126
vn -0.758 0.20571 0.61896
vn -0.69467 0.03486 0.71848
vn -0.78672 0.0439 0.61575
vn -0.68397 -0.02221 0.72917
vn -0.80604 0.19499 -0.55882
vn -0.23707 -0.0445 0.97047
vn -0.6066 -0.03843 0.79408
vn -0.54177 0.00221 0.84052
vn -0.72302 0.01085 0.69074
vn -0.84718 -0.03057 -0.53043
vn -0.84612 -0.44765 -0.28929
vn -0.61112 -0.16844 0.77341
vn -0.59778 0.07803 0.79785
vn -0.76688 -0.20209 -0.60914
vn -0.87547 -0.08898 -0.47501
vn -0.80645 -0.17359 -0.56525
vn -0.73399 0.02558 -0.67867
vn -0.73585 -0.14263 -0.66195
vn -0.77316 0.08399 0.62863
vn -0.57425 -0.00526 0.81866
vn -0.61124 0.1367 0.77955
vn -0.71693 -0.65272 -0.24487
vn -0.82504 0.36856 -0.42833
vn -0 0.17288 0.98494
vn -0.59326 0.71138 0.37681
vn -0.98436 0.16646 0.05767
vn -0.58156 0.7872 0.2052
vn -0.57268 0.78267 0.24386
vn -0.98307 0.11998 0.13852
vn -0.52394 0.51906 0.67532
vn -0.9904 0.13733 0.01593
vn -0.62953 0.75865 -0.16773
vn -0.58652 0.80861 0.04631
vn -0.64417 0.73949 -0.19543
vn -0.98516 0.16823 0.03415
vn -0.53553 0.84397 -0.03034
vn -0.59691 0.79986 0.0627
vn -0.98841 0.15163 -0.00762
vn -0.58602 0.69727 0.41279
vn -0.66858 0.37978 0.63935
vn -0.99279 0.09675 -0.07079
vn -0.58176 0.8117 0.05194
vn -0.46401 0.87067 -0.16317
vn -0.96205 0.02631 -0.2716
vn -0.97099 0.14159 -0.19268
vn -0.99082 -0.06629 -0.11779
vn -0.51773 0.15562 -0.84127
vn -0.98019 -0.19771 -0.012
vn -0.54858 -0.83596 0.01516
vn -0.55749 -0.82759 -0.06556
vn -0.98224 -0.1842 -0.03583
vn -0.99253 0.07792 0.09391
vn -1 -0 -0
vn -0.98412 0.17257 0.0416
vn -0.62058 -0.68924 -0.37395
vn -0.56589 -0.80939 -0.15701
vn -0.99494 0.02609 -0.09707
vn -0.59033 -0.60976 -0.52888
vn -0.70136 -0.05646 -0.71057
vn -0.68599 0.499 -0.52955
vn -0.99137 0.10192 -0.08239
vn -0.9898 0.13684 -0.03954
vn -0.97871 0.19866 0.05162
vn -0.56744 0.79254 0.22335
vn -0.97693 0.19854 0.0787
vn -0.54661 0.76281 0.34544
vn -0.98234 0.18228 0.04216
vn -0.54982 0.8238 0.13805
vn -0.98864 -0.00077 -0.15033
vn -0.57446 0.80963 -0.12036
vn -0.97614 -0.10891 -0.18786
vn -0.52974 -0.61859 -0.58028
vn -0.60775 -0.23073 -0.75987
vn -0.99317 -0.03472 -0.11136
vn -0.66195 0.1803 -0.72754
vn -0.99629 0.03804 -0.07716
vn -0.98905 0.13151 -0.06697
vn -0.60861 0.55593 -0.56615
vn -0.98207 0.18589 -0.03131
vn -0.57502 0.77169 -0.27175
vn -0.97365 0.22803 0.00277
vn -0.97835 0.20593 0.02065
vn -0.55044 0.83435 0.02961
vn -0.54927 0.8256 0.1292
vn -0.98186 0.11094 -0.15379
vn -0.54727 0.83691 0.00876
vn -0.49349 0.23889 -0.8363
vn -0.97145 -0.00218 -0.23721
vn -0.5102 -0.52924 -0.67794
vn -0.64364 0.06129 -0.76287
vn -0.98852 0.03488 -0.14703
vn -0.58489 0.55261 -0.59375
vn -0.99004 0.10381 -0.09505
vn -0.97886 0.19767 -0.05259
vn -0.55013 0.76889 -0.32582
vn -0.96316 0.26892 0.00031
vn -0.51661 0.85599 0.02014
vn -0.96515 0.25711 0.0487
vn -0.9736 0.22033 0.05967
vn -0.5111 0.82542 0.23969
vn -0.50972 0.83371 0.21239
vn -0.96125 0.2738 0.03223
vn -0.47873 0.87581 0.0615
vn -0.50134 -0.66942 -0.5482
vn -0.47757 0.11251 -0.87136
vn -0.53287 -0.45109 -0.71593
vn -0.96962 -0.10749 -0.21972
vn -0.53697 -0.10498 -0.83704
vn -0.97823 0.09383 -0.1851
vn -0.54327 0.34748 -0.76427
vn -0.97109 0.20705 -0.11883
vn -0.49621 0.74016 -0.45381
vn -0.94905 0.31231 -0.04205
vn -0.43552 0.88454 -0.16708
vn -0.94108 0.33767 0.01838
vn -0.41286 0.91021 0.03273
vn -0.93013 0.36128 0.06579
vn -0.41992 0.87971 0.2231
vn -0.95279 0.28259 0.11103
vn -0.9629 0.22339 0.15136
vn -0.46415 0.79691 0.38666
vn -0.48527 0.71525 0.50292
vn -0.99312 -0.11684 -0.00738
vn -0.62643 -0.7742 0.0906
vn -0.62259 -0.78209 -0.02693
vn -0.98836 -0.1497 -0.02727
vn -0.59882 -0.7924 -0.11624
vn -0.59173 -0.79408 -0.13893
vn -0.98458 -0.17479 -0.00739
vn -0.99517 -0.096 0.02054
vn -0.98998 -0.13977 -0.02002
vn -0.98865 -0.1477 -0.02742
vn -0.99112 -0.13222 -0.01387
vn -0.60337 -0.79277 -0.08637
vn -0.53071 -0.80922 -0.25201
vn -0.97373 -0.22687 0.0195
vn -0.53049 -0.84476 0.07039
vn -1 -0 -0
vn -0.9845 0.15181 0.08784
vn -0.98621 0.16339 0.02653
vn -0.98996 0.11787 0.078
vn -0.60178 0.64304 0.47368
vn -0.992 -0.12549 -0.01368
vn -0.60988 -0.79026 -0.05955
vn -1 -0 0
vn -0.98169 -0.1804 -0.06121
vn -0.60835 -0.79086 -0.06676
vn -1 -0 0
vn -0.97928 -0.20222 0.01088
vn -1 -0 0
vn -1 -0 0
vn -0.9759 -0.21545 0.0347
vn -0.53815 -0.82989 0.14722
vn -0.54315 -0.81343 0.20812
vn -0.97896 -0.19826 0.04819
vn -1 -0 -0
vn -1 -0 0
vn -0.97911 -0.19042 0.07123
vn -0.56584 -0.76289 0.31275
vn -0.98283 -0.15774 0.09572
vn -1 -0 -0
vn -1 -0 0
vn -1 -0 0
vn -1 -0 -0
vn -0.97723 -0.02092 -0.21117
vn -1 -0 0
vn -1 -0 0
vn -1 -0 0
vn -0.59251 -0.63625 0.49408
vn -0.98763 -0.1098 0.11192
vn -0.60758 -0.43903 0.66189
vn -0.65919 -0.16268 0.73417
vn -0.99467 0.03917 0.09533
vn -0.66135 0.28866 0.69231
vn -0.98537 0.13242 0.10733
vn -0.99034 -0.0517 0.12863
vn -0.58658 0.62709 0.51252
vn -0.9952 -0.03071 0.09295
vn -1 -0 0
vn -1 -0 -0
vn -1 -0 0
vn -0.51994 0.80724 0.27932
vn -0.97722 0.14258 0.15719
vn -0.50367 0.16218 0.84854
vn -0.55082 -0.74853 0.36919
vn -0.51689 -0.83906 0.1697
vn -0.51563 -0.85582 0.04129
vn -0.9704 -0.24097 0.01587
vn -1 -0 0
vn -0.50688 -0.86184 -0.01731
vn -0.96522 -0.26142 0.00117
vn -0.96812 -0.24989 -0.01738
vn -0.95969 -0.25997 -0.10684
vn -0.51193 -0.85803 -0.04137
vn -1 -0 0
vn -0.54804 -0.50754 -0.66487
vn -0.46348 -0.67221 -0.57734
vn -0.94816 -0.27728 -0.15525
vn -0.44088 -0.83085 -0.33957
vn -1 -0 0
vn -1 -0 -0
vn -0.94365 -0.30697 -0.12366
vn -0.94448 -0.31688 -0.08685
vn -0.45741 -0.86809 -0.19288
vn -1 -0 -0
vn -1 -0 -0
vn -1 -0 -0
vn -0.95398 -0.29603 -0.04793
vn -0.45541 -0.88034 -0.13269
vn -1 -0 -0
vn -1 -0 0
vn -1 -0 0
vn -1 -0 -0
vn -0.95135 -0.30599 0.03618
vn -0.95435 -0.29823 0.01642
vn -0.95276 -0.30366 -0.00664
vn -0.95246 -0.30333 -0.02833
vn -1 -0 0
vn -0.46259 -0.88505 0.05185
vn -0.45993 -0.88409 -0.08273
vn -0.9542 -0.29536 0.0477
vn -0.45392 -0.88499 0.10368
vn -0.45617 -0.88976 -0.01516
vn -1 -0 -0
vn -1 -0.00021 0.00103
vn -0.99998 -0.00222 0.00623
vn -0.99976 -0.01607 -0.0152
vn -0.99452 0.01351 0.10369
vn -0.95112 -0.30022 0.07236
vn -0.95457 -0.28022 0.10138
vn -0.99956 0.01469 -0.02571
vn -0.93581 -0.32243 0.14245
vn -0.46017 -0.87637 0.14218
vn -0.45509 -0.86334 0.21803
vn -0.44269 -0.85032 0.28458
vn -1 -0 -0
vn -0.98814 -0.15081 -0.02891
vn -0.59207 -0.79071 -0.15565
vn -1 -0 -0
vn -0.99851 -0.03605 0.04105
vn -0.60305 -0.76903 -0.21196
vn -0.99818 0.01623 0.05804
vn -0.56338 -0.74686 -0.35328
vn -0.60198 -0.74972 -0.27483
vn -0.57606 0.62456 0.52733
vn -0.60177 0.56454 0.56495
vn -0.52339 -0.51506 0.6788
vn 0.30078 -0.11341 0.94693
vn 0.41149 -0.84509 0.34132
vn 0.60337 -0.79277 -0.08637
vn 0.59882 -0.7924 -0.11624
vn 0.59207 -0.79071 -0.15565
vn 0.60305 -0.76902 -0.21196
vn 0.50688 -0.86184 -0.01731
vn 0.51563 -0.85582 0.04129
vn 0.46017 -0.87637 0.14218
vn 0.45392 -0.88499 0.10368
vn 0.60198 -0.74972 -0.27483
vn 0.54315 -0.81343 0.20812
vn 0.53815 -0.82989 0.14722
vn 0.51689 -0.83906 0.1697
vn 0.55082 -0.74853 0.36919
vn 0.45993 -0.88409 -0.08273
vn 0.45526 -0.88036 -0.13307
vn 0.56585 -0.76289 0.31275
vn 0.50367 0.16218 0.84854
vn 0.56589 -0.80939 -0.15701
vn 0.62058 -0.68923 -0.37395
vn 0.6613 0.28832 0.6925
vn 0.58658 0.62709 0.51252
vn 0.59251 -0.63625 0.49408
vn 0.51994 0.80724 0.27932
vn 0.60738 -0.43858 0.66237
vn 0.60835 -0.79086 -0.06676
vn 0.60988 -0.79026 -0.05955
vn 0.62259 -0.78209 -0.02693
vn 0.56338 -0.74686 -0.35328
vn 0.54858 -0.83596 0.01516
vn 0.55749 -0.82759 -0.06556
vn 0.52394 0.51906 0.67532
vn 0.66858 0.37978 0.63935
vn 0.53049 -0.84476 0.07039
vn 0.62643 -0.7742 0.0906
vn 0.51193 -0.85803 -0.04137
vn 0.46348 -0.67221 -0.57734
vn 0.45509 -0.86334 0.21803
vn -0.41149 -0.84509 0.34132
vn 0.45617 -0.88976 -0.01516
vn 0.44091 -0.83087 -0.33949
vn 0.54804 -0.50754 -0.66487
vn 0.59173 -0.79408 -0.13893
vn 0.44269 -0.85032 0.28458
vn 0.46259 -0.88505 0.05185
vn 0.43531 -0.87819 -0.1982
vn 0.53071 -0.80922 -0.25201
vn 0.56744 0.79254 0.22335
vn 0.54661 0.76281 0.34544
vn 0.41286 0.91021 0.03273
vn 0.41992 0.87971 0.2231
vn 0.47757 0.11251 -0.87136
vn 0.50134 -0.66942 -0.5482
vn 0.55044 0.83435 0.02961
vn 0.54927 0.8256 0.1292
vn 0.62953 0.75865 -0.16773
vn 0.58652 0.80861 0.04631
vn 0.54727 0.83691 0.00876
vn 0.57606 0.62456 0.52733
vn 0.60178 0.64304 0.47368
vn 0.59691 0.79986 0.0627
vn 0.58156 0.7872 0.2052
vn 0.49349 0.23889 -0.8363
vn 0.46415 0.79691 0.38666
vn 0.54982 0.8238 0.13805
vn 0.57446 0.80963 -0.12036
vn -0.50674 0.10288 -0.85594
vn 0.50674 0.10288 -0.85594
vn 0.48527 0.71525 0.50292
vn 0.59326 0.71138 0.37681
vn 0.52339 -0.51507 0.6788
vn 0.52974 -0.61859 -0.58028
vn 0.57268 0.78267 0.24386
vn 0.53287 -0.45109 -0.71593
vn 0.5102 -0.52924 -0.67794
vn 0.23707 -0.0445 0.97047
vn 0.64365 0.06129 -0.76287
vn 0.53697 -0.10498 -0.83704
vn 0.58176 0.8117 0.05194
vn 0.51773 0.15562 -0.84127
vn 0.64417 0.73949 -0.19543
vn 0.47873 0.87581 0.0615
vn 0.46401 0.87067 -0.16317
vn 0.60775 -0.23073 -0.75987
vn 0.59033 -0.60976 -0.52888
vn 0.60177 0.56454 0.56495
vn 0.58489 0.55261 -0.59375
vn 0.70136 -0.05646 -0.71057
vn 0.55013 0.76889 -0.32582
vn 0.66195 0.1803 -0.72754
vn 0.58601 0.69727 0.41279
vn 0.51661 0.85599 0.02014
vn 0.60861 0.55594 -0.56615
vn 0.54327 0.34748 -0.76427
vn 0.57502 0.77169 -0.27175
vn 0.49621 0.74016 -0.45381
vn 0.43552 0.88454 -0.16708
vn 0.53553 0.84397 -0.03034
vn 0.68599 0.499 -0.52955
vn 0.5111 0.82542 0.23969
vn 0.50972 0.83371 0.21239
vn 0.63594 -0.16551 0.75378
vn 0.98765 -0.10969 0.1119
vn -0 -0.69987 -0.71427
vn -0.96852 0.22924 -0.09703
vn -0.67474 -0.31755 -0.66625
vn -0.9993 0.02758 -0.02524
vn 0 -0.72614 0.68755
vn -0.92069 0.37137 -0.12004
vn -0.97956 0.19442 -0.05167
vn -0.6776 0.71453 -0.17408
vn -0.73891 -0.24587 0.62734
vn -0.41343 -0.55586 0.72117
vn -0.59789 -0.37458 0.70867
vn -0.95767 0.2627 -0.11774
vn -0.97877 -0.1984 0.05136
vn -0.90125 0.4313 0.04161
vn -0.92536 0.37552 0.05186
vn -0.86372 0.50366 0.01773
vn 0 0.99 0.1411
vn -0.6817 0.73152 -0.0126
vn -0.95396 0.29112 0.07223
vn -0.99212 0.08806 0.08915
vn -0.97933 -0.1047 0.17308
vn -0.76411 -0.0468 0.64339
vn -0.69468 -0.37927 0.61121
vn -0.50743 -0.70424 0.49655
vn 0 -0.88595 0.46379
vn -0.97584 -0.21434 -0.04244
vn -0.88178 -0.45552 -0.12235
vn -0.59605 -0.75976 -0.2598
vn 0 -0.9455 -0.32561
vn -0.95974 -0.28077 0.00848
vn -0.88089 -0.47128 -0.04383
vn -0.6168 -0.77798 -0.11962
vn 0 -0.99106 -0.13339
vn -0.97293 -0.21677 0.08008
vn -0.9212 -0.37981 0.0844
vn -0.83682 -0.53977 0.09159
vn -0.59464 -0.80177 0.05974
vn 0 -0.99937 0.03537
vn -0.98353 -0.00575 -0.18064
vn -0.97742 -0.12394 -0.17117
vn -0.93942 -0.24557 -0.23911
vn -0.81692 -0.51648 -0.25668
vn -0.47772 -0.85777 -0.18977
vn 0 -0.99477 -0.10217
vn -0.98603 0.07135 -0.15053
vn -0.96316 0.1351 -0.23252
vn -0.93958 0.13048 -0.31649
vn -0.92457 0.23637 -0.29884
vn -0 0.97496 0.2224
vn -0.74711 0.56043 -0.35742
vn -0.80408 0.51362 -0.29943
vn -0 0.79535 -0.60615
vn -0 0.91971 -0.3926
vn -0.93271 0.25699 -0.253
vn -0.94071 0.08391 -0.32868
vn -0.9507 0.09391 -0.29555
vn -0.97659 0.07575 -0.20133
vn -0.94133 -0.01601 -0.3371
vn -0.96672 -0.08147 -0.24253
vn -0.95459 -0.18824 -0.23092
vn -0.89401 -0.40357 -0.19464
vn -0.62883 -0.77464 -0.06709
vn 0 -0.99961 -0.02808
vn -0.61666 0.78061 0.10186
vn -0.83946 0.53717 0.08217
vn -0.91238 0.40241 0.07503
vn -0.93394 0.35065 0.06934
vn -0.96733 0.24705 0.05691
vn -0.99844 0.00562 0.05558
vn -0.95813 -0.27502 0.0797
vn -0.89121 -0.44406 0.09251
vn -0.82081 -0.56475 0.08561
vn -0.57652 -0.81588 0.04422
vn 0 -0.99999 0.00397
vn -0 0.99081 0.13529
vn -0.6517 0.7039 -0.28251
vn -0.91186 0.34441 -0.22337
vn -0.96206 0.16664 -0.21605
vn -0.96573 0.15538 -0.2079
vn -0.97274 0.18566 -0.13893
vn -0.98928 0.07397 -0.12594
vn -0.98881 -0.07602 -0.12839
vn -0.53086 -0.84029 -0.11006
vn 0 -0.99954 -0.03038
vn -0.83971 -0.49685 -0.21914
vn -0.9359 -0.28431 -0.20799
vn -0.97158 -0.14041 -0.19057
vn -0 0.94586 -0.32457
vn -0.7608 0.61681 -0.20181
vn -0.94037 0.26299 -0.21575
vn -0.96099 0.1868 -0.20399
vn -0.96474 0.16032 -0.20873
vn -0.97163 0.12305 -0.20198
vn -0.96843 0.02184 -0.24833
vn -0.95937 -0.08125 -0.27018
vn -0.96429 -0.10644 -0.24254
vn -0.95614 -0.19951 -0.21447
vn -0.89729 -0.42123 -0.13205
vn -0.62024 -0.78436 -0.00959
vn 0 -0.99998 0.00681
vn -0.57484 0.81087 0.10978
vn -0.79741 0.59248 0.11443
vn -0.87308 0.47293 0.11858
vn -0.90561 0.40902 0.11211
vn -0.95912 0.26415 0.10156
vn -0.9977 -0.02013 0.06477
vn -0.96709 -0.24939 0.05033
vn -0.9194 -0.38995 0.05149
vn -0.88549 -0.46291 0.04025
vn -0.85189 -0.52298 0.02777
vn -0.59425 -0.80428 -0.00118
vn 0 -0.99988 -0.01536
vn -0.99843 0.04081 -0.03828
vn -0.97366 0.22801 0.00269
vn -0.94771 0.31904 -0.00792
vn -0.92017 0.39144 -0.00755
vn -0.83876 0.54439 -0.01137
vn -0.61022 0.79127 0.03907
vn -0 0.99263 0.12117
vn -0 0.99915 0.04129
vn -0.9888 -0.11124 -0.09952
vn -0.97087 -0.18779 -0.14882
vn -0.95248 -0.22404 -0.20638
vn -0.90029 -0.36877 -0.23128
vn -0.61516 -0.70799 -0.34687
vn -0 -0.88293 -0.46951
vn -0.92364 -0.32844 -0.19754
vn -0.65514 -0.69221 -0.30272
vn -0.92709 0.37352 -0.03133
vn -0.98746 -0.06038 -0.14589
vn -0.97133 -0.15637 -0.17908
vn -0 -0.92251 -0.38597
vn -0.98795 0.12433 -0.09223
vn -0.85093 0.52522 -0.00709
vn -0.96341 -0.19993 -0.1785
vn -0.95793 -0.19799 -0.20778
vn -0.95676 0.28758 -0.04375
vn -0.63616 0.7706 0.03836
vn -0.89698 0.43152 0.09602
vn -0.93739 0.34075 0.07202
vn -0.95573 0.28315 0.07997
vn -0.99793 0.04983 0.04075
vn -0.98004 -0.19771 0.02096
vn -0.93176 -0.36051 0.04308
vn -0.99861 0.03012 0.0433
vn -0.96374 -0.26559 0.02589
vn -0.91159 -0.41015 0.02787
vn 0 0.99953 0.03079
vn -0.60271 0.79662 0.04631
vn -0.79383 0.60314 0.0778
vn -0.87404 0.4784 0.08477
vn -0.86725 0.48942 0.09131
vn -0.94288 0.3247 0.07447
vn -0.99857 0.03234 0.04248
vn -0.96955 -0.24245 0.03451
vn -0.91582 -0.40014 0.03401
vn -0.89707 -0.44023 0.03824
vn -0.8432 -0.53639 0.03601
vn -0.55806 -0.82929 0.02888
vn 0 -0.99976 0.0221
vn -0.61309 0.78984 -0.0163
vn -0 0.99949 0.03195
vn -0 0.99942 0.03412
vn -0.79837 0.59987 -0.05255
vn -0.88957 0.45238 -0.06331
vn -0.95538 0.29299 -0.03753
vn -0.99716 0.03914 -0.06441
vn -0.98149 -0.13175 -0.13896
vn -0.96214 -0.18069 -0.20406
vn -0.95857 -0.18615 -0.21562
vn -0.90547 -0.37593 -0.19697
vn -0.61786 -0.6989 -0.36025
vn 0 -0.85206 -0.52345
vn -0.65932 0.74911 0.06431
vn -0.81392 0.58066 0.0192
vn -0.87864 0.47673 -0.02695
vn -0.95138 0.3038 -0.05074
vn -0.99032 0.07808 -0.1148
vn -0.97171 -0.16548 -0.16849
vn -0.96002 -0.19356 -0.20223
vn -0.96854 -0.16496 -0.18632
vn -0.92116 -0.32968 -0.20683
vn -0.59215 -0.69491 -0.40799
vn -0 -0.82557 -0.5643
vn 0 0.99447 0.10506
vn -0.61876 0.77815 0.10778
vn -0.64337 0.76389 0.05046
vn -0 0.99428 0.10683
vn -0 0.98976 0.14276
vn -0.66757 0.73552 0.1156
vn 0 0.99033 0.13874
vn -0.60684 0.78305 0.13633
vn 0 0.99088 0.13472
vn -0.57497 0.80196 0.16208
vn 0 0.96876 0.24798
vn -0.57992 0.77831 0.2407
vn 0 0.96561 0.26001
vn -0.56342 0.80502 0.18573
vn 0 0.99111 0.13308
vn -0.53982 0.83739 0.08584
vn 0 0.99076 0.1356
vn -0.56991 0.79415 0.21102
vn 0 0.95454 0.29807
vn -0.52904 0.79111 0.30703
vn 0 0.92913 0.36975
vn -0.76665 0.62825 0.13247
vn -0.79612 0.60161 -0.06533
vn -0.83189 0.55486 -0.00897
vn -0.75525 0.63621 0.15761
vn -0.7684 0.63407 0.08672
vn -0.74476 0.64703 0.16336
vn -0.70038 0.6785 0.2216
vn -0.66161 0.74867 0.04199
vn -0.66944 0.73286 0.12157
vn -0.59313 0.74539 0.30429
vn -0.83183 0.53603 0.14397
vn -0.86825 0.48751 -0.09207
vn -0.9022 0.42387 -0.07984
vn -0.85681 0.48475 0.17578
vn -0.86596 0.49966 0.02119
vn -0.91206 0.38916 -0.12923
vn -0.95763 0.2493 0.14417
vn -0.90427 0.42668 -0.0156
vn -0.86883 0.47136 -0.1515
vn -0.95205 0.25374 0.17095
vn -0.95002 0.28656 0.12392
vn -0.94702 0.28571 -0.14672
vn -0.92689 0.24862 -0.28118
vn -0.99195 0.05297 0.11505
vn -0.97175 0.18363 -0.14823
vn -0.92854 0.1453 -0.34161
vn -0.97554 -0.21743 0.03222
vn -0.97143 0.13185 -0.19734
vn -0.93164 0.05576 -0.35908
vn -0.98624 -0.14386 0.08143
vn -0.96975 0.02187 -0.24312
vn -0.93955 0.02501 -0.34149
vn -0.93921 -0.34134 0.03698
vn -0.95053 0.05973 -0.30484
vn -0.91687 0.08729 -0.38952
vn -0.94116 -0.33724 0.02224
vn -0.94195 0.10239 -0.31976
vn -0.94787 -0.3179 -0.02208
vn -0.92364 0.0869 -0.37329
vn -0.91581 -0.39569 0.06874
vn -0.94686 -0.06623 -0.31477
vn -0.93509 -0.08096 -0.34505
vn -0.90659 -0.42118 0.02661
vn -0.91864 0.07393 -0.38811
vn -0.91219 0.08377 -0.40111
vn -0.93921 -0.34135 0.0369
vn -0.94497 0.07447 -0.31856
vn -0.95329 -0.301 -0.02505
vn -0.93088 0.15217 -0.33214
vn -0.89283 -0.44437 0.07338
vn -0.90091 -0.42878 0.06714
vn -0.85449 -0.51904 0.02129
vn -0.59079 -0.80672 -0.01275
vn 0 -0.99972 -0.02362
vn -0.95715 -0.1392 -0.25394
vn -0.95006 -0.20315 -0.23688
vn -0.92921 -0.32794 -0.17037
vn -0.70603 -0.65042 -0.28013
vn 0 -0.8274 -0.56162
vn -0.96229 -0.09305 -0.25561
vn -0.96951 -0.14195 -0.19977
vn -0.91694 -0.39808 0.02749
vn -0.92528 -0.37847 0.02483
vn -0.94734 -0.28754 -0.14098
vn -0.86405 -0.5034 0.0012
vn -0.70144 -0.62893 -0.33531
vn -0.55213 -0.83347 0.02192
vn 0 -0.82156 -0.57012
vn 0 -0.99871 0.05075
vn -0.91262 0.05209 -0.40547
vn -0.95276 -0.04904 -0.29975
vn -0.9451 -0.29736 -0.13551
vn -0.69201 -0.7088 -0.13683
vn 0 -0.97998 -0.19907
vn -0.92329 0.08346 -0.37491
vn -0.96657 0.00428 -0.25636
vn -0.96859 -0.22973 -0.09516
vn -0.80158 -0.59191 -0.08434
vn 0 -0.98385 -0.17899
vn -0.9472 -0.31753 0.04465
vn -0.9564 -0.28673 0.05557
vn -0.93772 -0.34369 0.05058
vn -0.76027 -0.63264 0.14749
vn 0 -0.96212 0.27263
vn -0.9303 0.11902 -0.34696
vn -0.94775 0.04507 -0.31582
vn -0.97037 -0.15284 -0.18715
vn -0.90968 0.20661 -0.36028
vn -0.9487 0.14419 -0.2814
vn -0.9774 -0.11727 -0.17587
vn -0.8927 -0.4307 0.13256
vn -0.90398 -0.28078 -0.32248
vn -0.52697 -0.78867 0.31671
vn -0.97654 -0.21356 -0.02748
vn -0.73487 0.3811 -0.561
vn -0.74851 0.45578 -0.48166
vn -0.78558 0.33447 -0.52057
vn -0.777 0.5576 -0.29215
vn -0.39898 0.88575 -0.23718
vn -0.40588 0.87958 -0.2482
vn 0 0.99812 -0.06127
vn -0.99014 -0.13366 -0.04202
vn -0.99546 -0.06625 -0.06835
vn -0.74084 0.41724 -0.52637
vn -0.99808 -0.02114 -0.05822
vn -0.90984 -0.26623 -0.31829
vn -0.65437 -0.3287 -0.68099
vn -0.30399 -0.55355 -0.77535
vn -0.94093 0.18373 0.28442
vn -0.82332 0.29758 0.48332
vn -0.88822 0.35528 0.29128
vn -0.75498 0.6545 -0.04037
vn -0.83805 0.49329 0.2331
vn -0.94534 0.07359 0.31767
vn -0.40759 0.90287 -0.13674
vn -0 0.98823 -0.15299
vn -0 0.98805 -0.15414
vn 0 -0.9659 0.2589
vn -0.37589 -0.81724 -0.43684
vn -0.5056 -0.81992 0.26849
vn -0.90031 -0.24864 0.35724
vn -0.85389 -0.24031 0.46166
vn -0.27732 -0.95879 -0.06182
vn -0 0.9901 -0.14033
vn -0.50286 0.85935 -0.09298
vn -0 0.9906 -0.1368
vn -0.45418 0.88651 -0.08842
vn -0.8775 -0.40966 0.24935
vn -0.71856 -0.38098 0.58183
vn -0.75911 -0.57716 0.30107
vn 0 -0.89074 0.45451
vn -0.50851 -0.47372 0.71903
vn 0 -0.56141 0.82754
vn -0.99009 -0.00018 0.14043
vn -0.92207 0.06355 0.38177
vn -0.96438 -0.21804 0.14975
vn -0.95812 -0.21256 0.19189
vn -0.88323 -0.43533 0.17434
vn -0.75699 -0.62484 0.19113
vn -0.92009 -0.04203 -0.38944
vn -0.82657 0.56042 0.05212
vn -0.98891 -0.02082 0.14707
vn -0.76702 0.63623 -0.08301
vn -0.4112 0.90268 -0.12685
vn -0.185 0.81834 0.54415
vn -0.21431 0.12351 0.96892
vn -0.95732 -0.24999 -0.14508
vn -0.3504 -0.67741 0.64678
vn -0.31442 -0.9313 -0.18388
vn -0.74351 0.66641 -0.05561
vn -0.11546 0.99301 -0.02445
vn -0.38519 0.91496 -0.12032
vn -0 0.98775 -0.15603
vn -0.83082 0.45782 0.31646
vn -0.79149 -0.41287 -0.45064
vn -0.60943 -0.57152 -0.54951
vn -0.84488 -0.23061 -0.48269
vn -0.52084 -0.76439 0.38004
vn -0.73766 -0.44215 -0.51025
vn -0.93868 0.09832 0.33046
vn -0.91931 0.07311 0.38668
vn -0.8827 -0.1866 -0.4313
vn -0.65411 -0.17627 0.73557
vn -0.63288 0.06858 0.7712
vn -0.64259 -0.60443 -0.47089
vn -0.34018 -0.59622 0.72719
vn -0.55538 -0.35219 0.75333
vn -0.61697 0.31662 0.72048
vn -0.92278 0.02096 -0.38475
vn -0.79004 -0.39356 -0.47005
vn 0 -0.80967 -0.58688
vn -0.42136 -0.78926 -0.44668
vn 0.52494 0.27464 0.80561
vn 0.35088 0.3189 0.88045
vn 0.53474 0.28252 0.79639
vn -0.78101 0.62421 0.01938
vn -0.7738 0.63134 -0.05152
vn -0.98423 0.14201 0.10549
vn -0 0.78935 0.61394
vn -0.40954 -0.4336 0.80266
vn -0 -0.41356 0.91048
vn -0.58814 0.72357 -0.3613
vn -0.77008 -0.59479 -0.23064
vn -0.63106 -0.58572 0.50862
vn -0.59486 -0.03449 0.80309
vn -0.58302 0.686 0.4353
vn -0.73748 0.52921 0.4196
vn 0.39555 0.91672 0.05628
vn 0.44746 0.76616 0.46128
vn -0.46103 0.72442 0.5125
vn 0.70278 0.31856 0.6361
vn 0.66165 0.26669 0.70078
vn 0.5033 0.30359 0.80903
vn -0.58796 0.15353 0.79418
vn -0.3325 0.09542 0.93826
vn 0 -0.17416 0.98472
vn 0.30948 0.67984 0.66486
vn -0 0.66748 0.74463
vn 0.28443 0.43755 0.85302
vn 0.64148 0.50015 0.58169
vn -0.96569 0.03954 0.25666
vn -0.91246 0.30666 0.27087
vn -0.96714 0.13538 0.2152
vn -0.69552 0.69315 0.1892
vn -0.34938 0.89996 0.26079
vn -0.75496 0.64294 0.12908
vn -0.84818 -0.32128 0.42115
vn -0.748 -0.44697 0.49062
vn -0.5204 -0.57331 0.63286
vn 0 -0.7346 0.6785
vn -0.85944 0.4819 0.17068
vn -0.27058 0.922 0.27694
vn -0 0.96677 0.25564
vn -0.89758 -0.09395 -0.43073
vn -0 -0.99976 -0.02169
vn -0.69733 -0.71041 -0.09513
vn -0.88937 0.16437 -0.42663
vn -0.69363 0.5038 -0.51485
vn -0.33819 0.78977 -0.51176
vn -0.88745 -0.19659 -0.41688
vn -0.89018 -0.05061 0.45278
vn -0.87738 -0.35223 -0.32579
vn -0.93049 -0.10962 0.34954
vn -0.80231 0.34865 -0.4845
vn -0 0.97847 0.2064
vn -0.35317 -0.19266 -0.91551
vn -0.33994 -0.259 -0.90408
vn -0.41425 -0.29994 -0.85932
vn -0.4599 -0.40459 -0.79044
vn -0 0.80779 -0.58947
vn -0.19207 0.05416 -0.97989
vn -0.36296 -0.09625 -0.92682
vn -0.48347 -0.87433 -0.04252
vn -0 -0.75021 -0.6612
vn -0.33089 0.00427 -0.94366
vn -0.81012 -0.55402 -0.19176
vn -0.39649 -0.57933 -0.71216
vn -0 -0.30772 -0.95148
vn -0 0.09067 -0.99588
vn -0 -0.31253 -0.94991
vn -0 -0.30643 -0.95189
vn -0 0.40356 -0.91495
vn -0.51237 -0.54804 -0.66116
vn -0.30476 -0.80048 -0.51609
vn -0 -0.28405 -0.95881
vn -0.42655 -0.47247 -0.77125
vn -0.69342 -0.7195 -0.03849
vn -0.92626 -0.30794 0.2173
vn 0 -0.63452 0.77291
vn -0 -0.29457 0.95563
vn -0.99913 0.02304 -0.0347
vn 0 -0.88816 0.45953
vn 0 -0.99951 0.03143
vn -0.99957 0.00289 -0.02903
vn 0 -0.99224 -0.12435
vn -0.99673 -0.0537 0.0604
vn 0 -0.96236 -0.27179
vn 0 -0.65399 -0.7565
vn -0 0.5153 -0.85701
vn -0.88977 -0.06494 -0.45177
vn -0.99006 0.05327 -0.13013
vn 0 0.83669 -0.54768
vn -0 0.99495 0.10035
vn -0 0.88385 0.46776
vn -0.91653 0.36759 0.15761
vn -0.71203 -0.18919 -0.67618
vn 0 -0.33644 -0.94171
vn -0 0.96944 0.24533
vn -0 0.55036 -0.83493
vn -0.60467 0.54399 -0.58176
vn -0.92343 0.28671 -0.25509
vn -0 0.36212 -0.93213
vn -0.96784 0.10483 -0.22866
vn -0.76491 -0.59063 -0.25705
vn -0.62072 -0.72702 -0.2935
vn -0 -0.95767 -0.28786
vn -0.91902 0.38227 -0.09625
vn -0.85323 0.12792 -0.5056
vn -0.93802 0.34648 0.00862
vn 0 -0.03039 -0.99954
vn -0.84852 -0.05452 -0.52635
vn 0 -0.8893 -0.45732
vn -0.94674 0.30474 0.10397
vn -0 0.94127 0.33765
vn -0.9242 0.35252 0.14692
vn -0.96185 0.27246 -0.0247
vn 0 -0.72979 0.68368
vn -0 0.9976 -0.06919
vn -0 0.82378 -0.56692
vn 0 -0.28856 0.95746
vn -0.86709 0.49222 -0.07664
vn -0 0.06699 0.99775
vn -0.98103 0.19284 -0.01984
vn -0.78909 -0.23332 0.56824
vn -0 0.58549 -0.81068
vn 0 -0.02008 -0.9998
vn -0.59 0.0269 -0.80696
vn 0 -0.98091 -0.19448
vn -0.81181 -0.51524 -0.27476
vn -0.48873 -0.59431 -0.6387
vn -0.68877 -0.41821 -0.5922
vn -0.9615 0.2539 0.10511
vn -0.41807 0.22658 -0.8797
vn -0.80865 0.57476 0.12545
vn -0 0.92244 0.38614
vn -0 0.87157 0.49027
vn -0.98561 -0.1505 0.07695
vn -0.71764 -0.54365 0.43524
vn -0.72698 -0.33658 0.59851
vn -0 -0.34278 0.93942
vn -0.80362 -0.56564 0.18503
vn -0.55279 -0.55547 0.62119
vn -0 -0.36668 0.93035
vn -0 -0.6444 0.76469
vn -0.88891 -0.24322 0.38819
vn -0.98559 0.16764 0.02237
vn -0 0.96374 0.26683
vn -0 0.71478 0.69935
vn -0 -0.60355 0.79733
vn -0.63454 0.12761 -0.76228
vn -0.2951 -0.19377 -0.93561
vn -0.28214 0.38328 -0.87948
vn -0 0.49882 -0.86671
vn -0 -0.03856 -0.99926
vn -0.75613 0.22901 -0.61304
vn -0.73917 0.43668 -0.51277
vn -0.77183 0.63492 0.03398
vn -0.9126 0.29944 -0.27838
vn -0.95959 -0.27961 -0.03161
vn -0.62983 -0.76533 -0.13261
vn -0.85774 -0.36589 -0.36112
vn -0.83142 -0.55101 -0.07156
vn 0 -0.87449 -0.48505
vn -0.75679 -0.42431 -0.49723
vn -0 -0.53711 -0.84351
vn -0.55888 -0.26016 -0.78738
vn 0 -0.43899 -0.89849
vn -0.9844 0.17313 0.03128
vn -0.84287 -0.16054 -0.51362
vn -0.83647 0.1858 0.51555
vn -0.92624 0.16408 -0.33936
vn -0.98431 -0.10854 -0.13915
vn -0.91289 -0.3711 -0.17004
vn -0.83237 -0.31159 -0.45833
vn -0.76704 -0.1157 -0.63108
vn -0.71532 -0.02784 -0.69824
vn -0.7892 -0.47002 0.39527
vn -0.46005 0.74006 -0.49058
vn -0.78133 -0.27808 -0.55875
vn -0.77143 0.08601 -0.63048
vn -0 -0.89561 -0.44484
vn -0.56122 -0.16783 -0.81047
vn 0 0.46344 0.88613
vn -0.28328 -0.68445 -0.67177
vn 0 -0.68862 0.72512
vn -0.82268 -0.23319 0.51849
vn -0.46255 -0.863 0.20317
vn -0.92749 -0.34699 0.13912
vn -0.99215 0.02686 0.12211
vn -0.9913 0.03859 0.12586
vn -0.54804 0.81303 0.19657
vn -0.88034 -0.47394 0.01983
vn -0.40501 0.73416 -0.54496
vn -0.65766 0.51613 -0.54872
vn -0.76335 0.53306 -0.3649
vn -0.77112 0.49052 -0.4059
vn -0 -0.32718 0.94496
vn -0.90956 -0.05492 0.41192
vn -0.61571 0.51378 0.59744
vn -0.57062 0.69768 -0.43317
vn -0.5316 0.78222 -0.32484
vn -0.96033 -0.1708 0.22043
vn -0 0.94802 -0.31822
vn 0.64879 0.09752 0.7547
vn 0.74403 0.04404 0.6667
vn 0.71981 -0.00526 0.69415
vn 0.92861 -0.06513 -0.36529
vn 0.87669 -0.01105 -0.48094
vn 0.94111 -0.03909 -0.33583
vn 0.50846 0.21621 0.8335
vn 0.64562 0.09452 0.75778
vn 0.54282 0.20774 0.81375
vn 0.36784 0.1227 0.92176
vn 0.57515 -0.05247 0.81637
vn 0.03366 -0.34522 -0.93792
vn 0.74945 -0.48299 -0.45281
vn 0.03577 -0.45198 -0.89131
vn 0.54832 0.15548 0.82169
vn 0.56367 0.08493 0.82162
vn 0.6497 0.08426 0.75551
vn 0.93954 0.01585 -0.34208
vn 0.93111 0.17452 0.32027
vn 0.93905 -0.14352 -0.31238
vn 0.92502 0.13638 -0.35459
vn 0.97506 -0.1041 0.196
vn 0.95325 0.05647 0.29687
vn 0.88975 0.00119 -0.45644
vn 0.94906 0.05588 0.31011
vn 0.90692 -0.05695 -0.41743
vn 0.74794 -0.3586 0.55856
vn 0.65946 -0.72058 0.21417
vn 0.86872 -0.0949 -0.48613
vn 0.98365 -0.05761 0.17061
vn 0.91563 -0.21059 0.34245
vn 0.8475 -0.50766 -0.15499
vn 0.92582 -0.19455 0.32405
vn 0.80893 -0.4732 -0.34887
vn 0.8565 -0.12728 -0.5002
vn 0.9884 -0.14932 0.02775
vn 0.88596 -0.30075 -0.35303
vn 0.96132 0.02567 0.27422
vn 0.12307 0.18025 0.97589
vn 0.65443 0.10782 0.74839
vn 0.8964 0.24697 -0.36808
vn 0.86579 0.25576 -0.4301
vn 0.53337 0.5919 0.60429
vn 0.67812 0.54059 0.49791
vn 0.86505 0.49613 0.07448
vn 0.88235 -0.17333 0.4375
vn 0.61248 0.04957 0.78893
vn 0.6418 -0.01794 0.76666
vn 0.35832 0.85931 0.36495
vn 0.50727 0.84093 0.18845
vn 0.44231 0.83489 0.32761
vn 0.7033 0.07627 0.70679
vn 0.72499 0.22183 0.65205
vn 0.67795 0.25519 0.68939
vn 0.60249 -0.78474 0.14556
vn -0 -0.97265 0.23226
vn 0.50894 -0.00022 0.8608
vn 0.64021 -0.10043 0.76161
vn 0.32071 0.67172 0.66779
vn 0.85889 0.49786 0.12017
vn 0.74103 -0.22994 0.63088
vn 0.30965 -0.70123 -0.64218
vn 0.74309 -0.55786 -0.36961
vn 0.40235 -0.07037 0.91278
vn 0.64744 -0.09575 0.75608
vn 0.57727 -0.08369 0.81225
vn 0.72835 0.67858 0.09508
vn 0.2813 0.89958 0.3341
vn 0.68232 0.0593 -0.72864
vn 0.64859 0.75876 0.06013
vn 0.8832 0.46524 0.05925
vn 0.82762 0.41625 0.37655
vn 0.95065 0.31026 0.00255
vn 0.81798 0.55609 0.1472
vn 0.90669 0.37711 0.18896
vn 0.50789 0.59706 0.62094
vn 0.88897 0.15687 0.43026
vn 0.66719 0.12854 0.73371
vn 0.63242 0.14361 0.76119
vn 0.65915 0.01393 0.75188
vn 0.6717 0.63196 0.38657
vn 0.42743 0.81246 0.39649
vn 0.77408 0.58889 0.23242
vn 0.02643 -0.48033 -0.87669
vn 0.76516 -0.05046 -0.64186
vn 0.80527 -0.15064 -0.57345
vn 0.51277 -0.09688 0.85304
vn 0.99535 0.05716 0.07752
vn 0.73656 0.43488 0.51803
vn 0.49958 0.83131 0.24361
vn 0.87021 -0.17335 0.46118
vn 0.79026 0.6121 -0.02873
vn 0.98719 0.05351 -0.15032
vn 0.98908 0.0915 -0.11552
vn 0.69849 -0.35159 -0.6233
vn 0.73325 -0.32212 -0.59882
vn 0.46065 -0.56303 -0.68614
vn 0.43669 0.81889 0.37246
vn 0.43958 0.85609 0.2718
vn 0.70109 -0.02054 -0.71277
vn 0.71901 -0.01148 -0.6949
vn 0.47265 0.01212 0.88116
vn 0.71339 0.43858 0.54656
vn 0.39604 0.876 0.27528
vn 0.99826 0.04862 -0.03336
vn 0.44192 0.78589 0.43253
vn 0.98532 0.05747 -0.16073
vn 0.38108 0.74594 0.54621
vn 0.14645 0.89252 0.42656
vn 0.29953 0.78074 0.54838
vn 0.98148 0.05313 -0.18405
vn 0.53916 0.67011 0.51017
vn 0.86383 -0.00342 0.50377
vn 0.33391 0.88927 0.31258
vn 0.60346 0.78986 0.10934
vn 0.34672 0.87958 0.32577
vn 0.7637 0.60252 0.23181
vn 0.90004 0.36311 0.24098
vn 0.7629 0.53211 0.3672
vn 0.65333 0.08618 0.75215
vn 0.75375 -0.35576 -0.55254
vn 0.83066 -0.21156 -0.51502
vn 0.62141 -0.00284 0.78348
vn 0.68027 -0.10532 -0.72535
vn 0.68827 -0.22429 -0.68991
vn 0.68037 0.11089 0.72443
vn 0.71876 0.08433 0.69013
vn 0.84137 0.03475 -0.53934
vn 0.27743 0.17685 0.94433
vn 0.74725 -0.31031 -0.58764
vn 0.79822 -0.25739 -0.54461
vn 0.79138 0.61132 0.00131
vn 0.63067 -0.03937 0.77505
vn 0.8605 -0.10991 -0.49745
vn 0.87927 -0.12018 -0.46091
vn 0.63519 0.18042 0.75099
vn 0.7824 -0.47927 -0.39769
vn 0.56025 0.14035 0.81634
vn 0.63984 -0.75125 0.16198
vn 0.82657 -0.52236 -0.20959
vn 0.92279 -0.05545 -0.38129
vn 0.5719 0.02821 0.81984
vn 0.41489 0.20415 0.88667
vn 0.91306 0.00711 -0.40777
vn 0.95446 0.11527 -0.27517
vn 0.78745 0.00554 -0.61636
vn 0.77172 0.0073 -0.63592
vn -0.03437 0.65707 0.75304
vn 0.49303 0.13187 0.85996
vn 0.54071 -0.09818 0.83546
vn 0.51379 0.17331 0.84023
vn 0.67253 0.07274 0.73648
vn 0.66027 0.09805 0.7446
vn -0.01739 -0.41987 -0.90742
vn 0.63285 0.74195 0.2214
vn 0.75729 0.57865 0.30278
vn 0.72223 0.66069 0.20465
vn 0.72315 0.60208 0.33846
vn 0.96357 0.22318 -0.14739
vn 0.8242 0.5459 -0.15063
vn 0.05304 -0.52627 -0.84866
vn 0.25881 -0.581 -0.77166
vn -0.04686 -0.27249 -0.96102
vn 0.14268 -0.00389 -0.98976
vn 0.03942 -0.58077 -0.81311
vn 0.0317 -0.66384 -0.7472
vn 0.09628 -0.72768 -0.67912
vn 0.95348 -0.11017 -0.28059
vn 0.9545 -0.13687 -0.26494
vn 0.93205 -0.13206 -0.33741
vn 0.9792 0.18432 -0.08476
vn 0.02778 -0.57226 -0.8196
vn 0.88921 0.3075 0.33873
vn 0.38734 0.6685 0.63488
vn 0.52048 0.35961 0.77445
vn 0.20675 -0.49584 0.84344
vn 0.6803 0.13379 0.72062
vn 0.41549 -0.06637 0.90717
vn 0.30409 -0.13559 0.94294
vn 0.65339 -0.39149 -0.64793
vn 0.61291 0.06931 -0.78711
vn 0.68713 -0.38072 -0.61879
vn 0.49746 -0.72521 -0.47602
vn 0.52428 -0.84653 -0.09232
vn 0.57763 -0.06538 -0.81368
vn 0.60724 0.29154 -0.73909
vn 0.61062 0.77573 -0.15931
vn 0.77822 -0.29289 -0.55551
vn 0.76067 0.17219 -0.62588
vn 0.66041 -0.19328 -0.7256
vn 0.52433 -0.82023 -0.22869
vn 0.68813 0.1964 -0.6985
vn 0.44665 -0.5173 -0.73
vn 0.91522 -0.38997 -0.10148
vn 0.55045 -0.31517 -0.77309
vn 0.73607 -0.66711 -0.11474
vn 0.58726 -0.46967 -0.65919
vn 0.8925 -0.43935 -0.10205
vn 0.59878 0.02127 -0.80063
vn 0.62504 0.0405 -0.77954
vn 0.79596 0.28053 -0.53642
vn 0.80607 -0.17137 0.56646
vn 0.77628 0.55831 0.2927
vn 0.80417 0.22012 0.55214
vn 0.5928 0.23543 -0.77017
vn 0.84128 0.34109 -0.41942
vn 0.42045 -0.70733 -0.56824
vn 0.49214 -0.70061 0.51667
vn 0.94314 0.23251 0.23756
vn 0.60765 -0.26318 -0.74933
vn 0.76635 0.5772 0.28204
vn 0.67272 -0.38679 -0.63075
vn 0.60727 0.61855 -0.49862
vn 0.5943 -0.7213 -0.35571
vn 0.95938 0.09417 -0.26595
vn 0.83571 -0.46109 0.29829
vn 0.81085 -0.57604 0.10341
vn 0.73278 -0.32433 -0.5982
vn 0.90048 0.2204 -0.37491
vn 0.52052 -0.31436 -0.79387
vn 0.73389 0.61264 -0.29337
vn 0.22205 -0.19659 -0.95501
vn 0.86219 -0.24355 0.4442
vn 0.80179 -0.45189 0.39106
vn 0.52814 0.53877 -0.65635
vn 0.58206 -0.79124 -0.1875
vn 0.6635 -0.40694 -0.62783
vn 0.56241 -0.28903 -0.7747
vn 0.50458 -0.40595 -0.76197
vn 0.9229 0.04576 -0.38231
vn 0.96982 0.07635 -0.23155
vn 0.99726 -0.04483 0.05882
vn 0.80297 0.49659 -0.32958
vn 0.57537 -0.5523 -0.60326
vn 0.8599 -0.51026 0.01425
vn 0.99547 0.02686 0.09119
vn 0.76645 0.62069 0.16523
vn 0.99199 0.09125 -0.08738
vn 0.59833 0.79652 0.08699
vn 0.80073 0.26988 0.53479
vn 0.6796 -0.503 0.53399
vn 0.82139 0.1019 0.56119
vn 0.72607 0.47722 0.49506
vn 0.98569 0.13208 -0.10478
vn 0.79294 -0.23058 0.56398
vn 0.66516 -0.3746 -0.64594
vn 0.7915 -0.13554 -0.59595
vn 0.73708 0.4966 0.45837
vn 0.75585 0.00909 -0.65468
vn 0.67125 -0.27308 -0.68909
vn 0.80869 -0.23798 -0.53794
vn 0.58299 -0.45728 -0.67158
vn 0.63367 -0.46938 -0.61493
vn 0.61828 -0.5456 -0.56573
vn 0.54902 -0.41071 -0.72794
vn 0.59579 -0.33619 -0.72939
vn 0.64072 -0.26844 -0.71932
vn 0.77741 -0.23271 -0.58436
vn -0 0.08393 -0.99647
vn 0.69725 -0.40009 -0.59479
vn 0.47388 -0.66808 -0.57368
vn 0.98686 0.12226 -0.10564
vn 0.77735 0.50273 0.37814
vn 0.72699 -0.67317 -0.13538
vn 0.72372 -0.3073 -0.6179
vn 0.74847 -0.25374 -0.61271
vn 0.71056 0.0403 0.70248
vn 0.96114 -0.15512 0.22837
vn 0.38288 -0.05788 0.92199
vn 0.89804 -0.02589 -0.43916
vn 0.58836 -0.07176 0.80541
vn 0.73003 0.39817 0.55544
vn 0.52935 0.49849 0.68651
vn 0.37162 0.25111 0.89378
vn 0.72813 0.07059 0.68179
vn 0.87451 -0.29525 -0.38479
vn 0.86794 -0.05007 -0.49413
vn 0.08456 -0.48185 0.87216
vn 0.9462 0.31248 0.08402
vn -0.03993 -0.89871 0.43672
vn 0.42861 -0.72707 0.53635
vn -0.05063 -0.88731 0.45839
vn 0.06748 -0.71021 -0.70075
vn 0.65069 0.58105 0.48886
vn 0.01439 -0.52834 -0.84891
vn 0.94942 0.29388 -0.11066
vn 0.40847 -0.89906 -0.1576
vn 0.72226 -0.63576 -0.2723
vn 0.83965 0.12528 -0.52848
vn 0.88587 -0.11265 -0.45005
vn 0.91774 -0.25081 -0.30798
vn 0.82717 -0.30473 -0.47215
vn 0.51479 -0.00949 0.85727
vn 0.74923 0.00649 0.66227
vn 0.68397 -0.02221 0.72917
vn 0.71526 0.66497 0.21499
vn 0.90158 -0.13033 -0.41252
vn 0.73069 -0.32295 -0.60149
vn 0.75871 0.32605 0.56396
vn 0.84642 -0.0714 -0.52771
vn 0.91121 0.03786 -0.4102
vn 0.76963 -0.08568 -0.63272
vn 0.7056 0.34301 0.62006
vn 0.62207 0.10649 0.77569
vn 0.69993 0.21187 0.68207
vn 0.7462 0.10368 0.6576
vn 0.71604 0.11387 0.6887
vn 0.73459 0.1111 -0.66935
vn 0.76952 -0.15264 0.62011
vn 0.78635 -0.02734 -0.61717
vn 0.89966 -0.12203 -0.41918
vn 0.85519 -0.43256 -0.28557
vn 0.87175 -0.24965 -0.42158
vn 0.84612 -0.44765 -0.2893
vn 0.41544 -0.23784 0.87797
vn 0.65445 -0.11011 -0.74805
vn 0.51917 -0.00336 0.85467
vn 0.47611 -0.09496 0.87424
vn 0.66121 0.74142 0.11445
vn 0.66192 0.25994 0.70306
vn 0.71505 0.15466 0.68176
vn 0.67238 0.22825 0.70414
vn 0.81472 0.52394 -0.24843
vn 0.82504 0.36856 -0.42833
vn 0.54677 -0.83482 -0.06416
vn 0.76688 -0.20209 -0.60914
vn 0.4725 0.01116 0.88126
vn 0.758 0.20571 0.61897
vn 0.80645 -0.17358 -0.56525
vn 0.69467 0.03486 0.71848
vn 0.65432 0.18913 0.73219
vn 0.78671 0.0439 0.61575
vn 0.734 0.02558 -0.67867
vn 0.71693 -0.65272 -0.24487
vn 0.80604 0.19499 -0.55882
vn 0.6066 -0.03843 0.79408
vn 0.72302 0.01085 0.69074
vn 0.84718 -0.03057 -0.53042
vn 0.83142 0.03928 0.55426
vn 0.59779 0.07803 0.79785
vn 0.87547 -0.08898 -0.475
vn 0.70195 -0.07807 0.70794
vn 0.97132 0.11057 -0.21052
vn 0.74019 -0.03 0.67173
vn 0.73586 -0.14262 -0.66195
vn 0.57425 -0.00526 0.81866
vn 0.77316 0.08399 0.62863
vn 0.61112 -0.16844 0.77341
vn 0.54177 0.00221 0.84052
vn 0.88704 0.45348 -0.08673
vn 0.61124 0.1367 0.77955
vn 0.98436 0.16646 0.05767
vn 0.9845 0.15181 0.08784
vn 0.98307 0.11998 0.13852
vn 0.98412 0.17257 0.0416
vn 0.9904 0.13733 0.01593
vn 0.9898 0.13684 -0.03954
vn 0.98516 0.16824 0.03415
vn 0.98841 0.15163 -0.00762
vn 0.98621 0.16339 0.02653
vn 0.99279 0.09675 -0.07079
vn 0.97099 0.14159 -0.19268
vn 0.99082 -0.06629 -0.11779
vn 0.98019 -0.19771 -0.012
vn 0.98224 -0.1842 -0.03583
vn 0.99253 0.07792 0.09391
vn 1 0 0
vn 0.98169 -0.1804 -0.06121
vn 0.99494 0.02609 -0.09707
vn 0.99137 0.10192 -0.08239
vn 0.97871 0.19866 0.05162
vn 0.97693 0.19854 0.0787
vn 0.98234 0.18229 0.04216
vn 0.98864 -0.00077 -0.15033
vn 0.97614 -0.10891 -0.18786
vn 0.99317 -0.03472 -0.11136
vn 0.99629 0.03804 -0.07716
vn 0.98905 0.13151 -0.06697
vn 0.98207 0.18589 -0.03131
vn 0.97365 0.22803 0.00277
vn 0.97835 0.20593 0.02065
vn 0.98186 0.11094 -0.15379
vn 0.97145 -0.00218 -0.23722
vn 0.98852 0.03489 -0.14703
vn 0.99004 0.10381 -0.09505
vn 0.97886 0.19767 -0.05259
vn 0.96316 0.26892 0.00031
vn 0.96515 0.25711 0.0487
vn 0.9736 0.22033 0.05967
vn 0.96125 0.2738 0.03223
vn 0.96205 0.02631 -0.2716
vn 0.96962 -0.10749 -0.21972
vn 0.97823 0.09383 -0.1851
vn 0.97723 -0.02092 -0.21117
vn 0.97109 0.20705 -0.11883
vn 0.94905 0.31231 -0.04205
vn 0.94108 0.33767 0.01838
vn 0.93013 0.36128 0.06579
vn 0.95279 0.28259 0.11103
vn 0.9629 0.22339 0.15136
vn 0.99312 -0.11684 -0.00738
vn 0.99517 -0.096 0.02054
vn 0.98836 -0.1497 -0.02727
vn 0.98865 -0.1477 -0.02742
vn 0.98458 -0.17479 -0.00739
vn 0.98998 -0.13977 -0.02002
vn 0.99112 -0.13222 -0.01387
vn 0.97373 -0.22687 0.0195
vn 0.97928 -0.20222 0.01088
vn 1 0 0
vn 0.98996 0.11787 0.078
vn 0.992 -0.12549 -0.01368
vn 1 0 -0
vn 1 0 -0
vn 1 0 -0
vn 1 0 -0
vn 0.9759 -0.21545 0.0347
vn 0.97896 -0.19826 0.04819
vn 1 0 0
vn 1 0 -0
vn 0.97911 -0.19042 0.07123
vn 0.98283 -0.15774 0.09572
vn 1 0 0
vn 1 0 -0
vn 1 0 -0
vn 1 0 0
vn 1 0 -0
vn 1 0 -0
vn 1 0 -0
vn 0.99521 -0.03067 0.09284
vn 1 0 0
vn 1 0 -0
vn 0.98537 0.13242 0.10733
vn 0.99034 -0.0517 0.12863
vn 1 0 0
vn 1 0 0
vn 1 0 -0
vn 1 0 -0
vn 0.97722 0.14258 0.15719
vn 0.9704 -0.24097 0.01587
vn 1 0 -0
vn 0.96522 -0.26142 0.00117
vn 0.96812 -0.24989 -0.01738
vn 0.95969 -0.25997 -0.10684
vn 0.99468 0.03912 0.09528
vn 0.94816 -0.27728 -0.15525
vn 0.94363 -0.30699 -0.12377
vn 0.94473 -0.31625 -0.08645
vn 0.93581 -0.32242 0.14245
vn 1 0 0
vn 1 0 -0
vn 1 0 0
vn 1 0 -0
vn 1 0 0
vn 1 0 0
vn 0.95435 -0.29823 0.01642
vn 0.95135 -0.30599 0.03618
vn 0.95247 -0.30333 -0.02833
vn 0.95276 -0.30366 -0.00664
vn 1 0 -0
vn 0.9542 -0.29536 0.0477
vn 0.95403 -0.29583 -0.04802
vn 1 0 -0
vn 1 -0.00021 0.00103
vn 0.99976 -0.01607 -0.0152
vn 0.99998 -0.00222 0.00623
vn 0.99956 0.01469 -0.02571
vn 0.99452 0.01351 0.10369
vn 0.95112 -0.30022 0.07236
vn 0.95457 -0.28022 0.10138
vn 1 0 0
vn 0.98814 -0.15081 -0.02891
vn 1 0 0
vn 0.99851 -0.03605 0.04105
vn 0.99818 0.01623 0.05804
vn 0.96852 0.22924 -0.09703
vn 0.62583 -0.41509 -0.66033
vn 0.67474 -0.31755 -0.66625
vn 0.9993 0.02758 -0.02524
vn 0.92069 0.37137 -0.12004
vn 0.4944 0.7337 -0.4661
vn 0.97956 0.19442 -0.05167
vn 0.6776 0.71453 -0.17408
vn 0.73891 -0.24587 0.62734
vn 0.63889 -0.37312 -0.67276
vn 0.41343 -0.55586 0.72117
vn 0.59789 -0.37458 0.70867
vn 0.95767 0.2627 -0.11774
vn 0.97877 -0.1984 0.05136
vn 0.90125 0.4313 0.04161
vn 0.92536 0.37552 0.05186
vn 0.86372 0.50366 0.01773
vn 0.6817 0.73153 -0.0126
vn 0.95396 0.29112 0.07223
vn 0.99212 0.08806 0.08915
vn 0.97933 -0.1047 0.17308
vn 0.76411 -0.0468 0.64339
vn 0.69468 -0.37926 0.61122
vn 0.50743 -0.70424 0.49655
vn 0.97584 -0.21434 -0.04244
vn 0.88178 -0.45552 -0.12235
vn 0.59605 -0.75976 -0.2598
vn 0.95974 -0.28077 0.00848
vn 0.88089 -0.47128 -0.04383
vn 0.6168 -0.77798 -0.11962
vn 0.97293 -0.21677 0.08008
vn 0.9212 -0.37981 0.0844
vn 0.83682 -0.53976 0.09159
vn 0.59464 -0.80177 0.05974
vn 0.98353 -0.00575 -0.18064
vn 0.97742 -0.12394 -0.17117
vn 0.93943 -0.24557 -0.23911
vn 0.81692 -0.51648 -0.25668
vn 0.47772 -0.85777 -0.18977
vn 0.98603 0.07135 -0.15053
vn 0.96316 0.1351 -0.23252
vn 0.93958 0.13048 -0.31649
vn 0.92457 0.23637 -0.29884
vn 0.74711 0.56043 -0.35742
vn 0.80408 0.51362 -0.29943
vn 0.93271 0.25699 -0.253
vn 0.94071 0.08391 -0.32868
vn 0.9507 0.09391 -0.29555
vn 0.97659 0.07575 -0.20133
vn 0.94133 -0.01601 -0.3371
vn 0.96672 -0.08147 -0.24253
vn 0.95459 -0.18824 -0.23092
vn 0.89401 -0.40357 -0.19464
vn 0.62883 -0.77464 -0.06709
vn 0.61666 0.78061 0.10186
vn 0.83946 0.53717 0.08217
vn 0.91238 0.40241 0.07503
vn 0.93394 0.35065 0.06934
vn 0.96733 0.24705 0.05691
vn 0.99844 0.00562 0.05558
vn 0.95813 -0.27502 0.0797
vn 0.89121 -0.44406 0.09251
vn 0.82081 -0.56475 0.08561
vn 0.57652 -0.81588 0.04422
vn 0.6517 0.7039 -0.28251
vn 0.91186 0.34441 -0.22337
vn 0.96206 0.16664 -0.21605
vn 0.96573 0.15538 -0.2079
vn 0.97274 0.18566 -0.13893
vn 0.98928 0.07397 -0.12594
vn 0.53086 -0.84028 -0.11006
vn 0.83971 -0.49685 -0.21914
vn 0.9359 -0.28431 -0.20799
vn 0.97158 -0.14041 -0.19057
vn 0.98881 -0.07602 -0.12839
vn -0 0.90175 -0.43226
vn 0.7608 0.61682 -0.20181
vn 0.96099 0.1868 -0.20399
vn 0.96474 0.16032 -0.20873
vn 0.97163 0.12305 -0.20198
vn 0.96843 0.02184 -0.24833
vn 0.95937 -0.08125 -0.27018
vn 0.96429 -0.10644 -0.24254
vn 0.95614 -0.19951 -0.21447
vn 0.89729 -0.42123 -0.13205
vn 0.62024 -0.78436 -0.00959
vn 0.57484 0.81087 0.10978
vn 0.79741 0.59248 0.11443
vn 0.94037 0.26299 -0.21575
vn 0.87308 0.47293 0.11858
vn 0.90561 0.40902 0.11211
vn 0.95912 0.26415 0.10156
vn 0.9977 -0.02013 0.06477
vn 0.96709 -0.24939 0.05033
vn 0.9194 -0.38995 0.05149
vn 0.88549 -0.46291 0.04025
vn 0.85189 -0.52298 0.02777
vn 0.59425 -0.80428 -0.00118
vn 0.99843 0.04081 -0.03828
vn 0.97366 0.22801 0.00269
vn 0.94771 0.31904 -0.00792
vn 0.92017 0.39144 -0.00755
vn 0.83875 0.54439 -0.01137
vn 0.61021 0.79127 0.03907
vn 0.9888 -0.11124 -0.09952
vn 0.97087 -0.18779 -0.14881
vn 0.95248 -0.22404 -0.20638
vn 0.90029 -0.36877 -0.23128
vn 0.61516 -0.70799 -0.34687
vn 0.92364 -0.32844 -0.19754
vn 0.92709 0.37352 -0.03133
vn 0.98746 -0.06038 -0.14589
vn 0.65514 -0.69221 -0.30272
vn 0.98795 0.12433 -0.09223
vn 0.85093 0.52523 -0.00709
vn 0.96341 -0.19993 -0.1785
vn 0.97133 -0.15637 -0.17908
vn 0.95793 -0.19799 -0.20778
vn 0.95676 0.28758 -0.04375
vn 0.63616 0.7706 0.03836
vn 0.89698 0.43152 0.09602
vn 0.93739 0.34075 0.07202
vn 0.87404 0.4784 0.08477
vn 0.95573 0.28316 0.07997
vn 0.99793 0.04983 0.04075
vn 0.98004 -0.19771 0.02096
vn 0.99861 0.03012 0.0433
vn 0.96374 -0.26559 0.02589
vn 0.93176 -0.36051 0.04308
vn 0.60271 0.79662 0.04631
vn 0.79383 0.60314 0.0778
vn 0.86725 0.48942 0.0913
vn 0.94288 0.3247 0.07447
vn 0.96955 -0.24245 0.03451
vn 0.91582 -0.40014 0.03401
vn 0.91159 -0.41015 0.02787
vn 0.89707 -0.44023 0.03824
vn 0.8432 -0.53639 0.03601
vn 0.55806 -0.82929 0.02888
vn 0.61309 0.78984 -0.0163
vn 0.79837 0.59987 -0.05255
vn 0.88957 0.45238 -0.06331
vn 0.95538 0.29299 -0.03753
vn 0.99716 0.03914 -0.06441
vn 0.99857 0.03233 0.04248
vn 0.98149 -0.13175 -0.13896
vn 0.96214 -0.18069 -0.20406
vn 0.95857 -0.18615 -0.21562
vn 0.90547 -0.37593 -0.19697
vn 0.61786 -0.6989 -0.36025
vn 0.65932 0.74911 0.06431
vn 0.81392 0.58066 0.0192
vn 0.87864 0.47673 -0.02695
vn 0.95138 0.3038 -0.05074
vn 0.99032 0.07808 -0.1148
vn 0.97171 -0.16548 -0.16849
vn 0.96002 -0.19356 -0.20223
vn 0.96854 -0.16496 -0.18632
vn 0.92116 -0.32968 -0.20683
vn 0.59215 -0.69491 -0.40799
vn 0.61876 0.77815 0.10778
vn 0.64337 0.76389 0.05046
vn 0.66757 0.73552 0.1156
vn 0.60684 0.78305 0.13633
vn 0.57497 0.80196 0.16208
vn 0.57992 0.77831 0.2407
vn 0.56342 0.80502 0.18573
vn 0.53982 0.83739 0.08584
vn 0.56991 0.79415 0.21102
vn 0.52904 0.79111 0.30703
vn 0.76665 0.62825 0.13247
vn 0.79611 0.60161 -0.06533
vn 0.83189 0.55486 -0.00897
vn 0.75525 0.63621 0.15761
vn 0.7684 0.63407 0.08672
vn 0.74476 0.64703 0.16336
vn 0.70038 0.6785 0.2216
vn 0.66161 0.74867 0.04199
vn 0.66943 0.73286 0.12157
vn 0.59313 0.74539 0.30429
vn 0.83183 0.53603 0.14397
vn 0.86825 0.48751 -0.09207
vn 0.9022 0.42387 -0.07984
vn 0.85681 0.48475 0.17578
vn 0.86596 0.49966 0.0212
vn 0.91206 0.38917 -0.12923
vn 0.95763 0.2493 0.14417
vn 0.90427 0.42668 -0.0156
vn 0.86883 0.47136 -0.1515
vn 0.95204 0.25375 0.17095
vn 0.95001 0.28656 0.12392
vn 0.94702 0.28571 -0.14672
vn 0.92689 0.24862 -0.28118
vn 0.99195 0.05297 0.11505
vn 0.97175 0.18363 -0.14824
vn 0.92854 0.1453 -0.34162
vn 0.97554 -0.21743 0.03222
vn 0.97143 0.13185 -0.19734
vn 0.93164 0.05576 -0.35908
vn 0.94787 -0.3179 -0.02208
vn 0.98624 -0.14386 0.08143
vn 0.96975 0.02187 -0.24312
vn 0.93955 0.02501 -0.34149
vn 0.93921 -0.34134 0.03698
vn 0.95053 0.05973 -0.30484
vn 0.91687 0.08729 -0.38952
vn 0.94116 -0.33724 0.02224
vn 0.94195 0.10239 -0.31976
vn 0.92364 0.0869 -0.37329
vn 0.95329 -0.301 -0.02505
vn 0.91581 -0.39569 0.06874
vn 0.94686 -0.06623 -0.31477
vn 0.93509 -0.08096 -0.34505
vn 0.90659 -0.42118 0.02661
vn 0.91864 0.07393 -0.38811
vn 0.91219 0.08377 -0.40111
vn 0.93921 -0.34135 0.0369
vn 0.94497 0.07447 -0.31856
vn 0.93088 0.15217 -0.33214
vn 0.97654 -0.21356 -0.02748
vn 0.89283 -0.44437 0.07338
vn 0.90091 -0.42878 0.06714
vn 0.85449 -0.51904 0.02129
vn 0.59079 -0.80672 -0.01275
vn 0.95715 -0.1392 -0.25394
vn 0.95006 -0.20315 -0.23688
vn 0.92921 -0.32794 -0.17037
vn 0.70603 -0.65042 -0.28013
vn 0.96229 -0.09304 -0.25561
vn 0.91694 -0.39808 0.02749
vn 0.96951 -0.14195 -0.19977
vn 0.92528 -0.37847 0.02483
vn 0.94734 -0.28754 -0.14098
vn 0.86405 -0.5034 0.0012
vn 0.70144 -0.62893 -0.33531
vn 0.55213 -0.83347 0.02192
vn 0.91262 0.05209 -0.40547
vn 0.95276 -0.04903 -0.29975
vn 0.9451 -0.29736 -0.13551
vn 0.69201 -0.7088 -0.13683
vn 0.92329 0.08347 -0.37491
vn 0.96657 0.00428 -0.25636
vn 0.96859 -0.22973 -0.09516
vn 0.9472 -0.31753 0.04465
vn 0.9564 -0.28673 0.05557
vn 0.80158 -0.59192 -0.08434
vn 0.93772 -0.34369 0.05058
vn 0.76027 -0.63264 0.14749
vn 0.93029 0.11902 -0.34697
vn 0.94775 0.04507 -0.31582
vn 0.90968 0.20662 -0.36028
vn 0.97037 -0.15284 -0.18715
vn 0.9487 0.1442 -0.2814
vn 0.8927 -0.4307 0.13256
vn 0.49389 -0.81236 0.31008
vn 0.73487 0.3811 -0.561
vn 0.78558 0.33447 -0.52057
vn 0.777 0.5576 -0.29215
vn 0.39897 0.88576 -0.23719
vn 0.40588 0.87958 -0.2482
vn 0.99014 -0.13366 -0.04202
vn 0.74851 0.45578 -0.48166
vn 0.99546 -0.06624 -0.06835
vn 0.74084 0.41724 -0.52637
vn 0.9774 -0.11727 -0.17587
vn 0.99808 -0.02114 -0.05822
vn 0.90984 -0.26623 -0.31829
vn 0.65438 -0.3287 -0.68099
vn 0.30399 -0.55355 -0.77535
vn 0.82332 0.29758 0.48332
vn 0.94093 0.18373 0.28442
vn 0.88822 0.35528 0.29129
vn 0.83805 0.49329 0.2331
vn 0.75498 0.6545 -0.04037
vn 0.94534 0.07359 0.31767
vn 0.40759 0.90287 -0.13674
vn 0.4112 0.90268 -0.12685
vn 0.3759 -0.81723 -0.43684
vn 0.27732 -0.95879 -0.06183
vn 0.85389 -0.2403 0.46166
vn 0.90031 -0.24864 0.35724
vn 0.50286 0.85935 -0.09298
vn 0.45418 0.88651 -0.08842
vn 0.71856 -0.38098 0.58183
vn 0.8775 -0.40965 0.24935
vn 0.75911 -0.57715 0.30107
vn 0.50851 -0.47372 0.71903
vn 0.99009 -0.00018 0.14043
vn 0.83082 0.45782 0.31646
vn 0.96438 -0.21804 0.14975
vn 0.98891 -0.02082 0.14707
vn 0.88323 -0.43533 0.17434
vn 0.757 -0.62484 0.19113
vn 0.82657 0.56042 0.05212
vn 0.92009 -0.04203 -0.38944
vn 0.76702 0.63623 -0.08301
vn 0.7738 0.63134 -0.05152
vn 0.185 0.81834 0.54415
vn 0.95732 -0.25 -0.14507
vn 0.3504 -0.67741 0.64678
vn 0.11545 0.99301 -0.02445
vn 0.74351 0.66641 -0.05561
vn 0.38519 0.91496 -0.12032
vn 0.79149 -0.41287 -0.45064
vn 0.60943 -0.57151 -0.54951
vn 0.84488 -0.23061 -0.48269
vn 0.5056 -0.81992 0.26849
vn 0.31442 -0.9313 -0.18388
vn 0.73766 -0.44215 -0.51025
vn 0.93868 0.09832 0.33047
vn 0.91931 0.07311 0.38668
vn 0.21431 0.12351 0.96892
vn 0.65411 -0.17627 0.73557
vn 0.8827 -0.1866 -0.4313
vn 0.63288 0.06858 0.7712
vn 0.34019 -0.59622 0.72719
vn 0.64259 -0.60443 -0.47089
vn 0.55538 -0.35219 0.75333
vn 0.61697 0.31662 0.72048
vn 0.92278 0.02096 -0.38475
vn 0.79004 -0.39356 -0.47005
vn 0.42137 -0.78926 -0.44668
vn 0 -0.92556 -0.37859
vn -0.52494 0.27464 0.80561
vn -0.35088 0.3189 0.88045
vn -0.53474 0.28252 0.79639
vn 0.78101 0.62421 0.01938
vn 0.98423 0.14201 0.10549
vn 0.40954 -0.4336 0.80266
vn 0.61571 0.51378 0.59744
vn 0.58814 0.72357 -0.36129
vn 0.57062 0.69768 -0.43317
vn 0.77008 -0.5948 -0.23064
vn 0.63106 -0.58572 0.50862
vn 0.59486 -0.03449 0.80309
vn 0.58302 0.686 0.4353
vn 0.54803 0.81303 0.19657
vn 0.73748 0.52921 0.4196
vn -0.44746 0.76616 0.46128
vn -0.39555 0.91672 0.05628
vn 0.46103 0.72443 0.5125
vn -0.70278 0.31856 0.6361
vn -0.66165 0.26669 0.70078
vn -0.5033 0.30359 0.80903
vn 0.58796 0.15353 0.79418
vn 0.3325 0.09542 0.93826
vn -0.30948 0.67984 0.66487
vn -0.64148 0.50015 0.58169
vn -0.28443 0.43755 0.85302
vn 0.96569 0.03954 0.25665
vn 0.92207 0.06355 0.38176
vn 0.91246 0.30666 0.27087
vn 0.69552 0.69315 0.1892
vn 0.34938 0.89995 0.2608
vn 0.27058 0.922 0.27694
vn 0.84818 -0.32128 0.42115
vn 0.82268 -0.23319 0.51849
vn 0.5204 -0.57331 0.63286
vn 0.85944 0.4819 0.17068
vn 0.89758 -0.09395 -0.43073
vn 0.96714 0.13538 0.2152
vn 0.69733 -0.71041 -0.09513
vn 0.748 -0.44697 0.49062
vn 0.88937 0.16437 -0.42663
vn 0.69363 0.5038 -0.51485
vn 0.75496 0.64294 0.12908
vn 0.33819 0.78977 -0.51176
vn 0.88745 -0.19659 -0.41688
vn 0.95812 -0.21256 0.19189
vn 0.87738 -0.35223 -0.32579
vn 0.93049 -0.10962 0.34954
vn 0.89018 -0.05061 0.45278
vn 0.80231 0.34865 -0.4845
vn 0.35317 -0.19266 -0.91551
vn 0.41425 -0.29994 -0.85932
vn 0.19207 0.05416 -0.97989
vn 0.36296 -0.09625 -0.92682
vn 0.48347 -0.87433 -0.04252
vn 0.33089 0.00427 -0.94366
vn 0.33994 -0.259 -0.90408
vn 0.39649 -0.57933 -0.71216
vn 0.81012 -0.55402 -0.19176
vn 0.30476 -0.80048 -0.51609
vn 0.51237 -0.54804 -0.66116
vn 0.4599 -0.40459 -0.79044
vn 0.56121 -0.16783 -0.81048
vn 0.42655 -0.47247 -0.77125
vn 0.69342 -0.7195 -0.0385
vn 0.92626 -0.30794 0.2173
vn 0.99913 0.02304 -0.0347
vn 0.99006 0.05327 -0.13014
vn 0.99957 0.00289 -0.02903
vn 0.99673 -0.0537 0.0604
vn 0.71203 -0.18919 -0.67618
vn 0.88977 -0.06493 -0.45177
vn 0.91653 0.36759 0.15761
vn 0.60467 0.54399 -0.58176
vn 0.92343 0.28671 -0.25509
vn 0.62072 -0.72702 -0.2935
vn 0.76491 -0.59063 -0.25705
vn 0.91902 0.38227 -0.09625
vn 0.85323 0.12792 -0.5056
vn 0.75613 0.22901 -0.61304
vn 0.84852 -0.05453 -0.52635
vn 0.94674 0.30474 0.10397
vn 0.96185 0.27246 -0.0247
vn 0.9242 0.35252 0.14692
vn 0 -0.99481 0.10171
vn 0.86709 0.49222 -0.07664
vn 0.96784 0.10483 -0.22866
vn 0.78909 -0.23332 0.56824
vn 0.98103 0.19285 -0.01983
vn 0.59 0.0269 -0.80696
vn 0.48873 -0.59431 -0.6387
vn 0.81181 -0.51524 -0.27476
vn 0.68877 -0.41821 -0.5922
vn 0.41807 0.22658 -0.8797
vn 0.9615 0.2539 0.10511
vn 0.80865 0.57477 0.12545
vn 0.93802 0.34648 0.00862
vn 0.98561 -0.1505 0.07695
vn 0.72698 -0.33658 0.59851
vn 0.71764 -0.54365 0.43524
vn 0.55279 -0.55547 0.62119
vn 0.88891 -0.24322 0.38819
vn 0.98559 0.16764 0.02238
vn 0.80362 -0.56564 0.18503
vn 0.63453 0.12761 -0.76229
vn 0.29511 -0.19377 -0.93561
vn 0.55889 -0.26016 -0.78737
vn 0.77183 0.63491 0.03398
vn 0.73918 0.43667 -0.51277
vn 0.9126 0.29944 -0.27838
vn 0.62983 -0.76533 -0.13261
vn 0.95959 -0.27961 -0.0316
vn 0.85774 -0.36589 -0.36112
vn 0.83142 -0.55101 -0.07156
vn 0.72546 -0.65528 -0.21054
vn 0.75679 -0.42431 -0.49723
vn 0.9844 0.17313 0.03128
vn 0.84287 -0.16053 -0.51362
vn 0.83647 0.18581 0.51555
vn 0.92623 0.16408 -0.33936
vn 0.91289 -0.3711 -0.17004
vn 0.7892 -0.47002 0.39527
vn 0.28214 0.38328 -0.87949
vn 0.76704 -0.1157 -0.63108
vn 0.78133 -0.27807 -0.55875
vn 0.83237 -0.31159 -0.45834
vn 0.9843 -0.10855 -0.13915
vn 0.71532 -0.02784 -0.69824
vn 0.77143 0.08602 -0.63048
vn 0.46006 0.74005 -0.49058
vn 0.28328 -0.68445 -0.67177
vn 0.52084 -0.76439 0.38004
vn 0.56 -0.8219 0.10432
vn 0.92749 -0.34699 0.13911
vn 0.99215 0.02686 0.12211
vn 0.9913 0.03859 0.12586
vn 0.88034 -0.47394 0.01983
vn 0.405 0.73415 -0.54497
vn 0.65766 0.51613 -0.54872
vn 0.76334 0.53306 -0.3649
vn 0.77112 0.49053 -0.4059
vn 0.90956 -0.05492 0.41192
vn 0.5316 0.78223 -0.32484
vn 0.96033 -0.1708 0.22043
vn 0.02229 0.04166 0.99888
vn 0.38306 -0.47412 0.79276
vn -0.40522 -0.46131 0.7893
vn 0.46872 -0.01134 0.88327
vn -0.05925 0.4949 0.86693
vn -0.10241 0.59377 0.79809
vn -0.00029 0.53945 0.84202
vn -0.73459 0.1111 -0.66935
vn -0 -0.40793 0.91301
vn -0.49389 -0.81236 0.31008
vn -0.64315 -0.29555 -0.70641
vn -0.3084 -0.5463 -0.77875
vn -0 0.7022 0.71198
vn -0.72546 -0.65528 -0.21054
vn -0.56 -0.8219 0.10433
vn -0.97659 -0.21422 0.01926
vn 0.67547 0.30595 -0.67093
vn 0.90398 -0.28078 -0.32248
vn 0.52697 -0.78867 0.31671
vn 0.64314 -0.29555 -0.70641
vn 0.3084 -0.5463 -0.77875
vn 0.46255 -0.863 0.20317
vn 0.97659 -0.21422 0.01926
usemtl mat0
f 1//1 2//2 3//3
f 4//4 5//5 6//6
f 7//7 8//8 9//9
f 10//10 11//11 12//12
f 13//13 14//14 15//15
f 16//16 17//17 18//18
f 19//19 20//20 21//21
f 22//22 23//23 24//24
f 25//25 6//6 26//26
f 27//27 28//28 29//29
f 30//30 25//25 26//26
f 31//31 29//29 32//32
f 33//33 32//32 34//34
f 35//35 36//36 30//30
f 37//37 38//38 4//4
f 39//39 40//40 41//41
f 42//42 43//43 2//2
f 20//20 44//44 45//45
f 46//46 47//47 48//48
f 48//48 49//49 50//50
f 51//51 16//16 18//18
f 52//52 53//53 54//54
f 55//55 56//56 57//57
f 58//58 59//59 60//60
f 61//61 62//62 51//51
f 63//63 64//64 65//65
f 60//60 66//66 67//67
f 68//68 69//69 70//70
f 71//71 54//54 72//72
f 73//73 74//74 75//75
f 76//76 75//75 77//77
f 77//77 78//78 79//79
f 80//80 81//81 82//82
f 83//83 56//56 23//23
f 2//2 84//84 25//25
f 10//10 85//85 27//27
f 36//36 2//2 25//25
f 86//86 27//27 31//31
f 87//87 31//31 33//33
f 88//88 3//3 36//36
f 89//89 90//90 91//91
f 92//92 93//93 94//94
f 45//45 95//95 96//96
f 97//97 98//98 99//99
f 100//100 63//63 65//65
f 101//101 102//102 103//103
f 104//104 105//105 106//106
f 107//107 53//53 108//108
f 96//96 109//109 110//110
f 106//106 90//90 72//72
f 111//111 96//96 110//110
f 112//112 113//113 114//114
f 45//45 21//21 20//20
f 114//114 115//115 91//91
f 110//110 116//116 111//111
f 47//47 117//117 48//48
f 97//97 110//110 109//109
f 118//118 110//110 119//119
f 118//118 120//120 121//121
f 122//122 123//123 124//124
f 123//123 125//125 124//124
f 126//126 127//127 128//128
f 129//129 130//130 1//1
f 131//131 66//66 132//132
f 66//66 133//133 132//132
f 1//1 134//134 42//42
f 59//59 11//11 133//133
f 134//134 135//135 42//42
f 55//55 136//136 137//137
f 138//138 95//95 139//139
f 140//140 8//8 141//141
f 142//142 143//143 62//62
f 144//144 145//145 146//146
f 145//145 147//147 148//148
f 62//62 149//149 16//16
f 148//148 150//150 151//151
f 149//149 152//152 16//16
f 153//153 154//154 69//69
f 155//155 108//108 53//53
f 156//156 63//63 107//107
f 145//145 157//157 158//158
f 35//35 154//154 24//24
f 132//132 10//10 86//86
f 148//148 159//159 157//157
f 144//144 38//38 34//34
f 160//160 44//44 161//161
f 131//131 86//86 87//87
f 138//138 50//50 99//99
f 147//147 32//32 29//29
f 129//129 3//3 162//162
f 163//163 145//145 158//158
f 26//26 143//143 30//30
f 126//126 164//164 165//165
f 166//166 167//167 92//92
f 28//28 147//147 29//29
f 168//168 169//169 170//170
f 5//5 26//26 6//6
f 169//169 102//102 171//171
f 22//22 44//44 172//172
f 173//173 170//170 174//174
f 175//175 60//60 67//67
f 176//176 67//67 15//15
f 14//14 177//177 178//178
f 179//179 180//180 181//181
f 182//182 180//180 166//166
f 183//183 184//184 185//185
f 108//108 183//183 107//107
f 186//186 108//108 187//187
f 188//188 189//189 190//190
f 186//186 190//190 189//189
f 191//191 74//74 192//192
f 193//193 192//192 74//74
f 82//82 194//194 195//195
f 111//111 196//196 21//21
f 112//112 195//195 194//194
f 196//196 19//19 21//21
f 185//185 107//107 183//183
f 197//197 19//19 82//82
f 80//80 195//195 100//100
f 198//198 93//93 199//199
f 185//185 200//200 94//94
f 198//198 81//81 64//64
f 201//201 202//202 203//203
f 204//204 205//205 206//206
f 204//204 207//207 139//139
f 208//208 160//160 161//161
f 95//95 209//209 210//210
f 211//211 212//212 213//213
f 214//214 215//215 216//216
f 217//217 218//218 219//219
f 220//220 221//221 174//174
f 222//222 101//101 223//223
f 177//177 224//224 178//178
f 225//225 226//226 227//227
f 228//228 229//229 230//230
f 231//231 232//232 233//233
f 234//234 235//235 226//226
f 212//212 236//236 101//101
f 237//237 174//174 170//170
f 238//238 223//223 225//225
f 239//239 240//240 241//241
f 233//233 242//242 231//231
f 217//217 228//228 230//230
f 170//170 243//243 237//237
f 244//244 245//245 246//246
f 239//239 247//247 240//240
f 248//248 171//171 102//102
f 249//249 250//250 103//103
f 240//240 249//249 241//241
f 219//219 251//251 252//252
f 241//241 253//253 168//168
f 254//254 255//255 256//256
f 257//257 258//258 244//244
f 253//253 103//103 102//102
f 169//169 259//259 243//243
f 260//260 261//261 262//262
f 263//263 264//264 261//261
f 265//265 260//260 247//247
f 266//266 267//267 251//251
f 214//214 257//257 268//268
f 219//219 260//260 269//269
f 238//238 171//171 222//222
f 213//213 264//264 211//211
f 254//254 266//266 270//270
f 218//218 263//263 260//260
f 239//239 266//266 265//265
f 262//262 212//212 250//250
f 265//265 251//251 269//269
f 242//242 251//251 267//267
f 228//228 252//252 233//233
f 228//228 232//232 271//271
f 272//272 215//215 224//224
f 213//213 261//261 264//264
f 212//212 103//103 250//250
f 236//236 234//234 223//223
f 236//236 223//223 101//101
f 247//247 262//262 250//250
f 221//221 273//273 256//256
f 255//255 270//270 239//239
f 273//273 274//274 256//256
f 267//267 275//275 276//276
f 277//277 278//278 279//279
f 214//214 280//280 281//281
f 280//280 282//282 281//281
f 256//256 275//275 254//254
f 283//283 278//278 284//284
f 231//231 276//276 282//282
f 285//285 254//254 275//275
f 267//267 276//276 242//242
f 278//278 286//286 279//279
f 287//287 288//288 278//278
f 274//274 289//289 275//275
f 281//281 290//290 258//258
f 282//282 290//290 281//281
f 282//282 291//291 292//292
f 275//275 291//291 276//276
f 293//293 294//294 274//274
f 295//295 284//284 174//174
f 173//173 241//241 168//168
f 290//290 245//245 258//258
f 292//292 296//296 297//297
f 289//289 296//296 291//291
f 298//298 299//299 294//294
f 300//300 301//301 288//288
f 288//288 302//302 286//286
f 294//294 303//303 289//289
f 290//290 297//297 304//304
f 305//305 297//297 306//306
f 297//297 307//307 306//306
f 296//296 308//308 307//307
f 309//309 310//310 299//299
f 301//301 311//311 312//312
f 301//301 313//313 302//302
f 299//299 308//308 303//303
f 314//314 304//304 305//305
f 173//173 255//255 239//239
f 298//298 315//315 316//316
f 273//273 315//315 293//293
f 309//309 316//316 317//317
f 271//271 216//216 272//272
f 229//229 272//272 177//177
f 280//280 216//216 232//232
f 317//317 313//313 318//318
f 286//286 317//317 316//316
f 279//279 316//316 315//315
f 220//220 279//279 315//315
f 227//227 235//235 179//179
f 56//56 129//129 162//162
f 30//30 319//319 35//35
f 69//69 319//319 142//142
f 137//137 320//320 129//129
f 165//165 321//321 37//37
f 70//70 142//142 61//61
f 24//24 88//88 35//35
f 322//322 166//166 92//92
f 24//24 323//323 22//22
f 136//136 166//166 180//180
f 161//161 323//323 153//153
f 324//324 325//325 55//55
f 23//23 162//162 88//88
f 208//208 153//153 68//68
f 326//326 55//55 57//57
f 172//172 83//83 22//22
f 178//178 15//15 14//14
f 9//9 146//146 163//163
f 128//128 87//87 164//164
f 327//327 34//34 32//32
f 328//328 146//146 8//8
f 128//128 13//13 131//131
f 197//197 326//326 57//57
f 38//38 33//33 34//34
f 66//66 15//15 67//67
f 135//135 165//165 43//43
f 5//5 141//141 152//152
f 135//135 329//329 126//126
f 164//164 33//33 321//321
f 210//210 209//209 205//205
f 84//84 4//4 6//6
f 152//152 7//7 17//17
f 328//328 4//4 38//38
f 116//116 194//194 196//196
f 124//124 120//120 117//117
f 330//330 124//124 117//117
f 105//105 91//91 90//90
f 331//331 114//114 105//105
f 89//89 115//115 121//121
f 64//64 100//100 65//65
f 326//326 197//197 81//81
f 54//54 106//106 72//72
f 63//63 106//106 53//53
f 195//195 104//104 100//100
f 81//81 197//197 82//82
f 123//123 79//79 332//332
f 333//333 77//77 123//123
f 334//334 72//72 90//90
f 332//332 71//71 334//334
f 125//125 121//121 120//120
f 210//210 139//139 95//95
f 202//202 335//335 336//336
f 337//337 338//338 186//186
f 337//337 187//187 74//74
f 98//98 138//138 99//99
f 75//75 187//187 155//155
f 46//46 48//48 207//207
f 113//113 121//121 115//115
f 117//117 119//119 48//48
f 49//49 119//119 97//97
f 49//49 99//99 50//50
f 125//125 334//334 89//89
f 79//79 52//52 71//71
f 78//78 155//155 52//52
f 64//64 81//81 80//80
f 81//81 324//324 326//326
f 199//199 167//167 324//324
f 19//19 57//57 83//83
f 43//43 37//37 84//84
f 94//94 156//156 185//185
f 94//94 322//322 92//92
f 180//180 320//320 136//136
f 130//130 235//235 234//234
f 234//234 134//134 130//130
f 236//236 211//211 134//134
f 134//134 264//264 339//339
f 264//264 217//217 339//339
f 230//230 339//339 217//217
f 329//329 229//229 127//127
f 14//14 127//127 229//229
f 340//340 70//70 341//341
f 158//158 41//41 342//342
f 18//18 17//17 343//343
f 61//61 51//51 344//344
f 345//345 163//163 346//346
f 51//51 18//18 347//347
f 348//348 349//349 350//350
f 351//351 209//209 352//352
f 353//353 354//354 347//347
f 355//355 356//356 357//357
f 358//358 359//359 344//344
f 360//360 357//357 361//361
f 362//362 363//363 364//364
f 343//343 356//356 365//365
f 366//366 367//367 368//368
f 354//354 51//51 347//347
f 369//369 9//9 345//345
f 346//346 370//370 345//345
f 371//371 372//372 373//373
f 374//374 40//40 375//375
f 356//356 347//347 365//365
f 376//376 41//41 40//40
f 377//377 373//373 378//378
f 352//352 379//379 351//351
f 380//380 381//381 382//382
f 340//340 383//383 384//384
f 376//376 371//371 385//385
f 380//380 370//370 386//386
f 387//387 388//388 389//389
f 390//390 353//353 355//355
f 370//370 391//391 386//386
f 392//392 358//358 362//362
f 356//356 366//366 357//357
f 377//377 385//385 371//371
f 393//393 394//394 349//349
f 359//359 394//394 341//341
f 395//395 396//396 397//397
f 398//398 362//362 364//364
f 367//367 343//343 399//399
f 390//390 360//360 363//363
f 342//342 400//400 346//346
f 361//361 366//366 401//401
f 386//386 402//402 381//381
f 403//403 404//404 369//369
f 359//359 61//61 344//344
f 350//350 392//392 398//398
f 405//405 344//344 354//354
f 349//349 406//406 392//392
f 347//347 18//18 365//365
f 341//341 61//61 359//359
f 345//345 403//403 369//369
f 368//368 407//407 408//408
f 409//409 408//408 410//410
f 17//17 7//7 404//404
f 343//343 17//17 399//399
f 41//41 411//411 342//342
f 400//400 377//377 391//391
f 402//402 377//377 378//378
f 401//401 368//368 409//409
f 346//346 158//158 342//342
f 396//396 412//412 393//393
f 341//341 412//412 340//340
f 362//362 405//405 390//390
f 397//397 393//393 348//348
f 384//384 68//68 340//340
f 365//365 18//18 343//343
f 413//413 389//389 395//395
f 389//389 383//383 396//396
f 384//384 388//388 352//352
f 352//352 208//208 384//384
f 344//344 51//51 354//354
f 399//399 17//17 404//404
f 410//410 380//380 382//382
f 404//404 7//7 369//369
f 408//408 403//403 380//380
f 407//407 399//399 404//404
f 414//414 415//415 416//416
f 417//417 418//418 419//419
f 420//420 421//421 422//422
f 423//423 424//424 425//425
f 426//426 427//427 423//423
f 424//424 428//428 425//425
f 418//418 429//429 419//419
f 430//430 417//417 431//431
f 432//432 433//433 434//434
f 435//435 431//431 436//436
f 437//437 438//438 439//439
f 439//439 440//440 437//437
f 441//441 418//418 442//442
f 442//442 418//418 443//443
f 444//444 440//440 445//445
f 446//446 443//443 430//430
f 447//447 435//435 436//436
f 448//448 430//430 447//447
f 446//446 449//449 450//450
f 451//451 449//449 421//421
f 452//452 422//422 453//453
f 454//454 453//453 455//455
f 456//456 455//455 457//457
f 458//458 457//457 459//459
f 459//459 460//460 458//458
f 460//460 461//461 458//458
f 462//462 458//458 461//461
f 463//463 464//464 465//465
f 466//466 464//464 467//467
f 467//467 468//468 466//466
f 469//469 470//470 468//468
f 471//471 472//472 473//473
f 474//474 473//473 475//475
f 475//475 476//476 477//477
f 478//478 474//474 477//477
f 479//479 474//474 478//478
f 480//480 481//481 482//482
f 483//483 481//481 484//484
f 485//485 484//484 486//486
f 486//486 487//487 485//485
f 488//488 489//489 490//490
f 491//491 490//490 492//492
f 493//493 433//433 494//494
f 434//434 495//495 496//496
f 497//497 496//496 495//495
f 498//498 497//497 499//499
f 500//500 499//499 501//501
f 502//502 501//501 503//503
f 504//504 503//503 505//505
f 506//506 505//505 507//507
f 507//507 508//508 506//506
f 509//509 510//510 511//511
f 348//348 509//509 397//397
f 512//512 513//513 514//514
f 515//515 516//516 517//517
f 518//518 513//513 519//519
f 520//520 516//516 521//521
f 522//522 523//523 520//520
f 518//518 444//444 524//524
f 438//438 525//525 526//526
f 442//442 446//446 450//450
f 527//527 441//441 442//442
f 527//527 415//415 528//528
f 429//429 528//528 414//414
f 416//416 529//529 426//426
f 530//530 531//531 428//428
f 532//532 514//514 533//533
f 442//442 450//450 534//534
f 451//451 534//534 450//450
f 512//512 442//442 519//519
f 519//519 534//534 518//518
f 518//518 534//534 535//535
f 440//440 535//535 534//534
f 522//522 533//533 536//536
f 527//527 512//512 532//532
f 522//522 527//527 532//532
f 420//420 534//534 451//451
f 452//452 537//537 420//420
f 440//440 537//537 437//437
f 538//538 437//437 537//537
f 456//456 463//463 539//539
f 539//539 454//454 456//456
f 539//539 452//452 454//454
f 452//452 540//540 537//537
f 538//538 540//540 525//525
f 465//465 539//539 463//463
f 540//540 465//465 466//466
f 526//526 541//541 542//542
f 543//543 541//541 544//544
f 525//525 540//540 541//541
f 545//545 466//466 468//468
f 541//541 545//545 544//544
f 470//470 545//545 468//468
f 546//546 470//470 471//471
f 544//544 545//545 547//547
f 546//546 547//547 545//545
f 548//548 544//544 547//547
f 549//549 548//548 547//547
f 550//550 474//474 480//480
f 550//550 546//546 471//471
f 550//550 480//480 482//482
f 551//551 482//482 483//483
f 485//485 551//551 483//483
f 487//487 551//551 485//485
f 488//488 552//552 487//487
f 553//553 488//488 491//491
f 491//491 496//496 553//553
f 554//554 553//553 496//496
f 555//555 554//554 498//498
f 556//556 498//498 500//500
f 557//557 549//549 546//546
f 550//550 557//557 546//546
f 558//558 559//559 560//560
f 559//559 561//561 560//560
f 561//561 562//562 563//563
f 564//564 563//563 562//562
f 565//565 566//566 564//564
f 557//557 567//567 559//559
f 551//551 568//568 557//557
f 562//562 567//567 569//569
f 568//568 569//569 567//567
f 552//552 568//568 551//551
f 552//552 570//570 568//568
f 552//552 553//553 555//555
f 570//570 555//555 556//556
f 571//571 572//572 573//573
f 574//574 572//572 565//565
f 574//574 565//565 575//575
f 565//565 576//576 575//575
f 577//577 564//564 578//578
f 579//579 577//577 580//580
f 581//581 579//579 580//580
f 582//582 583//583 581//581
f 578//578 564//564 562//562
f 580//580 577//577 578//578
f 584//584 562//562 569//569
f 581//581 578//578 584//584
f 582//582 581//581 584//584
f 582//582 585//585 586//586
f 587//587 588//588 585//585
f 584//584 587//587 582//582
f 589//589 584//584 569//569
f 584//584 589//589 590//590
f 591//591 584//584 590//590
f 588//588 592//592 593//593
f 590//590 592//592 591//591
f 568//568 589//589 569//569
f 570//570 594//594 568//568
f 556//556 594//594 570//570
f 595//595 594//594 556//556
f 500//500 595//595 556//556
f 502//502 595//595 500//500
f 590//590 594//594 596//596
f 592//592 596//596 597//597
f 593//593 597//597 598//598
f 595//595 599//599 594//594
f 600//600 599//599 595//595
f 599//599 596//596 594//594
f 601//601 602//602 599//599
f 602//602 603//603 604//604
f 596//596 605//605 606//606
f 607//607 603//603 602//602
f 602//602 605//605 596//596
f 603//603 608//608 604//604
f 605//605 609//609 606//606
f 610//610 611//611 603//603
f 604//604 612//612 605//605
f 596//596 606//606 597//597
f 606//606 598//598 597//597
f 504//504 600//600 502//502
f 506//506 600//600 504//504
f 508//508 613//613 506//506
f 509//509 613//613 508//508
f 348//348 350//350 509//509
f 613//613 601//601 600//600
f 614//614 615//615 613//613
f 616//616 607//607 601//601
f 361//361 617//617 616//616
f 610//610 607//607 618//618
f 619//619 607//607 620//620
f 620//620 621//621 619//619
f 382//382 381//381 620//620
f 622//622 618//618 623//623
f 619//619 623//623 618//618
f 621//621 624//624 619//619
f 402//402 378//378 621//621
f 527//527 529//529 415//415
f 529//529 625//625 427//427
f 625//625 424//424 427//427
f 625//625 522//522 520//520
f 521//521 625//625 520//520
f 626//626 517//517 627//627
f 628//628 521//521 515//515
f 626//626 628//628 515//515
f 530//530 424//424 628//628
f 629//629 530//530 628//628
f 629//629 627//627 630//630
f 626//626 629//629 628//628
f 630//630 631//631 629//629
f 632//632 631//631 633//633
f 629//629 634//634 531//531
f 635//635 631//631 636//636
f 637//637 638//638 372//372
f 516//516 639//639 640//640
f 630//630 641//641 642//642
f 576//576 643//643 644//644
f 611//611 645//645 646//646
f 633//633 642//642 647//647
f 542//542 648//648 649//649
f 574//574 650//650 651//651
f 598//598 652//652 653//653
f 648//648 548//548 654//654
f 655//655 574//574 651//651
f 444//444 656//656 657//657
f 658//658 566//566 659//659
f 548//548 660//660 654//654
f 566//566 661//661 659//659
f 660//660 560//560 662//662
f 523//523 663//663 639//639
f 536//536 664//664 663//663
f 533//533 665//665 664//664
f 632//632 647//647 666//666
f 439//439 667//667 668//668
f 669//669 429//429 670//670
f 438//438 671//671 667//667
f 445//445 668//668 656//656
f 650//650 576//576 644//644
f 514//514 672//672 665//665
f 579//579 673//673 643//643
f 583//583 674//674 673//673
f 622//622 675//675 645//645
f 676//676 378//378 373//373
f 609//609 677//677 652//652
f 585//585 678//678 679//679
f 627//627 680//680 641//641
f 623//623 681//681 675//675
f 586//586 679//679 674//674
f 676//676 373//373 372//372
f 526//526 649//649 671//671
f 624//624 638//638 681//681
f 612//612 682//682 677//677
f 517//517 640//640 680//680
f 608//608 646//646 682//682
f 593//593 653//653 683//683
f 513//513 684//684 672//672
f 455//455 685//685 686//686
f 507//507 687//687 688//688
f 493//493 689//689 690//690
f 473//473 691//691 692//692
f 422//422 693//693 694//694
f 475//475 692//692 695//695
f 531//531 696//696 697//697
f 416//416 698//698 699//699
f 476//476 695//695 700//700
f 701//701 507//507 688//688
f 459//459 702//702 703//703
f 704//704 703//703 705//705
f 511//511 701//701 706//706
f 670//670 414//414 707//707
f 636//636 666//666 708//708
f 461//461 705//705 709//709
f 414//414 699//699 707//707
f 417//417 669//669 710//710
f 495//495 690//690 711//711
f 478//478 700//700 712//712
f 713//713 413//413 706//706
f 479//479 712//712 714//714
f 497//497 711//711 715//715
f 436//436 716//716 717//717
f 426//426 718//718 698//698
f 432//432 719//719 720//720
f 462//462 709//709 721//721
f 447//447 717//717 722//722
f 696//696 635//635 723//723
f 635//635 708//708 723//723
f 494//494 720//720 689//689
f 431//431 710//710 716//716
f 481//481 714//714 724//724
f 448//448 722//722 725//725
f 484//484 724//724 726//726
f 464//464 721//721 727//727
f 428//428 697//697 728//728
f 486//486 726//726 729//729
f 467//467 727//727 730//730
f 499//499 715//715 731//731
f 469//469 730//730 732//732
f 501//501 731//731 733//733
f 503//503 733//733 734//734
f 425//425 728//728 735//735
f 449//449 725//725 736//736
f 453//453 694//694 685//685
f 489//489 729//729 737//737
f 421//421 736//736 693//693
f 457//457 686//686 702//702
f 423//423 735//735 718//718
f 490//490 737//737 738//738
f 505//505 734//734 687//687
f 492//492 738//738 719//719
f 472//472 732//732 691//691
f 739//739 740//740 662//662
f 398//398 364//364 614//614
f 364//364 363//363 614//614
f 361//361 615//615 360//360
f 613//613 615//615 616//616
f 616//616 615//615 361//361
f 614//614 363//363 615//615
f 363//363 360//360 615//615
f 382//382 617//617 410//410
f 616//616 617//617 620//620
f 620//620 617//617 382//382
f 409//409 410//410 617//617
f 401//401 409//409 617//617
f 361//361 401//401 617//617
f 509//509 350//350 614//614
f 614//614 350//350 398//398
f 397//397 511//511 395//395
f 511//511 397//397 509//509
f 476//476 478//478 477//477
f 474//474 475//475 477//477
f 245//245 741//741 246//246
f 318//318 742//742 743//743
f 743//743 317//317 318//318
f 310//310 744//744 308//308
f 314//314 745//745 741//741
f 312//312 746//746 313//313
f 743//743 747//747 310//310
f 311//311 748//748 312//312
f 307//307 749//749 306//306
f 305//305 750//750 314//314
f 306//306 751//751 305//305
f 313//313 752//752 318//318
f 308//308 753//753 307//307
f 746//746 754//754 752//752
f 752//752 755//755 742//742
f 748//748 756//756 746//746
f 757//757 758//758 748//748
f 742//742 759//759 747//747
f 747//747 760//760 744//744
f 753//753 744//744 761//761
f 749//749 753//753 762//762
f 749//749 763//763 751//751
f 750//750 763//763 764//764
f 745//745 764//764 765//765
f 762//762 753//753 766//766
f 762//762 767//767 763//763
f 763//763 768//768 764//764
f 764//764 769//769 765//765
f 761//761 766//766 753//753
f 767//767 770//770 771//771
f 768//768 771//771 772//772
f 769//769 772//772 773//773
f 760//760 761//761 744//744
f 770//770 774//774 775//775
f 771//771 775//775 776//776
f 772//772 776//776 777//777
f 773//773 777//777 778//778
f 774//774 779//779 780//780
f 775//775 780//780 781//781
f 776//776 781//781 782//782
f 777//777 782//782 783//783
f 778//778 783//783 784//784
f 779//779 759//759 785//785
f 755//755 785//785 759//759
f 754//754 786//786 755//755
f 787//787 756//756 788//788
f 758//758 788//788 756//756
f 789//789 790//790 758//758
f 791//791 792//792 793//793
f 790//790 794//794 788//788
f 788//788 795//795 787//787
f 787//787 796//796 786//786
f 786//786 797//797 785//785
f 785//785 798//798 779//779
f 779//779 799//799 780//780
f 780//780 800//800 781//781
f 782//782 800//800 801//801
f 783//783 801//801 802//802
f 784//784 802//802 803//803
f 793//793 804//804 791//791
f 791//791 805//805 794//794
f 794//794 806//806 795//795
f 795//795 807//807 796//796
f 796//796 808//808 797//797
f 797//797 809//809 798//798
f 799//799 809//809 810//810
f 800//800 810//810 811//811
f 801//801 811//811 812//812
f 802//802 812//812 813//813
f 803//803 813//813 814//814
f 815//815 816//816 804//804
f 804//804 817//817 805//805
f 805//805 818//818 806//806
f 806//806 819//819 807//807
f 807//807 820//820 808//808
f 808//808 821//821 809//809
f 810//810 821//821 822//822
f 814//814 823//823 824//824
f 823//823 813//813 825//825
f 813//813 826//826 825//825
f 812//812 827//827 826//826
f 811//811 822//822 827//827
f 816//816 828//828 829//829
f 817//817 829//829 830//830
f 817//817 831//831 818//818
f 818//818 832//832 819//819
f 819//819 833//833 820//820
f 820//820 834//834 821//821
f 822//822 834//834 835//835
f 827//827 835//835 836//836
f 826//826 836//836 837//837
f 825//825 837//837 838//838
f 823//823 838//838 839//839
f 824//824 839//839 840//840
f 828//828 841//841 829//829
f 829//829 842//842 830//830
f 830//830 843//843 831//831
f 831//831 844//844 832//832
f 832//832 845//845 833//833
f 833//833 846//846 834//834
f 835//835 846//846 847//847
f 836//836 847//847 848//848
f 837//837 848//848 849//849
f 838//838 849//849 850//850
f 839//839 850//850 851//851
f 840//840 851//851 852//852
f 853//853 845//845 854//854
f 844//844 854//854 845//845
f 843//843 855//855 844//844
f 856//856 842//842 857//857
f 857//857 841//841 858//858
f 858//858 859//859 860//860
f 847//847 853//853 861//861
f 848//848 861//861 862//862
f 849//849 862//862 863//863
f 850//850 863//863 864//864
f 851//851 864//864 865//865
f 852//852 865//865 866//866
f 865//865 867//867 868//868
f 857//857 869//869 856//856
f 861//861 870//870 871//871
f 866//866 868//868 872//872
f 853//853 873//873 870//870
f 858//858 874//874 857//857
f 863//863 875//875 876//876
f 862//862 871//871 875//875
f 855//855 873//873 854//854
f 864//864 876//876 867//867
f 856//856 877//877 855//855
f 860//860 878//878 858//858
f 874//874 879//879 869//869
f 879//879 880//880 881//881
f 869//869 881//881 877//877
f 877//877 882//882 873//873
f 870//870 882//882 883//883
f 871//871 883//883 884//884
f 885//885 881//881 880//880
f 882//882 886//886 883//883
f 884//884 886//886 887//887
f 875//875 884//884 887//887
f 888//888 889//889 878//878
f 878//878 890//890 874//874
f 891//891 890//890 892//892
f 880//880 892//892 893//893
f 885//885 893//893 894//894
f 885//885 895//895 886//886
f 886//886 896//896 887//887
f 876//876 875//875 887//887
f 896//896 876//876 887//887
f 867//867 897//897 898//898
f 868//868 898//898 899//899
f 872//872 899//899 900//900
f 901//901 902//902 903//903
f 889//889 904//904 890//890
f 890//890 905//905 892//892
f 892//892 906//906 893//893
f 893//893 907//907 894//894
f 895//895 907//907 908//908
f 896//896 908//908 909//909
f 897//897 909//909 910//910
f 898//898 910//910 911//911
f 899//899 911//911 912//912
f 900//900 912//912 913//913
f 903//903 914//914 901//901
f 901//901 915//915 904//904
f 904//904 916//916 905//905
f 905//905 917//917 906//906
f 906//906 918//918 907//907
f 908//908 918//918 919//919
f 909//909 919//919 920//920
f 910//910 920//920 921//921
f 911//911 921//921 922//922
f 912//912 922//922 923//923
f 913//913 923//923 924//924
f 925//925 926//926 914//914
f 927//927 928//928 929//929
f 930//930 929//929 931//931
f 932//932 931//931 933//933
f 934//934 933//933 935//935
f 936//936 935//935 937//937
f 938//938 937//937 939//939
f 940//940 939//939 941//941
f 942//942 941//941 943//943
f 944//944 943//943 945//945
f 914//914 946//946 915//915
f 947//947 926//926 927//927
f 948//948 927//927 930//930
f 949//949 930//930 932//932
f 950//950 932//932 934//934
f 951//951 934//934 936//936
f 952//952 936//936 938//938
f 953//953 938//938 940//940
f 954//954 940//940 942//942
f 955//955 942//942 944//944
f 915//915 956//956 916//916
f 957//957 946//946 947//947
f 958//958 947//947 948//948
f 959//959 948//948 949//949
f 960//960 949//949 950//950
f 961//961 950//950 951//951
f 962//962 951//951 952//952
f 963//963 952//952 953//953
f 964//964 953//953 954//954
f 965//965 954//954 955//955
f 916//916 966//966 917//917
f 967//967 956//956 957//957
f 968//968 957//957 958//958
f 969//969 958//958 959//959
f 960//960 969//969 959//959
f 961//961 970//970 960//960
f 962//962 971//971 961//961
f 963//963 972//972 962//962
f 964//964 973//973 963//963
f 965//965 974//974 964//964
f 918//918 966//966 975//975
f 967//967 975//975 966//966
f 968//968 976//976 967//967
f 969//969 977//977 968//968
f 970//970 978//978 969//969
f 971//971 979//979 970//970
f 972//972 980//980 971//971
f 973//973 981//981 972//972
f 974//974 982//982 973//973
f 983//983 984//984 974//974
f 919//919 975//975 985//985
f 976//976 985//985 975//975
f 977//977 986//986 976//976
f 978//978 987//987 977//977
f 979//979 988//988 978//978
f 980//980 989//989 979//979
f 981//981 990//990 980//980
f 982//982 991//991 981//981
f 984//984 992//992 982//982
f 993//993 994//994 984//984
f 920//920 985//985 995//995
f 921//921 995//995 996//996
f 922//922 996//996 997//997
f 923//923 997//997 998//998
f 924//924 998//998 999//999
f 986//986 995//995 985//985
f 996//996 1000//1000 1001//1001
f 997//997 1001//1001 1002//1002
f 998//998 1002//1002 1003//1003
f 999//999 1003//1003 1004//1004
f 988//988 1005//1005 987//987
f 1006//1006 1007//1007 1008//1008
f 1009//1009 1008//1008 1010//1010
f 1011//1011 1010//1010 1012//1012
f 1013//1013 1012//1012 1014//1014
f 987//987 1000//1000 986//986
f 1001//1001 1005//1005 1006//1006
f 1002//1002 1006//1006 1009//1009
f 1003//1003 1009//1009 1011//1011
f 1004//1004 1011//1011 1013//1013
f 989//989 1007//1007 988//988
f 1008//1008 1015//1015 1016//1016
f 1010//1010 1016//1016 1017//1017
f 1012//1012 1017//1017 1018//1018
f 1014//1014 1018//1018 1019//1019
f 990//990 1015//1015 989//989
f 1016//1016 1020//1020 1021//1021
f 1017//1017 1021//1021 1022//1022
f 1018//1018 1022//1022 1023//1023
f 1018//1018 1024//1024 1019//1019
f 991//991 1020//1020 990//990
f 1021//1021 1025//1025 1026//1026
f 1022//1022 1026//1026 1027//1027
f 1023//1023 1027//1027 1028//1028
f 1024//1024 1028//1028 1029//1029
f 992//992 1025//1025 991//991
f 1026//1026 1030//1030 1031//1031
f 1027//1027 1031//1031 1032//1032
f 994//994 1030//1030 992//992
f 1031//1031 1033//1033 1034//1034
f 1032//1032 1034//1034 1035//1035
f 1036//1036 1037//1036 1028//1036
f 1028//1028 1032//1032 1036//1037
f 1029//1038 1037//1038 1038//1038
f 1039//1039 1040//1040 1041//1041
f 1042//1042 993//993 983//983
f 1043//1043 983//983 965//965
f 1044//1044 965//965 955//955
f 1045//1045 955//955 944//944
f 1045//1045 945//945 1046//1046
f 1039//1039 1033//1033 994//994
f 1034//1034 1047//1047 1048//1048
f 1047//1047 1041//1041 1049//1049
f 1048//1048 1049//1049 1050//1050
f 1035//1035 1034//1034 1048//1048
f 1048//1048 1050//1050 1035//1035
f 1051//1051 1032//1032 1035//1035
f 1036//1052 1052//1052 1037//1052
f 1037//1053 1053//1053 1038//1053
f 1054//1054 1055//1055 1056//1056
f 1057//1057 1058//1058 1059//1059
f 1058//1058 1055//1055 1059//1059
f 1060//1060 1061//1061 1062//1062
f 1063//1063 1064//1064 1065//1065
f 1066//1066 1067//1067 1068//1068
f 1069//1069 1070//1070 1071//1071
f 1061//1061 1072//1072 1069//1069
f 1073//1073 1074//1074 1075//1075
f 1076//1076 1077//1077 1078//1078
f 1079//1079 1054//1054 1080//1080
f 1081//1081 1079//1079 1082//1082
f 1083//1083 1075//1075 1084//1084
f 1085//1085 1086//1086 1087//1087
f 1088//1088 1089//1089 1060//1060
f 1055//1055 1090//1090 1091//1091
f 1092//1092 1093//1093 1094//1094
f 1095//1095 1096//1096 1086//1086
f 1057//1057 1060//1060 1097//1097
f 1059//1059 1088//1088 1057//1057
f 1097//1097 1062//1062 1098//1098
f 1086//1086 1090//1090 1099//1099
f 1079//1079 1086//1086 1099//1099
f 1100//1100 1084//1084 1101//1101
f 1085//1085 1081//1081 1102//1102
f 1076//1076 1065//1065 1103//1103
f 1104//1104 1094//1094 1068//1068
f 1066//1066 1105//1105 1106//1106
f 1059//1059 1091//1091 1093//1093
f 1107//1107 1108//1108 1109//1109
f 1110//1110 1111//1111 1112//1112
f 1113//1113 1107//1107 1109//1109
f 1102//1102 1114//1114 1085//1085
f 1101//1101 1115//1115 1100//1100
f 1116//1116 1117//1117 1064//1064
f 1108//1108 1118//1118 1109//1109
f 1111//1111 1119//1119 1112//1112
f 1109//1109 1120//1120 1113//1113
f 1121//1121 1089//1089 1122//1122
f 1122//1122 1092//1092 1123//1123
f 1106//1106 1105//1105 1070//1070
f 1124//1124 1125//1125 1126//1126
f 1044//1044 1127//1127 1043//1043
f 1128//1128 1068//1068 1094//1094
f 1129//1129 1094//1094 1093//1093
f 1130//1130 1093//1093 1091//1091
f 1131//1131 1091//1091 1090//1090
f 1096//1096 1131//1131 1090//1090
f 1132//1132 1096//1096 1133//1133
f 1095//1095 1134//1134 1133//1133
f 1095//1095 1085//1085 1114//1114
f 1135//1135 1114//1114 1113//1113
f 1120//1120 1135//1135 1113//1113
f 1120//1120 1136//1136 1137//1137
f 1134//1134 1137//1137 1133//1133
f 1118//1118 1138//1138 1136//1136
f 1132//1132 1137//1137 1139//1139
f 1139//1139 1136//1136 1140//1140
f 1141//1141 1142//1142 1143//1143
f 1144//1144 1145//1145 1119//1119
f 1054//1054 1146//1146 1080//1080
f 1054//1054 1147//1147 1148//1148
f 1149//1149 1150//1150 1151//1151
f 1074//1074 1152//1152 1153//1153
f 1078//1078 1154//1154 1155//1155
f 1056//1056 1156//1156 1147//1147
f 1157//1157 1158//1158 1150//1150
f 1147//1147 1159//1159 1148//1148
f 1154//1154 1160//1160 1155//1155
f 1152//1152 1161//1161 1153//1153
f 1156//1156 1162//1162 1147//1147
f 1150//1150 1163//1163 1151//1151
f 1158//1158 1164//1164 1150//1150
f 1148//1148 1165//1165 1146//1146
f 1082//1082 1080//1080 1166//1166
f 1146//1146 1167//1167 1168//1168
f 1166//1166 1146//1146 1168//1168
f 1151//1151 1169//1169 1156//1156
f 1058//1058 1151//1151 1156//1156
f 1097//1097 1149//1149 1057//1057
f 1097//1097 1170//1170 1157//1157
f 1159//1159 1171//1171 1172//1172
f 1167//1167 1173//1173 1174//1174
f 1175//1175 1176//1176 1164//1164
f 1162//1162 1177//1177 1171//1171
f 1178//1178 1179//1179 1160//1160
f 1169//1169 1180//1180 1177//1177
f 1165//1165 1172//1172 1173//1173
f 1163//1163 1176//1176 1180//1180
f 1181//1181 1182//1182 1161//1161
f 1183//1183 1176//1176 1184//1184
f 1185//1185 1180//1180 1183//1183
f 1171//1171 1185//1185 1186//1186
f 1172//1172 1186//1186 1187//1187
f 1174//1174 1188//1188 1189//1189
f 1173//1173 1188//1188 1174//1174
f 1174//1174 1190//1190 1191//1191
f 1123//1123 1192//1192 1067//1067
f 1067//1067 1106//1106 1121//1121
f 1193//1193 1194//1194 1195//1195
f 1194//1194 1196//1196 1197//1197
f 1198//1198 1196//1196 1199//1199
f 1200//1200 1199//1199 1201//1201
f 1201//1201 1202//1202 1200//1200
f 1203//1203 1204//1204 1205//1205
f 1206//1206 1207//1207 1196//1196
f 1199//1199 1207//1207 1208//1208
f 1201//1201 1208//1208 1209//1209
f 1209//1209 1210//1210 1201//1201
f 1202//1202 1211//1211 1212//1212
f 1213//1213 1214//1214 1215//1215
f 1215//1215 1211//1211 1210//1210
f 1211//1211 1201//1201 1210//1210
f 1210//1210 1213//1213 1215//1215
f 1216//1216 1217//1217 1218//1218
f 1219//1219 1220//1220 1221//1221
f 1222//1222 1223//1223 1224//1224
f 1225//1225 1226//1226 1227//1227
f 1228//1228 1229//1229 1230//1230
f 1231//1231 1227//1227 1230//1230
f 1232//1232 1231//1231 1216//1216
f 1233//1233 1230//1230 1229//1229
f 1216//1216 1233//1233 1234//1234
f 1235//1235 1236//1236 1237//1237
f 1217//1217 1236//1236 1218//1218
f 1236//1236 1238//1238 1239//1239
f 1240//1240 1241//1241 1242//1242
f 1238//1238 1243//1243 1239//1239
f 1243//1243 1238//1238 1242//1242
f 1244//1244 1245//1245 1246//1246
f 1247//1247 1248//1248 1249//1249
f 1250//1250 1224//1224 1251//1251
f 1252//1252 1253//1253 1254//1254
f 1193//1193 1255//1255 1256//1256
f 1203//1203 1219//1219 1221//1221
f 1257//1257 1258//1258 1259//1259
f 1249//1249 1251//1251 1224//1224
f 1260//1260 1261//1261 1252//1252
f 1257//1257 1188//1188 1260//1260
f 1262//1262 1248//1248 1187//1187
f 1228//1228 1250//1250 1263//1263
f 1226//1226 1222//1222 1228//1228
f 1212//1212 1215//1215 1214//1214
f 1232//1232 1218//1218 1235//1235
f 1238//1238 1236//1236 1242//1242
f 1242//1242 1241//1241 1243//1243
f 1239//1239 1243//1243 1264//1264
f 1236//1236 1240//1240 1242//1242
f 1264//1264 1237//1237 1239//1239
f 1237//1237 1236//1236 1239//1239
f 1205//1205 1204//1204 1206//1206
f 1206//1206 1193//1193 1205//1205
f 1253//1253 1255//1255 1258//1258
f 1265//1265 1266//1266 1267//1267
f 1219//1219 1193//1193 1256//1256
f 1223//1223 1268//1268 1269//1269
f 1227//1227 1226//1226 1230//1230
f 1230//1230 1226//1226 1228//1228
f 1270//1270 1225//1225 1268//1268
f 1261//1261 1260//1260 1247//1247
f 1271//1271 1272//1272 1273//1273
f 1274//1274 1275//1275 1244//1244
f 1276//1276 1277//1277 1252//1252
f 1278//1278 1279//1279 1280//1280
f 1277//1277 1219//1219 1256//1256
f 1277//1277 1253//1253 1252//1252
f 1246//1246 1279//1279 1276//1276
f 1265//1265 1223//1223 1269//1269
f 1281//1281 1280//1280 1246//1246
f 1273//1273 1261//1261 1224//1224
f 1273//1273 1223//1223 1271//1271
f 1281//1281 1269//1269 1282//1282
f 1274//1274 1276//1276 1252//1252
f 1274//1274 1261//1261 1283//1283
f 1275//1275 1284//1284 1245//1245
f 1285//1285 1286//1286 1287//1287
f 1275//1275 1288//1288 1289//1289
f 1267//1267 1290//1290 1291//1291
f 1274//1274 1285//1285 1292//1292
f 1281//1281 1245//1245 1266//1266
f 1283//1283 1272//1272 1285//1285
f 1271//1271 1267//1267 1293//1293
f 1284//1284 1289//1289 1294//1294
f 1294//1294 1287//1287 1286//1286
f 1294//1294 1289//1289 1288//1288
f 1294//1294 1295//1295 1291//1291
f 1245//1245 1290//1290 1266//1266
f 1292//1292 1287//1287 1288//1288
f 1293//1293 1286//1286 1272//1272
f 1293//1293 1291//1291 1295//1295
f 1295//1295 1294//1294 1286//1286
f 1290//1290 1294//1294 1291//1291
f 1290//1290 1284//1284 1294//1294
f 1287//1287 1294//1294 1288//1288
f 1254//1254 1260//1260 1252//1252
f 1220//1220 1276//1276 1279//1279
f 1220//1220 1278//1278 1221//1221
f 1189//1189 1259//1259 1296//1296
f 1254//1254 1253//1253 1258//1258
f 1297//1297 1260//1260 1188//1188
f 1249//1249 1261//1261 1247//1247
f 1172//1172 1297//1297 1173//1173
f 1187//1187 1248//1248 1172//1172
f 1142//1142 1298//1298 1143//1143
f 1299//1299 1190//1190 1179//1179
f 1103//1103 1084//1084 1075//1075
f 1117//1117 1101//1101 1064//1064
f 1111//1111 1298//1298 1144//1144
f 1077//1077 1075//1075 1074//1074
f 1140//1140 1145//1145 1142//1142
f 1077//1077 1153//1153 1154//1154
f 1117//1117 1300//1300 1111//1111
f 1299//1299 1161//1161 1182//1182
f 1064//1064 1084//1084 1065//1065
f 1178//1178 1153//1153 1161//1161
f 1136//1136 1138//1138 1145//1145
f 1145//1145 1138//1138 1119//1119
f 1100//1100 1107//1107 1102//1102
f 1181//1181 1168//1168 1167//1167
f 1191//1191 1299//1299 1182//1182
f 1138//1138 1112//1112 1119//1119
f 1181//1181 1174//1174 1191//1191
f 1301//1301 1082//1082 1166//1166
f 1301//1301 1168//1168 1152//1152
f 1115//1115 1112//1112 1108//1108
f 1073//1073 1081//1081 1082//1082
f 1083//1083 1102//1102 1081//1081
f 1052//1302 1141//1302 1053//1302
f 1051//1303 1140//1303 1052//1303
f 1051//1051 1035//1035 1139//1139
f 1035//1035 1050//1050 1139//1139
f 1139//1139 1050//1050 1132//1132
f 1302//1304 1132//1132 1050//1050
f 1303//1305 1304//1306 1302//1304
f 1129//1129 1302//1304 1128//1128
f 1130//1130 1303//1305 1129//1129
f 1128//1128 1302//1304 1305//1307
f 1302//1304 1050//1050 1305//1307
f 1042//1042 1127//1127 1306//1308
f 1040//1040 1306//1308 1307//1309
f 1041//1041 1307//1309 1308//1310
f 1049//1049 1308//1310 1309//1311
f 1050//1050 1049//1049 1309//1311
f 1305//1307 1050//1050 1309//1311
f 1125//1125 1310//1312 1126//1126
f 1311//1313 1312//1314 1105//1105
f 1070//1070 1105//1105 1312//1314
f 1071//1071 1312//1314 1124//1124
f 1045//1045 1313//1315 1044//1044
f 1046//1046 1314//1316 1045//1045
f 1068//1068 1315//1317 1066//1066
f 1315//1317 1309//1311 1308//1310
f 1308//1310 1307//1309 1315//1317
f 1307//1309 1066//1066 1315//1317
f 1127//1127 1066//1066 1306//1308
f 1313//1315 1311//1313 1127//1127
f 1310//1312 1314//1316 1316//1318
f 1314//1316 1311//1313 1313//1315
f 1317//1319 1318//1320 1319//1321
f 1320//1322 1321//1323 1322//1324
f 1323//1325 1324//1326 1325//1327
f 1326//1328 11//11 1327//1329
f 1328//1330 1329//1331 1330//1332
f 1331//1333 1332//1334 1333//1335
f 1334//1336 1335//1337 1336//1338
f 1337//1339 1338//1340 1339//1341
f 1340//1342 1341//1343 1342//1344
f 28//28 1343//1345 1344//1346
f 1345//1347 1341//1343 1346//1348
f 1344//1346 1347//1349 1348//1350
f 1348//1350 1349//1351 1350//1352
f 1351//1353 1346//1348 1352//1354
f 1353//1355 1354//1356 1320//1322
f 1355//1357 1356//1358 1317//1319
f 1334//1336 1357//1359 1358//1360
f 1359//1361 47//47 201//201
f 1360//1362 1361//1363 1362//1364
f 1363//1365 1332//1334 1364//1366
f 1365//1367 1366//1368 1367//1369
f 1368//1370 1369//1371 1370//1372
f 58//58 1371//1373 1372//1374
f 1373//1375 1364//1366 1374//1376
f 1375//1377 1376//1378 1377//1379
f 1378//1380 1379//1381 1371//1373
f 1380//1382 1381//1383 1382//1384
f 1383//1385 1384//1386 1365//1367
f 1385//1387 73//73 1386//1388
f 1386//1388 76//76 1387//1389
f 1388//1390 1387//1389 1389//1391
f 1390//1392 1391//1393 1392//1394
f 1339//1341 1368//1370 1370//1372
f 1393//1395 1317//1319 1341//1343
f 85//85 1326//1328 1343//1345
f 1346//1348 1317//1319 1319//1321
f 1343//1345 1394//1396 1347//1349
f 1347//1349 1395//1397 1349//1351
f 1352//1354 1319//1321 1396//1398
f 1397//1399 1398//1400 1399//1401
f 1400//1402 1401//1403 1402//1404
f 1403//1405 1404//1406 1405//1407
f 1406//1408 1407//1409 1408//1410
f 1409//1411 1376//1378 1410//1412
f 1411//1413 1412//1414 1413//1415
f 1414//1416 1410//1412 1415//1417
f 1366//1368 1416//1418 1417//1419
f 1418//1420 1405//1407 1419//1421
f 1398//1400 1415//1417 1420//1422
f 1421//1423 1405//1407 1404//1406
f 1422//1424 1423//1425 1424//1426
f 1336//1338 1404//1406 1334//1336
f 1425//1427 1424//1426 1426//1428
f 1419//1421 1427//1429 1422//1424
f 1428//1430 47//47 1360//1362
f 1407//1409 1419//1421 1429//1431
f 1419//1421 1430//1432 1429//1431
f 1431//1433 1430//1432 1432//1434
f 122//122 1433//1435 333//333
f 1434//1436 1433//1435 1435//1437
f 1436//1438 1437//1439 1438//1440
f 1439//1441 1440//1442 1441//1443
f 1442//1444 1379//1381 1329//1331
f 1327//1329 1379//1381 1443//1445
f 1318//1320 1444//1446 1440//1442
f 11//11 1371//1373 1327//1329
f 1445//1447 1444//1446 1356//1358
f 1369//1371 1446//1448 1447//1449
f 1403//1405 1448//1450 1449//1451
f 1324//1326 1322//1324 1325//1327
f 1374//1376 1450//1452 1451//1453
f 1452//1454 1453//1455 1454//1456
f 1452//1454 1455//1457 1456//1458
f 1364//1366 1457//1459 1450//1452
f 1458//1460 150//150 1455//1457
f 1459//1461 1457//1459 1332//1334
f 1382//1384 1460//1462 1461//1463
f 1367//1369 1417//1419 1462//1464
f 1376//1378 1463//1465 1416//1418
f 1464//1466 1452//1454 1465//1467
f 1351//1353 1460//1462 1451//1453
f 1326//1328 1443//1445 1394//1396
f 159//159 1458//1460 1464//1466
f 1353//1355 1453//1455 1350//1352
f 1466//1468 1357//1359 1404//1406
f 1394//1396 1442//1444 1395//1397
f 1361//1363 1448//1450 1408//1410
f 1348//1350 1455//1457 1344//1346
f 1319//1321 1439//1441 1396//1398
f 1467//1469 1452//1454 1454//1456
f 1342//1344 1450//1452 1457//1459
f 1468//1470 1436//1438 1469//1471
f 1470//1472 1402//1404 1447//1449
f 28//28 1455//1457 150//150
f 1471//1473 1472//1474 1473//1475
f 1342//1344 1321//1323 1340//1342
f 1471//1473 1412//1414 1474//1476
f 1337//1339 1357//1359 1461//1463
f 1473//1475 1475//1477 1476//1478
f 175//175 1378//1380 58//58
f 176//176 1477//1479 175//175
f 1478//1480 1328//1330 178//178
f 179//179 1479//1481 1480//1482
f 182//182 1479//1481 181//181
f 1481//1483 184//184 188//188
f 1417//1419 1481//1483 1482//1484
f 1417//1419 1483//1485 1462//1464
f 188//188 1482//1484 1481//1483
f 1483//1485 190//190 338//338
f 1385//1387 191//191 192//192
f 193//193 1385//1387 192//192
f 1484//1486 1391//1393 1485//1487
f 1421//1423 1486//1488 1427//1429
f 1423//1425 1485//1487 1487//1489
f 1486//1488 1335//1337 1391//1393
f 1488//1490 1416//1418 1463//1465
f 1489//1491 1391//1393 1335//1337
f 1390//1392 1485//1487 1391//1393
f 1490//1492 1401//1403 1463//1465
f 1488//1490 200//200 184//184
f 1392//1394 1490//1492 1375//1377
f 201//201 1491//1493 1359//1361
f 205//205 1492//1494 206//206
f 1493//1495 1492//1494 1449//1451
f 1494//1496 1466//1468 1495//1497
f 1403//1405 1495//1497 1466//1468
f 1496//1498 1497//1499 1498//1500
f 215//215 1499//1501 1500//1502
f 1501//1503 1502//1504 1503//1505
f 1504//1506 1505//1507 1476//1478
f 1506//1508 1411//1413 1413//1415
f 1478//1480 224//224 1507//1509
f 1508//1510 225//225 227//227
f 1509//1511 1510//1512 1511//1513
f 1512//1514 1513//1515 1514//1516
f 1508//1510 1480//1482 1515//1517
f 1496//1498 1411//1413 1516//1518
f 1476//1478 237//237 1473//1475
f 1517//1519 238//238 225//225
f 1518//1520 1519//1521 1520//1522
f 1514//1516 1521//1523 1522//1524
f 1510//1512 1501//1503 1511//1513
f 243//243 1473//1475 237//237
f 244//244 1523//1525 1524//1526
f 1525//1527 1518//1520 1520//1522
f 1413//1415 1526//1528 1506//1508
f 1527//1529 1528//1530 1525//1527
f 1527//1529 1520//1522 1519//1521
f 1529//1531 1502//1504 1522//1524
f 1474//1476 1519//1521 1472//1474
f 1530//1532 1531//1533 1532//1534
f 257//257 1524//1526 1533//1535
f 1474//1476 1534//1536 1527//1529
f 259//259 1471//1473 243//243
f 1535//1537 1536//1538 1537//1539
f 1538//1540 1537//1539 1536//1538
f 1535//1537 1539//1541 1525//1527
f 1540//1542 1541//1543 1542//1544
f 257//257 1499//1501 268//268
f 1502//1504 1535//1537 1503//1505
f 1526//1528 238//238 1506//1508
f 1498//1500 1497//1499 1538//1540
f 1540//1542 1530//1532 1532//1534
f 1503//1505 1537//1539 1501//1503
f 1518//1520 1540//1542 1532//1534
f 1543//1545 1496//1498 1498//1500
f 1539//1541 1529//1531 1540//1542
f 1521//1523 1529//1531 1522//1524
f 1510//1512 1522//1524 1502//1504
f 1510//1512 1512//1514 1514//1516
f 1507//1509 215//215 1500//1502
f 1536//1538 1498//1500 1538//1540
f 1534//1536 1496//1498 1528//1530
f 1516//1518 1517//1519 1515//1517
f 1516//1518 1411//1413 1517//1519
f 1543//1545 1525//1527 1528//1530
f 1544//1546 1545//1547 1546//1548
f 1531//1533 1518//1520 1532//1534
f 1547//1549 1545//1547 1544//1546
f 1541//1543 1548//1550 1542//1544
f 1504//1506 1549//1551 1505//1507
f 1499//1501 1533//1535 1550//1552
f 1550//1552 1551//1553 1513//1515
f 1548//1550 1544//1546 1530//1532
f 283//283 1549//1551 287//287
f 1513//1515 1552//1554 1521//1523
f 1542//1544 1548//1550 1530//1532
f 1541//1543 1521//1523 1552//1554
f 1553//1555 1549//1551 1554//1556
f 1555//1557 287//287 1549//1551
f 1556//1558 1547//1549 1548//1550
f 1533//1535 1524//1526 1557//1559
f 1557//1559 1551//1553 1533//1535
f 1551//1553 1558//1560 1552//1554
f 1558//1560 1548//1550 1552//1554
f 1559//1561 1560//1562 1547//1549
f 1505//1507 295//295 1476//1478
f 1475//1477 1519//1521 1518//1520
f 1523//1525 1557//1559 1524//1526
f 1561//1563 1562//1564 1558//1560
f 1562//1564 1556//1558 1558//1560
f 1563//1565 1564//1566 1559//1561
f 1565//1567 300//300 1555//1557
f 1566//1568 1555//1557 1553//1555
f 1567//1569 1559//1561 1556//1558
f 1557//1559 1568//1570 1561//1563
f 1569//1571 1568//1570 1570//1572
f 1568//1570 1571//1573 1562//1564
f 1562//1564 1572//1574 1567//1569
f 1573//1575 1574//1576 1563//1565
f 1565//1567 311//311 1575//1577
f 1576//1578 1565//1567 1566//1568
f 1572//1574 1563//1565 1567//1569
f 1577//1579 1570//1572 1523//1525
f 1531//1533 1475//1477 1518//1520
f 1564//1566 1578//1580 1560//1562
f 1578//1580 1545//1547 1560//1562
f 1574//1576 1579//1581 1564//1566
f 1580//1582 1500//1502 1512//1514
f 1509//1511 1507//1509 1580//1582
f 1500//1502 1550//1552 1512//1514
f 1581//1583 1576//1578 1566//1568
f 1581//1583 1553//1555 1579//1581
f 1579//1581 1554//1556 1578//1580
f 1582//1584 1554//1556 1504//1506
f 1480//1482 227//227 179//179
f 1368//1370 1439//1441 1583//1585
f 1345//1347 1451//1453 1450//1452
f 1381//1383 1451//1453 1460//1462
f 1583//1585 1441//1443 1446//1448
f 1584//1586 1469//1471 1354//1356
f 1585//1587 1374//1376 1381//1383
f 1586//1588 1352//1354 1338//1340
f 322//322 1470//1472 182//182
f 1586//1588 1461//1463 1460//1462
f 1470//1472 1446//1448 1479//1481
f 1587//1589 1461//1463 1357//1359
f 1588//1590 1447//1449 1402//1404
f 1338//1340 1396//1398 1368//1370
f 1494//1496 1382//1384 1587//1589
f 1589//1591 1369//1371 1588//1590
f 1358//1360 1339//1341 1335//1337
f 178//178 1330//1332 176//176
f 1590//1592 1454//1456 1324//1326
f 1395//1397 1591//1593 1468//1470
f 1350//1352 1456//1458 1348//1350
f 1454//1456 1592//1594 1324//1326
f 1591//1593 1329//1331 1437//1439
f 1489//1491 1370//1372 1589//1591
f 1353//1355 1349//1351 1584//1586
f 1330//1332 1379//1381 1477//1479
f 1469//1471 1445//1447 1355//1357
f 1325//1327 1321//1323 1459//1461
f 1445//1447 1438//1440 1593//1595
f 1349//1351 1468//1470 1584//1586
f 1594//1596 205//205 1495//1497
f 1320//1322 1393//1395 1340//1342
f 1323//1325 1459//1461 1331//1333
f 1320//1322 1592//1594 1353//1355
f 1427//1429 1484//1486 1423//1425
f 1431//1433 1435//1437 1428//1430
f 330//330 1435//1437 122//122
f 1426//1428 1414//1416 1398//1400
f 1424//1426 1487//1489 1414//1416
f 1425//1427 1397//1399 1432//1434
f 1375//1377 1409//1411 1390//1392
f 1589//1591 1392//1394 1489//1491
f 1384//1386 1415//1417 1366//1368
f 1415//1417 1376//1378 1366//1368
f 1485//1487 1410//1412 1487//1489
f 1392//1394 1391//1393 1489//1491
f 1389//1391 1433//1435 1595//1597
f 1387//1389 333//333 1433//1435
f 1399//1401 1420//1422 1383//1385
f 1595//1597 1383//1385 1389//1391
f 1432//1434 1434//1436 1431//1433
f 1449//1451 1594//1596 1403//1405
f 1596//1598 1597//1599 1598//1600
f 1599//1601 338//338 191//191
f 1462//1464 1599//1601 1385//1387
f 1406//1408 1448//1450 1405//1407
f 1386//1388 1462//1464 1385//1387
f 1359//1361 1493//1495 1360//1362
f 1432//1434 1422//1424 1425//1427
f 1429//1431 1428//1430 1360//1362
f 1362//1364 1429//1431 1360//1362
f 1408//1410 1362//1364 1361//1363
f 1434//1436 1399//1401 1595//1597
f 1389//1391 1365//1367 1388//1390
f 1388//1390 1367//1369 1386//1388
f 1375//1377 1390//1392 1392//1394
f 1392//1394 1588//1590 1600//1602
f 1600//1602 1402//1404 1401//1403
f 1335//1337 1370//1372 1489//1491
f 1354//1356 1355//1357 1393//1395
f 1601//1603 1463//1465 1401//1403
f 1601//1603 322//322 200//200
f 1441//1443 1479//1481 1446//1448
f 1440//1442 1480//1482 1441//1443
f 1444//1446 1515//1517 1440//1442
f 1516//1518 1444//1446 1497//1499
f 1538//1540 1444//1446 1593//1595
f 1538//1540 1593//1595 1501//1503
f 1511//1513 1593//1595 1438//1440
f 1509//1511 1438//1440 1437//1439
f 1328//1330 1509//1511 1437//1439
f 1602//1604 1585//1587 1380//1382
f 1603//1605 1465//1467 1604//1606
f 1333//1335 1605//1607 1331//1333
f 1373//1375 1606//1608 1363//1365
f 1607//1609 1467//1469 1590//1592
f 1363//1365 1608//1610 1333//1335
f 1609//1611 1610//1612 1611//1613
f 1495//1497 351//351 1612//1614
f 1613//1615 1614//1616 1608//1610
f 1615//1617 1616//1618 1614//1616
f 1617//1619 1618//1620 1606//1608
f 1619//1621 1620//1622 1615//1617
f 1621//1623 1622//1624 1623//1625
f 1605//1607 1616//1618 1624//1626
f 1625//1627 1626//1628 1624//1626
f 1613//1615 1608//1610 1363//1365
f 1627//1629 1590//1592 1323//1325
f 1628//1630 1629//1631 1630//1632
f 372//372 1631//1633 637//637
f 1608//1610 1616//1618 1632//1634
f 1603//1605 376//376 40//40
f 637//637 1633//1635 1634//1636
f 1612//1614 379//379 1635//1637
f 1636//1638 1637//1639 1638//1640
f 1602//1604 1639//1641 1640//1642
f 1631//1633 376//376 1641//1643
f 1637//1639 1629//1631 1642//1644
f 1635//1637 387//387 1643//1645
f 1644//1646 1614//1616 1645//1647
f 1646//1648 1629//1631 1647//1649
f 1648//1650 1618//1620 1649//1651
f 1625//1627 1616//1618 1620//1622
f 1633//1635 1641//1643 1650//1652
f 1611//1613 1651//1653 1640//1642
f 1617//1619 1651//1653 1649//1651
f 713//713 1652//1654 1643//1645
f 1653//1655 1622//1624 1648//1650
f 1605//1607 1626//1628 1654//1656
f 1619//1621 1644//1646 1621//1623
f 1604//1606 1630//1632 1650//1652
f 1655//1657 1625//1627 1620//1622
f 1656//1658 1647//1649 1636//1638
f 1657//1659 1642//1644 1627//1629
f 1617//1619 1606//1608 1373//1375
f 1658//1660 1648//1650 1610//1612
f 1606//1608 1645//1647 1613//1615
f 1610//1612 1649//1651 1651//1653
f 1608//1610 1632//1634 1333//1335
f 1659//1661 1373//1375 1585//1587
f 1607//1609 1642//1644 1629//1631
f 1660//1662 1661//1663 1626//1628
f 1662//1664 1663//1665 1660//1662
f 1331//1333 1657//1659 1323//1325
f 1605//1607 1654//1656 1331//1333
f 1603//1605 1650//1652 1641//1643
f 1633//1635 1630//1632 1646//1648
f 1656//1658 1633//1635 1646//1648
f 1664//1666 1660//1662 1625//1627
f 1628//1630 1465//1467 1467//1469
f 1652//1654 1640//1642 1639//1641
f 1659//1661 1640//1642 1651//1653
f 1622//1624 1645//1647 1618//1620
f 1665//1667 1611//1613 1652//1654
f 1666//1668 1380//1382 1494//1496
f 1632//1634 1605//1607 1333//1335
f 413//413 1643//1645 387//387
f 1639//1641 1643//1645 1652//1654
f 1666//1668 1635//1637 1639//1641
f 1494//1496 1612//1614 1666//1668
f 1606//1608 1613//1615 1363//1365
f 1654//1656 1657//1659 1331//1333
f 1667//1669 1637//1639 1663//1665
f 1657//1659 1627//1629 1323//1325
f 1663//1665 1642//1644 1661//1663
f 1654//1656 1661//1663 1657//1659
f 707//707 1668//1670 1669//1671
f 710//710 1670//1672 1671//1673
f 1672//1674 693//693 1673//1675
f 718//718 1674//1676 1675//1677
f 698//698 1675//1677 1676//1678
f 728//728 1674//1676 735//735
f 670//670 1670//1672 669//669
f 1677//1679 710//710 1671//1673
f 719//719 1678//1680 720//720
f 716//716 1679//1681 717//717
f 667//667 1680//1682 668//668
f 1681//1683 668//668 1680//1682
f 1682//1684 1683//1685 1670//1672
f 1683//1685 1671//1673 1670//1672
f 657//657 1681//1683 1684//1686
f 1685//1687 1671//1673 1683//1685
f 1679//1681 722//722 717//717
f 1677//1679 725//725 722//722
f 736//736 1685//1687 1686//1688
f 1673//1675 736//736 1686//1688
f 694//694 1687//1689 685//685
f 685//685 1688//1690 686//686
f 1689//1691 686//686 1688//1690
f 1690//1692 702//702 1689//1691
f 703//703 1691//1693 705//705
f 709//709 1691//1693 1690//1692
f 1690//1692 721//721 709//709
f 727//727 1692//1694 1693//1695
f 1694//1696 727//727 1693//1695
f 1695//1697 730//730 1694//1696
f 1696//1698 732//732 1695//1697
f 691//691 1697//1699 692//692
f 692//692 1698//1700 695//695
f 695//695 1699//1701 700//700
f 712//712 1699//1701 1698//1700
f 1698//1700 714//714 712//712
f 724//724 1700//1702 1701//1703
f 1702//1704 724//724 1701//1703
f 1703//1705 726//726 1702//1704
f 1704//1706 729//729 1703//1705
f 737//737 1705//1707 738//738
f 738//738 1706//1708 719//719
f 1707//1709 720//720 1678//1680
f 1707//1709 690//690 689//689
f 711//711 1678//1680 1708//1710
f 1708//1710 715//715 711//711
f 1709//1711 715//715 1710//1712
f 1711//1713 731//731 1709//1711
f 1712//1714 733//733 1711//1713
f 1713//1715 734//734 1712//1714
f 1714//1716 687//687 1713//1715
f 688//688 1715//1717 701//701
f 1716//1718 701//701 1715//1717
f 1609//1611 1665//1667 1716//1718
f 1717//1719 672//672 1718//1720
f 1719//1721 640//640 1720//1722
f 672//672 1721//1723 1718//1720
f 640//640 1722//1724 1720//1722
f 639//639 1723//1725 1722//1724
f 1721//1723 657//657 1684//1686
f 667//667 1724//1726 1725//1727
f 1683//1685 1686//1688 1685//1687
f 1726//1728 1682//1684 1669//1671
f 1726//1728 1669//1671 1668//1670
f 670//670 1669//1671 1682//1684
f 699//699 1676//1678 1668//1670
f 697//697 1727//1729 728//728
f 1728//1730 665//665 1717//1719
f 1683//1685 1729//1731 1686//1688
f 1673//1675 1686//1688 1729//1731
f 1717//1719 1718//1720 1683//1685
f 1718//1720 1729//1731 1683//1685
f 1721//1723 1684//1686 1729//1731
f 1681//1683 1729//1731 1684//1686
f 1723//1725 664//664 1728//1730
f 1717//1719 1726//1728 1728//1730
f 1723//1725 1728//1730 1726//1728
f 1672//1674 1729//1731 1730//1732
f 1687//1689 1672//1674 1730//1732
f 1730//1732 1681//1683 1680//1682
f 1725//1727 1730//1732 1680//1682
f 1692//1694 1689//1691 1731//1733
f 1731//1733 1689//1691 1688//1690
f 1731//1733 1688//1690 1687//1689
f 1732//1734 1687//1689 1730//1732
f 1732//1734 1725//1727 1724//1726
f 1693//1695 1692//1694 1731//1733
f 1693//1695 1732//1734 1694//1696
f 671//671 1733//1735 1724//1726
f 1733//1735 648//648 1734//1736
f 1724//1726 1733//1735 1732//1734
f 1735//1737 1694//1696 1732//1734
f 1735//1737 1733//1735 1734//1736
f 1696//1698 1695//1697 1735//1737
f 1696//1698 1736//1738 1697//1699
f 1734//1736 1737//1739 1735//1737
f 1736//1738 1737//1739 1738//1740
f 654//654 1734//1736 648//648
f 1738//1740 654//654 660//660
f 1739//1741 1698//1700 1697//1699
f 1739//1741 1697//1699 1736//1738
f 1739//1741 1701//1703 1700//1702
f 1701//1703 1740//1742 1702//1704
f 1703//1705 1702//1704 1740//1742
f 1704//1706 1740//1742 1741//1743
f 1705//1707 1704//1706 1741//1743
f 1705//1707 1742//1744 1706//1708
f 1708//1710 1706//1708 1742//1744
f 1710//1712 1708//1710 1742//1744
f 1710//1712 1743//1745 1709//1711
f 1709//1711 1744//1746 1711//1713
f 1745//1747 1738//1740 740//740
f 1745//1747 1739//1741 1736//1738
f 660//660 740//740 1738//1740
f 1746//1748 1747//1749 1748//1750
f 1749//1751 658//658 659//659
f 1750//1752 659//659 661//661
f 1745//1747 1746//1748 1748//1750
f 1740//1742 1745//1747 1748//1750
f 1751//1753 1752//1754 1753//1755
f 1741//1743 1740//1742 1748//1750
f 1741//1743 1748//1750 1754//1756
f 1741//1743 1743//1745 1742//1744
f 1743//1745 1754//1756 1744//1746
f 1755//1757 661//661 655//655
f 1755//1757 651//651 1750//1752
f 651//651 650//650 1750//1752
f 1750//1752 644//644 1756//1758
f 1749//1751 1756//1758 1757//1759
f 1756//1758 643//643 1758//1760
f 1759//1761 643//643 673//673
f 1760//1762 673//673 674//674
f 1757//1759 1761//1763 1749//1751
f 1758//1760 1757//1759 1756//1758
f 1753//1755 1761//1763 1757//1759
f 1759//1761 1757//1759 1758//1760
f 1760//1762 1753//1755 1759//1761
f 679//679 1760//1762 674//674
f 678//678 1762//1764 679//679
f 1753//1755 1760//1762 1762//1764
f 1763//1765 1764//1766 1751//1753
f 678//678 1764//1766 1763//1765
f 1763//1765 1753//1755 1762//1764
f 1747//1749 1752//1754 1748//1750
f 638//638 1634//1636 1765//1767
f 1754//1756 1748//1750 1752//1754
f 1744//1746 1754//1756 1752//1754
f 1766//1768 1744//1746 1752//1754
f 1711//1713 1744//1746 1766//1768
f 1712//1714 1766//1768 1767//1769
f 1634//1636 638//638 637//637
f 638//638 676//676 372//372
f 1766//1768 1752//1754 1768//1770
f 1767//1769 1768//1770 1769//1771
f 1770//1772 1768//1770 1752//1754
f 1771//1773 1769//1771 1768//1770
f 1771//1773 1772//1774 1773//1775
f 1770//1772 1774//1776 1775//1777
f 1773//1775 1776//1778 1771//1773
f 1775//1777 1771//1773 1770//1772
f 682//682 1773//1775 1772//1774
f 652//652 1775//1777 1774//1776
f 646//646 1777//1779 1773//1775
f 677//677 1772//1774 1775//1777
f 1770//1772 1778//1780 1774//1776
f 653//653 1774//1776 1778//1780
f 1713//1715 1712//1714 1767//1769
f 1714//1716 1767//1769 1779//1781
f 1715//1717 1714//1716 1779//1781
f 1716//1718 1779//1781 1780//1782
f 1609//1611 1716//1718 1658//1660
f 1779//1781 1769//1771 1781//1783
f 1780//1782 1779//1781 1782//1784
f 1781//1783 1776//1778 1783//1785
f 1655//1657 1781//1783 1784//1786
f 1777//1779 1785//1787 1776//1778
f 1776//1778 1786//1788 1783//1785
f 1783//1785 1786//1788 1765//1767
f 1638//1640 1783//1785 1636//1638
f 645//645 1785//1787 1777//1779
f 1786//1788 675//675 681//681
f 1765//1767 681//681 638//638
f 1656//1658 1765//1767 1634//1636
f 1676//1678 1726//1728 1668//1670
f 1676//1678 1675//1677 1787//1789
f 1674//1676 1787//1789 1675//1677
f 1723//1725 1787//1789 1722//1724
f 1720//1722 1722//1724 1787//1789
f 1788//1790 680//680 1719//1721
f 1720//1722 1789//1791 1719//1721
f 1788//1790 1719//1721 1789//1791
f 1727//1729 1789//1791 1674//1676
f 1790//1792 1789//1791 1727//1729
f 641//641 1790//1792 642//642
f 1788//1790 1789//1791 1790//1792
f 1791//1793 642//642 1790//1792
f 666//666 1791//1793 708//708
f 1790//1792 696//696 1791//1793
f 723//723 1791//1793 696//696
f 621//621 378//378 676//676
f 413//413 395//395 511//511
f 706//706 413//413 511//511
f 1653//1655 1780//1782 1623//1625
f 1623//1625 1780//1782 1621//1623
f 1655//1657 1619//1621 1782//1784
f 1779//1781 1781//1783 1782//1784
f 1781//1783 1655//1657 1782//1784
f 1780//1782 1782//1784 1621//1623
f 1621//1623 1782//1784 1619//1621
f 1638//1640 1667//1669 1784//1786
f 1781//1783 1783//1785 1784//1786
f 1783//1785 1638//1640 1784//1786
f 1662//1664 1784//1786 1667//1669
f 1664//1666 1784//1786 1662//1664
f 1655//1657 1784//1786 1664//1666
f 1716//1718 1780//1782 1658//1660
f 1780//1782 1653//1655 1658//1660
f 1665//1667 713//713 706//706
f 706//706 1716//1718 1665//1667
f 700//700 1699//1701 712//712
f 1698//1700 1699//1701 695//695
f 741//741 1523//1525 246//246
f 1792//1794 1793//1795 1794//1796
f 1794//1796 1581//1583 1574//1576
f 1795//1797 1573//1575 1572//1574
f 745//745 1577//1579 741//741
f 1796//1798 1797//1799 1576//1578
f 1798//1800 1794//1796 1573//1575
f 1799//1801 311//311 1797//1799
f 1800//1802 1571//1573 1801//1803
f 1802//1804 1569//1571 1577//1579
f 1803//1805 1801//1803 1569//1571
f 1804//1806 1576//1578 1793//1795
f 1805//1807 1572//1574 1571//1573
f 1806//1808 1796//1798 1804//1806
f 1807//1809 1804//1806 1792//1794
f 1808//1810 1799//1801 1796//1798
f 1809//1811 757//757 1799//1801
f 1810//1812 1792//1794 1798//1800
f 1811//1813 1798//1800 1795//1797
f 1805//1807 1812//1814 1795//1797
f 1800//1802 1813//1815 1805//1807
f 1814//1816 1800//1802 1803//1805
f 1802//1804 1814//1816 1803//1805
f 745//745 1815//1817 1802//1804
f 1813//1815 1816//1818 1805//1807
f 1817//1819 1813//1815 1814//1816
f 1818//1820 1814//1816 1815//1817
f 769//769 1815//1817 765//765
f 1812//1814 1816//1818 1819//1821
f 1817//1819 1819//1821 1816//1818
f 1818//1820 1820//1822 1817//1819
f 769//769 1821//1823 1818//1820
f 1811//1813 1812//1814 1822//1824
f 1819//1821 1822//1824 1812//1814
f 1820//1822 1823//1825 1819//1821
f 1821//1823 1824//1826 1820//1822
f 773//773 1825//1827 1821//1823
f 1826//1828 1822//1824 1827//1829
f 1823//1825 1827//1829 1822//1824
f 1824//1826 1828//1830 1823//1825
f 1825//1827 1829//1831 1824//1826
f 778//778 1830//1832 1825//1827
f 1810//1812 1826//1828 1831//1833
f 1807//1809 1831//1833 1832//1834
f 1806//1808 1832//1834 1833//1835
f 1808//1810 1833//1835 1834//1836
f 1809//1811 1834//1836 1835//1837
f 789//789 1835//1837 792//792
f 1836//1838 792//792 1835//1837
f 1837//1839 1835//1837 1834//1836
f 1838//1840 1834//1836 1833//1835
f 1839//1841 1833//1835 1832//1834
f 1840//1842 1832//1834 1831//1833
f 1841//1843 1831//1833 1826//1828
f 1842//1844 1826//1828 1827//1829
f 1843//1845 1827//1829 1828//1830
f 1829//1831 1843//1845 1828//1830
f 1830//1832 1844//1846 1829//1831
f 784//784 1845//1847 1830//1832
f 1846//1848 793//793 1836//1838
f 1847//1849 1836//1838 1837//1839
f 1848//1850 1837//1839 1838//1840
f 1849//1851 1838//1840 1839//1841
f 1850//1852 1839//1841 1840//1842
f 1851//1853 1840//1842 1841//1843
f 1842//1844 1851//1853 1841//1843
f 1843//1845 1852//1854 1842//1844
f 1844//1846 1853//1855 1843//1845
f 1845//1847 1854//1856 1844//1846
f 803//803 1855//1857 1845//1847
f 1856//1858 815//815 1846//1848
f 1857//1859 1846//1848 1847//1849
f 1858//1860 1847//1849 1848//1850
f 1859//1861 1848//1850 1849//1851
f 1860//1862 1849//1851 1850//1852
f 1861//1863 1850//1852 1851//1853
f 1852//1854 1861//1863 1851//1853
f 814//814 1862//1864 1855//1857
f 1862//1864 1863//1865 1855//1857
f 1855//1857 1864//1866 1854//1856
f 1854//1856 1865//1867 1853//1855
f 1853//1855 1866//1868 1852//1854
f 1856//1858 828//828 1867//1869
f 1857//1859 1868//1870 1856//1858
f 1869//1871 1857//1859 1858//1860
f 1870//1872 1858//1860 1859//1861
f 1871//1873 1859//1861 1860//1862
f 1872//1874 1860//1862 1861//1863
f 1866//1868 1872//1874 1861//1863
f 1865//1867 1873//1875 1866//1868
f 1864//1866 1874//1876 1865//1867
f 1863//1865 1875//1877 1864//1866
f 1862//1864 1876//1878 1863//1865
f 824//824 1877//1879 1862//1864
f 1878//1880 828//828 1868//1870
f 1879//1881 1868//1870 1880//1882
f 1881//1883 1880//1882 1869//1871
f 1882//1884 1869//1871 1870//1872
f 1883//1885 1870//1872 1871//1873
f 1884//1886 1871//1873 1872//1874
f 1873//1875 1884//1886 1872//1874
f 1874//1876 1885//1887 1873//1875
f 1875//1877 1886//1888 1874//1876
f 1876//1878 1887//1889 1875//1877
f 1877//1879 1888//1890 1876//1878
f 840//840 1889//1891 1877//1879
f 1883//1885 1890//1892 1891//1893
f 1882//1884 1891//1893 1892//1894
f 1881//1883 1892//1894 1893//1895
f 1879//1881 1893//1895 1894//1896
f 1878//1880 1894//1896 1895//1897
f 859//859 1895//1897 860//860
f 1885//1887 1890//1892 1884//1886
f 1886//1888 1896//1898 1885//1887
f 1887//1889 1897//1899 1886//1888
f 1888//1890 1898//1900 1887//1889
f 1889//1891 1899//1901 1888//1890
f 852//852 1900//1902 1889//1891
f 1900//1902 1901//1903 1899//1901
f 1902//1904 1894//1896 1893//1895
f 1896//1898 1903//1905 1890//1892
f 866//866 1904//1906 1900//1902
f 1890//1892 1905//1907 1891//1893
f 1906//1908 1895//1897 1894//1896
f 1898//1900 1907//1909 1897//1899
f 1897//1899 1908//1910 1896//1898
f 1905//1907 1892//1894 1891//1893
f 1899//1901 1909//1911 1898//1900
f 1910//1912 1893//1895 1892//1894
f 1911//1913 860//860 1895//1897
f 1912//1914 1906//1908 1902//1904
f 1912//1914 1913//1915 1914//1916
f 1902//1904 1915//1917 1912//1914
f 1916//1918 1910//1912 1905//1907
f 1916//1918 1903//1905 1917//1919
f 1908//1910 1917//1919 1903//1905
f 1915//1917 1918//1920 1913//1915
f 1919//1921 1916//1918 1917//1919
f 1920//1922 1919//1921 1917//1919
f 1907//1909 1920//1922 1908//1910
f 1921//1923 888//888 1911//1913
f 1922//1924 1911//1913 1906//1908
f 1914//1916 1922//1924 1906//1908
f 1913//1915 1923//1925 1914//1916
f 1918//1920 1924//1926 1913//1915
f 1925//1927 1918//1920 1919//1921
f 1926//1928 1919//1921 1927//1929
f 1909//1911 1927//1929 1907//1909
f 1926//1928 1909//1911 1928//1930
f 1901//1903 1928//1930 1909//1911
f 1904//1906 1929//1931 1901//1903
f 872//872 1930//1932 1904//1906
f 902//902 1931//1933 903//903
f 1932//1934 1921//1923 1922//1924
f 1933//1935 1922//1924 1923//1925
f 1934//1936 1923//1925 1924//1926
f 1935//1937 1924//1926 1936//1938
f 1925//1927 1935//1937 1936//1938
f 1926//1928 1937//1939 1925//1927
f 1928//1930 1938//1940 1926//1928
f 1929//1931 1939//1941 1928//1930
f 1930//1932 1940//1942 1929//1931
f 900//900 1941//1943 1930//1932
f 1942//1944 903//903 1931//1933
f 1943//1945 1931//1933 1932//1934
f 1944//1946 1932//1934 1933//1935
f 1945//1947 1933//1935 1934//1936
f 1946//1948 1934//1936 1935//1937
f 1937//1939 1946//1948 1935//1937
f 1938//1940 1947//1949 1937//1939
f 1939//1941 1948//1950 1938//1940
f 1940//1942 1949//1951 1939//1941
f 1941//1943 1950//1952 1940//1942
f 913//913 1951//1953 1941//1943
f 1952//1954 925//925 1942//1944
f 928//928 1953//1955 929//929
f 929//929 1954//1956 931//931
f 931//931 1955//1957 933//933
f 933//933 1956//1958 935//935
f 935//935 1957//1959 937//937
f 937//937 1958//1960 939//939
f 939//939 1959//1961 941//941
f 941//941 1960//1962 943//943
f 943//943 1961//1963 945//945
f 1962//1964 1942//1944 1943//1945
f 1952//1954 1963//1965 1953//1955
f 1953//1955 1964//1966 1954//1956
f 1954//1956 1965//1967 1955//1957
f 1955//1957 1966//1968 1956//1958
f 1956//1958 1967//1969 1957//1959
f 1957//1959 1968//1970 1958//1960
f 1958//1960 1969//1971 1959//1961
f 1959//1961 1970//1972 1960//1962
f 1960//1962 1971//1973 1961//1963
f 1972//1974 1943//1945 1944//1946
f 1962//1964 1973//1975 1963//1965
f 1963//1965 1974//1976 1964//1966
f 1964//1966 1975//1977 1965//1967
f 1965//1967 1976//1978 1966//1968
f 1966//1968 1977//1979 1967//1969
f 1967//1969 1978//1980 1968//1970
f 1968//1970 1979//1981 1969//1971
f 1969//1971 1980//1982 1970//1972
f 1970//1972 1981//1983 1971//1973
f 1982//1984 1944//1946 1945//1947
f 1972//1974 1983//1985 1973//1975
f 1973//1975 1984//1986 1974//1976
f 1974//1976 1985//1987 1975//1977
f 1976//1978 1985//1987 1986//1988
f 1977//1979 1986//1988 1987//1989
f 1978//1980 1987//1989 1988//1990
f 1979//1981 1988//1990 1989//1991
f 1980//1982 1989//1991 1990//1992
f 1981//1983 1990//1992 1991//1993
f 1946//1948 1982//1984 1945//1947
f 1983//1985 1992//1994 1993//1995
f 1984//1986 1993//1995 1994//1996
f 1985//1987 1994//1996 1995//1997
f 1986//1988 1995//1997 1996//1998
f 1987//1989 1996//1998 1997//1999
f 1988//1990 1997//1999 1998//2000
f 1989//1991 1998//2000 1999//2001
f 1990//1992 1999//2001 2000//2002
f 1991//1993 2000//2002 2001//2003
f 1947//1949 1992//1994 1946//1948
f 1993//1995 2002//2004 2003//2005
f 1994//1996 2003//2005 2004//2006
f 1995//1997 2004//2006 2005//2007
f 1996//1998 2005//2007 2006//2008
f 1997//1999 2006//2008 2007//2009
f 1998//2000 2007//2009 2008//2010
f 1999//2001 2008//2010 2009//2011
f 2000//2002 2009//2011 2010//2012
f 2001//2003 2010//2012 2011//2013
f 1948//1950 2002//2004 1947//1949
f 1949//1951 2012//2014 1948//1950
f 1950//1952 2013//2015 1949//1951
f 1951//1953 2014//2016 1950//1952
f 924//924 2015//2017 1951//1953
f 2003//2005 2012//2014 2016//2018
f 2013//2015 2016//2018 2012//2014
f 2014//2016 2017//2019 2013//2015
f 2015//2017 2018//2020 2014//2016
f 999//999 2019//2021 2015//2017
f 2020//2022 2005//2007 2004//2006
f 2021//2023 2022//2024 2023//2025
f 2023//2025 2024//2026 2025//2027
f 2025//2027 2026//2028 2027//2029
f 2027//2029 1013//1013 1014//1014
f 2004//2006 2016//2018 2020//2022
f 2017//2019 2020//2022 2016//2018
f 2018//2020 2022//2024 2017//2019
f 2019//2021 2024//2026 2018//2020
f 1004//1004 2026//2028 2019//2021
f 2006//2008 2021//2023 2028//2030
f 2023//2025 2028//2030 2021//2023
f 2025//2027 2029//2031 2023//2025
f 2027//2029 2030//2032 2025//2027
f 1014//1014 2031//2033 2027//2029
f 2007//2009 2028//2030 2032//2034
f 2029//2031 2032//2034 2028//2030
f 2030//2032 2033//2035 2029//2031
f 2031//2033 2034//2036 2030//2032
f 1024//1024 2031//2033 1019//1019
f 2008//2010 2032//2034 2035//2037
f 2033//2035 2035//2037 2032//2034
f 2034//2036 2036//2038 2033//2035
f 2037//2039 2038//2040 2034//2036
f 1024//1024 2039//2041 2037//2039
f 2009//2011 2035//2037 2040//2042
f 2036//2038 2040//2042 2035//2037
f 2038//2040 2041//2043 2036//2038
f 2010//2012 2040//2042 2042//2044
f 2041//2043 2042//2044 2040//2042
f 2043//2045 2044//2046 2041//2043
f 2045//2047 2039//2047 2046//2047
f 2039//2041 2043//2045 2038//2040
f 1029//2048 2046//2048 2039//2048
f 2011//2013 2047//2049 2001//2003
f 2001//2003 2048//2050 1991//1993
f 2049//2051 1991//1993 2048//2050
f 1981//1983 2050//2052 1971//1973
f 1971//1973 2051//2053 1961//1963
f 945//945 2051//2053 1046//1046
f 2011//2013 2042//2044 2052//2054
f 2044//2046 2052//2054 2042//2044
f 2052//2054 2053//2055 2011//2013
f 2054//2056 2055//2057 2052//2054
f 2056//2058 2054//2056 2044//2046
f 2054//2056 2056//2058 2057//2059
f 2043//2045 2058//2060 2056//2058
f 2059//2061 2045//2061 2046//2061
f 1053//2062 2046//2062 1038//2062
f 2060//2063 2061//2064 2062//2065
f 2063//2066 2064//2067 2065//2068
f 2063//2066 2060//2063 2062//2065
f 2066//2069 1061//1061 2067//2070
f 1063//1063 2068//2071 1116//1116
f 2069//2072 2070//2073 2071//2074
f 1069//1069 2072//2075 2073//2076
f 1061//1061 2073//2076 2067//2070
f 2074//2077 2075//2078 2076//2079
f 2077//2080 1076//1076 1078//1078
f 2078//2081 2061//2064 2079//2082
f 2080//2083 2078//2081 2081//2084
f 2076//2079 2082//2085 2083//2086
f 2084//2087 2085//2088 2081//2084
f 2086//2089 2067//2070 2087//2090
f 2060//2063 2088//2091 2079//2082
f 2089//2092 2090//2093 2065//2068
f 2091//2094 2092//2095 2084//2087
f 2064//2067 2066//2069 2086//2089
f 2065//2068 2086//2089 2089//2092
f 2093//2096 1062//1062 2066//2069
f 2088//2091 2084//2087 2079//2082
f 2078//2081 2084//2087 2081//2084
f 2083//2086 2094//2097 2095//2098
f 2080//2083 2085//2088 2096//2099
f 1076//1076 2097//2100 1063//1063
f 2098//2101 2089//2092 2099//2102
f 2100//2103 2071//2074 2101//2104
f 2065//2068 2102//2105 2060//2063
f 2103//2106 2104//2107 2105//2108
f 2106//2109 2107//2110 2108//2111
f 2109//2112 2104//2107 2110//2113
f 2096//2099 2110//2113 2104//2107
f 2095//2098 2111//2114 2107//2110
f 1116//1116 2112//2115 2113//2116
f 2114//2117 2103//2106 2105//2108
f 2115//2118 2106//2109 2108//2111
f 2116//2119 2105//2108 2109//2112
f 2117//2120 2067//2070 2073//2076
f 2118//2121 2089//2092 2087//2090
f 2072//2075 2100//2103 2101//2104
f 1124//1124 2119//2122 2120//2123
f 2050//2052 2121//2124 2122//2125
f 2069//2072 2123//2126 2098//2101
f 2098//2101 2124//2127 2090//2093
f 2090//2093 2125//2128 2102//2105
f 2102//2105 2126//2129 2088//2091
f 2091//2094 2126//2129 2127//2130
f 2128//2131 2091//2094 2127//2130
f 2129//2132 2092//2095 2130//2133
f 2092//2095 2110//2113 2085//2088
f 2110//2113 2131//2134 2109//2112
f 2116//2119 2131//2134 2129//2132
f 2116//2119 2132//2135 2114//2117
f 2129//2132 2133//2136 2116//2119
f 2114//2117 2132//2135 2134//2137
f 2133//2136 2128//2131 2135//2138
f 2132//2135 2135//2138 2136//2139
f 1141//1141 2137//2140 2136//2139
f 2138//2141 2139//2142 2115//2118
f 2140//2143 2061//2064 2141//2144
f 2061//2064 2142//2145 2062//2065
f 2143//2146 2144//2147 2145//2148
f 2074//2077 2146//2149 2147//2150
f 1078//1078 2148//2151 2077//2080
f 2062//2065 2149//2152 2063//2066
f 2145//2148 1158//1158 1170//1170
f 2150//2153 2142//2145 2151//2154
f 1160//1160 2148//2151 1155//1155
f 2152//2155 2146//2149 2153//2156
f 2154//2157 2149//2152 2142//2145
f 2155//2158 2144//2147 2156//2159
f 2157//2160 1158//1158 2144//2147
f 2158//2161 2151//2154 2140//2143
f 2159//2162 2141//2144 2078//2081
f 2160//2163 2140//2143 2161//2164
f 2162//2165 2140//2143 2141//2144
f 2163//2166 2156//2159 2149//2152
f 2063//2066 2156//2159 2143//2146
f 2143//2146 2093//2096 2064//2067
f 1170//1170 2093//2096 2145//2148
f 2150//2153 2164//2167 2154//2157
f 2160//2163 2165//2168 2158//2161
f 2166//2169 1175//1175 2157//2160
f 2154//2157 2167//2170 2163//2166
f 1179//1179 2168//2171 1160//1160
f 2163//2166 2169//2172 2155//2158
f 2158//2161 2170//2173 2150//2153
f 2155//2158 2166//2169 2157//2160
f 2171//2174 2172//2175 2152//2155
f 2166//2169 1183//1183 1184//1184
f 1185//1185 2169//2172 2167//2170
f 1185//1185 2164//2167 1186//1186
f 1186//1186 2170//2173 1187//1187
f 2173//2176 2174//2177 2175//2178
f 2165//2168 2174//2177 2176//2179
f 2175//2178 2177//2180 1190//1190
f 2118//2121 2178//2181 2099//2102
f 2117//2120 2101//2104 2070//2073
f 1194//1194 2179//2182 1195//1195
f 1194//1194 2180//2183 2181//2184
f 2180//2183 1198//1198 2182//2185
f 1200//1200 2182//2185 1198//1198
f 2183//2186 1202//1202 2184//2187
f 1203//1203 2185//2188 1204//1204
f 1207//1207 2181//2184 2180//2183
f 2182//2185 1207//1207 2180//2183
f 2183//2186 1208//1208 2182//2185
f 2186//2189 1209//1209 2183//2186
f 1202//1202 1212//1212 2184//2187
f 1213//1213 2187//2190 1214//1214
f 2187//2190 2186//2189 2184//2187
f 2184//2187 2186//2189 2183//2186
f 1213//1213 2186//2189 2187//2190
f 2188//2191 1217//1217 1234//1234
f 2189//2192 2190//2193 1221//1221
f 2191//2194 2192//2195 2193//2196
f 1225//1225 1227//1227 2194//2197
f 2195//2198 1229//1229 1263//1263
f 1227//1227 2196//2199 2197//2200
f 1232//1232 2196//2199 2198//2201
f 2197//2200 1233//1233 1229//1229
f 2188//2191 1233//1233 2196//2199
f 1235//1235 2199//2202 2200//2203
f 2199//2202 1217//1217 2200//2203
f 2199//2202 2201//2204 2202//2205
f 1240//1240 2203//2206 1241//1241
f 2202//2205 2201//2204 1243//1243
f 1243//1243 2203//2206 2202//2205
f 2204//2207 2205//2208 2206//2209
f 2207//2210 2208//2211 2209//2212
f 1250//1250 2210//2213 2191//2194
f 2211//2214 2212//2215 2213//2216
f 2179//2182 1255//1255 1195//1195
f 1203//1203 2190//2193 2185//2188
f 1258//1258 2214//2217 1259//1259
f 2209//2212 1251//1251 1262//1262
f 2215//2218 2211//2214 2216//2219
f 2174//2177 2214//2217 2215//2218
f 1262//1262 2207//2210 2209//2212
f 1250//1250 2195//2198 1263//1263
f 2191//2194 2194//2197 2195//2198
f 1212//1212 2187//2190 2184//2187
f 1232//1232 2200//2203 2188//2191
f 2202//2205 2203//2206 2199//2202
f 2203//2206 1243//1243 1241//1241
f 2201//2204 1264//1264 1243//1243
f 2199//2202 2203//2206 1240//1240
f 1264//1264 2201//2204 1237//1237
f 1237//1237 2201//2204 2199//2202
f 2185//2188 2181//2184 1204//1204
f 2181//2184 2185//2188 2179//2182
f 2213//2216 1255//1255 2217//2220
f 2218//2221 2219//2222 2220//2223
f 2190//2193 2179//2182 2185//2188
f 2192//2195 1268//1268 2193//2196
f 1227//1227 2197//2200 2194//2197
f 2197//2200 2195//2198 2194//2197
f 2193//2196 1225//1225 2194//2197
f 2216//2219 2208//2211 2215//2218
f 2221//2224 2222//2225 2223//2226
f 2224//2227 2225//2228 2205//2208
f 2226//2229 2227//2230 2228//2231
f 1278//1278 2229//2232 2189//2192
f 2190//2193 2227//2230 2217//2220
f 2213//2216 2227//2230 2211//2214
f 2229//2232 1280//1280 2206//2209
f 2218//2221 2192//2195 2222//2225
f 1280//1280 2220//2223 2206//2209
f 2223//2226 2216//2219 2230//2233
f 2192//2195 2223//2226 2222//2225
f 2220//2223 1269//1269 2218//2221
f 2225//2228 2226//2229 2205//2208
f 2216//2219 2225//2228 2230//2233
f 2231//2234 2224//2227 2204//2207
f 2232//2235 2233//2236 2221//2224
f 2224//2227 2234//2237 2235//2238
f 2236//2239 2237//2240 2219//2222
f 2225//2228 2232//2235 2230//2233
f 2220//2223 2204//2207 2206//2209
f 2230//2233 2221//2224 2223//2226
f 2222//2225 2236//2239 2218//2221
f 2231//2234 2238//2241 2239//2242
f 2238//2241 2233//2236 2240//2243
f 2238//2241 2234//2237 2239//2242
f 2238//2241 2241//2244 2242//2245
f 2237//2240 2204//2207 2219//2222
f 2235//2238 2240//2243 2232//2235
f 2233//2236 2243//2246 2221//2224
f 2243//2246 2241//2244 2236//2239
f 2242//2245 2233//2236 2238//2241
f 2237//2240 2241//2244 2238//2241
f 2237//2240 2238//2241 2231//2234
f 2240//2243 2234//2237 2238//2241
f 2212//2215 2215//2218 2214//2217
f 2226//2229 2189//2192 2229//2232
f 2189//2192 1221//1221 1278//1278
f 2173//2176 1259//1259 2214//2217
f 2212//2215 1258//1258 2213//2216
f 2176//2179 2215//2218 2208//2211
f 2216//2219 2209//2212 2208//2211
f 2170//2173 2176//2179 2207//2210
f 1187//1187 2170//2173 2207//2210
f 2137//2140 1298//1298 2139//2142
f 2244//2247 1179//1179 1190//1190
f 2245//2248 2083//2086 2097//2100
f 2095//2098 2112//2115 2068//2071
f 1298//1298 2106//2109 2139//2142
f 2077//2080 2076//2079 2245//2248
f 2138//2141 2136//2139 2137//2140
f 2153//2156 2077//2080 2148//2151
f 1300//1300 2112//2115 2106//2109
f 2244//2247 2152//2155 2168//2171
f 2083//2086 2068//2071 2097//2100
f 2168//2171 2153//2156 2148//2151
f 2132//2135 2138//2141 2134//2137
f 2138//2141 2115//2118 2134//2137
f 2094//2097 2104//2107 2111//2114
f 2172//2175 2161//2164 2146//2149
f 2177//2180 2244//2247 1190//1190
f 2134//2137 2108//2111 2103//2106
f 2175//2178 2172//2175 2177//2180
f 2147//2150 2159//2162 2075//2078
f 2161//2164 2147//2150 2146//2149
f 2108//2111 2111//2114 2103//2106
f 2075//2078 2080//2083 2082//2085
f 2082//2085 2096//2099 2094//2097
f 2059//2249 1141//2249 2136//2249
f 2136//2250 2058//2250 2059//2250
f 2058//2060 2135//2138 2056//2058
f 2056//2058 2135//2138 2057//2059
f 2135//2138 2128//2131 2057//2059
f 2246//2251 2128//2131 2127//2130
f 2247//2252 2127//2130 2126//2129
f 2124//2127 2246//2251 2247//2252
f 2247//2252 2125//2128 2124//2127
f 2123//2126 2248//2253 2246//2251
f 2246//2251 2248//2253 2057//2059
f 2121//2124 2048//2050 2249//2254
f 2047//2049 2249//2254 2048//2050
f 2053//2055 2250//2255 2047//2049
f 2055//2057 2251//2256 2053//2055
f 2057//2059 2252//2257 2055//2057
f 2248//2253 2252//2257 2057//2059
f 2119//2122 1310//1312 2253//2258
f 2120//2123 2253//2258 2100//2103
f 2072//2075 2120//2123 2100//2103
f 1071//1071 2120//2123 2072//2075
f 2051//2053 2122//2125 2254//2259
f 1046//1046 2254//2259 1316//1318
f 2255//2260 2069//2072 2071//2074
f 2252//2257 2255//2260 2251//2256
f 2251//2256 2255//2260 2250//2255
f 2250//2255 2071//2074 2249//2254
f 2121//2124 2071//2074 2253//2258
f 2122//2125 2121//2124 2253//2258
f 2254//2259 1310//1312 1316//1318
f 2254//2259 2122//2125 2253//2258
f 524//524 657//657 684//684
f 336//336 1598//1600 2256//2261
f 207//207 138//138 139//139
f 207//207 202//202 46//46
f 1493//1495 1448//1450 1360//1362
f 1491//1493 1493//1495 1359//1361
f 2257//2262 206//206 1492//1494
f 2257//2262 1493//1495 1491//1493
f 2258//2263 206//206 1596//1598
f 207//207 2258//2263 202//202
f 1598//1600 2259//2264 2256//2261
f 1596//1598 335//335 2258//2263
f 203//203 336//336 2256//2261
f 1491//1493 1597//1599 2257//2262
f 203//203 2259//2264 1491//1493
f 434//434 492//492 432//432
f 620//620 381//381 621//621
f 621//621 381//381 402//402
f 1636//1638 1765//1767 1656//1658
f 1765//1767 1636//1638 1783//1785
f 2260//2265 1464//1466 2261//2266
f 2262//2267 159//159 2260//2265
f 2260//2265 374//374 375//375
f 375//375 2262//2267 2260//2265
f 1464//1466 1465//1467 2261//2266
f 374//374 2261//2266 1465//1467
f 157//157 2262//2267 158//158
f 158//158 2262//2267 39//39
f 571//571 655//655 661//661
f 588//588 683//683 678//678
f 683//683 1778//1780 1764//1766
f 1764//1766 1770//1772 1751//1753
f 563//563 739//739 561//561
f 739//739 1761//1763 1746//1748
f 739//739 560//560 561//561
f 1296//1296 1190//1190 1189//1189
f 1190//1190 1174//1174 1189//1189
f 1296//1296 2173//2176 1190//1190
f 1190//1190 2173//2176 2175//2178
f 1517//1519 1508//1510 1515//1517
f 223//223 234//234 226//226
f 1//1 42//42 2//2
f 4//4 140//140 5//5
f 7//7 141//141 8//8
f 10//10 133//133 11//11
f 13//13 127//127 14//14
f 16//16 152//152 17//17
f 19//19 172//172 20//20
f 22//22 83//83 23//23
f 25//25 84//84 6//6
f 27//27 85//85 28//28
f 30//30 36//36 25//25
f 31//31 27//27 29//29
f 33//33 31//31 32//32
f 35//35 88//88 36//36
f 37//37 321//321 38//38
f 39//39 375//375 40//40
f 42//42 135//135 43//43
f 20//20 172//172 44//44
f 46//46 201//201 47//47
f 51//51 62//62 16//16
f 52//52 155//155 53//53
f 55//55 137//137 56//56
f 58//58 1372//1374 59//59
f 61//61 142//142 62//62
f 63//63 198//198 64//64
f 60//60 59//59 66//66
f 68//68 153//153 69//69
f 71//71 52//52 54//54
f 73//73 193//193 74//74
f 76//76 73//73 75//75
f 77//77 75//75 78//78
f 83//83 57//57 56//56
f 2//2 43//43 84//84
f 10//10 12//12 85//85
f 36//36 3//3 2//2
f 86//86 10//10 27//27
f 87//87 86//86 31//31
f 88//88 162//162 3//3
f 89//89 334//334 90//90
f 92//92 167//167 93//93
f 45//45 160//160 95//95
f 97//97 109//109 98//98
f 100//100 104//104 63//63
f 101//101 248//248 102//102
f 104//104 331//331 105//105
f 107//107 63//63 53//53
f 96//96 98//98 109//109
f 106//106 105//105 90//90
f 111//111 45//45 96//96
f 112//112 116//116 113//113
f 45//45 111//111 21//21
f 114//114 113//113 115//115
f 110//110 113//113 116//116
f 47//47 330//330 117//117
f 97//97 119//119 110//110
f 118//118 113//113 110//110
f 118//118 117//117 120//120
f 122//122 333//333 123//123
f 123//123 332//332 125//125
f 126//126 329//329 127//127
f 129//129 320//320 130//130
f 131//131 13//13 66//66
f 66//66 59//59 133//133
f 1//1 130//130 134//134
f 59//59 1372//1374 11//11
f 134//134 339//339 135//135
f 55//55 325//325 136//136
f 138//138 96//96 95//95
f 140//140 328//328 8//8
f 142//142 319//319 143//143
f 144//144 327//327 145//145
f 145//145 327//327 147//147
f 62//62 143//143 149//149
f 148//148 147//147 150//150
f 149//149 5//5 152//152
f 153//153 323//323 154//154
f 155//155 187//187 108//108
f 156//156 198//198 63//63
f 145//145 148//148 157//157
f 35//35 319//319 154//154
f 132//132 133//133 10//10
f 148//148 151//151 159//159
f 144//144 328//328 38//38
f 160//160 45//45 44//44
f 131//131 132//132 86//86
f 138//138 48//48 50//50
f 147//147 327//327 32//32
f 129//129 1//1 3//3
f 163//163 146//146 145//145
f 26//26 149//149 143//143
f 126//126 128//128 164//164
f 166//166 325//325 167//167
f 28//28 150//150 147//147
f 168//168 253//253 169//169
f 5//5 149//149 26//26
f 169//169 253//253 102//102
f 22//22 323//323 44//44
f 173//173 168//168 170//170
f 175//175 58//58 60//60
f 176//176 175//175 67//67
f 14//14 229//229 177//177
f 179//179 235//235 180//180
f 182//182 181//181 180//180
f 183//183 188//188 184//184
f 108//108 189//189 183//183
f 186//186 189//189 108//108
f 188//188 183//183 189//189
f 186//186 338//338 190//190
f 191//191 337//337 74//74
f 82//82 196//196 194//194
f 111//111 116//116 196//196
f 112//112 331//331 195//195
f 196//196 82//82 19//19
f 185//185 156//156 107//107
f 80//80 82//82 195//195
f 198//198 156//156 93//93
f 185//185 184//184 200//200
f 198//198 199//199 81//81
f 201//201 46//46 202//202
f 204//204 210//210 205//205
f 204//204 2258//2263 207//207
f 208//208 209//209 160//160
f 95//95 160//160 209//209
f 211//211 236//236 212//212
f 214//214 268//268 215//215
f 221//221 173//173 174//174
f 174//174 284//284 277//277
f 277//277 220//220 174//174
f 222//222 248//248 101//101
f 177//177 272//272 224//224
f 225//225 223//223 226//226
f 228//228 271//271 229//229
f 231//231 280//280 232//232
f 237//237 295//295 174//174
f 238//238 222//222 223//223
f 233//233 252//252 242//242
f 217//217 219//219 228//228
f 170//170 169//169 243//243
f 244//244 258//258 245//245
f 239//239 265//265 247//247
f 248//248 222//222 171//171
f 249//249 247//247 250//250
f 240//240 247//247 249//249
f 219//219 269//269 251//251
f 241//241 249//249 253//253
f 254//254 270//270 255//255
f 257//257 281//281 258//258
f 253//253 249//249 103//103
f 169//169 171//171 259//259
f 260//260 263//263 261//261
f 263//263 217//217 264//264
f 265//265 269//269 260//260
f 266//266 285//285 267//267
f 214//214 281//281 257//257
f 219//219 218//218 260//260
f 238//238 259//259 171//171
f 254//254 285//285 266//266
f 218//218 217//217 263//263
f 239//239 270//270 266//266
f 262//262 213//213 212//212
f 265//265 266//266 251//251
f 242//242 252//252 251//251
f 228//228 219//219 252//252
f 228//228 233//233 232//232
f 272//272 216//216 215//215
f 213//213 262//262 261//261
f 212//212 101//101 103//103
f 247//247 260//260 262//262
f 256//256 255//255 221//221
f 221//221 220//220 273//273
f 273//273 293//293 274//274
f 267//267 285//285 275//275
f 277//277 284//284 278//278
f 280//280 231//231 282//282
f 256//256 274//274 275//275
f 283//283 287//287 278//278
f 231//231 242//242 276//276
f 278//278 288//288 286//286
f 287//287 300//300 288//288
f 274//274 294//294 289//289
f 282//282 292//292 290//290
f 282//282 276//276 291//291
f 275//275 289//289 291//291
f 293//293 298//298 294//294
f 295//295 283//283 284//284
f 173//173 239//239 241//241
f 290//290 304//304 245//245
f 292//292 291//291 296//296
f 289//289 303//303 296//296
f 298//298 309//309 299//299
f 300//300 1575//1577 301//301
f 288//288 301//301 302//302
f 294//294 299//299 303//303
f 290//290 292//292 297//297
f 305//305 304//304 297//297
f 297//297 296//296 307//307
f 296//296 303//303 308//308
f 309//309 743//743 310//310
f 301//301 1575//1577 311//311
f 301//301 312//312 313//313
f 299//299 310//310 308//308
f 314//314 245//245 304//304
f 173//173 221//221 255//255
f 298//298 293//293 315//315
f 273//273 220//220 315//315
f 309//309 298//298 316//316
f 271//271 232//232 216//216
f 229//229 271//271 272//272
f 280//280 214//214 216//216
f 317//317 302//302 313//313
f 286//286 302//302 317//317
f 279//279 286//286 316//316
f 220//220 277//277 279//279
f 227//227 226//226 235//235
f 56//56 137//137 129//129
f 30//30 143//143 319//319
f 69//69 154//154 319//319
f 137//137 136//136 320//320
f 165//165 164//164 321//321
f 70//70 69//69 142//142
f 24//24 23//23 88//88
f 322//322 182//182 166//166
f 24//24 154//154 323//323
f 136//136 325//325 166//166
f 161//161 44//44 323//323
f 324//324 167//167 325//325
f 23//23 56//56 162//162
f 208//208 161//161 153//153
f 326//326 324//324 55//55
f 172//172 19//19 83//83
f 178//178 176//176 15//15
f 9//9 8//8 146//146
f 128//128 131//131 87//87
f 327//327 144//144 34//34
f 328//328 144//144 146//146
f 128//128 127//127 13//13
f 38//38 321//321 33//33
f 66//66 13//13 15//15
f 135//135 126//126 165//165
f 5//5 140//140 141//141
f 135//135 339//339 329//329
f 164//164 87//87 33//33
f 84//84 37//37 4//4
f 152//152 141//141 7//7
f 328//328 140//140 4//4
f 116//116 112//112 194//194
f 124//124 125//125 120//120
f 330//330 122//122 124//124
f 105//105 114//114 91//91
f 331//331 112//112 114//114
f 89//89 91//91 115//115
f 64//64 80//80 100//100
f 54//54 53//53 106//106
f 63//63 104//104 106//106
f 195//195 331//331 104//104
f 123//123 77//77 79//79
f 333//333 76//76 77//77
f 334//334 71//71 72//72
f 332//332 79//79 71//71
f 125//125 89//89 121//121
f 210//210 204//204 139//139
f 202//202 2258//2263 335//335
f 337//337 191//191 338//338
f 337//337 186//186 187//187
f 98//98 96//96 138//138
f 75//75 74//74 187//187
f 113//113 118//118 121//121
f 117//117 118//118 119//119
f 49//49 48//48 119//119
f 49//49 97//97 99//99
f 125//125 332//332 334//334
f 79//79 78//78 52//52
f 78//78 75//75 155//155
f 81//81 199//199 324//324
f 199//199 93//93 167//167
f 19//19 197//197 57//57
f 43//43 165//165 37//37
f 94//94 93//93 156//156
f 94//94 200//200 322//322
f 180//180 235//235 320//320
f 130//130 320//320 235//235
f 234//234 236//236 134//134
f 134//134 211//211 264//264
f 230//230 329//329 339//339
f 329//329 230//230 229//229
f 340//340 68//68 70//70
f 158//158 39//39 41//41
f 345//345 9//9 163//163
f 348//348 393//393 349//349
f 351//351 205//205 209//209
f 353//353 405//405 354//354
f 355//355 353//353 356//356
f 358//358 406//406 359//359
f 360//360 355//355 357//357
f 362//362 390//390 363//363
f 343//343 2263//2268 356//356
f 366//366 2263//2268 367//367
f 369//369 7//7 9//9
f 346//346 400//400 370//370
f 371//371 2264//2269 372//372
f 374//374 1603//1605 40//40
f 356//356 353//353 347//347
f 376//376 385//385 41//41
f 377//377 371//371 373//373
f 352//352 388//388 379//379
f 380//380 386//386 381//381
f 340//340 412//412 383//383
f 376//376 2264//2269 371//371
f 380//380 403//403 370//370
f 387//387 379//379 388//388
f 390//390 405//405 353//353
f 370//370 400//400 391//391
f 392//392 406//406 358//358
f 356//356 2263//2268 366//366
f 377//377 411//411 385//385
f 393//393 412//412 394//394
f 359//359 406//406 394//394
f 395//395 389//389 396//396
f 398//398 392//392 362//362
f 367//367 2263//2268 343//343
f 390//390 355//355 360//360
f 342//342 411//411 400//400
f 361//361 357//357 366//366
f 386//386 391//391 402//402
f 403//403 407//407 404//404
f 350//350 349//349 392//392
f 405//405 358//358 344//344
f 349//349 394//394 406//406
f 341//341 70//70 61//61
f 345//345 370//370 403//403
f 368//368 367//367 407//407
f 409//409 368//368 408//408
f 41//41 385//385 411//411
f 400//400 411//411 377//377
f 402//402 391//391 377//377
f 401//401 366//366 368//368
f 346//346 163//163 158//158
f 396//396 383//383 412//412
f 341//341 394//394 412//412
f 362//362 358//358 405//405
f 397//397 396//396 393//393
f 384//384 208//208 68//68
f 413//413 387//387 389//389
f 389//389 388//388 383//383
f 384//384 383//383 388//388
f 352//352 209//209 208//208
f 410//410 408//408 380//380
f 408//408 407//407 403//403
f 407//407 367//367 399//399
f 414//414 528//528 415//415
f 417//417 443//443 418//418
f 420//420 451//451 421//421
f 423//423 427//427 424//424
f 426//426 529//529 427//427
f 424//424 530//530 428//428
f 418//418 441//441 429//429
f 430//430 443//443 417//417
f 432//432 494//494 433//433
f 435//435 430//430 431//431
f 437//437 538//538 438//438
f 439//439 445//445 440//440
f 444//444 535//535 440//440
f 446//446 442//442 443//443
f 447//447 430//430 435//435
f 448//448 446//446 430//430
f 446//446 448//448 449//449
f 451//451 450//450 449//449
f 452//452 420//420 422//422
f 454//454 452//452 453//453
f 456//456 454//454 455//455
f 458//458 456//456 457//457
f 459//459 704//704 460//460
f 460//460 704//704 461//461
f 462//462 463//463 458//458
f 463//463 462//462 464//464
f 466//466 465//465 464//464
f 467//467 469//469 468//468
f 469//469 472//472 470//470
f 471//471 470//470 472//472
f 474//474 471//471 473//473
f 479//479 480//480 474//474
f 480//480 479//479 481//481
f 483//483 482//482 481//481
f 485//485 483//483 484//484
f 486//486 489//489 487//487
f 488//488 487//487 489//489
f 491//491 488//488 490//490
f 493//493 434//434 433//433
f 434//434 493//493 495//495
f 497//497 554//554 496//496
f 498//498 554//554 497//497
f 500//500 498//498 499//499
f 502//502 500//500 501//501
f 504//504 502//502 503//503
f 506//506 504//504 505//505
f 507//507 510//510 508//508
f 509//509 508//508 510//510
f 512//512 519//519 513//513
f 515//515 521//521 516//516
f 518//518 524//524 513//513
f 520//520 523//523 516//516
f 522//522 536//536 523//523
f 518//518 535//535 444//444
f 438//438 538//538 525//525
f 527//527 528//528 441//441
f 429//429 441//441 528//528
f 416//416 415//415 529//529
f 530//530 629//629 531//531
f 532//532 512//512 514//514
f 519//519 442//442 534//534
f 522//522 532//532 533//533
f 527//527 442//442 512//512
f 420//420 537//537 534//534
f 440//440 534//534 537//537
f 456//456 458//458 463//463
f 452//452 539//539 540//540
f 538//538 537//537 540//540
f 540//540 539//539 465//465
f 526//526 525//525 541//541
f 543//543 542//542 541//541
f 545//545 540//540 466//466
f 541//541 540//540 545//545
f 546//546 545//545 470//470
f 546//546 549//549 547//547
f 548//548 543//543 544//544
f 549//549 558//558 548//548
f 550//550 471//471 474//474
f 551//551 550//550 482//482
f 487//487 552//552 551//551
f 553//553 552//552 488//488
f 491//491 434//434 496//496
f 555//555 553//553 554//554
f 556//556 555//555 498//498
f 557//557 559//559 549//549
f 550//550 551//551 557//557
f 558//558 549//549 559//559
f 559//559 567//567 561//561
f 561//561 567//567 562//562
f 564//564 566//566 563//563
f 565//565 571//571 566//566
f 557//557 568//568 567//567
f 570//570 552//552 555//555
f 571//571 565//565 572//572
f 574//574 573//573 572//572
f 565//565 577//577 576//576
f 577//577 565//565 564//564
f 579//579 576//576 577//577
f 581//581 583//583 579//579
f 582//582 586//586 583//583
f 584//584 578//578 562//562
f 581//581 580//580 578//578
f 582//582 587//587 585//585
f 587//587 591//591 588//588
f 591//591 587//587 584//584
f 588//588 591//591 592//592
f 568//568 594//594 589//589
f 502//502 600//600 595//595
f 590//590 589//589 594//594
f 592//592 590//590 596//596
f 593//593 592//592 597//597
f 600//600 601//601 599//599
f 599//599 602//602 596//596
f 601//601 607//607 602//602
f 607//607 610//610 603//603
f 602//602 604//604 605//605
f 603//603 611//611 608//608
f 605//605 612//612 609//609
f 610//610 622//622 611//611
f 604//604 608//608 612//612
f 606//606 609//609 598//598
f 506//506 613//613 600//600
f 509//509 614//614 613//613
f 613//613 616//616 601//601
f 616//616 620//620 607//607
f 619//619 618//618 607//607
f 622//622 610//610 618//618
f 619//619 624//624 623//623
f 621//621 676//676 624//624
f 527//527 625//625 529//529
f 625//625 628//628 424//424
f 625//625 527//527 522//522
f 626//626 515//515 517//517
f 628//628 625//625 521//521
f 629//629 626//626 627//627
f 630//630 633//633 631//631
f 632//632 636//636 631//631
f 629//629 631//631 634//634
f 635//635 634//634 631//631
f 516//516 523//523 639//639
f 630//630 627//627 641//641
f 576//576 579//579 643//643
f 611//611 622//622 645//645
f 633//633 630//630 642//642
f 542//542 543//543 648//648
f 574//574 575//575 650//650
f 598//598 609//609 652//652
f 648//648 543//543 548//548
f 655//655 573//573 574//574
f 444//444 445//445 656//656
f 658//658 563//563 566//566
f 548//548 558//558 660//660
f 566//566 571//571 661//661
f 660//660 558//558 560//560
f 523//523 536//536 663//663
f 536//536 533//533 664//664
f 533//533 514//514 665//665
f 632//632 633//633 647//647
f 439//439 438//438 667//667
f 669//669 419//419 429//429
f 438//438 526//526 671//671
f 445//445 439//439 668//668
f 650//650 575//575 576//576
f 514//514 513//513 672//672
f 579//579 583//583 673//673
f 583//583 586//586 674//674
f 622//622 623//623 675//675
f 609//609 612//612 677//677
f 585//585 588//588 678//678
f 627//627 517//517 680//680
f 623//623 624//624 681//681
f 586//586 585//585 679//679
f 526//526 542//542 649//649
f 624//624 676//676 638//638
f 612//612 608//608 682//682
f 517//517 516//516 640//640
f 608//608 611//611 646//646
f 593//593 598//598 653//653
f 513//513 524//524 684//684
f 455//455 453//453 685//685
f 507//507 505//505 687//687
f 493//493 494//494 689//689
f 473//473 472//472 691//691
f 422//422 421//421 693//693
f 475//475 473//473 692//692
f 531//531 634//634 696//696
f 416//416 426//426 698//698
f 476//476 475//475 695//695
f 701//701 510//510 507//507
f 459//459 457//457 702//702
f 704//704 459//459 703//703
f 511//511 510//510 701//701
f 670//670 429//429 414//414
f 636//636 632//632 666//666
f 461//461 704//704 705//705
f 414//414 416//416 699//699
f 417//417 419//419 669//669
f 495//495 493//493 690//690
f 478//478 476//476 700//700
f 479//479 478//478 712//712
f 497//497 495//495 711//711
f 436//436 431//431 716//716
f 426//426 423//423 718//718
f 432//432 492//492 719//719
f 462//462 461//461 709//709
f 447//447 436//436 717//717
f 696//696 634//634 635//635
f 635//635 636//636 708//708
f 494//494 432//432 720//720
f 431//431 417//417 710//710
f 481//481 479//479 714//714
f 448//448 447//447 722//722
f 484//484 481//481 724//724
f 464//464 462//462 721//721
f 428//428 531//531 697//697
f 486//486 484//484 726//726
f 467//467 464//464 727//727
f 499//499 497//497 715//715
f 469//469 467//467 730//730
f 501//501 499//499 731//731
f 503//503 501//501 733//733
f 425//425 428//428 728//728
f 449//449 448//448 725//725
f 453//453 422//422 694//694
f 489//489 486//486 729//729
f 421//421 449//449 736//736
f 457//457 455//455 686//686
f 423//423 425//425 735//735
f 490//490 489//489 737//737
f 505//505 503//503 734//734
f 492//492 490//490 738//738
f 472//472 469//469 732//732
f 739//739 1746//1748 740//740
f 245//245 314//314 741//741
f 318//318 752//752 742//742
f 743//743 309//309 317//317
f 310//310 747//747 744//744
f 314//314 750//750 745//745
f 312//312 748//748 746//746
f 743//743 742//742 747//747
f 311//311 757//757 748//748
f 307//307 753//753 749//749
f 305//305 751//751 750//750
f 306//306 749//749 751//751
f 313//313 746//746 752//752
f 308//308 744//744 753//753
f 746//746 756//756 754//754
f 752//752 754//754 755//755
f 748//748 758//758 756//756
f 757//757 789//789 758//758
f 742//742 755//755 759//759
f 747//747 759//759 760//760
f 749//749 762//762 763//763
f 750//750 751//751 763//763
f 745//745 750//750 764//764
f 762//762 766//766 767//767
f 763//763 767//767 768//768
f 764//764 768//768 769//769
f 761//761 770//770 766//766
f 767//767 766//766 770//770
f 768//768 767//767 771//771
f 769//769 768//768 772//772
f 760//760 774//774 761//761
f 770//770 761//761 774//774
f 771//771 770//770 775//775
f 772//772 771//771 776//776
f 773//773 772//772 777//777
f 774//774 760//760 779//779
f 775//775 774//774 780//780
f 776//776 775//775 781//781
f 777//777 776//776 782//782
f 778//778 777//777 783//783
f 779//779 760//760 759//759
f 755//755 786//786 785//785
f 754//754 787//787 786//786
f 787//787 754//754 756//756
f 758//758 790//790 788//788
f 789//789 792//792 790//790
f 791//791 790//790 792//792
f 790//790 791//791 794//794
f 788//788 794//794 795//795
f 787//787 795//795 796//796
f 786//786 796//796 797//797
f 785//785 797//797 798//798
f 779//779 798//798 799//799
f 780//780 799//799 800//800
f 782//782 781//781 800//800
f 783//783 782//782 801//801
f 784//784 783//783 802//802
f 793//793 815//815 804//804
f 791//791 804//804 805//805
f 794//794 805//805 806//806
f 795//795 806//806 807//807
f 796//796 807//807 808//808
f 797//797 808//808 809//809
f 799//799 798//798 809//809
f 800//800 799//799 810//810
f 801//801 800//800 811//811
f 802//802 801//801 812//812
f 803//803 802//802 813//813
f 815//815 1867//1869 816//816
f 804//804 816//816 817//817
f 805//805 817//817 818//818
f 806//806 818//818 819//819
f 807//807 819//819 820//820
f 808//808 820//820 821//821
f 810//810 809//809 821//821
f 814//814 813//813 823//823
f 813//813 812//812 826//826
f 812//812 811//811 827//827
f 811//811 810//810 822//822
f 816//816 1867//1869 828//828
f 817//817 816//816 829//829
f 817//817 830//830 831//831
f 818//818 831//831 832//832
f 819//819 832//832 833//833
f 820//820 833//833 834//834
f 822//822 821//821 834//834
f 827//827 822//822 835//835
f 826//826 827//827 836//836
f 825//825 826//826 837//837
f 823//823 825//825 838//838
f 824//824 823//823 839//839
f 828//828 859//859 841//841
f 829//829 841//841 842//842
f 830//830 842//842 843//843
f 831//831 843//843 844//844
f 832//832 844//844 845//845
f 833//833 845//845 846//846
f 835//835 834//834 846//846
f 836//836 835//835 847//847
f 837//837 836//836 848//848
f 838//838 837//837 849//849
f 839//839 838//838 850//850
f 840//840 839//839 851//851
f 853//853 846//846 845//845
f 844//844 855//855 854//854
f 843//843 856//856 855//855
f 856//856 843//843 842//842
f 857//857 842//842 841//841
f 858//858 841//841 859//859
f 847//847 846//846 853//853
f 848//848 847//847 861//861
f 849//849 848//848 862//862
f 850//850 849//849 863//863
f 851//851 850//850 864//864
f 852//852 851//851 865//865
f 865//865 864//864 867//867
f 857//857 874//874 869//869
f 861//861 853//853 870//870
f 866//866 865//865 868//868
f 853//853 854//854 873//873
f 858//858 878//878 874//874
f 863//863 862//862 875//875
f 862//862 861//861 871//871
f 855//855 877//877 873//873
f 864//864 863//863 876//876
f 856//856 869//869 877//877
f 860//860 888//888 878//878
f 874//874 891//891 879//879
f 879//879 891//891 880//880
f 869//869 879//879 881//881
f 877//877 881//881 882//882
f 870//870 873//873 882//882
f 871//871 870//870 883//883
f 885//885 882//882 881//881
f 882//882 885//885 886//886
f 884//884 883//883 886//886
f 875//875 871//871 884//884
f 888//888 902//902 889//889
f 878//878 889//889 890//890
f 891//891 874//874 890//890
f 880//880 891//891 892//892
f 885//885 880//880 893//893
f 885//885 894//894 895//895
f 886//886 895//895 896//896
f 896//896 897//897 876//876
f 867//867 876//876 897//897
f 868//868 867//867 898//898
f 872//872 868//868 899//899
f 901//901 889//889 902//902
f 889//889 901//901 904//904
f 890//890 904//904 905//905
f 892//892 905//905 906//906
f 893//893 906//906 907//907
f 895//895 894//894 907//907
f 896//896 895//895 908//908
f 897//897 896//896 909//909
f 898//898 897//897 910//910
f 899//899 898//898 911//911
f 900//900 899//899 912//912
f 903//903 925//925 914//914
f 901//901 914//914 915//915
f 904//904 915//915 916//916
f 905//905 916//916 917//917
f 906//906 917//917 918//918
f 908//908 907//907 918//918
f 909//909 908//908 919//919
f 910//910 909//909 920//920
f 911//911 910//910 921//921
f 912//912 911//911 922//922
f 913//913 912//912 923//923
f 925//925 928//928 926//926
f 927//927 926//926 928//928
f 930//930 927//927 929//929
f 932//932 930//930 931//931
f 934//934 932//932 933//933
f 936//936 934//934 935//935
f 938//938 936//936 937//937
f 940//940 938//938 939//939
f 942//942 940//940 941//941
f 944//944 942//942 943//943
f 914//914 926//926 946//946
f 947//947 946//946 926//926
f 948//948 947//947 927//927
f 949//949 948//948 930//930
f 950//950 949//949 932//932
f 951//951 950//950 934//934
f 952//952 951//951 936//936
f 953//953 952//952 938//938
f 954//954 953//953 940//940
f 955//955 954//954 942//942
f 915//915 946//946 956//956
f 957//957 956//956 946//946
f 958//958 957//957 947//947
f 959//959 958//958 948//948
f 960//960 959//959 949//949
f 961//961 960//960 950//950
f 962//962 961//961 951//951
f 963//963 962//962 952//952
f 964//964 963//963 953//953
f 965//965 964//964 954//954
f 916//916 956//956 966//966
f 967//967 966//966 956//956
f 968//968 967//967 957//957
f 969//969 968//968 958//958
f 960//960 970//970 969//969
f 961//961 971//971 970//970
f 962//962 972//972 971//971
f 963//963 973//973 972//972
f 964//964 974//974 973//973
f 965//965 983//983 974//974
f 918//918 917//917 966//966
f 967//967 976//976 975//975
f 968//968 977//977 976//976
f 969//969 978//978 977//977
f 970//970 979//979 978//978
f 971//971 980//980 979//979
f 972//972 981//981 980//980
f 973//973 982//982 981//981
f 974//974 984//984 982//982
f 983//983 993//993 984//984
f 919//919 918//918 975//975
f 976//976 986//986 985//985
f 977//977 987//987 986//986
f 978//978 988//988 987//987
f 979//979 989//989 988//988
f 980//980 990//990 989//989
f 981//981 991//991 990//990
f 982//982 992//992 991//991
f 984//984 994//994 992//992
f 993//993 1039//1039 994//994
f 920//920 919//919 985//985
f 921//921 920//920 995//995
f 922//922 921//921 996//996
f 923//923 922//922 997//997
f 924//924 923//923 998//998
f 986//986 1000//1000 995//995
f 996//996 995//995 1000//1000
f 997//997 996//996 1001//1001
f 998//998 997//997 1002//1002
f 999//999 998//998 1003//1003
f 988//988 1007//1007 1005//1005
f 1006//1006 1005//1005 1007//1007
f 1009//1009 1006//1006 1008//1008
f 1011//1011 1009//1009 1010//1010
f 1013//1013 1011//1011 1012//1012
f 987//987 1005//1005 1000//1000
f 1001//1001 1000//1000 1005//1005
f 1002//1002 1001//1001 1006//1006
f 1003//1003 1002//1002 1009//1009
f 1004//1004 1003//1003 1011//1011
f 989//989 1015//1015 1007//1007
f 1008//1008 1007//1007 1015//1015
f 1010//1010 1008//1008 1016//1016
f 1012//1012 1010//1010 1017//1017
f 1014//1014 1012//1012 1018//1018
f 990//990 1020//1020 1015//1015
f 1016//1016 1015//1015 1020//1020
f 1017//1017 1016//1016 1021//1021
f 1018//1018 1017//1017 1022//1022
f 1018//1018 1023//1023 1024//1024
f 991//991 1025//1025 1020//1020
f 1021//1021 1020//1020 1025//1025
f 1022//1022 1021//1021 1026//1026
f 1023//1023 1022//1022 1027//1027
f 1024//1024 1023//1023 1028//1028
f 992//992 1030//1030 1025//1025
f 1026//1026 1025//1025 1030//1030
f 1027//1027 1026//1026 1031//1031
f 994//994 1033//1033 1030//1030
f 1031//1031 1030//1030 1033//1033
f 1032//1032 1031//1031 1034//1034
f 1028//1028 1027//1027 1032//1032
f 1029//2270 1028//2270 1037//2270
f 1039//1039 993//993 1040//1040
f 1042//1042 1040//1040 993//993
f 1043//1043 1042//1042 983//983
f 1044//1044 1043//1043 965//965
f 1045//1045 1044//1044 955//955
f 1045//1045 944//944 945//945
f 1039//1039 1047//1047 1033//1033
f 1034//1034 1033//1033 1047//1047
f 1047//1047 1039//1039 1041//1041
f 1048//1048 1047//1047 1049//1049
f 1051//1051 1036//1037 1032//1032
f 1036//2271 1051//2271 1052//2271
f 1037//2272 1052//2272 1053//2272
f 1054//1054 1099//1099 1055//1055
f 1057//1057 1149//1149 1058//1058
f 1058//1058 1056//1056 1055//1055
f 1060//1060 1089//1089 1061//1061
f 1063//1063 1116//1116 1064//1064
f 1106//1106 1067//1067 1066//1066
f 1067//1067 1192//1192 1068//1068
f 1069//1069 1072//1072 1070//1070
f 1061//1061 1089//1089 1072//1072
f 1073//1073 1301//1301 1074//1074
f 1076//1076 1103//1103 1077//1077
f 1079//1079 1099//1099 1054//1054
f 1081//1081 1087//1087 1079//1079
f 1083//1083 1073//1073 1075//1075
f 1085//1085 1095//1095 1086//1086
f 1088//1088 1122//1122 1089//1089
f 1055//1055 1099//1099 1090//1090
f 1092//1092 1059//1059 1093//1093
f 1095//1095 1133//1133 1096//1096
f 1057//1057 1088//1088 1060//1060
f 1059//1059 1092//1092 1088//1088
f 1097//1097 1060//1060 1062//1062
f 1086//1086 1096//1096 1090//1090
f 1079//1079 1087//1087 1086//1086
f 1100//1100 1083//1083 1084//1084
f 1085//1085 1087//1087 1081//1081
f 1076//1076 1063//1063 1065//1065
f 1068//1068 1192//1192 1104//1104
f 1104//1104 1092//1092 1094//1094
f 1066//1066 1311//1313 1105//1105
f 1059//1059 1055//1055 1091//1091
f 1107//1107 1115//1115 1108//1108
f 1110//1110 1117//1117 1111//1111
f 1113//1113 1114//1114 1107//1107
f 1102//1102 1107//1107 1114//1114
f 1101//1101 1110//1110 1115//1115
f 1116//1116 2113//2116 1117//1117
f 1108//1108 1138//1138 1118//1118
f 1111//1111 1144//1144 1119//1119
f 1109//1109 1118//1118 1120//1120
f 1121//1121 1072//1072 1089//1089
f 1088//1088 1092//1092 1122//1122
f 1092//1092 1104//1104 1123//1123
f 1070//1070 1072//1072 1106//1106
f 1072//1072 1121//1121 1106//1106
f 1124//1124 1312//1314 1125//1125
f 1044//1044 1313//1315 1127//1127
f 1128//1128 1305//1307 1068//1068
f 1129//1129 1128//1128 1094//1094
f 1130//1130 1129//1129 1093//1093
f 1131//1131 1130//1130 1091//1091
f 1096//1096 1304//1306 1131//1131
f 1132//1132 1304//1306 1096//1096
f 1095//1095 1135//1135 1134//1134
f 1135//1135 1095//1095 1114//1114
f 1120//1120 1134//1134 1135//1135
f 1120//1120 1118//1118 1136//1136
f 1134//1134 1120//1120 1137//1137
f 1132//1132 1133//1133 1137//1137
f 1139//1139 1137//1137 1136//1136
f 1141//1141 1140//1140 1142//1142
f 1144//1144 1142//1142 1145//1145
f 1054//1054 1148//1148 1146//1146
f 1054//1054 1056//1056 1147//1147
f 1149//1149 1157//1157 1150//1150
f 1074//1074 1301//1301 1152//1152
f 1078//1078 1077//1077 1154//1154
f 1056//1056 1058//1058 1156//1156
f 1157//1157 1170//1170 1158//1158
f 1147//1147 1162//1162 1159//1159
f 1154//1154 1178//1178 1160//1160
f 1152//1152 1181//1181 1161//1161
f 1156//1156 1169//1169 1162//1162
f 1150//1150 1164//1164 1163//1163
f 1158//1158 1175//1175 1164//1164
f 1148//1148 1159//1159 1165//1165
f 1082//1082 1079//1079 1080//1080
f 1146//1146 1165//1165 1167//1167
f 1166//1166 1080//1080 1146//1146
f 1151//1151 1163//1163 1169//1169
f 1058//1058 1149//1149 1151//1151
f 1097//1097 1157//1157 1149//1149
f 1097//1097 1098//1098 1170//1170
f 1159//1159 1162//1162 1171//1171
f 1167//1167 1165//1165 1173//1173
f 1175//1175 1184//1184 1176//1176
f 1162//1162 1169//1169 1177//1177
f 1178//1178 1299//1299 1179//1179
f 1169//1169 1163//1163 1180//1180
f 1165//1165 1159//1159 1172//1172
f 1163//1163 1164//1164 1176//1176
f 1181//1181 1191//1191 1182//1182
f 1183//1183 1180//1180 1176//1176
f 1185//1185 1177//1177 1180//1180
f 1171//1171 1177//1177 1185//1185
f 1172//1172 1171//1171 1186//1186
f 1173//1173 1297//1297 1188//1188
f 1123//1123 1104//1104 1192//1192
f 1121//1121 1122//1122 1067//1067
f 1122//1122 1123//1123 1067//1067
f 1193//1193 1206//1206 1194//1194
f 1194//1194 1206//1206 1196//1196
f 1198//1198 1197//1197 1196//1196
f 1200//1200 1198//1198 1199//1199
f 1201//1201 1211//1211 1202//1202
f 1206//1206 1204//1204 1207//1207
f 1199//1199 1196//1196 1207//1207
f 1201//1201 1199//1199 1208//1208
f 1209//1209 2265//2273 1210//1210
f 1210//1210 2265//2273 1213//1213
f 1216//1216 1234//1234 1217//1217
f 1219//1219 2266//2274 1220//1220
f 1222//1222 1270//1270 1223//1223
f 1228//1228 1263//1263 1229//1229
f 1231//1231 2198//2201 1227//1227
f 1232//1232 2198//2201 1231//1231
f 1233//1233 1231//1231 1230//1230
f 1216//1216 1231//1231 1233//1233
f 1235//1235 1218//1218 1236//1236
f 1217//1217 1240//1240 1236//1236
f 1244//1244 1275//1275 1245//1245
f 1247//1247 1297//1297 1248//1248
f 1250//1250 1222//1222 1224//1224
f 1193//1193 1195//1195 1255//1255
f 1203//1203 1205//1205 1219//1219
f 1257//1257 1254//1254 1258//1258
f 1249//1249 1262//1262 1251//1251
f 1257//1257 1189//1189 1188//1188
f 1262//1262 1249//1249 1248//1248
f 1228//1228 1222//1222 1250//1250
f 1226//1226 1270//1270 1222//1222
f 1212//1212 1211//1211 1215//1215
f 1232//1232 1216//1216 1218//1218
f 1253//1253 1256//1256 1255//1255
f 1265//1265 1281//1281 1266//1266
f 1219//1219 1205//1205 1193//1193
f 1223//1223 1270//1270 1268//1268
f 1270//1270 1226//1226 1225//1225
f 1271//1271 1293//1293 1272//1272
f 1274//1274 1292//1292 1275//1275
f 1276//1276 2266//2274 1277//1277
f 1278//1278 1220//1220 1279//1279
f 1277//1277 2266//2274 1219//1219
f 1277//1277 1256//1256 1253//1253
f 1276//1276 1244//1244 1246//1246
f 1246//1246 1280//1280 1279//1279
f 1265//1265 1271//1271 1223//1223
f 1281//1281 1282//1282 1280//1280
f 1273//1273 1283//1283 1261//1261
f 1273//1273 1224//1224 1223//1223
f 1281//1281 1265//1265 1269//1269
f 1274//1274 1244//1244 1276//1276
f 1274//1274 1252//1252 1261//1261
f 1275//1275 1289//1289 1284//1284
f 1285//1285 1272//1272 1286//1286
f 1275//1275 1292//1292 1288//1288
f 1267//1267 1266//1266 1290//1290
f 1274//1274 1283//1283 1285//1285
f 1281//1281 1246//1246 1245//1245
f 1283//1283 1273//1273 1272//1272
f 1271//1271 1265//1265 1267//1267
f 1245//1245 1284//1284 1290//1290
f 1292//1292 1285//1285 1287//1287
f 1293//1293 1295//1295 1286//1286
f 1293//1293 1267//1267 1291//1291
f 1254//1254 1257//1257 1260//1260
f 1220//1220 2266//2274 1276//1276
f 1189//1189 1257//1257 1259//1259
f 1297//1297 1247//1247 1260//1260
f 1249//1249 1224//1224 1261//1261
f 1172//1172 1248//1248 1297//1297
f 1142//1142 1144//1144 1298//1298
f 1103//1103 1065//1065 1084//1084
f 1117//1117 1110//1110 1101//1101
f 1111//1111 1300//1300 1298//1298
f 1077//1077 1103//1103 1075//1075
f 1140//1140 1136//1136 1145//1145
f 1077//1077 1074//1074 1153//1153
f 1117//1117 2113//2116 1300//1300
f 1299//1299 1178//1178 1161//1161
f 1064//1064 1101//1101 1084//1084
f 1178//1178 1154//1154 1153//1153
f 1100//1100 1115//1115 1107//1107
f 1181//1181 1152//1152 1168//1168
f 1191//1191 1190//1190 1299//1299
f 1138//1138 1108//1108 1112//1112
f 1181//1181 1167//1167 1174//1174
f 1301//1301 1073//1073 1082//1082
f 1301//1301 1166//1166 1168//1168
f 1115//1115 1110//1110 1112//1112
f 1073//1073 1083//1083 1081//1081
f 1083//1083 1100//1100 1102//1102
f 1052//2275 1140//2275 1141//2275
f 1051//2276 1139//2276 1140//2276
f 1302//1304 1304//1306 1132//1132
f 1303//1305 1131//1131 1304//1306
f 1129//1129 1303//1305 1302//1304
f 1130//1130 1131//1131 1303//1305
f 1042//1042 1043//1043 1127//1127
f 1040//1040 1042//1042 1306//1308
f 1041//1041 1040//1040 1307//1309
f 1049//1049 1041//1041 1308//1310
f 1125//1125 1311//1313 1310//1312
f 1311//1313 1125//1125 1312//1314
f 1071//1071 1070//1070 1312//1314
f 1045//1045 1314//1316 1313//1315
f 1046//1046 1316//1318 1314//1316
f 1068//1068 1305//1307 1315//1317
f 1315//1317 1305//1307 1309//1311
f 1307//1309 1306//1308 1066//1066
f 1127//1127 1311//1313 1066//1066
f 1310//1312 1311//1313 1314//1316
f 1317//1319 1356//1358 1318//1320
f 1320//1322 1340//1342 1321//1323
f 1323//1325 1590//1592 1324//1326
f 1326//1328 12//12 11//11
f 1328//1330 1437//1439 1329//1331
f 1331//1333 1459//1461 1332//1334
f 1334//1336 1358//1360 1335//1337
f 1337//1339 1586//1588 1338//1340
f 1340//1342 1393//1395 1341//1343
f 28//28 85//85 1343//1345
f 1345//1347 1342//1344 1341//1343
f 1344//1346 1343//1345 1347//1349
f 1348//1350 1347//1349 1349//1351
f 1351//1353 1345//1347 1346//1348
f 1353//1355 1584//1586 1354//1356
f 1355//1357 1445//1447 1356//1358
f 1334//1336 1404//1406 1357//1359
f 1359//1361 1360//1362 47//47
f 1363//1365 1333//1335 1332//1334
f 1365//1367 1384//1386 1366//1368
f 1368//1370 1583//1585 1369//1371
f 58//58 1378//1380 1371//1373
f 1373//1375 1363//1365 1364//1366
f 1375//1377 1490//1492 1376//1378
f 1378//1380 1477//1479 1379//1381
f 1380//1382 1585//1587 1381//1383
f 1383//1385 1420//1422 1384//1386
f 1385//1387 193//193 73//73
f 1386//1388 73//73 76//76
f 1388//1390 1386//1388 1387//1389
f 1339//1341 1338//1340 1368//1370
f 1393//1395 1355//1357 1317//1319
f 85//85 12//12 1326//1328
f 1346//1348 1341//1343 1317//1319
f 1343//1345 1326//1328 1394//1396
f 1347//1349 1394//1396 1395//1397
f 1352//1354 1346//1348 1319//1321
f 1397//1399 1426//1428 1398//1400
f 1400//1402 1601//1603 1401//1403
f 1403//1405 1466//1468 1404//1406
f 1406//1408 1418//1420 1407//1409
f 1409//1411 1377//1379 1376//1378
f 1411//1413 1534//1536 1412//1414
f 1414//1416 1487//1489 1410//1412
f 1366//1368 1376//1378 1416//1418
f 1418//1420 1406//1408 1405//1407
f 1398//1400 1414//1416 1415//1417
f 1421//1423 1419//1421 1405//1407
f 1422//1424 1427//1429 1423//1425
f 1336//1338 1421//1423 1404//1406
f 1425//1427 1422//1424 1424//1426
f 1419//1421 1421//1423 1427//1429
f 1428//1430 330//330 47//47
f 1407//1409 1418//1420 1419//1421
f 1419//1421 1422//1424 1430//1432
f 1431//1433 1428//1430 1430//1432
f 122//122 1435//1437 1433//1435
f 1434//1436 1595//1597 1433//1435
f 1436//1438 1591//1593 1437//1439
f 1439//1441 1318//1320 1440//1442
f 1442//1444 1443//1445 1379//1381
f 1327//1329 1371//1373 1379//1381
f 1318//1320 1356//1358 1444//1446
f 11//11 1372//1374 1371//1373
f 1445//1447 1593//1595 1444//1446
f 1369//1371 1583//1585 1446//1448
f 1403//1405 1405//1407 1448//1450
f 1324//1326 1592//1594 1322//1324
f 1374//1376 1364//1366 1450//1452
f 1452//1454 1456//1458 1453//1455
f 1452//1454 1458//1460 1455//1457
f 1364//1366 1332//1334 1457//1459
f 1458//1460 151//151 150//150
f 1459//1461 1321//1323 1457//1459
f 1382//1384 1381//1383 1460//1462
f 1367//1369 1366//1368 1417//1419
f 1376//1378 1490//1492 1463//1465
f 1464//1466 1458//1460 1452//1454
f 1351//1353 1586//1588 1460//1462
f 1326//1328 1327//1329 1443//1445
f 159//159 151//151 1458//1460
f 1353//1355 1592//1594 1453//1455
f 1466//1468 1587//1589 1357//1359
f 1394//1396 1443//1445 1442//1444
f 1361//1363 1360//1362 1448//1450
f 1348//1350 1456//1458 1455//1457
f 1319//1321 1318//1320 1439//1441
f 1467//1469 1465//1467 1452//1454
f 1342//1344 1345//1347 1450//1452
f 1468//1470 1591//1593 1436//1438
f 1470//1472 1400//1402 1402//1404
f 28//28 1344//1346 1455//1457
f 1471//1473 1474//1476 1472//1474
f 1342//1344 1457//1459 1321//1323
f 1471//1473 1526//1528 1412//1414
f 1337//1339 1358//1360 1357//1359
f 1473//1475 1472//1474 1475//1477
f 175//175 1477//1479 1378//1380
f 176//176 1330//1332 1477//1479
f 1478//1480 1509//1511 1328//1330
f 179//179 181//181 1479//1481
f 182//182 1470//1472 1479//1481
f 1481//1483 1488//1490 184//184
f 1417//1419 1416//1418 1481//1483
f 1417//1419 1482//1484 1483//1485
f 188//188 190//190 1482//1484
f 1483//1485 1482//1484 190//190
f 1385//1387 1599//1601 191//191
f 1484//1486 1486//1488 1391//1393
f 1421//1423 1336//1338 1486//1488
f 1423//1425 1484//1486 1485//1487
f 1486//1488 1336//1338 1335//1337
f 1488//1490 1481//1483 1416//1418
f 1390//1392 1409//1411 1485//1487
f 1490//1492 1600//1602 1401//1403
f 1488//1490 1601//1603 200//200
f 1392//1394 1600//1602 1490//1492
f 201//201 203//203 1491//1493
f 205//205 1594//1596 1492//1494
f 1493//1495 2257//2262 1492//1494
f 1494//1496 1587//1589 1466//1468
f 1403//1405 1594//1596 1495//1497
f 1496//1498 1516//1518 1497//1499
f 215//215 268//268 1499//1501
f 1476//1478 1475//1477 1546//1548
f 1546//1548 1582//1584 1476//1478
f 1582//1584 1504//1506 1476//1478
f 1506//1508 1517//1519 1411//1413
f 1478//1480 178//178 224//224
f 1508//1510 1517//1519 225//225
f 1509//1511 1580//1582 1510//1512
f 1512//1514 1550//1552 1513//1515
f 1476//1478 295//295 237//237
f 1517//1519 1506//1508 238//238
f 1514//1516 1513//1515 1521//1523
f 1510//1512 1502//1504 1501//1503
f 243//243 1471//1473 1473//1475
f 244//244 246//246 1523//1525
f 1525//1527 1539//1541 1518//1520
f 1413//1415 1412//1414 1526//1528
f 1527//1529 1534//1536 1528//1530
f 1527//1529 1525//1527 1520//1522
f 1529//1531 2267//2277 1502//1504
f 1474//1476 1527//1529 1519//1521
f 1530//1532 1544//1546 1531//1533
f 257//257 244//244 1524//1526
f 1474//1476 1412//1414 1534//1536
f 259//259 1526//1528 1471//1473
f 1535//1537 1543//1545 1536//1538
f 1538//1540 1501//1503 1537//1539
f 1535//1537 2267//2277 1539//1541
f 1540//1542 1529//1531 1541//1543
f 257//257 1533//1535 1499//1501
f 1502//1504 2267//2277 1535//1537
f 1526//1528 259//259 238//238
f 1540//1542 1542//1544 1530//1532
f 1503//1505 1535//1537 1537//1539
f 1518//1520 1539//1541 1540//1542
f 1543//1545 1528//1530 1496//1498
f 1539//1541 2267//2277 1529//1531
f 1521//1523 1541//1543 1529//1531
f 1510//1512 1514//1516 1522//1524
f 1510//1512 1580//1582 1512//1514
f 1507//1509 224//224 215//215
f 1536//1538 1543//1545 1498//1500
f 1534//1536 1411//1413 1496//1498
f 1543//1545 1535//1537 1525//1527
f 1546//1548 1531//1533 1544//1546
f 1545//1547 1582//1584 1546//1548
f 1547//1549 1560//1562 1545//1547
f 1541//1543 1552//1554 1548//1550
f 1504//1506 1554//1556 1549//1551
f 1550//1552 1533//1535 1551//1553
f 1548//1550 1547//1549 1544//1546
f 283//283 1505//1507 1549//1551
f 1513//1515 1551//1553 1552//1554
f 1553//1555 1555//1557 1549//1551
f 1555//1557 300//300 287//287
f 1556//1558 1559//1561 1547//1549
f 1557//1559 1561//1563 1551//1553
f 1551//1553 1561//1563 1558//1560
f 1558//1560 1556//1558 1548//1550
f 1559//1561 1564//1566 1560//1562
f 1505//1507 283//283 295//295
f 1475//1477 1472//1474 1519//1521
f 1523//1525 1570//1572 1557//1559
f 1561//1563 1568//1570 1562//1564
f 1562//1564 1567//1569 1556//1558
f 1563//1565 1574//1576 1564//1566
f 1565//1567 1575//1577 300//300
f 1566//1568 1565//1567 1555//1557
f 1567//1569 1563//1565 1559//1561
f 1557//1559 1570//1572 1568//1570
f 1569//1571 1801//1803 1568//1570
f 1568//1570 1801//1803 1571//1573
f 1562//1564 1571//1573 1572//1574
f 1573//1575 1794//1796 1574//1576
f 1565//1567 1797//1799 311//311
f 1576//1578 1797//1799 1565//1567
f 1572//1574 1573//1575 1563//1565
f 1577//1579 1569//1571 1570//1572
f 1531//1533 1546//1548 1475//1477
f 1564//1566 1579//1581 1578//1580
f 1578//1580 1582//1584 1545//1547
f 1574//1576 1581//1583 1579//1581
f 1580//1582 1507//1509 1500//1502
f 1509//1511 1478//1480 1507//1509
f 1500//1502 1499//1501 1550//1552
f 1581//1583 1793//1795 1576//1578
f 1581//1583 1566//1568 1553//1555
f 1579//1581 1553//1555 1554//1556
f 1582//1584 1578//1580 1554//1556
f 1480//1482 1508//1510 227//227
f 1368//1370 1396//1398 1439//1441
f 1345//1347 1351//1353 1451//1453
f 1381//1383 1374//1376 1451//1453
f 1583//1585 1439//1441 1441//1443
f 1584//1586 1468//1470 1469//1471
f 1585//1587 1373//1375 1374//1376
f 1586//1588 1351//1353 1352//1354
f 322//322 1400//1402 1470//1472
f 1586//1588 1337//1339 1461//1463
f 1470//1472 1447//1449 1446//1448
f 1587//1589 1382//1384 1461//1463
f 1588//1590 1369//1371 1447//1449
f 1338//1340 1352//1354 1396//1398
f 1494//1496 1380//1382 1382//1384
f 1589//1591 1370//1372 1369//1371
f 1358//1360 1337//1339 1339//1341
f 178//178 1328//1330 1330//1332
f 1590//1592 1467//1469 1454//1456
f 1395//1397 1442//1444 1591//1593
f 1350//1352 1453//1455 1456//1458
f 1454//1456 1453//1455 1592//1594
f 1591//1593 1442//1444 1329//1331
f 1353//1355 1350//1352 1349//1351
f 1330//1332 1329//1331 1379//1381
f 1469//1471 1436//1438 1445//1447
f 1325//1327 1322//1324 1321//1323
f 1445//1447 1436//1438 1438//1440
f 1349//1351 1395//1397 1468//1470
f 1320//1322 1354//1356 1393//1395
f 1323//1325 1325//1327 1459//1461
f 1320//1322 1322//1324 1592//1594
f 1427//1429 1486//1488 1484//1486
f 1431//1433 1434//1436 1435//1437
f 330//330 1428//1430 1435//1437
f 1426//1428 1424//1426 1414//1416
f 1424//1426 1423//1425 1487//1489
f 1425//1427 1426//1428 1397//1399
f 1375//1377 1377//1379 1409//1411
f 1384//1386 1420//1422 1415//1417
f 1415//1417 1410//1412 1376//1378
f 1485//1487 1409//1411 1410//1412
f 1389//1391 1387//1389 1433//1435
f 1387//1389 76//76 333//333
f 1399//1401 1398//1400 1420//1422
f 1595//1597 1399//1401 1383//1385
f 1432//1434 1397//1399 1434//1436
f 1449//1451 1492//1494 1594//1596
f 1596//1598 2257//2262 1597//1599
f 1599//1601 1483//1485 338//338
f 1462//1464 1483//1485 1599//1601
f 1406//1408 1408//1410 1448//1450
f 1386//1388 1367//1369 1462//1464
f 1432//1434 1430//1432 1422//1424
f 1429//1431 1430//1432 1428//1430
f 1362//1364 1407//1409 1429//1431
f 1408//1410 1407//1409 1362//1364
f 1434//1436 1397//1399 1399//1401
f 1389//1391 1383//1385 1365//1367
f 1388//1390 1365//1367 1367//1369
f 1392//1394 1589//1591 1588//1590
f 1600//1602 1588//1590 1402//1404
f 1335//1337 1339//1341 1370//1372
f 1354//1356 1469//1471 1355//1357
f 1601//1603 1488//1490 1463//1465
f 1601//1603 1400//1402 322//322
f 1441//1443 1480//1482 1479//1481
f 1440//1442 1515//1517 1480//1482
f 1444//1446 1516//1518 1515//1517
f 1538//1540 1497//1499 1444//1446
f 1511//1513 1501//1503 1593//1595
f 1509//1511 1511//1513 1438//1440
f 1602//1604 1659//1661 1585//1587
f 1603//1605 374//374 1465//1467
f 1607//1609 1628//1630 1467//1469
f 1609//1611 1658//1660 1610//1612
f 1495//1497 205//205 351//351
f 1613//1615 1645//1647 1614//1616
f 1615//1617 1620//1622 1616//1618
f 1617//1619 1649//1651 1618//1620
f 1619//1621 1655//1657 1620//1622
f 1621//1623 1644//1646 1622//1624
f 1605//1607 1632//1634 1616//1618
f 1625//1627 1660//1662 1626//1628
f 1627//1629 1607//1609 1590//1592
f 1628//1630 1607//1609 1629//1631
f 372//372 2264//2269 1631//1633
f 1608//1610 1614//1616 1616//1618
f 1603//1605 1641//1643 376//376
f 637//637 1631//1633 1633//1635
f 1612//1614 351//351 379//379
f 1636//1638 1647//1649 1637//1639
f 1602//1604 1666//1668 1639//1641
f 1631//1633 2264//2269 376//376
f 1637//1639 1647//1649 1629//1631
f 1635//1637 379//379 387//387
f 1644//1646 1615//1617 1614//1616
f 1646//1648 1630//1632 1629//1631
f 1648//1650 1622//1624 1618//1620
f 1625//1627 1624//1626 1616//1618
f 1633//1635 1631//1633 1641//1643
f 1611//1613 1610//1612 1651//1653
f 1617//1619 1659//1661 1651//1653
f 713//713 1665//1667 1652//1654
f 1653//1655 1623//1625 1622//1624
f 1605//1607 1624//1626 1626//1628
f 1619//1621 1615//1617 1644//1646
f 1604//1606 1628//1630 1630//1632
f 1655//1657 1664//1666 1625//1627
f 1656//1658 1646//1648 1647//1649
f 1657//1659 1661//1663 1642//1644
f 1658//1660 1653//1655 1648//1650
f 1606//1608 1618//1620 1645//1647
f 1610//1612 1648//1650 1649//1651
f 1659//1661 1617//1619 1373//1375
f 1607//1609 1627//1629 1642//1644
f 1660//1662 1663//1665 1661//1663
f 1662//1664 1667//1669 1663//1665
f 1603//1605 1604//1606 1650//1652
f 1633//1635 1650//1652 1630//1632
f 1656//1658 1634//1636 1633//1635
f 1664//1666 1662//1664 1660//1662
f 1628//1630 1604//1606 1465//1467
f 1652//1654 1611//1613 1640//1642
f 1659//1661 1602//1604 1640//1642
f 1622//1624 1644//1646 1645//1647
f 1665//1667 1609//1611 1611//1613
f 1666//1668 1602//1604 1380//1382
f 413//413 713//713 1643//1645
f 1639//1641 1635//1637 1643//1645
f 1666//1668 1612//1614 1635//1637
f 1494//1496 1495//1497 1612//1614
f 1667//1669 1638//1640 1637//1639
f 1663//1665 1637//1639 1642//1644
f 1654//1656 1626//1628 1661//1663
f 707//707 699//699 1668//1670
f 710//710 669//669 1670//1672
f 1672//1674 694//694 693//693
f 718//718 735//735 1674//1676
f 698//698 718//718 1675//1677
f 728//728 1727//1729 1674//1676
f 670//670 1682//1684 1670//1672
f 1677//1679 716//716 710//710
f 719//719 1706//1708 1678//1680
f 716//716 1677//1679 1679//1681
f 667//667 1725//1727 1680//1682
f 1681//1683 656//656 668//668
f 657//657 656//656 1681//1683
f 1685//1687 1677//1679 1671//1673
f 1679//1681 1677//1679 722//722
f 1677//1679 1685//1687 725//725
f 736//736 725//725 1685//1687
f 1673//1675 693//693 736//736
f 694//694 1672//1674 1687//1689
f 685//685 1687//1689 1688//1690
f 1689//1691 702//702 686//686
f 1690//1692 703//703 702//702
f 703//703 1690//1692 1691//1693
f 709//709 705//705 1691//1693
f 1690//1692 1692//1694 721//721
f 727//727 721//721 1692//1694
f 1694//1696 730//730 727//727
f 1695//1697 732//732 730//730
f 1696//1698 691//691 732//732
f 691//691 1696//1698 1697//1699
f 692//692 1697//1699 1698//1700
f 1698//1700 1700//1702 714//714
f 724//724 714//714 1700//1702
f 1702//1704 726//726 724//724
f 1703//1705 729//729 726//726
f 1704//1706 737//737 729//729
f 737//737 1704//1706 1705//1707
f 738//738 1705//1707 1706//1708
f 1707//1709 689//689 720//720
f 1707//1709 1678//1680 690//690
f 711//711 690//690 1678//1680
f 1708//1710 1710//1712 715//715
f 1709//1711 731//731 715//715
f 1711//1713 733//733 731//731
f 1712//1714 734//734 733//733
f 1713//1715 687//687 734//734
f 1714//1716 688//688 687//687
f 688//688 1714//1716 1715//1717
f 1716//1718 706//706 701//701
f 1717//1719 665//665 672//672
f 1719//1721 680//680 640//640
f 672//672 684//684 1721//1723
f 640//640 639//639 1722//1724
f 639//639 663//663 1723//1725
f 1721//1723 684//684 657//657
f 667//667 671//671 1724//1726
f 1726//1728 1683//1685 1682//1684
f 670//670 707//707 1669//1671
f 699//699 698//698 1676//1678
f 697//697 1790//1792 1727//1729
f 1728//1730 664//664 665//665
f 1718//1720 1721//1723 1729//1731
f 1723//1725 663//663 664//664
f 1717//1719 1683//1685 1726//1728
f 1672//1674 1673//1675 1729//1731
f 1730//1732 1729//1731 1681//1683
f 1692//1694 1690//1692 1689//1691
f 1732//1734 1731//1733 1687//1689
f 1732//1734 1730//1732 1725//1727
f 1693//1695 1731//1733 1732//1734
f 671//671 649//649 1733//1735
f 1733//1735 649//649 648//648
f 1735//1737 1695//1697 1694//1696
f 1735//1737 1732//1734 1733//1735
f 1696//1698 1735//1737 1736//1738
f 1736//1738 1735//1737 1737//1739
f 654//654 1737//1739 1734//1736
f 1738//1740 1737//1739 654//654
f 1739//1741 1700//1702 1698//1700
f 1701//1703 1739//1741 1740//1742
f 1704//1706 1703//1705 1740//1742
f 1705//1707 1741//1743 1742//1744
f 1708//1710 1678//1680 1706//1708
f 1710//1712 1742//1744 1743//1745
f 1709//1711 1743//1745 1744//1746
f 1745//1747 1736//1738 1738//1740
f 1745//1747 1740//1742 1739//1741
f 660//660 662//662 740//740
f 1746//1748 1761//1763 1747//1749
f 1749//1751 1761//1763 658//658
f 1750//1752 1749//1751 659//659
f 1745//1747 740//740 1746//1748
f 1751//1753 1770//1772 1752//1754
f 1743//1745 1741//1743 1754//1756
f 1755//1757 1750//1752 661//661
f 1755//1757 655//655 651//651
f 1750//1752 650//650 644//644
f 1749//1751 1750//1752 1756//1758
f 1756//1758 644//644 643//643
f 1759//1761 1758//1760 643//643
f 1760//1762 1759//1761 673//673
f 1753//1755 1747//1749 1761//1763
f 1759//1761 1753//1755 1757//1759
f 679//679 1762//1764 1760//1762
f 678//678 1763//1765 1762//1764
f 678//678 683//683 1764//1766
f 1763//1765 1751//1753 1753//1755
f 1747//1749 1753//1755 1752//1754
f 1712//1714 1711//1713 1766//1768
f 1767//1769 1766//1768 1768//1770
f 1770//1772 1771//1773 1768//1770
f 1771//1773 1776//1778 1769//1771
f 1773//1775 1777//1779 1776//1778
f 1775//1777 1772//1774 1771//1773
f 682//682 646//646 1773//1775
f 652//652 677//677 1775//1777
f 646//646 645//645 1777//1779
f 677//677 682//682 1772//1774
f 653//653 652//652 1774//1776
f 1714//1716 1713//1715 1767//1769
f 1716//1718 1715//1717 1779//1781
f 1779//1781 1767//1769 1769//1771
f 1781//1783 1769//1771 1776//1778
f 1776//1778 1785//1787 1786//1788
f 645//645 675//675 1785//1787
f 1786//1788 1785//1787 675//675
f 1765//1767 1786//1788 681//681
f 1676//1678 1787//1789 1726//1728
f 1674//1676 1789//1791 1787//1789
f 1723//1725 1726//1728 1787//1789
f 1788//1790 641//641 680//680
f 1720//1722 1787//1789 1789//1791
f 641//641 1788//1790 1790//1792
f 1791//1793 647//647 642//642
f 666//666 647//647 1791//1793
f 1790//1792 697//697 696//696
f 723//723 708//708 1791//1793
f 741//741 1577//1579 1523//1525
f 1792//1794 1804//1806 1793//1795
f 1794//1796 1793//1795 1581//1583
f 1795//1797 1798//1800 1573//1575
f 745//745 1802//1804 1577//1579
f 1796//1798 1799//1801 1797//1799
f 1798//1800 1792//1794 1794//1796
f 1799//1801 757//757 311//311
f 1800//1802 1805//1807 1571//1573
f 1802//1804 1803//1805 1569//1571
f 1803//1805 1800//1802 1801//1803
f 1804//1806 1796//1798 1576//1578
f 1805//1807 1795//1797 1572//1574
f 1806//1808 1808//1810 1796//1798
f 1807//1809 1806//1808 1804//1806
f 1808//1810 1809//1811 1799//1801
f 1809//1811 789//789 757//757
f 1810//1812 1807//1809 1792//1794
f 1811//1813 1810//1812 1798//1800
f 1814//1816 1813//1815 1800//1802
f 1802//1804 1815//1817 1814//1816
f 745//745 765//765 1815//1817
f 1817//1819 1816//1818 1813//1815
f 1818//1820 1817//1819 1814//1816
f 769//769 1818//1820 1815//1817
f 1812//1814 1805//1807 1816//1818
f 1817//1819 1820//1822 1819//1821
f 1818//1820 1821//1823 1820//1822
f 769//769 773//773 1821//1823
f 1811//1813 1795//1797 1812//1814
f 1819//1821 1823//1825 1822//1824
f 1820//1822 1824//1826 1823//1825
f 1821//1823 1825//1827 1824//1826
f 773//773 778//778 1825//1827
f 1826//1828 1811//1813 1822//1824
f 1823//1825 1828//1830 1827//1829
f 1824//1826 1829//1831 1828//1830
f 1825//1827 1830//1832 1829//1831
f 778//778 784//784 1830//1832
f 1810//1812 1811//1813 1826//1828
f 1807//1809 1810//1812 1831//1833
f 1806//1808 1807//1809 1832//1834
f 1808//1810 1806//1808 1833//1835
f 1809//1811 1808//1810 1834//1836
f 789//789 1809//1811 1835//1837
f 1836//1838 793//793 792//792
f 1837//1839 1836//1838 1835//1837
f 1838//1840 1837//1839 1834//1836
f 1839//1841 1838//1840 1833//1835
f 1840//1842 1839//1841 1832//1834
f 1841//1843 1840//1842 1831//1833
f 1842//1844 1841//1843 1826//1828
f 1843//1845 1842//1844 1827//1829
f 1829//1831 1844//1846 1843//1845
f 1830//1832 1845//1847 1844//1846
f 784//784 803//803 1845//1847
f 1846//1848 815//815 793//793
f 1847//1849 1846//1848 1836//1838
f 1848//1850 1847//1849 1837//1839
f 1849//1851 1848//1850 1838//1840
f 1850//1852 1849//1851 1839//1841
f 1851//1853 1850//1852 1840//1842
f 1842//1844 1852//1854 1851//1853
f 1843//1845 1853//1855 1852//1854
f 1844//1846 1854//1856 1853//1855
f 1845//1847 1855//1857 1854//1856
f 803//803 814//814 1855//1857
f 1856//1858 1867//1869 815//815
f 1857//1859 1856//1858 1846//1848
f 1858//1860 1857//1859 1847//1849
f 1859//1861 1858//1860 1848//1850
f 1860//1862 1859//1861 1849//1851
f 1861//1863 1860//1862 1850//1852
f 1852//1854 1866//1868 1861//1863
f 814//814 824//824 1862//1864
f 1855//1857 1863//1865 1864//1866
f 1854//1856 1864//1866 1865//1867
f 1853//1855 1865//1867 1866//1868
f 1856//1858 1868//1870 828//828
f 1857//1859 1880//1882 1868//1870
f 1869//1871 1880//1882 1857//1859
f 1870//1872 1869//1871 1858//1860
f 1871//1873 1870//1872 1859//1861
f 1872//1874 1871//1873 1860//1862
f 1866//1868 1873//1875 1872//1874
f 1865//1867 1874//1876 1873//1875
f 1864//1866 1875//1877 1874//1876
f 1863//1865 1876//1878 1875//1877
f 1862//1864 1877//1879 1876//1878
f 824//824 840//840 1877//1879
f 1878//1880 859//859 828//828
f 1879//1881 1878//1880 1868//1870
f 1881//1883 1879//1881 1880//1882
f 1882//1884 1881//1883 1869//1871
f 1883//1885 1882//1884 1870//1872
f 1884//1886 1883//1885 1871//1873
f 1873//1875 1885//1887 1884//1886
f 1874//1876 1886//1888 1885//1887
f 1875//1877 1887//1889 1886//1888
f 1876//1878 1888//1890 1887//1889
f 1877//1879 1889//1891 1888//1890
f 840//840 852//852 1889//1891
f 1883//1885 1884//1886 1890//1892
f 1882//1884 1883//1885 1891//1893
f 1881//1883 1882//1884 1892//1894
f 1879//1881 1881//1883 1893//1895
f 1878//1880 1879//1881 1894//1896
f 859//859 1878//1880 1895//1897
f 1885//1887 1896//1898 1890//1892
f 1886//1888 1897//1899 1896//1898
f 1887//1889 1898//1900 1897//1899
f 1888//1890 1899//1901 1898//1900
f 1889//1891 1900//1902 1899//1901
f 852//852 866//866 1900//1902
f 1900//1902 1904//1906 1901//1903
f 1902//1904 1906//1908 1894//1896
f 1896//1898 1908//1910 1903//1905
f 866//866 872//872 1904//1906
f 1890//1892 1903//1905 1905//1907
f 1906//1908 1911//1913 1895//1897
f 1898//1900 1909//1911 1907//1909
f 1897//1899 1907//1909 1908//1910
f 1905//1907 1910//1912 1892//1894
f 1899//1901 1901//1903 1909//1911
f 1910//1912 1902//1904 1893//1895
f 1911//1913 888//888 860//860
f 1912//1914 1914//1916 1906//1908
f 1912//1914 1915//1917 1913//1915
f 1902//1904 1910//1912 1915//1917
f 1916//1918 1915//1917 1910//1912
f 1916//1918 1905//1907 1903//1905
f 1908//1910 1920//1922 1917//1919
f 1915//1917 1916//1918 1918//1920
f 1919//1921 1918//1920 1916//1918
f 1920//1922 1927//1929 1919//1921
f 1907//1909 1927//1929 1920//1922
f 1921//1923 902//902 888//888
f 1922//1924 1921//1923 1911//1913
f 1914//1916 1923//1925 1922//1924
f 1913//1915 1924//1926 1923//1925
f 1918//1920 1936//1938 1924//1926
f 1925//1927 1936//1938 1918//1920
f 1926//1928 1925//1927 1919//1921
f 1926//1928 1927//1929 1909//1911
f 1901//1903 1929//1931 1928//1930
f 1904//1906 1930//1932 1929//1931
f 872//872 900//900 1930//1932
f 902//902 1921//1923 1931//1933
f 1932//1934 1931//1933 1921//1923
f 1933//1935 1932//1934 1922//1924
f 1934//1936 1933//1935 1923//1925
f 1935//1937 1934//1936 1924//1926
f 1925//1927 1937//1939 1935//1937
f 1926//1928 1938//1940 1937//1939
f 1928//1930 1939//1941 1938//1940
f 1929//1931 1940//1942 1939//1941
f 1930//1932 1941//1943 1940//1942
f 900//900 913//913 1941//1943
f 1942//1944 925//925 903//903
f 1943//1945 1942//1944 1931//1933
f 1944//1946 1943//1945 1932//1934
f 1945//1947 1944//1946 1933//1935
f 1946//1948 1945//1947 1934//1936
f 1937//1939 1947//1949 1946//1948
f 1938//1940 1948//1950 1947//1949
f 1939//1941 1949//1951 1948//1950
f 1940//1942 1950//1952 1949//1951
f 1941//1943 1951//1953 1950//1952
f 913//913 924//924 1951//1953
f 1952//1954 928//928 925//925
f 928//928 1952//1954 1953//1955
f 929//929 1953//1955 1954//1956
f 931//931 1954//1956 1955//1957
f 933//933 1955//1957 1956//1958
f 935//935 1956//1958 1957//1959
f 937//937 1957//1959 1958//1960
f 939//939 1958//1960 1959//1961
f 941//941 1959//1961 1960//1962
f 943//943 1960//1962 1961//1963
f 1962//1964 1952//1954 1942//1944
f 1952//1954 1962//1964 1963//1965
f 1953//1955 1963//1965 1964//1966
f 1954//1956 1964//1966 1965//1967
f 1955//1957 1965//1967 1966//1968
f 1956//1958 1966//1968 1967//1969
f 1957//1959 1967//1969 1968//1970
f 1958//1960 1968//1970 1969//1971
f 1959//1961 1969//1971 1970//1972
f 1960//1962 1970//1972 1971//1973
f 1972//1974 1962//1964 1943//1945
f 1962//1964 1972//1974 1973//1975
f 1963//1965 1973//1975 1974//1976
f 1964//1966 1974//1976 1975//1977
f 1965//1967 1975//1977 1976//1978
f 1966//1968 1976//1978 1977//1979
f 1967//1969 1977//1979 1978//1980
f 1968//1970 1978//1980 1979//1981
f 1969//1971 1979//1981 1980//1982
f 1970//1972 1980//1982 1981//1983
f 1982//1984 1972//1974 1944//1946
f 1972//1974 1982//1984 1983//1985
f 1973//1975 1983//1985 1984//1986
f 1974//1976 1984//1986 1985//1987
f 1976//1978 1975//1977 1985//1987
f 1977//1979 1976//1978 1986//1988
f 1978//1980 1977//1979 1987//1989
f 1979//1981 1978//1980 1988//1990
f 1980//1982 1979//1981 1989//1991
f 1981//1983 1980//1982 1990//1992
f 1946//1948 1992//1994 1982//1984
f 1983//1985 1982//1984 1992//1994
f 1984//1986 1983//1985 1993//1995
f 1985//1987 1984//1986 1994//1996
f 1986//1988 1985//1987 1995//1997
f 1987//1989 1986//1988 1996//1998
f 1988//1990 1987//1989 1997//1999
f 1989//1991 1988//1990 1998//2000
f 1990//1992 1989//1991 1999//2001
f 1991//1993 1990//1992 2000//2002
f 1947//1949 2002//2004 1992//1994
f 1993//1995 1992//1994 2002//2004
f 1994//1996 1993//1995 2003//2005
f 1995//1997 1994//1996 2004//2006
f 1996//1998 1995//1997 2005//2007
f 1997//1999 1996//1998 2006//2008
f 1998//2000 1997//1999 2007//2009
f 1999//2001 1998//2000 2008//2010
f 2000//2002 1999//2001 2009//2011
f 2001//2003 2000//2002 2010//2012
f 1948//1950 2012//2014 2002//2004
f 1949//1951 2013//2015 2012//2014
f 1950//1952 2014//2016 2013//2015
f 1951//1953 2015//2017 2014//2016
f 924//924 999//999 2015//2017
f 2003//2005 2002//2004 2012//2014
f 2013//2015 2017//2019 2016//2018
f 2014//2016 2018//2020 2017//2019
f 2015//2017 2019//2021 2018//2020
f 999//999 1004//1004 2019//2021
f 2020//2022 2021//2023 2005//2007
f 2021//2023 2020//2022 2022//2024
f 2023//2025 2022//2024 2024//2026
f 2025//2027 2024//2026 2026//2028
f 2027//2029 2026//2028 1013//1013
f 2004//2006 2003//2005 2016//2018
f 2017//2019 2022//2024 2020//2022
f 2018//2020 2024//2026 2022//2024
f 2019//2021 2026//2028 2024//2026
f 1004//1004 1013//1013 2026//2028
f 2006//2008 2005//2007 2021//2023
f 2023//2025 2029//2031 2028//2030
f 2025//2027 2030//2032 2029//2031
f 2027//2029 2031//2033 2030//2032
f 1014//1014 1019//1019 2031//2033
f 2007//2009 2006//2008 2028//2030
f 2029//2031 2033//2035 2032//2034
f 2030//2032 2034//2036 2033//2035
f 2031//2033 2037//2039 2034//2036
f 1024//1024 2037//2039 2031//2033
f 2008//2010 2007//2009 2032//2034
f 2033//2035 2036//2038 2035//2037
f 2034//2036 2038//2040 2036//2038
f 2037//2039 2039//2041 2038//2040
f 1024//1024 1029//1029 2039//2041
f 2009//2011 2008//2010 2035//2037
f 2036//2038 2041//2043 2040//2042
f 2038//2040 2043//2045 2041//2043
f 2010//2012 2009//2011 2040//2042
f 2041//2043 2044//2046 2042//2044
f 2043//2045 2056//2058 2044//2046
f 2039//2041 2045//2278 2043//2045
f 1029//2279 1038//2279 2046//2279
f 2011//2013 2053//2055 2047//2049
f 2001//2003 2047//2049 2048//2050
f 2049//2051 1981//1983 1991//1993
f 1981//1983 2049//2051 2050//2052
f 1971//1973 2050//2052 2051//2053
f 945//945 1961//1963 2051//2053
f 2011//2013 2010//2012 2042//2044
f 2044//2046 2054//2056 2052//2054
f 2052//2054 2055//2057 2053//2055
f 2054//2056 2057//2059 2055//2057
f 2043//2045 2045//2278 2058//2060
f 2059//2280 2058//2280 2045//2280
f 1053//2281 2059//2281 2046//2281
f 2060//2063 2079//2082 2061//2064
f 2063//2066 2143//2146 2064//2067
f 2063//2066 2065//2068 2060//2063
f 2066//2069 1062//1062 1061//1061
f 1063//1063 2097//2100 2068//2071
f 2178//2181 2070//2073 2069//2072
f 2070//2073 2101//2104 2071//2074
f 1069//1069 1071//1071 2072//2075
f 1061//1061 1069//1069 2073//2076
f 2074//2077 2147//2150 2075//2078
f 2077//2080 2245//2248 1076//1076
f 2078//2081 2141//2144 2061//2064
f 2080//2083 2159//2162 2078//2081
f 2076//2079 2075//2078 2082//2085
f 2084//2087 2092//2095 2085//2088
f 2086//2089 2066//2069 2067//2070
f 2060//2063 2102//2105 2088//2091
f 2089//2092 2098//2101 2090//2093
f 2091//2094 2130//2133 2092//2095
f 2064//2067 2093//2096 2066//2069
f 2065//2068 2064//2067 2086//2089
f 2093//2096 1098//1098 1062//1062
f 2088//2091 2091//2094 2084//2087
f 2078//2081 2079//2082 2084//2087
f 2083//2086 2082//2085 2094//2097
f 2080//2083 2081//2084 2085//2088
f 1076//1076 2245//2248 2097//2100
f 2099//2102 2178//2181 2069//2072
f 2069//2072 2098//2101 2099//2102
f 2100//2103 2253//2258 2071//2074
f 2065//2068 2090//2093 2102//2105
f 2103//2106 2111//2114 2104//2107
f 2106//2109 2112//2115 2107//2110
f 2109//2112 2105//2108 2104//2107
f 2096//2099 2085//2088 2110//2113
f 2095//2098 2094//2097 2111//2114
f 1116//1116 2068//2071 2112//2115
f 2114//2117 2134//2137 2103//2106
f 2115//2118 2139//2142 2106//2109
f 2116//2119 2114//2117 2105//2108
f 2117//2120 2087//2090 2067//2070
f 2099//2102 2089//2092 2118//2121
f 2089//2092 2086//2089 2087//2090
f 2117//2120 2073//2076 2101//2104
f 2073//2076 2072//2075 2101//2104
f 1124//1124 1126//1126 2119//2122
f 2050//2052 2049//2051 2121//2124
f 2069//2072 2248//2253 2123//2126
f 2098//2101 2123//2126 2124//2127
f 2090//2093 2124//2127 2125//2128
f 2102//2105 2125//2128 2126//2129
f 2091//2094 2088//2091 2126//2129
f 2128//2131 2130//2133 2091//2094
f 2129//2132 2131//2134 2092//2095
f 2110//2113 2092//2095 2131//2134
f 2116//2119 2109//2112 2131//2134
f 2116//2119 2133//2136 2132//2135
f 2129//2132 2130//2133 2133//2136
f 2133//2136 2130//2133 2128//2131
f 2132//2135 2133//2136 2135//2138
f 1141//1141 1143//1143 2137//2140
f 2138//2141 2137//2140 2139//2142
f 2140//2143 2151//2154 2061//2064
f 2061//2064 2151//2154 2142//2145
f 2143//2146 2156//2159 2144//2147
f 2074//2077 2153//2156 2146//2149
f 1078//1078 1155//1155 2148//2151
f 2062//2065 2142//2145 2149//2152
f 2145//2148 2144//2147 1158//1158
f 2150//2153 2154//2157 2142//2145
f 1160//1160 2168//2171 2148//2151
f 2152//2155 2172//2175 2146//2149
f 2154//2157 2163//2166 2149//2152
f 2155//2158 2157//2160 2144//2147
f 2157//2160 1175//1175 1158//1158
f 2158//2161 2150//2153 2151//2154
f 2159//2162 2162//2165 2141//2144
f 2160//2163 2158//2161 2140//2143
f 2162//2165 2161//2164 2140//2143
f 2163//2166 2155//2158 2156//2159
f 2063//2066 2149//2152 2156//2159
f 2143//2146 2145//2148 2093//2096
f 1170//1170 1098//1098 2093//2096
f 2150//2153 2170//2173 2164//2167
f 2160//2163 2175//2178 2165//2168
f 2166//2169 1184//1184 1175//1175
f 2154//2157 2164//2167 2167//2170
f 1179//1179 2244//2247 2168//2171
f 2163//2166 2167//2170 2169//2172
f 2158//2161 2165//2168 2170//2173
f 2155//2158 2169//2172 2166//2169
f 2171//2174 2177//2180 2172//2175
f 2166//2169 2169//2172 1183//1183
f 1185//1185 1183//1183 2169//2172
f 1185//1185 2167//2170 2164//2167
f 1186//1186 2164//2167 2170//2173
f 2165//2168 2175//2178 2174//2177
f 2118//2121 2070//2073 2178//2181
f 2118//2121 2087//2090 2070//2073
f 2087//2090 2117//2120 2070//2073
f 1194//1194 2181//2184 2179//2182
f 1194//1194 1197//1197 2180//2183
f 2180//2183 1197//1197 1198//1198
f 1200//1200 2183//2186 2182//2185
f 2183//2186 1200//1200 1202//1202
f 1207//1207 1204//1204 2181//2184
f 2182//2185 1208//1208 1207//1207
f 2183//2186 1209//1209 1208//1208
f 2186//2189 2265//2273 1209//1209
f 1213//1213 2265//2273 2186//2189
f 2188//2191 2200//2203 1217//1217
f 2189//2192 2228//2231 2190//2193
f 2191//2194 2210//2213 2192//2195
f 2195//2198 2197//2200 1229//1229
f 1227//1227 2198//2201 2196//2199
f 1232//1232 2188//2191 2196//2199
f 2197//2200 2196//2199 1233//1233
f 2188//2191 1234//1234 1233//1233
f 1235//1235 1237//1237 2199//2202
f 2199//2202 1240//1240 1217//1217
f 2204//2207 2224//2227 2205//2208
f 2207//2210 2176//2179 2208//2211
f 1250//1250 1251//1251 2210//2213
f 2179//2182 2217//2220 1255//1255
f 1203//1203 1221//1221 2190//2193
f 1258//1258 2212//2215 2214//2217
f 2209//2212 2210//2213 1251//1251
f 2174//2177 2173//2176 2214//2217
f 1262//1262 1187//1187 2207//2210
f 1250//1250 2191//2194 2195//2198
f 2191//2194 2193//2196 2194//2197
f 1212//1212 1214//1214 2187//2190
f 1232//1232 1235//1235 2200//2203
f 2213//2216 1258//1258 1255//1255
f 2218//2221 2236//2239 2219//2222
f 2190//2193 2217//2220 2179//2182
f 2192//2195 1269//1269 1268//1268
f 2193//2196 1268//1268 1225//1225
f 2221//2224 2243//2246 2222//2225
f 2224//2227 2235//2238 2225//2228
f 2226//2229 2211//2214 2227//2230
f 1278//1278 1280//1280 2229//2232
f 2190//2193 2228//2231 2227//2230
f 2213//2216 2217//2220 2227//2230
f 2206//2209 2205//2208 2226//2229
f 2226//2229 2229//2232 2206//2209
f 2218//2221 1269//1269 2192//2195
f 1280//1280 1282//1282 2220//2223
f 2223//2226 2210//2213 2216//2219
f 2192//2195 2210//2213 2223//2226
f 2220//2223 1282//1282 1269//1269
f 2225//2228 2211//2214 2226//2229
f 2216//2219 2211//2214 2225//2228
f 2231//2234 2239//2242 2224//2227
f 2232//2235 2240//2243 2233//2236
f 2224//2227 2239//2242 2234//2237
f 2236//2239 2241//2244 2237//2240
f 2225//2228 2235//2238 2232//2235
f 2220//2223 2219//2222 2204//2207
f 2230//2233 2232//2235 2221//2224
f 2222//2225 2243//2246 2236//2239
f 2237//2240 2231//2234 2204//2207
f 2235//2238 2234//2237 2240//2243
f 2233//2236 2242//2245 2243//2246
f 2243//2246 2242//2245 2241//2244
f 2212//2215 2211//2214 2215//2218
f 2226//2229 2228//2231 2189//2192
f 2173//2176 1296//1296 1259//1259
f 2176//2179 2174//2177 2215//2218
f 2216//2219 2210//2213 2209//2212
f 2170//2173 2165//2168 2176//2179
f 2137//2140 1143//1143 1298//1298
f 2245//2248 2076//2079 2083//2086
f 2095//2098 2107//2110 2112//2115
f 1298//1298 1300//1300 2106//2109
f 2077//2080 2074//2077 2076//2079
f 2138//2141 2132//2135 2136//2139
f 2153//2156 2074//2077 2077//2080
f 1300//1300 2113//2116 2112//2115
f 2244//2247 2171//2174 2152//2155
f 2083//2086 2095//2098 2068//2071
f 2168//2171 2152//2155 2153//2156
f 2094//2097 2096//2099 2104//2107
f 2172//2175 2160//2163 2161//2164
f 2177//2180 2171//2174 2244//2247
f 2134//2137 2115//2118 2108//2111
f 2175//2178 2160//2163 2172//2175
f 2147//2150 2162//2165 2159//2162
f 2161//2164 2162//2165 2147//2150
f 2108//2111 2107//2110 2111//2114
f 2075//2078 2159//2162 2080//2083
f 2082//2085 2080//2083 2096//2099
f 2059//2282 1053//2282 1141//2282
f 2136//2283 2135//2283 2058//2283
f 2246//2251 2057//2059 2128//2131
f 2247//2252 2246//2251 2127//2130
f 2124//2127 2123//2126 2246//2251
f 2247//2252 2126//2129 2125//2128
f 2121//2124 2049//2051 2048//2050
f 2047//2049 2250//2255 2249//2254
f 2053//2055 2251//2256 2250//2255
f 2055//2057 2252//2257 2251//2256
f 2119//2122 1126//1126 1310//1312
f 2120//2123 2119//2122 2253//2258
f 1071//1071 1124//1124 2120//2123
f 2051//2053 2050//2052 2122//2125
f 1046//1046 2051//2053 2254//2259
f 2255//2260 2248//2253 2069//2072
f 2252//2257 2248//2253 2255//2260
f 2250//2255 2255//2260 2071//2074
f 2121//2124 2249//2254 2071//2074
f 2254//2259 2253//2258 1310//1312
f 524//524 444//444 657//657
f 336//336 335//335 1598//1600
f 207//207 48//48 138//138
f 1493//1495 1449//1451 1448//1450
f 2257//2262 1596//1598 206//206
f 2258//2263 204//204 206//206
f 1598//1600 1597//1599 2259//2264
f 1596//1598 1598//1600 335//335
f 203//203 202//202 336//336
f 1491//1493 2259//2264 1597//1599
f 203//203 2256//2261 2259//2264
f 434//434 491//491 492//492
f 2260//2265 159//159 1464//1466
f 2262//2267 157//157 159//159
f 2260//2265 2261//2266 374//374
f 375//375 39//39 2262//2267
f 571//571 573//573 655//655
f 588//588 593//593 683//683
f 683//683 653//653 1778//1780
f 1764//1766 1778//1780 1770//1772
f 563//563 658//658 739//739
f 739//739 658//658 1761//1763
f 739//739 662//662 560//560
# Vertices: 2267, normals: 2283, texture coordinates: 0, faces: 4530