# Event Horizon wireframe appearance approximation
v -0.63130449 -0.37748235 0.18566872
v -0.72205449 -0.20375735 0.26416072
v -0.71612351 -0.20355465 0.27056928
v -0.62537351 -0.37727965 0.19207728
v -0.62483316 -0.24031800 0.32972164
v -0.62483316 -0.37922300 0.19071364
v -0.63184484 -0.37553900 0.18703236
v -0.63184484 -0.23663400 0.32604036
v -0.62778190 -0.24181637 0.32512357
v -0.71853190 -0.20699637 0.26460757
v -0.71964610 -0.20031563 0.27012243
v -0.62889610 -0.23513563 0.33063843
v -0.71557555 -0.20548650 0.26920260
v -0.71557555 -0.31890150 0.15622560
v -0.72260245 -0.31524050 0.15255040
v -0.72260245 -0.20182550 0.26552740
v -0.62890436 -0.38014012 0.18553542
v -0.71965436 -0.31983012 0.15105042
v -0.71852364 -0.31431188 0.15772558
v -0.62777364 -0.37462188 0.19221058
v -0.63130181 -0.23526910 -0.32971671
v -0.72205181 -0.31386410 -0.15570571
v -0.71612619 -0.32027790 -0.15551229
v -0.62537619 -0.24168290 -0.32952329
v -0.71558272 -0.31891279 -0.15744899
v -0.71558272 -0.20549779 -0.27097499
v -0.72259528 -0.20181421 -0.26729501
v -0.72259528 -0.31522921 -0.15376901
v -0.62889583 -0.23513616 -0.33237812
v -0.71964583 -0.20031616 -0.27189312
v -0.71853217 -0.20699584 -0.26637688
v -0.62778217 -0.24181584 -0.32686188
v -0.63184488 -0.23663405 -0.32777940
v -0.63184488 -0.37553905 -0.18877240
v -0.62483312 -0.37922295 -0.19245360
v -0.62483312 -0.24031795 -0.33146060
v -0.71963639 -0.31983244 -0.15227034
v -0.62888639 -0.38014244 -0.18727434
v -0.62779161 -0.37461956 -0.19395166
v -0.71854161 -0.31430956 -0.15894766
v -0.62889606 0.13768360 0.33063839
v -0.71964606 0.10286360 0.27012239
v -0.71853194 0.10954440 0.26460761
v -0.62778194 0.14436440 0.32512361
v -0.63184483 0.13918203 0.32604033
v -0.63184483 0.27809203 0.18703233
v -0.62483317 0.28177597 0.19071367
v -0.62483317 0.14286597 0.32972167
v -0.62537349 0.27983263 0.19207726
v -0.71612349 0.10610263 0.27056926
v -0.72205451 0.10630537 0.26416074
v -0.63130451 0.28003537 0.18566874
v -0.72260245 0.10437354 0.26552737
v -0.72260245 0.21779354 0.15255037
v -0.71557555 0.22145446 0.15622563
v -0.71557555 0.10803446 0.26920263
v -0.62777359 0.27717483 0.19221053
v -0.71852359 0.21686483 0.15772553
v -0.71965441 0.22238317 0.15105047
v -0.62890441 0.28269317 0.18553547
v -0.63130031 0.28003080 -0.18740471
v -0.72205031 0.10630080 -0.26592671
v -0.71612769 0.10610720 -0.27234329
v -0.62537769 0.27983720 -0.19382129
v -0.62483276 0.14286558 -0.33146030
v -0.62483276 0.28177558 -0.19245330
v -0.63184524 0.27809242 -0.18877270
v -0.63184524 0.13918242 -0.32777970
v -0.62778247 0.14436412 -0.32686216
v -0.71853247 0.10954412 -0.26637716
v -0.71964553 0.10286388 -0.27189284
v -0.62889553 0.13768388 -0.33237784
v -0.71558315 0.10804617 -0.27097545
v -0.71558315 0.22146617 -0.15744945
v -0.72259485 0.21778183 -0.15376855
v -0.72259485 0.10436183 -0.26729455
v -0.62888618 0.28269524 -0.18727414
v -0.71963618 0.22238524 -0.15227014
v -0.71854182 0.21686276 -0.15894786
v -0.62779182 0.27717276 -0.19395186
v -4.19778900 -0.05085862 0.00619256
v -4.19778900 -0.05353362 0.00469656
v -4.19778900 -0.04927038 -0.00292656
v -4.19778900 -0.04659538 -0.00143056
v -4.19778900 -0.05317748 0.00515237
v -4.19778900 -0.05430748 0.00414537
v -4.19778900 -0.04849652 -0.00237537
v -4.19778900 -0.04736652 -0.00136837
v -4.19778900 -0.04895421 -0.00227156
v -4.19778900 -0.04740921 -0.00178256
v -4.19778900 -0.05004479 0.00654456
v -4.19778900 -0.05158979 0.00605556
v -4.19778900 -0.04890759 0.00227831
v -4.19778900 -0.05200259 -0.00123169
v -4.19778900 -0.04545141 -0.00700831
v -4.19778900 -0.04235641 -0.00349831
v -4.19778900 -0.05309413 0.00238100
v -4.19778900 -0.05309413 -0.00412000
v -4.19778900 -0.04435987 -0.00412000
v -4.19778900 -0.04435987 0.00238100
v -4.19778900 -0.05176181 -0.00075934
v -4.19778900 -0.04866681 -0.00375034
v -4.19778900 -0.04259719 0.00253034
v -4.19778900 -0.04569219 0.00552134
v -4.19778900 -0.05248464 0.00460630
v -4.19778900 -0.05515964 0.00008930
v -4.19778900 -0.04764436 -0.00436130
v -4.19778900 -0.04496936 0.00015570
v -4.19778900 -0.05576913 0.00088500
v -4.19778900 -0.05576913 -0.00213600
v -4.19778900 -0.04703487 -0.00213600
v -4.19778900 -0.04703487 0.00088500
v -4.19778900 -0.04612543 -0.00061234
v -4.19778900 -0.04880043 0.00137166
v -4.19778900 -0.05400357 -0.00564366
v -4.19778900 -0.05132857 -0.00762766
v -4.19778900 -0.04718723 -0.00099254
v -4.19778900 -0.04760123 0.00053346
v -4.19778900 -0.05603077 -0.00175346
v -4.19778900 -0.05561677 -0.00327946
v -4.19778900 -0.05561073 0.00205050
v -4.19778900 -0.05602473 0.00055550
v -4.19778900 -0.04760727 -0.00177550
v -4.19778900 -0.04719327 -0.00028050
v -4.19778900 -0.04740921 0.00004356
v -4.19778900 -0.04895421 0.00053256
v -4.19778900 -0.05158979 -0.00779456
v -4.19778900 -0.05004479 -0.00828356
v -4.19778900 -0.05488589 -0.00476931
v -4.19778900 -0.05375589 -0.00626431
v -4.19778900 -0.04678811 -0.00099769
v -4.19778900 -0.04791811 0.00049731
v -4.19778900 -0.04612857 -0.00762998
v -4.19778900 -0.04344857 -0.00564598
v -4.19778900 -0.04864543 0.00137398
v -4.19778900 -0.05132543 -0.00061002
v -4.19778900 -0.04369311 -0.00626431
v -4.19778900 -0.04256311 -0.00476931
v -4.19778900 -0.04953089 0.00049731
v -4.19778900 -0.05066089 -0.00099769
v -4.19778900 -0.04741308 -0.00828478
v -4.19778900 -0.04586308 -0.00779578
v -4.19778900 -0.04849092 0.00053378
v -4.19778900 -0.05004092 0.00004478
v -4.19778900 -0.04984608 0.00053603
v -4.19778900 -0.05026108 -0.00098997
v -4.19778900 -0.04183292 -0.00328203
v -4.19778900 -0.04141792 -0.00175603
v -0.83533837 0.04222732 -0.16414439
v -0.72098837 -0.05253268 -0.30962139
v -0.71718963 -0.04491932 -0.31159461
v -0.83153963 0.04984068 -0.16611761
v -0.83343486 -0.05309313 -0.19012107
v -0.71908486 -0.05309313 -0.31060407
v -0.71909314 -0.04435887 -0.31061193
v -0.83344314 -0.04435887 -0.19012893
v -0.83037985 -0.04793114 -0.19313857
v -0.83037985 0.04682886 -0.16814457
v -0.83649815 0.04523914 -0.16211743
v -0.83649815 -0.04952086 -0.18711143
v -0.83343793 0.04225339 -0.16731704
v -0.71908793 0.10242339 -0.27132104
v -0.71909007 0.10998461 -0.26694896
v -0.83344007 0.04981461 -0.16294496
v -0.71602352 -0.04792170 -0.31361262
v -0.71602352 0.10700830 -0.27213962
v -0.72215448 0.10539970 -0.26613038
v -0.72215448 -0.04953030 -0.30760338
v -0.71718420 0.10998970 -0.26808047
v -0.83153420 0.11918970 -0.09455747
v -0.83534380 0.11161830 -0.09666653
v -0.72099380 0.10241830 -0.27018953
v -0.83037391 0.04823602 -0.16732830
v -0.83037391 0.11760602 -0.09780930
v -0.83650409 0.11320198 -0.09341470
v -0.83650409 0.04383198 -0.16293370
v -0.83343684 0.11322341 -0.09939576
v -0.71908684 0.21744341 -0.15939276
v -0.71909116 0.22180459 -0.15182524
v -0.83344116 0.11758459 -0.09182824
v -0.71602496 0.10840542 -0.27133437
v -0.71602496 0.22182542 -0.15780837
v -0.72215304 0.21742258 -0.15340963
v -0.72215304 0.10400258 -0.26693563
v -0.83153468 0.11638984 -0.09941640
v -0.71718468 0.26211984 -0.00441440
v -0.72099332 0.26014816 0.00319440
v -0.83534332 0.11441816 -0.09180760
v -0.83650135 0.13778608 0.00019389
v -0.83650135 0.11239608 -0.09480811
v -0.83037665 0.11841192 -0.09641589
v -0.83037665 0.14380192 -0.00141389
v -0.83286582 0.14024935 -0.00490495
v -0.71851582 0.26058935 -0.00490495
v -0.71966218 0.26167865 0.00368495
v -0.83401218 0.14133865 0.00368495
v -0.71602576 0.22263066 -0.15641421
v -0.71602576 0.26414066 -0.00141521
v -0.72215224 0.25812734 0.00019521
v -0.72215224 0.21661734 -0.15480379
v -0.83534443 -0.05153413 -0.18737627
v -0.72099443 -0.20646413 -0.26638627
v -0.71718357 -0.20084787 -0.27188373
v -0.83153357 -0.04591787 -0.19287373
v -0.71908312 -0.19987310 -0.27131708
v -0.83343312 -0.13970310 -0.16731308
v -0.83344488 -0.14726890 -0.16294892
v -0.71909488 -0.20743890 -0.26695292
v -0.83650603 -0.04793311 -0.18711893
v -0.83650603 -0.14269311 -0.16212493
v -0.83037197 -0.14427889 -0.16813707
v -0.83037197 -0.04951889 -0.19313107
v -0.83534435 -0.14453340 -0.16134360
v -0.72099435 -0.31811840 -0.15182160
v -0.71718365 -0.31602360 -0.15939640
v -0.83153365 -0.14243860 -0.16891840
v -0.72215385 -0.20145509 -0.26693624
v -0.72215385 -0.31487009 -0.15341024
v -0.71602415 -0.31927191 -0.15780776
v -0.71602415 -0.20585691 -0.27133376
v -0.72214967 -0.04792047 -0.30759881
v -0.72214967 -0.20285047 -0.26612581
v -0.71602833 -0.20446153 -0.27214419
v -0.71602833 -0.04953153 -0.31361719
v -0.71908753 -0.31489098 -0.15939309
v -0.83343753 -0.21067098 -0.09939609
v -0.83344047 -0.21503102 -0.09182791
v -0.71909047 -0.31925102 -0.15182491
v -0.83650277 -0.14128298 -0.16293286
v -0.83650277 -0.21064798 -0.09341386
v -0.83037523 -0.21505402 -0.09781014
v -0.83037523 -0.14568902 -0.16732914
v -0.83534331 -0.21186518 -0.09180759
v -0.72099331 -0.35760018 0.00319441
v -0.71718469 -0.35957182 -0.00441441
v -0.83153469 -0.21383682 -0.09941641
v -0.72215223 -0.31406435 -0.15480370
v -0.72215223 -0.35557935 0.00019530
v -0.71602577 -0.36159265 -0.00141530
v -0.71602577 -0.32007765 -0.15641430
v -0.71908962 -0.35858659 -0.00497713
v -0.83343962 -0.23824159 -0.00497713
v -0.83343838 -0.23824041 0.00375713
v -0.71908838 -0.35858541 0.00375713
v -0.83650129 -0.20984302 -0.09480809
v -0.83650129 -0.23523302 0.00019391
v -0.83037671 -0.24124898 -0.00141391
v -0.83037671 -0.21585898 -0.09641591
v -0.83534088 -0.23548591 0.00219431
v -0.72099088 -0.31431591 0.15719231
v -0.71718712 -0.31982609 0.15158369
v -0.83153712 -0.24099609 -0.00341431
v -0.72215151 -0.35557867 -0.00141549
v -0.72215151 -0.31406367 0.15358251
v -0.71602649 -0.32007833 0.15519349
v -0.71602649 -0.36159333 0.00019549
v -0.71908641 -0.31926180 0.15061014
v -0.83343641 -0.21504180 0.09009414
v -0.83344159 -0.21066020 0.09764986
v -0.71909159 -0.31488020 0.15816586
v -0.83650008 -0.23523298 -0.00141834
v -0.83650008 -0.20984298 0.09306366
v -0.83037792 -0.21585902 0.09468034
v -0.83037792 -0.24124902 0.00019834
v -0.83534052 -0.20906310 0.09492455
v -0.72099052 -0.19986810 0.26841755
v -0.71718748 -0.20744390 0.26631245
v -0.83153748 -0.21663890 0.09281945
v -0.72214912 -0.31487215 0.15218062
v -0.72214912 -0.20145715 0.26515762
v -0.71602888 -0.20585485 0.26957238
v -0.71602888 -0.31926985 0.15659538
v -0.71908902 -0.20743584 0.26517762
v -0.83343902 -0.14726584 0.16120362
v -0.83343898 -0.13970616 0.16557838
v -0.71908898 -0.19987616 0.26955238
v -0.83650439 -0.21064911 0.09167498
v -0.83650439 -0.14128411 0.16119398
v -0.83037361 -0.14568789 0.16558802
v -0.83037361 -0.21505289 0.09606902
v -0.72099541 -0.20645832 0.26461102
v -0.83534541 -0.05152832 0.18611902
v -0.83153259 -0.04592368 0.19162698
v -0.71718259 -0.20085368 0.27011898
v -0.83650440 -0.14267825 0.16038722
v -0.83650440 -0.04791825 0.18586922
v -0.83037360 -0.04953375 0.19187678
v -0.83037360 -0.14429375 0.16639478
v -0.72215606 -0.20285156 0.26436203
v -0.72215606 -0.04792156 0.30586503
v -0.71602194 -0.04953044 0.31187097
v -0.71602194 -0.20446044 0.27036797
v -0.83343792 -0.04435887 0.18887197
v -0.71908792 -0.04435887 0.30886697
v -0.71909008 -0.05309313 0.30886903
v -0.83344008 -0.05309313 0.18887403
v -0.72099531 -0.05253092 0.30788800
v -0.83534531 0.04222908 0.16241100
v -0.83153269 0.04983892 0.16437100
v -0.71718269 -0.04492108 0.30984800
v -0.83650646 -0.04953322 0.18587118
v -0.83650646 0.04522678 0.16038918
v -0.83037154 0.04684122 0.16639282
v -0.83037154 -0.04791878 0.19187482
v -0.72215480 -0.04953076 0.30586383
v -0.72215480 0.10539924 0.26436083
v -0.71602320 0.10700876 0.27036917
v -0.71602320 -0.04792124 0.31187217
v -0.83344015 0.04981438 0.16120455
v -0.71909015 0.10998438 0.26517855
v -0.71908785 0.10242362 0.26955145
v -0.83343785 0.04225362 0.16557745
v -0.72099052 0.10241607 0.26841744
v -0.83534052 0.11161607 0.09492444
v -0.83153748 0.11919193 0.09281956
v -0.71718748 0.10999193 0.26631256
v -0.83650437 0.04383217 0.16119389
v -0.83650437 0.11320217 0.09167489
v -0.83037363 0.11760583 0.09606911
v -0.83037363 0.04823583 0.16558811
v -0.72214913 0.10400520 0.26515758
v -0.72214913 0.21742520 0.15218058
v -0.71602887 0.22182280 0.15659542
v -0.71602887 0.10840280 0.26957242
v -0.83343547 0.11759402 0.09009369
v -0.71908547 0.22181402 0.15060969
v -0.71909253 0.21743398 0.15816631
v -0.83344253 0.11321398 0.09765031
v -0.83533889 0.11442558 0.09006347
v -0.72098889 0.26015558 -0.00441853
v -0.71718911 0.26211242 0.00319853
v -0.83153911 0.11638242 0.09768053
v -0.72215044 0.21661563 0.15358233
v -0.72215044 0.25812563 -0.00141567
v -0.71602756 0.26414237 0.00019567
v -0.71602756 0.22263237 0.15519367
v -0.71851277 0.26058645 0.00368418
v -0.83286277 0.14024645 0.00368418
v -0.83401523 0.14134155 -0.00490418
v -0.71966523 0.26168155 -0.00490418
v -0.83650192 0.11239773 0.09306413
v -0.83650192 0.13778773 -0.00141787
v -0.83037608 0.14380027 0.00019787
v -0.83037608 0.11841027 0.09467987
v -4.19778900 -0.04191622 0.00168452
v -4.19778900 -0.04346122 0.00418652
v -4.19778900 -0.05089278 -0.00040252
v -4.19778900 -0.04934778 -0.00290452
v -4.19778900 -0.04314152 0.00414537
v -4.19778900 -0.04427152 0.00515237
v -4.19778900 -0.05008248 -0.00136837
v -4.19778900 -0.04895248 -0.00237537
v -4.19778900 -0.04142399 0.00055811
v -4.19778900 -0.04183899 0.00205311
v -4.19778900 -0.05025501 -0.00028311
v -4.19778900 -0.04984001 -0.00177811
v -4.19778900 -0.05004092 -0.00178378
v -4.19778900 -0.04849092 -0.00227278
v -4.19778900 -0.04586308 0.00605678
v -4.19778900 -0.04741308 0.00654578
v -0.51878267 0.31780376 -0.21466512
v -0.40538267 0.38944376 -0.00265912
v -0.41309533 0.38952424 0.00143912
v -0.52649533 0.31788424 -0.21056688
v -0.41360613 0.38948400 -0.00061000
v -0.41360613 0.33077400 -0.22012300
v -0.40487187 0.33077400 -0.22012300
v -0.40487187 0.38948400 -0.00061000
v -0.52278714 0.31669809 -0.21682750
v -0.40938714 0.32962809 -0.22433450
v -0.40909086 0.33191991 -0.21591150
v -0.52249086 0.31898991 -0.20840450
v -0.41309533 0.38944376 -0.00265912
v -0.29969533 0.31780376 -0.21466512
v -0.29198267 0.31788424 -0.21056688
v -0.40538267 0.38952424 0.00143912
v -0.40909086 0.32962809 -0.22433450
v -0.29569086 0.31669809 -0.21682750
v -0.29598714 0.31898991 -0.20840450
v -0.40938714 0.33191991 -0.21591150
v -0.51841157 0.31890255 -0.21289915
v -0.51841157 0.37561255 -0.00089315
v -0.52686643 0.37349545 -0.00032685
v -0.52686643 0.31678545 -0.21233285
v -0.40938513 0.39059390 0.00361121
v -0.52278513 0.37566390 0.00361121
v -0.52249287 0.37344410 -0.00483121
v -0.40909287 0.38837410 -0.00483121
v -0.40938513 0.38837410 -0.00483121
v -0.29598513 0.37344410 -0.00483121
v -0.29569287 0.37566390 0.00361121
v -0.40909287 0.39059390 0.00361121
v -0.29161157 0.31678545 -0.21233285
v -0.29161157 0.37349545 -0.00032685
v -0.30006643 0.37561255 -0.00089315
v -0.30006643 0.31890255 -0.21289915
v -0.52619560 0.37372094 0.00178342
v -0.63189560 0.27910094 -0.18821958
v -0.62478240 0.28076706 -0.19300642
v -0.51908240 0.37538706 -0.00300342
v -0.52223297 0.31912383 -0.20846040
v -0.62793297 0.28121383 -0.18645740
v -0.62874503 0.27865417 -0.19476860
v -0.52304503 0.31656417 -0.21677160
v -0.29939560 0.37538706 -0.00300342
v -0.19369560 0.28076706 -0.19300642
v -0.18658240 0.27910094 -0.18821958
v -0.29228240 0.37372094 0.00178342
v -0.29543297 0.31656417 -0.21677160
v -0.18973297 0.27865417 -0.19476860
v -0.19054503 0.28121383 -0.18645740
v -0.29624503 0.31912383 -0.20846040
v -0.62452630 0.28199121 -0.19116346
v -0.62452630 0.33283121 -0.00116046
v -0.63215170 0.32871679 -0.00005954
v -0.63215170 0.27787679 -0.19006254
v -0.52304005 0.37552227 0.00362951
v -0.62874005 0.33174227 0.00362951
v -0.62793795 0.32980573 -0.00484951
v -0.52223795 0.37358573 -0.00484951
v -0.63130305 0.32925500 0.00221469
v -0.72205305 0.21810500 -0.15278431
v -0.71612495 0.22114300 -0.15843369
v -0.62537495 0.33229300 -0.00343469
v -0.62778042 0.28144863 -0.18655521
v -0.71853042 0.22113863 -0.15155121
v -0.71964758 0.21810937 -0.15966679
v -0.62889758 0.27841937 -0.19467079
v -0.71558064 0.22213609 -0.15628176
v -0.71558064 0.26364609 -0.00128276
v -0.72259736 0.25862191 0.00006276
v -0.72259736 0.21711191 -0.15493624
v -0.62889153 0.33149402 0.00366178
v -0.71964153 0.26185402 0.00366178
v -0.71853647 0.26041398 -0.00488178
v -0.62778647 0.33005398 -0.00488178
v -0.18632630 0.27787679 -0.19006254
v -0.18632630 0.32871679 -0.00005954
v -0.19395170 0.33283121 -0.00116046
v -0.19395170 0.28199121 -0.19116346
v -0.29624005 0.37358573 -0.00484951
v -0.19054005 0.32980573 -0.00484951
v -0.18973795 0.33174227 0.00362951
v -0.29543795 0.37552227 0.00362951
v -0.19310305 0.33229300 -0.00343469
v -0.10235305 0.22114300 -0.15843369
v -0.09642495 0.21810500 -0.15278431
v -0.18717495 0.32925500 0.00221469
v -0.18958042 0.27841937 -0.19467079
v -0.09883042 0.21810937 -0.15966679
v -0.09994758 0.22113863 -0.15155121
v -0.19069758 0.28144863 -0.18655521
v -0.19069153 0.33005398 -0.00488178
v -0.09994153 0.26041398 -0.00488178
v -0.09883647 0.26185402 0.00366178
v -0.18958647 0.33149402 0.00366178
v -0.09588064 0.21711191 -0.15493624
v -0.09588064 0.25862191 0.00006276
v -0.10289736 0.26364609 -0.00128276
v -0.10289736 0.22213609 -0.15628176
v -0.29969356 0.31780141 0.21292841
v -0.41309356 0.38944141 0.00144241
v -0.40538444 0.38952659 -0.00266241
v -0.29198444 0.31788659 0.20882359
v -0.40487187 0.38948400 -0.00061000
v -0.40487187 0.33077400 0.21838400
v -0.41360613 0.33077400 0.21838400
v -0.41360613 0.38948400 -0.00061000
v -0.29569115 0.31669563 0.21508684
v -0.40909115 0.32962563 0.22259484
v -0.40938685 0.33192237 0.21417316
v -0.29598685 0.31899237 0.20666516
v -0.40538444 0.38944141 0.00144241
v -0.51878444 0.31780141 0.21292841
v -0.52649356 0.31788659 0.20882359
v -0.41309356 0.38952659 -0.00266241
v -0.40938685 0.32962563 0.22259484
v -0.52278685 0.31669563 0.21508684
v -0.52249115 0.31899237 0.20666516
v -0.40909115 0.33192237 0.21417316
v -0.30006640 0.31890245 0.21115982
v -0.30006640 0.37561245 -0.00032618
v -0.29161160 0.37349555 -0.00089382
v -0.29161160 0.31678555 0.21059218
v -0.40909254 0.39059645 -0.00483052
v -0.29569254 0.37566645 -0.00483052
v -0.29598546 0.37344155 0.00361052
v -0.40938546 0.38837155 0.00361052
v -0.40909254 0.38837155 0.00361052
v -0.52249254 0.37344155 0.00361052
v -0.52278546 0.37566645 -0.00483052
v -0.40938546 0.39059645 -0.00483052
v -0.52686640 0.31678555 0.21059218
v -0.52686640 0.37349555 -0.00089382
v -0.51841160 0.37561245 -0.00032618
v -0.51841160 0.31890245 0.21115982
v -0.29228427 0.37372419 -0.00300732
v -0.18658427 0.27910419 0.18647568
v -0.19369373 0.28076381 0.19127032
v -0.29939373 0.37538381 0.00178732
v -0.29624410 0.31912607 0.20672100
v -0.19054410 0.28121607 0.18471800
v -0.18973390 0.27865193 0.19302800
v -0.29543390 0.31656193 0.21503100
v -0.51908427 0.37538381 0.00178732
v -0.62478427 0.28076381 0.19127032
v -0.63189373 0.27910419 0.18647568
v -0.52619373 0.37372419 -0.00300732
v -0.52304410 0.31656193 0.21503100
v -0.62874410 0.27865193 0.19302800
v -0.62793390 0.28121607 0.18471800
v -0.52223390 0.31912607 0.20672100
v -0.19395269 0.28198912 0.18942441
v -0.19395269 0.33282912 -0.00005859
v -0.18632531 0.32871888 -0.00116141
v -0.18632531 0.27787888 0.18832159
v -0.29543691 0.37552478 -0.00484884
v -0.18973691 0.33174478 -0.00484884
v -0.19054109 0.32980322 0.00362884
v -0.29624109 0.37358322 0.00362884
v -0.52223691 0.37358322 0.00362884
v -0.62793691 0.32980322 0.00362884
v -0.62874109 0.33174478 -0.00484884
v -0.52304109 0.37552478 -0.00484884
v -0.63215269 0.27787888 0.18832159
v -0.63215269 0.32871888 -0.00116141
v -0.62452531 0.33282912 -0.00005859
v -0.62452531 0.28198912 0.18942441
v -0.62537362 0.33229125 0.00221423
v -0.71612362 0.22114125 0.15721223
v -0.72205438 0.21810675 0.15156377
v -0.63130438 0.32925675 -0.00343423
v -0.62888190 0.27842770 0.19293602
v -0.71963190 0.21811770 0.15845102
v -0.71854610 0.22113030 0.15032498
v -0.62779610 0.28144030 0.18480998
v -0.62778647 0.33005398 0.00366178
v -0.71853647 0.26041398 0.00366178
v -0.71964153 0.26185402 -0.00488178
v -0.62889153 0.33149402 -0.00488178
v -0.72259737 0.21711191 0.15371524
v -0.72259737 0.25862191 -0.00128276
v -0.71558063 0.26364609 0.00006276
v -0.71558063 0.22213609 0.15506076
v -0.18717362 0.32925675 -0.00343423
v -0.09642362 0.21810675 0.15156377
v -0.10235438 0.22114125 0.15721223
v -0.19310438 0.33229125 0.00221423
v -0.19068190 0.28144030 0.18480998
v -0.09993190 0.22113030 0.15032498
v -0.09884610 0.21811770 0.15845102
v -0.18959610 0.27842770 0.19293602
v -0.10289737 0.22213609 0.15506076
v -0.10289737 0.26364609 0.00006276
v -0.09588063 0.25862191 -0.00128276
v -0.09588063 0.21711191 0.15371524
v -0.18958647 0.33149402 -0.00488178
v -0.09883647 0.26185402 -0.00488178
v -0.09994153 0.26041398 0.00366178
v -0.19069153 0.33005398 0.00366178
v -0.40538405 0.33183472 0.21662729
v -0.29198405 0.16397472 0.36411829
v -0.29969395 0.16185328 0.36763171
v -0.41309395 0.32971328 0.22014071
v -0.40490700 0.33038300 0.21799324
v -0.40490700 0.16998800 0.37848524
v -0.41357100 0.17077000 0.37926676
v -0.41357100 0.33116500 0.21877476
v -0.40938742 0.17347768 0.37580224
v -0.29598742 0.16601268 0.36280124
v -0.29569058 0.15981532 0.36894876
v -0.40909058 0.16728032 0.38194976
v -0.40538400 0.32971301 0.22014044
v -0.51878400 0.16185301 0.36763144
v -0.52649400 0.16397499 0.36411856
v -0.41309400 0.33183499 0.21662756
v -0.40909392 0.32770147 0.22148405
v -0.52249392 0.31477147 0.21397605
v -0.52278408 0.32091653 0.20777595
v -0.40938408 0.33384653 0.21528395
v -0.52686613 0.16213821 0.36509956
v -0.52686613 0.31706821 0.21010056
v -0.51841187 0.31861979 0.21165144
v -0.51841187 0.16368979 0.36665044
v -0.51908397 0.31736737 0.21336726
v -0.62478397 0.14054737 0.33037226
v -0.63189403 0.14150063 0.32538974
v -0.52619403 0.31832063 0.20838474
v -0.52304274 0.15972762 0.36883402
v -0.62874274 0.13783762 0.33084002
v -0.62793526 0.14421038 0.32492198
v -0.52223526 0.16610038 0.36291598
v -0.30006613 0.16368979 0.36665044
v -0.30006613 0.31861979 0.21165144
v -0.29161187 0.31706821 0.21010056
v -0.29161187 0.16213821 0.36509956
v -0.40909392 0.33384653 0.21528395
v -0.29569392 0.32091653 0.20777595
v -0.29598408 0.31477147 0.21397605
v -0.40938408 0.32770147 0.22148405
v -0.29228397 0.31832063 0.20838474
v -0.18658397 0.14150063 0.32538974
v -0.19369403 0.14054737 0.33037226
v -0.29939403 0.31736737 0.21336726
v -0.29624274 0.16610038 0.36291598
v -0.19054274 0.14421038 0.32492198
v -0.18973526 0.13783762 0.33084002
v -0.29543526 0.15972762 0.36883402
v -0.41309279 0.32970882 -0.22187956
v -0.29969279 0.16184882 -0.36888256
v -0.29198521 0.16397918 -0.36536944
v -0.40538521 0.33183918 -0.21836644
v -0.40909142 0.16727570 -0.38319613
v -0.29569142 0.15981070 -0.37019513
v -0.29598658 0.16601730 -0.36405687
v -0.40938658 0.17348230 -0.37705787
v -0.41357097 0.33116456 -0.22051451
v -0.41357097 0.17076956 -0.38051851
v -0.40490703 0.16998844 -0.37973549
v -0.40490703 0.33038344 -0.21973149
v -0.29161037 0.16214351 -0.36635342
v -0.29161037 0.31707351 -0.21184342
v -0.30006763 0.31861449 -0.21338858
v -0.30006763 0.16368449 -0.36789858
v -0.40938498 0.32769667 -0.22321825
v -0.29598498 0.31476667 -0.21571125
v -0.29569302 0.32092133 -0.20952075
v -0.40909302 0.33385133 -0.21702775
v -0.29939897 0.31735862 -0.21509851
v -0.19369897 0.14053862 -0.33210251
v -0.18657903 0.14150938 -0.32713749
v -0.29227903 0.31832938 -0.21013349
v -0.29544887 0.15972660 -0.37008575
v -0.18974887 0.13783660 -0.33257975
v -0.19052913 0.14421140 -0.32666025
v -0.29622913 0.16610140 -0.36416625
v -0.41309287 0.33183963 -0.21836690
v -0.52649287 0.16397963 -0.36536990
v -0.51878513 0.16184837 -0.36888210
v -0.40538513 0.32970837 -0.22187910
v -0.51841037 0.16368449 -0.36789858
v -0.51841037 0.31861449 -0.21338858
v -0.52686763 0.31707351 -0.21184342
v -0.52686763 0.16214351 -0.36635342
v -0.40938498 0.33385133 -0.21702775
v -0.52278498 0.32092133 -0.20952075
v -0.52249302 0.31476667 -0.21571125
v -0.40909302 0.32769667 -0.22321825
v -0.52619897 0.31832938 -0.21013349
v -0.63189897 0.14150938 -0.32713749
v -0.62477903 0.14053862 -0.33210251
v -0.51907903 0.31735862 -0.21509851
v -0.52224887 0.16610140 -0.36416625
v -0.62794887 0.14421140 -0.32666025
v -0.62872913 0.13783660 -0.33257975
v -0.52302913 0.15972660 -0.37008575
v -3.48736167 -0.04023526 -0.00693110
v -4.18976167 -0.04133626 0.00008790
v -4.18981633 -0.04727774 -0.00631390
v -3.48741633 -0.04617674 -0.01333290
v -3.48737875 -0.04023531 -0.00693095
v -4.18977875 -0.04320531 -0.00192595
v -4.18979925 -0.04914669 -0.00832805
v -3.48739925 -0.04617669 -0.01333305
v -4.18544910 -0.04581907 -0.00545823
v -4.18544910 -0.04395007 -0.00344423
v -4.19412890 -0.04466393 -0.00278177
v -4.19412890 -0.04653293 -0.00479577
v -4.18957275 -0.04317448 -0.00196221
v -4.19757275 -0.04417548 -0.00046621
v -4.19800525 -0.05017852 -0.00679579
v -4.19000525 -0.04917752 -0.00829179
v -4.19666969 -0.04968406 -0.00702712
v -4.18866969 -0.04681406 -0.00650912
v -4.19090831 -0.04179994 0.00028312
v -4.19890831 -0.04466994 -0.00023488
v -4.18973307 -0.04236736 0.00079935
v -4.19773307 -0.04410736 0.00177635
v -4.19784493 -0.04798664 -0.00604835
v -4.18984493 -0.04624664 -0.00702535
v -4.19354944 -0.04634110 -0.00426281
v -4.19354944 -0.04521110 -0.00276781
v -4.20202856 -0.04688290 -0.00150419
v -4.20202856 -0.04801290 -0.00299919
v -4.19751760 -0.04671219 -0.00483272
v -4.18951760 -0.04470219 -0.00483272
v -4.19006040 -0.04254181 0.00361272
v -4.19806040 -0.04455181 0.00361272
v -4.19673488 -0.04691405 -0.00628436
v -4.18873488 -0.04448905 -0.00475836
v -4.19084312 -0.04275495 0.00353836
v -4.19884312 -0.04517995 0.00201236
v -4.20203318 -0.04662491 -0.00033997
v -4.20203318 -0.04703991 -0.00186597
v -4.19354482 -0.04505409 -0.00240603
v -4.19354482 -0.04463909 -0.00088003
v -4.18545476 -0.04379101 -0.00325421
v -4.18545476 -0.04310601 -0.00075121
v -4.19412324 -0.04413799 -0.00046879
v -4.19412324 -0.04482299 -0.00297179
v -4.18977925 -0.04477469 -0.00482225
v -3.48737925 -0.03883469 -0.00482225
v -3.48739875 -0.03652931 0.00360225
v -4.18979875 -0.04246931 0.00360225
v -4.18976322 -0.04544790 -0.00732839
v -3.48736322 -0.03882290 -0.00482539
v -3.48741478 -0.03654110 0.00360539
v -4.18981478 -0.04316610 0.00110239
v -4.18979887 -0.04543655 -0.00733151
v -3.48739887 -0.04029055 -0.01035251
v -3.48737913 -0.03803145 -0.00191549
v -4.18977913 -0.04317745 0.00110551
v -3.49175595 -0.03772043 -0.00059971
v -3.49175595 -0.03919943 -0.00612371
v -3.48302205 -0.03912257 -0.00614429
v -3.48302205 -0.03764357 -0.00062029
v -3.48737728 -0.03881136 -0.00482856
v -2.67432728 -0.03037036 -0.00482856
v -2.67435072 -0.02811164 0.00360856
v -3.48740072 -0.03655264 0.00360856
v -3.48734671 -0.04027620 -0.01035613
v -2.67429671 -0.03035620 -0.00483213
v -2.67438129 -0.02812580 0.00361213
v -3.48743129 -0.03804580 -0.00191187
v -3.48740241 -0.04026297 -0.01035979
v -2.67435241 -0.03295297 -0.01484579
v -2.67432559 -0.03074903 -0.00639421
v -3.48737559 -0.03805903 -0.00190821
v -2.67870532 -0.02932242 -0.00058877
v -2.67870532 -0.03193242 -0.01059877
v -2.66997268 -0.03176958 -0.01064123
v -2.66997268 -0.02915958 -0.00063123
v -2.67430663 -0.03034192 -0.00483596
v -1.74620763 -0.00305192 -0.00483596
v -1.74627237 -0.00085008 0.00361596
v -2.67437137 -0.02814008 0.00361596
v -2.67425765 -0.03296242 -0.01484255
v -1.74615865 -0.00306242 -0.00483255
v -1.74632135 -0.00083958 0.00361255
v -2.67442035 -0.03073958 -0.00639745
v -2.67437163 -0.03297771 -0.01483916
v -1.74627263 -0.00934771 -0.02832816
v -1.74620737 -0.00709429 -0.01988984
v -2.67430637 -0.03072429 -0.00640084
v -1.75060109 -0.00217285 -0.00055081
v -1.75060109 -0.00844285 -0.02404981
v -1.74187891 -0.00799915 -0.02416819
v -1.74187891 -0.00172915 -0.00066919
v -1.74615081 -0.00306998 -0.00483040
v -1.15940081 0.04370002 -0.00483040
v -1.15957919 0.04593798 0.00361040
v -1.74632919 -0.00083202 0.00361040
v -1.74597138 -0.00932431 -0.02832592
v -1.15922138 0.04371569 -0.00482692
v -1.15975862 0.04592231 0.00360692
v -1.74650862 -0.00711769 -0.01989208
v -2.67437133 -0.04208061 -0.02068523
v -1.74627233 -0.02844061 -0.04418323
v -1.74620767 -0.02224139 -0.03803077
v -2.67430667 -0.03588139 -0.01453277
v -2.67425792 -0.04207790 -0.02068706
v -1.74615892 -0.01131790 -0.02718706
v -1.74632108 -0.00512410 -0.02103094
v -2.67442008 -0.03588410 -0.01453094
v -1.75060108 -0.00838287 -0.02394597
v -1.75060108 -0.02550287 -0.04094397
v -1.74187892 -0.02517913 -0.04127003
v -1.74187892 -0.00805913 -0.02427203
v -1.74633076 -0.00935254 -0.02832601
v -1.15958076 0.03115746 -0.05182401
v -1.15939924 0.03342054 -0.04338999
v -1.74614924 -0.00708946 -0.01989199
v -1.16378891 0.04407604 -0.00041192
v -1.16378891 0.03154604 -0.04740892
v -1.15519109 0.03303196 -0.04780508
v -1.15519109 0.04556196 -0.00080808
v -1.15918444 0.04378092 -0.00484094
v -0.83313344 0.13975592 -0.00484094
v -0.83374456 0.14183208 0.00362094
v -1.15979556 0.04585708 0.00362094
v -1.15860113 0.03143240 -0.05179603
v -0.83255013 0.13993740 -0.00479903
v -0.83432787 0.14165060 0.00357903
v -1.16037887 0.03314560 -0.04341797
v -1.74650647 -0.01132872 -0.02716562
v -1.15975647 -0.00505872 -0.08469162
v -1.15922353 0.00115672 -0.07857838
v -1.74597353 -0.00511328 -0.02105238
v -1.74632845 -0.02844421 -0.04417849
v -1.15957845 -0.00505421 -0.08470649
v -1.15940155 0.00115221 -0.07856351
v -1.74615155 -0.02223779 -0.03803551
v -1.15979796 0.03107988 -0.05179209
v -0.83374696 0.11419488 -0.09979709
v -0.83313104 0.11661312 -0.09142691
v -1.15918204 0.03349812 -0.04342191
v -0.83763968 0.13964030 -0.00030167
v -0.83763968 0.11425030 -0.09530367
v -0.82923832 0.11655770 -0.09592033
v -0.82923832 0.14194770 -0.00091833
v -0.83255368 0.13992748 0.00357774
v -1.15860468 0.03142248 0.05005574
v -1.16037532 0.03315552 0.04168026
v -0.83432432 0.14166052 -0.00479774
v -0.83374536 0.11418951 0.09805566
v -1.15979636 0.03107451 0.05005166
v -1.15918364 0.03350349 0.04168434
v -0.83313264 0.11661849 0.08968834
v -0.83763957 0.11425033 0.09356198
v -0.83763957 0.13964033 -0.00092002
v -0.82923843 0.14194767 -0.00029998
v -0.82923843 0.11655767 0.09418202
v -0.83313024 0.13974505 0.00361802
v -1.15918124 0.04377005 0.00361802
v -1.15979876 0.04586795 -0.00483802
v -0.83374776 0.14184295 -0.00483802
v -1.16378896 0.03154688 0.04566793
v -1.16378896 0.04407688 -0.00081007
v -1.15519104 0.04556112 -0.00040993
v -1.15519104 0.03303112 0.04606807
v -1.15922368 0.04369776 0.00360233
v -1.74597368 -0.00934224 0.02658133
v -1.74650632 -0.00709976 0.01815667
v -1.15975632 0.04594024 -0.00482233
v -1.15957984 0.03114581 0.05008189
v -1.74632984 -0.00936419 0.02658289
v -1.74615016 -0.00707781 0.01815511
v -1.15940016 0.03343219 0.04165411
v -1.15939893 0.04367643 0.00360403
v -1.74614893 -0.00309357 0.00360403
v -1.74633107 -0.00080843 -0.00482403
v -1.15958107 0.04596157 -0.00482403
v -1.75060110 -0.00844236 0.02230860
v -1.75060110 -0.00217236 -0.00067040
v -1.74187890 -0.00172964 -0.00054960
v -1.74187890 -0.00799964 0.02242940
v -1.74615983 -0.00310238 0.00360185
v -2.67425883 -0.03300238 0.01309285
v -2.67441917 -0.03069962 0.00466915
v -1.74632017 -0.00079962 -0.00482185
v -1.74627193 -0.00937142 0.02658176
v -2.67437093 -0.03300142 0.01309376
v -2.67430707 -0.03070058 0.00466824
v -1.74620807 -0.00707058 0.01815624
v -1.74620598 -0.00310800 0.00360094
v -2.67430498 -0.03039800 0.00360094
v -2.67437302 -0.02808400 -0.00482094
v -1.74627402 -0.00079400 -0.00482094
v -2.67870533 -0.03193167 0.00885882
v -2.67870533 -0.02932167 -0.00063218
v -2.66997267 -0.02916033 -0.00058782
v -2.66997267 -0.03177033 0.00890318
v -1.74627324 -0.02846051 0.04294304
v -2.67437224 -0.04210051 0.01892504
v -2.67430576 -0.03586149 0.01281296
v -1.74620676 -0.02222149 0.03683096
v -1.74632017 -0.02846102 0.04294165
v -2.67441917 -0.03497102 0.01193565
v -2.67425883 -0.02873098 0.00582635
v -1.74615983 -0.02222098 0.03683235
v -2.66997268 -0.03179206 0.00894114
v -2.66997268 -0.03892206 0.01592914
v -2.67870532 -0.03903994 0.01580886
v -2.67870532 -0.03190994 0.00882086
v -2.67429655 -0.03038723 0.00360381
v -3.48734655 -0.04030723 0.00909681
v -3.48743145 -0.03801477 0.00066919
v -2.67438145 -0.02809477 -0.00482381
v -2.67433759 -0.03406591 0.01264477
v -3.48738759 -0.04137591 0.00864677
v -3.48739041 -0.03694609 0.00111923
v -2.67434041 -0.02963609 0.00511723
v -2.67437961 -0.04210007 0.01892540
v -3.48742961 -0.04228007 0.00793940
v -3.48734839 -0.03604193 0.00182660
v -2.67429839 -0.03586193 0.01281260
v -2.67432721 -0.03037630 0.00360696
v -3.48737721 -0.03881730 0.00360696
v -3.48740079 -0.03654670 -0.00482696
v -2.67435079 -0.02810570 -0.00482696
v -3.49175595 -0.03919939 0.00487266
v -3.49175595 -0.03772039 -0.00062034
v -3.48302205 -0.03764361 -0.00059966
v -3.48302205 -0.03912261 0.00489334
v -3.48736320 -0.03882609 0.00360452
v -4.18976320 -0.04545109 0.00610652
v -4.18981480 -0.04316291 -0.00232252
v -3.48741480 -0.03653791 -0.00482452
v -3.48739864 -0.04029649 0.00909992
v -4.18979864 -0.04544249 0.00610892
v -4.18977936 -0.04317151 -0.00232492
v -3.48737936 -0.03802551 0.00066608
v -3.48737925 -0.03883512 0.00360213
v -4.18977925 -0.04477512 0.00360213
v -4.18979875 -0.04246888 -0.00482213
v -3.48739875 -0.03652888 -0.00482213
v -4.19412299 -0.04482494 0.00175020
v -4.19412299 -0.04413994 -0.00075180
v -4.18545501 -0.04310406 -0.00046820
v -4.18545501 -0.04378906 0.00203380
v -4.18874662 -0.04450336 0.00353831
v -4.19674662 -0.04692836 0.00503331
v -4.19883138 -0.04516564 -0.00326331
v -4.19083138 -0.04274064 -0.00475831
v -4.19005229 -0.04551969 0.00607911
v -4.19805229 -0.04725969 0.00507211
v -4.19752571 -0.04483431 -0.00330211
v -4.18952571 -0.04309431 -0.00229511
v -4.18951235 -0.04472309 0.00360698
v -4.19751235 -0.04673309 0.00360698
v -4.19806565 -0.04453091 -0.00482698
v -4.19006565 -0.04252091 -0.00482698
v -4.20203351 -0.04703714 0.00061015
v -4.20203351 -0.04662214 -0.00088485
v -4.19354449 -0.04464186 -0.00033515
v -4.19354449 -0.04505686 0.00115985
v -4.19675884 -0.04270142 -0.00172607
v -4.18875884 -0.04283042 0.00126493
v -4.19081916 -0.04952158 0.00648707
v -4.19881916 -0.04939258 0.00349607
v -4.19357115 -0.04529384 0.00173016
v -4.19357115 -0.04642384 0.00273716
v -4.20200685 -0.04793016 0.00104684
v -4.20200685 -0.04680016 0.00003984
v -4.19007991 -0.04948055 0.00671627
v -4.19807991 -0.05048155 0.00473227
v -4.19749809 -0.04387245 -0.00094827
v -4.18949809 -0.04287145 0.00103573
v -0.62477969 -0.37986455 -0.19012808
v -0.51907969 -0.26284455 -0.36664108
v -0.52619831 -0.25787745 -0.36761092
v -0.63189831 -0.37489745 -0.19109792
v -0.63239758 -0.23733547 -0.32848030
v -0.63239758 -0.37624047 -0.18947330
v -0.62428042 -0.37852153 -0.19175270
v -0.62428042 -0.23961653 -0.33075970
v -0.62794614 -0.24165880 -0.32665566
v -0.52224614 -0.26354380 -0.36416166
v -0.52303186 -0.25717820 -0.37009034
v -0.62873186 -0.23529320 -0.33258434
v -0.29939831 -0.26284455 -0.36664108
v -0.19369831 -0.37986455 -0.19012808
v -0.18657969 -0.37489745 -0.19109792
v -0.29227969 -0.25787745 -0.36761092
v -0.29623186 -0.26354380 -0.36416166
v -0.19053186 -0.24165880 -0.32665566
v -0.18974614 -0.23529320 -0.33258434
v -0.29544614 -0.25717820 -0.37009034
v -0.18608042 -0.37624047 -0.18947330
v -0.18608042 -0.23733547 -0.32848030
v -0.19419758 -0.23961653 -0.33075970
v -0.19419758 -0.37852153 -0.19175270
v -0.18632907 -0.23792696 -0.32755729
v -0.18632907 -0.04817696 -0.37806429
v -0.19394893 -0.04927504 -0.38218971
v -0.19394893 -0.23902504 -0.33168271
v -0.19310248 -0.05155076 -0.38164697
v -0.10235248 -0.20648076 -0.27065497
v -0.09642552 -0.20083124 -0.26761503
v -0.18717552 -0.04590124 -0.37860703
v -0.18958502 -0.24253732 -0.32811316
v -0.09883502 -0.20771732 -0.26762816
v -0.09994298 -0.19959468 -0.27064184
v -0.19069298 -0.23441468 -0.33112684
v -0.19069103 -0.05299774 -0.37940638
v -0.09994103 -0.05299774 -0.30988738
v -0.09883697 -0.04445426 -0.31132862
v -0.18958697 -0.04445426 -0.38084762
v -0.09587851 -0.20298426 -0.26662561
v -0.09587851 -0.04805426 -0.30809861
v -0.10289949 -0.04939774 -0.31311739
v -0.10289949 -0.20432774 -0.27164439
v -0.18658224 -0.23608157 -0.32879056
v -0.29228224 -0.04633157 -0.42330356
v -0.29939576 -0.05112043 -0.42496244
v -0.19369576 -0.24087043 -0.33044944
v -0.18973846 -0.04448504 -0.38108909
v -0.29543846 -0.04448504 -0.42509509
v -0.29623954 -0.05296696 -0.42317091
v -0.19053954 -0.05296696 -0.37916491
v -0.30006800 -0.04900942 -0.42518517
v -0.30006800 -0.26064442 -0.36817817
v -0.29161000 -0.26007758 -0.36607383
v -0.29161000 -0.04844258 -0.42308083
v -0.19054317 -0.23432180 -0.33090495
v -0.29624317 -0.25620680 -0.36841095
v -0.29543483 -0.26451520 -0.36584105
v -0.18973483 -0.24263020 -0.32833505
v -0.29198382 -0.25830975 -0.36716852
v -0.40538382 -0.04667475 -0.43915952
v -0.41309418 -0.05077725 -0.43907448
v -0.29969418 -0.26241225 -0.36708348
v -0.29569140 -0.04450672 -0.42525002
v -0.40909140 -0.04450672 -0.44023402
v -0.40938660 -0.05294528 -0.43799998
v -0.29598660 -0.05294528 -0.42301598
v -0.40487187 -0.26783100 -0.38012700
v -0.40487187 -0.04872600 -0.43911700
v -0.41360613 -0.04872600 -0.43911700
v -0.41360613 -0.26783100 -0.38012700
v -0.40909383 -0.27204078 -0.37897438
v -0.29569383 -0.26457078 -0.36597338
v -0.29598417 -0.25615122 -0.36827862
v -0.40938417 -0.26362122 -0.38127962
v -0.41309418 -0.04667475 -0.43915952
v -0.52649418 -0.25830975 -0.36716852
v -0.51878382 -0.26241225 -0.36708348
v -0.40538382 -0.05077725 -0.43907448
v -0.40909383 -0.26362122 -0.38127962
v -0.52249383 -0.25615122 -0.36827862
v -0.52278417 -0.26457078 -0.36597338
v -0.40938417 -0.27204078 -0.37897438
v -0.51841000 -0.26064442 -0.36817817
v -0.51841000 -0.04900942 -0.42518517
v -0.52686800 -0.04844258 -0.42308083
v -0.52686800 -0.26007758 -0.36607383
v -0.40938660 -0.04450672 -0.44023402
v -0.52278660 -0.04450672 -0.42525002
v -0.52249140 -0.05294528 -0.42301598
v -0.40909140 -0.05294528 -0.43799998
v -0.52619576 -0.04633157 -0.42330356
v -0.63189576 -0.23608157 -0.32879056
v -0.62478224 -0.24087043 -0.33044944
v -0.51908224 -0.05112043 -0.42496244
v -0.52223483 -0.25620680 -0.36841095
v -0.62793483 -0.23432180 -0.33090495
v -0.62874317 -0.24263020 -0.32833505
v -0.52304317 -0.26451520 -0.36584105
v -0.62452907 -0.23902504 -0.33168271
v -0.62452907 -0.04927504 -0.38218971
v -0.63214893 -0.04817696 -0.37806429
v -0.63214893 -0.23792696 -0.32755729
v -0.52303954 -0.04448504 -0.42509509
v -0.62873954 -0.04448504 -0.38108909
v -0.62793846 -0.05296696 -0.37916491
v -0.52223846 -0.05296696 -0.42317091
v -0.63130248 -0.04590124 -0.37860703
v -0.72205248 -0.20083124 -0.26761503
v -0.71612552 -0.20648076 -0.27065497
v -0.62537552 -0.05155076 -0.38164697
v -0.62778502 -0.23441468 -0.33112684
v -0.71853502 -0.19959468 -0.27064184
v -0.71964298 -0.20771732 -0.26762816
v -0.62889298 -0.24253732 -0.32811316
v -0.71557851 -0.20432774 -0.27164439
v -0.71557851 -0.04939774 -0.31311739
v -0.72259949 -0.04805426 -0.30809861
v -0.72259949 -0.20298426 -0.26662561
v -0.62889103 -0.04445426 -0.38084762
v -0.71964103 -0.04445426 -0.31132862
v -0.71853697 -0.05299774 -0.30988738
v -0.62778697 -0.05299774 -0.37940638
v -0.51841001 -0.04844258 -0.42518519
v -0.51841001 0.16319742 -0.36817819
v -0.52686799 0.16263058 -0.36607381
v -0.52686799 -0.04900942 -0.42308081
v -0.40538380 -0.04667479 -0.43907448
v -0.51878380 0.16496521 -0.36708348
v -0.52649420 0.16086279 -0.36716852
v -0.41309420 -0.05077721 -0.43915952
v -0.40909141 -0.04450672 -0.43800000
v -0.52249141 -0.04450672 -0.42301600
v -0.52278659 -0.05294528 -0.42525000
v -0.40938659 -0.05294528 -0.44023400
v -0.51908225 -0.04633157 -0.42496246
v -0.62478225 0.14341843 -0.33044946
v -0.63189575 0.13862957 -0.32879054
v -0.52619575 -0.05112043 -0.42330354
v -0.52304335 0.16706817 -0.36584101
v -0.62874335 0.14517817 -0.32833501
v -0.62793465 0.13686983 -0.33090499
v -0.52223465 0.15875983 -0.36841099
v -0.52223846 -0.04448504 -0.42317091
v -0.62793846 -0.04448504 -0.37916491
v -0.62873954 -0.05296696 -0.38108909
v -0.52303954 -0.05296696 -0.42509509
v -0.63214893 0.14047496 -0.32755729
v -0.63214893 -0.04927504 -0.37806429
v -0.62452907 -0.04817696 -0.38218971
v -0.62452907 0.14157304 -0.33168271
v -0.62537552 -0.04590124 -0.38164697
v -0.71612552 0.10902876 -0.27065497
v -0.72205248 0.10337924 -0.26761503
v -0.63130248 -0.05155076 -0.37860703
v -0.62889298 0.14508532 -0.32811316
v -0.71964298 0.11026532 -0.26762816
v -0.71853502 0.10214268 -0.27064184
v -0.62778502 0.13696268 -0.33112684
v -0.62778697 -0.04445426 -0.37940638
v -0.71853697 -0.04445426 -0.30988738
v -0.71964103 -0.05299774 -0.31132862
v -0.62889103 -0.05299774 -0.38084762
v -0.72259949 0.10553226 -0.26662561
v -0.72259949 -0.04939774 -0.30809861
v -0.71557851 -0.04805426 -0.31311739
v -0.71557851 0.10687574 -0.27164439
v -0.52249402 0.15870421 -0.36827860
v -0.40909402 0.16616921 -0.38127960
v -0.40938398 0.17458879 -0.37897440
v -0.52278398 0.16712379 -0.36597340
v -0.40487187 -0.04872600 -0.43911700
v -0.40487187 0.17037900 -0.38012700
v -0.41360613 0.17037900 -0.38012700
v -0.41360613 -0.04872600 -0.43911700
v -0.40538380 -0.05077721 -0.43915952
v -0.29198380 0.16086279 -0.36716852
v -0.29969420 0.16496521 -0.36708348
v -0.41309420 -0.04667479 -0.43907448
v -0.40938398 0.16616921 -0.38127960
v -0.29598398 0.15870421 -0.36827860
v -0.29569402 0.16712379 -0.36597340
v -0.40909402 0.17458879 -0.37897440
v -0.30006799 0.16319742 -0.36817819
v -0.30006799 -0.04844258 -0.42518519
v -0.29161001 -0.04900942 -0.42308081
v -0.29161001 0.16263058 -0.36607381
v -0.40909141 -0.05294528 -0.44023400
v -0.29569141 -0.05294528 -0.42525000
v -0.29598659 -0.04450672 -0.42301600
v -0.40938659 -0.04450672 -0.43800000
v -0.29228225 -0.05112043 -0.42330354
v -0.18658225 0.13862957 -0.32879054
v -0.19369575 0.14341843 -0.33044946
v -0.29939575 -0.04633157 -0.42496246
v -0.29624335 0.15875983 -0.36841099
v -0.19054335 0.13686983 -0.33090499
v -0.18973465 0.14517817 -0.32833501
v -0.29543465 0.16706817 -0.36584101
v -0.19394893 0.14157304 -0.33168271
v -0.19394893 -0.04817696 -0.38218971
v -0.18632907 -0.04927504 -0.37806429
v -0.18632907 0.14047496 -0.32755729
v -0.29543846 -0.05296696 -0.42509509
v -0.18973846 -0.05296696 -0.38108909
v -0.19053954 -0.04448504 -0.37916491
v -0.29623954 -0.04448504 -0.42317091
v -0.18717552 -0.05155076 -0.37860703
v -0.09642552 0.10337924 -0.26761503
v -0.10235248 0.10902876 -0.27065497
v -0.19310248 -0.04590124 -0.38164697
v -0.19069298 0.13696268 -0.33112684
v -0.09994298 0.10214268 -0.27064184
v -0.09883502 0.11026532 -0.26762816
v -0.18958502 0.14508532 -0.32811316
v -0.10289949 0.10687574 -0.27164439
v -0.10289949 -0.04805426 -0.31311739
v -0.09587851 -0.04939774 -0.30809861
v -0.09587851 0.10553226 -0.26662561
v -0.18958697 -0.05299774 -0.38084762
v -0.09883697 -0.05299774 -0.31132862
v -0.09994103 -0.04445426 -0.30988738
v -0.19069103 -0.04445426 -0.37940638
v -0.41309271 0.33183872 -0.21836599
v -0.52649271 0.16397872 -0.36536899
v -0.51878529 0.16184928 -0.36888301
v -0.40538529 0.32970928 -0.22188001
v -0.41357097 0.33038344 -0.21973149
v -0.41357097 0.16998844 -0.37973549
v -0.40490703 0.17076956 -0.38051851
v -0.40490703 0.33116456 -0.22051451
v -0.40909142 0.17348230 -0.37705787
v -0.52249142 0.16601730 -0.36405687
v -0.52278658 0.15981070 -0.37019513
v -0.40938658 0.16727570 -0.38319613
v -0.18608540 0.13987466 -0.32847146
v -0.18608540 0.27878466 -0.18946446
v -0.19419260 0.28108334 -0.19176154
v -0.19419260 0.14217334 -0.33076854
v -0.29939362 0.31736808 -0.21510798
v -0.19369362 0.14054808 -0.33211198
v -0.18658438 0.14149992 -0.32712802
v -0.29228438 0.31831992 -0.21012402
v -0.29623693 0.31488479 -0.21580293
v -0.19053693 0.27697479 -0.19379993
v -0.18974107 0.28289321 -0.18742607
v -0.29544107 0.32080321 -0.20942907
v -0.52619362 0.31831992 -0.21012402
v -0.63189362 0.14149992 -0.32712802
v -0.62478438 0.14054808 -0.33211198
v -0.51908438 0.31736808 -0.21510798
v -0.62428540 0.14217334 -0.33076854
v -0.62428540 0.28108334 -0.19176154
v -0.63239260 0.27878466 -0.18946446
v -0.63239260 0.13987466 -0.32847146
v -0.52303693 0.32080321 -0.20942907
v -0.62873693 0.28289321 -0.18742607
v -0.62794107 0.27697479 -0.19379993
v -0.52224107 0.31488479 -0.21580293
v -1.74615807 -0.08611339 -0.02716605
v -2.67425707 -0.05534839 -0.02066605
v -2.67442093 -0.06158361 -0.01455195
v -1.74632193 -0.09234861 -0.02105195
v -1.74620501 -0.08611201 -0.02716555
v -2.67430401 -0.06248201 -0.01367655
v -2.67437399 -0.06871999 -0.00756345
v -1.74627499 -0.09234999 -0.02105245
v -2.66997268 -0.06565971 -0.01067994
v -2.66997268 -0.05852471 -0.01766894
v -2.67870532 -0.05840729 -0.01754906
v -2.67870532 -0.06554229 -0.01056006
v -3.48734645 -0.06139812 -0.00307055
v -2.67429645 -0.06157812 -0.01454555
v -2.67438155 -0.05535388 -0.02067245
v -3.48743155 -0.05517388 -0.00919745
v -2.67432779 -0.06248131 -0.01367601
v -3.48737779 -0.05516631 -0.00919001
v -3.48740021 -0.06140569 -0.00307799
v -2.67435021 -0.06872069 -0.00756399
v -4.18872162 -0.05080397 -0.00664374
v -4.19672162 -0.04793397 -0.00716174
v -4.19885638 -0.05261003 -0.00010026
v -4.19085638 -0.05548003 0.00041774
v -4.19792772 -0.05400655 0.00136670
v -4.18992772 -0.05574655 0.00038970
v -4.18965028 -0.05053745 -0.00661570
v -4.19765028 -0.04879745 -0.00563870
v -4.19354944 -0.05223790 -0.00276781
v -4.19354944 -0.05110790 -0.00426281
v -4.20202856 -0.04943610 -0.00299919
v -4.20202856 -0.05056610 -0.00150419
v -3.48736243 -0.05518209 -0.00920594
v -4.18976243 -0.04817209 -0.00819894
v -4.18981557 -0.05437991 -0.00205506
v -3.48741557 -0.06138991 -0.00306206
v -4.18978948 -0.05506076 -0.00294814
v -3.48738948 -0.05803076 -0.00795314
v -3.48738852 -0.05046124 -0.01231086
v -4.18978852 -0.04749124 -0.00730586
v -3.48302205 -0.05831399 -0.00616229
v -3.48302205 -0.05427399 -0.01016029
v -3.49175595 -0.05421801 -0.01010371
v -3.49175595 -0.05825801 -0.00610571
v -2.67433909 -0.05466706 -0.01976303
v -3.48738909 -0.05044706 -0.01228603
v -3.48738891 -0.05804494 -0.00797797
v -2.67433891 -0.06226494 -0.01545497
v -4.19664361 -0.05432344 -0.00247095
v -4.18864361 -0.05277844 -0.00497395
v -4.19093439 -0.04467556 -0.00729405
v -4.19893439 -0.04622056 -0.00479105
v -4.18544920 -0.05145522 -0.00558066
v -4.18544920 -0.04890622 -0.00658766
v -4.19412880 -0.04854778 -0.00568034
v -4.19412880 -0.05109678 -0.00467334
v -4.19798878 -0.05431305 -0.00198729
v -4.18998878 -0.05531705 -0.00348329
v -4.18958922 -0.04723495 -0.00677071
v -4.19758922 -0.04623095 -0.00527471
v -4.20203553 -0.04841945 -0.00314828
v -4.20203553 -0.04996445 -0.00265928
v -4.19354247 -0.05057955 -0.00460272
v -4.19354247 -0.04903455 -0.00509172
v -4.19778852 -0.05309413 -0.00411808
v -4.18978852 -0.05309413 -0.00613208
v -4.18978948 -0.04435987 -0.00613592
v -4.19778948 -0.04435987 -0.00412192
v -4.18976123 -0.05542089 -0.00375188
v -3.48736123 -0.05287189 -0.01025188
v -3.48741677 -0.04458211 -0.01300212
v -4.18981677 -0.04713111 -0.00650212
v -3.48302205 -0.05425631 -0.01017005
v -3.48302205 -0.04873731 -0.01166505
v -3.49175595 -0.04871669 -0.01158895
v -3.49175595 -0.05423569 -0.01009395
v -4.18978900 -0.05309413 -0.00613341
v -3.48738900 -0.05309413 -0.01162641
v -3.48738900 -0.04435987 -0.01162759
v -4.18978900 -0.04435987 -0.00613459
v -3.48734666 -0.05846851 -0.00901826
v -2.67429666 -0.05294851 -0.01899726
v -2.67438134 -0.04450349 -0.02122474
v -3.48743134 -0.05002349 -0.01124574
v -2.66997270 -0.05848712 -0.01769123
v -2.66997270 -0.04874712 -0.02019323
v -2.67870530 -0.04870488 -0.02002877
v -2.67870530 -0.05844488 -0.01752677
v -3.48738899 -0.05309413 -0.01162680
v -2.67433899 -0.05309313 -0.02011080
v -2.67433901 -0.04435887 -0.02011120
v -3.48738901 -0.04435987 -0.01162720
v -2.67425834 -0.06268479 -0.01648332
v -1.74615934 -0.05294479 -0.04648132
v -1.74632066 -0.04450721 -0.04873268
v -2.67441966 -0.05424721 -0.01873468
v -2.67433899 -0.05309313 -0.02011073
v -1.74623999 -0.05309313 -0.04760673
v -1.74624001 -0.04435887 -0.04760727
v -2.67433901 -0.04435887 -0.02011127
v -1.74187884 -0.07217211 -0.04132684
v -1.74187884 -0.04878711 -0.04782684
v -1.75060116 -0.04866489 -0.04738716
v -1.75060116 -0.07204989 -0.04088716
v -2.67437122 -0.06267325 -0.01643862
v -1.74627222 -0.07631825 -0.03993662
v -1.74620778 -0.06790375 -0.04227738
v -2.67430678 -0.05425875 -0.01877938
v -1.74615933 -0.04450714 -0.04648158
v -2.67425833 -0.03476214 -0.01648358
v -2.67441967 -0.04319986 -0.01873442
v -1.74632067 -0.05294486 -0.04873242
v -2.66997270 -0.04870489 -0.02019324
v -2.66997270 -0.03895989 -0.01769124
v -2.67870530 -0.03900211 -0.01752676
v -2.67870530 -0.04874711 -0.02002876
v -2.67429667 -0.04450337 -0.01899771
v -3.48734667 -0.03898337 -0.00901871
v -3.48743133 -0.04742863 -0.01124529
v -2.67438133 -0.05294863 -0.02122429
v -3.48302205 -0.04871670 -0.01166505
v -3.48302205 -0.04319570 -0.01017005
v -3.49175595 -0.04321630 -0.01009395
v -3.49175595 -0.04873730 -0.01158895
v -2.67433895 -0.03518126 -0.01545638
v -3.48738895 -0.03940626 -0.00797938
v -3.48738905 -0.04700574 -0.01228462
v -2.67433905 -0.04278074 -0.01976162
v -3.48736123 -0.04458187 -0.01025262
v -4.18976123 -0.04203087 -0.00375262
v -4.18981677 -0.05032113 -0.00650138
v -3.48741677 -0.05287213 -0.01300138
v -4.18544916 -0.04854801 -0.00658742
v -4.18544916 -0.04599701 -0.00558042
v -4.19412884 -0.04635499 -0.00467358
v -4.19412884 -0.04890599 -0.00568058
v -3.48739869 -0.03899071 -0.00899049
v -4.18979869 -0.04196071 -0.00398549
v -4.18977931 -0.05039129 -0.00626851
v -3.48737931 -0.04742129 -0.01127351
v -4.18864192 -0.04467520 -0.00497685
v -4.19664192 -0.04312520 -0.00247385
v -4.19893608 -0.05122880 -0.00478815
v -4.19093608 -0.05277880 -0.00729115
v -4.18998759 -0.04213434 -0.00348462
v -4.19798759 -0.04313534 -0.00198862
v -4.19759041 -0.05121866 -0.00527338
v -4.18959041 -0.05021766 -0.00676938
v -4.19354254 -0.04842026 -0.00509228
v -4.19354254 -0.04687026 -0.00460328
v -4.20203546 -0.04748374 -0.00265872
v -4.20203546 -0.04903374 -0.00314772
v -3.48736319 -0.04009989 -0.00706228
v -4.18976319 -0.04120089 -0.00004328
v -4.18981481 -0.04741311 -0.00618272
v -3.48741481 -0.04631211 -0.01320172
v -4.18977945 -0.04741296 -0.00618298
v -3.48737945 -0.04226696 -0.00920398
v -3.48739855 -0.03605504 -0.00306402
v -4.18979855 -0.04120104 -0.00004302
v -3.48302206 -0.04317775 -0.01016058
v -3.48302206 -0.03913275 -0.00616258
v -3.49175594 -0.03918925 -0.00610542
v -3.49175594 -0.04323425 -0.01010342
v -2.67429646 -0.03586847 -0.01454597
v -3.48734646 -0.03604847 -0.00307097
v -3.48743154 -0.04227353 -0.00919703
v -2.67438154 -0.04209353 -0.02067203
v -3.48737783 -0.04227962 -0.00919111
v -2.67432783 -0.03496962 -0.01367711
v -2.67435017 -0.02873238 -0.00756289
v -3.48740017 -0.03604238 -0.00307689
v -2.66997268 -0.03892227 -0.01766892
v -2.66997268 -0.03179227 -0.01067992
v -2.67870532 -0.03190973 -0.01056008
v -2.67870532 -0.03903973 -0.01754908
v -2.67430406 -0.03496892 -0.01367764
v -1.74620506 -0.01133892 -0.02716664
v -1.74627494 -0.00510308 -0.02105136
v -2.67437394 -0.02873308 -0.00756236
v -2.67425713 -0.04209754 -0.02066715
v -1.74615813 -0.01133754 -0.02716715
v -1.74632187 -0.00510446 -0.02105085
v -2.67442087 -0.03586446 -0.01455085
v -2.67430680 -0.04318825 -0.01877938
v -1.74620780 -0.02954825 -0.04227738
v -1.74627220 -0.02113375 -0.03993662
v -2.67437120 -0.03477375 -0.01643862
v -1.74187884 -0.04866489 -0.04782684
v -1.74187884 -0.02527989 -0.04132684
v -1.75060116 -0.02540211 -0.04088716
v -1.75060116 -0.04878711 -0.04738716
v -1.74650662 -0.01132727 -0.02716707
v -1.15975662 -0.00505727 -0.08469307
v -1.15922338 0.00115527 -0.07857693
v -1.74597338 -0.00511473 -0.02105093
v -1.74614998 -0.01131305 -0.02719169
v -1.15939998 0.02919695 -0.05068969
v -1.15958002 0.03538105 -0.04452431
v -1.74633002 -0.00512895 -0.02102631
v -1.16378855 0.03174558 -0.04706019
v -1.16378855 -0.00249442 -0.08108819
v -1.15519145 -0.00140758 -0.08218181
v -1.15519145 0.03283242 -0.04815381
v -1.74650952 -0.02955197 -0.04223258
v -1.15975952 -0.05293697 -0.09524158
v -1.15922048 -0.04451503 -0.09299042
v -1.74597048 -0.02113003 -0.03998142
v -1.74624000 -0.05309313 -0.04760700
v -1.15949000 -0.05309313 -0.09411600
v -1.15949000 -0.04435887 -0.09411600
v -1.74624000 -0.04435887 -0.04760700
v -1.74615012 -0.02955782 -0.04223934
v -1.15940012 -0.00616782 -0.08276734
v -1.15957988 0.00226582 -0.08050266
v -1.74632988 -0.02112418 -0.03997466
v -1.16378888 -0.00214927 -0.08089195
v -1.16378888 -0.04892427 -0.09337295
v -1.15519112 -0.04852773 -0.09485905
v -1.15519112 -0.00175273 -0.08237805
v -1.74597048 -0.07632195 -0.03998136
v -1.15922048 -0.05293695 -0.09299036
v -1.15975952 -0.04451505 -0.09524164
v -1.74650952 -0.06790005 -0.04223264
v -1.15519112 -0.09569429 -0.08237804
v -1.15519112 -0.04892429 -0.09485904
v -1.16378888 -0.04852771 -0.09337296
v -1.16378888 -0.09529771 -0.08089196
v -1.74632984 -0.07632779 -0.03997455
v -1.15957984 -0.09971279 -0.08050255
v -1.15940016 -0.09127921 -0.08276745
v -1.74615016 -0.06789421 -0.04223945
v -1.15860556 -0.09968705 -0.08078370
v -0.83255456 -0.05291705 -0.18927370
v -0.83432344 -0.04453495 -0.19097630
v -1.16037444 -0.09130495 -0.08248630
v -1.15948998 -0.05309313 -0.09411595
v -0.83343898 -0.05309313 -0.19012495
v -0.83343902 -0.04435887 -0.19012505
v -1.15949002 -0.04435887 -0.09411605
v -1.16037448 -0.00614205 -0.08248623
v -0.83432348 -0.05291705 -0.19097623
v -0.83255452 -0.04453495 -0.18927377
v -1.15860552 0.00224005 -0.08078377
v -1.15948819 -0.00574043 -0.08380571
v -0.83343719 0.04224457 -0.16730171
v -0.83344081 0.04982343 -0.16296029
v -1.15949181 0.00183843 -0.07946429
v -0.82923927 -0.04842058 -0.19128294
v -0.82923927 0.04633942 -0.16628894
v -0.83763873 0.04572858 -0.16397306
v -0.83763873 -0.04903142 -0.18896706
v -1.16037743 0.02908903 -0.05044327
v -0.83432643 0.04283403 -0.16796727
v -0.83255157 0.04923397 -0.16229473
v -1.15860257 0.03548897 -0.04477073
v -1.15918441 0.02927399 -0.05075154
v -0.83313341 0.11238899 -0.09875654
v -0.83374459 0.11841901 -0.09246746
v -1.15979559 0.03530401 -0.04446246
v -0.82923849 0.04687976 -0.16597494
v -0.82923849 0.11624976 -0.09645594
v -0.83763951 0.11455824 -0.09476806
v -0.83763951 0.04518824 -0.16428706
v -1.15860012 -0.13292977 -0.04476451
v -0.83254912 -0.14667977 -0.16228851
v -0.83432888 -0.14029223 -0.16797349
v -1.16037988 -0.12654223 -0.05044949
v -0.83763951 -0.14264021 -0.16428708
v -0.83763951 -0.21200521 -0.09476808
v -0.82923849 -0.21369679 -0.09645592
v -0.82923849 -0.14433179 -0.16597492
v -1.15979555 -0.13275090 -0.04446235
v -0.83374455 -0.21586590 -0.09246735
v -0.83313345 -0.20983610 -0.09875665
v -1.15918445 -0.12672110 -0.05075165
v -0.83763872 -0.04842058 -0.18896704
v -0.83763872 -0.14318058 -0.16397304
v -0.82923928 -0.14379142 -0.16628896
v -0.82923928 -0.04903142 -0.19128296
v -1.15980016 -0.09968462 -0.08043874
v -0.83374916 -0.14767462 -0.16393474
v -0.83312884 -0.13929738 -0.16632726
v -1.15917984 -0.09130738 -0.08283126
v -0.03079221 -0.26930604 0.00336326
v 0.01300779 -0.14842104 0.05985126
v 0.01511421 -0.14547096 0.05190474
v -0.02868579 -0.26635596 -0.00458326
v 0.01364754 -0.14897497 0.05203298
v -0.03015246 -0.24050497 0.10504198
v -0.02932554 -0.23644703 0.11273202
v 0.01447446 -0.14491703 0.05972302
v -0.03197742 -0.27145294 0.00036100
v -0.03197742 -0.24209794 0.10985800
v -0.02750058 -0.23485406 0.10791600
v -0.02750058 -0.26420906 -0.00158100
v -0.03015229 -0.26765972 0.00373415
v 0.01364771 -0.16196972 0.00373415
v 0.01447429 -0.16231228 -0.00495415
v -0.02932571 -0.26800228 -0.00495415
v 0.01522711 -0.14288190 0.05478478
v 0.01522711 -0.15807690 -0.00170322
v 0.01289489 -0.16620510 0.00048322
v 0.01289489 -0.15101010 0.05697122
v 0.01390938 -0.16212108 0.00375445
v 0.02880938 -0.04870608 0.00375445
v 0.02911262 -0.04874592 -0.00497445
v 0.01421262 -0.16216092 -0.00497445
v 0.01421057 -0.14478713 0.05967125
v 0.02911057 -0.04656713 0.00318325
v 0.02881143 -0.05088487 -0.00440325
v 0.01391143 -0.14910487 0.05208475
v -0.19310448 -0.37727964 0.19207729
v -0.10235448 -0.20355464 0.27056829
v -0.09642352 -0.20375736 0.26415971
v -0.18717352 -0.37748236 0.18566871
v -0.18958188 -0.23513563 0.33063841
v -0.09883188 -0.20031563 0.27012141
v -0.09994612 -0.20699637 0.26460659
v -0.19069612 -0.24181637 0.32512359
v -0.18663317 -0.23663399 0.32604035
v -0.18663317 -0.37553899 0.18703235
v -0.19364483 -0.37922301 0.19071365
v -0.19364483 -0.24031801 0.32972165
v -0.19070437 -0.37462187 0.19221057
v -0.09995437 -0.31431187 0.15772557
v -0.09882363 -0.31983013 0.15105043
v -0.18957363 -0.38014013 0.18553543
v -0.09624705 -0.20151541 0.26521509
v -0.09624705 -0.31493041 0.15223909
v -0.10253095 -0.31921159 0.15653691
v -0.10253095 -0.20579659 0.26951291
v -0.09728828 -0.19982820 0.26744623
v -0.02763828 -0.23464820 0.10896923
v -0.03183972 -0.24230380 0.10880477
v -0.10148972 -0.20748380 0.26728177
v -0.09994835 -0.31454039 0.15790296
v -0.03029835 -0.23594539 0.11240196
v -0.02917965 -0.24100661 0.10537204
v -0.09882965 -0.31960161 0.15087304
v -0.03197845 -0.24112356 0.11154164
v -0.03197845 -0.16092356 0.19152764
v -0.02749955 -0.15562844 0.18621836
v -0.02749955 -0.23582844 0.10623236
v -0.09883528 -0.20013682 0.26988998
v -0.02918528 -0.15475682 0.19139898
v -0.03029272 -0.16179518 0.18634702
v -0.09994272 -0.20717518 0.26483802
v -0.03079233 -0.23776789 0.11306562
v 0.01300767 -0.10472289 0.10156062
v 0.01511433 -0.10613911 0.09320338
v -0.02868567 -0.23918411 0.10470838
v -0.02932969 -0.15459874 0.19119293
v 0.01447031 -0.10175374 0.09970193
v 0.01365169 -0.10910826 0.09506207
v -0.03014831 -0.16195326 0.18655307
v -0.03014851 -0.23615191 0.11256161
v 0.01365149 -0.14462191 0.05955261
v 0.01447051 -0.14927009 0.05220339
v -0.02932949 -0.24080009 0.10521239
v 0.01522641 -0.10245535 0.09440556
v 0.01522641 -0.14397035 0.05290156
v 0.01289559 -0.14992165 0.05885444
v 0.01289559 -0.10840665 0.10035844
v 0.01390873 -0.14475277 0.05965138
v 0.02880873 -0.04653277 0.00316338
v 0.02911327 -0.05091923 -0.00438338
v 0.01421327 -0.14913923 0.05210462
v 0.01421161 -0.10166333 0.09958514
v 0.02911161 -0.04495833 0.00159314
v 0.02881039 -0.05249367 -0.00281314
v 0.01391039 -0.10919867 0.09517886
v -0.09728179 -0.04537195 0.30702902
v -0.02763179 -0.15492195 0.18703402
v -0.03184621 -0.16163005 0.19071198
v -0.10149621 -0.05208005 0.31070698
v -0.10210763 -0.20454039 0.27066532
v -0.10210763 -0.04961039 0.31216932
v -0.09667037 -0.04784161 0.30556668
v -0.09667037 -0.20277161 0.26406268
v -0.09994837 -0.19970984 0.26914914
v -0.03029837 -0.15432984 0.19065814
v -0.02917963 -0.16222216 0.18708786
v -0.09882963 -0.20760216 0.26557886
v -0.03198114 -0.15925080 0.19249162
v -0.03198114 -0.04970080 0.22200262
v -0.02749686 -0.04775120 0.21476538
v -0.02749686 -0.15730120 0.18525438
v -0.09882789 -0.04441666 0.30929991
v -0.02917789 -0.04441666 0.21881591
v -0.03030011 -0.05303534 0.21795209
v -0.09995011 -0.05303534 0.30843609
v -0.02868797 -0.04475430 0.21690320
v 0.01511203 -0.10145930 0.09590120
v 0.01300997 -0.10940270 0.09886280
v -0.03079003 -0.05269770 0.21986480
v -0.03014892 -0.15442894 0.19089881
v 0.01365108 -0.10158394 0.09940781
v 0.01447092 -0.10927806 0.09535619
v -0.02932908 -0.16212306 0.18684719
v 0.01289739 -0.10650636 0.10145157
v 0.01289739 -0.04980136 0.11643557
v 0.01522461 -0.04765064 0.10829643
v 0.01522461 -0.10435564 0.09331243
v -0.02933381 -0.04438093 0.21855140
v 0.01446619 -0.04438093 0.11253340
v 0.01365581 -0.05307107 0.11219860
v -0.03014419 -0.05307107 0.21821660
v 0.01390702 -0.10164336 0.09955038
v 0.02880702 -0.04493836 0.00155838
v 0.02911498 -0.05251364 -0.00277838
v 0.01421498 -0.10921864 0.09521362
v 0.01421050 -0.04436148 0.11238572
v 0.02911050 -0.04436148 -0.00059028
v 0.02881150 -0.05309052 -0.00062972
v 0.01391150 -0.05309052 0.11234628
v -0.09728605 0.21635135 -0.15759374
v -0.02763605 0.16710635 -0.00259474
v -0.03184195 0.17365165 0.00137474
v -0.10149195 0.22289665 -0.15362426
v -0.09667237 0.21632108 -0.15472445
v -0.09667237 0.25783108 0.00027455
v -0.10210563 0.26443692 -0.00149455
v -0.10210563 0.22292692 -0.15649355
v -0.09994651 0.26070614 -0.00492021
v -0.03029651 0.16995114 -0.00492021
v -0.02918149 0.17080686 0.00370021
v -0.09883149 0.26156186 0.00370021
v -0.03197829 0.17400044 -0.00158087
v -0.03197829 0.14464544 -0.11107787
v -0.02749971 0.13740256 -0.10913613
v -0.02749971 0.16675756 0.00036087
v -0.09882905 0.21783642 -0.15955398
v -0.02917905 0.13923642 -0.11405198
v -0.03029895 0.14281158 -0.10616202
v -0.09994895 0.22141158 -0.15166402
v -0.03079573 0.17186715 -0.00457744
v 0.01300427 0.05098715 -0.06158444
v 0.01511773 0.04801085 -0.05364956
v -0.02868227 0.16889085 0.00335744
v -0.02933173 0.13900914 -0.11396009
v 0.01446827 0.04748414 -0.06147009
v 0.01365373 0.05151386 -0.05376391
v -0.03014627 0.14303886 -0.10625391
v -0.03014858 0.17020925 -0.00495456
v 0.01365142 0.06452425 -0.00495456
v 0.01447058 0.06486375 0.00373456
v -0.02932942 0.17054875 0.00373456
v 0.01522649 0.04543225 -0.05653302
v 0.01522649 0.06062725 0.00047398
v 0.01289551 0.06876075 -0.00169398
v 0.01289551 0.05356575 -0.05870098
v 0.01391076 0.06467426 -0.00497450
v 0.02881076 -0.04874574 -0.00497450
v 0.02911124 -0.04870626 0.00375450
v 0.01421124 0.06471374 0.00375450
v 0.01421399 0.04732561 -0.06140181
v 0.02911399 -0.05089939 -0.00439481
v 0.02880801 -0.04655261 0.00317481
v 0.01390801 0.05167239 -0.05383219
v -0.10149195 0.22289664 0.15240325
v -0.03184195 0.17365164 -0.00259475
v -0.02763605 0.16710636 0.00137475
v -0.09728605 0.21635136 0.15637275
v -0.09883148 0.26156187 -0.00492021
v -0.02918148 0.17080687 -0.00492021
v -0.03029652 0.16995113 0.00370021
v -0.09994652 0.26070613 0.00370021
v -0.10210563 0.22292692 0.15527255
v -0.10210563 0.26443692 0.00027455
v -0.09667237 0.25783108 -0.00149455
v -0.09667237 0.21632108 0.15350345
v -0.09994893 0.22141156 0.15044301
v -0.03029893 0.14281156 0.10494201
v -0.02917907 0.13923644 0.11283199
v -0.09882907 0.21783644 0.15833299
v -0.02750027 0.16675724 -0.00158096
v -0.02750027 0.13740224 0.10791604
v -0.03197773 0.14464576 0.10985796
v -0.03197773 0.17400076 0.00036096
v -0.03079231 0.14429156 0.10618786
v 0.01300769 0.06796156 -0.00330914
v 0.01511431 0.06142644 0.00208914
v -0.02868569 0.13775644 0.11158614
v -0.02932707 0.17054972 -0.00495430
v 0.01447293 0.06486472 -0.00495430
v 0.01364907 0.06452328 0.00373430
v -0.03015093 0.17020828 0.00373430
v -0.03015113 0.14305360 0.10504217
v 0.01364887 0.05152860 0.05203317
v 0.01447313 0.04746940 0.05972283
v -0.02932687 0.13899440 0.11273183
v 0.01522642 0.06062972 -0.00170327
v 0.01522642 0.04543472 0.05478473
v 0.01289558 0.05356328 0.05697127
v 0.01289558 0.06875828 0.00048327
v 0.01391145 0.05165779 0.05208471
v 0.02881145 -0.04656721 -0.00440329
v 0.02911055 -0.05088479 0.00318329
v 0.01421055 0.04734021 0.05967129
v 0.01421261 0.06471392 -0.00497445
v 0.02911261 -0.04870608 -0.00497445
v 0.02880939 -0.04874592 0.00375445
v 0.01390939 0.06467408 0.00375445
v -0.18663312 -0.37553905 -0.18877240
v -0.18663312 -0.23663405 -0.32777940
v -0.19364488 -0.24031795 -0.33146060
v -0.19364488 -0.37922295 -0.19245360
v -0.19310181 -0.24168290 -0.32952329
v -0.10235181 -0.32027790 -0.15551229
v -0.09642619 -0.31386410 -0.15570571
v -0.18717619 -0.23526910 -0.32971671
v -0.18959161 -0.38014244 -0.18727434
v -0.09884161 -0.31983244 -0.15227034
v -0.09993639 -0.31430956 -0.15894766
v -0.19068639 -0.37461956 -0.19395166
v -0.19069583 -0.24181584 -0.32686188
v -0.09994583 -0.20699584 -0.26637688
v -0.09883217 -0.20031616 -0.27189312
v -0.18958217 -0.23513616 -0.33237812
v -0.09625036 -0.31492277 -0.15346287
v -0.09625036 -0.20150777 -0.26698887
v -0.10252764 -0.20580423 -0.27128113
v -0.10252764 -0.31921923 -0.15775513
v -0.09728657 -0.31714957 -0.15178206
v -0.02763657 -0.15835457 -0.18678606
v -0.03184143 -0.15819743 -0.19443994
v -0.10149143 -0.31699243 -0.15943594
v -0.09994701 -0.20717327 -0.26660731
v -0.03029701 -0.16179327 -0.18808531
v -0.02918099 -0.15475873 -0.19314069
v -0.09883099 -0.20013873 -0.27166269
v -0.03197803 -0.16093232 -0.19325923
v -0.03197803 -0.24113232 -0.11275323
v -0.02749997 -0.23581968 -0.10746077
v -0.02749997 -0.15561968 -0.18796677
v -0.09883802 -0.31959694 -0.15208936
v -0.02918802 -0.24100194 -0.10658736
v -0.03028998 -0.23595006 -0.11362664
v -0.09993998 -0.31454506 -0.15912864
v -0.03079557 -0.16245451 -0.18990907
v 0.01300443 -0.15112451 -0.05691307
v 0.01511757 -0.14276749 -0.05832093
v -0.02868243 -0.15409749 -0.19131693
v -0.02932517 -0.24078610 -0.10642406
v 0.01447483 -0.14925610 -0.05393406
v 0.01364717 -0.14463590 -0.06129994
v -0.03015283 -0.23616590 -0.11378994
v -0.03015028 -0.16195267 -0.18829249
v 0.01364972 -0.10910767 -0.09680049
v 0.01447228 -0.10175433 -0.10144151
v -0.02932772 -0.15459933 -0.19293351
v 0.01522648 -0.14397037 -0.05464058
v 0.01522648 -0.10245537 -0.09614458
v 0.01289552 -0.10840663 -0.10209742
v 0.01289552 -0.14992163 -0.06059342
v 0.01390959 -0.10920366 -0.09692648
v 0.02880959 -0.05249866 0.00158452
v 0.02911241 -0.04495334 -0.00280452
v 0.01421241 -0.10165834 -0.10131552
v 0.01421054 -0.14915386 -0.05385206
v 0.02911054 -0.05093386 0.00315494
v 0.02881146 -0.04651814 -0.00437494
v 0.01391146 -0.14473814 -0.06138194
v -0.09728660 -0.35674548 0.00274622
v -0.02763660 -0.23663548 -0.10675078
v -0.03184140 -0.24031652 -0.11346322
v -0.10149140 -0.36042652 -0.00396622
v -0.10210514 -0.32037427 -0.15649375
v -0.10210514 -0.36188927 -0.00149475
v -0.09667286 -0.35528273 0.00027475
v -0.09667286 -0.31376773 -0.15472425
v -0.09994952 -0.31885823 -0.15166395
v -0.03029952 -0.24026323 -0.10616195
v -0.02917848 -0.23668877 -0.11405205
v -0.09882848 -0.31528377 -0.15955405
v -0.03197870 -0.24209720 -0.11107781
v -0.03197870 -0.27145220 -0.00158081
v -0.02749930 -0.26420980 0.00036081
v -0.02749930 -0.23485480 -0.10913619
v -0.09883092 -0.35901430 0.00370009
v -0.02918092 -0.26825930 0.00370009
v -0.03029708 -0.26740270 -0.00492009
v -0.09994708 -0.35815770 -0.00492009
v -0.02868233 -0.26634288 0.00335746
v 0.01511767 -0.14545788 -0.05364954
v 0.01300433 -0.14843412 -0.06158446
v -0.03079567 -0.26931912 -0.00457746
v -0.03014622 -0.24049080 -0.10625387
v 0.01365378 -0.14896080 -0.05376387
v 0.01446822 -0.14493120 -0.06147013
v -0.02933178 -0.23646120 -0.11396013
v 0.01289553 -0.15101275 -0.05870098
v 0.01289553 -0.16620775 -0.00169398
v 0.01522647 -0.15807425 0.00047398
v 0.01522647 -0.14287925 -0.05653302
v -0.02932943 -0.26800073 0.00373457
v 0.01447057 -0.16231073 0.00373457
v 0.01365143 -0.16197127 -0.00495457
v -0.03014857 -0.26766127 -0.00495457
v 0.01390799 -0.14911947 -0.05383224
v 0.02880799 -0.05089947 0.00317476
v 0.02911401 -0.04655253 -0.00439476
v 0.01421401 -0.14477253 -0.06140176
v 0.01421124 -0.16216074 0.00375450
v 0.02911124 -0.04874574 0.00375450
v 0.02881076 -0.04870626 -0.00497450
v 0.01391076 -0.16212126 -0.00497450
v -0.09667034 0.10531962 0.26406270
v -0.09667034 -0.04961038 0.30556670
v -0.10210766 -0.04784162 0.31216930
v -0.10210766 0.10708838 0.27066530
v -0.10149625 -0.04537201 0.31070705
v -0.03184625 0.06418299 0.19071205
v -0.02763175 0.05747501 0.18703395
v -0.09728175 -0.05207999 0.30702895
v -0.09882973 0.11015023 0.26557899
v -0.02917973 0.06477523 0.18708799
v -0.03029827 0.05688277 0.19065801
v -0.09994827 0.10225777 0.26914901
v -0.09995009 -0.04441665 0.30843610
v -0.03030009 -0.04441665 0.21795210
v -0.02917791 -0.05303535 0.21881590
v -0.09882791 -0.05303535 0.30929990
v -0.02749873 0.05985395 0.18525329
v -0.02749873 -0.04970105 0.21476429
v -0.03197927 -0.04775095 0.22200371
v -0.03197927 0.06180405 0.19249271
v -0.02868497 0.06353066 0.18560775
v 0.01511503 -0.04602434 0.10910075
v 0.01300697 -0.05142766 0.11563125
v -0.03079303 0.05812734 0.19213825
v -0.03015197 -0.04438179 0.21821339
v 0.01364803 -0.04438179 0.11219539
v 0.01447397 -0.05307021 0.11253661
v -0.02932603 -0.05307021 0.21855461
v 0.01289334 -0.04765101 0.11643451
v 0.01289334 0.00905899 0.10145051
v 0.01522866 0.00690901 0.09331349
v 0.01522866 -0.04980099 0.10829749
v -0.02932122 0.06467693 0.18685045
v 0.01447878 0.01183193 0.09535945
v 0.01364322 0.00413607 0.09940455
v -0.03015678 0.05698107 0.19089555
v 0.01391151 -0.04436147 0.11234628
v 0.02881151 -0.04436147 -0.00062972
v 0.02911049 -0.05309053 -0.00059028
v 0.01421049 -0.05309053 0.11238572
v 0.01421501 0.01177156 0.09521348
v 0.02911501 -0.04493844 -0.00277852
v 0.02880699 -0.05251356 0.00155852
v 0.01390699 0.00419644 0.09955052
v -0.18717350 0.28003538 0.18566873
v -0.09642350 0.10630538 0.26415973
v -0.10235450 0.10610262 0.27056827
v -0.19310450 0.27983262 0.19207727
v -0.19364482 0.14286599 0.32972169
v -0.19364482 0.28177599 0.19071369
v -0.18663318 0.27809201 0.18703231
v -0.18663318 0.13918201 0.32604031
v -0.19069608 0.14436441 0.32512362
v -0.09994608 0.10954441 0.26460662
v -0.09883192 0.10286359 0.27012138
v -0.18958192 0.13768359 0.33063838
v -0.10253093 0.10834456 0.26951297
v -0.10253093 0.22176456 0.15653697
v -0.09624707 0.21748344 0.15223903
v -0.09624707 0.10406344 0.26521503
v -0.18957358 0.28269318 0.18553548
v -0.09882358 0.22238318 0.15105048
v -0.09995442 0.21686482 0.15772552
v -0.19070442 0.27717482 0.19221052
v -0.10148973 0.11003179 0.26728177
v -0.03183973 0.14485179 0.10880477
v -0.02763827 0.13719621 0.10896923
v -0.09728827 0.10237621 0.26744623
v -0.09882955 0.22215455 0.15087301
v -0.02917955 0.14355455 0.10537201
v -0.03029845 0.13849345 0.11240199
v -0.09994845 0.21709345 0.15790299
v -0.09994289 0.10972320 0.26483808
v -0.03029289 0.06434820 0.18634708
v -0.02918511 0.05730980 0.19139892
v -0.09883511 0.10268480 0.26988992
v -0.02749950 0.13837638 0.10623246
v -0.02749950 0.05818138 0.18621846
v -0.03197850 0.06347662 0.19152754
v -0.03197850 0.14367162 0.11154154
v -0.02868567 0.14173214 0.10470838
v 0.01511433 0.00869214 0.09320338
v 0.01300767 0.00727586 0.10156062
v -0.03079233 0.14031586 0.11306562
v -0.03014837 0.06450624 0.18655306
v 0.01365163 0.01166124 0.09506206
v 0.01447037 0.00430676 0.09970194
v -0.02932963 0.05715176 0.19119294
v 0.01289558 0.01095964 0.10035843
v 0.01289558 0.05247464 0.05885443
v 0.01522642 0.04652336 0.05290157
v 0.01522642 0.00500836 0.09440557
v -0.02932952 0.14334817 0.10521244
v 0.01447048 0.05182317 0.05220344
v 0.01365152 0.04717483 0.05955256
v -0.03014848 0.13869983 0.11256156
v 0.01391042 0.01175159 0.09517872
v 0.02881042 -0.04495841 -0.00281328
v 0.02911158 -0.05249359 0.00159328
v 0.01421158 0.00421641 0.09958528
v 0.01421327 0.05169215 0.05210458
v 0.02911327 -0.04653285 -0.00438342
v 0.02880873 -0.05091915 0.00316342
v 0.01390873 0.04730585 0.05965142
v -0.10149588 -0.05208011 -0.31244723
v -0.03184588 -0.16163011 -0.19245223
v -0.02763212 -0.15492189 -0.18877377
v -0.09728212 -0.04537189 -0.30876877
v -0.09882964 -0.20760242 -0.26735042
v -0.02917964 -0.16222242 -0.18882842
v -0.03029836 -0.15432958 -0.19239758
v -0.09994836 -0.19970958 -0.27091958
v -0.09667085 -0.20277213 -0.26583314
v -0.09667085 -0.04784213 -0.30730614
v -0.10210715 -0.04960987 -0.31390986
v -0.10210715 -0.20453987 -0.27243686
v -0.09995009 -0.05303535 -0.31017611
v -0.03030009 -0.05303535 -0.21969111
v -0.02917791 -0.04441665 -0.22055489
v -0.09882791 -0.04441665 -0.31103989
v -0.02749854 -0.15730097 -0.18699340
v -0.02749854 -0.04775097 -0.21650340
v -0.03197946 -0.04970103 -0.22374260
v -0.03197946 -0.15925103 -0.19423260
v -0.02868506 -0.16097717 -0.18734731
v 0.01511494 -0.05142717 -0.11087031
v 0.01300706 -0.04602483 -0.11740169
v -0.03079294 -0.15557483 -0.19387869
v -0.03015206 -0.05307020 -0.21995230
v 0.01364794 -0.05307020 -0.11396530
v 0.01447406 -0.04438180 -0.11430670
v -0.02932594 -0.04438180 -0.22029370
v 0.01289478 -0.04980326 -0.11820432
v 0.01289478 -0.10650826 -0.10318932
v 0.01522722 -0.10435374 -0.09505268
v 0.01522722 -0.04764874 -0.11006768
v -0.02932210 -0.16212384 -0.18859010
v 0.01447790 -0.10927884 -0.09709810
v 0.01364410 -0.10158316 -0.10114390
v -0.03015590 -0.15442816 -0.19263590
v 0.01391189 -0.05309054 -0.11411643
v 0.02881189 -0.05309054 -0.00059043
v 0.02911011 -0.04436146 -0.00062957
v 0.01421011 -0.04436146 -0.11415557
v 0.01421270 -0.10922347 -0.09696092
v 0.02911270 -0.05251847 0.00155008
v 0.02880930 -0.04493353 -0.00277008
v 0.01390930 -0.10163853 -0.10128108
v -0.09728208 -0.05208006 -0.30876870
v -0.02763208 0.05747494 -0.18877370
v -0.03184592 0.06418306 -0.19245230
v -0.10149592 -0.04537194 -0.31244730
v -0.10210717 0.10708786 -0.27243684
v -0.10210717 -0.04784214 -0.31390984
v -0.09667083 -0.04960986 -0.30730616
v -0.09667083 0.10532014 -0.26583316
v -0.09994826 0.10225751 -0.27091946
v -0.03029826 0.05688251 -0.19239746
v -0.02917974 0.06477549 -0.18882854
v -0.09882974 0.11015049 -0.26735054
v -0.03197946 0.06180399 -0.19423261
v -0.03197946 -0.04775101 -0.22374261
v -0.02749854 -0.04970099 -0.21650339
v -0.02749854 0.05985401 -0.18699339
v -0.09882793 -0.05303535 -0.31103988
v -0.02917793 -0.05303535 -0.22055488
v -0.03030007 -0.04441665 -0.21969112
v -0.09995007 -0.04441665 -0.31017612
v -0.03079299 0.05812791 -0.19387873
v 0.01300701 -0.05142709 -0.11740173
v 0.01511499 -0.04602491 -0.11087027
v -0.02868501 0.06353009 -0.18734727
v -0.02932596 -0.05307020 -0.22029369
v 0.01447404 -0.05307020 -0.11430669
v 0.01364796 -0.04438180 -0.11396531
v -0.03015204 -0.04438180 -0.21995231
v -0.03015593 0.05698115 -0.19263589
v 0.01364407 0.00413615 -0.10114389
v 0.01447793 0.01183185 -0.09709811
v -0.02932207 0.06467685 -0.18859011
v 0.01522722 -0.04980317 -0.11006765
v 0.01522722 0.00690683 -0.09505265
v 0.01289478 0.00906117 -0.10318935
v 0.01289478 -0.04764883 -0.11820435
v 0.01390926 0.00419161 -0.10128122
v 0.02880926 -0.05251839 -0.00277022
v 0.02911274 -0.04493361 0.00155022
v 0.01421274 0.01177639 -0.09696078
v 0.01421010 -0.05309054 -0.11415557
v 0.02911010 -0.05309054 -0.00062957
v 0.02881190 -0.04436146 -0.00059043
v 0.01391190 -0.04436146 -0.11411643
v -0.18663276 0.13918242 -0.32777970
v -0.18663276 0.27809242 -0.18877270
v -0.19364524 0.28177558 -0.19245330
v -0.19364524 0.14286558 -0.33146030
v -0.19310031 0.27983720 -0.19382129
v -0.10235031 0.10610720 -0.27234329
v -0.09642769 0.10630080 -0.26592671
v -0.18717769 0.28003080 -0.18740471
v -0.18958247 0.13768388 -0.33237784
v -0.09883247 0.10286388 -0.27189284
v -0.09994553 0.10954412 -0.26637716
v -0.19069553 0.14436412 -0.32686216
v -0.19068618 0.27717276 -0.19395186
v -0.09993618 0.21686276 -0.15894786
v -0.09884182 0.22238524 -0.15227014
v -0.18959182 0.28269524 -0.18727414
v -0.09625200 0.10405462 -0.26698763
v -0.09625200 0.21747462 -0.15346163
v -0.10252600 0.22177338 -0.15775637
v -0.10252600 0.10835338 -0.27128237
v -0.09728437 0.10237839 -0.26921913
v -0.02763437 0.13719839 -0.11019113
v -0.03184363 0.14484961 -0.11002287
v -0.10149363 0.11002961 -0.26905087
v -0.09994315 0.21709639 -0.15912694
v -0.03029315 0.13849639 -0.11362494
v -0.02918485 0.14355161 -0.10658906
v -0.09883485 0.22215161 -0.15209106
v -0.03197965 0.14367972 -0.11275246
v -0.03197965 0.06348472 -0.19325846
v -0.02749835 0.05817328 -0.18796754
v -0.02749835 0.13836828 -0.10746154
v -0.09882773 0.10268844 -0.27166436
v -0.02917773 0.05731344 -0.19314236
v -0.03030027 0.06434456 -0.18808364
v -0.09995027 0.10971956 -0.26660564
v -0.02932435 0.05715335 -0.19293453
v 0.01447565 0.00430835 -0.10144253
v 0.01364635 0.01165965 -0.09679947
v -0.03015365 0.06450465 -0.18829147
v -0.03079710 0.14033049 -0.11428687
v 0.01300290 0.00729049 -0.10330087
v 0.01511910 0.00867751 -0.09494113
v -0.02868090 0.14171751 -0.10592713
v -0.03015613 0.13871281 -0.11378888
v 0.01364387 0.04718781 -0.06129888
v 0.01447813 0.05181019 -0.05393512
v -0.02932187 0.14333519 -0.10642512
v 0.01522823 0.00500871 -0.09614492
v 0.01522823 0.04652371 -0.05464092
v 0.01289377 0.05247429 -0.06059308
v 0.01289377 0.01095929 -0.10209708
v 0.01391145 0.04729122 -0.06138199
v 0.02881145 -0.05093378 -0.00437499
v 0.02911055 -0.04651822 0.00315499
v 0.01421055 0.05170678 -0.05385201
v 0.01421239 0.00421142 -0.10131566
v 0.02911239 -0.05249858 -0.00280466
v 0.02880961 -0.04495342 0.00158466
v 0.01390961 0.01175658 -0.09692634
v -0.03184201 -0.27110365 -0.00259467
v -0.10149201 -0.32034365 0.15240333
v -0.09728599 -0.31379835 0.15637267
v -0.02763599 -0.26455835 0.00137467
v -0.09667235 -0.31376812 0.15350335
v -0.09667235 -0.35528312 -0.00149465
v -0.10210565 -0.36188888 0.00027465
v -0.10210565 -0.32037388 0.15527265
v -0.02918142 -0.26825892 -0.00492020
v -0.09883142 -0.35901392 -0.00492020
v -0.09994658 -0.35815808 0.00370020
v -0.03029658 -0.26740308 0.00370020
v -0.03029900 -0.24026359 0.10494204
v -0.09994900 -0.31885859 0.15044304
v -0.09882900 -0.31528341 0.15833296
v -0.02917900 -0.23668841 0.11283196
v -0.52619383 -0.41577226 0.20838437
v -0.63189383 -0.23895226 0.32538937
v -0.62478417 -0.23799974 0.33037263
v -0.51908417 -0.41481974 0.21336763
v -0.51858500 -0.26150947 0.36702299
v -0.51858500 -0.41644447 0.21202399
v -0.52669300 -0.41414753 0.20972801
v -0.52669300 -0.25921253 0.36472701
v -0.52223515 -0.26354744 0.36291606
v -0.62793515 -0.24166244 0.32492206
v -0.62874285 -0.23528956 0.33083994
v -0.52304285 -0.25717456 0.36883394
v -0.62428545 -0.23962545 0.32902960
v -0.62428545 -0.37853045 0.19002160
v -0.63239255 -0.37623155 0.18772440
v -0.63239255 -0.23732655 0.32673240
v -0.52303702 -0.41825510 0.20768898
v -0.62873702 -0.38034010 0.18568598
v -0.62794098 -0.37442190 0.19206002
v -0.52224098 -0.41233690 0.21406302
v -0.41309390 -0.42928636 0.21662696
v -0.52649390 -0.26142136 0.36411796
v -0.51878410 -0.25930064 0.36763204
v -0.40538410 -0.42716564 0.22014104
v -0.41360613 -0.42822600 0.21838400
v -0.41360613 -0.26783100 0.37887600
v -0.40487187 -0.26783100 0.37887600
v -0.40487187 -0.42822600 0.21838400
v -0.52278728 -0.25726233 0.36894877
v -0.40938728 -0.26473233 0.38194977
v -0.40909072 -0.27092967 0.37580223
v -0.52249072 -0.26345967 0.36280123
v -0.40909072 -0.26473233 0.38194977
v -0.29569072 -0.25726233 0.36894877
v -0.29598728 -0.26345967 0.36280123
v -0.40938728 -0.27092967 0.37580223
v -0.41309390 -0.42716564 0.22014104
v -0.29969390 -0.25930064 0.36763204
v -0.29198410 -0.26142136 0.36411796
v -0.40538410 -0.42928636 0.21662696
v -0.29939357 -0.41482019 0.21336808
v -0.19369357 -0.23800019 0.33037308
v -0.18658443 -0.23895181 0.32538892
v -0.29228443 -0.41577181 0.20838392
v -0.29623702 -0.41233690 0.21406302
v -0.19053702 -0.37442190 0.19206002
v -0.18974098 -0.38034010 0.18568598
v -0.29544098 -0.41825510 0.20768898
v -0.18608545 -0.23732655 0.32673240
v -0.18608545 -0.37623155 0.18772440
v -0.19419255 -0.37853045 0.19002160
v -0.19419255 -0.23962545 0.32902960
v -0.62478513 -0.37987419 -0.19013773
v -0.51908513 -0.26285419 -0.36665073
v -0.52619287 -0.25786781 -0.36760127
v -0.63189287 -0.37488781 -0.19108827
v -0.52686612 -0.25958640 -0.36634927
v -0.52686612 -0.41452140 -0.21183927
v -0.51841188 -0.41607060 -0.21339273
v -0.51841188 -0.26113560 -0.36790273
v -0.62873966 -0.38034476 -0.18743064
v -0.52303966 -0.41825976 -0.20943364
v -0.52223834 -0.41233224 -0.21579836
v -0.62793834 -0.37441724 -0.19379536
v -0.52278499 -0.41837338 -0.20952080
v -0.40938499 -0.43130338 -0.21702780
v -0.40909301 -0.42514862 -0.22321820
v -0.52249301 -0.41221862 -0.21571120
v -0.52649280 -0.26142613 -0.36536943
v -0.41309280 -0.42929113 -0.21836643
v -0.40538520 -0.42716087 -0.22187957
v -0.51878520 -0.25929587 -0.36888257
v -0.52249156 -0.26346430 -0.36405686
v -0.40909156 -0.27093430 -0.37705786
v -0.40938644 -0.26472770 -0.38319614
v -0.52278644 -0.25725770 -0.37019514
v -0.40487187 -0.42822600 -0.22012300
v -0.40487187 -0.26783100 -0.38012700
v -0.41360613 -0.26783100 -0.38012700
v -0.41360613 -0.42822600 -0.22012300
v -0.40538520 -0.42929113 -0.21836643
v -0.29198520 -0.26142613 -0.36536943
v -0.29969280 -0.25929587 -0.36888257
v -0.41309280 -0.42716087 -0.22187957
v -0.40938644 -0.27093430 -0.37705786
v -0.29598644 -0.26346430 -0.36405686
v -0.29569156 -0.25725770 -0.37019514
v -0.40909156 -0.26472770 -0.38319614
v -0.30006612 -0.26113560 -0.36790273
v -0.30006612 -0.41607060 -0.21339273
v -0.29161188 -0.41452140 -0.21183927
v -0.29161188 -0.25958640 -0.36634927
v -0.40909301 -0.43130338 -0.21702780
v -0.29569301 -0.41837338 -0.20952080
v -0.29598499 -0.41221862 -0.21571120
v -0.40938499 -0.42514862 -0.22321820
v -0.29543834 -0.41825976 -0.20943364
v -0.18973834 -0.38034476 -0.18743064
v -0.19053966 -0.37441724 -0.19379536
v -0.29623966 -0.41233224 -0.21579836
v -0.29939287 -0.26285419 -0.36665073
v -0.19369287 -0.37987419 -0.19013773
v -0.18658513 -0.37488781 -0.19108827
v -0.29228513 -0.25786781 -0.36760127
v -0.40538268 -0.48689586 -0.00265915
v -0.51878268 -0.41525586 -0.21466515
v -0.52649532 -0.41533614 -0.21056685
v -0.41309532 -0.48697614 0.00143915
v -0.40938714 -0.42708009 -0.22433450
v -0.52278714 -0.41415009 -0.21682750
v -0.52249086 -0.41644191 -0.20840450
v -0.40909086 -0.42937191 -0.21591150
v -0.41360613 -0.42822600 -0.22012300
v -0.41360613 -0.48693600 -0.00061000
v -0.40487187 -0.48693600 -0.00061000
v -0.40487187 -0.42822600 -0.22012300
v -0.40538268 -0.48697614 0.00143915
v -0.29198268 -0.41533614 -0.21056685
v -0.29969532 -0.41525586 -0.21466515
v -0.41309532 -0.48689586 -0.00265915
v -0.40938714 -0.42937191 -0.21591150
v -0.29598714 -0.41644191 -0.20840450
v -0.29569086 -0.41415009 -0.21682750
v -0.40909086 -0.42708009 -0.22433450
v -0.52686638 -0.41423728 -0.21233283
v -0.52686638 -0.47094228 -0.00032683
v -0.51841162 -0.47305972 -0.00089317
v -0.51841162 -0.41635472 -0.21289917
v -0.40909284 -0.48582620 -0.00483123
v -0.52249284 -0.47089120 -0.00483123
v -0.52278516 -0.47311080 0.00361123
v -0.40938516 -0.48804580 0.00361123
v -0.51908240 -0.47283405 -0.00300341
v -0.62478240 -0.37821405 -0.19300641
v -0.63189560 -0.37654795 -0.18821959
v -0.52619560 -0.47116795 0.00178341
v -0.52304501 -0.41401626 -0.21677163
v -0.62874501 -0.37610126 -0.19476863
v -0.62793299 -0.37866074 -0.18645737
v -0.52223299 -0.41657574 -0.20846037
v -0.52223795 -0.47103261 -0.00484948
v -0.62793795 -0.42725761 -0.00484948
v -0.62874005 -0.42919439 0.00362948
v -0.52304005 -0.47296939 0.00362948
v -0.63215174 -0.37532387 -0.19006251
v -0.63215174 -0.42616887 -0.00005951
v -0.62452626 -0.43028313 -0.00116049
v -0.62452626 -0.37943813 -0.19116349
v -0.62537494 -0.42974494 -0.00343471
v -0.71612494 -0.31858994 -0.15843371
v -0.72205306 -0.31555206 -0.15278429
v -0.63130306 -0.42670706 0.00221471
v -0.62889753 -0.37586630 -0.19467078
v -0.71964753 -0.31555630 -0.15966678
v -0.71853047 -0.31858570 -0.15155122
v -0.62778047 -0.37889570 -0.18655522
v -0.62778641 -0.42750590 -0.00488176
v -0.71853641 -0.35786590 -0.00488176
v -0.71964159 -0.35930610 0.00366176
v -0.62889159 -0.42894610 0.00366176
v -0.72259737 -0.31455894 -0.15493617
v -0.72259737 -0.35607394 0.00006283
v -0.71558063 -0.36109806 -0.00128283
v -0.71558063 -0.31958306 -0.15628183
v -0.30006638 -0.41635472 -0.21289917
v -0.30006638 -0.47305972 -0.00089317
v -0.29161162 -0.47094228 -0.00032683
v -0.29161162 -0.41423728 -0.21233283
v -0.40909284 -0.48804580 0.00361123
v -0.29569284 -0.47311080 0.00361123
v -0.29598516 -0.47089120 -0.00483123
v -0.40938516 -0.48582620 -0.00483123
v -0.29228240 -0.47116795 0.00178341
v -0.18658240 -0.37654795 -0.18821959
v -0.19369560 -0.37821405 -0.19300641
v -0.29939560 -0.47283405 -0.00300341
v -0.29624501 -0.41657574 -0.20846037
v -0.19054501 -0.37866074 -0.18645737
v -0.18973299 -0.37610126 -0.19476863
v -0.29543299 -0.41401626 -0.21677163
v -0.19395174 -0.37943813 -0.19116349
v -0.19395174 -0.43028313 -0.00116049
v -0.18632626 -0.42616887 -0.00005951
v -0.18632626 -0.37532387 -0.19006251
v -0.29543795 -0.47296939 0.00362948
v -0.18973795 -0.42919439 0.00362948
v -0.19054005 -0.42725761 -0.00484948
v -0.29624005 -0.47103261 -0.00484948
v -0.18717494 -0.42670706 0.00221471
v -0.09642494 -0.31555206 -0.15278429
v -0.10235306 -0.31858994 -0.15843371
v -0.19310306 -0.42974494 -0.00343471
v -0.19069753 -0.37889570 -0.18655522
v -0.09994753 -0.31858570 -0.15155122
v -0.09883047 -0.31555630 -0.15966678
v -0.18958047 -0.37586630 -0.19467078
v -0.10289737 -0.31958306 -0.15628183
v -0.10289737 -0.36109806 -0.00128283
v -0.09588063 -0.35607394 0.00006283
v -0.09588063 -0.31455894 -0.15493617
v -0.18958641 -0.42894610 0.00366176
v -0.09883641 -0.35930610 0.00366176
v -0.09994159 -0.35786590 -0.00488176
v -0.19069159 -0.42750590 -0.00488176
v -0.41309355 -0.48697849 -0.00266244
v -0.52649355 -0.41533849 0.20882356
v -0.51878445 -0.41525351 0.21292844
v -0.40538445 -0.48689351 0.00144244
v -0.51841164 -0.41635462 0.21115984
v -0.51841164 -0.47305962 -0.00032616
v -0.52686636 -0.47094238 -0.00089384
v -0.52686636 -0.41423738 0.21059216
v -0.40938550 -0.48804835 -0.00483055
v -0.52278550 -0.47311335 -0.00483055
v -0.52249250 -0.47088865 0.00361055
v -0.40909250 -0.48582365 0.00361055
v -0.52619373 -0.47117120 -0.00300732
v -0.63189373 -0.37655120 0.18647568
v -0.62478427 -0.37821080 0.19127032
v -0.51908427 -0.47283080 0.00178732
v -0.52223392 -0.41657798 0.20672097
v -0.62793392 -0.37866298 0.18471797
v -0.62874408 -0.37609902 0.19302803
v -0.52304408 -0.41401402 0.21503103
v -0.62452527 -0.37943603 0.18942444
v -0.62452527 -0.43028103 -0.00005856
v -0.63215273 -0.42617097 -0.00116144
v -0.63215273 -0.37532597 0.18832156
v -0.52304109 -0.47297190 -0.00484881
v -0.62874109 -0.42919690 -0.00484881
v -0.62793691 -0.42725510 0.00362881
v -0.52223691 -0.47103010 0.00362881
v -0.63130439 -0.42670881 -0.00343425
v -0.72205439 -0.31555381 0.15156375
v -0.71612361 -0.31858819 0.15721225
v -0.62537361 -0.42974319 0.00221425
v -0.62779615 -0.37888737 0.18481000
v -0.71854615 -0.31857737 0.15032500
v -0.71963185 -0.31556463 0.15845100
v -0.62888185 -0.37587463 0.19293600
v -0.71558062 -0.31958305 0.15506083
v -0.71558062 -0.36109805 0.00006283
v -0.72259738 -0.35607395 -0.00128283
v -0.72259738 -0.31455895 0.15371517
v -0.62889160 -0.42894610 -0.00488176
v -0.71964160 -0.35930610 -0.00488176
v -0.71853640 -0.35786590 0.00366176
v -0.62778640 -0.42750590 0.00366176
v -0.40487187 -0.42822600 0.21838400
v -0.40487187 -0.48693600 -0.00061000
v -0.41360613 -0.48693600 -0.00061000
v -0.41360613 -0.42822600 0.21838400
v -0.40909115 -0.42937437 0.21417316
v -0.52249115 -0.41644437 0.20666516
v -0.52278685 -0.41414763 0.21508684
v -0.40938685 -0.42707763 0.22259484
v -0.41309355 -0.48689351 0.00144244
v -0.29969355 -0.41525351 0.21292844
v -0.29198445 -0.41533849 0.20882356
v -0.40538445 -0.48697849 -0.00266244
v -0.40909115 -0.42707763 0.22259484
v -0.29569115 -0.41414763 0.21508684
v -0.29598685 -0.41644437 0.20666516
v -0.40938685 -0.42937437 0.21417316
v -0.40938550 -0.48582365 0.00361055
v -0.29598550 -0.47088865 0.00361055
v -0.29569250 -0.47311335 -0.00483055
v -0.40909250 -0.48804835 -0.00483055
v -0.29161164 -0.41423738 0.21059216
v -0.29161164 -0.47094238 -0.00089384
v -0.30006636 -0.47305962 -0.00032616
v -0.30006636 -0.41635462 0.21115984
v -0.29939373 -0.47283080 0.00178732
v -0.19369373 -0.37821080 0.19127032
v -0.18658427 -0.37655120 0.18647568
v -0.29228427 -0.47117120 -0.00300732
v -0.29543392 -0.41401402 0.21503103
v -0.18973392 -0.37609902 0.19302803
v -0.19054408 -0.37866298 0.18471797
v -0.29624408 -0.41657798 0.20672097
v -0.29624109 -0.47103010 0.00362881
v -0.19054109 -0.42725510 0.00362881
v -0.18973691 -0.42919690 -0.00484881
v -0.29543691 -0.47297190 -0.00484881
v -0.18632527 -0.37532597 0.18832156
v -0.18632527 -0.42617097 -0.00116144
v -0.19395273 -0.43028103 -0.00005856
v -0.19395273 -0.37943603 0.18942444
v -0.19310439 -0.42974319 0.00221425
v -0.10235439 -0.31858819 0.15721225
v -0.09642361 -0.31555381 0.15156375
v -0.18717361 -0.42670881 -0.00343425
v -0.18959615 -0.37587463 0.19293600
v -0.09884615 -0.31556463 0.15845100
v -0.09993185 -0.31857737 0.15032500
v -0.19068185 -0.37888737 0.18481000
v -0.19069160 -0.42750590 0.00366176
v -0.09994160 -0.35786590 0.00366176
v -0.09883640 -0.35930610 -0.00488176
v -0.18958640 -0.42894610 -0.00488176
v -0.09588062 -0.31455895 0.15371517
v -0.09588062 -0.35607395 -0.00128283
v -0.10289738 -0.36109805 0.00006283
v -0.10289738 -0.31958305 0.15506083
v -3.48742959 -0.05516586 0.00793830
v -2.67437959 -0.05534586 0.01892430
v -2.67429841 -0.06158614 0.01281370
v -3.48734841 -0.06140614 0.00182770
v -3.48738757 -0.05607043 0.00864639
v -2.67433757 -0.06338543 0.01264439
v -2.67434043 -0.06781657 0.00511761
v -3.48739043 -0.06050157 0.00111961
v -2.66997268 -0.05852493 0.01592917
v -2.66997268 -0.06565993 0.00894117
v -2.67870532 -0.06554207 0.00882083
v -2.67870532 -0.05840707 0.01580883
v -2.67441912 -0.06247991 0.01193456
v -1.74632012 -0.06898991 0.04294056
v -1.74615988 -0.07523209 0.03683344
v -2.67425888 -0.06872209 0.00582744
v -2.67437218 -0.05534542 0.01892395
v -1.74627318 -0.06899042 0.04294195
v -1.74620682 -0.07523158 0.03683205
v -2.67430582 -0.06158658 0.01281405
v -1.74597369 -0.08810998 0.02658139
v -1.15922369 -0.14114998 0.00360239
v -1.15975631 -0.14339202 -0.00482239
v -1.74650631 -0.09035202 0.01815661
v -1.15519103 -0.13047804 0.04606813
v -1.15519103 -0.14301304 -0.00040987
v -1.16378897 -0.14152896 -0.00081013
v -1.16378897 -0.12899396 0.04566787
v -1.74632981 -0.08808739 0.02658277
v -1.15957981 -0.12859239 0.05008177
v -1.15940019 -0.13087961 0.04165423
v -1.74615019 -0.09037461 0.01815523
v -2.67425885 -0.06445004 0.01309297
v -1.74615985 -0.09434504 0.00360197
v -1.74632015 -0.09664696 -0.00482197
v -2.67441915 -0.06675196 0.00466903
v -1.74187890 -0.08945239 0.02242936
v -1.74187890 -0.09571739 -0.00054964
v -1.75060110 -0.09527461 -0.00067036
v -1.75060110 -0.08900961 0.02230864
v -2.67437096 -0.06445143 0.01309399
v -1.74627196 -0.08808143 0.02658199
v -1.74620804 -0.09038057 0.01815601
v -2.67430704 -0.06675057 0.00466801
v -1.15949097 -0.14228321 -0.00497711
v -1.74624097 -0.09550821 -0.00497711
v -1.74623903 -0.09548379 0.00375711
v -1.15948903 -0.14225879 0.00375711
v -2.66997267 -0.06568167 0.00890318
v -2.66997267 -0.06829167 -0.00058782
v -2.67870533 -0.06813033 -0.00063218
v -2.67870533 -0.06552033 0.00885882
v -1.74624085 -0.09552503 -0.00497703
v -2.67433985 -0.06824003 -0.00497703
v -2.67433815 -0.06818197 0.00375703
v -1.74623915 -0.09546697 0.00375703
v -3.48734654 -0.05713941 0.00909671
v -2.67429654 -0.06706441 0.00360371
v -2.67438146 -0.06935759 -0.00482371
v -3.48743146 -0.05943259 0.00066929
v -1.15922140 -0.14116790 -0.00482697
v -1.74597140 -0.08812790 -0.02832597
v -1.74650860 -0.09033410 -0.01989203
v -1.15975860 -0.14337410 0.00360697
v -1.74187891 -0.09571789 -0.00066916
v -1.74187891 -0.08945289 -0.02416816
v -1.75060109 -0.08900911 -0.02404984
v -1.75060109 -0.09527411 -0.00055084
v -1.74623970 -0.09141917 -0.02032962
v -1.15948970 -0.13192417 -0.04382762
v -1.15949030 -0.12754783 -0.05138638
v -1.74624030 -0.08704283 -0.02788838
v -1.15519108 -0.14301388 -0.00080814
v -1.15519108 -0.13047888 -0.04780514
v -1.16378892 -0.12899312 -0.04740886
v -1.16378892 -0.14152812 -0.00041186
v -1.74615867 -0.09438499 -0.00483266
v -2.67425767 -0.06448999 -0.01484266
v -2.67442033 -0.06671201 -0.00639734
v -1.74632133 -0.09660701 0.00361266
v -2.66997268 -0.06829242 -0.00063123
v -2.66997268 -0.06568242 -0.01064123
v -2.67870532 -0.06551958 -0.01059877
v -2.67870532 -0.06812958 -0.00058877
v -1.74627266 -0.08810513 -0.02832838
v -2.67437166 -0.06447513 -0.01483938
v -2.67430634 -0.06672687 -0.00640062
v -1.74620734 -0.09035687 -0.01988962
v -3.48302205 -0.05832439 0.00489334
v -3.48302205 -0.05980439 -0.00059966
v -3.49175595 -0.05972761 -0.00062034
v -3.49175595 -0.05824761 0.00487266
v -2.67433903 -0.06821408 -0.00497713
v -3.48738903 -0.05976908 -0.00497713
v -3.48738897 -0.05976292 0.00375713
v -2.67433897 -0.06820792 0.00375713
v -4.18976320 -0.05199755 0.00610643
v -3.48736320 -0.05862155 0.00360443
v -3.48741480 -0.06091045 -0.00482443
v -4.18981480 -0.05428645 -0.00232243
v -4.18979863 -0.05200579 0.00610872
v -3.48739863 -0.05714979 0.00909972
v -3.48737937 -0.05942221 0.00066628
v -4.18977937 -0.05427821 -0.00232472
v -2.67429670 -0.06709544 -0.00483203
v -3.48734670 -0.05717044 -0.01035603
v -3.48743130 -0.05940156 -0.00191197
v -2.67438130 -0.06932656 0.00361203
v -2.67435240 -0.06449903 -0.01484579
v -3.48740240 -0.05718403 -0.01035979
v -3.48737560 -0.05938797 -0.00190821
v -2.67432560 -0.06670297 -0.00639421
v -3.48302205 -0.05980443 -0.00062030
v -3.48302205 -0.05832443 -0.00614430
v -3.49175595 -0.05824757 -0.00612370
v -3.49175595 -0.05972757 -0.00059970
v -1.15922191 -0.12665811 -0.05069351
v -1.74597191 -0.06903311 -0.04419351
v -1.74650809 -0.07518889 -0.03802049
v -1.15975809 -0.13281389 -0.04452049
v -1.74187891 -0.08939281 -0.02427197
v -1.74187891 -0.07227281 -0.04126997
v -1.75060109 -0.07194919 -0.04094403
v -1.75060109 -0.08906919 -0.02394603
v -1.74615890 -0.08613410 -0.02718706
v -2.67425790 -0.05536910 -0.02068706
v -2.67442010 -0.06156290 -0.01453094
v -1.74632110 -0.09232790 -0.02103094
v -2.67430669 -0.06156561 -0.01453277
v -1.74620769 -0.07521061 -0.03803077
v -1.74627231 -0.06901139 -0.04418323
v -2.67437131 -0.05536639 -0.02068523
v -1.74615137 -0.07521278 -0.03803406
v -1.15940137 -0.09859778 -0.07856206
v -1.15957863 -0.09239422 -0.08470794
v -1.74632863 -0.06900922 -0.04417994
v -1.15519146 -0.13027946 -0.04815384
v -1.15519146 -0.09603946 -0.08218184
v -1.16378854 -0.09495254 -0.08108816
v -1.16378854 -0.12919254 -0.04706016
v -4.18545501 -0.05365994 0.00203380
v -4.18545501 -0.05434494 -0.00046820
v -4.19412299 -0.05330906 -0.00075180
v -4.19412299 -0.05262406 0.00175020
v -3.48738900 -0.05976622 -0.00497713
v -4.18978900 -0.05382722 -0.00497713
v -4.18978900 -0.05382678 0.00375713
v -3.48738900 -0.05976578 0.00375713
v -4.19674694 -0.05052191 0.00503366
v -4.18874694 -0.05294691 0.00353866
v -4.19083106 -0.05470709 -0.00475866
v -4.19883106 -0.05228209 -0.00326366
v -4.19805229 -0.05018931 0.00507211
v -4.19005229 -0.05192931 0.00607911
v -4.18952571 -0.05435469 -0.00229511
v -4.19752571 -0.05261469 -0.00330211
v -4.19354464 -0.05239293 0.00115941
v -4.19354464 -0.05280693 -0.00033559
v -4.20203336 -0.05082507 -0.00088441
v -4.20203336 -0.05041107 0.00061059
v -4.18979171 -0.05383779 -0.00497711
v -4.19779171 -0.05182679 -0.00497711
v -4.19778629 -0.05180521 0.00375711
v -4.18978629 -0.05381621 0.00375711
v -4.19884281 -0.05226779 0.00201270
v -4.19084281 -0.05469279 0.00353870
v -4.18873519 -0.05296121 -0.00475870
v -4.19673519 -0.05053621 -0.00628470
v -4.20203302 -0.05040830 -0.00186641
v -4.20203302 -0.05082230 -0.00034041
v -4.19354498 -0.05280970 -0.00087959
v -4.19354498 -0.05239570 -0.00240559
v -3.48736322 -0.05862474 -0.00482529
v -4.18976322 -0.05200074 -0.00732829
v -4.18981478 -0.05428326 0.00110229
v -3.48741478 -0.06090726 0.00360529
v -4.18545476 -0.05434299 -0.00075121
v -4.18545476 -0.05365799 -0.00325421
v -4.19412324 -0.05262601 -0.00297179
v -4.19412324 -0.05331101 -0.00046879
v -4.19754033 -0.05261084 0.00205312
v -4.18954033 -0.05435084 0.00107612
v -4.19003767 -0.05193316 -0.00730212
v -4.19803767 -0.05019316 -0.00632512
v -3.48738998 -0.05617497 -0.00995700
v -4.18978998 -0.05103097 -0.00693600
v -4.18978802 -0.05525303 0.00071000
v -3.48738802 -0.06039703 -0.00231100
v -3.48736397 -0.05531812 -0.00933758
v -4.18976397 -0.04830812 -0.00833058
v -4.18981403 -0.05424388 -0.00192342
v -3.48741403 -0.06125388 -0.00293042
v -4.18544924 -0.05350010 -0.00344478
v -4.18544924 -0.05163410 -0.00545878
v -4.19412876 -0.05091790 -0.00479522
v -4.19412876 -0.05278390 -0.00278122
v -4.18862143 -0.05047495 -0.00636807
v -4.19662143 -0.04760495 -0.00688607
v -4.19895657 -0.05293905 -0.00037593
v -4.19095657 -0.05580905 0.00014207
v -4.19757310 -0.05327098 -0.00046377
v -4.18957310 -0.05427498 -0.00195977
v -4.19000490 -0.04827702 -0.00829423
v -4.19800490 -0.04727302 -0.00679823
v -1.16037893 -0.13059279 -0.04341802
v -0.83432793 -0.23909779 0.00357898
v -0.83255007 -0.23738421 -0.00479898
v -1.15860107 -0.12887921 -0.05179598
v -1.15918204 -0.13094512 -0.04342191
v -0.83313104 -0.21406012 -0.09142691
v -0.83374696 -0.21164188 -0.09979709
v -1.15979796 -0.12852688 -0.05179209
v -0.83763968 -0.21169730 -0.09530367
v -0.83763968 -0.23708730 -0.00030167
v -0.82923832 -0.23939470 -0.00091833
v -0.82923832 -0.21400470 -0.09592033
v -1.15918345 -0.09864701 -0.07862685
v -0.83313245 -0.14663701 -0.16212285
v -0.83374555 -0.14033499 -0.16813915
v -1.15979655 -0.09234499 -0.08464315
v -1.15860508 -0.13294207 -0.04477683
v -0.83255408 -0.14669207 -0.16230083
v -0.83432392 -0.14027993 -0.16796117
v -1.16037492 -0.12652993 -0.05043717
v -0.83432576 -0.21568297 0.09066803
v -1.16037676 -0.09832797 0.07717903
v -1.15860324 -0.09266403 0.08358697
v -0.83255224 -0.21001903 0.09707597
v -0.83763998 -0.21200640 0.09302927
v -0.83763998 -0.14264140 0.16254827
v -0.82923802 -0.14433060 0.16423373
v -0.82923802 -0.21369560 0.09471473
v -0.83313165 -0.14662413 0.16036949
v -1.15918265 -0.09863413 0.07736149
v -1.15979735 -0.09235787 0.08340451
v -0.83374635 -0.14034787 0.16641251
v -1.15860462 -0.12886928 0.05005569
v -0.83255362 -0.23737428 0.00357769
v -0.83432438 -0.23910772 -0.00479769
v -1.16037538 -0.13060272 0.04168031
v -0.83763957 -0.23708733 -0.00092002
v -0.83763957 -0.21169733 0.09356198
v -0.82923843 -0.21400467 0.09418202
v -0.82923843 -0.23939467 -0.00029998
v -1.15949213 -0.12755812 0.04965332
v -0.83344113 -0.21067312 0.09765732
v -0.83343687 -0.21502888 0.09008668
v -1.15948787 -0.13191388 0.04208268
v -1.16378887 -0.12918998 0.04532633
v -1.16378887 -0.09494998 0.07984133
v -1.15519113 -0.09604202 0.08092467
v -1.15519113 -0.13028202 0.04640967
v -1.15948835 -0.14226539 0.00375713
v -0.83343735 -0.23823539 0.00375713
v -0.83344065 -0.23824661 -0.00497713
v -1.15949165 -0.14227661 -0.00497713
v -1.74597164 -0.06905585 0.04299599
v -1.15922164 -0.12668085 0.04897699
v -1.15975836 -0.13279115 0.04275901
v -1.74650836 -0.07516615 0.03677801
v -1.74633084 -0.06903106 0.04298176
v -1.15958084 -0.09241606 0.08347776
v -1.15939916 -0.09857594 0.07728824
v -1.74614916 -0.07519094 0.03679224
v -0.41309401 -0.42928700 0.21662759
v -0.52649401 -0.26142200 0.36411859
v -0.51878399 -0.25930000 0.36763141
v -0.40538399 -0.42716500 0.22014041
v -0.51830691 -0.26075149 0.36626533
v -0.51830691 -0.41568649 0.21126633
v -0.52697109 -0.41490551 0.21048567
v -0.52697109 -0.25997051 0.36548467
v -0.40938409 -0.43129858 0.21528400
v -0.52278409 -0.41836858 0.20777600
v -0.52249391 -0.41222342 0.21397600
v -0.40909391 -0.42515342 0.22148400
v -0.41309401 -0.42716500 0.22014041
v -0.29969401 -0.25930000 0.36763141
v -0.29198399 -0.26142200 0.36411859
v -0.40538399 -0.42928700 0.21662759
v -0.40938409 -0.42515342 0.22148400
v -0.29598409 -0.41222342 0.21397600
v -0.29569391 -0.41836858 0.20777600
v -0.40909391 -0.43129858 0.21528400
v -0.29161185 -0.25958526 0.36509958
v -0.29161185 -0.41452026 0.21010058
v -0.30006615 -0.41607174 0.21165142
v -0.30006615 -0.26113674 0.36665042
v -0.29543515 -0.25717456 0.36883394
v -0.18973515 -0.23528956 0.33083994
v -0.19054285 -0.24166244 0.32492206
v -0.29624285 -0.26354744 0.36291606
v -0.29939408 -0.41481928 0.21336717
v -0.19369408 -0.23799928 0.33037217
v -0.18658392 -0.23895272 0.32538983
v -0.29228392 -0.41577272 0.20838483
v -0.29969353 -0.26241356 0.36583709
v -0.41309353 -0.05077856 0.43734009
v -0.40538447 -0.04667344 0.43741591
v -0.29198447 -0.25830844 0.36591291
v -0.41360613 -0.26783100 0.37887600
v -0.41360613 -0.04872600 0.43737800
v -0.40487187 -0.04872600 0.43737800
v -0.40487187 -0.26783100 0.37887600
v -0.40938531 -0.26361891 0.38001999
v -0.29598531 -0.25614891 0.36701899
v -0.29569269 -0.26457309 0.36473101
v -0.40909269 -0.27204309 0.37773201
v -0.40538447 -0.05077856 0.43734009
v -0.51878447 -0.26241356 0.36583709
v -0.52649353 -0.25830844 0.36591291
v -0.41309353 -0.04667344 0.43741591
v -0.40938531 -0.27204309 0.37773201
v -0.52278531 -0.26457309 0.36473101
v -0.52249269 -0.25614891 0.36701899
v -0.40909269 -0.26361891 0.38001999
v -0.30006583 -0.26064418 0.36693593
v -0.30006583 -0.04900918 0.42342393
v -0.29161217 -0.04844282 0.42130207
v -0.29161217 -0.26007782 0.36481407
v -0.40909237 -0.04450417 0.43848544
v -0.29569237 -0.04450417 0.42347044
v -0.29598563 -0.05294783 0.42125556
v -0.40938563 -0.05294783 0.43627056
v -0.29228167 -0.04633200 0.42153477
v -0.18658167 -0.23608200 0.32705277
v -0.19369633 -0.24087000 0.32870923
v -0.29939633 -0.05112000 0.42319123
v -0.29624096 -0.25620391 0.36715128
v -0.19054096 -0.23431891 0.32915728
v -0.18973704 -0.24263309 0.32660472
v -0.29543704 -0.26451809 0.36459872
v -0.19395297 -0.23902812 0.32993542
v -0.19395297 -0.04927812 0.38093042
v -0.18632503 -0.04817388 0.37682158
v -0.18632503 -0.23792388 0.32582658
v -0.29543823 -0.04448781 0.42333712
v -0.18973823 -0.04448781 0.37985012
v -0.19053977 -0.05296419 0.37790188
v -0.29623977 -0.05296419 0.42138888
v -0.18717992 -0.04589752 0.37735436
v -0.09642992 -0.20082752 0.26584236
v -0.10234808 -0.20648448 0.26888564
v -0.19309808 -0.05155448 0.38039764
v -0.19068748 -0.23441635 0.32939434
v -0.09993748 -0.19959635 0.26887734
v -0.09884052 -0.20771565 0.26585066
v -0.18959052 -0.24253565 0.32636766
v -0.10289082 -0.20433123 0.26988455
v -0.10289082 -0.04940123 0.31138855
v -0.09588718 -0.04805077 0.30634745
v -0.09588718 -0.20298077 0.26484345
v -0.18958552 -0.04445391 0.37959347
v -0.09883552 -0.04445391 0.30958547
v -0.09994248 -0.05299809 0.30815053
v -0.19069248 -0.05299809 0.37815853
v -0.52686583 -0.26007782 0.36481407
v -0.52686583 -0.04844282 0.42130207
v -0.51841217 -0.04900918 0.42342393
v -0.51841217 -0.26064418 0.36693593
v -0.40909237 -0.05294783 0.43627056
v -0.52249237 -0.05294783 0.42125556
v -0.52278563 -0.04450417 0.42347044
v -0.40938563 -0.04450417 0.43848544
v -0.51908167 -0.05112000 0.42319123
v -0.62478167 -0.24087000 0.32870923
v -0.63189633 -0.23608200 0.32705277
v -0.52619633 -0.04633200 0.42153477
v -0.52304096 -0.26451809 0.36459872
v -0.62874096 -0.24263309 0.32660472
v -0.62793704 -0.23431891 0.32915728
v -0.52223704 -0.25620391 0.36715128
v -0.52223823 -0.05296419 0.42138888
v -0.62793823 -0.05296419 0.37790188
v -0.62873977 -0.04448781 0.37985012
v -0.52303977 -0.04448781 0.42333712
v -0.63215297 -0.23792388 0.32582659
v -0.63215297 -0.04817388 0.37682159
v -0.62452503 -0.04927812 0.38093041
v -0.62452503 -0.23902812 0.32993541
v -0.62537992 -0.05155448 0.38039764
v -0.71612992 -0.20648448 0.26888664
v -0.72204808 -0.20082752 0.26584336
v -0.63129808 -0.04589752 0.37735436
v -0.62888749 -0.24253565 0.32636766
v -0.71963749 -0.20771565 0.26585166
v -0.71854051 -0.19959635 0.26887834
v -0.62779051 -0.23441635 0.32939434
v -0.62778553 -0.05299809 0.37815855
v -0.71853553 -0.05299809 0.30815055
v -0.71964247 -0.04445391 0.30958545
v -0.62889247 -0.04445391 0.37959345
v -0.72259081 -0.20298079 0.26484444
v -0.72259081 -0.04805079 0.30634744
v -0.71558719 -0.04940121 0.31138856
v -0.71558719 -0.20433121 0.26988556
v -0.41309355 -0.05077852 0.43741591
v -0.52649355 0.16086148 0.36591291
v -0.51878445 0.16496652 0.36583709
v -0.40538445 -0.04667348 0.43734009
v -0.51841218 0.16319718 0.36693595
v -0.51841218 -0.04844282 0.42342395
v -0.52686582 -0.04900918 0.42130205
v -0.52686582 0.16263082 0.36481405
v -0.40938563 -0.05294784 0.43848542
v -0.52278563 -0.05294784 0.42347042
v -0.52249237 -0.04450416 0.42125558
v -0.40909237 -0.04450416 0.43627058
v -0.52619632 -0.05112001 0.42153475
v -0.63189632 0.13862999 0.32705275
v -0.62478168 0.14341801 0.32870925
v -0.51908168 -0.04633199 0.42319125
v -0.52223687 0.15875694 0.36715132
v -0.62793687 0.13686694 0.32915732
v -0.62874113 0.14518106 0.32660468
v -0.52304113 0.16707106 0.36459868
v -0.62452503 0.14157612 0.32993541
v -0.62452503 -0.04817388 0.38093041
v -0.63215297 -0.04927812 0.37682159
v -0.63215297 0.14047188 0.32582659
v -0.52303977 -0.05296419 0.42333712
v -0.62873977 -0.05296419 0.37985012
v -0.62793823 -0.04448781 0.37790188
v -0.52223823 -0.04448781 0.42138888
v -0.63129808 -0.05155448 0.37735436
v -0.72204808 0.10337552 0.26584336
v -0.71612992 0.10903248 0.26888664
v -0.62537992 -0.04589752 0.38039764
v -0.62779051 0.13696435 0.32939434
v -0.71854051 0.10214435 0.26887834
v -0.71963749 0.11026365 0.26585166
v -0.62888749 0.14508365 0.32636766
v -0.71558719 0.10687921 0.26988556
v -0.71558719 -0.04805079 0.31138856
v -0.72259081 -0.04940121 0.30634744
v -0.72259081 0.10552879 0.26484444
v -0.62889247 -0.05299809 0.37959345
v -0.71964247 -0.05299809 0.30958545
v -0.71853553 -0.04445391 0.30815055
v -0.62778553 -0.04445391 0.37815855
v -0.41360613 -0.04872600 0.43737800
v -0.41360613 0.17037900 0.37887600
v -0.40487187 0.17037900 0.37887600
v -0.40487187 -0.04872600 0.43737800
v -0.52278512 0.16712610 0.36473103
v -0.40938512 0.17459110 0.37773203
v -0.40909288 0.16616690 0.38001997
v -0.52249288 0.15870190 0.36701897
v -0.41309355 -0.04667348 0.43734009
v -0.29969355 0.16496652 0.36583709
v -0.29198445 0.16086148 0.36591291
v -0.40538445 -0.05077852 0.43741591
v -0.40909288 0.17459110 0.37773203
v -0.29569288 0.16712610 0.36473103
v -0.29598512 0.15870190 0.36701897
v -0.40938512 0.16616690 0.38001997
v -0.40938563 -0.04450416 0.43627058
v -0.29598563 -0.04450416 0.42125558
v -0.29569237 -0.05294784 0.42347042
v -0.40909237 -0.05294784 0.43848542
v -0.29161218 0.16263082 0.36481405
v -0.29161218 -0.04900918 0.42130205
v -0.30006582 -0.04844282 0.42342395
v -0.30006582 0.16319718 0.36693595
v -0.29939632 -0.04633199 0.42319125
v -0.19369632 0.14341801 0.32870925
v -0.18658168 0.13862999 0.32705275
v -0.29228168 -0.05112001 0.42153475
v -0.29543687 0.16707106 0.36459868
v -0.18973687 0.14518106 0.32660468
v -0.19054113 0.13686694 0.32915732
v -0.29624113 0.15875694 0.36715132
v -0.29623977 -0.04448781 0.42138888
v -0.19053977 -0.04448781 0.37790188
v -0.18973823 -0.05296419 0.37985012
v -0.29543823 -0.05296419 0.42333712
v -0.18632503 0.14047188 0.32582658
v -0.18632503 -0.04927812 0.37682158
v -0.19395297 -0.04817388 0.38093042
v -0.19395297 0.14157612 0.32993542
v -0.19309808 -0.04589752 0.38039764
v -0.10234808 0.10903248 0.26888564
v -0.09642992 0.10337552 0.26584236
v -0.18717992 -0.05155448 0.37735436
v -0.18959052 0.14508365 0.32636766
v -0.09884052 0.11026365 0.26585066
v -0.09993748 0.10214435 0.26887734
v -0.19068748 0.13696435 0.32939434
v -0.19069248 -0.04445391 0.37815853
v -0.09994248 -0.04445391 0.30815053
v -0.09883552 -0.05299809 0.30958547
v -0.18958552 -0.05299809 0.37959347
v -0.09588718 0.10552877 0.26484345
v -0.09588718 -0.04940123 0.30634745
v -0.10289082 -0.04805077 0.31138855
v -0.10289082 0.10687923 0.26988455
v -0.40490700 0.33116500 0.21877476
v -0.40490700 0.17077000 0.37926676
v -0.41357100 0.16998800 0.37848524
v -0.41357100 0.33038300 0.21799324
v -0.40538410 0.32971354 0.22014097
v -0.51878410 0.16185354 0.36763197
v -0.52649390 0.16397446 0.36411803
v -0.41309390 0.33183446 0.21662703
v -0.40938742 0.16728032 0.38194976
v -0.52278742 0.15981532 0.36894876
v -0.52249058 0.16601268 0.36280124
v -0.40909058 0.17347768 0.37580224
v -0.51908437 0.31736809 0.21336798
v -0.62478437 0.14054809 0.33037298
v -0.63189363 0.14149991 0.32538902
v -0.52619363 0.31831991 0.20838402
v -0.52224107 0.31488480 0.21406294
v -0.62794107 0.27697480 0.19205994
v -0.62873693 0.28289320 0.18568606
v -0.52303693 0.32080320 0.20768906
v -0.63239260 0.13987465 0.32673246
v -0.63239260 0.27878465 0.18772446
v -0.62428540 0.28108335 0.19002154
v -0.62428540 0.14217335 0.32902954
v -0.29228437 0.31831991 0.20838402
v -0.18658437 0.14149991 0.32538902
v -0.19369363 0.14054809 0.33037298
v -0.29939363 0.31736809 0.21336798
v -0.19419260 0.14217335 0.32902954
v -0.19419260 0.28108335 0.19002154
v -0.18608540 0.27878465 0.18772446
v -0.18608540 0.13987465 0.32673246
v -0.29544107 0.32080320 0.20768906
v -0.18974107 0.28289320 0.18568606
v -0.19053693 0.27697480 0.19205994
v -0.29623693 0.31488480 0.21406294
v -4.18874228 -0.05289388 0.00358087
v -4.19674228 -0.05443888 0.00110887
v -4.19883572 -0.04610512 0.00267513
v -4.19083572 -0.04456012 0.00514713
v -4.19777774 -0.04635728 0.00382763
v -4.18977774 -0.04736128 0.00581163
v -4.18980026 -0.05519072 0.00194037
v -4.19780026 -0.05418672 -0.00004363
v -4.18546145 -0.04883731 0.00494019
v -4.18546145 -0.05138631 0.00445219
v -4.19411655 -0.05116569 0.00329981
v -4.19411655 -0.04861669 0.00378781
v -4.18978852 -0.05309413 0.00436208
v -4.19778852 -0.05309413 0.00237908
v -4.19778948 -0.04435987 0.00238292
v -4.18978948 -0.04435987 0.00436592
v -4.20203906 -0.04996893 0.00093444
v -4.20203906 -0.04842393 0.00142344
v -4.19353894 -0.04903007 0.00333856
v -4.19353894 -0.05057507 0.00284956
v -4.18871101 -0.05449469 0.00112831
v -4.19671101 -0.05462069 -0.00186269
v -4.19886699 -0.04818331 0.00363269
v -4.19086699 -0.04805731 0.00662369
v -4.19357141 -0.05102582 0.00273789
v -4.19357141 -0.05215582 0.00173089
v -4.20200659 -0.05064818 0.00003911
v -4.20200659 -0.04951818 0.00104611
v -4.18981532 -0.05009337 0.00501881
v -3.48741532 -0.05119737 0.01200781
v -3.48736268 -0.05729463 0.00575419
v -4.18976268 -0.05619063 -0.00123481
v -4.18978917 -0.04753092 0.00612237
v -3.48738917 -0.05050092 0.01112737
v -3.48738883 -0.05799108 0.00663463
v -4.18978883 -0.05502108 0.00162963
v -4.18545538 -0.05166933 0.00424594
v -4.18545538 -0.05353533 0.00226194
v -4.19412262 -0.05274867 0.00152206
v -4.19412262 -0.05088267 0.00350606
v -4.19755318 -0.04845668 0.00410079
v -4.18955318 -0.05019668 0.00510779
v -4.19002482 -0.05608732 -0.00132379
v -4.19802482 -0.05434732 -0.00233079
v -4.18977935 -0.05003794 0.00496390
v -3.48737935 -0.05518194 0.00795490
v -3.48739865 -0.06139006 0.00181110
v -4.18979865 -0.05624606 -0.00117990
v -3.48302205 -0.05427355 0.00890884
v -3.48302205 -0.05831355 0.00491084
v -3.49175595 -0.05825845 0.00485516
v -3.49175595 -0.05421845 0.00885316
v -3.48742981 -0.05518174 0.00795443
v -2.67437981 -0.05536174 0.01894043
v -2.67429819 -0.06157026 0.01279757
v -3.48734819 -0.06139026 0.00181157
v -3.48738888 -0.05050132 0.01112804
v -2.67433888 -0.05472132 0.01811604
v -2.67433912 -0.06221068 0.01362196
v -3.48738912 -0.05799068 0.00663396
v -2.67442185 -0.06254753 0.01200210
v -1.74632285 -0.06905753 0.04300810
v -1.74615715 -0.07516447 0.03676590
v -2.67425615 -0.06865447 0.00575990
v -2.67430670 -0.06254940 0.01200486
v -1.74620770 -0.08617940 0.02549286
v -1.74627230 -0.09228260 0.01924514
v -2.67437130 -0.06865260 0.00575714
v -1.74187895 -0.07227578 0.04004804
v -1.74187895 -0.08939578 0.02253004
v -1.75060105 -0.08906622 0.02220796
v -1.75060105 -0.07194622 0.03972596
v -1.74615490 -0.08618395 0.02549631
v -1.15940490 -0.12668895 0.04899531
v -1.15957510 -0.13278305 0.04274069
v -1.74632510 -0.09227805 0.01924169
v -1.74597416 -0.06907906 0.04301885
v -1.15922416 -0.12670406 0.04899985
v -1.15975584 -0.13276794 0.04273615
v -1.74650584 -0.07514294 0.03675515
v -0.83255172 -0.05291448 0.18801206
v -1.15860272 -0.09968448 0.07952206
v -1.16037728 -0.09130752 0.08124394
v -0.83432628 -0.04453752 0.18973394
v -0.83374540 -0.14766947 0.16217589
v -1.15979640 -0.09967947 0.07916789
v -1.15918360 -0.09131253 0.08159811
v -0.83313260 -0.13930253 0.16460611
v -0.83763991 -0.14317610 0.16223857
v -0.83763991 -0.04841610 0.18772057
v -0.82923809 -0.04903590 0.19002543
v -0.82923809 -0.14379590 0.16454343
v -0.83343898 -0.05309313 0.18887295
v -1.15948998 -0.05309313 0.09286495
v -1.15949002 -0.04435887 0.09286505
v -0.83343902 -0.04435887 0.18887305
v -1.16378890 -0.09529773 0.07964008
v -1.16378890 -0.04852773 0.09212208
v -1.15519110 -0.04892427 0.09360792
v -1.15519110 -0.09569427 0.08112592
v -1.74650600 -0.06788844 0.04096917
v -1.15975600 -0.04450344 0.09394717
v -1.15922400 -0.05294856 0.09178283
v -1.74597400 -0.07633356 0.03880483
v -1.74615010 -0.06789424 0.04101953
v -1.15940010 -0.09127924 0.08151553
v -1.15957990 -0.09971276 0.07925047
v -1.74632990 -0.07632776 0.03875447
v -0.83432632 -0.05291448 0.18973387
v -1.16037732 -0.00613948 0.08124387
v -1.15860268 0.00223748 0.07952213
v -0.83255168 -0.04453752 0.18801213
v -0.83763992 -0.04903590 0.18772059
v -0.83763992 0.04572410 0.16223859
v -0.82923808 0.04634390 0.16454341
v -0.82923808 -0.04841610 0.19002541
v -0.83344126 0.04225700 0.16558328
v -1.15949226 -0.00572800 0.08257528
v -1.15948774 0.00182600 0.07819072
v -0.83343674 0.04981100 0.16119872
v -1.16378890 -0.04892425 0.09212207
v -1.16378890 -0.00214925 0.07964007
v -1.15519110 -0.00175275 0.08112593
v -1.15519110 -0.04852775 0.09360793
v -0.83433060 0.04284442 0.16623765
v -1.16038160 0.02909942 0.04871465
v -1.15859840 0.03547858 0.04302135
v -0.83254740 0.04922358 0.16054435
v -0.83763951 0.04518825 0.16254706
v -0.83763951 0.11455825 0.09302806
v -0.82923849 0.11624975 0.09471594
v -0.82923849 0.04687975 0.16423494
v -0.83313340 0.11238899 0.09701654
v -1.15918440 0.02927399 0.04901254
v -1.15979560 0.03530401 0.04272346
v -0.83374460 0.11841901 0.09072746
v -1.16378906 -0.00249625 0.07984209
v -1.16378906 0.03174375 0.04532709
v -1.15519094 0.03283425 0.04640891
v -1.15519094 -0.00140575 0.08092391
v -1.15976278 -0.00502396 0.08347400
v -1.74651278 -0.01129396 0.02546000
v -1.74596722 -0.00514804 0.01927800
v -1.15921722 0.00112196 0.07729200
v -1.15940236 0.02921878 0.04897249
v -1.74615236 -0.01129122 0.02547349
v -1.74632764 -0.00515078 0.01926451
v -1.15957764 0.03535922 0.04276351
v -1.15949175 -0.00572163 0.08258621
v -1.74624175 -0.02911163 0.04209021
v -1.74623825 -0.02157037 0.03768379
v -1.15948825 0.00181963 0.07817979
v -1.74187888 -0.00805717 0.02252911
v -1.74187888 -0.02517717 0.04004711
v -1.75060112 -0.02550483 0.03972689
v -1.75060112 -0.00838483 0.02220889
v -1.15975600 -0.05294857 0.09394711
v -1.74650600 -0.02956357 0.04096911
v -1.74597400 -0.02111843 0.03880489
v -1.15922400 -0.04450343 0.09178289
v -1.74632285 -0.02839447 0.04300810
v -2.67442185 -0.03490447 0.01200210
v -2.67425615 -0.02879753 0.00575990
v -1.74615715 -0.02228753 0.03676590
v -1.74620770 -0.01127260 0.02549286
v -2.67430670 -0.03490260 0.01200486
v -2.67437130 -0.02879940 0.00575714
v -1.74627230 -0.00516940 0.01924514
v -1.74187902 -0.02528359 0.04011145
v -1.74187902 -0.04866859 0.04609245
v -1.75060098 -0.04878341 0.04564355
v -1.75060098 -0.02539841 0.03966255
v -1.15949000 -0.05309313 0.09286500
v -1.74624000 -0.05309313 0.04586800
v -1.74624000 -0.04435887 0.04586800
v -1.15949000 -0.04435887 0.09286500
v -1.74632244 -0.05292832 0.04705354
v -2.67442144 -0.04318332 0.01705454
v -2.67425656 -0.03477868 0.01468346
v -1.74615756 -0.04452368 0.04468246
v -1.74620585 -0.02957157 0.04097003
v -2.67430485 -0.04321157 0.01695203
v -2.67437315 -0.03475043 0.01478597
v -1.74627415 -0.02111043 0.03880397
v -1.75060098 -0.07205359 0.03966255
v -1.75060098 -0.04866859 0.04564355
v -1.74187902 -0.04878341 0.04609245
v -1.74187902 -0.07216841 0.04011145
v -2.67433884 -0.04272654 0.01811461
v -3.48738884 -0.04695154 0.01112661
v -3.48738916 -0.03946046 0.00663539
v -2.67433916 -0.03523546 0.01362339
v -2.67437979 -0.04208716 0.01893851
v -3.48742979 -0.04226716 0.00795251
v -3.48734821 -0.03605484 0.00181349
v -2.67429821 -0.03587484 0.01279949
v -3.48302205 -0.03913346 0.00491087
v -3.48302205 -0.04317846 0.00890887
v -3.49175595 -0.04323354 0.00885313
v -3.49175595 -0.03918854 0.00485513
v -4.18976269 -0.04125615 -0.00123265
v -3.48736269 -0.04015515 0.00575635
v -3.48741531 -0.04625685 0.01200565
v -4.18981531 -0.04735785 0.00501665
v -3.48737932 -0.04226696 0.00795298
v -4.18977932 -0.04741296 0.00496198
v -4.18979868 -0.04120104 -0.00117798
v -3.48739868 -0.03605504 0.00181302
v -2.66997264 -0.03895675 0.01594722
v -2.66997264 -0.04870175 0.01896822
v -2.67870536 -0.04875025 0.01881178
v -2.67870536 -0.03900525 0.01579078
v -1.74623999 -0.05309313 0.04586768
v -2.67433899 -0.05309313 0.01888968
v -2.67433901 -0.04435887 0.01889032
v -1.74624001 -0.04435887 0.04586832
v -3.48734554 -0.03901210 0.00766399
v -2.67429554 -0.04453210 0.01767299
v -2.67438246 -0.05291990 0.02010701
v -3.48743246 -0.04739990 0.01009801
v -2.67442143 -0.05426376 0.01705485
v -1.74632243 -0.04452376 0.04705385
v -1.74615757 -0.05292824 0.04468215
v -2.67425657 -0.06266824 0.01468315
v -2.67430483 -0.05423543 0.01695203
v -1.74620583 -0.06788043 0.04097003
v -1.74627417 -0.07634157 0.03880397
v -2.67437317 -0.06269657 0.01478597
v -2.67870536 -0.05844174 0.01579079
v -2.67870536 -0.04870174 0.01881179
v -2.66997264 -0.04875026 0.01896821
v -2.66997264 -0.05849026 0.01594721
v -3.48738915 -0.04695209 0.01112570
v -4.18978915 -0.04992209 0.00612070
v -4.18978885 -0.04242991 0.00163130
v -3.48738885 -0.03945991 0.00663630
v -4.18545537 -0.04391403 0.00226219
v -4.18545537 -0.04578303 0.00424619
v -4.19412263 -0.04656897 0.00350581
v -4.19412263 -0.04469997 0.00152181
v -4.19666387 -0.04295938 -0.00199120
v -4.18866387 -0.04308838 0.00099980
v -4.19091413 -0.04926362 0.00675220
v -4.19891413 -0.04913462 0.00376120
v -4.18955237 -0.04725473 0.00510552
v -4.19755237 -0.04899473 0.00409852
v -4.19802563 -0.04309927 -0.00232852
v -4.19002563 -0.04135927 -0.00132152
v -3.48302205 -0.04319568 0.00891913
v -3.48302205 -0.04871668 0.01041413
v -3.49175595 -0.04873732 0.01033787
v -3.49175595 -0.04321632 0.00884287
v -2.67433899 -0.05309313 0.01888980
v -3.48738899 -0.05309413 0.01037580
v -3.48738901 -0.04435987 0.01037620
v -2.67433901 -0.04435887 0.01889020
v -4.18976446 -0.04192066 0.00289452
v -3.48736446 -0.04447166 0.00939452
v -3.48741354 -0.05298234 0.01135748
v -4.18981354 -0.05043134 0.00485748
v -3.48743246 -0.05005224 0.01009850
v -2.67438246 -0.04453224 0.02010750
v -2.67429554 -0.05291976 0.01767250
v -3.48734554 -0.05843976 0.00766350
v -3.49175595 -0.05423567 0.00884287
v -3.49175595 -0.04871667 0.01033787
v -3.48302205 -0.04873733 0.01041413
v -3.48302205 -0.05425633 0.00891913
v -4.19411657 -0.04883720 0.00378796
v -4.19411657 -0.04628620 0.00329996
v -4.18546143 -0.04606580 0.00445204
v -4.18546143 -0.04861680 0.00494004
v -4.18978900 -0.04435987 0.00436432
v -3.48738900 -0.04435987 0.01037632
v -3.48738900 -0.05309413 0.01037568
v -4.18978900 -0.05309413 0.00436368
v -4.19083748 -0.05289396 0.00514435
v -4.19883748 -0.05134396 0.00267235
v -4.19674052 -0.04301004 0.00111165
v -4.18874052 -0.04456004 0.00358365
v -4.18947882 -0.05043818 0.00477569
v -4.19747882 -0.05143918 0.00279169
v -4.19809918 -0.04291482 0.00099231
v -4.19009918 -0.04191382 0.00297631
v -4.18981353 -0.04702078 0.00485798
v -3.48741353 -0.04447178 0.01135798
v -3.48736447 -0.05298222 0.00939402
v -4.18976447 -0.05553122 0.00289402
v -4.20203900 -0.04902927 0.00142289
v -4.20203900 -0.04747927 0.00093389
v -4.19353900 -0.04687473 0.00285011
v -4.19353900 -0.04842473 0.00333911
v -0.09008661 -0.20933227 0.27059292
v -0.01878661 -0.05071227 0.22011692
v -0.02299139 -0.04673973 0.22666108
v -0.09429139 -0.20535973 0.27713708
v -0.02312942 -0.04969427 0.22701043
v -0.02312942 -0.16189427 0.19701143
v -0.01864858 -0.15995773 0.18976857
v -0.01864858 -0.04775773 0.21976757
v -0.09218869 -0.21112902 0.27168313
v -0.02088869 -0.16470902 0.19120813
v -0.02088931 -0.15714298 0.19557187
v -0.09218931 -0.20356298 0.27604687
v -0.08947376 -0.20646056 0.27056118
v -0.08947376 -0.04784056 0.31307218
v -0.09490424 -0.04961144 0.31967982
v -0.09490424 -0.20823144 0.27716882
v -0.02088835 -0.04435887 0.22338950
v -0.09218835 -0.04435887 0.31637650
v -0.09218965 -0.05309313 0.31637550
v -0.02088965 -0.05309313 0.22338850
v -0.09532643 -0.20949293 0.27601419
v -0.09532643 -0.32561293 0.16001619
v -0.08905157 -0.32131907 0.15571781
v -0.08905157 -0.20519907 0.27171581
v -0.02299213 -0.16083969 0.19721638
v -0.09429213 -0.32337969 0.16169338
v -0.09008587 -0.32355231 0.15404062
v -0.01878587 -0.16101231 0.18956362
v -0.08922512 0.10999658 0.27065911
v -0.18212512 0.28780158 0.19018411
v -0.18805288 0.28760642 0.19659589
v -0.09515288 0.10980142 0.27707089
v -0.18564506 0.28494417 0.19672856
v -0.09274506 0.22325417 0.16120556
v -0.09163294 0.22877383 0.15452844
v -0.18453294 0.29046383 0.19005144
v -0.08904799 0.10775464 0.27171848
v -0.08904799 0.22386964 0.15572048
v -0.09533001 0.22815836 0.16001352
v -0.09533001 0.11204336 0.27601152
v -0.08922472 -0.32026048 0.15796431
v -0.18212472 -0.23975548 0.33597331
v -0.18805328 -0.24616652 0.33577869
v -0.09515328 -0.32667152 0.15776969
v -0.09163204 -0.20400307 0.27661935
v -0.18453204 -0.23961807 0.33863035
v -0.18564596 -0.24630393 0.33312165
v -0.09274596 -0.21068893 0.27111065
v -0.09274172 -0.32070922 0.16120863
v -0.18564172 -0.38239422 0.19673163
v -0.18453628 -0.38790778 0.19004837
v -0.09163628 -0.32622278 0.15452537
v -0.18859931 -0.24479997 0.33771115
v -0.18859931 -0.38698997 0.19522515
v -0.18157869 -0.38331203 0.19155485
v -0.18157869 -0.24112203 0.33404085
v -0.09274927 0.11323877 0.27110750
v -0.18564927 0.14885377 0.33311850
v -0.18452873 0.14217423 0.33863350
v -0.09162873 0.10655923 0.27662250
v -0.18859467 0.28954740 0.19522957
v -0.18859467 0.14735740 0.33771557
v -0.18158333 0.14367060 0.33403643
v -0.18158333 0.28586060 0.19155043
v -0.09515537 -0.32666953 -0.15950743
v -0.18805537 -0.24616453 -0.33702843
v -0.18212263 -0.23975747 -0.33722757
v -0.08922263 -0.32026247 -0.15970657
v -0.09533057 -0.32561018 -0.16175288
v -0.09533057 -0.20949018 -0.27778088
v -0.08904743 -0.20520182 -0.27348912
v -0.08904743 -0.32132182 -0.15746112
v -0.18454040 -0.23962304 -0.33989004
v -0.09164040 -0.20400804 -0.27839704
v -0.09273760 -0.21068396 -0.27287296
v -0.18563760 -0.24629896 -0.33436596
v -0.18157811 -0.24112574 -0.33529027
v -0.18157811 -0.38331574 -0.19329127
v -0.18859989 -0.38698626 -0.19696673
v -0.18859989 -0.24479626 -0.33896573
v -0.09163264 -0.32622623 -0.15626882
v -0.18453264 -0.38791123 -0.19179082
v -0.18564536 -0.38239077 -0.19846718
v -0.09274536 -0.32070577 -0.16294518
v -0.18805532 0.14871757 -0.33702838
v -0.09515532 0.22921757 -0.15950738
v -0.08922268 0.22281043 -0.15970662
v -0.18212268 0.14231043 -0.33722762
v -0.18563764 0.14885192 -0.33436592
v -0.09273764 0.11323692 -0.27287292
v -0.09164036 0.10656108 -0.27839708
v -0.18454036 0.14217608 -0.33989008
v -0.09533060 0.11204321 -0.27778082
v -0.09533060 0.22815821 -0.16175282
v -0.08904740 0.22386979 -0.15746118
v -0.08904740 0.10775479 -0.27348918
v -0.09429171 0.11372572 -0.27555345
v -0.02299171 0.14944072 -0.11304745
v -0.01878629 0.14178728 -0.11321055
v -0.09008629 0.10607228 -0.27571655
v -0.09219043 0.22819869 -0.15582561
v -0.02089043 0.14779869 -0.10934761
v -0.02088757 0.14342931 -0.11691039
v -0.09218757 0.22382931 -0.16338839
v -0.09274544 0.22325384 -0.16294522
v -0.18564544 0.28494384 -0.19846722
v -0.18453256 0.29046416 -0.19179078
v -0.09163256 0.22877416 -0.15626878
v -0.18859983 0.14734932 -0.33896579
v -0.18859983 0.28953932 -0.19696679
v -0.18157817 0.28586868 -0.19329121
v -0.18157817 0.14367868 -0.33529021
v -0.09490687 0.22931637 -0.16048983
v -0.09490687 0.27182137 -0.00149283
v -0.08947113 0.26521663 0.00027283
v -0.08947113 0.22271163 -0.15872417
v -0.02299475 0.14746022 -0.11647999
v -0.09429475 0.27036522 -0.00396099
v -0.09008325 0.26667278 0.00274099
v -0.01878325 0.14376778 -0.10977801
v -0.09429234 0.27035762 0.00274667
v -0.02299234 0.14745262 0.11474567
v -0.01878566 0.14377538 0.10803233
v -0.09008566 0.26668038 -0.00396667
v -0.09218861 0.22382861 0.16164799
v -0.02088861 0.14342861 0.11516999
v -0.02088939 0.14779939 0.10760801
v -0.09218939 0.22819939 0.15408601
v -0.08947150 0.22271208 0.15698139
v -0.08947150 0.26521708 -0.00149561
v -0.09490650 0.27182092 0.00027561
v -0.09490650 0.22931592 0.15875261
v -0.02312928 0.14923571 -0.11409656
v -0.02312928 0.17929571 -0.00157756
v -0.01864872 0.17205229 0.00035756
v -0.01864872 0.14199229 -0.11216144
v -0.09219027 0.26851802 0.00375713
v -0.02089027 0.17567302 0.00375713
v -0.02088773 0.17567498 -0.00497713
v -0.09218773 0.26851998 -0.00497713
v -0.01864865 0.14199345 0.11041726
v -0.01864865 0.17205345 -0.00158174
v -0.02312935 0.17929455 0.00036174
v -0.02312935 0.14923455 0.11236074
v -0.02088848 0.14779624 -0.10934619
v 0.02396152 0.05415124 -0.05533019
v 0.02396048 0.04978676 -0.06289581
v -0.02088952 0.14343176 -0.11691181
v -0.01983122 0.17418202 0.00335572
v 0.02501878 0.05047702 -0.05514728
v 0.02290322 0.05346098 -0.06307872
v -0.02194678 0.17716598 -0.00457572
v -0.01983141 0.14631521 -0.10895029
v 0.02501859 0.01011021 -0.09744529
v 0.02290341 0.00870779 -0.10580271
v -0.02194659 0.14491279 -0.11730771
v 0.02512770 0.04899493 -0.05613550
v 0.02512770 0.00643493 -0.09864650
v 0.02279430 0.01238307 -0.10460150
v 0.02279430 0.05494307 -0.06209050
v 0.02279450 0.05603580 -0.06019569
v 0.02279450 0.07161080 -0.00169269
v 0.02512750 0.06347720 0.00047269
v 0.02512750 0.04790220 -0.05803031
v -0.02089083 0.17567324 0.00375713
v 0.02395917 0.06754324 0.00375713
v 0.02396283 0.06754476 -0.00497713
v -0.02088717 0.17567476 -0.00497713
v 0.02396070 0.01319403 -0.09944562
v 0.03926070 -0.04494097 0.00156838
v 0.03926130 -0.05251103 -0.00278838
v 0.02396130 0.00562397 -0.10380238
v 0.02395904 0.05416265 -0.05533680
v 0.03925904 -0.04653235 0.00316620
v 0.03926296 -0.05091965 -0.00438620
v 0.02396296 0.04977535 -0.06288920
v 0.02396033 0.06754391 0.00375713
v 0.03926033 -0.04872609 0.00375713
v 0.03926167 -0.04872591 -0.00497713
v 0.02396167 0.06754409 -0.00497713
v -0.02194456 0.17715272 0.00336127
v 0.02290544 0.05344772 0.06134427
v 0.02501656 0.05049028 0.05340173
v -0.01983344 0.17419528 -0.00458127
v 0.02279387 0.07160821 0.00048170
v 0.02279387 0.05603321 0.05846470
v 0.02512813 0.04790479 0.05628130
v 0.02512813 0.06347979 -0.00170170
v 0.03926205 -0.04654664 -0.00439447
v 0.02396205 0.05414836 0.05358853
v 0.02395995 0.04978964 0.06115747
v 0.03925995 -0.05090536 0.00317447
v -0.02089047 0.14343142 0.11517161
v 0.02395953 0.04978642 0.06115561
v 0.02396247 0.05415158 0.05359039
v -0.02088753 0.14779658 0.10760639
v 0.02279338 0.05494289 0.06035032
v 0.02279338 0.01238289 0.10286132
v 0.02512862 0.00643511 0.09690668
v 0.02512862 0.04899511 0.05439568
v 0.03926205 -0.04494576 -0.00279668
v 0.02396205 0.01318924 0.09769732
v 0.02395995 0.00562876 0.10207068
v 0.03925995 -0.05250624 0.00157668
v -0.02194658 0.14491279 0.11556771
v 0.02290342 0.00870779 0.10406271
v 0.02501858 0.01011021 0.09570529
v -0.01983142 0.14631521 0.10721029
v 0.02279226 0.01049322 0.10394975
v 0.02279226 -0.04764178 0.11945275
v 0.02512974 -0.04981022 0.11132125
v 0.02512974 0.00832478 0.09581825
v 0.03926100 -0.04435887 -0.00061000
v 0.02396100 -0.04435887 0.11538700
v 0.02396100 -0.05309313 0.11538700
v 0.03926100 -0.05309313 -0.00061000
v 0.02279226 -0.04981022 0.11945275
v 0.02279226 -0.10794522 0.10394975
v 0.02512974 -0.10577678 0.09581825
v 0.02512974 -0.04764178 0.11132125
v 0.03925996 -0.04494576 0.00157668
v 0.02395996 -0.10308076 0.10207068
v 0.02396204 -0.11064124 0.09769732
v 0.03926204 -0.05250624 -0.00279668
v -0.01983016 -0.16362166 0.19012135
v 0.02501984 -0.05142166 0.11211835
v 0.02290216 -0.04603034 0.11865565
v -0.02194784 -0.15823034 0.19665865
v -0.02088656 -0.16470716 0.19120491
v 0.02396344 -0.11064216 0.09769891
v 0.02395856 -0.10307984 0.10206909
v -0.02089144 -0.15714484 0.19557509
v 0.02501984 -0.04603034 0.11211835
v -0.01983016 0.06616966 0.19012135
v -0.02194784 0.06077834 0.19665865
v 0.02290216 -0.05142166 0.11865565
v 0.02396372 0.01319022 0.09769901
v -0.02088628 0.06725522 0.19120501
v -0.02089172 0.05969278 0.19557499
v 0.02395828 0.00562778 0.10206899
v -0.02312901 0.14826262 0.11404211
v -0.02312901 0.06612262 0.19604311
v -0.01864899 0.06082538 0.19073689
v -0.01864899 0.14296538 0.10873589
v -0.02088900 -0.05309313 0.22338900
v 0.02396100 -0.05309313 0.11538700
v 0.02396100 -0.04435887 0.11538700
v -0.02088900 -0.04435887 0.22338900
v -0.01864957 -0.04969442 0.21976700
v -0.01864957 0.06250558 0.18976800
v -0.02312843 0.06444242 0.19701200
v -0.02312843 -0.04775758 0.22701100
v -0.09008620 0.10607233 0.27394661
v -0.01878620 0.14178733 0.11147061
v -0.02299180 0.14944067 0.11130739
v -0.09429180 0.11372567 0.27378339
v -0.09218912 0.10611615 0.27604717
v -0.02088912 0.05969115 0.19557217
v -0.02088888 0.06725685 0.19120783
v -0.09218888 0.11368185 0.27168283
v -0.09008683 -0.05208135 0.31453363
v -0.01878683 0.06011865 0.19154763
v -0.02299117 0.06682935 0.19523237
v -0.09429117 -0.04537065 0.31821837
v -0.08947250 -0.04961116 0.31307313
v -0.08947250 0.10901384 0.27056213
v -0.09490550 0.11078416 0.27716787
v -0.09490550 -0.04784084 0.31967887
v -0.09429105 -0.20535927 -0.27890702
v -0.02299105 -0.04673927 -0.22840002
v -0.01878695 -0.05071273 -0.22185598
v -0.09008695 -0.20933273 -0.27236298
v -0.09218855 -0.04435887 -0.31811535
v -0.02088855 -0.04435887 -0.22512835
v -0.02088945 -0.05309313 -0.22512765
v -0.09218945 -0.05309313 -0.31811465
v -0.09490416 -0.20823086 -0.27893905
v -0.09490416 -0.04961086 -0.32141905
v -0.08947384 -0.04784114 -0.31481095
v -0.08947384 -0.20646114 -0.27233095
v -0.09429086 -0.04537059 -0.31995760
v -0.02299086 0.06682941 -0.19697160
v -0.01878714 0.06011859 -0.19328640
v -0.09008714 -0.05208141 -0.31627240
v -0.02312844 -0.04775758 -0.22875000
v -0.02312844 0.06444242 -0.19875100
v -0.01864956 0.06250558 -0.19150700
v -0.01864956 -0.04969442 -0.22150600
v -0.09218904 0.11368215 -0.27345335
v -0.02088904 0.06725715 -0.19294735
v -0.02088896 0.05969085 -0.19731065
v -0.09218896 0.10611585 -0.27781665
v -0.08947297 0.10901435 -0.27233161
v -0.08947297 -0.04961065 -0.31481161
v -0.09490503 -0.04784135 -0.32141839
v -0.09490503 0.11078365 -0.27893839
v -0.01983014 0.06616965 -0.19186034
v 0.02501986 -0.04603035 -0.11385834
v 0.02290214 -0.05142165 -0.12039566
v -0.02194786 0.06077835 -0.19839766
v -0.02088900 -0.04435887 -0.22512800
v 0.02396100 -0.04435887 -0.11712700
v 0.02396100 -0.05309313 -0.11712700
v -0.02088900 -0.05309313 -0.22512800
v -0.01864921 0.14296530 -0.11047578
v -0.01864921 0.06082530 -0.19247578
v -0.02312879 0.06612270 -0.19778222
v -0.02312879 0.14826270 -0.11578222
v 0.02512849 0.00832469 -0.09755791
v 0.02512849 -0.04981031 -0.11306091
v 0.02279351 -0.04764169 -0.12119309
v 0.02279351 0.01049331 -0.10569009
v 0.02395827 0.00562779 -0.10380900
v -0.02089173 0.05969279 -0.19731400
v -0.02088627 0.06725521 -0.19294400
v 0.02396373 0.01319021 -0.09943900
v 0.02501986 -0.05142165 -0.11385834
v -0.01983014 -0.16362165 -0.19186034
v -0.02194786 -0.15823035 -0.19839766
v 0.02290214 -0.04603035 -0.12039566
v -0.01864888 -0.04775769 -0.22150639
v -0.01864888 -0.15995769 -0.19150739
v -0.02312912 -0.16189431 -0.19875061
v -0.02312912 -0.04969431 -0.22874961
v -0.09218927 -0.20356263 -0.27781627
v -0.02088927 -0.15714263 -0.19731027
v -0.02088873 -0.16470937 -0.19294773
v -0.09218873 -0.21112937 -0.27345373
v -0.02089145 -0.15714485 -0.19731410
v 0.02395855 -0.10307985 -0.10380910
v 0.02396345 -0.11064215 -0.09943890
v -0.02088655 -0.16470715 -0.19294390
v 0.02512849 -0.04764169 -0.11306091
v 0.02512849 -0.10577669 -0.09755791
v 0.02279351 -0.10794531 -0.10569009
v 0.02279351 -0.04981031 -0.12119309
v 0.03926100 -0.05309313 -0.00061000
v 0.02396100 -0.05309313 -0.11712700
v 0.02396100 -0.04435887 -0.11712700
v 0.03926100 -0.04435887 -0.00061000
v 0.03926068 -0.05251103 0.00156839
v 0.02396068 -0.11064603 -0.09944561
v 0.02396132 -0.10307597 -0.10380239
v 0.03926132 -0.04494097 -0.00278839
v -0.01983341 -0.15674687 -0.19583072
v 0.02501659 -0.14523687 -0.05981472
v 0.02290541 -0.15359513 -0.05841128
v -0.02194459 -0.16510513 -0.19442728
v 0.02512796 -0.10388680 -0.09864672
v 0.02512796 -0.14644180 -0.05613572
v 0.02279404 -0.15239020 -0.06209028
v 0.02279404 -0.10983520 -0.10460128
v 0.03925903 -0.05091973 0.00316616
v 0.02395903 -0.15160973 -0.05533684
v 0.02396297 -0.14722227 -0.06288916
v 0.03926297 -0.04653227 -0.00438616
v -0.09008628 -0.20351929 -0.27571655
v -0.01878628 -0.23923429 -0.11321055
v -0.02299172 -0.24688771 -0.11304745
v -0.09429172 -0.21117271 -0.27555345
v -0.01864928 -0.15827719 -0.19247583
v -0.01864928 -0.24041219 -0.11047583
v -0.02312872 -0.24570981 -0.11578217
v -0.02312872 -0.16357481 -0.19778217
v 0.02396176 -0.15159832 -0.05533024
v -0.02088824 -0.24524332 -0.10934624
v -0.02088976 -0.24087868 -0.11691176
v 0.02396024 -0.14723368 -0.06289576
v -0.09218751 -0.32128144 -0.16338847
v -0.02088751 -0.24087644 -0.11691047
v -0.02089049 -0.24524556 -0.10934753
v -0.09219049 -0.32565056 -0.15582553
v 0.02501885 -0.14792410 -0.05514727
v -0.01983115 -0.27163410 0.00335573
v -0.02194685 -0.27461790 -0.00457573
v 0.02290315 -0.15090790 -0.06307873
v -0.01864851 -0.23943945 -0.11216132
v -0.01864851 -0.26950445 0.00035768
v -0.02312949 -0.27674755 -0.00157768
v -0.02312949 -0.24668255 -0.11409668
v -0.09008216 -0.32019352 -0.16158788
v -0.01878216 -0.26985352 -0.00259088
v -0.02299584 -0.27639848 0.00137088
v -0.09429584 -0.32673848 -0.15762612
v 0.02512753 -0.14534929 -0.05802999
v 0.02512753 -0.16092929 0.00047301
v 0.02279447 -0.16906271 -0.00169301
v 0.02279447 -0.15348271 -0.06019601
v 0.03926033 -0.04872591 0.00375713
v 0.02396033 -0.16499591 0.00375713
v 0.02396167 -0.16499609 -0.00497713
v 0.03926167 -0.04872609 -0.00497713
v -0.02088717 -0.27312676 -0.00497713
v 0.02396283 -0.16499676 -0.00497713
v 0.02395917 -0.16499524 0.00375713
v -0.02089083 -0.27312524 0.00375713
v 0.02512815 -0.16093188 -0.00170203
v 0.02512815 -0.14535188 0.05628097
v 0.02279385 -0.15348012 0.05846503
v 0.02279385 -0.16906012 0.00048203
v 0.03925995 -0.04654656 0.00317442
v 0.02395995 -0.14723656 0.06115742
v 0.02396205 -0.15159544 0.05358858
v 0.03926205 -0.05090544 -0.00439442
v -0.01983338 -0.27164736 -0.00458129
v 0.02501662 -0.14793736 0.05340171
v 0.02290538 -0.15089464 0.06134429
v -0.02194462 -0.27460464 0.00336129
v -0.01864900 -0.26950529 -0.00158194
v -0.01864900 -0.23944029 0.11041706
v -0.02312900 -0.24668171 0.11236094
v -0.02312900 -0.27674671 0.00036194
v 0.02395930 -0.14723334 0.06115557
v -0.02089070 -0.24087834 0.11517157
v -0.02088730 -0.24524366 0.10760643
v 0.02396270 -0.15159866 0.05359043
v 0.02279313 -0.10983502 0.10286110
v 0.02279313 -0.15239002 0.06035010
v 0.02512887 -0.14644198 0.05439590
v 0.02512887 -0.10388698 0.09690690
v -0.02194459 -0.16510513 0.19268829
v 0.02290541 -0.15359513 0.05667129
v 0.02501659 -0.14523687 0.05807471
v -0.01983341 -0.15674687 0.19409171
v -0.02312943 -0.16357452 0.19604285
v -0.02312943 -0.24570952 0.11404185
v -0.01864857 -0.24041248 0.10873615
v -0.01864857 -0.15827748 0.19073715
v -0.09429221 -0.32673797 0.15588141
v -0.02299221 -0.27639797 -0.00259559
v -0.01878579 -0.26985403 0.00137559
v -0.09008579 -0.32019403 0.15985259
v -0.09218875 -0.32565171 0.15408620
v -0.02088875 -0.24524671 0.10760820
v -0.02088925 -0.24087529 0.11516980
v -0.09218925 -0.32128029 0.16164780
v -0.08947141 -0.32016339 -0.15872421
v -0.08947141 -0.36266339 0.00027279
v -0.09490659 -0.36926861 -0.00149279
v -0.09490659 -0.32676861 -0.16048979
v -0.09218810 -0.36596669 -0.00497713
v -0.02088810 -0.27312669 -0.00497713
v -0.02088990 -0.27312531 0.00375713
v -0.09218990 -0.36596531 0.00375713
v -0.09490695 -0.32676761 0.15875242
v -0.09490695 -0.36926761 0.00027542
v -0.08947105 -0.36266439 -0.00149542
v -0.08947105 -0.32016439 0.15698158
v -0.18153334 -0.38266031 0.19386497
v -0.28963334 -0.26285531 0.37486497
v -0.29674466 -0.26783669 0.37391503
v -0.18864466 -0.38764169 0.19291503
v -0.18508615 -0.38296576 0.19717108
v -0.29318615 -0.42174076 0.21966208
v -0.29319185 -0.42611124 0.21209992
v -0.18509185 -0.38733624 0.18960892
v -0.29741538 -0.26612349 0.37516784
v -0.29741538 -0.42470349 0.21665884
v -0.28896262 -0.42314851 0.21510316
v -0.28896262 -0.26456851 0.37361216
v -0.18864456 -0.38598167 0.19578578
v -0.29674456 -0.48280167 0.00178578
v -0.28963344 -0.48114033 -0.00300578
v -0.18153344 -0.38432033 0.19099422
v -0.29741644 -0.42498432 0.21616475
v -0.29741644 -0.48302932 -0.00032625
v -0.28896156 -0.48091268 -0.00089375
v -0.28896156 -0.42286768 0.21559725
v -0.29704393 -0.42388248 0.21793270
v -0.41309393 -0.49719748 0.00144170
v -0.40538407 -0.49728452 -0.00266170
v -0.28933407 -0.42396952 0.21382930
v -0.29318917 -0.48196971 0.00375713
v -0.40923917 -0.49723971 0.00375713
v -0.40923883 -0.49724229 -0.00497713
v -0.29318883 -0.48197229 -0.00497713
v -0.40487187 -0.49724100 -0.00061000
v -0.40487187 -0.43715100 0.22338900
v -0.41360613 -0.43715100 0.22338900
v -0.41360613 -0.49724100 -0.00061000
v -0.29304741 -0.42277774 0.22009209
v -0.40909741 -0.43600274 0.22760009
v -0.40938059 -0.43829926 0.21917791
v -0.29333059 -0.42507426 0.21166991
v -0.28933419 -0.42216672 0.21693797
v -0.40538419 -0.27122172 0.38893497
v -0.41309381 -0.27474028 0.38682103
v -0.29704381 -0.42568528 0.21482403
v -0.29303601 -0.26224529 0.37746148
v -0.40908601 -0.26988029 0.39094948
v -0.40939199 -0.27608171 0.38480652
v -0.29334199 -0.26844671 0.37131852
v -0.40538407 -0.49719748 0.00144170
v -0.52143407 -0.42388248 0.21793270
v -0.52914393 -0.42396952 0.21382930
v -0.41309393 -0.49728452 -0.00266170
v -0.40938059 -0.43600274 0.22760009
v -0.52543059 -0.42277774 0.22009209
v -0.52514741 -0.42507426 0.21166991
v -0.40909741 -0.43829926 0.21917791
v -0.40923883 -0.49723971 0.00375713
v -0.52528883 -0.48196971 0.00375713
v -0.52528917 -0.48197229 -0.00497713
v -0.40923917 -0.49724229 -0.00497713
v -0.52951653 -0.42286801 0.21559733
v -0.52951653 -0.48091301 -0.00089367
v -0.52106147 -0.48302899 -0.00032633
v -0.52106147 -0.42498399 0.21616467
v -0.41309566 -0.49728222 0.00143848
v -0.52914566 -0.42396722 -0.21557252
v -0.52143234 -0.42388478 -0.21966948
v -0.40538234 -0.49719978 -0.00265848
v -0.52951655 -0.48091290 -0.00032699
v -0.52951655 -0.42286790 -0.21733799
v -0.52106145 -0.42498410 -0.21790401
v -0.52106145 -0.48302910 -0.00089301
v -0.52106253 -0.42470325 0.21665860
v -0.52106253 -0.26612325 0.37516760
v -0.52951547 -0.26456875 0.37361240
v -0.52951547 -0.42314875 0.21510340
v -0.40939199 -0.26988029 0.39094948
v -0.52544199 -0.26224529 0.37746148
v -0.52513601 -0.26844671 0.37131852
v -0.40908601 -0.27608171 0.38480652
v -0.41309381 -0.27122172 0.38893497
v -0.52914381 -0.42216672 0.21693797
v -0.52143419 -0.42568528 0.21482403
v -0.40538419 -0.27474028 0.38682103
v -0.52173354 -0.48280083 0.00178622
v -0.62988354 -0.38598083 0.19578622
v -0.63699446 -0.38432117 0.19099378
v -0.52884446 -0.48114117 -0.00300622
v -0.52529184 -0.42174076 0.21966208
v -0.63344184 -0.38296576 0.19717108
v -0.63343616 -0.38733624 0.18960892
v -0.52528616 -0.42611124 0.21209992
v -0.52884654 -0.26285885 0.37486942
v -0.63699654 -0.38266385 0.19386942
v -0.62988146 -0.38763815 0.19291058
v -0.52173146 -0.26783315 0.37391058
v -0.52884628 -0.48113800 0.00178242
v -0.63699628 -0.38431800 -0.19273658
v -0.62988172 -0.38598400 -0.19752142
v -0.52173172 -0.48280400 -0.00300242
v -0.52528601 -0.42611100 -0.21383979
v -0.63343601 -0.38733600 -0.19134779
v -0.63344199 -0.38296600 -0.19891021
v -0.52529199 -0.42174100 -0.22140221
v -0.52884316 -0.42440426 -0.21512881
v -0.63699316 -0.24343926 -0.33463581
v -0.62988484 -0.24248274 -0.33962019
v -0.52173484 -0.42344774 -0.22011319
v -0.63749307 -0.38400366 -0.19398012
v -0.63749307 -0.24181366 -0.33597912
v -0.62938493 -0.24410834 -0.33827688
v -0.62938493 -0.38629834 -0.19627788
v -0.62962537 -0.38720661 -0.19567899
v -0.62962537 -0.43925161 -0.00115999
v -0.63725263 -0.43514039 -0.00006001
v -0.63725263 -0.38309539 -0.19457901
v -0.52528848 -0.48196974 0.00375713
v -0.63343848 -0.43719474 0.00375713
v -0.63343952 -0.43719726 -0.00497713
v -0.52528952 -0.48197226 -0.00497713
v -0.63725260 -0.38309571 0.19283862
v -0.63725260 -0.43514071 -0.00116138
v -0.62962540 -0.43925129 -0.00005862
v -0.62962540 -0.38720629 0.19394138
v -0.63288840 -0.38665968 -0.19106790
v -0.72578840 -0.32494468 -0.15554590
v -0.72688960 -0.32192732 -0.16366810
v -0.63398960 -0.38364232 -0.19919010
v -0.63640561 -0.43567555 0.00221121
v -0.72930561 -0.32191555 -0.15678579
v -0.72337239 -0.32495645 -0.16242821
v -0.63047239 -0.43871645 -0.00343121
v -1.16260131 -0.09615556 -0.09081122
v -0.83995131 -0.21624556 -0.10231622
v -0.84182669 -0.22189644 -0.09592578
v -1.16447669 -0.10180644 -0.08442078
v -0.83669288 -0.14793166 -0.17196771
v -0.83669288 -0.21992666 -0.09997671
v -0.84508512 -0.21821534 -0.09826529
v -0.84508512 -0.14622034 -0.17025629
v -0.84057710 -0.15021917 -0.16809621
v -1.16322710 -0.10212417 -0.08460021
v -1.16385090 -0.09583783 -0.09063179
v -0.84120090 -0.14393283 -0.17412779
v -1.15924092 -0.09952578 -0.08816512
v -1.15924092 -0.13631578 -0.05166612
v -1.16783708 -0.13522622 -0.05056788
v -1.16783708 -0.09843622 -0.08706688
v -0.84089209 -0.22126050 -0.09534239
v -1.16354209 -0.13796050 -0.04733839
v -1.16353591 -0.13358150 -0.05489561
v -0.84088591 -0.21688150 -0.10289961
v -1.74814152 -0.07280500 -0.05068270
v -1.16324152 -0.13268500 -0.05419270
v -1.16383648 -0.13885700 -0.04804130
v -1.74873648 -0.07897700 -0.04453130
v -1.16345153 -0.10208534 -0.08454562
v -1.74835153 -0.07899534 -0.04453662
v -1.74852647 -0.07278666 -0.05067738
v -1.16362647 -0.09587666 -0.09068638
v -0.72283027 -0.32594793 -0.16027844
v -0.72283027 -0.36844793 -0.00128144
v -0.72984773 -0.36342407 0.00006144
v -0.72984773 -0.32092407 -0.15893556
v -0.63343812 -0.43719485 0.00375713
v -0.72633812 -0.36593485 0.00375713
v -0.72633988 -0.36593715 -0.00497713
v -0.63343988 -0.43719715 -0.00497713
v -1.16259994 -0.13493410 -0.05529905
v -0.83994994 -0.24458410 -0.00479205
v -0.84182806 -0.24625790 0.00357205
v -1.16447806 -0.13660790 -0.04693495
v -0.83669228 -0.22023800 -0.09943315
v -0.83669228 -0.24658800 -0.00092215
v -0.84508572 -0.24425400 -0.00029785
v -0.84508572 -0.21790400 -0.09880885
v -0.63047445 -0.43871177 0.00221590
v -0.72337445 -0.32495177 0.16069290
v -0.72930355 -0.32192023 0.15504110
v -0.63640355 -0.43568023 -0.00343590
v -0.72283000 -0.36844703 0.00006340
v -0.72283000 -0.32594703 0.15854040
v -0.72984800 -0.32092497 0.15719360
v -0.72984800 -0.36342497 -0.00128340
v -0.63398821 -0.38364046 0.19745060
v -0.72688821 -0.32192546 0.16192760
v -0.72578979 -0.32494654 0.15380640
v -0.63288979 -0.38666154 0.18932940
v -1.15924107 -0.13651922 -0.05131647
v -1.15924107 -0.14998422 -0.00080947
v -1.16783693 -0.14848778 -0.00041053
v -1.16783693 -0.13502278 -0.05091753
v -0.84088744 -0.24541578 0.00375713
v -1.16353744 -0.14923078 0.00375713
v -1.16354056 -0.14924122 -0.00497713
v -0.84089056 -0.24542622 -0.00497713
v -1.74407795 -0.07605229 -0.04777148
v -1.74407795 -0.09593729 -0.02827148
v -1.75280005 -0.09561471 -0.02794252
v -1.75280005 -0.07572971 -0.04744252
v -1.16354098 -0.13797052 -0.04734421
v -1.74844098 -0.09797552 -0.02433421
v -1.74843702 -0.09357648 -0.03187979
v -1.16353702 -0.13357148 -0.05488979
v -1.16383747 -0.15033271 0.00360663
v -1.74873747 -0.09687271 -0.02389037
v -1.74814053 -0.09467929 -0.03232363
v -1.16324053 -0.14813929 -0.00482663
v -1.74853784 -0.09889121 -0.02504799
v -2.67543784 -0.06459621 -0.02007299
v -2.67524016 -0.05836579 -0.02619101
v -1.74834016 -0.09266079 -0.03116601
v -1.74840677 -0.07900965 -0.04455007
v -2.67530677 -0.06459965 -0.02007507
v -2.67537123 -0.05836235 -0.02618893
v -1.74847123 -0.07277235 -0.05066393
v -0.84088912 -0.21689081 0.10116599
v -1.16353912 -0.13359081 0.05316099
v -1.16353888 -0.13795119 0.04559301
v -0.84088888 -0.22125119 0.09359801
v -0.83669239 -0.24658797 -0.00029620
v -0.83669239 -0.22023797 0.09769580
v -0.84508561 -0.21790403 0.09706820
v -0.84508561 -0.24425403 -0.00092380
v -0.83995363 -0.24457463 0.00357098
v -1.16260363 -0.13492463 0.05355798
v -1.16447437 -0.13661737 0.04519602
v -0.84182437 -0.24626737 -0.00479098
v -1.15924102 -0.14998343 -0.00040866
v -1.15924102 -0.13651843 0.04957834
v -1.16783698 -0.13502357 0.04917566
v -1.16783698 -0.14848857 -0.00081134
v -0.83995076 -0.21625621 0.10058645
v -1.16260076 -0.09616621 0.08956945
v -1.16447724 -0.10179579 0.08316055
v -0.84182724 -0.22188579 0.09417755
v -1.15924104 -0.13631989 0.04992295
v -1.15924104 -0.09952989 0.08691095
v -1.16783696 -0.09843211 0.08581905
v -1.16783696 -0.13522211 0.04883105
v -1.74407803 -0.09600007 -0.02816632
v -1.74407803 -0.10328007 -0.00066932
v -1.75279997 -0.10283193 -0.00055068
v -1.75279997 -0.09555193 -0.02804768
v -1.16353818 -0.14922566 0.00375712
v -1.74843818 -0.10304566 0.00375712
v -1.74843982 -0.10306634 -0.00497712
v -1.16353982 -0.14924634 -0.00497712
v -1.16353883 -0.13359134 0.05316130
v -1.74843883 -0.09359634 0.03015130
v -1.74843917 -0.09795566 0.02258270
v -1.16353917 -0.13795066 0.04559270
v -1.16324302 -0.14812357 0.00360268
v -1.74814302 -0.09466357 0.03057968
v -1.74873498 -0.09688843 0.02215432
v -1.16383498 -0.15034843 -0.00482268
v -1.74407802 -0.10327966 -0.00054964
v -1.74407802 -0.09599966 0.02642736
v -1.75279998 -0.09555234 0.02630664
v -1.75279998 -0.10283234 -0.00067036
v -1.16324207 -0.13271557 0.05248312
v -1.74814207 -0.07283557 0.04949312
v -1.74873593 -0.07894643 0.04328088
v -1.16383593 -0.13882643 0.04627088
v -1.74407803 -0.09594046 0.02653035
v -1.74407803 -0.07605546 0.04655035
v -1.75279997 -0.07572654 0.04622365
v -1.75279997 -0.09561154 0.02620365
v -1.16362852 -0.09589709 0.08945584
v -1.74852852 -0.07280709 0.04947784
v -1.74834948 -0.07897491 0.04329616
v -1.16344948 -0.10206491 0.08327416
v -1.74843946 -0.09359545 0.03015079
v -2.67533946 -0.06863545 0.01565479
v -2.67533854 -0.07299655 0.00808721
v -1.74843854 -0.09795655 0.02258321
v -1.74834253 -0.10191374 0.00360399
v -2.67524253 -0.06967374 0.01608499
v -2.67543547 -0.07195826 0.00765701
v -1.74853547 -0.10419826 -0.00482399
v -1.74853784 -0.07282225 0.04949261
v -2.67543784 -0.06774725 0.01497661
v -2.67524016 -0.07388475 0.00876539
v -1.74834016 -0.07895975 0.04328139
v -1.74853686 -0.10416663 0.00361241
v -2.67543686 -0.07192663 -0.00938859
v -2.67524114 -0.06970537 -0.01783341
v -1.74834114 -0.10194537 -0.00483241
v -1.74840311 -0.09689472 -0.02388574
v -2.67530311 -0.07193472 -0.00938974
v -2.67537489 -0.06969728 -0.01783226
v -1.74847489 -0.09465728 -0.03232826
v -2.67097254 -0.07088990 -0.01363042
v -2.67097254 -0.07430590 -0.00062942
v -2.67970546 -0.07415810 -0.00059058
v -2.67970546 -0.07074210 -0.01359158
v -1.74843831 -0.10303372 0.00375707
v -2.67533831 -0.07420972 0.00375707
v -2.67533969 -0.07425428 -0.00497707
v -1.74843969 -0.10307828 -0.00497707
v -2.67970546 -0.07074245 0.01185087
v -2.67970546 -0.07415845 -0.00063013
v -2.67097254 -0.07430555 -0.00058987
v -2.67097254 -0.07088955 0.01189113
v -2.67527336 -0.06453830 -0.02001424
v -3.48802336 -0.07025430 -0.00850924
v -3.48815464 -0.06413970 -0.01474476
v -2.67540464 -0.05842370 -0.02624976
v -2.67533933 -0.07297166 -0.00981298
v -3.48808933 -0.06935266 -0.00782898
v -3.48808867 -0.06504134 -0.01542502
v -2.67533867 -0.06866034 -0.01740902
v -2.67097192 -0.06149624 -0.02314695
v -2.67097192 -0.07083124 -0.01362595
v -2.67970608 -0.07080076 -0.01359605
v -2.67970608 -0.06146576 -0.02311705
v -2.67540581 -0.07533403 0.00361527
v -3.48815581 -0.06829903 -0.00740173
v -3.48802219 -0.06609497 -0.01585227
v -2.67527219 -0.07312997 -0.00483527
v -2.67534414 -0.06966311 0.01608320
v -3.48809414 -0.06604411 0.01410020
v -3.48808386 -0.06834989 0.00567580
v -2.67533386 -0.07196889 0.00765880
v -2.67527464 -0.07308316 0.00360282
v -3.48802464 -0.06604816 0.01410082
v -3.48815336 -0.06834584 0.00567518
v -2.67540336 -0.07538084 -0.00482282
v -3.48372203 -0.06723334 -0.01163641
v -3.48372203 -0.07008734 -0.00061941
v -3.49245597 -0.07001466 -0.00060059
v -3.49245597 -0.06716066 -0.01161759
v -2.67533887 -0.07420588 0.00375705
v -3.48808887 -0.07002488 0.00375705
v -3.48808913 -0.07007712 -0.00497705
v -2.67533913 -0.07425812 -0.00497705
v -3.49245597 -0.06716072 0.00987814
v -3.49245597 -0.07001472 -0.00061986
v -3.48372203 -0.07008728 -0.00060014
v -3.48372203 -0.06723328 0.00989786
v -3.48814379 -0.07113388 0.00362039
v -4.20114379 -0.06045388 -0.00287961
v -4.20103421 -0.05828812 -0.01134039
v -3.48803421 -0.06896812 -0.00484039
v -3.48807424 -0.06829234 -0.00739949
v -4.20107424 -0.06046634 -0.00288249
v -4.20110376 -0.05827566 -0.01133751
v -3.48810376 -0.06610166 -0.01585451
v -3.48807596 -0.06247295 -0.01603994
v -4.20107596 -0.05795395 -0.00853294
v -4.20110204 -0.05179005 -0.01472106
v -3.48810204 -0.05630905 -0.02222806
v -4.20545582 -0.05933412 -0.00707326
v -4.20545582 -0.05483512 -0.01159026
v -4.19672218 -0.05490888 -0.01166374
v -4.19672218 -0.05940788 -0.00714674
v -3.48803692 -0.06247308 -0.01604047
v -4.20103692 -0.06245308 -0.00401647
v -4.20114108 -0.05628892 -0.01020353
v -3.48814108 -0.05630892 -0.02222753
v -4.20041299 -0.06101904 -0.00312267
v -4.20631299 -0.05620504 -0.00013267
v -4.20766501 -0.05290896 -0.00810733
v -4.20176501 -0.05772296 -0.01109733
v -4.20528050 -0.05515595 -0.00809418
v -4.19938050 -0.06161595 -0.00458418
v -4.20279750 -0.06041805 0.00336418
v -4.20869750 -0.05395805 -0.00014582
v -4.19702818 -0.06092855 -0.00750442
v -4.19702818 -0.06257455 -0.00100442
v -4.20514982 -0.05945945 -0.00021558
v -4.20514982 -0.05781345 -0.00671558
v -4.20703557 -0.05550642 -0.00497660
v -4.20113557 -0.06106642 -0.00497660
v -4.20104243 -0.06096758 0.00375660
v -4.20694243 -0.05540758 0.00375660
v -4.20376362 -0.05740901 -0.00485128
v -4.20376362 -0.05830901 -0.00134128
v -4.21021438 -0.05260499 0.00012128
v -4.21021438 -0.05170499 -0.00338872
v -3.48808843 -0.07000616 0.00375690
v -4.20108843 -0.06097216 0.00375690
v -4.20108957 -0.06106184 -0.00497690
v -3.48808957 -0.07009584 -0.00497690
v -3.48803642 -0.06889948 0.00360225
v -4.20103642 -0.05821948 0.00958325
v -4.20114158 -0.06052252 0.00115875
v -3.48814158 -0.07120252 -0.00482225
v -4.19703065 -0.06257214 -0.00018202
v -4.19703065 -0.06092614 0.00579898
v -4.20514735 -0.05781586 0.00494302
v -4.20514735 -0.05946186 -0.00103798
v -3.48808895 -0.06501032 0.01366824
v -4.20108895 -0.05718432 0.00915124
v -4.20108905 -0.06155768 0.00159076
v -3.48808905 -0.06938368 0.00610776
v -4.19946173 -0.06139883 0.00342460
v -4.20536173 -0.05493883 0.00641560
v -4.20861627 -0.05417517 -0.00165360
v -4.20271627 -0.06063517 -0.00464460
v -4.20374682 -0.05825867 0.00023303
v -4.20374682 -0.05735867 0.00322403
v -4.21023118 -0.05175533 0.00153797
v -4.21023118 -0.05265533 -0.00145303
v -4.20171937 -0.05767491 0.00934564
v -4.20761937 -0.05286091 0.00635564
v -4.20635863 -0.05625309 -0.00159364
v -4.20045863 -0.06106709 0.00139636
v -3.48803574 -0.06411584 0.01298242
v -4.20103574 -0.05179084 0.01298242
v -4.20114226 -0.05795316 0.00679358
v -3.48814226 -0.07027816 0.00679358
v -4.19672220 -0.05940889 0.00540874
v -4.19672220 -0.05490989 0.00992574
v -4.20545580 -0.05483411 0.00985026
v -4.20545580 -0.05933311 0.00533326
v -3.48808339 -0.06244827 0.01476453
v -2.67533339 -0.06453827 0.01827453
v -2.67534461 -0.05842373 0.02451147
v -3.48809461 -0.05633373 0.02100147
v -2.67097253 -0.07087030 0.01192424
v -2.67097253 -0.06153530 0.02144624
v -2.67970547 -0.06142670 0.02133976
v -2.67970547 -0.07076170 0.01181776
v -2.67527296 -0.06775933 0.01498936
v -3.48802296 -0.05633433 0.02100136
v -3.48815504 -0.06244767 0.01476464
v -2.67540504 -0.07387267 0.00875264
v -1.74847553 -0.07283307 0.04950462
v -2.67537553 -0.05842307 0.02451062
v -2.67530247 -0.06453893 0.01827538
v -1.74840247 -0.07894893 0.04326938
v -1.16323120 -0.10212333 0.08334791
v -0.84058120 -0.15021833 0.16635591
v -0.84119680 -0.14393367 0.17239009
v -1.16384680 -0.09583867 0.08938209
v -0.83669169 -0.21992373 0.09823478
v -0.83669169 -0.14792873 0.17022578
v -0.84508631 -0.14622327 0.16852022
v -0.84508631 -0.21821827 0.09652922
v -0.62938151 -0.38629425 0.19453088
v -0.62938151 -0.24410425 0.33701688
v -0.63749649 -0.24181775 0.33473512
v -0.63749649 -0.38400775 0.19224912
v -0.52568619 -0.26216409 0.37735471
v -0.63383619 -0.23977909 0.33884071
v -0.63304181 -0.24614291 0.33291129
v -0.52489181 -0.26852791 0.37142529
v -0.08922185 -0.32194602 -0.15678609
v -0.18212185 -0.43567602 0.00221091
v -0.18805615 -0.43871598 -0.00343091
v -0.09515615 -0.32498598 -0.16242791
v -0.18508812 -0.43719715 -0.00497713
v -0.09218812 -0.36596715 -0.00497713
v -0.09218988 -0.36596485 0.00375713
v -0.18508988 -0.43719485 0.00375713
v -0.08867975 -0.32095475 -0.15893574
v -0.08867975 -0.36345475 0.00006126
v -0.09569825 -0.36847725 -0.00128126
v -0.09569825 -0.32597725 -0.16027826
v -0.09515408 -0.32498130 0.16069259
v -0.18805408 -0.43871130 0.00221559
v -0.18212392 -0.43568070 -0.00343559
v -0.08922392 -0.32195070 0.15504141
v -0.09569852 -0.32597634 0.15854022
v -0.09569852 -0.36847634 0.00006322
v -0.08867948 -0.36345566 -0.00128322
v -0.08867948 -0.32095566 0.15719378
v -0.09273999 -0.32497477 -0.15554599
v -0.18563999 -0.38665977 -0.19106799
v -0.18453801 -0.38364223 -0.19919001
v -0.09163801 -0.32195723 -0.16366801
v -0.18890267 -0.43925154 -0.00115997
v -0.18890267 -0.38720654 -0.19567897
v -0.18127533 -0.38309546 -0.19457903
v -0.18127533 -0.43514046 -0.00006003
v -0.18890265 -0.38720622 0.19394136
v -0.18890265 -0.43925122 -0.00005864
v -0.18127535 -0.43514078 -0.00116136
v -0.18127535 -0.38309578 0.19283864
v -0.09163940 -0.32195536 0.16192751
v -0.18453940 -0.38364036 0.19745051
v -0.18563860 -0.38666164 0.18932949
v -0.09273860 -0.32497664 0.15380649
v -0.29674638 -0.48280484 -0.00300198
v -0.18864638 -0.38598484 -0.19752098
v -0.18153162 -0.38431716 -0.19273702
v -0.28963162 -0.48113716 0.00178198
v -0.29318848 -0.48197226 -0.00497713
v -0.18508848 -0.43719726 -0.00497713
v -0.18508952 -0.43719474 0.00375713
v -0.29318952 -0.48196974 0.00375713
v -0.18509234 -0.38733528 -0.19134737
v -0.29319234 -0.42611028 -0.21383937
v -0.29318566 -0.42174172 -0.22140263
v -0.18508566 -0.38296672 -0.19891063
v -0.29741646 -0.48302942 -0.00089310
v -0.29741646 -0.42498442 -0.21790410
v -0.28896154 -0.42286758 -0.21733790
v -0.28896154 -0.48091258 -0.00032690
v -0.28896133 -0.26457203 -0.37535468
v -0.28896133 -0.42315203 -0.21684668
v -0.29741667 -0.42469997 -0.21839532
v -0.29741667 -0.26611997 -0.37690332
v -0.18864465 -0.38764171 -0.19465405
v -0.29674465 -0.26783671 -0.37565405
v -0.28963335 -0.26285529 -0.37660395
v -0.18153335 -0.38266029 -0.19560395
v -0.41309566 -0.49719978 -0.00265848
v -0.29704566 -0.42388478 -0.21966948
v -0.28933234 -0.42396722 -0.21557252
v -0.40538234 -0.49728222 0.00143848
v -0.28933310 -0.26641030 -0.37437653
v -0.40538310 -0.43821530 -0.22337553
v -0.41309490 -0.43608670 -0.22688047
v -0.29704490 -0.26428170 -0.37788147
v -0.29318490 -0.42610901 -0.21383864
v -0.40923490 -0.43933401 -0.22134564
v -0.40924310 -0.43496799 -0.22891036
v -0.29319310 -0.42174299 -0.22140336
v -0.41360613 -0.49724100 -0.00061000
v -0.41360613 -0.43715100 -0.22512800
v -0.40487187 -0.43715100 -0.22512800
v -0.40487187 -0.49724100 -0.00061000
v -0.41309490 -0.43821530 -0.22337553
v -0.52914490 -0.26641030 -0.37437653
v -0.52143310 -0.26428170 -0.37788147
v -0.40538310 -0.43608670 -0.22688047
v -0.52951637 -0.42315120 -0.21684585
v -0.52951637 -0.26457120 -0.37535385
v -0.52106163 -0.26612080 -0.37690415
v -0.52106163 -0.42470080 -0.21839615
v -0.52528490 -0.42174299 -0.22140336
v -0.40923490 -0.43496799 -0.22891036
v -0.40924310 -0.43933401 -0.22134564
v -0.52529310 -0.42610901 -0.21383864
v -0.63384521 -0.23977256 -0.34008446
v -0.52569521 -0.26215756 -0.37908546
v -0.52488279 -0.26853444 -0.37317254
v -0.63303279 -0.24614944 -0.33417154
v -0.08922889 -0.20451861 0.27234336
v -0.18212889 -0.04589861 0.38635636
v -0.18804911 -0.05155339 0.38939964
v -0.09514911 -0.21017339 0.27538664
v -0.09218899 -0.04435887 0.31637601
v -0.18508899 -0.04435887 0.38787801
v -0.18508901 -0.05309313 0.38787799
v -0.09218901 -0.05309313 0.31637599
v -0.08868428 -0.20667151 0.27134830
v -0.08868428 -0.04805151 0.31385930
v -0.09569372 -0.04940049 0.31889270
v -0.09569372 -0.20802049 0.27638170
v -0.09514913 0.11272635 0.27538668
v -0.18804913 -0.04589865 0.38939968
v -0.18212887 -0.05155335 0.38635632
v -0.08922887 0.10707165 0.27234332
v -0.08868428 -0.04940047 0.31385929
v -0.08868428 0.10922453 0.27134829
v -0.09569372 0.11057347 0.27638171
v -0.09569372 -0.04805153 0.31889271
v -0.09273792 -0.20328514 0.27537495
v -0.18563792 -0.23890014 0.33738595
v -0.18454008 -0.24702186 0.33436605
v -0.09164008 -0.21140686 0.27235505
v -0.18127554 -0.24241060 0.33382018
v -0.18127554 -0.04817560 0.38582218
v -0.18890246 -0.04927640 0.38993382
v -0.18890246 -0.24351140 0.33793182
v -0.18127554 -0.04927639 0.38582218
v -0.18127554 0.14496361 0.33382018
v -0.18890246 0.14606439 0.33793182
v -0.18890246 -0.04817561 0.38993382
v -0.09164007 0.11395986 0.27235507
v -0.18454007 0.14957486 0.33436607
v -0.18563793 0.14145314 0.33738593
v -0.09273793 0.10583814 0.27537493
v -0.18152913 -0.24056976 0.33505068
v -0.28962913 -0.04633476 0.43154768
v -0.29674887 -0.05111724 0.43319832
v -0.18864887 -0.24535224 0.33670132
v -0.18508900 -0.04435887 0.38787801
v -0.29318900 -0.04435887 0.43237301
v -0.29318900 -0.05309313 0.43237299
v -0.18508900 -0.05309313 0.38787799
v -0.18864888 0.14790520 0.33670135
v -0.29674888 -0.04633480 0.43319835
v -0.28962912 -0.05111720 0.43154765
v -0.18152912 0.14312280 0.33505065
v -0.18152938 -0.38266732 0.19387198
v -0.28962938 -0.26286232 0.37487198
v -0.29674862 -0.26782968 0.37390802
v -0.18864862 -0.38763468 0.19290802
v -0.18509289 -0.23918056 0.33806233
v -0.29319289 -0.26156556 0.37657633
v -0.29318511 -0.26912644 0.37220367
v -0.18508511 -0.24674144 0.33368967
v -0.18914623 -0.24410471 0.33701733
v -0.18914623 -0.38629471 0.19453133
v -0.18103177 -0.38400729 0.19224867
v -0.18103177 -0.24181729 0.33473467
v -0.29741663 -0.04900912 0.43343073
v -0.29741663 -0.26562912 0.37544773
v -0.28896137 -0.26506288 0.37333227
v -0.28896137 -0.04844288 0.43131527
v -0.28896137 -0.04900912 0.43131527
v -0.28896137 0.16761588 0.37333227
v -0.29741663 0.16818212 0.37544773
v -0.29741663 -0.04844288 0.43343073
v -0.18468412 0.14966994 0.33459691
v -0.29278412 0.17205494 0.37311091
v -0.29359388 0.16374306 0.37566909
v -0.18549388 0.14135806 0.33715509
v -0.28933480 -0.26329276 0.37442412
v -0.40538480 -0.04667276 0.44791012
v -0.41309320 -0.05077924 0.44784188
v -0.29704320 -0.26739924 0.37435588
v -0.29318900 -0.04435887 0.43237301
v -0.40923900 -0.04435887 0.44787601
v -0.40923900 -0.05309313 0.44787599
v -0.29318900 -0.05309313 0.43237299
v -0.29704322 0.16995221 0.37435590
v -0.41309322 -0.04667279 0.44784190
v -0.40538478 -0.05077921 0.44791010
v -0.28933478 0.16584579 0.37442410
v -0.28933275 -0.42217468 0.21694593
v -0.40538275 -0.27122968 0.38894293
v -0.41309525 -0.27473232 0.38681307
v -0.29704525 -0.42567732 0.21481607
v -0.29333812 -0.42085614 0.21898350
v -0.40938812 -0.43408114 0.22649150
v -0.40908988 -0.44022086 0.22028650
v -0.29303988 -0.42699586 0.21277850
v -0.40487187 -0.43715100 0.22338900
v -0.40487187 -0.27298100 0.38787800
v -0.41360613 -0.27298100 0.38787800
v -0.41360613 -0.43715100 0.22338900
v -0.29333288 -0.26113439 0.37553605
v -0.40938288 -0.26876939 0.38902405
v -0.40909512 -0.27719261 0.38673195
v -0.29304512 -0.26955761 0.37324395
v -0.41360613 -0.04872600 0.44787600
v -0.41360613 -0.27298100 0.38787800
v -0.40487187 -0.27298100 0.38787800
v -0.40487187 -0.04872600 0.44787600
v -0.40908988 -0.43408114 0.22649150
v -0.52513988 -0.42085614 0.21898350
v -0.52543812 -0.42699586 0.21277850
v -0.40938812 -0.44022086 0.22028650
v -0.41309525 -0.27122968 0.38894293
v -0.52914525 -0.42217468 0.21694593
v -0.52143275 -0.42567732 0.21481607
v -0.40538275 -0.27473232 0.38681307
v -0.40909512 -0.26876939 0.38902405
v -0.52514512 -0.26113439 0.37553605
v -0.52543288 -0.26955761 0.37324395
v -0.40938288 -0.27719261 0.38673195
v -0.41309320 -0.04667276 0.44791012
v -0.52914320 -0.26329276 0.37442412
v -0.52143480 -0.26739924 0.37435588
v -0.40538480 -0.05077924 0.44784188
v -4.20529164 -0.05608143 0.00540761
v -4.19939164 -0.05271643 0.01190761
v -4.20278636 -0.04473757 0.01085839
v -4.20868636 -0.04810257 0.00435839
v -4.19703700 -0.05525705 0.01147068
v -4.19703700 -0.04911205 0.01296568
v -4.20514100 -0.04834195 0.00980032
v -4.20514100 -0.05448695 0.00830532
v -4.20050016 -0.05083185 0.01143794
v -4.20640016 -0.04805185 0.00643294
v -4.20757784 -0.05613215 0.00333306
v -4.20167784 -0.05891215 0.00833806
v -4.20372990 -0.05292539 0.00766788
v -4.20372990 -0.04956039 0.00867488
v -4.21024810 -0.04789361 0.00310512
v -4.21024810 -0.05125861 0.00209812
v -4.20698900 -0.05309413 0.00589000
v -4.20108900 -0.05309413 0.01138300
v -4.20108900 -0.04435987 0.01138300
v -4.20698900 -0.04435987 0.00589000
v -4.20108903 -0.05867494 0.00774103
v -3.48808903 -0.06319394 0.01573603
v -3.48808897 -0.05558806 0.02002997
v -4.20108897 -0.05106906 0.01203497
v -3.48372203 -0.06722396 0.00991433
v -3.48372203 -0.05941796 0.01790933
v -3.49245597 -0.05936404 0.01785667
v -3.49245597 -0.06717004 0.00986167
v -3.48803627 -0.06414682 0.01301297
v -4.20103627 -0.05182182 0.01301297
v -4.20114173 -0.05792218 0.00676303
v -3.48814173 -0.07024718 0.00676303
v -2.67527301 -0.06776571 0.01499561
v -3.48802301 -0.05634071 0.02100761
v -3.48815499 -0.06244129 0.01475839
v -2.67540499 -0.07386629 0.00874639
v -2.67533304 -0.06776515 0.01499576
v -3.48808304 -0.06414615 0.01301276
v -3.48809496 -0.07024785 0.00676324
v -2.67534496 -0.07386685 0.00874624
v -4.20103746 -0.05911936 0.00887355
v -3.48803746 -0.05297436 0.01937155
v -3.48814054 -0.04447964 0.02140045
v -4.20114054 -0.05062464 0.01090245
v -4.20108900 -0.05309413 0.01138300
v -3.48808900 -0.05309413 0.02038600
v -3.48808900 -0.04435987 0.02038600
v -4.20108900 -0.04435987 0.01138300
v -3.48372204 -0.05939985 0.01792071
v -3.48372204 -0.04873585 0.02042371
v -3.49245596 -0.04871815 0.02034829
v -3.49245596 -0.05938215 0.01784529
v -4.19939164 -0.04473757 0.01190761
v -4.20529164 -0.04137257 0.00540761
v -4.20868636 -0.04935143 0.00435839
v -4.20278636 -0.05271643 0.01085839
v -4.20372990 -0.04789361 0.00867488
v -4.20372990 -0.04452861 0.00766788
v -4.21024810 -0.04619539 0.00209812
v -4.21024810 -0.04956039 0.00310512
v -4.19703700 -0.04834195 0.01296568
v -4.19703700 -0.04219695 0.01147068
v -4.20514100 -0.04296705 0.00830532
v -4.20514100 -0.04911205 0.00980032
v -3.48803746 -0.04447963 0.01937159
v -4.20103746 -0.03833463 0.00887359
v -4.20114054 -0.04682937 0.01090241
v -3.48814054 -0.05297437 0.02140041
v -4.20640016 -0.04940215 0.00643294
v -4.20050016 -0.04662215 0.01143794
v -4.20167784 -0.03854185 0.00833806
v -4.20757784 -0.04132185 0.00333306
v -3.48802423 -0.06362369 0.01680972
v -2.67527423 -0.05295869 0.02379872
v -2.67540377 -0.04449331 0.02594528
v -3.48815377 -0.05515831 0.01895628
v -3.48808899 -0.05309413 0.02038595
v -2.67533899 -0.05309313 0.02487195
v -2.67533901 -0.04435887 0.02487205
v -3.48808901 -0.04435987 0.02038605
v -2.67097252 -0.06150082 0.02146568
v -2.67097252 -0.04874582 0.02494468
v -2.67970548 -0.04870618 0.02479932
v -2.67970548 -0.06146118 0.02132032
v -3.48809487 -0.06360421 0.01673379
v -2.67534487 -0.06569421 0.02024379
v -2.67533313 -0.05726779 0.02254221
v -3.48808313 -0.05517779 0.01903221
v -4.20108868 -0.04639572 0.01201575
v -3.48808868 -0.04187572 0.02001075
v -3.48808932 -0.03424828 0.01575525
v -4.20108932 -0.03876828 0.00776025
v -3.48372204 -0.04871815 0.02042371
v -3.48372204 -0.03805315 0.01792071
v -3.49245596 -0.03807085 0.01784529
v -3.49245596 -0.04873585 0.02034829
v -2.67527423 -0.04449331 0.02379872
v -3.48802423 -0.03382931 0.01680972
v -3.48815377 -0.04229469 0.01895628
v -2.67540377 -0.05295869 0.02594528
v -4.19672221 -0.04254362 0.00992623
v -4.19672221 -0.03804362 0.00540923
v -4.20545579 -0.03812038 0.00533277
v -4.20545579 -0.04262038 0.00984977
v -3.48803453 -0.03499519 0.01477438
v -4.20103453 -0.03501519 0.00226238
v -4.20114347 -0.04114881 0.00847962
v -3.48814347 -0.04112881 0.02099162
v -4.20107531 -0.04113274 0.00849584
v -3.48807531 -0.03330674 0.01301284
v -3.48810269 -0.02720526 0.00676316
v -4.20110269 -0.03503126 0.00224616
v -3.48372203 -0.03803523 0.01790914
v -3.48372203 -0.03022923 0.00991414
v -3.49245597 -0.03028277 0.00986186
v -3.49245597 -0.03808877 0.01785686
v -3.48808889 -0.04182595 0.02009762
v -2.67533889 -0.03973595 0.02360762
v -2.67533911 -0.03220805 0.01917838
v -3.48808911 -0.03429805 0.01566838
v -3.48815466 -0.03330995 0.01300904
v -2.67540466 -0.03902595 0.02451404
v -2.67527334 -0.03291805 0.01827196
v -3.48802334 -0.02720205 0.00676696
v -2.67097252 -0.04870618 0.02494468
v -2.67097252 -0.03595218 0.02146568
v -2.67970548 -0.03599182 0.02132032
v -2.67970548 -0.04874582 0.02479932
v -3.48808300 -0.03331323 0.01300651
v -2.67533300 -0.02969423 0.01498951
v -2.67534500 -0.02357977 0.00875249
v -3.48809500 -0.02719877 0.00676949
v -2.67097254 -0.03591734 0.02144659
v -2.67097254 -0.02658234 0.01192459
v -2.67970546 -0.02669166 0.01181741
v -2.67970546 -0.03602666 0.02133941
v -2.67524273 -0.03902643 0.02451277
v -1.74834273 -0.00473043 0.02948677
v -1.74853527 0.00137843 0.02324723
v -2.67543527 -0.03291757 0.01827323
v -2.67530547 -0.02969344 0.01499011
v -1.74840547 -0.00473244 0.02948611
v -1.74847253 0.00138044 0.02324789
v -2.67537253 -0.02358056 0.00875189
v -2.67543557 -0.04019313 0.02250860
v -1.74853557 -0.05294713 0.05449060
v -1.74834243 -0.04450487 0.05225940
v -2.67524243 -0.03175087 0.02027740
v -2.67530261 -0.04020101 0.02248201
v -1.74840261 -0.02579001 0.04747601
v -1.74847539 -0.01733199 0.04529799
v -2.67537539 -0.03174299 0.02030399
v -1.75279990 -0.02161909 0.04616118
v -1.75279990 -0.04878409 0.05314918
v -1.74407810 -0.04866791 0.05360082
v -1.74407810 -0.02150291 0.04661282
v -2.67533900 -0.05309313 0.02487204
v -1.74843900 -0.05309313 0.05337504
v -1.74843900 -0.04435887 0.05337496
v -2.67533900 -0.04435887 0.02487196
v -2.67524242 -0.06570214 0.02027744
v -1.74834242 -0.05294714 0.05225944
v -1.74853558 -0.04450486 0.05449056
v -2.67543558 -0.05725986 0.02250856
v -1.74407810 -0.07594909 0.04661282
v -1.74407810 -0.04878409 0.05360082
v -1.75279990 -0.04866791 0.05314918
v -1.75279990 -0.07583291 0.04616118
v -1.74840262 -0.07166199 0.04747601
v -2.67530262 -0.05725199 0.02248201
v -2.67537538 -0.06571001 0.02030399
v -1.74847538 -0.08012001 0.04529799
v -1.74843900 -0.05309313 0.05337500
v -1.16353900 -0.05309313 0.09988400
v -1.16353900 -0.04435887 0.09988400
v -1.74843900 -0.04435887 0.05337500
v -1.74873437 -0.02578041 0.04747379
v -1.16383437 -0.05294541 0.10097079
v -1.16324363 -0.04450659 0.09879721
v -1.74814363 -0.01734159 0.04530021
v -1.74814363 -0.08011041 0.04530021
v -1.16324363 -0.05294541 0.09879721
v -1.16383437 -0.04450659 0.10097079
v -1.74873437 -0.07167159 0.04747379
v -1.74835059 -0.02577558 0.04752774
v -1.16345059 -0.00268558 0.08750574
v -1.16362741 0.00574358 0.08522426
v -1.74852741 -0.01734642 0.04524626
v -1.16783716 0.00132818 0.08561846
v -1.16783716 -0.04892682 0.09913746
v -1.15924084 -0.04852518 0.10063054
v -1.15924084 0.00172982 0.08711154
v -1.15924084 -0.09918182 0.08711154
v -1.15924084 -0.04892682 0.10063054
v -1.16783716 -0.04852518 0.09913746
v -1.16783716 -0.09878018 0.08561846
v -1.16345059 -0.09476642 0.08750574
v -1.74835059 -0.07167642 0.04752774
v -1.74852741 -0.08010558 0.04524626
v -1.16362741 -0.10319558 0.08522426
v -1.16447749 -0.00265122 0.08721162
v -0.84182749 -0.05290622 0.19673862
v -0.83995051 -0.04454578 0.19504538
v -1.16260051 0.00570922 0.08551838
v -1.16353900 -0.05309313 0.09988400
v -0.84088900 -0.05309313 0.19589200
v -0.84088900 -0.04435887 0.19589200
v -1.16353900 -0.04435887 0.09988400
v -1.16260051 -0.10316122 0.08551838
v -0.83995051 -0.05290622 0.19504538
v -0.84182749 -0.04454578 0.19673862
v -1.16447749 -0.09480078 0.08721162
v -1.16322942 -0.00265291 0.08758469
v -0.84057942 0.04544209 0.17059269
v -0.84119858 0.05380591 0.16815331
v -1.16384858 0.00571091 0.08514531
v -0.84508644 0.04931015 0.16820904
v -0.84508644 -0.04903985 0.19472804
v -0.83669156 -0.04841215 0.19705596
v -0.83669156 0.04993785 0.17053696
v -0.84508644 -0.04841215 0.19472804
v -0.84508644 -0.14676215 0.16820904
v -0.83669156 -0.14738985 0.17053696
v -0.83669156 -0.04903985 0.19705596
v -1.16384858 -0.10316291 0.08514531
v -0.84119858 -0.15125791 0.16815331
v -0.84057942 -0.14289409 0.17059269
v -1.16322942 -0.09479909 0.08758469
v -0.72929902 0.10705146 0.27234345
v -0.63639902 -0.05155354 0.38635645
v -0.63047898 -0.04589846 0.38939955
v -0.72337898 0.11270654 0.27538655
v -0.72633900 -0.05309313 0.31637600
v -0.63343900 -0.05309313 0.38787800
v -0.63343900 -0.04435887 0.38787800
v -0.72633900 -0.04435887 0.31637600
v -0.72984373 0.10920445 0.27134832
v -0.72984373 -0.04940055 0.31385932
v -0.72283427 -0.04805145 0.31889268
v -0.72283427 0.11055355 0.27638168
v -0.72984373 -0.04805145 0.31385932
v -0.72984373 -0.20665645 0.27134832
v -0.72283427 -0.20800555 0.27638168
v -0.72283427 -0.04940055 0.31889268
v -0.72337898 -0.21015854 0.27538655
v -0.63047898 -0.05155354 0.38939955
v -0.63639902 -0.04589846 0.38635645
v -0.72929902 -0.20450346 0.27234345
v -0.63725260 -0.04817567 0.38582242
v -0.63725260 -0.24241067 0.33382042
v -0.62962540 -0.24351133 0.33793158
v -0.62962540 -0.04927633 0.38993358
v -0.72688832 -0.21139170 0.27235477
v -0.63398832 -0.24702170 0.33436577
v -0.63288968 -0.23890030 0.33738623
v -0.72578968 -0.20327030 0.27537523
v -0.52106128 -0.26562904 0.37544740
v -0.52106128 -0.04900904 0.43343040
v -0.52951672 -0.04844296 0.43131560
v -0.52951672 -0.26506296 0.37333260
v -0.52488426 -0.26119002 0.37566900
v -0.63303426 -0.23880502 0.33715500
v -0.63384374 -0.24711698 0.33459700
v -0.52569374 -0.26950198 0.37311100
v -0.62987924 -0.24535268 0.33670048
v -0.52172924 -0.05111768 0.43319748
v -0.52884876 -0.04633432 0.43154852
v -0.63699876 -0.24056932 0.33505152
v -0.63343900 -0.05309313 0.38787800
v -0.52528900 -0.05309313 0.43237300
v -0.52528900 -0.04435887 0.43237300
v -0.63343900 -0.04435887 0.38787800
v -0.40923900 -0.04435887 0.44787601
v -0.52528900 -0.04435887 0.43237301
v -0.52528900 -0.05309313 0.43237299
v -0.40923900 -0.05309313 0.44787599
v -0.72578968 0.10581830 0.27537523
v -0.63288968 0.14144830 0.33738623
v -0.63398832 0.14956970 0.33436577
v -0.72688832 0.11393970 0.27235477
v -0.62962540 -0.04817567 0.38993358
v -0.62962540 0.14605933 0.33793158
v -0.63725260 0.14495867 0.33382042
v -0.63725260 -0.04927633 0.38582242
v -0.52172925 -0.04633431 0.43319750
v -0.62987925 0.14790069 0.33670050
v -0.63699875 0.14311731 0.33505150
v -0.52884875 -0.05111769 0.43154850
v -0.63303409 0.14135305 0.33715504
v -0.52488409 0.16374305 0.37566904
v -0.52569391 0.17205495 0.37311096
v -0.63384391 0.14966495 0.33459696
v -0.52106129 -0.04844296 0.43343043
v -0.52106129 0.16818204 0.37544743
v -0.52951671 0.16761596 0.37333257
v -0.52951671 -0.04900904 0.43131557
v -0.40538478 -0.04667279 0.44784190
v -0.52143478 0.16995221 0.37435590
v -0.52914322 0.16584579 0.37442410
v -0.41309322 -0.05077921 0.44791010
v -0.52514511 0.16368738 0.37553602
v -0.40909511 0.17132238 0.38902402
v -0.40938289 0.17974562 0.38673198
v -0.52543289 0.17211062 0.37324398
v -0.40487187 -0.04872600 0.44787600
v -0.40487187 0.17553400 0.38787800
v -0.41360613 0.17553400 0.38787800
v -0.41360613 -0.04872600 0.44787600
v -0.29304511 0.17211062 0.37324398
v -0.40909511 0.17974562 0.38673198
v -0.40938289 0.17132238 0.38902402
v -0.29333289 0.16368738 0.37553602
v -0.52914525 0.32472768 0.21694593
v -0.41309525 0.17378268 0.38894293
v -0.40538275 0.17728532 0.38681307
v -0.52143275 0.32823032 0.21481607
v -0.52513988 0.32340914 0.21898350
v -0.40908988 0.33663414 0.22649150
v -0.40938812 0.34277386 0.22028650
v -0.52543812 0.32954886 0.21277850
v -0.40487187 0.17553400 0.38787800
v -0.40487187 0.33970400 0.22338900
v -0.41360613 0.33970400 0.22338900
v -0.41360613 0.17553400 0.38787800
v -0.40938812 0.33663414 0.22649150
v -0.29333812 0.32340914 0.21898350
v -0.29303988 0.32954886 0.21277850
v -0.40908988 0.34277386 0.22028650
v -0.40538275 0.17378268 0.38894293
v -0.28933275 0.32472768 0.21694593
v -0.29704525 0.32823032 0.21481607
v -0.41309525 0.17728532 0.38681307
v -0.63695052 -0.38331633 -0.19329187
v -0.63695052 -0.24112633 -0.33529087
v -0.62992748 -0.24479567 -0.33896513
v -0.62992748 -0.38698567 -0.19696613
v -0.63289136 -0.24629942 -0.33436632
v -0.72579136 -0.21066942 -0.27287332
v -0.72688664 -0.20399258 -0.27839668
v -0.63398664 -0.23962258 -0.33988968
v -0.63640626 -0.38525123 -0.19192632
v -0.72930626 -0.20743123 -0.27243232
v -0.72337174 -0.20723077 -0.27883768
v -0.63047174 -0.38505077 -0.19833168
v -0.72304292 -0.20935612 -0.27766146
v -0.72304292 -0.32546112 -0.16163346
v -0.72963508 -0.32141088 -0.15758054
v -0.72963508 -0.20530588 -0.27360854
v -0.63399514 -0.38791011 -0.19178986
v -0.72689514 -0.32619511 -0.15626786
v -0.72578286 -0.32067689 -0.16294614
v -0.63288286 -0.38239189 -0.19846814
v -0.72827143 -0.21009244 -0.27285795
v -0.84282143 -0.05148744 -0.19485495
v -0.83895657 -0.04596456 -0.20040905
v -0.72440657 -0.20456956 -0.27841205
v -0.72940245 -0.20652577 -0.27262855
v -0.72940245 -0.04792077 -0.31510855
v -0.72327555 -0.04953123 -0.32112145
v -0.72327555 -0.20813623 -0.27864145
v -0.72633900 -0.05309313 -0.31811500
v -0.84088900 -0.05309313 -0.19763200
v -0.84088900 -0.04435887 -0.19763200
v -0.72633900 -0.04435887 -0.31811500
v -0.72440657 0.10711756 -0.27841205
v -0.83895657 -0.05148744 -0.20040905
v -0.84282143 -0.04596456 -0.19485495
v -0.72827143 0.11264044 -0.27285795
v -0.72940245 -0.04953123 -0.31510855
v -0.72940245 0.10907377 -0.27262855
v -0.72327555 0.11068423 -0.27864145
v -0.72327555 -0.04792077 -0.32112145
v -0.72827015 -0.32444340 -0.15582181
v -0.84282015 -0.14808340 -0.16732681
v -0.83895785 -0.14606860 -0.17489719
v -0.72440785 -0.32242860 -0.16339219
v -0.72633610 -0.21111310 -0.27345153
v -0.84088610 -0.15085810 -0.16892853
v -0.84089190 -0.14329390 -0.17329547
v -0.72634190 -0.20354890 -0.27781847
v -0.83782856 -0.04953709 -0.20063993
v -0.83782856 -0.14788709 -0.17411993
v -0.84394944 -0.14626491 -0.16810407
v -0.84394944 -0.04791491 -0.19462407
v -0.72930626 0.10997923 -0.27243232
v -0.63640626 0.28779923 -0.19192632
v -0.63047174 0.28759877 -0.19833168
v -0.72337174 0.10977877 -0.27883768
v -0.72579136 0.11321742 -0.27287332
v -0.63289136 0.14884742 -0.33436632
v -0.63398664 0.14217058 -0.33988968
v -0.72688664 0.10654058 -0.27839668
v -0.63695052 0.14367433 -0.33529087
v -0.63695052 0.28586433 -0.19329187
v -0.62992748 0.28953367 -0.19696613
v -0.62992748 0.14734367 -0.33896513
v -0.63288286 0.28493989 -0.19846814
v -0.72578286 0.22322489 -0.16294614
v -0.72689514 0.22874311 -0.15626786
v -0.63399514 0.29045811 -0.19178986
v -0.72963508 0.10785388 -0.27360854
v -0.72963508 0.22395888 -0.15758054
v -0.72304292 0.22800912 -0.16163346
v -0.72304292 0.11190412 -0.27766146
v -0.72634190 0.10609690 -0.27781847
v -0.84089190 0.04584190 -0.17329547
v -0.84088610 0.05340610 -0.16892853
v -0.72633610 0.11366110 -0.27345153
v -0.84394944 -0.04953709 -0.19462407
v -0.84394944 0.04881291 -0.16810407
v -0.83782856 0.05043509 -0.17411993
v -0.83782856 -0.04791491 -0.20063993
v -0.72440785 0.22497660 -0.16339219
v -0.83895785 0.04861660 -0.17489719
v -0.84282015 0.05063140 -0.16732681
v -0.72827015 0.22699140 -0.15582181
v -0.72827673 0.22320752 -0.16236529
v -0.84282673 0.14519752 -0.00336829
v -0.83895127 0.15075048 0.00214829
v -0.72440127 0.22876048 -0.15684871
v -0.72940189 0.22297662 -0.15880313
v -0.72940189 0.26547662 0.00019387
v -0.72327611 0.27149138 -0.00141387
v -0.72327611 0.22899138 -0.16041087
v -0.72633992 0.26848488 -0.00497713
v -0.84088992 0.14797488 -0.00497713
v -0.84088808 0.14797312 0.00375713
v -0.72633808 0.26848312 0.00375713
v -0.72440685 0.22875974 0.15510405
v -0.83895685 0.15074974 -0.00337295
v -0.84282115 0.14519826 0.00215295
v -0.72827115 0.22320826 0.16062995
v -0.72940223 0.26547761 -0.00141625
v -0.72940223 0.22297761 0.15706075
v -0.72327577 0.22899039 0.15867325
v -0.72327577 0.27149039 0.00019625
v -0.72634315 0.22379758 -0.16338740
v -0.84089315 0.11943258 -0.10290140
v -0.84088485 0.12380542 -0.09534060
v -0.72633485 0.22817042 -0.15582660
v -0.84394997 0.04742153 -0.16890941
v -0.84394997 0.11941653 -0.09691841
v -0.83782803 0.12382147 -0.10132359
v -0.83782803 0.05182647 -0.17331459
v -0.83782650 0.15098157 -0.00141463
v -0.83782650 0.12462657 -0.09992563
v -0.84395150 0.11861143 -0.09831637
v -0.84395150 0.14496643 0.00019463
v -0.83782803 -0.14927847 -0.17331459
v -0.83782803 -0.22127347 -0.10132359
v -0.84394997 -0.21686853 -0.09691841
v -0.84394997 -0.14487353 -0.16890941
v -0.72633460 -0.32562221 -0.15582649
v -0.84088460 -0.22125721 -0.09534049
v -0.84089340 -0.21688479 -0.10290151
v -0.72634340 -0.32124979 -0.16338751
v -0.83895420 -0.22009637 -0.10289949
v -0.72440420 -0.36696137 -0.00438849
v -0.72827380 -0.36491063 0.00316849
v -0.84282380 -0.21804563 -0.09534251
v -0.72327641 -0.32644366 -0.16041095
v -0.72327641 -0.36894366 -0.00141395
v -0.72940159 -0.36292834 0.00019395
v -0.72940159 -0.32042834 -0.15880305
v -0.83782610 -0.22207823 -0.09992538
v -0.83782610 -0.24842823 -0.00141438
v -0.84395190 -0.24241377 0.00019438
v -0.84395190 -0.21606377 -0.09831662
v -0.72633751 -0.36593458 0.00375713
v -0.84088751 -0.24541958 0.00375713
v -0.84089049 -0.24542242 -0.00497713
v -0.72634049 -0.36593742 -0.00497713
v -0.72440739 -0.36695309 0.00317236
v -0.83895739 -0.22008809 0.10116436
v -0.84282061 -0.21805391 0.09359964
v -0.72827061 -0.36491891 -0.00439236
v -0.83782555 -0.24842664 0.00019822
v -0.83782555 -0.22207664 0.09819022
v -0.84395245 -0.21606536 0.09657378
v -0.84395245 -0.24241536 -0.00141822
v -0.72634246 -0.32124904 0.16164708
v -0.84089246 -0.21688404 0.10116208
v -0.84088554 -0.22125796 0.09360192
v -0.72633554 -0.32562296 0.15408692
v -0.72327675 -0.36894332 0.00019650
v -0.72327675 -0.32644332 0.15867350
v -0.72940125 -0.32042868 0.15706050
v -0.72940125 -0.36292868 -0.00141650
v -4.19946482 -0.03964892 -0.01084880
v -4.20536482 -0.04692892 -0.01036080
v -4.20861318 -0.04379508 -0.00288320
v -4.20271318 -0.03651508 -0.00337120
v -4.20170426 -0.04601293 -0.01425797
v -4.20760426 -0.04879293 -0.00925297
v -4.20637374 -0.04193107 -0.00399103
v -4.20047374 -0.03915107 -0.00899603
v -4.20428291 -0.04469200 -0.00952494
v -4.20428291 -0.04019200 -0.00500794
v -4.19789509 -0.03597200 -0.00921206
v -4.19789509 -0.04047200 -0.01372906
v -4.20060237 -0.04078617 -0.01050448
v -4.20650237 -0.04560117 -0.00751448
v -4.20747563 -0.04019283 -0.00072552
v -4.20157563 -0.03537783 -0.00371552
v -4.20872557 -0.04821641 -0.00380980
v -4.20872557 -0.04575141 -0.00130780
v -4.20525243 -0.04004259 -0.00693220
v -4.20525243 -0.04250759 -0.00943420
v -4.19938078 -0.05860117 -0.01012797
v -4.20528078 -0.05828617 -0.00262097
v -4.20869722 -0.05082783 -0.00561903
v -4.20279722 -0.05114283 -0.01312603
v -4.20046139 -0.05829351 -0.00898670
v -4.20636139 -0.05551351 -0.00398170
v -4.20761661 -0.04867049 -0.00926230
v -4.20171661 -0.05145049 -0.01426730
v -4.20524600 -0.05494442 -0.00943224
v -4.20524600 -0.05740942 -0.00693024
v -4.20873200 -0.05170458 -0.00130976
v -4.20873200 -0.04923958 -0.00381176
v -4.20158744 -0.06208451 -0.00372471
v -4.20748744 -0.05727051 -0.00073471
v -4.20649056 -0.05184349 -0.00750529
v -4.20059056 -0.05665749 -0.01049529
v -4.20427779 -0.05725688 -0.00500431
v -4.20427779 -0.05275788 -0.00952131
v -4.19790021 -0.05698612 -0.01373269
v -4.19790021 -0.06148512 -0.00921569
v -4.20698900 -0.05590281 -0.00875496
v -4.20698900 -0.05926781 -0.00274296
v -4.20698900 -0.05164619 0.00152296
v -4.20698900 -0.04828119 -0.00448904
v -4.20698900 -0.05083997 -0.00243819
v -4.20698900 -0.04747497 -0.00344519
v -4.20698900 -0.04997903 -0.01181281
v -4.20698900 -0.05334403 -0.01080581
v -4.20698900 -0.05187924 -0.01065145
v -4.20698900 -0.05860924 -0.00363245
v -4.20698900 -0.05230476 0.00241245
v -4.20698900 -0.04557476 -0.00460655
v -4.20698900 -0.05878728 -0.00520469
v -4.20698900 -0.05968728 -0.00169469
v -4.20698900 -0.05122672 0.00047469
v -4.20698900 -0.05032672 -0.00303531
v -4.20698900 -0.05187902 -0.00460632
v -4.20698900 -0.04514802 0.00241268
v -4.20698900 -0.03884398 -0.00363268
v -4.20698900 -0.04557498 -0.01065168
v -4.20698900 -0.04410997 -0.01080581
v -4.20698900 -0.04747497 -0.01181281
v -4.20698900 -0.04997903 -0.00344519
v -4.20698900 -0.04661403 -0.00243819
v -4.20698900 -0.04917254 -0.00448855
v -4.20698900 -0.04580654 0.00152345
v -4.20698900 -0.03818546 -0.00274345
v -4.20698900 -0.04155146 -0.00875545
v -4.20698900 -0.04712699 -0.00303418
v -4.20698900 -0.04622599 0.00047582
v -4.20698900 -0.03776601 -0.00169582
v -4.20698900 -0.03866701 -0.00520582
v -4.20698900 -0.05545700 0.00375713
v -4.20698900 -0.04199600 0.00375713
v -4.20698900 -0.04199600 -0.00497713
v -4.20698900 -0.05545700 -0.00497713
v -4.20528078 -0.05828617 0.00088197
v -4.19938078 -0.05860117 0.00838897
v -4.20279722 -0.05114283 0.01138703
v -4.20869722 -0.05082783 0.00388003
v -4.19790021 -0.06148512 0.00747669
v -4.19790021 -0.05698612 0.01199369
v -4.20427779 -0.05275788 0.00778231
v -4.20427779 -0.05725688 0.00326531
v -4.20059056 -0.05665749 0.00875629
v -4.20649056 -0.05184349 0.00576629
v -4.20748744 -0.05727051 -0.00100429
v -4.20158744 -0.06208451 0.00198571
v -4.20698900 -0.05918093 0.00167127
v -4.20698900 -0.05581593 0.00716427
v -4.20698900 -0.04836807 0.00260173
v -4.20698900 -0.05173307 -0.00289127
v -4.20524600 -0.05740942 0.00519124
v -4.20524600 -0.05494442 0.00769324
v -4.20873200 -0.04923958 0.00207276
v -4.20873200 -0.05170458 -0.00042924
v -4.20698900 -0.05963891 0.00064835
v -4.20698900 -0.05873891 0.00363935
v -4.20698900 -0.05037509 0.00112265
v -4.20698900 -0.05127509 -0.00186835
v -4.20171661 -0.05145049 0.01252830
v -4.20761661 -0.04867049 0.00752330
v -4.20636139 -0.05551351 0.00224270
v -4.20046139 -0.05829351 0.00724770
v -4.20698900 -0.05849088 0.00253124
v -4.20698900 -0.05176088 0.00903124
v -4.20698900 -0.04569312 0.00274876
v -4.20698900 -0.05242312 -0.00375124
v -4.20698900 -0.05334403 0.00906681
v -4.20698900 -0.04997903 0.01007381
v -4.20698900 -0.04747497 0.00170619
v -4.20698900 -0.05083997 0.00069919
v -4.20698900 -0.04502965 -0.00375146
v -4.20698900 -0.05176065 0.00274854
v -4.20698900 -0.04569335 0.00903146
v -4.20698900 -0.03896235 0.00253146
v -4.20698900 -0.04571962 -0.00289176
v -4.20698900 -0.04908562 0.00260124
v -4.20698900 -0.04163838 0.00716476
v -4.20698900 -0.03827238 0.00167176
v -4.20698900 -0.04747497 0.01007381
v -4.20698900 -0.04410997 0.00906681
v -4.20698900 -0.04661403 0.00069919
v -4.20698900 -0.04997903 0.00170619
v -4.19789509 -0.04047200 0.01199006
v -4.19789509 -0.03597200 0.00747306
v -4.20428291 -0.04019200 0.00326894
v -4.20428291 -0.04469200 0.00778594
v -4.20760426 -0.04879293 0.00751397
v -4.20170426 -0.04601293 0.01251897
v -4.20047374 -0.03915107 0.00725703
v -4.20637374 -0.04193107 0.00225203
v -4.20536482 -0.04692892 0.00862180
v -4.19946482 -0.03964892 0.00910980
v -4.20271318 -0.03651508 0.00163220
v -4.20861318 -0.04379508 0.00114420
v -4.20698900 -0.04617752 -0.00186963
v -4.20698900 -0.04707852 0.00112137
v -4.20698900 -0.03871548 0.00364063
v -4.20698900 -0.03781448 0.00064963
v -4.20525243 -0.04250759 0.00769520
v -4.20525243 -0.04004259 0.00519320
v -4.20872557 -0.04575141 -0.00043120
v -4.20872557 -0.04821641 0.00207080
v -4.20157563 -0.03537783 0.00197652
v -4.20747563 -0.04019283 -0.00101348
v -4.20650237 -0.04560117 0.00577548
v -4.20060237 -0.04078617 0.00876548
v -0.72633636 0.22817163 0.15408731
v -0.84088636 0.12380663 0.09360231
v -0.84089164 0.11943137 0.10116169
v -0.72634164 0.22379637 0.16164669
v -0.84395095 0.14496697 -0.00141874
v -0.84395095 0.11861197 0.09657326
v -0.83782705 0.12462603 0.09819074
v -0.83782705 0.15098103 0.00019874
v -0.72827035 0.22699151 0.15408195
v -0.84282035 0.05063151 0.16558795
v -0.83895765 0.04861649 0.17315805
v -0.72440765 0.22497649 0.16165205
v -0.84394998 0.11941654 0.09517941
v -0.84394998 0.04742154 0.16717041
v -0.83782802 0.05182646 0.17157559
v -0.83782802 0.12382146 0.09958459
v -0.72963521 0.22395925 0.15584038
v -0.72963521 0.10785425 0.27183838
v -0.72304279 0.11190375 0.27589162
v -0.72304279 0.22800875 0.15989362
v -0.84088976 0.04584116 0.17155519
v -0.72633976 0.10609616 0.27604719
v -0.72633824 0.11366184 0.27168281
v -0.84088824 0.05340684 0.16719081
v -0.63640264 0.28779634 0.19018388
v -0.72930264 0.10997634 0.27065888
v -0.72337536 0.10978166 0.27707112
v -0.63047536 0.28760166 0.19659612
v -0.63399539 0.29045838 0.19005113
v -0.72689539 0.22874338 0.15452813
v -0.72578261 0.22322462 0.16120587
v -0.63288261 0.28493962 0.19672887
v -0.72440765 -0.32242849 0.16165205
v -0.83895765 -0.14606849 0.17315805
v -0.84282035 -0.14808351 0.16558795
v -0.72827035 -0.32444351 0.15408195
v -0.83782802 -0.22127346 0.09958459
v -0.83782802 -0.14927846 0.17157559
v -0.84394998 -0.14487354 0.16717041
v -0.84394998 -0.21686854 0.09517941
v -0.84088900 -0.05309313 0.19589200
v -0.72633900 -0.05309313 0.31637600
v -0.72633900 -0.04435887 0.31637600
v -0.84088900 -0.04435887 0.19589200
v -0.84395314 0.04881389 0.16636857
v -0.84395314 -0.04953611 0.19288757
v -0.83782486 -0.04791589 0.19889643
v -0.83782486 0.05043411 0.17237743
v -0.84282418 0.04584444 0.16835231
v -0.72827418 -0.05250556 0.31535531
v -0.72440382 -0.04494644 0.31739669
v -0.83895382 0.05340356 0.17039369
v -0.83895382 -0.15085556 0.17039369
v -0.72440382 -0.05250556 0.31739669
v -0.72827418 -0.04494644 0.31535531
v -0.84282418 -0.14329644 0.16835231
v -0.84395314 -0.04791589 0.19288757
v -0.84395314 -0.14626589 0.16636857
v -0.83782486 -0.14788611 0.17237743
v -0.83782486 -0.04953611 0.19889643
v -0.72940047 0.10907272 0.27085682
v -0.72940047 -0.04953228 0.31336782
v -0.72327753 -0.04791972 0.31938418
v -0.72327753 0.11068528 0.27687318
v -0.84088824 -0.15085884 0.16719081
v -0.72633824 -0.21111384 0.27168281
v -0.72633976 -0.20354816 0.27604719
v -0.84088976 -0.14329316 0.17155519
v -0.72304279 -0.32546075 0.15989362
v -0.72304279 -0.20935575 0.27589162
v -0.72963521 -0.20530625 0.27183838
v -0.72963521 -0.32141125 0.15584038
v -0.72940047 -0.04791972 0.31336782
v -0.72940047 -0.20652472 0.27085682
v -0.72327753 -0.20813728 0.27687318
v -0.72327753 -0.04953228 0.31938418
v -0.63047536 -0.38505366 0.19659612
v -0.72337536 -0.20723366 0.27707112
v -0.72930264 -0.20742834 0.27065888
v -0.63640264 -0.38524834 0.19018388
v -0.63288261 -0.38239162 0.19672887
v -0.72578261 -0.32067662 0.16120587
v -0.72689539 -0.32619538 0.15452813
v -0.63399539 -0.38791038 0.19005113
v -0.72577910 -0.21067067 0.27110730
v -0.63287910 -0.24630067 0.33311830
v -0.63399890 -0.23962133 0.33863370
v -0.72689890 -0.20399133 0.27662270
v -0.62993353 -0.38699458 0.19522975
v -0.62993353 -0.24480458 0.33771575
v -0.63694447 -0.24111742 0.33403625
v -0.63694447 -0.38330742 0.19155025
v -0.63694447 0.28585542 0.19155025
v -0.63694447 0.14366542 0.33403625
v -0.62993353 0.14735258 0.33771575
v -0.62993353 0.28954258 0.19522975
v -0.72689890 0.10653933 0.27662270
v -0.63399890 0.14216933 0.33863370
v -0.63287910 0.14884867 0.33311830
v -0.72577910 0.11321867 0.27110730
v -0.18548632 0.14869599 0.33291139
v -0.29358632 0.17108099 0.37142539
v -0.29279168 0.16471701 0.37735461
v -0.18469168 0.14233201 0.33884061
v -0.18864664 0.29019119 0.19291153
v -0.29674664 0.17038619 0.37391153
v -0.28963136 0.16541181 0.37486847
v -0.18153136 0.28521681 0.19386847
v -0.18914623 0.28884771 0.19453133
v -0.18914623 0.14665771 0.33701733
v -0.18103177 0.14437029 0.33473467
v -0.18103177 0.28656029 0.19224867
v -0.63699382 0.14598841 -0.33463697
v -0.52884382 0.32695841 -0.21512997
v -0.52173418 0.32599959 -0.22011203
v -0.62988418 0.14502959 -0.33961903
v -0.63343608 0.28988394 -0.19134775
v -0.52528608 0.32866394 -0.21383975
v -0.52529192 0.32429406 -0.22140225
v -0.63344192 0.28551406 -0.19891025
v -0.63749303 0.14436158 -0.33597904
v -0.63749303 0.28655158 -0.19398004
v -0.62938497 0.28884642 -0.19627796
v -0.62938497 0.14665642 -0.33827696
v -0.63699625 0.28686592 -0.19273656
v -0.52884625 0.38368592 0.00178244
v -0.52173175 0.38535208 -0.00300244
v -0.62988175 0.28853208 -0.19752144
v -0.52951650 0.32542074 -0.21733797
v -0.52951650 0.38346074 -0.00032697
v -0.52106150 0.38557726 -0.00089303
v -0.52106150 0.32753726 -0.21790403
v -0.52914565 0.32652012 -0.21557249
v -0.41309565 0.39983512 0.00143851
v -0.40538235 0.39975288 -0.00265851
v -0.52143235 0.32643788 -0.21966951
v -0.52528883 0.38451771 0.00375713
v -0.40923883 0.39979271 0.00375713
v -0.40923917 0.39979529 -0.00497713
v -0.52528917 0.38452029 -0.00497713
v -0.52528952 0.38452026 -0.00497713
v -0.63343952 0.33974526 -0.00497713
v -0.63343848 0.33974274 0.00375713
v -0.52528848 0.38451774 0.00375713
v -0.63725263 0.28564339 -0.19457901
v -0.63725263 0.33768839 -0.00006001
v -0.62962537 0.34179961 -0.00115999
v -0.62962537 0.28975461 -0.19567899
v -0.72930561 0.22446355 -0.15678579
v -0.63640561 0.33822355 0.00221121
v -0.63047239 0.34126445 -0.00343121
v -0.72337239 0.22750445 -0.16242821
v -0.63398960 0.28619032 -0.19919010
v -0.72688960 0.22447532 -0.16366810
v -0.72578840 0.22749268 -0.15554590
v -0.63288840 0.28920768 -0.19106790
v -0.52951649 0.38346084 -0.00089369
v -0.52951649 0.32542084 0.21559731
v -0.52106151 0.32753716 0.21616469
v -0.52106151 0.38557716 -0.00032631
v -0.41309391 0.39983742 -0.00266172
v -0.52914391 0.32652242 0.21382928
v -0.52143409 0.32643558 0.21793272
v -0.40538409 0.39975058 0.00144172
v -0.63343988 0.33974515 -0.00497713
v -0.72633988 0.26848515 -0.00497713
v -0.72633812 0.26848285 0.00375713
v -0.63343812 0.33974285 0.00375713
v -0.72984773 0.22347207 -0.15893556
v -0.72984773 0.26597207 0.00006144
v -0.72283027 0.27099593 -0.00128144
v -0.72283027 0.22849593 -0.16027844
v -0.63725260 0.33768871 -0.00116138
v -0.63725260 0.28564371 0.19283862
v -0.62962540 0.28975429 0.19394138
v -0.62962540 0.34179929 -0.00005862
v -0.52884443 0.38368909 -0.00300625
v -0.63699443 0.28686909 0.19099375
v -0.62988357 0.28852891 0.19578625
v -0.52173357 0.38534891 0.00178625
v -0.52528524 0.32866211 0.21209870
v -0.63343524 0.28988211 0.18960770
v -0.63344276 0.28551589 0.19717230
v -0.52529276 0.32429589 0.21966330
v -0.72984800 0.26597297 -0.00128340
v -0.72984800 0.22347297 0.15719360
v -0.72283000 0.22849503 0.15854040
v -0.72283000 0.27099503 0.00006340
v -0.63640355 0.33822823 -0.00343590
v -0.72930355 0.22446823 0.15504110
v -0.72337445 0.22749977 0.16069290
v -0.63047445 0.34125977 0.00221590
v -0.63288979 0.28920954 0.18932940
v -0.72578979 0.22749454 0.15380640
v -0.72688821 0.22447346 0.16192760
v -0.63398821 0.28618846 0.19745060
v -0.84088588 0.11942941 -0.10289956
v -1.16353588 0.03612941 -0.05489556
v -1.16354212 0.04050859 -0.04733844
v -0.84089212 0.12380859 -0.09534244
v -1.16783708 0.00098422 -0.08706688
v -1.16783708 0.03777422 -0.05056788
v -1.15924092 0.03886378 -0.05166612
v -1.15924092 0.00207378 -0.08816512
v -0.83994896 0.11878781 -0.10231043
v -1.16259896 -0.00130219 -0.09080543
v -1.16447904 0.00436019 -0.08442657
v -0.84182904 0.12445019 -0.09593157
v -0.83994985 0.14713684 -0.00479198
v -1.16259985 0.03748184 -0.05529898
v -1.16447815 0.03915616 -0.04693502
v -0.84182815 0.14881116 0.00357198
v -0.83669228 0.14914100 -0.00092221
v -0.83669228 0.12278600 -0.09943321
v -0.84508572 0.12045200 -0.09880879
v -0.84508572 0.14680700 -0.00029779
v -1.16362647 -0.00157534 -0.09068638
v -1.74852647 -0.02466534 -0.05067738
v -1.74835153 -0.01845666 -0.04453662
v -1.16345153 0.00463334 -0.08454562
v -1.16324152 0.03523300 -0.05419270
v -1.74814152 -0.02464700 -0.05068270
v -1.74873648 -0.01847500 -0.04453130
v -1.16383648 0.04140500 -0.04804130
v -4.20536136 -0.04251585 0.00641552
v -4.19946136 -0.03605085 0.00342452
v -4.20271664 -0.03681315 -0.00464452
v -4.20861664 -0.04327815 -0.00165352
v -4.21023027 -0.04479838 -0.00145418
v -4.21023027 -0.04569938 0.00153682
v -4.20374773 -0.04009462 0.00322518
v -4.20374773 -0.03919362 0.00023418
v -4.20694238 -0.04204544 0.00375660
v -4.20104238 -0.03648144 0.00375660
v -4.20113562 -0.03638256 -0.00497660
v -4.20703562 -0.04194656 -0.00497660
v -4.19703080 -0.03652678 0.00580004
v -4.19703080 -0.03487678 -0.00018096
v -4.20514720 -0.03798722 -0.00103904
v -4.20514720 -0.03963722 0.00494196
v -4.20046021 -0.03638453 0.00139670
v -4.20636021 -0.04119953 -0.00159330
v -4.20761779 -0.04459447 0.00635530
v -4.20171779 -0.03977947 0.00934530
v -4.20869768 -0.04349533 -0.00014581
v -4.20279768 -0.03703033 0.00336419
v -4.19938032 -0.03583367 -0.00458419
v -4.20528032 -0.04229867 -0.00809419
v -4.21021343 -0.04574982 -0.00338769
v -4.21021343 -0.04484882 0.00012231
v -4.20376457 -0.03914318 -0.00134231
v -4.20376457 -0.04004418 -0.00485231
v -4.20176352 -0.03973134 -0.01109704
v -4.20766352 -0.04454634 -0.00810704
v -4.20631448 -0.04124766 -0.00013296
v -4.20041448 -0.03643266 -0.00312296
v -4.20514968 -0.03963968 -0.00671459
v -4.20514968 -0.03798968 -0.00021459
v -4.19702832 -0.03487432 -0.00100541
v -4.19702832 -0.03652432 -0.00750541
v -4.20108843 -0.03647694 0.00375690
v -3.48808843 -0.02744094 0.00375690
v -3.48808957 -0.02735106 -0.00497690
v -4.20108957 -0.03638706 -0.00497690
v -4.20114382 -0.03699682 -0.00288020
v -3.48814382 -0.02631082 0.00361980
v -3.48803418 -0.02848118 -0.00483980
v -4.20103418 -0.03916718 -0.01133980
v -4.20103638 -0.03923595 0.00958259
v -3.48803638 -0.02854995 0.00360159
v -3.48814162 -0.02624205 -0.00482159
v -4.20114162 -0.03692805 0.00115941
v -4.20107427 -0.03698450 -0.00288305
v -3.48807427 -0.02915850 -0.00740005
v -3.48810373 -0.03135350 -0.01585395
v -4.20110373 -0.03917950 -0.01133695
v -3.49245597 -0.03029234 -0.01161757
v -3.49245597 -0.02743234 -0.00060057
v -3.48372203 -0.02735966 -0.00061943
v -3.48372203 -0.03021966 -0.01163643
v -3.49245597 -0.02743227 -0.00061988
v -3.49245597 -0.03029227 0.00987812
v -3.48372203 -0.03021973 0.00989788
v -3.48372203 -0.02735973 -0.00060012
v -4.20110309 -0.03923007 0.00958450
v -3.48810309 -0.03140407 0.01410150
v -3.48807491 -0.02910793 0.00567450
v -4.20107491 -0.03693393 0.00115750
v -3.48802462 -0.03140674 0.01410030
v -2.67527462 -0.02436674 0.00360230
v -2.67540338 -0.02206526 -0.00482230
v -3.48815338 -0.02910526 0.00567570
v -3.48808887 -0.02742217 0.00375705
v -2.67533887 -0.02324217 0.00375705
v -2.67533913 -0.02318983 -0.00497705
v -3.48808913 -0.02736983 -0.00497705
v -3.48815583 -0.02915213 -0.00740221
v -2.67540583 -0.02211213 0.00361479
v -2.67527217 -0.02431987 -0.00483479
v -3.48802217 -0.03135987 -0.01585179
v -2.67970546 -0.02328953 -0.00063015
v -2.67970546 -0.02671053 0.01185085
v -2.67097254 -0.02656347 0.01189115
v -2.67097254 -0.02314247 -0.00058985
v -3.48809414 -0.03141046 0.01409977
v -2.67534414 -0.02779146 0.01608277
v -2.67533386 -0.02548254 0.00765923
v -3.48808386 -0.02910154 0.00567623
v -3.48808364 -0.02914467 -0.00740365
v -2.67533364 -0.02552567 -0.00938765
v -2.67534436 -0.02774833 -0.01783435
v -3.48809436 -0.03136733 -0.01585035
v -2.67097254 -0.02314212 -0.00062944
v -2.67097254 -0.02656312 -0.01363044
v -2.67970546 -0.02671088 -0.01359156
v -2.67970546 -0.02328988 -0.00059056
v -2.67524250 -0.02778005 0.01608478
v -1.74834250 0.00446095 0.00360378
v -1.74853550 0.00674705 -0.00482378
v -2.67543550 -0.02549395 0.00765722
v -2.67533831 -0.02323831 0.00375707
v -1.74843831 0.00558169 0.00375707
v -1.74843969 0.00562631 -0.00497707
v -2.67533969 -0.02319369 -0.00497707
v -2.67543688 -0.02552561 -0.00938879
v -1.74853688 0.00671539 0.00361221
v -1.74834112 0.00449261 -0.00483221
v -2.67524112 -0.02774839 -0.01783321
v -2.67530311 -0.02551828 -0.00938974
v -1.74840311 -0.00055728 -0.02388574
v -1.74847489 -0.00279472 -0.03232826
v -2.67537489 -0.02775572 -0.01783226
v -1.74407803 0.00582809 -0.00066933
v -1.74407803 -0.00145191 -0.02816633
v -1.75279997 -0.00190009 -0.02804767
v -1.75279997 0.00537991 -0.00055067
v -1.74847123 -0.02467965 -0.05066393
v -2.67537123 -0.03909065 -0.02618893
v -2.67530677 -0.03285335 -0.02007507
v -1.74840677 -0.01844235 -0.04455007
v -1.75280005 -0.02172229 -0.04744252
v -1.75280005 -0.00183729 -0.02794252
v -1.74407795 -0.00151471 -0.02827148
v -1.74407795 -0.02139971 -0.04777148
v -2.67543785 -0.03285679 -0.02007299
v -1.74853785 0.00143921 -0.02504799
v -1.74834015 -0.00479121 -0.03116601
v -2.67524015 -0.03908721 -0.02619101
v -1.16353700 0.03611931 -0.05488969
v -1.74843700 -0.00387569 -0.03187969
v -1.74844100 0.00052369 -0.02433431
v -1.16354100 0.04051869 -0.04734431
v -1.74873749 -0.00057910 -0.02389042
v -1.16383749 0.05288590 0.00360658
v -1.16324051 0.05069210 -0.00482658
v -1.74814051 -0.00277290 -0.03232358
v -1.16783693 0.03757080 -0.05091746
v -1.16783693 0.05104080 -0.00041046
v -1.15924107 0.05253720 -0.00080954
v -1.15924107 0.03906720 -0.05131654
v -1.74843818 0.00559366 0.00375712
v -1.16353818 0.05177866 0.00375712
v -1.16353982 0.05179934 -0.00497712
v -1.74843982 0.00561434 -0.00497712
v -0.84089056 0.14797922 -0.00497713
v -1.16354056 0.05179422 -0.00497713
v -1.16353744 0.05178378 0.00375713
v -0.84088744 0.14796878 0.00375713
v -1.75279998 0.00538032 -0.00067036
v -1.75279998 -0.00189968 0.02630664
v -1.74407802 -0.00145232 0.02642736
v -1.74407802 0.00582768 -0.00054964
v -2.67537427 -0.02777580 0.01608689
v -1.74847427 -0.00281480 0.03058289
v -1.74840373 -0.00053720 0.02215111
v -2.67530373 -0.02549820 0.00765511
v -1.16383500 0.05290162 -0.00482263
v -1.74873500 -0.00056338 0.02215437
v -1.74814300 -0.00278862 0.03057963
v -1.16324300 0.05067638 0.00360263
v -0.84182447 0.14882063 -0.00479090
v -1.16447447 0.03916563 0.04519610
v -1.16260353 0.03747237 0.05355790
v -0.83995353 0.14712737 0.00357090
v -1.16783698 0.05104160 -0.00081140
v -1.16783698 0.03757160 0.04917560
v -1.15924102 0.03906640 0.04957840
v -1.15924102 0.05253640 -0.00040860
v -1.74843881 -0.00385584 0.03015119
v -1.16353881 0.03613916 0.05316119
v -1.16353919 0.04049884 0.04559281
v -1.74843919 0.00050384 0.02258281
v -0.84508560 0.14680703 -0.00092386
v -0.84508560 0.12045203 0.09706814
v -0.83669240 0.12278597 0.09769586
v -0.83669240 0.14914097 -0.00029614
v -1.16353910 0.03613872 0.05316094
v -0.84088910 0.11943872 0.10116594
v -0.84088890 0.12379928 0.09359806
v -1.16353890 0.04049928 0.04559306
v -1.16383593 0.04137443 0.04627088
v -1.74873593 -0.01850557 0.04328088
v -1.74814207 -0.02461643 0.04949312
v -1.16324207 0.03526357 0.05248312
v -1.75279998 -0.00184032 0.02620379
v -1.75279998 -0.02172532 0.04622379
v -1.74407802 -0.02139668 0.04655021
v -1.74407802 -0.00151168 0.02653021
v -2.67524187 -0.03904673 0.02449274
v -1.74834187 -0.00475073 0.02946674
v -1.74853613 0.00139873 0.02326726
v -2.67543613 -0.03289727 0.01829326
v -2.67537467 -0.03905022 0.02449060
v -1.74847467 -0.02463922 0.04948460
v -1.74840333 -0.01848278 0.04328940
v -2.67530333 -0.03289378 0.01829540
v -0.84182724 0.12443379 0.09417755
v -1.16447724 0.00434379 0.08316055
v -1.16260076 -0.00128579 0.08956945
v -0.83995076 0.11880421 0.10058645
v -1.16783696 0.03777011 0.04883105
v -1.16783696 0.00098011 0.08581905
v -1.15924104 0.00207789 0.08691095
v -1.15924104 0.03886789 0.04992295
v -1.74852852 -0.02464491 0.04947784
v -1.16362852 -0.00155491 0.08945584
v -1.16344948 0.00461291 0.08327416
v -1.74834948 -0.01847709 0.04329616
v -0.84508631 0.12076627 0.09652922
v -0.84508631 0.04877127 0.16852022
v -0.83669169 0.05047673 0.17022578
v -0.83669169 0.12247173 0.09823478
v -1.16384680 -0.00161333 0.08938209
v -0.84119680 0.04648167 0.17239009
v -0.84058120 0.05276633 0.16635591
v -1.16323120 0.00467133 0.08334791
v -0.63749278 0.28654918 0.19224257
v -0.63749278 0.14435918 0.33472857
v -0.62938522 0.14665882 0.33702343
v -0.62938522 0.28884882 0.19453743
v -0.52884659 0.32695561 0.21339338
v -0.63699659 0.14598561 0.33338838
v -0.62988141 0.14503239 0.33836362
v -0.52173141 0.32600239 0.21836862
v -0.63383415 0.14232372 0.33883736
v -0.52568415 0.16471372 0.37735136
v -0.52489385 0.17108428 0.37142864
v -0.63304385 0.14869428 0.33291464
v -0.52951657 0.32570474 0.21510639
v -0.52951657 0.16712474 0.37361539
v -0.52106143 0.16867326 0.37516461
v -0.52106143 0.32725326 0.21665561
v -0.52914381 0.32471972 0.21693797
v -0.41309381 0.17377472 0.38893497
v -0.40538419 0.17729328 0.38682103
v -0.52143419 0.32823828 0.21482403
v -0.52544199 0.16479829 0.37746148
v -0.40939199 0.17243329 0.39094948
v -0.40908601 0.17863471 0.38480652
v -0.52513601 0.17099971 0.37131852
v -0.41360613 0.39979400 -0.00061000
v -0.41360613 0.33970400 0.22338900
v -0.40487187 0.33970400 0.22338900
v -0.40487187 0.39979400 -0.00061000
v -0.52543059 0.32533074 0.22009209
v -0.40938059 0.33855574 0.22760009
v -0.40909741 0.34085226 0.21917791
v -0.52514741 0.32762726 0.21166991
v -0.29334199 0.17099971 0.37131852
v -0.40939199 0.17863471 0.38480652
v -0.40908601 0.17243329 0.39094948
v -0.29303601 0.16479829 0.37746148
v -0.40538419 0.17377472 0.38893497
v -0.28933419 0.32471972 0.21693797
v -0.29704381 0.32823828 0.21482403
v -0.41309381 0.17729328 0.38682103
v -0.28896262 0.16712151 0.37361216
v -0.28896262 0.32570151 0.21510316
v -0.29741538 0.32725649 0.21665884
v -0.29741538 0.16867649 0.37516784
v -0.41309391 0.39975058 0.00144172
v -0.29704391 0.32643558 0.21793272
v -0.28933409 0.32652242 0.21382928
v -0.40538409 0.39983742 -0.00266172
v -0.40909741 0.33855574 0.22760009
v -0.29304741 0.32533074 0.22009209
v -0.29333059 0.32762726 0.21166991
v -0.40938059 0.34085226 0.21917791
v -0.18509186 0.28988920 0.18960890
v -0.29319186 0.32866420 0.21209990
v -0.29318614 0.32429380 0.21966210
v -0.18508614 0.28551880 0.19717110
v -0.40923917 0.39979271 0.00375713
v -0.29318917 0.38451771 0.00375713
v -0.29318883 0.38452029 -0.00497713
v -0.40923883 0.39979529 -0.00497713
v -0.28896158 0.32542059 0.21559725
v -0.28896158 0.38346059 -0.00089375
v -0.29741642 0.38557741 -0.00032625
v -0.29741642 0.32753741 0.21616475
v -0.18153341 0.28687337 0.19099424
v -0.28963341 0.38368837 -0.00300576
v -0.29674459 0.38534963 0.00178576
v -0.18864459 0.28853463 0.19578576
v -0.29674325 0.17039217 -0.37565652
v -0.18864325 0.29019717 -0.19465652
v -0.18153475 0.28521083 -0.19560148
v -0.28963475 0.16540583 -0.37660148
v -0.18468333 0.14232429 -0.34008317
v -0.29278333 0.16470929 -0.37908417
v -0.29359467 0.17108871 -0.37317383
v -0.18549467 0.14870371 -0.33417283
v -0.18914152 0.14666407 -0.33827962
v -0.18914152 0.28885407 -0.19628062
v -0.18103648 0.28655393 -0.19397738
v -0.18103648 0.14436393 -0.33597638
v -0.40487187 0.39979400 -0.00061000
v -0.40487187 0.33970400 -0.22512800
v -0.41360613 0.33970400 -0.22512800
v -0.41360613 0.39979400 -0.00061000
v -0.29304713 0.32533315 -0.22183274
v -0.40909713 0.33855815 -0.22933974
v -0.40938087 0.34084985 -0.22091626
v -0.29333087 0.32762485 -0.21340926
v -0.40538235 0.39983512 0.00143851
v -0.28933235 0.32652012 -0.21557249
v -0.29704565 0.32643788 -0.21966951
v -0.41309565 0.39975288 -0.00265851
v -0.52514713 0.32762485 -0.21340926
v -0.40909713 0.34084985 -0.22091626
v -0.40938087 0.33855815 -0.22933974
v -0.52543087 0.32533315 -0.22183274
v -0.28896156 0.38346049 -0.00032690
v -0.28896156 0.32542049 -0.21733790
v -0.29741644 0.32753751 -0.21790410
v -0.29741644 0.38557751 -0.00089310
v -0.18468330 0.28642445 -0.19928472
v -0.29278330 0.32519945 -0.22177672
v -0.29359470 0.32775855 -0.21346528
v -0.18549470 0.28898355 -0.19097328
v -0.28963159 0.38368521 0.00178195
v -0.18153159 0.28687021 -0.19273705
v -0.18864641 0.28853779 -0.19752095
v -0.29674641 0.38535279 -0.00300195
v -0.29318952 0.38451774 0.00375713
v -0.18508952 0.33974774 0.00375713
v -0.18508848 0.33975026 -0.00497713
v -0.29318848 0.38452026 -0.00497713
v -0.18890268 0.28975953 -0.19567897
v -0.18890268 0.34180453 -0.00115997
v -0.18127532 0.33769347 -0.00006003
v -0.18127532 0.28564847 -0.19457903
v -0.09163808 0.22450524 -0.16366803
v -0.18453808 0.28619524 -0.19919003
v -0.18563992 0.28921276 -0.19106797
v -0.09273992 0.22752276 -0.15554597
v -0.09515612 0.22753398 -0.16242794
v -0.18805612 0.34126898 -0.00343094
v -0.18212188 0.33822902 0.00221094
v -0.08922188 0.22449402 -0.15678606
v -0.18127535 0.28564879 0.19283864
v -0.18127535 0.33769379 -0.00116136
v -0.18890265 0.34180421 -0.00005864
v -0.18890265 0.28975921 0.19394136
v -0.18508988 0.33974785 0.00375713
v -0.09218988 0.26851785 0.00375713
v -0.09218812 0.26852015 -0.00497713
v -0.18508812 0.33975015 -0.00497713
v -0.09569826 0.22852522 -0.16027833
v -0.09569826 0.27103022 -0.00128133
v -0.08867974 0.26600778 0.00006133
v -0.08867974 0.22350278 -0.15893567
v -0.08922395 0.22449869 0.15504138
v -0.18212395 0.33823369 -0.00343562
v -0.18805405 0.34126431 0.00221562
v -0.09515405 0.22752931 0.16069262
v -0.08867947 0.22350369 0.15719371
v -0.08867947 0.26600869 -0.00128329
v -0.09569853 0.27102931 0.00006329
v -0.09569853 0.22852431 0.15854029
v -0.18453946 0.28619338 0.19745052
v -0.09163946 0.22450338 0.16192752
v -0.09273854 0.22752462 0.15380648
v -0.18563854 0.28921462 0.18932948
v -0.72930786 -0.20450867 -0.27412102
v -0.63640786 -0.04590367 -0.38761602
v -0.63047014 -0.05154833 -0.39064398
v -0.72337014 -0.21015333 -0.27714898
v -0.63399504 -0.24702016 -0.33561610
v -0.72689504 -0.21139016 -0.27412310
v -0.72578296 -0.20327184 -0.27714690
v -0.63288296 -0.23890184 -0.33863990
v -0.63725230 -0.24241053 -0.33507190
v -0.63725230 -0.04817553 -0.38707390
v -0.62962570 -0.04927647 -0.39118610
v -0.62962570 -0.24351147 -0.33918410
v -0.63343900 -0.05309313 -0.38913000
v -0.72633900 -0.05309313 -0.31811500
v -0.72633900 -0.04435887 -0.31811500
v -0.63343900 -0.04435887 -0.38913000
v -0.72985217 -0.20665986 -0.27312920
v -0.72985217 -0.04805486 -0.31560920
v -0.72282583 -0.04939714 -0.32062080
v -0.72282583 -0.20800214 -0.27814080
v -0.72985217 -0.04939714 -0.31560920
v -0.72985217 0.10920786 -0.27312920
v -0.72282583 0.11055014 -0.27814080
v -0.72282583 -0.04805486 -0.32062080
v -0.63640786 -0.05154833 -0.38761602
v -0.72930786 0.10705667 -0.27412102
v -0.72337014 0.11270133 -0.27714898
v -0.63047014 -0.04590367 -0.39064398
v -0.63725230 -0.04927647 -0.38707390
v -0.63725230 0.14495853 -0.33507190
v -0.62962570 0.14605947 -0.33918410
v -0.62962570 -0.04817553 -0.39118610
v -0.72689504 0.11393816 -0.27412310
v -0.63399504 0.14956816 -0.33561610
v -0.63288296 0.14144984 -0.33863990
v -0.72578296 0.10581984 -0.27714690
v -0.84089114 0.04584336 -0.17329799
v -1.16354114 -0.00225164 -0.08980199
v -1.16353686 0.00530964 -0.08543001
v -0.84088686 0.05340464 -0.16892601
v -0.84508512 0.04876834 -0.17025629
v -0.84508512 0.12076334 -0.09826529
v -0.83669288 0.12247466 -0.09997671
v -0.83669288 0.05047966 -0.17196771
v -0.83995366 0.11879932 -0.10232199
v -1.16260366 -0.00129068 -0.09081699
v -1.16447434 0.00434868 -0.08441501
v -0.84182434 0.12443868 -0.09592001
v -0.84182826 -0.05290637 -0.19847703
v -1.16447826 -0.00265137 -0.08846103
v -1.16259974 0.00570937 -0.08677097
v -0.83994974 -0.04454563 -0.19678697
v -0.84508481 -0.04904133 -0.19646258
v -0.84508481 0.04930867 -0.16994258
v -0.83669319 0.04993933 -0.17228142
v -0.83669319 -0.04841067 -0.19880142
v -1.15924138 0.00173061 -0.08836545
v -1.15924138 -0.04852439 -0.10188445
v -1.16783662 -0.04892761 -0.10038555
v -1.16783662 0.00132739 -0.08686655
v -0.84088900 -0.05309313 -0.19763200
v -1.16353900 -0.05309313 -0.10113500
v -1.16353900 -0.04435887 -0.10113500
v -0.84088900 -0.04435887 -0.19763200
v -1.16383739 -0.05293535 -0.10225933
v -1.74873739 -0.02577035 -0.04873133
v -1.74814061 -0.01735165 -0.04648267
v -1.16324061 -0.04451665 -0.10001067
v -1.16345065 -0.00268558 -0.08875674
v -1.74835065 -0.02577558 -0.04874774
v -1.74852735 -0.01734642 -0.04646626
v -1.16362735 0.00574358 -0.08647526
v -0.83994974 -0.05290637 -0.19678697
v -1.16259974 -0.10316137 -0.08677097
v -1.16447826 -0.09480063 -0.08846103
v -0.84182826 -0.04454563 -0.19847703
v -1.15924138 -0.04892761 -0.10188445
v -1.15924138 -0.09918261 -0.08836545
v -1.16783662 -0.09877939 -0.08686655
v -1.16783662 -0.04852439 -0.10038555
v -0.84119675 -0.15125804 -0.16989231
v -1.16384675 -0.10316304 -0.08639631
v -1.16323125 -0.09479896 -0.08883569
v -0.84058125 -0.14289396 -0.17233169
v -0.83669319 -0.04904133 -0.19880142
v -0.83669319 -0.14739133 -0.17228142
v -0.84508481 -0.14676067 -0.16994258
v -0.84508481 -0.04841067 -0.19646258
v -1.74407792 -0.02149979 -0.04782847
v -1.74407792 -0.04866479 -0.05533647
v -1.75280008 -0.04878721 -0.05489353
v -1.75280008 -0.02162221 -0.04738553
v -1.16353900 -0.05309313 -0.10113500
v -1.74843900 -0.05309313 -0.05511500
v -1.74843900 -0.04435887 -0.05511500
v -1.16353900 -0.04435887 -0.10113500
v -1.16324061 -0.05293535 -0.10001067
v -1.74814061 -0.08010035 -0.04648267
v -1.74873739 -0.07168165 -0.04873133
v -1.16383739 -0.04451665 -0.10225933
v -1.16362735 -0.10319558 -0.08647526
v -1.74852735 -0.08010558 -0.04646626
v -1.74835065 -0.07167642 -0.04874774
v -1.16345065 -0.09476642 -0.08875674
v -1.74407792 -0.04878721 -0.05533647
v -1.74407792 -0.07595221 -0.04782847
v -1.75280008 -0.07582979 -0.04738553
v -1.75280008 -0.04866479 -0.05489353
v -1.74834360 -0.05295707 -0.05403761
v -2.67524360 -0.06571207 -0.02205461
v -2.67543440 -0.05724993 -0.02420939
v -1.74853440 -0.04449493 -0.05619239
v -1.74847369 -0.08009991 -0.04644266
v -2.67537369 -0.06568991 -0.02196766
v -2.67530431 -0.05727209 -0.02429634
v -1.74840431 -0.07168209 -0.04877134
v -1.74853528 -0.09883060 -0.02498739
v -2.67543528 -0.06453560 -0.02001239
v -2.67524272 -0.05842640 -0.02625161
v -1.74834272 -0.09272140 -0.03122661
v -2.67097386 -0.06157506 -0.02322422
v -2.67097386 -0.07091006 -0.01370322
v -2.67970414 -0.07072194 -0.01351878
v -2.67970414 -0.06138694 -0.02303978
v -1.74847253 -0.09883260 -0.02498805
v -2.67537253 -0.07387260 -0.01049205
v -2.67530547 -0.06775940 -0.01672995
v -1.74840547 -0.09271940 -0.03122595
v -2.67533860 -0.06531748 -0.02104556
v -3.48808860 -0.06322748 -0.01704756
v -3.48808940 -0.05555452 -0.02122044
v -2.67533940 -0.05764452 -0.02521844
v -3.49245596 -0.06717051 -0.01159945
v -3.49245596 -0.05936451 -0.01910645
v -3.48372204 -0.05941749 -0.01916155
v -3.48372204 -0.06722349 -0.01165455
v -2.67527402 -0.06462861 -0.02010543
v -3.48802402 -0.07034461 -0.00860043
v -3.48815398 -0.06404939 -0.01465357
v -2.67540398 -0.05833339 -0.02615857
v -3.48810437 -0.07034457 -0.00859973
v -4.20110437 -0.06251857 -0.00408273
v -4.20107363 -0.05622343 -0.01013727
v -3.48807363 -0.06404943 -0.01465427
v -3.48803805 -0.06253894 -0.01610750
v -4.20103805 -0.06251894 -0.00408350
v -4.20113995 -0.05622306 -0.01013650
v -3.48813995 -0.05624306 -0.02216050
v -3.48815385 -0.05516207 -0.02022201
v -2.67540385 -0.04449707 -0.02721101
v -2.67527415 -0.05295493 -0.02503499
v -3.48802415 -0.06361993 -0.01804599
v -2.67970543 -0.06146314 -0.02305586
v -2.67970543 -0.04870814 -0.02604686
v -2.67097257 -0.04874386 -0.02619914
v -2.67097257 -0.06149886 -0.02320814
v -1.74843900 -0.05309313 -0.05511504
v -2.67533900 -0.05309313 -0.02612304
v -2.67533900 -0.04435887 -0.02612296
v -1.74843900 -0.04435887 -0.05511496
v -1.74853440 -0.05295706 -0.05619242
v -2.67543440 -0.04020306 -0.02420942
v -2.67524360 -0.03174094 -0.02205458
v -1.74834360 -0.04449494 -0.05403758
v -2.67970543 -0.04874386 -0.02604686
v -2.67970543 -0.03598986 -0.02305586
v -2.67097257 -0.03595414 -0.02320814
v -2.67097257 -0.04870814 -0.02619914
v -1.74840431 -0.02576991 -0.04877134
v -2.67530431 -0.04018091 -0.02429634
v -2.67537369 -0.03176309 -0.02196766
v -1.74847369 -0.01735209 -0.04644266
v -2.67533899 -0.05309313 -0.02612295
v -3.48808899 -0.05309413 -0.02212495
v -3.48808901 -0.04435987 -0.02212505
v -2.67533901 -0.04435887 -0.02612305
v -3.49245598 -0.05938122 -0.01909913
v -3.49245598 -0.04871722 -0.02209013
v -3.48372202 -0.04873678 -0.02215987
v -3.48372202 -0.05940078 -0.01916887
v -3.48803632 -0.05295160 -0.02101967
v -4.20103632 -0.05909660 -0.01052167
v -4.20114168 -0.05064740 -0.01273233
v -3.48814168 -0.04450240 -0.02323033
v -3.48810323 -0.06359580 -0.01795448
v -4.20110323 -0.05907680 -0.01044748
v -4.20107477 -0.05066720 -0.01280652
v -3.48807477 -0.05518620 -0.02031352
v -2.67540384 -0.05295493 -0.02721100
v -3.48815384 -0.04229093 -0.02022200
v -3.48802416 -0.03383307 -0.01804600
v -2.67527416 -0.04449707 -0.02503500
v -3.49245598 -0.04873678 -0.02209013
v -3.49245598 -0.03807178 -0.01909913
v -3.48372202 -0.03805222 -0.01916887
v -3.48372202 -0.04871722 -0.02215987
v -2.67533940 -0.03980846 -0.02521848
v -3.48808940 -0.04189846 -0.02122048
v -3.48808860 -0.03422554 -0.01704752
v -2.67533860 -0.03213554 -0.02104552
v -3.48808900 -0.05309413 -0.02212500
v -4.20108900 -0.05309413 -0.01312200
v -4.20108900 -0.04435987 -0.01312200
v -3.48808900 -0.04435987 -0.02212500
v -4.20514100 -0.05448695 -0.01004432
v -4.20514100 -0.04834195 -0.01153932
v -4.19703700 -0.04911205 -0.01470468
v -4.19703700 -0.05525705 -0.01320968
v -3.48814168 -0.05295162 -0.02323028
v -4.20114168 -0.04680662 -0.01273228
v -4.20103632 -0.03835738 -0.01052172
v -3.48803632 -0.04450238 -0.02101972
v -3.48808838 -0.04182920 -0.02134307
v -4.20108838 -0.04634920 -0.01383607
v -4.20108962 -0.03881480 -0.00941793
v -3.48808962 -0.03429480 -0.01692493
v -4.20514100 -0.04911205 -0.01153932
v -4.20514100 -0.04296705 -0.01004432
v -4.19703700 -0.04219695 -0.01320968
v -4.19703700 -0.04834195 -0.01470468
v -3.48814052 -0.04117736 -0.02219402
v -4.20114052 -0.04119736 -0.01017002
v -4.20103748 -0.03496664 -0.00404998
v -3.48803748 -0.03494664 -0.01607398
v -4.20545582 -0.04261888 -0.01159026
v -4.20545582 -0.03811888 -0.00707326
v -4.19672218 -0.03804512 -0.00714674
v -4.19672218 -0.04254512 -0.01166374
v -2.67540431 -0.03907479 -0.02620450
v -3.48815431 -0.03335879 -0.01469950
v -3.48802369 -0.02715321 -0.00855450
v -2.67527369 -0.03286921 -0.02005950
v -3.49245596 -0.03808849 -0.01910645
v -3.49245596 -0.03028249 -0.01159945
v -3.48372204 -0.03022951 -0.01165455
v -3.48372204 -0.03803551 -0.01916155
v -4.20110437 -0.03493443 -0.00408273
v -3.48810437 -0.02710843 -0.00859973
v -3.48807363 -0.03340357 -0.01465427
v -4.20107363 -0.04122957 -0.01013727
v -4.20278636 -0.05271643 -0.01259739
v -4.20868636 -0.04935143 -0.00609739
v -4.20529164 -0.04137257 -0.00714661
v -4.19939164 -0.04473757 -0.01364661
v -4.20050016 -0.04662215 -0.01317694
v -4.20640016 -0.04940215 -0.00817194
v -4.20757784 -0.04132185 -0.00507206
v -4.20167784 -0.03854185 -0.01007706
v -4.19939164 -0.05271643 -0.01364661
v -4.20529164 -0.05608143 -0.00714661
v -4.20868636 -0.04810257 -0.00609739
v -4.20278636 -0.04473757 -0.01259739
v -4.20167784 -0.05891215 -0.01007706
v -4.20757784 -0.05613215 -0.00507206
v -4.20640016 -0.04805185 -0.00817194
v -4.20050016 -0.05083185 -0.01317694
v -4.20108900 -0.05309413 -0.01312200
v -4.20698900 -0.05309413 -0.00762900
v -4.20698900 -0.04435987 -0.00762900
v -4.20108900 -0.04435987 -0.01312200
v -4.21024810 -0.05125861 -0.00383712
v -4.21024810 -0.04789361 -0.00484412
v -4.20372990 -0.04956039 -0.01041388
v -4.20372990 -0.05292539 -0.00940688
v -4.20372990 -0.04452861 -0.00940688
v -4.20372990 -0.04789361 -0.01041388
v -4.21024810 -0.04956039 -0.00484412
v -4.21024810 -0.04619539 -0.00383712
v -2.67970546 -0.03602666 -0.02307841
v -2.67970546 -0.02669166 -0.01355741
v -2.67097254 -0.02658234 -0.01366459
v -2.67097254 -0.03591734 -0.02318559
v -3.48809500 -0.02719861 -0.00850865
v -2.67534500 -0.02357961 -0.01049265
v -2.67533300 -0.02969439 -0.01672935
v -3.48808300 -0.03331339 -0.01474535
v -2.67537253 -0.02358040 -0.01049205
v -1.74847253 0.00138060 -0.02498805
v -1.74840547 -0.00473260 -0.03122595
v -2.67530547 -0.02969360 -0.01672995
v -2.67543528 -0.03291740 -0.02001239
v -1.74853528 0.00137860 -0.02498739
v -1.74834272 -0.00473060 -0.03122661
v -2.67524272 -0.03902660 -0.02625161
v -0.18890216 -0.24351154 -0.33918434
v -0.18890216 -0.04927654 -0.39118634
v -0.18127584 -0.04817546 -0.38707366
v -0.18127584 -0.24241046 -0.33507166
v -0.18564464 -0.23890168 -0.33863961
v -0.09274464 -0.20328668 -0.27714661
v -0.09163336 -0.21140532 -0.27412339
v -0.18453336 -0.24702032 -0.33561639
v -0.09515796 -0.21016818 -0.27714906
v -0.18805796 -0.05154818 -0.39064406
v -0.18212004 -0.04590382 -0.38761594
v -0.08922004 -0.20452382 -0.27412094
v -0.18509226 -0.24674469 -0.33494728
v -0.29319226 -0.26912969 -0.37394828
v -0.29318574 -0.26156231 -0.37830972
v -0.18508574 -0.23917731 -0.33930872
v -0.18864325 -0.38764417 -0.19465652
v -0.29674325 -0.26783917 -0.37565652
v -0.28963475 -0.26285283 -0.37660148
v -0.18153475 -0.38265783 -0.19560148
v -0.18103648 -0.24181093 -0.33597638
v -0.18103648 -0.38400093 -0.19397738
v -0.18914152 -0.38630107 -0.19628062
v -0.18914152 -0.24411107 -0.33827962
v -0.18508901 -0.05309313 -0.38912999
v -0.29318901 -0.05309313 -0.43411299
v -0.29318899 -0.04435887 -0.43411301
v -0.18508899 -0.04435887 -0.38913001
v -0.18864278 -0.24535703 -0.33796555
v -0.29674278 -0.05112203 -0.43495055
v -0.28963522 -0.04632997 -0.43327545
v -0.18153522 -0.24056497 -0.33629045
v -0.29741677 -0.26562899 -0.37718621
v -0.29741677 -0.04900899 -0.43517021
v -0.28896123 -0.04844301 -0.43305579
v -0.28896123 -0.26506301 -0.37507179
v -0.29674280 -0.04633000 -0.43495058
v -0.18864280 0.14791000 -0.33796558
v -0.18153520 0.14311800 -0.33629042
v -0.28963520 -0.05112200 -0.43327542
v -0.18890216 -0.04817547 -0.39118634
v -0.18890216 0.14606453 -0.33918434
v -0.18127584 0.14496347 -0.33507166
v -0.18127584 -0.04927653 -0.38707366
v -0.18805798 -0.04590386 -0.39064411
v -0.09515798 0.11272114 -0.27714911
v -0.08922002 0.10707686 -0.27412089
v -0.18212002 -0.05154814 -0.38761589
v -0.18453335 0.14957333 -0.33561640
v -0.09163335 0.11395833 -0.27412340
v -0.09274465 0.10583967 -0.27714660
v -0.18564465 0.14145467 -0.33863960
v -0.28933277 -0.26641220 -0.37437843
v -0.40538277 -0.43821720 -0.22337743
v -0.41309523 -0.43608480 -0.22687857
v -0.29704523 -0.26427980 -0.37787957
v -0.29318462 -0.26912875 -0.37394667
v -0.40923462 -0.27676375 -0.38694767
v -0.40924338 -0.26919825 -0.39131233
v -0.29319338 -0.26156325 -0.37831133
v -0.41360613 -0.43715100 -0.22512800
v -0.41360613 -0.27298100 -0.38913000
v -0.40487187 -0.27298100 -0.38913000
v -0.40487187 -0.43715100 -0.22512800
v -0.41360613 -0.27298100 -0.38913000
v -0.41360613 -0.04872600 -0.44912700
v -0.40487187 -0.04872600 -0.44912700
v -0.40487187 -0.27298100 -0.38913000
v -0.29704512 -0.26739532 -0.37607997
v -0.41309512 -0.05077532 -0.44907797
v -0.40538288 -0.04667668 -0.44917603
v -0.28933288 -0.26329668 -0.37617803
v -0.29318900 -0.05309313 -0.43411299
v -0.40923900 -0.05309313 -0.44912699
v -0.40923900 -0.04435887 -0.44912701
v -0.29318900 -0.04435887 -0.43411301
v -0.41309523 -0.43821720 -0.22337743
v -0.52914523 -0.26641220 -0.37437843
v -0.52143277 -0.26427980 -0.37787957
v -0.40538277 -0.43608480 -0.22687857
v -0.40924338 -0.27676375 -0.38694767
v -0.52529338 -0.26912875 -0.37394667
v -0.52528462 -0.26156325 -0.37831133
v -0.40923462 -0.26919825 -0.39131233
v -0.40538288 -0.05077532 -0.44907797
v -0.52143288 -0.26739532 -0.37607997
v -0.52914512 -0.26329668 -0.37617803
v -0.41309512 -0.04667668 -0.44917603
v -0.18548835 0.14135744 -0.33840680
v -0.29358835 0.16374244 -0.37740780
v -0.29278965 0.17205556 -0.37485020
v -0.18468965 0.14967056 -0.33584920
v -0.29741677 -0.04844302 -0.43517021
v -0.29741677 0.16818198 -0.37718621
v -0.28896123 0.16761602 -0.37507179
v -0.28896123 -0.04900898 -0.43305579
v -0.41309514 -0.04667671 -0.44907799
v -0.29704514 0.16994829 -0.37607999
v -0.28933286 0.16584971 -0.37617801
v -0.40538286 -0.05077529 -0.44917601
v -0.40923900 -0.05309313 -0.44912699
v -0.52528900 -0.05309313 -0.43411299
v -0.52528900 -0.04435887 -0.43411301
v -0.40923900 -0.04435887 -0.44912701
v -0.52951686 -0.26506310 -0.37507212
v -0.52951686 -0.04844310 -0.43305612
v -0.52106114 -0.04900890 -0.43516988
v -0.52106114 -0.26562890 -0.37718588
v -0.63699268 -0.24056453 -0.33629129
v -0.52884268 -0.04632953 -0.43327629
v -0.52173532 -0.05112247 -0.43494971
v -0.62988532 -0.24535747 -0.33796471
v -0.63303979 -0.23880440 -0.33840671
v -0.52488979 -0.26118940 -0.37740771
v -0.52568821 -0.26950260 -0.37485029
v -0.63383821 -0.24711760 -0.33584929
v -0.29319331 0.16411655 -0.37831185
v -0.40924331 0.17175155 -0.39131285
v -0.40923469 0.17931645 -0.38694715
v -0.29318469 0.17168145 -0.37394615
v -0.41360613 -0.04872600 -0.44912700
v -0.41360613 0.17553400 -0.38913000
v -0.40487187 0.17553400 -0.38913000
v -0.40487187 -0.04872600 -0.44912700
v -0.52951685 -0.04900890 -0.43305610
v -0.52951685 0.16761610 -0.37507210
v -0.52106115 0.16818190 -0.37718590
v -0.52106115 -0.04844310 -0.43516990
v -0.41309514 -0.05077529 -0.44917601
v -0.52914514 0.16584971 -0.37617801
v -0.52143286 0.16994829 -0.37607999
v -0.40538286 -0.04667671 -0.44907799
v -0.40923469 0.17175155 -0.39131285
v -0.52528469 0.16411655 -0.37831185
v -0.52529331 0.17168145 -0.37394615
v -0.40924331 0.17931645 -0.38694715
v -0.41309416 0.17728746 -0.38806467
v -0.29704416 0.32823246 -0.21655567
v -0.28933384 0.32472554 -0.21868633
v -0.40538384 0.17378054 -0.39019533
v -0.29741698 0.16867213 -0.37690248
v -0.29741698 0.32725213 -0.21839448
v -0.28896102 0.32570587 -0.21684752
v -0.28896102 0.16712587 -0.37535552
v -0.29674465 0.17038971 -0.37565405
v -0.18864465 0.29019471 -0.19465405
v -0.18153335 0.28521329 -0.19560395
v -0.28963335 0.16540829 -0.37660395
v -0.18548818 0.28474337 -0.19831446
v -0.29358818 0.32351837 -0.22080646
v -0.29278982 0.32943963 -0.21443554
v -0.18468982 0.29066463 -0.19194354
v -0.29333895 0.32340463 -0.22071900
v -0.40938895 0.33662963 -0.22822600
v -0.40908905 0.34277837 -0.22203000
v -0.29303905 0.32955337 -0.21452300
v -0.41360613 0.17553400 -0.38913000
v -0.41360613 0.33970400 -0.22512800
v -0.40487187 0.33970400 -0.22512800
v -0.40487187 0.17553400 -0.38913000
v -0.52106134 0.32725300 -0.21839535
v -0.52106134 0.16867300 -0.37690335
v -0.52951666 0.16712500 -0.37535465
v -0.52951666 0.32570500 -0.21684665
v -0.52143384 0.32823246 -0.21655567
v -0.40538384 0.17728746 -0.38806467
v -0.41309416 0.17378054 -0.39019533
v -0.52914416 0.32472554 -0.21868633
v -0.52543895 0.32955337 -0.21452300
v -0.40938895 0.34277837 -0.22203000
v -0.40908905 0.33662963 -0.22822600
v -0.52513905 0.32340463 -0.22071900
v -0.63343555 0.14929224 -0.33494652
v -0.52528555 0.17168224 -0.37394752
v -0.52529245 0.16411576 -0.37831048
v -0.63344245 0.14172576 -0.33930948
v -0.62988533 0.14790548 -0.33796473
v -0.52173533 -0.04632952 -0.43494973
v -0.52884267 -0.05112248 -0.43327627
v -0.63699267 0.14311252 -0.33629127
v -0.63699243 0.14598595 -0.33463451
v -0.52884243 0.32695595 -0.21512751
v -0.52173557 0.32600205 -0.22011449
v -0.62988557 0.14503205 -0.33962149
v -0.63343900 -0.04435887 -0.38913000
v -0.52528900 -0.04435887 -0.43411300
v -0.52528900 -0.05309313 -0.43411300
v -0.63343900 -0.05309313 -0.38913000
v -0.18508899 -0.04435887 -0.38913001
v -0.09218899 -0.04435887 -0.31811501
v -0.09218901 -0.05309313 -0.31811499
v -0.18508901 -0.05309313 -0.38912999
v -0.09570216 -0.20801708 -0.27814082
v -0.09570216 -0.04939708 -0.32062082
v -0.08867584 -0.04805492 -0.31560918
v -0.08867584 -0.20667492 -0.27312918
v -0.08867584 0.10922793 -0.27312917
v -0.08867584 -0.04939707 -0.31560917
v -0.09570216 -0.04805493 -0.32062083
v -0.09570216 0.11057007 -0.27814083
v -2.52460934 -0.23810421 -0.00423554
v -2.47170834 -0.16979921 -0.05773354
v -2.46746966 -0.16740279 -0.05048246
v -2.52037066 -0.23570779 0.00301554
v -2.46959042 -0.17078211 -0.05032454
v -2.52249142 -0.21759711 -0.07733254
v -2.52248858 -0.21323489 -0.08489946
v -2.46958758 -0.16641989 -0.05789146
v -2.52559865 -0.23986950 -0.00140107
v -2.52559865 -0.21837950 -0.08190707
v -2.51938135 -0.21245250 -0.08032493
v -2.51938135 -0.23394250 0.00018107
v -2.52460970 -0.21463082 -0.08485260
v -2.47170870 -0.12889082 -0.09684560
v -2.46746930 -0.13046118 -0.08937240
v -2.52037030 -0.21620118 -0.07737940
v -2.47269713 -0.17077237 -0.05627514
v -2.47269713 -0.13184737 -0.09527614
v -2.46648087 -0.12750463 -0.09094186
v -2.46648087 -0.16642963 -0.05194086
v -2.52248757 -0.23690838 -0.00497713
v -2.46958657 -0.18285338 -0.00497713
v -2.46959143 -0.18284862 0.00375713
v -2.52249243 -0.23690362 0.00375713
v -2.46648144 -0.16563601 -0.05331823
v -2.46648144 -0.17988601 0.00017977
v -2.47269656 -0.18581599 -0.00139977
v -2.47269656 -0.17156599 -0.05489777
v -2.46957585 -0.13345841 -0.09092611
v -2.52247685 -0.16048341 -0.13743511
v -2.52250315 -0.15291859 -0.14180089
v -2.46960215 -0.12589359 -0.09529189
v -2.52560381 -0.21757724 -0.08328511
v -2.52560381 -0.15886224 -0.14178711
v -2.51937619 -0.15453976 -0.13744889
v -2.51937619 -0.21325476 -0.07894689
v -2.46747785 -0.18000664 0.00194430
v -2.52037885 -0.21257164 0.08193030
v -2.52460115 -0.21826036 0.07682170
v -2.47170015 -0.18569536 -0.00316430
v -2.51938155 -0.23394359 -0.00140592
v -2.51938155 -0.21245359 0.07858008
v -2.52559845 -0.21837841 0.08017192
v -2.52559845 -0.23986841 0.00018592
v -2.52461342 -0.15415026 -0.14245641
v -2.47171242 -0.07394526 -0.10995541
v -2.46746558 -0.07904674 -0.10427859
v -2.52036658 -0.15925174 -0.13677959
v -2.47270760 -0.13045471 -0.09606531
v -2.47270760 -0.07727471 -0.11007331
v -2.46647040 -0.07571729 -0.10416069
v -2.46647040 -0.12889729 -0.09015269
v -2.52248611 -0.21760161 0.07559514
v -2.46958511 -0.17078661 0.04858714
v -2.46959289 -0.16641539 0.05614886
v -2.52249389 -0.21323039 0.08315686
v -2.46648113 -0.17988825 -0.00140692
v -2.46648113 -0.16563825 0.05157108
v -2.47269687 -0.17156375 0.05316492
v -2.47269687 -0.18581375 0.00018692
v -2.46958900 -0.08086313 -0.10711700
v -2.52249000 -0.08086313 -0.16113300
v -2.52249000 -0.07212887 -0.16113300
v -2.46958900 -0.07212887 -0.10711700
v -2.52559939 -0.15749550 -0.14257980
v -2.52559939 -0.07729050 -0.16409480
v -2.51938061 -0.07570150 -0.15817120
v -2.51938061 -0.15590650 -0.13665620
v -2.46747257 -0.16486339 0.05315719
v -2.52037357 -0.15296339 0.13866719
v -2.52460643 -0.16043861 0.13708881
v -2.47170543 -0.17233861 0.05157881
v -2.51938072 -0.21325151 0.07720363
v -2.51938072 -0.15453651 0.13570563
v -2.52559928 -0.15886549 0.14005037
v -2.52559928 -0.21758049 0.08154837
v -2.47171240 -0.07904676 -0.10995541
v -2.52461340 0.00115724 -0.14245641
v -2.52036660 0.00625876 -0.13677959
v -2.46746560 -0.07394524 -0.10427859
v -2.52559939 -0.07570149 -0.16409480
v -2.52559939 0.00450251 -0.14257980
v -2.51938061 0.00291349 -0.13665620
v -2.51938061 -0.07729051 -0.15817120
v -2.52248512 -0.16047934 0.13568803
v -2.46958412 -0.13345434 0.08918003
v -2.46959388 -0.12589766 0.09355997
v -2.52249488 -0.15292266 0.14006797
v -2.46647404 -0.16643451 0.05020579
v -2.46647404 -0.12750951 0.08920779
v -2.47270396 -0.13184249 0.09353221
v -2.47270396 -0.17076749 0.05453021
v -2.47270759 -0.07571727 -0.11007331
v -2.47270759 -0.02253827 -0.09606531
v -2.46647041 -0.02409573 -0.09015269
v -2.46647041 -0.07727473 -0.10416069
v -2.52247685 0.00749041 -0.13743511
v -2.46957585 -0.01953459 -0.09092611
v -2.46960215 -0.02709941 -0.09529189
v -2.52250315 -0.00007441 -0.14180089
v -2.46747235 -0.12604663 0.09017868
v -2.52037335 -0.07286663 0.15820168
v -2.52460665 -0.08012537 0.16058432
v -2.47170565 -0.13330537 0.09256132
v -2.51937326 -0.15590843 0.13492341
v -2.51937326 -0.07570343 0.15643841
v -2.52560674 -0.07728857 0.16234759
v -2.52560674 -0.15749357 0.14083259
v -2.52560380 0.00586923 -0.14178713
v -2.52560380 0.06458523 -0.08328513
v -2.51937620 0.06026277 -0.07894687
v -2.51937620 0.00154677 -0.13744887
v -2.47170872 -0.02410219 -0.09684559
v -2.52460972 0.06163881 -0.08485259
v -2.52037028 0.06320919 -0.07737941
v -2.46746928 -0.02253181 -0.08937241
v -2.52248999 -0.08086313 0.15939301
v -2.46958899 -0.08086313 0.10537701
v -2.46958901 -0.07212887 0.10537699
v -2.52249001 -0.07212887 0.15939299
v -2.46648146 -0.12889448 0.08840281
v -2.46648146 -0.07571448 0.10240981
v -2.47269654 -0.07727752 0.10834419
v -2.47269654 -0.13045752 0.09433719
v -2.47269714 -0.02114566 -0.09527616
v -2.47269714 0.01778034 -0.05627516
v -2.46648086 0.01343766 -0.05194084
v -2.46648086 -0.02548834 -0.09094184
v -2.52249141 0.06460512 -0.07733254
v -2.46959041 0.01779012 -0.05032454
v -2.46958759 0.01342788 -0.05789146
v -2.52248859 0.06024288 -0.08489946
v -2.52037336 -0.08012539 0.15820171
v -2.46747236 -0.02694639 0.09017871
v -2.47170564 -0.01968761 0.09256129
v -2.52460664 -0.07286661 0.16058429
v -2.46648146 -0.07727754 0.10240981
v -2.46648146 -0.02409854 0.08840281
v -2.47269654 -0.02253546 0.09433719
v -2.47269654 -0.07571446 0.10834419
v -2.52559865 0.06538750 -0.08190707
v -2.52559865 0.08687750 -0.00140107
v -2.51938135 0.08095050 0.00018107
v -2.51938135 0.05946050 -0.08032493
v -2.47170832 0.01680723 -0.05773354
v -2.52460932 0.08511223 -0.00423554
v -2.52037068 0.08271577 0.00301554
v -2.46746968 0.01441077 -0.05048246
v -2.51937326 -0.07728858 0.15643841
v -2.51937326 0.00291542 0.13492341
v -2.52560674 0.00450058 0.14083259
v -2.52560674 -0.07570342 0.16234759
v -2.46958411 -0.01953866 0.08918004
v -2.52248511 0.00748634 0.13568804
v -2.52249489 -0.00007034 0.14006796
v -2.46959389 -0.02709534 0.09355996
v -2.47269653 0.01857403 -0.05489773
v -2.47269653 0.03282303 -0.00139973
v -2.46648147 0.02689297 0.00017973
v -2.46648147 0.01264397 -0.05331827
v -2.52249245 0.08391160 0.00375713
v -2.46959145 0.02985560 0.00375713
v -2.46958655 0.02986040 -0.00497713
v -2.52248755 0.08391640 -0.00497713
v -2.46647404 -0.02548346 0.08920776
v -2.46647404 0.01344254 0.05020576
v -2.47270396 0.01777546 0.05453024
v -2.47270396 -0.02115054 0.09353224
v -2.52037357 -0.00002962 0.13866715
v -2.46747257 0.01187138 0.05315715
v -2.47170543 0.01934662 0.05157885
v -2.52460643 0.00744562 0.13708885
v -2.47170014 0.03270234 -0.00316433
v -2.52460114 0.06526834 0.07682167
v -2.52037886 0.05957966 0.08193033
v -2.46747786 0.02701366 0.00194433
v -2.52559842 0.08687644 0.00018593
v -2.52559842 0.06538644 0.08017193
v -2.51938158 0.05946156 0.07858007
v -2.51938158 0.08095156 -0.00140593
v -2.51938071 0.00154353 0.13570562
v -2.51938071 0.06025953 0.07720362
v -2.52559929 0.06458847 0.08154838
v -2.52559929 0.00587247 0.14005038
v -2.46958512 0.01779460 0.04858713
v -2.52248612 0.06460960 0.07559513
v -2.52249388 0.06023840 0.08315687
v -2.46959288 0.01342340 0.05614887
v -2.47269687 0.03282076 0.00018687
v -2.47269687 0.01857176 0.05316487
v -2.46648113 0.01264624 0.05157113
v -2.46648113 0.02689524 -0.00140687
v -2.46706146 -0.26013630 -0.11067408
v -2.51996246 -0.15652630 -0.14317508
v -2.52501754 -0.15687570 -0.13606092
v -2.47211654 -0.26048570 -0.10355992
v -2.52306559 -0.21807342 -0.07769860
v -2.47016459 -0.26296842 -0.10369960
v -2.46901341 -0.25765358 -0.11053440
v -2.52191441 -0.21275858 -0.08453340
v -2.51931937 -0.21753569 -0.08324340
v -2.51931937 -0.15882069 -0.14174540
v -2.52566063 -0.15458131 -0.13749060
v -2.52566063 -0.21329631 -0.07898860
v -2.52191541 -0.16012618 -0.13697039
v -2.46901441 -0.18604618 -0.18198339
v -2.47016359 -0.17919582 -0.18727861
v -2.52306459 -0.15327582 -0.14226561
v -2.46642034 -0.26243361 -0.10924443
v -2.46642034 -0.18474361 -0.18675843
v -2.47275766 -0.18049839 -0.18250357
v -2.47275766 -0.25818839 -0.10498957
v -2.47211653 -0.26048569 0.10181991
v -2.52501753 -0.15687569 0.13432091
v -2.51996247 -0.15652631 0.14143509
v -2.46706147 -0.26013631 0.10893409
v -2.52566063 -0.21329631 0.07724860
v -2.52566063 -0.15458131 0.13575060
v -2.51931937 -0.15882069 0.14000540
v -2.51931937 -0.21753569 0.08150340
v -2.52191441 -0.21275858 0.08279340
v -2.46901341 -0.25765358 0.10879440
v -2.47016459 -0.26296842 0.10195960
v -2.52306559 -0.21807342 0.07595860
v -2.47275764 -0.25818837 0.10324957
v -2.47275764 -0.18049837 0.18076457
v -2.46642036 -0.18474363 0.18501943
v -2.46642036 -0.26243363 0.10750443
v -2.52306462 -0.15327582 0.14052560
v -2.47016362 -0.17919582 0.18553960
v -2.46901438 -0.18604618 0.18024440
v -2.52191538 -0.16012618 0.13523040
v -2.46642036 0.03175162 -0.18675844
v -2.46642036 0.10944162 -0.10924444
v -2.47275764 0.10519638 -0.10498956
v -2.47275764 0.02750638 -0.18250356
v -2.52306455 0.00028284 -0.14226563
v -2.47016355 0.02620384 -0.18727863
v -2.46901445 0.03305416 -0.18198337
v -2.52191545 0.00713316 -0.13697037
v -2.51996246 0.00353330 -0.14317509
v -2.46706146 0.10714430 -0.11067409
v -2.47211654 0.10749370 -0.10355991
v -2.52501754 0.00388270 -0.13606091
v -2.51931937 0.00582767 -0.14174542
v -2.51931937 0.06454367 -0.08324342
v -2.52566063 0.06030433 -0.07898858
v -2.52566063 0.00158833 -0.13749058
v -2.47016461 0.10997644 -0.10369962
v -2.52306561 0.06508144 -0.07769862
v -2.52191439 0.05976656 -0.08453338
v -2.46901339 0.10466156 -0.11053438
v -2.52501752 0.00388269 0.13432091
v -2.47211652 0.10749369 0.10181991
v -2.46706148 0.10714431 0.10893409
v -2.51996248 0.00353331 0.14143509
v -2.52191541 0.00713317 0.13523038
v -2.46901441 0.03305417 0.18024438
v -2.47016359 0.02620383 0.18553962
v -2.52306459 0.00028283 0.14052562
v -2.47275762 0.02750635 0.18076456
v -2.47275762 0.10519635 0.10324956
v -2.46642038 0.10944165 0.10750444
v -2.46642038 0.03175165 0.18501944
v -2.46901339 0.10466156 0.10879438
v -2.52191439 0.05976656 0.08279338
v -2.52306561 0.06508144 0.07595862
v -2.47016461 0.10997644 0.10195962
v -2.52566063 0.00158833 0.13575058
v -2.52566063 0.06030433 0.07724858
v -2.51931937 0.06454367 0.08150342
v -2.51931937 0.00582767 0.14000542
v -2.29365389 -0.27819649 -0.00424100
v -2.22750389 -0.19282049 -0.07073900
v -2.22327411 -0.19044151 -0.06347700
v -2.28942411 -0.27581751 0.00302100
v -2.22539751 -0.19381910 -0.06332859
v -2.29154751 -0.25233510 -0.09735559
v -2.29153049 -0.24795890 -0.10491441
v -2.22538049 -0.18944290 -0.07088741
v -2.29464654 -0.27997139 -0.00140208
v -2.29464654 -0.25311139 -0.10192708
v -2.28843146 -0.24718261 -0.10034292
v -2.28843146 -0.27404261 0.00018208
v -2.29464344 -0.25232024 -0.10330555
v -2.29464344 -0.17892424 -0.17679255
v -2.28843456 -0.17457776 -0.17245145
v -2.28843456 -0.24797376 -0.09896445
v -2.22750819 -0.19536756 -0.06632127
v -2.29365819 -0.18048756 -0.17383527
v -2.28941981 -0.17301444 -0.17540873
v -2.22326981 -0.18789444 -0.06789473
v -2.29153900 -0.27700700 -0.00497713
v -2.22538900 -0.20944100 -0.00497713
v -2.22538900 -0.20944100 0.00375713
v -2.29153900 -0.27700700 0.00375713
v -2.22228027 -0.18866824 -0.06631449
v -2.22228027 -0.20647824 0.00018351
v -2.22849773 -0.21240376 -0.00140351
v -2.22849773 -0.19459376 -0.06790151
v -2.22849950 -0.19380633 -0.06926775
v -2.22849950 -0.14514633 -0.11827875
v -2.22227850 -0.14079567 -0.11395925
v -2.22227850 -0.18945567 -0.06494825
v -2.29153972 -0.17296870 -0.17680511
v -2.22538972 -0.13918870 -0.11830211
v -2.22538828 -0.14675330 -0.11393589
v -2.29153828 -0.18053330 -0.17243889
v -2.22228027 -0.20647824 -0.00140351
v -2.22228027 -0.18866824 0.06509449
v -2.22849773 -0.19459376 0.06668151
v -2.22849773 -0.21240376 0.00018351
v -2.28942207 -0.27581951 -0.00424046
v -2.22327207 -0.19044351 0.06225754
v -2.22750593 -0.19281849 0.06951846
v -2.29365593 -0.27819449 0.00302046
v -2.29365827 -0.17419349 -0.17745743
v -2.22750827 -0.07393849 -0.13647143
v -2.22326973 -0.07905351 -0.13080057
v -2.28941973 -0.17930851 -0.17178657
v -2.22849976 -0.14375204 -0.11908294
v -2.22849976 -0.07727704 -0.13659994
v -2.22227824 -0.07571496 -0.13067206
v -2.22227824 -0.14218996 -0.11315506
v -2.28842868 -0.27404642 -0.00140541
v -2.28842868 -0.24718642 0.09856959
v -2.29464932 -0.25310758 0.10016041
v -2.29464932 -0.27996758 0.00018541
v -2.22540063 -0.18945249 0.06967294
v -2.29155063 -0.24796849 0.10314994
v -2.29152737 -0.25232551 0.09558006
v -2.22537737 -0.19380951 0.06210306
v -2.22538972 -0.08086313 -0.13363529
v -2.29153972 -0.08086313 -0.20111029
v -2.29153828 -0.07212887 -0.20111171
v -2.22538828 -0.07212887 -0.13363671
v -2.29464843 -0.17753433 -0.17758674
v -2.29464843 -0.07727933 -0.20407574
v -2.28842957 -0.07571267 -0.19814626
v -2.28842957 -0.17596767 -0.17165726
v -2.28941841 -0.25093244 0.09562896
v -2.22326841 -0.14375644 0.11064396
v -2.22750959 -0.14218556 0.11811604
v -2.29365959 -0.24936156 0.10310104
v -2.22227444 -0.18947010 0.06371962
v -2.22227444 -0.14081010 0.11221162
v -2.22850356 -0.14513190 0.11654838
v -2.22850356 -0.19379190 0.06805638
v -2.29365106 -0.07286536 -0.20230660
v -2.22750106 -0.00639536 -0.11731460
v -2.22327694 -0.01365664 -0.11492340
v -2.28942694 -0.08012664 -0.19991540
v -2.22849817 -0.07571450 -0.13660149
v -2.22849817 -0.00924450 -0.11908449
v -2.22227983 -0.01080750 -0.11315351
v -2.22227983 -0.07727750 -0.13067051
v -2.28842963 -0.24797685 0.09719842
v -2.28842963 -0.17458085 0.17071542
v -2.29464837 -0.17892115 0.17504858
v -2.29464837 -0.25231715 0.10153158
v -2.22538666 -0.13919021 0.11656574
v -2.29153666 -0.17297021 0.17506774
v -2.29154134 -0.18053179 0.17069626
v -2.22539134 -0.14675179 0.11219426
v -2.22538916 -0.01380789 -0.11830283
v -2.29153916 0.01997711 -0.17680583
v -2.29153884 0.02754089 -0.17243817
v -2.22538884 -0.00624411 -0.11393517
v -2.29464946 -0.07571294 -0.20407473
v -2.29464946 0.02454206 -0.17758573
v -2.28842854 0.02297594 -0.17165827
v -2.28842854 -0.07727906 -0.19814727
v -2.22327001 -0.13934034 0.11319678
v -2.28942001 -0.07286534 0.19870678
v -2.29365799 -0.08012666 0.20107322
v -2.22750799 -0.14660166 0.11556322
v -2.28843048 -0.17595311 0.16992019
v -2.28843048 -0.07569811 0.19692819
v -2.29464752 -0.07729389 0.20285181
v -2.29464752 -0.17754889 0.17584381
v -2.29365811 0.02749561 -0.17383529
v -2.22750811 0.04237461 -0.06632129
v -2.22326989 0.03490139 -0.06789471
v -2.28941989 0.02002239 -0.17540871
v -2.22849940 -0.00785068 -0.11827892
v -2.22849940 0.04081332 -0.06926792
v -2.22227860 0.03646268 -0.06494808
v -2.22227860 -0.01220132 -0.11395908
v -2.29153898 -0.08086313 0.19989002
v -2.22538898 -0.08086313 0.13238502
v -2.22538902 -0.07212887 0.13238498
v -2.29153902 -0.07212887 0.19988998
v -2.22227772 -0.14216981 0.11142199
v -2.22227772 -0.07569481 0.12942699
v -2.22850028 -0.07729719 0.13534301
v -2.22850028 -0.14377219 0.11733801
v -2.22538116 0.03644933 -0.07088708
v -2.29153116 0.09496533 -0.10491408
v -2.29154684 0.09934267 -0.09735592
v -2.22539684 0.04082667 -0.06332892
v -2.29464344 0.02593226 -0.17679254
v -2.29464344 0.09932726 -0.10330554
v -2.28843456 0.09498074 -0.09896446
v -2.28843456 0.02158574 -0.17245146
v -2.28942008 -0.08012673 0.19870688
v -2.22327008 -0.01365673 0.11319688
v -2.22750792 -0.00639527 0.11556312
v -2.29365792 -0.07286527 0.20107312
v -2.22227771 -0.07729724 0.12942701
v -2.22227771 -0.01082724 0.11142201
v -2.22850029 -0.00922476 0.11733799
v -2.22850029 -0.07569476 0.13534299
v -2.29365743 0.10000000 -0.09858856
v -2.22750743 0.05929500 0.00193644
v -2.22327057 0.05360300 -0.00315644
v -2.28942057 0.09430800 -0.10368144
v -2.22849629 0.04160216 -0.06790193
v -2.22849629 0.05941316 -0.00140393
v -2.22228171 0.05348484 0.00018393
v -2.22228171 0.03567384 -0.06631407
v -2.28843051 -0.07729390 0.19692816
v -2.28843051 0.02296110 0.16992016
v -2.29464749 0.02455690 0.17584384
v -2.29464749 -0.07569810 0.20285184
v -2.22538826 -0.00624384 0.11219663
v -2.29153826 0.02754116 0.17069863
v -2.29153974 0.01997684 0.17506537
v -2.22538974 -0.01380816 0.11656337
v -2.22538745 0.05645052 -0.00497713
v -2.29153745 0.12401552 -0.00497713
v -2.29154055 0.12401248 0.00375713
v -2.22539055 0.05644748 0.00375713
v -2.29464752 0.10011744 -0.10192682
v -2.29464752 0.12697744 -0.00140182
v -2.28843048 0.12105056 0.00018182
v -2.28843048 0.09419056 -0.10034318
v -2.22228078 -0.01219135 0.11220697
v -2.22228078 0.03647265 0.06371497
v -2.22849722 0.04080335 0.06806103
v -2.22849722 -0.00786065 0.11655303
v -2.28942332 0.02002075 0.17367018
v -2.22327332 0.03489975 0.06667618
v -2.22750468 0.04237625 0.06509982
v -2.29365468 0.02749725 0.17209382
v -2.22750189 0.05929123 -0.00316524
v -2.29365189 0.09999623 0.09680976
v -2.28942611 0.09431177 0.10192024
v -2.22327611 0.05360677 0.00194524
v -2.29464808 0.12697580 0.00018574
v -2.29464808 0.10011580 0.10016074
v -2.28842992 0.09419220 0.09856926
v -2.28842992 0.12105220 -0.00140574
v -2.28842551 0.02159179 0.17071839
v -2.28842551 0.09498679 0.09720139
v -2.29465249 0.09932121 0.10152861
v -2.29465249 0.02592621 0.17504561
v -2.22538113 0.04081332 0.06210121
v -2.29153113 0.09932932 0.09557821
v -2.29154687 0.09497868 0.10315179
v -2.22539687 0.03646268 0.06967479
v -2.22849963 0.05940988 0.00018305
v -2.22849963 0.04159888 0.06668105
v -2.22227837 0.03567712 0.06509495
v -2.22227837 0.05348812 -0.00140305
v -2.22285796 -0.30609825 -0.13719093
v -2.28900796 -0.17658325 -0.17817693
v -2.29407004 -0.17691875 -0.17106707
v -2.22792004 -0.30643375 -0.13008107
v -2.29210919 -0.25280055 -0.09771369
v -2.22595919 -0.30891955 -0.13021469
v -2.22481881 -0.30361245 -0.13705731
v -2.29096881 -0.24749345 -0.10455631
v -2.28836881 -0.25227219 -0.10325756
v -2.28836881 -0.17887619 -0.17674456
v -2.29470919 -0.17462581 -0.17249944
v -2.29470919 -0.24802181 -0.09901244
v -2.29096813 -0.18017190 -0.17196807
v -2.22481813 -0.21257690 -0.22796707
v -2.22595987 -0.20573510 -0.23327493
v -2.29210987 -0.17333010 -0.17727593
v -2.22221516 -0.30838578 -0.13575852
v -2.22221516 -0.21127578 -0.23274352
v -2.22856284 -0.20703622 -0.22849848
v -2.22856284 -0.30414622 -0.13151348
v -2.22792008 -0.30643297 0.12831207
v -2.29407008 -0.17691797 0.16932707
v -2.28900792 -0.17658403 0.17643693
v -2.22285792 -0.30609903 0.13542193
v -2.29470909 -0.24802130 0.09724280
v -2.29470909 -0.17462530 0.17075980
v -2.28836891 -0.17887670 0.17500420
v -2.28836891 -0.25227270 0.10148720
v -2.29096929 -0.24749377 0.10278664
v -2.22481929 -0.30361277 0.13528864
v -2.22595871 -0.30891923 0.12844536
v -2.29210871 -0.25280023 0.09594336
v -2.22856288 -0.30414592 0.12974484
v -2.22856288 -0.20703592 0.22675984
v -2.22221512 -0.21127608 0.23100416
v -2.22221512 -0.30838608 0.13398916
v -2.29211023 -0.17333034 0.17553617
v -2.22596023 -0.20573534 0.23153617
v -2.22481777 -0.21257666 0.22622783
v -2.29096777 -0.18017166 0.17022783
v -2.22221516 0.05828378 -0.23274352
v -2.22221516 0.15539378 -0.13575852
v -2.22856284 0.15115422 -0.13151348
v -2.22856284 0.05404422 -0.22849848
v -2.29210987 0.02033810 -0.17727593
v -2.22595987 0.05274310 -0.23327493
v -2.22481813 0.05958490 -0.22796707
v -2.29096813 0.02717990 -0.17196807
v -2.28900797 0.02359126 -0.17817694
v -2.22285797 0.15310626 -0.13719094
v -2.22792003 0.15344174 -0.13008106
v -2.29407003 0.02392674 -0.17106706
v -2.28836883 0.02588422 -0.17674456
v -2.28836883 0.09927922 -0.10325756
v -2.29470917 0.09502878 -0.09901244
v -2.29470917 0.02163378 -0.17249944
v -2.22595920 0.15592752 -0.13021466
v -2.29210920 0.09980752 -0.09771366
v -2.29096880 0.09450048 -0.10455634
v -2.22481880 0.15062048 -0.13705734
v -2.29407007 0.02392596 0.16932706
v -2.22792007 0.15344096 0.12831206
v -2.22285793 0.15310704 0.13542194
v -2.28900793 0.02359204 0.17643694
v -2.29096777 0.02717966 0.17022783
v -2.22481777 0.05958466 0.22622783
v -2.22596023 0.05274334 0.23153617
v -2.29211023 0.02033834 0.17553617
v -2.22856288 0.05404392 0.22675984
v -2.22856288 0.15115392 0.12974484
v -2.22221512 0.15539408 0.13398916
v -2.22221512 0.05828408 0.23100416
v -2.22481929 0.15062080 0.13528866
v -2.29096929 0.09450080 0.10278666
v -2.29210871 0.09980720 0.09594334
v -2.22595871 0.15592720 0.12844534
v -2.29470907 0.02163327 0.17075980
v -2.29470907 0.09502827 0.09724280
v -2.28836893 0.09927973 0.10148720
v -2.28836893 0.02588473 0.17500420
v -1.93395812 -0.32833201 -0.00423639
v -1.85130812 -0.22160701 -0.08773239
v -1.84706988 -0.21921499 -0.08047961
v -1.92971988 -0.32593999 0.00301639
v -1.84918176 -0.22259266 -0.08032286
v -1.93183176 -0.29573766 -0.12234586
v -1.93184624 -0.29137434 -0.12991214
v -1.84919624 -0.21822934 -0.08788914
v -1.93494820 -0.33009852 -0.00140256
v -1.93494820 -0.29651852 -0.12692156
v -1.92872980 -0.29059348 -0.12533644
v -1.92872980 -0.32417348 0.00018256
v -1.93395796 -0.29276445 -0.12986468
v -1.85130796 -0.15879445 -0.14835868
v -1.84707004 -0.16037755 -0.14088732
v -1.92972004 -0.29434755 -0.12239332
v -1.85230084 -0.22257209 -0.08627809
v -1.85230084 -0.16174709 -0.14679509
v -1.84607716 -0.15742491 -0.14245091
v -1.84607716 -0.21824991 -0.08193391
v -1.93183691 -0.32713804 -0.00497713
v -1.84918691 -0.24267804 -0.00497713
v -1.84919109 -0.24267396 0.00375713
v -1.93184109 -0.32713396 0.00375713
v -1.84608145 -0.21744622 -0.08331541
v -1.84608145 -0.23971122 0.00018059
v -1.85229655 -0.24564078 -0.00140059
v -1.85229655 -0.22337578 -0.08489659
v -1.84918839 -0.16336645 -0.14243667
v -1.93183839 -0.20559645 -0.21543467
v -1.93183961 -0.19803555 -0.21980733
v -1.84918961 -0.15580555 -0.14680933
v -1.93494844 -0.29572138 -0.12830025
v -1.93494844 -0.20398138 -0.21979225
v -1.92872956 -0.19965062 -0.21544975
v -1.92872956 -0.29139062 -0.12395775
v -1.84707677 -0.23983227 0.00194412
v -1.92972677 -0.29071227 0.12694412
v -1.93395123 -0.29639973 0.12183588
v -1.85130123 -0.24551973 -0.00316412
v -1.92873069 -0.32417343 -0.00140587
v -1.92873069 -0.29059343 0.12359413
v -1.93494731 -0.29651857 0.12518587
v -1.93494731 -0.33009857 0.00018587
v -1.93395404 -0.19927215 -0.22047184
v -1.85130404 -0.07395215 -0.16996484
v -1.84707396 -0.07903985 -0.16426316
v -1.92972396 -0.20435985 -0.21477016
v -1.85229866 -0.16038715 -0.14758273
v -1.85229866 -0.07729715 -0.17007373
v -1.84607934 -0.07569485 -0.16415427
v -1.84607934 -0.15878485 -0.14166327
v -1.93183091 -0.29573838 0.12060728
v -1.84918091 -0.22259338 0.07858428
v -1.84919709 -0.21822862 0.08614972
v -1.93184709 -0.29137362 0.12817272
v -1.84608010 -0.23971377 -0.00140485
v -1.84608010 -0.21744877 0.08157215
v -1.85229790 -0.22337323 0.08316185
v -1.85229790 -0.24563823 0.00018485
v -1.84918900 -0.08086313 -0.16711400
v -1.93183900 -0.08086313 -0.25161700
v -1.93183900 -0.07212887 -0.25161700
v -1.84918900 -0.07212887 -0.16711400
v -1.93494754 -0.20261907 -0.22058138
v -1.93494754 -0.07729907 -0.25457738
v -1.92873046 -0.07569293 -0.24865662
v -1.92873046 -0.20101293 -0.21466062
v -1.92972401 -0.29434474 0.12065148
v -1.84707401 -0.16037474 0.13914448
v -1.85130399 -0.15879726 0.14662152
v -1.93395399 -0.29276726 0.12812852
v -1.84607715 -0.21824993 0.08019490
v -1.84607715 -0.15742493 0.14071090
v -1.85230085 -0.16174707 0.14505510
v -1.85230085 -0.22257207 0.08453910
v -1.85130404 -0.07903985 -0.16996484
v -1.93395404 0.04628015 -0.22047184
v -1.92972396 0.05136785 -0.21477016
v -1.84707396 -0.07395215 -0.16426316
v -1.93494754 -0.07569293 -0.25457738
v -1.93494754 0.04962707 -0.22058138
v -1.92873046 0.04802093 -0.21466062
v -1.92873046 -0.07729907 -0.24865662
v -1.92873497 -0.29138098 0.12222065
v -1.92873497 -0.19964098 0.21420065
v -1.93494303 -0.20399102 0.21853935
v -1.93494303 -0.29573102 0.12655935
v -1.84918356 -0.15580220 0.14506352
v -1.93183356 -0.19803220 0.21855052
v -1.93184444 -0.20559980 0.21418948
v -1.84919444 -0.16336980 0.14070248
v -1.85229866 -0.07569485 -0.17007373
v -1.85229866 0.00739515 -0.14758273
v -1.84607934 0.00579285 -0.14166327
v -1.84607934 -0.07729715 -0.16415427
v -1.93183705 0.05260510 -0.21543581
v -1.84918705 0.01037510 -0.14243781
v -1.84919095 0.00281290 -0.14680819
v -1.93184095 0.04504290 -0.21980619
v -1.84707505 -0.15595386 0.14169532
v -1.92972505 -0.07286386 0.24869032
v -1.93395295 -0.08012814 0.25106568
v -1.85130295 -0.16321814 0.14407068
v -1.92873696 -0.20102198 0.21340037
v -1.92873696 -0.07570198 0.24690837
v -1.93494104 -0.07729002 0.25284763
v -1.93494104 -0.20261002 0.21933963
v -1.93395146 0.05256437 -0.21683425
v -1.85130146 0.07115937 -0.08331925
v -1.84707654 0.06367863 -0.08489275
v -1.92972654 0.04508363 -0.21840775
v -1.85229795 0.00875715 -0.14679716
v -1.85229795 0.06958215 -0.08628016
v -1.84608005 0.06525585 -0.08193184
v -1.84608005 0.00443085 -0.14244884
v -1.93184249 -0.08086313 0.24987458
v -1.84919249 -0.08086313 0.16537158
v -1.84918551 -0.07212887 0.16537842
v -1.93183551 -0.07212887 0.24988142
v -1.84608068 -0.15878446 0.13992197
v -1.84608068 -0.07569446 0.16241397
v -1.85229732 -0.07729754 0.16833603
v -1.85229732 -0.16038754 0.14584403
v -1.84919490 0.06523848 -0.08788980
v -1.93184490 0.13838348 -0.12991280
v -1.93183310 0.14274452 -0.12234520
v -1.84918310 0.06959952 -0.08032220
v -1.93495035 0.05098801 -0.21979088
v -1.93495035 0.14272801 -0.12829888
v -1.92872765 0.13839999 -0.12395912
v -1.92872765 0.04665999 -0.21545112
v -1.84707917 -0.07394538 0.16252636
v -1.92972917 0.05137462 0.21352136
v -1.93394883 0.04627338 0.21921864
v -1.85129883 -0.07904662 0.16822364
v -1.92873196 -0.07728871 0.24691325
v -1.92873196 0.04803129 0.21340525
v -1.93494604 0.04961671 0.21933475
v -1.93494604 -0.07570329 0.25284275
v -1.93494820 0.14352652 -0.12692156
v -1.93494820 0.17710652 -0.00140256
v -1.92872980 0.17118148 0.00018256
v -1.92872980 0.13760148 -0.12533644
v -1.85130812 0.06861501 -0.08773239
v -1.93395812 0.17534001 -0.00423639
v -1.92971988 0.17294799 0.00301639
v -1.84706988 0.06622299 -0.08047961
v -1.93183006 0.04504191 0.21855346
v -1.84918006 0.00281191 0.14506646
v -1.84919794 0.01037609 0.14069954
v -1.93184794 0.05260609 0.21418654
v -1.84608821 -0.07729952 0.16240662
v -1.84608821 0.00579048 0.13991462
v -1.85228979 0.00739752 0.14585138
v -1.85228979 -0.07569248 0.16834338
v -1.85229655 0.07038378 -0.08489659
v -1.85229655 0.09264878 -0.00140059
v -1.84608145 0.08671922 0.00018059
v -1.84608145 0.06445422 -0.08331541
v -1.93184109 0.17414196 0.00375713
v -1.84919109 0.08968196 0.00375713
v -1.84918691 0.08968604 -0.00497713
v -1.93183691 0.17414604 -0.00497713
v -1.84707401 0.00738274 0.13914448
v -1.92972401 0.14135274 0.12065148
v -1.93395399 0.13977526 0.12812852
v -1.85130399 0.00580526 0.14662152
v -1.92873497 0.04664898 0.21420065
v -1.92873497 0.13838898 0.12222065
v -1.93494303 0.14273902 0.12655935
v -1.93494303 0.05099902 0.21853935
v -1.85130123 0.09252773 -0.00316412
v -1.93395123 0.14340773 0.12183588
v -1.92972677 0.13772027 0.12694412
v -1.84707677 0.08684027 0.00194412
v -1.93494731 0.17710657 0.00018587
v -1.93494731 0.14352657 0.12518587
v -1.92873069 0.13760143 0.12359413
v -1.92873069 0.17118143 -0.00140587
v -1.93184709 0.13838162 0.12817272
v -1.84919709 0.06523662 0.08614972
v -1.84918091 0.06960138 0.07858428
v -1.93183091 0.14274638 0.12060728
v -1.84607715 0.00443293 0.14071090
v -1.84607715 0.06525793 0.08019490
v -1.85230085 0.06958007 0.08453910
v -1.85230085 0.00875507 0.14505510
v -1.85229790 0.09264623 0.00018485
v -1.85229790 0.07038123 0.08316185
v -1.84608010 0.06445677 0.08157215
v -1.84608010 0.08672177 -0.00140485
v -1.84666116 -0.36354094 -0.17018309
v -1.92931116 -0.20164594 -0.22117809
v -1.93436684 -0.20198606 -0.21406391
v -1.85171684 -0.36388106 -0.16306891
v -1.93241671 -0.29621043 -0.12270963
v -1.84976671 -0.36636543 -0.16320663
v -1.84861129 -0.36105657 -0.17004537
v -1.93126129 -0.29090157 -0.12954837
v -1.92866703 -0.29567567 -0.12825442
v -1.92866703 -0.20393567 -0.21974642
v -1.93501097 -0.19969633 -0.21549558
v -1.93501097 -0.29143633 -0.12400358
v -1.93125886 -0.20524021 -0.21497335
v -1.84860886 -0.24574521 -0.28546835
v -1.84976914 -0.23889679 -0.29076365
v -1.93241914 -0.19839179 -0.22026865
v -1.84602212 -0.36583822 -0.16875147
v -1.84602212 -0.24444822 -0.29024147
v -1.85235588 -0.24019378 -0.28599053
v -1.85235588 -0.36158378 -0.16450053
v -1.85172132 -0.36387353 0.16133274
v -1.93437132 -0.20197853 0.21281574
v -1.92930668 -0.20165347 0.21992426
v -1.84665668 -0.36354847 0.16844126
v -1.93500990 -0.29142988 0.12226943
v -1.93500990 -0.19968988 0.21424943
v -1.92866810 -0.20394212 0.21849057
v -1.92866810 -0.29568212 0.12651057
v -1.93126719 -0.29090597 0.12781377
v -1.84861719 -0.36106097 0.16831077
v -1.84976081 -0.36636103 0.16146323
v -1.93241081 -0.29620603 0.12096623
v -1.85236249 -0.36158871 0.16276646
v -1.85236249 -0.24019871 0.28425646
v -1.84601551 -0.24444329 0.28849754
v -1.84601551 -0.36583329 0.16700754
v -1.93241237 -0.19839660 0.21902533
v -1.84976237 -0.23890160 0.28903233
v -1.84861563 -0.24574040 0.28372167
v -1.93126563 -0.20523540 0.21371467
v -1.84602212 0.09145622 -0.29024147
v -1.84602212 0.21284622 -0.16875147
v -1.85235588 0.20859178 -0.16450053
v -1.85235588 0.08720178 -0.28599053
v -1.93241914 0.04539979 -0.22026865
v -1.84976914 0.08590479 -0.29076365
v -1.84860886 0.09275321 -0.28546835
v -1.93125886 0.05224821 -0.21497335
v -1.92931116 0.04865394 -0.22117809
v -1.84666116 0.21054894 -0.17018309
v -1.85171684 0.21088906 -0.16306891
v -1.93436684 0.04899406 -0.21406391
v -1.92866703 0.05094367 -0.21974642
v -1.92866703 0.14268367 -0.12825442
v -1.93501097 0.13844433 -0.12400358
v -1.93501097 0.04670433 -0.21549558
v -1.84976671 0.21337343 -0.16320663
v -1.93241671 0.14321843 -0.12270963
v -1.93126129 0.13790957 -0.12954837
v -1.84861129 0.20806457 -0.17004537
v -1.93437132 0.04898653 0.21281574
v -1.85172132 0.21088153 0.16133274
v -1.84665668 0.21055647 0.16844126
v -1.92930668 0.04866147 0.21992426
v -1.93126563 0.05224340 0.21371467
v -1.84861563 0.09274840 0.28372167
v -1.84976237 0.08590960 0.28903233
v -1.93241237 0.04540460 0.21902533
v -1.85236249 0.08720671 0.28425646
v -1.85236249 0.20859671 0.16276646
v -1.84601551 0.21284129 0.16700754
v -1.84601551 0.09145129 0.28849754
v -1.84861719 0.20806897 0.16831077
v -1.93126719 0.13791397 0.12781377
v -1.93241081 0.14321403 0.12096623
v -1.84976081 0.21336903 0.16146323
v -1.93500990 0.04669788 0.21424943
v -1.93500990 0.13843788 0.12226943
v -1.92866810 0.14269012 0.12651057
v -1.92866810 0.05095012 0.21849057
v -1.42145397 -0.37696302 -0.17525451
v -1.42145397 -0.25086802 -0.30126151
v -1.41512403 -0.24661398 -0.29700449
v -1.41512403 -0.37270898 -0.17099749
v -1.33761612 -0.30926907 -0.13021477
v -1.41771612 -0.37748907 -0.16970477
v -1.41886188 -0.37218293 -0.17654723
v -1.33876188 -0.30396293 -0.13705723
v -1.34078476 -0.31012784 -0.13360777
v -1.42088476 -0.25225284 -0.29910477
v -1.41569324 -0.24522916 -0.29916123
v -1.33559324 -0.30310416 -0.13366423
v -1.34135849 -0.30874273 -0.13575806
v -1.34135849 -0.21148273 -0.23323206
v -1.33501951 -0.20722927 -0.22898794
v -1.33501951 -0.30448927 -0.13151394
v -1.41771473 -0.24532209 -0.30178876
v -1.33761473 -0.20593709 -0.23376576
v -1.33876327 -0.21277491 -0.22845424
v -1.41886327 -0.25215991 -0.29647724
v -1.33559318 -0.30310420 0.13189428
v -1.41569318 -0.24522920 0.29739128
v -1.42088482 -0.25225280 0.29733472
v -1.34078482 -0.31012780 0.13183772
v -1.33876141 -0.30396221 0.13528676
v -1.41886141 -0.37218221 0.17480776
v -1.41771659 -0.37748979 0.16796624
v -1.33761659 -0.30926979 0.12844524
v -1.41512441 -0.37270896 0.16925795
v -1.41512441 -0.24661396 0.29523395
v -1.42145359 -0.25086804 0.29949205
v -1.42145359 -0.37696304 0.17351605
v -1.41886318 -0.25215935 0.29470650
v -1.33876318 -0.21277435 0.22671350
v -1.33761482 -0.20593765 0.23202650
v -1.41771482 -0.24532265 0.30001950
v -1.33501903 -0.30448930 0.12974462
v -1.33501903 -0.20722930 0.22724862
v -1.34135897 -0.21148270 0.23149138
v -1.34135897 -0.30874270 0.13398738
v -1.42088476 0.09926084 -0.29910477
v -1.34078476 0.15713584 -0.13360777
v -1.33559324 0.15011216 -0.13366423
v -1.41569324 0.09223716 -0.29916123
v -1.33761473 0.05294509 -0.23376576
v -1.41771473 0.09233009 -0.30178876
v -1.41886327 0.09916791 -0.29647724
v -1.33876327 0.05978291 -0.22845424
v -1.34135849 0.05849073 -0.23323206
v -1.34135849 0.15575073 -0.13575806
v -1.33501951 0.15149727 -0.13151394
v -1.33501951 0.05423727 -0.22898794
v -1.33876188 0.15097093 -0.13705723
v -1.41886188 0.21919093 -0.17654723
v -1.41771612 0.22449707 -0.16970477
v -1.33761612 0.15627707 -0.13021477
v -1.42145397 0.09787602 -0.30126151
v -1.42145397 0.22397102 -0.17525451
v -1.41512403 0.21971698 -0.17099749
v -1.41512403 0.09362198 -0.29700449
v -1.33501903 0.05423730 0.22724862
v -1.33501903 0.15149730 0.12974462
v -1.34135897 0.15575070 0.13398738
v -1.34135897 0.05849070 0.23149138
v -1.33876318 0.05978235 0.22671350
v -1.41886318 0.09916735 0.29470650
v -1.41771482 0.09233065 0.30001950
v -1.33761482 0.05294565 0.23202650
v -1.41569318 0.09223720 0.29739128
v -1.33559318 0.15011220 0.13189428
v -1.34078482 0.15713580 0.13183772
v -1.42088482 0.09926080 0.29733472
v -1.41512441 0.09362196 0.29523395
v -1.41512441 0.21971696 0.16925795
v -1.42145359 0.22397104 0.17351605
v -1.42145359 0.09787604 0.29949205
v -1.33761659 0.15627779 0.12844524
v -1.41771659 0.22449779 0.16796624
v -1.41886141 0.21919021 0.17480776
v -1.33876141 0.15097021 0.13528676
v -1.34130896 -0.44221922 -0.21283265
v -1.34130896 -0.49925422 0.00018035
v -1.33506904 -0.50515778 -0.00140035
v -1.33506904 -0.44812278 -0.21441335
v -1.33818969 -0.50220668 -0.00497713
v -1.41828969 -0.42099168 -0.00497713
v -1.41828831 -0.42099032 0.00375713
v -1.33818831 -0.50220532 0.00375713
v -1.34090935 -0.44204479 -0.21500081
v -1.42100935 -0.41786479 -0.00198781
v -1.41556865 -0.42411721 0.00076781
v -1.33546865 -0.44829721 -0.21224519
v -1.42100749 -0.41786438 0.00077052
v -1.34090749 -0.44204438 0.21326452
v -1.33547051 -0.44829762 0.21050348
v -1.41557051 -0.42411762 -0.00199052
v -1.34130921 -0.49925495 -0.00140208
v -1.34130921 -0.44221995 0.21109192
v -1.33506879 -0.44812205 0.21267608
v -1.33506879 -0.50515705 0.00018208
v -1.41516826 -0.42394217 -0.00139956
v -1.41516826 -0.37778717 -0.17391556
v -1.42140974 -0.37188483 -0.17233644
v -1.42140974 -0.41803983 0.00017956
v -1.33818636 -0.44298966 -0.21740633
v -1.41828636 -0.37265466 -0.17690933
v -1.41829164 -0.37701734 -0.16934267
v -1.33819164 -0.44735234 -0.20983967
v -1.33819263 -0.44735319 0.20810116
v -1.41829263 -0.37701819 0.16760416
v -1.41828537 -0.37265381 0.17516984
v -1.33818537 -0.44298881 0.21566684
v -1.42140943 -0.41804012 -0.00140186
v -1.42140943 -0.37188512 0.17059514
v -1.41516857 -0.37778688 0.17217886
v -1.41516857 -0.42394188 0.00018186
v -1.33546973 -0.44554098 -0.21702013
v -1.41556973 -0.24911098 -0.30253013
v -1.42100827 -0.24837102 -0.29573587
v -1.34090827 -0.44480102 -0.21022587
v -1.41516731 -0.37699474 -0.17528625
v -1.41516731 -0.25089974 -0.30129325
v -1.42141069 -0.24658226 -0.29697275
v -1.42141069 -0.37267726 -0.17096575
v -1.34090802 -0.44480135 0.20848663
v -1.42100802 -0.24837135 0.29396563
v -1.41556998 -0.24911065 0.30076037
v -1.33546998 -0.44554065 0.21528137
v -1.42141075 -0.37267756 0.16922652
v -1.42141075 -0.24658256 0.29520252
v -1.41516725 -0.25089944 0.29952348
v -1.41516725 -0.37699444 0.17354748
v -1.41828714 -0.25252424 -0.29695151
v -1.33818714 -0.29313424 -0.36744751
v -1.33819086 -0.28556776 -0.37181049
v -1.41829086 -0.24495776 -0.30131449
v -1.33507098 -0.44733443 -0.21578385
v -1.33507098 -0.29151443 -0.37178985
v -1.34130702 -0.28718757 -0.36746815
v -1.34130702 -0.44300757 -0.21146215
v -1.34130661 -0.44300727 0.20972284
v -1.34130661 -0.28718727 0.36572784
v -1.33507139 -0.29151473 0.37005016
v -1.33507139 -0.44733473 0.21404516
v -1.41829445 -0.24495913 0.29954685
v -1.33819445 -0.28556913 0.37007285
v -1.33818355 -0.29313287 0.36570515
v -1.41828355 -0.25252287 0.29517915
v -1.33547422 -0.28796912 -0.37275825
v -1.41557422 -0.07511412 -0.34825225
v -1.42100378 -0.07787788 -0.34199375
v -1.34090378 -0.29073288 -0.36649975
v -1.41517165 -0.24952997 -0.30208791
v -1.41517165 -0.07728497 -0.34807791
v -1.42140635 -0.07570703 -0.34216809
v -1.42140635 -0.24795203 -0.29617809
v -1.34090818 -0.29072719 0.36476106
v -1.42100818 -0.07787219 0.34074406
v -1.41556982 -0.07511981 0.34699994
v -1.33546982 -0.28797481 0.37101694
v -1.42140464 -0.24794327 0.29440864
v -1.42140464 -0.07569827 0.34091764
v -1.41517336 -0.07729373 0.34682636
v -1.41517336 -0.24953873 0.30031736
v -1.41828900 -0.08086313 -0.34512300
v -1.33818900 -0.08086313 -0.42663600
v -1.33818900 -0.07212887 -0.42663600
v -1.41828900 -0.07212887 -0.34512300
v -1.33507461 -0.29014300 -0.37258621
v -1.33507461 -0.07728800 -0.42959321
v -1.34130339 -0.07570400 -0.42367879
v -1.34130339 -0.28855900 -0.36667179
v -1.34131310 -0.28856195 0.36494125
v -1.34131310 -0.07570695 0.42191825
v -1.33506490 -0.07728505 0.42781375
v -1.33506490 -0.29014005 0.37083675
v -1.41828900 -0.07212887 0.34387200
v -1.33818900 -0.07212887 0.42486600
v -1.33818900 -0.08086313 0.42486600
v -1.41828900 -0.08086313 0.34387200
v -1.41557422 -0.07787788 -0.34825225
v -1.33547422 0.13497712 -0.37275825
v -1.34090378 0.13774088 -0.36649975
v -1.42100378 -0.07511412 -0.34199375
v -1.33507461 -0.07570400 -0.42959321
v -1.33507461 0.13715100 -0.37258621
v -1.34130339 0.13556700 -0.36667179
v -1.34130339 -0.07728800 -0.42367879
v -1.42100818 -0.07511981 0.34074406
v -1.34090818 0.13773519 0.36476106
v -1.33546982 0.13498281 0.37101694
v -1.41556982 -0.07787219 0.34699994
v -1.34131310 -0.07728505 0.42191825
v -1.34131310 0.13556995 0.36494125
v -1.33506490 0.13714805 0.37083675
v -1.33506490 -0.07570695 0.42781375
v -1.41517165 -0.07570703 -0.34807791
v -1.41517165 0.09653797 -0.30208791
v -1.42140635 0.09496003 -0.29617809
v -1.42140635 -0.07728497 -0.34216809
v -1.33818714 0.14014224 -0.36744751
v -1.41828714 0.09953224 -0.29695151
v -1.41829086 0.09196576 -0.30131449
v -1.33819086 0.13257576 -0.37181049
v -1.33819445 0.13257713 0.37007285
v -1.41829445 0.09196713 0.29954685
v -1.41828355 0.09953087 0.29517915
v -1.33818355 0.14014087 0.36570515
v -1.42140464 -0.07729373 0.34091764
v -1.42140464 0.09495127 0.29440864
v -1.41517336 0.09654673 0.30031736
v -1.41517336 -0.07569827 0.34682636
v -1.33507098 0.13852243 -0.37178985
v -1.33507098 0.29434243 -0.21578385
v -1.34130702 0.29001557 -0.21146215
v -1.34130702 0.13419557 -0.36746815
v -1.41556973 0.09611898 -0.30253013
v -1.33546973 0.29254898 -0.21702013
v -1.34090827 0.29180902 -0.21022587
v -1.42100827 0.09537902 -0.29573587
v -1.42100802 0.09537935 0.29396563
v -1.34090802 0.29180935 0.20848663
v -1.33546998 0.29254865 0.21528137
v -1.41556998 0.09611865 0.30076037
v -1.34130661 0.13419527 0.36572784
v -1.34130661 0.29001527 0.20972284
v -1.33507139 0.29434273 0.21404516
v -1.33507139 0.13852273 0.37005016
v -1.41516731 0.09790774 -0.30129325
v -1.41516731 0.22400274 -0.17528625
v -1.42141069 0.21968526 -0.17096575
v -1.42141069 0.09359026 -0.29697275
v -1.33819186 0.29436053 -0.20983979
v -1.41829186 0.22402553 -0.16934279
v -1.41828614 0.21966247 -0.17690921
v -1.33818614 0.28999747 -0.21740621
v -1.33818531 0.28999676 0.21566681
v -1.41828531 0.21966176 0.17516981
v -1.41829269 0.22402624 0.16760419
v -1.33819269 0.29436124 0.20810119
v -1.42141075 0.09359056 0.29520252
v -1.42141075 0.21968556 0.16922652
v -1.41516725 0.22400244 0.17354748
v -1.41516725 0.09790744 0.29952348
v -1.33506834 0.29513009 -0.21441317
v -1.33506834 0.35216509 -0.00140017
v -1.34130966 0.34626291 0.00018017
v -1.34130966 0.28922791 -0.21283283
v -1.41556854 0.22386439 -0.17588080
v -1.33546854 0.35123439 -0.00336480
v -1.34090946 0.34719361 0.00214480
v -1.42100946 0.21982361 -0.17037120
v -1.42100803 0.21982784 0.16862769
v -1.34090803 0.34719784 -0.00336931
v -1.33546997 0.35123016 0.00214931
v -1.41556997 0.22386016 0.17414631
v -1.34130941 0.28922814 0.21109197
v -1.34130941 0.34626314 -0.00140203
v -1.33506859 0.35216486 0.00018203
v -1.33506859 0.29512986 0.21267603
v -1.41516912 0.22479601 -0.17391578
v -1.41516912 0.27095101 -0.00139978
v -1.42140888 0.26504699 0.00017978
v -1.42140888 0.21889199 -0.17233622
v -1.33818815 0.34921316 0.00375713
v -1.41828815 0.26799816 0.00375713
v -1.41828985 0.26799984 -0.00497713
v -1.33818985 0.34921484 -0.00497713
v -1.42140919 0.21889289 0.17059508
v -1.42140919 0.26504789 -0.00140192
v -1.41516881 0.27095011 0.00018192
v -1.41516881 0.22479511 0.17217892
v -0.65253936 -0.71056964 -0.00214542
v -0.63928936 -0.68018964 0.02983658
v -0.63348864 -0.68595236 0.03290742
v -0.64673864 -0.71633236 0.00092542
v -0.63633232 -0.68688579 0.02924691
v -0.67443232 -0.66963579 -0.00273509
v -0.67454568 -0.66200621 0.00151509
v -0.63644568 -0.67925621 0.03349709
v -0.65207001 -0.71471933 -0.00400902
v -0.67692001 -0.66708933 -0.00400902
v -0.67205799 -0.66455267 0.00278902
v -0.64720799 -0.71218267 0.00278902
v -0.64675429 -0.71634928 -0.00214305
v -0.63350429 -0.68596928 -0.03464505
v -0.63927371 -0.68017272 -0.03157895
v -0.65252371 -0.71055272 0.00092305
v -0.64723177 -0.71219508 -0.00403049
v -0.67208177 -0.66456508 -0.00403049
v -0.67689623 -0.66707692 0.00281049
v -0.65204623 -0.71470692 0.00281049
v -0.63647561 -0.67925711 -0.03523770
v -0.67457561 -0.66200711 -0.00273570
v -0.67440239 -0.66963489 0.00151570
v -0.63630239 -0.68688489 -0.03098630
v -0.71083251 -0.57470625 -0.00283364
v -0.75203251 -0.44480125 -0.16985664
v -0.74874549 -0.43804075 -0.16540936
v -0.70754549 -0.56794575 0.00161364
v -0.74862446 -0.44362964 -0.16430432
v -0.78632446 -0.55060464 -0.21529932
v -0.78985354 -0.54618736 -0.22195668
v -0.75215354 -0.43921236 -0.17096168
v -0.70998593 -0.57561671 -0.00077287
v -0.78888593 -0.55268671 -0.21879087
v -0.78729207 -0.54410529 -0.21846513
v -0.70839207 -0.56703529 -0.00044713
v -0.70918660 -0.57132662 -0.00497713
v -0.67908660 -0.45509662 -0.00497713
v -0.67909140 -0.45509538 0.00375713
v -0.70919140 -0.57132538 0.00375713
v -0.74933735 -0.43718361 -0.16773500
v -0.67803735 -0.45085861 -0.00071200
v -0.68014065 -0.45933339 -0.00050800
v -0.75144065 -0.44565839 -0.16753100
v -0.79045855 -0.55034127 -0.22173814
v -0.85515855 -0.35960127 -0.29174514
v -0.85041945 -0.35571073 -0.28552486
v -0.78571945 -0.54645073 -0.21551786
v -0.75159457 -0.44528001 -0.16928421
v -0.85399457 -0.36151501 -0.29028621
v -0.85158343 -0.35379699 -0.28698379
v -0.74918343 -0.43756199 -0.16598179
v -0.67803758 -0.45085856 -0.00050778
v -0.74933758 -0.43718356 0.16599622
v -0.75144042 -0.44565844 0.16579178
v -0.68014042 -0.45933344 -0.00071222
v -0.70754577 -0.56794870 -0.00283834
v -0.74874577 -0.43804370 0.16366566
v -0.75203223 -0.44479830 0.16812234
v -0.71083223 -0.57470330 0.00161834
v -0.85113545 -0.36122979 -0.28674671
v -0.91478545 -0.43769979 -0.37573671
v -0.91809255 -0.43055221 -0.37951329
v -0.85444255 -0.35408221 -0.29052329
v -0.78924594 -0.55220225 -0.22042959
v -0.91759594 -0.43793225 -0.37942659
v -0.91528206 -0.43031975 -0.37582341
v -0.78693206 -0.54458975 -0.21682641
v -0.75215127 -0.43920103 0.16921634
v -0.78985127 -0.54617603 0.22069934
v -0.78632673 -0.55061597 0.21405466
v -0.74862673 -0.44364097 0.16257166
v -0.70839820 -0.56703425 -0.00077522
v -0.78729820 -0.54410425 0.21721178
v -0.78887980 -0.55268775 0.21754222
v -0.70997980 -0.57561775 -0.00044478
v -0.78572419 -0.54645786 0.21425881
v -0.85042419 -0.35571786 0.28374681
v -0.85515381 -0.35959414 0.28998319
v -0.79045381 -0.55033414 0.22049519
v -0.74919168 -0.43756246 0.16423571
v -0.85159168 -0.35379746 0.28520671
v -0.85398632 -0.36151454 0.28852329
v -0.75158632 -0.44527954 0.16755229
v -0.78694111 -0.54459029 0.21556848
v -0.91529111 -0.43032029 0.37456448
v -0.91758689 -0.43793171 0.37818152
v -0.78923689 -0.55220171 0.21918552
v -0.85444302 -0.35407827 0.28874539
v -0.91809302 -0.43054827 0.37825339
v -0.91478498 -0.43770373 0.37449261
v -0.85113498 -0.36123373 0.28498461
v -1.07056777 -0.02383930 -0.37959569
v -1.05261777 0.15977070 -0.22108669
v -1.04596023 0.15571730 -0.21714531
v -1.06391023 -0.02789270 -0.37565431
v -0.96718785 -0.04944766 -0.29001294
v -1.06628685 -0.02968266 -0.37952194
v -1.06819115 -0.02204934 -0.37572806
v -0.96909215 -0.04181434 -0.28621906
v -0.97110678 -0.04572801 -0.29131922
v -1.05225578 0.15764699 -0.22231922
v -1.04632222 0.15784101 -0.21591278
v -0.96517322 -0.04553399 -0.28491278
v -0.96517150 -0.04554052 0.28366318
v -1.04632050 0.15783448 0.21417518
v -1.05225750 0.15765352 0.22057882
v -0.97110850 -0.04572148 0.29006682
v -0.96909584 -0.04181702 0.28496455
v -1.06819484 -0.02205202 0.37447255
v -1.06628316 -0.02967998 0.37827345
v -0.96718416 -0.04944498 0.28876545
v -1.06390912 -0.02789466 0.37440621
v -1.04595912 0.15571534 0.21541021
v -1.05261888 0.15977266 0.21934379
v -1.07056888 -0.02383734 0.37833979
v -0.93648152 -0.21205285 -0.54460138
v -1.06503152 -0.02265285 -0.37959338
v -1.06944648 -0.02907915 -0.37565662
v -0.94089648 -0.21847915 -0.54066462
v -0.93916121 -0.21104388 -0.54162179
v -1.03851121 -0.24766388 -0.43511579
v -1.03756679 -0.25610812 -0.43713821
v -0.93821679 -0.21948812 -0.54364421
v -1.03516230 -0.25071929 -0.43919868
v -1.06436230 -0.02469929 -0.38069668
v -1.07011570 -0.02703271 -0.37455332
v -1.04091570 -0.25305271 -0.43305532
v -1.04092271 -0.25305198 0.43180962
v -1.07012271 -0.02703198 0.37330762
v -1.06435529 -0.02470002 0.37943838
v -1.03515529 -0.25072002 0.43794038
v -0.93821478 -0.21948730 0.54190768
v -1.03756478 -0.25610730 0.43588868
v -1.03851322 -0.24766470 0.43386132
v -0.93916322 -0.21104470 0.53988032
v -0.94090054 -0.21847656 0.53892595
v -1.06945054 -0.02907656 0.37440495
v -1.06502746 -0.02265544 0.37834105
v -0.93647746 -0.21205544 0.54286205
v -1.06649725 -0.02923095 -0.38030804
v -0.96589725 0.06630905 -0.47231804
v -0.96738075 0.07303895 -0.46695196
v -1.06798075 -0.02250105 -0.37494196
v -0.93570135 -0.21420365 -0.54563586
v -0.96365135 0.07073635 -0.47263786
v -0.96962665 0.06861165 -0.46663214
v -0.94167665 -0.21632835 -0.53963014
v -0.94167849 -0.21632338 0.53789121
v -0.96962849 0.06861662 0.46538121
v -0.96364951 0.07073138 0.47138679
v -0.93569951 -0.21420862 0.54389679
v -1.06798137 -0.02250082 0.37369042
v -0.96738137 0.07303918 0.46570142
v -0.96589663 0.06630882 0.47106658
v -1.06649663 -0.02923118 0.37905558
v -0.96440412 0.07338293 -0.47020156
v -1.04705412 0.16145293 -0.21968256
v -1.05152388 0.15403507 -0.21854944
v -0.96887388 0.06596507 -0.46906844
v -1.06461970 -0.02373272 -0.38039271
v -1.04666970 0.15987728 -0.22188371
v -1.05190830 0.15561072 -0.21634829
v -1.06985830 -0.02799928 -0.37485729
v -1.06985836 -0.02800364 0.37360872
v -1.05190836 0.15560636 0.21461272
v -1.04666964 0.15988164 0.22014128
v -1.06461964 -0.02372836 0.37913728
v -0.96887452 0.06596525 0.46781882
v -1.05152452 0.15403525 0.21681182
v -1.04705348 0.16145275 0.21794218
v -0.96440348 0.07338275 0.46894918
v -1.04909593 0.15608393 -0.22315069
v -0.95329593 0.29479893 -0.27564069
v -0.95368207 0.29811907 -0.26757131
v -1.04948207 0.15940407 -0.21508131
v -0.96411671 0.07193479 -0.47239157
v -0.95096671 0.29871979 -0.27436257
v -0.95601129 0.29419821 -0.26884943
v -0.96916129 0.06741321 -0.46687843
v -0.96916035 0.06740932 0.46562976
v -0.95601035 0.29419932 0.26711276
v -0.95096765 0.29872868 0.27262124
v -0.96411765 0.07193868 0.47113824
v -1.04948100 0.15940340 0.21334198
v -0.95368100 0.29812340 0.26583198
v -0.95329700 0.29480460 0.27390202
v -1.04909700 0.15608460 0.22141202
v -0.95136722 0.30008815 -0.27042314
v -1.00791722 0.24482315 0.00057286
v -1.01216078 0.23756485 -0.00179286
v -0.95561078 0.29282985 -0.27278886
v -1.04697633 0.16104721 -0.22079296
v -1.00772633 0.24449721 -0.00228696
v -1.01235167 0.23789079 0.00106696
v -1.05160167 0.15444079 -0.21743904
v -0.95561009 0.29283515 0.27105200
v -1.01216009 0.23756515 0.00057500
v -1.00791791 0.24482285 -0.00179500
v -0.95136791 0.30009285 0.26868200
v -1.05160105 0.15444208 0.21569666
v -1.01235105 0.23789208 -0.00229034
v -1.00772695 0.24449592 0.00107034
v -1.04697695 0.16104592 0.21905734
v -1.01003928 0.24119416 -0.00497713
v -0.92428928 0.39342416 -0.00497713
v -0.92428872 0.39342384 0.00375713
v -1.01003872 0.24119384 0.00375713
v -0.95136872 0.29997552 -0.27309271
v -0.92216872 0.39694052 -0.00209671
v -0.92640928 0.38990748 0.00087671
v -0.95560928 0.29294248 -0.27011929
v -0.95560921 0.29294846 0.26837787
v -0.92640921 0.38990846 -0.00209913
v -0.92216879 0.39693954 0.00087913
v -0.95136879 0.29997954 0.27135613
v -0.30496746 0.67841180 -0.17738851
v -0.27541846 0.70793180 -0.17738851
v -0.27676154 0.70927620 -0.16886349
v -0.30631054 0.67975620 -0.16886349
v -0.27930632 0.70588796 -0.17196401
v -0.27930632 0.67636796 -0.24096401
v -0.27287368 0.68180004 -0.24328799
v -0.27287368 0.71132004 -0.17428799
v -0.30835729 0.67587034 -0.17429010
v -0.27880829 0.67587034 -0.24329010
v -0.27337171 0.68229766 -0.24096190
v -0.30292071 0.68229766 -0.17196190
v -0.30323664 0.68082479 -0.17633070
v -0.27368764 0.71920479 -0.13333170
v -0.27849236 0.71572321 -0.12692230
v -0.30804136 0.67734321 -0.16992130
v -0.27296854 0.71159539 -0.17374238
v -0.27296854 0.72045539 -0.13074338
v -0.27921146 0.71447261 -0.12951062
v -0.27921146 0.70561261 -0.17250962
v -0.30264515 0.68220313 -0.17250981
v -0.31149515 0.68220313 -0.12951081
v -0.31748285 0.67596487 -0.13074319
v -0.30863285 0.67596487 -0.17374219
v -0.27607067 0.71744467 -0.12575996
v -0.31446967 0.67906467 -0.12575996
v -0.31450833 0.67910333 -0.13449404
v -0.27610933 0.71748333 -0.13449404
v -0.27374155 0.71906835 -0.12681299
v -0.30329055 0.68068835 -0.08729299
v -0.30798745 0.67747965 -0.09392101
v -0.27843845 0.71585965 -0.13344101
v -0.31151194 0.68220881 -0.13079368
v -0.30266194 0.68220881 -0.09127368
v -0.30861606 0.67595919 -0.08994032
v -0.31746606 0.67595919 -0.12946032
v -0.27296286 0.72043857 -0.12946013
v -0.27296286 0.71157857 -0.08994013
v -0.27921714 0.70562943 -0.09127387
v -0.27921714 0.71448943 -0.13079387
v -0.30632941 0.67977509 -0.09486347
v -0.27678041 0.70929509 -0.09486347
v -0.27539959 0.70791291 -0.08635053
v -0.30494859 0.67839291 -0.08635053
v -0.27287368 0.71132005 -0.08944502
v -0.27287368 0.68180005 -0.02044402
v -0.27930632 0.67636795 -0.02276798
v -0.27930632 0.70588795 -0.09176898
v -0.30292070 0.68229765 -0.09177109
v -0.27337170 0.68229765 -0.02277009
v -0.27880830 0.67587035 -0.02044191
v -0.30835730 0.67587035 -0.08944291
v -0.30292071 0.68229766 0.17071090
v -0.27337171 0.68229766 0.23971090
v -0.27880829 0.67587034 0.24203910
v -0.30835729 0.67587034 0.17303910
v -0.27930632 0.67636796 0.23971301
v -0.27930632 0.70588796 0.17071301
v -0.27287368 0.71132004 0.17303699
v -0.27287368 0.68180004 0.24203699
v -0.30630812 0.67975378 0.16761173
v -0.27675912 0.70927378 0.16761173
v -0.27542088 0.70793422 0.17613827
v -0.30496988 0.67841422 0.17613827
v -0.30804869 0.67732535 0.16868559
v -0.27849969 0.71570535 0.12519759
v -0.27368031 0.71922265 0.13157641
v -0.30322931 0.68084265 0.17506441
v -0.27921076 0.70561055 0.17126513
v -0.27921076 0.71447055 0.12777713
v -0.27296924 0.72045745 0.12899687
v -0.27296924 0.71159745 0.17248487
v -0.27611180 0.71748581 0.13275402
v -0.31451080 0.67910581 0.13275402
v -0.31446720 0.67906219 0.12401998
v -0.27606820 0.71744219 0.12401998
v -0.30863491 0.67596556 0.17248468
v -0.31748491 0.67596556 0.12899668
v -0.31149309 0.68220244 0.12777732
v -0.30264309 0.68220244 0.17126532
v -0.27843845 0.71585965 0.13170101
v -0.30798745 0.67747965 0.09218101
v -0.30329055 0.68068835 0.08555299
v -0.27374155 0.71906835 0.12507299
v -0.31746606 0.67595919 0.12772032
v -0.30861606 0.67595919 0.08820032
v -0.30266194 0.68220881 0.08953368
v -0.31151194 0.68220881 0.12905368
v -0.27921714 0.71448943 0.12905387
v -0.27921714 0.70562943 0.08953387
v -0.27296286 0.71157857 0.08820013
v -0.27296286 0.72043857 0.12772013
v -0.30494858 0.67839290 0.08461053
v -0.27539958 0.70791290 0.08461053
v -0.27678042 0.70929510 0.09312347
v -0.30632942 0.67977510 0.09312347
v -0.30835729 0.67587034 0.08770290
v -0.27880829 0.67587034 0.01870290
v -0.27337171 0.68229766 0.02103110
v -0.30292071 0.68229766 0.09003110
v -0.27930632 0.70588796 0.09002899
v -0.27930632 0.67636796 0.02102899
v -0.27287368 0.68180004 0.01870501
v -0.27287368 0.71132004 0.08770501
v 0.30217570 0.25860352 0.00188421
v 0.31497570 0.13302852 0.12288621
v 0.31014630 0.12772948 0.11789779
v 0.29734630 0.25330448 -0.00310421
v 0.30154459 0.25522161 0.00330845
v 0.24759459 0.12383661 0.00330845
v 0.24402741 0.12530139 -0.00452845
v 0.29797741 0.25668639 -0.00452845
v 0.31133987 0.12627744 0.12126257
v 0.24458987 0.12046744 0.00026057
v 0.24703213 0.12867056 -0.00148057
v 0.31378213 0.13448056 0.11952143
v 0.29735075 0.25329758 0.00188117
v 0.31015075 0.12772258 -0.11963983
v 0.31497125 0.13303542 -0.12462217
v 0.30217125 0.25861042 -0.00310117
v 0.31378506 0.13448014 -0.12126256
v 0.24703506 0.12867014 0.00025844
v 0.24458694 0.12046786 -0.00147844
v 0.31133694 0.12627786 -0.12299944
v 0.29798355 0.25668387 0.00331171
v 0.24403355 0.12529887 0.00331171
v 0.24758845 0.12383913 -0.00453171
v 0.30153845 0.25522413 -0.00453171
v 0.30968906 0.13251097 -0.11962531
v 0.32248906 0.00693097 0.00189569
v 0.32823294 0.00266703 -0.00311569
v 0.31543294 0.12824703 -0.12463669
v 0.32694586 0.00585165 -0.00454090
v 0.24739586 0.12562165 -0.00454090
v 0.24422614 0.12351635 0.00332090
v 0.32377614 0.00374635 0.00332090
v 0.31057680 0.13416165 -0.12304005
v 0.24382680 0.12835165 -0.00151905
v 0.24779520 0.12078635 0.00029905
v 0.31454520 0.12659635 -0.12122195
v 0.31543591 0.12825470 0.12290079
v 0.32823591 0.00267470 0.00189879
v 0.32248609 0.00692330 -0.00311879
v 0.30968609 0.13250330 0.11788321
v 0.31454228 0.12659537 0.11948071
v 0.24779228 0.12078537 -0.00152129
v 0.24382972 0.12835263 0.00030129
v 0.31057972 0.13416263 0.12130329
v 0.32377064 0.00374270 -0.00453769
v 0.24422064 0.12351270 -0.00453769
v 0.24740136 0.12562530 0.00331769
v 0.32695136 0.00585530 0.00331769
v -0.30497747 0.85583950 -0.00127308
v -0.27542847 0.85583950 0.02820692
v -0.27675153 0.84730850 0.02953308
v -0.30630053 0.84730850 0.00005308
v -0.27930788 0.85041457 0.02615471
v -0.27930788 0.91945457 -0.00332529
v -0.27287212 0.92177343 0.00210529
v -0.27287212 0.85273343 0.03158529
v -0.30835966 0.85273844 -0.00382152
v -0.27881066 0.92177844 -0.00382152
v -0.27336934 0.91944956 0.00260152
v -0.30291834 0.85040956 0.00260152
v -0.30323986 0.85476879 0.00115331
v -0.27369086 0.81160879 0.03914731
v -0.27848914 0.80521921 0.03562069
v -0.30803814 0.84837921 -0.00237331
v -0.27296907 0.85216521 0.03186701
v -0.27296907 0.80900521 0.04038101
v -0.27921093 0.80782279 0.03438699
v -0.27921093 0.85098279 0.02587299
v -0.27374984 0.80510176 0.03900404
v -0.30329884 0.76564176 0.00101004
v -0.30797916 0.77226624 -0.00223004
v -0.27843016 0.81172624 0.03576396
v -0.30631983 0.77321341 0.00007242
v -0.27677083 0.77321341 0.02955242
v -0.27540917 0.76469459 0.02818758
v -0.30495817 0.76469459 -0.00129242
v -0.27296348 0.80777093 0.04036446
v -0.27296348 0.76831093 0.03185046
v -0.27921652 0.76959707 0.02588954
v -0.27921652 0.80905707 0.03440354
v -0.27287212 0.76779457 0.03158529
v -0.27287212 0.69875457 0.00210529
v -0.27930788 0.70107343 -0.00332529
v -0.27930788 0.77011343 0.02615471
v -0.30291834 0.77011844 0.00260152
v -0.27336934 0.70107844 0.00260152
v -0.27881066 0.69874956 -0.00382152
v -0.30835966 0.76778956 -0.00382152
v -0.27287343 0.85273502 -0.03283716
v -0.27287343 0.92177502 -0.00332616
v -0.27930657 0.91945298 0.00210616
v -0.27930657 0.85041298 -0.02740484
v -0.30653239 0.84739387 -0.00150454
v -0.27698339 0.84739387 -0.03101554
v -0.27519661 0.85575413 -0.02922646
v -0.30474561 0.85575413 0.00028454
v -0.30291988 0.85041022 -0.00382307
v -0.27337088 0.91945022 -0.00382307
v -0.27880912 0.92177778 0.00260307
v -0.30835812 0.85273778 0.00260307
v -0.30291834 0.50775844 0.00260152
v -0.27336934 0.43871844 0.00260152
v -0.27881066 0.43638956 -0.00382152
v -0.30835966 0.50542956 -0.00382152
v -0.27930788 0.43871343 -0.00332529
v -0.27930788 0.50775343 0.02615471
v -0.27287212 0.50543457 0.03158529
v -0.27287212 0.43639457 0.00210529
v -0.30630050 0.51085951 0.00005305
v -0.27675150 0.51085951 0.02953305
v -0.27542850 0.50232849 0.02820695
v -0.30497750 0.50232849 -0.00127305
v -0.30803821 0.50978864 -0.00237349
v -0.27848921 0.55295364 0.03562051
v -0.27369079 0.54656436 0.03914749
v -0.30323979 0.50339936 0.00115349
v -0.27921092 0.50718514 0.02587297
v -0.27921092 0.55035014 0.03438697
v -0.27296908 0.54916786 0.04038103
v -0.27296908 0.50600286 0.03186703
v -0.31609557 0.55307454 -0.00295477
v -0.27769657 0.59252954 0.02652523
v -0.27448343 0.58589846 0.03121477
v -0.31288243 0.54644346 0.00173477
v -0.27677916 0.58495728 0.02956077
v -0.30632816 0.58495728 0.00008077
v -0.30494984 0.59347072 -0.00130077
v -0.27540084 0.59347072 0.02817923
v -0.31746852 0.55042732 -0.00373212
v -0.30861852 0.58988232 -0.00373212
v -0.30265948 0.58854568 0.00251212
v -0.31150948 0.54909068 0.00251212
v -0.30835966 0.59037844 -0.00382152
v -0.27881066 0.65941844 -0.00382152
v -0.27336934 0.65708956 0.00260152
v -0.30291834 0.58804956 0.00260152
v -0.27930788 0.58805457 0.02615471
v -0.27930788 0.65709457 -0.00332529
v -0.27287212 0.65941343 0.00210529
v -0.27287212 0.59037343 0.03158529
v -0.30835812 0.50543022 0.00260307
v -0.27880912 0.43639022 0.00260307
v -0.27337088 0.43871778 -0.00382307
v -0.30291988 0.50775778 -0.00382307
v -0.27698339 0.51077413 -0.03101554
v -0.30653239 0.51077413 -0.00150454
v -0.30474561 0.50241387 0.00028454
v -0.27519661 0.50241387 -0.02922646
v -0.27930657 0.50775502 -0.02740484
v -0.27930657 0.43871502 0.00210616
v -0.27287343 0.43639298 -0.00332616
v -0.27287343 0.50543298 -0.03283716
v -0.31320312 0.55322635 -0.07072756
v -0.31320312 0.60286635 -0.12022756
v -0.30677488 0.60704165 -0.11604044
v -0.30677488 0.55740165 -0.06654044
v -0.27560479 0.58061758 -0.04919917
v -0.30940479 0.55265258 -0.06522117
v -0.31057321 0.55797542 -0.07204683
v -0.27677321 0.58594042 -0.05602483
v -0.27876100 0.57975325 -0.05245155
v -0.31256100 0.60142825 -0.11797355
v -0.30741700 0.60847975 -0.11829445
v -0.27361700 0.58680475 -0.05277245
v -0.27939508 0.58119099 -0.05471749
v -0.27939508 0.61901099 -0.09222349
v -0.27298292 0.62318701 -0.08801251
v -0.27298292 0.58536701 -0.05050651
v -0.30942259 0.60837498 -0.12078879
v -0.27562259 0.62451998 -0.09277279
v -0.27675541 0.61767802 -0.08746321
v -0.31055541 0.60153302 -0.11547921
v -0.27360835 0.58679817 0.05103885
v -0.30740835 0.60847317 0.11704785
v -0.31256965 0.60143483 0.11671615
v -0.27876965 0.57975983 0.05070715
v -0.27676352 0.58593034 0.05429530
v -0.31056352 0.55796534 0.07028630
v -0.30941448 0.55266266 0.06344170
v -0.27561448 0.58062766 0.04745070
v -0.30677592 0.55741332 0.06478054
v -0.30677592 0.60705332 0.11479854
v -0.31320208 0.60285468 0.11896546
v -0.31320208 0.55321468 0.06894746
v -0.31056968 0.60154398 0.11421622
v -0.27676968 0.61768898 0.08620122
v -0.27560832 0.62450902 0.09153278
v -0.30940832 0.60836402 0.11954778
v -0.27298033 0.58537858 0.04878303
v -0.27298033 0.62319858 0.08677703
v -0.27939767 0.61899942 0.09095697
v -0.27939767 0.58117942 0.05296297
v -0.31256111 0.74409467 -0.11797374
v -0.27876111 0.76577467 -0.05245174
v -0.27361689 0.75872333 -0.05277226
v -0.30741689 0.73704333 -0.11829426
v -0.27562273 0.72100291 -0.09277267
v -0.30942273 0.73714791 -0.12078867
v -0.31055527 0.74399009 -0.11547933
v -0.27675527 0.72784509 -0.08746333
v -0.27939506 0.72651189 -0.09222364
v -0.27939506 0.76433689 -0.05471764
v -0.27298294 0.76016111 -0.05050636
v -0.27298294 0.72233611 -0.08801236
v -0.27677303 0.75958739 -0.05602471
v -0.31057303 0.78754739 -0.07204671
v -0.30940497 0.79287061 -0.06522129
v -0.27560497 0.76491061 -0.04919929
v -0.31320328 0.74265652 -0.12022743
v -0.31320328 0.79229652 -0.07072743
v -0.30677472 0.78812148 -0.06654057
v -0.30677472 0.73848148 -0.11604057
v -0.27298035 0.72232453 0.08677687
v -0.27298035 0.76014953 0.04878287
v -0.27939765 0.76434847 0.05296313
v -0.27939765 0.72652347 0.09095713
v -0.27676953 0.72783414 0.08620134
v -0.31056953 0.74397914 0.11421634
v -0.30940847 0.73715886 0.11954766
v -0.27560847 0.72101386 0.09153266
v -0.30740824 0.73704990 0.11704767
v -0.27360824 0.75872990 0.05103867
v -0.27876976 0.76576810 0.05070733
v -0.31256976 0.74408810 0.11671633
v -0.30677575 0.73846981 0.11479867
v -0.30677575 0.78810981 0.06478067
v -0.31320225 0.79230819 0.06894733
v -0.31320225 0.74266819 0.11896533
v -0.27561466 0.76490053 0.04745082
v -0.30941466 0.79286053 0.06344182
v -0.31056334 0.78755747 0.07028618
v -0.27676334 0.75959747 0.05429518
v -0.27927447 0.52794973 -0.08532281
v -0.27927447 0.50508973 0.00018819
v -0.27310353 0.49911827 -0.00140819
v -0.27310353 0.52197827 -0.08691919
v -0.27619098 0.50210209 -0.00497713
v -0.30999098 0.53714709 -0.00497713
v -0.30998702 0.53715091 0.00375713
v -0.27618702 0.50210591 0.00375713
v -0.27883297 0.52810311 -0.08761339
v -0.31263297 0.54028811 -0.00210239
v -0.30734503 0.53400989 0.00088239
v -0.27354503 0.52182489 -0.08462861
v -0.31307519 0.54013263 -0.00141324
v -0.31307519 0.55829763 0.06606076
v -0.30690281 0.55233037 0.06766724
v -0.30690281 0.53416537 0.00019324
v -0.27882844 0.50406862 -0.00348148
v -0.31262844 0.55727862 0.06399252
v -0.30734956 0.55334938 0.06973548
v -0.27354956 0.50013938 0.00226148
v -0.30690253 0.53416401 -0.00140711
v -0.30690253 0.55232901 -0.06943111
v -0.31307547 0.55829899 -0.06783689
v -0.31307547 0.54013399 0.00018711
v -0.27618824 0.52714487 -0.08990460
v -0.30998824 0.55749487 -0.07241760
v -0.30998976 0.55313313 -0.06485040
v -0.27618976 0.52278313 -0.08233740
v -0.27927437 0.50508861 -0.00141277
v -0.27927437 0.52794861 0.08357823
v -0.27310363 0.52197939 0.08518377
v -0.27310363 0.49911939 0.00019277
v -0.30999190 0.55749462 0.07064774
v -0.27619190 0.52714462 0.08816474
v -0.27618610 0.52278338 0.08059726
v -0.30998610 0.55313338 0.06308026
v -0.27310225 0.52277901 -0.08830495
v -0.27310225 0.58524901 -0.15080495
v -0.27927575 0.58961899 -0.14643705
v -0.27927575 0.52714899 -0.08393705
v -0.30734934 0.55184598 -0.06891120
v -0.27354934 0.58396598 -0.14889820
v -0.27882866 0.59090202 -0.14834380
v -0.31262866 0.55878202 -0.06835680
v -0.27883825 0.52525038 0.08092105
v -0.31263825 0.60524038 0.11342205
v -0.30733975 0.60466762 0.12034195
v -0.27353975 0.52467762 0.08784095
v -0.31307332 0.55750846 0.06468612
v -0.31307332 0.60714846 0.11470412
v -0.30690468 0.60275954 0.11905988
v -0.30690468 0.55311954 0.06904188
v -0.30690823 0.55312841 -0.07082577
v -0.30690823 0.60276841 -0.12032577
v -0.31306977 0.60713959 -0.11594223
v -0.31306977 0.55749959 -0.06644223
v -0.27619697 0.59121660 -0.15080359
v -0.30999697 0.60873660 -0.12031659
v -0.30998103 0.60117140 -0.11595141
v -0.27618103 0.58365140 -0.14643841
v -0.27928623 0.52714156 0.08220448
v -0.27928623 0.58961156 0.14470448
v -0.27309177 0.58525644 0.14905752
v -0.27309177 0.52278644 0.08655752
v -0.30997545 0.60873172 0.11907299
v -0.27617545 0.59121172 0.14907199
v -0.27620255 0.58365628 0.14469001
v -0.31000255 0.60117628 0.11469101
v -0.27355045 0.58892136 -0.15176705
v -0.30735045 0.67425136 -0.13977305
v -0.31262755 0.67127664 -0.13348095
v -0.27882755 0.58594664 -0.14547495
v -0.30691112 0.60413885 -0.12112298
v -0.30691112 0.67194885 -0.13961598
v -0.31306688 0.67357915 -0.13363802
v -0.31306688 0.60576915 -0.11514502
v -0.27884177 0.58594297 0.14374867
v -0.31264177 0.67127297 0.13175567
v -0.30733623 0.67425503 0.13802033
v -0.27353623 0.58892503 0.15001333
v -0.31309119 0.60574287 0.11391116
v -0.31309119 0.67355287 0.13191716
v -0.30688681 0.67197513 0.13785884
v -0.30688681 0.60416513 0.11985284
v -0.30998900 0.66839687 -0.13662700
v -0.27618900 0.66839687 -0.17163100
v -0.27618900 0.67713113 -0.17163100
v -0.30998900 0.67713113 -0.13662700
v -0.27310083 0.58663004 -0.15160238
v -0.27310083 0.67196004 -0.17461238
v -0.27927717 0.67356796 -0.16864962
v -0.27927717 0.58823796 -0.14563962
v -0.27927722 0.58823795 0.14389966
v -0.27927722 0.67356795 0.16690966
v -0.27310078 0.67196005 0.17287234
v -0.27310078 0.58663005 0.14986234
v -0.30998900 0.67713113 0.13488800
v -0.27618900 0.67713113 0.16989100
v -0.27618900 0.66839687 0.16989100
v -0.30998900 0.66839687 0.13488800
v -0.30735049 0.67127665 -0.13977309
v -0.27355049 0.75660665 -0.15176709
v -0.27882751 0.75958135 -0.14547491
v -0.31262751 0.67425135 -0.13348091
v -0.27310083 0.67356796 -0.17461238
v -0.27310083 0.75889796 -0.15160238
v -0.27927717 0.75729004 -0.14563962
v -0.27927717 0.67196004 -0.16864962
v -0.31264173 0.67425502 0.13175564
v -0.27884173 0.75958502 0.14374864
v -0.27353627 0.75660298 0.15001336
v -0.30733627 0.67127298 0.13802036
v -0.27927722 0.67196005 0.16690966
v -0.27927722 0.75729005 0.14389966
v -0.27310078 0.75889795 0.14986234
v -0.27310078 0.67356795 0.17287234
v -0.30691119 0.67357922 -0.13961603
v -0.30691119 0.74138422 -0.12112303
v -0.31306681 0.73975378 -0.11514497
v -0.31306681 0.67194878 -0.13363797
v -0.27617938 0.76187553 -0.14643657
v -0.30997938 0.74435053 -0.11594957
v -0.30999862 0.73678747 -0.12031843
v -0.27619862 0.75431247 -0.15080543
v -0.27617523 0.75431645 0.14907228
v -0.30997523 0.73679145 0.11907328
v -0.31000277 0.74434655 0.11469072
v -0.27620277 0.76187155 0.14468972
v -0.31309113 0.67197506 0.13191711
v -0.31309113 0.73978006 0.11391111
v -0.30688687 0.74135794 0.11985289
v -0.30688687 0.67355294 0.13785889
v -0.27310768 0.76028291 -0.15080869
v -0.27310768 0.82274791 -0.08830869
v -0.27927032 0.81837009 -0.08393331
v -0.27927032 0.75590509 -0.14643331
v -0.30734898 0.74084144 -0.12160213
v -0.27354898 0.82083144 -0.08958913
v -0.27882902 0.82028656 -0.08265287
v -0.31262902 0.74029656 -0.11466587
v -0.31263816 0.74028256 0.11342199
v -0.27883816 0.82027256 0.08092099
v -0.27353984 0.82084544 0.08784101
v -0.30733984 0.74085544 0.12034201
v -0.27928608 0.75591625 0.14470447
v -0.27928608 0.81838125 0.08220447
v -0.27309192 0.82273675 0.08655753
v -0.27309192 0.76027175 0.14905753
v -0.30690157 0.74274990 -0.12032107
v -0.30690157 0.79238990 -0.07082107
v -0.31307643 0.78802810 -0.06644693
v -0.31307643 0.73838810 -0.11594693
v -0.27619200 0.82274174 -0.08233848
v -0.30999200 0.79239174 -0.06485148
v -0.30998600 0.78802626 -0.07241652
v -0.27618600 0.81837626 -0.08990352
v -0.27619184 0.81837833 0.08816471
v -0.30999184 0.78802833 0.07064771
v -0.30998616 0.79238967 0.06308029
v -0.27618616 0.82273967 0.08059729
v -0.31307332 0.73837454 0.11470412
v -0.31307332 0.78801454 0.06468612
v -0.30690468 0.79240346 0.06904188
v -0.30690468 0.74276346 0.11905988
v -0.27310267 0.82354386 -0.08691913
v -0.27310267 0.84640886 -0.00140813
v -0.27927533 0.84043914 0.00018813
v -0.27927533 0.81757414 -0.08532287
v -0.30734525 0.79218516 -0.07149358
v -0.27354525 0.84540016 -0.00346958
v -0.27883275 0.84144784 0.00224958
v -0.31263275 0.78823284 -0.06577442
v -0.31262848 0.78824451 0.06399246
v -0.27882848 0.84145951 -0.00348154
v -0.27354952 0.84538849 0.00226154
v -0.30734952 0.79217349 0.06973554
v -0.27927435 0.81757442 0.08357806
v -0.27927435 0.84043942 -0.00141294
v -0.27310365 0.84640858 0.00019294
v -0.27310365 0.82354358 0.08518394
v -0.30690362 0.79319498 -0.06943159
v -0.30690362 0.81136498 -0.00140759
v -0.31307438 0.80539302 0.00018759
v -0.31307438 0.78722302 -0.06783641
v -0.27618670 0.84342179 0.00375713
v -0.30998670 0.80837679 0.00375713
v -0.30999130 0.80838121 -0.00497713
v -0.27619130 0.84342621 -0.00497713
v -0.31307522 0.78722546 0.06606056
v -0.31307522 0.80539546 -0.00141344
v -0.30690278 0.81136254 0.00019344
v -0.30690278 0.79319254 0.06766744
v 0.36225811 -0.31971253 0.15874799
v 0.21300811 -0.29051753 -0.00125501
v 0.21331389 -0.28188447 0.00003501
v 0.36256389 -0.31107947 0.16003801
v 0.22133590 -0.39664564 -0.00384027
v 0.21023690 -0.28649564 -0.00384027
v 0.21608510 -0.28590636 0.00262027
v 0.22718410 -0.39605636 0.00262027
v 0.22298004 -0.39228558 -0.00156178
v 0.36113104 -0.31133058 0.15844122
v 0.36369096 -0.31946142 0.16034478
v 0.22553996 -0.40041642 0.00034178
v 0.36024139 -0.31808398 0.15672103
v 0.30934139 -0.23125398 0.11070103
v 0.31368061 -0.22587802 0.11604497
v 0.36458061 -0.31270802 0.16206497
v 0.21237701 -0.28213271 -0.00199065
v 0.31072701 -0.22449771 0.11199235
v 0.31229499 -0.23263429 0.11475365
v 0.21394499 -0.29026929 0.00077065
v 0.30985243 -0.23251313 0.11251214
v 0.24050243 -0.17851313 -0.00147086
v 0.24381957 -0.17061887 0.00025086
v 0.31316957 -0.22461887 0.11423386
v 0.21071859 -0.28556652 -0.00417425
v 0.23971859 -0.17393152 -0.00417425
v 0.24460341 -0.17520048 0.00295425
v 0.21560341 -0.28683548 0.00295425
v 0.30933238 -0.23190429 0.11158940
v 0.26808238 -0.16144929 0.03010740
v 0.27243962 -0.15477271 0.03367460
v 0.31368962 -0.22522771 0.11515660
v 0.24198250 -0.17061278 -0.00245716
v 0.27008250 -0.15415778 0.03004384
v 0.27043950 -0.16206422 0.03373816
v 0.24233950 -0.17851922 0.00123716
v 0.26803863 -0.16150218 0.03026840
v 0.25323863 -0.13625218 -0.00223260
v 0.25768337 -0.12946982 0.00101260
v 0.27248337 -0.15471982 0.03351360
v 0.23984537 -0.17382753 -0.00423827
v 0.25314537 -0.13212253 -0.00423827
v 0.25777663 -0.13359947 0.00301827
v 0.24447663 -0.17530447 0.00301827
v 0.36256658 -0.31107890 -0.16177352
v 0.21331658 -0.28188390 -0.00125052
v 0.21300542 -0.29051810 0.00003052
v 0.36225542 -0.31971310 -0.16049248
v 0.22553710 -0.40041735 -0.00156163
v 0.36368810 -0.31946235 -0.16208463
v 0.36113390 -0.31132965 -0.16018137
v 0.22298290 -0.39228465 0.00034163
v 0.22717891 -0.39605688 -0.00384501
v 0.21607991 -0.28590688 -0.00384501
v 0.21024209 -0.28649512 0.00262501
v 0.22134109 -0.39664512 0.00262501
v 0.21393955 -0.29026893 -0.00199479
v 0.31228955 -0.23263393 -0.11600879
v 0.31073245 -0.22449807 -0.11323921
v 0.21238245 -0.28213307 0.00077479
v 0.36457771 -0.31269854 -0.16379775
v 0.31367771 -0.22586854 -0.11728875
v 0.30934429 -0.23126346 -0.11195925
v 0.36024429 -0.31809346 -0.15846825
v 0.21560297 -0.28683536 -0.00417458
v 0.24460297 -0.17520036 -0.00417458
v 0.23971903 -0.17393164 0.00295458
v 0.21071903 -0.28556664 0.00295458
v 0.31316962 -0.22461883 -0.11548461
v 0.24381962 -0.17061883 -0.00147061
v 0.24050238 -0.17851317 0.00025061
v 0.30985238 -0.23251317 -0.11376339
v 0.24233918 -0.17851915 -0.00245734
v 0.27043918 -0.16206415 -0.03495934
v 0.27008282 -0.15415785 -0.03126466
v 0.24198282 -0.17061285 0.00123734
v 0.31368970 -0.22522749 -0.11640709
v 0.27243970 -0.15477249 -0.03489509
v 0.26808230 -0.16144951 -0.03132891
v 0.30933230 -0.23190451 -0.11284091
v 0.24447659 -0.17530446 -0.00423830
v 0.25777659 -0.13359946 -0.00423830
v 0.25314541 -0.13212254 0.00301830
v 0.23984541 -0.17382754 0.00301830
v 0.27248333 -0.15471980 -0.03473459
v 0.25768333 -0.12946980 -0.00223259
v 0.25323867 -0.13625220 0.00101259
v 0.26803867 -0.16150220 -0.03148941
v 0.03223069 -0.22385002 0.17126038
v 0.06908069 -0.09092502 0.29876238
v 0.07554131 -0.09582698 0.30200562
v 0.03869131 -0.22875198 0.17450362
v 0.03611920 -0.22306691 0.17574194
v 0.11441920 -0.27702691 0.21874094
v 0.11310280 -0.28349509 0.21302106
v 0.03480280 -0.22953509 0.17002206
v 0.11065740 -0.27959334 0.21288205
v 0.06920740 -0.09270834 0.29738505
v 0.07541460 -0.09404366 0.30338295
v 0.11686460 -0.28092866 0.21887995
v 0.11072752 -0.27778060 0.21395294
v 0.14347752 -0.11451560 0.37246194
v 0.14954448 -0.11947640 0.37631806
v 0.11679448 -0.28274140 0.21780906
v 0.07189183 -0.08937418 0.30208151
v 0.14609183 -0.11299418 0.37608751
v 0.14693017 -0.12099782 0.37269249
v 0.07273017 -0.09737782 0.29868649
v 0.14412574 -0.11858898 0.37109686
v 0.05042574 0.07963102 0.34308086
v 0.05519626 0.08281698 0.34966714
v 0.14889626 -0.11540302 0.37768314
v 0.06932823 -0.09287918 0.29723311
v 0.04982823 0.08172082 0.34322311
v 0.05579377 0.08072718 0.34952489
v 0.07529377 -0.09387282 0.30353489
v 0.11686461 -0.28092866 -0.22061994
v 0.07541461 -0.09404366 -0.30512294
v 0.06920739 -0.09270834 -0.29912506
v 0.11065739 -0.27959334 -0.21462206
v 0.03480280 -0.22953509 -0.17176206
v 0.11310280 -0.28349509 -0.21476106
v 0.11441920 -0.27702691 -0.22048094
v 0.03611920 -0.22306691 -0.17748194
v 0.03869131 -0.22875198 -0.17624362
v 0.07554131 -0.09582698 -0.30374562
v 0.06908069 -0.09092502 -0.30050238
v 0.03223069 -0.22385002 -0.17300038
v 0.07273016 -0.09737782 -0.30042648
v 0.14693016 -0.12099782 -0.37443148
v 0.14609184 -0.11299418 -0.37782652
v 0.07189184 -0.08937418 -0.30382152
v 0.11679450 -0.28274138 -0.21954906
v 0.14954450 -0.11947638 -0.37805706
v 0.14347750 -0.11451562 -0.37420094
v 0.11072750 -0.27778062 -0.21569294
v 0.13189039 0.09882524 0.43018752
v -0.01725961 0.23870024 0.29819852
v -0.01451839 0.24574776 0.30256948
v 0.13463161 0.10587276 0.43455848
v 0.05023637 0.07928385 0.34342799
v -0.01846363 0.24028385 0.29743799
v -0.01331437 0.24416415 0.30333001
v 0.05538563 0.08316415 0.34932001
v 0.05194302 0.08549739 0.34613625
v 0.13239302 0.10662239 0.43213525
v 0.13412898 0.09807561 0.43261075
v 0.05367898 0.07695061 0.34661175
v 0.14889628 -0.11540303 -0.37942213
v 0.05519628 0.08281697 -0.35140713
v 0.05042572 0.07963103 -0.34482087
v 0.14412572 -0.11858897 -0.37283587
v 0.07529379 -0.09387282 -0.30527487
v 0.05579379 0.08072718 -0.35126487
v 0.04982821 0.08172082 -0.34496313
v 0.06932821 -0.09287918 -0.29897313
v 0.13095205 0.10032687 0.42926631
v 0.03420205 0.29988187 0.37128331
v 0.03881995 0.30392613 0.37749669
v 0.13556995 0.10437113 0.43547969
v -0.01770839 0.24584370 0.29875322
v 0.03469161 0.30552370 0.37275922
v 0.03833039 0.29828430 0.37602078
v -0.01406961 0.23860430 0.30201478
v 0.03592151 0.29763188 0.37370202
v -0.11767849 0.35127688 0.17219402
v -0.11649951 0.35982112 0.17356998
v 0.03710049 0.30617612 0.37507798
v -0.01726989 0.23864423 0.29829829
v -0.11846989 0.35196923 0.17079629
v -0.11570811 0.35912877 0.17496771
v -0.01450811 0.24580377 0.30246971
v 0.13463162 0.10587276 -0.43629848
v -0.01451838 0.24574776 -0.30430948
v -0.01725962 0.23870024 -0.29993852
v 0.13189038 0.09882524 -0.43192752
v 0.05367898 0.07695061 -0.34835175
v 0.13412898 0.09807561 -0.43435075
v 0.13239302 0.10662239 -0.43387525
v 0.05194302 0.08549739 -0.34787625
v 0.05538563 0.08316415 -0.35106001
v -0.01331437 0.24416415 -0.30507001
v -0.01846363 0.24028385 -0.29917799
v 0.05023637 0.07928385 -0.34516799
v 0.03473896 0.29839284 0.37249172
v -0.07796104 0.44096784 0.21398272
v -0.07441696 0.44799016 0.21777928
v 0.03828304 0.30541516 0.37628828
v -0.11854281 0.35786426 0.16947645
v -0.07764281 0.44679426 0.21247545
v -0.07473519 0.44216374 0.21928655
v -0.11563519 0.35323374 0.17628755
v -0.01406961 0.23860431 -0.30375479
v 0.03833039 0.29828431 -0.37775979
v 0.03469161 0.30552369 -0.37449821
v -0.01770839 0.24584369 -0.30049321
v 0.13556996 0.10437115 -0.43721967
v 0.03881996 0.30392615 -0.37923567
v 0.03420204 0.29988185 -0.37302233
v 0.13095204 0.10032685 -0.43100633
v -0.11911815 0.35240616 0.17062880
v -0.14186815 0.49147616 -0.00286320
v -0.13780985 0.49776184 0.00164320
v -0.11505985 0.35869184 0.17513520
v -0.07756089 0.44036939 0.21533255
v -0.14121089 0.49050939 -0.00115845
v -0.13846711 0.49872861 -0.00006155
v -0.07481711 0.44858861 0.21642945
v 0.03710050 0.30617612 -0.37681697
v -0.11649950 0.35982112 -0.17530997
v -0.11767850 0.35127688 -0.17393403
v 0.03592150 0.29763188 -0.37544103
v -0.01450809 0.24580378 -0.30420969
v -0.11570809 0.35912878 -0.17670769
v -0.11846991 0.35196922 -0.17253631
v -0.01726991 0.23864422 -0.30003831
v -0.13983681 0.49461808 0.00375713
v -0.18218681 0.39368308 0.00375713
v -0.18219119 0.39368492 -0.00497713
v -0.13984119 0.49461992 -0.00497713
v -0.11886037 0.35156286 0.17267049
v -0.18396037 0.38969786 -0.00082151
v -0.18041763 0.39767014 -0.00039849
v -0.11531763 0.35953514 0.17309351
v -0.14186626 0.49147243 0.00163969
v -0.11911626 0.35240243 -0.17237231
v -0.11506174 0.35869557 -0.17687169
v -0.13781174 0.49776557 -0.00285969
v -0.11531804 0.35953535 -0.17483308
v -0.18041804 0.39767035 -0.00082108
v -0.18395996 0.38969765 -0.00039892
v -0.11885996 0.35156265 -0.17441092
v -0.11563663 0.35323401 -0.17802836
v -0.07473663 0.44216401 -0.22102736
v -0.07764137 0.44679399 -0.21421464
v -0.11854137 0.35786399 -0.17121564
v 0.03828304 0.30541515 -0.37802728
v -0.07441696 0.44799015 -0.21951928
v -0.07796104 0.44096785 -0.21572272
v 0.03473896 0.29839285 -0.37423072
v -0.14121148 0.49050938 -0.00006303
v -0.07756148 0.44036938 -0.21707403
v -0.07481652 0.44858862 -0.21816797
v -0.13846652 0.49872862 -0.00115697
v 0.09160079 -0.17101654 0.00111732
v 0.03820079 -0.22337154 0.17460932
v 0.03272121 -0.22923046 0.17115468
v 0.08612121 -0.17687546 -0.00233732
v 0.03522573 -0.22780736 0.16878965
v 0.12907573 -0.13377236 0.12878065
v 0.12954627 -0.13075964 0.13696535
v 0.03569627 -0.22479464 0.17697435
v 0.09169189 -0.17111362 -0.00235227
v 0.13214189 -0.12943362 0.13113073
v 0.12648011 -0.13509838 0.13461527
v 0.08603011 -0.17677838 0.00113227
v 0.13195536 -0.12879174 0.13296622
v 0.07495536 -0.08990174 0.30047722
v 0.06966664 -0.09685026 0.30029078
v 0.12666664 -0.13574026 0.13277978
v 0.03831772 -0.22446138 0.17013850
v 0.07516772 -0.09153638 0.29764050
v 0.06945428 -0.09521562 0.30312750
v 0.03260428 -0.22814062 0.17562550
v 0.08886087 -0.17394589 0.00375713
v -0.00583913 -0.27877589 0.00375713
v -0.00583887 -0.27877611 -0.00497713
v 0.08886113 -0.17394611 -0.00497713
v 0.03269767 -0.22929898 0.17444659
v -0.00860233 -0.28177398 0.00095459
v -0.00307567 -0.27577802 -0.00217459
v 0.03822433 -0.22330302 0.17131741
v 0.07175653 -0.09626297 0.29715448
v 0.15740653 -0.03327297 0.22614048
v 0.15851547 -0.02749903 0.23259952
v 0.07286547 -0.09048903 0.30361352
v 0.13215760 -0.13044582 0.13010612
v 0.16080760 -0.02856582 0.22660312
v 0.15511440 -0.03220618 0.23213688
v 0.12646440 -0.13408618 0.13563988
v 0.08611984 -0.17687674 0.00111297
v 0.03271984 -0.22923174 -0.17289903
v 0.03820216 -0.22337026 -0.17634497
v 0.09160216 -0.17101526 -0.00233297
v -0.00860321 -0.28177529 -0.00217052
v 0.03269679 -0.22930029 -0.17618252
v 0.03822521 -0.22330171 -0.17306148
v -0.00307479 -0.27577671 0.00095052
v 0.08603006 -0.17677855 -0.00235192
v 0.12648006 -0.13509855 -0.13586692
v 0.13214194 -0.12943345 -0.13238308
v 0.09169194 -0.17111345 0.00113192
v 0.03570698 -0.22478577 -0.17871045
v 0.12955698 -0.13075077 -0.13821345
v 0.12906502 -0.13378123 -0.13003655
v 0.03521502 -0.22781623 -0.17053355
v 0.15984598 -0.02683095 0.22767286
v 0.05469598 0.08477905 0.34467686
v 0.05092602 0.07766895 0.34807114
v 0.15607602 -0.03394105 0.23106714
v 0.05320873 0.07693523 0.34565281
v 0.13330873 0.09806523 0.26417181
v 0.13251327 0.10664277 0.26561419
v 0.05241327 0.08551277 0.34709519
v 0.16089489 -0.02904459 0.22642641
v 0.13584489 0.10369541 0.26194941
v 0.12997711 0.10101259 0.26783659
v 0.15502711 -0.03172741 0.23231359
v 0.03260897 -0.22814425 -0.17736793
v 0.06945897 -0.09521925 -0.30486993
v 0.07516303 -0.09153275 -0.29937807
v 0.03831303 -0.22445775 -0.17187607
v 0.12666986 -0.13574276 -0.13403373
v 0.06966986 -0.09685276 -0.30203273
v 0.07495214 -0.08989924 -0.30221527
v 0.13195214 -0.12878924 -0.13421627
v 0.12646899 -0.13408977 -0.13689423
v 0.15511899 -0.03221477 -0.23339023
v 0.16080301 -0.02856723 -0.22785177
v 0.13215301 -0.13044223 -0.13135577
v 0.07287435 -0.09048333 -0.30534688
v 0.15852435 -0.02749833 -0.23384388
v 0.15739765 -0.03328367 -0.22739812
v 0.07174765 -0.09626867 -0.29890112
v 0.15607298 -0.03394809 -0.23231046
v 0.05092298 0.07766691 -0.34980346
v 0.05469902 0.08478109 -0.34642454
v 0.15984902 -0.02683391 -0.22893154
v 0.15502796 -0.03174206 -0.23356102
v 0.12997796 0.10100294 -0.26957202
v 0.13584404 0.10370506 -0.26369198
v 0.16089404 -0.02903994 -0.22768098
v 0.05242093 0.08551222 -0.34884257
v 0.13252093 0.10664222 -0.26736057
v 0.13330107 0.09806578 -0.26590343
v 0.05320107 0.07693578 -0.34738543
v 0.78076274 -0.40212255 0.00040171
v 0.86461274 -0.52220255 0.18338471
v 0.85940926 -0.52891945 0.18136129
v 0.77555926 -0.40883945 -0.00162171
v 0.78039894 -0.40667060 0.00294644
v 0.73159894 -0.49847560 0.00294644
v 0.72712306 -0.49609640 -0.00416644
v 0.77592306 -0.40429140 -0.00416644
v 0.86035422 -0.52955934 0.18295622
v 0.72770422 -0.50128434 -0.00002678
v 0.73101778 -0.49328766 -0.00119322
v 0.86366778 -0.52156266 0.18178978
v 0.73094937 -0.49358873 0.00108679
v 0.78749937 -0.57454873 0.12456079
v 0.78432263 -0.58194327 0.12116721
v 0.72777263 -0.50098327 -0.00230679
v 0.86232003 -0.52901121 0.18503239
v 0.78622003 -0.58169621 0.12552339
v 0.78560197 -0.57479579 0.12020461
v 0.86170197 -0.52211079 0.17971361
v 0.73090732 -0.49711105 0.00347045
v 0.74350732 -0.60848105 0.00347045
v 0.74041468 -0.60883095 -0.00469045
v 0.72781468 -0.49746095 -0.00469045
v 0.78668371 -0.58247531 0.12363058
v 0.74273371 -0.61288531 0.00015658
v 0.74118829 -0.60442669 -0.00137658
v 0.78513829 -0.57401669 0.12209742
v 0.86366800 -0.52156276 -0.18304071
v 0.73101800 -0.49328776 -0.00002671
v 0.72770400 -0.50128424 -0.00119329
v 0.86035400 -0.52955924 -0.18420729
v 0.77592331 -0.40429153 0.00294664
v 0.72712331 -0.49609653 0.00294664
v 0.73159869 -0.49847547 -0.00416664
v 0.78039869 -0.40667047 -0.00416664
v 0.77555938 -0.40883956 0.00040167
v 0.85940938 -0.52891956 -0.18261233
v 0.86461262 -0.52220244 -0.18463567
v 0.78076262 -0.40212244 -0.00162167
v 0.86170237 -0.52211100 -0.18096429
v 0.78560237 -0.57479600 -0.12145529
v 0.78621963 -0.58169600 -0.12677471
v 0.86231963 -0.52901100 -0.18628371
v 0.72777274 -0.50098344 0.00108652
v 0.78432274 -0.58194344 -0.12241848
v 0.78749926 -0.57454856 -0.12581152
v 0.73094926 -0.49358856 -0.00230652
v 0.78513841 -0.57401664 -0.12334856
v 0.74118841 -0.60442664 0.00015644
v 0.74273359 -0.61288536 -0.00137644
v 0.78668359 -0.58247536 -0.12488144
v 0.72781502 -0.49746091 0.00347058
v 0.74041502 -0.60883091 0.00347058
v 0.74350698 -0.60848109 -0.00469058
v 0.73090698 -0.49711109 -0.00469058
v 1.45524821 -0.27692477 -0.17334393
v 1.47484821 -0.31902477 0.00017907
v 1.47167379 -0.32700723 -0.00139907
v 1.45207379 -0.28490723 -0.17492207
v 1.47326219 -0.32301643 -0.00497713
v 1.52151219 -0.18830143 -0.00497713
v 1.52150981 -0.18830057 0.00375713
v 1.47325981 -0.32301557 0.00375713
v 1.45450794 -0.27728280 -0.17640333
v 1.52235794 -0.18466780 -0.00288033
v 1.52066406 -0.19193420 0.00166033
v 1.45281406 -0.28454920 -0.17186267
v 1.52235643 -0.18467064 0.00166543
v 1.45450643 -0.27728564 0.17463843
v 1.45281557 -0.28454636 0.17008757
v 1.52066557 -0.19193136 -0.00288543
v 1.47484891 -0.31902549 -0.00140132
v 1.45524891 -0.27692549 0.17157168
v 1.45207309 -0.28490651 0.17315432
v 1.47167309 -0.32700651 0.00018132
v 1.51992448 -0.19229233 -0.00139996
v 1.50607448 -0.16254233 -0.12389796
v 1.50924752 -0.15455967 -0.12231804
v 1.52309752 -0.18430967 0.00017996
v 1.45274061 -0.27893332 -0.17791369
v 1.50674061 -0.15656832 -0.12688869
v 1.50858139 -0.16053368 -0.11932731
v 1.45458139 -0.28289868 -0.17035231
v 1.45458716 -0.28288635 0.16857727
v 1.50858716 -0.16052135 0.11810127
v 1.50673484 -0.15658065 0.12567273
v 1.45273484 -0.27894565 0.17614873
v 1.52310044 -0.18431072 -0.00139938
v 1.50925044 -0.15456072 0.12109762
v 1.50607156 -0.16254128 0.12267638
v 1.51992156 -0.19229128 0.00017938
v 1.45174271 -0.28419263 -0.17629070
v 1.39809271 -0.16916263 -0.30327470
v 1.40192929 -0.16260937 -0.29895930
v 1.45557929 -0.27763937 -0.17197530
v 1.50712654 -0.16285629 -0.12260738
v 1.39947654 -0.17019129 -0.30061638
v 1.40054546 -0.16158071 -0.30161762
v 1.50819546 -0.15424571 -0.12360862
v 1.50819415 -0.15424562 0.12238829
v 1.40054415 -0.16158062 0.29987829
v 1.39947785 -0.17019138 0.29887571
v 1.50712785 -0.16285638 0.12138571
v 1.45558643 -0.27764055 0.17020988
v 1.40193643 -0.16261055 0.29722388
v 1.39808557 -0.16916145 0.30153012
v 1.45173557 -0.28419145 0.17451612
v 1.50573909 -0.16182967 -0.12525938
v 1.46783909 -0.08053967 -0.21528638
v 1.47168291 -0.07398233 -0.21098362
v 1.50958291 -0.15527233 -0.12095662
v 1.39841456 -0.16245914 -0.30330329
v 1.46816456 -0.07383414 -0.21532129
v 1.47135744 -0.08068786 -0.21094871
v 1.40160744 -0.16931286 -0.29893071
v 1.40161105 -0.16931323 0.29719395
v 1.47136105 -0.08068823 0.20918195
v 1.46816095 -0.07383377 0.21354805
v 1.39841095 -0.16245877 0.30156005
v 1.50958378 -0.15527794 0.11972788
v 1.47168378 -0.07398794 0.20920588
v 1.46783822 -0.08053406 0.21352412
v 1.50573822 -0.16182406 0.12404612
v 1.46912926 -0.08134608 -0.21454386
v 1.32607926 -0.01284108 -0.34903486
v 1.32734274 -0.00467092 -0.34621714
v 1.47039274 -0.07317592 -0.21172614
v 1.39751100 -0.16792374 -0.30406139
v 1.32421100 -0.01079374 -0.35057039
v 1.32921100 -0.00671826 -0.34468161
v 1.40251100 -0.16384826 -0.29817261
v 1.47039875 -0.07317475 0.20996226
v 1.32734875 -0.00466975 0.34448326
v 1.32607325 -0.01284225 0.34728874
v 1.46912325 -0.08134725 0.21276774
v 1.40251054 -0.16384834 0.29643217
v 1.32921054 -0.00671834 0.34294117
v 1.32421146 -0.01079366 0.34883083
v 1.39751146 -0.16792366 0.30232183
v 1.46726428 -0.07929009 -0.21608813
v 1.41546428 0.03174991 -0.24858913
v 1.42045772 0.03580809 -0.24268287
v 1.47225772 -0.07523191 -0.21018187
v 1.32541255 -0.00462433 -0.34818740
v 1.41666255 0.03791067 -0.24619740
v 1.41925945 0.02964733 -0.24507460
v 1.32800945 -0.01288767 -0.34706460
v 1.32800037 -0.01288895 0.34531320
v 1.41925037 0.02964605 0.24381220
v 1.41667163 0.03791195 0.24495780
v 1.32542163 -0.00462305 0.34645880
v 1.47226190 -0.07521972 0.20842383
v 1.42046190 0.03582028 0.24144383
v 1.41546010 0.03173772 0.24732617
v 1.46726010 -0.07930228 0.21430617
v 1.41905398 0.03761461 -0.44889213
v 1.25455398 0.15220961 -0.30289613
v 1.25236802 0.14453839 -0.29933787
v 1.41686802 0.02994339 -0.44533387
v 1.41667006 0.03791014 -0.44653082
v 1.32542006 -0.00462486 -0.34704382
v 1.32800194 -0.01288714 -0.34820818
v 1.41925194 0.02964786 -0.44769518
v 1.32924423 -0.00671308 -0.35053822
v 1.25599423 0.15041692 -0.30402922
v 1.25092777 0.14633108 -0.29820478
v 1.32417777 -0.01079892 -0.34471378
v 1.25505926 0.14494422 -0.30329737
v 1.32520926 0.23263422 -0.38981437
v 1.32201274 0.23949378 -0.38545363
v 1.25186274 0.15180378 -0.29893663
v 1.42048993 0.03581696 -0.45003243
v 1.32613993 0.23810196 -0.39055343
v 1.32108207 0.23402604 -0.38471457
v 1.41543207 0.03174104 -0.44419357
v 1.32449719 0.24034014 -0.38766762
v 1.20069719 0.26767514 -0.17416662
v 1.19892481 0.25912286 -0.17409938
v 1.32272481 0.23178786 -0.38760038
v 1.25541607 0.15164342 -0.30325251
v 1.20176607 0.26666842 -0.17626851
v 1.19785593 0.26012958 -0.17199749
v 1.25150593 0.14510458 -0.29898149
v 1.32417777 -0.01079892 0.34297378
v 1.25092777 0.14633108 0.29646478
v 1.25599423 0.15041692 0.30228922
v 1.32924423 -0.00671308 0.34879822
v 1.41925194 0.02964786 0.44595518
v 1.32800194 -0.01288714 0.34646818
v 1.32542006 -0.00462486 0.34530382
v 1.41667006 0.03791014 0.44479082
v 1.41686777 0.02994335 0.44359411
v 1.25236777 0.14453835 0.29759811
v 1.25455423 0.15220965 0.30115589
v 1.41905423 0.03761465 0.44715189
v 1.20073077 0.26141662 -0.17791401
v 1.25548077 0.38216162 -0.22790201
v 1.25364123 0.38612638 -0.22033999
v 1.19889123 0.26538138 -0.17035199
v 1.32556681 0.23933339 -0.38976889
v 1.25651681 0.38741339 -0.22625589
v 1.25260519 0.38087461 -0.22198611
v 1.32165519 0.23279461 -0.38549911
v 1.41543181 0.03174063 0.44245408
v 1.32108181 0.23402563 0.38294508
v 1.32614019 0.23810237 0.38878292
v 1.42049019 0.03581737 0.44829192
v 1.25186281 0.15180348 0.29719612
v 1.32201281 0.23949348 0.38368312
v 1.32520919 0.23263452 0.38804488
v 1.25505919 0.14494452 0.30155788
v 1.25564144 0.38801016 -0.22240133
v 1.18129144 0.30937016 0.00110967
v 1.17913056 0.30163784 -0.00232967
v 1.25348056 0.38027784 -0.22584067
v 1.20143875 0.26737546 -0.17491402
v 1.18183875 0.30948046 -0.00139102
v 1.17858325 0.30152754 0.00017102
v 1.19818325 0.25942254 -0.17335198
v 1.25150557 0.14510445 0.29724203
v 1.19785557 0.26012945 0.17022803
v 1.20176643 0.26666855 0.17449797
v 1.25541643 0.15164355 0.30151197
v 1.32272476 0.23178787 0.38583041
v 1.19892476 0.25912287 0.17232941
v 1.20069724 0.26767513 0.17239659
v 1.32449724 0.24034013 0.38589759
v 1.18021013 0.30550432 -0.00497713
v 1.22931013 0.43834432 -0.00497713
v 1.22931187 0.43834368 0.00375713
v 1.18021187 0.30550368 0.00375713
v 1.25618890 0.38812053 -0.22490138
v 1.23093890 0.44232053 -0.00139038
v 1.22768310 0.43436747 0.00017038
v 1.25293310 0.38016747 -0.22334062
v 1.32165548 0.23279472 0.38372868
v 1.25260548 0.38087472 0.22024668
v 1.25651652 0.38741328 0.22451732
v 1.32556652 0.23933328 0.38799932
v 1.19889030 0.26538245 0.16858278
v 1.25364030 0.38612745 0.21860178
v 1.25548170 0.38216055 0.22616222
v 1.20073170 0.26141555 0.17614322
v 1.18128912 0.30936948 -0.00233266
v 1.25563912 0.38800948 0.22065934
v 1.25348288 0.38027852 0.22410466
v 1.17913288 0.30163852 0.00111266
v 1.23093940 0.44232000 0.00017201
v 1.25618940 0.38812000 0.22316401
v 1.25293260 0.38016800 0.22159999
v 1.22768260 0.43436800 -0.00139201
v 1.18183842 0.30948012 0.00017346
v 1.20143842 0.26737512 0.17314646
v 1.19818358 0.25942288 0.17157954
v 1.17858358 0.30152788 -0.00139346
v -2.46641767 0.11021977 -0.10789158
v -2.46641767 0.13865977 -0.00138458
v -2.47276033 0.13285823 0.00016458
v -2.47276033 0.10441823 -0.10634242
v -2.46900954 0.10895671 -0.10311026
v -2.52191054 0.06406171 -0.07710926
v -2.52306946 0.06078629 -0.08512274
v -2.47016846 0.10568129 -0.11112374
v -2.51995715 0.06406314 -0.08427348
v -2.46705615 0.13739814 -0.00376748
v -2.47212185 0.13411986 0.00254748
v -2.52502285 0.06078486 -0.07795852
v -2.51931890 0.06532508 -0.08189040
v -2.51931890 0.08681508 -0.00138440
v -2.52566110 0.08101292 0.00016440
v -2.52566110 0.05952292 -0.08034160
v -2.46958717 0.13575714 0.00375713
v -2.52248817 0.08391214 0.00375713
v -2.52249183 0.08391586 -0.00497713
v -2.46959083 0.13576086 -0.00497713
v -2.46706017 0.13738792 0.00255598
v -2.51996117 0.06405292 0.08254198
v -2.52501883 0.06079508 0.07621002
v -2.47211783 0.13413008 -0.00377598
v -2.47016575 0.10567852 0.10938300
v -2.52306675 0.06078352 0.08338200
v -2.52191325 0.06406448 0.07537000
v -2.46901225 0.10895948 0.10137100
v -2.46641816 0.13865933 0.00016826
v -2.46641816 0.11021933 0.10615526
v -2.47275984 0.10441867 0.10459874
v -2.47275984 0.13285867 -0.00138826
v -2.51931825 0.08681316 0.00016892
v -2.51931825 0.06532316 0.08015492
v -2.52566175 0.05952484 0.07859708
v -2.52566175 0.08101484 -0.00138892
v 1.52151100 -0.18830100 -0.00497713
v 1.65571100 -0.23794100 -0.00497713
v 1.65571100 -0.23794100 0.00375713
v 1.52151100 -0.18830100 0.00375713
v 1.65303077 -0.23763948 0.00282472
v 1.50498077 -0.15824948 -0.11967328
v 1.51034123 -0.15885252 -0.12654272
v 1.65839123 -0.23824252 -0.00404472
v 1.51743329 -0.18695126 0.00017884
v 1.50358329 -0.15720126 -0.12231916
v 1.51173871 -0.15990074 -0.12389684
v 1.52558871 -0.18965074 -0.00139884
v 1.65839184 -0.23824082 0.00282438
v 1.51034184 -0.15885082 0.12532138
v 1.50498016 -0.15825118 0.11845262
v 1.65303016 -0.23764118 -0.00404438
v 1.52558871 -0.18965074 0.00017884
v 1.51173871 -0.15990074 0.12267584
v 1.50358329 -0.15720126 0.12109816
v 1.51743329 -0.18695126 -0.00139884
v 1.65163350 -0.23659030 0.00017827
v 1.63203350 -0.19449030 -0.17334473
v 1.64018850 -0.19719170 -0.17492127
v 1.65978850 -0.23929170 -0.00139827
v 1.50673285 -0.15657365 -0.12688959
v 1.63518285 -0.19386365 -0.17791459
v 1.63703915 -0.19781835 -0.17035141
v 1.50858915 -0.16052835 -0.11932641
v 1.50857355 -0.16053022 0.11810259
v 1.63702355 -0.19782022 0.16857859
v 1.63519845 -0.19386178 0.17614741
v 1.50674845 -0.15657178 0.12567141
v 1.65978916 -0.23928865 0.00018011
v 1.64018916 -0.19718865 0.17315311
v 1.63203284 -0.19449335 0.17157289
v 1.65163284 -0.23659335 -0.00140011
v 1.63423494 -0.19726299 -0.17045466
v 1.46788494 -0.07868299 -0.20945666
v 1.47163706 -0.07583901 -0.21681334
v 1.63798706 -0.19441901 -0.17781134
v 1.50391682 -0.15791041 -0.12095333
v 1.46601682 -0.07662041 -0.21098033
v 1.47350518 -0.07790159 -0.21528967
v 1.51140518 -0.15919159 -0.12526267
v 1.63798990 -0.19441388 0.17603790
v 1.47163990 -0.07583388 0.21503990
v 1.46788210 -0.07868812 0.20769010
v 1.63423210 -0.19726812 0.16868810
v 1.51140676 -0.15917776 0.12404299
v 1.47350676 -0.07788776 0.21352099
v 1.46601524 -0.07663424 0.20920901
v 1.50391524 -0.15792424 0.11973101
v 1.46779024 -0.07439432 -0.21577510
v 1.58049024 -0.07794432 -0.30375710
v 1.58443176 -0.08367768 -0.29847690
v 1.47173176 -0.08012768 -0.21049490
v 1.63236620 -0.19520778 -0.17197723
v 1.57871620 -0.08017778 -0.29896123
v 1.58620580 -0.08144422 -0.30327277
v 1.63985580 -0.19647422 -0.17628877
v 1.47173231 -0.08012747 0.20872510
v 1.58443231 -0.08367747 0.29673710
v 1.58048969 -0.07794453 0.30201690
v 1.46778969 -0.07439453 0.21400490
v 1.63985574 -0.19647476 0.17451872
v 1.58620574 -0.08144476 0.30153272
v 1.57871626 -0.08017724 0.29722128
v 1.63236626 -0.19520724 0.17020728
v 1.43828954 0.23452218 -0.29761519
v 1.25693954 0.38521718 -0.22061919
v 1.25218246 0.38307082 -0.22762281
v 1.43353246 0.23237582 -0.30461881
v 1.43393931 0.23630983 -0.29847126
v 1.32163931 0.23892483 -0.38498826
v 1.32558269 0.23320317 -0.39027974
v 1.43788269 0.23058817 -0.30376274
v 1.32737264 0.23546064 -0.38549909
v 1.25832264 0.38354064 -0.22198609
v 1.25079936 0.38474736 -0.22625591
v 1.31984936 0.23666736 -0.38976891
v 1.31984927 0.23666685 0.38799890
v 1.25079927 0.38474685 0.22451690
v 1.25832273 0.38354115 0.22024710
v 1.32737273 0.23546115 0.38372910
v 1.43788215 0.23058802 0.30202297
v 1.32558215 0.23320302 0.38850997
v 1.32163985 0.23892498 0.38321803
v 1.43393985 0.23630998 0.29673103
v 1.43353250 0.23237587 0.30287885
v 1.25218250 0.38307087 0.22588385
v 1.25693950 0.38521713 0.21888015
v 1.43828950 0.23452213 0.29587515
v 1.25548821 0.38216489 -0.22790190
v 1.38318821 0.34649489 -0.17791390
v 1.38133379 0.35045311 -0.17035210
v 1.25363379 0.38612311 -0.22034010
v 1.43967259 0.23284630 -0.29898181
v 1.38602259 0.34787130 -0.17199781
v 1.37849941 0.34907670 -0.17626819
v 1.43214941 0.23405170 -0.30325219
v 1.43214954 0.23405236 0.30151223
v 1.37849954 0.34907736 0.17449823
v 1.38602246 0.34787064 0.17022777
v 1.43967246 0.23284564 0.29724177
v 1.25363331 0.38612393 0.21860164
v 1.38133331 0.35045393 0.16858264
v 1.38318869 0.34649407 0.17614336
v 1.25548869 0.38216407 0.22616236
v 1.38538060 0.34796487 -0.17111958
v 1.23243060 0.43783487 0.00240342
v 1.22619140 0.43885313 -0.00362342
v 1.37914140 0.34898313 -0.17714642
v 1.25865361 0.38283473 -0.22334117
v 1.23340361 0.43703473 0.00016983
v 1.22521839 0.43965327 -0.00138983
v 1.25046839 0.38545327 -0.22490083
v 1.37914513 0.34897960 0.17538087
v 1.22619513 0.43884960 0.00240787
v 1.23242687 0.43783840 -0.00362787
v 1.38537687 0.34796840 0.16934513
v 1.25046875 0.38545334 0.22316362
v 1.22521875 0.43965334 0.00017162
v 1.23340325 0.43703466 -0.00139162
v 1.25865325 0.38283466 0.22160038
v 1.22931143 0.43834520 -0.00497713
v 1.36261143 0.39058020 -0.00497713
v 1.36261057 0.39057780 0.00375713
v 1.22931057 0.43834280 0.00375713
v 1.38635358 0.34716533 -0.17335200
v 1.36670358 0.38927033 0.00017100
v 1.35851842 0.39188767 -0.00139100
v 1.37816842 0.34978267 -0.17491400
v 1.37816852 0.34978168 0.17314623
v 1.35851852 0.39188668 0.00017323
v 1.36670348 0.38927132 -0.00139323
v 1.38635348 0.34716632 0.17157977
v -2.22221722 0.15617419 -0.13441094
v -2.22221722 0.19171919 -0.00138494
v -2.22856078 0.18591881 0.00016494
v -2.22856078 0.15037381 -0.13286106
v -2.22480995 0.15491189 -0.12962928
v -2.29095995 0.09879189 -0.09712828
v -2.29211805 0.09551611 -0.10514172
v -2.22596805 0.15163611 -0.13764272
v -2.28900657 0.09879083 -0.10429402
v -2.22285657 0.19045583 -0.00376902
v -2.22792143 0.18718217 0.00254902
v -2.29407143 0.09551717 -0.09797598
v -2.28836724 0.10005421 -0.10190993
v -2.28836724 0.12691421 -0.00138493
v -2.29471076 0.12111379 0.00016493
v -2.29471076 0.09425379 -0.10036007
v -2.22538745 0.18881742 0.00375713
v -2.29153745 0.12401242 0.00375713
v -2.29154055 0.12401558 -0.00497713
v -2.22539055 0.18882058 -0.00497713
v -2.22285998 0.19044718 0.00255621
v -2.28900998 0.09878218 0.10253121
v -2.29406802 0.09552582 0.09619879
v -2.22791802 0.18719082 -0.00377621
v -2.22596579 0.15163375 0.13587308
v -2.29211579 0.09551375 0.10337108
v -2.29096221 0.09879425 0.09535892
v -2.22481221 0.15491425 0.12786092
v -2.22221765 0.19171882 0.00016805
v -2.22221765 0.15617382 0.13264505
v -2.22856035 0.15037418 0.13108895
v -2.22856035 0.18591918 -0.00138805
v -2.28836669 0.12691258 0.00016875
v -2.28836669 0.10005258 0.10014375
v -2.29471131 0.09425542 0.09858625
v -2.29471131 0.12111542 -0.00138875
v -1.84601751 0.21361918 -0.16740216
v -1.84601751 0.25804918 -0.00138616
v -1.85236049 0.25224882 0.00016616
v -1.85236049 0.20781882 -0.16584984
v -1.84861395 0.21235516 -0.16261799
v -1.93126395 0.14220016 -0.12212099
v -1.93241405 0.13892784 -0.13013701
v -1.84976405 0.20908284 -0.17063401
v -1.92930724 0.14219959 -0.12928920
v -1.84665724 0.25678459 -0.00377020
v -1.85172076 0.25351341 0.00255020
v -1.93437076 0.13892841 -0.12296880
v -1.92866777 0.14346452 -0.12690497
v -1.92866777 0.17704452 -0.00138597
v -1.93501023 0.17124348 0.00016597
v -1.93501023 0.13766348 -0.12535303
v -1.84918783 0.25514781 0.00375713
v -1.93183783 0.17414281 0.00375713
v -1.93184017 0.17414519 -0.00497713
v -1.84919017 0.25515019 -0.00497713
v -1.84665981 0.25677806 0.00255562
v -1.92930981 0.14219306 0.12755562
v -1.93436819 0.13893494 0.12122438
v -1.85171819 0.25351994 -0.00377562
v -1.84976231 0.20908107 0.16889453
v -1.93241231 0.13892607 0.12839753
v -1.93126569 0.14220193 0.12038247
v -1.84861569 0.21235693 0.16087947
v -1.84601783 0.25804890 0.00016852
v -1.84601783 0.21361890 0.16566552
v -1.85236017 0.20781910 0.16410848
v -1.85236017 0.25224910 -0.00138852
v -1.92866735 0.17704329 0.00016886
v -1.92866735 0.14346329 0.12516886
v -1.93501065 0.13766471 0.12361114
v -1.93501065 0.17124471 -0.00138886
v -1.42088394 -0.42272594 -0.00366420
v -1.34078394 -0.30835094 -0.13669020
v -1.33559406 -0.30488106 -0.13058180
v -1.41569406 -0.41925606 0.00244420
v -1.33876698 -0.30825624 -0.12963008
v -1.41886698 -0.37647624 -0.16912008
v -1.41771102 -0.37319576 -0.17713192
v -1.33761102 -0.30497576 -0.13764192
v -1.42145490 -0.42389693 -0.00138745
v -1.42145490 -0.37774193 -0.17390345
v -1.41512310 -0.37193007 -0.17234855
v -1.41512310 -0.41808507 0.00016745
v -1.41828783 -0.42099219 -0.00497713
v -1.33818783 -0.34221719 -0.00497713
v -1.33819017 -0.34221481 0.00375713
v -1.41829017 -0.42098981 0.00375713
v -1.33502288 -0.30371035 -0.13285840
v -1.33502288 -0.33931035 0.00016760
v -1.34135512 -0.34512165 -0.00138760
v -1.34135512 -0.30952165 -0.13441360
v -1.33502246 -0.33931158 -0.00139050
v -1.33502246 -0.30371158 0.13108550
v -1.34135554 -0.30952042 0.13264650
v -1.34135554 -0.34512042 0.00017050
v -1.41569659 -0.41926236 -0.00366991
v -1.33559659 -0.30488736 0.12880609
v -1.34078141 -0.30834464 0.13492591
v -1.42088141 -0.42271964 0.00244991
v -1.41512356 -0.41808518 -0.00138977
v -1.41512356 -0.37193018 0.17060723
v -1.42145444 -0.37774182 0.17216677
v -1.42145444 -0.42389682 0.00016977
v -1.33761193 -0.30497336 0.13587106
v -1.41771193 -0.37319336 0.17539206
v -1.41886607 -0.37647864 0.16738194
v -1.33876607 -0.30825864 0.12786094
v 0.16532077 -0.23798114 0.00153607
v 0.13272077 -0.13395114 0.13501907
v 0.12590123 -0.13058086 0.13072693
v 0.15850123 -0.23461086 -0.00275607
v 0.16191112 -0.23629585 0.00375713
v 0.08886112 -0.17394585 0.00375713
v 0.08886088 -0.17394615 -0.00497713
v 0.16191088 -0.23629615 -0.00497713
v 0.12601914 -0.12939806 0.13297504
v 0.08556914 -0.17107806 -0.00050796
v 0.09215286 -0.17681394 -0.00071204
v 0.13260286 -0.13513394 0.13277096
v 0.15850128 -0.23461048 0.00153584
v 0.12590128 -0.13058048 -0.13197916
v 0.13272072 -0.13395152 -0.13627084
v 0.16532072 -0.23798152 -0.00275584
v 0.08556913 -0.17107808 -0.00071202
v 0.12601913 -0.12939808 -0.13422702
v 0.13260287 -0.13513392 -0.13402298
v 0.09215287 -0.17681392 -0.00050798
v 0.03255249 0.30365948 0.37495595
v 0.04630249 0.39930448 0.17445495
v 0.05421951 0.39579352 0.17332305
v 0.04046951 0.30014852 0.37382405
v 0.14800345 0.28298595 0.30402647
v 0.03825345 0.29943595 0.37754347
v 0.03476855 0.30437205 0.37123653
v 0.14451855 0.28792205 0.29771953
v 0.14289010 0.28570001 0.30363857
v 0.04689010 0.39779501 0.17665457
v 0.05363190 0.39730299 0.17112343
v 0.14963190 0.28520799 0.29810743
v 0.05105522 0.39607874 0.17792377
v -0.07539478 0.44300874 0.21991577
v -0.07698322 0.44594926 0.21184623
v 0.04946678 0.39901926 0.16985423
v 0.03314768 0.30230943 0.37714600
v -0.07955232 0.44488443 0.21863700
v -0.07282568 0.44407357 0.21312500
v 0.03987432 0.30149857 0.37163400
v -0.08000844 0.44623444 0.21469687
v -0.01760844 0.43596944 -0.00179413
v -0.00996956 0.43245856 0.00057413
v -0.07236956 0.44272356 0.21706513
v 0.04647284 0.39892712 0.17556901
v -0.01757716 0.43559212 0.00107001
v -0.01000084 0.43283588 -0.00229001
v 0.05404916 0.39617088 0.17220899
v 0.04046951 0.30014852 -0.37556305
v 0.05421951 0.39579352 -0.17506305
v 0.04630249 0.39930448 -0.17619495
v 0.03255249 0.30365948 -0.37669495
v 0.14963189 0.28520800 -0.29984642
v 0.05363189 0.39730300 -0.17286342
v 0.04689011 0.39779500 -0.17839458
v 0.14289011 0.28570000 -0.30537758
v 0.14451855 0.28792206 -0.29945853
v 0.03476855 0.30437206 -0.37297553
v 0.03825345 0.29943594 -0.37928247
v 0.14800345 0.28298594 -0.30576547
v -0.01378918 0.43421362 0.00375713
v -0.13983918 0.49461862 0.00375713
v -0.13983882 0.49461938 -0.00497713
v -0.01378882 0.43421438 -0.00497713
v -0.07994235 0.44614261 0.21736981
v -0.14359235 0.49628261 0.00087881
v -0.13608565 0.49295539 -0.00209881
v -0.07243565 0.44281539 0.21439219
v 0.03987431 0.30149858 -0.37337299
v -0.07282569 0.44407358 -0.21486499
v -0.07955231 0.44488442 -0.22037701
v 0.03314769 0.30230942 -0.37888501
v 0.04946664 0.39901894 -0.17159414
v -0.07698336 0.44594894 -0.21358614
v -0.07539464 0.44300906 -0.22165586
v 0.05105536 0.39607906 -0.17966386
v -0.01757869 0.43559307 -0.00228578
v 0.04647131 0.39892807 -0.17730478
v 0.05405069 0.39616993 -0.17395322
v -0.00999931 0.43283493 0.00106578
v -0.01760932 0.43596927 0.00057153
v -0.08000932 0.44623427 -0.21643947
v -0.07236868 0.44272373 -0.21880253
v -0.00996868 0.43245873 -0.00179153
v -0.14359315 0.49628360 -0.00209570
v -0.07994315 0.44614360 -0.21910670
v -0.07243485 0.44281440 -0.21613530
v -0.13608485 0.49295440 0.00087570
v 0.31576489 -0.22904997 -0.11376259
v 0.30256489 -0.14213997 0.00025141
v 0.29405711 -0.14117203 -0.00147141
v 0.30725711 -0.22808203 -0.11548541
v 0.41050152 -0.16849036 0.00295438
v 0.29895152 -0.13921536 0.00295438
v 0.29767048 -0.14409664 -0.00417438
v 0.40922048 -0.17337164 -0.00417438
v 0.40652091 -0.16875191 0.00116966
v 0.30817091 -0.22638691 -0.11284434
v 0.31485109 -0.23074509 -0.11640366
v 0.41320109 -0.17311009 -0.00238966
v 0.31548848 -0.22830073 -0.11284044
v 0.27423848 -0.15784573 -0.03132844
v 0.26628352 -0.15837627 -0.03489556
v 0.30753352 -0.22883127 -0.11640756
v 0.29494833 -0.13956771 0.00123481
v 0.26689833 -0.15602271 -0.03126719
v 0.27362367 -0.16019929 -0.03495681
v 0.30167367 -0.14374429 -0.00245481
v 0.27430522 -0.15783113 -0.03148787
v 0.25950522 -0.13258113 0.00101413
v 0.25141678 -0.13314087 -0.00223413
v 0.26621678 -0.15839087 -0.03473613
v 0.29879946 -0.13927616 0.00301899
v 0.25594946 -0.13048116 0.00301899
v 0.25497254 -0.13524084 -0.00423899
v 0.29782254 -0.14403584 -0.00423899
v 0.41320082 -0.17311043 0.00116974
v 0.31485082 -0.23074543 0.11515274
v 0.30817118 -0.22638657 0.11159326
v 0.40652118 -0.16875157 -0.00238974
v 0.40922037 -0.17337208 0.00295406
v 0.29767037 -0.14409708 0.00295406
v 0.29895163 -0.13921492 -0.00417406
v 0.41050163 -0.16848992 -0.00417406
v 0.30725717 -0.22808200 0.11423466
v 0.29405717 -0.14117200 0.00025166
v 0.30256483 -0.14214000 -0.00147166
v 0.31576483 -0.22905000 0.11251134
v 0.30167357 -0.14374461 0.00123462
v 0.27362357 -0.16019961 0.03373562
v 0.26689843 -0.15602239 0.03004638
v 0.29494843 -0.13956739 -0.00245462
v 0.30753375 -0.22883131 0.11515707
v 0.26628375 -0.15837631 0.03367507
v 0.27423825 -0.15784569 0.03010693
v 0.31548825 -0.22830069 0.11158893
v 0.29782253 -0.14403589 0.00301896
v 0.25497253 -0.13524089 0.00301896
v 0.25594947 -0.13048111 -0.00423896
v 0.29879947 -0.13927611 -0.00423896
v 0.26621679 -0.15839092 0.03351514
v 0.25141679 -0.13314092 0.00101414
v 0.25950521 -0.13258108 -0.00223414
v 0.27430521 -0.15783108 0.03026686
v -0.27619182 0.56943105 -0.00497713
v -0.24239182 0.53714605 -0.00497713
v -0.24238618 0.53715195 0.00375713
v -0.27618618 0.56943695 0.00375713
v -0.24496937 0.53877931 0.00251339
v -0.27876937 0.58490931 -0.04948861
v -0.27360863 0.58164869 -0.05573539
v -0.23980863 0.53551869 -0.00373339
v -0.27939807 0.57229634 0.00015207
v -0.27939807 0.58614134 -0.05184993
v -0.27297993 0.58041666 -0.05337407
v -0.27297993 0.56657166 -0.00137207
v -0.23981469 0.53553462 0.00252664
v -0.27361469 0.58166462 0.05400964
v -0.27876331 0.58489338 0.04773636
v -0.24496331 0.53876338 -0.00374664
v -0.27297894 0.56657462 0.00015896
v -0.27297894 0.58041962 0.05164196
v -0.27939906 0.58613838 0.05010404
v -0.27939906 0.57229338 -0.00137896
v -0.24560026 0.54000847 0.00015359
v -0.24560026 0.55817347 -0.06787041
v -0.23917774 0.55245453 -0.06939759
v -0.23917774 0.53428953 -0.00137359
v -0.27675727 0.58489394 -0.05662957
v -0.24295727 0.55692894 -0.07265157
v -0.24182073 0.55369906 -0.06461643
v -0.27562073 0.58166406 -0.04859443
v -0.27562708 0.58166102 0.04685576
v -0.24182708 0.55369602 0.06284676
v -0.24295092 0.55693198 0.07088124
v -0.27675092 0.58489698 0.05489024
v -0.23917815 0.53429066 0.00015951
v -0.23917815 0.55245566 0.06763351
v -0.24559985 0.55817234 0.06609449
v -0.24559985 0.54000734 -0.00137951
v 1.01675066 0.31039246 -0.00207333
v 1.02890066 0.19137746 0.11291667
v 1.02092134 0.19339054 0.11584333
v 1.00877134 0.31240554 0.00085333
v 1.02304590 0.19565952 0.11217451
v 1.13819590 0.20568452 0.02968551
v 1.14192610 0.19913348 0.03409649
v 1.02677610 0.18910848 0.11658549
v 1.01509299 0.31315402 -0.00385862
v 1.14239299 0.20416402 0.02864238
v 1.13772901 0.20065398 0.03513962
v 1.01042901 0.30964398 0.00263862
v 1.13610552 0.20346282 0.03341266
v 1.13265552 0.23744282 0.00091166
v 1.14056648 0.23533518 -0.00213166
v 1.14401648 0.20135518 0.03036934
v 1.01421542 0.31380040 -0.00395511
v 1.13806542 0.23879040 -0.00395511
v 1.13515658 0.23398760 0.00273511
v 1.01130658 0.30899760 0.00273511
v 1.13813686 0.20573579 0.02981688
v 1.17938686 0.20933079 -0.00268412
v 1.18323514 0.20267721 0.00146412
v 1.14198514 0.19908221 0.03396512
v 1.13815047 0.23865375 -0.00401187
v 1.18285047 0.20826875 -0.00401187
v 1.17977153 0.20373925 0.00279187
v 1.13507153 0.23412425 0.00279187
v 1.01042691 0.30965899 -0.00386518
v 1.13772691 0.20066899 -0.03688518
v 1.14239509 0.20414901 -0.03037482
v 1.01509509 0.31313901 0.00264518
v 1.02677179 0.18911101 -0.11784388
v 1.14192179 0.19913601 -0.03584288
v 1.13820021 0.20568199 -0.03141712
v 1.02305021 0.19565699 -0.11341812
v 1.00876707 0.31239872 -0.00206633
v 1.02091707 0.19338372 -0.11708733
v 1.02890493 0.19138428 -0.11417467
v 1.01675493 0.31039928 0.00084633
v 1.01132013 0.30901996 -0.00397688
v 1.13517013 0.23400996 -0.00397688
v 1.13805187 0.23876804 0.00275688
v 1.01420187 0.31377804 0.00275688
v 1.14401133 0.20133328 -0.03211027
v 1.14056133 0.23531328 0.00090973
v 1.13266067 0.23746472 -0.00212973
v 1.13611067 0.20348472 -0.03514973
v 1.13508635 0.23414605 -0.00403293
v 1.17978635 0.20376105 -0.00403293
v 1.18283565 0.20824695 0.00281293
v 1.13813565 0.23863195 0.00281293
v 1.14201008 0.19909685 -0.03570427
v 1.18326008 0.20269185 -0.00268427
v 1.17936192 0.20931615 0.00146427
v 1.13811192 0.20572115 -0.03155573
v -0.84437290 0.23329575 -0.21585939
v -0.92082290 0.39201075 0.00163961
v -0.92775510 0.39483725 -0.00285961
v -0.85130510 0.23612225 -0.22035861
v -0.95286427 0.29428931 -0.27534418
v -0.84721427 0.23253931 -0.22184718
v -0.84846373 0.23687869 -0.21437082
v -0.95411373 0.29862869 -0.26786782
v -0.95000609 0.29388178 -0.27105913
v -0.92080609 0.39084678 -0.00006313
v -0.92777191 0.39600122 -0.00115687
v -0.95697191 0.29903622 -0.27215287
v -0.92428799 0.39342560 -0.00497713
v -0.80853799 0.32044560 -0.00497713
v -0.80854001 0.32044240 0.00375713
v -0.92429001 0.39342240 0.00375713
v -0.84410154 0.23245988 -0.21789775
v -0.80480154 0.31819488 -0.00039875
v -0.81227646 0.32269312 -0.00082125
v -0.85157646 0.23695812 -0.21832025
v -0.92082341 0.39201401 -0.00286242
v -0.84437341 0.23329901 0.21411758
v -0.85130459 0.23611899 0.21862242
v -0.92775459 0.39483399 0.00164242
v -0.92080654 0.39084642 -0.00115805
v -0.95000654 0.29388642 0.26931895
v -0.95697146 0.29904158 0.27041505
v -0.92777146 0.39600158 -0.00006195
v -0.95411208 0.29863561 0.26612966
v -0.84846208 0.23688061 0.21263266
v -0.84721592 0.23253739 0.22010734
v -0.95286592 0.29429239 0.27360434
v -0.80480136 0.31819520 -0.00082159
v -0.84410136 0.23246020 0.21615841
v -0.85157664 0.23695780 0.21658159
v -0.81227664 0.32269280 -0.00039841
v -0.58296255 -0.47125954 -0.21638612
v -0.67516255 -0.45592454 0.00111288
v -0.68301545 -0.45426746 -0.00233288
v -0.59081545 -0.46960246 -0.21983188
v -0.67908903 -0.45509613 -0.00497713
v -0.50693903 -0.49454613 -0.00497713
v -0.50693897 -0.49454587 0.00375713
v -0.67908897 -0.45509587 0.00375713
v -0.58290466 -0.47130247 -0.21967022
v -0.50295466 -0.49541747 -0.00217122
v -0.51092334 -0.49367453 0.00095122
v -0.59087334 -0.46955953 -0.21654778
v -0.50295584 -0.49541701 0.00095447
v -0.58290584 -0.47130201 0.21793447
v -0.59087216 -0.46955999 0.21480553
v -0.51092216 -0.49367499 -0.00217447
v -0.67516404 -0.45592437 -0.00233635
v -0.58296404 -0.47125937 0.21464365
v -0.59081396 -0.46960263 0.21809635
v -0.68301396 -0.45426763 0.00111635
v -0.58582200 -0.47153224 -0.21401992
v -0.74932200 -0.44252224 -0.16354392
v -0.75145600 -0.44031976 -0.17172208
v -0.58795600 -0.46932976 -0.22219808
v -0.68303309 -0.45439903 0.00113075
v -0.75433309 -0.44072403 -0.16589225
v -0.74644491 -0.44211797 -0.16937375
v -0.67514491 -0.45579297 -0.00235075
v -0.67514686 -0.45579259 0.00113531
v -0.74644686 -0.44211759 0.16763931
v -0.75433114 -0.44072441 0.16414869
v -0.68303114 -0.45439941 -0.00235531
v -0.58795642 -0.46933153 0.22045945
v -0.75145642 -0.44032153 0.16998345
v -0.74932158 -0.44252047 0.16180455
v -0.58582158 -0.47153047 0.21228055
v -0.75454786 -0.44009171 -0.16772646
v -0.72404886 -0.35940171 -0.37722946
v -0.71573114 -0.36206029 -0.37704254
v -0.74623014 -0.44275029 -0.16753954
v -0.59028112 -0.47056077 -0.21536155
v -0.72328212 -0.36086077 -0.37438855
v -0.71649788 -0.36060123 -0.37988345
v -0.58349688 -0.47030123 -0.22085645
v -0.58349407 -0.47030529 0.21911416
v -0.71649407 -0.36060529 0.37862916
v -0.72328393 -0.36085671 0.37314084
v -0.59028393 -0.47055671 0.21362584
v -0.74623050 -0.44275144 0.16580123
v -0.71573050 -0.36206144 0.37579223
v -0.72404750 -0.35940056 0.37597777
v -0.75454750 -0.44009056 0.16598677
v -0.71778366 -0.36277457 -0.37390197
v -0.85068266 -0.35969957 -0.28540097
v -0.85489534 -0.35561243 -0.29186903
v -0.72199634 -0.35868743 -0.38037003
v -0.75376878 -0.44156280 -0.16487097
v -0.85616878 -0.35779780 -0.28587297
v -0.84940922 -0.35751420 -0.29139703
v -0.74700922 -0.44127920 -0.17039503
v -0.74701097 -0.44128373 0.16865840
v -0.84941097 -0.35751873 0.28962940
v -0.85616703 -0.35779327 0.28410060
v -0.75376703 -0.44155827 0.16312960
v -0.72200414 -0.35868750 0.37911333
v -0.85490414 -0.35561250 0.29009333
v -0.85067386 -0.35969950 0.28363667
v -0.71777386 -0.36277450 0.37265667
v -0.31256937 0.53551869 -0.00373339
v -0.27876937 0.58164869 -0.05573539
v -0.27360863 0.58490931 -0.04948861
v -0.30740863 0.53877931 0.00251339
v -0.27675727 0.58166406 -0.04859443
v -0.31055727 0.55369906 -0.06461643
v -0.30942073 0.55692894 -0.07265157
v -0.27562073 0.58489394 -0.05662957
v -0.31320026 0.53428953 -0.00137359
v -0.31320026 0.55245453 -0.06939759
v -0.30677774 0.55817347 -0.06787041
v -0.30677774 0.54000847 0.00015359
v -0.30998618 0.53714605 -0.00497713
v -0.27618618 0.56943105 -0.00497713
v -0.27619182 0.56943695 0.00375713
v -0.30999182 0.53715195 0.00375713
v -0.27297993 0.58614134 -0.05184993
v -0.27297993 0.57229634 0.00015207
v -0.27939807 0.56657166 -0.00137207
v -0.27939807 0.58041666 -0.05337407
v -0.27297894 0.57229338 -0.00137896
v -0.27297894 0.58613838 0.05010404
v -0.27939906 0.58041962 0.05164196
v -0.27939906 0.56657462 0.00015896
v -0.30741469 0.53876338 -0.00374664
v -0.27361469 0.58489338 0.04773636
v -0.27876331 0.58166462 0.05400964
v -0.31256331 0.53553462 0.00252664
v -0.27562708 0.58489698 0.05489024
v -0.30942708 0.55693198 0.07088124
v -0.31055092 0.55369602 0.06284676
v -0.27675092 0.58166102 0.04685576
v -0.30677815 0.54000734 -0.00137951
v -0.30677815 0.55817234 0.06609449
v -0.31319985 0.55245566 0.06763351
v -0.31319985 0.53429066 0.00015951
v -0.67382283 -0.66846818 -0.00401888
v -0.62242283 -0.65553318 -0.00401888
v -0.62375517 -0.65023882 0.00279888
v -0.67515517 -0.66317382 0.00279888
v -0.62714768 -0.65283261 0.00100125
v -0.64044768 -0.68301761 -0.03150075
v -0.63233032 -0.68312439 -0.03472325
v -0.61903032 -0.65293939 -0.00222125
v -0.67740651 -0.66829500 -0.00271697
v -0.63930651 -0.68554500 -0.03521897
v -0.63347149 -0.68059700 -0.03100503
v -0.67157149 -0.66334700 0.00149697
v -0.63436644 -0.68521323 -0.03633565
v -0.50716644 -0.61402823 -0.00383365
v -0.51121156 -0.60974377 0.00261365
v -0.63841156 -0.68092877 -0.02988835
v -0.62221284 -0.65532001 -0.00412849
v -0.50831284 -0.61432001 -0.00412849
v -0.51006516 -0.60945199 0.00290849
v -0.62396516 -0.65045199 0.00290849
v -0.51347492 -0.61220768 0.00016408
v -0.52537492 -0.72684268 -0.11336192
v -0.51680308 -0.72619932 -0.11491008
v -0.50490308 -0.61156432 -0.00138408
v -0.63894242 -0.68592020 -0.03521769
v -0.52364242 -0.72937020 -0.11624169
v -0.51853558 -0.72367180 -0.11203031
v -0.63383558 -0.68022180 -0.03100631
v -0.51276537 -0.61394176 -0.00204361
v -0.37376537 -0.74451676 -0.16155961
v -0.36661263 -0.74040524 -0.15869239
v -0.50561263 -0.60983024 0.00082361
v -0.52228674 -0.72959074 -0.11700200
v -0.37138674 -0.74553074 -0.16299200
v -0.36899126 -0.73939126 -0.15726000
v -0.51989126 -0.72345126 -0.11127000
v -0.50868415 -0.61485626 -0.00377141
v -0.28958415 -0.57761626 -0.00377141
v -0.29059385 -0.57167574 0.00255141
v -0.50969385 -0.60891574 0.00255141
v -0.36608917 -0.74314352 -0.16146667
v -0.28598917 -0.57532852 -0.00195067
v -0.29418883 -0.57396348 0.00073067
v -0.37428883 -0.74177848 -0.15878533
v -0.29431656 -0.57564914 -0.00104962
v -0.23511656 -0.74581414 -0.18204962
v -0.22666144 -0.74380786 -0.18117038
v -0.28586144 -0.57364286 -0.00017038
v -0.37071200 -0.74553804 -0.16318052
v -0.23141200 -0.74788804 -0.18466452
v -0.23036600 -0.74173396 -0.17855548
v -0.36966600 -0.73938396 -0.15707148
v -0.23511720 -0.74580840 0.18031751
v -0.29431720 -0.57564340 -0.00016349
v -0.28586080 -0.57364860 -0.00105651
v -0.22666080 -0.74381360 0.17942449
v -0.28598863 -0.57533258 0.00072694
v -0.36608863 -0.74314758 0.16021094
v -0.37428937 -0.74177442 0.15753706
v -0.29418937 -0.57395942 -0.00194694
v -0.23140131 -0.74789014 0.18292521
v -0.37070131 -0.74554014 0.16192821
v -0.36967669 -0.73938186 0.15581979
v -0.23037669 -0.74173186 0.17681679
v -0.37376522 -0.74451709 0.16030751
v -0.51276522 -0.61394209 0.00082351
v -0.50561278 -0.60982991 -0.00204351
v -0.36661278 -0.74040491 0.15744049
v -0.28958410 -0.57761657 0.00255111
v -0.50868410 -0.61485657 0.00255111
v -0.50969390 -0.60891543 -0.00377111
v -0.29059390 -0.57167543 -0.00377111
v -0.50490417 -0.61156015 0.00016839
v -0.51680417 -0.72619515 0.11366339
v -0.52537383 -0.72684685 0.11210661
v -0.51347383 -0.61221185 -0.00138839
v -0.37138664 -0.74553116 0.16173959
v -0.52228664 -0.72959116 0.11575059
v -0.51989136 -0.72345084 0.11001941
v -0.36899136 -0.73939084 0.15600841
v -0.50717278 -0.61404314 0.00260767
v -0.63437278 -0.68522814 0.03458967
v -0.63840522 -0.68091386 0.02815433
v -0.51120522 -0.60972886 -0.00382767
v -0.52364634 -0.72937301 0.11498210
v -0.63894634 -0.68592301 0.03346910
v -0.63383166 -0.68021899 0.02927490
v -0.51853166 -0.72366899 0.11078790
v -0.50830367 -0.61434548 0.00288843
v -0.62220367 -0.65534548 0.00288843
v -0.62397433 -0.65042652 -0.00410843
v -0.51007433 -0.60942652 -0.00410843
v -0.64044610 -0.68299371 0.02975776
v -0.62714610 -0.65280871 -0.00222424
v -0.61903190 -0.65296329 0.00100424
v -0.63233190 -0.68314829 0.03298624
v -0.62241629 -0.65555916 0.00277726
v -0.67381629 -0.66849416 0.00277726
v -0.67516171 -0.66314784 -0.00399726
v -0.62376171 -0.65021284 -0.00399726
v -0.63928749 -0.68556788 0.03347823
v -0.67738749 -0.66831788 0.00149623
v -0.67159051 -0.66332412 -0.00271623
v -0.63349051 -0.68057412 0.02926577
v -1.33819017 -0.34221719 -0.00497713
v -1.25809017 -0.42099219 -0.00497713
v -1.25808783 -0.42098981 0.00375713
v -1.33818783 -0.34221481 0.00375713
v -1.26068394 -0.41925606 0.00244420
v -1.34078394 -0.30488106 -0.13058180
v -1.33559406 -0.30835094 -0.13669020
v -1.25549406 -0.42272594 -0.00366420
v -1.34135512 -0.33931035 0.00016760
v -1.34135512 -0.30371035 -0.13285840
v -1.33502288 -0.30952165 -0.13441360
v -1.33502288 -0.34512165 -0.00138760
v -1.25549659 -0.42271964 0.00244991
v -1.33559659 -0.30834464 0.13492591
v -1.34078141 -0.30488736 0.12880609
v -1.26068141 -0.41926236 -0.00366991
v -1.33502246 -0.34512042 0.00017050
v -1.33502246 -0.30952042 0.13264650
v -1.34135554 -0.30371158 0.13108550
v -1.34135554 -0.33931158 -0.00139050
v -1.26125490 -0.41808507 0.00016745
v -1.26125490 -0.37193007 -0.17234855
v -1.25492310 -0.37774193 -0.17390345
v -1.25492310 -0.42389693 -0.00138745
v -1.33876698 -0.30497576 -0.13764192
v -1.25866698 -0.37319576 -0.17713192
v -1.25751102 -0.37647624 -0.16912008
v -1.33761102 -0.30825624 -0.12963008
v -1.33761193 -0.30825864 0.12786094
v -1.25751193 -0.37647864 0.16738194
v -1.25866607 -0.37319336 0.17539206
v -1.33876607 -0.30497336 0.13587106
v -1.25492356 -0.42389682 0.00016977
v -1.25492356 -0.37774182 0.17216677
v -1.26125444 -0.37193018 0.17060723
v -1.26125444 -0.41808518 -0.00138977
v 1.09012197 -0.20967736 0.00050496
v 1.07897197 -0.37728736 0.18647896
v 1.07075003 -0.37921464 0.18424904
v 1.08190003 -0.21160464 -0.00172496
v 1.07271774 -0.37637125 0.18205570
v 1.15911774 -0.31653125 0.16008270
v 1.16340426 -0.32029075 0.16669930
v 1.07700426 -0.38013075 0.18867230
v 1.08990204 -0.20873024 -0.00113975
v 1.16515204 -0.31650024 0.16286125
v 1.15736996 -0.32032176 0.16392075
v 1.08211996 -0.21255176 -0.00008025
v 1.08716569 -0.21308843 0.00281762
v 0.99071569 -0.25859343 0.00281762
v 0.98840631 -0.25369857 -0.00403762
v 1.08485631 -0.20819357 -0.00403762
v 1.07109181 -0.38043706 0.18565750
v 0.98579181 -0.25833206 -0.00031650
v 0.99333019 -0.25395994 -0.00090350
v 1.07863019 -0.37606494 0.18507050
v 1.15707886 -0.31866173 0.16215866
v 1.19692886 -0.17728173 -0.00184234
v 1.20529314 -0.17678027 0.00062234
v 1.16544314 -0.31816027 0.16462334
v 1.08527068 -0.20810572 -0.00408795
v 1.20037068 -0.17449572 -0.00408795
v 1.20185132 -0.17956628 0.00286795
v 1.08675132 -0.21317628 0.00286795
v 0.99357305 -0.25530745 0.00089736
v 0.95952305 -0.45999745 0.20539536
v 0.95149895 -0.46167455 0.20238064
v 0.98554895 -0.25698455 -0.00211736
v 1.07677544 -0.38026155 0.18873512
v 0.95742544 -0.46284655 0.20725912
v 0.95359656 -0.45882545 0.20051688
v 1.07294656 -0.37624045 0.18199288
v 1.15859701 -0.31678081 0.16033855
v 1.25204701 -0.25212581 0.11331055
v 1.25737499 -0.25538619 0.11941545
v 1.16392499 -0.32004119 0.16644345
v 1.20516337 -0.17577043 -0.00164007
v 1.25876337 -0.25249543 0.11533293
v 1.25065863 -0.25501657 0.11739307
v 1.19705863 -0.17829157 0.00042007
v 0.99087307 -0.25852980 0.00280582
v 0.86302307 -0.32889980 0.00280582
v 0.86039893 -0.32413220 -0.00402582
v 0.98824893 -0.25376220 -0.00402582
v 0.95178073 -0.46309551 0.20411491
v 0.85798073 -0.32877551 -0.00038309
v 0.86544127 -0.32425649 -0.00083691
v 0.95924127 -0.45857649 0.20366109
v 1.25070900 -0.25273626 0.11494316
v 1.31115900 -0.17836626 -0.00202984
v 1.31916300 -0.18040574 0.00080984
v 1.25871300 -0.25477574 0.11778284
v 1.20115994 -0.17466096 -0.00427775
v 1.31520994 -0.17701596 -0.00427775
v 1.31511206 -0.18175604 0.00305775
v 1.20106206 -0.17940104 0.00305775
v 1.25124396 -0.25223839 0.11418394
v 1.32699396 -0.19977339 0.03019994
v 1.33392804 -0.20280861 0.03455806
v 1.25817804 -0.25527361 0.11854206
v 1.31923033 -0.17868365 -0.00203095
v 1.33453033 -0.20058865 0.03095805
v 1.32639167 -0.20199335 0.03379995
v 1.31109167 -0.18008835 0.00081095
v 1.32692104 -0.19974747 0.03033988
v 1.35412104 -0.18094747 -0.00264912
v 1.36120096 -0.18403453 0.00142912
v 1.33400096 -0.20283453 0.03441812
v 1.31533032 -0.17706844 -0.00430757
v 1.35783032 -0.18017344 -0.00430757
v 1.35749168 -0.18480856 0.00308757
v 1.31499168 -0.18170356 0.00308757
v 1.08190078 -0.21160810 0.00050474
v 1.07075078 -0.37921810 -0.18601926
v 1.07897122 -0.37728390 -0.18824874
v 1.09012122 -0.20967390 -0.00172474
v 1.07863034 -0.37606511 -0.18684119
v 0.99333034 -0.25396011 -0.00031719
v 0.98579166 -0.25833189 -0.00090281
v 1.07109166 -0.38043689 -0.18742681
v 1.08485841 -0.20819803 0.00282151
v 0.98840841 -0.25370303 0.00282151
v 0.99071359 -0.25858897 -0.00404151
v 1.08716359 -0.21308397 -0.00404151
v 1.08211935 -0.21255071 -0.00113904
v 1.15736935 -0.32032071 -0.16566004
v 1.16515265 -0.31650129 -0.16460196
v 1.08990265 -0.20873129 -0.00008096
v 1.07700278 -0.38012551 -0.19044622
v 1.16340278 -0.32028551 -0.16844322
v 1.15911922 -0.31653649 -0.16181878
v 1.07271922 -0.37637649 -0.18382178
v 1.07294953 -0.37624441 -0.18375884
v 0.95359953 -0.45882941 -0.20225284
v 0.95742247 -0.46284259 -0.20900316
v 1.07677247 -0.38025759 -0.19050916
v 0.98554987 -0.25698867 0.00089751
v 0.95149987 -0.46167867 -0.20412049
v 0.95952213 -0.45999333 -0.20713551
v 0.99357213 -0.25530333 -0.00211751
v 1.16544439 -0.31816089 -0.16635923
v 1.20529439 -0.17678089 -0.00183823
v 1.19692761 -0.17728111 0.00061823
v 1.15707761 -0.31866111 -0.16390277
v 1.08674983 -0.21317118 -0.00409197
v 1.20184983 -0.17956118 -0.00409197
v 1.20037217 -0.17450082 0.00287197
v 1.08527217 -0.20811082 0.00287197
v 0.95924157 -0.45857697 -0.20540122
v 0.86544157 -0.32425697 -0.00038322
v 0.85798043 -0.32877503 -0.00083678
v 0.95178043 -0.46309503 -0.20585478
v 0.98825097 -0.25376591 0.00280918
v 0.86040097 -0.32413591 0.00280918
v 0.86302103 -0.32889609 -0.00402918
v 0.99087103 -0.25852609 -0.00402918
v 1.19705798 -0.17828702 -0.00164307
v 1.25065798 -0.25501202 -0.11864807
v 1.25876402 -0.25249998 -0.11658193
v 1.20516402 -0.17577498 0.00042307
v 1.16393477 -0.32003687 -0.16817719
v 1.25738477 -0.25538187 -0.12066119
v 1.25203723 -0.25213013 -0.11456881
v 1.15858723 -0.31678513 -0.16208481
v 1.25871350 -0.25475841 -0.11904572
v 1.31916350 -0.18038841 -0.00204072
v 1.31115850 -0.17838359 0.00082072
v 1.25070850 -0.25275359 -0.11618428
v 1.20106207 -0.17940058 -0.00427804
v 1.31511207 -0.18175558 -0.00427804
v 1.31520993 -0.17701642 0.00305804
v 1.20115993 -0.17466142 0.00305804
v 1.31108516 -0.18008648 -0.00201310
v 1.32638516 -0.20199148 -0.03552210
v 1.33453684 -0.20059052 -0.03271590
v 1.31923684 -0.17868552 0.00079310
v 1.25817360 -0.25524397 -0.11982140
v 1.33392360 -0.20277897 -0.03632540
v 1.32699840 -0.19980303 -0.03191260
v 1.25124840 -0.25226803 -0.11540860
v 1.31499358 -0.18167761 -0.00432380
v 1.35749358 -0.18478261 -0.00432380
v 1.35782842 -0.18019939 0.00310380
v 1.31532842 -0.17709439 0.00310380
v 1.33401510 -0.20281122 -0.03615103
v 1.36121510 -0.18401122 -0.00264203
v 1.35410690 -0.18097078 0.00142203
v 1.32690690 -0.19977078 -0.03208697
v -1.76395681 0.13892955 -0.12296856
v -1.84665681 0.25351455 0.00255044
v -1.85172119 0.25678345 -0.00377044
v -1.76902119 0.14219845 -0.12928944
v -1.84861397 0.20908316 -0.17063414
v -1.76591397 0.13892816 -0.13013714
v -1.76706403 0.14219984 -0.12212086
v -1.84976403 0.21235484 -0.16261786
v -1.84601661 0.20781974 -0.16585009
v -1.84601661 0.25224974 0.00016591
v -1.85236139 0.25804826 -0.00138591
v -1.85236139 0.21361826 -0.16740191
v -1.76901862 0.14219191 0.12755587
v -1.85171862 0.25677691 0.00255587
v -1.84665938 0.25352109 -0.00377587
v -1.76395938 0.13893609 0.12122413
v -1.85236108 0.21361797 0.16566527
v -1.85236108 0.25804797 0.00016827
v -1.84601692 0.25225003 -0.00138827
v -1.84601692 0.20782003 0.16410873
v -1.84976230 0.21235661 0.16087934
v -1.76706230 0.14220161 0.12038234
v -1.76591570 0.13892639 0.12839766
v -1.84861570 0.20908139 0.16889466
v -1.84918783 0.25515019 -0.00497713
v -1.76648783 0.17414519 -0.00497713
v -1.76649017 0.17414281 0.00375713
v -1.84919017 0.25514781 0.00375713
v -1.76331686 0.13766441 -0.12535327
v -1.76331686 0.17124441 0.00016573
v -1.76966114 0.17704359 -0.00138573
v -1.76966114 0.14346359 -0.12690473
v -1.76966155 0.14346236 0.12516862
v -1.76966155 0.17704236 0.00016862
v -1.76331645 0.17124564 -0.00138862
v -1.76331645 0.13766564 0.12361138
v -2.15670657 0.09551717 -0.09797598
v -2.22285657 0.18718217 0.00254902
v -2.22792143 0.19045583 -0.00376902
v -2.16177143 0.09879083 -0.10429402
v -2.22480995 0.15163611 -0.13764272
v -2.15865995 0.09551611 -0.10514172
v -2.15981805 0.09879189 -0.09712828
v -2.22596805 0.15491189 -0.12962928
v -2.22221722 0.15037381 -0.13286106
v -2.22221722 0.18591881 0.00016494
v -2.22856078 0.19171919 -0.00138494
v -2.22856078 0.15617419 -0.13441094
v -2.16176802 0.09878218 0.10253121
v -2.22791802 0.19044718 0.00255621
v -2.22285998 0.18719082 -0.00377621
v -2.15670998 0.09552582 0.09619879
v -2.22856035 0.15617382 0.13264505
v -2.22856035 0.19171882 0.00016805
v -2.22221765 0.18591918 -0.00138805
v -2.22221765 0.15037418 0.13108895
v -2.22596579 0.15491425 0.12786092
v -2.15981579 0.09879425 0.09535892
v -2.15866221 0.09551375 0.10337108
v -2.22481221 0.15163375 0.13587308
v -2.22538745 0.18882058 -0.00497713
v -2.15923745 0.12401558 -0.00497713
v -2.15924055 0.12401242 0.00375713
v -2.22539055 0.18881742 0.00375713
v -2.15606724 0.09425379 -0.10036007
v -2.15606724 0.12111379 0.00016493
v -2.16241076 0.12691421 -0.00138493
v -2.16241076 0.10005421 -0.10190993
v -2.16241131 0.10005258 0.10014375
v -2.16241131 0.12691258 0.00016875
v -2.15606669 0.12111542 -0.00138875
v -2.15606669 0.09425542 0.09858625
v -2.41410549 0.06078662 -0.07795814
v -2.46705549 0.13412162 0.00254786
v -2.47212251 0.13739638 -0.00376786
v -2.41917251 0.06406138 -0.08427386
v -2.46900956 0.10568178 -0.11112394
v -2.41605956 0.06078678 -0.08512294
v -2.41721844 0.06406122 -0.07710906
v -2.47016844 0.10895622 -0.10311006
v -2.46641628 0.10441964 -0.10634280
v -2.46641628 0.13285964 0.00016420
v -2.47276172 0.13865836 -0.00138420
v -2.47276172 0.11021836 -0.10789120
v -2.41916849 0.06405117 0.08254236
v -2.47211849 0.13738617 0.00255636
v -2.46705951 0.13413183 -0.00377636
v -2.41410951 0.06079683 0.07620964
v -2.47276123 0.11021791 0.10615488
v -2.47276123 0.13865791 0.00016788
v -2.46641677 0.13286009 -0.00138788
v -2.46641677 0.10442009 0.10459912
v -2.47016573 0.10895899 0.10137080
v -2.41721573 0.06406399 0.07536980
v -2.41606227 0.06078401 0.08338220
v -2.46901227 0.10567901 0.10938320
v -2.46958717 0.13576087 -0.00497713
v -2.41663717 0.08391587 -0.00497713
v -2.41664083 0.08391213 0.00375713
v -2.46959083 0.13575713 0.00375713
v -2.41346652 0.05952434 -0.08034197
v -2.41346652 0.08101434 0.00016403
v -2.41981148 0.08681366 -0.00138403
v -2.41981148 0.06532366 -0.08189003
v -2.41981213 0.06532174 0.08015454
v -2.41981213 0.08681174 0.00016854
v -2.41346587 0.08101626 -0.00138854
v -2.41346587 0.05952626 0.07859746
v -2.52306073 -0.16070916 -0.13798071
v -2.47015973 -0.18662916 -0.18299371
v -2.46901827 -0.17861284 -0.18626829
v -2.52191927 -0.15269284 -0.14125529
v -2.51996286 -0.15986566 -0.14125209
v -2.46706186 -0.07966066 -0.21476909
v -2.47211614 -0.07333134 -0.21150091
v -2.52501714 -0.15353634 -0.13798391
v -2.46642104 -0.18340073 -0.18753407
v -2.46642104 -0.07727573 -0.21603807
v -2.47275696 -0.07571627 -0.21023193
v -2.47275696 -0.18184127 -0.18172793
v -2.51932295 -0.15748006 -0.14252225
v -2.51932295 -0.07727506 -0.16403725
v -2.52565705 -0.07571694 -0.15822875
v -2.52565705 -0.15592194 -0.13671375
v -2.46958900 -0.07212887 -0.21313500
v -2.52249000 -0.07212887 -0.16113300
v -2.52249000 -0.08086313 -0.16113300
v -2.46958900 -0.08086313 -0.21313500
v -2.46706187 -0.07333132 -0.21476908
v -2.51996287 0.00687268 -0.14125208
v -2.52501713 0.00054332 -0.13798392
v -2.47211613 -0.07966068 -0.21150092
v -2.51932295 -0.07571693 -0.16403724
v -2.51932295 0.00448707 -0.14252224
v -2.52565705 0.00292893 -0.13671376
v -2.52565705 -0.07727507 -0.15822876
v -2.52191923 -0.00030014 -0.14125532
v -2.46901823 0.02562086 -0.18626832
v -2.47015977 0.03363714 -0.18299368
v -2.52306077 0.00771614 -0.13798068
v -2.46642104 -0.07571626 -0.21603808
v -2.46642104 0.03040874 -0.18753408
v -2.47275696 0.02884926 -0.18172792
v -2.47275696 -0.07727574 -0.21023192
v 1.47330136 -0.07939839 0.21276828
v 1.51270136 0.07418161 0.34728928
v 1.50562064 0.07845639 0.34448272
v 1.46622064 -0.07512361 0.20996172
v 1.58562779 -0.08020559 0.30232263
v 1.51232779 0.07692441 0.34883163
v 1.50599421 0.07571359 0.34294037
v 1.57929421 -0.08141641 0.29643137
v 1.47093096 -0.08112968 0.20971081
v 1.58363096 -0.08467968 0.29772281
v 1.58129104 -0.07694232 0.30103119
v 1.46859104 -0.07339232 0.21301919
v 1.47293145 -0.07665684 0.21430695
v 1.42113145 0.03438316 0.24732695
v 1.41479055 0.03317484 0.24144305
v 1.46659055 -0.07786516 0.20842305
v 1.50682329 0.07996294 0.34645926
v 1.41562329 0.03742294 0.24495826
v 1.42029871 0.03013506 0.24381174
v 1.51149871 0.07267506 0.34531274
v 1.51235398 0.07694533 -0.34471320
v 1.43910398 0.23407533 -0.29820420
v 1.43271802 0.23282267 -0.30402980
v 1.50596802 0.07569267 -0.35053880
v 1.42029545 0.03013428 -0.44769454
v 1.51149545 0.07267428 -0.34820754
v 1.50682655 0.07996372 -0.34704446
v 1.41562655 0.03742372 -0.44653146
v 1.42160170 0.03215072 -0.44533372
v 1.43955170 0.23182072 -0.29933772
v 1.43227030 0.23507728 -0.30289628
v 1.41432030 0.03540728 -0.44889228
v 1.42114787 0.03440710 -0.44419390
v 1.32679787 0.23669210 -0.38471490
v 1.32042413 0.23543590 -0.39055310
v 1.41477413 0.03315090 -0.45003210
v 1.43473895 0.23732374 -0.29947855
v 1.32243895 0.23993874 -0.38599555
v 1.32478305 0.23218926 -0.38927245
v 1.43708305 0.22957426 -0.30275545
v -2.29211653 -0.18075841 -0.17298525
v -2.22596653 -0.21316341 -0.22898425
v -2.22481147 -0.20514859 -0.23225775
v -2.29096147 -0.17274359 -0.17625875
v -2.28901079 -0.17991322 -0.17625918
v -2.22286079 -0.07965822 -0.26775018
v -2.22791721 -0.07333378 -0.26447582
v -2.29406721 -0.17358878 -0.17298482
v -2.22221396 -0.20993096 -0.23351761
v -2.22221396 -0.07727096 -0.26900961
v -2.22856404 -0.07572104 -0.26321639
v -2.22856404 -0.20838104 -0.22772439
v -2.28837290 -0.17751938 -0.17753013
v -2.28837290 -0.07726438 -0.20401913
v -2.29470510 -0.07572762 -0.19820287
v -2.29470510 -0.17598262 -0.17171387
v -2.22538900 -0.07212887 -0.26611300
v -2.29153900 -0.07212887 -0.20111100
v -2.29153900 -0.08086313 -0.20111100
v -2.22538900 -0.08086313 -0.26611300
v -2.22286079 -0.07333378 -0.26775018
v -2.28901079 0.02692122 -0.17625918
v -2.29406721 0.02059678 -0.17298482
v -2.22791721 -0.07965822 -0.26447582
v -2.28837290 -0.07572762 -0.20401913
v -2.28837290 0.02452738 -0.17753013
v -2.29470510 0.02299062 -0.17171387
v -2.29470510 -0.07726438 -0.19820287
v -2.29096147 0.01975159 -0.17625875
v -2.22481147 0.05215659 -0.23225775
v -2.22596653 0.06017141 -0.22898425
v -2.29211653 0.02776641 -0.17298525
v -2.22221396 -0.07572104 -0.26900961
v -2.22221396 0.05693896 -0.23351761
v -2.22856404 0.05538904 -0.22772439
v -2.22856404 -0.07727096 -0.26321639
v -1.93240823 -0.20582488 -0.21598495
v -1.84975823 -0.24632988 -0.28647995
v -1.84861977 -0.23831212 -0.28975205
v -1.93126977 -0.19780712 -0.21925705
v -1.92930948 -0.20498052 -0.21925169
v -1.84665948 -0.07966052 -0.33424169
v -1.85171852 -0.07333148 -0.33098031
v -1.93436852 -0.19865148 -0.21599031
v -1.84602410 -0.24310085 -0.29102238
v -1.84602410 -0.07727585 -0.33551738
v -1.85235390 -0.07571615 -0.32970462
v -1.85235390 -0.24154115 -0.28520962
v -1.92866616 -0.20260165 -0.22051714
v -1.92866616 -0.07728165 -0.25451314
v -1.93501184 -0.07571035 -0.24872086
v -1.93501184 -0.20103035 -0.21472486
v -1.84918900 -0.07212887 -0.33261100
v -1.93183900 -0.07212887 -0.25161700
v -1.93183900 -0.08086313 -0.25161700
v -1.84918900 -0.08086313 -0.33261100
v -1.84665948 -0.07333148 -0.33424169
v -1.92930948 0.05198852 -0.21925169
v -1.93436852 0.04565948 -0.21599031
v -1.85171852 -0.07966052 -0.33098031
v -1.92866616 -0.07571035 -0.25451314
v -1.92866616 0.04960965 -0.22051714
v -1.93501184 0.04803835 -0.21472486
v -1.93501184 -0.07728165 -0.24872086
v -1.93126977 0.04481512 -0.21925705
v -1.84861977 0.08532012 -0.28975205
v -1.84975823 0.09333788 -0.28647995
v -1.93240823 0.05283288 -0.21598495
v -1.84602410 -0.07571615 -0.33551738
v -1.84602410 0.09010885 -0.29102238
v -1.85235390 0.08854915 -0.28520962
v -1.85235390 -0.07727585 -0.32970462
v 1.23890092 -0.42266986 -0.00173627
v 1.07720092 -0.37473986 -0.18826027
v 1.07252108 -0.38176214 -0.18600773
v 1.23422108 -0.42969214 0.00051627
v 1.07586447 -0.38091700 -0.18382382
v 1.16226447 -0.32107700 -0.16182082
v 1.16025753 -0.31574500 -0.16844118
v 1.07385753 -0.37558500 -0.19044418
v 1.23986503 -0.42334616 -0.00026526
v 1.16456503 -0.31557616 -0.16478626
v 1.15795697 -0.32124584 -0.16547574
v 1.23325697 -0.42901584 -0.00095474
v 1.23467875 -0.42424089 -0.00404000
v 1.15822875 -0.49841089 -0.00404000
v 1.16199325 -0.50229111 0.00282000
v 1.23844325 -0.42812111 0.00282000
v 1.07149565 -0.38102060 -0.18740888
v 1.15674565 -0.50312060 -0.00088488
v 1.16347635 -0.49758140 -0.00033512
v 1.07822635 -0.37548140 -0.18685912
v 1.16230064 -0.49689093 -0.00212829
v 0.95770064 -0.45737593 -0.20714629
v 0.95332136 -0.46429607 -0.20410971
v 1.15792136 -0.50381107 0.00090829
v 1.07365614 -0.37575413 -0.19050828
v 0.95430614 -0.45833913 -0.20900228
v 0.95671586 -0.46333287 -0.20225372
v 1.07606586 -0.38074787 -0.18375972
v 1.15834314 -0.49828581 -0.00402782
v 1.04759314 -0.59309081 -0.00402782
v 1.05112886 -0.59722119 0.00280782
v 1.16187886 -0.50241619 0.00280782
v 0.95209148 -0.46354432 -0.20583705
v 1.04594148 -0.59786432 -0.00081905
v 1.05278052 -0.59244768 -0.00040095
v 0.95893052 -0.45812768 -0.20541895
v -1.33559435 -0.20629955 0.22763861
v -1.41569435 -0.07343955 0.34214061
v -1.42088365 -0.07955245 0.34560339
v -1.34078365 -0.21241245 0.23110139
v -1.41771556 -0.25274591 0.29571871
v -1.33761556 -0.21336091 0.22772571
v -1.33876244 -0.20535109 0.23101429
v -1.41886244 -0.24473609 0.29900729
v -1.41511916 -0.24795792 0.29446287
v -1.41511916 -0.07571292 0.34097187
v -1.42145884 -0.07727908 0.34677213
v -1.42145884 -0.24952408 0.30026313
v -1.41828900 -0.08086313 0.34387200
v -1.33818900 -0.08086313 0.26489300
v -1.33818900 -0.07212887 0.26489300
v -1.41828900 -0.07212887 0.34387200
v -1.33502686 -0.20857798 0.22646013
v -1.33502686 -0.07571798 0.26198313
v -1.34135114 -0.07727402 0.26780287
v -1.34135114 -0.21013402 0.23227987
v -1.41569435 -0.07955245 0.34214061
v -1.33559435 0.05330755 0.22763861
v -1.34078365 0.05942045 0.23110139
v -1.42088365 -0.07343955 0.34560339
v -1.33502686 -0.07727402 0.26198313
v -1.33502686 0.05558598 0.22646013
v -1.34135114 0.05714202 0.23227987
v -1.34135114 -0.07571798 0.26780287
v -1.41511916 -0.07727908 0.34097187
v -1.41511916 0.09496592 0.29446287
v -1.42145884 0.09653208 0.30026313
v -1.42145884 -0.07571292 0.34677213
v -1.33761556 0.06036891 0.22772571
v -1.41771556 0.09975391 0.29571871
v -1.41886244 0.09174409 0.29900729
v -1.33876244 0.05235909 0.23101429
v 0.16125463 -0.03053090 0.23223405
v 0.13620463 0.10220910 0.26775705
v 0.12961737 0.10249890 0.26202895
v 0.15466737 -0.03024110 0.22650595
v 0.21405654 0.12815442 0.34737709
v 0.13180754 0.10657942 0.26488809
v 0.13401446 0.09812858 0.26489791
v 0.21626346 0.11970358 0.34738691
v 0.16111377 -0.03287033 0.23109045
v 0.21831277 0.12144467 0.34910245
v 0.21200723 0.12641333 0.34566155
v 0.15480823 -0.02790167 0.22764955
v 0.21666049 0.12766989 0.34906310
v 0.09186149 0.23075989 0.23105110
v 0.08886051 0.22327811 0.22768890
v 0.21365951 0.12018811 0.34570090
v 0.13570358 0.10412072 0.26774817
v 0.09315358 0.22878572 0.23222517
v 0.08756842 0.22525228 0.22651483
v 0.13011842 0.10058728 0.26203783
v 0.23720851 -0.04812834 -0.30034251
v 0.13570851 0.10549666 -0.43233151
v 0.13081349 0.09920134 -0.43589449
v 0.23231349 -0.05442366 -0.30390549
v 0.14768213 -0.12073674 -0.37420360
v 0.23593213 -0.05501674 -0.30019860
v 0.23358987 -0.04753526 -0.30404940
v 0.14533987 -0.11325526 -0.37805440
v 0.14963410 -0.11604091 -0.37322972
v 0.13638410 0.10330409 -0.43121372
v 0.13013790 0.10139391 -0.43701228
v 0.14338790 -0.11795109 -0.37902828
v 0.13686165 0.10074389 -0.43223396
v 0.14986165 0.28384889 -0.30073296
v 0.14266035 0.28705911 -0.30449104
v 0.12966035 0.10395411 -0.43599204
v 0.21828796 0.12439610 -0.34610944
v 0.14938896 0.28592110 -0.29960044
v 0.14313304 0.28498690 -0.30562356
v 0.21203204 0.12346190 -0.35213256
v 0.13516942 0.09851761 -0.43497916
v 0.21706842 0.12009761 -0.34998716
v 0.21325158 0.12776039 -0.34825484
v 0.13135258 0.10618039 -0.43324684
v 0.13644216 0.10304585 -0.43120328
v 0.03969216 0.30260085 -0.37321928
v 0.03332984 0.30120715 -0.37903872
v 0.13007984 0.10165215 -0.43702272
v 0.14551692 0.28928131 -0.30064481
v 0.03576692 0.30573131 -0.37416181
v 0.03725508 0.29807669 -0.37809619
v 0.14700508 0.28162669 -0.30457919
v -0.23508932 -0.74596506 -0.18129805
v -0.17433932 -0.91814506 -0.00029805
v -0.16593868 -0.91583694 -0.00092195
v -0.22668868 -0.74365694 -0.18192195
v -0.22972292 -0.74769723 -0.17854703
v -0.04697292 -0.69297223 -0.19655303
v -0.04930508 -0.68719977 -0.20267897
v -0.23205508 -0.74192477 -0.18467297
v -0.16613882 -0.91776155 0.00096373
v -0.04413882 -0.69085655 -0.19804227
v -0.05213918 -0.68931545 -0.20118973
v -0.17413918 -0.91622045 -0.00218373
v -0.05201968 -0.69208457 -0.19974955
v 0.03503032 -0.87440957 -0.00074355
v 0.04279168 -0.87041243 -0.00047645
v -0.04425832 -0.68808743 -0.19948245
v -0.16949910 -0.91999170 0.00249776
v 0.03955090 -0.87541170 0.00249776
v 0.03827110 -0.86941030 -0.00371776
v -0.17077890 -0.91399030 -0.00371776
v -0.32782280 -0.88919971 -0.00315195
v -0.51802280 -0.72472971 -0.11667795
v -0.52415520 -0.72831229 -0.11159405
v -0.33395520 -0.89278229 0.00193195
v -0.33012327 -0.88802543 -0.00372301
v -0.52847327 -0.83681043 -0.00372301
v -0.53000473 -0.84274157 0.00250301
v -0.33165473 -0.89395657 0.00250301
v -0.52510512 -0.72517104 -0.11307758
v -0.53325512 -0.83842604 0.00044842
v -0.52522288 -0.84112596 -0.00166842
v -0.51707288 -0.72787096 -0.11519442
v -0.04978534 -0.69385127 -0.19813813
v 0.18931466 -0.72028627 0.00086787
v 0.19260734 -0.71275573 -0.00208787
v -0.04649266 -0.68632073 -0.20109387
v 0.04106761 -0.87451449 0.00255167
v 0.19311761 -0.71862449 0.00255167
v 0.18880439 -0.71441751 -0.00377167
v 0.03675439 -0.87030751 -0.00377167
v -0.52735813 -0.83798335 -0.00412007
v -0.64775813 -0.71165835 -0.00412007
v -0.65151987 -0.71524365 0.00290007
v -0.53111987 -0.84156865 0.00290007
v -0.52230275 -0.72273652 -0.11594608
v -0.65085275 -0.70966652 -0.00242008
v -0.64842525 -0.71723548 0.00120008
v -0.51987525 -0.73030548 -0.11232592
v -0.52127653 -0.72279262 -0.11640224
v -0.63657653 -0.67934262 -0.03537824
v -0.63620147 -0.68679938 -0.03084576
v -0.52090147 -0.73024938 -0.11186976
v -0.64645464 -0.71616908 -0.00185246
v -0.63320464 -0.68578908 -0.03435446
v -0.63957336 -0.68035292 -0.03186954
v -0.65282336 -0.71073292 0.00063246
v -0.04643126 -0.69264136 -0.19651349
v 0.09371874 -0.57348636 -0.17551649
v 0.09030326 -0.56837564 -0.18172151
v -0.04984674 -0.68753064 -0.20271851
v 0.19425715 -0.71369634 -0.00013200
v 0.09530715 -0.56810634 -0.17814100
v 0.08871485 -0.57375566 -0.17909700
v 0.18766485 -0.71934566 -0.00108800
v 0.49834109 -0.23652884 -0.00373806
v 0.56379109 -0.30611884 -0.00373806
v 0.56823091 -0.30194316 0.00251806
v 0.50278091 -0.23235316 0.00251806
v 0.56347721 -0.30049647 -0.00021151
v 0.40697721 -0.39222147 -0.18173051
v 0.41204479 -0.39929053 -0.18252749
v 0.56854479 -0.30756553 -0.00100849
v 0.49716842 -0.23177361 -0.00127877
v 0.40611842 -0.39308861 -0.18279777
v 0.41290358 -0.39842339 -0.18146023
v 0.50395358 -0.23710839 0.00005877
v 0.41254415 -0.39475650 -0.17915027
v 0.36544415 -0.31439650 -0.15815427
v 0.35937785 -0.31639550 -0.16411173
v 0.40647785 -0.39675550 -0.18510773
v 0.49779076 -0.23114282 0.00011080
v 0.35964076 -0.31209782 -0.16041220
v 0.36518124 -0.31869418 -0.16185380
v 0.50333124 -0.23773918 -0.00133080
v 0.56264016 -0.30146485 -0.00167026
v 0.47114016 -0.50409485 -0.20119426
v 0.47788184 -0.50922715 -0.19907374
v 0.56938184 -0.30659715 0.00045026
v 0.40661919 -0.39695662 -0.18517330
v 0.47161919 -0.50786162 -0.20317830
v 0.47740281 -0.50546038 -0.19708970
v 0.41240281 -0.39455538 -0.17908470
v 0.36625373 -0.31736964 -0.16049269
v 0.41370373 -0.17290464 0.00003031
v 0.40601827 -0.16895736 -0.00125031
v 0.35856827 -0.31342236 -0.16177331
v 0.50224361 -0.23203803 0.00262518
v 0.41154361 -0.16852803 0.00262518
v 0.40817839 -0.17333397 -0.00384518
v 0.49887839 -0.23684397 -0.00384518
v 0.56360299 -0.30593994 -0.00371310
v 0.64425299 -0.40767494 -0.00371310
v 0.64906901 -0.40385706 0.00249310
v 0.56841901 -0.30212206 0.00249310
v 0.47665477 -0.51046502 -0.20006004
v 0.64880477 -0.40957002 -0.00053604
v 0.64451723 -0.40196198 -0.00068396
v 0.47236723 -0.50285698 -0.20020796
v 0.36582303 -0.31482329 -0.15846806
v 0.31492303 -0.22799329 -0.11195906
v 0.30809897 -0.22913871 -0.11728894
v 0.35899897 -0.31596871 -0.16379794
v 0.40693451 -0.16783464 0.00034920
v 0.30858451 -0.22546964 -0.11366480
v 0.31443749 -0.23166236 -0.11558320
v 0.41278749 -0.17402736 -0.00156920
v 0.47523848 -0.51091354 -0.20081110
v 0.68008848 -0.50763854 -0.00128710
v 0.67863352 -0.49913346 0.00006710
v 0.47378352 -0.50240846 -0.19945690
v 0.64376451 -0.40673624 -0.00373102
v 0.67646451 -0.50435624 -0.00373102
v 0.68225749 -0.50241576 0.00251102
v 0.64955749 -0.40479576 0.00251102
v 0.67756651 -0.49943026 -0.00106135
v 0.52361651 -0.58963526 -0.17955935
v 0.52720549 -0.59754674 -0.17865665
v 0.68115549 -0.50734174 -0.00015865
v 0.47213397 -0.50877630 -0.20312516
v 0.52303397 -0.59570630 -0.18209916
v 0.52778803 -0.59147570 -0.17611684
v 0.47688803 -0.50454570 -0.19714284
v -0.85205969 -0.35377347 0.28500331
v -1.03730969 -0.24800347 0.43301331
v -1.03876831 -0.25576853 0.43673669
v -0.85351831 -0.36153853 0.28872669
v -0.85519775 -0.35422348 0.28808465
v -0.91884775 -0.43069348 0.37759265
v -0.91403025 -0.43755852 0.37515335
v -0.85038025 -0.36108852 0.28564535
v -0.91428686 -0.43174044 0.37341509
v -1.03588686 -0.24950044 0.43191709
v -1.04019114 -0.25427156 0.43783291
v -0.91859114 -0.43651156 0.37933091
v -1.03652756 -0.25598324 0.43487138
v -0.93682756 -0.21911324 0.33138638
v -0.93985044 -0.21091876 0.33139362
v -1.03955044 -0.24778876 0.43487862
v -0.85040717 -0.35534212 0.28402869
v -0.93595717 -0.21270212 0.32855369
v -0.94072083 -0.21732988 0.33422631
v -0.85517083 -0.35996988 0.28970131
v -1.03494370 -0.25430446 0.43296661
v -0.96504470 -0.04804946 0.28495661
v -0.97123530 -0.04321254 0.28877339
v -1.04113430 -0.24946754 0.43678339
v -0.93503376 -0.21518349 0.32854059
v -0.96483476 -0.04579849 0.28401559
v -0.97144524 -0.04546351 0.28971441
v -0.94164424 -0.21484851 0.33423941
v -1.03486219 -0.25224561 0.43190004
v -1.06406219 -0.02622561 0.37339804
v -1.07041581 -0.02550639 0.37934796
v -1.04121581 -0.25152639 0.43784996
v -0.96846826 -0.04146933 0.28558259
v -1.06756726 -0.02170433 0.37509059
v -1.06691074 -0.03002767 0.37765541
v -0.96781174 -0.04979267 0.28814741
v -0.96505123 -0.04545161 0.28378293
v -1.04620023 0.15792339 0.21429493
v -1.05237777 0.15756461 0.22045907
v -0.97122877 -0.04581039 0.28994707
v -1.04980752 0.15448054 0.22023231
v -0.94985752 0.09355554 0.16874931
v -0.94882048 0.10008246 0.16303869
v -1.04877048 0.16100746 0.21452169
v -0.96471521 -0.04763340 0.28503933
v -0.94591421 0.09481660 0.16406833
v -0.95276379 0.09882140 0.16771967
v -0.97156479 -0.04362860 0.28869067
v -0.77597505 -0.43697794 -0.47263171
v -0.93572505 -0.21412294 -0.54562971
v -0.94165295 -0.21640906 -0.53963629
v -0.78190295 -0.43926406 -0.46663829
v -0.78022922 -0.43450715 -0.47172001
v -0.91772922 -0.43051215 -0.37971001
v -0.91514878 -0.43773985 -0.37553999
v -0.77764878 -0.44173485 -0.46754999
v -0.91264726 -0.43517137 -0.37952282
v -0.93489726 -0.21631137 -0.54453082
v -0.94248074 -0.21422063 -0.54073518
v -0.92023074 -0.43308063 -0.37572718
v -0.91349254 -0.43314572 -0.38069571
v -1.03509254 -0.25090572 -0.43919771
v -1.04098546 -0.25286628 -0.43305629
v -0.91938546 -0.43510628 -0.37455429
v -0.94110143 -0.21178102 -0.54368509
v -1.04045143 -0.24840102 -0.43717909
v -1.03562657 -0.25537098 -0.43507491
v -0.93627657 -0.21875098 -0.54158091
v -0.27362323 0.61796531 0.09050059
v -0.23982323 0.66963031 0.13652159
v -0.24495477 0.67589769 0.13325441
v -0.27875477 0.62423269 0.08723341
v -0.23918097 0.60419353 0.11974592
v -0.23918097 0.67200353 0.13775192
v -0.24559703 0.67352447 0.13202408
v -0.24559703 0.60571447 0.11401808
v -0.24181191 0.60896920 0.11849970
v -0.27561191 0.62511420 0.09048470
v -0.27676609 0.61708380 0.08724930
v -0.24296609 0.60093880 0.11526430
v -0.27299152 0.62034601 0.09174466
v -0.27299152 0.67201101 0.10526366
v -0.27938648 0.67351699 0.09950834
v -0.27938648 0.62185199 0.08598934
v -0.24238897 0.67713113 0.13488797
v -0.27618897 0.67713113 0.10238597
v -0.27618903 0.66839687 0.10238603
v -0.24238903 0.66839687 0.13488803
v -0.23982329 0.67589782 0.13652144
v -0.27362329 0.72755782 0.09050044
v -0.27875471 0.72129018 0.08723356
v -0.24495471 0.66963018 0.13325456
v -0.27299151 0.67351705 0.10526363
v -0.27299151 0.72517705 0.09174463
v -0.27938649 0.72367095 0.08598937
v -0.27938649 0.67201095 0.09950837
v -0.27561195 0.72040881 0.09048474
v -0.24181195 0.73655381 0.11849974
v -0.24296605 0.74458419 0.11526426
v -0.27676605 0.72843919 0.08724926
v -0.23918098 0.67352453 0.13775192
v -0.23918098 0.74132953 0.11974592
v -0.24559702 0.73980847 0.11401808
v -0.24559702 0.67200347 0.13202408
v -0.23600021 0.81161049 0.00180400
v -0.27435021 0.85477049 -0.02770700
v -0.27782979 0.84837751 -0.03253500
v -0.23947979 0.80521751 -0.00302400
v -0.23771914 0.81278103 -0.00063077
v -0.27606914 0.81278103 -0.03914477
v -0.27611086 0.80404697 -0.03910323
v -0.23776086 0.80404697 -0.00058923
v -0.27920421 0.85219919 -0.03311811
v -0.27920421 0.80903919 -0.04212111
v -0.27297579 0.80778881 -0.03612689
v -0.27297579 0.85094881 -0.02712389
v -0.23933456 0.81172655 -0.00296716
v -0.27768456 0.77226655 -0.03247816
v -0.27449544 0.76564145 -0.02776384
v -0.23614544 0.80510145 0.00174716
v -0.27921044 0.80773439 -0.04210273
v -0.27921044 0.76827439 -0.03309973
v -0.27296956 0.76963361 -0.02714227
v -0.27296956 0.80909361 -0.03614527
v -0.23947997 0.55295533 -0.00302408
v -0.27782997 0.50979033 -0.03253508
v -0.27435003 0.50339767 -0.02770692
v -0.23600003 0.54656267 0.00180408
v -0.27297580 0.50721912 -0.02712387
v -0.27297580 0.55038412 -0.03612687
v -0.27920420 0.54913388 -0.04212113
v -0.27920420 0.50596888 -0.03311813
v -0.23776092 0.55412603 -0.00058917
v -0.27611092 0.55412603 -0.03910317
v -0.27606908 0.54539197 -0.03914483
v -0.23771908 0.54539197 -0.00063083
v -0.23614565 0.55307171 0.00174708
v -0.27449565 0.59252671 -0.02776392
v -0.27768435 0.58590129 -0.03247808
v -0.23933435 0.54644629 -0.00296708
v -0.27296955 0.54907931 -0.03614530
v -0.27296955 0.58853431 -0.02714230
v -0.27921045 0.58989369 -0.03309970
v -0.27921045 0.55043869 -0.04210270
v 0.75559038 0.16715866 -0.18470849
v 0.86989038 0.34576866 -0.00169449
v 0.86193162 0.34863934 0.00047449
v 0.74763162 0.17002934 -0.18253951
v 0.86158362 0.34731948 -0.00118640
v 0.87863362 0.18014448 -0.16268540
v 0.88728838 0.17991352 -0.16153260
v 0.87023838 0.34708852 -0.00003360
v 0.75236833 0.16548338 -0.18659424
v 0.88371833 0.17691838 -0.16507924
v 0.88220367 0.18313962 -0.15913876
v 0.75085367 0.17170462 -0.18065376
v 0.75596384 0.16871831 -0.18329362
v 0.73666384 0.35812331 -0.00027962
v 0.72795816 0.35787469 -0.00094038
v 0.74725816 0.16846969 -0.18395438
v 0.86616252 0.35031689 0.00244262
v 0.73256252 0.36111189 0.00244262
v 0.73205948 0.35488611 -0.00366262
v 0.86565948 0.34409111 -0.00366262
v 0.86518668 0.34423327 -0.00372801
v 1.01203668 0.30842827 -0.00372801
v 1.01348532 0.31436973 0.00250801
v 0.86663532 0.35017473 0.00250801
v 0.88659261 0.17792553 -0.16331675
v 1.01639261 0.30929553 -0.00181775
v 1.00912939 0.31350247 0.00059775
v 0.87932939 0.18213247 -0.16090125
v 0.72850642 0.35957160 0.00084735
v 0.56650642 0.15438660 -0.20066065
v 0.57411558 0.15124140 -0.20357535
v 0.73611558 0.35642640 -0.00206735
v 0.75103327 0.17170926 -0.18061847
v 0.56973327 0.15592926 -0.19911247
v 0.57088873 0.14969874 -0.20512353
v 0.75218873 0.16547874 -0.18662953
v 0.88415267 0.17690469 -0.16491799
v 1.02610267 0.18925969 -0.11843999
v 1.02371933 0.19550831 -0.11282201
v 0.88176933 0.18315331 -0.15930001
v 1.00846845 0.31168619 -0.00136059
v 1.02061845 0.19267119 -0.11638159
v 1.02920355 0.19209681 -0.11488041
v 1.01705355 0.31111181 0.00014059
v 0.57465322 0.15327920 -0.20214110
v 0.55340322 0.36163420 -0.00063310
v 0.54471878 0.36070380 -0.00058690
v 0.56596878 0.15234880 -0.20209490
v 0.73236525 0.36113480 0.00242902
v 0.54911525 0.36430480 0.00242902
v 0.54900675 0.35803320 -0.00364902
v 0.73225675 0.35486320 -0.00364902
v 0.57397521 0.15490842 -0.20099604
v 0.41287521 0.32880842 0.00051196
v 0.40554679 0.32461958 -0.00173196
v 0.56664679 0.15071958 -0.20323996
v 0.54831174 0.36421018 0.00243330
v 0.40846174 0.32975518 0.00243330
v 0.40996026 0.32367282 -0.00365330
v 0.54981026 0.35812782 -0.00365330
v 0.57048220 0.15600918 -0.19914591
v 0.42838220 0.14363918 -0.17766191
v 0.42803980 0.13724882 -0.18360609
v 0.57013980 0.14961882 -0.20509009
v 0.40503708 0.32562685 0.00007434
v 0.42403708 0.13935685 -0.17994966
v 0.43238492 0.14153115 -0.18131834
v 0.41338492 0.32780115 -0.00129434
v 0.43152737 0.14322519 -0.18005223
v 0.30307737 0.25873519 -0.00002823
v 0.29644463 0.25317281 -0.00119177
v 0.42489463 0.13766281 -0.18121577
v 0.40759984 0.32920611 0.00259396
v 0.29814984 0.25844611 0.00259396
v 0.30137216 0.25346189 -0.00381396
v 0.41082216 0.32422189 -0.00381396
v 0.42919377 0.14386437 -0.17810279
v 0.31354377 0.13379937 -0.11959979
v 0.31157823 0.12695863 -0.12466221
v 0.42722823 0.13702363 -0.18316521
v 0.29576615 0.25453375 0.00043684
v 0.30856615 0.12895875 -0.12108416
v 0.31655585 0.13179925 -0.12317784
v 0.30375585 0.25737425 -0.00165684
v 0.89922111 0.01588809 -0.00365508
v 0.77012111 -0.01777691 -0.00365508
v 0.77170089 -0.02383509 0.00243508
v 0.90080089 0.00982991 0.00243508
v 0.77521396 -0.02010953 -0.00034300
v 0.75591396 0.16929047 -0.18335700
v 0.74730804 0.16789753 -0.18389100
v 0.76660804 -0.02150247 -0.00087700
v 0.90364631 0.01500205 -0.00173413
v 0.75524631 0.17073705 -0.18474813
v 0.74797569 0.16645095 -0.18249987
v 0.89637569 0.01071595 0.00051413
v 0.75140452 0.16539195 -0.18066156
v 0.88275452 0.17682695 -0.15914656
v 0.88316748 0.18323105 -0.16507144
v 0.75181748 0.17179605 -0.18658644
v 0.90424688 0.01378850 -0.00009506
v 0.88719688 0.18095850 -0.16159406
v 0.87872512 0.17909950 -0.16262394
v 0.89577512 0.01192950 -0.00112494
v 0.77434944 -0.01856473 -0.00210186
v 0.57374944 0.15505527 -0.20360986
v 0.56687256 0.15057273 -0.20062614
v 0.76747256 -0.02304727 0.00088186
v 0.75164094 0.17176683 -0.18662468
v 0.57034094 0.15598683 -0.20511868
v 0.57028106 0.14964117 -0.19911732
v 0.75158106 0.16542117 -0.18062332
v 0.87978238 0.17729779 -0.16088071
v 1.03383238 0.07064279 0.00061829
v 1.04018962 0.07610521 -0.00183829
v 0.88613962 0.18276021 -0.16333729
v 0.90125213 0.01004920 0.00249426
v 1.03825213 0.07056420 0.00249426
v 1.03576987 0.07618380 -0.00371426
v 0.89876987 0.01566880 -0.00371426
v 0.77031405 -0.01772243 -0.00364431
v 0.59091405 -0.05245243 -0.00364431
v 0.59210795 -0.05861957 0.00242431
v 0.77150795 -0.02388957 0.00242431
v 0.56595951 0.15245509 -0.20203129
v 0.58715951 -0.05589491 -0.00052329
v 0.59586249 -0.05517709 -0.00069671
v 0.57466249 0.15317291 -0.20220471
v 0.88233320 0.17673174 -0.15931512
v 1.02428320 0.18908674 -0.11283712
v 1.02553880 0.19568126 -0.11842488
v 0.88358880 0.18332626 -0.16490288
v 1.04099870 0.07480426 0.00045037
v 1.02889870 0.19381426 -0.11457063
v 1.02092330 0.19095374 -0.11669137
v 1.03302330 0.07194374 -0.00167037
v 0.56631202 0.15419608 -0.20319957
v 0.44316202 -0.04443892 -0.00169157
v 0.45115998 -0.04720308 0.00047157
v 0.57430998 0.15143192 -0.20103643
v 0.59172086 -0.05241780 -0.00366035
v 0.44737086 -0.04270280 -0.00366035
v 0.44695114 -0.04893920 0.00244035
v 0.59130114 -0.05865420 0.00244035
v 1.02278666 0.18885712 -0.11417494
v 1.14138666 0.16490712 0.00084606
v 1.14563534 0.17196088 -0.00206606
v 1.02703534 0.19591088 -0.11708706
v 1.03888401 0.07127558 0.00273070
v 1.14538401 0.16633558 0.00273070
v 1.14163799 0.17053242 -0.00395070
v 1.03513799 0.07547242 -0.00395070
v 1.02366086 0.18881930 -0.11343968
v 1.13881086 0.19884430 -0.03143868
v 1.14131114 0.20597370 -0.03582132
v 1.02616114 0.19594870 -0.11782232
v 1.14720390 0.17024072 0.00086313
v 1.14375390 0.20421572 -0.03215687
v 1.13636810 0.20060228 -0.03510313
v 1.13981810 0.16662728 -0.00208313
v 1.13874118 0.19878224 -0.03158636
v 1.17999118 0.20237724 0.00143364
v 1.18263082 0.20963076 -0.00265364
v 1.14138082 0.20603576 -0.03567364
v 1.14543919 0.16649400 0.00279445
v 1.18323919 0.20406400 0.00279445
v 1.17938281 0.20794400 -0.00401445
v 1.14158281 0.17037400 -0.00401445
v 0.45151153 -0.04573694 -0.00098098
v 0.43256153 0.14052806 -0.18100498
v 0.42386047 0.14035994 -0.18026302
v 0.44281047 -0.04590506 -0.00023902
v 0.56958978 0.15592448 -0.20509736
v 0.42748978 0.14355448 -0.18361336
v 0.42893222 0.13733352 -0.17765464
v 0.57103222 0.14970352 -0.19913864
v -0.27611058 0.81278103 -0.03914452
v -0.31450958 0.81278103 -0.00063052
v -0.31446842 0.80404697 -0.00058948
v -0.27606942 0.80404697 -0.03910348
v -0.31149979 0.80780106 -0.00373422
v -0.30264979 0.85096106 -0.00373422
v -0.30862821 0.85218694 0.00251422
v -0.31747821 0.80902694 0.00251422
v -0.27368557 0.81161579 -0.04086729
v -0.30323457 0.85477579 -0.00235329
v -0.30804343 0.84837221 0.00113329
v -0.27849443 0.80521221 -0.03738071
v -0.27843762 0.81173166 -0.03752601
v -0.30798662 0.77227166 0.00098799
v -0.30329138 0.76563634 -0.00220799
v -0.27374238 0.80509634 -0.04072199
v -0.31746042 0.80774758 0.00252023
v -0.30861042 0.76828758 0.00252023
v -0.30266758 0.76962042 -0.00374023
v -0.31151758 0.80908042 -0.00374023
v -0.30608960 0.84725367 -0.00106118
v -0.27654060 0.84725367 -0.03057218
v -0.27563940 0.85589433 -0.02966982
v -0.30518840 0.85589433 -0.00015882
v -0.27296731 0.80903742 -0.04211264
v -0.27296731 0.85219742 -0.03310964
v -0.27921269 0.85095058 -0.02713236
v -0.27921269 0.80779058 -0.03613536
v -0.27921891 0.80909168 -0.03615373
v -0.27921891 0.76963168 -0.02715073
v -0.27296109 0.76827632 -0.03309127
v -0.27296109 0.80773632 -0.04209427
v -0.30494484 0.76469878 0.00008505
v -0.27539584 0.76469878 -0.02942595
v -0.27678416 0.77320922 -0.03081605
v -0.30633316 0.77320922 -0.00130505
v -0.27930657 0.77011502 -0.02740484
v -0.27930657 0.70107502 0.00210616
v -0.27287343 0.69875298 -0.00332616
v -0.27287343 0.76779298 -0.03283716
v -0.30835812 0.76779022 0.00260307
v -0.27880912 0.69875022 0.00260307
v -0.27337088 0.70107778 -0.00382307
v -0.30291988 0.77011778 -0.00382307
v -0.27654055 0.51091434 -0.03057213
v -0.30608955 0.51091434 -0.00106113
v -0.30518845 0.50227366 -0.00015887
v -0.27563945 0.50227366 -0.02966987
v -0.30323450 0.50339236 -0.00235347
v -0.27368550 0.54655736 -0.04086747
v -0.27849450 0.55296064 -0.03738053
v -0.30804350 0.50979564 0.00113347
v -0.27296731 0.50597065 -0.03310966
v -0.27296731 0.54913565 -0.04211266
v -0.27921269 0.55038235 -0.03613534
v -0.27921269 0.50721735 -0.02713234
v -0.30264977 0.50720687 -0.00373421
v -0.31149977 0.55037187 -0.00373421
v -0.31747823 0.54914613 0.00251421
v -0.30862823 0.50598113 0.00251421
v -0.27606595 0.55412600 -0.03910002
v -0.31446495 0.55412600 -0.00058602
v -0.31451305 0.54539200 -0.00063398
v -0.27611405 0.54539200 -0.03914798
v -0.31288938 0.54644413 -0.00296046
v -0.27449038 0.58589913 -0.03247146
v -0.27768962 0.59252887 -0.02777054
v -0.31608862 0.55307387 0.00174046
v -0.27296760 0.55043825 -0.04210076
v -0.27296760 0.58989325 -0.03309776
v -0.27921240 0.58853475 -0.02714424
v -0.27921240 0.54907975 -0.03614724
v -0.31151108 0.54909103 -0.00373372
v -0.30266108 0.58854603 -0.00373372
v -0.30861692 0.58988197 0.00251372
v -0.31746692 0.55042697 0.00251372
v -0.27540014 0.59347061 -0.02943025
v -0.30494914 0.59347061 0.00008075
v -0.30632886 0.58495739 -0.00130075
v -0.27677986 0.58495739 -0.03081175
v -0.30291988 0.58805022 -0.00382307
v -0.27337088 0.65709022 -0.00382307
v -0.27880912 0.65941778 0.00260307
v -0.30835812 0.59037778 0.00260307
v -0.27287343 0.59037502 -0.03283716
v -0.27287343 0.65941502 -0.00332616
v -0.27930657 0.65709298 0.00210616
v -0.27930657 0.58805298 -0.02740484
v -0.71901948 -0.35701224 -0.37501826
v -0.93781848 -0.21154724 -0.54051526
v -0.93955952 -0.21898476 -0.54475074
v -0.72076052 -0.36444976 -0.37925374
v -0.93720610 -0.21937352 -0.54260047
v -0.83970610 -0.18331852 -0.43459847
v -0.84267190 -0.17510348 -0.43466353
v -0.94017190 -0.21115848 -0.54266553
v -0.71771716 -0.35834663 -0.37419231
v -0.83901616 -0.17682663 -0.43168731
v -0.84336184 -0.18159537 -0.43757469
v -0.72206284 -0.36311537 -0.38007969
v -0.83863863 -0.17748963 -0.43153192
v -0.96408863 0.07139537 -0.46653592
v -0.96918937 0.06795263 -0.47273408
v -0.84373937 -0.18093237 -0.43773008
v -0.93550505 -0.21571090 -0.53967727
v -0.96345505 0.06922910 -0.46667927
v -0.96982295 0.07011890 -0.47259073
v -0.94187295 -0.21482110 -0.54558873
v -0.86699514 0.04596626 -0.37470535
v -0.95024514 0.29630126 -0.26868635
v -0.95673286 0.29661674 -0.27452565
v -0.87348286 0.04628174 -0.38054465
v -0.95396124 0.29318291 -0.27445487
v -0.84831124 0.23143291 -0.22095787
v -0.84736676 0.23798509 -0.21526013
v -0.95301676 0.29973509 -0.26875713
v -0.86677459 0.04417902 -0.37581207
v -0.84437459 0.23276402 -0.21629607
v -0.85130341 0.23665398 -0.21992193
v -0.87370341 0.04806898 -0.37943793
v -0.72114011 -0.35705309 0.37787986
v -0.85404011 -0.35397809 0.28885986
v -0.85153789 -0.36133391 0.28487014
v -0.71863789 -0.36440891 0.37389014
v -0.84900833 -0.35918469 0.28842751
v -0.83740833 -0.18073969 0.43494251
v -0.84496967 -0.17768231 0.43181749
v -0.85656967 -0.35612731 0.28530249
v -0.71685258 -0.35963334 0.37882560
v -0.83815258 -0.17811334 0.43632060
v -0.84422542 -0.18030866 0.43043940
v -0.72292542 -0.36182866 0.37294440
v -0.84974947 -0.35677215 0.28987364
v -0.93529947 -0.21413215 0.33439864
v -0.94137853 -0.21589985 0.32838136
v -0.85582853 -0.35853985 0.28385636
v -0.84351813 -0.17564560 0.43434692
v -0.94066813 -0.21145060 0.33235692
v -0.93600987 -0.21858140 0.33042308
v -0.83885987 -0.18277640 0.43241308
v -0.27362323 0.62423269 0.08723341
v -0.30742323 0.67589769 0.13325441
v -0.31255477 0.66963031 0.13652159
v -0.27875477 0.61796531 0.09050059
v -0.30941191 0.60093880 0.11526430
v -0.27561191 0.61708380 0.08724930
v -0.27676609 0.62511420 0.09048470
v -0.31056609 0.60896920 0.11849970
v -0.30678097 0.60571447 0.11401808
v -0.30678097 0.67352447 0.13202408
v -0.31319703 0.67200353 0.13775192
v -0.31319703 0.60419353 0.11974592
v -0.30998897 0.66839687 0.13488803
v -0.27618897 0.66839687 0.10238603
v -0.27618903 0.67713113 0.10238597
v -0.30998903 0.67713113 0.13488797
v -0.27299152 0.62185199 0.08598934
v -0.27299152 0.67351699 0.09950834
v -0.27938648 0.67201101 0.10526366
v -0.27938648 0.62034601 0.09174466
v -0.30742329 0.66963018 0.13325456
v -0.27362329 0.72129018 0.08723356
v -0.27875471 0.72755782 0.09050044
v -0.31255471 0.67589782 0.13652144
v -0.27299151 0.67201095 0.09950837
v -0.27299151 0.72367095 0.08598937
v -0.27938649 0.72517705 0.09174463
v -0.27938649 0.67351705 0.10526363
v -0.30678098 0.67200347 0.13202408
v -0.30678098 0.73980847 0.11401808
v -0.31319702 0.74132953 0.11974592
v -0.31319702 0.67352453 0.13775192
v -0.27561195 0.72843919 0.08724926
v -0.30941195 0.74458419 0.11526426
v -0.31056605 0.73655381 0.11849974
v -0.27676605 0.72040881 0.09048474
v 0.40884218 -0.39149250 -0.18279760
v 0.22359118 -0.39208750 -0.00127860
v 0.22492882 -0.40061450 0.00005860
v 0.41017982 -0.40001950 -0.18146040
v 0.22602129 -0.40031771 -0.00109467
v 0.36417229 -0.31936271 -0.16161767
v 0.36064971 -0.31142929 -0.16064833
v 0.22249871 -0.39238429 -0.00012533
v 0.41186518 -0.39359794 -0.18510766
v 0.36476518 -0.31323794 -0.16411166
v 0.36005682 -0.31755406 -0.15815434
v 0.40715682 -0.39791406 -0.17915034
v 0.40766595 -0.39181789 -0.18173036
v 0.25111595 -0.48353789 -0.00021136
v 0.25480605 -0.49141411 -0.00100864
v 0.41135605 -0.39969411 -0.18252764
v 0.22135304 -0.39726658 0.00251780
v 0.25005404 -0.48839158 0.00251780
v 0.25586796 -0.48656042 -0.00373780
v 0.22716696 -0.39543542 -0.00373780
v 0.25355248 -0.49167101 0.00045014
v 0.47510248 -0.51085601 -0.19907386
v 0.47391952 -0.50246599 -0.20119414
v 0.25236952 -0.48328099 -0.00167014
v 0.40705004 -0.39769250 -0.17908508
v 0.47205004 -0.50859750 -0.19709008
v 0.47697196 -0.50472450 -0.20317792
v 0.41197196 -0.39381950 -0.18517292
v 0.47223980 -0.50293166 -0.20020823
v 0.30003980 -0.60383166 -0.00068423
v 0.30458220 -0.61129034 -0.00053577
v 0.47678220 -0.51039034 -0.20005977
v 0.25011843 -0.48864418 0.00249273
v 0.29946843 -0.60872918 0.00249273
v 0.30515357 -0.60639282 -0.00371273
v 0.25580357 -0.48630782 -0.00371273
v 0.47115702 -0.50394742 -0.19945641
v 0.36815702 -0.68107742 0.00006759
v 0.37486498 -0.68650458 -0.00128759
v 0.47786498 -0.50937458 -0.20081159
v 0.30004903 -0.60961437 0.00251073
v 0.36924903 -0.68584437 0.00251073
v 0.37377297 -0.68173763 -0.00373073
v 0.30457297 -0.60550763 -0.00373073
v 0.47150316 -0.50769866 -0.19714268
v 0.52240316 -0.59462866 -0.17611668
v 0.52841884 -0.59255334 -0.18209932
v 0.47751884 -0.50562334 -0.20312532
v 0.37408390 -0.68729097 -0.00016029
v 0.52798390 -0.59709097 -0.17865829
v 0.52283810 -0.59009103 -0.17955771
v 0.36893810 -0.68029103 -0.00105971
v -0.22688135 -0.74502623 -0.18333170
v -0.13668135 -0.51335123 -0.00233170
v -0.14469665 -0.51292077 0.00111170
v -0.23489665 -0.74459577 -0.17988830
v -0.29417022 -0.57619539 -0.00048821
v -0.23497022 -0.74636039 -0.18148821
v -0.22680778 -0.74326161 -0.18173179
v -0.28600778 -0.57309661 -0.00073179
v -0.28891699 -0.57749268 -0.00370752
v -0.13951699 -0.51598268 -0.00370752
v -0.14186101 -0.51028932 0.00248752
v -0.29126101 -0.57179932 0.00248752
v -0.14455263 -0.51517168 -0.00059676
v -0.05200263 -0.69212168 -0.19960276
v -0.04427537 -0.68805032 -0.19962924
v -0.13682537 -0.51110032 -0.00062324
v -0.23027667 -0.74786349 -0.18467255
v -0.04752667 -0.69313849 -0.20267855
v -0.04875133 -0.68703351 -0.19655345
v -0.23150133 -0.74175851 -0.17854745
v -0.14283538 -0.51653746 -0.00231146
v 0.08986462 -0.57433246 -0.18032046
v 0.09415738 -0.56752954 -0.17691754
v -0.13854262 -0.50973454 0.00109146
v -0.04586288 -0.69222537 -0.20266791
v 0.09428712 -0.57307037 -0.18167091
v 0.08973488 -0.56879163 -0.17556709
v -0.05041512 -0.68794663 -0.19656409
v -0.13905736 -0.51570971 -0.00373819
v -0.02290736 -0.44207471 -0.00373819
v -0.02617064 -0.43692729 0.00251819
v -0.14232064 -0.51056229 0.00251819
v 0.09535446 -0.56812396 -0.17850243
v -0.02119554 -0.43669396 -0.00049343
v -0.02788246 -0.44230804 -0.00072657
v 0.08866754 -0.57373804 -0.17873557
v -0.02585476 -0.44328019 -0.00235881
v 0.14009524 -0.44551519 -0.12238481
v 0.14272676 -0.43795681 -0.11888719
v -0.02322324 -0.43572181 0.00113881
v 0.09550658 -0.57109504 -0.18123163
v 0.14490658 -0.44190004 -0.12324863
v 0.13791542 -0.44157196 -0.11802337
v 0.08851542 -0.57076696 -0.17600637
v -0.02233599 -0.44166407 -0.00369863
v 0.04996401 -0.36802907 -0.00369863
v 0.04555799 -0.36370293 0.00247863
v -0.02674201 -0.43733793 0.00247863
v 0.14444501 -0.43862017 -0.12023828
v 0.05079501 -0.36275017 -0.00021228
v 0.04472699 -0.36898183 -0.00100772
v 0.13837699 -0.44485183 -0.12103372
v 0.04953463 -0.36833317 -0.00374674
v 0.16358463 -0.28634317 -0.00374674
v 0.16003737 -0.28140883 0.00252674
v 0.04598737 -0.36339883 0.00252674
v 0.14535050 -0.44094456 -0.12234648
v 0.16575050 -0.28308456 -0.00232048
v 0.15787150 -0.28466744 0.00110048
v 0.13747150 -0.44252744 -0.11892552
v 0.14910663 -0.11533191 -0.37922179
v 0.05540663 0.08288809 -0.35120679
v 0.05021537 0.07955991 -0.34502121
v 0.14391537 -0.11866009 -0.37303621
v 0.05405250 0.07703918 -0.34798058
v 0.13450250 0.09816418 -0.43397958
v 0.13201950 0.10653382 -0.43424642
v 0.05156950 0.08540882 -0.34824742
v 0.14968902 -0.11758062 -0.37906673
v 0.13643902 0.10176438 -0.43705073
v 0.13008298 0.10293362 -0.43117527
v 0.14333298 -0.11641138 -0.37319127
v 0.16008742 -0.02685920 0.22791678
v 0.05493742 0.08475080 0.34492078
v 0.05068458 0.07769720 0.34782722
v 0.15583458 -0.03391280 0.23082322
v 0.07358801 -0.09714362 0.29858230
v 0.15923801 -0.03415362 0.22756830
v 0.15668399 -0.02661838 0.23117170
v 0.07103399 -0.08960838 0.30218570
v 0.07546849 -0.09228270 0.29757211
v 0.05596849 0.08231730 0.34356211
v 0.04965351 0.08013070 0.34918589
v 0.06915351 -0.09446930 0.30319589
v 0.13613259 0.10261678 0.26195632
v 0.09358259 0.22728178 0.22643332
v 0.08713941 0.22675622 0.23230668
v 0.12968941 0.10209122 0.26782968
v 0.05459166 0.07730454 0.34710807
v 0.13469166 0.09843454 0.26562707
v 0.13113034 0.10627346 0.26415893
v 0.05103034 0.08514346 0.34563993
v 0.05629183 0.07908706 0.34482832
v 0.09384183 0.22488206 0.22782432
v 0.08688017 0.22915594 0.23091568
v 0.04933017 0.08336094 0.34791968
v 0.05608439 0.08181230 0.34354370
v -0.01261561 0.24281230 0.29755370
v -0.01916239 0.24163570 0.30321430
v 0.04953761 0.08063570 0.34920430
v 0.08967962 0.23091415 0.22751654
v -0.01657038 0.24611915 0.29853054
v -0.01520762 0.23832885 0.30223746
v 0.09104238 0.22312385 0.23122346
v -1.33559435 -0.21241245 0.23110139
v -1.25549435 -0.07955245 0.34560339
v -1.26068365 -0.07343955 0.34214061
v -1.34078365 -0.20629955 0.22763861
v -1.25491916 -0.24952408 0.30026313
v -1.25491916 -0.07727908 0.34677213
v -1.26125884 -0.07571292 0.34097187
v -1.26125884 -0.24795792 0.29446287
v -1.25751556 -0.24473609 0.29900729
v -1.33761556 -0.20535109 0.23101429
v -1.33876244 -0.21336091 0.22772571
v -1.25866244 -0.25274591 0.29571871
v -1.33502686 -0.21013402 0.23227987
v -1.33502686 -0.07727402 0.26780287
v -1.34135114 -0.07571798 0.26198313
v -1.34135114 -0.20857798 0.22646013
v -1.25808900 -0.07212887 0.34387200
v -1.33818900 -0.07212887 0.26489300
v -1.33818900 -0.08086313 0.26489300
v -1.25808900 -0.08086313 0.34387200
v -1.25549435 -0.07343955 0.34560339
v -1.33559435 0.05942045 0.23110139
v -1.34078365 0.05330755 0.22763861
v -1.26068365 -0.07955245 0.34214061
v -1.33502686 -0.07571798 0.26780287
v -1.33502686 0.05714202 0.23227987
v -1.34135114 0.05558598 0.22646013
v -1.34135114 -0.07727402 0.26198313
v -1.33761556 0.05235909 0.23101429
v -1.25751556 0.09174409 0.29900729
v -1.25866244 0.09975391 0.29571871
v -1.33876244 0.06036891 0.22772571
v -1.25491916 -0.07571292 0.34677213
v -1.25491916 0.09653208 0.30026313
v -1.26125884 0.09496592 0.29446287
v -1.26125884 -0.07727908 0.34097187
v 0.95789591 -0.45735420 -0.20450503
v 0.78054591 -0.40199920 0.00051297
v 0.77577609 -0.40896280 -0.00173297
v 0.95312609 -0.46431780 -0.20675097
v 0.85985088 -0.32454788 0.00281612
v 0.77630088 -0.40351288 0.00281612
v 0.78002112 -0.40744912 -0.00403612
v 0.86357112 -0.32848412 -0.00403612
v 0.95884224 -0.45802963 -0.20594252
v 0.86504224 -0.32370963 -0.00092452
v 0.85837976 -0.32932237 -0.00029548
v 0.95217976 -0.46364237 -0.20531348
v 0.95446857 -0.45820058 -0.20230539
v 0.86096857 -0.52292558 -0.18030139
v 0.86305343 -0.52819642 -0.18694661
v 0.95655343 -0.46347142 -0.20895061
v 0.77483322 -0.40829096 -0.00029098
v 0.85868322 -0.52837096 -0.18330498
v 0.86533878 -0.52275104 -0.18394302
v 0.78148878 -0.40267104 -0.00092902
v -1.76395905 -0.19865123 -0.21599145
v -1.84665905 -0.07333123 -0.33098145
v -1.85171895 -0.07966077 -0.33424055
v -1.76901895 -0.20498077 -0.21925055
v -1.76705821 -0.19780699 -0.21925673
v -1.84975821 -0.23831199 -0.28975173
v -1.84861979 -0.24633001 -0.28648027
v -1.76591979 -0.20582501 -0.21598527
v -1.84602319 -0.24154139 -0.28521054
v -1.84602319 -0.07571639 -0.32970554
v -1.85235481 -0.07727561 -0.33551646
v -1.85235481 -0.24310061 -0.29102146
v -1.84918900 -0.08086313 -0.33261100
v -1.76648900 -0.08086313 -0.25161700
v -1.76648900 -0.07212887 -0.25161700
v -1.84918900 -0.07212887 -0.33261100
v -1.76331525 -0.20103060 -0.21472578
v -1.76331525 -0.07571060 -0.24872178
v -1.76966275 -0.07728140 -0.25451222
v -1.76966275 -0.20260140 -0.22051622
v -1.84665905 -0.07966077 -0.33098145
v -1.76395905 0.04565923 -0.21599145
v -1.76901895 0.05198877 -0.21925055
v -1.85171895 -0.07333123 -0.33424055
v -1.76331525 -0.07728140 -0.24872178
v -1.76331525 0.04803860 -0.21472578
v -1.76966275 0.04960940 -0.22051622
v -1.76966275 -0.07571060 -0.25451222
v -1.84602319 -0.07727561 -0.32970554
v -1.84602319 0.08854939 -0.28521054
v -1.85235481 0.09010861 -0.29102146
v -1.85235481 -0.07571639 -0.33551646
v -1.76591979 0.05283301 -0.21598527
v -1.84861979 0.09333801 -0.28648027
v -1.84975821 0.08531999 -0.28975173
v -1.76705821 0.04481499 -0.21925673
v -2.15671079 -0.17358878 -0.17298482
v -2.22286079 -0.07333378 -0.26447582
v -2.22791721 -0.07965822 -0.26775018
v -2.16176721 -0.17991322 -0.17625918
v -2.15981653 -0.17274359 -0.17625875
v -2.22596653 -0.20514859 -0.23225775
v -2.22481147 -0.21316341 -0.22898425
v -2.15866147 -0.18075841 -0.17298525
v -2.22221396 -0.20838104 -0.22772439
v -2.22221396 -0.07572104 -0.26321639
v -2.22856404 -0.07727096 -0.26900961
v -2.22856404 -0.20993096 -0.23351761
v -2.22538900 -0.08086313 -0.26611300
v -2.15923900 -0.08086313 -0.20111100
v -2.15923900 -0.07212887 -0.20111100
v -2.22538900 -0.07212887 -0.26611300
v -2.15607290 -0.17598262 -0.17171387
v -2.15607290 -0.07572762 -0.19820287
v -2.16240510 -0.07726438 -0.20401913
v -2.16240510 -0.17751938 -0.17753013
v -2.22286079 -0.07965822 -0.26447582
v -2.15671079 0.02059678 -0.17298482
v -2.16176721 0.02692122 -0.17625918
v -2.22791721 -0.07333378 -0.26775018
v -2.15607290 -0.07726438 -0.19820287
v -2.15607290 0.02299062 -0.17171387
v -2.16240510 0.02452738 -0.17753013
v -2.16240510 -0.07572762 -0.20401913
v -2.22221396 -0.07727096 -0.26321639
v -2.22221396 0.05538904 -0.22772439
v -2.22856404 0.05693896 -0.23351761
v -2.22856404 -0.07572104 -0.26900961
v -2.15866147 0.02776641 -0.17298525
v -2.22481147 0.06017141 -0.22898425
v -2.22596653 0.05215659 -0.23225775
v -2.15981653 0.01975159 -0.17625875
v 1.33025125 -0.01089399 0.34448333
v 1.36970125 0.14268601 0.20996233
v 1.36262075 0.14696199 0.21276767
v 1.32317075 -0.00661801 0.34728867
v 1.42113188 0.03438350 0.24144359
v 1.36933188 0.14542850 0.20842359
v 1.36299012 0.14421950 0.21430641
v 1.41479012 0.03317450 0.24732641
v 1.32904814 -0.01240019 0.34645997
v 1.42029814 0.03013481 0.24495897
v 1.41562386 0.03742319 0.24381103
v 1.32437386 -0.00511181 0.34531203
v 1.32987822 -0.00815131 0.34294069
v 1.25662822 0.14897869 0.29643169
v 1.25029378 0.14776931 0.30232231
v 1.32354378 -0.00936069 0.34883131
v 1.36499142 0.14869299 0.20971128
v 1.25229142 0.15224299 0.29772328
v 1.25463058 0.14450501 0.30103072
v 1.36733058 0.14095501 0.21301872
v 1.51544772 -0.16787384 -0.39055347
v 1.42114772 0.03440616 -0.45003247
v 1.41477428 0.03315184 -0.44419353
v 1.50907428 -0.16912816 -0.38471453
v 1.40118320 -0.16976090 -0.29947903
v 1.51343320 -0.17237590 -0.38599603
v 1.51108880 -0.16462610 -0.38927197
v 1.39883880 -0.16201110 -0.30275497
v 1.40365176 -0.16751425 -0.30289618
v 1.42160176 0.03215075 -0.44889218
v 1.41432024 0.03540725 -0.44533382
v 1.39637024 -0.16425775 -0.29933782
v 1.40320412 -0.16525848 -0.30402939
v 1.32990412 -0.00812848 -0.35053839
v 1.32351788 -0.00938352 -0.34471361
v 1.39681788 -0.16651352 -0.29820461
v 1.41562672 0.03742363 -0.44769578
v 1.32437672 -0.00511137 -0.34820878
v 1.32904528 -0.01240063 -0.34704322
v 1.42029528 0.03013437 -0.44653022
v -2.41411119 -0.15353596 -0.13798566
v -2.46706119 -0.07333096 -0.21150266
v -2.47211681 -0.07966104 -0.21476734
v -2.41916681 -0.15986604 -0.14125034
v -2.41720971 -0.15269264 -0.14125480
v -2.47015971 -0.17861264 -0.18626780
v -2.46901829 -0.18662936 -0.18299420
v -2.41606829 -0.16070936 -0.13798120
v -2.46641965 -0.18184165 -0.18172934
v -2.46641965 -0.07571665 -0.21023334
v -2.47275835 -0.07727535 -0.21603666
v -2.47275835 -0.18340035 -0.18753266
v -2.46958900 -0.08086313 -0.21313500
v -2.41663900 -0.08086313 -0.16113300
v -2.41663900 -0.07212887 -0.16113300
v -2.46958900 -0.07212887 -0.21313500
v -2.41347056 -0.15592231 -0.13671517
v -2.41347056 -0.07571731 -0.15823017
v -2.41980744 -0.07727469 -0.16403583
v -2.41980744 -0.15747969 -0.14252083
v -2.46706121 -0.07966106 -0.21150267
v -2.41411121 0.00054294 -0.13798567
v -2.41916679 0.00687306 -0.14125033
v -2.47211679 -0.07333094 -0.21476733
v -2.41347056 -0.07727469 -0.15823017
v -2.41347056 0.00292931 -0.13671517
v -2.41980744 0.00448669 -0.14252083
v -2.41980744 -0.07571731 -0.16403583
v -2.46641965 -0.07727536 -0.21023333
v -2.46641965 0.02884964 -0.18172933
v -2.47275835 0.03040836 -0.18753267
v -2.47275835 -0.07571664 -0.21603667
v -2.41606825 0.00771634 -0.13798116
v -2.46901825 0.03363734 -0.18299416
v -2.47015975 0.02562066 -0.18626784
v -2.41720975 -0.00030034 -0.14125484
v 1.51045995 0.07218753 -0.34818771
v 1.41925995 0.02964753 -0.24619771
v 1.41666205 0.03791047 -0.24507429
v 1.50786205 0.08045047 -0.34706429
v 1.50852927 0.07223399 -0.34621694
v 1.36552927 0.14073899 -0.21172594
v 1.36679273 0.14890901 -0.21454406
v 1.50979273 0.08040401 -0.34903506
v 1.41546501 0.03175012 -0.24268210
v 1.36366501 0.14279512 -0.21018110
v 1.36865699 0.14685288 -0.21608890
v 1.42045699 0.03580788 -0.24858990
v 1.50979874 0.08040518 0.34728895
v 1.36679874 0.14891018 0.21276795
v 1.36552326 0.14073782 0.20996205
v 1.50852326 0.07223282 0.34448305
v 1.50787112 0.08045175 0.34531290
v 1.41667112 0.03791175 0.24381190
v 1.41925088 0.02964625 0.24495810
v 1.51045088 0.07218625 0.34645910
v 1.42046117 0.03582008 0.24732694
v 1.36866117 0.14686508 0.21430694
v 1.36366083 0.14278292 0.20842306
v 1.41546083 0.03173792 0.24144306
v 1.50666083 0.07428189 -0.34468132
v 1.43341083 0.23141189 -0.29817232
v 1.43841117 0.23548611 -0.30406168
v 1.51166117 0.07835611 -0.35057068
v 1.36456493 0.14825085 -0.21094844
v 1.43431493 0.23687585 -0.29893044
v 1.43750707 0.23002215 -0.30330356
v 1.36775707 0.14139715 -0.21532156
v 1.36776069 0.14139678 0.21354833
v 1.43751069 0.23002178 0.30156033
v 1.43431131 0.23687622 0.29719367
v 1.36456131 0.14825122 0.20918167
v 1.51166071 0.07835603 0.34883113
v 1.43841071 0.23548603 0.30232213
v 1.43341129 0.23141197 0.29643187
v 1.50666129 0.07428197 0.34294087
v 1.43537658 0.22914371 -0.30161771
v 1.32772658 0.22180371 -0.12360871
v 1.32879542 0.23041429 -0.12260729
v 1.43644542 0.23775429 -0.30061629
v 1.36423913 0.14154525 -0.21098371
v 1.32633913 0.22283025 -0.12095671
v 1.33018287 0.22938775 -0.12525929
v 1.36808287 0.14810275 -0.21528629
v 1.43644411 0.23775437 0.29887562
v 1.32879411 0.23041437 0.12138562
v 1.32772789 0.22180363 0.12238838
v 1.43537789 0.22914363 0.29987838
v 1.36808374 0.14809714 0.21352403
v 1.33018374 0.22938214 0.12404603
v 1.32633826 0.22283586 0.11972797
v 1.36423826 0.14155086 0.20920597
v 1.32734059 0.22809169 -0.11932731
v 1.38134059 0.35045669 -0.17035231
v 1.38318141 0.34649131 -0.17791369
v 1.32918141 0.22412631 -0.12688869
v 1.43399274 0.23017231 -0.29895936
v 1.38034274 0.34519731 -0.17197536
v 1.38417926 0.35175069 -0.17629064
v 1.43782926 0.23672569 -0.30327464
v 1.32918718 0.22413865 0.12567273
v 1.38318718 0.34650365 0.17614873
v 1.38133482 0.35044435 0.16857727
v 1.32733482 0.22807935 0.11810127
v 1.43783640 0.23672451 0.30153005
v 1.38418640 0.35174951 0.17451605
v 1.38033560 0.34519849 0.17020995
v 1.43398560 0.23017349 0.29722395
v 1.38141483 0.34484048 -0.17640309
v 1.31356483 0.25223048 -0.00288009
v 1.31525717 0.25949752 0.00166009
v 1.38310717 0.35210752 -0.17186291
v 1.32667447 0.22211770 -0.12231788
v 1.31282447 0.25187270 0.00018012
v 1.31599753 0.25985530 -0.00140012
v 1.32984753 0.23010030 -0.12389812
v 1.38310566 0.35210468 0.17008780
v 1.31525566 0.25949468 -0.00288520
v 1.31356634 0.25223332 0.00166520
v 1.38141634 0.34484332 0.17463820
v 1.32985045 0.23009925 0.12267654
v 1.31600045 0.25985425 0.00017954
v 1.31282155 0.25187375 -0.00139954
v 1.32667155 0.22211875 0.12109746
v 1.38067495 0.34448228 -0.17334402
v 1.36102495 0.38658728 0.00017898
v 1.36419705 0.39457072 -0.00139898
v 1.38384705 0.35246572 -0.17492198
v 1.31441219 0.25586357 0.00375713
v 1.36261219 0.39057857 0.00375713
v 1.36260981 0.39057943 -0.00497713
v 1.31440981 0.25586443 -0.00497713
v 1.38384774 0.35246499 0.17315423
v 1.36419774 0.39456999 0.00018123
v 1.36102426 0.38658801 -0.00140123
v 1.38067426 0.34448301 0.17157177
v 1.58023020 -0.32044693 -0.22240105
v 1.65463020 -0.24180693 0.00110995
v 1.65679180 -0.23407507 -0.00232995
v 1.58239180 -0.31271507 -0.22584095
v 1.65571188 -0.23794132 -0.00497713
v 1.60661188 -0.37078132 -0.00497713
v 1.60661012 -0.37078068 0.00375713
v 1.65571012 -0.23794068 0.00375713
v 1.57968299 -0.32055755 -0.22490101
v 1.60498299 -0.37475755 -0.00139001
v 1.60823901 -0.36680445 0.00017001
v 1.58293901 -0.31260445 -0.22334099
v 1.60498249 -0.37475703 0.00017164
v 1.57968249 -0.32055703 0.22316264
v 1.58293951 -0.31260497 0.22159936
v 1.60823951 -0.36680497 -0.00139164
v 1.65463252 -0.24180625 -0.00233295
v 1.58023252 -0.32044625 0.22065805
v 1.58238948 -0.31271575 0.22410395
v 1.65678948 -0.23407575 0.00111295
v 1.58223058 -0.31856371 -0.22034012
v 1.63703058 -0.19782371 -0.17035212
v 1.63519142 -0.19385829 -0.17791388
v 1.58039142 -0.31459829 -0.22790188
v 1.65734013 -0.23396503 0.00017063
v 1.63774013 -0.19186503 -0.17335237
v 1.63448187 -0.19981697 -0.17491363
v 1.65408187 -0.24191697 -0.00139063
v 1.65408220 -0.24191663 0.00017307
v 1.63448220 -0.19981663 0.17314607
v 1.63773980 -0.19186537 0.17157993
v 1.65733980 -0.23396537 -0.00139307
v 1.58039048 -0.31459725 0.22616110
v 1.63519048 -0.19385725 0.17614310
v 1.63703152 -0.19782475 0.16858290
v 1.58223152 -0.31856475 0.21860090
v 1.63699807 -0.19156504 -0.17410002
v 1.51314807 -0.16422504 -0.38760102
v 1.51137393 -0.17277696 -0.38766698
v 1.63522393 -0.20011696 -0.17416598
v 1.58326795 -0.31331185 -0.22198680
v 1.51421795 -0.16523185 -0.38549980
v 1.51030405 -0.17177015 -0.38976820
v 1.57935405 -0.31985015 -0.22625520
v 1.63522387 -0.20011695 0.17239594
v 1.51137387 -0.17277695 0.38589694
v 1.51314813 -0.16422505 0.38583106
v 1.63699813 -0.19156505 0.17233006
v 1.57935433 -0.31985005 0.22451561
v 1.51030433 -0.17177005 0.38799861
v 1.51421767 -0.16523195 0.38372939
v 1.58326767 -0.31331195 0.22024639
v 1.51385871 -0.17193112 -0.38545376
v 1.58405871 -0.08424112 -0.29893676
v 1.58086329 -0.07738088 -0.30329724
v 1.51066329 -0.16507088 -0.38981424
v 1.63806721 -0.19257186 -0.17199810
v 1.58441721 -0.07754186 -0.29898210
v 1.58050479 -0.08408014 -0.30325190
v 1.63415479 -0.19911014 -0.17626790
v 1.63415443 -0.19911027 0.17449737
v 1.58050443 -0.08408027 0.30151137
v 1.58441757 -0.07754173 0.29724263
v 1.63806757 -0.19257173 0.17022863
v 1.51066335 -0.16507118 0.38804475
v 1.58086335 -0.07738118 0.30155775
v 1.58405865 -0.08424082 0.29719625
v 1.51385865 -0.17193082 0.38368325
v 1.58355381 -0.07697538 -0.29933780
v 1.41905381 0.03761462 -0.44533380
v 1.41686819 0.02994338 -0.44889220
v 1.58136819 -0.08464662 -0.30289620
v 1.51479083 -0.16646336 -0.38471513
v 1.42049083 0.03581664 -0.44419413
v 1.41543117 0.03174136 -0.45003187
v 1.50973117 -0.17053864 -0.39055287
v 1.58136794 -0.08464667 0.30115595
v 1.41686794 0.02994333 0.44715195
v 1.41905406 0.03761467 0.44359405
v 1.58355406 -0.07697533 0.29759805
v 1.50973092 -0.17053905 0.38878236
v 1.41543092 0.03174095 0.44829136
v 1.42049108 0.03581705 0.44245464
v 1.51479108 -0.16646295 0.38294564
v 1.41925309 0.02964817 -0.44653114
v 1.51045309 0.07218817 -0.34704414
v 1.50786891 0.08044983 -0.34820786
v 1.41666891 0.03790983 -0.44769486
v 1.58499306 -0.07876762 -0.29820409
v 1.51169306 0.07836238 -0.34471309
v 1.50662894 0.07427562 -0.35053891
v 1.57992894 -0.08285438 -0.30402991
v 1.57992894 -0.08285438 0.30228991
v 1.50662894 0.07427562 0.34879891
v 1.51169306 0.07836238 0.34297309
v 1.58499306 -0.07876762 0.29646409
v 1.41666891 0.03790983 0.44595486
v 1.50786891 0.08044983 0.34646786
v 1.51045309 0.07218817 0.34530414
v 1.41925309 0.02964817 0.44479114
v 1.15956442 -0.32224094 -0.16389608
v 1.30656442 -0.33431094 0.00062492
v 1.30995758 -0.32665106 -0.00184492
v 1.16295758 -0.31458106 -0.16636592
v 1.23867412 -0.42776418 0.00286852
v 1.31037412 -0.33206418 0.00286852
v 1.30614788 -0.32889782 -0.00408852
v 1.23444788 -0.42459782 -0.00408852
v 1.23954156 -0.42306214 0.00006884
v 1.16424156 -0.31529214 -0.16445216
v 1.15828044 -0.32152986 -0.16580984
v 1.23358044 -0.42929986 -0.00128884
v 1.16184338 -0.32148897 -0.16208818
v 1.25529338 -0.25683397 -0.11457218
v 1.25412862 -0.25067803 -0.12065782
v 1.16067862 -0.31533303 -0.16817382
v 1.31085358 -0.32711765 0.00040893
v 1.25730358 -0.25039265 -0.11659607
v 1.25211842 -0.25711935 -0.11863393
v 1.30566842 -0.33384435 -0.00162893
v 1.25425334 -0.25785780 -0.11618754
v 1.34530234 -0.22729780 0.00081746
v 1.34621766 -0.21909420 -0.00203746
v 1.25516866 -0.24965420 -0.11904246
v 1.31050387 -0.33126494 0.00305426
v 1.34800287 -0.22397994 0.00305426
v 1.34351713 -0.22241206 -0.00427426
v 1.30601813 -0.32969706 -0.00427426
v 1.25489620 -0.25752414 -0.11541530
v 1.33064620 -0.20505914 -0.03191930
v 1.33027580 -0.19752286 -0.03631870
v 1.25452580 -0.24998786 -0.11981470
v 1.34783858 -0.21961608 0.00078121
v 1.33253958 -0.19771108 -0.03272779
v 1.32838242 -0.20487092 -0.03551021
v 1.34368142 -0.22677592 -0.00200121
v 1.33064093 -0.20515712 -0.03209599
v 1.35784093 -0.18635712 0.00141301
v 1.35748107 -0.17862488 -0.00263301
v 1.33028107 -0.19742488 -0.03614201
v 1.34797302 -0.22384303 0.00309887
v 1.35987402 -0.18313803 0.00309887
v 1.35544798 -0.18184397 -0.00431887
v 1.34354698 -0.22254897 -0.00431887
v 1.23357901 -0.42929838 0.00006936
v 1.15827901 -0.32152838 0.16407036
v 1.16424299 -0.31529362 0.16271164
v 1.23954299 -0.42306362 -0.00128936
v 1.23444364 -0.42459464 0.00286449
v 1.30614364 -0.32889464 0.00286449
v 1.31037836 -0.33206736 -0.00408449
v 1.23867836 -0.42776736 -0.00408449
v 1.16295771 -0.31458245 0.16463005
v 1.30995771 -0.32665245 0.00062905
v 1.30656429 -0.33430955 -0.00184905
v 1.15956429 -0.32223955 0.16215195
v 1.30566438 -0.33384214 0.00040591
v 1.25211438 -0.25711714 0.11737891
v 1.25730762 -0.25039486 0.11534709
v 1.31085762 -0.32711986 -0.00162591
v 1.16067119 -0.31534068 0.16644011
v 1.25412119 -0.25068568 0.11941211
v 1.25530081 -0.25682632 0.11331389
v 1.16185081 -0.32148132 0.16034189
v 1.30601770 -0.32969691 0.00305396
v 1.34351670 -0.22241191 0.00305396
v 1.34800330 -0.22398009 -0.00427396
v 1.31050430 -0.33126509 -0.00427396
v 1.25515216 -0.24964859 0.11777948
v 1.34620116 -0.21908859 0.00080648
v 1.34531884 -0.22730341 -0.00202648
v 1.25426984 -0.25786341 0.11494652
v 1.34368207 -0.22676932 0.00079905
v 1.32838307 -0.20486432 0.03378805
v 1.33253893 -0.19771768 0.03096995
v 1.34783793 -0.21962268 -0.00201905
v 1.25449940 -0.24997332 0.11853519
v 1.33024940 -0.19750832 0.03455119
v 1.33067260 -0.20507368 0.03020681
v 1.25492260 -0.25753868 0.11419081
v 1.34352198 -0.22254167 0.00308255
v 1.35542298 -0.18183667 0.00308255
v 1.35989902 -0.18314533 -0.00430255
v 1.34799802 -0.22385033 -0.00430255
v 1.33025434 -0.19742989 0.03440901
v 1.35745434 -0.17862989 0.00142001
v 1.35786766 -0.18635211 -0.00264001
v 1.33066766 -0.20515211 0.03034899
v 0.16506249 -0.23825883 0.00168940
v 0.13246249 -0.13422883 0.13517240
v 0.12615951 -0.13030317 0.13057360
v 0.15875951 -0.23433317 -0.00290940
v 0.12913581 -0.13509318 0.12954912
v 0.20293581 -0.18788818 0.17056512
v 0.20328619 -0.18223382 0.17721288
v 0.12948619 -0.12943882 0.13619688
v 0.16502279 -0.23935570 -0.00044634
v 0.20622279 -0.18812070 0.17405266
v 0.19999921 -0.18200130 0.17372534
v 0.15879921 -0.23323630 -0.00077366
v 0.20616246 -0.18528793 0.17700492
v 0.16101246 -0.03061293 0.23248592
v 0.15490954 -0.03015907 0.22625408
v 0.20005954 -0.18483407 0.17077308
v 0.13250885 -0.13473535 0.13453066
v 0.16115885 -0.03285535 0.23102766
v 0.15476315 -0.02791665 0.22771234
v 0.12611315 -0.12979665 0.13121534
v 0.15839756 -0.03440824 0.22772598
v 0.23519756 -0.05529824 0.29922898
v 0.23432444 -0.04725376 0.30251702
v 0.15752444 -0.02636376 0.23101402
v 0.20623585 -0.18751744 0.17569815
v 0.23788585 -0.05373244 0.30268215
v 0.23163615 -0.04881956 0.29906385
v 0.19998615 -0.18260456 0.17207985
v 0.15879886 -0.23323664 -0.00044653
v 0.19999886 -0.18200164 -0.17494653
v 0.20622314 -0.18812036 -0.17527347
v 0.16502314 -0.23935536 -0.00077347
v 0.12948685 -0.12943945 -0.13744938
v 0.20328685 -0.18223445 -0.17843438
v 0.20293515 -0.18788755 -0.17178562
v 0.12913515 -0.13509255 -0.13080062
v 0.15875914 -0.23433321 0.00168892
v 0.12615914 -0.13030321 -0.13182608
v 0.13246286 -0.13422879 -0.13642392
v 0.16506286 -0.23825879 -0.00290892
v 0.23786533 -0.05173493 0.30391016
v 0.21826433 0.12347007 0.35041916
v 0.21205567 0.12438793 0.34434484
v 0.23165667 -0.05081707 0.29783584
v 0.16084818 -0.03298353 0.23136721
v 0.21804718 0.12133147 0.34937921
v 0.21227282 0.12652653 0.34538479
v 0.15507382 -0.02778847 0.22737279
v 0.20005917 -0.18483371 -0.17199448
v 0.15490917 -0.03016371 -0.22750548
v 0.16101283 -0.03061829 -0.23373652
v 0.20616283 -0.18528829 -0.17822552
v 0.12611260 -0.12979695 -0.13246794
v 0.15476260 -0.02792195 -0.22896394
v 0.16115940 -0.03286005 -0.23227806
v 0.13250940 -0.13473505 -0.13578206
v 0.19998600 -0.18260448 -0.17330123
v 0.23163600 -0.04881948 -0.30031523
v 0.23788600 -0.05373252 -0.30393277
v 0.20623600 -0.18751752 -0.17691877
v 0.15752141 -0.02637014 -0.23226759
v 0.23432141 -0.04725514 -0.30377059
v 0.23520059 -0.05529686 -0.30047741
v 0.15840059 -0.03441186 -0.22897441
v 0.15507270 -0.02779077 -0.22862894
v 0.21227170 0.12652923 -0.34712894
v 0.21804830 0.12132877 -0.35111306
v 0.16084930 -0.03299123 -0.23261306
v 0.23165627 -0.05080909 -0.29908846
v 0.21205527 0.12439591 -0.34608546
v 0.21826473 0.12346209 -0.35215654
v 0.23786573 -0.05174291 -0.30515954
v 0.21635902 0.12763694 0.34935312
v 0.09156002 0.23072694 0.23134112
v 0.08916198 0.22331106 0.22739888
v 0.21396098 0.12022106 0.34541088
v 0.09207566 0.22335783 0.23102155
v 0.14797566 0.28179283 0.30252455
v 0.14454634 0.28911517 0.29922145
v 0.08864634 0.23068017 0.22771845
v 0.21762906 0.12585811 0.35042405
v 0.14873006 0.28738311 0.30391505
v 0.14379194 0.28352489 0.29783095
v 0.21269094 0.12199989 0.34433995
v 0.14664316 0.28978829 0.30124678
v 0.01309316 0.31609329 0.13275878
v 0.01232884 0.30742471 0.13201122
v 0.14587884 0.28111971 0.30049922
v 0.09186281 0.23062662 0.23131973
v 0.01421281 0.31536662 0.13433473
v 0.01120919 0.30815138 0.13043527
v 0.08885919 0.22341138 0.22742027
v 0.01433891 0.30943905 0.13570758
v 0.05188891 0.39522905 0.17721158
v 0.04863309 0.39986895 0.17056642
v 0.01108309 0.31407895 0.12906242
v 0.14794313 0.28902056 0.30274968
v 0.05194313 0.40111556 0.17576568
v 0.04857887 0.39398244 0.17201232
v 0.14457887 0.28188744 0.29899632
v 0.21397220 0.12021993 -0.34714521
v 0.08917320 0.22330993 -0.22864521
v 0.09154880 0.23072807 -0.23259679
v 0.21634780 0.12763807 -0.35109679
v 0.21270068 0.12200149 -0.34607006
v 0.14380168 0.28352649 -0.29956106
v 0.14872032 0.28738151 -0.30566294
v 0.21761932 0.12585651 -0.35217194
v 0.08864516 0.23068375 -0.22897865
v 0.14454516 0.28911875 -0.30096965
v 0.14797684 0.28178925 -0.30425435
v 0.09207684 0.22335425 -0.23226335
v 0.01469286 0.31481062 0.13479988
v -0.01180714 0.43726562 0.00180488
v -0.01577086 0.43116238 -0.00302488
v 0.01072914 0.30870738 0.12997012
v 0.05143515 0.40173142 0.17433682
v -0.01261485 0.43839642 -0.00016218
v -0.01496315 0.43003158 -0.00105782
v 0.04908685 0.39336658 0.17344118
v 0.14588634 0.28111957 -0.30223226
v 0.01233634 0.30742457 -0.13374526
v 0.01308566 0.31609343 -0.13450474
v 0.14663566 0.28978843 -0.30299174
v 0.08886924 0.22341516 -0.22865663
v 0.01121924 0.30815516 -0.13216063
v 0.01420276 0.31536284 -0.13608937
v 0.09185276 0.23062284 -0.23258537
v 0.01419384 0.31586135 0.13259413
v -0.04405616 0.34369635 -0.00040087
v -0.04702184 0.33549165 -0.00081913
v 0.01122816 0.30765665 0.13217587
v -0.01379216 0.43421506 -0.00497713
v -0.04554216 0.33959506 -0.00497713
v -0.04553584 0.33959294 0.00375713
v -0.01378584 0.43421294 0.00375713
v -0.01181030 0.43727083 -0.00302088
v 0.01468970 0.31481583 -0.13653588
v 0.01073230 0.30870217 -0.13171412
v -0.01576770 0.43115717 0.00180088
v 0.01122875 0.30765641 -0.13391637
v -0.04702125 0.33549141 -0.00040137
v -0.04405675 0.34369659 -0.00081863
v 0.01419325 0.31586159 -0.13433363
v 0.14457886 0.28188745 -0.30073531
v 0.04857886 0.39398245 -0.17375231
v 0.05194314 0.40111555 -0.17750569
v 0.14794314 0.28902055 -0.30448869
v 0.01108512 0.31407865 -0.13080121
v 0.04863512 0.39986865 -0.17230521
v 0.05188688 0.39522935 -0.17895279
v 0.01433688 0.30943935 -0.13744879
v -0.01261382 0.43839632 -0.00105609
v 0.05143618 0.40173132 -0.17607509
v 0.04908582 0.39336668 -0.17518291
v -0.01496418 0.43003168 -0.00016391
v -0.24728034 0.67839413 -0.08635032
v -0.27678034 0.70791413 -0.08635032
v -0.27539966 0.70929387 -0.09486368
v -0.24589966 0.67977387 -0.09486368
v -0.27287612 0.70588551 -0.09177002
v -0.27287612 0.67636551 -0.02276902
v -0.27930388 0.68180249 -0.02044298
v -0.27930388 0.71132249 -0.08944398
v -0.24387307 0.67586828 -0.08944543
v -0.27337307 0.67586828 -0.02044443
v -0.27880693 0.68229972 -0.02276757
v -0.24930693 0.68229972 -0.09176857
v -0.24956528 0.68221060 -0.09127328
v -0.24071528 0.68221060 -0.13079328
v -0.23476472 0.67595740 -0.12946072
v -0.24361472 0.67595740 -0.08994072
v -0.27769556 0.71095327 -0.09391984
v -0.23934556 0.68143327 -0.13343984
v -0.23613444 0.67673473 -0.12681416
v -0.27448444 0.70625473 -0.08729416
v -0.23775936 0.67906466 -0.12575996
v -0.27610936 0.71744466 -0.12575996
v -0.27607064 0.71748334 -0.13449404
v -0.23772064 0.67910334 -0.13449404
v -0.27921446 0.71158126 -0.08993953
v -0.27921446 0.72044126 -0.12945953
v -0.27296554 0.71448674 -0.13079447
v -0.27296554 0.70562674 -0.09127447
v -0.23948196 0.68148716 -0.12692354
v -0.27783196 0.71100716 -0.16992254
v -0.27434804 0.70620084 -0.17632946
v -0.23599804 0.67668084 -0.13333046
v -0.27920876 0.72045808 -0.13074393
v -0.27920876 0.71159808 -0.17374293
v -0.27297124 0.70560992 -0.17250907
v -0.27297124 0.71446992 -0.12951007
v -0.24073206 0.68220492 -0.12951118
v -0.24958206 0.68220492 -0.17251018
v -0.24359794 0.67596308 -0.17374182
v -0.23474794 0.67596308 -0.13074282
v -0.27676148 0.70793298 -0.17738871
v -0.24726148 0.67841298 -0.17738871
v -0.24591852 0.67975502 -0.16886329
v -0.27541852 0.70927502 -0.16886329
v -0.27930388 0.71132248 -0.17428904
v -0.27930388 0.68180248 -0.24328904
v -0.27287612 0.67636552 -0.24096296
v -0.27287612 0.70588552 -0.17196296
v -0.24930692 0.68229972 -0.17196442
v -0.27880692 0.68229972 -0.24096442
v -0.27337308 0.67586828 -0.24328758
v -0.24387308 0.67586828 -0.17428758
v -0.24930692 0.68229972 0.09002858
v -0.27880692 0.68229972 0.02102858
v -0.27337308 0.67586828 0.01870542
v -0.24387308 0.67586828 0.08770542
v -0.27287612 0.67636552 0.02103004
v -0.27287612 0.70588552 0.09003004
v -0.27930388 0.71132248 0.08770396
v -0.27930388 0.68180248 0.01870396
v -0.24589965 0.67977388 0.09312368
v -0.27539965 0.70929388 0.09312368
v -0.27678035 0.70791412 0.08461032
v -0.24728035 0.67839412 0.08461032
v -0.24361472 0.67595740 0.08820072
v -0.23476472 0.67595740 0.12772072
v -0.24071528 0.68221060 0.12905328
v -0.24956528 0.68221060 0.08953328
v -0.27448444 0.70625473 0.08555416
v -0.23613444 0.67673473 0.12507416
v -0.23934556 0.68143327 0.13169984
v -0.27769556 0.71095327 0.09217984
v -0.23771817 0.67910582 0.13275402
v -0.27606817 0.71748582 0.13275402
v -0.27611183 0.71744218 0.12401998
v -0.23776183 0.67906218 0.12401998
v -0.27296554 0.70562674 0.08953447
v -0.27296554 0.71448674 0.12905447
v -0.27921446 0.72044126 0.12771953
v -0.27921446 0.71158126 0.08819953
v -0.23598018 0.67667351 0.13157516
v -0.27433018 0.70619351 0.17506316
v -0.27784982 0.71101449 0.16868684
v -0.23949982 0.68149449 0.12519884
v -0.27297193 0.71446786 0.12777658
v -0.27297193 0.70560786 0.17126458
v -0.27920807 0.71160014 0.17248542
v -0.27920807 0.72046014 0.12899742
v -0.27542094 0.70927261 0.16761153
v -0.24592094 0.67975261 0.16761153
v -0.24725906 0.67841539 0.17613847
v -0.27675906 0.70793539 0.17613847
v -0.23474588 0.67596377 0.12899632
v -0.24359588 0.67596377 0.17248432
v -0.24958412 0.68220423 0.17126568
v -0.24073412 0.68220423 0.12777768
v -0.24387308 0.67586828 0.17303658
v -0.27337308 0.67586828 0.24203658
v -0.27880692 0.68229972 0.23971342
v -0.24930692 0.68229972 0.17071342
v -0.27287612 0.70588552 0.17071196
v -0.27287612 0.67636552 0.23971196
v -0.27930388 0.68180248 0.24203804
v -0.27930388 0.71132248 0.17303804
v 0.11642492 -0.27703332 0.21712896
v 0.16457492 -0.23306832 0.00063796
v 0.15924708 -0.23952368 -0.00185796
v 0.11109708 -0.28348868 0.21463304
v 0.15910910 -0.23927307 0.00092565
v 0.20030910 -0.18803807 0.17542465
v 0.20591290 -0.18208393 0.17235335
v 0.16471290 -0.23331893 -0.00214565
v 0.11393962 -0.27864144 0.21993278
v 0.20328962 -0.18344144 0.17794078
v 0.20293238 -0.18668056 0.16983722
v 0.11358238 -0.28188056 0.21182922
v 0.11635654 -0.27701406 0.21454221
v 0.08250654 -0.33921906 -0.00194879
v 0.07731546 -0.34571294 0.00072879
v 0.11116546 -0.28350794 0.21721979
v 0.16191121 -0.23629617 -0.00497713
v 0.07991121 -0.34246617 -0.00497713
v 0.07991079 -0.34246583 0.00375713
v 0.16191079 -0.23629583 0.00375713
v 0.20041958 -0.18847688 0.17428883
v 0.14381958 -0.12041188 0.37478983
v 0.14920242 -0.11358012 0.37399017
v 0.20580242 -0.18164512 0.17348917
v 0.11094378 -0.28227730 0.21853987
v 0.14369378 -0.11901230 0.37704887
v 0.14932822 -0.11497970 0.37173113
v 0.11657822 -0.27824470 0.21322213
v 0.16457546 -0.23306770 -0.00185522
v 0.11642546 -0.27703270 -0.21886622
v 0.11109654 -0.28348930 -0.21637578
v 0.15924654 -0.23952430 0.00063522
v 0.08250686 -0.33921812 0.00072590
v 0.11635686 -0.27701312 -0.21628510
v 0.11116514 -0.28350888 -0.21895690
v 0.07731514 -0.34571388 -0.00194590
v 0.20025393 -0.18695404 0.17659554
v 0.23190393 -0.05316904 0.30357954
v 0.23761807 -0.04938296 0.29816646
v 0.20596807 -0.18316796 0.17118246
v 0.14698693 -0.11405903 0.37758680
v 0.23523693 -0.04833903 0.30406980
v 0.23428507 -0.05421297 0.29767620
v 0.14603507 -0.11993297 0.37119320
v 0.11357142 -0.28189038 -0.21357366
v 0.20292142 -0.18669038 -0.17106266
v 0.20330058 -0.18343162 -0.17915734
v 0.11395058 -0.27863162 -0.22166834
v 0.16471259 -0.23331864 0.00092565
v 0.20591259 -0.18208364 -0.17357435
v 0.20030941 -0.18803836 -0.17664565
v 0.15910941 -0.23927336 -0.00214565
v 0.20579822 -0.18164197 -0.17470894
v 0.14919822 -0.11357697 -0.37572794
v 0.14382378 -0.12041503 -0.37653006
v 0.20042378 -0.18848003 -0.17551106
v 0.11657298 -0.27824100 -0.21495939
v 0.14932298 -0.11497600 -0.37346739
v 0.14369902 -0.11901600 -0.37879061
v 0.11094902 -0.28228100 -0.22028261
v 0.23180850 -0.05240609 0.30388588
v 0.21220750 0.12279891 0.35039488
v 0.21811250 0.12505909 0.34436912
v 0.23771350 -0.05014591 0.29786012
v 0.13303292 0.10662342 0.43323854
v 0.21493192 0.12820342 0.34824754
v 0.21538808 0.11965458 0.34651646
v 0.13348908 0.09807458 0.43150746
v 0.23250274 -0.05445336 0.30284188
v 0.13100274 0.09917164 0.43434188
v 0.13551926 0.10552636 0.43040412
v 0.23701926 -0.04809864 0.29890412
v 0.14602660 -0.11993834 -0.37293842
v 0.23427660 -0.05421834 -0.29893342
v 0.23524540 -0.04833366 -0.30531458
v 0.14699540 -0.11405366 -0.37931958
v 0.20596343 -0.18316414 -0.17240124
v 0.23761343 -0.04937914 -0.29941524
v 0.23190857 -0.05317286 -0.30483276
v 0.20025857 -0.18695786 -0.17781876
v 0.23702079 -0.04809623 -0.30016078
v 0.13552079 0.10552877 -0.43214978
v 0.13100121 0.09916923 -0.43607622
v 0.23250121 -0.05445577 -0.30408722
v 0.13348328 0.09807537 -0.43324209
v 0.21538228 0.11965537 -0.34825009
v 0.21493772 0.12820263 -0.34999191
v 0.13303872 0.10662263 -0.43498391
v 0.23771309 -0.05013823 -0.29911361
v 0.21811209 0.12506677 -0.34611061
v 0.21220791 0.12279123 -0.35213139
v 0.23180891 -0.05241377 -0.30513439
v 0.18891771 -0.71998497 0.00109227
v 0.08996771 -0.57439497 0.17858227
v 0.09405429 -0.56746703 0.17517773
v 0.19300429 -0.71305703 -0.00231227
v 0.18846238 -0.71595844 0.00292726
v 0.23336238 -0.51653344 0.00292726
v 0.23835962 -0.51765856 -0.00414726
v 0.19345962 -0.71708356 -0.00414726
v 0.09172374 -0.56670172 0.17792998
v 0.23557374 -0.51286672 0.00043998
v 0.23614826 -0.52132528 -0.00165998
v 0.09229826 -0.57516028 0.17583002
v 0.23514995 -0.52097183 0.00127259
v 0.14069995 -0.44561183 0.12074859
v 0.14212205 -0.43786017 0.11698341
v 0.23657205 -0.51322017 -0.00249259
v 0.08968241 -0.56871364 0.17983513
v 0.13908241 -0.43951864 0.12182113
v 0.14373959 -0.44395336 0.11591087
v 0.09433959 -0.57314836 0.17392487
v 0.23382012 -0.51774400 0.00319614
v 0.15977012 -0.28452400 0.00319614
v 0.16385188 -0.28322800 -0.00441614
v 0.23790188 -0.51644800 -0.00441614
v 0.13902114 -0.43933879 0.12162530
v 0.15942114 -0.28147879 0.00214930
v 0.16420086 -0.28627321 -0.00336930
v 0.14380086 -0.44413321 0.11610670
v 0.09229340 -0.57516039 -0.17756812
v 0.23614340 -0.52132539 0.00044088
v 0.23557860 -0.51286661 -0.00166088
v 0.09172860 -0.56670161 -0.17966988
v 0.19345483 -0.71708248 0.00293081
v 0.23835483 -0.51765748 0.00293081
v 0.23336717 -0.51653452 -0.00415081
v 0.18846717 -0.71595952 -0.00415081
v 0.19300059 -0.71305446 0.00109147
v 0.09405059 -0.56746446 -0.17691753
v 0.08997141 -0.57439754 -0.18032047
v 0.18892141 -0.71998754 -0.00231147
v 0.09433285 -0.57314768 -0.17565806
v 0.14373285 -0.44395268 -0.11767506
v 0.13908915 -0.43951932 -0.12359694
v 0.08968915 -0.56871432 -0.18157994
v 0.23656711 -0.51321771 0.00126939
v 0.14211711 -0.43785771 -0.11875661
v 0.14070489 -0.44561429 -0.12251539
v 0.23515489 -0.52097429 -0.00248939
v 0.14379493 -0.44414088 -0.11787824
v 0.16419493 -0.28628088 0.00214776
v 0.15942707 -0.28147112 -0.00336776
v 0.13902707 -0.43933112 -0.12339376
v 0.23789476 -0.51645026 0.00320033
v 0.16384476 -0.28323026 0.00320033
v 0.15977724 -0.28452174 -0.00442033
v 0.23382724 -0.51774174 -0.00442033
v 0.52506846 -0.59794452 -0.17907158
v 0.67031846 -0.60787952 -0.00057358
v 0.67100354 -0.59917248 -0.00064642
v 0.52575354 -0.58923748 -0.17914442
v 0.67858173 -0.49931786 -0.00199376
v 0.52463173 -0.58952286 -0.18049176
v 0.52619027 -0.59765914 -0.17772424
v 0.68014027 -0.50745414 0.00077376
v 0.67661137 -0.50314712 -0.00399442
v 0.66791137 -0.60328712 -0.00399442
v 0.67341063 -0.60376488 0.00277442
v 0.68211063 -0.50362488 0.00277442
v 0.67090884 -0.59972292 -0.00274236
v 0.56715884 -0.66053292 -0.12325636
v 0.56666316 -0.66813908 -0.11899164
v 0.67041316 -0.60732908 0.00152236
v 0.52330317 -0.59667815 -0.18136596
v 0.56480317 -0.66742315 -0.12338196
v 0.56901883 -0.66124885 -0.11886604
v 0.52751883 -0.59050385 -0.17685004
v 0.66948257 -0.60260034 -0.00471198
v 0.58963257 -0.70425534 -0.00471198
v 0.59198943 -0.70610666 0.00349198
v 0.67183943 -0.60445166 0.00349198
v 0.56407972 -0.66761522 -0.12167391
v 0.58797972 -0.70846022 -0.00115991
v 0.59364228 -0.70190178 -0.00006009
v 0.56974228 -0.66105678 -0.12057409
v 0.52575608 -0.58923770 0.17740661
v 0.67100608 -0.59917270 -0.00057139
v 0.67031592 -0.60787930 -0.00064861
v 0.52506592 -0.59794430 0.17732939
v 0.68211545 -0.50362530 -0.00399047
v 0.67341545 -0.60376530 -0.00399047
v 0.66790655 -0.60328670 0.00277047
v 0.67660655 -0.50314670 0.00277047
v 0.68014398 -0.50745329 -0.00199416
v 0.52619398 -0.59765829 0.17598384
v 0.52462802 -0.58952371 0.17875216
v 0.67857802 -0.49931871 0.00077416
v 0.52752596 -0.59050447 0.17511586
v 0.56902596 -0.66124947 0.11713286
v 0.56479604 -0.66742253 0.12163714
v 0.52329604 -0.59667753 0.17962014
v 0.67041723 -0.60732680 -0.00274690
v 0.56666723 -0.66813680 0.11724810
v 0.56715477 -0.66053520 0.12152190
v 0.67090477 -0.59972520 0.00152690
v 0.56974329 -0.66105796 0.11883331
v 0.59364329 -0.70190296 -0.00116169
v 0.58797871 -0.70845904 -0.00005831
v 0.56407871 -0.66761404 0.11993669
v 0.67184393 -0.60445519 -0.00470989
v 0.59199393 -0.70611019 -0.00470989
v 0.58962807 -0.70425181 0.00348989
v 0.66947807 -0.60259681 0.00348989
v -0.27876100 0.58680475 -0.05277245
v -0.24496100 0.60847975 -0.11829445
v -0.23981700 0.60142825 -0.11797355
v -0.27361700 0.57975325 -0.05245155
v -0.27560479 0.58594042 -0.05602483
v -0.24180479 0.55797542 -0.07204683
v -0.24297321 0.55265258 -0.06522117
v -0.27677321 0.58061758 -0.04919917
v -0.24560312 0.55740165 -0.06654044
v -0.24560312 0.60704165 -0.11604044
v -0.23917488 0.60286635 -0.12022756
v -0.23917488 0.55322635 -0.07072756
v -0.27360835 0.57975983 0.05070715
v -0.23980835 0.60143483 0.11671615
v -0.24496965 0.60847317 0.11704785
v -0.27876965 0.58679817 0.05103885
v -0.23917592 0.55321468 0.06894746
v -0.23917592 0.60285468 0.11896546
v -0.24560208 0.60705332 0.11479854
v -0.24560208 0.55741332 0.06478054
v -0.27676352 0.58062766 0.04745070
v -0.24296352 0.55266266 0.06344170
v -0.24181448 0.55796534 0.07028630
v -0.27561448 0.58593034 0.05429530
v -0.24182259 0.60153302 -0.11547921
v -0.27562259 0.61767802 -0.08746321
v -0.27675541 0.62451998 -0.09277279
v -0.24295541 0.60837498 -0.12078879
v -0.27939508 0.58536701 -0.05050651
v -0.27939508 0.62318701 -0.08801251
v -0.27298292 0.61901099 -0.09222349
v -0.27298292 0.58119099 -0.05471749
v -0.27298033 0.58117942 0.05296297
v -0.27298033 0.61899942 0.09095697
v -0.27939767 0.62319858 0.08677703
v -0.27939767 0.58537858 0.04878303
v -0.24296968 0.60836402 0.11954778
v -0.27676968 0.62450902 0.09153278
v -0.27560832 0.61768898 0.08620122
v -0.24180832 0.60154398 0.11421622
v -0.24496111 0.73704333 -0.11829426
v -0.27876111 0.75872333 -0.05277226
v -0.27361689 0.76577467 -0.05245174
v -0.23981689 0.74409467 -0.11797374
v -0.27939506 0.72233611 -0.08801236
v -0.27939506 0.76016111 -0.05050636
v -0.27298294 0.76433689 -0.05471764
v -0.27298294 0.72651189 -0.09222364
v -0.27562273 0.72784509 -0.08746333
v -0.24182273 0.74399009 -0.11547933
v -0.24295527 0.73714791 -0.12078867
v -0.27675527 0.72100291 -0.09277267
v -0.23980824 0.74408810 0.11671633
v -0.27360824 0.76576810 0.05070733
v -0.27876976 0.75872990 0.05103867
v -0.24496976 0.73704990 0.11704767
v -0.27676953 0.72101386 0.09153266
v -0.24296953 0.73715886 0.11954766
v -0.24180847 0.74397914 0.11421634
v -0.27560847 0.72783414 0.08620134
v -0.27298035 0.72652347 0.09095713
v -0.27298035 0.76434847 0.05296313
v -0.27939765 0.76014953 0.04878287
v -0.27939765 0.72232453 0.08677687
v -0.24560328 0.73848148 -0.11604057
v -0.24560328 0.78812148 -0.06654057
v -0.23917472 0.79229652 -0.07072743
v -0.23917472 0.74265652 -0.12022743
v -0.27677303 0.76491061 -0.04919929
v -0.24297303 0.79287061 -0.06522129
v -0.24180497 0.78754739 -0.07204671
v -0.27560497 0.75958739 -0.05602471
v -0.27561466 0.75959747 0.05429518
v -0.24181466 0.78755747 0.07028618
v -0.24296334 0.79286053 0.06344182
v -0.27676334 0.76490053 0.04745082
v -0.23917575 0.74266819 0.11896533
v -0.23917575 0.79230819 0.06894733
v -0.24560225 0.78810981 0.06478067
v -0.24560225 0.73846981 0.11479867
v -0.27883297 0.52182489 -0.08462861
v -0.24503297 0.53400989 0.00088239
v -0.23974503 0.54028811 -0.00210239
v -0.27354503 0.52810311 -0.08761339
v -0.24238702 0.53714709 -0.00497713
v -0.27618702 0.50210209 -0.00497713
v -0.27619098 0.50210591 0.00375713
v -0.24239098 0.53715091 0.00375713
v -0.27927447 0.52197827 -0.08691919
v -0.27927447 0.49911827 -0.00140819
v -0.27310353 0.50508973 0.00018819
v -0.27310353 0.52794973 -0.08532281
v -0.27882844 0.50013938 0.00226148
v -0.24502844 0.55334938 0.06973548
v -0.23974956 0.55727862 0.06399252
v -0.27354956 0.50406862 -0.00348148
v -0.24547519 0.53416537 0.00019324
v -0.24547519 0.55233037 0.06766724
v -0.23930281 0.55829763 0.06606076
v -0.23930281 0.54013263 -0.00141324
v -0.27618824 0.52278313 -0.08233740
v -0.24238824 0.55313313 -0.06485040
v -0.24238976 0.55749487 -0.07241760
v -0.27618976 0.52714487 -0.08990460
v -0.23930253 0.54013399 0.00018711
v -0.23930253 0.55829899 -0.06783689
v -0.24547547 0.55232901 -0.06943111
v -0.24547547 0.53416401 -0.00140711
v -0.24239190 0.55313338 0.06308026
v -0.27619190 0.52278338 0.08059726
v -0.27618610 0.52714462 0.08816474
v -0.24238610 0.55749462 0.07064774
v -0.27927437 0.49911939 0.00019277
v -0.27927437 0.52197939 0.08518377
v -0.27310363 0.52794861 0.08357823
v -0.27310363 0.50508861 -0.00141277
v -0.23974934 0.55878202 -0.06835680
v -0.27354934 0.59090202 -0.14834380
v -0.27882866 0.58396598 -0.14889820
v -0.24502866 0.55184598 -0.06891120
v -0.27310225 0.52714899 -0.08393705
v -0.27310225 0.58961899 -0.14643705
v -0.27927575 0.58524901 -0.15080495
v -0.27927575 0.52277901 -0.08830495
v -0.27883825 0.52467762 0.08784095
v -0.24503825 0.60466762 0.12034195
v -0.23973975 0.60524038 0.11342205
v -0.27353975 0.52525038 0.08092105
v -0.24547332 0.55311954 0.06904188
v -0.24547332 0.60275954 0.11905988
v -0.23930468 0.60714846 0.11470412
v -0.23930468 0.55750846 0.06468612
v -0.27619697 0.58365140 -0.14643841
v -0.24239697 0.60117140 -0.11595141
v -0.24238103 0.60873660 -0.12031659
v -0.27618103 0.59121660 -0.15080359
v -0.23930823 0.55749959 -0.06644223
v -0.23930823 0.60713959 -0.11594223
v -0.24546977 0.60276841 -0.12032577
v -0.24546977 0.55312841 -0.07082577
v -0.24237545 0.60117628 0.11469101
v -0.27617545 0.58365628 0.14469001
v -0.27620255 0.59121172 0.14907199
v -0.24240255 0.60873172 0.11907299
v -0.27928623 0.52278644 0.08655752
v -0.27928623 0.58525644 0.14905752
v -0.27309177 0.58961156 0.14470448
v -0.27309177 0.52714156 0.08220448
v -0.27355045 0.58594664 -0.14547495
v -0.23975045 0.67127664 -0.13348095
v -0.24502755 0.67425136 -0.13977305
v -0.27882755 0.58892136 -0.15176705
v -0.23931112 0.60576915 -0.11514502
v -0.23931112 0.67357915 -0.13363802
v -0.24546688 0.67194885 -0.13961598
v -0.24546688 0.60413885 -0.12112298
v -0.27884177 0.58892503 0.15001333
v -0.24504177 0.67425503 0.13802033
v -0.23973623 0.67127297 0.13175567
v -0.27353623 0.58594297 0.14374867
v -0.24549119 0.60416513 0.11985284
v -0.24549119 0.67197513 0.13785884
v -0.23928681 0.67355287 0.13191716
v -0.23928681 0.60574287 0.11391116
v -0.27310083 0.58823796 -0.14563962
v -0.27310083 0.67356796 -0.16864962
v -0.27927717 0.67196004 -0.17461238
v -0.27927717 0.58663004 -0.15160238
v -0.24238900 0.67713113 -0.13662700
v -0.27618900 0.67713113 -0.17163100
v -0.27618900 0.66839687 -0.17163100
v -0.24238900 0.66839687 -0.13662700
v -0.24238900 0.66839687 0.13488800
v -0.27618900 0.66839687 0.16989100
v -0.27618900 0.67713113 0.16989100
v -0.24238900 0.67713113 0.13488800
v -0.27927722 0.58663005 0.14986234
v -0.27927722 0.67196005 0.17287234
v -0.27310078 0.67356795 0.16690966
v -0.27310078 0.58823795 0.14389966
v -0.23975049 0.67425135 -0.13348091
v -0.27355049 0.75958135 -0.14547491
v -0.27882751 0.75660665 -0.15176709
v -0.24502751 0.67127665 -0.13977309
v -0.27310083 0.67196004 -0.16864962
v -0.27310083 0.75729004 -0.14563962
v -0.27927717 0.75889796 -0.15160238
v -0.27927717 0.67356796 -0.17461238
v -0.27927722 0.67356795 0.17287234
v -0.27927722 0.75889795 0.14986234
v -0.27310078 0.75729005 0.14389966
v -0.27310078 0.67196005 0.16690966
v -0.24504173 0.67127298 0.13802036
v -0.27884173 0.75660298 0.15001336
v -0.27353627 0.75958502 0.14374864
v -0.23973627 0.67425502 0.13175564
v -0.27617938 0.75431247 -0.15080543
v -0.24237938 0.73678747 -0.12031843
v -0.24239862 0.74435053 -0.11594957
v -0.27619862 0.76187553 -0.14643657
v -0.23931119 0.67194878 -0.13363797
v -0.23931119 0.73975378 -0.11514497
v -0.24546681 0.74138422 -0.12112303
v -0.24546681 0.67357922 -0.13961603
v -0.24549113 0.67355294 0.13785889
v -0.24549113 0.74135794 0.11985289
v -0.23928687 0.73978006 0.11391111
v -0.23928687 0.67197506 0.13191711
v -0.27617523 0.76187155 0.14468972
v -0.24237523 0.74434655 0.11469072
v -0.24240277 0.73679145 0.11907328
v -0.27620277 0.75431645 0.14907228
v -0.23974898 0.74029656 -0.11466587
v -0.27354898 0.82028656 -0.08265287
v -0.27882902 0.82083144 -0.08958913
v -0.24502902 0.74084144 -0.12160213
v -0.27310768 0.75590509 -0.14643331
v -0.27310768 0.81837009 -0.08393331
v -0.27927032 0.82274791 -0.08830869
v -0.27927032 0.76028291 -0.15080869
v -0.27928608 0.76027175 0.14905753
v -0.27928608 0.82273675 0.08655753
v -0.27309192 0.81838125 0.08220447
v -0.27309192 0.75591625 0.14470447
v -0.24503816 0.74085544 0.12034201
v -0.27883816 0.82084544 0.08784101
v -0.27353984 0.82027256 0.08092099
v -0.23973984 0.74028256 0.11342199
v -0.27619200 0.81837626 -0.08990352
v -0.24239200 0.78802626 -0.07241652
v -0.24238600 0.79239174 -0.06485148
v -0.27618600 0.82274174 -0.08233848
v -0.23930157 0.73838810 -0.11594693
v -0.23930157 0.78802810 -0.06644693
v -0.24547643 0.79238990 -0.07082107
v -0.24547643 0.74274990 -0.12032107
v -0.24547332 0.74276346 0.11905988
v -0.24547332 0.79240346 0.06904188
v -0.23930468 0.78801454 0.06468612
v -0.23930468 0.73837454 0.11470412
v -0.27619184 0.82273967 0.08059729
v -0.24239184 0.79238967 0.06308029
v -0.24238616 0.78802833 0.07064771
v -0.27618616 0.81837833 0.08816471
v -0.23974525 0.78823284 -0.06577442
v -0.27354525 0.84144784 0.00224958
v -0.27883275 0.84540016 -0.00346958
v -0.24503275 0.79218516 -0.07149358
v -0.27310267 0.81757414 -0.08532287
v -0.27310267 0.84043914 0.00018813
v -0.27927533 0.84640886 -0.00140813
v -0.27927533 0.82354386 -0.08691913
v -0.24502848 0.79217349 0.06973554
v -0.27882848 0.84538849 0.00226154
v -0.27354952 0.84145951 -0.00348154
v -0.23974952 0.78824451 0.06399246
v -0.27927435 0.82354358 0.08518394
v -0.27927435 0.84640858 0.00019294
v -0.27310365 0.84043942 -0.00141294
v -0.27310365 0.81757442 0.08357806
v -0.27618670 0.84342621 -0.00497713
v -0.24238670 0.80838121 -0.00497713
v -0.24239130 0.80837679 0.00375713
v -0.27619130 0.84342179 0.00375713
v -0.23930362 0.78722302 -0.06783641
v -0.23930362 0.80539302 0.00018759
v -0.24547438 0.81136498 -0.00140759
v -0.24547438 0.79319498 -0.06943159
v -0.24547522 0.79319254 0.06766744
v -0.24547522 0.81136254 0.00019344
v -0.23930278 0.80539546 -0.00141344
v -0.23930278 0.78722546 0.06606056
v -0.23599145 0.81161230 0.00179526
v -0.27434145 0.85477230 -0.02771574
v -0.27783855 0.84837570 -0.03252626
v -0.23948855 0.80521570 -0.00301526
v -0.27541977 0.84731093 -0.03079098
v -0.24591977 0.84731093 -0.00127998
v -0.24726023 0.85583707 0.00005998
v -0.27676023 0.85583707 -0.02945102
v -0.23474679 0.80902776 0.00251023
v -0.24359679 0.85218776 0.00251023
v -0.24958321 0.85096024 -0.00373023
v -0.24073321 0.80780024 -0.00373023
v -0.24387225 0.85273526 0.00260514
v -0.27337225 0.92177526 0.00260514
v -0.27880775 0.91945274 -0.00382514
v -0.24930775 0.85041274 -0.00382514
v -0.27287587 0.85041194 -0.02740239
v -0.27287587 0.91945194 0.00210861
v -0.27930413 0.92177606 -0.00332861
v -0.27930413 0.85273606 -0.03283961
v -0.23934373 0.81172862 -0.00295800
v -0.27769373 0.77226862 -0.03246900
v -0.27448627 0.76563938 -0.02777300
v -0.23613627 0.80509938 0.00173800
v -0.24071541 0.80908132 -0.00373625
v -0.24956541 0.76962132 -0.00373625
v -0.24361459 0.76828668 0.00251625
v -0.23476459 0.80774668 0.00251625
v -0.27678026 0.76469733 -0.02943100
v -0.24728026 0.76469733 0.00008000
v -0.24589974 0.77321067 -0.00130000
v -0.27539974 0.77321067 -0.03081100
v -0.24930775 0.77011526 -0.00382514
v -0.27880775 0.70107526 -0.00382514
v -0.27337225 0.69875274 0.00260514
v -0.24387225 0.76779274 0.00260514
v -0.27930413 0.76779194 -0.03283961
v -0.27930413 0.69875194 -0.00332861
v -0.27287587 0.70107606 0.00210861
v -0.27287587 0.77011606 -0.02740239
v -0.24727086 0.76469442 -0.00129132
v -0.27677086 0.76469442 0.02818868
v -0.27540914 0.77321358 0.02955132
v -0.24590914 0.77321358 0.00007132
v -0.27287456 0.77011447 0.02615226
v -0.27287456 0.70107447 -0.00332774
v -0.27930544 0.69875353 0.00210774
v -0.27930544 0.76779353 0.03158774
v -0.24387070 0.76779208 -0.00382359
v -0.27337070 0.69875208 -0.00382359
v -0.27880930 0.70107592 0.00260359
v -0.24930930 0.77011592 0.00260359
v -0.24892914 0.76564252 0.00101306
v -0.27842914 0.80510252 0.03900706
v -0.27375086 0.81172548 0.03576094
v -0.24425086 0.77226548 -0.00223306
v -0.27921399 0.76831038 0.03185300
v -0.27921399 0.80777038 0.04036700
v -0.27296601 0.80905762 0.03440100
v -0.27296601 0.76959762 0.02588700
v -0.24073323 0.55037269 -0.00373022
v -0.24958323 0.50720769 -0.00373022
v -0.24359677 0.50598031 0.00251022
v -0.23474677 0.54914531 0.00251022
v -0.24591979 0.51085707 -0.00127996
v -0.27541979 0.51085707 -0.03079096
v -0.27676021 0.50233093 -0.02945104
v -0.24726021 0.50233093 0.00005996
v -0.23948873 0.55295714 -0.00301534
v -0.27783873 0.50979214 -0.03252634
v -0.27434127 0.50339586 -0.02771566
v -0.23599127 0.54656086 0.00179534
v -0.27930413 0.50543194 -0.03283961
v -0.27930413 0.43639194 -0.00332861
v -0.27287587 0.43871606 0.00210861
v -0.27287587 0.50775606 -0.02740239
v -0.24930775 0.50775526 -0.00382514
v -0.27880775 0.43871526 -0.00382514
v -0.27337225 0.43639274 0.00260514
v -0.24387225 0.50543274 0.00260514
v -0.23613648 0.55307378 0.00173792
v -0.27448648 0.59252878 -0.02777308
v -0.27769352 0.58589922 -0.03246892
v -0.23934352 0.54644422 -0.00295792
v -0.27539971 0.58495734 -0.03081103
v -0.24589971 0.58495734 -0.00130003
v -0.24728029 0.59347066 0.00008003
v -0.27678029 0.59347066 -0.02943097
v -0.23476461 0.55042640 0.00251625
v -0.24361461 0.58988140 0.00251625
v -0.24956539 0.58854660 -0.00373625
v -0.24071539 0.54909160 -0.00373625
v -0.27287587 0.58805194 -0.02740239
v -0.27287587 0.65709194 0.00210861
v -0.27930413 0.65941606 -0.00332861
v -0.27930413 0.59037606 -0.03283961
v -0.24387225 0.59037526 0.00260514
v -0.27337225 0.65941526 0.00260514
v -0.27880775 0.65709274 -0.00382514
v -0.24930775 0.58805274 -0.00382514
v -0.24930930 0.58805208 0.00260359
v -0.27880930 0.65709208 0.00260359
v -0.27337070 0.65941592 -0.00382359
v -0.24387070 0.59037592 -0.00382359
v -0.27287456 0.65709353 -0.00332774
v -0.27287456 0.58805353 0.02615226
v -0.27930544 0.59037447 0.03158774
v -0.27930544 0.65941447 0.00210774
v -0.24569744 0.58503340 0.00028316
v -0.27519744 0.58503340 0.02976316
v -0.27698256 0.59339460 0.02797684
v -0.24748256 0.59339460 -0.00150316
v -0.27369191 0.55295281 0.03561749
v -0.24419191 0.50978781 -0.00237651
v -0.24898809 0.50340019 0.00115651
v -0.27848809 0.54656519 0.03915051
v -0.27297161 0.55035065 0.03438443
v -0.27297161 0.50718565 0.02587043
v -0.27920839 0.50600235 0.03186957
v -0.27920839 0.54916735 0.04038357
v -0.24725154 0.50232833 -0.00127199
v -0.27675154 0.50232833 0.02820801
v -0.27542846 0.51085967 0.02953199
v -0.24592846 0.51085967 0.00005199
v -0.24387070 0.50543208 -0.00382359
v -0.27337070 0.43639208 -0.00382359
v -0.27880930 0.43871592 0.00260359
v -0.24930930 0.50775592 0.00260359
v -0.27287456 0.50775447 0.02615226
v -0.27287456 0.43871447 -0.00332774
v -0.27930544 0.43639353 0.00210774
v -0.27930544 0.50543353 0.03158774
v -0.54806803 -0.61701174 -0.00029299
v -0.62736803 -0.57760174 -0.27128899
v -0.62940997 -0.58607026 -0.27192301
v -0.55010997 -0.62548026 -0.00092701
v -0.62676962 -0.58406602 -0.26821831
v -0.58526962 -0.47266102 -0.21472131
v -0.58850838 -0.46820098 -0.22149669
v -0.63000838 -0.57960598 -0.27499369
v -0.54739033 -0.61780761 0.00147898
v -0.58519033 -0.46699261 -0.21602002
v -0.58858767 -0.47386939 -0.22019798
v -0.55078767 -0.62468439 -0.00269898
v -0.58825247 -0.47457962 -0.21806778
v -0.50830247 -0.49869462 -0.00056878
v -0.50557553 -0.49039738 -0.00065122
v -0.58552553 -0.46628238 -0.21815022
v -0.54909066 -0.62124545 0.00375713
v -0.50694066 -0.49454545 0.00375713
v -0.50693734 -0.49454655 -0.00497713
v -0.54908734 -0.62124655 -0.00497713
v -0.62622625 -0.57951029 -0.26860844
v -0.71772725 -0.35840529 -0.37413844
v -0.72205275 -0.36305671 -0.38013356
v -0.63055175 -0.58416171 -0.27460356
v -0.58564287 -0.46657167 -0.21648895
v -0.71864387 -0.35687167 -0.37551595
v -0.72113613 -0.36459033 -0.37875605
v -0.58813513 -0.47429033 -0.21972905
v -0.55078914 -0.62468185 0.00148195
v -0.58858914 -0.47386685 0.21846195
v -0.58518886 -0.46699515 0.21427805
v -0.54738886 -0.61781015 -0.00270195
v -0.50830241 -0.49869464 -0.00065129
v -0.58825241 -0.47457964 0.21632871
v -0.58552559 -0.46628236 0.21641129
v -0.50557559 -0.49039736 -0.00056871
v -0.62732603 -0.57806481 -0.26967726
v -0.77787603 -0.43434981 -0.46770626
v -0.78000197 -0.44189219 -0.47156374
v -0.62945197 -0.58560719 -0.27353474
v -0.72198338 -0.35724082 -0.37871973
v -0.78103238 -0.43463082 -0.47121873
v -0.77684562 -0.44161118 -0.46805127
v -0.71779662 -0.36422118 -0.37555227
v -0.58527102 -0.47266087 0.21298154
v -0.62677102 -0.58406587 0.26647854
v -0.63000698 -0.57960613 0.27325546
v -0.58850698 -0.46820113 0.21975846
v -0.55010927 -0.62548037 -0.00029216
v -0.62940927 -0.58607037 0.27018484
v -0.62736873 -0.57760163 0.26954916
v -0.54806873 -0.61701163 -0.00092784
v -0.71915871 -0.35706407 -0.37487975
v -0.93795771 -0.21159907 -0.54037675
v -0.93942029 -0.21893293 -0.54488925
v -0.72062129 -0.36439793 -0.37939225
v -0.77694936 -0.43569875 -0.46659430
v -0.93669936 -0.21284375 -0.53959230
v -0.94067864 -0.21768825 -0.54567370
v -0.78092864 -0.44054325 -0.47267570
v -0.63054869 -0.58416637 0.27286315
v -0.72204869 -0.36306137 0.37888115
v -0.71772931 -0.35840063 0.37288885
v -0.62622931 -0.57950563 0.26687085
v -0.58813349 -0.47429190 0.21798755
v -0.72113349 -0.36459190 0.37750255
v -0.71864451 -0.35687010 0.37426745
v -0.58564451 -0.46657010 0.21475245
v -0.71779550 -0.36422116 0.37430139
v -0.77684550 -0.44161116 0.46680039
v -0.78103250 -0.43463084 0.46996761
v -0.72198250 -0.35724084 0.37746861
v -0.62945188 -0.58560895 0.27179234
v -0.78000188 -0.44189395 0.47030934
v -0.77787612 -0.43434805 0.46645866
v -0.62732612 -0.57806305 0.26794166
v -0.72062140 -0.36439571 0.37814450
v -0.93942140 -0.21893071 0.54315350
v -0.93795660 -0.21160129 0.53863450
v -0.71915660 -0.35706629 0.37362550
v -0.78093170 -0.44053918 0.47142593
v -0.94068170 -0.21768418 0.54393593
v -0.93669630 -0.21284782 0.53785207
v -0.77694630 -0.43570282 0.46534207
v -0.83875127 -0.17753076 -0.43142069
v -0.96420127 0.07135424 -0.46642469
v -0.96907673 0.06799376 -0.47284531
v -0.84362673 -0.18089124 -0.43784131
v -0.96603040 0.06568067 -0.47129474
v -0.86963040 0.04213067 -0.37928474
v -0.87084760 0.05011733 -0.37596526
v -0.96724760 0.07366733 -0.46797526
v -0.83811442 -0.17959325 -0.43155323
v -0.86716442 0.04574175 -0.37454723
v -0.87331358 0.04650625 -0.38070277
v -0.84426358 -0.17882875 -0.43770877
v -0.86724895 0.04577830 -0.37446084
v -0.95049895 0.29611330 -0.26844184
v -0.95647905 0.29680470 -0.27477016
v -0.87322905 0.04646970 -0.38078916
v -0.96339259 0.06764816 -0.46753057
v -0.95024259 0.29443316 -0.26950157
v -0.95673541 0.29848484 -0.27371043
v -0.96988541 0.07169984 -0.47173943
v -0.84361790 -0.18088797 0.43659870
v -0.96906790 0.06799703 0.47160270
v -0.96421010 0.07135097 0.46516530
v -0.83876010 -0.17753403 0.43016130
v -0.84425662 -0.17881969 0.43646357
v -0.87330662 0.04651531 0.37896857
v -0.86717138 0.04573269 0.37280143
v -0.83812138 -0.17960231 0.43029643
v -0.96725461 0.07366691 0.46672584
v -0.87085461 0.05011691 0.37422684
v -0.86962339 0.04213109 0.37754316
v -0.96602339 0.06568109 0.47004216
v -0.96987977 0.07170622 0.47049098
v -0.95672977 0.29849622 0.27197398
v -0.95024823 0.29443178 0.26776002
v -0.96339823 0.06764178 0.46627702
v -0.87322291 0.04647397 0.37905448
v -0.95647291 0.29681397 0.27303648
v -0.95050509 0.29611403 0.26669752
v -0.86725509 0.04577403 0.37271552
v -0.94122967 -0.21632225 -0.33012840
v -0.97103067 -0.04693725 -0.28511440
v -0.96524933 -0.04432475 -0.29111760
v -0.93544833 -0.21370975 -0.33613160
v -0.84061495 -0.18343669 -0.43557219
v -0.93776495 -0.21924169 -0.33407119
v -0.93891305 -0.21079031 -0.33218881
v -0.84176305 -0.17498531 -0.43368981
v -0.84307902 -0.18279479 -0.43300125
v -0.97003002 -0.04921479 -0.28648625
v -0.96624998 -0.04204721 -0.28974575
v -0.83929898 -0.17562721 -0.43626075
v -0.83930023 -0.17562709 0.43501094
v -0.96625123 -0.04204709 0.28849594
v -0.97002877 -0.04921491 0.28523406
v -0.84307777 -0.18279491 0.43174906
v -0.84176732 -0.17498409 0.43244696
v -0.93891732 -0.21078909 0.33045696
v -0.93776068 -0.21924291 0.33232304
v -0.84061068 -0.18343791 0.43431304
v -0.93545459 -0.21371710 0.33440080
v -0.96525559 -0.04433210 0.28987580
v -0.97102441 -0.04692990 0.28385420
v -0.94122341 -0.21631490 0.32837920
v -0.84419814 -0.18034633 -0.43167669
v -0.87324814 0.04498867 -0.37467069
v -0.86722986 0.04725933 -0.38057931
v -0.83817986 -0.17807567 -0.43758531
v -0.96888447 -0.04224545 -0.28545976
v -0.87098347 0.04950955 -0.37496876
v -0.86949453 0.04273845 -0.38028124
v -0.96739553 -0.04901655 -0.29077224
v -0.96739349 -0.04901095 0.28952780
v -0.86949249 0.04274405 0.37854780
v -0.87098551 0.04950395 0.37322220
v -0.96888651 -0.04225105 0.28420220
v -0.83817526 -0.17807039 0.43632757
v -0.86722526 0.04726461 0.37883257
v -0.87325274 0.04498339 0.37293743
v -0.84420274 -0.18035161 0.43043243
v -0.87240474 0.04233302 -0.37752560
v -0.95150474 0.09302802 -0.16753360
v -0.94717326 0.10060998 -0.16773240
v -0.86807326 0.04991498 -0.37772440
v -0.97075546 -0.04768184 -0.28528311
v -0.95195446 0.09476816 -0.16480011
v -0.94672354 0.09886984 -0.17046589
v -0.96552454 -0.04358016 -0.29094889
v -0.86807060 0.04991349 0.37598304
v -0.94717060 0.10060849 0.16599204
v -0.95150740 0.09302951 0.16579596
v -0.87240740 0.04233451 0.37578696
v -0.96551998 -0.04357675 0.28969119
v -0.94671898 0.09887325 0.16872019
v -0.95195902 0.09476475 0.16306781
v -0.97076002 -0.04768525 0.28403881
v -0.87282800 0.04403705 -0.37479418
v -0.85042800 0.23262205 -0.21527818
v -0.84525000 0.23679595 -0.22093982
v -0.86765000 0.04821095 -0.38045582
v -0.94948543 0.09841401 -0.16357020
v -0.84798543 0.23630401 -0.21404620
v -0.84769257 0.23311399 -0.22217180
v -0.94919257 0.09522399 -0.17169580
v -0.94919231 0.09522382 0.16995672
v -0.84769231 0.23311382 0.22043272
v -0.84798569 0.23630418 0.21230728
v -0.94948569 0.09841418 0.16183128
v -0.86765000 0.04821094 0.37871583
v -0.84525000 0.23679594 0.21920083
v -0.85042800 0.23262206 0.21353917
v -0.87282800 0.04403706 0.37305417
v -0.85003850 0.23132922 -0.21978563
v -0.91188850 0.16368422 -0.00228663
v -0.90748950 0.17044378 0.00106663
v -0.84563950 0.23808878 -0.21643237
v -0.95170360 0.09366894 -0.16574684
v -0.91205360 0.16391394 0.00127616
v -0.90732440 0.17021406 -0.00249616
v -0.94697440 0.09996906 -0.16951916
v -0.84564074 0.23808791 0.21468999
v -0.90749074 0.17044291 -0.00229001
v -0.91188726 0.16368509 0.00107001
v -0.85003726 0.23133009 0.21805001
v -0.94697545 0.09996700 0.16778492
v -0.90732545 0.17021200 0.00128092
v -0.91205255 0.16391600 -0.00250092
v -0.95170255 0.09367100 0.16400308
v -0.85014427 0.23141930 -0.21639570
v -0.81084427 0.31715430 0.00110330
v -0.80623373 0.32373370 -0.00232330
v -0.84553373 0.23799870 -0.21982230
v -0.90968871 0.16706381 0.00375713
v -0.80853871 0.32044381 0.00375713
v -0.80853929 0.32044419 -0.00497713
v -0.90968929 0.16706419 -0.00497713
v -0.84553412 0.23799719 0.21808672
v -0.80623412 0.32373219 0.00110672
v -0.81084388 0.31715581 -0.00232672
v -0.85014388 0.23142081 0.21465328
v -1.34078476 -0.30310416 -0.13366423
v -1.26068476 -0.24522916 -0.29916123
v -1.25549324 -0.25225284 -0.29910477
v -1.33559324 -0.31012784 -0.13360777
v -1.33761612 -0.30396293 -0.13705723
v -1.25751612 -0.37218293 -0.17654723
v -1.25866188 -0.37748907 -0.16970477
v -1.33876188 -0.30926907 -0.13021477
v -1.26125397 -0.37270898 -0.17099749
v -1.26125397 -0.24661398 -0.29700449
v -1.25492403 -0.25086802 -0.30126151
v -1.25492403 -0.37696302 -0.17525451
v -1.33559318 -0.31012780 0.13183772
v -1.25549318 -0.25225280 0.29733472
v -1.26068482 -0.24522920 0.29739128
v -1.34078482 -0.30310420 0.13189428
v -1.25492441 -0.37696304 0.17351605
v -1.25492441 -0.25086804 0.29949205
v -1.26125359 -0.24661396 0.29523395
v -1.26125359 -0.37270896 0.16925795
v -1.33876141 -0.30926979 0.12844524
v -1.25866141 -0.37748979 0.16796624
v -1.25751659 -0.37218221 0.17480776
v -1.33761659 -0.30396221 0.13528676
v -1.25751473 -0.25215991 -0.29647724
v -1.33761473 -0.21277491 -0.22845424
v -1.33876327 -0.20593709 -0.23376576
v -1.25866327 -0.24532209 -0.30178876
v -1.34135849 -0.30448927 -0.13151394
v -1.34135849 -0.20722927 -0.22898794
v -1.33501951 -0.21148273 -0.23323206
v -1.33501951 -0.30874273 -0.13575806
v -1.33501903 -0.30874270 0.13398738
v -1.33501903 -0.21148270 0.23149138
v -1.34135897 -0.20722930 0.22724862
v -1.34135897 -0.30448930 0.12974462
v -1.25866318 -0.24532265 0.30001950
v -1.33876318 -0.20593765 0.23202650
v -1.33761482 -0.21277435 0.22671350
v -1.25751482 -0.25215935 0.29470650
v -1.26068476 0.09223716 -0.29916123
v -1.34078476 0.15011216 -0.13366423
v -1.33559324 0.15713584 -0.13360777
v -1.25549324 0.09926084 -0.29910477
v -1.34135849 0.05423727 -0.22898794
v -1.34135849 0.15149727 -0.13151394
v -1.33501951 0.15575073 -0.13575806
v -1.33501951 0.05849073 -0.23323206
v -1.33761473 0.05978291 -0.22845424
v -1.25751473 0.09916791 -0.29647724
v -1.25866327 0.09233009 -0.30178876
v -1.33876327 0.05294509 -0.23376576
v -1.25549318 0.09926080 0.29733472
v -1.33559318 0.15713580 0.13183772
v -1.34078482 0.15011220 0.13189428
v -1.26068482 0.09223720 0.29739128
v -1.33876318 0.05294565 0.23202650
v -1.25866318 0.09233065 0.30001950
v -1.25751482 0.09916735 0.29470650
v -1.33761482 0.05978235 0.22671350
v -1.33501903 0.05849070 0.23149138
v -1.33501903 0.15575070 0.13398738
v -1.34135897 0.15149730 0.12974462
v -1.34135897 0.05423730 0.22724862
v -1.26125397 0.09362198 -0.29700449
v -1.26125397 0.21971698 -0.17099749
v -1.25492403 0.22397102 -0.17525451
v -1.25492403 0.09787602 -0.30126151
v -1.33876188 0.15627707 -0.13021477
v -1.25866188 0.22449707 -0.16970477
v -1.25751612 0.21919093 -0.17654723
v -1.33761612 0.15097093 -0.13705723
v -1.33761659 0.15097021 0.13528676
v -1.25751659 0.21919021 0.17480776
v -1.25866141 0.22449779 0.16796624
v -1.33876141 0.15627779 0.12844524
v -1.25492441 0.09787604 0.29949205
v -1.25492441 0.22397104 0.17351605
v -1.26125359 0.21971696 0.16925795
v -1.26125359 0.09362196 0.29523395
v -1.34090935 -0.44829721 -0.21224519
v -1.26080935 -0.42411721 0.00076781
v -1.25536865 -0.41786479 -0.00198781
v -1.33546865 -0.44204479 -0.21500081
v -1.25808831 -0.42099168 -0.00497713
v -1.33818831 -0.50220668 -0.00497713
v -1.33818969 -0.50220532 0.00375713
v -1.25808969 -0.42099032 0.00375713
v -1.34130896 -0.44812278 -0.21441335
v -1.34130896 -0.50515778 -0.00140035
v -1.33506904 -0.49925422 0.00018035
v -1.33506904 -0.44221922 -0.21283265
v -1.34130921 -0.50515705 0.00018208
v -1.34130921 -0.44812205 0.21267608
v -1.33506879 -0.44221995 0.21109192
v -1.33506879 -0.49925495 -0.00140208
v -1.26080749 -0.42411762 -0.00199052
v -1.34090749 -0.44829762 0.21050348
v -1.33547051 -0.44204438 0.21326452
v -1.25537051 -0.41786438 0.00077052
v -1.33818636 -0.44735234 -0.20983967
v -1.25808636 -0.37701734 -0.16934267
v -1.25809164 -0.37265466 -0.17690933
v -1.33819164 -0.44298966 -0.21740633
v -1.25496826 -0.41803983 0.00017956
v -1.25496826 -0.37188483 -0.17233644
v -1.26120974 -0.37778717 -0.17391556
v -1.26120974 -0.42394217 -0.00139956
v -1.26120943 -0.42394188 0.00018186
v -1.26120943 -0.37778688 0.17217886
v -1.25496857 -0.37188512 0.17059514
v -1.25496857 -0.41804012 -0.00140186
v -1.33819263 -0.44298881 0.21566684
v -1.25809263 -0.37265381 0.17516984
v -1.25808537 -0.37701819 0.16760416
v -1.33818537 -0.44735319 0.20810116
v -1.33546973 -0.44480102 -0.21022587
v -1.25536973 -0.24837102 -0.29573587
v -1.26080827 -0.24911098 -0.30253013
v -1.34090827 -0.44554098 -0.21702013
v -1.25496731 -0.37267726 -0.17096575
v -1.25496731 -0.24658226 -0.29697275
v -1.26121069 -0.25089974 -0.30129325
v -1.26121069 -0.37699474 -0.17528625
v -1.34090802 -0.44554065 0.21528137
v -1.26080802 -0.24911065 0.30076037
v -1.25536998 -0.24837135 0.29396563
v -1.33546998 -0.44480135 0.20848663
v -1.26121075 -0.37699444 0.17354748
v -1.26121075 -0.25089944 0.29952348
v -1.25496725 -0.24658256 0.29520252
v -1.25496725 -0.37267756 0.16922652
v -1.33507098 -0.44300757 -0.21146215
v -1.33507098 -0.28718757 -0.36746815
v -1.34130702 -0.29151443 -0.37178985
v -1.34130702 -0.44733443 -0.21578385
v -1.25808714 -0.24495776 -0.30131449
v -1.33818714 -0.28556776 -0.37181049
v -1.33819086 -0.29313424 -0.36744751
v -1.25809086 -0.25252424 -0.29695151
v -1.25809445 -0.25252287 0.29517915
v -1.33819445 -0.29313287 0.36570515
v -1.33818355 -0.28556913 0.37007285
v -1.25808355 -0.24495913 0.29954685
v -1.34130661 -0.44733473 0.21404516
v -1.34130661 -0.29151473 0.37005016
v -1.33507139 -0.28718727 0.36572784
v -1.33507139 -0.44300727 0.20972284
v -1.33547422 -0.29073288 -0.36649975
v -1.25537422 -0.07787788 -0.34199375
v -1.26080378 -0.07511412 -0.34825225
v -1.34090378 -0.28796912 -0.37275825
v -1.25497165 -0.24795203 -0.29617809
v -1.25497165 -0.07570703 -0.34216809
v -1.26120635 -0.07728497 -0.34807791
v -1.26120635 -0.24952997 -0.30208791
v -1.34090818 -0.28797481 0.37101694
v -1.26080818 -0.07511981 0.34699994
v -1.25536982 -0.07787219 0.34074406
v -1.33546982 -0.29072719 0.36476106
v -1.26120464 -0.24953873 0.30031736
v -1.26120464 -0.07729373 0.34682636
v -1.25497336 -0.07569827 0.34091764
v -1.25497336 -0.24794327 0.29440864
v -1.33507461 -0.28855900 -0.36667179
v -1.33507461 -0.07570400 -0.42367879
v -1.34130339 -0.07728800 -0.42959321
v -1.34130339 -0.29014300 -0.37258621
v -1.25808900 -0.07212887 -0.34512300
v -1.33818900 -0.07212887 -0.42663600
v -1.33818900 -0.08086313 -0.42663600
v -1.25808900 -0.08086313 -0.34512300
v -1.25808900 -0.08086313 0.34387200
v -1.33818900 -0.08086313 0.42486600
v -1.33818900 -0.07212887 0.42486600
v -1.25808900 -0.07212887 0.34387200
v -1.34131310 -0.29014005 0.37083675
v -1.34131310 -0.07728505 0.42781375
v -1.33506490 -0.07570695 0.42191825
v -1.33506490 -0.28856195 0.36494125
v -1.25537422 -0.07511412 -0.34199375
v -1.33547422 0.13774088 -0.36649975
v -1.34090378 0.13497712 -0.37275825
v -1.26080378 -0.07787788 -0.34825225
v -1.33507461 -0.07728800 -0.42367879
v -1.33507461 0.13556700 -0.36667179
v -1.34130339 0.13715100 -0.37258621
v -1.34130339 -0.07570400 -0.42959321
v -1.34131310 -0.07570695 0.42781375
v -1.34131310 0.13714805 0.37083675
v -1.33506490 0.13556995 0.36494125
v -1.33506490 -0.07728505 0.42191825
v -1.26080818 -0.07787219 0.34699994
v -1.34090818 0.13498281 0.37101694
v -1.33546982 0.13773519 0.36476106
v -1.25536982 -0.07511981 0.34074406
v -1.33818714 0.13257576 -0.37181049
v -1.25808714 0.09196576 -0.30131449
v -1.25809086 0.09953224 -0.29695151
v -1.33819086 0.14014224 -0.36744751
v -1.25497165 -0.07728497 -0.34216809
v -1.25497165 0.09496003 -0.29617809
v -1.26120635 0.09653797 -0.30208791
v -1.26120635 -0.07570703 -0.34807791
v -1.26120464 -0.07569827 0.34682636
v -1.26120464 0.09654673 0.30031736
v -1.25497336 0.09495127 0.29440864
v -1.25497336 -0.07729373 0.34091764
v -1.33819445 0.14014087 0.36570515
v -1.25809445 0.09953087 0.29517915
v -1.25808355 0.09196713 0.29954685
v -1.33818355 0.13257713 0.37007285
v -1.25536973 0.09537902 -0.29573587
v -1.33546973 0.29180902 -0.21022587
v -1.34090827 0.29254898 -0.21702013
v -1.26080827 0.09611898 -0.30253013
v -1.33507098 0.13419557 -0.36746815
v -1.33507098 0.29001557 -0.21146215
v -1.34130702 0.29434243 -0.21578385
v -1.34130702 0.13852243 -0.37178985
v -1.34130661 0.13852273 0.37005016
v -1.34130661 0.29434273 0.21404516
v -1.33507139 0.29001527 0.20972284
v -1.33507139 0.13419527 0.36572784
v -1.26080802 0.09611865 0.30076037
v -1.34090802 0.29254865 0.21528137
v -1.33546998 0.29180935 0.20848663
v -1.25536998 0.09537935 0.29396563
v -1.33819186 0.28999747 -0.21740621
v -1.25809186 0.21966247 -0.17690921
v -1.25808614 0.22402553 -0.16934279
v -1.33818614 0.29436053 -0.20983979
v -1.25496731 0.09359026 -0.29697275
v -1.25496731 0.21968526 -0.17096575
v -1.26121069 0.22400274 -0.17528625
v -1.26121069 0.09790774 -0.30129325
v -1.26121075 0.09790744 0.29952348
v -1.26121075 0.22400244 0.17354748
v -1.25496725 0.21968556 0.16922652
v -1.25496725 0.09359056 0.29520252
v -1.33818531 0.29436124 0.20810119
v -1.25808531 0.22402624 0.16760419
v -1.25809269 0.21966176 0.17516981
v -1.33819269 0.28999676 0.21566681
v -1.25536854 0.21982361 -0.17037120
v -1.33546854 0.34719361 0.00214480
v -1.34090946 0.35123439 -0.00336480
v -1.26080946 0.22386439 -0.17588080
v -1.33506834 0.28922791 -0.21283283
v -1.33506834 0.34626291 0.00018017
v -1.34130966 0.35216509 -0.00140017
v -1.34130966 0.29513009 -0.21441317
v -1.26080803 0.22386016 0.17414631
v -1.34090803 0.35123016 0.00214931
v -1.33546997 0.34719784 -0.00336931
v -1.25536997 0.21982784 0.16862769
v -1.34130941 0.29512986 0.21267603
v -1.34130941 0.35216486 0.00018203
v -1.33506859 0.34626314 -0.00140203
v -1.33506859 0.28922814 0.21109197
v -1.33818815 0.34921484 -0.00497713
v -1.25808815 0.26799984 -0.00497713
v -1.25808985 0.26799816 0.00375713
v -1.33818985 0.34921316 0.00375713
v -1.25496912 0.21889199 -0.17233622
v -1.25496912 0.26504699 0.00017978
v -1.26120888 0.27095101 -0.00139978
v -1.26120888 0.22479601 -0.17391578
v -1.26120919 0.22479511 0.17217892
v -1.26120919 0.27095011 0.00018192
v -1.25496881 0.26504789 -0.00140192
v -1.25496881 0.21889289 0.17059508
v -1.76959913 -0.32417438 0.00018232
v -1.76959913 -0.29059438 -0.12533668
v -1.76337887 -0.29651762 -0.12692132
v -1.76337887 -0.33009762 -0.00140232
v -1.76649624 -0.29573766 -0.12234586
v -1.84919624 -0.22259266 -0.08032286
v -1.84918176 -0.21822934 -0.08788914
v -1.76648176 -0.29137434 -0.12991214
v -1.76860840 -0.32594106 0.00301658
v -1.85130840 -0.21921606 -0.08047942
v -1.84706960 -0.22160594 -0.08773258
v -1.76436960 -0.32833094 -0.00423658
v -1.76860824 -0.29434857 -0.12239370
v -1.85130824 -0.16037857 -0.14088770
v -1.84706976 -0.15879343 -0.14835830
v -1.76436976 -0.29276343 -0.12986430
v -1.85230177 -0.21825058 -0.08193458
v -1.85230177 -0.15742558 -0.14245158
v -1.84607623 -0.16174642 -0.14679442
v -1.84607623 -0.22257142 -0.08627742
v -1.84608053 -0.22337488 -0.08489635
v -1.84608053 -0.24563988 -0.00140035
v -1.85229747 -0.23971212 0.00018035
v -1.85229747 -0.21744712 -0.08331565
v -1.76648691 -0.32713395 0.00375713
v -1.84918691 -0.24267395 0.00375713
v -1.84919109 -0.24267805 -0.00497713
v -1.76649109 -0.32713805 -0.00497713
v -1.76959936 -0.29139128 -0.12395841
v -1.76959936 -0.19965128 -0.21545041
v -1.76337864 -0.20398072 -0.21979159
v -1.76337864 -0.29572072 -0.12829959
v -1.84918839 -0.15580555 -0.14680933
v -1.76648839 -0.19803555 -0.21980733
v -1.76648961 -0.20559645 -0.21543467
v -1.84918961 -0.16336645 -0.14243667
v -1.76337977 -0.33009767 0.00018562
v -1.76337977 -0.29651767 0.12518562
v -1.76959823 -0.29059433 0.12359438
v -1.76959823 -0.32417433 -0.00140562
v -1.84707649 -0.24551890 -0.00316481
v -1.76437649 -0.29639890 0.12183519
v -1.76860151 -0.29071310 0.12694481
v -1.85130151 -0.23983310 0.00194481
v -1.76860432 -0.20436054 -0.21477099
v -1.85130432 -0.07904054 -0.16426399
v -1.84707368 -0.07395146 -0.16996401
v -1.76437368 -0.19927146 -0.22047101
v -1.85229958 -0.15878510 -0.14166418
v -1.85229958 -0.07569510 -0.16415518
v -1.84607842 -0.07729690 -0.17007282
v -1.84607842 -0.16038690 -0.14758182
v -1.84607918 -0.24563732 0.00018460
v -1.84607918 -0.22337232 0.08316160
v -1.85229882 -0.21744968 0.08157240
v -1.85229882 -0.23971468 -0.00140460
v -1.76648091 -0.29137362 0.12817272
v -1.84918091 -0.21822862 0.08614972
v -1.84919709 -0.22259338 0.07858428
v -1.76649709 -0.29573838 0.12060728
v -1.76959847 -0.20101317 -0.21466153
v -1.76959847 -0.07569317 -0.24865753
v -1.76337953 -0.07729883 -0.25457647
v -1.76337953 -0.20261883 -0.22058047
v -1.84918900 -0.07212887 -0.16711400
v -1.76648900 -0.07212887 -0.25161700
v -1.76648900 -0.08086313 -0.25161700
v -1.84918900 -0.08086313 -0.16711400
v -1.76437373 -0.29276624 0.12812814
v -1.84707373 -0.15879624 0.14662114
v -1.85130427 -0.16037576 0.13914486
v -1.76860427 -0.29434576 0.12065186
v -1.84607623 -0.22257140 0.08453843
v -1.84607623 -0.16174640 0.14505443
v -1.85230177 -0.15742560 0.14071157
v -1.85230177 -0.21825060 0.08019557
v -1.85130432 -0.07395146 -0.16426399
v -1.76860432 0.05136854 -0.21477099
v -1.76437368 0.04627946 -0.22047101
v -1.84707368 -0.07904054 -0.16996401
v -1.76959847 -0.07729883 -0.24865753
v -1.76959847 0.04802117 -0.21466153
v -1.76337953 0.04962683 -0.22058047
v -1.76337953 -0.07569317 -0.25457647
v -1.84918356 -0.16336980 0.14070248
v -1.76648356 -0.20559980 0.21418948
v -1.76649444 -0.19803220 0.21855052
v -1.84919444 -0.15580220 0.14506352
v -1.76338404 -0.29573036 0.12655868
v -1.76338404 -0.20399036 0.21853868
v -1.76959396 -0.19964164 0.21420132
v -1.76959396 -0.29138164 0.12222132
v -1.76648705 0.04504290 -0.21980619
v -1.84918705 0.00281290 -0.14680819
v -1.84919095 0.01037510 -0.14243781
v -1.76649095 0.05260510 -0.21543581
v -1.85229958 -0.07729690 -0.16415518
v -1.85229958 0.00579310 -0.14166418
v -1.84607842 0.00739490 -0.14758182
v -1.84607842 -0.07569510 -0.17007282
v -1.84707476 -0.16321832 0.14406962
v -1.76437476 -0.08012832 0.25106462
v -1.76860324 -0.07286368 0.24869138
v -1.85130324 -0.15595368 0.14169638
v -1.76338603 -0.20260977 0.21933872
v -1.76338603 -0.07728977 0.25284672
v -1.76959197 -0.07570223 0.24690928
v -1.76959197 -0.20102223 0.21340128
v -1.76860174 0.04508400 -0.21840876
v -1.85130174 0.06367900 -0.08489376
v -1.84707626 0.07115900 -0.08331824
v -1.76437626 0.05256400 -0.21683324
v -1.85229888 0.00443151 -0.14244950
v -1.85229888 0.06525651 -0.08193250
v -1.84607912 0.06958149 -0.08627950
v -1.84607912 0.00875649 -0.14679650
v -1.84607976 -0.16038729 0.14584313
v -1.84607976 -0.07729729 0.16833513
v -1.85229824 -0.07569471 0.16241487
v -1.85229824 -0.15878471 0.13992287
v -1.76649249 -0.07212887 0.24988142
v -1.84919249 -0.07212887 0.16537842
v -1.84918551 -0.08086313 0.16537158
v -1.76648551 -0.08086313 0.24987458
v -1.76960128 0.04666065 -0.21545179
v -1.76960128 0.13840065 -0.12395979
v -1.76337672 0.14272735 -0.12829821
v -1.76337672 0.05098735 -0.21979021
v -1.84919490 0.06959952 -0.08032220
v -1.76649490 0.14274452 -0.12234520
v -1.76648310 0.13838348 -0.12991280
v -1.84918310 0.06523848 -0.08788980
v -1.76338103 -0.07570353 0.25284184
v -1.76338103 0.04961647 0.21933384
v -1.76959697 0.04803153 0.21340616
v -1.76959697 -0.07728847 0.24691416
v -1.84707888 -0.07904731 0.16822281
v -1.76437888 0.04627269 0.21921781
v -1.76859912 0.05137531 0.21352219
v -1.85129912 -0.07394469 0.16252719
v -1.85130840 0.06622406 -0.08047942
v -1.76860840 0.17294906 0.00301658
v -1.76436960 0.17533894 -0.00423658
v -1.84706960 0.06861394 -0.08773258
v -1.76959913 0.13760238 -0.12533668
v -1.76959913 0.17118238 0.00018232
v -1.76337887 0.17710562 -0.00140232
v -1.76337887 0.14352562 -0.12692132
v -1.84608728 -0.07569272 0.16834248
v -1.84608728 0.00739728 0.14585048
v -1.85229072 0.00579072 0.13991552
v -1.85229072 -0.07729928 0.16240752
v -1.76648006 0.05260609 0.21418653
v -1.84918006 0.01037609 0.14069953
v -1.84919794 0.00281191 0.14506647
v -1.76649794 0.04504191 0.21855347
v -1.76649109 0.17414605 -0.00497713
v -1.84919109 0.08968605 -0.00497713
v -1.84918691 0.08968195 0.00375713
v -1.76648691 0.17414195 0.00375713
v -1.85229747 0.06445512 -0.08331565
v -1.85229747 0.08672012 0.00018035
v -1.84608053 0.09264788 -0.00140035
v -1.84608053 0.07038288 -0.08489635
v -1.76338404 0.05099836 0.21853868
v -1.76338404 0.14273836 0.12655868
v -1.76959396 0.13838964 0.12222132
v -1.76959396 0.04664964 0.21420132
v -1.84707373 0.00580424 0.14662114
v -1.76437373 0.13977424 0.12812814
v -1.76860427 0.14135376 0.12065186
v -1.85130427 0.00738376 0.13914486
v -1.85130151 0.08684110 0.00194481
v -1.76860151 0.13772110 0.12694481
v -1.76437649 0.14340690 0.12183519
v -1.84707649 0.09252690 -0.00316481
v -1.76959823 0.17118233 -0.00140562
v -1.76959823 0.13760233 0.12359438
v -1.76337977 0.14352567 0.12518562
v -1.76337977 0.17710567 0.00018562
v -1.84607623 0.00875440 0.14505443
v -1.84607623 0.06957940 0.08453843
v -1.85230177 0.06525860 0.08019557
v -1.85230177 0.00443360 0.14071157
v -1.76649709 0.14274638 0.12060728
v -1.84919709 0.06960138 0.07858428
v -1.84918091 0.06523662 0.08614972
v -1.76648091 0.13838162 0.12817272
v -1.85229882 0.08672268 -0.00140460
v -1.85229882 0.06445768 0.08157240
v -1.84607918 0.07038032 0.08316160
v -1.84607918 0.09264532 0.00018460
v -1.84666073 -0.36388217 -0.16306926
v -1.76396073 -0.20198717 -0.21406426
v -1.76901727 -0.20164483 -0.22117774
v -1.85171727 -0.36353983 -0.17018274
v -1.76331612 -0.29143700 -0.12400426
v -1.76331612 -0.19969700 -0.21549626
v -1.76966188 -0.20393500 -0.21974574
v -1.76966188 -0.29567500 -0.12825374
v -1.76706669 -0.29090129 -0.12954816
v -1.84976669 -0.36105629 -0.17004516
v -1.84861131 -0.36636571 -0.16320684
v -1.76591131 -0.29621071 -0.12270984
v -1.85172175 -0.36354736 0.16844090
v -1.76902175 -0.20165236 0.21992390
v -1.76395625 -0.20197964 0.21281610
v -1.84665625 -0.36387464 0.16133310
v -1.76591720 -0.29620630 0.12096644
v -1.84861720 -0.36636130 0.16146344
v -1.84976080 -0.36106070 0.16831056
v -1.76706080 -0.29090570 0.12781356
v -1.76966081 -0.29568144 0.12650989
v -1.76966081 -0.20394144 0.21848989
v -1.76331719 -0.19969056 0.21425011
v -1.76331719 -0.29143056 0.12227011
v -1.84602121 -0.36158446 -0.16450121
v -1.84602121 -0.24019446 -0.28599121
v -1.85235679 -0.24444754 -0.29024079
v -1.85235679 -0.36583754 -0.16875079
v -1.76590887 -0.19839201 -0.22026893
v -1.84860887 -0.23889701 -0.29076393
v -1.84976913 -0.24574499 -0.28546807
v -1.76706913 -0.20523999 -0.21497307
v -1.76706235 -0.20523519 0.21371440
v -1.84976235 -0.24574019 0.28372140
v -1.84861565 -0.23890181 0.28903260
v -1.76591565 -0.19839681 0.21902560
v -1.85236339 -0.36583261 0.16700686
v -1.85236339 -0.24444261 0.28849686
v -1.84601461 -0.24019939 0.28425714
v -1.84601461 -0.36158939 0.16276714
v -1.76396073 0.04899517 -0.21406426
v -1.84666073 0.21089017 -0.16306926
v -1.85171727 0.21054783 -0.17018274
v -1.76901727 0.04865283 -0.22117774
v -1.76706913 0.05224799 -0.21497307
v -1.84976913 0.09275299 -0.28546807
v -1.84860887 0.08590501 -0.29076393
v -1.76590887 0.04540001 -0.22026893
v -1.84602121 0.08720246 -0.28599121
v -1.84602121 0.20859246 -0.16450121
v -1.85235679 0.21284554 -0.16875079
v -1.85235679 0.09145554 -0.29024079
v -1.85236339 0.09145061 0.28849686
v -1.85236339 0.21284061 0.16700686
v -1.84601461 0.20859739 0.16276714
v -1.84601461 0.08720739 0.28425714
v -1.76591565 0.04540481 0.21902560
v -1.84861565 0.08590981 0.28903260
v -1.84976235 0.09274819 0.28372140
v -1.76706235 0.05224319 0.21371440
v -1.76902175 0.04866036 0.21992390
v -1.85172175 0.21055536 0.16844090
v -1.84665625 0.21088264 0.16133310
v -1.76395625 0.04898764 0.21281610
v -1.84976669 0.20806429 -0.17004516
v -1.76706669 0.13790929 -0.12954816
v -1.76591131 0.14321871 -0.12270984
v -1.84861131 0.21337371 -0.16320684
v -1.76331612 0.04670500 -0.21549626
v -1.76331612 0.13844500 -0.12400426
v -1.76966188 0.14268300 -0.12825374
v -1.76966188 0.05094300 -0.21974574
v -1.76966081 0.05094944 0.21848989
v -1.76966081 0.14268944 0.12650989
v -1.76331719 0.13843856 0.12227011
v -1.76331719 0.04669856 0.21425011
v -1.84861720 0.21336930 0.16146344
v -1.76591720 0.14321430 0.12096644
v -1.76706080 0.13791370 0.12781356
v -1.84976080 0.20806870 0.16831056
v -2.16234656 -0.27404163 0.00018207
v -2.16234656 -0.24718163 -0.10034293
v -2.15613144 -0.25311037 -0.10192707
v -2.15613144 -0.27997037 -0.00140207
v -2.15923046 -0.25233411 -0.09735559
v -2.22538046 -0.19381911 -0.06332859
v -2.22539754 -0.18944289 -0.07088741
v -2.15924754 -0.24795789 -0.10491441
v -2.16135391 -0.27581651 0.00302099
v -2.22750391 -0.19044151 -0.06347701
v -2.22327409 -0.19282049 -0.07073899
v -2.15712409 -0.27819549 -0.00424099
v -2.22750820 -0.18789444 -0.06789474
v -2.16135820 -0.17301444 -0.17540874
v -2.15711980 -0.18048756 -0.17383526
v -2.22326980 -0.19536756 -0.06632126
v -2.16234346 -0.24797276 -0.09896448
v -2.16234346 -0.17457776 -0.17245148
v -2.15613454 -0.17892424 -0.17679252
v -2.15613454 -0.25231924 -0.10330552
v -2.22228024 -0.19459373 -0.06790150
v -2.22228024 -0.21240373 -0.00140350
v -2.22849776 -0.20647827 0.00018350
v -2.22849776 -0.18866827 -0.06631450
v -2.15923900 -0.27700600 0.00375713
v -2.22538900 -0.20944100 0.00375713
v -2.22538900 -0.20944100 -0.00497713
v -2.15923900 -0.27700600 -0.00497713
v -2.15923972 -0.18053330 -0.17243889
v -2.22538972 -0.14675330 -0.11393589
v -2.22538828 -0.13918870 -0.11830211
v -2.15923828 -0.17296870 -0.17680511
v -2.22849950 -0.18945567 -0.06494825
v -2.22849950 -0.14079567 -0.11395925
v -2.22227850 -0.14514633 -0.11827875
v -2.22227850 -0.19380633 -0.06926775
v -2.15712205 -0.27819348 0.00302045
v -2.22327205 -0.19281848 0.06951845
v -2.22750595 -0.19044352 0.06225755
v -2.16135595 -0.27581852 -0.00424045
v -2.22228024 -0.21240373 0.00018350
v -2.22228024 -0.19459373 0.06668150
v -2.22849776 -0.18866827 0.06509450
v -2.22849776 -0.20647827 -0.00140350
v -2.16135827 -0.17930851 -0.17178657
v -2.22750827 -0.07905351 -0.13080057
v -2.22326973 -0.07393849 -0.13647143
v -2.15711973 -0.17419349 -0.17745743
v -2.22849976 -0.14218996 -0.11315506
v -2.22849976 -0.07571496 -0.13067206
v -2.22227824 -0.07727704 -0.13659994
v -2.22227824 -0.14375204 -0.11908294
v -2.22540062 -0.19380953 0.06210307
v -2.15925062 -0.25232453 0.09558007
v -2.15922738 -0.24796747 0.10314993
v -2.22537738 -0.18945247 0.06967293
v -2.15612865 -0.27996656 0.00018540
v -2.15612865 -0.25310656 0.10016040
v -2.16234935 -0.24718544 0.09856960
v -2.16234935 -0.27404544 -0.00140540
v -2.16234843 -0.17596767 -0.17165726
v -2.16234843 -0.07571267 -0.19814626
v -2.15612957 -0.07727933 -0.20407574
v -2.15612957 -0.17753433 -0.17758674
v -2.22538972 -0.07212887 -0.13363671
v -2.15923972 -0.07212887 -0.20111171
v -2.15923828 -0.08086313 -0.20111029
v -2.22538828 -0.08086313 -0.13363529
v -2.15711841 -0.24936055 0.10310104
v -2.22326841 -0.14218555 0.11811604
v -2.22750959 -0.14375645 0.11064396
v -2.16135959 -0.25093145 0.09562896
v -2.22227443 -0.19379188 0.06805637
v -2.22227443 -0.14513188 0.11654837
v -2.22850357 -0.14081012 0.11221163
v -2.22850357 -0.18947012 0.06371963
v -2.22849817 -0.07727750 -0.13067051
v -2.22849817 -0.01080750 -0.11315351
v -2.22227983 -0.00924450 -0.11908449
v -2.22227983 -0.07571450 -0.13660149
v -2.16135106 -0.08012664 -0.19991540
v -2.22750106 -0.01365664 -0.11492340
v -2.22327694 -0.00639536 -0.11731460
v -2.15712694 -0.07286536 -0.20230660
v -2.22538665 -0.14675179 0.11219426
v -2.15923665 -0.18053179 0.17069626
v -2.15924135 -0.17297021 0.17506774
v -2.22539135 -0.13919021 0.11656574
v -2.15612963 -0.25231617 0.10153157
v -2.15612963 -0.17892117 0.17504857
v -2.16234837 -0.17458083 0.17071543
v -2.16234837 -0.24797583 0.09719843
v -2.16234946 -0.07727906 -0.19814727
v -2.16234946 0.02297594 -0.17165827
v -2.15612854 0.02454206 -0.17758573
v -2.15612854 -0.07571294 -0.20407473
v -2.22538916 -0.00624411 -0.11393517
v -2.15923916 0.02754089 -0.17243817
v -2.15923884 0.01997711 -0.17680583
v -2.22538884 -0.01380789 -0.11830283
v -2.22327001 -0.14660166 0.11556322
v -2.15712001 -0.08012666 0.20107322
v -2.16135799 -0.07286534 0.19870678
v -2.22750799 -0.13934034 0.11319678
v -2.15613048 -0.17754889 0.17584381
v -2.15613048 -0.07729389 0.20285181
v -2.16234752 -0.07569811 0.19692819
v -2.16234752 -0.17595311 0.16992019
v -2.16135811 0.02002239 -0.17540871
v -2.22750811 0.03490139 -0.06789471
v -2.22326989 0.04237461 -0.06632129
v -2.15711989 0.02749561 -0.17383529
v -2.22849940 -0.01220132 -0.11395908
v -2.22849940 0.03646268 -0.06494808
v -2.22227860 0.04081332 -0.06926792
v -2.22227860 -0.00785068 -0.11827892
v -2.22227772 -0.14377219 0.11733801
v -2.22227772 -0.07729719 0.13534301
v -2.22850028 -0.07569481 0.12942699
v -2.22850028 -0.14216981 0.11142199
v -2.15923898 -0.07212887 0.19988998
v -2.22538898 -0.07212887 0.13238498
v -2.22538902 -0.08086313 0.13238502
v -2.15923902 -0.08086313 0.19989002
v -2.16234344 0.02158574 -0.17245146
v -2.16234344 0.09498074 -0.09896446
v -2.15613456 0.09932726 -0.10330554
v -2.15613456 0.02593226 -0.17679254
v -2.22538116 0.04082667 -0.06332892
v -2.15923116 0.09934267 -0.09735592
v -2.15924684 0.09496533 -0.10491408
v -2.22539684 0.03644933 -0.07088708
v -2.15712008 -0.07286527 0.20107312
v -2.22327008 -0.00639527 0.11556312
v -2.22750792 -0.01365673 0.11319688
v -2.16135792 -0.08012673 0.19870688
v -2.22227771 -0.07569476 0.13534299
v -2.22227771 -0.00922476 0.11733799
v -2.22850029 -0.01082724 0.11142201
v -2.22850029 -0.07729724 0.12942701
v -2.16135743 0.09430800 -0.10368144
v -2.22750743 0.05360300 -0.00315644
v -2.22327057 0.05929500 0.00193644
v -2.15712057 0.10000000 -0.09858856
v -2.22849629 0.03567384 -0.06631407
v -2.22849629 0.05348484 0.00018393
v -2.22228171 0.05941316 -0.00140393
v -2.22228171 0.04160216 -0.06790193
v -2.22538826 -0.01380816 0.11656337
v -2.15923826 0.01997684 0.17506537
v -2.15923974 0.02754116 0.17069863
v -2.22538974 -0.00624384 0.11219663
v -2.15613051 -0.07569810 0.20285184
v -2.15613051 0.02455690 0.17584384
v -2.16234749 0.02296110 0.16992016
v -2.16234749 -0.07729390 0.19692816
v -2.16234752 0.09419056 -0.10034318
v -2.16234752 0.12105056 0.00018182
v -2.15613048 0.12697744 -0.00140182
v -2.15613048 0.10011744 -0.10192682
v -2.22538745 0.05644748 0.00375713
v -2.15923745 0.12401248 0.00375713
v -2.15924055 0.12401552 -0.00497713
v -2.22539055 0.05645052 -0.00497713
v -2.15712332 0.02749725 0.17209382
v -2.22327332 0.04237625 0.06509982
v -2.22750468 0.03489975 0.06667618
v -2.16135468 0.02002075 0.17367018
v -2.22228078 -0.00786065 0.11655303
v -2.22228078 0.04080335 0.06806103
v -2.22849722 0.03647265 0.06371497
v -2.22849722 -0.01219135 0.11220697
v -2.22750189 0.05360677 0.00194524
v -2.16135189 0.09431177 0.10192024
v -2.15712611 0.09999623 0.09680976
v -2.22327611 0.05929123 -0.00316524
v -2.16234808 0.12105220 -0.00140574
v -2.16234808 0.09419220 0.09856926
v -2.15612992 0.10011580 0.10016074
v -2.15612992 0.12697580 0.00018574
v -2.22538113 0.03646268 0.06967479
v -2.15923113 0.09497868 0.10315179
v -2.15924687 0.09932932 0.09557821
v -2.22539687 0.04081332 0.06210121
v -2.15612551 0.02592621 0.17504561
v -2.15612551 0.09932121 0.10152861
v -2.16235249 0.09498679 0.09720139
v -2.16235249 0.02159179 0.17071839
v -2.22849963 0.05348812 -0.00140305
v -2.22849963 0.03567712 0.06509495
v -2.22227837 0.04159888 0.06668105
v -2.22227837 0.05940988 0.00018305
v -2.22285797 -0.30643374 -0.13008106
v -2.15670797 -0.17691874 -0.17106706
v -2.16177003 -0.17658326 -0.17817694
v -2.22792003 -0.30609826 -0.13719094
v -2.15606883 -0.24802078 -0.09901244
v -2.15606883 -0.17462578 -0.17249944
v -2.16240917 -0.17887622 -0.17674456
v -2.16240917 -0.25227122 -0.10325756
v -2.15980920 -0.24749248 -0.10455634
v -2.22595920 -0.30361248 -0.13705734
v -2.22481880 -0.30891952 -0.13021466
v -2.15866880 -0.25279952 -0.09771366
v -2.22792007 -0.30609904 0.13542194
v -2.16177007 -0.17658404 0.17643694
v -2.15670793 -0.17691796 0.16932706
v -2.22285793 -0.30643296 0.12831206
v -2.15866929 -0.25279920 0.09594334
v -2.22481929 -0.30891920 0.12844534
v -2.22595871 -0.30361280 0.13528866
v -2.15980871 -0.24749280 0.10278666
v -2.16240907 -0.25227173 0.10148720
v -2.16240907 -0.17887673 0.17500420
v -2.15606893 -0.17462527 0.17075980
v -2.15606893 -0.24802027 0.09724280
v -2.22221516 -0.30414622 -0.13151348
v -2.22221516 -0.20703622 -0.22849848
v -2.22856284 -0.21127578 -0.23274352
v -2.22856284 -0.30838578 -0.13575852
v -2.15866813 -0.17333010 -0.17727593
v -2.22481813 -0.20573510 -0.23327493
v -2.22595987 -0.21257690 -0.22796707
v -2.15980987 -0.18017190 -0.17196807
v -2.15981023 -0.18017166 0.17022783
v -2.22596023 -0.21257666 0.22622783
v -2.22481777 -0.20573534 0.23153617
v -2.15866777 -0.17333034 0.17553617
v -2.22856288 -0.30838608 0.13398916
v -2.22856288 -0.21127608 0.23100416
v -2.22221512 -0.20703592 0.22675984
v -2.22221512 -0.30414592 0.12974484
v -2.15670797 0.02392674 -0.17106706
v -2.22285797 0.15344174 -0.13008106
v -2.22792003 0.15310626 -0.13719094
v -2.16177003 0.02359126 -0.17817694
v -2.15980987 0.02717990 -0.17196807
v -2.22595987 0.05958490 -0.22796707
v -2.22481813 0.05274310 -0.23327493
v -2.15866813 0.02033810 -0.17727593
v -2.22221516 0.05404422 -0.22849848
v -2.22221516 0.15115422 -0.13151348
v -2.22856284 0.15539378 -0.13575852
v -2.22856284 0.05828378 -0.23274352
v -2.22856288 0.05828408 0.23100416
v -2.22856288 0.15539408 0.13398916
v -2.22221512 0.15115392 0.12974484
v -2.22221512 0.05404392 0.22675984
v -2.15866777 0.02033834 0.17553617
v -2.22481777 0.05274334 0.23153617
v -2.22596023 0.05958466 0.22622783
v -2.15981023 0.02717966 0.17022783
v -2.16177007 0.02359204 0.17643694
v -2.22792007 0.15310704 0.13542194
v -2.22285793 0.15344096 0.12831206
v -2.15670793 0.02392596 0.16932706
v -2.22595920 0.15062048 -0.13705734
v -2.15980920 0.09450048 -0.10455634
v -2.15866880 0.09980752 -0.09771366
v -2.22481880 0.15592752 -0.13021466
v -2.15606883 0.02163378 -0.17249944
v -2.15606883 0.09502878 -0.09901244
v -2.16240917 0.09927922 -0.10325756
v -2.16240917 0.02588422 -0.17674456
v -2.16240907 0.02588473 0.17500420
v -2.16240907 0.09927973 0.10148720
v -2.15606893 0.09502827 0.09724280
v -2.15606893 0.02163327 0.17075980
v -2.22481929 0.15592720 0.12844534
v -2.15866929 0.09980720 0.09594334
v -2.15980871 0.09450080 0.10278666
v -2.22595871 0.15062080 0.13528866
v -2.41974907 -0.23394389 0.00018070
v -2.41974907 -0.21245389 -0.08032530
v -2.41352893 -0.21837811 -0.08190670
v -2.41352893 -0.23986811 -0.00140070
v -2.41663758 -0.21759711 -0.07733254
v -2.46958758 -0.17078211 -0.05032454
v -2.46959042 -0.16641989 -0.05789146
v -2.41664042 -0.21323489 -0.08489946
v -2.41875878 -0.23570943 0.00301582
v -2.47170878 -0.16740443 -0.05048218
v -2.46746922 -0.16979757 -0.05773382
v -2.41451922 -0.23810257 -0.00423582
v -2.41875913 -0.21620274 -0.07737997
v -2.47170913 -0.13046274 -0.08937297
v -2.46746887 -0.12888926 -0.09684503
v -2.41451887 -0.21462926 -0.08485203
v -2.47269855 -0.16643065 -0.05194188
v -2.47269855 -0.12750565 -0.09094288
v -2.46647945 -0.13184635 -0.09527512
v -2.46647945 -0.17077135 -0.05627412
v -2.46648002 -0.17156459 -0.05489740
v -2.46648002 -0.18581459 -0.00139940
v -2.47269798 -0.17988741 0.00017940
v -2.47269798 -0.16563741 -0.05331860
v -2.41663657 -0.23690362 0.00375713
v -2.46958657 -0.18284862 0.00375713
v -2.46959143 -0.18285338 -0.00497713
v -2.41664143 -0.23690838 -0.00497713
v -2.41975422 -0.21325577 -0.07894791
v -2.41975422 -0.15454077 -0.13744991
v -2.41352378 -0.15886123 -0.14178609
v -2.41352378 -0.21757623 -0.08328409
v -2.46957585 -0.12589358 -0.09529188
v -2.41662585 -0.15291858 -0.14180088
v -2.41665215 -0.16048342 -0.13743512
v -2.46960215 -0.13345842 -0.09092612
v -2.41352913 -0.23986702 0.00018554
v -2.41352913 -0.21837702 0.08017154
v -2.41974887 -0.21245498 0.07858046
v -2.41974887 -0.23394498 -0.00140554
v -2.46747742 -0.18569409 -0.00316537
v -2.41452742 -0.21825909 0.07682063
v -2.41875058 -0.21257291 0.08193137
v -2.47170058 -0.18000791 0.00194537
v -2.41876285 -0.15925281 -0.13678086
v -2.47171285 -0.07904781 -0.10427986
v -2.46746515 -0.07394419 -0.10995414
v -2.41451515 -0.15414919 -0.14245514
v -2.47270901 -0.12889765 -0.09015409
v -2.47270901 -0.07571765 -0.10416209
v -2.46646899 -0.07727435 -0.11007191
v -2.46646899 -0.13045435 -0.09606391
v -2.46647971 -0.18581236 0.00018655
v -2.46647971 -0.17156236 0.05316455
v -2.47269829 -0.16563964 0.05157145
v -2.47269829 -0.17988964 -0.00140655
v -2.41663511 -0.21323039 0.08315686
v -2.46958511 -0.16641539 0.05614886
v -2.46959289 -0.17078661 0.04858714
v -2.41664289 -0.21760161 0.07559514
v -2.41974981 -0.15590687 -0.13665759
v -2.41974981 -0.07570187 -0.15817259
v -2.41352819 -0.07729013 -0.16409341
v -2.41352819 -0.15749513 -0.14257841
v -2.46958900 -0.07212887 -0.10711700
v -2.41663900 -0.07212887 -0.16113300
v -2.41663900 -0.08086313 -0.16113300
v -2.46958900 -0.08086313 -0.10711700
v -2.46747214 -0.17233804 0.05157725
v -2.41452214 -0.16043804 0.13708725
v -2.41875586 -0.15296396 0.13866875
v -2.47170586 -0.16486396 0.05315875
v -2.41352830 -0.21757947 0.08154735
v -2.41352830 -0.15886447 0.14004935
v -2.41974970 -0.15453753 0.13570665
v -2.41974970 -0.21325253 0.07720465
v -2.47171283 -0.07394417 -0.10427987
v -2.41876283 0.00625983 -0.13678087
v -2.41451517 0.00115617 -0.14245513
v -2.46746517 -0.07904783 -0.10995413
v -2.41974981 -0.07729014 -0.15817259
v -2.41974981 0.00291386 -0.13665759
v -2.41352819 0.00450214 -0.14257841
v -2.41352819 -0.07570186 -0.16409341
v -2.46647262 -0.17076647 0.05452919
v -2.46647262 -0.13184147 0.09353119
v -2.47270538 -0.12751053 0.08920881
v -2.47270538 -0.16643553 0.05020681
v -2.41663412 -0.15292266 0.14006797
v -2.46958412 -0.12589766 0.09355997
v -2.46959388 -0.13345434 0.08918003
v -2.41664388 -0.16047934 0.13568803
v -2.41662585 -0.00007442 -0.14180088
v -2.46957585 -0.02709942 -0.09529188
v -2.46960215 -0.01953458 -0.09092612
v -2.41665215 0.00749042 -0.13743512
v -2.47270901 -0.07727436 -0.10416209
v -2.47270901 -0.02409536 -0.09015409
v -2.46646899 -0.02253864 -0.09606391
v -2.46646899 -0.07571764 -0.11007191
v -2.46747192 -0.13330566 0.09255969
v -2.41452192 -0.08012566 0.16058269
v -2.41875608 -0.07286634 0.15820331
v -2.47170608 -0.12604634 0.09018031
v -2.41352085 -0.15749320 0.14083120
v -2.41352085 -0.07728820 0.16234620
v -2.41975715 -0.07570380 0.15643980
v -2.41975715 -0.15590880 0.13492480
v -2.47170915 -0.02253026 -0.08937299
v -2.41875915 0.06321074 -0.07737999
v -2.41451885 0.06163726 -0.08485201
v -2.46746885 -0.02410374 -0.09684501
v -2.41975422 0.00154779 -0.13744989
v -2.41975422 0.06026379 -0.07894789
v -2.41352378 0.06458421 -0.08328411
v -2.41352378 0.00586821 -0.14178611
v -2.46648004 -0.13045716 0.09433580
v -2.46648004 -0.07727716 0.10834280
v -2.47269796 -0.07571484 0.10241120
v -2.47269796 -0.12889484 0.08840420
v -2.41663899 -0.07212887 0.15939299
v -2.46958899 -0.07212887 0.10537699
v -2.46958901 -0.08086313 0.10537701
v -2.41663901 -0.08086313 0.15939301
v -2.41664041 0.06024288 -0.08489946
v -2.46959041 0.01342788 -0.05789146
v -2.46958759 0.01779012 -0.05032454
v -2.41663759 0.06460512 -0.07733254
v -2.47269856 -0.02548732 -0.09094285
v -2.47269856 0.01343868 -0.05194185
v -2.46647944 0.01777932 -0.05627415
v -2.46647944 -0.02114668 -0.09527515
v -2.41452193 -0.07286632 0.16058266
v -2.46747193 -0.01968732 0.09255966
v -2.47170607 -0.02694668 0.09018034
v -2.41875607 -0.08012568 0.15820334
v -2.46648004 -0.07571483 0.10834280
v -2.46648004 -0.02253583 0.09433580
v -2.47269796 -0.02409817 0.08840420
v -2.47269796 -0.07727717 0.10241120
v -2.47170875 0.01441240 -0.05048217
v -2.41875875 0.08271740 0.00301583
v -2.41451925 0.08511060 -0.00423583
v -2.46746925 0.01680560 -0.05773383
v -2.41974907 0.05946189 -0.08032530
v -2.41974907 0.08095189 0.00018070
v -2.41352893 0.08687611 -0.00140070
v -2.41352893 0.06538611 -0.08190670
v -2.46958411 -0.02709534 0.09355996
v -2.41663411 -0.00007034 0.14006796
v -2.41664389 0.00748634 0.13568804
v -2.46959389 -0.01953866 0.08918004
v -2.41352085 -0.07570380 0.16234620
v -2.41352085 0.00450020 0.14083120
v -2.41975715 0.00291580 0.13492480
v -2.41975715 -0.07728820 0.15643980
v -2.41664145 0.08391640 -0.00497713
v -2.46959145 0.02986040 -0.00497713
v -2.46958655 0.02985560 0.00375713
v -2.41663655 0.08391160 0.00375713
v -2.47269795 0.01264536 -0.05331864
v -2.47269795 0.02689436 0.00017936
v -2.46648005 0.03282164 -0.00139936
v -2.46648005 0.01857264 -0.05489736
v -2.41452214 0.00744505 0.13708730
v -2.46747214 0.01934605 0.05157730
v -2.47170586 0.01187195 0.05315870
v -2.41875586 -0.00002905 0.13866870
v -2.46647263 -0.02115156 0.09353122
v -2.46647263 0.01777444 0.05452922
v -2.47270537 0.01344356 0.05020678
v -2.47270537 -0.02548244 0.08920878
v -2.47170057 0.02701493 0.00194539
v -2.41875057 0.05958093 0.08193139
v -2.41452743 0.06526707 0.07682061
v -2.46747743 0.03270107 -0.00316539
v -2.41974884 0.08095295 -0.00140555
v -2.41974884 0.05946295 0.07858045
v -2.41352916 0.06538505 0.08017155
v -2.41352916 0.08687505 0.00018555
v -2.46958512 0.01342340 0.05614887
v -2.41663512 0.06023840 0.08315687
v -2.41664288 0.06460960 0.07559513
v -2.46959288 0.01779460 0.04858713
v -2.41352830 0.00587145 0.14004936
v -2.41352830 0.06458745 0.08154736
v -2.41974970 0.06026055 0.07720464
v -2.41974970 0.00154455 0.13570664
v -2.47269829 0.02689663 -0.00140649
v -2.47269829 0.01264763 0.05157151
v -2.46647971 0.01857037 0.05316449
v -2.46647971 0.03281937 0.00018649
v -2.46706081 -0.26048740 -0.10356047
v -2.41411081 -0.15687740 -0.13606147
v -2.41916719 -0.15652460 -0.14317453
v -2.47211719 -0.26013460 -0.11067353
v -2.41346698 -0.21329735 -0.07898963
v -2.41346698 -0.15458235 -0.13749163
v -2.41981102 -0.15881965 -0.14174437
v -2.41981102 -0.21753465 -0.08324237
v -2.41721457 -0.21275816 -0.08453308
v -2.47016457 -0.25765316 -0.11053408
v -2.46901343 -0.26296884 -0.10369992
v -2.41606343 -0.21807384 -0.07769892
v -2.47211718 -0.26013461 0.10893354
v -2.41916718 -0.15652461 0.14143454
v -2.41411082 -0.15687739 0.13432146
v -2.46706082 -0.26048739 0.10182046
v -2.41606343 -0.21807384 0.07595892
v -2.46901343 -0.26296884 0.10195992
v -2.47016457 -0.25765316 0.10879408
v -2.41721457 -0.21275816 0.08279308
v -2.41981102 -0.21753465 0.08150237
v -2.41981102 -0.15881965 0.14000437
v -2.41346698 -0.15458235 0.13575163
v -2.41346698 -0.21329735 0.07724963
v -2.46641895 -0.25818943 -0.10499061
v -2.46641895 -0.18049943 -0.18250461
v -2.47275905 -0.18474257 -0.18675739
v -2.47275905 -0.26243257 -0.10924339
v -2.41606443 -0.15327614 -0.14226603
v -2.46901443 -0.17919614 -0.18727903
v -2.47016357 -0.18604586 -0.18198297
v -2.41721357 -0.16012586 -0.13696997
v -2.41721361 -0.16012586 0.13522999
v -2.47016361 -0.18604586 0.18024399
v -2.46901439 -0.17919614 0.18554001
v -2.41606439 -0.15327614 0.14052601
v -2.47275903 -0.26243260 0.10750339
v -2.47275903 -0.18474260 0.18501839
v -2.46641897 -0.18049940 0.18076561
v -2.46641897 -0.25818940 0.10325061
v -2.41411081 0.00388440 -0.13606147
v -2.46706081 0.10749540 -0.10356047
v -2.47211719 0.10714260 -0.11067353
v -2.41916719 0.00353160 -0.14317453
v -2.41721353 0.00713284 -0.13696995
v -2.47016353 0.03305384 -0.18198295
v -2.46901447 0.02620416 -0.18727905
v -2.41606447 0.00028316 -0.14226605
v -2.46641897 0.02750741 -0.18250460
v -2.46641897 0.10519741 -0.10499060
v -2.47275903 0.10944059 -0.10924340
v -2.47275903 0.03175059 -0.18675740
v -2.47275901 0.03175062 0.18501840
v -2.47275901 0.10944062 0.10750340
v -2.46641899 0.10519738 0.10325060
v -2.46641899 0.02750738 0.18076560
v -2.41606443 0.00028315 0.14052604
v -2.46901443 0.02620415 0.18554004
v -2.47016357 0.03305385 0.18024396
v -2.41721357 0.00713285 0.13522996
v -2.41916718 0.00353161 0.14143454
v -2.47211718 0.10714261 0.10893354
v -2.46706082 0.10749539 0.10182046
v -2.41411082 0.00388439 0.13432146
v -2.47016459 0.10466114 -0.11053406
v -2.41721459 0.05976614 -0.08453306
v -2.41606341 0.06508186 -0.07769894
v -2.46901341 0.10997686 -0.10369994
v -2.41346698 0.00158937 -0.13749162
v -2.41346698 0.06030537 -0.07898962
v -2.41981102 0.06454263 -0.08324238
v -2.41981102 0.00582663 -0.14174438
v -2.41981102 0.00582663 0.14000438
v -2.41981102 0.06454263 0.08150238
v -2.41346698 0.06030537 0.07724962
v -2.41346698 0.00158937 0.13575162
v -2.46901341 0.10997686 0.10195994
v -2.41606341 0.06508186 0.07595894
v -2.41721459 0.05976614 0.08279306
v -2.47016459 0.10466114 0.10879406
v -2.46705615 -0.29039014 -0.00376748
v -2.51995715 -0.21705514 -0.08427348
v -2.52502285 -0.21377686 -0.07795852
v -2.47212185 -0.28711186 0.00254748
v -2.52191054 -0.21705371 -0.07710926
v -2.46900954 -0.26194871 -0.10311026
v -2.47016846 -0.25867329 -0.11112374
v -2.52306946 -0.21377829 -0.08512274
v -2.46641767 -0.29165177 -0.00138458
v -2.46641767 -0.26321177 -0.10789158
v -2.47276033 -0.25741023 -0.10634242
v -2.47276033 -0.28585023 0.00016458
v -2.46959083 -0.28875286 -0.00497713
v -2.52249183 -0.23690786 -0.00497713
v -2.52248817 -0.23690414 0.00375713
v -2.46958717 -0.28874914 0.00375713
v -2.52566110 -0.21251492 -0.08034160
v -2.52566110 -0.23400492 0.00016440
v -2.51931890 -0.23980708 -0.00138440
v -2.51931890 -0.21831708 -0.08189040
v -2.52566175 -0.23400684 -0.00138892
v -2.52566175 -0.21251684 0.07859708
v -2.51931825 -0.21831516 0.08015492
v -2.51931825 -0.23980516 0.00016892
v -2.47211783 -0.28712208 -0.00377598
v -2.52501883 -0.21378708 0.07621002
v -2.51996117 -0.21704492 0.08254198
v -2.46706017 -0.29037992 0.00255598
v -2.52306675 -0.21377552 0.08338200
v -2.47016575 -0.25867052 0.10938300
v -2.46901225 -0.26195148 0.10137100
v -2.52191325 -0.21705648 0.07537000
v -2.47275984 -0.28585067 -0.00138826
v -2.47275984 -0.25741067 0.10459874
v -2.46641816 -0.26321133 0.10615526
v -2.46641816 -0.29165133 0.00016826
v -2.22285655 -0.34344782 -0.00376901
v -2.28900655 -0.25178382 -0.10429401
v -2.29407145 -0.24851018 -0.09797599
v -2.22792145 -0.34017418 0.00254901
v -2.29095993 -0.25178489 -0.09712828
v -2.22480993 -0.30790389 -0.12962928
v -2.22596807 -0.30462811 -0.13764272
v -2.29211807 -0.24850911 -0.10514172
v -2.22221720 -0.34471117 -0.00138493
v -2.22221720 -0.30916617 -0.13441093
v -2.22856080 -0.30336583 -0.13286107
v -2.22856080 -0.33891083 0.00016493
v -2.22539055 -0.34181258 -0.00497713
v -2.29154055 -0.27700858 -0.00497713
v -2.29153745 -0.27700542 0.00375713
v -2.22538745 -0.34180942 0.00375713
v -2.29471078 -0.24724681 -0.10036008
v -2.29471078 -0.27410681 0.00016492
v -2.28836722 -0.27990719 -0.00138492
v -2.28836722 -0.25304719 -0.10190992
v -2.29471134 -0.27410844 -0.00138875
v -2.29471134 -0.24724844 0.09858625
v -2.28836666 -0.25304556 0.10014375
v -2.28836666 -0.27990556 0.00016875
v -2.22791804 -0.34018283 -0.00377620
v -2.29406804 -0.24851883 0.09619880
v -2.28900996 -0.25177517 0.10253120
v -2.22285996 -0.34343917 0.00255620
v -2.29211581 -0.24850674 0.10337108
v -2.22596581 -0.30462574 0.13587308
v -2.22481219 -0.30790626 0.12786092
v -2.29096219 -0.25178726 0.09535892
v -2.22856038 -0.33891120 -0.00138805
v -2.22856038 -0.30336620 0.13108895
v -2.22221762 -0.30916580 0.13264505
v -2.22221762 -0.34471080 0.00016805
v -1.84665724 -0.40977659 -0.00377020
v -1.92930724 -0.29519159 -0.12928920
v -1.93437076 -0.29192041 -0.12296880
v -1.85172076 -0.40650541 0.00255020
v -1.93126395 -0.29519216 -0.12212099
v -1.84861395 -0.36534716 -0.16261799
v -1.84976405 -0.36207484 -0.17063401
v -1.93241405 -0.29191984 -0.13013701
v -1.84601751 -0.41104118 -0.00138616
v -1.84601751 -0.36661118 -0.16740216
v -1.85236049 -0.36081082 -0.16584984
v -1.85236049 -0.40524082 0.00016616
v -1.84919017 -0.40814219 -0.00497713
v -1.93184017 -0.32713719 -0.00497713
v -1.93183783 -0.32713481 0.00375713
v -1.84918783 -0.40813981 0.00375713
v -1.93501023 -0.29065548 -0.12535303
v -1.93501023 -0.32423548 0.00016597
v -1.92866777 -0.33003652 -0.00138597
v -1.92866777 -0.29645652 -0.12690497
v -1.93501065 -0.32423671 -0.00138886
v -1.93501065 -0.29065671 0.12361114
v -1.92866735 -0.29645529 0.12516886
v -1.92866735 -0.33003529 0.00016886
v -1.85171819 -0.40651194 -0.00377562
v -1.93436819 -0.29192694 0.12122438
v -1.92930981 -0.29518506 0.12755562
v -1.84665981 -0.40977006 0.00255562
v -1.93241231 -0.29191807 0.12839753
v -1.84976231 -0.36207307 0.16889453
v -1.84861569 -0.36534893 0.16087947
v -1.93126569 -0.29519393 0.12038247
v -1.85236017 -0.40524110 -0.00138852
v -1.85236017 -0.36081110 0.16410848
v -1.84601783 -0.36661090 0.16566552
v -1.84601783 -0.41104090 0.00016852
v 0.95141224 -0.46185456 -0.20673909
v 0.94176224 -0.64666456 -0.00172109
v 0.94995976 -0.64462744 0.00050109
v 0.95960976 -0.45981744 -0.20451691
v 0.95171959 -0.46297761 -0.20529553
v 1.04556959 -0.59729761 -0.00027753
v 1.05315241 -0.59301439 -0.00094247
v 0.95930241 -0.45869439 -0.20596047
v 1.04817450 -0.59272377 -0.00403758
v 0.94467450 -0.64321377 -0.00403758
v 0.94704750 -0.64807823 0.00281758
v 1.05054750 -0.59758823 0.00281758
v 0.94981766 -0.64392989 -0.00129676
v 0.86596766 -0.52384489 -0.18431076
v 0.85805434 -0.52727711 -0.18293724
v 0.94190434 -0.64736211 0.00007676
v 0.95341224 -0.45893430 -0.20895224
v 0.85991224 -0.52365930 -0.18694824
v 0.86410976 -0.52746270 -0.18029976
v 0.95760976 -0.46273770 -0.20230376
v 0.85768495 -0.52571786 -0.18420066
v 0.83813495 -0.65935786 -0.00118666
v 0.84678705 -0.65904414 -0.00003334
v 0.86633705 -0.52540414 -0.18304734
v 0.94553234 -0.64313890 -0.00417065
v 0.84213234 -0.65669390 -0.00417065
v 0.84278966 -0.66170810 0.00295065
v 0.94618966 -0.64815310 0.00295065
v 0.84647643 -0.65899700 -0.00231485
v 0.78992643 -0.57804200 -0.12581985
v 0.78189557 -0.57845000 -0.12241015
v 0.83844557 -0.65940500 0.00109485
v 0.85889143 -0.52406539 -0.18628919
v 0.78279143 -0.57675039 -0.12678019
v 0.78903057 -0.57974161 -0.12144981
v 0.86513057 -0.52705661 -0.18095881
v 0.84315778 -0.65781557 -0.00469251
v 0.74265778 -0.60727057 -0.00469251
v 0.74126422 -0.61004143 0.00347251
v 0.84176422 -0.66058643 0.00347251
v 0.78221331 -0.57605608 -0.12489163
v 0.73826331 -0.60646608 -0.00138663
v 0.74565869 -0.61084592 0.00016663
v 0.78960869 -0.58043592 -0.12333837
v 0.95960821 -0.45981582 0.20277270
v 0.94995821 -0.64462582 -0.00172530
v 0.94176379 -0.64666618 0.00050530
v 0.95141379 -0.46185618 0.20500330
v 1.05054936 -0.59759203 -0.00403423
v 0.94704936 -0.64808203 -0.00403423
v 0.94467264 -0.64320997 0.00281423
v 1.04817264 -0.59271997 0.00281423
v 0.95930199 -0.45869368 0.20422066
v 1.05315199 -0.59301368 -0.00027734
v 1.04557001 -0.59729832 -0.00094266
v 0.95172001 -0.46297832 0.20355534
v 0.95759797 -0.46274463 0.20056031
v 0.86409797 -0.52746963 0.17904531
v 0.85992403 -0.52365237 0.18570069
v 0.95342403 -0.45892737 0.20721569
v 0.94190569 -0.64736658 -0.00129332
v 0.85805569 -0.52728158 0.18168968
v 0.86596631 -0.52384042 0.18305632
v 0.94981631 -0.64392542 0.00007332
v 0.86633706 -0.52540438 0.18179642
v 0.84678706 -0.65904438 -0.00118658
v 0.83813494 -0.65935762 -0.00003342
v 0.85768494 -0.52571762 0.18294958
v 0.94618970 -0.64815338 -0.00417045
v 0.84278970 -0.66170838 -0.00417045
v 0.84213230 -0.65669362 0.00295045
v 0.94553230 -0.64313862 0.00295045
v 0.86513063 -0.52705706 0.17970813
v 0.78903063 -0.57974206 0.12019913
v 0.78279137 -0.57674994 0.12552887
v 0.85889137 -0.52406494 0.18503787
v 0.83844569 -0.65940516 -0.00231512
v 0.78189569 -0.57845016 0.12115888
v 0.78992631 -0.57804184 0.12456912
v 0.84647631 -0.65899684 0.00109512
v 0.78960860 -0.58043602 0.12208723
v 0.74565860 -0.61084602 -0.00138677
v 0.73826340 -0.60646598 0.00016677
v 0.78221340 -0.57605598 0.12364077
v 0.84176406 -0.66058674 -0.00469238
v 0.74126406 -0.61004174 -0.00469238
v 0.74265794 -0.60727026 0.00347238
v 0.84315794 -0.65781526 0.00347238
v -1.42145490 0.22474993 -0.17390345
v -1.42145490 0.27090493 -0.00138745
v -1.41512310 0.26509307 0.00016745
v -1.41512310 0.21893807 -0.17234855
v -1.33761102 0.15198376 -0.13764192
v -1.41771102 0.22020376 -0.17713192
v -1.41886698 0.22348424 -0.16912008
v -1.33876698 0.15526424 -0.12963008
v -1.34078394 0.15535894 -0.13669020
v -1.42088394 0.26973394 -0.00366420
v -1.41569406 0.26626406 0.00244420
v -1.33559406 0.15188906 -0.13058180
v -1.34135512 0.15652965 -0.13441360
v -1.34135512 0.19212965 -0.00138760
v -1.33502288 0.18631835 0.00016760
v -1.33502288 0.15071835 -0.13285840
v -1.41829017 0.26799781 0.00375713
v -1.33819017 0.18922281 0.00375713
v -1.33818783 0.18922519 -0.00497713
v -1.41828783 0.26800019 -0.00497713
v -1.42088141 0.26972764 0.00244991
v -1.34078141 0.15535264 0.13492591
v -1.33559659 0.15189536 0.12880609
v -1.41569659 0.26627036 -0.00366991
v -1.34135554 0.19212842 0.00017050
v -1.34135554 0.15652842 0.13264650
v -1.33502246 0.15071958 0.13108550
v -1.33502246 0.18631958 -0.00139050
v -1.33876607 0.15526664 0.12786094
v -1.41886607 0.22348664 0.16738194
v -1.41771193 0.22020136 0.17539206
v -1.33761193 0.15198136 0.13587106
v -1.42145444 0.27090482 0.00016977
v -1.42145444 0.22474982 0.17216677
v -1.41512356 0.21893818 0.17060723
v -1.41512356 0.26509318 -0.00138977
v -0.33486809 -0.88948462 0.00037463
v -0.23486809 -0.74330462 0.18085563
v -0.22690991 -0.74631738 0.17888637
v -0.32690991 -0.89249738 -0.00159463
v -0.23045510 -0.74774354 0.17666417
v -0.36975510 -0.74539354 0.15566717
v -0.37062290 -0.73952846 0.16208083
v -0.23132290 -0.74187846 0.18307783
v -0.33510570 -0.89089128 -0.00174195
v -0.37440570 -0.74236128 0.15774205
v -0.36597230 -0.74256072 0.16000595
v -0.32667230 -0.89109072 0.00052195
v -0.33382948 -0.89238013 -0.00352474
v -0.52402948 -0.72791013 0.10997026
v -0.51814852 -0.72513187 0.11579974
v -0.32794852 -0.88960187 0.00230474
v -0.36952778 -0.74537913 0.15569295
v -0.52042778 -0.72943913 0.10970395
v -0.52175022 -0.72360287 0.11606605
v -0.37085022 -0.73954287 0.16205505
v -0.33042600 -0.88812842 0.00265544
v -0.16967600 -0.91412842 0.00265544
v -0.17060200 -0.91985358 -0.00387544
v -0.33135200 -0.89385358 -0.00387544
v -0.22667805 -0.74449135 0.18098346
v -0.16592805 -0.91667135 0.00050246
v -0.17434995 -0.91731065 -0.00172246
v -0.23509995 -0.74513065 0.17875854
v -0.32690948 -0.89249853 0.00037111
v -0.22690948 -0.74631853 -0.18062889
v -0.23486852 -0.74330347 -0.18259111
v -0.33486852 -0.88948347 -0.00159111
v -0.23510022 -0.74512757 -0.18049771
v -0.17435022 -0.91730757 0.00050229
v -0.16592778 -0.91667443 -0.00172229
v -0.22667778 -0.74449443 -0.18272229
v -0.33135126 -0.89384898 0.00265957
v -0.17060126 -0.91984898 0.00265957
v -0.16967674 -0.91413302 -0.00387957
v -0.33042674 -0.88813302 -0.00387957
v -0.32667323 -0.89109457 -0.00174508
v -0.36597323 -0.74256457 -0.16126108
v -0.37440477 -0.74235743 -0.15899092
v -0.33510477 -0.89088743 0.00052508
v -0.23133399 -0.74187916 -0.18481595
v -0.37063399 -0.73952916 -0.16333195
v -0.36974401 -0.74539284 -0.15692005
v -0.23044401 -0.74774284 -0.17840405
v -0.32794836 -0.88960224 -0.00352476
v -0.51814836 -0.72513224 -0.11705076
v -0.52402964 -0.72790976 -0.11122124
v -0.33382964 -0.89237976 0.00230476
v -0.37085035 -0.73954315 -0.16330729
v -0.52175035 -0.72360315 -0.11731729
v -0.52042765 -0.72943885 -0.11095471
v -0.36952765 -0.74537885 -0.15694471
v -1.05265360 0.16049228 -0.21956122
v -1.01340360 0.24394228 -0.00105522
v -1.00667440 0.23844572 -0.00016478
v -1.04592440 0.15499572 -0.21867078
v -1.04972660 0.16010728 -0.21546974
v -0.94977660 0.09918228 -0.16398674
v -0.94890140 0.09445572 -0.17127926
v -1.04885140 0.15538072 -0.22276226
v -0.95271433 0.09818750 -0.17004260
v -1.01341433 0.24256250 -0.00301960
v -1.00666367 0.23982550 0.00179960
v -0.94596367 0.09545050 -0.16522340
v -0.95290622 0.09932958 -0.16784205
v -0.91325622 0.16957458 -0.00081905
v -0.90612178 0.16455342 -0.00040095
v -0.94577178 0.09430842 -0.16742395
v -1.01004058 0.24119187 0.00375713
v -0.90969058 0.16706187 0.00375713
v -0.90968742 0.16706613 -0.00497713
v -1.01003742 0.24119613 -0.00497713
v -1.01341401 0.24255765 0.00180279
v -0.95271401 0.09818265 0.16830679
v -0.94596399 0.09545535 0.16348121
v -1.00666399 0.23983035 -0.00302279
v -1.04885375 0.15537808 0.22102183
v -0.94890375 0.09445308 0.16953883
v -0.94977425 0.09918492 0.16224917
v -1.04972425 0.16010992 0.21373217
v -1.01340298 0.24394282 -0.00016340
v -1.05265298 0.16049282 0.21782360
v -1.04592502 0.15499518 0.21693040
v -1.00667502 0.23844518 -0.00105660
v -0.91325650 0.16957416 -0.00040055
v -0.95290650 0.09932916 0.16610345
v -0.94577150 0.09430884 0.16568455
v -0.90612150 0.16455384 -0.00081945
v -0.63237784 -0.58066473 -0.27026843
v -0.55307784 -0.62007473 0.00072757
v -0.54510016 -0.62241727 -0.00194757
v -0.62440016 -0.58300727 -0.27294357
v -0.54908906 -0.62124621 -0.00497713
v -0.70918906 -0.57132621 -0.00497713
v -0.70918894 -0.57132579 0.00375713
v -0.54908894 -0.62124579 0.00375713
v -0.63242295 -0.58071958 -0.27285206
v -0.71322295 -0.57020958 -0.00185606
v -0.70515505 -0.57244242 0.00063606
v -0.62435505 -0.58295242 -0.27035994
v -0.71322231 -0.57020972 0.00063825
v -0.63242231 -0.58071972 0.27111525
v -0.62435569 -0.58295228 0.26861875
v -0.70515569 -0.57244228 -0.00185825
v -0.55307720 -0.62007520 -0.00194988
v -0.63237720 -0.58066520 0.26852712
v -0.62440080 -0.58300680 0.27120688
v -0.54510080 -0.62241680 0.00072988
v -0.70518660 -0.57215861 -0.00214602
v -0.78408660 -0.54922861 -0.22016402
v -0.79209140 -0.54756339 -0.21709198
v -0.71319140 -0.57049339 0.00092602
v -0.62947523 -0.58060992 -0.27565429
v -0.78917523 -0.54716992 -0.22267629
v -0.78700277 -0.54962208 -0.21457971
v -0.62730277 -0.58306208 -0.26755771
v -0.62731336 -0.58305929 0.26581504
v -0.78701336 -0.54961929 0.21332504
v -0.78916464 -0.54717271 0.22142896
v -0.62946464 -0.58061271 0.27391896
v -0.71319140 -0.57049373 -0.00214621
v -0.79209140 -0.54756373 0.21584079
v -0.78408660 -0.54922827 0.21891321
v -0.70518660 -0.57215827 0.00092621
v -0.62492681 -0.58187645 -0.27426746
v -0.77547681 -0.43816145 -0.47229646
v -0.78240119 -0.43808055 -0.46697354
v -0.63185119 -0.58179555 -0.26894454
v -0.78392572 -0.54965247 -0.21902824
v -0.77477572 -0.43937747 -0.47003524
v -0.78310228 -0.43686453 -0.46923476
v -0.79225228 -0.54713953 -0.21822776
v -0.79225303 -0.54714170 0.21697774
v -0.78310303 -0.43686670 0.46798474
v -0.77477497 -0.43937530 0.46878326
v -0.78392497 -0.54965030 0.21777626
v -0.63185483 -0.58179682 0.26721025
v -0.78240483 -0.43808182 0.46572725
v -0.77547317 -0.43816018 0.47104075
v -0.62492317 -0.58187518 0.27252375
v -0.78466151 -0.54830988 -0.22133294
v -0.91301151 -0.43403988 -0.38032994
v -0.91986649 -0.43421212 -0.37492006
v -0.79151649 -0.54848212 -0.21592306
v -0.78101609 -0.43599033 -0.47283152
v -0.91851609 -0.43199533 -0.38082152
v -0.91436191 -0.43625667 -0.37442848
v -0.77686191 -0.44025167 -0.46643848
v -0.77686189 -0.44025168 0.46518749
v -0.91436189 -0.43625668 0.37317649
v -0.91851611 -0.43199532 0.37956951
v -0.78101611 -0.43599032 0.47158051
v -0.79151648 -0.54848211 0.21467205
v -0.91986648 -0.43421211 0.37366805
v -0.91301152 -0.43403989 0.37907795
v -0.78466152 -0.54830989 0.22008195
v -0.27876933 0.76061865 -0.04948860
v -0.24496933 0.80674865 0.00251340
v -0.23980867 0.81000935 -0.00373340
v -0.27360867 0.76387935 -0.05573540
v -0.27562072 0.76386416 -0.04859452
v -0.24182072 0.79182416 -0.06461652
v -0.24295728 0.78859384 -0.07265148
v -0.27675728 0.76063384 -0.05662948
v -0.24560046 0.78734979 -0.06787027
v -0.24560046 0.80551979 0.00015373
v -0.23917754 0.81123821 -0.00137373
v -0.23917754 0.79306821 -0.06939773
v -0.27361472 0.76386343 0.05400965
v -0.23981472 0.80999343 0.00252665
v -0.24496328 0.80676457 -0.00374665
v -0.27876328 0.76063457 0.04773635
v -0.23917795 0.79306708 0.06763365
v -0.23917795 0.81123708 0.00015965
v -0.24560005 0.80552092 -0.00137965
v -0.24560005 0.78735092 0.06609435
v -0.27675093 0.76063080 0.05489015
v -0.24295093 0.78859080 0.07088115
v -0.24182707 0.79182720 0.06284685
v -0.27562707 0.76386720 0.04685585
v -0.24239182 0.80838195 -0.00497713
v -0.27619182 0.77609195 -0.00497713
v -0.27618618 0.77608605 0.00375713
v -0.24238618 0.80837605 0.00375713
v -0.27939780 0.75938632 -0.05185012
v -0.27939780 0.77322632 0.00015188
v -0.27298020 0.77895168 -0.00137188
v -0.27298020 0.76511168 -0.05337388
v -0.27297921 0.76510873 0.05164177
v -0.27297921 0.77894873 0.00015877
v -0.27939879 0.77322927 -0.00137877
v -0.27939879 0.75938927 0.05010423
v 0.45064551 -0.04484547 -0.00305506
v 0.31604551 0.13135453 -0.12457606
v 0.30907649 0.12940347 -0.11968594
v 0.44367649 -0.04679653 0.00183506
v 0.42664349 0.14362247 -0.18318586
v 0.31099349 0.13355747 -0.12468286
v 0.31412851 0.12720053 -0.11957914
v 0.42977851 0.13726553 -0.17808214
v 0.45133836 -0.04646034 -0.00171123
v 0.43238836 0.13980466 -0.18173523
v 0.42403364 0.14108334 -0.17953277
v 0.44298364 -0.04518166 0.00049123
v 0.44829162 -0.04310055 -0.00383377
v 0.32649162 0.00751945 -0.00383377
v 0.32423038 0.00207855 0.00261377
v 0.44603038 -0.04854145 0.00261377
v 0.30838495 0.13102184 -0.12102682
v 0.32118495 0.00544184 0.00049418
v 0.32953705 0.00415616 -0.00171418
v 0.31673705 0.12973616 -0.12323518
v 0.44367958 -0.04679903 -0.00305847
v 0.30907958 0.12940097 0.11794353
v 0.31604242 0.13135703 0.12284047
v 0.45064242 -0.04484297 0.00183847
v 0.44298696 -0.04517379 -0.00171922
v 0.42403696 0.14109121 0.17827278
v 0.43238504 0.13979679 0.18049122
v 0.45133504 -0.04646821 0.00049922
v 0.42978589 0.13726361 0.17683707
v 0.31413589 0.12719861 0.11784707
v 0.31098611 0.13355939 0.12293693
v 0.42663611 0.14362439 0.18192693
v 0.31673771 0.12974068 0.12149629
v 0.32953771 0.00416068 0.00049429
v 0.32118429 0.00543732 -0.00171429
v 0.30838429 0.13101732 0.11928771
v 0.44602775 -0.04854778 -0.00382748
v 0.32422775 0.00207222 -0.00382748
v 0.32649425 0.00752578 0.00260748
v 0.44829425 -0.04309422 0.00260748
v -0.23772064 0.67906466 -0.13449404
v -0.27607064 0.64068466 -0.13449404
v -0.27610936 0.64072334 -0.12575996
v -0.23775936 0.67910334 -0.12575996
v -0.27297124 0.64369808 -0.12951007
v -0.27297124 0.65255808 -0.17250907
v -0.27920876 0.64656992 -0.17374293
v -0.27920876 0.63770992 -0.13074393
v -0.23599804 0.68148716 -0.13333046
v -0.27434804 0.65196716 -0.17632946
v -0.27783196 0.64716084 -0.16992254
v -0.23948196 0.67668084 -0.12692354
v -0.23934556 0.67673473 -0.13343984
v -0.27769556 0.64721473 -0.09391984
v -0.27448444 0.65191327 -0.08729416
v -0.23613444 0.68143327 -0.12681416
v -0.27921446 0.63772674 -0.12945953
v -0.27921446 0.64658674 -0.08993953
v -0.27296554 0.65254126 -0.09127447
v -0.27296554 0.64368126 -0.13079447
v -0.27541852 0.64889298 -0.16886329
v -0.24591852 0.67841298 -0.16886329
v -0.24726148 0.67975502 -0.17738871
v -0.27676148 0.65023502 -0.17738871
v -0.23474794 0.68220492 -0.13074282
v -0.24359794 0.68220492 -0.17374182
v -0.24958206 0.67596308 -0.17251018
v -0.24073206 0.67596308 -0.12951118
v -0.24387308 0.68229972 -0.17428758
v -0.27337308 0.68229972 -0.24328758
v -0.27880692 0.67586828 -0.24096442
v -0.24930692 0.67586828 -0.17196442
v -0.27287612 0.65228248 -0.17196296
v -0.27287612 0.68180248 -0.24096296
v -0.27930388 0.67636552 -0.24328904
v -0.27930388 0.64684552 -0.17428904
v -0.24071528 0.67595740 -0.13079328
v -0.24956528 0.67595740 -0.09127328
v -0.24361472 0.68221060 -0.08994072
v -0.23476472 0.68221060 -0.12946072
v -0.27678034 0.65025387 -0.08635032
v -0.24728034 0.67977387 -0.08635032
v -0.24589966 0.67839413 -0.09486368
v -0.27539966 0.64887413 -0.09486368
v -0.24930693 0.67586828 -0.09176857
v -0.27880693 0.67586828 -0.02276757
v -0.27337307 0.68229972 -0.02044443
v -0.24387307 0.68229972 -0.08944543
v -0.27930388 0.64684551 -0.08944398
v -0.27930388 0.67636551 -0.02044298
v -0.27287612 0.68180249 -0.02276902
v -0.27287612 0.65228249 -0.09177002
v -0.24592094 0.67841539 0.16761153
v -0.27542094 0.64889539 0.16761153
v -0.27675906 0.65023261 0.17613847
v -0.24725906 0.67975261 0.17613847
v -0.27433018 0.65197449 0.17506316
v -0.23598018 0.68149449 0.13157516
v -0.23949982 0.67667351 0.12519884
v -0.27784982 0.64715351 0.16868684
v -0.24359588 0.68220423 0.17248432
v -0.23474588 0.68220423 0.12899632
v -0.24073412 0.67596377 0.12777768
v -0.24958412 0.67596377 0.17126568
v -0.27930388 0.64684552 0.17303804
v -0.27930388 0.67636552 0.24203804
v -0.27287612 0.68180248 0.23971196
v -0.27287612 0.65228248 0.17071196
v -0.24930692 0.67586828 0.17071342
v -0.27880692 0.67586828 0.23971342
v -0.27337308 0.68229972 0.24203658
v -0.24387308 0.68229972 0.17303658
v -0.27297193 0.65256014 0.17126458
v -0.27297193 0.64370014 0.12777658
v -0.27920807 0.63770786 0.12899742
v -0.27920807 0.64656786 0.17248542
v -0.23776183 0.67910582 0.12401998
v -0.27611183 0.64072582 0.12401998
v -0.27606817 0.64068218 0.13275402
v -0.23771817 0.67906218 0.13275402
v -0.23613444 0.68143327 0.12507416
v -0.27448444 0.65191327 0.08555416
v -0.27769556 0.64721473 0.09217984
v -0.23934556 0.67673473 0.13169984
v -0.27296554 0.64368126 0.12905447
v -0.27296554 0.65254126 0.08953447
v -0.27921446 0.64658674 0.08819953
v -0.27921446 0.63772674 0.12771953
v -0.27539965 0.64887412 0.09312368
v -0.24589965 0.67839412 0.09312368
v -0.24728035 0.67977388 0.08461032
v -0.27678035 0.65025388 0.08461032
v -0.23476472 0.68221060 0.12772072
v -0.24361472 0.68221060 0.08820072
v -0.24956528 0.67595740 0.08953328
v -0.24071528 0.67595740 0.12905328
v -0.27287612 0.65228248 0.09003004
v -0.27287612 0.68180248 0.02103004
v -0.27930388 0.67636552 0.01870396
v -0.27930388 0.64684552 0.08770396
v -0.24387308 0.68229972 0.08770542
v -0.27337308 0.68229972 0.01870542
v -0.27880692 0.67586828 0.02102858
v -0.24930692 0.67586828 0.09002858
v -0.31320046 0.79306821 -0.06939773
v -0.31320046 0.81123821 -0.00137373
v -0.30677754 0.80551979 0.00015373
v -0.30677754 0.78734979 -0.06787027
v -0.27562072 0.76063384 -0.05662948
v -0.30942072 0.78859384 -0.07265148
v -0.31055728 0.79182416 -0.06461652
v -0.27675728 0.76386416 -0.04859452
v -0.27876933 0.76387935 -0.05573540
v -0.31256933 0.81000935 -0.00373340
v -0.30740867 0.80674865 0.00251340
v -0.27360867 0.76061865 -0.04948860
v -0.27939780 0.76511168 -0.05337388
v -0.27939780 0.77895168 -0.00137188
v -0.27298020 0.77322632 0.00015188
v -0.27298020 0.75938632 -0.05185012
v -0.30999182 0.80837605 0.00375713
v -0.27619182 0.77608605 0.00375713
v -0.27618618 0.77609195 -0.00497713
v -0.30998618 0.80838195 -0.00497713
v -0.31256328 0.80999343 0.00252665
v -0.27876328 0.76386343 0.05400965
v -0.27361472 0.76063457 0.04773635
v -0.30741472 0.80676457 -0.00374665
v -0.27939879 0.77894873 0.00015877
v -0.27939879 0.76510873 0.05164177
v -0.27297921 0.75938927 0.05010423
v -0.27297921 0.77322927 -0.00137877
v -0.27675093 0.76386720 0.04685585
v -0.31055093 0.79182720 0.06284685
v -0.30942707 0.78859080 0.07088115
v -0.27562707 0.76063080 0.05489015
v -0.31320005 0.81123708 0.00015965
v -0.31320005 0.79306708 0.06763365
v -0.30677795 0.78735092 0.06609435
v -0.30677795 0.80552092 -0.00137965
v 0.36834520 -0.68111993 0.00077381
v 0.52224520 -0.59091993 0.17875181
v 0.52857680 -0.59626207 0.17598419
v 0.37467680 -0.68646207 -0.00199381
v 0.37264868 -0.68127138 0.00277069
v 0.46424868 -0.72263138 0.00277069
v 0.46197332 -0.72767062 -0.00399069
v 0.37037332 -0.68631062 -0.00399069
v 0.52937801 -0.59541669 0.17732891
v 0.46707801 -0.72697669 -0.00064909
v 0.45914399 -0.72332531 -0.00057091
v 0.52144399 -0.59176531 0.17740709
v 0.45967623 -0.72350663 0.00152781
v 0.56347623 -0.66269163 0.12152281
v 0.57034577 -0.66598037 0.11724719
v 0.46654577 -0.72679537 -0.00274781
v 0.52913696 -0.59325146 0.17962049
v 0.57063696 -0.66399646 0.12163749
v 0.56318504 -0.66467554 0.11713251
v 0.52168504 -0.59393054 0.17511551
v 0.46287849 -0.72366419 0.00348965
v 0.59057849 -0.70369419 0.00348965
v 0.59104351 -0.70666781 -0.00470965
v 0.46334351 -0.72663781 -0.00470965
v 0.57115551 -0.66346792 0.11993492
v 0.59505551 -0.70431292 -0.00006008
v 0.58656649 -0.70604908 -0.00115992
v 0.56266649 -0.66520408 0.11883508
v 0.52144504 -0.59176299 -0.17914490
v 0.45914504 -0.72332299 -0.00064690
v 0.46707696 -0.72697901 -0.00057310
v 0.52937696 -0.59541901 -0.17907110
v 0.37037531 -0.68630621 0.00277463
v 0.46197531 -0.72766621 0.00277463
v 0.46424669 -0.72263579 -0.00399463
v 0.37264669 -0.68127579 -0.00399463
v 0.37467936 -0.68645924 0.00077340
v 0.52857936 -0.59625924 -0.17772460
v 0.52224264 -0.59092276 -0.18049140
v 0.36834264 -0.68112276 -0.00199340
v 0.52168797 -0.59392402 -0.17684969
v 0.56318797 -0.66466902 -0.11886569
v 0.57063403 -0.66400298 -0.12338231
v 0.52913403 -0.59325798 -0.18136631
v 0.46654976 -0.72679292 0.00152327
v 0.57034976 -0.66597792 -0.11899073
v 0.56347224 -0.66269408 -0.12325727
v 0.45967224 -0.72350908 -0.00274327
v 0.56266597 -0.66520263 -0.12057586
v 0.58656597 -0.70604763 -0.00006186
v 0.59505603 -0.70431437 -0.00115814
v 0.57115603 -0.66346937 -0.12167214
v 0.46334263 -0.72663216 0.00349175
v 0.59104263 -0.70666216 0.00349175
v 0.59057937 -0.70369984 -0.00471175
v 0.46287937 -0.72366984 -0.00471175
v 0.03882326 -0.22814083 0.17497533
v 0.08327326 -0.34430583 0.00148333
v 0.07654874 -0.34062617 -0.00270333
v 0.03209874 -0.22446117 0.17078867
v 0.07664818 -0.33958084 -0.00092884
v 0.11049818 -0.27737584 0.21556216
v 0.11702382 -0.28314616 0.21619984
v 0.08317382 -0.34535116 -0.00029116
v 0.03488521 -0.22414509 0.17663597
v 0.11318521 -0.27810509 0.21963497
v 0.11433679 -0.28241691 0.21212703
v 0.03603679 -0.22845691 0.16912803
v 0.03895732 -0.22891747 0.17284108
v -0.00234268 -0.28139247 -0.00065092
v -0.00933532 -0.27615953 -0.00056908
v 0.03196468 -0.22368453 0.17292292
v 0.07990970 -0.34246776 -0.00497713
v -0.00584030 -0.27877776 -0.00497713
v -0.00583770 -0.27877424 0.00375713
v 0.07991230 -0.34246424 0.00375713
v 0.08327357 -0.34430949 -0.00269960
v 0.03882357 -0.22814449 -0.17671160
v 0.03209843 -0.22445751 -0.17253240
v 0.07654843 -0.34062251 0.00147960
v -0.00234263 -0.28139240 -0.00056917
v 0.03895737 -0.22891740 -0.17458117
v 0.03196463 -0.22368460 -0.17466283
v -0.00933537 -0.27615960 -0.00065083
v 0.03603888 -0.22845466 -0.17086705
v 0.11433888 -0.28241466 -0.21386605
v 0.11318312 -0.27810734 -0.22137595
v 0.03488312 -0.22414734 -0.17837695
v 0.08317447 -0.34535054 -0.00092779
v 0.11702447 -0.28314554 -0.21793879
v 0.11049753 -0.27737646 -0.21730321
v 0.07664753 -0.33958146 -0.00029221
v 0.09368886 0.22683846 0.22654784
v 0.01603886 0.31157846 0.12956284
v 0.00938314 0.31193954 0.13520716
v 0.08703314 0.22719954 0.23219216
v 0.08858327 0.22943184 0.22619357
v -0.01766673 0.24463684 0.29720757
v -0.01411127 0.23981116 0.30356043
v 0.09213873 0.22460616 0.23254643
v -0.01193897 0.24036400 0.30028659
v 0.01666103 0.30989900 0.13228759
v 0.00876097 0.31361900 0.13248241
v -0.01983903 0.24408400 0.30048141
v -0.01257220 0.24199962 0.29755198
v -0.11377220 0.35532462 0.17004998
v -0.12040580 0.35577338 0.17571402
v -0.01920580 0.24244838 0.30321602
v 0.01191343 0.31315117 0.12832328
v -0.11788657 0.35694117 0.16882028
v -0.11629143 0.35415683 0.17694372
v 0.01350857 0.31036683 0.13644672
v 0.01645130 0.31053651 0.13049094
v -0.04179870 0.33837151 -0.00250406
v -0.04927930 0.34081649 0.00128406
v 0.00897070 0.31298149 0.13427906
v -0.11335037 0.35404215 0.17456243
v -0.04180037 0.33808715 0.00107043
v -0.04927763 0.34110085 -0.00229043
v -0.12082763 0.35705585 0.17120157
v -0.11331521 0.35417765 0.17116452
v -0.17841521 0.39231265 -0.00232748
v -0.18596279 0.39505535 0.00110748
v -0.12086279 0.35692035 0.17459948
v -0.04553884 0.33959440 -0.00497713
v -0.18218884 0.39368440 -0.00497713
v -0.18218916 0.39368360 0.00375713
v -0.04553916 0.33959360 0.00375713
v -0.01983737 0.24408744 -0.30222311
v 0.00876263 0.31362244 -0.13422411
v 0.01665937 0.30989556 -0.13402589
v -0.01194063 0.24036056 -0.30202489
v 0.09214673 0.22460068 -0.23378876
v -0.01410327 0.23980568 -0.30529176
v -0.01767473 0.24464232 -0.29895624
v 0.08857527 0.22943732 -0.22745324
v 0.08704026 0.22719932 -0.23345154
v 0.00939026 0.31193932 -0.13695554
v 0.01603174 0.31157868 -0.13129446
v 0.09368174 0.22683868 -0.22779046
v -0.04179847 0.33808715 -0.00228619
v -0.11334847 0.35404215 -0.17629819
v -0.12082953 0.35705585 -0.17294581
v -0.04927953 0.34110085 0.00106619
v -0.17841372 0.39231139 0.00110319
v -0.11331372 0.35417639 -0.17290881
v -0.12086428 0.35692161 -0.17633519
v -0.18596428 0.39505661 -0.00232319
v 0.01350872 0.31036718 -0.13818681
v -0.11629128 0.35415718 -0.17868381
v -0.11788672 0.35694082 -0.17056019
v 0.01191328 0.31315082 -0.13006319
v -0.01920580 0.24244838 -0.30495602
v -0.12040580 0.35577338 -0.17745402
v -0.11377220 0.35532462 -0.17178998
v -0.01257220 0.24199962 -0.29929198
v -0.04179613 0.33837015 0.00127809
v 0.01645387 0.31053515 -0.13223691
v 0.00896813 0.31298285 -0.13601309
v -0.04928187 0.34081785 -0.00249809
v -0.27610933 0.64068467 -0.13449404
v -0.31450833 0.67906467 -0.13449404
v -0.31446967 0.67910333 -0.12575996
v -0.27607067 0.64072333 -0.12575996
v -0.31149515 0.67596487 -0.12951081
v -0.30264515 0.67596487 -0.17250981
v -0.30863285 0.68220313 -0.17374219
v -0.31748285 0.68220313 -0.13074319
v -0.27368764 0.63896321 -0.13333170
v -0.30323664 0.67734321 -0.17633070
v -0.30804136 0.68082479 -0.16992130
v -0.27849236 0.64244479 -0.12692230
v -0.27843845 0.64230835 -0.13344101
v -0.30798745 0.68068835 -0.09392101
v -0.30329055 0.67747965 -0.08729299
v -0.27374155 0.63909965 -0.12681299
v -0.31746606 0.68220881 -0.12946032
v -0.30861606 0.68220881 -0.08994032
v -0.30266194 0.67595919 -0.09127368
v -0.31151194 0.67595919 -0.13079368
v -0.30631054 0.67841180 -0.16886349
v -0.27676154 0.64889180 -0.16886349
v -0.27541846 0.65023620 -0.17738851
v -0.30496746 0.67975620 -0.17738851
v -0.27296854 0.63771261 -0.13074338
v -0.27296854 0.64657261 -0.17374238
v -0.27921146 0.65255539 -0.17250962
v -0.27921146 0.64369539 -0.12951062
v -0.27287368 0.64684796 -0.17428799
v -0.27287368 0.67636796 -0.24328799
v -0.27930632 0.68180004 -0.24096401
v -0.27930632 0.65228004 -0.17196401
v -0.30292071 0.67587034 -0.17196190
v -0.27337171 0.67587034 -0.24096190
v -0.27880829 0.68229766 -0.24329010
v -0.30835729 0.68229766 -0.17429010
v -0.27921714 0.64367857 -0.13079387
v -0.27921714 0.65253857 -0.09127387
v -0.27296286 0.64658943 -0.08994013
v -0.27296286 0.63772943 -0.12946013
v -0.30494859 0.67977509 -0.08635053
v -0.27539959 0.65025509 -0.08635053
v -0.27678041 0.64887291 -0.09486347
v -0.30632941 0.67839291 -0.09486347
v -0.27930632 0.65228005 -0.09176898
v -0.27930632 0.68180005 -0.02276798
v -0.27287368 0.67636795 -0.02044402
v -0.27287368 0.64684795 -0.08944502
v -0.30835730 0.68229765 -0.08944291
v -0.27880830 0.68229765 -0.02044191
v -0.27337170 0.67587035 -0.02277009
v -0.30292070 0.67587035 -0.09177109
v -0.27675912 0.64889422 0.16761173
v -0.30630812 0.67841422 0.16761173
v -0.30496988 0.67975378 0.17613827
v -0.27542088 0.65023378 0.17613827
v -0.30322931 0.67732535 0.17506441
v -0.27368031 0.63894535 0.13157641
v -0.27849969 0.64246265 0.12519759
v -0.30804869 0.68084265 0.16868559
v -0.27296924 0.64657055 0.17248487
v -0.27296924 0.63771055 0.12899687
v -0.27921076 0.64369745 0.12777713
v -0.27921076 0.65255745 0.17126513
v -0.30835729 0.68229766 0.17303910
v -0.27880829 0.68229766 0.24203910
v -0.27337171 0.67587034 0.23971090
v -0.30292071 0.67587034 0.17071090
v -0.27930632 0.65228004 0.17071301
v -0.27930632 0.68180004 0.23971301
v -0.27287368 0.67636796 0.24203699
v -0.27287368 0.64684796 0.17303699
v -0.30264309 0.67596556 0.17126532
v -0.31149309 0.67596556 0.12777732
v -0.31748491 0.68220244 0.12899668
v -0.30863491 0.68220244 0.17248468
v -0.27606820 0.64072581 0.12401998
v -0.31446720 0.67910581 0.12401998
v -0.31451080 0.67906219 0.13275402
v -0.27611180 0.64068219 0.13275402
v -0.27374155 0.63909965 0.12507299
v -0.30329055 0.67747965 0.08555299
v -0.30798745 0.68068835 0.09218101
v -0.27843845 0.64230835 0.13170101
v -0.31151194 0.67595919 0.12905368
v -0.30266194 0.67595919 0.08953368
v -0.30861606 0.68220881 0.08820032
v -0.31746606 0.68220881 0.12772032
v -0.30632942 0.67839290 0.09312347
v -0.27678042 0.64887290 0.09312347
v -0.27539958 0.65025510 0.08461053
v -0.30494858 0.67977510 0.08461053
v -0.27296286 0.63772943 0.12772013
v -0.27296286 0.64658943 0.08820013
v -0.27921714 0.65253857 0.08953387
v -0.27921714 0.64367857 0.12905387
v -0.30292071 0.67587034 0.09003110
v -0.27337171 0.67587034 0.02103110
v -0.27880829 0.68229766 0.01870290
v -0.30835729 0.68229766 0.08770290
v -0.27287368 0.64684796 0.08770501
v -0.27287368 0.67636796 0.01870501
v -0.27930632 0.68180004 0.02102899
v -0.27930632 0.65228004 0.09002899
v -1.34078394 0.15188906 -0.13058180
v -1.26068394 0.26626406 0.00244420
v -1.25549406 0.26973394 -0.00366420
v -1.33559406 0.15535894 -0.13669020
v -1.33761102 0.15526424 -0.12963008
v -1.25751102 0.22348424 -0.16912008
v -1.25866698 0.22020376 -0.17713192
v -1.33876698 0.15198376 -0.13764192
v -1.26125490 0.21893807 -0.17234855
v -1.26125490 0.26509307 0.00016745
v -1.25492310 0.27090493 -0.00138745
v -1.25492310 0.22474993 -0.17390345
v -1.33559659 0.15535264 0.13492591
v -1.25549659 0.26972764 0.00244991
v -1.26068141 0.26627036 -0.00366991
v -1.34078141 0.15189536 0.12880609
v -1.25492356 0.22474982 0.17216677
v -1.25492356 0.27090482 0.00016977
v -1.26125444 0.26509318 -0.00138977
v -1.26125444 0.21893818 0.17060723
v -1.33876607 0.15198136 0.13587106
v -1.25866607 0.22020136 0.17539206
v -1.25751193 0.22348664 0.16738194
v -1.33761193 0.15526664 0.12786094
v -1.25809017 0.26800019 -0.00497713
v -1.33819017 0.18922519 -0.00497713
v -1.33818783 0.18922281 0.00375713
v -1.25808783 0.26799781 0.00375713
v -1.34135512 0.15071835 -0.13285840
v -1.34135512 0.18631835 0.00016760
v -1.33502288 0.19212965 -0.00138760
v -1.33502288 0.15652965 -0.13441360
v -1.33502246 0.15652842 0.13264650
v -1.33502246 0.19212842 0.00017050
v -1.34135554 0.18631958 -0.00139050
v -1.34135554 0.15071958 0.13108550
v -1.76648783 -0.32713719 -0.00497713
v -1.84918783 -0.40814219 -0.00497713
v -1.84919017 -0.40813981 0.00375713
v -1.76649017 -0.32713481 0.00375713
v -1.84665681 -0.40650655 0.00255044
v -1.76395681 -0.29192155 -0.12296856
v -1.76902119 -0.29519045 -0.12928944
v -1.85172119 -0.40977545 -0.00377044
v -1.76331686 -0.32423641 0.00016573
v -1.76331686 -0.29065641 -0.12535327
v -1.76966114 -0.29645559 -0.12690473
v -1.76966114 -0.33003559 -0.00138573
v -1.85171862 -0.40976891 0.00255587
v -1.76901862 -0.29518391 0.12755587
v -1.76395938 -0.29192809 0.12122413
v -1.84665938 -0.40651309 -0.00377587
v -1.76966155 -0.33003436 0.00016862
v -1.76966155 -0.29645436 0.12516862
v -1.76331645 -0.29065764 0.12361138
v -1.76331645 -0.32423764 -0.00138862
v -1.84601661 -0.40524174 0.00016591
v -1.84601661 -0.36081174 -0.16585009
v -1.85236139 -0.36661026 -0.16740191
v -1.85236139 -0.41104026 -0.00138591
v -1.76591397 -0.29192016 -0.13013714
v -1.84861397 -0.36207516 -0.17063414
v -1.84976403 -0.36534684 -0.16261786
v -1.76706403 -0.29519184 -0.12212086
v -1.76706230 -0.29519361 0.12038234
v -1.84976230 -0.36534861 0.16087934
v -1.84861570 -0.36207339 0.16889466
v -1.76591570 -0.29191839 0.12839766
v -1.85236108 -0.41103997 0.00016827
v -1.85236108 -0.36660997 0.16566527
v -1.84601692 -0.36081203 0.16410873
v -1.84601692 -0.40524203 -0.00138827
v -2.15923745 -0.27700758 -0.00497713
v -2.22538745 -0.34181258 -0.00497713
v -2.22539055 -0.34180942 0.00375713
v -2.15924055 -0.27700442 0.00375713
v -2.22285657 -0.34017417 0.00254902
v -2.15670657 -0.24850917 -0.09797598
v -2.16177143 -0.25178283 -0.10429402
v -2.22792143 -0.34344783 -0.00376902
v -2.15606724 -0.27410579 0.00016493
v -2.15606724 -0.24724579 -0.10036007
v -2.16241076 -0.25304621 -0.10190993
v -2.16241076 -0.27990621 -0.00138493
v -2.22791802 -0.34343918 0.00255621
v -2.16176802 -0.25177418 0.10253121
v -2.15670998 -0.24851782 0.09619879
v -2.22285998 -0.34018282 -0.00377621
v -2.16241131 -0.27990458 0.00016875
v -2.16241131 -0.25304458 0.10014375
v -2.15606669 -0.24724742 0.09858625
v -2.15606669 -0.27410742 -0.00138875
v -2.22221722 -0.33891081 0.00016494
v -2.22221722 -0.30336581 -0.13286106
v -2.22856078 -0.30916619 -0.13441094
v -2.22856078 -0.34471119 -0.00138494
v -2.15865995 -0.24850811 -0.10514172
v -2.22480995 -0.30462811 -0.13764272
v -2.22596805 -0.30790389 -0.12962928
v -2.15981805 -0.25178389 -0.09712828
v -2.15981579 -0.25178625 0.09535892
v -2.22596579 -0.30790625 0.12786092
v -2.22481221 -0.30462575 0.13587308
v -2.15866221 -0.24850575 0.10337108
v -2.22856035 -0.34471082 0.00016805
v -2.22856035 -0.30916582 0.13264505
v -2.22221765 -0.30336618 0.13108895
v -2.22221765 -0.33891118 -0.00138805
v 1.24971619 0.14900722 -0.30327275
v 1.19606619 0.26403222 -0.17628875
v 1.20355581 0.26276578 -0.17197725
v 1.25720581 0.14774078 -0.29896125
v 1.36813180 0.14195739 -0.21577514
v 1.25543180 0.14550739 -0.30375714
v 1.25149020 0.15124061 -0.29847686
v 1.36419020 0.14769061 -0.21049486
v 1.36428500 0.14340205 -0.21681338
v 1.19793500 0.26197705 -0.17781138
v 1.20168700 0.26482095 -0.17045462
v 1.36803700 0.14624595 -0.20945662
v 1.36803984 0.14625108 0.20769006
v 1.20168984 0.26482608 0.16868806
v 1.19793216 0.26197192 0.17603794
v 1.36428216 0.14339692 0.21503994
v 1.36418965 0.14769040 0.20872505
v 1.25148965 0.15124040 0.29673705
v 1.25543235 0.14550760 0.30201695
v 1.36813235 0.14195760 0.21400495
v 1.25720575 0.14774024 0.29722130
v 1.20355575 0.26276524 0.17020730
v 1.19606625 0.26403276 0.17451870
v 1.24971625 0.14900776 0.30153270
v 1.36241682 0.14546463 -0.21528966
v 1.32451682 0.22674963 -0.12526266
v 1.33200518 0.22546837 -0.12095334
v 1.36990518 0.14418337 -0.21098034
v 1.19888285 0.26537634 -0.17035140
v 1.32733285 0.22808634 -0.11932640
v 1.32918915 0.22413166 -0.12688960
v 1.20073915 0.26142166 -0.17791460
v 1.20072355 0.26141979 0.17614741
v 1.32917355 0.22412979 0.12567141
v 1.32734845 0.22808821 0.11810259
v 1.19889845 0.26537821 0.16857859
v 1.36990675 0.14419721 0.20920902
v 1.33200675 0.22548221 0.11973102
v 1.32451525 0.22673579 0.12404298
v 1.36241525 0.14545079 0.21352098
v 1.32558074 0.22641043 -0.12654270
v 1.17753074 0.30580543 -0.00404470
v 1.18289126 0.30520257 0.00282470
v 1.33094126 0.22580757 -0.11967330
v 1.19573351 0.26474971 -0.17492131
v 1.17613351 0.30685471 -0.00139831
v 1.18428849 0.30415329 0.00017831
v 1.20388849 0.26204829 -0.17334469
v 1.33094187 0.22580927 0.11845263
v 1.18289187 0.30520427 -0.00404437
v 1.17753013 0.30580373 0.00282437
v 1.32558013 0.22640873 0.12532137
v 1.20388915 0.26205134 0.17157285
v 1.18428915 0.30415634 -0.00140015
v 1.17613285 0.30685166 0.00018015
v 1.19573285 0.26474666 0.17315315
v 1.32418328 0.22745870 -0.12389688
v 1.31033328 0.25721370 -0.00139888
v 1.31848872 0.25451430 0.00017888
v 1.33233872 0.22475930 -0.12231912
v 1.18021100 0.30550400 0.00375713
v 1.31441100 0.25586400 0.00375713
v 1.31441100 0.25586400 -0.00497713
v 1.18021100 0.30550400 -0.00497713
v 1.33233872 0.22475930 0.12109811
v 1.31848872 0.25451430 -0.00139889
v 1.31033328 0.25721370 0.00017889
v 1.32418328 0.22745870 0.12267589
v 1.60973064 -0.37129004 -0.00362340
v 1.45678064 -0.28142504 -0.17714640
v 1.45054136 -0.28040696 -0.17111960
v 1.60349136 -0.37027196 0.00240340
v 1.45458862 -0.28289510 -0.17035219
v 1.58223862 -0.31856010 -0.22034019
v 1.58038338 -0.31460190 -0.22790181
v 1.45273338 -0.27893690 -0.17791381
v 1.61070341 -0.37209035 -0.00139074
v 1.58540341 -0.31789035 -0.22490174
v 1.57721859 -0.31527165 -0.22334026
v 1.60251859 -0.36947165 0.00017074
v 1.60661057 -0.37078220 -0.00497713
v 1.47326057 -0.32301720 -0.00497713
v 1.47326143 -0.32301480 0.00375713
v 1.60661143 -0.37077980 0.00375713
v 1.44956810 -0.27960759 -0.17335325
v 1.46916810 -0.32170759 0.00016975
v 1.47735390 -0.32432441 -0.00138975
v 1.45775390 -0.28222441 -0.17491275
v 1.58368970 -0.31550845 -0.22762289
v 1.40238970 -0.16481345 -0.30461889
v 1.39763230 -0.16695855 -0.29761511
v 1.57893230 -0.31765355 -0.22061911
v 1.45742237 -0.28151908 -0.17626846
v 1.40377237 -0.16648908 -0.30325246
v 1.39624963 -0.16528292 -0.29898154
v 1.44989963 -0.28031292 -0.17199754
v 1.46916820 -0.32170858 -0.00139198
v 1.44956820 -0.27960858 0.17158102
v 1.45775380 -0.28222342 0.17314498
v 1.47735380 -0.32432342 0.00017198
v 1.60349509 -0.37027549 -0.00362785
v 1.45054509 -0.28041049 0.16934515
v 1.45677691 -0.28142151 0.17538085
v 1.60972691 -0.37128651 0.00240785
v 1.40198319 -0.16874693 -0.29847174
v 1.51423319 -0.17136193 -0.38498874
v 1.51028881 -0.16564007 -0.39027926
v 1.39803881 -0.16302507 -0.30376226
v 1.58507237 -0.31718484 -0.22625624
v 1.51602237 -0.16910484 -0.38976924
v 1.50849963 -0.16789716 -0.38549876
v 1.57754963 -0.31597716 -0.22198576
v 1.45273293 -0.27893609 0.17614327
v 1.58038293 -0.31460109 0.22616127
v 1.58223907 -0.31856091 0.21860073
v 1.45458907 -0.28289591 0.16858273
v 1.60251895 -0.36947158 -0.00139254
v 1.57721895 -0.31527158 0.22159846
v 1.58540305 -0.31789042 0.22316354
v 1.61070305 -0.37209042 0.00017254
v 1.57893233 -0.31765349 0.21887907
v 1.39763233 -0.16695849 0.29587507
v 1.40238967 -0.16481351 0.30287893
v 1.58368967 -0.31550851 0.22588293
v 1.44989975 -0.28031228 0.17022751
v 1.39624975 -0.16528228 0.29724151
v 1.40377225 -0.16648972 0.30151249
v 1.45742225 -0.28151972 0.17449849
v 1.57754953 -0.31597766 0.22024578
v 1.50849953 -0.16789766 0.38372878
v 1.51602247 -0.16910434 0.38799922
v 1.58507247 -0.31718434 0.22451622
v 1.39803934 -0.16302493 0.30202249
v 1.51028934 -0.16563993 0.38850949
v 1.51423266 -0.17136207 0.38321851
v 1.40198266 -0.16874707 0.29673151
v -2.41663717 -0.23690787 -0.00497713
v -2.46958717 -0.28875287 -0.00497713
v -2.46959083 -0.28874913 0.00375713
v -2.41664083 -0.23690413 0.00375713
v -2.46705549 -0.28711362 0.00254786
v -2.41410549 -0.21377862 -0.07795814
v -2.41917251 -0.21705338 -0.08427386
v -2.47212251 -0.29038838 -0.00376786
v -2.41346652 -0.23400634 0.00016403
v -2.41346652 -0.21251634 -0.08034197
v -2.41981148 -0.21831566 -0.08189003
v -2.41981148 -0.23980566 -0.00138403
v -2.47211849 -0.29037817 0.00255636
v -2.41916849 -0.21704317 0.08254236
v -2.41410951 -0.21378883 0.07620964
v -2.46705951 -0.28712383 -0.00377636
v -2.41981213 -0.23980374 0.00016854
v -2.41981213 -0.21831374 0.08015454
v -2.41346587 -0.21251826 0.07859746
v -2.41346587 -0.23400826 -0.00138854
v -2.46641628 -0.28585164 0.00016420
v -2.46641628 -0.25741164 -0.10634280
v -2.47276172 -0.26321036 -0.10789120
v -2.47276172 -0.29165036 -0.00138420
v -2.41605956 -0.21377878 -0.08512294
v -2.46900956 -0.25867378 -0.11112394
v -2.47016844 -0.26194822 -0.10311006
v -2.41721844 -0.21705322 -0.07710906
v -2.41721573 -0.21705599 0.07536980
v -2.47016573 -0.26195099 0.10137080
v -2.46901227 -0.25867101 0.10938320
v -2.41606227 -0.21377601 0.08338220
v -2.47276123 -0.29164991 0.00016788
v -2.47276123 -0.26320991 0.10615488
v -2.46641677 -0.25741209 0.10459912
v -2.46641677 -0.28585209 -0.00138788
v -2.52501752 -0.15353666 0.13624386
v -2.47211652 -0.07333166 0.20973086
v -2.46706148 -0.07966034 0.21299914
v -2.51996248 -0.15986534 0.13951214
v -2.52191868 -0.15269267 0.13951467
v -2.46901768 -0.17861267 0.18452867
v -2.47016032 -0.18662933 0.18125533
v -2.52306132 -0.16070933 0.13624133
v -2.47275704 -0.18184208 0.17998880
v -2.47275704 -0.07571708 0.20846180
v -2.46642096 -0.07727492 0.21426820
v -2.46642096 -0.18339992 0.18579520
v -2.46958900 -0.08086313 0.21136500
v -2.52249000 -0.08086313 0.15939300
v -2.52249000 -0.07212887 0.15939300
v -2.46958900 -0.07212887 0.21136500
v -2.52565792 -0.15592217 0.13497463
v -2.52565792 -0.07571717 0.15648963
v -2.51932208 -0.07727483 0.16229637
v -2.51932208 -0.15747983 0.14078137
v -2.52565792 -0.07727484 0.15648964
v -2.52565792 0.00292916 0.13497464
v -2.51932208 0.00448684 0.14078136
v -2.51932208 -0.07571716 0.16229636
v -2.47211651 -0.07966036 0.20973088
v -2.52501751 0.00054364 0.13624388
v -2.51996249 0.00687236 0.13951212
v -2.46706149 -0.07333164 0.21299912
v -2.52306135 0.00771631 0.13624130
v -2.47016035 0.03363731 0.18125530
v -2.46901765 0.02562069 0.18452870
v -2.52191865 -0.00030031 0.13951470
v -2.47275704 -0.07727492 0.20846179
v -2.47275704 0.02885008 0.17998879
v -2.46642096 0.03040792 0.18579521
v -2.46642096 -0.07571708 0.21426821
v 1.46622540 -0.07511975 -0.21172561
v 1.50562540 0.07846025 -0.34621661
v 1.51269660 0.07417775 -0.34903539
v 1.47329660 -0.07940225 -0.21454439
v 1.46859138 -0.07339228 -0.21478932
v 1.58129138 -0.07694228 -0.30277132
v 1.58363062 -0.08467972 -0.29946268
v 1.47093062 -0.08112972 -0.21148068
v 1.57929385 -0.08141670 -0.29817182
v 1.50599385 0.07571330 -0.34468082
v 1.51232815 0.07692470 -0.35057118
v 1.58562815 -0.08020530 -0.30406218
v 1.51149190 0.07266893 -0.34706414
v 1.42029190 0.03012893 -0.24507414
v 1.41563010 0.03742907 -0.24619786
v 1.50683010 0.07996907 -0.34818786
v 1.46660259 -0.07786980 -0.21018109
v 1.41480259 0.03317020 -0.24268209
v 1.42111941 0.03438780 -0.24858991
v 1.47291941 -0.07665220 -0.21608891
v 1.41432011 0.03540711 0.44715203
v 1.43227011 0.23507711 0.30115603
v 1.43955189 0.23182089 0.29759797
v 1.42160189 0.03215089 0.44359397
v 1.41562655 0.03742372 0.44479146
v 1.50682655 0.07996372 0.34530446
v 1.51149545 0.07267428 0.34646754
v 1.42029545 0.03013428 0.44595454
v 1.50596802 0.07569267 0.34879880
v 1.43271802 0.23282267 0.30228980
v 1.43910398 0.23407533 0.29646420
v 1.51235398 0.07694533 0.34297320
v 1.43708293 0.22957440 0.30101586
v 1.32478293 0.23218940 0.38750286
v 1.32243907 0.23993860 0.38422514
v 1.43473907 0.23732360 0.29773814
v 1.41477366 0.03315096 0.44829160
v 1.32042366 0.23543596 0.38878260
v 1.32679834 0.23669204 0.38294540
v 1.42114834 0.03440704 0.44245440
v -2.29407592 -0.17359115 0.17125373
v -2.22792592 -0.07333615 0.26274573
v -2.22285208 -0.07965585 0.26600227
v -2.28900208 -0.17991085 0.17451027
v -2.29096148 -0.17274359 0.17451874
v -2.22481148 -0.20514859 0.23051874
v -2.22596652 -0.21316341 0.22724526
v -2.29211652 -0.18075841 0.17124526
v -2.22856402 -0.20838103 0.22598537
v -2.22856402 -0.07572103 0.26147737
v -2.22221398 -0.07727097 0.26727063
v -2.22221398 -0.20993097 0.23177863
v -2.22538900 -0.08086313 0.26437400
v -2.29153900 -0.08086313 0.19989000
v -2.29153900 -0.07212887 0.19989000
v -2.22538900 -0.07212887 0.26437400
v -2.29471901 -0.17597241 0.16999182
v -2.29471901 -0.07571741 0.19699982
v -2.28835899 -0.07727459 0.20278018
v -2.28835899 -0.17752959 0.17577218
v -2.29471901 -0.07727459 0.19699982
v -2.29471901 0.02298041 0.16999182
v -2.28835899 0.02453759 0.17577218
v -2.28835899 -0.07571741 0.20278018
v -2.22792592 -0.07965585 0.26274573
v -2.29407592 0.02059915 0.17125373
v -2.28900208 0.02691885 0.17451027
v -2.22285208 -0.07333615 0.26600227
v -2.29211652 0.02776641 0.17124526
v -2.22596652 0.06017141 0.22724526
v -2.22481148 0.05215659 0.23051874
v -2.29096148 0.01975159 0.17451874
v -2.22856402 -0.07727097 0.26147737
v -2.22856402 0.05538903 0.22598537
v -2.22221398 0.05693897 0.23177863
v -2.22221398 -0.07572103 0.26727063
v -1.93437099 -0.19865444 0.21473739
v -1.85172099 -0.07333444 0.32923939
v -1.84665701 -0.07965756 0.33250461
v -1.92930701 -0.20497756 0.21800261
v -1.93126322 -0.19780909 0.21800858
v -1.84861322 -0.23831409 0.28801558
v -1.84976478 -0.24632791 0.28473842
v -1.93241478 -0.20582291 0.21473142
v -1.85236292 -0.24154361 0.28347981
v -1.85236292 -0.07571861 0.32797481
v -1.84601508 -0.07727339 0.33376919
v -1.84601508 -0.24309839 0.28927419
v -1.84918900 -0.08086313 0.33087200
v -1.93183900 -0.08086313 0.24987800
v -1.93183900 -0.07212887 0.24987800
v -1.84918900 -0.07212887 0.33087200
v -1.93501038 -0.20104047 0.21346953
v -1.93501038 -0.07572047 0.24697753
v -1.92866762 -0.07727153 0.25277847
v -1.92866762 -0.20259153 0.21927047
v -1.93501038 -0.07727153 0.24697753
v -1.93501038 0.04804847 0.21346953
v -1.92866762 0.04959953 0.21927047
v -1.92866762 -0.07572047 0.25277847
v -1.85172099 -0.07965756 0.32923939
v -1.93437099 0.04566244 0.21473739
v -1.92930701 0.05198556 0.21800261
v -1.84665701 -0.07333444 0.33250461
v -1.93241478 0.05283091 0.21473142
v -1.84976478 0.09333591 0.28473842
v -1.84861322 0.08532209 0.28801558
v -1.93126322 0.04481709 0.21800858
v -1.85236292 -0.07727339 0.32797481
v -1.85236292 0.08855161 0.28347981
v -1.84601508 0.09010639 0.28927419
v -1.84601508 -0.07571861 0.33376919
v 1.07719791 -0.37473793 0.18649049
v 1.23889791 -0.42266793 0.00051649
v 1.23422409 -0.42969407 -0.00173649
v 1.07252409 -0.38176407 0.18423751
v 1.23325684 -0.42901559 -0.00026439
v 1.15795684 -0.32124559 0.16373661
v 1.16456516 -0.31557641 0.16304539
v 1.23986516 -0.42334641 -0.00095561
v 1.07385314 -0.37558177 0.18867024
v 1.16025314 -0.31574177 0.16669724
v 1.16226886 -0.32108023 0.16008476
v 1.07586886 -0.38092023 0.18205776
v 1.07822643 -0.37548156 0.18508845
v 1.16347643 -0.49758156 -0.00088555
v 1.15674557 -0.50312044 -0.00033445
v 1.07149557 -0.38102044 0.18563955
v 1.23844668 -0.42812464 -0.00403612
v 1.16199668 -0.50229464 -0.00403612
v 1.15822532 -0.49840736 0.00281612
v 1.23467532 -0.42423736 0.00281612
v 1.15792492 -0.50381338 -0.00212814
v 0.95332492 -0.46429838 0.20236986
v 0.95769708 -0.45737362 0.20540614
v 1.16229708 -0.49688862 0.00090814
v 1.07606853 -0.38075205 0.18199377
v 0.95671853 -0.46333705 0.20051777
v 0.95430347 -0.45833495 0.20725823
v 1.07365347 -0.37574995 0.18873423
v 0.95893084 -0.45812809 0.20367883
v 1.05278084 -0.59244809 -0.00081917
v 1.04594116 -0.59786391 -0.00040083
v 0.95209116 -0.46354391 0.20409717
v 1.16188161 -0.50241940 -0.00402445
v 1.05113161 -0.59722440 -0.00402445
v 1.04759039 -0.59308760 0.00280445
v 1.15834039 -0.49828260 0.00280445
v -1.42145940 -0.24951578 -0.30203474
v -1.42145940 -0.07727078 -0.34802474
v -1.41511860 -0.07572122 -0.34222126
v -1.41511860 -0.24796622 -0.29623126
v -1.41886826 -0.24473426 -0.30077078
v -1.33876826 -0.20534926 -0.23274778
v -1.33760974 -0.21336274 -0.22947222
v -1.41770974 -0.25274774 -0.29749522
v -1.34078776 -0.21240880 -0.23284168
v -1.42088776 -0.07954880 -0.34685468
v -1.41569024 -0.07344320 -0.34339132
v -1.33559024 -0.20630320 -0.22937832
v -1.34136045 -0.21013147 -0.23401041
v -1.34136045 -0.07727147 -0.26953241
v -1.33501755 -0.07572053 -0.26373159
v -1.33501755 -0.20858053 -0.22820959
v -1.41828900 -0.07212887 -0.34512300
v -1.33818900 -0.07212887 -0.26663200
v -1.33818900 -0.08086313 -0.26663200
v -1.41828900 -0.08086313 -0.34512300
v -1.42088776 -0.07344320 -0.34685468
v -1.34078776 0.05941680 -0.23284168
v -1.33559024 0.05331120 -0.22937832
v -1.41569024 -0.07954880 -0.34339132
v -1.34136045 -0.07572053 -0.26953241
v -1.34136045 0.05713947 -0.23401041
v -1.33501755 0.05558853 -0.22820959
v -1.33501755 -0.07727147 -0.26373159
v -1.33876826 0.05235726 -0.23274778
v -1.41886826 0.09174226 -0.30077078
v -1.41770974 0.09975574 -0.29749522
v -1.33760974 0.06037074 -0.22947222
v -1.42145940 -0.07572122 -0.34802474
v -1.42145940 0.09652378 -0.30203474
v -1.41511860 0.09497422 -0.29623126
v -1.41511860 -0.07727078 -0.34222126
v 0.15480419 -0.02790612 -0.22890876
v 0.21200319 0.12641388 -0.34740876
v 0.21831681 0.12144412 -0.35083324
v 0.16111781 -0.03287588 -0.23233324
v 0.21626335 0.11970355 -0.34912603
v 0.13401435 0.09812855 -0.26663703
v 0.13180765 0.10657945 -0.26662697
v 0.21405665 0.12815445 -0.34911597
v 0.15466399 -0.03023739 -0.22776129
v 0.12961399 0.10250761 -0.26377229
v 0.13620801 0.10220039 -0.26949171
v 0.16125801 -0.03054461 -0.23348071
v 0.21365605 0.12018570 -0.34744838
v 0.08885705 0.22327570 -0.22894838
v 0.09186495 0.23076230 -0.23229362
v 0.21666395 0.12767230 -0.35079362
v 0.13011974 0.10057787 -0.26378138
v 0.08756974 0.22524287 -0.22777038
v 0.09315226 0.22879513 -0.23347162
v 0.13570226 0.10413013 -0.26948262
v 0.14337964 -0.11794936 0.37728094
v 0.13012964 0.10139564 0.43526394
v 0.13639236 0.10330236 0.42948206
v 0.14964236 -0.11604264 0.37149906
v 0.14533268 -0.11325827 0.37631685
v 0.23358268 -0.04753827 0.30279985
v 0.23593932 -0.05501373 0.29894615
v 0.14768932 -0.12073373 0.37246315
v 0.23230492 -0.05441964 0.30264980
v 0.13080492 0.09920536 0.43414980
v 0.13571708 0.10549264 0.43059620
v 0.23721708 -0.04813236 0.29909620
v 0.12966035 0.10395410 0.43425204
v 0.14266035 0.28705910 0.30275204
v 0.14986165 0.28384890 0.29899396
v 0.13686165 0.10074390 0.43049396
v 0.13135258 0.10618039 0.43150684
v 0.21325158 0.12776039 0.34651584
v 0.21706842 0.12009761 0.34824816
v 0.13516942 0.09851761 0.43323916
v 0.21203202 0.12346188 0.35039354
v 0.14313302 0.28498688 0.30388454
v 0.14938898 0.28592112 0.29786146
v 0.21828798 0.12439612 0.34437046
v 0.14700507 0.28162668 0.30284018
v 0.03725507 0.29807668 0.37635718
v 0.03576693 0.30573132 0.37242282
v 0.14551693 0.28928132 0.29890582
v 0.13007984 0.10165214 0.43528272
v 0.03332984 0.30120714 0.37729972
v 0.03969216 0.30260086 0.37148028
v 0.13644216 0.10304586 0.42946328
v -0.33395509 -0.89278280 -0.00315173
v -0.52415509 -0.72831280 0.11034327
v -0.51802291 -0.72472920 0.11542673
v -0.32782291 -0.88919920 0.00193173
v -0.51707281 -0.72787070 0.11394345
v -0.52522281 -0.84112570 0.00044845
v -0.53325519 -0.83842630 -0.00166845
v -0.52510519 -0.72517130 0.11182655
v -0.33165483 -0.89395698 -0.00372260
v -0.53000483 -0.84274198 -0.00372260
v -0.52847317 -0.83681002 0.00250260
v -0.33012317 -0.88802502 0.00250260
v -0.17413872 -0.91621635 0.00096288
v -0.05213872 -0.68931135 0.19944888
v -0.04413928 -0.69086065 0.19630312
v -0.16613928 -0.91776565 -0.00218288
v -0.23205592 -0.74192044 0.18292956
v -0.04930592 -0.68719544 0.20093456
v -0.04697208 -0.69297656 0.19481744
v -0.22972208 -0.74770156 0.17681244
v -0.22668881 -0.74365665 0.18018353
v -0.16593881 -0.91583665 -0.00029747
v -0.17433919 -0.91814535 -0.00092253
v -0.23508919 -0.74596535 0.17955847
v -0.51988794 -0.73031557 0.11108764
v -0.64843794 -0.71724557 -0.00240736
v -0.65084006 -0.70965643 0.00118736
v -0.52229006 -0.72272643 0.11468236
v -0.53112020 -0.84156897 -0.00411973
v -0.65152020 -0.71524397 -0.00411973
v -0.64775780 -0.71165803 0.00289973
v -0.52735780 -0.83798303 0.00289973
v -0.52092042 -0.73026847 0.11064897
v -0.63622042 -0.68681847 0.02913597
v -0.63655758 -0.67932353 0.03360803
v -0.52125758 -0.72277353 0.11512103
v -0.65281176 -0.71073152 -0.00187880
v -0.63956176 -0.68035152 0.03010320
v -0.63321624 -0.68579048 0.03264080
v -0.64646624 -0.71617048 0.00065880
v -0.17077975 -0.91398633 0.00249374
v 0.03827025 -0.86940633 0.00249374
v 0.03955175 -0.87541567 -0.00371374
v -0.16949825 -0.91999567 -0.00371374
v -0.04425817 -0.68808772 0.19774244
v 0.04279183 -0.87041272 -0.00074356
v 0.03503017 -0.87440928 -0.00047644
v -0.05201983 -0.69208428 0.19800956
v 0.03675143 -0.87030463 0.00254773
v 0.18880143 -0.71441463 0.00254773
v 0.19312057 -0.71862737 -0.00376773
v 0.04107057 -0.87451737 -0.00376773
v -0.04649623 -0.68631891 0.19935320
v 0.19260377 -0.71275391 0.00086720
v 0.18931823 -0.72028809 -0.00208720
v -0.04978177 -0.69385309 0.19639880
v 0.18766446 -0.71934509 -0.00013129
v 0.08871446 -0.57375509 0.17735871
v 0.09530754 -0.56810691 0.17640129
v 0.19425754 -0.71369691 -0.00108871
v -0.04985005 -0.68752755 0.20097413
v 0.09029995 -0.56837255 0.17997813
v 0.09372205 -0.57348945 0.17378187
v -0.04642795 -0.69264445 0.19477787
v 0.40611360 -0.39309317 0.18154042
v 0.49716360 -0.23177817 0.00005242
v 0.50395840 -0.23710383 -0.00127242
v 0.41290840 -0.39841883 0.18021558
v 0.50333375 -0.23773570 0.00011707
v 0.36518375 -0.31869070 0.16012007
v 0.35963825 -0.31210130 0.15866593
v 0.49778825 -0.23114630 -0.00133707
v 0.40646536 -0.39674739 0.18384667
v 0.35936536 -0.31638739 0.16236167
v 0.36545664 -0.31440461 0.15642433
v 0.41255664 -0.39476461 0.17790933
v 0.49887540 -0.23684825 0.00262044
v 0.40817540 -0.17333825 0.00262044
v 0.41154660 -0.16852375 -0.00384044
v 0.50224660 -0.23203375 -0.00384044
v 0.35857009 -0.31342029 0.16003780
v 0.40602009 -0.16895529 0.00003480
v 0.41370191 -0.17290671 -0.00125480
v 0.36625191 -0.31737171 0.15874820
v 0.40697724 -0.39222145 0.18047948
v 0.56347724 -0.30049645 -0.00100852
v 0.56854476 -0.30756555 -0.00021148
v 0.41204476 -0.39929055 0.18127652
v 0.50278110 -0.23235297 -0.00373780
v 0.56823110 -0.30194297 -0.00373780
v 0.56379090 -0.30611903 0.00251780
v 0.49834090 -0.23652903 0.00251780
v 0.35900583 -0.31597588 0.16206515
v 0.30810583 -0.22914588 0.11604515
v 0.31491617 -0.22798612 0.11070085
v 0.36581617 -0.31481612 0.15672085
v 0.41278170 -0.17403555 0.00034032
v 0.31443170 -0.23167055 0.11432332
v 0.30859030 -0.22546145 0.11242268
v 0.40694030 -0.16782645 -0.00156032
v 0.56938196 -0.30659700 -0.00167022
v 0.47788196 -0.50922700 0.19782278
v 0.47114004 -0.50409500 0.19994322
v 0.56264004 -0.30146500 0.00045022
v 0.41240302 -0.39455521 0.17783397
v 0.47740302 -0.50546021 0.19583897
v 0.47161898 -0.50786179 0.20192703
v 0.40661898 -0.39695679 0.18392203
v 0.47236722 -0.50285698 0.19895696
v 0.64451722 -0.40196198 -0.00053604
v 0.64880478 -0.40957002 -0.00068396
v 0.47665478 -0.51046502 0.19880904
v 0.56841920 -0.30212191 -0.00371286
v 0.64906920 -0.40385691 -0.00371286
v 0.64425280 -0.40767509 0.00249286
v 0.56360280 -0.30594009 0.00249286
v 0.47378929 -0.50240654 0.19821176
v 0.67863929 -0.49913154 -0.00128124
v 0.68008271 -0.50764046 0.00006124
v 0.47523271 -0.51091546 0.19955424
v 0.64955772 -0.40479568 -0.00373079
v 0.68225772 -0.50241568 -0.00373079
v 0.67646428 -0.50435632 0.00251079
v 0.64376428 -0.40673632 0.00251079
v 0.47688679 -0.50453180 0.19590073
v 0.52778679 -0.59146180 0.17438573
v 0.52303521 -0.59572020 0.18035027
v 0.47213521 -0.50879020 0.20186527
v 0.68114549 -0.50734493 -0.00107294
v 0.52719549 -0.59754993 0.17690506
v 0.52362651 -0.58963207 0.17783094
v 0.67757651 -0.49942707 -0.00014706
v -0.91859914 -0.43651431 -0.38057485
v -1.04019914 -0.25427431 -0.43907685
v -1.03587886 -0.24949769 -0.43317715
v -0.91427886 -0.43173769 -0.37467515
v -0.85037774 -0.36108573 -0.28741245
v -0.91402774 -0.43755573 -0.37640245
v -0.91885026 -0.43069627 -0.37884755
v -0.85520026 -0.35422627 -0.28985755
v -0.85352731 -0.36153896 -0.29049225
v -1.03877731 -0.25576896 -0.43798425
v -1.03730069 -0.24800304 -0.43426975
v -0.85205069 -0.35377304 -0.28677775
v -0.85517826 -0.35997140 -0.29146381
v -0.94072826 -0.21733140 -0.33595881
v -0.93594974 -0.21270060 -0.33030119
v -0.85039974 -0.35534060 -0.28580619
v -1.03955355 -0.24778991 -0.43612722
v -0.93985355 -0.21091991 -0.33313022
v -0.93682445 -0.21911209 -0.33312978
v -1.03652445 -0.25598209 -0.43612678
v -1.04113952 -0.24946980 -0.43802977
v -0.97124052 -0.04321480 -0.29001877
v -0.96503948 -0.04804720 -0.28621323
v -1.03493848 -0.25430220 -0.43422423
v -0.94165406 -0.21484510 -0.33596778
v -0.97145506 -0.04546010 -0.29095378
v -0.96482494 -0.04580190 -0.28527822
v -0.93502394 -0.21518690 -0.33029222
v -0.96781173 -0.04979267 -0.28939841
v -1.06691073 -0.03002767 -0.37890741
v -1.06756727 -0.02170433 -0.37634259
v -0.96846827 -0.04146933 -0.28683359
v -1.04121579 -0.25152639 -0.43910198
v -1.07041579 -0.02550639 -0.38059998
v -1.06406221 -0.02622561 -0.37465002
v -1.03486221 -0.25224561 -0.43315202
v -0.97122903 -0.04581814 -0.29119735
v -1.05237803 0.15755686 -0.22219735
v -1.04619997 0.15793114 -0.21603465
v -0.96505097 -0.04544386 -0.28503465
v -0.97156537 -0.04363229 -0.28994461
v -0.95276437 0.09881771 -0.16946161
v -0.94591363 0.09482029 -0.16580439
v -0.96471463 -0.04762971 -0.28628739
v -1.04876602 0.16101083 -0.21626536
v -0.94881602 0.10008583 -0.16478236
v -0.94986198 0.09355217 -0.17048364
v -1.04981198 0.15447717 -0.22196664
v -0.92023206 -0.43308512 0.37447536
v -0.94248206 -0.21422512 0.53899636
v -0.93489594 -0.21630688 0.54279164
v -0.91264594 -0.43516688 0.37827064
v -0.77765134 -0.44173790 0.46630270
v -0.91515134 -0.43774290 0.37429170
v -0.91772666 -0.43050910 0.37845430
v -0.78022666 -0.43450410 0.47046530
v -0.78190092 -0.43926915 0.46538723
v -0.94165092 -0.21641415 0.53789723
v -0.93572708 -0.21411785 0.54389077
v -0.77597708 -0.43697285 0.47138077
v -0.93627873 -0.21875170 0.53983933
v -1.03562873 -0.25537170 0.43382033
v -1.04044927 -0.24840030 0.43592967
v -0.94109927 -0.21178030 0.54194867
v -0.91939022 -0.43511146 0.37330853
v -1.04099022 -0.25287146 0.43181053
v -1.03508778 -0.25090054 0.43793947
v -0.91348778 -0.43314054 0.37943747
v -0.27876071 0.62423666 -0.08850146
v -0.24496071 0.67590166 -0.13501046
v -0.23981729 0.66962634 -0.13824354
v -0.27361729 0.61796134 -0.09173454
v -0.24295124 0.60094295 -0.11650084
v -0.27675124 0.61708795 -0.08848484
v -0.27562676 0.62511005 -0.09175116
v -0.24182676 0.60896505 -0.11976716
v -0.24559435 0.60573440 -0.11527244
v -0.24559435 0.67354440 -0.13376544
v -0.23918365 0.67198360 -0.13948856
v -0.23918365 0.60417360 -0.12099556
v -0.24238903 0.66839687 -0.13662703
v -0.27618903 0.66839687 -0.10412603
v -0.27618897 0.67713113 -0.10412597
v -0.24238897 0.67713113 -0.13662697
v -0.27939002 0.62187639 -0.08725078
v -0.27939002 0.67354139 -0.10125878
v -0.27298798 0.67198661 -0.10699322
v -0.27298798 0.62032161 -0.09298522
v -0.24496065 0.66962621 -0.13501061
v -0.27876065 0.72128621 -0.08850161
v -0.27361735 0.72756179 -0.09173439
v -0.23981735 0.67590179 -0.13824339
v -0.27939003 0.67198654 -0.10125881
v -0.27939003 0.72364654 -0.08725081
v -0.27298797 0.72520146 -0.09298519
v -0.27298797 0.67354146 -0.10699319
v -0.24559434 0.67198355 -0.13376545
v -0.24559434 0.73978855 -0.11527245
v -0.23918366 0.74134945 -0.12099555
v -0.23918366 0.67354445 -0.13948855
v -0.27675120 0.72843504 -0.08848480
v -0.24295120 0.74458004 -0.11650080
v -0.24182680 0.73655796 -0.11976720
v -0.27562680 0.72041296 -0.09175120
v -0.24894940 0.76564698 0.00099269
v -0.27844940 0.80510698 0.03898669
v -0.27373060 0.81172102 0.03578131
v -0.24423060 0.77226102 -0.00221269
v -0.24958017 0.76962463 0.00250142
v -0.24073017 0.80908463 0.00250142
v -0.23474983 0.80774337 -0.00372142
v -0.24359983 0.76828337 -0.00372142
v -0.27606967 0.81278103 0.03740452
v -0.23771967 0.81278103 -0.00058948
v -0.23776033 0.80404697 -0.00063052
v -0.27611033 0.80404697 0.03736348
v -0.27849771 0.81160603 0.03914061
v -0.24899771 0.85476603 0.00114661
v -0.24418229 0.84838197 -0.00236661
v -0.27368229 0.80522197 0.03562739
v -0.24074800 0.80779721 0.00249537
v -0.24959800 0.85095721 0.00249537
v -0.24358200 0.85219079 -0.00371537
v -0.23473200 0.80903079 -0.00371537
v -0.27920839 0.80900571 0.04038355
v -0.27920839 0.85216571 0.03186955
v -0.27297161 0.85098229 0.02587045
v -0.27297161 0.80782229 0.03438445
v -0.24592844 0.84730833 0.00005201
v -0.27542844 0.84730833 0.02953201
v -0.27675156 0.85583967 0.02820799
v -0.24725156 0.85583967 -0.00127201
v -0.27930544 0.85273447 0.03158774
v -0.27930544 0.92177447 0.00210774
v -0.27287456 0.91945353 -0.00332774
v -0.27287456 0.85041353 0.02615226
v -0.24930930 0.85041208 0.00260359
v -0.27880930 0.91945208 0.00260359
v -0.27337070 0.92177592 -0.00382359
v -0.24387070 0.85273592 -0.00382359
v -0.24424080 0.58590457 -0.00222268
v -0.27374080 0.54644957 0.03577132
v -0.27843920 0.55306843 0.03899668
v -0.24893920 0.59252343 0.00100268
v -0.24612420 0.58489687 -0.00014389
v -0.27562420 0.58489687 0.02933611
v -0.27655580 0.59353113 0.02840389
v -0.24705580 0.59353113 -0.00107611
v -0.27296601 0.58857030 0.02588703
v -0.27296601 0.54911530 0.03440103
v -0.27921399 0.55040270 0.04036697
v -0.27921399 0.58985770 0.03185297
v -0.27611039 0.55412603 0.03736342
v -0.23776039 0.55412603 -0.00063058
v -0.23771961 0.54539197 -0.00058942
v -0.27606961 0.54539197 0.03740458
v -0.24359986 0.58988471 -0.00372143
v -0.23474986 0.55042971 -0.00372143
v -0.24073014 0.54908829 0.00250143
v -0.24958014 0.58854329 0.00250143
v -0.27367255 0.55294891 0.03563694
v -0.24417255 0.50978391 -0.00235706
v -0.24900745 0.50340409 0.00113706
v -0.27850745 0.54656909 0.03913106
v -0.23473198 0.54914227 -0.00371537
v -0.24358198 0.50597727 -0.00371537
v -0.24959802 0.50721073 0.00249537
v -0.24074802 0.55037573 0.00249537
v 0.86565946 0.34409086 0.00244236
v 0.73205946 0.35488586 0.00244236
v 0.73256254 0.36111214 -0.00366236
v 0.86616254 0.35031714 -0.00366236
v 0.73666398 0.35812627 -0.00093739
v 0.75596398 0.16872127 0.18204561
v 0.74725802 0.16846673 0.18270039
v 0.72795802 0.35787173 -0.00028261
v 0.86989035 0.34576876 0.00047475
v 0.75559035 0.16715876 0.18345775
v 0.74763165 0.17002924 0.18128825
v 0.86193165 0.34863924 -0.00169475
v 0.75085435 0.17170463 0.17940260
v 0.88220435 0.18313963 0.15791860
v 0.88371765 0.17691837 0.16385940
v 0.75236765 0.16548337 0.18534340
v 0.87023842 0.34708877 -0.00118614
v 0.88728842 0.17991377 0.16031286
v 0.87863358 0.18014423 0.16146514
v 0.86158358 0.34731923 -0.00003386
v 0.73611448 0.35642638 0.00085022
v 0.57411448 0.15124138 0.20183822
v 0.56650752 0.15438662 0.19891778
v 0.72850752 0.35957162 -0.00207022
v 0.75218077 0.16547813 0.18537942
v 0.57088077 0.14969813 0.20338442
v 0.56974123 0.15592987 0.19737158
v 0.75104123 0.17170987 0.17936658
v 0.87932947 0.18213280 0.15968158
v 1.00912947 0.31350280 -0.00181742
v 1.01639253 0.30929520 0.00059742
v 0.88659253 0.17792520 0.16209642
v 0.86663532 0.35017473 -0.00372801
v 1.01348532 0.31436973 -0.00372801
v 1.01203668 0.30842827 0.00250801
v 0.86518668 0.34423327 0.00250801
v 0.73225669 0.35485928 0.00242497
v 0.54900669 0.35802928 0.00242497
v 0.54911531 0.36430872 -0.00364497
v 0.73236531 0.36113872 -0.00364497
v 0.56596877 0.15234886 0.20035491
v 0.54471877 0.36070386 -0.00063309
v 0.55340323 0.36163414 -0.00058691
v 0.57465323 0.15327914 0.20040109
v 0.88176890 0.18315376 0.15808069
v 1.02371890 0.19550876 0.11157169
v 1.02610310 0.18925924 0.11718831
v 0.88415310 0.17690424 0.16369731
v 1.01705341 0.31111138 -0.00136123
v 1.02920341 0.19209638 0.11362877
v 1.02061859 0.19267162 0.11513123
v 1.00846859 0.31168662 0.00014123
v 0.56664717 0.15072096 0.20150375
v 0.40554717 0.32462096 0.00051575
v 0.41287483 0.32880704 -0.00173575
v 0.57397483 0.15490704 0.19925225
v 0.54981120 0.35812401 0.00242925
v 0.40996120 0.32366901 0.00242925
v 0.40846080 0.32975899 -0.00364925
v 0.54831080 0.36421399 -0.00364925
v 0.41338645 0.32779758 0.00007062
v 0.43238645 0.14152758 0.18006262
v 0.42403555 0.13936042 0.17870138
v 0.40503555 0.32563042 -0.00129062
v 0.57014958 0.14962023 0.20335215
v 0.42804958 0.13725023 0.18235615
v 0.42837242 0.14363777 0.17640785
v 0.57047242 0.15600777 0.19740385
v 0.42489810 0.13765747 0.17995797
v 0.29644810 0.25316747 -0.00003403
v 0.30307390 0.25874053 -0.00118597
v 0.43152390 0.14323053 0.17880603
v 0.41082232 0.32422165 0.00259370
v 0.30137232 0.25346165 0.00259370
v 0.29814968 0.25844635 -0.00381370
v 0.40759968 0.32920635 -0.00381370
v 0.30375020 0.25738108 0.00044902
v 0.31655020 0.13180608 0.12145102
v 0.30857180 0.12895192 0.11933298
v 0.29577180 0.25452692 -0.00166902
v 0.42722504 0.13701485 0.18190006
v 0.31157504 0.12694985 0.12291006
v 0.31354696 0.13380815 0.11787394
v 0.42919696 0.14387315 0.17686394
v 0.75524629 0.17073695 0.18349740
v 0.90364629 0.01500195 0.00051440
v 0.89637571 0.01071605 -0.00173440
v 0.74797571 0.16645105 0.18124860
v 0.89577503 0.01192974 -0.00009532
v 0.87872503 0.17909974 0.16140368
v 0.88719697 0.18095826 0.16037432
v 0.90424697 0.01378826 -0.00112468
v 0.75181682 0.17179593 0.18533561
v 0.88316682 0.18323093 0.16385161
v 0.88275518 0.17682707 0.15792639
v 0.75140518 0.16539207 0.17941039
v 0.89876987 0.01566880 0.00249426
v 1.03576987 0.07618380 0.00249426
v 1.03825213 0.07056420 -0.00371426
v 0.90125213 0.01004920 -0.00371426
v 0.88613948 0.18276053 0.16211695
v 1.04018948 0.07610553 0.00061795
v 1.03383252 0.07064247 -0.00183795
v 0.87978252 0.17729747 0.15966105
v 0.75591461 0.16928759 0.18210901
v 0.77521461 -0.02011241 -0.00087399
v 0.76660739 -0.02149959 -0.00034601
v 0.74730739 0.16790041 0.18263699
v 0.90080095 0.00982966 -0.00365481
v 0.77170095 -0.02383534 -0.00365481
v 0.77012105 -0.01777666 0.00243481
v 0.89922105 0.01588834 0.00243481
v 0.88358914 0.18332678 0.16368218
v 1.02553914 0.19568178 0.11717318
v 1.02428286 0.18908622 0.11158682
v 0.88233286 0.17673122 0.15809582
v 1.03302339 0.07194371 0.00045069
v 1.02092339 0.19095371 0.11544069
v 1.02889861 0.19381429 0.11331931
v 1.04099861 0.07480429 -0.00167069
v 0.76747370 -0.02304711 -0.00210472
v 0.56687370 0.15057289 0.19888328
v 0.57374830 0.15505511 0.20187272
v 0.77434830 -0.01856489 0.00088472
v 0.75158898 0.16542207 0.17937130
v 0.57028898 0.14964207 0.19737630
v 0.57033302 0.15598593 0.20337970
v 0.75163302 0.17176593 0.18537470
v 1.03513769 0.07547275 0.00273032
v 1.14163769 0.17053275 0.00273032
v 1.14538431 0.16633525 -0.00395032
v 1.03888431 0.07127525 -0.00395032
v 1.02702504 0.19592222 0.11582347
v 1.14562504 0.17197222 0.00083347
v 1.14139696 0.16489578 -0.00205347
v 1.02279696 0.18884578 0.11293653
v 1.02614775 0.19597099 0.11654236
v 1.14129775 0.20599599 0.03405336
v 1.13882425 0.19882201 0.02972864
v 1.02367425 0.18879701 0.11221764
v 1.13981933 0.16663639 0.00087727
v 1.13636933 0.20061139 0.03337827
v 1.14375267 0.20420661 0.03040373
v 1.14720267 0.17023161 -0.00209727
v 1.14156427 0.17039265 0.00277316
v 1.17936427 0.20796265 0.00277316
v 1.18325773 0.20404535 -0.00399316
v 1.14545773 0.16647535 -0.00399316
v 1.14135397 0.20604563 0.03393428
v 1.18260397 0.20964063 0.00143328
v 1.18001803 0.20236737 -0.00265328
v 1.13876803 0.19877237 0.02984772
v 0.57466247 0.15317313 0.20046470
v 0.59586247 -0.05517687 -0.00052330
v 0.58715953 -0.05589513 -0.00069670
v 0.56595953 0.15245487 0.20029130
v 0.77150869 -0.02389342 -0.00364025
v 0.59210869 -0.05862342 -0.00364025
v 0.59091331 -0.05244858 0.00242025
v 0.77031331 -0.01771858 0.00242025
v 0.57430942 0.15143325 0.19929266
v 0.45115942 -0.04720175 -0.00169534
v 0.44316258 -0.04444025 0.00047534
v 0.56631258 0.15419475 0.20146334
v 0.59130088 -0.05865813 -0.00365631
v 0.44695088 -0.04894313 -0.00365631
v 0.44737112 -0.04269887 0.00243631
v 0.59172112 -0.05241387 0.00243631
v 0.57102231 0.14970306 0.19739674
v 0.42892231 0.13733306 0.17640074
v 0.42749969 0.14355494 0.18236326
v 0.56959969 0.15592494 0.20335926
v 0.44280998 -0.04591247 -0.00097343
v 0.42385998 0.14035253 0.17901857
v 0.43256202 0.14053547 0.17974543
v 0.45151202 -0.04572953 -0.00024657
v -0.30322137 0.85476507 0.00113470
v -0.27367237 0.81160507 0.03912870
v -0.27850763 0.80522293 0.03563930
v -0.30805663 0.84838293 -0.00235470
v -0.30262906 0.85095681 0.00249341
v -0.31147906 0.80779681 0.00249341
v -0.31749894 0.80903119 -0.00371341
v -0.30864894 0.85219119 -0.00371341
v -0.27606969 0.80404697 0.03736348
v -0.31446869 0.80404697 -0.00063052
v -0.31450931 0.81278103 -0.00058948
v -0.27611031 0.81278103 0.03740452
v -0.31149689 0.80908506 0.00249947
v -0.30264689 0.76962506 0.00249947
v -0.30863111 0.76828294 -0.00371947
v -0.31748111 0.80774294 -0.00371947
v -0.27373048 0.80510602 0.03898455
v -0.30327948 0.76564602 0.00099055
v -0.30799852 0.77226198 -0.00221055
v -0.27844952 0.81172198 0.03578345
v -0.30805670 0.50978491 -0.00235488
v -0.27850770 0.55294991 0.03563912
v -0.27367230 0.54656809 0.03912888
v -0.30322130 0.50340309 0.00113488
v -0.27610381 0.54539192 0.03739795
v -0.31450281 0.54539192 -0.00059605
v -0.31447519 0.55412608 -0.00062395
v -0.27607619 0.55412608 0.03737005
v -0.30864896 0.50597688 -0.00371340
v -0.31749896 0.54914188 -0.00371340
v -0.31147904 0.55037612 0.00249340
v -0.30262904 0.50721112 0.00249340
v -0.31611499 0.55307883 -0.00293523
v -0.27771599 0.59253383 0.02654477
v -0.27446401 0.58589417 0.03119523
v -0.31286301 0.54643917 0.00171523
v -0.27922909 0.54911858 0.03441621
v -0.27922909 0.58857358 0.02590221
v -0.27295091 0.58985442 0.03183779
v -0.27295091 0.55039942 0.04035179
v -0.72076823 -0.36445040 0.37799802
v -0.93956823 -0.21898540 0.54300702
v -0.93780977 -0.21154660 0.53878098
v -0.71900977 -0.35701160 0.37377198
v -0.72206898 -0.36311785 0.37882140
v -0.84336898 -0.18159785 0.43631640
v -0.83900902 -0.17682415 0.43044360
v -0.71770902 -0.35834415 0.37294860
v -0.94017020 -0.21115788 0.54092843
v -0.84267020 -0.17510288 0.43341443
v -0.83970780 -0.18331912 0.43334557
v -0.93720780 -0.21937412 0.54085957
v -0.94187837 -0.21482792 0.54384490
v -0.96982837 0.07011208 0.47133490
v -0.96344963 0.06923592 0.46543310
v -0.93549963 -0.21570408 0.53794310
v -0.84374616 -0.18093482 0.43647212
v -0.96919616 0.06795018 0.47147612
v -0.96408184 0.07139782 0.46529188
v -0.83863184 -0.17748718 0.43028788
v -0.87370336 0.04806901 0.37769799
v -0.85130336 0.23665401 0.21818299
v -0.84437464 0.23276399 0.21455701
v -0.86677464 0.04417899 0.37407201
v -0.95301666 0.29974003 0.26701809
v -0.84736666 0.23798503 0.21352109
v -0.84831134 0.23143297 0.21921891
v -0.95396134 0.29318797 0.27271591
v -0.87348282 0.04628175 0.37880469
v -0.95673282 0.29662175 0.27278669
v -0.95024518 0.29630625 0.26694731
v -0.86699518 0.04596625 0.37296531
v -0.85657365 -0.35613407 -0.28707552
v -0.84497365 -0.17768907 -0.43307152
v -0.83740435 -0.18073293 -0.43619048
v -0.84900435 -0.35917793 -0.29019448
v -0.71864586 -0.36441059 -0.37513987
v -0.85154486 -0.36133559 -0.28663887
v -0.85403314 -0.35397641 -0.29063113
v -0.72113414 -0.35705141 -0.37913213
v -0.72293138 -0.36183425 -0.37420263
v -0.84423038 -0.18031425 -0.43169763
v -0.83814762 -0.17810775 -0.43756437
v -0.71684862 -0.35962775 -0.38006937
v -0.83886205 -0.18277719 -0.43366179
v -0.93601205 -0.21858219 -0.33216079
v -0.94066595 -0.21144981 -0.33409921
v -0.84351595 -0.17564481 -0.43560021
v -0.85583342 -0.35854548 -0.28563298
v -0.94138342 -0.21590548 -0.33012798
v -0.93529458 -0.21412652 -0.33613202
v -0.84974458 -0.35676652 -0.29163702
v -0.31319435 0.60417360 -0.12099556
v -0.31319435 0.67198360 -0.13948856
v -0.30678365 0.67354440 -0.13376544
v -0.30678365 0.60573440 -0.11527244
v -0.31055124 0.60896505 -0.11976716
v -0.27675124 0.62511005 -0.09175116
v -0.27562676 0.61708795 -0.08848484
v -0.30942676 0.60094295 -0.11650084
v -0.27876071 0.61796134 -0.09173454
v -0.31256071 0.66962634 -0.13824354
v -0.30741729 0.67590166 -0.13501046
v -0.27361729 0.62423666 -0.08850146
v -0.27939002 0.62032161 -0.09298522
v -0.27939002 0.67198661 -0.10699322
v -0.27298798 0.67354139 -0.10125878
v -0.27298798 0.62187639 -0.08725078
v -0.30998903 0.67713113 -0.13662697
v -0.27618903 0.67713113 -0.10412597
v -0.27618897 0.66839687 -0.10412603
v -0.30998897 0.66839687 -0.13662703
v -0.31256065 0.67590179 -0.13824339
v -0.27876065 0.72756179 -0.09173439
v -0.27361735 0.72128621 -0.08850161
v -0.30741735 0.66962621 -0.13501061
v -0.27939003 0.67354146 -0.10699319
v -0.27939003 0.72520146 -0.09298519
v -0.27298797 0.72364654 -0.08725081
v -0.27298797 0.67198654 -0.10125881
v -0.27675120 0.72041296 -0.09175120
v -0.31055120 0.73655796 -0.11976720
v -0.30942680 0.74458004 -0.11650080
v -0.27562680 0.72843504 -0.08848480
v -0.31319434 0.67354445 -0.13948855
v -0.31319434 0.74134945 -0.12099555
v -0.30678366 0.73978855 -0.11527245
v -0.30678366 0.67198355 -0.13376545
v 0.25111591 -0.48353791 -0.00100866
v 0.40766591 -0.39181791 0.18047934
v 0.41135609 -0.39969409 0.18127666
v 0.25480609 -0.49141409 -0.00021134
v 0.41017349 -0.40002148 0.18021576
v 0.22492249 -0.40061648 -0.00127224
v 0.22359751 -0.39208552 0.00005224
v 0.40884851 -0.39149052 0.18154024
v 0.25005379 -0.48839166 -0.00373754
v 0.22135279 -0.39726666 -0.00373754
v 0.22716721 -0.39543534 0.00251754
v 0.25586821 -0.48656034 0.00251754
v 0.40715779 -0.39792893 0.17790940
v 0.36005779 -0.31756893 0.15642440
v 0.36476421 -0.31322307 0.16236160
v 0.41186421 -0.39358307 0.18384660
v 0.22250957 -0.39238104 -0.00110727
v 0.36066057 -0.31142604 0.15889573
v 0.36416143 -0.31936596 0.15989027
v 0.22601043 -0.40032096 -0.00011273
v 0.25236970 -0.48328096 0.00045010
v 0.47391970 -0.50246596 0.19994310
v 0.47510230 -0.51085604 0.19782290
v 0.25355230 -0.49167104 -0.00167010
v 0.41197220 -0.39381940 0.18392166
v 0.47697220 -0.50472440 0.20192666
v 0.47204980 -0.50859760 0.19583934
v 0.40704980 -0.39769260 0.17783434
v 0.25580380 -0.48630773 0.00249249
v 0.30515380 -0.60639273 0.00249249
v 0.29946820 -0.60872927 -0.00371249
v 0.25011820 -0.48864427 -0.00371249
v 0.47678219 -0.51039034 0.19880877
v 0.30458219 -0.61129034 -0.00068423
v 0.30003981 -0.60383166 -0.00053577
v 0.47223981 -0.50293166 0.19895723
v 0.47786947 -0.50937047 0.19955473
v 0.37486947 -0.68650047 0.00006173
v 0.36815253 -0.68108153 -0.00128173
v 0.47115253 -0.50395153 0.19821127
v 0.30457315 -0.60550746 0.00251049
v 0.37377315 -0.68173746 0.00251049
v 0.36924885 -0.68584454 -0.00373049
v 0.30004885 -0.60961454 -0.00373049
v 0.36893043 -0.68029820 -0.00014871
v 0.52283043 -0.59009820 0.17782929
v 0.52799157 -0.59708380 0.17690671
v 0.37409157 -0.68728380 -0.00107129
v 0.47753035 -0.50563123 0.20186543
v 0.52843035 -0.59256123 0.18035043
v 0.52239165 -0.59462077 0.17438557
v 0.47149165 -0.50769077 0.19590057
v -0.23489661 -0.74459159 0.17814974
v -0.14469661 -0.51291659 -0.00233126
v -0.13668139 -0.51335541 0.00111126
v -0.22688139 -0.74503041 0.18159226
v -0.13951529 -0.51598678 0.00248310
v -0.28891529 -0.57749678 0.00248310
v -0.29126271 -0.57179522 -0.00370310
v -0.14186271 -0.51028522 -0.00370310
v -0.23497034 -0.74636007 0.17974921
v -0.29417034 -0.57619507 -0.00073179
v -0.28600766 -0.57309693 -0.00048821
v -0.22680766 -0.74326193 0.17999279
v -0.23150289 -0.74175471 0.17681256
v -0.04875289 -0.68702971 0.19481756
v -0.04752511 -0.69314229 0.20093444
v -0.23027511 -0.74786729 0.18292944
v -0.13682533 -0.51110040 -0.00059682
v -0.04427533 -0.68805040 0.19788918
v -0.05200267 -0.69212160 0.19786282
v -0.14455267 -0.51517160 -0.00062318
v -0.05041741 -0.68794317 0.19482822
v 0.08973259 -0.56878817 0.17383222
v 0.09428941 -0.57307383 0.17992778
v -0.04586059 -0.69222883 0.20092378
v -0.13854607 -0.50973222 -0.00231115
v 0.09415393 -0.56752722 0.17517885
v 0.08986807 -0.57433478 0.17858115
v -0.14283193 -0.51653978 0.00109115
v 0.08866665 -0.57373691 0.17699833
v -0.02788335 -0.44230691 -0.00049167
v -0.02119465 -0.43669509 -0.00072833
v 0.09535535 -0.56812509 0.17676167
v -0.14232308 -0.51055844 -0.00373374
v -0.02617308 -0.43692344 -0.00373374
v -0.02290492 -0.44207856 0.00251374
v -0.13905492 -0.51571356 0.00251374
v -0.02322837 -0.43572045 -0.00235972
v 0.14272163 -0.43795545 0.11711628
v 0.14010037 -0.44551655 0.12061572
v -0.02584963 -0.44328155 0.00113972
v 0.08851113 -0.57076326 0.17427335
v 0.13791113 -0.44156826 0.11625935
v 0.14491087 -0.44190374 0.12147265
v 0.09551087 -0.57109874 0.17948665
v 0.13837829 -0.44485310 0.11926373
v 0.04472829 -0.36898310 -0.00021227
v 0.05079371 -0.36274890 -0.00100773
v 0.14444371 -0.43861890 0.11846827
v -0.02674707 -0.43733296 -0.00369154
v 0.04555293 -0.36369796 -0.00369154
v 0.04996907 -0.36803404 0.00247154
v -0.02233093 -0.44166904 0.00247154
v 0.13746969 -0.44252051 0.11715649
v 0.15786969 -0.28466051 -0.00231951
v 0.16575231 -0.28309149 0.00109951
v 0.14535231 -0.44095149 0.12057551
v 0.04598317 -0.36339299 -0.00373976
v 0.16003317 -0.28140299 -0.00373976
v 0.16358883 -0.28634901 0.00251976
v 0.04953883 -0.36833901 0.00251976
v 0.14333299 -0.11641140 0.37145227
v 0.13008299 0.10293360 0.42943527
v 0.13643901 0.10176440 0.43531073
v 0.14968901 -0.11758060 0.37732773
v 0.05156951 0.08540882 0.34650741
v 0.13201951 0.10653382 0.43250641
v 0.13450249 0.09816418 0.43223959
v 0.05405249 0.07703918 0.34624059
v 0.14391537 -0.11866010 0.37129722
v 0.05021537 0.07955990 0.34328122
v 0.05540663 0.08288810 0.34946678
v 0.14910663 -0.11533190 0.37748278
v 0.06916201 -0.09447071 -0.30494486
v 0.04966201 0.08012929 -0.35093486
v 0.05595999 0.08231871 -0.34529314
v 0.07545999 -0.09228129 -0.29930314
v 0.07104091 -0.08960529 -0.30392413
v 0.15669091 -0.02662029 -0.23242113
v 0.15923109 -0.03416171 -0.22882087
v 0.07358109 -0.09714671 -0.30032387
v 0.15584307 -0.03392096 -0.23207893
v 0.05069307 0.07769404 -0.34957193
v 0.05492893 0.08475396 -0.34665607
v 0.16007893 -0.02686104 -0.22916307
v 0.04933145 0.08336433 -0.34965786
v 0.08688145 0.22915933 -0.23216486
v 0.09384055 0.22487867 -0.22907714
v 0.05629055 0.07908367 -0.34657014
v 0.05102381 0.08513907 -0.34737238
v 0.13112381 0.10626907 -0.26589038
v 0.13469819 0.09843893 -0.26737362
v 0.05459819 0.07730893 -0.34885562
v 0.12968527 0.10210022 -0.26956493
v 0.08713527 0.22676522 -0.23355393
v 0.09358673 0.22727278 -0.22768807
v 0.13613673 0.10260778 -0.26369907
v 0.09105004 0.22312452 -0.23247304
v -0.01519996 0.23832952 -0.30397604
v -0.01657804 0.24611848 -0.30027196
v 0.08967196 0.23091348 -0.22876896
v 0.04954433 0.08064110 -0.35095317
v -0.01915567 0.24164110 -0.30496317
v -0.01262233 0.24280690 -0.29928483
v 0.05607767 0.08180690 -0.34527483
v -1.34078776 -0.20630320 -0.22937832
v -1.26068776 -0.07344320 -0.34339132
v -1.25549024 -0.07954880 -0.34685468
v -1.33559024 -0.21240880 -0.23284168
v -1.25866826 -0.25274774 -0.29749522
v -1.33876826 -0.21336274 -0.22947222
v -1.33760974 -0.20534926 -0.23274778
v -1.25750974 -0.24473426 -0.30077078
v -1.26125940 -0.24796622 -0.29623126
v -1.26125940 -0.07572122 -0.34222126
v -1.25491860 -0.07727078 -0.34802474
v -1.25491860 -0.24951578 -0.30203474
v -1.25808900 -0.08086313 -0.34512300
v -1.33818900 -0.08086313 -0.26663200
v -1.33818900 -0.07212887 -0.26663200
v -1.25808900 -0.07212887 -0.34512300
v -1.34136045 -0.20858053 -0.22820959
v -1.34136045 -0.07572053 -0.26373159
v -1.33501755 -0.07727147 -0.26953241
v -1.33501755 -0.21013147 -0.23401041
v -1.26068776 -0.07954880 -0.34339132
v -1.34078776 0.05331120 -0.22937832
v -1.33559024 0.05941680 -0.23284168
v -1.25549024 -0.07344320 -0.34685468
v -1.34136045 -0.07727147 -0.26373159
v -1.34136045 0.05558853 -0.22820959
v -1.33501755 0.05713947 -0.23401041
v -1.33501755 -0.07572053 -0.26953241
v -1.26125940 -0.07727078 -0.34222126
v -1.26125940 0.09497422 -0.29623126
v -1.25491860 0.09652378 -0.30203474
v -1.25491860 -0.07572122 -0.34802474
v -1.33876826 0.06037074 -0.22947222
v -1.25866826 0.09975574 -0.29749522
v -1.25750974 0.09174226 -0.30077078
v -1.33760974 0.05235726 -0.23274778
v 0.95217927 -0.46364177 0.20357330
v 0.85837927 -0.32932177 -0.00092470
v 0.86504273 -0.32371023 -0.00029530
v 0.95884273 -0.45803023 0.20420270
v 0.86357402 -0.32848720 0.00281277
v 0.78002402 -0.40745220 0.00281277
v 0.77629798 -0.40350980 -0.00403277
v 0.85984798 -0.32454480 -0.00403277
v 0.95312514 -0.46431579 0.20501519
v 0.77577514 -0.40896079 0.00051719
v 0.78054686 -0.40200121 -0.00173719
v 0.95789686 -0.45735621 0.20276081
v 0.78149501 -0.40267762 -0.00029810
v 0.86534501 -0.52275762 0.18268490
v 0.85867699 -0.52836438 0.18206110
v 0.77482699 -0.40828438 -0.00092190
v 0.95656403 -0.46346280 0.20721409
v 0.86306403 -0.52818780 0.18569909
v 0.86095797 -0.52293420 0.17904691
v 0.95445797 -0.45820920 0.20056191
v -1.85236383 -0.24309814 0.28927326
v -1.85236383 -0.07727314 0.33376826
v -1.84601417 -0.07571886 0.32797574
v -1.84601417 -0.24154386 0.28348074
v -1.76591323 -0.20582305 0.21473174
v -1.84861323 -0.24632805 0.28473874
v -1.84976477 -0.23831395 0.28801526
v -1.76706477 -0.19780895 0.21800826
v -1.76902142 -0.20497780 0.21800147
v -1.85172142 -0.07965780 0.33250347
v -1.84665658 -0.07333420 0.32924053
v -1.76395658 -0.19865420 0.21473853
v -1.84918900 -0.07212887 0.33087200
v -1.76648900 -0.07212887 0.24987800
v -1.76648900 -0.08086313 0.24987800
v -1.84918900 -0.08086313 0.33087200
v -1.76966128 -0.20259128 0.21926955
v -1.76966128 -0.07727128 0.25277755
v -1.76331672 -0.07572072 0.24697845
v -1.76331672 -0.20104072 0.21347045
v -1.85172142 -0.07333420 0.33250347
v -1.76902142 0.05198580 0.21800147
v -1.76395658 0.04566220 0.21473853
v -1.84665658 -0.07965780 0.32924053
v -1.76966128 -0.07572072 0.25277755
v -1.76966128 0.04959928 0.21926955
v -1.76331672 0.04804872 0.21347045
v -1.76331672 -0.07727128 0.24697845
v -1.76706477 0.04481695 0.21800826
v -1.84976477 0.08532195 0.28801526
v -1.84861323 0.09333605 0.28473874
v -1.76591323 0.05283105 0.21473174
v -1.85236383 -0.07571886 0.33376826
v -1.85236383 0.09010614 0.28927326
v -1.84601417 0.08855186 0.28348074
v -1.84601417 -0.07727314 0.32797574
v -2.22856402 -0.20993097 0.23177863
v -2.22856402 -0.07727097 0.26727063
v -2.22221398 -0.07572103 0.26147737
v -2.22221398 -0.20838103 0.22598537
v -2.15866148 -0.18075841 0.17124526
v -2.22481148 -0.21316341 0.22724526
v -2.22596652 -0.20514859 0.23051874
v -2.15981652 -0.17274359 0.17451874
v -2.16177592 -0.17991085 0.17451027
v -2.22792592 -0.07965585 0.26600227
v -2.22285208 -0.07333615 0.26274573
v -2.15670208 -0.17359115 0.17125373
v -2.22538900 -0.07212887 0.26437400
v -2.15923900 -0.07212887 0.19989000
v -2.15923900 -0.08086313 0.19989000
v -2.22538900 -0.08086313 0.26437400
v -2.16241901 -0.17752959 0.17577218
v -2.16241901 -0.07727459 0.20278018
v -2.15605899 -0.07571741 0.19699982
v -2.15605899 -0.17597241 0.16999182
v -2.22792592 -0.07333615 0.26600227
v -2.16177592 0.02691885 0.17451027
v -2.15670208 0.02059915 0.17125373
v -2.22285208 -0.07965585 0.26274573
v -2.16241901 -0.07571741 0.20278018
v -2.16241901 0.02453759 0.17577218
v -2.15605899 0.02298041 0.16999182
v -2.15605899 -0.07727459 0.19699982
v -2.15981652 0.01975159 0.17451874
v -2.22596652 0.05215659 0.23051874
v -2.22481148 0.06017141 0.22724526
v -2.15866148 0.02776641 0.17124526
v -2.22856402 -0.07572103 0.26727063
v -2.22856402 0.05693897 0.23177863
v -2.22221398 0.05538903 0.22598537
v -2.22221398 -0.07727097 0.26147737
v 1.32317552 -0.00661416 -0.34903479
v 1.36262552 0.14696584 -0.21454379
v 1.36969648 0.14268216 -0.21172621
v 1.33024648 -0.01089784 -0.34621721
v 1.32438066 -0.00510568 -0.34706342
v 1.41563066 0.03742932 -0.24507342
v 1.42029134 0.03012868 -0.24619858
v 1.32904134 -0.01240632 -0.34818858
v 1.41480214 0.03316987 -0.24858937
v 1.36300214 0.14421487 -0.21608837
v 1.36931986 0.14543313 -0.21018163
v 1.42111986 0.03438813 -0.24268263
v 1.36733024 0.14095496 -0.21478885
v 1.25463024 0.14450496 -0.30277085
v 1.25229176 0.15224304 -0.29946315
v 1.36499176 0.14869304 -0.21148115
v 1.32354342 -0.00936099 -0.35057087
v 1.25029342 0.14776901 -0.30406187
v 1.25662858 0.14897899 -0.29817213
v 1.32987858 -0.00815101 -0.34468113
v 1.39637005 -0.16425791 0.29759806
v 1.41432005 0.03540709 0.44359406
v 1.42160195 0.03215091 0.44715194
v 1.40365195 -0.16751409 0.30115594
v 1.39883892 -0.16201124 0.30101538
v 1.51108892 -0.16462624 0.38750238
v 1.51343308 -0.17237576 0.38422562
v 1.40118308 -0.16976076 0.29773862
v 1.50907380 -0.16912809 0.38294504
v 1.41477380 0.03315191 0.44245404
v 1.42114820 0.03440609 0.44829196
v 1.51544820 -0.16787391 0.38878296
v 1.42029528 0.03013437 0.44479022
v 1.32904528 -0.01240063 0.34530322
v 1.32437672 -0.00511137 0.34646878
v 1.41562672 0.03742363 0.44595578
v 1.39681788 -0.16651352 0.29646461
v 1.32351788 -0.00938352 0.34297361
v 1.32990412 -0.00812848 0.34879839
v 1.40320412 -0.16525848 0.30228939
v -2.47275843 -0.18339954 0.18579379
v -2.47275843 -0.07727454 0.21426679
v -2.46641957 -0.07571746 0.20846321
v -2.46641957 -0.18184246 0.17999021
v -2.41606770 -0.16070953 0.13624182
v -2.46901770 -0.18662953 0.18125582
v -2.47016030 -0.17861247 0.18452818
v -2.41721030 -0.15269247 0.13951418
v -2.41916718 -0.15986572 0.13951038
v -2.47211718 -0.07966072 0.21299738
v -2.46706082 -0.07333128 0.20973262
v -2.41411082 -0.15353628 0.13624562
v -2.46958900 -0.07212887 0.21136500
v -2.41663900 -0.07212887 0.15939300
v -2.41663900 -0.08086313 0.15939300
v -2.46958900 -0.08086313 0.21136500
v -2.41980831 -0.15747945 0.14077995
v -2.41980831 -0.07727445 0.16229495
v -2.41346969 -0.07571755 0.15649105
v -2.41346969 -0.15592255 0.13497605
v -2.47211717 -0.07333126 0.21299737
v -2.41916717 0.00687274 0.13951037
v -2.41411083 0.00054326 0.13624563
v -2.46706083 -0.07966074 0.20973263
v -2.41980831 -0.07571754 0.16229495
v -2.41980831 0.00448646 0.14077995
v -2.41346969 0.00292954 0.13497605
v -2.41346969 -0.07727446 0.15649105
v -2.41721033 -0.00030052 0.13951422
v -2.47016033 0.02562048 0.18452822
v -2.46901767 0.03363752 0.18125578
v -2.41606767 0.00771652 0.13624178
v -2.47275843 -0.07571746 0.21426680
v -2.47275843 0.03040754 0.18579380
v -2.46641957 0.02885046 0.17999020
v -2.46641957 -0.07727454 0.20846320
f 1 2 3 4
f 5 6 7 8
f 9 10 11 12
f 13 14 15 16
f 17 18 19 20
f 21 22 23 24
f 25 26 27 28
f 29 30 31 32
f 33 34 35 36
f 37 38 39 40
f 41 42 43 44
f 45 46 47 48
f 49 50 51 52
f 53 54 55 56
f 57 58 59 60
f 61 62 63 64
f 65 66 67 68
f 69 70 71 72
f 73 74 75 76
f 77 78 79 80
f 81 82 83 84
f 85 86 87 88
f 89 90 91 92
f 93 94 95 96
f 97 98 99 100
f 101 102 103 104
f 105 106 107 108
f 109 110 111 112
f 113 114 115 116
f 117 118 119 120
f 121 122 123 124
f 125 126 127 128
f 129 130 131 132
f 133 134 135 136
f 137 138 139 140
f 141 142 143 144
f 145 146 147 148
f 149 150 151 152
f 153 154 155 156
f 157 158 159 160
f 161 162 163 164
f 165 166 167 168
f 169 170 171 172
f 173 174 175 176
f 177 178 179 180
f 181 182 183 184
f 185 186 187 188
f 189 190 191 192
f 193 194 195 196
f 197 198 199 200
f 201 202 203 204
f 205 206 207 208
f 209 210 211 212
f 213 214 215 216
f 217 218 219 220
f 221 222 223 224
f 225 226 227 228
f 229 230 231 232
f 233 234 235 236
f 237 238 239 240
f 241 242 243 244
f 245 246 247 248
f 249 250 251 252
f 253 254 255 256
f 257 258 259 260
f 261 262 263 264
f 265 266 267 268
f 269 270 271 272
f 273 274 275 276
f 277 278 279 280
f 281 282 283 284
f 285 286 287 288
f 289 290 291 292
f 293 294 295 296
f 297 298 299 300
f 301 302 303 304
f 305 306 307 308
f 309 310 311 312
f 313 314 315 316
f 317 318 319 320
f 321 322 323 324
f 325 326 327 328
f 329 330 331 332
f 333 334 335 336
f 337 338 339 340
f 341 342 343 344
f 345 346 347 348
f 349 350 351 352
f 353 354 355 356
f 357 358 359 360
f 361 362 363 364
f 365 366 367 368
f 369 370 371 372
f 373 374 375 376
f 377 378 379 380
f 381 382 383 384
f 385 386 387 388
f 389 390 391 392
f 393 394 395 396
f 397 398 399 400
f 401 402 403 404
f 405 406 407 408
f 409 410 411 412
f 413 414 415 416
f 417 418 419 420
f 421 422 423 424
f 425 426 427 428
f 429 430 431 432
f 433 434 435 436
f 437 438 439 440
f 441 442 443 444
f 445 446 447 448
f 449 450 451 452
f 453 454 455 456
f 457 458 459 460
f 461 462 463 464
f 465 466 467 468
f 469 470 471 472
f 473 474 475 476
f 477 478 479 480
f 481 482 483 484
f 485 486 487 488
f 489 490 491 492
f 493 494 495 496
f 497 498 499 500
f 501 502 503 504
f 505 506 507 508
f 509 510 511 512
f 513 514 515 516
f 517 518 519 520
f 521 522 523 524
f 525 526 527 528
f 529 530 531 532
f 533 534 535 536
f 537 538 539 540
f 541 542 543 544
f 545 546 547 548
f 549 550 551 552
f 553 554 555 556
f 557 558 559 560
f 561 562 563 564
f 565 566 567 568
f 569 570 571 572
f 573 574 575 576
f 577 578 579 580
f 581 582 583 584
f 585 586 587 588
f 589 590 591 592
f 593 594 595 596
f 597 598 599 600
f 601 602 603 604
f 605 606 607 608
f 609 610 611 612
f 613 614 615 616
f 617 618 619 620
f 621 622 623 624
f 625 626 627 628
f 629 630 631 632
f 633 634 635 636
f 637 638 639 640
f 641 642 643 644
f 645 646 647 648
f 649 650 651 652
f 653 654 655 656
f 657 658 659 660
f 661 662 663 664
f 665 666 667 668
f 669 670 671 672
f 673 674 675 676
f 677 678 679 680
f 681 682 683 684
f 685 686 687 688
f 689 690 691 692
f 693 694 695 696
f 697 698 699 700
f 701 702 703 704
f 705 706 707 708
f 709 710 711 712
f 713 714 715 716
f 717 718 719 720
f 721 722 723 724
f 725 726 727 728
f 729 730 731 732
f 733 734 735 736
f 737 738 739 740
f 741 742 743 744
f 745 746 747 748
f 749 750 751 752
f 753 754 755 756
f 757 758 759 760
f 761 762 763 764
f 765 766 767 768
f 769 770 771 772
f 773 774 775 776
f 777 778 779 780
f 781 782 783 784
f 785 786 787 788
f 789 790 791 792
f 793 794 795 796
f 797 798 799 800
f 801 802 803 804
f 805 806 807 808
f 809 810 811 812
f 813 814 815 816
f 817 818 819 820
f 821 822 823 824
f 825 826 827 828
f 829 830 831 832
f 833 834 835 836
f 837 838 839 840
f 841 842 843 844
f 845 846 847 848
f 849 850 851 852
f 853 854 855 856
f 857 858 859 860
f 861 862 863 864
f 865 866 867 868
f 869 870 871 872
f 873 874 875 876
f 877 878 879 880
f 881 882 883 884
f 885 886 887 888
f 889 890 891 892
f 893 894 895 896
f 897 898 899 900
f 901 902 903 904
f 905 906 907 908
f 909 910 911 912
f 913 914 915 916
f 917 918 919 920
f 921 922 923 924
f 925 926 927 928
f 929 930 931 932
f 933 934 935 936
f 937 938 939 940
f 941 942 943 944
f 945 946 947 948
f 949 950 951 952
f 953 954 955 956
f 957 958 959 960
f 961 962 963 964
f 965 966 967 968
f 969 970 971 972
f 973 974 975 976
f 977 978 979 980
f 981 982 983 984
f 985 986 987 988
f 989 990 991 992
f 993 994 995 996
f 997 998 999 1000
f 1001 1002 1003 1004
f 1005 1006 1007 1008
f 1009 1010 1011 1012
f 1013 1014 1015 1016
f 1017 1018 1019 1020
f 1021 1022 1023 1024
f 1025 1026 1027 1028
f 1029 1030 1031 1032
f 1033 1034 1035 1036
f 1037 1038 1039 1040
f 1041 1042 1043 1044
f 1045 1046 1047 1048
f 1049 1050 1051 1052
f 1053 1054 1055 1056
f 1057 1058 1059 1060
f 1061 1062 1063 1064
f 1065 1066 1067 1068
f 1069 1070 1071 1072
f 1073 1074 1075 1076
f 1077 1078 1079 1080
f 1081 1082 1083 1084
f 1085 1086 1087 1088
f 1089 1090 1091 1092
f 1093 1094 1095 1096
f 1097 1098 1099 1100
f 1101 1102 1103 1104
f 1105 1106 1107 1108
f 1109 1110 1111 1112
f 1113 1114 1115 1116
f 1117 1118 1119 1120
f 1121 1122 1123 1124
f 1125 1126 1127 1128
f 1129 1130 1131 1132
f 1133 1134 1135 1136
f 1137 1138 1139 1140
f 1141 1142 1143 1144
f 1145 1146 1147 1148
f 1149 1150 1151 1152
f 1153 1154 1155 1156
f 1157 1158 1159 1160
f 1161 1162 1163 1164
f 1165 1166 1167 1168
f 1169 1170 1171 1172
f 1173 1174 1175 1176
f 1177 1178 1179 1180
f 1181 1182 1183 1184
f 1185 1186 1187 1188
f 1189 1190 1191 1192
f 1193 1194 1195 1196
f 1197 1198 1199 1200
f 1201 1202 1203 1204
f 1205 1206 1207 1208
f 1209 1210 1211 1212
f 1213 1214 1215 1216
f 1217 1218 1219 1220
f 1221 1222 1223 1224
f 1225 1226 1227 1228
f 1229 1230 1231 1232
f 1233 1234 1235 1236
f 1237 1238 1239 1240
f 1241 1242 1243 1244
f 1245 1246 1247 1248
f 1249 1250 1251 1252
f 1253 1254 1255 1256
f 1257 1258 1259 1260
f 1261 1262 1263 1264
f 1265 1266 1267 1268
f 1269 1270 1271 1272
f 1273 1274 1275 1276
f 1277 1278 1279 1280
f 1281 1282 1283 1284
f 1285 1286 1287 1288
f 1289 1290 1291 1292
f 1293 1294 1295 1296
f 1297 1298 1299 1300
f 1301 1302 1303 1304
f 1305 1306 1307 1308
f 1309 1310 1311 1312
f 1313 1314 1315 1316
f 1317 1318 1319 1320
f 1321 1322 1323 1324
f 1325 1326 1327 1328
f 1329 1330 1331 1332
f 1333 1334 1335 1336
f 1337 1338 1339 1340
f 1341 1342 1343 1344
f 1345 1346 1347 1348
f 1349 1350 1351 1352
f 1353 1354 1355 1356
f 1357 1358 1359 1360
f 1361 1362 1363 1364
f 1365 1366 1367 1368
f 1369 1370 1371 1372
f 1373 1374 1375 1376
f 1377 1378 1379 1380
f 1381 1382 1383 1384
f 1385 1386 1387 1388
f 1389 1390 1391 1392
f 1393 1394 1395 1396
f 1397 1398 1399 1400
f 1401 1402 1403 1404
f 1405 1406 1407 1408
f 1409 1410 1411 1412
f 1413 1414 1415 1416
f 1417 1418 1419 1420
f 1421 1422 1423 1424
f 1425 1426 1427 1428
f 1429 1430 1431 1432
f 1433 1434 1435 1436
f 1437 1438 1439 1440
f 1441 1442 1443 1444
f 1445 1446 1447 1448
f 1449 1450 1451 1452
f 1453 1454 1455 1456
f 1457 1458 1459 1460
f 1461 1462 1463 1464
f 1465 1466 1467 1468
f 1469 1470 1471 1472
f 1473 1474 1475 1476
f 1477 1478 1479 1480
f 1481 1482 1483 1484
f 1485 1486 1487 1488
f 1489 1490 1491 1492
f 1493 1494 1495 1496
f 1497 1498 1499 1500
f 1501 1502 1503 1504
f 1505 1506 1507 1508
f 1509 1510 1511 1512
f 1513 1514 1515 1516
f 1517 1518 1519 1520
f 1521 1522 1523 1524
f 1525 1526 1527 1528
f 1529 1530 1531 1532
f 1533 1534 1535 1536
f 1537 1538 1539 1540
f 1541 1542 1543 1544
f 1545 1546 1547 1548
f 1549 1550 1551 1552
f 1553 1554 1555 1556
f 1557 1558 1559 1560
f 1561 1562 1563 1564
f 1565 1566 1567 1568
f 1569 1570 1571 1572
f 1573 1574 1575 1576
f 1577 1578 1579 1580
f 1581 1582 1583 1584
f 1585 1586 1587 1588
f 1589 1590 1591 1592
f 1593 1594 1595 1596
f 1597 1598 1599 1600
f 1601 1602 1603 1604
f 1605 1606 1607 1608
f 1609 1610 1611 1612
f 1613 1614 1615 1616
f 1617 1618 1619 1620
f 1621 1622 1623 1624
f 1625 1626 1627 1628
f 1629 1630 1631 1632
f 1633 1634 1635 1636
f 1637 1638 1639 1640
f 1641 1642 1643 1644
f 1645 1646 1647 1648
f 1649 1650 1651 1652
f 1653 1654 1655 1656
f 1657 1658 1659 1660
f 1661 1662 1663 1664
f 1665 1666 1667 1668
f 1669 1670 1671 1672
f 1673 1674 1675 1676
f 1677 1678 1679 1680
f 1681 1682 1683 1684
f 1685 1686 1687 1688
f 1689 1690 1691 1692
f 1693 1694 1695 1696
f 1697 1698 1699 1700
f 1701 1702 1703 1704
f 1705 1706 1707 1708
f 1709 1710 1711 1712
f 1713 1714 1715 1716
f 1717 1718 1719 1720
f 1721 1722 1723 1724
f 1725 1726 1727 1728
f 1729 1730 1731 1732
f 1733 1734 1735 1736
f 1737 1738 1739 1740
f 1741 1742 1743 1744
f 1745 1746 1747 1748
f 1749 1750 1751 1752
f 1753 1754 1755 1756
f 1757 1758 1759 1760
f 1761 1762 1763 1764
f 1765 1766 1767 1768
f 1769 1770 1771 1772
f 1773 1774 1775 1776
f 1777 1778 1779 1780
f 1781 1782 1783 1784
f 1785 1786 1787 1788
f 1789 1790 1791 1792
f 1793 1794 1795 1796
f 1797 1798 1799 1800
f 1801 1802 1803 1804
f 1805 1806 1807 1808
f 1809 1810 1811 1812
f 1813 1814 1815 1816
f 1817 1818 1819 1820
f 1821 1822 1823 1824
f 1825 1826 1827 1828
f 1829 1830 1831 1832
f 1833 1834 1835 1836
f 1837 1838 1839 1840
f 1841 1842 1843 1844
f 1845 1846 1847 1848
f 1849 1850 1851 1852
f 1853 1854 1855 1856
f 1857 1858 1859 1860
f 1861 1862 1863 1864
f 1865 1866 1867 1868
f 1869 1870 1871 1872
f 1873 1874 1875 1876
f 1877 1878 1879 1880
f 1881 1882 1883 1884
f 1885 1886 1887 1888
f 1889 1890 1891 1892
f 1893 1894 1895 1896
f 1897 1898 1899 1900
f 1901 1902 1903 1904
f 1905 1906 1907 1908
f 1909 1910 1911 1912
f 1913 1914 1915 1916
f 1917 1918 1919 1920
f 1921 1922 1923 1924
f 1925 1926 1927 1928
f 1929 1930 1931 1932
f 1933 1934 1935 1936
f 1937 1938 1939 1940
f 1941 1942 1943 1944
f 1945 1946 1947 1948
f 1949 1950 1951 1952
f 1953 1954 1955 1956
f 1957 1958 1959 1960
f 1961 1962 1963 1964
f 1965 1966 1967 1968
f 1969 1970 1971 1972
f 1973 1974 1975 1976
f 1977 1978 1979 1980
f 1981 1982 1983 1984
f 1985 1986 1987 1988
f 1989 1990 1991 1992
f 1993 1994 1995 1996
f 1997 1998 1999 2000
f 2001 2002 2003 2004
f 2005 2006 2007 2008
f 2009 2010 2011 2012
f 2013 2014 2015 2016
f 2017 2018 2019 2020
f 2021 2022 2023 2024
f 2025 2026 2027 2028
f 2029 2030 2031 2032
f 2033 2034 2035 2036
f 2037 2038 2039 2040
f 2041 2042 2043 2044
f 2045 2046 2047 2048
f 2049 2050 2051 2052
f 2053 2054 2055 2056
f 2057 2058 2059 2060
f 2061 2062 2063 2064
f 2065 2066 2067 2068
f 2069 2070 2071 2072
f 2073 2074 2075 2076
f 2077 2078 2079 2080
f 2081 2082 2083 2084
f 2085 2086 2087 2088
f 2089 2090 2091 2092
f 2093 2094 2095 2096
f 2097 2098 2099 2100
f 2101 2102 2103 2104
f 2105 2106 2107 2108
f 2109 2110 2111 2112
f 2113 2114 2115 2116
f 2117 2118 2119 2120
f 2121 2122 2123 2124
f 2125 2126 2127 2128
f 2129 2130 2131 2132
f 2133 2134 2135 2136
f 2137 2138 2139 2140
f 2141 2142 2143 2144
f 2145 2146 2147 2148
f 2149 2150 2151 2152
f 2153 2154 2155 2156
f 2157 2158 2159 2160
f 2161 2162 2163 2164
f 2165 2166 2167 2168
f 2169 2170 2171 2172
f 2173 2174 2175 2176
f 2177 2178 2179 2180
f 2181 2182 2183 2184
f 2185 2186 2187 2188
f 2189 2190 2191 2192
f 2193 2194 2195 2196
f 2197 2198 2199 2200
f 2201 2202 2203 2204
f 2205 2206 2207 2208
f 2209 2210 2211 2212
f 2213 2214 2215 2216
f 2217 2218 2219 2220
f 2221 2222 2223 2224
f 2225 2226 2227 2228
f 2229 2230 2231 2232
f 2233 2234 2235 2236
f 2237 2238 2239 2240
f 2241 2242 2243 2244
f 2245 2246 2247 2248
f 2249 2250 2251 2252
f 2253 2254 2255 2256
f 2257 2258 2259 2260
f 2261 2262 2263 2264
f 2265 2266 2267 2268
f 2269 2270 2271 2272
f 2273 2274 2275 2276
f 2277 2278 2279 2280
f 2281 2282 2283 2284
f 2285 2286 2287 2288
f 2289 2290 2291 2292
f 2293 2294 2295 2296
f 2297 2298 2299 2300
f 2301 2302 2303 2304
f 2305 2306 2307 2308
f 2309 2310 2311 2312
f 2313 2314 2315 2316
f 2317 2318 2319 2320
f 2321 2322 2323 2324
f 2325 2326 2327 2328
f 2329 2330 2331 2332
f 2333 2334 2335 2336
f 2337 2338 2339 2340
f 2341 2342 2343 2344
f 2345 2346 2347 2348
f 2349 2350 2351 2352
f 2353 2354 2355 2356
f 2357 2358 2359 2360
f 2361 2362 2363 2364
f 2365 2366 2367 2368
f 2369 2370 2371 2372
f 2373 2374 2375 2376
f 2377 2378 2379 2380
f 2381 2382 2383 2384
f 2385 2386 2387 2388
f 2389 2390 2391 2392
f 2393 2394 2395 2396
f 2397 2398 2399 2400
f 2401 2402 2403 2404
f 2405 2406 2407 2408
f 2409 2410 2411 2412
f 2413 2414 2415 2416
f 2417 2418 2419 2420
f 2421 2422 2423 2424
f 2425 2426 2427 2428
f 2429 2430 2431 2432
f 2433 2434 2435 2436
f 2437 2438 2439 2440
f 2441 2442 2443 2444
f 2445 2446 2447 2448
f 2449 2450 2451 2452
f 2453 2454 2455 2456
f 2457 2458 2459 2460
f 2461 2462 2463 2464
f 2465 2466 2467 2468
f 2469 2470 2471 2472
f 2473 2474 2475 2476
f 2477 2478 2479 2480
f 2481 2482 2483 2484
f 2485 2486 2487 2488
f 2489 2490 2491 2492
f 2493 2494 2495 2496
f 2497 2498 2499 2500
f 2501 2502 2503 2504
f 2505 2506 2507 2508
f 2509 2510 2511 2512
f 2513 2514 2515 2516
f 2517 2518 2519 2520
f 2521 2522 2523 2524
f 2525 2526 2527 2528
f 2529 2530 2531 2532
f 2533 2534 2535 2536
f 2537 2538 2539 2540
f 2541 2542 2543 2544
f 2545 2546 2547 2548
f 2549 2550 2551 2552
f 2553 2554 2555 2556
f 2557 2558 2559 2560
f 2561 2562 2563 2564
f 2565 2566 2567 2568
f 2569 2570 2571 2572
f 2573 2574 2575 2576
f 2577 2578 2579 2580
f 2581 2582 2583 2584
f 2585 2586 2587 2588
f 2589 2590 2591 2592
f 2593 2594 2595 2596
f 2597 2598 2599 2600
f 2601 2602 2603 2604
f 2605 2606 2607 2608
f 2609 2610 2611 2612
f 2613 2614 2615 2616
f 2617 2618 2619 2620
f 2621 2622 2623 2624
f 2625 2626 2627 2628
f 2629 2630 2631 2632
f 2633 2634 2635 2636
f 2637 2638 2639 2640
f 2641 2642 2643 2644
f 2645 2646 2647 2648
f 2649 2650 2651 2652
f 2653 2654 2655 2656
f 2657 2658 2659 2660
f 2661 2662 2663 2664
f 2665 2666 2667 2668
f 2669 2670 2671 2672
f 2673 2674 2675 2676
f 2677 2678 2679 2680
f 2681 2682 2683 2684
f 2685 2686 2687 2688
f 2689 2690 2691 2692
f 2693 2694 2695 2696
f 2697 2698 2699 2700
f 2701 2702 2703 2704
f 2705 2706 2707 2708
f 2709 2710 2711 2712
f 2713 2714 2715 2716
f 2717 2718 2719 2720
f 2721 2722 2723 2724
f 2725 2726 2727 2728
f 2729 2730 2731 2732
f 2733 2734 2735 2736
f 2737 2738 2739 2740
f 2741 2742 2743 2744
f 2745 2746 2747 2748
f 2749 2750 2751 2752
f 2753 2754 2755 2756
f 2757 2758 2759 2760
f 2761 2762 2763 2764
f 2765 2766 2767 2768
f 2769 2770 2771 2772
f 2773 2774 2775 2776
f 2777 2778 2779 2780
f 2781 2782 2783 2784
f 2785 2786 2787 2788
f 2789 2790 2791 2792
f 2793 2794 2795 2796
f 2797 2798 2799 2800
f 2801 2802 2803 2804
f 2805 2806 2807 2808
f 2809 2810 2811 2812
f 2813 2814 2815 2816
f 2817 2818 2819 2820
f 2821 2822 2823 2824
f 2825 2826 2827 2828
f 2829 2830 2831 2832
f 2833 2834 2835 2836
f 2837 2838 2839 2840
f 2841 2842 2843 2844
f 2845 2846 2847 2848
f 2849 2850 2851 2852
f 2853 2854 2855 2856
f 2857 2858 2859 2860
f 2861 2862 2863 2864
f 2865 2866 2867 2868
f 2869 2870 2871 2872
f 2873 2874 2875 2876
f 2877 2878 2879 2880
f 2881 2882 2883 2884
f 2885 2886 2887 2888
f 2889 2890 2891 2892
f 2893 2894 2895 2896
f 2897 2898 2899 2900
f 2901 2902 2903 2904
f 2905 2906 2907 2908
f 2909 2910 2911 2912
f 2913 2914 2915 2916
f 2917 2918 2919 2920
f 2921 2922 2923 2924
f 2925 2926 2927 2928
f 2929 2930 2931 2932
f 2933 2934 2935 2936
f 2937 2938 2939 2940
f 2941 2942 2943 2944
f 2945 2946 2947 2948
f 2949 2950 2951 2952
f 2953 2954 2955 2956
f 2957 2958 2959 2960
f 2961 2962 2963 2964
f 2965 2966 2967 2968
f 2969 2970 2971 2972
f 2973 2974 2975 2976
f 2977 2978 2979 2980
f 2981 2982 2983 2984
f 2985 2986 2987 2988
f 2989 2990 2991 2992
f 2993 2994 2995 2996
f 2997 2998 2999 3000
f 3001 3002 3003 3004
f 3005 3006 3007 3008
f 3009 3010 3011 3012
f 3013 3014 3015 3016
f 3017 3018 3019 3020
f 3021 3022 3023 3024
f 3025 3026 3027 3028
f 3029 3030 3031 3032
f 3033 3034 3035 3036
f 3037 3038 3039 3040
f 3041 3042 3043 3044
f 3045 3046 3047 3048
f 3049 3050 3051 3052
f 3053 3054 3055 3056
f 3057 3058 3059 3060
f 3061 3062 3063 3064
f 3065 3066 3067 3068
f 3069 3070 3071 3072
f 3073 3074 3075 3076
f 3077 3078 3079 3080
f 3081 3082 3083 3084
f 3085 3086 3087 3088
f 3089 3090 3091 3092
f 3093 3094 3095 3096
f 3097 3098 3099 3100
f 3101 3102 3103 3104
f 3105 3106 3107 3108
f 3109 3110 3111 3112
f 3113 3114 3115 3116
f 3117 3118 3119 3120
f 3121 3122 3123 3124
f 3125 3126 3127 3128
f 3129 3130 3131 3132
f 3133 3134 3135 3136
f 3137 3138 3139 3140
f 3141 3142 3143 3144
f 3145 3146 3147 3148
f 3149 3150 3151 3152
f 3153 3154 3155 3156
f 3157 3158 3159 3160
f 3161 3162 3163 3164
f 3165 3166 3167 3168
f 3169 3170 3171 3172
f 3173 3174 3175 3176
f 3177 3178 3179 3180
f 3181 3182 3183 3184
f 3185 3186 3187 3188
f 3189 3190 3191 3192
f 3193 3194 3195 3196
f 3197 3198 3199 3200
f 3201 3202 3203 3204
f 3205 3206 3207 3208
f 3209 3210 3211 3212
f 3213 3214 3215 3216
f 3217 3218 3219 3220
f 3221 3222 3223 3224
f 3225 3226 3227 3228
f 3229 3230 3231 3232
f 3233 3234 3235 3236
f 3237 3238 3239 3240
f 3241 3242 3243 3244
f 3245 3246 3247 3248
f 3249 3250 3251 3252
f 3253 3254 3255 3256
f 3257 3258 3259 3260
f 3261 3262 3263 3264
f 3265 3266 3267 3268
f 3269 3270 3271 3272
f 3273 3274 3275 3276
f 3277 3278 3279 3280
f 3281 3282 3283 3284
f 3285 3286 3287 3288
f 3289 3290 3291 3292
f 3293 3294 3295 3296
f 3297 3298 3299 3300
f 3301 3302 3303 3304
f 3305 3306 3307 3308
f 3309 3310 3311 3312
f 3313 3314 3315 3316
f 3317 3318 3319 3320
f 3321 3322 3323 3324
f 3325 3326 3327 3328
f 3329 3330 3331 3332
f 3333 3334 3335 3336
f 3337 3338 3339 3340
f 3341 3342 3343 3344
f 3345 3346 3347 3348
f 3349 3350 3351 3352
f 3353 3354 3355 3356
f 3357 3358 3359 3360
f 3361 3362 3363 3364
f 3365 3366 3367 3368
f 3369 3370 3371 3372
f 3373 3374 3375 3376
f 3377 3378 3379 3380
f 3381 3382 3383 3384
f 3385 3386 3387 3388
f 3389 3390 3391 3392
f 3393 3394 3395 3396
f 3397 3398 3399 3400
f 3401 3402 3403 3404
f 3405 3406 3407 3408
f 3409 3410 3411 3412
f 3413 3414 3415 3416
f 3417 3418 3419 3420
f 3421 3422 3423 3424
f 3425 3426 3427 3428
f 3429 3430 3431 3432
f 3433 3434 3435 3436
f 3437 3438 3439 3440
f 3441 3442 3443 3444
f 3445 3446 3447 3448
f 3449 3450 3451 3452
f 3453 3454 3455 3456
f 3457 3458 3459 3460
f 3461 3462 3463 3464
f 3465 3466 3467 3468
f 3469 3470 3471 3472
f 3473 3474 3475 3476
f 3477 3478 3479 3480
f 3481 3482 3483 3484
f 3485 3486 3487 3488
f 3489 3490 3491 3492
f 3493 3494 3495 3496
f 3497 3498 3499 3500
f 3501 3502 3503 3504
f 3505 3506 3507 3508
f 3509 3510 3511 3512
f 3513 3514 3515 3516
f 3517 3518 3519 3520
f 3521 3522 3523 3524
f 3525 3526 3527 3528
f 3529 3530 3531 3532
f 3533 3534 3535 3536
f 3537 3538 3539 3540
f 3541 3542 3543 3544
f 3545 3546 3547 3548
f 3549 3550 3551 3552
f 3553 3554 3555 3556
f 3557 3558 3559 3560
f 3561 3562 3563 3564
f 3565 3566 3567 3568
f 3569 3570 3571 3572
f 3573 3574 3575 3576
f 3577 3578 3579 3580
f 3581 3582 3583 3584
f 3585 3586 3587 3588
f 3589 3590 3591 3592
f 3593 3594 3595 3596
f 3597 3598 3599 3600
f 3601 3602 3603 3604
f 3605 3606 3607 3608
f 3609 3610 3611 3612
f 3613 3614 3615 3616
f 3617 3618 3619 3620
f 3621 3622 3623 3624
f 3625 3626 3627 3628
f 3629 3630 3631 3632
f 3633 3634 3635 3636
f 3637 3638 3639 3640
f 3641 3642 3643 3644
f 3645 3646 3647 3648
f 3649 3650 3651 3652
f 3653 3654 3655 3656
f 3657 3658 3659 3660
f 3661 3662 3663 3664
f 3665 3666 3667 3668
f 3669 3670 3671 3672
f 3673 3674 3675 3676
f 3677 3678 3679 3680
f 3681 3682 3683 3684
f 3685 3686 3687 3688
f 3689 3690 3691 3692
f 3693 3694 3695 3696
f 3697 3698 3699 3700
f 3701 3702 3703 3704
f 3705 3706 3707 3708
f 3709 3710 3711 3712
f 3713 3714 3715 3716
f 3717 3718 3719 3720
f 3721 3722 3723 3724
f 3725 3726 3727 3728
f 3729 3730 3731 3732
f 3733 3734 3735 3736
f 3737 3738 3739 3740
f 3741 3742 3743 3744
f 3745 3746 3747 3748
f 3749 3750 3751 3752
f 3753 3754 3755 3756
f 3757 3758 3759 3760
f 3761 3762 3763 3764
f 3765 3766 3767 3768
f 3769 3770 3771 3772
f 3773 3774 3775 3776
f 3777 3778 3779 3780
f 3781 3782 3783 3784
f 3785 3786 3787 3788
f 3789 3790 3791 3792
f 3793 3794 3795 3796
f 3797 3798 3799 3800
f 3801 3802 3803 3804
f 3805 3806 3807 3808
f 3809 3810 3811 3812
f 3813 3814 3815 3816
f 3817 3818 3819 3820
f 3821 3822 3823 3824
f 3825 3826 3827 3828
f 3829 3830 3831 3832
f 3833 3834 3835 3836
f 3837 3838 3839 3840
f 3841 3842 3843 3844
f 3845 3846 3847 3848
f 3849 3850 3851 3852
f 3853 3854 3855 3856
f 3857 3858 3859 3860
f 3861 3862 3863 3864
f 3865 3866 3867 3868
f 3869 3870 3871 3872
f 3873 3874 3875 3876
f 3877 3878 3879 3880
f 3881 3882 3883 3884
f 3885 3886 3887 3888
f 3889 3890 3891 3892
f 3893 3894 3895 3896
f 3897 3898 3899 3900
f 3901 3902 3903 3904
f 3905 3906 3907 3908
f 3909 3910 3911 3912
f 3913 3914 3915 3916
f 3917 3918 3919 3920
f 3921 3922 3923 3924
f 3925 3926 3927 3928
f 3929 3930 3931 3932
f 3933 3934 3935 3936
f 3937 3938 3939 3940
f 3941 3942 3943 3944
f 3945 3946 3947 3948
f 3949 3950 3951 3952
f 3953 3954 3955 3956
f 3957 3958 3959 3960
f 3961 3962 3963 3964
f 3965 3966 3967 3968
f 3969 3970 3971 3972
f 3973 3974 3975 3976
f 3977 3978 3979 3980
f 3981 3982 3983 3984
f 3985 3986 3987 3988
f 3989 3990 3991 3992
f 3993 3994 3995 3996
f 3997 3998 3999 4000
f 4001 4002 4003 4004
f 4005 4006 4007 4008
f 4009 4010 4011 4012
f 4013 4014 4015 4016
f 4017 4018 4019 4020
f 4021 4022 4023 4024
f 4025 4026 4027 4028
f 4029 4030 4031 4032
f 4033 4034 4035 4036
f 4037 4038 4039 4040
f 4041 4042 4043 4044
f 4045 4046 4047 4048
f 4049 4050 4051 4052
f 4053 4054 4055 4056
f 4057 4058 4059 4060
f 4061 4062 4063 4064
f 4065 4066 4067 4068
f 4069 4070 4071 4072
f 4073 4074 4075 4076
f 4077 4078 4079 4080
f 4081 4082 4083 4084
f 4085 4086 4087 4088
f 4089 4090 4091 4092
f 4093 4094 4095 4096
f 4097 4098 4099 4100
f 4101 4102 4103 4104
f 4105 4106 4107 4108
f 4109 4110 4111 4112
f 4113 4114 4115 4116
f 4117 4118 4119 4120
f 4121 4122 4123 4124
f 4125 4126 4127 4128
f 4129 4130 4131 4132
f 4133 4134 4135 4136
f 4137 4138 4139 4140
f 4141 4142 4143 4144
f 4145 4146 4147 4148
f 4149 4150 4151 4152
f 4153 4154 4155 4156
f 4157 4158 4159 4160
f 4161 4162 4163 4164
f 4165 4166 4167 4168
f 4169 4170 4171 4172
f 4173 4174 4175 4176
f 4177 4178 4179 4180
f 4181 4182 4183 4184
f 4185 4186 4187 4188
f 4189 4190 4191 4192
f 4193 4194 4195 4196
f 4197 4198 4199 4200
f 4201 4202 4203 4204
f 4205 4206 4207 4208
f 4209 4210 4211 4212
f 4213 4214 4215 4216
f 4217 4218 4219 4220
f 4221 4222 4223 4224
f 4225 4226 4227 4228
f 4229 4230 4231 4232
f 4233 4234 4235 4236
f 4237 4238 4239 4240
f 4241 4242 4243 4244
f 4245 4246 4247 4248
f 4249 4250 4251 4252
f 4253 4254 4255 4256
f 4257 4258 4259 4260
f 4261 4262 4263 4264
f 4265 4266 4267 4268
f 4269 4270 4271 4272
f 4273 4274 4275 4276
f 4277 4278 4279 4280
f 4281 4282 4283 4284
f 4285 4286 4287 4288
f 4289 4290 4291 4292
f 4293 4294 4295 4296
f 4297 4298 4299 4300
f 4301 4302 4303 4304
f 4305 4306 4307 4308
f 4309 4310 4311 4312
f 4313 4314 4315 4316
f 4317 4318 4319 4320
f 4321 4322 4323 4324
f 4325 4326 4327 4328
f 4329 4330 4331 4332
f 4333 4334 4335 4336
f 4337 4338 4339 4340
f 4341 4342 4343 4344
f 4345 4346 4347 4348
f 4349 4350 4351 4352
f 4353 4354 4355 4356
f 4357 4358 4359 4360
f 4361 4362 4363 4364
f 4365 4366 4367 4368
f 4369 4370 4371 4372
f 4373 4374 4375 4376
f 4377 4378 4379 4380
f 4381 4382 4383 4384
f 4385 4386 4387 4388
f 4389 4390 4391 4392
f 4393 4394 4395 4396
f 4397 4398 4399 4400
f 4401 4402 4403 4404
f 4405 4406 4407 4408
f 4409 4410 4411 4412
f 4413 4414 4415 4416
f 4417 4418 4419 4420
f 4421 4422 4423 4424
f 4425 4426 4427 4428
f 4429 4430 4431 4432
f 4433 4434 4435 4436
f 4437 4438 4439 4440
f 4441 4442 4443 4444
f 4445 4446 4447 4448
f 4449 4450 4451 4452
f 4453 4454 4455 4456
f 4457 4458 4459 4460
f 4461 4462 4463 4464
f 4465 4466 4467 4468
f 4469 4470 4471 4472
f 4473 4474 4475 4476
f 4477 4478 4479 4480
f 4481 4482 4483 4484
f 4485 4486 4487 4488
f 4489 4490 4491 4492
f 4493 4494 4495 4496
f 4497 4498 4499 4500
f 4501 4502 4503 4504
f 4505 4506 4507 4508
f 4509 4510 4511 4512
f 4513 4514 4515 4516
f 4517 4518 4519 4520
f 4521 4522 4523 4524
f 4525 4526 4527 4528
f 4529 4530 4531 4532
f 4533 4534 4535 4536
f 4537 4538 4539 4540
f 4541 4542 4543 4544
f 4545 4546 4547 4548
f 4549 4550 4551 4552
f 4553 4554 4555 4556
f 4557 4558 4559 4560
f 4561 4562 4563 4564
f 4565 4566 4567 4568
f 4569 4570 4571 4572
f 4573 4574 4575 4576
f 4577 4578 4579 4580
f 4581 4582 4583 4584
f 4585 4586 4587 4588
f 4589 4590 4591 4592
f 4593 4594 4595 4596
f 4597 4598 4599 4600
f 4601 4602 4603 4604
f 4605 4606 4607 4608
f 4609 4610 4611 4612
f 4613 4614 4615 4616
f 4617 4618 4619 4620
f 4621 4622 4623 4624
f 4625 4626 4627 4628
f 4629 4630 4631 4632
f 4633 4634 4635 4636
f 4637 4638 4639 4640
f 4641 4642 4643 4644
f 4645 4646 4647 4648
f 4649 4650 4651 4652
f 4653 4654 4655 4656
f 4657 4658 4659 4660
f 4661 4662 4663 4664
f 4665 4666 4667 4668
f 4669 4670 4671 4672
f 4673 4674 4675 4676
f 4677 4678 4679 4680
f 4681 4682 4683 4684
f 4685 4686 4687 4688
f 4689 4690 4691 4692
f 4693 4694 4695 4696
f 4697 4698 4699 4700
f 4701 4702 4703 4704
f 4705 4706 4707 4708
f 4709 4710 4711 4712
f 4713 4714 4715 4716
f 4717 4718 4719 4720
f 4721 4722 4723 4724
f 4725 4726 4727 4728
f 4729 4730 4731 4732
f 4733 4734 4735 4736
f 4737 4738 4739 4740
f 4741 4742 4743 4744
f 4745 4746 4747 4748
f 4749 4750 4751 4752
f 4753 4754 4755 4756
f 4757 4758 4759 4760
f 4761 4762 4763 4764
f 4765 4766 4767 4768
f 4769 4770 4771 4772
f 4773 4774 4775 4776
f 4777 4778 4779 4780
f 4781 4782 4783 4784
f 4785 4786 4787 4788
f 4789 4790 4791 4792
f 4793 4794 4795 4796
f 4797 4798 4799 4800
f 4801 4802 4803 4804
f 4805 4806 4807 4808
f 4809 4810 4811 4812
f 4813 4814 4815 4816
f 4817 4818 4819 4820
f 4821 4822 4823 4824
f 4825 4826 4827 4828
f 4829 4830 4831 4832
f 4833 4834 4835 4836
f 4837 4838 4839 4840
f 4841 4842 4843 4844
f 4845 4846 4847 4848
f 4849 4850 4851 4852
f 4853 4854 4855 4856
f 4857 4858 4859 4860
f 4861 4862 4863 4864
f 4865 4866 4867 4868
f 4869 4870 4871 4872
f 4873 4874 4875 4876
f 4877 4878 4879 4880
f 4881 4882 4883 4884
f 4885 4886 4887 4888
f 4889 4890 4891 4892
f 4893 4894 4895 4896
f 4897 4898 4899 4900
f 4901 4902 4903 4904
f 4905 4906 4907 4908
f 4909 4910 4911 4912
f 4913 4914 4915 4916
f 4917 4918 4919 4920
f 4921 4922 4923 4924
f 4925 4926 4927 4928
f 4929 4930 4931 4932
f 4933 4934 4935 4936
f 4937 4938 4939 4940
f 4941 4942 4943 4944
f 4945 4946 4947 4948
f 4949 4950 4951 4952
f 4953 4954 4955 4956
f 4957 4958 4959 4960
f 4961 4962 4963 4964
f 4965 4966 4967 4968
f 4969 4970 4971 4972
f 4973 4974 4975 4976
f 4977 4978 4979 4980
f 4981 4982 4983 4984
f 4985 4986 4987 4988
f 4989 4990 4991 4992
f 4993 4994 4995 4996
f 4997 4998 4999 5000
f 5001 5002 5003 5004
f 5005 5006 5007 5008
f 5009 5010 5011 5012
f 5013 5014 5015 5016
f 5017 5018 5019 5020
f 5021 5022 5023 5024
f 5025 5026 5027 5028
f 5029 5030 5031 5032
f 5033 5034 5035 5036
f 5037 5038 5039 5040
f 5041 5042 5043 5044
f 5045 5046 5047 5048
f 5049 5050 5051 5052
f 5053 5054 5055 5056
f 5057 5058 5059 5060
f 5061 5062 5063 5064
f 5065 5066 5067 5068
f 5069 5070 5071 5072
f 5073 5074 5075 5076
f 5077 5078 5079 5080
f 5081 5082 5083 5084
f 5085 5086 5087 5088
f 5089 5090 5091 5092
f 5093 5094 5095 5096
f 5097 5098 5099 5100
f 5101 5102 5103 5104
f 5105 5106 5107 5108
f 5109 5110 5111 5112
f 5113 5114 5115 5116
f 5117 5118 5119 5120
f 5121 5122 5123 5124
f 5125 5126 5127 5128
f 5129 5130 5131 5132
f 5133 5134 5135 5136
f 5137 5138 5139 5140
f 5141 5142 5143 5144
f 5145 5146 5147 5148
f 5149 5150 5151 5152
f 5153 5154 5155 5156
f 5157 5158 5159 5160
f 5161 5162 5163 5164
f 5165 5166 5167 5168
f 5169 5170 5171 5172
f 5173 5174 5175 5176
f 5177 5178 5179 5180
f 5181 5182 5183 5184
f 5185 5186 5187 5188
f 5189 5190 5191 5192
f 5193 5194 5195 5196
f 5197 5198 5199 5200
f 5201 5202 5203 5204
f 5205 5206 5207 5208
f 5209 5210 5211 5212
f 5213 5214 5215 5216
f 5217 5218 5219 5220
f 5221 5222 5223 5224
f 5225 5226 5227 5228
f 5229 5230 5231 5232
f 5233 5234 5235 5236
f 5237 5238 5239 5240
f 5241 5242 5243 5244
f 5245 5246 5247 5248
f 5249 5250 5251 5252
f 5253 5254 5255 5256
f 5257 5258 5259 5260
f 5261 5262 5263 5264
f 5265 5266 5267 5268
f 5269 5270 5271 5272
f 5273 5274 5275 5276
f 5277 5278 5279 5280
f 5281 5282 5283 5284
f 5285 5286 5287 5288
f 5289 5290 5291 5292
f 5293 5294 5295 5296
f 5297 5298 5299 5300
f 5301 5302 5303 5304
f 5305 5306 5307 5308
f 5309 5310 5311 5312
f 5313 5314 5315 5316
f 5317 5318 5319 5320
f 5321 5322 5323 5324
f 5325 5326 5327 5328
f 5329 5330 5331 5332
f 5333 5334 5335 5336
f 5337 5338 5339 5340
f 5341 5342 5343 5344
f 5345 5346 5347 5348
f 5349 5350 5351 5352
f 5353 5354 5355 5356
f 5357 5358 5359 5360
f 5361 5362 5363 5364
f 5365 5366 5367 5368
f 5369 5370 5371 5372
f 5373 5374 5375 5376
f 5377 5378 5379 5380
f 5381 5382 5383 5384
f 5385 5386 5387 5388
f 5389 5390 5391 5392
f 5393 5394 5395 5396
f 5397 5398 5399 5400
f 5401 5402 5403 5404
f 5405 5406 5407 5408
f 5409 5410 5411 5412
f 5413 5414 5415 5416
f 5417 5418 5419 5420
f 5421 5422 5423 5424
f 5425 5426 5427 5428
f 5429 5430 5431 5432
f 5433 5434 5435 5436
f 5437 5438 5439 5440
f 5441 5442 5443 5444
f 5445 5446 5447 5448
f 5449 5450 5451 5452
f 5453 5454 5455 5456
f 5457 5458 5459 5460
f 5461 5462 5463 5464
f 5465 5466 5467 5468
f 5469 5470 5471 5472
f 5473 5474 5475 5476
f 5477 5478 5479 5480
f 5481 5482 5483 5484
f 5485 5486 5487 5488
f 5489 5490 5491 5492
f 5493 5494 5495 5496
f 5497 5498 5499 5500
f 5501 5502 5503 5504
f 5505 5506 5507 5508
f 5509 5510 5511 5512
f 5513 5514 5515 5516
f 5517 5518 5519 5520
f 5521 5522 5523 5524
f 5525 5526 5527 5528
f 5529 5530 5531 5532
f 5533 5534 5535 5536
f 5537 5538 5539 5540
f 5541 5542 5543 5544
f 5545 5546 5547 5548
f 5549 5550 5551 5552
f 5553 5554 5555 5556
f 5557 5558 5559 5560
f 5561 5562 5563 5564
f 5565 5566 5567 5568
f 5569 5570 5571 5572
f 5573 5574 5575 5576
f 5577 5578 5579 5580
f 5581 5582 5583 5584
f 5585 5586 5587 5588
f 5589 5590 5591 5592
f 5593 5594 5595 5596
f 5597 5598 5599 5600
f 5601 5602 5603 5604
f 5605 5606 5607 5608
f 5609 5610 5611 5612
f 5613 5614 5615 5616
f 5617 5618 5619 5620
f 5621 5622 5623 5624
f 5625 5626 5627 5628
f 5629 5630 5631 5632
f 5633 5634 5635 5636
f 5637 5638 5639 5640
f 5641 5642 5643 5644
f 5645 5646 5647 5648
f 5649 5650 5651 5652
f 5653 5654 5655 5656
f 5657 5658 5659 5660
f 5661 5662 5663 5664
f 5665 5666 5667 5668
f 5669 5670 5671 5672
f 5673 5674 5675 5676
f 5677 5678 5679 5680
f 5681 5682 5683 5684
f 5685 5686 5687 5688
f 5689 5690 5691 5692
f 5693 5694 5695 5696
f 5697 5698 5699 5700
f 5701 5702 5703 5704
f 5705 5706 5707 5708
f 5709 5710 5711 5712
f 5713 5714 5715 5716
f 5717 5718 5719 5720
f 5721 5722 5723 5724
f 5725 5726 5727 5728
f 5729 5730 5731 5732
f 5733 5734 5735 5736
f 5737 5738 5739 5740
f 5741 5742 5743 5744
f 5745 5746 5747 5748
f 5749 5750 5751 5752
f 5753 5754 5755 5756
f 5757 5758 5759 5760
f 5761 5762 5763 5764
f 5765 5766 5767 5768
f 5769 5770 5771 5772
f 5773 5774 5775 5776
f 5777 5778 5779 5780
f 5781 5782 5783 5784
f 5785 5786 5787 5788
f 5789 5790 5791 5792
f 5793 5794 5795 5796
f 5797 5798 5799 5800
f 5801 5802 5803 5804
f 5805 5806 5807 5808
f 5809 5810 5811 5812
f 5813 5814 5815 5816
f 5817 5818 5819 5820
f 5821 5822 5823 5824
f 5825 5826 5827 5828
f 5829 5830 5831 5832
f 5833 5834 5835 5836
f 5837 5838 5839 5840
f 5841 5842 5843 5844
f 5845 5846 5847 5848
f 5849 5850 5851 5852
f 5853 5854 5855 5856
f 5857 5858 5859 5860
f 5861 5862 5863 5864
f 5865 5866 5867 5868
f 5869 5870 5871 5872
f 5873 5874 5875 5876
f 5877 5878 5879 5880
f 5881 5882 5883 5884
f 5885 5886 5887 5888
f 5889 5890 5891 5892
f 5893 5894 5895 5896
f 5897 5898 5899 5900
f 5901 5902 5903 5904
f 5905 5906 5907 5908
f 5909 5910 5911 5912
f 5913 5914 5915 5916
f 5917 5918 5919 5920
f 5921 5922 5923 5924
f 5925 5926 5927 5928
f 5929 5930 5931 5932
f 5933 5934 5935 5936
f 5937 5938 5939 5940
f 5941 5942 5943 5944
f 5945 5946 5947 5948
f 5949 5950 5951 5952
f 5953 5954 5955 5956
f 5957 5958 5959 5960
f 5961 5962 5963 5964
f 5965 5966 5967 5968
f 5969 5970 5971 5972
f 5973 5974 5975 5976
f 5977 5978 5979 5980
f 5981 5982 5983 5984
f 5985 5986 5987 5988
f 5989 5990 5991 5992
f 5993 5994 5995 5996
f 5997 5998 5999 6000
f 6001 6002 6003 6004
f 6005 6006 6007 6008
f 6009 6010 6011 6012
f 6013 6014 6015 6016
f 6017 6018 6019 6020
f 6021 6022 6023 6024
f 6025 6026 6027 6028
f 6029 6030 6031 6032
f 6033 6034 6035 6036
f 6037 6038 6039 6040
f 6041 6042 6043 6044
f 6045 6046 6047 6048
f 6049 6050 6051 6052
f 6053 6054 6055 6056
f 6057 6058 6059 6060
f 6061 6062 6063 6064
f 6065 6066 6067 6068
f 6069 6070 6071 6072
f 6073 6074 6075 6076
f 6077 6078 6079 6080
f 6081 6082 6083 6084
f 6085 6086 6087 6088
f 6089 6090 6091 6092
f 6093 6094 6095 6096
f 6097 6098 6099 6100
f 6101 6102 6103 6104
f 6105 6106 6107 6108
f 6109 6110 6111 6112
f 6113 6114 6115 6116
f 6117 6118 6119 6120
f 6121 6122 6123 6124
f 6125 6126 6127 6128
f 6129 6130 6131 6132
f 6133 6134 6135 6136
f 6137 6138 6139 6140
f 6141 6142 6143 6144
f 6145 6146 6147 6148
f 6149 6150 6151 6152
f 6153 6154 6155 6156
f 6157 6158 6159 6160
f 6161 6162 6163 6164
f 6165 6166 6167 6168
f 6169 6170 6171 6172
f 6173 6174 6175 6176
f 6177 6178 6179 6180
f 6181 6182 6183 6184
f 6185 6186 6187 6188
f 6189 6190 6191 6192
f 6193 6194 6195 6196
f 6197 6198 6199 6200
f 6201 6202 6203 6204
f 6205 6206 6207 6208
f 6209 6210 6211 6212
f 6213 6214 6215 6216
f 6217 6218 6219 6220
f 6221 6222 6223 6224
f 6225 6226 6227 6228
f 6229 6230 6231 6232
f 6233 6234 6235 6236
f 6237 6238 6239 6240
f 6241 6242 6243 6244
f 6245 6246 6247 6248
f 6249 6250 6251 6252
f 6253 6254 6255 6256
f 6257 6258 6259 6260
f 6261 6262 6263 6264
f 6265 6266 6267 6268
f 6269 6270 6271 6272
f 6273 6274 6275 6276
f 6277 6278 6279 6280
f 6281 6282 6283 6284
f 6285 6286 6287 6288
f 6289 6290 6291 6292
f 6293 6294 6295 6296
f 6297 6298 6299 6300
f 6301 6302 6303 6304
f 6305 6306 6307 6308
f 6309 6310 6311 6312
f 6313 6314 6315 6316
f 6317 6318 6319 6320
f 6321 6322 6323 6324
f 6325 6326 6327 6328
f 6329 6330 6331 6332
f 6333 6334 6335 6336
f 6337 6338 6339 6340
f 6341 6342 6343 6344
f 6345 6346 6347 6348
f 6349 6350 6351 6352
f 6353 6354 6355 6356
f 6357 6358 6359 6360
f 6361 6362 6363 6364
f 6365 6366 6367 6368
f 6369 6370 6371 6372
f 6373 6374 6375 6376
f 6377 6378 6379 6380
f 6381 6382 6383 6384
f 6385 6386 6387 6388
f 6389 6390 6391 6392
f 6393 6394 6395 6396
f 6397 6398 6399 6400
f 6401 6402 6403 6404
f 6405 6406 6407 6408
f 6409 6410 6411 6412
f 6413 6414 6415 6416
f 6417 6418 6419 6420
f 6421 6422 6423 6424
f 6425 6426 6427 6428
f 6429 6430 6431 6432
f 6433 6434 6435 6436
f 6437 6438 6439 6440
f 6441 6442 6443 6444
f 6445 6446 6447 6448
f 6449 6450 6451 6452
f 6453 6454 6455 6456
f 6457 6458 6459 6460
f 6461 6462 6463 6464
f 6465 6466 6467 6468
f 6469 6470 6471 6472
f 6473 6474 6475 6476
f 6477 6478 6479 6480
f 6481 6482 6483 6484
f 6485 6486 6487 6488
f 6489 6490 6491 6492
f 6493 6494 6495 6496
f 6497 6498 6499 6500
f 6501 6502 6503 6504
f 6505 6506 6507 6508
f 6509 6510 6511 6512
f 6513 6514 6515 6516
f 6517 6518 6519 6520
f 6521 6522 6523 6524
f 6525 6526 6527 6528
f 6529 6530 6531 6532
f 6533 6534 6535 6536
f 6537 6538 6539 6540
f 6541 6542 6543 6544
f 6545 6546 6547 6548
f 6549 6550 6551 6552
f 6553 6554 6555 6556
f 6557 6558 6559 6560
f 6561 6562 6563 6564
f 6565 6566 6567 6568
f 6569 6570 6571 6572
f 6573 6574 6575 6576
f 6577 6578 6579 6580
f 6581 6582 6583 6584
f 6585 6586 6587 6588
f 6589 6590 6591 6592
f 6593 6594 6595 6596
f 6597 6598 6599 6600
f 6601 6602 6603 6604
f 6605 6606 6607 6608
f 6609 6610 6611 6612
f 6613 6614 6615 6616
f 6617 6618 6619 6620
f 6621 6622 6623 6624
f 6625 6626 6627 6628
f 6629 6630 6631 6632
f 6633 6634 6635 6636
f 6637 6638 6639 6640
f 6641 6642 6643 6644
f 6645 6646 6647 6648
f 6649 6650 6651 6652
f 6653 6654 6655 6656
f 6657 6658 6659 6660
f 6661 6662 6663 6664
f 6665 6666 6667 6668
f 6669 6670 6671 6672
f 6673 6674 6675 6676
f 6677 6678 6679 6680
f 6681 6682 6683 6684
f 6685 6686 6687 6688
f 6689 6690 6691 6692
f 6693 6694 6695 6696
f 6697 6698 6699 6700
f 6701 6702 6703 6704
f 6705 6706 6707 6708
f 6709 6710 6711 6712
f 6713 6714 6715 6716
f 6717 6718 6719 6720
f 6721 6722 6723 6724
f 6725 6726 6727 6728
f 6729 6730 6731 6732
f 6733 6734 6735 6736
f 6737 6738 6739 6740
f 6741 6742 6743 6744
f 6745 6746 6747 6748
f 6749 6750 6751 6752
f 6753 6754 6755 6756
f 6757 6758 6759 6760
f 6761 6762 6763 6764
f 6765 6766 6767 6768
f 6769 6770 6771 6772
f 6773 6774 6775 6776
f 6777 6778 6779 6780
f 6781 6782 6783 6784
f 6785 6786 6787 6788
f 6789 6790 6791 6792
f 6793 6794 6795 6796
f 6797 6798 6799 6800
f 6801 6802 6803 6804
f 6805 6806 6807 6808
f 6809 6810 6811 6812
f 6813 6814 6815 6816
f 6817 6818 6819 6820
f 6821 6822 6823 6824
f 6825 6826 6827 6828
f 6829 6830 6831 6832
f 6833 6834 6835 6836
f 6837 6838 6839 6840
f 6841 6842 6843 6844
f 6845 6846 6847 6848
f 6849 6850 6851 6852
f 6853 6854 6855 6856
f 6857 6858 6859 6860
f 6861 6862 6863 6864
f 6865 6866 6867 6868
f 6869 6870 6871 6872
f 6873 6874 6875 6876
f 6877 6878 6879 6880
f 6881 6882 6883 6884
f 6885 6886 6887 6888
f 6889 6890 6891 6892
f 6893 6894 6895 6896
f 6897 6898 6899 6900
f 6901 6902 6903 6904
f 6905 6906 6907 6908
f 6909 6910 6911 6912
f 6913 6914 6915 6916
f 6917 6918 6919 6920
f 6921 6922 6923 6924
f 6925 6926 6927 6928
f 6929 6930 6931 6932
f 6933 6934 6935 6936
f 6937 6938 6939 6940
f 6941 6942 6943 6944
f 6945 6946 6947 6948
f 6949 6950 6951 6952
f 6953 6954 6955 6956
f 6957 6958 6959 6960
f 6961 6962 6963 6964
f 6965 6966 6967 6968
f 6969 6970 6971 6972
f 6973 6974 6975 6976
f 6977 6978 6979 6980
f 6981 6982 6983 6984
f 6985 6986 6987 6988
f 6989 6990 6991 6992
f 6993 6994 6995 6996
f 6997 6998 6999 7000
f 7001 7002 7003 7004
f 7005 7006 7007 7008
f 7009 7010 7011 7012
f 7013 7014 7015 7016
f 7017 7018 7019 7020
f 7021 7022 7023 7024
f 7025 7026 7027 7028
f 7029 7030 7031 7032
f 7033 7034 7035 7036
f 7037 7038 7039 7040
f 7041 7042 7043 7044
f 7045 7046 7047 7048
f 7049 7050 7051 7052
f 7053 7054 7055 7056
f 7057 7058 7059 7060
f 7061 7062 7063 7064
f 7065 7066 7067 7068
f 7069 7070 7071 7072
f 7073 7074 7075 7076
f 7077 7078 7079 7080
f 7081 7082 7083 7084
f 7085 7086 7087 7088
f 7089 7090 7091 7092
f 7093 7094 7095 7096
f 7097 7098 7099 7100
f 7101 7102 7103 7104
f 7105 7106 7107 7108
f 7109 7110 7111 7112
f 7113 7114 7115 7116
f 7117 7118 7119 7120
f 7121 7122 7123 7124
f 7125 7126 7127 7128
f 7129 7130 7131 7132
f 7133 7134 7135 7136
f 7137 7138 7139 7140
f 7141 7142 7143 7144
f 7145 7146 7147 7148
f 7149 7150 7151 7152
f 7153 7154 7155 7156
f 7157 7158 7159 7160
f 7161 7162 7163 7164
f 7165 7166 7167 7168
f 7169 7170 7171 7172
f 7173 7174 7175 7176
f 7177 7178 7179 7180
f 7181 7182 7183 7184
f 7185 7186 7187 7188
f 7189 7190 7191 7192
f 7193 7194 7195 7196
f 7197 7198 7199 7200
f 7201 7202 7203 7204
f 7205 7206 7207 7208
f 7209 7210 7211 7212
f 7213 7214 7215 7216
f 7217 7218 7219 7220
f 7221 7222 7223 7224
f 7225 7226 7227 7228
f 7229 7230 7231 7232
f 7233 7234 7235 7236
f 7237 7238 7239 7240
f 7241 7242 7243 7244
f 7245 7246 7247 7248
f 7249 7250 7251 7252
f 7253 7254 7255 7256
f 7257 7258 7259 7260
f 7261 7262 7263 7264
f 7265 7266 7267 7268
f 7269 7270 7271 7272
f 7273 7274 7275 7276
f 7277 7278 7279 7280
f 7281 7282 7283 7284
f 7285 7286 7287 7288
f 7289 7290 7291 7292
f 7293 7294 7295 7296
f 7297 7298 7299 7300
f 7301 7302 7303 7304
f 7305 7306 7307 7308
f 7309 7310 7311 7312
f 7313 7314 7315 7316
f 7317 7318 7319 7320
f 7321 7322 7323 7324
f 7325 7326 7327 7328
f 7329 7330 7331 7332
f 7333 7334 7335 7336
f 7337 7338 7339 7340
f 7341 7342 7343 7344
f 7345 7346 7347 7348
f 7349 7350 7351 7352
f 7353 7354 7355 7356
f 7357 7358 7359 7360
f 7361 7362 7363 7364
f 7365 7366 7367 7368
f 7369 7370 7371 7372
f 7373 7374 7375 7376
f 7377 7378 7379 7380
f 7381 7382 7383 7384
f 7385 7386 7387 7388
f 7389 7390 7391 7392
f 7393 7394 7395 7396
f 7397 7398 7399 7400
f 7401 7402 7403 7404
f 7405 7406 7407 7408
f 7409 7410 7411 7412
f 7413 7414 7415 7416
f 7417 7418 7419 7420
f 7421 7422 7423 7424
f 7425 7426 7427 7428
f 7429 7430 7431 7432
f 7433 7434 7435 7436
f 7437 7438 7439 7440
f 7441 7442 7443 7444
f 7445 7446 7447 7448
f 7449 7450 7451 7452
f 7453 7454 7455 7456
f 7457 7458 7459 7460
f 7461 7462 7463 7464
f 7465 7466 7467 7468
f 7469 7470 7471 7472
f 7473 7474 7475 7476
f 7477 7478 7479 7480
f 7481 7482 7483 7484
f 7485 7486 7487 7488
f 7489 7490 7491 7492
f 7493 7494 7495 7496
f 7497 7498 7499 7500
f 7501 7502 7503 7504
f 7505 7506 7507 7508
f 7509 7510 7511 7512
f 7513 7514 7515 7516
f 7517 7518 7519 7520
f 7521 7522 7523 7524
f 7525 7526 7527 7528
f 7529 7530 7531 7532
f 7533 7534 7535 7536
f 7537 7538 7539 7540
f 7541 7542 7543 7544
f 7545 7546 7547 7548
f 7549 7550 7551 7552
f 7553 7554 7555 7556
f 7557 7558 7559 7560
f 7561 7562 7563 7564
f 7565 7566 7567 7568
f 7569 7570 7571 7572
f 7573 7574 7575 7576
f 7577 7578 7579 7580
f 7581 7582 7583 7584
f 7585 7586 7587 7588
f 7589 7590 7591 7592
f 7593 7594 7595 7596
f 7597 7598 7599 7600
f 7601 7602 7603 7604
f 7605 7606 7607 7608
f 7609 7610 7611 7612
f 7613 7614 7615 7616
f 7617 7618 7619 7620
f 7621 7622 7623 7624
f 7625 7626 7627 7628
f 7629 7630 7631 7632
f 7633 7634 7635 7636
f 7637 7638 7639 7640
f 7641 7642 7643 7644
f 7645 7646 7647 7648
f 7649 7650 7651 7652
f 7653 7654 7655 7656
f 7657 7658 7659 7660
f 7661 7662 7663 7664
f 7665 7666 7667 7668
f 7669 7670 7671 7672
f 7673 7674 7675 7676
f 7677 7678 7679 7680
f 7681 7682 7683 7684
f 7685 7686 7687 7688
f 7689 7690 7691 7692
f 7693 7694 7695 7696
f 7697 7698 7699 7700
f 7701 7702 7703 7704
f 7705 7706 7707 7708
f 7709 7710 7711 7712
f 7713 7714 7715 7716
f 7717 7718 7719 7720
f 7721 7722 7723 7724
f 7725 7726 7727 7728
f 7729 7730 7731 7732
f 7733 7734 7735 7736
f 7737 7738 7739 7740
f 7741 7742 7743 7744
f 7745 7746 7747 7748
f 7749 7750 7751 7752
f 7753 7754 7755 7756
f 7757 7758 7759 7760
f 7761 7762 7763 7764
f 7765 7766 7767 7768
f 7769 7770 7771 7772
f 7773 7774 7775 7776
f 7777 7778 7779 7780
f 7781 7782 7783 7784
f 7785 7786 7787 7788
f 7789 7790 7791 7792
f 7793 7794 7795 7796
f 7797 7798 7799 7800
f 7801 7802 7803 7804
f 7805 7806 7807 7808
f 7809 7810 7811 7812
f 7813 7814 7815 7816
f 7817 7818 7819 7820
f 7821 7822 7823 7824
f 7825 7826 7827 7828
f 7829 7830 7831 7832
f 7833 7834 7835 7836
f 7837 7838 7839 7840
f 7841 7842 7843 7844
f 7845 7846 7847 7848
f 7849 7850 7851 7852
f 7853 7854 7855 7856
f 7857 7858 7859 7860
f 7861 7862 7863 7864
f 7865 7866 7867 7868
f 7869 7870 7871 7872
f 7873 7874 7875 7876
f 7877 7878 7879 7880
f 7881 7882 7883 7884
f 7885 7886 7887 7888
f 7889 7890 7891 7892
f 7893 7894 7895 7896
f 7897 7898 7899 7900
f 7901 7902 7903 7904
f 7905 7906 7907 7908
f 7909 7910 7911 7912
f 7913 7914 7915 7916
f 7917 7918 7919 7920
f 7921 7922 7923 7924
f 7925 7926 7927 7928
f 7929 7930 7931 7932
f 7933 7934 7935 7936
f 7937 7938 7939 7940
f 7941 7942 7943 7944
f 7945 7946 7947 7948
f 7949 7950 7951 7952
f 7953 7954 7955 7956
f 7957 7958 7959 7960
f 7961 7962 7963 7964
f 7965 7966 7967 7968
f 7969 7970 7971 7972
f 7973 7974 7975 7976
f 7977 7978 7979 7980
f 7981 7982 7983 7984
f 7985 7986 7987 7988
f 7989 7990 7991 7992
f 7993 7994 7995 7996
f 7997 7998 7999 8000
f 8001 8002 8003 8004
f 8005 8006 8007 8008
f 8009 8010 8011 8012
f 8013 8014 8015 8016
f 8017 8018 8019 8020
f 8021 8022 8023 8024
f 8025 8026 8027 8028
f 8029 8030 8031 8032
f 8033 8034 8035 8036
f 8037 8038 8039 8040
f 8041 8042 8043 8044
f 8045 8046 8047 8048
f 8049 8050 8051 8052
f 8053 8054 8055 8056
f 8057 8058 8059 8060
f 8061 8062 8063 8064
f 8065 8066 8067 8068
f 8069 8070 8071 8072
f 8073 8074 8075 8076
f 8077 8078 8079 8080
f 8081 8082 8083 8084
f 8085 8086 8087 8088
f 8089 8090 8091 8092
f 8093 8094 8095 8096
f 8097 8098 8099 8100
f 8101 8102 8103 8104
f 8105 8106 8107 8108
f 8109 8110 8111 8112
f 8113 8114 8115 8116
f 8117 8118 8119 8120
f 8121 8122 8123 8124
f 8125 8126 8127 8128
f 8129 8130 8131 8132
f 8133 8134 8135 8136
f 8137 8138 8139 8140
f 8141 8142 8143 8144
f 8145 8146 8147 8148
f 8149 8150 8151 8152
f 8153 8154 8155 8156
f 8157 8158 8159 8160
f 8161 8162 8163 8164
f 8165 8166 8167 8168
f 8169 8170 8171 8172
f 8173 8174 8175 8176
f 8177 8178 8179 8180
f 8181 8182 8183 8184
f 8185 8186 8187 8188
f 8189 8190 8191 8192
f 8193 8194 8195 8196
f 8197 8198 8199 8200
f 8201 8202 8203 8204
f 8205 8206 8207 8208
f 8209 8210 8211 8212
f 8213 8214 8215 8216
f 8217 8218 8219 8220
f 8221 8222 8223 8224
f 8225 8226 8227 8228
f 8229 8230 8231 8232
f 8233 8234 8235 8236
f 8237 8238 8239 8240
f 8241 8242 8243 8244
f 8245 8246 8247 8248
f 8249 8250 8251 8252
f 8253 8254 8255 8256
f 8257 8258 8259 8260
f 8261 8262 8263 8264
f 8265 8266 8267 8268
f 8269 8270 8271 8272
f 8273 8274 8275 8276
f 8277 8278 8279 8280
f 8281 8282 8283 8284
f 8285 8286 8287 8288
f 8289 8290 8291 8292
f 8293 8294 8295 8296
f 8297 8298 8299 8300
f 8301 8302 8303 8304
f 8305 8306 8307 8308
f 8309 8310 8311 8312
f 8313 8314 8315 8316
f 8317 8318 8319 8320
f 8321 8322 8323 8324
f 8325 8326 8327 8328
f 8329 8330 8331 8332
f 8333 8334 8335 8336
f 8337 8338 8339 8340
f 8341 8342 8343 8344
f 8345 8346 8347 8348
f 8349 8350 8351 8352
f 8353 8354 8355 8356
f 8357 8358 8359 8360
f 8361 8362 8363 8364
f 8365 8366 8367 8368
f 8369 8370 8371 8372
f 8373 8374 8375 8376
f 8377 8378 8379 8380
f 8381 8382 8383 8384
f 8385 8386 8387 8388
f 8389 8390 8391 8392
f 8393 8394 8395 8396
f 8397 8398 8399 8400
f 8401 8402 8403 8404
f 8405 8406 8407 8408
f 8409 8410 8411 8412
f 8413 8414 8415 8416
f 8417 8418 8419 8420
f 8421 8422 8423 8424
f 8425 8426 8427 8428
f 8429 8430 8431 8432
f 8433 8434 8435 8436
f 8437 8438 8439 8440
f 8441 8442 8443 8444
f 8445 8446 8447 8448
f 8449 8450 8451 8452
f 8453 8454 8455 8456
f 8457 8458 8459 8460
f 8461 8462 8463 8464
f 8465 8466 8467 8468
f 8469 8470 8471 8472
f 8473 8474 8475 8476
f 8477 8478 8479 8480
f 8481 8482 8483 8484
f 8485 8486 8487 8488
f 8489 8490 8491 8492
f 8493 8494 8495 8496
f 8497 8498 8499 8500
f 8501 8502 8503 8504
f 8505 8506 8507 8508
f 8509 8510 8511 8512
f 8513 8514 8515 8516
f 8517 8518 8519 8520
f 8521 8522 8523 8524
f 8525 8526 8527 8528
f 8529 8530 8531 8532
f 8533 8534 8535 8536
f 8537 8538 8539 8540
f 8541 8542 8543 8544
f 8545 8546 8547 8548
f 8549 8550 8551 8552
f 8553 8554 8555 8556
f 8557 8558 8559 8560
f 8561 8562 8563 8564
f 8565 8566 8567 8568
f 8569 8570 8571 8572
f 8573 8574 8575 8576
f 8577 8578 8579 8580
f 8581 8582 8583 8584
f 8585 8586 8587 8588
f 8589 8590 8591 8592
f 8593 8594 8595 8596
f 8597 8598 8599 8600
f 8601 8602 8603 8604
f 8605 8606 8607 8608
f 8609 8610 8611 8612
f 8613 8614 8615 8616
f 8617 8618 8619 8620
f 8621 8622 8623 8624
f 8625 8626 8627 8628
f 8629 8630 8631 8632
f 8633 8634 8635 8636
f 8637 8638 8639 8640
f 8641 8642 8643 8644
f 8645 8646 8647 8648
f 8649 8650 8651 8652
f 8653 8654 8655 8656
f 8657 8658 8659 8660
f 8661 8662 8663 8664
f 8665 8666 8667 8668
f 8669 8670 8671 8672
f 8673 8674 8675 8676
f 8677 8678 8679 8680
f 8681 8682 8683 8684
f 8685 8686 8687 8688
f 8689 8690 8691 8692
f 8693 8694 8695 8696
f 8697 8698 8699 8700
f 8701 8702 8703 8704
f 8705 8706 8707 8708
f 8709 8710 8711 8712
f 8713 8714 8715 8716
f 8717 8718 8719 8720
f 8721 8722 8723 8724
f 8725 8726 8727 8728
f 8729 8730 8731 8732
f 8733 8734 8735 8736
f 8737 8738 8739 8740
f 8741 8742 8743 8744
f 8745 8746 8747 8748
f 8749 8750 8751 8752
f 8753 8754 8755 8756
f 8757 8758 8759 8760
f 8761 8762 8763 8764
f 8765 8766 8767 8768
f 8769 8770 8771 8772
f 8773 8774 8775 8776
f 8777 8778 8779 8780
f 8781 8782 8783 8784
f 8785 8786 8787 8788
f 8789 8790 8791 8792
f 8793 8794 8795 8796
f 8797 8798 8799 8800
f 8801 8802 8803 8804
f 8805 8806 8807 8808
f 8809 8810 8811 8812
f 8813 8814 8815 8816
f 8817 8818 8819 8820
f 8821 8822 8823 8824
f 8825 8826 8827 8828
f 8829 8830 8831 8832
f 8833 8834 8835 8836
f 8837 8838 8839 8840
f 8841 8842 8843 8844
f 8845 8846 8847 8848
f 8849 8850 8851 8852
f 8853 8854 8855 8856
f 8857 8858 8859 8860
f 8861 8862 8863 8864
f 8865 8866 8867 8868
f 8869 8870 8871 8872
f 8873 8874 8875 8876
f 8877 8878 8879 8880
f 8881 8882 8883 8884
f 8885 8886 8887 8888
f 8889 8890 8891 8892
f 8893 8894 8895 8896
f 8897 8898 8899 8900
f 8901 8902 8903 8904
f 8905 8906 8907 8908
f 8909 8910 8911 8912
f 8913 8914 8915 8916
f 8917 8918 8919 8920
f 8921 8922 8923 8924
f 8925 8926 8927 8928
f 8929 8930 8931 8932
f 8933 8934 8935 8936
f 8937 8938 8939 8940
f 8941 8942 8943 8944
f 8945 8946 8947 8948
f 8949 8950 8951 8952
f 8953 8954 8955 8956
f 8957 8958 8959 8960
f 8961 8962 8963 8964
f 8965 8966 8967 8968
f 8969 8970 8971 8972
f 8973 8974 8975 8976
f 8977 8978 8979 8980
f 8981 8982 8983 8984
f 8985 8986 8987 8988
f 8989 8990 8991 8992
f 8993 8994 8995 8996
f 8997 8998 8999 9000
f 9001 9002 9003 9004
f 9005 9006 9007 9008
f 9009 9010 9011 9012
f 9013 9014 9015 9016
f 9017 9018 9019 9020
f 9021 9022 9023 9024
f 9025 9026 9027 9028
f 9029 9030 9031 9032
f 9033 9034 9035 9036
f 9037 9038 9039 9040
f 9041 9042 9043 9044
f 9045 9046 9047 9048
f 9049 9050 9051 9052
f 9053 9054 9055 9056
f 9057 9058 9059 9060
f 9061 9062 9063 9064
f 9065 9066 9067 9068
f 9069 9070 9071 9072
f 9073 9074 9075 9076
f 9077 9078 9079 9080
f 9081 9082 9083 9084
f 9085 9086 9087 9088
f 9089 9090 9091 9092
f 9093 9094 9095 9096
f 9097 9098 9099 9100
f 9101 9102 9103 9104
f 9105 9106 9107 9108
f 9109 9110 9111 9112
f 9113 9114 9115 9116
f 9117 9118 9119 9120
f 9121 9122 9123 9124
f 9125 9126 9127 9128
f 9129 9130 9131 9132
f 9133 9134 9135 9136
f 9137 9138 9139 9140
f 9141 9142 9143 9144
f 9145 9146 9147 9148
f 9149 9150 9151 9152
f 9153 9154 9155 9156
f 9157 9158 9159 9160
f 9161 9162 9163 9164
f 9165 9166 9167 9168
f 9169 9170 9171 9172
f 9173 9174 9175 9176
f 9177 9178 9179 9180
f 9181 9182 9183 9184
f 9185 9186 9187 9188
f 9189 9190 9191 9192
f 9193 9194 9195 9196
f 9197 9198 9199 9200
f 9201 9202 9203 9204
f 9205 9206 9207 9208
f 9209 9210 9211 9212
f 9213 9214 9215 9216
f 9217 9218 9219 9220
f 9221 9222 9223 9224
f 9225 9226 9227 9228
f 9229 9230 9231 9232
f 9233 9234 9235 9236
f 9237 9238 9239 9240
f 9241 9242 9243 9244
f 9245 9246 9247 9248
f 9249 9250 9251 9252
f 9253 9254 9255 9256
f 9257 9258 9259 9260
f 9261 9262 9263 9264
f 9265 9266 9267 9268
f 9269 9270 9271 9272
f 9273 9274 9275 9276
f 9277 9278 9279 9280
f 9281 9282 9283 9284
f 9285 9286 9287 9288
f 9289 9290 9291 9292
f 9293 9294 9295 9296
f 9297 9298 9299 9300
f 9301 9302 9303 9304
f 9305 9306 9307 9308
f 9309 9310 9311 9312
f 9313 9314 9315 9316
f 9317 9318 9319 9320
f 9321 9322 9323 9324
f 9325 9326 9327 9328
f 9329 9330 9331 9332
f 9333 9334 9335 9336
f 9337 9338 9339 9340
f 9341 9342 9343 9344
f 9345 9346 9347 9348
f 9349 9350 9351 9352
f 9353 9354 9355 9356
f 9357 9358 9359 9360
f 9361 9362 9363 9364
f 9365 9366 9367 9368
f 9369 9370 9371 9372
f 9373 9374 9375 9376
f 9377 9378 9379 9380
f 9381 9382 9383 9384
f 9385 9386 9387 9388
f 9389 9390 9391 9392
f 9393 9394 9395 9396
f 9397 9398 9399 9400
f 9401 9402 9403 9404
f 9405 9406 9407 9408
f 9409 9410 9411 9412
f 9413 9414 9415 9416
f 9417 9418 9419 9420
f 9421 9422 9423 9424
f 9425 9426 9427 9428
f 9429 9430 9431 9432
f 9433 9434 9435 9436
f 9437 9438 9439 9440
f 9441 9442 9443 9444
f 9445 9446 9447 9448
f 9449 9450 9451 9452
f 9453 9454 9455 9456
f 9457 9458 9459 9460
f 9461 9462 9463 9464
f 9465 9466 9467 9468
f 9469 9470 9471 9472
f 9473 9474 9475 9476
f 9477 9478 9479 9480
f 9481 9482 9483 9484
f 9485 9486 9487 9488
f 9489 9490 9491 9492
f 9493 9494 9495 9496
f 9497 9498 9499 9500
f 9501 9502 9503 9504
f 9505 9506 9507 9508
f 9509 9510 9511 9512
f 9513 9514 9515 9516
f 9517 9518 9519 9520
f 9521 9522 9523 9524
f 9525 9526 9527 9528
f 9529 9530 9531 9532
f 9533 9534 9535 9536
f 9537 9538 9539 9540
f 9541 9542 9543 9544
f 9545 9546 9547 9548
f 9549 9550 9551 9552
f 9553 9554 9555 9556
f 9557 9558 9559 9560
f 9561 9562 9563 9564
f 9565 9566 9567 9568
f 9569 9570 9571 9572
f 9573 9574 9575 9576
f 9577 9578 9579 9580
f 9581 9582 9583 9584
f 9585 9586 9587 9588
f 9589 9590 9591 9592
f 9593 9594 9595 9596
f 9597 9598 9599 9600
f 9601 9602 9603 9604
f 9605 9606 9607 9608
f 9609 9610 9611 9612
f 9613 9614 9615 9616
f 9617 9618 9619 9620
f 9621 9622 9623 9624
f 9625 9626 9627 9628
f 9629 9630 9631 9632
f 9633 9634 9635 9636
f 9637 9638 9639 9640
f 9641 9642 9643 9644
f 9645 9646 9647 9648
f 9649 9650 9651 9652
f 9653 9654 9655 9656
f 9657 9658 9659 9660
f 9661 9662 9663 9664
f 9665 9666 9667 9668
f 9669 9670 9671 9672
f 9673 9674 9675 9676
f 9677 9678 9679 9680
f 9681 9682 9683 9684
f 9685 9686 9687 9688
f 9689 9690 9691 9692
f 9693 9694 9695 9696
f 9697 9698 9699 9700
f 9701 9702 9703 9704
f 9705 9706 9707 9708
f 9709 9710 9711 9712
f 9713 9714 9715 9716
f 9717 9718 9719 9720
f 9721 9722 9723 9724
f 9725 9726 9727 9728
f 9729 9730 9731 9732
f 9733 9734 9735 9736
f 9737 9738 9739 9740
f 9741 9742 9743 9744
f 9745 9746 9747 9748
f 9749 9750 9751 9752
f 9753 9754 9755 9756
f 9757 9758 9759 9760
f 9761 9762 9763 9764
f 9765 9766 9767 9768
f 9769 9770 9771 9772
f 9773 9774 9775 9776
f 9777 9778 9779 9780
f 9781 9782 9783 9784
f 9785 9786 9787 9788
f 9789 9790 9791 9792
f 9793 9794 9795 9796
f 9797 9798 9799 9800
f 9801 9802 9803 9804
f 9805 9806 9807 9808
f 9809 9810 9811 9812
f 9813 9814 9815 9816
f 9817 9818 9819 9820
f 9821 9822 9823 9824
f 9825 9826 9827 9828
f 9829 9830 9831 9832
f 9833 9834 9835 9836
f 9837 9838 9839 9840
f 9841 9842 9843 9844
f 9845 9846 9847 9848
f 9849 9850 9851 9852
f 9853 9854 9855 9856
f 9857 9858 9859 9860
f 9861 9862 9863 9864
f 9865 9866 9867 9868
f 9869 9870 9871 9872
f 9873 9874 9875 9876
f 9877 9878 9879 9880
f 9881 9882 9883 9884
f 9885 9886 9887 9888
f 9889 9890 9891 9892
f 9893 9894 9895 9896
f 9897 9898 9899 9900
f 9901 9902 9903 9904
f 9905 9906 9907 9908
f 9909 9910 9911 9912
f 9913 9914 9915 9916
f 9917 9918 9919 9920
f 9921 9922 9923 9924
f 9925 9926 9927 9928
f 9929 9930 9931 9932
f 9933 9934 9935 9936
f 9937 9938 9939 9940
f 9941 9942 9943 9944
f 9945 9946 9947 9948
f 9949 9950 9951 9952
f 9953 9954 9955 9956
f 9957 9958 9959 9960
f 9961 9962 9963 9964
f 9965 9966 9967 9968
f 9969 9970 9971 9972
f 9973 9974 9975 9976
f 9977 9978 9979 9980
f 9981 9982 9983 9984
f 9985 9986 9987 9988
f 9989 9990 9991 9992
f 9993 9994 9995 9996
f 9997 9998 9999 10000
f 10001 10002 10003 10004
f 10005 10006 10007 10008
f 10009 10010 10011 10012
f 10013 10014 10015 10016
f 10017 10018 10019 10020
f 10021 10022 10023 10024
f 10025 10026 10027 10028
f 10029 10030 10031 10032
f 10033 10034 10035 10036
f 10037 10038 10039 10040
f 10041 10042 10043 10044
f 10045 10046 10047 10048
f 10049 10050 10051 10052
f 10053 10054 10055 10056
f 10057 10058 10059 10060
f 10061 10062 10063 10064
f 10065 10066 10067 10068
f 10069 10070 10071 10072
f 10073 10074 10075 10076
f 10077 10078 10079 10080
f 10081 10082 10083 10084
f 10085 10086 10087 10088
f 10089 10090 10091 10092
f 10093 10094 10095 10096
f 10097 10098 10099 10100
f 10101 10102 10103 10104
f 10105 10106 10107 10108
f 10109 10110 10111 10112
f 10113 10114 10115 10116
f 10117 10118 10119 10120
f 10121 10122 10123 10124
f 10125 10126 10127 10128
f 10129 10130 10131 10132
f 10133 10134 10135 10136
f 10137 10138 10139 10140
f 10141 10142 10143 10144
f 10145 10146 10147 10148
f 10149 10150 10151 10152
f 10153 10154 10155 10156
f 10157 10158 10159 10160
f 10161 10162 10163 10164
f 10165 10166 10167 10168
f 10169 10170 10171 10172
f 10173 10174 10175 10176
f 10177 10178 10179 10180
f 10181 10182 10183 10184
f 10185 10186 10187 10188
f 10189 10190 10191 10192
f 10193 10194 10195 10196
f 10197 10198 10199 10200
f 10201 10202 10203 10204
f 10205 10206 10207 10208
f 10209 10210 10211 10212
f 10213 10214 10215 10216
f 10217 10218 10219 10220
f 10221 10222 10223 10224
f 10225 10226 10227 10228
f 10229 10230 10231 10232
f 10233 10234 10235 10236
f 10237 10238 10239 10240
f 10241 10242 10243 10244
f 10245 10246 10247 10248
f 10249 10250 10251 10252
f 10253 10254 10255 10256
f 10257 10258 10259 10260
f 10261 10262 10263 10264
f 10265 10266 10267 10268
f 10269 10270 10271 10272
f 10273 10274 10275 10276
f 10277 10278 10279 10280
f 10281 10282 10283 10284
f 10285 10286 10287 10288
f 10289 10290 10291 10292
f 10293 10294 10295 10296
f 10297 10298 10299 10300
f 10301 10302 10303 10304
f 10305 10306 10307 10308
f 10309 10310 10311 10312
f 10313 10314 10315 10316
f 10317 10318 10319 10320
f 10321 10322 10323 10324
f 10325 10326 10327 10328
f 10329 10330 10331 10332
f 10333 10334 10335 10336
f 10337 10338 10339 10340
f 10341 10342 10343 10344
f 10345 10346 10347 10348
f 10349 10350 10351 10352
f 10353 10354 10355 10356
f 10357 10358 10359 10360
f 10361 10362 10363 10364
f 10365 10366 10367 10368
f 10369 10370 10371 10372
f 10373 10374 10375 10376
f 10377 10378 10379 10380
f 10381 10382 10383 10384
f 10385 10386 10387 10388
f 10389 10390 10391 10392
f 10393 10394 10395 10396
f 10397 10398 10399 10400
f 10401 10402 10403 10404
f 10405 10406 10407 10408
f 10409 10410 10411 10412
f 10413 10414 10415 10416
f 10417 10418 10419 10420
f 10421 10422 10423 10424
f 10425 10426 10427 10428
f 10429 10430 10431 10432
f 10433 10434 10435 10436
f 10437 10438 10439 10440
f 10441 10442 10443 10444
f 10445 10446 10447 10448
f 10449 10450 10451 10452
f 10453 10454 10455 10456
f 10457 10458 10459 10460
f 10461 10462 10463 10464
f 10465 10466 10467 10468
f 10469 10470 10471 10472
f 10473 10474 10475 10476
f 10477 10478 10479 10480
f 10481 10482 10483 10484
f 10485 10486 10487 10488
f 10489 10490 10491 10492
f 10493 10494 10495 10496
f 10497 10498 10499 10500
f 10501 10502 10503 10504
f 10505 10506 10507 10508
f 10509 10510 10511 10512
f 10513 10514 10515 10516
f 10517 10518 10519 10520
f 10521 10522 10523 10524
f 10525 10526 10527 10528
f 10529 10530 10531 10532
f 10533 10534 10535 10536
f 10537 10538 10539 10540
f 10541 10542 10543 10544
f 10545 10546 10547 10548
f 10549 10550 10551 10552
f 10553 10554 10555 10556
f 10557 10558 10559 10560
f 10561 10562 10563 10564
f 10565 10566 10567 10568
f 10569 10570 10571 10572
f 10573 10574 10575 10576
f 10577 10578 10579 10580
f 10581 10582 10583 10584
f 10585 10586 10587 10588
f 10589 10590 10591 10592
f 10593 10594 10595 10596
f 10597 10598 10599 10600
f 10601 10602 10603 10604
f 10605 10606 10607 10608
f 10609 10610 10611 10612
f 10613 10614 10615 10616
f 10617 10618 10619 10620
f 10621 10622 10623 10624
f 10625 10626 10627 10628
f 10629 10630 10631 10632
f 10633 10634 10635 10636
f 10637 10638 10639 10640
f 10641 10642 10643 10644
f 10645 10646 10647 10648
f 10649 10650 10651 10652
f 10653 10654 10655 10656
f 10657 10658 10659 10660
f 10661 10662 10663 10664
f 10665 10666 10667 10668
f 10669 10670 10671 10672
f 10673 10674 10675 10676
f 10677 10678 10679 10680
f 10681 10682 10683 10684
f 10685 10686 10687 10688
f 10689 10690 10691 10692
f 10693 10694 10695 10696
f 10697 10698 10699 10700
f 10701 10702 10703 10704
f 10705 10706 10707 10708
f 10709 10710 10711 10712
f 10713 10714 10715 10716
f 10717 10718 10719 10720
f 10721 10722 10723 10724
f 10725 10726 10727 10728
f 10729 10730 10731 10732
f 10733 10734 10735 10736
f 10737 10738 10739 10740
f 10741 10742 10743 10744
f 10745 10746 10747 10748
f 10749 10750 10751 10752
f 10753 10754 10755 10756
f 10757 10758 10759 10760
f 10761 10762 10763 10764
f 10765 10766 10767 10768
f 10769 10770 10771 10772
f 10773 10774 10775 10776
f 10777 10778 10779 10780
f 10781 10782 10783 10784
f 10785 10786 10787 10788
f 10789 10790 10791 10792
f 10793 10794 10795 10796
f 10797 10798 10799 10800
f 10801 10802 10803 10804
f 10805 10806 10807 10808
f 10809 10810 10811 10812
f 10813 10814 10815 10816
f 10817 10818 10819 10820
f 10821 10822 10823 10824
f 10825 10826 10827 10828
f 10829 10830 10831 10832
f 10833 10834 10835 10836
f 10837 10838 10839 10840
f 10841 10842 10843 10844
f 10845 10846 10847 10848
f 10849 10850 10851 10852
f 10853 10854 10855 10856
f 10857 10858 10859 10860
f 10861 10862 10863 10864
f 10865 10866 10867 10868
f 10869 10870 10871 10872
f 10873 10874 10875 10876
f 10877 10878 10879 10880
f 10881 10882 10883 10884
f 10885 10886 10887 10888
f 10889 10890 10891 10892
f 10893 10894 10895 10896
f 10897 10898 10899 10900
f 10901 10902 10903 10904
f 10905 10906 10907 10908
f 10909 10910 10911 10912
f 10913 10914 10915 10916
f 10917 10918 10919 10920
f 10921 10922 10923 10924
f 10925 10926 10927 10928
f 10929 10930 10931 10932
f 10933 10934 10935 10936
f 10937 10938 10939 10940
f 10941 10942 10943 10944
f 10945 10946 10947 10948
f 10949 10950 10951 10952
f 10953 10954 10955 10956
f 10957 10958 10959 10960
f 10961 10962 10963 10964
f 10965 10966 10967 10968
f 10969 10970 10971 10972
f 10973 10974 10975 10976
f 10977 10978 10979 10980
f 10981 10982 10983 10984
f 10985 10986 10987 10988
f 10989 10990 10991 10992
f 10993 10994 10995 10996
f 10997 10998 10999 11000
f 11001 11002 11003 11004
f 11005 11006 11007 11008
f 11009 11010 11011 11012
f 11013 11014 11015 11016
f 11017 11018 11019 11020
f 11021 11022 11023 11024
f 11025 11026 11027 11028
f 11029 11030 11031 11032
f 11033 11034 11035 11036
f 11037 11038 11039 11040
f 11041 11042 11043 11044
f 11045 11046 11047 11048
f 11049 11050 11051 11052
f 11053 11054 11055 11056
f 11057 11058 11059 11060
f 11061 11062 11063 11064
f 11065 11066 11067 11068
f 11069 11070 11071 11072
f 11073 11074 11075 11076
f 11077 11078 11079 11080
f 11081 11082 11083 11084
f 11085 11086 11087 11088
f 11089 11090 11091 11092
f 11093 11094 11095 11096
f 11097 11098 11099 11100
f 11101 11102 11103 11104
f 11105 11106 11107 11108
f 11109 11110 11111 11112
f 11113 11114 11115 11116
f 11117 11118 11119 11120
f 11121 11122 11123 11124
f 11125 11126 11127 11128
f 11129 11130 11131 11132
f 11133 11134 11135 11136
f 11137 11138 11139 11140
f 11141 11142 11143 11144
f 11145 11146 11147 11148
f 11149 11150 11151 11152
f 11153 11154 11155 11156
f 11157 11158 11159 11160
f 11161 11162 11163 11164
f 11165 11166 11167 11168
f 11169 11170 11171 11172
f 11173 11174 11175 11176
f 11177 11178 11179 11180
f 11181 11182 11183 11184
f 11185 11186 11187 11188
f 11189 11190 11191 11192
f 11193 11194 11195 11196
f 11197 11198 11199 11200
f 11201 11202 11203 11204
f 11205 11206 11207 11208
f 11209 11210 11211 11212
f 11213 11214 11215 11216
f 11217 11218 11219 11220
f 11221 11222 11223 11224
f 11225 11226 11227 11228
f 11229 11230 11231 11232
f 11233 11234 11235 11236
f 11237 11238 11239 11240
f 11241 11242 11243 11244
f 11245 11246 11247 11248
f 11249 11250 11251 11252
f 11253 11254 11255 11256
f 11257 11258 11259 11260
f 11261 11262 11263 11264
f 11265 11266 11267 11268
f 11269 11270 11271 11272
f 11273 11274 11275 11276
f 11277 11278 11279 11280
f 11281 11282 11283 11284
f 11285 11286 11287 11288
f 11289 11290 11291 11292
f 11293 11294 11295 11296
f 11297 11298 11299 11300
f 11301 11302 11303 11304
f 11305 11306 11307 11308
f 11309 11310 11311 11312
f 11313 11314 11315 11316
f 11317 11318 11319 11320
f 11321 11322 11323 11324
f 11325 11326 11327 11328
f 11329 11330 11331 11332
f 11333 11334 11335 11336
f 11337 11338 11339 11340
f 11341 11342 11343 11344
f 11345 11346 11347 11348
f 11349 11350 11351 11352
f 11353 11354 11355 11356
f 11357 11358 11359 11360
f 11361 11362 11363 11364
f 11365 11366 11367 11368
f 11369 11370 11371 11372
f 11373 11374 11375 11376
f 11377 11378 11379 11380
f 11381 11382 11383 11384
f 11385 11386 11387 11388
f 11389 11390 11391 11392
f 11393 11394 11395 11396
f 11397 11398 11399 11400
f 11401 11402 11403 11404
f 11405 11406 11407 11408
f 11409 11410 11411 11412
f 11413 11414 11415 11416
f 11417 11418 11419 11420
f 11421 11422 11423 11424
f 11425 11426 11427 11428
f 11429 11430 11431 11432
f 11433 11434 11435 11436
f 11437 11438 11439 11440
f 11441 11442 11443 11444
f 11445 11446 11447 11448
f 11449 11450 11451 11452
f 11453 11454 11455 11456
f 11457 11458 11459 11460
f 11461 11462 11463 11464
f 11465 11466 11467 11468
f 11469 11470 11471 11472
f 11473 11474 11475 11476
f 11477 11478 11479 11480
f 11481 11482 11483 11484
f 11485 11486 11487 11488
f 11489 11490 11491 11492
f 11493 11494 11495 11496
f 11497 11498 11499 11500
f 11501 11502 11503 11504
f 11505 11506 11507 11508
f 11509 11510 11511 11512
f 11513 11514 11515 11516
f 11517 11518 11519 11520
f 11521 11522 11523 11524
f 11525 11526 11527 11528
f 11529 11530 11531 11532
f 11533 11534 11535 11536
f 11537 11538 11539 11540
f 11541 11542 11543 11544
f 11545 11546 11547 11548
f 11549 11550 11551 11552
f 11553 11554 11555 11556
f 11557 11558 11559 11560
f 11561 11562 11563 11564
f 11565 11566 11567 11568
f 11569 11570 11571 11572
f 11573 11574 11575 11576
f 11577 11578 11579 11580
f 11581 11582 11583 11584
f 11585 11586 11587 11588
f 11589 11590 11591 11592
f 11593 11594 11595 11596
f 11597 11598 11599 11600
f 11601 11602 11603 11604
f 11605 11606 11607 11608
f 11609 11610 11611 11612
f 11613 11614 11615 11616
f 11617 11618 11619 11620
f 11621 11622 11623 11624
f 11625 11626 11627 11628
f 11629 11630 11631 11632
f 11633 11634 11635 11636
f 11637 11638 11639 11640
f 11641 11642 11643 11644
f 11645 11646 11647 11648
f 11649 11650 11651 11652
f 11653 11654 11655 11656
f 11657 11658 11659 11660
f 11661 11662 11663 11664
f 11665 11666 11667 11668
f 11669 11670 11671 11672
f 11673 11674 11675 11676
f 11677 11678 11679 11680
f 11681 11682 11683 11684
f 11685 11686 11687 11688
f 11689 11690 11691 11692
f 11693 11694 11695 11696
f 11697 11698 11699 11700
f 11701 11702 11703 11704
f 11705 11706 11707 11708
f 11709 11710 11711 11712
f 11713 11714 11715 11716
f 11717 11718 11719 11720
f 11721 11722 11723 11724
f 11725 11726 11727 11728
f 11729 11730 11731 11732
f 11733 11734 11735 11736
f 11737 11738 11739 11740
f 11741 11742 11743 11744
f 11745 11746 11747 11748
f 11749 11750 11751 11752
f 11753 11754 11755 11756
f 11757 11758 11759 11760
f 11761 11762 11763 11764
f 11765 11766 11767 11768
f 11769 11770 11771 11772
f 11773 11774 11775 11776
f 11777 11778 11779 11780
f 11781 11782 11783 11784
f 11785 11786 11787 11788
f 11789 11790 11791 11792
f 11793 11794 11795 11796
f 11797 11798 11799 11800
f 11801 11802 11803 11804
f 11805 11806 11807 11808
f 11809 11810 11811 11812
f 11813 11814 11815 11816
f 11817 11818 11819 11820
f 11821 11822 11823 11824
f 11825 11826 11827 11828
f 11829 11830 11831 11832
f 11833 11834 11835 11836
f 11837 11838 11839 11840
f 11841 11842 11843 11844
f 11845 11846 11847 11848
f 11849 11850 11851 11852
f 11853 11854 11855 11856
f 11857 11858 11859 11860
f 11861 11862 11863 11864
f 11865 11866 11867 11868
f 11869 11870 11871 11872
f 11873 11874 11875 11876
f 11877 11878 11879 11880
f 11881 11882 11883 11884
f 11885 11886 11887 11888
f 11889 11890 11891 11892
f 11893 11894 11895 11896
f 11897 11898 11899 11900
f 11901 11902 11903 11904
f 11905 11906 11907 11908
f 11909 11910 11911 11912
f 11913 11914 11915 11916
f 11917 11918 11919 11920
f 11921 11922 11923 11924
f 11925 11926 11927 11928
f 11929 11930 11931 11932
f 11933 11934 11935 11936
f 11937 11938 11939 11940
f 11941 11942 11943 11944
f 11945 11946 11947 11948
f 11949 11950 11951 11952
f 11953 11954 11955 11956
f 11957 11958 11959 11960
f 11961 11962 11963 11964
f 11965 11966 11967 11968
f 11969 11970 11971 11972
f 11973 11974 11975 11976
f 11977 11978 11979 11980
f 11981 11982 11983 11984
f 11985 11986 11987 11988
f 11989 11990 11991 11992
f 11993 11994 11995 11996
f 11997 11998 11999 12000
f 12001 12002 12003 12004
f 12005 12006 12007 12008
f 12009 12010 12011 12012
f 12013 12014 12015 12016
f 12017 12018 12019 12020
f 12021 12022 12023 12024
f 12025 12026 12027 12028
f 12029 12030 12031 12032
f 12033 12034 12035 12036
f 12037 12038 12039 12040
f 12041 12042 12043 12044
f 12045 12046 12047 12048
f 12049 12050 12051 12052
f 12053 12054 12055 12056
f 12057 12058 12059 12060
f 12061 12062 12063 12064
f 12065 12066 12067 12068
f 12069 12070 12071 12072
f 12073 12074 12075 12076
f 12077 12078 12079 12080
f 12081 12082 12083 12084
f 12085 12086 12087 12088
f 12089 12090 12091 12092
f 12093 12094 12095 12096
f 12097 12098 12099 12100
f 12101 12102 12103 12104
f 12105 12106 12107 12108
f 12109 12110 12111 12112
f 12113 12114 12115 12116
f 12117 12118 12119 12120
f 12121 12122 12123 12124
f 12125 12126 12127 12128
f 12129 12130 12131 12132
f 12133 12134 12135 12136
f 12137 12138 12139 12140
f 12141 12142 12143 12144
f 12145 12146 12147 12148
f 12149 12150 12151 12152
f 12153 12154 12155 12156
f 12157 12158 12159 12160
f 12161 12162 12163 12164
f 12165 12166 12167 12168
f 12169 12170 12171 12172
f 12173 12174 12175 12176
f 12177 12178 12179 12180
f 12181 12182 12183 12184
f 12185 12186 12187 12188
f 12189 12190 12191 12192
f 12193 12194 12195 12196
f 12197 12198 12199 12200
f 12201 12202 12203 12204
f 12205 12206 12207 12208
f 12209 12210 12211 12212
f 12213 12214 12215 12216
f 12217 12218 12219 12220
f 12221 12222 12223 12224
f 12225 12226 12227 12228
f 12229 12230 12231 12232
f 12233 12234 12235 12236
f 12237 12238 12239 12240
f 12241 12242 12243 12244
f 12245 12246 12247 12248
f 12249 12250 12251 12252
f 12253 12254 12255 12256
f 12257 12258 12259 12260
f 12261 12262 12263 12264
f 12265 12266 12267 12268
f 12269 12270 12271 12272
f 12273 12274 12275 12276
f 12277 12278 12279 12280
f 12281 12282 12283 12284
f 12285 12286 12287 12288
f 12289 12290 12291 12292
f 12293 12294 12295 12296
f 12297 12298 12299 12300
f 12301 12302 12303 12304
f 12305 12306 12307 12308
f 12309 12310 12311 12312
f 12313 12314 12315 12316
f 12317 12318 12319 12320
f 12321 12322 12323 12324
f 12325 12326 12327 12328
f 12329 12330 12331 12332
f 12333 12334 12335 12336
f 12337 12338 12339 12340
f 12341 12342 12343 12344
f 12345 12346 12347 12348
f 12349 12350 12351 12352
f 12353 12354 12355 12356
f 12357 12358 12359 12360
f 12361 12362 12363 12364
f 12365 12366 12367 12368
f 12369 12370 12371 12372
f 12373 12374 12375 12376
f 12377 12378 12379 12380
f 12381 12382 12383 12384
f 12385 12386 12387 12388
f 12389 12390 12391 12392
f 12393 12394 12395 12396
f 12397 12398 12399 12400
f 12401 12402 12403 12404
f 12405 12406 12407 12408
f 12409 12410 12411 12412
f 12413 12414 12415 12416
f 12417 12418 12419 12420
f 12421 12422 12423 12424
f 12425 12426 12427 12428
f 12429 12430 12431 12432
f 12433 12434 12435 12436
f 12437 12438 12439 12440
f 12441 12442 12443 12444
f 12445 12446 12447 12448
f 12449 12450 12451 12452
f 12453 12454 12455 12456
f 12457 12458 12459 12460
f 12461 12462 12463 12464
f 12465 12466 12467 12468
f 12469 12470 12471 12472
f 12473 12474 12475 12476
f 12477 12478 12479 12480
f 12481 12482 12483 12484
f 12485 12486 12487 12488
f 12489 12490 12491 12492
f 12493 12494 12495 12496
f 12497 12498 12499 12500
f 12501 12502 12503 12504
f 12505 12506 12507 12508
f 12509 12510 12511 12512
f 12513 12514 12515 12516
f 12517 12518 12519 12520
f 12521 12522 12523 12524
f 12525 12526 12527 12528
f 12529 12530 12531 12532
f 12533 12534 12535 12536
f 12537 12538 12539 12540
f 12541 12542 12543 12544
f 12545 12546 12547 12548
f 12549 12550 12551 12552
f 12553 12554 12555 12556
f 12557 12558 12559 12560
f 12561 12562 12563 12564
f 12565 12566 12567 12568
f 12569 12570 12571 12572
f 12573 12574 12575 12576
f 12577 12578 12579 12580
f 12581 12582 12583 12584
f 12585 12586 12587 12588
f 12589 12590 12591 12592
f 12593 12594 12595 12596
f 12597 12598 12599 12600
f 12601 12602 12603 12604
f 12605 12606 12607 12608
f 12609 12610 12611 12612
f 12613 12614 12615 12616
f 12617 12618 12619 12620
f 12621 12622 12623 12624
f 12625 12626 12627 12628
f 12629 12630 12631 12632
f 12633 12634 12635 12636
f 12637 12638 12639 12640
f 12641 12642 12643 12644
f 12645 12646 12647 12648
f 12649 12650 12651 12652
f 12653 12654 12655 12656
f 12657 12658 12659 12660
f 12661 12662 12663 12664
f 12665 12666 12667 12668
f 12669 12670 12671 12672
f 12673 12674 12675 12676
f 12677 12678 12679 12680
f 12681 12682 12683 12684
f 12685 12686 12687 12688
f 12689 12690 12691 12692
f 12693 12694 12695 12696
f 12697 12698 12699 12700
f 12701 12702 12703 12704
f 12705 12706 12707 12708
f 12709 12710 12711 12712
f 12713 12714 12715 12716
f 12717 12718 12719 12720
f 12721 12722 12723 12724
f 12725 12726 12727 12728
f 12729 12730 12731 12732
f 12733 12734 12735 12736
f 12737 12738 12739 12740
f 12741 12742 12743 12744
f 12745 12746 12747 12748
f 12749 12750 12751 12752
f 12753 12754 12755 12756
f 12757 12758 12759 12760
f 12761 12762 12763 12764
f 12765 12766 12767 12768
f 12769 12770 12771 12772
f 12773 12774 12775 12776
f 12777 12778 12779 12780
f 12781 12782 12783 12784
f 12785 12786 12787 12788
f 12789 12790 12791 12792
f 12793 12794 12795 12796
f 12797 12798 12799 12800
f 12801 12802 12803 12804
f 12805 12806 12807 12808
f 12809 12810 12811 12812
f 12813 12814 12815 12816
f 12817 12818 12819 12820
f 12821 12822 12823 12824
f 12825 12826 12827 12828
f 12829 12830 12831 12832
f 12833 12834 12835 12836
f 12837 12838 12839 12840
f 12841 12842 12843 12844
f 12845 12846 12847 12848
f 12849 12850 12851 12852
f 12853 12854 12855 12856
f 12857 12858 12859 12860
f 12861 12862 12863 12864
f 12865 12866 12867 12868
f 12869 12870 12871 12872
f 12873 12874 12875 12876
f 12877 12878 12879 12880
f 12881 12882 12883 12884
f 12885 12886 12887 12888
f 12889 12890 12891 12892
f 12893 12894 12895 12896
f 12897 12898 12899 12900
f 12901 12902 12903 12904
f 12905 12906 12907 12908
f 12909 12910 12911 12912
f 12913 12914 12915 12916
f 12917 12918 12919 12920
f 12921 12922 12923 12924
f 12925 12926 12927 12928
f 12929 12930 12931 12932
f 12933 12934 12935 12936
f 12937 12938 12939 12940
f 12941 12942 12943 12944
f 12945 12946 12947 12948
f 12949 12950 12951 12952
f 12953 12954 12955 12956
f 12957 12958 12959 12960
f 12961 12962 12963 12964
f 12965 12966 12967 12968
f 12969 12970 12971 12972
f 12973 12974 12975 12976
f 12977 12978 12979 12980
f 12981 12982 12983 12984
f 12985 12986 12987 12988
f 12989 12990 12991 12992
f 12993 12994 12995 12996
f 12997 12998 12999 13000
f 13001 13002 13003 13004
f 13005 13006 13007 13008
f 13009 13010 13011 13012
f 13013 13014 13015 13016
f 13017 13018 13019 13020
f 13021 13022 13023 13024
f 13025 13026 13027 13028
f 13029 13030 13031 13032
f 13033 13034 13035 13036
f 13037 13038 13039 13040
f 13041 13042 13043 13044
f 13045 13046 13047 13048
f 13049 13050 13051 13052
f 13053 13054 13055 13056
f 13057 13058 13059 13060
f 13061 13062 13063 13064
f 13065 13066 13067 13068
f 13069 13070 13071 13072
f 13073 13074 13075 13076
f 13077 13078 13079 13080
f 13081 13082 13083 13084
f 13085 13086 13087 13088
f 13089 13090 13091 13092
f 13093 13094 13095 13096
f 13097 13098 13099 13100
f 13101 13102 13103 13104
f 13105 13106 13107 13108
f 13109 13110 13111 13112
f 13113 13114 13115 13116
f 13117 13118 13119 13120
f 13121 13122 13123 13124
f 13125 13126 13127 13128
f 13129 13130 13131 13132
f 13133 13134 13135 13136
f 13137 13138 13139 13140
f 13141 13142 13143 13144
f 13145 13146 13147 13148
f 13149 13150 13151 13152
f 13153 13154 13155 13156
f 13157 13158 13159 13160
f 13161 13162 13163 13164
f 13165 13166 13167 13168
f 13169 13170 13171 13172
f 13173 13174 13175 13176
f 13177 13178 13179 13180
f 13181 13182 13183 13184
f 13185 13186 13187 13188
f 13189 13190 13191 13192
f 13193 13194 13195 13196
f 13197 13198 13199 13200
f 13201 13202 13203 13204
f 13205 13206 13207 13208
f 13209 13210 13211 13212
f 13213 13214 13215 13216
f 13217 13218 13219 13220
f 13221 13222 13223 13224
f 13225 13226 13227 13228
f 13229 13230 13231 13232
f 13233 13234 13235 13236
f 13237 13238 13239 13240
f 13241 13242 13243 13244
f 13245 13246 13247 13248
f 13249 13250 13251 13252
f 13253 13254 13255 13256
f 13257 13258 13259 13260
f 13261 13262 13263 13264
f 13265 13266 13267 13268
f 13269 13270 13271 13272
f 13273 13274 13275 13276
f 13277 13278 13279 13280
f 13281 13282 13283 13284
f 13285 13286 13287 13288
f 13289 13290 13291 13292
f 13293 13294 13295 13296
f 13297 13298 13299 13300
f 13301 13302 13303 13304
f 13305 13306 13307 13308
f 13309 13310 13311 13312
f 13313 13314 13315 13316
f 13317 13318 13319 13320
f 13321 13322 13323 13324
f 13325 13326 13327 13328
f 13329 13330 13331 13332
f 13333 13334 13335 13336
f 13337 13338 13339 13340
f 13341 13342 13343 13344
f 13345 13346 13347 13348
f 13349 13350 13351 13352
f 13353 13354 13355 13356
f 13357 13358 13359 13360
f 13361 13362 13363 13364
f 13365 13366 13367 13368
f 13369 13370 13371 13372
f 13373 13374 13375 13376
f 13377 13378 13379 13380
f 13381 13382 13383 13384
f 13385 13386 13387 13388
f 13389 13390 13391 13392
f 13393 13394 13395 13396
f 13397 13398 13399 13400
f 13401 13402 13403 13404
f 13405 13406 13407 13408
f 13409 13410 13411 13412
f 13413 13414 13415 13416
f 13417 13418 13419 13420
f 13421 13422 13423 13424
f 13425 13426 13427 13428
f 13429 13430 13431 13432
f 13433 13434 13435 13436
f 13437 13438 13439 13440
f 13441 13442 13443 13444
f 13445 13446 13447 13448
f 13449 13450 13451 13452
f 13453 13454 13455 13456
f 13457 13458 13459 13460
f 13461 13462 13463 13464
f 13465 13466 13467 13468
f 13469 13470 13471 13472
f 13473 13474 13475 13476
f 13477 13478 13479 13480
f 13481 13482 13483 13484
f 13485 13486 13487 13488
f 13489 13490 13491 13492
f 13493 13494 13495 13496
f 13497 13498 13499 13500
f 13501 13502 13503 13504
f 13505 13506 13507 13508
f 13509 13510 13511 13512
f 13513 13514 13515 13516
f 13517 13518 13519 13520
f 13521 13522 13523 13524
f 13525 13526 13527 13528
f 13529 13530 13531 13532
f 13533 13534 13535 13536
f 13537 13538 13539 13540
f 13541 13542 13543 13544
f 13545 13546 13547 13548
f 13549 13550 13551 13552
f 13553 13554 13555 13556
f 13557 13558 13559 13560
f 13561 13562 13563 13564
f 13565 13566 13567 13568
f 13569 13570 13571 13572
f 13573 13574 13575 13576
f 13577 13578 13579 13580
f 13581 13582 13583 13584
f 13585 13586 13587 13588
f 13589 13590 13591 13592
f 13593 13594 13595 13596
f 13597 13598 13599 13600
f 13601 13602 13603 13604
f 13605 13606 13607 13608
f 13609 13610 13611 13612
f 13613 13614 13615 13616
f 13617 13618 13619 13620
f 13621 13622 13623 13624
f 13625 13626 13627 13628
f 13629 13630 13631 13632
f 13633 13634 13635 13636
f 13637 13638 13639 13640
f 13641 13642 13643 13644
f 13645 13646 13647 13648
f 13649 13650 13651 13652
f 13653 13654 13655 13656
f 13657 13658 13659 13660
f 13661 13662 13663 13664
f 13665 13666 13667 13668
f 13669 13670 13671 13672
f 13673 13674 13675 13676
f 13677 13678 13679 13680
f 13681 13682 13683 13684
f 13685 13686 13687 13688
f 13689 13690 13691 13692
f 13693 13694 13695 13696
f 13697 13698 13699 13700
f 13701 13702 13703 13704
f 13705 13706 13707 13708
f 13709 13710 13711 13712
f 13713 13714 13715 13716
f 13717 13718 13719 13720
f 13721 13722 13723 13724
f 13725 13726 13727 13728
f 13729 13730 13731 13732
f 13733 13734 13735 13736
f 13737 13738 13739 13740
f 13741 13742 13743 13744
f 13745 13746 13747 13748
f 13749 13750 13751 13752
f 13753 13754 13755 13756
f 13757 13758 13759 13760
f 13761 13762 13763 13764
f 13765 13766 13767 13768
f 13769 13770 13771 13772
f 13773 13774 13775 13776
f 13777 13778 13779 13780
f 13781 13782 13783 13784
f 13785 13786 13787 13788
f 13789 13790 13791 13792
f 13793 13794 13795 13796
f 13797 13798 13799 13800
f 13801 13802 13803 13804
f 13805 13806 13807 13808
f 13809 13810 13811 13812
f 13813 13814 13815 13816
f 13817 13818 13819 13820
f 13821 13822 13823 13824
f 13825 13826 13827 13828
f 13829 13830 13831 13832
f 13833 13834 13835 13836
f 13837 13838 13839 13840
f 13841 13842 13843 13844
f 13845 13846 13847 13848
f 13849 13850 13851 13852
f 13853 13854 13855 13856
f 13857 13858 13859 13860
f 13861 13862 13863 13864
f 13865 13866 13867 13868
f 13869 13870 13871 13872
f 13873 13874 13875 13876
f 13877 13878 13879 13880
f 13881 13882 13883 13884
f 13885 13886 13887 13888
f 13889 13890 13891 13892
f 13893 13894 13895 13896
f 13897 13898 13899 13900
f 13901 13902 13903 13904
f 13905 13906 13907 13908
f 13909 13910 13911 13912
f 13913 13914 13915 13916
f 13917 13918 13919 13920
f 13921 13922 13923 13924
f 13925 13926 13927 13928
f 13929 13930 13931 13932
f 13933 13934 13935 13936
f 13937 13938 13939 13940
f 13941 13942 13943 13944
f 13945 13946 13947 13948
f 13949 13950 13951 13952
f 13953 13954 13955 13956
f 13957 13958 13959 13960
f 13961 13962 13963 13964
f 13965 13966 13967 13968
f 13969 13970 13971 13972
f 13973 13974 13975 13976
f 13977 13978 13979 13980
f 13981 13982 13983 13984
f 13985 13986 13987 13988
f 13989 13990 13991 13992
f 13993 13994 13995 13996
f 13997 13998 13999 14000
f 14001 14002 14003 14004
f 14005 14006 14007 14008
f 14009 14010 14011 14012
f 14013 14014 14015 14016
f 14017 14018 14019 14020
f 14021 14022 14023 14024
f 14025 14026 14027 14028
f 14029 14030 14031 14032
f 14033 14034 14035 14036
f 14037 14038 14039 14040
f 14041 14042 14043 14044
f 14045 14046 14047 14048
f 14049 14050 14051 14052
f 14053 14054 14055 14056
f 14057 14058 14059 14060
f 14061 14062 14063 14064
f 14065 14066 14067 14068
f 14069 14070 14071 14072
f 14073 14074 14075 14076
f 14077 14078 14079 14080
f 14081 14082 14083 14084
f 14085 14086 14087 14088
f 14089 14090 14091 14092
f 14093 14094 14095 14096
f 14097 14098 14099 14100
f 14101 14102 14103 14104
f 14105 14106 14107 14108
f 14109 14110 14111 14112
f 14113 14114 14115 14116
f 14117 14118 14119 14120
f 14121 14122 14123 14124
f 14125 14126 14127 14128
f 14129 14130 14131 14132
f 14133 14134 14135 14136
f 14137 14138 14139 14140
f 14141 14142 14143 14144
f 14145 14146 14147 14148
f 14149 14150 14151 14152
f 14153 14154 14155 14156
f 14157 14158 14159 14160
f 14161 14162 14163 14164
f 14165 14166 14167 14168
f 14169 14170 14171 14172
f 14173 14174 14175 14176
f 14177 14178 14179 14180
f 14181 14182 14183 14184
f 14185 14186 14187 14188
f 14189 14190 14191 14192
f 14193 14194 14195 14196
f 14197 14198 14199 14200
f 14201 14202 14203 14204
f 14205 14206 14207 14208
f 14209 14210 14211 14212
f 14213 14214 14215 14216
f 14217 14218 14219 14220
f 14221 14222 14223 14224
f 14225 14226 14227 14228
f 14229 14230 14231 14232
f 14233 14234 14235 14236
f 14237 14238 14239 14240
f 14241 14242 14243 14244
f 14245 14246 14247 14248
f 14249 14250 14251 14252
f 14253 14254 14255 14256
f 14257 14258 14259 14260
f 14261 14262 14263 14264
f 14265 14266 14267 14268
f 14269 14270 14271 14272
f 14273 14274 14275 14276
f 14277 14278 14279 14280
f 14281 14282 14283 14284
f 14285 14286 14287 14288
f 14289 14290 14291 14292
f 14293 14294 14295 14296
f 14297 14298 14299 14300
f 14301 14302 14303 14304
f 14305 14306 14307 14308
f 14309 14310 14311 14312
f 14313 14314 14315 14316
f 14317 14318 14319 14320
f 14321 14322 14323 14324
f 14325 14326 14327 14328
f 14329 14330 14331 14332
f 14333 14334 14335 14336
f 14337 14338 14339 14340
f 14341 14342 14343 14344
f 14345 14346 14347 14348
f 14349 14350 14351 14352
f 14353 14354 14355 14356
f 14357 14358 14359 14360
f 14361 14362 14363 14364
f 14365 14366 14367 14368
f 14369 14370 14371 14372
f 14373 14374 14375 14376
f 14377 14378 14379 14380
f 14381 14382 14383 14384
f 14385 14386 14387 14388
f 14389 14390 14391 14392
f 14393 14394 14395 14396
f 14397 14398 14399 14400
f 14401 14402 14403 14404
f 14405 14406 14407 14408
f 14409 14410 14411 14412
f 14413 14414 14415 14416
f 14417 14418 14419 14420
f 14421 14422 14423 14424
f 14425 14426 14427 14428
f 14429 14430 14431 14432
f 14433 14434 14435 14436
f 14437 14438 14439 14440
f 14441 14442 14443 14444
f 14445 14446 14447 14448
f 14449 14450 14451 14452
f 14453 14454 14455 14456
f 14457 14458 14459 14460
f 14461 14462 14463 14464
f 14465 14466 14467 14468
f 14469 14470 14471 14472
f 14473 14474 14475 14476
f 14477 14478 14479 14480
f 14481 14482 14483 14484
f 14485 14486 14487 14488
f 14489 14490 14491 14492
f 14493 14494 14495 14496
f 14497 14498 14499 14500
f 14501 14502 14503 14504
f 14505 14506 14507 14508
f 14509 14510 14511 14512
f 14513 14514 14515 14516
f 14517 14518 14519 14520
f 14521 14522 14523 14524
f 14525 14526 14527 14528
f 14529 14530 14531 14532
f 14533 14534 14535 14536
f 14537 14538 14539 14540
f 14541 14542 14543 14544
f 14545 14546 14547 14548
f 14549 14550 14551 14552
f 14553 14554 14555 14556
f 14557 14558 14559 14560
f 14561 14562 14563 14564
f 14565 14566 14567 14568
f 14569 14570 14571 14572
f 14573 14574 14575 14576
f 14577 14578 14579 14580
f 14581 14582 14583 14584
f 14585 14586 14587 14588
f 14589 14590 14591 14592
f 14593 14594 14595 14596
f 14597 14598 14599 14600
f 14601 14602 14603 14604
f 14605 14606 14607 14608
f 14609 14610 14611 14612
f 14613 14614 14615 14616
f 14617 14618 14619 14620
f 14621 14622 14623 14624
f 14625 14626 14627 14628
f 14629 14630 14631 14632
f 14633 14634 14635 14636
f 14637 14638 14639 14640
f 14641 14642 14643 14644
f 14645 14646 14647 14648
f 14649 14650 14651 14652
f 14653 14654 14655 14656
f 14657 14658 14659 14660
f 14661 14662 14663 14664
f 14665 14666 14667 14668
f 14669 14670 14671 14672
f 14673 14674 14675 14676
f 14677 14678 14679 14680
f 14681 14682 14683 14684
f 14685 14686 14687 14688
f 14689 14690 14691 14692
f 14693 14694 14695 14696
f 14697 14698 14699 14700
f 14701 14702 14703 14704
f 14705 14706 14707 14708
f 14709 14710 14711 14712
f 14713 14714 14715 14716
f 14717 14718 14719 14720
f 14721 14722 14723 14724
f 14725 14726 14727 14728
f 14729 14730 14731 14732
f 14733 14734 14735 14736
f 14737 14738 14739 14740
f 14741 14742 14743 14744
f 14745 14746 14747 14748
f 14749 14750 14751 14752
f 14753 14754 14755 14756
f 14757 14758 14759 14760
f 14761 14762 14763 14764
f 14765 14766 14767 14768
f 14769 14770 14771 14772
f 14773 14774 14775 14776
f 14777 14778 14779 14780
f 14781 14782 14783 14784
f 14785 14786 14787 14788
f 14789 14790 14791 14792
f 14793 14794 14795 14796
f 14797 14798 14799 14800
f 14801 14802 14803 14804
f 14805 14806 14807 14808
f 14809 14810 14811 14812
f 14813 14814 14815 14816
f 14817 14818 14819 14820
f 14821 14822 14823 14824
f 14825 14826 14827 14828
f 14829 14830 14831 14832
f 14833 14834 14835 14836
f 14837 14838 14839 14840
f 14841 14842 14843 14844
f 14845 14846 14847 14848
f 14849 14850 14851 14852
f 14853 14854 14855 14856
f 14857 14858 14859 14860
f 14861 14862 14863 14864
f 14865 14866 14867 14868
f 14869 14870 14871 14872
f 14873 14874 14875 14876
f 14877 14878 14879 14880
f 14881 14882 14883 14884
f 14885 14886 14887 14888
f 14889 14890 14891 14892
f 14893 14894 14895 14896
f 14897 14898 14899 14900
f 14901 14902 14903 14904
f 14905 14906 14907 14908
f 14909 14910 14911 14912
f 14913 14914 14915 14916
f 14917 14918 14919 14920
f 14921 14922 14923 14924
f 14925 14926 14927 14928
f 14929 14930 14931 14932
f 14933 14934 14935 14936
f 14937 14938 14939 14940
f 14941 14942 14943 14944
f 14945 14946 14947 14948
f 14949 14950 14951 14952
f 14953 14954 14955 14956
f 14957 14958 14959 14960
f 14961 14962 14963 14964
f 14965 14966 14967 14968
f 14969 14970 14971 14972
f 14973 14974 14975 14976
f 14977 14978 14979 14980
f 14981 14982 14983 14984
f 14985 14986 14987 14988
f 14989 14990 14991 14992
f 14993 14994 14995 14996
f 14997 14998 14999 15000
f 15001 15002 15003 15004
f 15005 15006 15007 15008
f 15009 15010 15011 15012
f 15013 15014 15015 15016
f 15017 15018 15019 15020
f 15021 15022 15023 15024
f 15025 15026 15027 15028
f 15029 15030 15031 15032
f 15033 15034 15035 15036
f 15037 15038 15039 15040
f 15041 15042 15043 15044
f 15045 15046 15047 15048
f 15049 15050 15051 15052
f 15053 15054 15055 15056
f 15057 15058 15059 15060
f 15061 15062 15063 15064
f 15065 15066 15067 15068
f 15069 15070 15071 15072
f 15073 15074 15075 15076
f 15077 15078 15079 15080
f 15081 15082 15083 15084
f 15085 15086 15087 15088
f 15089 15090 15091 15092
f 15093 15094 15095 15096
f 15097 15098 15099 15100
f 15101 15102 15103 15104
f 15105 15106 15107 15108
f 15109 15110 15111 15112
f 15113 15114 15115 15116
f 15117 15118 15119 15120
f 15121 15122 15123 15124
f 15125 15126 15127 15128
f 15129 15130 15131 15132
f 15133 15134 15135 15136
f 15137 15138 15139 15140
f 15141 15142 15143 15144
f 15145 15146 15147 15148
f 15149 15150 15151 15152
f 15153 15154 15155 15156
f 15157 15158 15159 15160
f 15161 15162 15163 15164
f 15165 15166 15167 15168
f 15169 15170 15171 15172
f 15173 15174 15175 15176
f 15177 15178 15179 15180
f 15181 15182 15183 15184
f 15185 15186 15187 15188
f 15189 15190 15191 15192
f 15193 15194 15195 15196
f 15197 15198 15199 15200
f 15201 15202 15203 15204
f 15205 15206 15207 15208
f 15209 15210 15211 15212
f 15213 15214 15215 15216
f 15217 15218 15219 15220
f 15221 15222 15223 15224
f 15225 15226 15227 15228
f 15229 15230 15231 15232
f 15233 15234 15235 15236
f 15237 15238 15239 15240
f 15241 15242 15243 15244
f 15245 15246 15247 15248
f 15249 15250 15251 15252
f 15253 15254 15255 15256
f 15257 15258 15259 15260
f 15261 15262 15263 15264
f 15265 15266 15267 15268
f 15269 15270 15271 15272
f 15273 15274 15275 15276
f 15277 15278 15279 15280
f 15281 15282 15283 15284
f 15285 15286 15287 15288
f 15289 15290 15291 15292
f 15293 15294 15295 15296
f 15297 15298 15299 15300
f 15301 15302 15303 15304
f 15305 15306 15307 15308
f 15309 15310 15311 15312
f 15313 15314 15315 15316
f 15317 15318 15319 15320
f 15321 15322 15323 15324
f 15325 15326 15327 15328
f 15329 15330 15331 15332
f 15333 15334 15335 15336
f 15337 15338 15339 15340
f 15341 15342 15343 15344
f 15345 15346 15347 15348
f 15349 15350 15351 15352
f 15353 15354 15355 15356
f 15357 15358 15359 15360
f 15361 15362 15363 15364
f 15365 15366 15367 15368
f 15369 15370 15371 15372
f 15373 15374 15375 15376
f 15377 15378 15379 15380
f 15381 15382 15383 15384
f 15385 15386 15387 15388
f 15389 15390 15391 15392
f 15393 15394 15395 15396
f 15397 15398 15399 15400
f 15401 15402 15403 15404
f 15405 15406 15407 15408
f 15409 15410 15411 15412
f 15413 15414 15415 15416
f 15417 15418 15419 15420
f 15421 15422 15423 15424
f 15425 15426 15427 15428
f 15429 15430 15431 15432
f 15433 15434 15435 15436
f 15437 15438 15439 15440
f 15441 15442 15443 15444
f 15445 15446 15447 15448
f 15449 15450 15451 15452
f 15453 15454 15455 15456
f 15457 15458 15459 15460
f 15461 15462 15463 15464
f 15465 15466 15467 15468
f 15469 15470 15471 15472
f 15473 15474 15475 15476
f 15477 15478 15479 15480
f 15481 15482 15483 15484
f 15485 15486 15487 15488
f 15489 15490 15491 15492
f 15493 15494 15495 15496
f 15497 15498 15499 15500
f 15501 15502 15503 15504
f 15505 15506 15507 15508
f 15509 15510 15511 15512
f 15513 15514 15515 15516
f 15517 15518 15519 15520
f 15521 15522 15523 15524
f 15525 15526 15527 15528
f 15529 15530 15531 15532
f 15533 15534 15535 15536
f 15537 15538 15539 15540
f 15541 15542 15543 15544
f 15545 15546 15547 15548
f 15549 15550 15551 15552
f 15553 15554 15555 15556
f 15557 15558 15559 15560
f 15561 15562 15563 15564
f 15565 15566 15567 15568
f 15569 15570 15571 15572
f 15573 15574 15575 15576
f 15577 15578 15579 15580
f 15581 15582 15583 15584
f 15585 15586 15587 15588
f 15589 15590 15591 15592
f 15593 15594 15595 15596
