# Event Horizon original topology - line-only wireframe
# Preserves original vertices; edges are OBJ 'l' primitives rather than tube geometry.
v -0.628339 -0.238476 0.327881
v -0.628339 -0.377381 0.188873
v -0.719089 -0.203656 0.267365
v -0.719089 -0.317071 0.154388
v -0.628339 -0.238476 -0.329620
v -0.719089 -0.317071 -0.155609
v -0.719089 -0.203656 -0.269135
v -0.628339 -0.377381 -0.190613
v -0.628339 0.141024 0.327881
v -0.628339 0.279934 0.188873
v -0.719089 0.106204 0.267365
v -0.719089 0.219624 0.154388
v -0.628339 0.141024 -0.329620
v -0.628339 0.279934 -0.190613
v -0.719089 0.106204 -0.269135
v -0.719089 0.219624 -0.155609
v -4.197789 -0.050272 0.001892
v -4.197789 -0.048727 0.002381
v -4.197789 -0.051402 0.000885
v -4.197789 -0.045632 -0.000610
v -4.197789 -0.048727 -0.004120
v -4.197789 -0.051402 -0.002136
v -4.197789 -0.051816 -0.000610
v -4.197789 -0.050272 -0.003631
v -4.197789 -0.047177 -0.003631
v -4.197789 -0.046047 -0.002136
v -0.833439 0.140794 -0.000610
v -0.833439 -0.048726 -0.190125
v -0.833439 0.046034 -0.165131
v -0.719089 -0.048726 -0.310608
v -0.719089 0.106204 -0.269135
v -0.833439 0.115404 -0.095612
v -0.719089 0.219624 -0.155609
v -0.719089 0.261134 -0.000610
v -0.719089 -0.203656 -0.269135
v -0.833439 -0.143486 -0.165131
v -0.719089 -0.317071 -0.155609
v -0.833439 -0.212851 -0.095612
v -0.719089 -0.358586 -0.000610
v -0.833439 -0.238241 -0.000610
v -0.719089 -0.317071 0.154388
v -0.833439 -0.212851 0.093872
v -0.719089 -0.203656 0.267365
v -0.833439 -0.143486 0.163391
v -0.833439 -0.048726 0.188873
v -0.719089 -0.048726 0.308868
v -0.833439 0.046034 0.163391
v -0.719089 0.106204 0.267365
v -0.833439 0.115404 0.093872
v -0.719089 0.219624 0.154388
v -0.719089 0.261134 -0.000610
v -0.833439 0.140794 -0.000610
v -4.197789 -0.046047 0.000885
v -4.197789 -0.047177 0.001892
v -0.522639 0.317844 -0.212616
v -0.409239 0.389484 -0.000610
v -0.409239 0.330774 -0.220123
v -0.295839 0.317844 -0.212616
v -0.522639 0.374554 -0.000610
v -0.295839 0.374554 -0.000610
v -0.628339 0.279934 -0.190613
v -0.190139 0.279934 -0.190613
v -0.628339 0.330774 -0.000610
v -0.719089 0.219624 -0.155609
v -0.719089 0.261134 -0.000610
v -0.190139 0.330774 -0.000610
v -0.099389 0.219624 -0.155609
v -0.099389 0.261134 -0.000610
v -0.295839 0.317844 0.210876
v -0.409239 0.389484 -0.000610
v -0.409239 0.330774 0.218384
v -0.522639 0.317844 0.210876
v -0.295839 0.374554 -0.000610
v -0.522639 0.374554 -0.000610
v -0.190139 0.279934 0.188873
v -0.628339 0.279934 0.188873
v -0.190139 0.330774 -0.000610
v -0.628339 0.330774 -0.000610
v -0.719089 0.219624 0.154388
v -0.719089 0.261134 -0.000610
v -0.099389 0.219624 0.154388
v -0.099389 0.261134 -0.000610
v -0.409239 0.170379 0.378876
v -0.522639 0.162914 0.365875
v -0.295839 0.162914 0.365875
v -0.522639 0.317844 0.210876
v -0.628339 0.141024 0.327881
v -0.295839 0.317844 0.210876
v -0.190139 0.141024 0.327881
v -0.409239 0.170379 -0.380127
v -0.295839 0.162914 -0.367126
v -0.522639 0.162914 -0.367126
v -0.295839 0.317844 -0.212616
v -0.190139 0.141024 -0.329620
v -0.522639 0.317844 -0.212616
v -0.628339 0.141024 -0.329620
v -4.197789 -0.045632 -0.000610
v -2.674339 -0.038981 -0.017609
v -3.487389 -0.043206 -0.010132
v -4.189789 -0.046176 -0.005127
v -4.197789 -0.047177 -0.003631
v -4.189789 -0.044307 -0.003113
v -4.197789 -0.046047 -0.002136
v -4.189789 -0.043622 -0.000610
v -3.487389 -0.037682 -0.000610
v -3.487389 -0.039161 -0.006134
v -2.674339 -0.029241 -0.000610
v -2.674339 -0.031851 -0.010620
v -1.746240 -0.001951 -0.000610
v -1.746240 -0.008221 -0.024109
v -1.159490 0.044819 -0.000610
v -1.746240 -0.025341 -0.041107
v -1.159490 0.032289 -0.047607
v -0.833439 0.140794 -0.000610
v -1.159490 -0.001951 -0.081635
v -0.833439 0.115404 -0.095612
v -0.833439 0.115404 0.093872
v -0.833439 0.140794 -0.000610
v -1.159490 0.032289 0.045868
v -1.159490 0.044819 -0.000610
v -1.746240 -0.008221 0.022369
v -1.746240 -0.001951 -0.000610
v -1.746240 -0.025341 0.039887
v -2.674339 -0.031851 0.008881
v -2.674339 -0.029241 -0.000610
v -2.674339 -0.038981 0.015869
v -3.487389 -0.039161 0.004883
v -3.487389 -0.037682 -0.000610
v -4.189789 -0.044307 0.001892
v -4.189789 -0.043622 -0.000610
v -4.197789 -0.046047 0.000885
v -4.197789 -0.045632 -0.000610
v -4.189789 -0.046176 0.003876
v -4.197789 -0.047177 0.001892
v -0.409239 0.330774 -0.220123
v -0.628339 -0.238476 -0.329620
v -0.628339 -0.377381 -0.190613
v -0.522639 -0.260361 -0.367126
v -0.409239 -0.267831 -0.380127
v -0.295839 -0.260361 -0.367126
v -0.190139 -0.377381 -0.190613
v -0.190139 -0.238476 -0.329620
v -0.190139 -0.238476 -0.329620
v -0.190139 -0.048726 -0.380127
v -0.099389 -0.203656 -0.269135
v -0.099389 -0.048726 -0.310608
v -0.295839 -0.048726 -0.424133
v -0.295839 -0.260361 -0.367126
v -0.409239 -0.048726 -0.439117
v -0.522639 -0.260361 -0.367126
v -0.522639 -0.048726 -0.424133
v -0.628339 -0.238476 -0.329620
v -0.628339 -0.048726 -0.380127
v -0.719089 -0.203656 -0.269135
v -0.719089 -0.048726 -0.310608
v -0.522639 -0.048726 -0.424133
v -0.522639 0.162914 -0.367126
v -0.628339 0.141024 -0.329620
v -0.628339 -0.048726 -0.380127
v -0.719089 0.106204 -0.269135
v -0.719089 -0.048726 -0.310608
v -0.409239 0.170379 -0.380127
v -0.295839 0.162914 -0.367126
v -0.295839 -0.048726 -0.424133
v -0.190139 0.141024 -0.329620
v -0.190139 -0.048726 -0.380127
v -0.099389 0.106204 -0.269135
v -0.099389 -0.048726 -0.310608
v -0.522639 0.162914 -0.367126
v -0.295839 0.317844 -0.212616
v -0.190139 0.141024 -0.329620
v -0.190139 0.279934 -0.190613
v -0.522639 0.317844 -0.212616
v -0.628339 0.141024 -0.329620
v -0.628339 0.279934 -0.190613
v -4.197789 -0.048727 -0.004120
v -4.197789 -0.051402 -0.002136
v -1.746240 -0.089231 -0.024109
v -1.159490 -0.129736 -0.047607
v -2.674339 -0.065601 -0.010620
v -3.487389 -0.058286 -0.006134
v -2.674339 -0.058466 -0.017609
v -1.746240 -0.072111 -0.041107
v -1.159490 -0.095496 -0.081635
v -4.189789 -0.053142 -0.003113
v -4.197789 -0.050272 -0.003631
v -4.189789 -0.051276 -0.005127
v -3.487389 -0.054246 -0.010132
v -4.189789 -0.048727 -0.006134
v -3.487389 -0.048727 -0.011627
v -2.674339 -0.048726 -0.020111
v -1.746240 -0.048726 -0.047607
v -2.674339 -0.038981 -0.017609
v -3.487389 -0.043206 -0.010132
v -4.189789 -0.046176 -0.005127
v -4.197789 -0.047177 -0.003631
v -4.189789 -0.044307 -0.003113
v -3.487389 -0.039161 -0.006134
v -2.674339 -0.031851 -0.010620
v -1.746240 -0.008221 -0.024109
v -1.746240 -0.025341 -0.041107
v -1.159490 0.032289 -0.047607
v -1.159490 -0.001951 -0.081635
v -1.159490 -0.048726 -0.094116
v -0.833439 -0.048726 -0.190125
v -0.833439 0.046034 -0.165131
v -0.833439 0.115404 -0.095612
v -0.833439 -0.143486 -0.165131
v -0.833439 -0.212851 -0.095612
v -0.029739 -0.267831 -0.000610
v 0.014061 -0.146946 0.055878
v -0.029739 -0.238476 0.108887
v 0.014061 -0.162141 -0.000610
v 0.028961 -0.048726 -0.000610
v -0.190139 -0.238476 0.327881
v -0.190139 -0.377381 0.188873
v -0.099389 -0.203656 0.267364
v -0.099389 -0.317071 0.154388
v -0.029739 -0.238476 0.108887
v -0.029739 -0.158276 0.188873
v 0.014061 -0.105431 0.097382
v 0.014061 -0.146946 0.055878
v 0.028961 -0.048726 -0.000610
v -0.099389 -0.203656 0.267364
v -0.099389 -0.048726 0.308868
v -0.029739 -0.158276 0.188873
v -0.029739 -0.048726 0.218384
v 0.014061 -0.105431 0.097382
v 0.014061 -0.048726 0.112366
v 0.028961 -0.048726 -0.000610
v -0.099389 0.219624 -0.155609
v -0.099389 0.261134 -0.000610
v -0.029739 0.170379 -0.000610
v -0.029739 0.141024 -0.110107
v 0.014061 0.049499 -0.057617
v 0.014061 0.064694 -0.000610
v 0.028961 -0.048726 -0.000610
v -0.099389 0.219624 0.154388
v -0.099389 0.261134 -0.000610
v -0.029739 0.170379 -0.000610
v -0.029739 0.141024 0.108887
v 0.014061 0.064694 -0.000610
v 0.014061 0.049499 0.055878
v 0.028961 -0.048726 -0.000610
v -0.190139 -0.377381 -0.190613
v -0.190139 -0.238476 -0.329620
v -0.099389 -0.317071 -0.155609
v -0.099389 -0.203656 -0.269135
v -0.029739 -0.158276 -0.190613
v -0.029739 -0.238476 -0.110107
v 0.014061 -0.146946 -0.057617
v 0.014061 -0.105431 -0.099121
v 0.028961 -0.048726 -0.000610
v -0.099389 -0.317071 -0.155609
v -0.099389 -0.358586 -0.000610
v -0.029739 -0.238476 -0.110107
v -0.029739 -0.267831 -0.000610
v 0.014061 -0.146946 -0.057617
v 0.014061 -0.162141 -0.000610
v 0.028961 -0.048726 -0.000610
v -0.099389 0.106204 0.267364
v -0.099389 -0.048726 0.308868
v -0.029739 0.060829 0.188873
v -0.029739 -0.048726 0.218384
v 0.014061 -0.048726 0.112366
v 0.014061 0.007984 0.097382
v 0.028961 -0.048726 -0.000610
v -0.190139 0.141024 0.327881
v -0.190139 0.279934 0.188873
v -0.099389 0.106204 0.267364
v -0.099389 0.219624 0.154388
v -0.029739 0.141024 0.108887
v -0.029739 0.060829 0.188873
v 0.014061 0.007984 0.097382
v 0.014061 0.049499 0.055878
v 0.028961 -0.048726 -0.000610
v -0.099389 -0.203656 -0.269135
v -0.099389 -0.048726 -0.310608
v -0.029739 -0.158276 -0.190613
v -0.029739 -0.048726 -0.220123
v 0.014061 -0.048726 -0.114136
v 0.014061 -0.105431 -0.099121
v 0.028961 -0.048726 -0.000610
v -0.099389 0.106204 -0.269135
v -0.099389 -0.048726 -0.310608
v -0.029739 0.060829 -0.190613
v -0.029739 -0.048726 -0.220123
v 0.014061 -0.048726 -0.114136
v 0.014061 0.007984 -0.099121
v 0.028961 -0.048726 -0.000610
v -0.190139 0.141024 -0.329620
v -0.190139 0.279934 -0.190613
v -0.099389 0.106204 -0.269135
v -0.099389 0.219624 -0.155609
v -0.029739 0.141024 -0.110107
v -0.029739 0.060829 -0.190613
v 0.014061 0.007984 -0.099121
v 0.014061 0.049499 -0.057617
v 0.028961 -0.048726 -0.000610
v -0.099389 -0.317071 0.154388
v -0.099389 -0.358586 -0.000610
v -0.409239 -0.428226 0.218384
v -0.522639 -0.260361 0.365875
v -0.522639 -0.415296 0.210876
v -0.628339 -0.238476 0.327881
v -0.628339 -0.377381 0.188873
v -0.409239 -0.267831 0.378876
v -0.295839 -0.260361 0.365875
v -0.295839 -0.415296 0.210876
v -0.190139 -0.238476 0.327881
v -0.190139 -0.377381 0.188873
v -0.628339 -0.377381 -0.190613
v -0.522639 -0.260361 -0.367126
v -0.522639 -0.415296 -0.212616
v -0.409239 -0.428226 -0.220123
v -0.409239 -0.267831 -0.380127
v -0.295839 -0.260361 -0.367126
v -0.295839 -0.415296 -0.212616
v -0.190139 -0.377381 -0.190613
v -0.409239 -0.486936 -0.000610
v -0.522639 -0.415296 -0.212616
v -0.295839 -0.415296 -0.212616
v -0.522639 -0.472001 -0.000610
v -0.628339 -0.377381 -0.190613
v -0.628339 -0.428226 -0.000610
v -0.719089 -0.317071 -0.155609
v -0.719089 -0.358586 -0.000610
v -0.295839 -0.472001 -0.000610
v -0.190139 -0.377381 -0.190613
v -0.190139 -0.428226 -0.000610
v -0.099389 -0.317071 -0.155609
v -0.099389 -0.358586 -0.000610
v -0.522639 -0.415296 0.210876
v -0.522639 -0.472001 -0.000610
v -0.628339 -0.377381 0.188873
v -0.628339 -0.428226 -0.000610
v -0.719089 -0.317071 0.154388
v -0.719089 -0.358586 -0.000610
v -0.295839 -0.415296 0.210876
v -0.295839 -0.472001 -0.000610
v -0.190139 -0.377381 0.188873
v -0.190139 -0.428226 -0.000610
v -0.099389 -0.317071 0.154388
v -0.099389 -0.358586 -0.000610
v -4.197789 -0.051402 0.000885
v -4.189789 -0.053142 0.001892
v -3.487389 -0.058286 0.004883
v -2.674339 -0.058466 0.015869
v -2.674339 -0.065601 0.008881
v -1.746240 -0.072111 0.039887
v -4.197789 -0.051402 -0.002136
v -1.746240 -0.089231 0.022369
v -1.159490 -0.129736 0.045868
v -1.159490 -0.142271 -0.000610
v -1.746240 -0.095496 -0.000610
v -2.674339 -0.068211 -0.000610
v -1.746240 -0.089231 -0.024109
v -1.159490 -0.129736 -0.047607
v -2.674339 -0.065601 -0.010620
v -3.487389 -0.059766 -0.000610
v -3.487389 -0.058286 -0.006134
v -2.674339 -0.058466 -0.017609
v -1.746240 -0.072111 -0.041107
v -1.159490 -0.095496 -0.081635
v -4.189789 -0.053827 -0.000610
v -4.197789 -0.051816 -0.000610
v -4.189789 -0.053142 -0.003113
v -4.197789 -0.050272 -0.003631
v -4.189789 -0.051276 -0.005127
v -0.833439 -0.143486 -0.165131
v -0.833439 -0.212851 -0.095612
v -0.833439 -0.238241 -0.000610
v -0.833439 -0.212851 0.093872
v -0.833439 -0.143486 0.163391
v -1.159490 -0.095496 0.080383
v -0.409239 -0.428226 0.218384
v -0.522639 -0.260361 0.365875
v -0.522639 -0.415296 0.210876
v -0.409239 -0.267831 0.378876
v -0.295839 -0.260361 0.365875
v -0.295839 -0.415296 0.210876
v -0.190139 -0.238476 0.327881
v -0.295839 -0.260361 0.365875
v -0.409239 -0.048726 0.437378
v -0.522639 -0.260361 0.365875
v -0.295839 -0.048726 0.422363
v -0.190139 -0.238476 0.327881
v -0.190139 -0.048726 0.378876
v -0.099389 -0.203656 0.267364
v -0.099389 -0.048726 0.308868
v -0.522639 -0.048726 0.422363
v -0.628339 -0.238476 0.327881
v -0.628339 -0.048726 0.378876
v -0.719089 -0.203656 0.267365
v -0.719089 -0.048726 0.308868
v -0.409239 0.330774 0.218384
v -0.522639 0.162914 0.365875
v -0.522639 -0.048726 0.422363
v -0.628339 0.141024 0.327881
v -0.628339 -0.048726 0.378876
v -0.719089 0.106204 0.267365
v -0.719089 -0.048726 0.308868
v -0.409239 0.170379 0.378876
v -0.295839 0.162914 0.365875
v -0.295839 -0.048726 0.422363
v -0.190139 0.141024 0.327881
v -0.190139 -0.048726 0.378876
v -0.099389 0.106204 0.267364
v -0.099389 -0.048726 0.308868
v -0.522639 0.162914 0.365875
v -0.522639 0.317844 0.210876
v -0.628339 0.141024 0.327881
v -0.628339 0.279934 0.188873
v -0.295839 0.317844 0.210876
v -0.190139 0.141024 0.327881
v -0.190139 0.279934 0.188873
v -4.189789 -0.048727 0.004364
v -4.197789 -0.050272 0.001892
v -4.189789 -0.051276 0.003876
v -4.197789 -0.048727 0.002381
v -4.197789 -0.051402 0.000885
v -4.189789 -0.053142 0.001892
v -3.487389 -0.054246 0.008881
v -3.487389 -0.058286 0.004883
v -2.674339 -0.058466 0.015869
v -2.674339 -0.065601 0.008881
v -1.746240 -0.072111 0.039887
v -1.746240 -0.089231 0.022369
v -1.159490 -0.129736 0.045868
v -0.833439 -0.143486 0.163391
v -0.833439 -0.048726 0.188873
v -1.159490 -0.095496 0.080383
v -0.833439 0.046034 0.163391
v -1.159490 -0.048726 0.092865
v -1.159490 -0.001951 0.080383
v -0.833439 0.115404 0.093872
v -1.159490 0.032289 0.045868
v -1.746240 -0.008221 0.022369
v -1.746240 -0.025341 0.039887
v -2.674339 -0.031851 0.008881
v -1.746240 -0.048726 0.045868
v -2.674339 -0.038981 0.015869
v -3.487389 -0.039161 0.004883
v -4.189789 -0.044307 0.001892
v -3.487389 -0.043206 0.008881
v -2.674339 -0.048726 0.018890
v -4.197789 -0.046047 0.000885
v -4.189789 -0.046176 0.003876
v -3.487389 -0.048727 0.010376
v -4.197789 -0.047177 0.001892
v -0.092189 -0.207346 0.273865
v -0.020889 -0.048726 0.223389
v -0.020889 -0.160926 0.193390
v -0.092189 -0.048726 0.316376
v -0.092189 -0.323466 0.157867
v -0.092189 0.109899 0.273865
v -0.185089 0.287704 0.193390
v -0.092189 0.226014 0.157867
v -0.185089 -0.242961 0.335876
v -0.185089 -0.385151 0.193390
v -0.185089 0.145514 0.335876
v -0.092189 -0.323466 -0.159607
v -0.092189 -0.365966 -0.000610
v -0.185089 -0.242961 -0.337128
v -0.092189 -0.207346 -0.275635
v -0.185089 -0.385151 -0.195129
v -0.185089 0.145514 -0.337128
v -0.092189 0.109899 -0.275635
v -0.092189 0.226014 -0.159607
v -0.020889 0.145614 -0.113129
v -0.185089 0.287704 -0.195129
v -0.092189 0.268519 -0.000610
v -0.020889 0.145614 0.111389
v -0.020889 0.175674 -0.000610
v 0.023961 0.051969 -0.059113
v 0.023961 0.009409 -0.101624
v 0.023961 0.067544 -0.000610
v 0.039261 -0.048726 -0.000610
v 0.023961 0.051969 0.057373
v 0.023961 0.009409 0.099884
v 0.023961 -0.048726 0.115387
v 0.023961 -0.106861 0.099884
v -0.020889 0.063474 0.193390
v -0.092189 -0.048726 -0.318115
v -0.020889 -0.048726 -0.225128
v -0.020889 0.063474 -0.195129
v 0.023961 -0.048726 -0.117127
v -0.020889 -0.160926 -0.195129
v 0.023961 -0.106861 -0.101624
v 0.023961 -0.149416 -0.059113
v -0.020889 -0.243061 -0.113129
v -0.020889 -0.273126 -0.000610
v 0.023961 -0.164996 -0.000610
v 0.023961 -0.149416 0.057373
v -0.020889 -0.243061 0.111389
v -0.092189 -0.323466 0.157867
v -0.185089 -0.385151 0.193390
v -0.293189 -0.265346 0.374390
v -0.293189 -0.423926 0.215881
v -0.293189 -0.481971 -0.000610
v -0.409239 -0.497241 -0.000610
v -0.409239 -0.437151 0.223389
v -0.409239 -0.272981 0.387878
v -0.525289 -0.423926 0.215881
v -0.525289 -0.481971 -0.000610
v -0.525289 -0.423926 -0.217621
v -0.525289 -0.265346 0.374390
v -0.633439 -0.385151 0.193390
v -0.633439 -0.385151 -0.195129
v -0.633439 -0.242961 -0.337128
v -0.633439 -0.437196 -0.000610
v -0.726339 -0.323436 -0.159607
v -0.840889 -0.147076 -0.171112
v -1.163539 -0.098981 -0.087616
v -0.840889 -0.219071 -0.099121
v -1.748439 -0.075891 -0.047607
v -1.163539 -0.135771 -0.051117
v -0.726339 -0.365936 -0.000610
v -0.840889 -0.245421 -0.000610
v -0.726339 -0.323436 0.157867
v -0.840889 -0.219071 0.097382
v -1.163539 -0.149236 -0.000610
v -1.748439 -0.095776 -0.028107
v -2.675339 -0.061481 -0.023132
v -1.163539 -0.135771 0.049377
v -1.163539 -0.098981 0.086365
v -1.748439 -0.103056 -0.000610
v -1.748439 -0.095776 0.026367
v -1.748439 -0.075891 0.046387
v -2.675339 -0.070816 0.011871
v -2.675339 -0.070816 -0.013611
v -2.675339 -0.074232 -0.000610
v -3.488089 -0.067197 -0.011627
v -3.488089 -0.067197 0.009888
v -3.488089 -0.070051 -0.000610
v -3.488089 -0.059391 -0.019134
v -4.201089 -0.059371 -0.007110
v -4.201089 -0.054872 -0.011627
v -4.206989 -0.054557 -0.004120
v -4.206989 -0.055457 -0.000610
v -4.201089 -0.061017 -0.000610
v -4.201089 -0.059371 0.005371
v -4.206989 -0.054557 0.002381
v -4.201089 -0.054872 0.009888
v -3.488089 -0.059391 0.017883
v -2.675339 -0.061481 0.021393
v -0.840889 -0.147076 0.169373
v -0.633439 -0.242961 0.335876
v -0.092189 -0.323466 -0.159607
v -0.185089 -0.437196 -0.000610
v -0.092189 -0.365966 -0.000610
v -0.185089 -0.385151 -0.195129
v -0.293189 -0.265346 -0.376129
v -0.293189 -0.423926 -0.217621
v -0.409239 -0.437151 -0.225128
v -0.525289 -0.265346 -0.376129
v -0.092189 -0.207346 0.273865
v -0.092189 -0.048726 0.316376
v -0.092189 0.109899 0.273865
v -0.185089 -0.242961 0.335876
v -0.185089 -0.048726 0.387878
v -0.185089 -0.385151 0.193390
v -0.185089 0.145514 0.335876
v -0.293189 -0.048726 0.432373
v -0.293189 -0.265346 0.374390
v -0.293189 -0.423926 0.215881
v -0.293189 0.167899 0.374390
v -0.409239 -0.437151 0.223389
v -0.409239 -0.048726 0.447876
v -0.409239 -0.272981 0.387878
v -0.525289 -0.423926 0.215881
v -0.525289 -0.265346 0.374390
v -0.525289 0.326479 0.215881
v -1.163539 -0.098981 0.086365
v -1.748439 -0.075891 0.046387
v -2.675339 -0.070816 0.011871
v -3.488089 -0.067197 0.009888
v -4.201089 -0.054872 0.009888
v -4.206989 -0.052092 0.004883
v -4.206989 -0.048727 0.005890
v -4.201089 -0.048727 0.011383
v -3.488089 -0.059391 0.017883
v -3.488089 -0.048727 0.020386
v -4.206989 -0.045362 0.004883
v -4.201089 -0.042582 0.009888
v -2.675339 -0.061481 0.021393
v -2.675339 -0.048726 0.024872
v -3.488089 -0.038062 0.017883
v -4.201089 -0.038082 0.005371
v -3.488089 -0.030256 0.009888
v -2.675339 -0.035972 0.021393
v -2.675339 -0.026637 0.011871
v -1.748439 -0.001676 0.026367
v -1.748439 -0.021561 0.046387
v -1.163539 0.001529 0.086365
v -0.840889 0.049624 0.169373
v -0.726339 0.109879 0.273865
v -1.748439 -0.048726 0.053375
v -1.163539 -0.048726 0.099884
v -0.840889 -0.048726 0.195892
v -0.840889 -0.147076 0.169373
v -0.726339 -0.048726 0.316376
v -0.726339 -0.207331 0.273865
v -0.633439 -0.048726 0.387878
v -0.633439 -0.242961 0.335876
v -0.525289 -0.048726 0.432373
v -0.633439 0.145509 0.335876
v -0.525289 0.167899 0.374390
v -0.409239 0.175534 0.387878
v -0.409239 0.339704 0.223389
v -0.293189 0.326479 0.215881
v -0.633439 -0.385151 0.193390
v -0.633439 -0.385151 -0.195129
v -0.633439 -0.242961 -0.337128
v -0.726339 -0.207331 -0.275635
v -0.726339 -0.323436 -0.159607
v -0.726339 -0.048726 -0.318115
v -0.726339 0.109879 -0.275635
v -0.633439 0.145509 -0.337128
v -0.840889 -0.048726 -0.197632
v -0.840889 -0.147076 -0.171112
v -0.633439 0.287699 -0.195129
v -0.726339 0.225984 -0.159607
v -0.840889 0.049624 -0.171112
v -0.726339 0.268484 -0.000610
v -0.633439 0.287699 0.193390
v -0.726339 0.225984 0.157867
v -0.840889 0.147974 -0.000610
v -0.840889 0.121619 -0.099121
v -0.840889 -0.219071 -0.099121
v -0.726339 -0.365936 -0.000610
v -0.840889 -0.245421 -0.000610
v -0.726339 -0.323436 0.157867
v -0.840889 -0.219071 0.097382
v -4.201089 -0.059371 -0.007110
v -4.201089 -0.054872 -0.011627
v -4.201089 -0.042582 -0.011627
v -4.201089 -0.038082 -0.007110
v -4.206989 -0.045362 -0.006622
v -4.206989 -0.052092 -0.006622
v -4.206989 -0.042897 -0.004120
v -4.206989 -0.048727 -0.007629
v -4.206989 -0.054557 -0.004120
v -4.206989 -0.055457 -0.000610
v -4.206989 -0.041996 -0.000610
v -4.201089 -0.059371 0.005371
v -4.206989 -0.054557 0.002381
v -4.201089 -0.054872 0.009888
v -4.206989 -0.052092 0.004883
v -4.206989 -0.048727 0.005890
v -4.206989 -0.045362 0.004883
v -4.201089 -0.042582 0.009888
v -4.201089 -0.038082 0.005371
v -4.206989 -0.042897 0.002381
v -0.840889 0.121619 0.097382
v -0.840889 0.049624 0.169373
v -0.726339 0.109879 0.273865
v -0.840889 -0.048726 0.195892
v -0.840889 -0.147076 0.169373
v -0.726339 -0.048726 0.316376
v -0.726339 -0.207331 0.273865
v -0.633439 -0.242961 0.335876
v -0.633439 0.145509 0.335876
v -0.185089 0.287704 0.193390
v -0.092189 0.226014 0.157867
v -0.185089 0.145514 0.335876
v -0.293189 0.167899 0.374390
v -0.633439 0.145509 -0.337128
v -0.633439 0.287699 -0.195129
v -0.525289 0.326479 -0.217621
v -0.726339 0.225984 -0.159607
v -0.525289 0.384519 -0.000610
v -0.409239 0.399794 -0.000610
v -0.633439 0.339744 -0.000610
v -0.525289 0.326479 0.215881
v -0.726339 0.268484 -0.000610
v -0.633439 0.287699 0.193390
v -0.726339 0.225984 0.157867
v -0.840889 0.147974 -0.000610
v -0.840889 0.121619 -0.099121
v -1.163539 0.001529 -0.087616
v -1.163539 0.038319 -0.051117
v -1.748439 -0.021561 -0.047607
v -2.675339 -0.035972 -0.023132
v -4.201089 -0.038082 -0.007110
v -3.488089 -0.030256 -0.011627
v -4.206989 -0.042897 -0.004120
v -4.206989 -0.041996 -0.000610
v -4.201089 -0.038082 0.005371
v -4.206989 -0.042897 0.002381
v -4.201089 -0.036432 -0.000610
v -3.488089 -0.027396 -0.000610
v -3.488089 -0.030256 0.009888
v -2.675339 -0.035972 0.021393
v -2.675339 -0.023216 -0.000610
v -2.675339 -0.026637 0.011871
v -2.675339 -0.026637 -0.013611
v -1.748439 0.005604 -0.000610
v -1.748439 -0.001676 -0.028107
v -1.163539 0.051789 -0.000610
v -1.748439 -0.001676 0.026367
v -1.163539 0.038319 0.049377
v -0.840889 0.121619 0.097382
v -1.748439 -0.021561 0.046387
v -1.163539 0.001529 0.086365
v -0.840889 0.049624 0.169373
v -0.633439 0.145509 0.335876
v -0.525289 0.167899 0.374390
v -0.409239 0.175534 0.387878
v -0.409239 0.339704 0.223389
v -0.293189 0.326479 0.215881
v -0.293189 0.384519 -0.000610
v -0.185089 0.145514 -0.337128
v -0.092189 0.226014 -0.159607
v -0.293189 0.167899 -0.376129
v -0.185089 0.287704 -0.195129
v -0.293189 0.326479 -0.217621
v -0.409239 0.339704 -0.225128
v -0.185089 0.339749 -0.000610
v -0.092189 0.268519 -0.000610
v -0.633439 -0.242961 -0.337128
v -0.726339 -0.207331 -0.275635
v -0.633439 -0.048726 -0.389130
v -0.726339 -0.048726 -0.318115
v -0.726339 0.109879 -0.275635
v -0.633439 0.145509 -0.337128
v -0.840889 -0.048726 -0.197632
v -0.840889 -0.147076 -0.171112
v -0.525289 0.326479 -0.217621
v -0.840889 0.049624 -0.171112
v -0.840889 0.121619 -0.099121
v -1.163539 0.001529 -0.087616
v -1.163539 -0.048726 -0.101135
v -1.748439 -0.021561 -0.047607
v -1.163539 -0.098981 -0.087616
v -1.748439 -0.048726 -0.055115
v -1.748439 -0.075891 -0.047607
v -1.748439 -0.095776 -0.028107
v -2.675339 -0.061481 -0.023132
v -2.675339 -0.070816 -0.013611
v -3.488089 -0.067197 -0.011627
v -3.488089 -0.059391 -0.019134
v -4.201089 -0.059371 -0.007110
v -2.675339 -0.048726 -0.026123
v -2.675339 -0.035972 -0.023132
v -3.488089 -0.048727 -0.022125
v -4.201089 -0.054872 -0.011627
v -3.488089 -0.038062 -0.019134
v -4.201089 -0.048727 -0.013122
v -4.201089 -0.042582 -0.011627
v -4.201089 -0.038082 -0.007110
v -3.488089 -0.030256 -0.011627
v -4.206989 -0.045362 -0.006622
v -4.206989 -0.052092 -0.006622
v -4.206989 -0.048727 -0.007629
v -2.675339 -0.026637 -0.013611
v -1.748439 -0.001676 -0.028107
v -0.185089 -0.242961 -0.337128
v -0.092189 -0.207346 -0.275635
v -0.185089 -0.048726 -0.389130
v -0.185089 -0.385151 -0.195129
v -0.293189 -0.265346 -0.376129
v -0.293189 -0.048726 -0.434113
v -0.185089 0.145514 -0.337128
v -0.092189 0.109899 -0.275635
v -0.409239 -0.437151 -0.225128
v -0.409239 -0.272981 -0.389130
v -0.409239 -0.048726 -0.449127
v -0.525289 -0.265346 -0.376129
v -0.293189 0.167899 -0.376129
v -0.185089 0.287704 -0.195129
v -0.525289 -0.048726 -0.434113
v -0.409239 0.175534 -0.389130
v -0.525289 0.167899 -0.376129
v -0.293189 0.326479 -0.217621
v -0.409239 0.339704 -0.225128
v -0.092189 -0.048726 -0.318115
v -2.522490 -0.236906 -0.000610
v -2.469589 -0.168601 -0.054108
v -2.522490 -0.215416 -0.081116
v -2.469589 -0.129676 -0.093109
v -2.469589 -0.182851 -0.000610
v -2.522490 -0.156701 -0.139618
v -2.522490 -0.215416 0.079376
v -2.469589 -0.076496 -0.107117
v -2.469589 -0.168601 0.052368
v -2.522490 -0.076496 -0.161133
v -2.522490 -0.156701 0.137878
v -2.522490 0.003708 -0.139618
v -2.469589 -0.129676 0.091370
v -2.469589 -0.023317 -0.093109
v -2.522490 -0.076496 0.159393
v -2.522490 0.062424 -0.081116
v -2.469589 -0.076496 0.105377
v -2.469589 0.015609 -0.054108
v -2.469589 -0.023317 0.091370
v -2.522490 0.083914 -0.000610
v -2.522490 0.003708 0.137878
v -2.469589 0.029858 -0.000610
v -2.469589 0.015609 0.052368
v -2.522490 0.062424 0.079376
v -2.522490 -0.215416 -0.081116
v -2.469589 -0.260311 -0.107117
v -2.522490 -0.156701 -0.139618
v -2.522490 -0.215416 0.079376
v -2.469589 -0.182621 -0.184631
v -2.469589 -0.260311 0.105377
v -2.522490 -0.156701 0.137878
v -2.469589 -0.182621 0.182892
v -2.522490 0.003708 -0.139618
v -2.469589 0.029629 -0.184631
v -2.469589 0.107319 -0.107117
v -2.522490 0.003708 0.137878
v -2.522490 0.062424 -0.081116
v -2.469589 0.029629 0.182892
v -2.469589 0.107319 0.105377
v -2.522490 0.062424 0.079376
v -2.291539 -0.277007 -0.000610
v -2.225389 -0.191631 -0.067108
v -2.291539 -0.250147 -0.101135
v -2.291539 -0.176751 -0.174622
v -2.225389 -0.209441 -0.000610
v -2.225389 -0.142971 -0.116119
v -2.225389 -0.191631 0.065888
v -2.225389 -0.076496 -0.133636
v -2.291539 -0.250147 0.099365
v -2.291539 -0.076496 -0.201111
v -2.225389 -0.142971 0.114380
v -2.225389 -0.010026 -0.116119
v -2.291539 -0.176751 0.172882
v -2.291539 0.023759 -0.174622
v -2.291539 -0.076496 0.199890
v -2.225389 0.038638 -0.067108
v -2.225389 -0.076496 0.132385
v -2.291539 0.097154 -0.101135
v -2.225389 -0.010026 0.114380
v -2.225389 0.056449 -0.000610
v -2.291539 0.023759 0.172882
v -2.291539 0.124014 -0.000610
v -2.225389 0.038638 0.065888
v -2.291539 0.097154 0.099365
v -2.291539 -0.250147 -0.101135
v -2.225389 -0.306266 -0.133636
v -2.291539 -0.176751 -0.174622
v -2.291539 -0.250147 0.099365
v -2.225389 -0.209156 -0.230621
v -2.225389 -0.306266 0.131867
v -2.291539 -0.176751 0.172882
v -2.225389 -0.209156 0.228882
v -2.291539 0.023759 -0.174622
v -2.225389 0.056164 -0.230621
v -2.225389 0.153274 -0.133636
v -2.291539 0.023759 0.172882
v -2.291539 0.097154 -0.101135
v -2.225389 0.056164 0.228882
v -2.225389 0.153274 0.131867
v -2.291539 0.097154 0.099365
v -1.931839 -0.327136 -0.000610
v -1.849189 -0.220411 -0.084106
v -1.931839 -0.293556 -0.126129
v -1.849189 -0.159586 -0.144623
v -1.849189 -0.242676 -0.000610
v -1.931839 -0.201816 -0.217621
v -1.931839 -0.293556 0.124390
v -1.849189 -0.076496 -0.167114
v -1.849189 -0.220411 0.082367
v -1.931839 -0.076496 -0.251617
v -1.849189 -0.159586 0.142883
v -1.931839 0.048824 -0.217621
v -1.931839 -0.201816 0.216370
v -1.849189 0.006594 -0.144623
v -1.931839 -0.076496 0.249878
v -1.849189 0.067419 -0.084106
v -1.849189 -0.076496 0.165375
v -1.931839 0.140564 -0.126129
v -1.931839 0.048824 0.216370
v -1.931839 0.174144 -0.000610
v -1.849189 0.006594 0.142883
v -1.849189 0.089684 -0.000610
v -1.931839 0.140564 0.124390
v -1.849189 0.067419 0.082367
v -1.931839 -0.293556 -0.126129
v -1.849189 -0.363711 -0.166626
v -1.931839 -0.201816 -0.217621
v -1.931839 -0.293556 0.124390
v -1.849189 -0.242321 -0.288116
v -1.849189 -0.363711 0.164887
v -1.931839 -0.201816 0.216370
v -1.849189 -0.242321 0.286377
v -1.931839 0.048824 -0.217621
v -1.849189 0.089329 -0.288116
v -1.849189 0.210719 -0.166626
v -1.931839 0.048824 0.216370
v -1.931839 0.140564 -0.126129
v -1.849189 0.089329 0.286377
v -1.849189 0.210719 0.164887
v -1.931839 0.140564 0.124390
v -1.338189 -0.306616 -0.133636
v -1.418289 -0.374836 -0.173126
v -1.418289 -0.248741 -0.299133
v -1.338189 -0.209356 -0.231110
v -1.338189 -0.306616 0.131866
v -1.418289 -0.374836 0.171387
v -1.418289 -0.248741 0.297363
v -1.338189 0.056364 -0.231110
v -1.338189 -0.209356 0.229370
v -1.418289 0.095749 -0.299133
v -1.338189 0.153624 -0.133636
v -1.418289 0.221844 -0.173126
v -1.338189 0.056364 0.229370
v -1.418289 0.095749 0.297363
v -1.338189 0.153624 0.131866
v -1.418289 0.221844 0.171387
v -1.338189 -0.445171 -0.213623
v -1.338189 -0.502206 -0.000610
v -1.418289 -0.420991 -0.000610
v -1.338189 -0.445171 0.211884
v -1.418289 -0.374836 -0.173126
v -1.418289 -0.374836 0.171387
v -1.418289 -0.248741 -0.299133
v -1.418289 -0.248741 0.297363
v -1.338189 -0.289351 -0.369629
v -1.338189 -0.289351 0.367889
v -1.418289 -0.076496 -0.345123
v -1.418289 -0.076496 0.343872
v -1.338189 -0.076496 -0.426636
v -1.338189 -0.076496 0.424866
v -1.338189 0.136359 -0.369629
v -1.338189 0.136359 0.367889
v -1.418289 0.095749 -0.299133
v -1.418289 0.095749 0.297363
v -1.338189 0.292179 -0.213623
v -1.338189 0.292179 0.211884
v -1.418289 0.221844 -0.173126
v -1.418289 0.221844 0.171387
v -1.338189 0.349214 -0.000610
v -1.418289 0.267999 -0.000610
v -0.649639 -0.713451 -0.000610
v -0.636389 -0.683071 0.031372
v -0.674489 -0.665821 -0.000610
v -0.649639 -0.713451 -0.000610
v -0.636389 -0.683071 -0.033112
v -0.674489 -0.665821 -0.000610
v -0.709189 -0.571326 -0.000610
v -0.750389 -0.441421 -0.167633
v -0.788089 -0.548396 -0.218628
v -0.679089 -0.455096 -0.000610
v -0.852789 -0.357656 -0.288635
v -0.750389 -0.441421 0.165894
v -0.916439 -0.434126 -0.377625
v -0.788089 -0.548396 0.217377
v -0.852789 -0.357656 0.286865
v -0.916439 -0.434126 0.376373
v -0.968140 -0.045631 -0.288116
v -1.067239 -0.025866 -0.377625
v -1.049289 0.157744 -0.219116
v -0.968140 -0.045631 0.286865
v -1.067239 -0.025866 0.376373
v -1.049289 0.157744 0.217377
v -0.938689 -0.215266 -0.542633
v -0.938689 -0.215266 0.540894
v -1.038039 -0.251886 -0.436127
v -1.038039 -0.251886 0.434875
v -1.067239 -0.025866 -0.377625
v -1.067239 -0.025866 0.376373
v -0.966639 0.069674 -0.469635
v -0.966639 0.069674 0.468384
v -1.049289 0.157744 -0.219116
v -1.049289 0.157744 0.217377
v -0.953489 0.296459 -0.271606
v -0.953489 0.296464 0.269867
v -1.010039 0.241194 -0.000610
v -0.924289 0.393424 -0.000610
v -0.305639 0.679084 -0.173126
v -0.276090 0.708604 -0.173126
v -0.276090 0.679084 -0.242126
v -0.276090 0.717464 -0.130127
v -0.314489 0.679084 -0.130127
v -0.305639 0.679084 -0.090607
v -0.276090 0.708604 -0.090607
v -0.276090 0.679084 -0.021606
v -0.305639 0.679084 0.171875
v -0.276090 0.679084 0.240875
v -0.276090 0.708604 0.171875
v -0.276090 0.717464 0.128387
v -0.314489 0.679084 0.128387
v -0.305639 0.679084 0.088867
v -0.276090 0.708604 0.088867
v -0.276090 0.679084 0.019867
v 0.299761 0.255954 -0.000610
v 0.312561 0.130379 0.120392
v 0.245811 0.124569 -0.000610
v 0.299761 0.255954 -0.000610
v 0.312561 0.130379 -0.122131
v 0.245811 0.124569 -0.000610
v 0.312561 0.130379 -0.122131
v 0.325361 0.004799 -0.000610
v 0.245811 0.124569 -0.000610
v 0.312561 0.130379 0.120392
v 0.325361 0.004799 -0.000610
v 0.245811 0.124569 -0.000610
v -0.305639 0.851574 -0.000610
v -0.276090 0.851574 0.028870
v -0.276090 0.920614 -0.000610
v -0.276090 0.808414 0.037384
v -0.305639 0.768954 -0.000610
v -0.276090 0.768954 0.028870
v -0.276090 0.699914 -0.000610
v -0.305639 0.851574 -0.000610
v -0.276090 0.851574 -0.030121
v -0.276090 0.920614 -0.000610
v -0.305639 0.506594 -0.000610
v -0.276090 0.437554 -0.000610
v -0.276090 0.506594 0.028870
v -0.276090 0.549759 0.037384
v -0.314489 0.549759 -0.000610
v -0.276090 0.589214 0.028870
v -0.305639 0.589214 -0.000610
v -0.276090 0.658254 -0.000610
v -0.276090 0.506594 -0.030121
v -0.305639 0.506594 -0.000610
v -0.276090 0.437554 -0.000610
v -0.276189 0.583279 -0.052612
v -0.309989 0.555314 -0.068634
v -0.309989 0.604954 -0.118134
v -0.276189 0.621099 -0.090118
v -0.276189 0.583279 0.050873
v -0.309989 0.555314 0.066864
v -0.309989 0.604954 0.116882
v -0.276189 0.724424 -0.090118
v -0.276189 0.621099 0.088867
v -0.309989 0.740569 -0.118134
v -0.276189 0.762249 -0.052612
v -0.309989 0.790209 -0.068634
v -0.276189 0.724424 0.088867
v -0.309989 0.740569 0.116882
v -0.276189 0.762249 0.050873
v -0.309989 0.790209 0.066864
v -0.276189 0.524964 -0.086121
v -0.276189 0.502104 -0.000610
v -0.309989 0.537149 -0.000610
v -0.309989 0.555314 0.066864
v -0.309989 0.555314 -0.068634
v -0.276189 0.524964 0.084381
v -0.276189 0.587434 -0.148621
v -0.309989 0.604954 0.116882
v -0.309989 0.604954 -0.118134
v -0.276189 0.587434 0.146881
v -0.309989 0.672764 -0.136627
v -0.309989 0.672764 0.134888
v -0.276189 0.672764 -0.171631
v -0.276189 0.672764 0.169891
v -0.276189 0.758094 -0.148621
v -0.276189 0.758094 0.146881
v -0.309989 0.740569 -0.118134
v -0.309989 0.740569 0.116882
v -0.276189 0.820559 -0.086121
v -0.276189 0.820559 0.084381
v -0.309989 0.790209 -0.068634
v -0.309989 0.790209 0.066864
v -0.276189 0.843424 -0.000610
v -0.309989 0.808379 -0.000610
v 0.224260 -0.396351 -0.000610
v 0.362411 -0.315396 0.159393
v 0.213161 -0.286201 -0.000610
v 0.311511 -0.228566 0.113373
v 0.242161 -0.174566 -0.000610
v 0.270261 -0.158111 0.031891
v 0.255461 -0.132861 -0.000610
v 0.224260 -0.396351 -0.000610
v 0.362411 -0.315396 -0.161133
v 0.213161 -0.286201 -0.000610
v 0.311511 -0.228566 -0.114624
v 0.242161 -0.174566 -0.000610
v 0.270261 -0.158111 -0.033112
v 0.255461 -0.132861 -0.000610
v 0.035461 -0.226301 0.172882
v 0.113761 -0.280261 0.215881
v 0.072311 -0.093376 0.300384
v 0.035461 -0.226301 -0.174622
v 0.146511 -0.116996 0.374390
v 0.113761 -0.280261 -0.217621
v 0.052811 0.081224 0.346374
v 0.072311 -0.093376 -0.302124
v 0.133261 0.102349 0.432373
v 0.146511 -0.116996 -0.376129
v -0.015889 0.242224 0.300384
v 0.052811 0.081224 -0.348114
v 0.036511 0.301904 0.374390
v 0.133261 0.102349 -0.434113
v -0.117089 0.355549 0.172882
v -0.015889 0.242224 -0.302124
v -0.076189 0.444479 0.215881
v 0.036511 0.301904 -0.376129
v -0.139839 0.494619 -0.000610
v -0.117089 0.355549 -0.174622
v -0.182189 0.393684 -0.000610
v -0.076189 0.444479 -0.217621
v 0.088861 -0.173946 -0.000610
v 0.035461 -0.226301 0.172882
v 0.129311 -0.132266 0.132873
v 0.072311 -0.093376 0.300384
v -0.005839 -0.278776 -0.000610
v 0.157961 -0.030386 0.229370
v 0.035461 -0.226301 -0.174622
v 0.052811 0.081224 0.346374
v 0.129311 -0.132266 -0.134125
v 0.132911 0.102354 0.264893
v 0.072311 -0.093376 -0.302124
v 0.157961 -0.030391 -0.230621
v 0.052811 0.081224 -0.348114
v 0.132911 0.102354 -0.266632
v 0.778161 -0.405481 -0.000610
v 0.862011 -0.525561 0.182373
v 0.729361 -0.497286 -0.000610
v 0.785911 -0.578246 0.122864
v 0.741961 -0.608656 -0.000610
v 0.778161 -0.405481 -0.000610
v 0.862011 -0.525561 -0.183624
v 0.729361 -0.497286 -0.000610
v 0.785911 -0.578246 -0.124115
v 0.741961 -0.608656 -0.000610
v 1.453661 -0.280916 -0.174133
v 1.473261 -0.323016 -0.000610
v 1.521511 -0.188301 -0.000610
v 1.453661 -0.280916 0.172363
v 1.507661 -0.158551 -0.123108
v 1.507661 -0.158551 0.121887
v 1.400011 -0.165886 -0.301117
v 1.400011 -0.165886 0.299377
v 1.469761 -0.077261 -0.213135
v 1.469761 -0.077261 0.211365
v 1.326711 -0.008756 -0.347626
v 1.326711 -0.008756 0.345886
v 1.417961 0.033779 -0.245636
v 1.417961 0.033779 0.244385
v 1.417961 0.033779 -0.447113
v 1.326711 -0.008756 -0.347626
v 1.253461 0.148374 -0.301117
v 1.417961 0.033779 0.445373
v 1.323611 0.236064 -0.387634
v 1.326711 -0.008756 0.345886
v 1.199811 0.263399 -0.174133
v 1.253461 0.148374 0.299377
v 1.254561 0.384144 -0.224121
v 1.323611 0.236064 0.385864
v 1.180211 0.305504 -0.000610
v 1.199811 0.263399 0.172363
v 1.229311 0.438344 -0.000610
v 1.254561 0.384144 0.222382
v -2.469589 0.107319 -0.107117
v -2.522490 0.062424 -0.081116
v -2.469589 0.135759 -0.000610
v -2.469589 0.107319 0.105377
v -2.522490 0.083914 -0.000610
v -2.522490 0.062424 0.079376
v 1.521511 -0.188301 -0.000610
v 1.655711 -0.237941 -0.000610
v 1.507661 -0.158551 -0.123108
v 1.507661 -0.158551 0.121887
v 1.636111 -0.195841 -0.174133
v 1.636111 -0.195841 0.172363
v 1.469761 -0.077261 -0.213135
v 1.469761 -0.077261 0.211365
v 1.582461 -0.080811 -0.301117
v 1.582461 -0.080811 0.299377
v 1.435911 0.233449 -0.301117
v 1.435911 0.233449 0.299377
v 1.323611 0.236064 -0.387634
v 1.323611 0.236064 0.385864
v 1.254561 0.384144 -0.224121
v 1.254561 0.384144 0.222382
v 1.382261 0.348474 -0.174133
v 1.382261 0.348474 0.172363
v 1.229311 0.438344 -0.000610
v 1.362611 0.390579 -0.000610
v -2.225389 0.153274 -0.133636
v -2.291539 0.097154 -0.101135
v -2.225389 0.188819 -0.000610
v -2.225389 0.153274 0.131867
v -2.291539 0.124014 -0.000610
v -2.291539 0.097154 0.099365
v -1.849189 0.210719 -0.166626
v -1.931839 0.140564 -0.126129
v -1.849189 0.255149 -0.000610
v -1.849189 0.210719 0.164887
v -1.931839 0.174144 -0.000610
v -1.931839 0.140564 0.124390
v -1.418289 -0.420991 -0.000610
v -1.338189 -0.306616 -0.133636
v -1.418289 -0.374836 -0.173126
v -1.338189 -0.342216 -0.000610
v -1.338189 -0.306616 0.131866
v -1.418289 -0.374836 0.171387
v 0.161911 -0.236296 -0.000610
v 0.129311 -0.132266 0.132873
v 0.088861 -0.173946 -0.000610
v 0.129311 -0.132266 -0.134125
v 0.146261 0.285454 0.300873
v 0.036511 0.301904 0.374390
v 0.050261 0.397549 0.173889
v 0.146261 0.285454 -0.302612
v -0.076189 0.444479 0.215881
v 0.036511 0.301904 -0.376129
v -0.013789 0.434214 -0.000610
v 0.050261 0.397549 -0.175629
v -0.139839 0.494619 -0.000610
v -0.076189 0.444479 -0.217621
v 0.409861 -0.170931 -0.000610
v 0.311511 -0.228566 -0.114624
v 0.298311 -0.141656 -0.000610
v 0.270261 -0.158111 -0.033112
v 0.255461 -0.132861 -0.000610
v 0.409861 -0.170931 -0.000610
v 0.311511 -0.228566 0.113373
v 0.298311 -0.141656 -0.000610
v 0.270261 -0.158111 0.031891
v 0.255461 -0.132861 -0.000610
v -0.276189 0.569434 -0.000610
v -0.242389 0.537149 -0.000610
v -0.276189 0.583279 -0.052612
v -0.276189 0.583279 0.050873
v -0.242389 0.555314 -0.068634
v -0.242389 0.555314 0.066864
v 1.012761 0.311399 -0.000610
v 1.024911 0.192384 0.114380
v 1.140061 0.202409 0.031891
v 1.136611 0.236389 -0.000610
v 1.181311 0.206004 -0.000610
v 1.012761 0.311399 -0.000610
v 1.024911 0.192384 -0.115631
v 1.140061 0.202409 -0.033630
v 1.136611 0.236389 -0.000610
v 1.181311 0.206004 -0.000610
v -0.953489 0.296459 -0.271606
v -0.847839 0.234709 -0.218109
v -0.924289 0.393424 -0.000610
v -0.953489 0.296464 0.269867
v -0.808539 0.320444 -0.000610
v -0.847839 0.234709 0.216370
v -0.586889 -0.470431 -0.218109
v -0.679089 -0.455096 -0.000610
v -0.506939 -0.494546 -0.000610
v -0.586889 -0.470431 0.216370
v -0.750389 -0.441421 -0.167633
v -0.750389 -0.441421 0.165894
v -0.719890 -0.360731 -0.377136
v -0.719889 -0.360731 0.375885
v -0.852789 -0.357656 -0.288635
v -0.852789 -0.357656 0.286865
v -0.309989 0.537149 -0.000610
v -0.276189 0.583279 -0.052612
v -0.309989 0.555314 -0.068634
v -0.276189 0.569434 -0.000610
v -0.276189 0.583279 0.050873
v -0.309989 0.555314 0.066864
v -0.674489 -0.665821 -0.000610
v -0.623089 -0.652886 -0.000610
v -0.636389 -0.683071 -0.033112
v -0.509189 -0.611886 -0.000610
v -0.521089 -0.726521 -0.114136
v -0.370189 -0.742461 -0.160126
v -0.290089 -0.574646 -0.000610
v -0.230889 -0.744811 -0.181610
v -0.230889 -0.744811 0.179871
v -0.290089 -0.574646 -0.000610
v -0.370189 -0.742461 0.158874
v -0.509189 -0.611886 -0.000610
v -0.521089 -0.726521 0.112885
v -0.636389 -0.683071 0.031372
v -0.623089 -0.652886 -0.000610
v -0.674489 -0.665821 -0.000610
v -1.338189 -0.342216 -0.000610
v -1.258089 -0.420991 -0.000610
v -1.338189 -0.306616 -0.133636
v -1.338189 -0.306616 0.131866
v -1.258089 -0.374836 -0.173126
v -1.258089 -0.374836 0.171387
v 1.086011 -0.210641 -0.000610
v 1.074861 -0.378251 0.185364
v 1.161261 -0.318411 0.163391
v 0.989561 -0.256146 -0.000610
v 1.201111 -0.177031 -0.000610
v 0.955511 -0.460836 0.203888
v 1.254711 -0.253756 0.116363
v 0.861711 -0.326516 -0.000610
v 1.315161 -0.179386 -0.000610
v 1.330461 -0.201291 0.032379
v 1.357661 -0.182491 -0.000610
v 1.086011 -0.210641 -0.000610
v 1.074861 -0.378251 -0.187134
v 0.989561 -0.256146 -0.000610
v 1.161261 -0.318411 -0.165131
v 0.955511 -0.460836 -0.205628
v 1.201111 -0.177031 -0.000610
v 0.861711 -0.326516 -0.000610
v 1.254711 -0.253756 -0.117615
v 1.315161 -0.179386 -0.000610
v 1.330461 -0.201291 -0.034119
v 1.357661 -0.182491 -0.000610
v -1.849189 0.210719 -0.166626
v -1.849189 0.210719 0.164887
v -1.766489 0.140564 -0.126129
v -1.766489 0.140564 0.124390
v -1.849189 0.255149 -0.000610
v -1.766489 0.174144 -0.000610
v -2.225389 0.153274 -0.133636
v -2.225389 0.153274 0.131867
v -2.159239 0.097154 -0.101135
v -2.159239 0.097154 0.099365
v -2.225389 0.188819 -0.000610
v -2.159239 0.124014 -0.000610
v -2.469589 0.107319 -0.107117
v -2.469589 0.107319 0.105377
v -2.416639 0.062424 -0.081116
v -2.416639 0.062424 0.079376
v -2.469589 0.135759 -0.000610
v -2.416639 0.083914 -0.000610
v -2.522490 -0.156701 -0.139618
v -2.469589 -0.182621 -0.184631
v -2.469589 -0.076496 -0.213135
v -2.522490 -0.076496 -0.161133
v -2.522490 0.003708 -0.139618
v -2.469589 0.029629 -0.184631
v 1.469761 -0.077261 0.211365
v 1.582461 -0.080811 0.299377
v 1.509161 0.076319 0.345886
v 1.417961 0.033779 0.244385
v 1.417961 0.033779 -0.447113
v 1.509161 0.076319 -0.347626
v 1.435911 0.233449 -0.301117
v 1.323611 0.236064 -0.387634
v -2.291539 -0.176751 -0.174622
v -2.225389 -0.209156 -0.230621
v -2.225389 -0.076496 -0.266113
v -2.291539 -0.076496 -0.201111
v -2.291539 0.023759 -0.174622
v -2.225389 0.056164 -0.230621
v -1.931839 -0.201816 -0.217621
v -1.849189 -0.242321 -0.288116
v -1.849189 -0.076496 -0.332611
v -1.931839 -0.076496 -0.251617
v -1.931839 0.048824 -0.217621
v -1.849189 0.089329 -0.288116
v 1.236561 -0.426181 -0.000610
v 1.074861 -0.378251 -0.187134
v 1.161261 -0.318411 -0.165131
v 1.160111 -0.500351 -0.000610
v 0.955511 -0.460836 -0.205628
v 1.049361 -0.595156 -0.000610
v -1.418289 -0.248741 0.297363
v -1.338189 -0.209356 0.229370
v -1.418289 -0.076496 0.343872
v -1.338189 -0.076496 0.264893
v -1.338189 0.056364 0.229370
v -1.418289 0.095749 0.297363
v 0.157961 -0.030386 0.229370
v 0.215160 0.123929 0.347382
v 0.132911 0.102354 0.264893
v 0.090361 0.227019 0.229370
v 0.146511 -0.116996 -0.376129
v 0.234761 -0.051276 -0.302124
v 0.133261 0.102349 -0.434113
v 0.215160 0.123929 -0.349121
v 0.146261 0.285454 -0.302612
v 0.036511 0.301904 -0.376129
v -0.330889 -0.890991 -0.000610
v -0.230889 -0.744811 -0.181610
v -0.170139 -0.916991 -0.000610
v -0.048139 -0.690086 -0.199616
v -0.521089 -0.726521 -0.114136
v 0.038911 -0.872411 -0.000610
v -0.529239 -0.839776 -0.000610
v 0.190961 -0.716521 -0.000610
v -0.649639 -0.713451 -0.000610
v -0.636389 -0.683071 -0.033112
v 0.092011 -0.570931 -0.178619
v 0.500561 -0.234441 -0.000610
v 0.566011 -0.304031 -0.000610
v 0.409511 -0.395756 -0.182129
v 0.362411 -0.315396 -0.161133
v 0.474511 -0.506661 -0.200134
v 0.409861 -0.170931 -0.000610
v 0.646661 -0.405766 -0.000610
v 0.311511 -0.228566 -0.114624
v 0.679361 -0.503386 -0.000610
v 0.525411 -0.593591 -0.179108
v -0.852789 -0.357656 0.286865
v -0.916439 -0.434126 0.376373
v -1.038039 -0.251886 0.434875
v -0.938339 -0.215016 0.331390
v -0.968140 -0.045631 0.286865
v -1.067239 -0.025866 0.376373
v -1.049289 0.157744 0.217377
v -0.949339 0.096819 0.165894
v -0.778939 -0.438121 -0.469635
v -0.916439 -0.434126 -0.377625
v -0.938689 -0.215266 -0.542633
v -1.038039 -0.251886 -0.436127
v -0.242389 0.604954 0.116882
v -0.276189 0.621099 0.088867
v -0.242389 0.672764 0.134888
v -0.276189 0.672764 0.102386
v -0.276189 0.724424 0.088867
v -0.242389 0.740569 0.116882
v -0.237740 0.808414 -0.000610
v -0.276090 0.851574 -0.030121
v -0.276090 0.808414 -0.039124
v -0.276090 0.768954 -0.030121
v -0.237740 0.549759 -0.000610
v -0.276090 0.506594 -0.030121
v -0.276090 0.549759 -0.039124
v -0.276090 0.589214 -0.030121
v 0.751611 0.168594 -0.183624
v 0.865911 0.347204 -0.000610
v 0.882961 0.180029 -0.162109
v 0.732311 0.357999 -0.000610
v 1.012761 0.311399 -0.000610
v 0.570311 0.152814 -0.202118
v 1.024911 0.192384 -0.115631
v 0.549061 0.361169 -0.000610
v 0.409211 0.326714 -0.000610
v 0.428211 0.140444 -0.180634
v 0.299761 0.255954 -0.000610
v 0.312561 0.130379 -0.122131
v 0.900011 0.012859 -0.000610
v 0.770911 -0.020806 -0.000610
v 0.751611 0.168594 -0.183624
v 0.882961 0.180029 -0.162109
v 0.570311 0.152814 -0.202118
v 1.037011 0.073374 -0.000610
v 0.591511 -0.055536 -0.000610
v 1.024911 0.192384 -0.115631
v 0.447161 -0.045821 -0.000610
v 1.143511 0.168434 -0.000610
v 1.140061 0.202409 -0.033630
v 1.181311 0.206004 -0.000610
v 0.428211 0.140444 -0.180634
v -0.276090 0.808414 -0.039124
v -0.314489 0.808414 -0.000610
v -0.305639 0.851574 -0.000610
v -0.305639 0.768954 -0.000610
v -0.276090 0.851574 -0.030121
v -0.276090 0.768954 -0.030121
v -0.276090 0.699914 -0.000610
v -0.276090 0.506594 -0.030121
v -0.305639 0.506594 -0.000610
v -0.276090 0.549759 -0.039124
v -0.314489 0.549759 -0.000610
v -0.276090 0.589214 -0.030121
v -0.305639 0.589214 -0.000610
v -0.276090 0.658254 -0.000610
v -0.719890 -0.360731 -0.377136
v -0.938689 -0.215266 -0.542633
v -0.841189 -0.179211 -0.434631
v -0.966639 0.069674 -0.469635
v -0.870239 0.046124 -0.377625
v -0.953489 0.296459 -0.271606
v -0.847839 0.234709 -0.218109
v -0.719889 -0.360731 0.375885
v -0.852789 -0.357656 0.286865
v -0.841189 -0.179211 0.433380
v -0.938339 -0.215016 0.331390
v -0.309989 0.604954 0.116882
v -0.276189 0.621099 0.088867
v -0.309989 0.672764 0.134888
v -0.276189 0.672764 0.102386
v -0.276189 0.724424 0.088867
v -0.309989 0.740569 0.116882
v 0.409511 -0.395756 -0.182129
v 0.224260 -0.396351 -0.000610
v 0.362411 -0.315396 -0.161133
v 0.252961 -0.487476 -0.000610
v 0.474511 -0.506661 -0.200134
v 0.302311 -0.607561 -0.000610
v 0.371511 -0.683791 -0.000610
v 0.525411 -0.593591 -0.179108
v -0.290089 -0.574646 -0.000610
v -0.230889 -0.744811 -0.181610
v -0.140689 -0.513136 -0.000610
v -0.048139 -0.690086 -0.199616
v 0.092011 -0.570931 -0.178619
v -0.024539 -0.439501 -0.000610
v 0.141411 -0.441736 -0.120636
v 0.047761 -0.365866 -0.000610
v 0.161811 -0.283876 -0.000610
v 0.146511 -0.116996 -0.376129
v 0.052811 0.081224 -0.348114
v 0.133261 0.102349 -0.434113
v 0.072311 -0.093376 0.300384
v 0.157961 -0.030386 0.229370
v 0.052811 0.081224 0.346374
v 0.132911 0.102354 0.264893
v 0.090361 0.227019 0.229370
v -0.015889 0.242224 0.300384
v -1.258089 -0.248741 0.297363
v -1.338189 -0.209356 0.229370
v -1.258089 -0.076496 0.343872
v -1.338189 -0.076496 0.264893
v -1.338189 0.056364 0.229370
v -1.258089 0.095749 0.297363
v 0.955511 -0.460836 -0.205628
v 0.861711 -0.326516 -0.000610
v 0.778161 -0.405481 -0.000610
v 0.862011 -0.525561 -0.183624
v -1.766489 -0.201816 -0.217621
v -1.849189 -0.242321 -0.288116
v -1.849189 -0.076496 -0.332611
v -1.766489 -0.076496 -0.251617
v -1.766489 0.048824 -0.217621
v -1.849189 0.089329 -0.288116
v -2.159239 -0.176751 -0.174622
v -2.225389 -0.209156 -0.230621
v -2.225389 -0.076496 -0.266113
v -2.159239 -0.076496 -0.201111
v -2.159239 0.023759 -0.174622
v -2.225389 0.056164 -0.230621
v 1.326711 -0.008756 0.345886
v 1.417961 0.033779 0.244385
v 1.366161 0.144824 0.211365
v 1.253461 0.148374 0.299377
v 1.400011 -0.165886 -0.301117
v 1.512261 -0.168501 -0.387634
v 1.417961 0.033779 -0.447113
v 1.326711 -0.008756 -0.347626
v -2.416639 -0.156701 -0.139618
v -2.469589 -0.182621 -0.184631
v -2.469589 -0.076496 -0.213135
v -2.416639 -0.076496 -0.161133
v -2.416639 0.003708 -0.139618
v -2.469589 0.029629 -0.184631
v 1.509161 0.076319 -0.347626
v 1.509161 0.076319 0.345886
v 1.417961 0.033779 -0.245636
v 1.417961 0.033779 0.244385
v 1.366161 0.144824 -0.213135
v 1.366161 0.144824 0.211365
v 1.435911 0.233449 -0.301117
v 1.435911 0.233449 0.299377
v 1.328261 0.226109 -0.123108
v 1.328261 0.226109 0.121887
v 1.382261 0.348474 -0.174133
v 1.382261 0.348474 0.172363
v 1.314411 0.255864 -0.000610
v 1.362611 0.390579 -0.000610
v 1.581311 -0.316581 -0.224121
v 1.655711 -0.237941 -0.000610
v 1.606611 -0.370781 -0.000610
v 1.581311 -0.316581 0.222381
v 1.636111 -0.195841 -0.174133
v 1.636111 -0.195841 0.172363
v 1.512261 -0.168501 -0.387634
v 1.512261 -0.168501 0.385864
v 1.582461 -0.080811 -0.301117
v 1.582461 -0.080811 0.299377
v 1.417961 0.033779 -0.447113
v 1.417961 0.033779 0.445373
v 1.509161 0.076319 -0.347626
v 1.509161 0.076319 0.345886
v 1.236561 -0.426181 -0.000610
v 1.161261 -0.318411 -0.165131
v 1.308261 -0.330481 -0.000610
v 1.254711 -0.253756 -0.117615
v 1.345760 -0.223196 -0.000610
v 1.330461 -0.201291 -0.034119
v 1.357661 -0.182491 -0.000610
v 1.236561 -0.426181 -0.000610
v 1.161261 -0.318411 0.163391
v 1.308261 -0.330481 -0.000610
v 1.254711 -0.253756 0.116363
v 1.345760 -0.223196 -0.000610
v 1.330461 -0.201291 0.032379
v 1.357661 -0.182491 -0.000610
v 0.161911 -0.236296 -0.000610
v 0.129311 -0.132266 0.132873
v 0.203111 -0.185061 0.173889
v 0.157961 -0.030386 0.229370
v 0.129311 -0.132266 -0.134125
v 0.234761 -0.051276 0.300873
v 0.203111 -0.185061 -0.175110
v 0.215160 0.123929 0.347382
v 0.157961 -0.030391 -0.230621
v 0.234761 -0.051276 -0.302124
v 0.090361 0.227019 0.229370
v 0.215160 0.123929 -0.349121
v 0.146261 0.285454 0.300873
v 0.012711 0.311759 0.132385
v 0.090361 0.227019 -0.230621
v 0.050261 0.397549 0.173889
v 0.146261 0.285454 -0.302612
v -0.013789 0.434214 -0.000610
v 0.012711 0.311759 -0.134125
v -0.045539 0.339594 -0.000610
v 0.050261 0.397549 -0.175629
v -0.246590 0.679084 -0.090607
v -0.276090 0.708604 -0.090607
v -0.276090 0.679084 -0.021606
v -0.237740 0.679084 -0.130127
v -0.276090 0.717464 -0.130127
v -0.276090 0.708604 -0.173126
v -0.246590 0.679084 -0.173126
v -0.276090 0.679084 -0.242126
v -0.246590 0.679084 0.088867
v -0.276090 0.679084 0.019867
v -0.276090 0.708604 0.088867
v -0.237740 0.679084 0.128387
v -0.276090 0.717464 0.128387
v -0.276090 0.708604 0.171875
v -0.246590 0.679084 0.171875
v -0.276090 0.679084 0.240875
v 0.113761 -0.280261 0.215881
v 0.161911 -0.236296 -0.000610
v 0.203111 -0.185061 0.173889
v 0.079911 -0.342466 -0.000610
v 0.146511 -0.116996 0.374390
v 0.113761 -0.280261 -0.217621
v 0.234761 -0.051276 0.300873
v 0.203111 -0.185061 -0.175110
v 0.133261 0.102349 0.432373
v 0.146511 -0.116996 -0.376129
v 0.215160 0.123929 0.347382
v 0.234761 -0.051276 -0.302124
v 0.133261 0.102349 -0.434113
v 0.215160 0.123929 -0.349121
v 0.190961 -0.716521 -0.000610
v 0.092011 -0.570931 0.176880
v 0.235861 -0.517096 -0.000610
v 0.141411 -0.441736 0.118866
v 0.161811 -0.283876 -0.000610
v 0.190961 -0.716521 -0.000610
v 0.092011 -0.570931 -0.178619
v 0.235861 -0.517096 -0.000610
v 0.141411 -0.441736 -0.120636
v 0.161811 -0.283876 -0.000610
v 0.679361 -0.503386 -0.000610
v 0.525411 -0.593591 -0.179108
v 0.670661 -0.603526 -0.000610
v 0.566911 -0.664336 -0.121124
v 0.590811 -0.705181 -0.000610
v 0.679361 -0.503386 -0.000610
v 0.525411 -0.593591 0.177368
v 0.670661 -0.603526 -0.000610
v 0.566911 -0.664336 0.119385
v 0.590811 -0.705181 -0.000610
v -0.276189 0.583279 -0.052612
v -0.276189 0.583279 0.050873
v -0.242389 0.555314 -0.068634
v -0.242389 0.555314 0.066864
v -0.242389 0.604954 -0.118134
v -0.242389 0.604954 0.116882
v -0.276189 0.621099 -0.090118
v -0.276189 0.621099 0.088867
v -0.276189 0.724424 -0.090118
v -0.276189 0.724424 0.088867
v -0.242389 0.740569 -0.118134
v -0.242389 0.740569 0.116882
v -0.276189 0.762249 -0.052612
v -0.276189 0.762249 0.050873
v -0.242389 0.790209 -0.068634
v -0.242389 0.790209 0.066864
v -0.276189 0.524964 -0.086121
v -0.242389 0.537149 -0.000610
v -0.276189 0.502104 -0.000610
v -0.242389 0.555314 0.066864
v -0.242389 0.555314 -0.068634
v -0.276189 0.524964 0.084381
v -0.276189 0.587434 -0.148621
v -0.242389 0.604954 0.116882
v -0.242389 0.604954 -0.118134
v -0.276189 0.587434 0.146881
v -0.242389 0.672764 -0.136627
v -0.242389 0.672764 0.134888
v -0.276189 0.672764 -0.171631
v -0.276189 0.672764 0.169891
v -0.276189 0.758094 -0.148621
v -0.276189 0.758094 0.146881
v -0.242389 0.740569 -0.118134
v -0.242389 0.740569 0.116882
v -0.276189 0.820559 -0.086121
v -0.276189 0.820559 0.084381
v -0.242389 0.790209 -0.068634
v -0.242389 0.790209 0.066864
v -0.276189 0.843424 -0.000610
v -0.242389 0.808379 -0.000610
v -0.237740 0.808414 -0.000610
v -0.276090 0.851574 -0.030121
v -0.246590 0.851574 -0.000610
v -0.276090 0.920614 -0.000610
v -0.276090 0.768954 -0.030121
v -0.246590 0.768954 -0.000610
v -0.276090 0.699914 -0.000610
v -0.246590 0.768954 -0.000610
v -0.276090 0.768954 0.028870
v -0.276090 0.699914 -0.000610
v -0.276090 0.808414 0.037384
v -0.237740 0.549759 -0.000610
v -0.246590 0.506594 -0.000610
v -0.276090 0.506594 -0.030121
v -0.276090 0.437554 -0.000610
v -0.276090 0.589214 -0.030121
v -0.246590 0.589214 -0.000610
v -0.276090 0.658254 -0.000610
v -0.246590 0.589214 -0.000610
v -0.276090 0.658254 -0.000610
v -0.276090 0.589214 0.028870
v -0.276090 0.549759 0.037384
v -0.246590 0.506594 -0.000610
v -0.276090 0.506594 0.028870
v -0.276090 0.437554 -0.000610
v -0.549089 -0.621246 -0.000610
v -0.628389 -0.581836 -0.271606
v -0.586889 -0.470431 -0.218109
v -0.506939 -0.494546 -0.000610
v -0.719890 -0.360731 -0.377136
v -0.586889 -0.470431 0.216370
v -0.778939 -0.438121 -0.469635
v -0.628389 -0.581836 0.269867
v -0.938689 -0.215266 -0.542633
v -0.719889 -0.360731 0.375885
v -0.841189 -0.179211 -0.434631
v -0.778939 -0.438121 0.468384
v -0.966639 0.069674 -0.469635
v -0.938689 -0.215266 0.540894
v -0.870239 0.046124 -0.377625
v -0.841189 -0.179211 0.433380
v -0.953489 0.296459 -0.271606
v -0.966639 0.069674 0.468384
v -0.870239 0.046124 0.375885
v -0.953489 0.296464 0.269867
v -0.841189 -0.179211 -0.434631
v -0.841189 -0.179211 0.433380
v -0.938339 -0.215016 -0.333130
v -0.938339 -0.215016 0.331390
v -0.968140 -0.045631 -0.288116
v -0.968140 -0.045631 0.286865
v -0.870239 0.046124 -0.377625
v -0.870239 0.046124 0.375885
v -0.949339 0.096819 -0.167633
v -0.949339 0.096819 0.165894
v -0.847839 0.234709 -0.218109
v -0.847839 0.234709 0.216370
v -0.909689 0.167064 -0.000610
v -0.808539 0.320444 -0.000610
v -1.338189 -0.306616 -0.133636
v -1.338189 -0.306616 0.131866
v -1.258089 -0.374836 -0.173126
v -1.258089 -0.374836 0.171387
v -1.258089 -0.248741 -0.299133
v -1.258089 -0.248741 0.297363
v -1.338189 -0.209356 -0.231110
v -1.338189 -0.209356 0.229370
v -1.338189 0.056364 -0.231110
v -1.338189 0.056364 0.229370
v -1.258089 0.095749 -0.299133
v -1.258089 0.095749 0.297363
v -1.338189 0.153624 -0.133636
v -1.338189 0.153624 0.131866
v -1.258089 0.221844 -0.173126
v -1.258089 0.221844 0.171387
v -1.338189 -0.445171 -0.213623
v -1.258089 -0.420991 -0.000610
v -1.338189 -0.502206 -0.000610
v -1.338189 -0.445171 0.211884
v -1.258089 -0.374836 -0.173126
v -1.258089 -0.374836 0.171387
v -1.258089 -0.248741 -0.299133
v -1.258089 -0.248741 0.297363
v -1.338189 -0.289351 -0.369629
v -1.338189 -0.289351 0.367889
v -1.258089 -0.076496 -0.345123
v -1.258089 -0.076496 0.343872
v -1.338189 -0.076496 -0.426636
v -1.338189 -0.076496 0.424866
v -1.338189 0.136359 -0.369629
v -1.338189 0.136359 0.367889
v -1.258089 0.095749 -0.299133
v -1.258089 0.095749 0.297363
v -1.338189 0.292179 -0.213623
v -1.338189 0.292179 0.211884
v -1.258089 0.221844 -0.173126
v -1.258089 0.221844 0.171387
v -1.338189 0.349214 -0.000610
v -1.258089 0.267999 -0.000610
v -1.766489 -0.327136 -0.000610
v -1.766489 -0.293556 -0.126129
v -1.849189 -0.220411 -0.084106
v -1.849189 -0.159586 -0.144623
v -1.849189 -0.242676 -0.000610
v -1.766489 -0.201816 -0.217621
v -1.766489 -0.293556 0.124390
v -1.849189 -0.076496 -0.167114
v -1.849189 -0.220411 0.082367
v -1.766489 -0.076496 -0.251617
v -1.849189 -0.159586 0.142883
v -1.766489 0.048824 -0.217621
v -1.766489 -0.201816 0.216370
v -1.849189 0.006594 -0.144623
v -1.766489 -0.076496 0.249878
v -1.849189 0.067419 -0.084106
v -1.849189 -0.076496 0.165375
v -1.766489 0.140564 -0.126129
v -1.766489 0.048824 0.216370
v -1.766489 0.174144 -0.000610
v -1.849189 0.006594 0.142883
v -1.849189 0.089684 -0.000610
v -1.766489 0.140564 0.124390
v -1.849189 0.067419 0.082367
v -1.766489 -0.293556 -0.126129
v -1.766489 -0.293556 0.124390
v -1.849189 -0.363711 -0.166626
v -1.849189 -0.363711 0.164887
v -1.766489 -0.201816 -0.217621
v -1.766489 -0.201816 0.216370
v -1.849189 -0.242321 -0.288116
v -1.849189 -0.242321 0.286377
v -1.766489 0.048824 -0.217621
v -1.766489 0.048824 0.216370
v -1.849189 0.089329 -0.288116
v -1.849189 0.089329 0.286377
v -1.849189 0.210719 -0.166626
v -1.849189 0.210719 0.164887
v -1.766489 0.140564 -0.126129
v -1.766489 0.140564 0.124390
v -2.159239 -0.277006 -0.000610
v -2.159239 -0.250146 -0.101135
v -2.225389 -0.191631 -0.067108
v -2.159239 -0.176751 -0.174622
v -2.225389 -0.209441 -0.000610
v -2.225389 -0.142971 -0.116119
v -2.225389 -0.191631 0.065888
v -2.225389 -0.076496 -0.133636
v -2.159239 -0.250146 0.099365
v -2.159239 -0.076496 -0.201111
v -2.225389 -0.142971 0.114380
v -2.225389 -0.010026 -0.116119
v -2.159239 -0.176751 0.172882
v -2.159239 0.023759 -0.174622
v -2.159239 -0.076496 0.199890
v -2.225389 0.038638 -0.067108
v -2.225389 -0.076496 0.132385
v -2.159239 0.097154 -0.101135
v -2.225389 -0.010026 0.114380
v -2.225389 0.056449 -0.000610
v -2.159239 0.023759 0.172882
v -2.159239 0.124014 -0.000610
v -2.225389 0.038638 0.065888
v -2.159239 0.097154 0.099365
v -2.159239 -0.250146 -0.101135
v -2.159239 -0.250146 0.099365
v -2.225389 -0.306266 -0.133636
v -2.225389 -0.306266 0.131867
v -2.159239 -0.176751 -0.174622
v -2.159239 -0.176751 0.172882
v -2.225389 -0.209156 -0.230621
v -2.225389 -0.209156 0.228882
v -2.159239 0.023759 -0.174622
v -2.159239 0.023759 0.172882
v -2.225389 0.056164 -0.230621
v -2.225389 0.056164 0.228882
v -2.225389 0.153274 -0.133636
v -2.225389 0.153274 0.131867
v -2.159239 0.097154 -0.101135
v -2.159239 0.097154 0.099365
v -2.416639 -0.236906 -0.000610
v -2.416639 -0.215416 -0.081116
v -2.469589 -0.168601 -0.054108
v -2.469589 -0.129676 -0.093109
v -2.469589 -0.182851 -0.000610
v -2.416639 -0.156701 -0.139618
v -2.416639 -0.215416 0.079376
v -2.469589 -0.076496 -0.107117
v -2.469589 -0.168601 0.052368
v -2.416639 -0.076496 -0.161133
v -2.416639 -0.156701 0.137878
v -2.416639 0.003708 -0.139618
v -2.469589 -0.129676 0.091370
v -2.469589 -0.023317 -0.093109
v -2.416639 -0.076496 0.159393
v -2.416639 0.062424 -0.081116
v -2.469589 -0.076496 0.105377
v -2.469589 0.015609 -0.054108
v -2.469589 -0.023317 0.091370
v -2.416639 0.083914 -0.000610
v -2.416639 0.003708 0.137878
v -2.469589 0.029858 -0.000610
v -2.469589 0.015609 0.052368
v -2.416639 0.062424 0.079376
v -2.416639 -0.215416 -0.081116
v -2.416639 -0.215416 0.079376
v -2.469589 -0.260311 -0.107117
v -2.469589 -0.260311 0.105377
v -2.416639 -0.156701 -0.139618
v -2.416639 -0.156701 0.137878
v -2.469589 -0.182621 -0.184631
v -2.469589 -0.182621 0.182892
v -2.416639 0.003708 -0.139618
v -2.416639 0.003708 0.137878
v -2.469589 0.029629 -0.184631
v -2.469589 0.029629 0.182892
v -2.469589 0.107319 -0.107117
v -2.469589 0.107319 0.105377
v -2.416639 0.062424 -0.081116
v -2.416639 0.062424 0.079376
v -2.469589 -0.288751 -0.000610
v -2.522490 -0.215416 -0.081116
v -2.469589 -0.260311 -0.107117
v -2.522490 -0.236906 -0.000610
v -2.522490 -0.215416 0.079376
v -2.469589 -0.260311 0.105377
v -2.225389 -0.341811 -0.000610
v -2.291539 -0.250147 -0.101135
v -2.225389 -0.306266 -0.133636
v -2.291539 -0.277007 -0.000610
v -2.291539 -0.250147 0.099365
v -2.225389 -0.306266 0.131867
v -1.849189 -0.408141 -0.000610
v -1.931839 -0.293556 -0.126129
v -1.849189 -0.363711 -0.166626
v -1.931839 -0.327136 -0.000610
v -1.931839 -0.293556 0.124390
v -1.849189 -0.363711 0.164887
v 0.955511 -0.460836 -0.205628
v 1.049361 -0.595156 -0.000610
v 0.945861 -0.645646 -0.000610
v 0.862011 -0.525561 -0.183624
v 0.842461 -0.659201 -0.000610
v 0.785911 -0.578246 -0.124115
v 0.741961 -0.608656 -0.000610
v 0.955511 -0.460836 0.203888
v 1.049361 -0.595156 -0.000610
v 0.945861 -0.645646 -0.000610
v 0.862011 -0.525561 0.182373
v 0.842461 -0.659201 -0.000610
v 0.785911 -0.578246 0.122864
v 0.741961 -0.608656 -0.000610
v -1.338189 0.153624 -0.133636
v -1.418289 0.221844 -0.173126
v -1.418289 0.267999 -0.000610
v -1.338189 0.189224 -0.000610
v -1.338189 0.153624 0.131866
v -1.418289 0.221844 0.171387
v -0.330889 -0.890991 -0.000610
v -0.230889 -0.744811 0.179871
v -0.370189 -0.742461 0.158874
v -0.521089 -0.726521 0.112885
v -0.170139 -0.916991 -0.000610
v -0.330889 -0.890991 -0.000610
v -0.230889 -0.744811 -0.181610
v -0.170139 -0.916991 -0.000610
v -0.370189 -0.742461 -0.160126
v -0.521089 -0.726521 -0.114136
v -1.049289 0.157744 -0.219116
v -0.949339 0.096819 -0.167633
v -1.010039 0.241194 -0.000610
v -1.049289 0.157744 0.217377
v -0.909689 0.167064 -0.000610
v -0.949339 0.096819 0.165894
v -0.628389 -0.581836 -0.271606
v -0.549089 -0.621246 -0.000610
v -0.709189 -0.571326 -0.000610
v -0.628389 -0.581836 0.269867
v -0.788089 -0.548396 -0.218628
v -0.788089 -0.548396 0.217377
v -0.778939 -0.438121 -0.469635
v -0.778939 -0.438121 0.468384
v -0.916439 -0.434126 -0.377625
v -0.916439 -0.434126 0.376373
v -0.276189 0.762249 -0.052612
v -0.276189 0.762249 0.050873
v -0.242389 0.790209 -0.068634
v -0.242389 0.790209 0.066864
v -0.242389 0.808379 -0.000610
v -0.276189 0.776089 -0.000610
v 0.447161 -0.045821 -0.000610
v 0.428211 0.140444 -0.180634
v 0.312561 0.130379 -0.122131
v 0.325361 0.004799 -0.000610
v 0.447161 -0.045821 -0.000610
v 0.428211 0.140444 0.179382
v 0.312561 0.130379 0.120392
v 0.325361 0.004799 -0.000610
v -0.237740 0.679084 -0.130127
v -0.276090 0.640704 -0.130127
v -0.276090 0.649564 -0.173126
v -0.276090 0.649564 -0.090607
v -0.246590 0.679084 -0.173126
v -0.276090 0.679084 -0.242126
v -0.246590 0.679084 -0.090607
v -0.276090 0.679084 -0.021606
v -0.246590 0.679084 0.171875
v -0.276090 0.649564 0.171875
v -0.237740 0.679084 0.128387
v -0.276090 0.679084 0.240875
v -0.276090 0.640704 0.128387
v -0.276090 0.649564 0.088867
v -0.246590 0.679084 0.088867
v -0.276090 0.679084 0.019867
v -0.276189 0.762249 -0.052612
v -0.309989 0.790209 -0.068634
v -0.309989 0.808379 -0.000610
v -0.276189 0.776089 -0.000610
v -0.276189 0.762249 0.050873
v -0.309989 0.790209 0.066864
v 0.371511 -0.683791 -0.000610
v 0.525411 -0.593591 0.177368
v 0.463111 -0.725151 -0.000610
v 0.566911 -0.664336 0.119385
v 0.590811 -0.705181 -0.000610
v 0.371511 -0.683791 -0.000610
v 0.525411 -0.593591 -0.179108
v 0.463111 -0.725151 -0.000610
v 0.566911 -0.664336 -0.121124
v 0.590811 -0.705181 -0.000610
v 0.035461 -0.226301 0.172882
v 0.079911 -0.342466 -0.000610
v 0.113761 -0.280261 0.215881
v -0.005839 -0.278776 -0.000610
v 0.035461 -0.226301 -0.174622
v 0.113761 -0.280261 -0.217621
v 0.090361 0.227019 0.229370
v -0.015889 0.242224 0.300384
v 0.012711 0.311759 0.132385
v -0.117089 0.355549 0.172882
v 0.090361 0.227019 -0.230621
v -0.045539 0.339594 -0.000610
v -0.015889 0.242224 -0.302124
v -0.182189 0.393684 -0.000610
v 0.012711 0.311759 -0.134125
v -0.117089 0.355549 -0.174622
v -0.276090 0.640704 -0.130127
v -0.314489 0.679084 -0.130127
v -0.305639 0.679084 -0.173126
v -0.305639 0.679084 -0.090607
v -0.276090 0.649564 -0.173126
v -0.276090 0.679084 -0.242126
v -0.276090 0.649564 -0.090607
v -0.276090 0.679084 -0.021606
v -0.276090 0.649564 0.171875
v -0.305639 0.679084 0.171875
v -0.276090 0.640704 0.128387
v -0.276090 0.679084 0.240875
v -0.314489 0.679084 0.128387
v -0.305639 0.679084 0.088867
v -0.276090 0.649564 0.088867
v -0.276090 0.679084 0.019867
v -1.338189 0.153624 -0.133636
v -1.338189 0.153624 0.131866
v -1.258089 0.221844 -0.173126
v -1.258089 0.221844 0.171387
v -1.258089 0.267999 -0.000610
v -1.338189 0.189224 -0.000610
v -1.766489 -0.327136 -0.000610
v -1.849189 -0.408141 -0.000610
v -1.766489 -0.293556 -0.126129
v -1.766489 -0.293556 0.124390
v -1.849189 -0.363711 -0.166626
v -1.849189 -0.363711 0.164887
v -2.159239 -0.277006 -0.000610
v -2.225389 -0.341811 -0.000610
v -2.159239 -0.250146 -0.101135
v -2.159239 -0.250146 0.099365
v -2.225389 -0.306266 -0.133636
v -2.225389 -0.306266 0.131867
v 1.366161 0.144824 -0.213135
v 1.366161 0.144824 0.211365
v 1.253461 0.148374 -0.301117
v 1.253461 0.148374 0.299377
v 1.199811 0.263399 -0.174133
v 1.199811 0.263399 0.172363
v 1.328261 0.226109 -0.123108
v 1.328261 0.226109 0.121887
v 1.180211 0.305504 -0.000610
v 1.314411 0.255864 -0.000610
v 1.606611 -0.370781 -0.000610
v 1.453661 -0.280916 -0.174133
v 1.581311 -0.316581 -0.224121
v 1.473261 -0.323016 -0.000610
v 1.400011 -0.165886 -0.301117
v 1.453661 -0.280916 0.172363
v 1.512261 -0.168501 -0.387634
v 1.581311 -0.316581 0.222381
v 1.400011 -0.165886 0.299377
v 1.512261 -0.168501 0.385864
v -2.416639 -0.236906 -0.000610
v -2.469589 -0.288751 -0.000610
v -2.416639 -0.215416 -0.081116
v -2.416639 -0.215416 0.079376
v -2.469589 -0.260311 -0.107117
v -2.469589 -0.260311 0.105377
v -2.522490 -0.156701 0.137878
v -2.469589 -0.182621 0.182892
v -2.469589 -0.076496 0.211365
v -2.522490 -0.076496 0.159393
v -2.522490 0.003708 0.137878
v -2.469589 0.029629 0.182892
v 1.469761 -0.077261 -0.213135
v 1.582461 -0.080811 -0.301117
v 1.509161 0.076319 -0.347626
v 1.417961 0.033779 -0.245636
v 1.417961 0.033779 0.445373
v 1.509161 0.076319 0.345886
v 1.435911 0.233449 0.299377
v 1.323611 0.236064 0.385864
v -2.291539 -0.176751 0.172882
v -2.225389 -0.209156 0.228882
v -2.225389 -0.076496 0.264374
v -2.291539 -0.076496 0.199890
v -2.291539 0.023759 0.172882
v -2.225389 0.056164 0.228882
v -1.931839 -0.201816 0.216370
v -1.849189 -0.242321 0.286377
v -1.849189 -0.076496 0.330872
v -1.931839 -0.076496 0.249878
v -1.931839 0.048824 0.216370
v -1.849189 0.089329 0.286377
v 1.074861 -0.378251 0.185364
v 1.236561 -0.426181 -0.000610
v 1.161261 -0.318411 0.163391
v 1.160111 -0.500351 -0.000610
v 0.955511 -0.460836 0.203888
v 1.049361 -0.595156 -0.000610
v -1.418289 -0.248741 -0.299133
v -1.338189 -0.209356 -0.231110
v -1.418289 -0.076496 -0.345123
v -1.338189 -0.076496 -0.266632
v -1.338189 0.056364 -0.231110
v -1.418289 0.095749 -0.299133
v 0.157961 -0.030391 -0.230621
v 0.215160 0.123929 -0.349121
v 0.132911 0.102354 -0.266632
v 0.090361 0.227019 -0.230621
v 0.146511 -0.116996 0.374390
v 0.234761 -0.051276 0.300873
v 0.133261 0.102349 0.432373
v 0.215160 0.123929 0.347382
v 0.146261 0.285454 0.300873
v 0.036511 0.301904 0.374390
v -0.330889 -0.890991 -0.000610
v -0.230889 -0.744811 0.179871
v -0.521089 -0.726521 0.112885
v -0.170139 -0.916991 -0.000610
v -0.529239 -0.839776 -0.000610
v -0.048139 -0.690086 0.197876
v -0.649639 -0.713451 -0.000610
v -0.636389 -0.683071 0.031372
v 0.038911 -0.872411 -0.000610
v 0.190961 -0.716521 -0.000610
v 0.092011 -0.570931 0.176880
v 0.409511 -0.395756 0.180878
v 0.500561 -0.234441 -0.000610
v 0.362411 -0.315396 0.159393
v 0.409861 -0.170931 -0.000610
v 0.566011 -0.304031 -0.000610
v 0.311511 -0.228566 0.113373
v 0.474511 -0.506661 0.198883
v 0.646661 -0.405766 -0.000610
v 0.679361 -0.503386 -0.000610
v 0.525411 -0.593591 0.177368
v -0.852789 -0.357656 -0.288635
v -0.916439 -0.434126 -0.377625
v -1.038039 -0.251886 -0.436127
v -0.938339 -0.215016 -0.333130
v -0.968140 -0.045631 -0.288116
v -1.067239 -0.025866 -0.377625
v -1.049289 0.157744 -0.219116
v -0.949339 0.096819 -0.167633
v -0.778939 -0.438121 0.468384
v -0.916439 -0.434126 0.376373
v -0.938689 -0.215266 0.540894
v -1.038039 -0.251886 0.434875
v -0.242389 0.604954 -0.118134
v -0.276189 0.621099 -0.090118
v -0.242389 0.672764 -0.136627
v -0.276189 0.672764 -0.104126
v -0.276189 0.724424 -0.090118
v -0.242389 0.740569 -0.118134
v -0.246590 0.768954 -0.000610
v -0.276090 0.808414 0.037384
v -0.237740 0.808414 -0.000610
v -0.246590 0.851574 -0.000610
v -0.276090 0.851574 0.028870
v -0.276090 0.920614 -0.000610
v -0.246590 0.589214 -0.000610
v -0.276090 0.589214 0.028870
v -0.276090 0.549759 0.037384
v -0.237740 0.549759 -0.000610
v -0.246590 0.506594 -0.000610
v 0.865911 0.347204 -0.000610
v 0.732311 0.357999 -0.000610
v 0.751611 0.168594 0.182373
v 0.882961 0.180029 0.160889
v 0.570311 0.152814 0.200378
v 1.012761 0.311399 -0.000610
v 0.549061 0.361169 -0.000610
v 1.024911 0.192384 0.114380
v 0.409211 0.326714 -0.000610
v 0.428211 0.140444 0.179382
v 0.299761 0.255954 -0.000610
v 0.312561 0.130379 0.120392
v 0.751611 0.168594 0.182373
v 0.900011 0.012859 -0.000610
v 0.882961 0.180029 0.160889
v 1.037011 0.073374 -0.000610
v 0.770911 -0.020806 -0.000610
v 1.024911 0.192384 0.114380
v 0.570311 0.152814 0.200378
v 1.143511 0.168434 -0.000610
v 1.140061 0.202409 0.031891
v 1.181311 0.206004 -0.000610
v 0.591511 -0.055536 -0.000610
v 0.447161 -0.045821 -0.000610
v 0.428211 0.140444 0.179382
v -0.305639 0.851574 -0.000610
v -0.276090 0.808414 0.037384
v -0.314489 0.808414 -0.000610
v -0.305639 0.768954 -0.000610
v -0.305639 0.506594 -0.000610
v -0.276090 0.549759 0.037384
v -0.314489 0.549759 -0.000610
v -0.276090 0.589214 0.028870
v -0.719889 -0.360731 0.375885
v -0.938689 -0.215266 0.540894
v -0.841189 -0.179211 0.433380
v -0.966639 0.069674 0.468384
v -0.870239 0.046124 0.375885
v -0.953489 0.296464 0.269867
v -0.847839 0.234709 0.216370
v -0.719890 -0.360731 -0.377136
v -0.852789 -0.357656 -0.288635
v -0.841189 -0.179211 -0.434631
v -0.938339 -0.215016 -0.333130
v -0.309989 0.604954 -0.118134
v -0.276189 0.621099 -0.090118
v -0.309989 0.672764 -0.136627
v -0.276189 0.672764 -0.104126
v -0.276189 0.724424 -0.090118
v -0.309989 0.740569 -0.118134
v 0.252961 -0.487476 -0.000610
v 0.409511 -0.395756 0.180878
v 0.224260 -0.396351 -0.000610
v 0.362411 -0.315396 0.159393
v 0.474511 -0.506661 0.198883
v 0.302311 -0.607561 -0.000610
v 0.371511 -0.683791 -0.000610
v 0.525411 -0.593591 0.177368
v -0.230889 -0.744811 0.179871
v -0.140689 -0.513136 -0.000610
v -0.290089 -0.574646 -0.000610
v -0.048139 -0.690086 0.197876
v 0.092011 -0.570931 0.176880
v -0.024539 -0.439501 -0.000610
v 0.141411 -0.441736 0.118866
v 0.047761 -0.365866 -0.000610
v 0.161811 -0.283876 -0.000610
v 0.146511 -0.116996 0.374390
v 0.052811 0.081224 0.346374
v 0.133261 0.102349 0.432373
v 0.072311 -0.093376 -0.302124
v 0.157961 -0.030391 -0.230621
v 0.052811 0.081224 -0.348114
v 0.132911 0.102354 -0.266632
v 0.090361 0.227019 -0.230621
v -0.015889 0.242224 -0.302124
v -1.258089 -0.248741 -0.299133
v -1.338189 -0.209356 -0.231110
v -1.258089 -0.076496 -0.345123
v -1.338189 -0.076496 -0.266632
v -1.338189 0.056364 -0.231110
v -1.258089 0.095749 -0.299133
v 0.955511 -0.460836 0.203888
v 0.861711 -0.326516 -0.000610
v 0.778161 -0.405481 -0.000610
v 0.862011 -0.525561 0.182373
v -1.766489 -0.201816 0.216370
v -1.849189 -0.242321 0.286377
v -1.849189 -0.076496 0.330872
v -1.766489 -0.076496 0.249878
v -1.766489 0.048824 0.216370
v -1.849189 0.089329 0.286377
v -2.159239 -0.176751 0.172882
v -2.225389 -0.209156 0.228882
v -2.225389 -0.076496 0.264374
v -2.159239 -0.076496 0.199890
v -2.159239 0.023759 0.172882
v -2.225389 0.056164 0.228882
v 1.326711 -0.008756 -0.347626
v 1.417961 0.033779 -0.245636
v 1.366161 0.144824 -0.213135
v 1.253461 0.148374 -0.301117
v 1.400011 -0.165886 0.299377
v 1.512261 -0.168501 0.385864
v 1.417961 0.033779 0.445373
v 1.326711 -0.008756 0.345886
v -2.416639 -0.156701 0.137878
v -2.469589 -0.182621 0.182892
v -2.469589 -0.076496 0.211365
v -2.416639 -0.076496 0.159393
v -2.416639 0.003708 0.137878
v -2.469589 0.029629 0.182892

l 1 2
l 1 3
l 2 3
l 2 4
l 3 4
l 5 6
l 5 7
l 5 8
l 6 7
l 6 8
l 9 10
l 9 11
l 10 11
l 10 12
l 11 12
l 13 14
l 13 15
l 14 15
l 14 16
l 15 16
l 17 18
l 17 19
l 18 19
l 18 20
l 18 21
l 18 22
l 18 54
l 19 22
l 19 23
l 20 21
l 20 26
l 20 53
l 20 54
l 21 22
l 21 24
l 21 25
l 21 26
l 22 23
l 22 24
l 25 26
l 27 32
l 27 34
l 28 29
l 28 30
l 28 35
l 28 36
l 29 30
l 29 31
l 29 32
l 30 31
l 30 35
l 31 32
l 31 33
l 32 33
l 32 34
l 33 34
l 35 36
l 35 37
l 36 37
l 36 38
l 37 38
l 37 39
l 38 39
l 38 40
l 39 40
l 39 41
l 40 41
l 40 42
l 41 42
l 41 43
l 42 43
l 42 44
l 43 44
l 43 45
l 43 46
l 44 45
l 45 46
l 45 47
l 46 47
l 46 48
l 47 48
l 47 49
l 48 49
l 48 50
l 49 50
l 49 51
l 49 52
l 50 51
l 51 52
l 53 54
l 55 56
l 55 57
l 55 59
l 55 61
l 56 57
l 56 58
l 56 59
l 56 60
l 57 58
l 57 90
l 57 91
l 57 92
l 57 93
l 57 95
l 58 60
l 58 62
l 59 61
l 59 63
l 60 62
l 60 66
l 61 63
l 61 64
l 62 66
l 62 67
l 63 64
l 63 65
l 64 65
l 66 67
l 66 68
l 67 68
l 69 70
l 69 71
l 69 73
l 69 75
l 70 71
l 70 72
l 70 73
l 70 74
l 71 72
l 71 83
l 71 84
l 71 85
l 71 86
l 71 88
l 72 74
l 72 76
l 73 75
l 73 77
l 74 76
l 74 78
l 75 77
l 75 81
l 76 78
l 76 79
l 77 81
l 77 82
l 78 79
l 78 80
l 79 80
l 81 82
l 83 85
l 84 86
l 84 87
l 85 88
l 85 89
l 86 87
l 88 89
l 90 91
l 91 93
l 91 94
l 92 95
l 92 96
l 93 94
l 95 96
l 97 103
l 97 104
l 98 110
l 98 112
l 99 100
l 99 102
l 100 101
l 100 102
l 101 102
l 101 103
l 102 103
l 102 104
l 102 105
l 102 106
l 103 104
l 104 105
l 105 106
l 105 107
l 106 107
l 106 108
l 107 108
l 107 109
l 108 109
l 108 110
l 109 110
l 109 111
l 110 111
l 110 112
l 110 113
l 110 115
l 111 113
l 111 114
l 112 115
l 113 114
l 113 116
l 114 116
l 117 118
l 117 119
l 118 119
l 118 120
l 119 120
l 119 121
l 120 121
l 120 122
l 121 122
l 121 124
l 122 124
l 122 125
l 123 124
l 123 126
l 124 125
l 124 126
l 124 127
l 125 127
l 125 128
l 126 127
l 127 128
l 127 129
l 128 129
l 128 130
l 129 130
l 129 131
l 130 131
l 130 132
l 131 132
l 131 133
l 131 134
l 133 134
l 135 162
l 135 169
l 136 137
l 136 138
l 137 138
l 139 148
l 139 149
l 139 150
l 140 141
l 140 142
l 141 142
l 143 144
l 143 145
l 143 147
l 143 148
l 144 145
l 144 146
l 144 147
l 145 146
l 147 148
l 147 149
l 148 149
l 149 150
l 149 151
l 149 156
l 149 157
l 149 162
l 149 163
l 149 164
l 150 151
l 150 152
l 151 152
l 151 153
l 152 153
l 152 154
l 153 154
l 153 155
l 154 155
l 156 157
l 156 158
l 156 159
l 157 158
l 157 162
l 158 159
l 158 160
l 159 160
l 159 161
l 160 161
l 162 163
l 162 169
l 163 164
l 163 165
l 164 165
l 164 166
l 165 166
l 165 167
l 166 167
l 166 168
l 167 168
l 170 171
l 170 172
l 171 172
l 173 174
l 173 175
l 174 175
l 176 186
l 176 189
l 176 196
l 177 185
l 177 186
l 178 180
l 178 182
l 179 208
l 179 209
l 180 181
l 180 182
l 181 182
l 181 187
l 181 188
l 182 183
l 182 188
l 182 191
l 182 192
l 183 184
l 183 192
l 183 204
l 184 204
l 184 205
l 184 208
l 185 186
l 186 187
l 186 189
l 187 188
l 187 189
l 187 190
l 188 190
l 188 191
l 189 190
l 189 195
l 189 196
l 190 191
l 190 194
l 190 195
l 191 192
l 191 193
l 191 194
l 192 193
l 192 201
l 192 204
l 193 194
l 193 198
l 193 199
l 193 200
l 193 201
l 194 195
l 194 197
l 194 198
l 195 196
l 197 198
l 198 199
l 199 200
l 200 202
l 200 203
l 201 203
l 201 204
l 202 203
l 202 206
l 202 207
l 203 204
l 203 205
l 203 206
l 204 205
l 205 206
l 205 208
l 206 207
l 208 209
l 210 211
l 210 212
l 210 213
l 210 300
l 210 301
l 211 212
l 211 213
l 211 214
l 212 300
l 213 214
l 215 216
l 215 217
l 216 217
l 216 218
l 217 218
l 217 219
l 217 220
l 218 219
l 219 220
l 219 221
l 219 222
l 220 221
l 221 222
l 221 223
l 222 223
l 224 225
l 224 226
l 225 226
l 225 227
l 226 227
l 226 228
l 227 228
l 227 229
l 228 229
l 228 230
l 229 230
l 231 232
l 231 233
l 231 234
l 232 233
l 233 234
l 233 235
l 233 236
l 234 235
l 235 236
l 235 237
l 236 237
l 238 239
l 238 240
l 238 241
l 239 240
l 240 241
l 240 242
l 241 242
l 241 243
l 242 243
l 242 244
l 243 244
l 245 246
l 245 247
l 246 247
l 246 248
l 247 248
l 247 249
l 247 250
l 248 249
l 249 250
l 249 251
l 249 252
l 250 251
l 251 252
l 251 253
l 252 253
l 254 255
l 254 256
l 255 256
l 255 257
l 256 257
l 256 258
l 257 258
l 257 259
l 258 259
l 258 260
l 259 260
l 261 262
l 261 263
l 262 263
l 262 264
l 263 264
l 263 265
l 263 266
l 264 265
l 265 266
l 265 267
l 266 267
l 268 269
l 268 270
l 269 270
l 269 271
l 270 271
l 270 272
l 270 273
l 271 272
l 272 273
l 272 274
l 272 275
l 273 274
l 274 275
l 274 276
l 275 276
l 277 278
l 277 279
l 278 279
l 278 280
l 279 280
l 279 281
l 279 282
l 280 281
l 281 282
l 281 283
l 282 283
l 284 285
l 284 286
l 285 286
l 285 287
l 286 287
l 286 288
l 286 289
l 287 288
l 288 289
l 288 290
l 289 290
l 291 292
l 291 293
l 292 293
l 292 294
l 293 294
l 293 295
l 293 296
l 294 295
l 295 296
l 295 297
l 295 298
l 296 297
l 297 298
l 297 299
l 298 299
l 300 301
l 302 303
l 302 307
l 302 308
l 302 320
l 302 333
l 302 339
l 303 304
l 303 305
l 303 307
l 304 305
l 304 306
l 305 306
l 307 308
l 309 310
l 309 311
l 310 311
l 312 313
l 312 314
l 313 314
l 313 315
l 313 316
l 314 315
l 315 316
l 315 317
l 315 318
l 315 320
l 315 321
l 315 322
l 316 317
l 317 318
l 317 319
l 318 319
l 320 321
l 320 322
l 320 323
l 320 328
l 320 333
l 320 334
l 320 339
l 320 340
l 321 323
l 321 324
l 322 328
l 322 329
l 323 324
l 323 325
l 324 325
l 324 326
l 325 326
l 325 327
l 326 327
l 328 329
l 328 330
l 329 330
l 329 331
l 330 331
l 330 332
l 331 332
l 333 334
l 333 335
l 334 335
l 334 336
l 335 336
l 335 337
l 336 337
l 336 338
l 337 338
l 339 340
l 339 341
l 340 341
l 340 342
l 341 342
l 341 343
l 342 343
l 342 344
l 343 344
l 345 346
l 345 365
l 345 366
l 346 347
l 346 360
l 346 365
l 347 348
l 347 349
l 347 356
l 347 360
l 348 349
l 348 350
l 349 350
l 349 352
l 349 355
l 349 356
l 350 353
l 350 375
l 351 365
l 351 366
l 351 367
l 352 353
l 352 354
l 352 355
l 353 354
l 353 372
l 353 373
l 353 375
l 354 355
l 354 357
l 354 358
l 354 372
l 355 356
l 355 357
l 355 359
l 356 359
l 356 360
l 356 361
l 357 358
l 357 359
l 357 362
l 357 363
l 358 363
l 358 364
l 358 370
l 358 371
l 358 372
l 359 361
l 360 361
l 360 365
l 360 367
l 361 367
l 361 369
l 362 363
l 363 364
l 364 370
l 365 366
l 365 367
l 367 368
l 367 369
l 368 369
l 371 372
l 372 373
l 373 374
l 373 375
l 374 375
l 376 377
l 376 378
l 376 380
l 376 381
l 377 378
l 379 383
l 379 384
l 379 385
l 380 381
l 380 382
l 381 382
l 383 384
l 383 386
l 383 387
l 384 385
l 384 386
l 384 391
l 384 397
l 384 398
l 384 403
l 384 404
l 384 405
l 385 391
l 385 392
l 386 387
l 386 388
l 387 388
l 387 389
l 388 389
l 388 390
l 389 390
l 391 392
l 391 393
l 392 393
l 392 394
l 393 394
l 393 395
l 394 395
l 396 403
l 396 410
l 397 398
l 397 399
l 397 403
l 398 399
l 398 400
l 399 400
l 399 401
l 400 401
l 400 402
l 401 402
l 403 404
l 403 410
l 404 405
l 404 406
l 405 406
l 405 407
l 406 407
l 406 408
l 407 408
l 407 409
l 408 409
l 411 412
l 411 413
l 412 413
l 414 415
l 414 416
l 415 416
l 417 418
l 417 419
l 417 420
l 417 448
l 417 449
l 417 450
l 418 419
l 418 420
l 418 421
l 419 421
l 419 422
l 419 423
l 419 449
l 420 450
l 421 422
l 422 423
l 422 424
l 423 424
l 423 425
l 423 446
l 423 449
l 424 425
l 425 427
l 425 441
l 425 446
l 426 427
l 426 428
l 427 428
l 427 429
l 427 432
l 427 434
l 427 441
l 428 429
l 430 431
l 430 432
l 431 432
l 431 433
l 431 434
l 431 435
l 432 434
l 433 435
l 433 436
l 433 437
l 434 435
l 434 439
l 434 441
l 435 437
l 435 438
l 435 439
l 436 437
l 437 438
l 438 439
l 438 440
l 439 440
l 439 441
l 439 442
l 441 442
l 441 446
l 442 443
l 442 445
l 442 446
l 443 444
l 443 445
l 444 445
l 444 447
l 444 448
l 445 446
l 445 448
l 445 449
l 446 449
l 447 448
l 448 449
l 448 450
l 451 452
l 451 453
l 451 454
l 451 455
l 451 459
l 452 453
l 452 454
l 452 481
l 452 483
l 453 455
l 453 481
l 453 482
l 453 494
l 453 495
l 454 456
l 454 483
l 455 459
l 455 460
l 455 463
l 455 492
l 455 495
l 456 457
l 456 458
l 456 461
l 456 473
l 456 483
l 457 458
l 457 461
l 458 472
l 458 473
l 459 460
l 462 463
l 462 464
l 462 465
l 462 466
l 462 491
l 462 492
l 463 492
l 464 465
l 464 466
l 465 484
l 465 485
l 465 488
l 465 491
l 467 468
l 467 469
l 467 471
l 468 469
l 468 470
l 468 484
l 468 486
l 469 470
l 469 471
l 469 472
l 470 472
l 470 474
l 470 475
l 470 476
l 470 486
l 472 473
l 472 474
l 473 474
l 473 479
l 473 480
l 473 483
l 474 475
l 474 477
l 474 479
l 475 476
l 475 477
l 475 478
l 476 478
l 476 486
l 476 487
l 477 478
l 477 479
l 478 479
l 478 480
l 478 481
l 478 482
l 478 487
l 478 489
l 478 490
l 478 493
l 478 494
l 479 480
l 480 481
l 480 483
l 481 482
l 481 483
l 482 494
l 484 485
l 484 486
l 485 486
l 485 487
l 485 488
l 486 487
l 487 488
l 487 489
l 488 489
l 488 490
l 488 491
l 489 490
l 490 491
l 490 492
l 490 493
l 491 492
l 492 493
l 492 494
l 492 495
l 493 494
l 494 495
l 496 497
l 496 550
l 496 551
l 497 498
l 497 499
l 497 500
l 497 550
l 498 499
l 498 503
l 499 500
l 499 501
l 499 502
l 499 503
l 500 501
l 500 550
l 500 552
l 500 554
l 501 502
l 501 504
l 501 505
l 501 506
l 501 554
l 501 555
l 502 504
l 503 504
l 503 507
l 504 505
l 504 507
l 504 508
l 505 506
l 505 508
l 505 509
l 505 511
l 506 509
l 506 510
l 506 555
l 506 556
l 507 508
l 507 548
l 508 511
l 508 520
l 508 548
l 509 510
l 509 511
l 509 512
l 510 556
l 511 512
l 511 518
l 511 520
l 512 518
l 513 514
l 513 515
l 514 515
l 514 516
l 514 517
l 515 517
l 515 519
l 516 517
l 516 523
l 516 524
l 517 519
l 517 522
l 517 523
l 518 520
l 519 521
l 519 522
l 519 525
l 521 525
l 521 526
l 521 547
l 522 523
l 522 525
l 522 527
l 522 528
l 523 524
l 523 527
l 523 531
l 524 531
l 524 533
l 525 526
l 525 528
l 525 529
l 526 529
l 526 547
l 527 528
l 527 530
l 527 531
l 527 532
l 528 529
l 528 530
l 529 530
l 529 546
l 530 532
l 530 534
l 530 545
l 530 546
l 531 532
l 531 533
l 532 533
l 532 534
l 532 535
l 533 535
l 533 537
l 534 535
l 534 542
l 534 544
l 535 537
l 535 541
l 535 542
l 536 537
l 536 538
l 537 538
l 537 539
l 537 541
l 539 540
l 539 541
l 540 541
l 540 543
l 541 542
l 541 543
l 542 543
l 542 544
l 545 546
l 549 550
l 549 551
l 549 552
l 550 551
l 550 552
l 552 553
l 552 554
l 553 554
l 553 555
l 554 555
l 555 556
l 557 558
l 557 560
l 557 561
l 558 559
l 558 561
l 559 561
l 559 563
l 560 561
l 560 562
l 560 564
l 560 565
l 561 563
l 561 564
l 562 565
l 563 564
l 563 567
l 564 565
l 564 567
l 564 569
l 565 569
l 565 570
l 566 568
l 566 570
l 567 569
l 567 609
l 568 570
l 568 571
l 569 570
l 569 572
l 569 606
l 569 608
l 569 609
l 570 571
l 570 572
l 572 605
l 572 606
l 573 609
l 573 610
l 574 575
l 574 599
l 574 600
l 574 601
l 575 586
l 575 598
l 575 599
l 576 577
l 576 582
l 577 578
l 577 582
l 578 579
l 578 581
l 578 582
l 578 583
l 579 580
l 579 581
l 580 581
l 580 584
l 581 583
l 581 584
l 581 585
l 582 583
l 582 586
l 582 587
l 583 585
l 583 587
l 583 588
l 584 585
l 585 588
l 585 589
l 586 587
l 586 598
l 587 588
l 587 591
l 587 598
l 588 589
l 588 590
l 588 591
l 589 590
l 590 591
l 590 592
l 591 592
l 591 593
l 591 594
l 591 598
l 592 593
l 594 595
l 594 598
l 594 599
l 595 596
l 595 599
l 595 600
l 596 600
l 597 602
l 597 604
l 597 607
l 598 599
l 599 600
l 600 601
l 602 603
l 602 604
l 603 604
l 603 605
l 604 605
l 604 606
l 604 607
l 605 606
l 606 607
l 606 608
l 607 608
l 608 609
l 609 610
l 609 611
l 610 611
l 612 633
l 612 661
l 612 662
l 613 614
l 613 615
l 613 616
l 614 615
l 615 616
l 615 617
l 615 620
l 615 621
l 616 621
l 616 630
l 616 631
l 617 618
l 617 620
l 618 619
l 618 620
l 618 622
l 618 623
l 618 624
l 619 622
l 620 621
l 620 624
l 621 630
l 622 623
l 623 624
l 623 625
l 623 628
l 623 629
l 624 629
l 625 627
l 625 628
l 626 627
l 626 657
l 626 663
l 627 628
l 627 655
l 627 656
l 627 657
l 628 629
l 628 655
l 630 631
l 630 632
l 631 632
l 631 633
l 631 634
l 632 634
l 633 634
l 633 659
l 633 661
l 634 659
l 635 636
l 635 643
l 636 640
l 636 643
l 637 638
l 637 639
l 638 639
l 638 641
l 639 641
l 639 642
l 639 645
l 640 642
l 640 643
l 640 644
l 641 645
l 642 644
l 642 645
l 643 644
l 644 645
l 644 647
l 644 649
l 644 650
l 645 650
l 645 651
l 645 654
l 646 647
l 646 648
l 647 648
l 647 649
l 648 649
l 649 650
l 650 651
l 651 652
l 651 653
l 651 654
l 652 653
l 653 654
l 655 656
l 656 657
l 656 658
l 656 660
l 657 660
l 657 663
l 658 659
l 658 660
l 659 660
l 659 661
l 660 661
l 661 662
l 664 665
l 664 666
l 664 667
l 664 711
l 664 712
l 664 719
l 665 719
l 665 720
l 666 667
l 667 709
l 667 711
l 668 669
l 668 670
l 669 670
l 669 671
l 669 672
l 669 674
l 670 672
l 670 673
l 670 718
l 671 674
l 671 676
l 672 673
l 672 674
l 672 675
l 672 677
l 673 675
l 673 710
l 673 711
l 673 712
l 673 717
l 673 718
l 674 676
l 674 677
l 674 678
l 675 677
l 675 707
l 675 708
l 675 709
l 675 710
l 676 678
l 677 678
l 677 707
l 679 680
l 679 682
l 679 700
l 679 702
l 679 703
l 680 681
l 680 682
l 681 682
l 681 683
l 682 683
l 682 699
l 682 700
l 683 684
l 683 699
l 684 699
l 685 686
l 685 687
l 685 691
l 685 692
l 686 692
l 686 695
l 686 697
l 687 688
l 687 691
l 688 690
l 688 691
l 689 690
l 689 691
l 689 692
l 689 693
l 690 691
l 691 692
l 692 693
l 692 695
l 693 695
l 693 696
l 694 701
l 694 704
l 695 696
l 695 697
l 695 698
l 696 698
l 696 701
l 697 698
l 697 699
l 698 699
l 698 700
l 698 701
l 699 700
l 700 701
l 700 702
l 701 702
l 701 704
l 702 703
l 702 704
l 702 705
l 703 705
l 703 706
l 704 705
l 705 706
l 707 708
l 708 709
l 709 711
l 710 711
l 711 712
l 712 716
l 712 717
l 712 719
l 713 715
l 713 716
l 714 716
l 714 719
l 714 720
l 715 716
l 716 717
l 716 719
l 717 718
l 719 720
l 721 722
l 721 723
l 721 769
l 721 772
l 722 723
l 722 724
l 723 724
l 723 725
l 723 726
l 723 772
l 724 725
l 725 726
l 726 729
l 726 772
l 726 774
l 727 728
l 727 730
l 727 732
l 727 733
l 727 735
l 728 735
l 729 773
l 729 774
l 729 776
l 730 731
l 730 732
l 731 732
l 732 733
l 732 734
l 733 734
l 733 735
l 733 736
l 733 737
l 734 736
l 734 745
l 735 737
l 736 737
l 736 739
l 736 744
l 736 745
l 737 739
l 738 739
l 738 740
l 739 740
l 739 741
l 739 742
l 739 744
l 741 742
l 741 743
l 742 743
l 742 744
l 742 746
l 742 747
l 744 745
l 744 746
l 744 748
l 745 748
l 745 752
l 745 756
l 745 757
l 746 747
l 746 748
l 746 749
l 746 750
l 747 749
l 747 754
l 748 750
l 748 751
l 748 752
l 749 750
l 749 753
l 749 754
l 749 755
l 750 751
l 750 753
l 751 752
l 752 756
l 753 755
l 754 755
l 756 757
l 758 759
l 758 760
l 758 761
l 758 762
l 758 763
l 759 760
l 759 777
l 760 763
l 760 764
l 760 765
l 760 777
l 761 762
l 762 763
l 762 766
l 762 767
l 762 768
l 763 764
l 763 768
l 763 770
l 764 765
l 764 770
l 765 777
l 766 767
l 766 769
l 767 768
l 767 769
l 768 769
l 768 770
l 768 772
l 768 773
l 768 774
l 769 772
l 770 771
l 770 773
l 770 775
l 771 775
l 772 774
l 773 774
l 773 775
l 773 776
l 775 776
l 778 779
l 778 780
l 778 782
l 778 784
l 779 780
l 779 781
l 779 782
l 780 781
l 780 783
l 781 783
l 781 785
l 782 784
l 782 786
l 783 785
l 783 787
l 784 786
l 784 788
l 785 787
l 785 789
l 785 791
l 786 788
l 786 790
l 787 789
l 788 790
l 788 792
l 789 791
l 789 793
l 790 792
l 790 794
l 791 793
l 791 795
l 792 794
l 792 796
l 792 798
l 793 795
l 793 797
l 794 796
l 795 797
l 795 799
l 796 798
l 796 800
l 797 799
l 797 801
l 798 800
l 798 801
l 799 800
l 799 801
l 800 801
l 802 803
l 802 804
l 803 804
l 803 806
l 804 806
l 805 807
l 805 808
l 807 808
l 807 809
l 808 809
l 810 811
l 810 812
l 810 814
l 811 812
l 812 814
l 813 815
l 813 816
l 813 817
l 815 816
l 816 817
l 818 819
l 818 820
l 818 822
l 818 824
l 818 826
l 819 820
l 819 821
l 819 822
l 819 823
l 820 821
l 821 823
l 821 825
l 821 827
l 822 824
l 823 825
l 824 826
l 824 828
l 825 827
l 825 829
l 826 828
l 826 830
l 827 829
l 827 831
l 828 830
l 828 832
l 828 834
l 829 831
l 829 833
l 830 832
l 831 833
l 831 835
l 832 834
l 832 836
l 832 838
l 833 835
l 833 837
l 834 836
l 835 837
l 835 839
l 836 838
l 836 840
l 837 839
l 837 840
l 837 841
l 838 840
l 838 841
l 839 841
l 840 841
l 842 843
l 842 844
l 843 844
l 843 846
l 844 846
l 845 847
l 845 848
l 847 848
l 847 849
l 848 849
l 850 851
l 850 852
l 850 854
l 851 852
l 852 854
l 853 855
l 853 856
l 853 857
l 855 856
l 856 857
l 858 859
l 858 860
l 858 862
l 858 864
l 859 860
l 859 861
l 859 862
l 860 861
l 860 863
l 861 863
l 861 865
l 862 864
l 862 866
l 863 865
l 863 867
l 864 866
l 864 868
l 864 870
l 865 867
l 865 869
l 865 871
l 866 868
l 867 869
l 868 870
l 868 872
l 868 874
l 869 871
l 869 873
l 869 875
l 870 872
l 871 873
l 872 874
l 872 876
l 873 875
l 873 877
l 873 879
l 874 876
l 874 878
l 875 877
l 876 878
l 876 880
l 877 879
l 877 880
l 878 880
l 878 881
l 879 880
l 879 881
l 880 881
l 882 883
l 882 884
l 883 884
l 883 886
l 884 886
l 885 887
l 885 888
l 887 888
l 887 889
l 888 889
l 890 891
l 890 892
l 890 894
l 891 892
l 892 894
l 893 895
l 893 896
l 893 897
l 895 896
l 896 897
l 898 899
l 898 900
l 898 901
l 899 900
l 900 901
l 902 903
l 902 904
l 902 906
l 903 904
l 904 906
l 905 907
l 905 908
l 907 908
l 907 909
l 908 909
l 910 911
l 910 912
l 911 912
l 911 913
l 912 913
l 914 915
l 914 916
l 914 918
l 914 920
l 914 922
l 915 916
l 915 917
l 916 917
l 916 918
l 916 919
l 917 919
l 917 921
l 917 923
l 918 920
l 919 921
l 920 922
l 920 924
l 921 923
l 921 925
l 922 924
l 922 926
l 923 925
l 923 927
l 924 926
l 924 928
l 924 930
l 925 927
l 925 929
l 925 931
l 926 928
l 927 929
l 928 930
l 928 932
l 929 931
l 929 933
l 930 932
l 930 934
l 931 933
l 931 935
l 932 934
l 932 936
l 933 935
l 933 936
l 934 936
l 934 937
l 935 936
l 935 937
l 936 937
l 938 939
l 938 940
l 939 940
l 941 942
l 941 943
l 942 943
l 944 945
l 944 946
l 944 947
l 944 949
l 944 951
l 945 946
l 945 947
l 945 948
l 946 948
l 946 950
l 947 949
l 948 950
l 949 951
l 949 952
l 951 952
l 951 953
l 952 953
l 954 955
l 954 956
l 955 956
l 957 958
l 957 959
l 958 959
l 960 962
l 960 964
l 960 966
l 961 963
l 961 965
l 961 967
l 962 964
l 963 965
l 964 966
l 964 968
l 965 967
l 965 969
l 966 968
l 966 970
l 967 969
l 967 971
l 968 970
l 968 972
l 969 971
l 969 972
l 970 972
l 970 973
l 971 972
l 971 973
l 972 973
l 974 975
l 974 976
l 974 977
l 974 978
l 975 976
l 975 977
l 977 978
l 977 979
l 977 980
l 978 979
l 979 980
l 979 981
l 980 981
l 982 983
l 982 984
l 982 985
l 982 986
l 983 984
l 984 985
l 985 986
l 985 987
l 985 988
l 986 987
l 987 988
l 987 989
l 988 989
l 990 991
l 990 992
l 991 992
l 993 994
l 993 995
l 994 995
l 996 997
l 996 998
l 997 998
l 999 1000
l 999 1001
l 1000 1001
l 1002 1003
l 1002 1004
l 1002 1005
l 1003 1004
l 1003 1005
l 1005 1006
l 1005 1007
l 1006 1007
l 1006 1008
l 1007 1008
l 1009 1010
l 1009 1011
l 1010 1011
l 1012 1013
l 1012 1014
l 1012 1015
l 1013 1014
l 1014 1015
l 1016 1017
l 1016 1018
l 1017 1018
l 1017 1019
l 1018 1019
l 1020 1021
l 1020 1022
l 1021 1022
l 1023 1024
l 1023 1025
l 1023 1026
l 1024 1025
l 1025 1026
l 1027 1028
l 1027 1029
l 1027 1031
l 1028 1029
l 1029 1031
l 1030 1032
l 1030 1033
l 1032 1033
l 1032 1034
l 1033 1034
l 1035 1036
l 1035 1037
l 1036 1037
l 1036 1038
l 1037 1038
l 1039 1040
l 1039 1041
l 1039 1043
l 1039 1045
l 1040 1041
l 1040 1042
l 1040 1044
l 1041 1042
l 1041 1043
l 1042 1044
l 1042 1046
l 1043 1045
l 1043 1047
l 1044 1046
l 1044 1048
l 1045 1047
l 1045 1049
l 1045 1051
l 1046 1048
l 1046 1050
l 1047 1049
l 1048 1050
l 1048 1052
l 1049 1051
l 1049 1053
l 1049 1055
l 1050 1052
l 1050 1054
l 1050 1056
l 1051 1053
l 1052 1054
l 1053 1055
l 1053 1057
l 1054 1056
l 1054 1058
l 1055 1057
l 1055 1059
l 1056 1058
l 1056 1060
l 1057 1059
l 1057 1061
l 1058 1060
l 1058 1061
l 1059 1061
l 1059 1062
l 1060 1061
l 1060 1062
l 1061 1062
l 1063 1064
l 1063 1065
l 1064 1065
l 1064 1066
l 1065 1066
l 1065 1067
l 1066 1067
l 1066 1068
l 1067 1068
l 1067 1069
l 1068 1069
l 1070 1071
l 1070 1072
l 1071 1072
l 1071 1073
l 1072 1073
l 1072 1074
l 1073 1074
l 1073 1075
l 1074 1075
l 1074 1076
l 1075 1076
l 1077 1078
l 1077 1079
l 1078 1079
l 1078 1081
l 1079 1081
l 1079 1083
l 1080 1082
l 1080 1084
l 1081 1083
l 1082 1084
l 1082 1086
l 1083 1085
l 1083 1087
l 1084 1086
l 1084 1088
l 1085 1087
l 1085 1089
l 1086 1088
l 1087 1089
l 1087 1091
l 1088 1090
l 1088 1092
l 1089 1091
l 1089 1093
l 1090 1092
l 1090 1094
l 1091 1093
l 1091 1095
l 1091 1097
l 1092 1094
l 1092 1096
l 1093 1095
l 1094 1096
l 1094 1098
l 1095 1096
l 1095 1097
l 1095 1098
l 1096 1097
l 1096 1098
l 1099 1100
l 1099 1101
l 1099 1103
l 1099 1105
l 1099 1107
l 1100 1101
l 1100 1102
l 1100 1103
l 1101 1102
l 1101 1104
l 1102 1104
l 1103 1105
l 1104 1106
l 1104 1108
l 1105 1107
l 1105 1109
l 1106 1108
l 1107 1109
l 1107 1110
l 1109 1110
l 1110 1111
l 1110 1112
l 1111 1112
l 1113 1114
l 1113 1115
l 1114 1115
l 1114 1116
l 1115 1116
l 1115 1117
l 1116 1117
l 1118 1119
l 1118 1120
l 1119 1120
l 1119 1121
l 1120 1121
l 1120 1122
l 1121 1122
l 1123 1124
l 1123 1125
l 1123 1127
l 1123 1129
l 1124 1125
l 1124 1126
l 1125 1126
l 1125 1127
l 1125 1128
l 1126 1128
l 1126 1130
l 1127 1129
l 1127 1131
l 1128 1130
l 1128 1132
l 1129 1131
l 1129 1133
l 1130 1132
l 1130 1134
l 1131 1133
l 1131 1135
l 1132 1134
l 1132 1136
l 1133 1135
l 1134 1136
l 1137 1138
l 1137 1139
l 1137 1141
l 1138 1139
l 1139 1141
l 1139 1143
l 1140 1142
l 1140 1144
l 1140 1146
l 1141 1143
l 1141 1145
l 1142 1144
l 1143 1145
l 1143 1147
l 1144 1146
l 1144 1148
l 1145 1147
l 1145 1149
l 1146 1148
l 1146 1150
l 1147 1148
l 1147 1149
l 1147 1150
l 1148 1150
l 1149 1150
l 1151 1152
l 1151 1153
l 1152 1153
l 1152 1155
l 1153 1154
l 1153 1155
l 1153 1156
l 1154 1156
l 1155 1156
l 1157 1158
l 1157 1159
l 1157 1160
l 1158 1159
l 1158 1160
l 1158 1161
l 1158 1162
l 1159 1161
l 1159 1163
l 1160 1162
l 1160 1164
l 1161 1163
l 1161 1165
l 1162 1164
l 1162 1166
l 1163 1165
l 1164 1166
l 1167 1169
l 1167 1171
l 1167 1173
l 1168 1170
l 1168 1172
l 1168 1174
l 1169 1171
l 1170 1172
l 1171 1173
l 1171 1175
l 1172 1174
l 1172 1175
l 1173 1175
l 1173 1176
l 1174 1175
l 1174 1176
l 1175 1176
l 1177 1178
l 1177 1179
l 1178 1179
l 1178 1181
l 1179 1180
l 1179 1181
l 1179 1182
l 1180 1182
l 1181 1182
l 1183 1184
l 1183 1185
l 1184 1185
l 1184 1187
l 1185 1186
l 1185 1187
l 1185 1188
l 1186 1188
l 1187 1188
l 1189 1190
l 1189 1191
l 1189 1192
l 1189 1193
l 1189 1194
l 1190 1191
l 1190 1192
l 1192 1193
l 1193 1194
l 1195 1196
l 1195 1197
l 1195 1198
l 1196 1197
l 1197 1198
l 1199 1200
l 1199 1201
l 1200 1201
l 1200 1203
l 1201 1203
l 1201 1205
l 1202 1204
l 1202 1206
l 1203 1205
l 1203 1207
l 1204 1206
l 1204 1208
l 1205 1206
l 1205 1207
l 1205 1208
l 1206 1208
l 1207 1208
l 1209 1210
l 1209 1211
l 1210 1211
l 1210 1212
l 1211 1212
l 1211 1213
l 1212 1213
l 1214 1215
l 1214 1216
l 1215 1216
l 1215 1217
l 1216 1217
l 1216 1218
l 1217 1218
l 1219 1220
l 1219 1221
l 1219 1222
l 1220 1221
l 1220 1222
l 1220 1223
l 1220 1224
l 1221 1223
l 1222 1224
l 1225 1226
l 1225 1227
l 1225 1228
l 1226 1227
l 1227 1228
l 1227 1229
l 1228 1229
l 1230 1231
l 1230 1232
l 1230 1233
l 1231 1232
l 1232 1233
l 1232 1234
l 1233 1234
l 1235 1236
l 1235 1237
l 1236 1237
l 1236 1239
l 1237 1238
l 1237 1239
l 1237 1240
l 1238 1240
l 1239 1240
l 1241 1242
l 1241 1243
l 1241 1245
l 1241 1247
l 1242 1243
l 1242 1244
l 1242 1245
l 1242 1246
l 1243 1244
l 1244 1246
l 1244 1248
l 1245 1247
l 1245 1249
l 1246 1248
l 1246 1250
l 1247 1249
l 1248 1250
l 1251 1252
l 1251 1253
l 1251 1254
l 1251 1255
l 1251 1256
l 1252 1253
l 1252 1254
l 1254 1255
l 1255 1256
l 1257 1258
l 1257 1259
l 1258 1259
l 1258 1260
l 1259 1260
l 1259 1261
l 1260 1261
l 1260 1262
l 1260 1263
l 1261 1262
l 1262 1263
l 1262 1264
l 1263 1264
l 1265 1266
l 1265 1267
l 1266 1267
l 1266 1268
l 1267 1268
l 1267 1269
l 1268 1269
l 1268 1270
l 1268 1271
l 1269 1270
l 1270 1271
l 1270 1272
l 1271 1272
l 1273 1274
l 1273 1275
l 1273 1276
l 1274 1275
l 1274 1276
l 1274 1277
l 1274 1278
l 1275 1277
l 1276 1278
l 1279 1280
l 1279 1281
l 1279 1282
l 1279 1283
l 1280 1281
l 1280 1282
l 1280 1284
l 1281 1283
l 1281 1285
l 1282 1284
l 1282 1286
l 1283 1285
l 1283 1287
l 1284 1286
l 1285 1287
l 1285 1288
l 1287 1288
l 1287 1289
l 1288 1289
l 1290 1291
l 1290 1292
l 1290 1293
l 1290 1295
l 1291 1292
l 1291 1293
l 1291 1294
l 1292 1294
l 1292 1296
l 1293 1295
l 1293 1297
l 1294 1296
l 1295 1297
l 1295 1298
l 1297 1298
l 1297 1299
l 1298 1299
l 1298 1300
l 1299 1300
l 1301 1303
l 1301 1305
l 1302 1304
l 1302 1305
l 1303 1305
l 1303 1306
l 1304 1305
l 1304 1306
l 1305 1306
l 1307 1309
l 1307 1311
l 1308 1310
l 1308 1311
l 1309 1311
l 1309 1312
l 1310 1311
l 1310 1312
l 1311 1312
l 1313 1315
l 1313 1317
l 1314 1316
l 1314 1317
l 1315 1317
l 1315 1318
l 1316 1317
l 1316 1318
l 1317 1318
l 1319 1320
l 1319 1321
l 1319 1322
l 1320 1321
l 1321 1322
l 1321 1323
l 1321 1324
l 1322 1323
l 1323 1324
l 1325 1326
l 1325 1327
l 1325 1328
l 1326 1327
l 1327 1328
l 1329 1330
l 1329 1331
l 1329 1332
l 1330 1331
l 1331 1332
l 1333 1334
l 1333 1335
l 1333 1336
l 1334 1335
l 1335 1336
l 1335 1337
l 1335 1338
l 1336 1337
l 1337 1338
l 1339 1340
l 1339 1341
l 1339 1342
l 1340 1341
l 1341 1342
l 1341 1343
l 1341 1344
l 1342 1343
l 1343 1344
l 1345 1346
l 1345 1347
l 1345 1348
l 1346 1347
l 1346 1348
l 1346 1349
l 1348 1349
l 1348 1350
l 1349 1350
l 1351 1352
l 1351 1353
l 1352 1353
l 1352 1354
l 1353 1354
l 1353 1355
l 1353 1356
l 1354 1355
l 1355 1356
l 1357 1358
l 1357 1359
l 1358 1359
l 1358 1360
l 1359 1360
l 1361 1362
l 1361 1363
l 1362 1363
l 1363 1364
l 1363 1365
l 1363 1366
l 1364 1365
l 1365 1366
l 1367 1371
l 1367 1373
l 1368 1369
l 1368 1370
l 1369 1370
l 1369 1372
l 1370 1372
l 1370 1374
l 1370 1377
l 1371 1373
l 1371 1375
l 1371 1376
l 1372 1374
l 1373 1375
l 1374 1377
l 1375 1376
l 1378 1379
l 1378 1380
l 1378 1381
l 1378 1383
l 1379 1380
l 1379 1382
l 1379 1384
l 1380 1381
l 1380 1382
l 1381 1383
l 1381 1385
l 1382 1384
l 1382 1386
l 1382 1387
l 1383 1385
l 1384 1386
l 1386 1387
l 1388 1389
l 1388 1390
l 1388 1391
l 1389 1390
l 1390 1391
l 1390 1392
l 1390 1393
l 1391 1392
l 1392 1393
l 1392 1394
l 1392 1395
l 1394 1395
l 1396 1397
l 1396 1398
l 1397 1398
l 1397 1399
l 1398 1399
l 1400 1401
l 1400 1402
l 1401 1402
l 1401 1403
l 1402 1403
l 1402 1404
l 1402 1405
l 1403 1404
l 1404 1405
l 1406 1407
l 1406 1408
l 1406 1409
l 1407 1408
l 1408 1409
l 1410 1411
l 1410 1412
l 1410 1413
l 1411 1412
l 1412 1413
l 1414 1415
l 1414 1416
l 1414 1417
l 1414 1419
l 1415 1416
l 1415 1417
l 1415 1418
l 1416 1418
l 1416 1420
l 1417 1419
l 1417 1421
l 1418 1420
l 1419 1421
l 1419 1422
l 1419 1423
l 1421 1422
l 1422 1423
l 1422 1424
l 1423 1424
l 1423 1425
l 1424 1425
l 1426 1427
l 1426 1428
l 1426 1429
l 1426 1431
l 1427 1428
l 1427 1430
l 1427 1432
l 1428 1429
l 1428 1430
l 1429 1431
l 1429 1433
l 1430 1432
l 1430 1434
l 1430 1438
l 1431 1433
l 1431 1435
l 1432 1434
l 1433 1435
l 1433 1436
l 1434 1438
l 1435 1436
l 1435 1437
l 1436 1437
l 1439 1440
l 1439 1441
l 1439 1442
l 1439 1443
l 1439 1444
l 1440 1441
l 1440 1442
l 1441 1443
l 1442 1444
l 1442 1445
l 1444 1445
l 1446 1447
l 1446 1448
l 1447 1448
l 1447 1449
l 1448 1449
l 1448 1450
l 1449 1450
l 1449 1451
l 1450 1451
l 1450 1452
l 1451 1452
l 1453 1454
l 1453 1455
l 1454 1455
l 1454 1456
l 1455 1456
l 1457 1458
l 1457 1459
l 1458 1459
l 1460 1461
l 1460 1462
l 1461 1462
l 1461 1463
l 1462 1463
l 1464 1465
l 1464 1466
l 1465 1466
l 1465 1467
l 1466 1467
l 1466 1468
l 1466 1469
l 1467 1468
l 1468 1469
l 1470 1471
l 1470 1472
l 1470 1473
l 1470 1474
l 1471 1472
l 1471 1473
l 1473 1474
l 1473 1475
l 1474 1475
l 1474 1476
l 1474 1477
l 1475 1476
l 1476 1477
l 1478 1479
l 1478 1480
l 1479 1480
l 1479 1481
l 1480 1481
l 1480 1482
l 1480 1483
l 1481 1482
l 1482 1483
l 1482 1484
l 1483 1484
l 1483 1485
l 1484 1485
l 1484 1486
l 1485 1486
l 1487 1488
l 1487 1489
l 1488 1489
l 1490 1491
l 1490 1492
l 1491 1492
l 1492 1493
l 1492 1494
l 1492 1495
l 1493 1494
l 1494 1495
l 1496 1497
l 1496 1498
l 1497 1498
l 1497 1499
l 1498 1499
l 1498 1500
l 1498 1501
l 1499 1500
l 1500 1501
l 1502 1503
l 1502 1504
l 1502 1505
l 1503 1504
l 1504 1505
l 1506 1507
l 1506 1508
l 1506 1509
l 1507 1508
l 1508 1509
l 1508 1510
l 1508 1511
l 1509 1510
l 1510 1511
l 1512 1513
l 1512 1514
l 1512 1515
l 1513 1514
l 1514 1515
l 1514 1516
l 1514 1517
l 1515 1516
l 1516 1517
l 1518 1519
l 1518 1520
l 1518 1521
l 1519 1520
l 1520 1521
l 1522 1523
l 1522 1524
l 1522 1525
l 1523 1524
l 1524 1525
l 1526 1527
l 1526 1528
l 1526 1529
l 1527 1528
l 1528 1529
l 1528 1530
l 1528 1531
l 1529 1530
l 1530 1531
l 1532 1534
l 1532 1536
l 1532 1538
l 1533 1535
l 1533 1537
l 1533 1539
l 1534 1536
l 1535 1537
l 1536 1538
l 1536 1540
l 1537 1539
l 1537 1541
l 1538 1540
l 1538 1542
l 1539 1541
l 1539 1543
l 1540 1542
l 1540 1544
l 1541 1543
l 1541 1544
l 1542 1544
l 1542 1545
l 1543 1544
l 1543 1545
l 1544 1545
l 1546 1547
l 1546 1548
l 1546 1550
l 1546 1552
l 1547 1548
l 1547 1549
l 1547 1550
l 1547 1551
l 1548 1549
l 1549 1551
l 1549 1553
l 1550 1552
l 1550 1554
l 1551 1553
l 1551 1555
l 1552 1554
l 1552 1556
l 1553 1555
l 1553 1557
l 1554 1556
l 1554 1558
l 1555 1557
l 1555 1559
l 1556 1558
l 1557 1559
l 1560 1561
l 1560 1562
l 1561 1562
l 1561 1563
l 1562 1563
l 1562 1564
l 1563 1564
l 1563 1565
l 1564 1565
l 1564 1566
l 1565 1566
l 1567 1568
l 1567 1569
l 1568 1569
l 1568 1570
l 1569 1570
l 1569 1571
l 1570 1571
l 1570 1572
l 1571 1572
l 1571 1573
l 1572 1573
l 1574 1575
l 1574 1576
l 1574 1578
l 1574 1580
l 1575 1576
l 1575 1577
l 1576 1577
l 1576 1579
l 1577 1579
l 1577 1581
l 1578 1580
l 1578 1582
l 1579 1581
l 1580 1582
l 1580 1583
l 1581 1584
l 1581 1586
l 1582 1583
l 1582 1585
l 1583 1585
l 1584 1586
l 1584 1587
l 1585 1588
l 1585 1590
l 1586 1587
l 1586 1589
l 1587 1589
l 1587 1591
l 1587 1593
l 1588 1590
l 1588 1592
l 1589 1591
l 1590 1592
l 1590 1594
l 1591 1592
l 1591 1593
l 1591 1594
l 1592 1593
l 1592 1594
l 1595 1596
l 1595 1597
l 1595 1598
l 1596 1597
l 1596 1598
l 1596 1599
l 1598 1599
l 1598 1600
l 1598 1601
l 1599 1600
l 1600 1601
l 1600 1602
l 1601 1602
l 1603 1604
l 1603 1605
l 1603 1606
l 1604 1605
l 1605 1606
l 1605 1607
l 1606 1607
l 1606 1608
l 1606 1609
l 1607 1608
l 1608 1609
l 1608 1610
l 1609 1610
l 1611 1612
l 1611 1613
l 1611 1614
l 1611 1615
l 1612 1613
l 1612 1614
l 1612 1616
l 1612 1618
l 1613 1615
l 1613 1617
l 1614 1616
l 1615 1617
l 1616 1618
l 1616 1620
l 1617 1619
l 1617 1621
l 1618 1620
l 1618 1622
l 1619 1621
l 1620 1622
l 1622 1623
l 1622 1624
l 1623 1624
l 1625 1626
l 1625 1627
l 1626 1627
l 1626 1628
l 1627 1628
l 1627 1629
l 1628 1629
l 1630 1631
l 1630 1632
l 1631 1632
l 1631 1633
l 1632 1633
l 1632 1634
l 1633 1634
l 1635 1636
l 1635 1637
l 1636 1637
l 1636 1638
l 1637 1638
l 1637 1639
l 1638 1639
l 1640 1641
l 1640 1642
l 1641 1642
l 1641 1643
l 1642 1643
l 1642 1644
l 1643 1644
l 1645 1647
l 1645 1649
l 1645 1651
l 1646 1648
l 1646 1650
l 1646 1652
l 1647 1649
l 1648 1650
l 1649 1651
l 1650 1652
l 1653 1655
l 1653 1657
l 1654 1656
l 1654 1658
l 1655 1657
l 1655 1659
l 1656 1658
l 1656 1660
l 1657 1659
l 1658 1660
l 1661 1662
l 1661 1663
l 1661 1665
l 1661 1667
l 1662 1663
l 1662 1664
l 1662 1665
l 1663 1664
l 1663 1666
l 1664 1666
l 1664 1668
l 1665 1667
l 1665 1669
l 1666 1668
l 1666 1670
l 1667 1669
l 1667 1671
l 1667 1673
l 1668 1670
l 1668 1672
l 1669 1671
l 1670 1672
l 1670 1674
l 1671 1673
l 1671 1675
l 1671 1677
l 1672 1674
l 1672 1676
l 1672 1678
l 1673 1675
l 1674 1676
l 1675 1677
l 1675 1679
l 1676 1678
l 1676 1680
l 1677 1679
l 1677 1681
l 1678 1680
l 1678 1682
l 1679 1681
l 1679 1683
l 1680 1682
l 1680 1683
l 1681 1683
l 1681 1684
l 1682 1683
l 1682 1684
l 1683 1684
l 1685 1686
l 1685 1687
l 1685 1689
l 1685 1690
l 1686 1687
l 1686 1688
l 1687 1688
l 1689 1690
l 1689 1691
l 1690 1691
l 1692 1693
l 1692 1694
l 1692 1695
l 1693 1694
l 1693 1695
l 1696 1697
l 1696 1698
l 1696 1700
l 1696 1701
l 1697 1698
l 1697 1699
l 1698 1699
l 1700 1701
l 1700 1702
l 1701 1702
l 1703 1704
l 1703 1705
l 1704 1705
l 1706 1707
l 1706 1708
l 1707 1708
l 1707 1709
l 1708 1709
l 1710 1711
l 1710 1712
l 1710 1713
l 1710 1715
l 1710 1717
l 1711 1712
l 1711 1714
l 1711 1716
l 1712 1713
l 1712 1714
l 1713 1715
l 1714 1716
l 1714 1718
l 1715 1717
l 1715 1719
l 1716 1718
l 1717 1719
l 1717 1721
l 1719 1721
l 1719 1723
l 1720 1722
l 1720 1724
l 1721 1723
l 1722 1724
l 1722 1726
l 1724 1726
l 1725 1727
l 1725 1728
l 1727 1728
l 1727 1729
l 1728 1729
l 1730 1732
l 1730 1734
l 1730 1736
l 1731 1733
l 1731 1735
l 1731 1737
l 1732 1734
l 1733 1735
l 1734 1736
l 1734 1738
l 1735 1737
l 1735 1739
l 1736 1738
l 1736 1740
l 1737 1739
l 1737 1741
l 1738 1740
l 1738 1742
l 1739 1741
l 1739 1742
l 1740 1742
l 1740 1743
l 1741 1742
l 1741 1743
l 1742 1743
l 1744 1746
l 1744 1748
l 1744 1750
l 1745 1747
l 1745 1749
l 1745 1751
l 1746 1748
l 1747 1749
l 1748 1750
l 1749 1751
l 1752 1754
l 1752 1756
l 1753 1755
l 1753 1757
l 1754 1756
l 1754 1758
l 1755 1757
l 1755 1759
l 1756 1758
l 1757 1759
l 1760 1761
l 1760 1762
l 1760 1764
l 1760 1766
l 1760 1768
l 1761 1762
l 1761 1763
l 1761 1764
l 1761 1765
l 1762 1763
l 1763 1765
l 1763 1767
l 1763 1769
l 1764 1766
l 1765 1767
l 1766 1768
l 1766 1770
l 1767 1769
l 1767 1771
l 1768 1770
l 1768 1772
l 1769 1771
l 1769 1773
l 1770 1772
l 1770 1774
l 1770 1776
l 1771 1773
l 1771 1775
l 1771 1777
l 1772 1774
l 1773 1775
l 1774 1776
l 1774 1778
l 1775 1777
l 1775 1779
l 1776 1778
l 1776 1780
l 1777 1779
l 1777 1781
l 1778 1780
l 1778 1782
l 1779 1781
l 1779 1782
l 1780 1782
l 1780 1783
l 1781 1782
l 1781 1783
l 1782 1783
l 1784 1785
l 1784 1786
l 1784 1788
l 1784 1790
l 1785 1786
l 1785 1787
l 1785 1789
l 1786 1787
l 1786 1788
l 1787 1789
l 1787 1791
l 1788 1790
l 1788 1792
l 1789 1791
l 1789 1793
l 1790 1792
l 1790 1794
l 1790 1796
l 1791 1793
l 1791 1795
l 1791 1797
l 1792 1794
l 1793 1795
l 1794 1796
l 1794 1798
l 1794 1800
l 1795 1797
l 1795 1799
l 1795 1801
l 1796 1798
l 1797 1799
l 1798 1800
l 1798 1802
l 1799 1801
l 1799 1803
l 1799 1805
l 1800 1802
l 1800 1804
l 1801 1803
l 1802 1804
l 1802 1806
l 1803 1805
l 1803 1806
l 1804 1806
l 1804 1807
l 1805 1806
l 1805 1807
l 1806 1807
l 1808 1810
l 1808 1812
l 1809 1811
l 1809 1813
l 1810 1812
l 1810 1814
l 1811 1813
l 1811 1815
l 1812 1814
l 1813 1815
l 1816 1818
l 1816 1820
l 1816 1822
l 1817 1819
l 1817 1821
l 1817 1823
l 1818 1820
l 1819 1821
l 1820 1822
l 1821 1823
l 1824 1825
l 1824 1826
l 1824 1828
l 1824 1830
l 1824 1832
l 1825 1826
l 1825 1827
l 1826 1827
l 1826 1828
l 1826 1829
l 1827 1829
l 1827 1831
l 1827 1833
l 1828 1830
l 1829 1831
l 1830 1832
l 1830 1834
l 1831 1833
l 1831 1835
l 1832 1834
l 1832 1836
l 1833 1835
l 1833 1837
l 1834 1836
l 1834 1838
l 1834 1840
l 1835 1837
l 1835 1839
l 1836 1838
l 1837 1839
l 1837 1841
l 1838 1840
l 1838 1842
l 1838 1844
l 1839 1841
l 1839 1843
l 1840 1842
l 1841 1843
l 1841 1845
l 1842 1844
l 1842 1846
l 1843 1845
l 1843 1846
l 1843 1847
l 1844 1846
l 1844 1847
l 1845 1847
l 1846 1847
l 1848 1850
l 1848 1852
l 1849 1851
l 1849 1853
l 1850 1852
l 1850 1854
l 1851 1853
l 1851 1855
l 1852 1854
l 1853 1855
l 1856 1858
l 1856 1860
l 1856 1862
l 1857 1859
l 1857 1861
l 1857 1863
l 1858 1860
l 1859 1861
l 1860 1862
l 1861 1863
l 1864 1865
l 1864 1866
l 1864 1868
l 1864 1870
l 1865 1866
l 1865 1867
l 1865 1869
l 1866 1867
l 1866 1868
l 1867 1869
l 1867 1871
l 1868 1870
l 1868 1872
l 1869 1871
l 1869 1873
l 1870 1872
l 1870 1874
l 1871 1873
l 1871 1875
l 1871 1877
l 1872 1874
l 1872 1876
l 1873 1875
l 1874 1876
l 1874 1878
l 1875 1877
l 1875 1879
l 1876 1878
l 1876 1880
l 1877 1879
l 1877 1881
l 1878 1880
l 1878 1882
l 1878 1884
l 1879 1881
l 1879 1883
l 1880 1882
l 1881 1883
l 1881 1885
l 1882 1884
l 1882 1886
l 1883 1885
l 1883 1887
l 1884 1886
l 1884 1887
l 1885 1886
l 1885 1887
l 1886 1887
l 1888 1890
l 1888 1892
l 1889 1891
l 1889 1893
l 1890 1892
l 1890 1894
l 1891 1893
l 1891 1895
l 1892 1894
l 1893 1895
l 1896 1898
l 1896 1900
l 1896 1902
l 1897 1899
l 1897 1901
l 1897 1903
l 1898 1900
l 1899 1901
l 1900 1902
l 1901 1903
l 1904 1905
l 1904 1906
l 1904 1907
l 1904 1908
l 1904 1909
l 1905 1906
l 1905 1907
l 1907 1908
l 1908 1909
l 1910 1911
l 1910 1912
l 1910 1913
l 1910 1914
l 1910 1915
l 1911 1912
l 1911 1913
l 1913 1914
l 1914 1915
l 1916 1917
l 1916 1918
l 1916 1919
l 1916 1920
l 1916 1921
l 1917 1918
l 1917 1919
l 1919 1920
l 1920 1921
l 1922 1923
l 1922 1924
l 1922 1925
l 1923 1924
l 1924 1925
l 1924 1926
l 1925 1926
l 1925 1927
l 1926 1927
l 1926 1928
l 1927 1928
l 1929 1930
l 1929 1931
l 1929 1932
l 1930 1931
l 1931 1932
l 1931 1933
l 1932 1933
l 1932 1934
l 1933 1934
l 1933 1935
l 1934 1935
l 1936 1937
l 1936 1938
l 1936 1939
l 1937 1938
l 1938 1939
l 1938 1940
l 1938 1941
l 1939 1940
l 1940 1941
l 1942 1943
l 1942 1944
l 1942 1945
l 1942 1946
l 1943 1944
l 1943 1946
l 1944 1945
l 1947 1948
l 1947 1949
l 1947 1950
l 1947 1951
l 1948 1949
l 1948 1950
l 1950 1951
l 1952 1953
l 1952 1954
l 1953 1954
l 1953 1956
l 1954 1955
l 1954 1956
l 1954 1957
l 1955 1957
l 1956 1957
l 1958 1959
l 1958 1960
l 1958 1962
l 1958 1964
l 1959 1960
l 1959 1961
l 1960 1961
l 1960 1962
l 1960 1963
l 1961 1963
l 1961 1965
l 1962 1964
l 1962 1966
l 1963 1965
l 1963 1967
l 1964 1966
l 1965 1967
l 1968 1970
l 1968 1972
l 1968 1973
l 1969 1971
l 1969 1972
l 1969 1973
l 1970 1972
l 1971 1972
l 1972 1973
l 1974 1975
l 1974 1976
l 1974 1977
l 1975 1976
l 1976 1977
l 1978 1979
l 1978 1980
l 1978 1981
l 1979 1980
l 1980 1981
l 1982 1983
l 1982 1984
l 1982 1985
l 1982 1986
l 1982 1988
l 1983 1984
l 1983 1985
l 1984 1986
l 1984 1987
l 1985 1988
l 1985 1989
l 1986 1987
l 1988 1989
l 1990 1991
l 1990 1992
l 1990 1993
l 1991 1992
l 1991 1993
l 1991 1994
l 1992 1994
l 1992 1995
l 1992 1996
l 1994 1995
l 1995 1996
l 1995 1997
l 1996 1997
l 1998 1999
l 1998 2000
l 1998 2001
l 1999 2000
l 2000 2001
l 2000 2002
l 2000 2003
l 2001 2002
l 2002 2003
l 2004 2005
l 2004 2006
l 2005 2006
l 2005 2007
l 2006 2007
l 2006 2008
l 2007 2008
l 2009 2010
l 2009 2011
l 2010 2011
l 2010 2012
l 2011 2012
l 2011 2013
l 2012 2013
l 2014 2015
l 2014 2016
l 2014 2017
l 2015 2016
l 2015 2017
l 2015 2018
l 2015 2019
l 2017 2018
l 2018 2019
l 2020 2021
l 2020 2022
l 2021 2022
l 2021 2023
l 2022 2023
l 2022 2025
l 2023 2025
l 2023 2027
l 2024 2026
l 2024 2028
l 2025 2027
l 2025 2028
l 2025 2029
l 2026 2028
l 2026 2029
l 2027 2029
l 2028 2029
l 2030 2031
l 2030 2032
l 2030 2033
l 2030 2034
l 2030 2036
l 2031 2032
l 2031 2033
l 2032 2034
l 2032 2035
l 2033 2036
l 2033 2037
l 2034 2035
l 2036 2037
l 2038 2039
l 2038 2040
l 2038 2041
l 2039 2040
l 2039 2041
l 2039 2042
l 2040 2042
l 2040 2043
l 2040 2044
l 2042 2043
l 2043 2044
l 2043 2045
l 2044 2045
l 2046 2048
l 2046 2050
l 2046 2051
l 2047 2049
l 2047 2050
l 2047 2051
l 2048 2050
l 2049 2050
l 2050 2051
l 2052 2053
l 2052 2054
l 2052 2055
l 2053 2054
l 2053 2055
l 2053 2056
l 2053 2057
l 2054 2056
l 2055 2057
l 2058 2059
l 2058 2060
l 2058 2061
l 2059 2060
l 2059 2061
l 2059 2062
l 2059 2063
l 2060 2062
l 2061 2063
l 2064 2066
l 2064 2068
l 2064 2070
l 2065 2067
l 2065 2069
l 2065 2071
l 2066 2068
l 2067 2069
l 2068 2070
l 2068 2072
l 2069 2071
l 2069 2072
l 2070 2072
l 2070 2073
l 2071 2072
l 2071 2073
l 2072 2073
l 2074 2075
l 2074 2076
l 2074 2077
l 2074 2079
l 2074 2081
l 2075 2076
l 2075 2077
l 2075 2078
l 2076 2078
l 2076 2080
l 2077 2079
l 2078 2080
l 2079 2081
l 2079 2082
l 2081 2082
l 2081 2083
l 2082 2083
l 2084 2085
l 2084 2086
l 2084 2087
l 2085 2086
l 2085 2087
l 2085 2088
l 2085 2089
l 2086 2088
l 2087 2089
l 2090 2091
l 2090 2092
l 2090 2093
l 2091 2092
l 2092 2093
l 2092 2094
l 2092 2095
l 2093 2094
l 2094 2095
l 2096 2097
l 2096 2098
l 2096 2099
l 2097 2098
l 2098 2099
l 2100 2101
l 2100 2102
l 2100 2103
l 2101 2102
l 2102 2103
l 2104 2105
l 2104 2106
l 2104 2107
l 2105 2106
l 2106 2107
l 2106 2108
l 2106 2109
l 2107 2108
l 2108 2109
l 2110 2111
l 2110 2112
l 2110 2113
l 2111 2112
l 2112 2113
l 2112 2114
l 2112 2115
l 2113 2114
l 2114 2115
l 2116 2117
l 2116 2118
l 2116 2119
l 2116 2120
l 2117 2118
l 2117 2119
l 2119 2120
l 2119 2121
l 2120 2121
l 2122 2123
l 2122 2124
l 2123 2124
l 2123 2125
l 2124 2125
l 2124 2126
l 2124 2127
l 2125 2126
l 2126 2127
l 2128 2129
l 2128 2130
l 2129 2130
l 2129 2131
l 2130 2131
l 2132 2133
l 2132 2134
l 2133 2134
l 2134 2135
l 2134 2136
l 2134 2137
l 2135 2136
l 2136 2137
l 2138 2140
l 2138 2142
l 2139 2141
l 2139 2143
l 2140 2142
l 2140 2144
l 2140 2145
l 2141 2143
l 2141 2146
l 2142 2144
l 2143 2146
l 2143 2147
l 2143 2148
l 2144 2145
l 2146 2147
l 2147 2148
l 2149 2150
l 2149 2151
l 2149 2153
l 2149 2155
l 2150 2151
l 2150 2152
l 2150 2153
l 2151 2152
l 2151 2154
l 2152 2154
l 2153 2155
l 2153 2156
l 2155 2156
l 2155 2157
l 2155 2158
l 2156 2157
l 2157 2158
l 2159 2160
l 2159 2161
l 2159 2162
l 2160 2161
l 2161 2162
l 2161 2163
l 2161 2164
l 2162 2163
l 2163 2164
l 2163 2165
l 2163 2166
l 2165 2166
l 2167 2168
l 2167 2169
l 2168 2169
l 2168 2170
l 2169 2170
l 2171 2172
l 2171 2173
l 2172 2173
l 2172 2174
l 2173 2174
l 2173 2175
l 2173 2176
l 2174 2175
l 2175 2176
l 2177 2178
l 2177 2179
l 2178 2179
l 2178 2180
l 2178 2181
l 2179 2180
l 2180 2181
l 2180 2182
l 2181 2182
l 2183 2184
l 2183 2185
l 2183 2186
l 2184 2185
l 2185 2186
l 2185 2187
l 2186 2187
l 2188 2189
l 2188 2190
l 2188 2191
l 2188 2193
l 2189 2190
l 2189 2192
l 2189 2194
l 2190 2191
l 2190 2192
l 2191 2193
l 2191 2195
l 2192 2194
l 2192 2196
l 2192 2197
l 2193 2195
l 2194 2196
l 2196 2197
l 2196 2198
l 2197 2198
l 2197 2199
l 2198 2199
l 2200 2201
l 2200 2202
l 2200 2204
l 2200 2206
l 2201 2202
l 2201 2203
l 2201 2204
l 2202 2203
l 2202 2205
l 2203 2205
l 2203 2207
l 2204 2206
l 2204 2210
l 2205 2207
l 2205 2208
l 2206 2210
l 2206 2211
l 2206 2212
l 2207 2208
l 2207 2209
l 2208 2209
l 2210 2211
l 2211 2212
l 2213 2214
l 2213 2215
l 2214 2215
l 2214 2216
l 2215 2216
l 2217 2218
l 2217 2219
l 2218 2219
l 2218 2220
l 2219 2220
l 2221 2222
l 2221 2223
l 2222 2223
l 2222 2224
l 2223 2224
l 2225 2226
l 2225 2227
l 2226 2227
l 2228 2229
l 2228 2230
l 2229 2230
l 2229 2231
l 2230 2231
l 2232 2233
l 2232 2234
l 2233 2234
l 2233 2235
l 2234 2235
l 2234 2236
l 2234 2237
l 2235 2236
l 2236 2237
l 2238 2239
l 2238 2240
l 2238 2242
l 2238 2243
l 2239 2240
l 2239 2241
l 2239 2242
l 2240 2241
l 2242 2243
l 2242 2244
l 2242 2245
l 2243 2244
l 2244 2245
l 2246 2247
l 2246 2248
l 2246 2249
l 2247 2248
l 2247 2249
l 2247 2250
l 2247 2251
l 2249 2250
l 2250 2251
l 2250 2252
l 2251 2252
l 2251 2253
l 2252 2253
l 2252 2254
l 2253 2254
l 2255 2256
l 2255 2257
l 2256 2257
l 2258 2259
l 2258 2260
l 2259 2260
l 2260 2261
l 2260 2262
l 2260 2263
l 2261 2262
l 2262 2263
l 2264 2265
l 2264 2266
l 2265 2266
l 2265 2267
l 2266 2267
l 2266 2268
l 2266 2269
l 2267 2268
l 2268 2269
l 2270 2271
l 2270 2272
l 2270 2273
l 2271 2272
l 2272 2273
l 2274 2275
l 2274 2276
l 2274 2277
l 2275 2276
l 2276 2277
l 2276 2278
l 2276 2279
l 2277 2278
l 2278 2279
l 2280 2281
l 2280 2282
l 2280 2283
l 2281 2282
l 2282 2283
l 2282 2284
l 2282 2285
l 2283 2284
l 2284 2285
l 2286 2287
l 2286 2288
l 2286 2289
l 2287 2288
l 2288 2289
l 2290 2291
l 2290 2292
l 2290 2293
l 2291 2292
l 2292 2293
l 2294 2295
l 2294 2296
l 2294 2297
l 2295 2296
l 2296 2297
l 2296 2298
l 2296 2299
l 2297 2298
l 2298 2299
