# Blender 5.2.0 LTS
# www.blender.org
o FamasMag
v 0.097813 0.440796 0.061670
v 0.098441 0.440812 0.061670
v 0.099908 0.343534 -0.061523
v 0.100498 0.343514 -0.061523
v 0.097851 0.440797 -0.061523
v 0.098403 0.440811 -0.061523
v 0.099909 0.343534 0.061670
v 0.100497 0.343514 0.061670
v 0.091178 0.249223 -0.061523
v 0.091750 0.249105 -0.061523
v 0.091179 0.249223 0.061670
v 0.091749 0.249105 0.061670
v 0.063082 0.160166 -0.061523
v 0.063618 0.159930 -0.061523
v 0.063081 0.160166 0.061670
v 0.063619 0.159930 0.061670
v 0.015519 0.076337 -0.061523
v 0.016019 0.076015 -0.061523
v 0.015518 0.076338 0.061670
v 0.016020 0.076014 0.061670
v -0.042868 -0.004720 -0.061523
v -0.042302 -0.004832 -0.061523
v -0.042809 -0.004732 0.061670
v -0.042361 -0.004820 0.061670
v -0.031268 -0.052696 0.073682
v -0.030714 -0.052560 0.073682
v -0.031232 -0.052687 -0.073926
v -0.030750 -0.052569 -0.073926
v -0.047585 -0.104037 0.073682
v -0.047015 -0.104219 0.073682
v -0.047540 -0.104051 -0.073926
v -0.047060 -0.104205 -0.073926
v -0.031276 -0.052537 -0.073926
v -0.030706 -0.052719 -0.073926
v -0.031231 -0.052551 0.073682
v -0.030751 -0.052705 0.073682
v 0.097956 0.440176 -0.061523
v 0.098298 0.441432 -0.061523
v -0.208572 0.523077 -0.061523
v -0.208282 0.524140 -0.061523
v -0.208598 0.522980 0.061670
v -0.208256 0.524236 0.061670
v 0.097982 0.440273 0.061670
v 0.098272 0.441335 0.061670
v -0.349003 0.077817 0.061670
v -0.349359 0.078239 0.061670
v -0.349033 0.077853 -0.061523
v -0.349329 0.078203 -0.061523
v -0.398724 0.046485 -0.073926
v -0.399038 0.046987 -0.073926
v -0.398743 0.046516 0.073682
v -0.399019 0.046956 0.073682
v -0.047300 -0.104128 0.073001
v -0.047300 -0.104128 0.074363
v -0.398881 0.046736 0.073001
v -0.398881 0.046736 0.074363
v -0.415187 -0.004764 0.073138
v -0.415187 -0.004764 0.074226
v -0.030991 -0.052628 0.073138
v -0.030991 -0.052628 0.074226
v -0.206351 0.426328 0.061161
v -0.206351 0.426328 0.062179
v 0.098127 0.440804 0.061070
v 0.098127 0.440804 0.062270
v -0.208427 0.523608 0.061151
v -0.208427 0.523608 0.062189
v 0.100203 0.343524 0.061154
v 0.100203 0.343524 0.062186
v -0.215086 0.331972 0.061096
v -0.215086 0.331972 0.062244
v 0.091464 0.249164 0.061249
v 0.091464 0.249164 0.062091
v 0.063350 0.160048 0.061148
v 0.063350 0.160048 0.062192
v -0.243246 0.242856 0.061160
v -0.243246 0.242856 0.062180
v 0.015769 0.076176 0.061156
v 0.015769 0.076176 0.062184
v -0.290785 0.158980 0.061163
v -0.290785 0.158980 0.062177
v -0.042609 -0.004862 0.061200
v -0.042561 -0.004690 0.062140
v -0.349196 0.077975 0.061159
v -0.349166 0.078081 0.062181
v -0.031038 -0.052801 0.073061
v -0.030944 -0.052455 0.074303
v -0.398921 0.046588 0.073152
v -0.398841 0.046884 0.074212
v -0.414902 -0.004855 -0.073926
v -0.415472 -0.004673 -0.073926
v -0.398596 0.046645 0.073682
v -0.399166 0.046827 0.073682
v -0.398641 0.046659 -0.073926
v -0.399121 0.046813 -0.073926
v -0.414947 -0.004841 0.073682
v -0.415427 -0.004687 0.073682
v -0.208113 0.523616 -0.061523
v -0.208741 0.523600 -0.061523
v -0.206057 0.426318 -0.061523
v -0.206645 0.426338 -0.061523
v -0.206056 0.426318 0.061670
v -0.206646 0.426338 0.061670
v -0.208151 0.523615 0.061670
v -0.208703 0.523601 0.061670
v -0.214800 0.331913 0.061670
v -0.215372 0.332031 0.061670
v -0.214801 0.331913 -0.061523
v -0.215371 0.332031 -0.061523
v -0.242978 0.242738 0.061670
v -0.243514 0.242974 0.061670
v -0.242977 0.242738 -0.061523
v -0.243515 0.242974 -0.061523
v -0.290535 0.158819 0.061670
v -0.291035 0.159141 0.061670
v -0.290534 0.158818 -0.061523
v -0.291036 0.159142 -0.061523
v -0.348976 0.077785 0.061670
v -0.349386 0.078271 0.061670
v -0.349001 0.077815 -0.061523
v -0.349361 0.078241 -0.061523
v -0.414981 -0.004010 -0.073926
v -0.415393 -0.005518 -0.073926
v -0.047126 -0.103490 -0.073926
v -0.047474 -0.104766 -0.073926
v -0.047094 -0.103374 0.073682
v -0.047506 -0.104882 0.073682
v -0.415013 -0.004126 0.073682
v -0.415361 -0.005402 0.073682
v -0.047300 -0.104128 -0.073245
v -0.047300 -0.104128 -0.074607
v -0.398881 0.046736 -0.073245
v -0.398881 0.046736 -0.074607
v -0.030991 -0.052628 -0.073382
v -0.030991 -0.052628 -0.074470
v -0.415187 -0.004764 -0.073382
v -0.415187 -0.004764 -0.074470
v 0.098127 0.440804 -0.060923
v 0.098127 0.440804 -0.062123
v -0.206351 0.426328 -0.061014
v -0.206351 0.426328 -0.062032
v -0.208427 0.523608 -0.061004
v -0.208427 0.523608 -0.062042
v 0.100203 0.343524 -0.061007
v 0.100203 0.343524 -0.062039
v -0.215086 0.331972 -0.060949
v -0.215086 0.331972 -0.062097
v 0.091464 0.249164 -0.061102
v 0.091464 0.249164 -0.061944
v 0.063350 0.160048 -0.061001
v 0.063350 0.160048 -0.062045
v -0.243246 0.242856 -0.061013
v -0.243246 0.242856 -0.062033
v 0.015769 0.076176 -0.061009
v 0.015769 0.076176 -0.062037
v -0.290785 0.158980 -0.061016
v -0.290785 0.158980 -0.062030
v -0.042609 -0.004862 -0.061053
v -0.042561 -0.004690 -0.061993
v -0.349196 0.077975 -0.061012
v -0.349166 0.078081 -0.062034
v -0.031038 -0.052801 -0.073305
v -0.030944 -0.052455 -0.074547
v -0.398921 0.046589 -0.073396
v -0.398841 0.046883 -0.074456
v 0.057285 0.431883 -0.065527
v 0.057819 0.431901 -0.065527
v 0.057245 0.431882 0.065674
v 0.057859 0.431902 0.065674
v 0.060204 0.349142 -0.065527
v 0.060780 0.349122 -0.065527
v 0.060201 0.349142 0.065674
v 0.060783 0.349122 0.065674
v 0.051339 0.258288 -0.065527
v 0.051917 0.258168 -0.065527
v 0.051339 0.258288 0.065674
v 0.051917 0.258168 0.065674
v 0.024190 0.172383 -0.065527
v 0.024732 0.172145 -0.065527
v 0.024189 0.172384 0.065674
v 0.024733 0.172144 0.065674
v -0.021245 0.091403 -0.065527
v -0.020751 0.091085 -0.065527
v -0.021242 0.091402 0.065674
v -0.020754 0.091086 0.065674
v -0.071858 0.023133 -0.065527
v -0.071360 0.022763 -0.065527
v -0.071826 0.023109 0.065674
v -0.071392 0.022787 0.065674
v -0.042980 0.458959 -0.065527
v -0.042446 0.458977 -0.065527
v -0.043020 0.458958 0.065674
v -0.042406 0.458978 0.065674
v -0.040061 0.376222 -0.065527
v -0.039485 0.376202 -0.065527
v -0.040064 0.376222 0.065674
v -0.039482 0.376202 0.065674
v -0.048929 0.285368 -0.065527
v -0.048351 0.285248 -0.065527
v -0.048929 0.285368 0.065674
v -0.048351 0.285248 0.065674
v -0.076075 0.199463 -0.065527
v -0.075533 0.199225 -0.065527
v -0.076076 0.199464 0.065674
v -0.075532 0.199224 0.065674
v -0.121471 0.118479 -0.065527
v -0.120977 0.118161 -0.065527
v -0.121468 0.118478 0.065674
v -0.120980 0.118162 0.065674
v -0.172123 0.050213 -0.065527
v -0.171625 0.049843 -0.065527
v -0.172091 0.050189 0.065674
v -0.171657 0.049867 0.065674
v -0.143206 0.486039 -0.065527
v -0.142672 0.486057 -0.065527
v -0.143246 0.486038 0.065674
v -0.142632 0.486058 0.065674
v -0.140326 0.403298 -0.065527
v -0.139750 0.403278 -0.065527
v -0.140329 0.403298 0.065674
v -0.139747 0.403278 0.065674
v -0.149194 0.312448 -0.065527
v -0.148616 0.312328 -0.065527
v -0.149194 0.312448 0.065674
v -0.148616 0.312328 0.065674
v -0.176343 0.226543 -0.065527
v -0.175801 0.226305 -0.065527
v -0.176344 0.226544 0.065674
v -0.175800 0.226304 0.065674
v -0.221736 0.145559 -0.065527
v -0.221242 0.145241 -0.065527
v -0.221733 0.145558 0.065674
v -0.221245 0.145242 0.065674
v -0.272391 0.077289 -0.065527
v -0.271893 0.076919 -0.065527
v -0.272359 0.077265 0.065674
v -0.271925 0.076943 0.065674
v -0.070018 0.466144 -0.065527
v -0.069914 0.466528 -0.065527
v -0.070030 0.466100 0.065674
v -0.069902 0.466572 0.065674
v -0.042777 0.458732 -0.065527
v -0.042649 0.459204 -0.065527
v -0.042765 0.458776 0.065674
v -0.042661 0.459160 0.065674
v 0.030207 0.439064 -0.065527
v 0.030311 0.439448 -0.065527
v 0.030195 0.439020 0.065674
v 0.030323 0.439492 0.065674
v 0.057488 0.431656 -0.065527
v 0.057616 0.432128 -0.065527
v 0.057500 0.431700 0.065674
v 0.057604 0.432084 0.065674
v -0.170283 0.493224 -0.065527
v -0.170179 0.493608 -0.065527
v -0.170295 0.493180 0.065674
v -0.170167 0.493652 0.065674
v -0.143003 0.485812 -0.065527
v -0.142875 0.486284 -0.065527
v -0.142991 0.485856 0.065674
v -0.142887 0.486240 0.065674
v -0.067068 0.383576 0.065498
v -0.067068 0.383576 0.065850
v -0.042713 0.458968 0.065515
v -0.042713 0.458968 0.065833
v -0.069966 0.466336 0.065535
v -0.069966 0.466336 0.065813
v -0.039773 0.376212 0.065491
v -0.039773 0.376212 0.065857
v -0.075936 0.292676 0.065477
v -0.075936 0.292676 0.065871
v -0.048640 0.285308 0.065499
v -0.048640 0.285308 0.065849
v -0.075804 0.199344 0.065484
v -0.075804 0.199344 0.065864
v -0.103056 0.206712 0.065486
v -0.103056 0.206712 0.065862
v -0.121224 0.118320 0.065489
v -0.121224 0.118320 0.065859
v -0.148519 0.125688 0.065496
v -0.148519 0.125688 0.065852
v -0.171874 0.050028 0.065514
v -0.171874 0.050028 0.065834
v -0.199127 0.057392 0.065532
v -0.199127 0.057392 0.065816
v 0.033200 0.356500 0.065498
v 0.033200 0.356500 0.065850
v 0.057552 0.431892 0.065515
v 0.057552 0.431892 0.065833
v 0.030259 0.439256 0.065535
v 0.030259 0.439256 0.065813
v 0.060492 0.349132 0.065491
v 0.060492 0.349132 0.065857
v 0.024332 0.265596 0.065486
v 0.024332 0.265596 0.065862
v 0.051628 0.258228 0.065483
v 0.051628 0.258228 0.065865
v -0.002831 0.179632 0.065475
v -0.002831 0.179632 0.065873
v 0.024461 0.172264 0.065498
v 0.024461 0.172264 0.065850
v -0.020998 0.091244 0.065489
v -0.020998 0.091244 0.065859
v -0.048251 0.098608 0.065496
v -0.048251 0.098608 0.065852
v -0.071609 0.022948 0.065514
v -0.071609 0.022948 0.065834
v -0.098905 0.030316 0.065532
v -0.098905 0.030316 0.065816
v -0.167290 0.410656 0.065498
v -0.167290 0.410656 0.065850
v -0.142939 0.486048 0.065515
v -0.142939 0.486048 0.065833
v -0.170231 0.493416 0.065535
v -0.170231 0.493416 0.065813
v -0.140038 0.403288 0.065491
v -0.140038 0.403288 0.065857
v -0.176158 0.319752 0.065486
v -0.176158 0.319752 0.065862
v -0.148905 0.312388 0.065483
v -0.148905 0.312388 0.065865
v -0.203321 0.233788 0.065475
v -0.203321 0.233788 0.065873
v -0.176072 0.226424 0.065498
v -0.176072 0.226424 0.065850
v -0.221489 0.145400 0.065489
v -0.221489 0.145400 0.065859
v -0.248784 0.152764 0.065496
v -0.248784 0.152764 0.065852
v -0.272142 0.077104 0.065514
v -0.272142 0.077104 0.065834
v -0.299392 0.084472 0.065532
v -0.299392 0.084472 0.065816
v -0.169924 0.493426 -0.065527
v -0.170538 0.493406 -0.065527
v -0.166999 0.410646 -0.065527
v -0.167581 0.410666 -0.065527
v -0.167002 0.410646 0.065674
v -0.167578 0.410666 0.065674
v -0.169964 0.493425 0.065674
v -0.170498 0.493407 0.065674
v -0.175869 0.319692 0.065674
v -0.176447 0.319812 0.065674
v -0.175869 0.319692 -0.065527
v -0.176447 0.319812 -0.065527
v -0.203050 0.233669 0.065674
v -0.203592 0.233907 0.065674
v -0.203049 0.233668 -0.065527
v -0.203593 0.233908 -0.065527
v -0.248537 0.152605 0.065674
v -0.249031 0.152923 0.065674
v -0.248540 0.152606 -0.065527
v -0.249028 0.152922 -0.065527
v -0.299143 0.084287 0.065674
v -0.299641 0.084657 0.065674
v -0.299175 0.084311 -0.065527
v -0.299609 0.084633 -0.065527
v -0.069659 0.466347 -0.065527
v -0.070273 0.466326 -0.065527
v -0.066777 0.383566 -0.065527
v -0.067359 0.383586 -0.065527
v -0.066780 0.383566 0.065674
v -0.067356 0.383586 0.065674
v -0.069699 0.466345 0.065674
v -0.070233 0.466327 0.065674
v -0.075647 0.292616 0.065674
v -0.076225 0.292736 0.065674
v -0.075647 0.292616 -0.065527
v -0.076225 0.292736 -0.065527
v -0.102785 0.206593 0.065674
v -0.103327 0.206831 0.065674
v -0.102784 0.206592 -0.065527
v -0.103328 0.206832 -0.065527
v -0.148272 0.125529 0.065674
v -0.148766 0.125847 0.065674
v -0.148275 0.125530 -0.065527
v -0.148763 0.125846 -0.065527
v -0.198878 0.057207 0.065674
v -0.199376 0.057577 0.065674
v -0.198910 0.057231 -0.065527
v -0.199344 0.057553 -0.065527
v 0.030566 0.439266 -0.065527
v 0.029952 0.439246 -0.065527
v 0.033491 0.356490 -0.065527
v 0.032909 0.356510 -0.065527
v 0.033488 0.356490 0.065674
v 0.032912 0.356510 0.065674
v 0.030526 0.439265 0.065674
v 0.029992 0.439247 0.065674
v 0.024621 0.265536 0.065674
v 0.024043 0.265656 0.065674
v 0.024621 0.265536 -0.065527
v 0.024043 0.265656 -0.065527
v -0.002560 0.179513 0.065674
v -0.003102 0.179751 0.065674
v -0.002559 0.179512 -0.065527
v -0.003103 0.179752 -0.065527
v -0.048004 0.098449 0.065674
v -0.048498 0.098767 0.065674
v -0.048007 0.098450 -0.065527
v -0.048495 0.098766 -0.065527
v -0.098656 0.030131 0.065674
v -0.099154 0.030501 0.065674
v -0.098688 0.030155 -0.065527
v -0.099122 0.030477 -0.065527
v -0.171822 0.050220 -0.065527
v -0.171926 0.049836 -0.065527
v -0.171810 0.050264 0.065674
v -0.171938 0.049792 0.065674
v -0.199063 0.057628 -0.065527
v -0.199191 0.057156 -0.065527
v -0.199075 0.057584 0.065674
v -0.199179 0.057200 0.065674
v -0.071557 0.023140 -0.065527
v -0.071661 0.022756 -0.065527
v -0.071545 0.023184 0.065674
v -0.071673 0.022712 0.065674
v -0.098841 0.030552 -0.065527
v -0.098969 0.030080 -0.065527
v -0.098853 0.030508 0.065674
v -0.098957 0.030124 0.065674
v -0.272090 0.077296 -0.065527
v -0.272194 0.076912 -0.065527
v -0.272078 0.077340 0.065674
v -0.272206 0.076868 0.065674
v -0.299328 0.084708 -0.065527
v -0.299456 0.084236 -0.065527
v -0.299340 0.084664 0.065674
v -0.299444 0.084280 0.065674
v -0.042713 0.458968 -0.065368
v -0.042713 0.458968 -0.065686
v -0.067068 0.383576 -0.065351
v -0.067068 0.383576 -0.065703
v -0.069966 0.466336 -0.065388
v -0.069966 0.466336 -0.065666
v -0.039773 0.376212 -0.065344
v -0.039773 0.376212 -0.065710
v -0.075936 0.292676 -0.065330
v -0.075936 0.292676 -0.065724
v -0.048640 0.285308 -0.065352
v -0.048640 0.285308 -0.065702
v -0.075804 0.199344 -0.065337
v -0.075804 0.199344 -0.065717
v -0.103056 0.206712 -0.065339
v -0.103056 0.206712 -0.065715
v -0.121224 0.118320 -0.065342
v -0.121224 0.118320 -0.065712
v -0.148519 0.125688 -0.065349
v -0.148519 0.125688 -0.065705
v -0.171874 0.050028 -0.065367
v -0.171874 0.050028 -0.065687
v -0.199127 0.057392 -0.065385
v -0.199127 0.057392 -0.065669
v 0.057552 0.431892 -0.065368
v 0.057552 0.431892 -0.065686
v 0.033200 0.356500 -0.065351
v 0.033200 0.356500 -0.065703
v 0.030259 0.439256 -0.065388
v 0.030259 0.439256 -0.065666
v 0.060492 0.349132 -0.065344
v 0.060492 0.349132 -0.065710
v 0.024332 0.265596 -0.065339
v 0.024332 0.265596 -0.065715
v 0.051628 0.258228 -0.065336
v 0.051628 0.258228 -0.065718
v -0.002831 0.179632 -0.065328
v -0.002831 0.179632 -0.065726
v 0.024461 0.172264 -0.065351
v 0.024461 0.172264 -0.065703
v -0.020998 0.091244 -0.065342
v -0.020998 0.091244 -0.065712
v -0.048251 0.098608 -0.065349
v -0.048251 0.098608 -0.065705
v -0.071609 0.022948 -0.065367
v -0.071609 0.022948 -0.065687
v -0.098905 0.030316 -0.065385
v -0.098905 0.030316 -0.065669
v -0.142939 0.486048 -0.065368
v -0.142939 0.486048 -0.065686
v -0.167290 0.410656 -0.065351
v -0.167290 0.410656 -0.065703
v -0.170231 0.493416 -0.065388
v -0.170231 0.493416 -0.065666
v -0.140038 0.403288 -0.065344
v -0.140038 0.403288 -0.065710
v -0.176158 0.319752 -0.065339
v -0.176158 0.319752 -0.065715
v -0.148905 0.312388 -0.065336
v -0.148905 0.312388 -0.065718
v -0.203321 0.233788 -0.065328
v -0.203321 0.233788 -0.065726
v -0.176072 0.226424 -0.065351
v -0.176072 0.226424 -0.065703
v -0.221489 0.145400 -0.065342
v -0.221489 0.145400 -0.065712
v -0.248784 0.152764 -0.065349
v -0.248784 0.152764 -0.065705
v -0.272142 0.077104 -0.065367
v -0.272142 0.077104 -0.065687
v -0.299392 0.084472 -0.065385
v -0.299392 0.084472 -0.065669
v 0.098134 0.440490 0.060764
v 0.100190 0.344133 -0.061228
v 0.098133 0.440528 -0.061247
v 0.100197 0.343819 -0.060673
v 0.098141 0.440155 0.061355
v 0.100197 0.343818 0.061376
v 0.100176 0.343231 0.060805
v 0.091519 0.249754 -0.061231
v 0.100176 0.343230 -0.061228
v 0.091491 0.249455 -0.060665
v 0.100148 0.342929 0.061376
v 0.091491 0.249454 0.061379
v 0.091376 0.248886 0.060804
v 0.063527 0.160609 -0.061231
v 0.091376 0.248886 -0.061231
v 0.063438 0.160327 -0.060654
v 0.091288 0.248605 0.061379
v 0.063438 0.160328 0.061377
v 0.063206 0.159794 -0.061231
v 0.063205 0.159793 0.060819
v 0.016070 0.076707 -0.061226
v 0.015916 0.076435 -0.060661
v 0.063053 0.159524 0.061377
v 0.015916 0.076436 0.061371
v 0.015595 0.075935 -0.061226
v 0.015594 0.075934 0.060827
v -0.042232 -0.004286 -0.061235
v -0.042417 -0.004542 -0.060710
v 0.015403 0.075668 0.061371
v -0.042452 -0.004591 0.061442
v -0.042517 -0.005056 -0.059890
v -0.042531 -0.004998 0.061491
v -0.031097 -0.052190 0.073279
v -0.031058 -0.052351 0.072066
v -0.031049 -0.052387 -0.073608
v -0.042496 -0.005145 -0.061322
v -0.047210 -0.103843 0.071995
v -0.047224 -0.103888 -0.073674
v -0.031120 -0.053036 -0.073627
v -0.031081 -0.052913 -0.072239
v -0.031067 -0.052868 0.073430
v -0.047171 -0.103720 0.073383
v 0.094769 0.441711 -0.060872
v -0.207895 0.523464 -0.060972
v -0.207798 0.523438 0.060719
v 0.097498 0.440974 -0.060572
v -0.205069 0.522701 0.061019
v 0.097595 0.440948 0.061119
v -0.398458 0.047002 -0.073518
v -0.349414 0.077881 0.060340
v -0.349375 0.077906 -0.061337
v -0.349509 0.077821 0.061468
v -0.398630 0.046894 -0.072497
v -0.398661 0.046874 0.073364
v -0.056402 -0.100964 0.073682
v -0.398458 0.045813 0.073682
v -0.414497 -0.004387 0.073682
v -0.389779 0.043572 0.073682
v -0.047723 -0.103205 0.073682
v -0.031681 -0.053005 0.073682
v -0.205853 0.426861 0.061670
v 0.094281 0.441222 0.061670
v -0.207894 0.522927 0.061670
v 0.097541 0.440176 0.061670
v -0.203087 0.425974 0.061670
v 0.099673 0.344201 0.061670
v -0.214454 0.332570 0.061670
v 0.096779 0.343915 0.061670
v -0.205900 0.425679 0.061670
v 0.099635 0.342987 0.061670
v -0.211274 0.331537 0.061670
v 0.091091 0.249701 0.061670
v 0.063054 0.160844 0.061670
v 0.090930 0.248872 0.061670
v -0.211430 0.330390 0.061670
v -0.242600 0.243209 0.061670
v 0.060029 0.161485 0.061670
v -0.214761 0.331096 0.061670
v 0.015590 0.076902 0.061670
v 0.062564 0.159720 0.061670
v -0.240209 0.241508 0.061670
v -0.290022 0.159299 0.061670
v 0.012709 0.077535 0.061670
v -0.243068 0.242136 0.061670
v -0.042705 -0.004124 0.061670
v 0.014918 0.075874 0.061670
v -0.287879 0.157670 0.061670
v -0.348330 0.078330 0.061670
v -0.045327 -0.003540 0.061670
v -0.290658 0.158289 0.061670
v -0.341728 0.075503 0.061808
v -0.031905 -0.051579 0.073467
v -0.042984 -0.005146 0.061798
v -0.040378 -0.049448 0.073509
v -0.349122 0.077469 0.061816
v -0.397558 0.046929 0.073534
v -0.415058 -0.004356 -0.073627
v -0.398971 0.046451 0.071995
v -0.398957 0.046496 -0.073674
v -0.399010 0.046328 0.073383
v -0.415097 -0.004479 -0.072239
v -0.415111 -0.004524 0.073430
v -0.208413 0.522959 -0.061208
v -0.206357 0.426622 -0.061229
v -0.206357 0.426623 0.060820
v -0.208420 0.523294 -0.060617
v -0.206364 0.426937 0.061375
v -0.208421 0.523332 0.061394
v -0.206378 0.426035 -0.060658
v -0.215031 0.332562 0.061378
v -0.206378 0.426034 0.061375
v -0.206406 0.425733 -0.061229
v -0.215059 0.332262 -0.061232
v -0.215059 0.332263 0.060812
v -0.215174 0.331694 -0.060657
v -0.243069 0.243417 0.061378
v -0.215174 0.331694 0.061378
v -0.215263 0.331413 -0.061232
v -0.243158 0.243136 -0.061230
v -0.243158 0.243135 0.060801
v -0.243391 0.242601 -0.060672
v -0.290484 0.159511 0.061373
v -0.243390 0.242602 0.061378
v -0.243543 0.242332 -0.061230
v -0.290638 0.159240 -0.061224
v -0.290638 0.159239 0.060807
v -0.290960 0.158738 -0.060680
v -0.348791 0.078569 0.061352
v -0.290959 0.158739 0.061373
v -0.291152 0.158472 -0.061224
v -0.349018 0.078254 -0.061244
v -0.348995 0.078286 0.060772
v -0.411152 -0.005854 -0.073145
v -0.047938 -0.103956 -0.073265
v -0.048054 -0.103924 0.072542
v -0.414433 -0.004968 -0.072786
v -0.051335 -0.103038 0.072901
v -0.414549 -0.004936 0.073021
v -0.047723 -0.103205 -0.073926
v -0.389779 0.043572 -0.073926
v -0.031681 -0.053005 -0.073926
v -0.398458 0.045813 -0.073926
v -0.056402 -0.100964 -0.073926
v -0.414497 -0.004387 -0.073926
v 0.094281 0.441222 -0.061523
v -0.205853 0.426861 -0.061523
v -0.207894 0.522927 -0.061523
v -0.203087 0.425974 -0.061523
v 0.097541 0.440176 -0.061523
v 0.099673 0.344201 -0.061523
v 0.096779 0.343915 -0.061523
v -0.214454 0.332570 -0.061523
v -0.205900 0.425679 -0.061523
v -0.211274 0.331537 -0.061523
v 0.099635 0.342987 -0.061523
v 0.091091 0.249701 -0.061523
v 0.063054 0.160844 -0.061523
v -0.211430 0.330390 -0.061523
v 0.090930 0.248872 -0.061523
v -0.214761 0.331096 -0.061523
v 0.060029 0.161485 -0.061523
v -0.242600 0.243209 -0.061523
v 0.015590 0.076902 -0.061523
v -0.240209 0.241508 -0.061523
v 0.062564 0.159720 -0.061523
v -0.243068 0.242136 -0.061523
v 0.012709 0.077535 -0.061523
v -0.290022 0.159299 -0.061523
v -0.042705 -0.004124 -0.061523
v -0.287879 0.157670 -0.061523
v 0.014918 0.075874 -0.061523
v -0.290658 0.158289 -0.061523
v -0.045328 -0.003540 -0.061523
v -0.348330 0.078330 -0.061523
v -0.031904 -0.051581 -0.073704
v -0.341745 0.075508 -0.061665
v -0.042984 -0.005145 -0.061655
v -0.040357 -0.049455 -0.073747
v -0.397559 0.046928 -0.073774
v -0.349121 0.077470 -0.061673
v 0.057561 0.431625 -0.065260
v 0.057563 0.431585 0.064610
v 0.060473 0.349654 -0.065239
v 0.060482 0.349420 -0.064532
v 0.057572 0.431334 0.065366
v 0.060482 0.349423 0.065383
v 0.060464 0.348843 0.064747
v 0.051683 0.258791 -0.065232
v 0.060464 0.348846 -0.065239
v 0.051657 0.258522 -0.064586
v 0.060438 0.348578 0.065383
v 0.051657 0.258522 0.065379
v 0.051539 0.257946 -0.065232
v 0.051539 0.257947 0.064724
v 0.024630 0.172800 -0.065231
v 0.024550 0.172546 -0.064574
v 0.051459 0.257694 0.065379
v 0.024550 0.172547 0.065377
v 0.024316 0.172006 -0.065231
v 0.024316 0.172005 0.064741
v -0.020720 0.091739 -0.065233
v -0.020854 0.091500 -0.064604
v 0.024180 0.171763 0.065377
v -0.020856 0.091498 0.065383
v -0.021173 0.091008 -0.065233
v -0.021171 0.091010 0.064690
v -0.071269 0.023407 -0.065217
v -0.071424 0.023197 -0.064477
v -0.021317 0.090814 0.065383
v -0.071448 0.023165 0.065404
v -0.042704 0.458701 -0.065260
v -0.042702 0.458661 0.064610
v -0.039792 0.376734 -0.065239
v -0.039783 0.376500 -0.064532
v -0.042693 0.458410 0.065366
v -0.039783 0.376503 0.065383
v -0.039801 0.375926 -0.065239
v -0.039801 0.375923 0.064747
v -0.048585 0.285871 -0.065232
v -0.048611 0.285602 -0.064586
v -0.039827 0.375658 0.065383
v -0.048611 0.285602 0.065379
v -0.048729 0.285027 0.064724
v -0.075635 0.199880 -0.065231
v -0.048729 0.285026 -0.065232
v -0.075715 0.199626 -0.064574
v -0.048809 0.284774 0.065379
v -0.075715 0.199627 0.065377
v -0.075949 0.199086 -0.065231
v -0.075949 0.199085 0.064741
v -0.120946 0.118815 -0.065233
v -0.121080 0.118576 -0.064604
v -0.076085 0.198843 0.065377
v -0.121082 0.118574 0.065383
v -0.121399 0.118084 -0.065233
v -0.121397 0.118086 0.064690
v -0.171534 0.050487 -0.065217
v -0.171689 0.050277 -0.064477
v -0.121543 0.117890 0.065383
v -0.171713 0.050245 0.065404
v -0.142930 0.485781 -0.065260
v -0.142928 0.485741 0.064610
v -0.140056 0.403810 -0.065239
v -0.140048 0.403576 -0.064532
v -0.142919 0.485490 0.065366
v -0.140048 0.403579 0.065383
v -0.140066 0.402999 0.064747
v -0.148850 0.312951 -0.065232
v -0.140066 0.403002 -0.065239
v -0.148876 0.312682 -0.064586
v -0.140092 0.402734 0.065383
v -0.148876 0.312682 0.065379
v -0.148994 0.312107 0.064724
v -0.175903 0.226960 -0.065231
v -0.148994 0.312106 -0.065232
v -0.175983 0.226706 -0.064574
v -0.149074 0.311854 0.065379
v -0.175983 0.226707 0.065377
v -0.176217 0.226166 -0.065231
v -0.176217 0.226165 0.064741
v -0.221211 0.145895 -0.065233
v -0.221345 0.145656 -0.064604
v -0.176353 0.225923 0.065377
v -0.221347 0.145654 0.065383
v -0.221664 0.145164 -0.065233
v -0.221662 0.145166 0.064690
v -0.271802 0.077563 -0.065217
v -0.271957 0.077353 -0.064477
v -0.221808 0.144970 0.065383
v -0.271981 0.077321 0.065404
v -0.069774 0.466284 -0.065328
v -0.069730 0.466272 0.063374
v -0.043005 0.459047 -0.065282
v -0.042949 0.459032 -0.063227
v -0.069674 0.466257 0.065429
v -0.042905 0.459020 0.065475
v 0.030451 0.439204 -0.065328
v 0.030495 0.439192 0.063376
v 0.057259 0.431971 -0.065282
v 0.057316 0.431956 -0.063229
v 0.030552 0.439177 0.065429
v 0.057360 0.431944 0.065475
v -0.170039 0.493364 -0.065328
v -0.169995 0.493352 0.063376
v -0.143232 0.486127 -0.065282
v -0.143175 0.486112 -0.063229
v -0.169938 0.493337 0.065429
v -0.143131 0.486100 0.065475
v -0.066927 0.384585 0.065674
v -0.042915 0.458858 0.065674
v -0.069821 0.466153 0.065674
v -0.042839 0.458061 0.065674
v -0.066844 0.383698 0.065674
v -0.039965 0.376454 0.065674
v -0.075618 0.293907 0.065674
v -0.040026 0.376090 0.065674
v -0.066913 0.383352 0.065674
v -0.040069 0.375067 0.065674
v -0.075665 0.292807 0.065674
v -0.048794 0.285531 0.065674
v -0.075615 0.200573 0.065674
v -0.048862 0.285187 0.065674
v -0.075739 0.292419 0.065674
v -0.076131 0.291402 0.065674
v -0.102817 0.206843 0.065674
v -0.075995 0.199593 0.065674
v -0.120802 0.119451 0.065674
v -0.076090 0.199224 0.065674
v -0.102912 0.206478 0.065674
v -0.103485 0.205563 0.065674
v -0.148251 0.125800 0.065674
v -0.121366 0.118550 0.065674
v -0.171444 0.050877 0.065674
v -0.121535 0.118212 0.065674
v -0.148399 0.125471 0.065674
v -0.148997 0.124743 0.065674
v -0.198890 0.057475 0.065674
v -0.171982 0.050223 0.065674
v 0.033340 0.357507 0.065674
v 0.057350 0.431782 0.065674
v 0.030404 0.439073 0.065674
v 0.057426 0.430985 0.065674
v 0.033424 0.356622 0.065674
v 0.060300 0.349374 0.065674
v 0.024635 0.266770 0.065674
v 0.060239 0.349010 0.065674
v 0.033355 0.356276 0.065674
v 0.060196 0.347987 0.065674
v 0.024591 0.265721 0.065674
v 0.051460 0.258471 0.065674
v -0.002246 0.180826 0.065674
v 0.051317 0.258114 0.065674
v 0.024457 0.265368 0.065674
v 0.051065 0.257081 0.065674
v -0.002507 0.179750 0.065674
v 0.024344 0.172478 0.065674
v -0.020577 0.092373 0.065674
v 0.024197 0.172153 0.065674
v -0.002679 0.179385 0.065674
v -0.003283 0.178420 0.065674
v -0.047984 0.098720 0.065674
v -0.021140 0.091474 0.065674
v -0.071179 0.023798 0.065674
v -0.021309 0.091136 0.065674
v -0.048131 0.098391 0.065674
v -0.048729 0.097664 0.065674
v -0.098667 0.030399 0.065674
v -0.071717 0.023143 0.065674
v -0.167150 0.411663 0.065674
v -0.143141 0.485938 0.065674
v -0.170086 0.493233 0.065674
v -0.143066 0.485139 0.065674
v -0.167066 0.410778 0.065674
v -0.140230 0.403530 0.065674
v -0.175854 0.320928 0.065674
v -0.140290 0.403166 0.065674
v -0.167135 0.410432 0.065674
v -0.140334 0.402141 0.065674
v -0.175899 0.319877 0.065674
v -0.149073 0.312631 0.065674
v -0.202735 0.234983 0.065674
v -0.149216 0.312274 0.065674
v -0.176033 0.319524 0.065674
v -0.149468 0.311239 0.065674
v -0.202998 0.233906 0.065674
v -0.176189 0.226638 0.065674
v -0.221067 0.146531 0.065674
v -0.176336 0.226313 0.065674
v -0.203169 0.233541 0.065674
v -0.203773 0.232578 0.065674
v -0.248516 0.152877 0.065674
v -0.221631 0.145630 0.065674
v -0.271712 0.077953 0.065674
v -0.221800 0.145292 0.065674
v -0.248664 0.152547 0.065674
v -0.249262 0.151819 0.065674
v -0.299155 0.084554 0.065674
v -0.272250 0.077299 0.065674
v -0.170211 0.492858 -0.065219
v -0.167300 0.410947 -0.065236
v -0.167300 0.410944 0.064679
v -0.170220 0.493109 -0.064463
v -0.167309 0.411178 0.065386
v -0.170221 0.493149 0.065406
v -0.167318 0.410367 -0.064600
v -0.176103 0.320315 0.065379
v -0.167318 0.410370 0.065386
v -0.167344 0.410102 -0.065236
v -0.176129 0.320046 -0.065232
v -0.176129 0.320046 0.064733
v -0.176247 0.319471 -0.064577
v -0.203152 0.234324 0.065378
v -0.176247 0.319470 0.065379
v -0.176327 0.319218 -0.065232
v -0.203232 0.234071 -0.065230
v -0.203232 0.234070 0.064721
v -0.203466 0.233529 -0.064594
v -0.248506 0.153259 0.065380
v -0.203466 0.233530 0.065378
v -0.203602 0.233287 -0.065230
v -0.248642 0.153018 -0.065236
v -0.248640 0.153020 0.064751
v -0.248957 0.152530 -0.064543
v -0.299052 0.084931 0.065364
v -0.248959 0.152528 0.065380
v -0.299231 0.084689 -0.065257
v -0.299207 0.084721 0.064624
v -0.249103 0.152334 -0.065236
v -0.069946 0.465778 -0.065219
v -0.067078 0.383867 -0.065236
v -0.067078 0.383864 0.064679
v -0.069955 0.466029 -0.064463
v -0.067086 0.384098 0.065386
v -0.069957 0.466069 0.065406
v -0.067096 0.383287 -0.064600
v -0.075881 0.293239 0.065379
v -0.067096 0.383290 0.065386
v -0.067122 0.383022 -0.065236
v -0.075907 0.292970 -0.065232
v -0.075907 0.292970 0.064733
v -0.076025 0.292395 -0.064577
v -0.102887 0.207248 0.065378
v -0.076025 0.292394 0.065379
v -0.076105 0.292142 -0.065232
v -0.102967 0.206995 -0.065230
v -0.102967 0.206994 0.064721
v -0.103201 0.206453 -0.064594
v -0.148241 0.126183 0.065380
v -0.103201 0.206454 0.065378
v -0.103337 0.206211 -0.065230
v -0.148377 0.125942 -0.065236
v -0.148375 0.125944 0.064751
v -0.148692 0.125454 -0.064543
v -0.198787 0.057851 0.065364
v -0.148694 0.125452 0.065380
v -0.198966 0.057609 -0.065257
v -0.198942 0.057641 0.064624
v -0.148838 0.125258 -0.065236
v 0.030279 0.438698 -0.065219
v 0.033190 0.356791 -0.065236
v 0.033190 0.356788 0.064679
v 0.030270 0.438949 -0.064463
v 0.033181 0.357022 0.065386
v 0.030269 0.438989 0.065406
v 0.033172 0.356211 -0.064600
v 0.024387 0.266159 0.065379
v 0.033172 0.356214 0.065386
v 0.033146 0.355946 -0.065236
v 0.024361 0.265890 -0.065232
v 0.024361 0.265890 0.064733
v 0.024243 0.265315 -0.064577
v -0.002662 0.180168 0.065378
v 0.024243 0.265314 0.065379
v 0.024163 0.265062 -0.065232
v -0.002742 0.179915 -0.065230
v -0.002742 0.179914 0.064721
v -0.002976 0.179373 -0.064594
v -0.047973 0.099103 0.065380
v -0.002976 0.179374 0.065378
v -0.003112 0.179131 -0.065230
v -0.048109 0.098862 -0.065236
v -0.048107 0.098864 0.064751
v -0.048424 0.098374 -0.064543
v -0.098565 0.030775 0.065364
v -0.048426 0.098372 0.065380
v -0.098744 0.030533 -0.065257
v -0.098720 0.030565 0.064624
v -0.048570 0.098178 -0.065236
v -0.172066 0.050080 -0.065328
v -0.172110 0.050092 0.063374
v -0.198835 0.057313 -0.065282
v -0.198891 0.057328 -0.063227
v -0.172166 0.050107 0.065429
v -0.198935 0.057340 0.065475
v -0.071801 0.023000 -0.065328
v -0.071845 0.023012 0.063377
v -0.098612 0.030237 -0.065282
v -0.098669 0.030252 -0.063230
v -0.071902 0.023027 0.065429
v -0.098713 0.030264 0.065475
v -0.272334 0.077156 -0.065328
v -0.272378 0.077168 0.063373
v -0.299100 0.084393 -0.065282
v -0.299156 0.084408 -0.063226
v -0.272434 0.077183 0.065429
v -0.299200 0.084420 0.065475
v -0.042915 0.458858 -0.065527
v -0.066927 0.384585 -0.065527
v -0.069821 0.466153 -0.065527
v -0.066844 0.383698 -0.065527
v -0.042839 0.458061 -0.065527
v -0.039965 0.376454 -0.065527
v -0.040026 0.376090 -0.065527
v -0.075618 0.293907 -0.065527
v -0.066913 0.383352 -0.065527
v -0.075665 0.292807 -0.065527
v -0.040069 0.375067 -0.065527
v -0.048794 0.285531 -0.065527
v -0.075615 0.200573 -0.065527
v -0.075739 0.292419 -0.065527
v -0.048862 0.285187 -0.065527
v -0.076131 0.291402 -0.065527
v -0.075995 0.199593 -0.065527
v -0.102817 0.206843 -0.065527
v -0.120802 0.119451 -0.065527
v -0.102912 0.206478 -0.065527
v -0.076090 0.199224 -0.065527
v -0.103485 0.205563 -0.065527
v -0.121366 0.118550 -0.065527
v -0.148251 0.125800 -0.065527
v -0.171444 0.050877 -0.065527
v -0.148399 0.125471 -0.065527
v -0.121535 0.118212 -0.065527
v -0.148997 0.124743 -0.065527
v -0.171982 0.050223 -0.065527
v -0.198890 0.057474 -0.065527
v 0.057350 0.431782 -0.065527
v 0.033340 0.357507 -0.065527
v 0.030404 0.439073 -0.065527
v 0.033424 0.356622 -0.065527
v 0.057426 0.430985 -0.065527
v 0.060300 0.349374 -0.065527
v 0.060239 0.349010 -0.065527
v 0.024635 0.266770 -0.065527
v 0.033355 0.356276 -0.065527
v 0.024591 0.265721 -0.065527
v 0.060196 0.347987 -0.065527
v 0.051460 0.258471 -0.065527
v 0.051317 0.258114 -0.065527
v -0.002246 0.180826 -0.065527
v 0.024457 0.265368 -0.065527
v -0.002507 0.179750 -0.065527
v 0.051065 0.257081 -0.065527
v 0.024344 0.172478 -0.065527
v -0.020577 0.092373 -0.065527
v -0.002679 0.179385 -0.065527
v 0.024197 0.172153 -0.065527
v -0.003283 0.178420 -0.065527
v -0.021140 0.091474 -0.065527
v -0.047984 0.098720 -0.065527
v -0.071179 0.023798 -0.065527
v -0.048131 0.098391 -0.065527
v -0.021309 0.091136 -0.065527
v -0.048729 0.097664 -0.065527
v -0.071717 0.023143 -0.065527
v -0.098667 0.030399 -0.065527
v -0.143141 0.485938 -0.065527
v -0.167150 0.411663 -0.065527
v -0.170086 0.493233 -0.065527
v -0.167066 0.410778 -0.065527
v -0.143066 0.485139 -0.065527
v -0.140230 0.403530 -0.065527
v -0.140290 0.403166 -0.065527
v -0.175854 0.320928 -0.065527
v -0.167135 0.410432 -0.065527
v -0.175899 0.319877 -0.065527
v -0.140334 0.402141 -0.065527
v -0.149073 0.312631 -0.065527
v -0.149216 0.312274 -0.065527
v -0.202735 0.234983 -0.065527
v -0.176033 0.319524 -0.065527
v -0.202998 0.233906 -0.065527
v -0.149468 0.311239 -0.065527
v -0.176189 0.226638 -0.065527
v -0.221067 0.146531 -0.065527
v -0.203169 0.233541 -0.065527
v -0.176336 0.226313 -0.065527
v -0.203773 0.232578 -0.065527
v -0.221631 0.145630 -0.065527
v -0.248516 0.152877 -0.065527
v -0.271712 0.077953 -0.065527
v -0.248664 0.152547 -0.065527
v -0.221800 0.145292 -0.065527
v -0.249262 0.151819 -0.065527
v -0.272250 0.077299 -0.065527
v -0.299155 0.084554 -0.065527
vn 0.0249 -0.3316 -0.9431
vn -0.0048 0.9002 0.4355
vn -0.9369 -0.0624 0.3441
vn -0.9359 -0.2694 -0.2271
vn 0.9462 -0.2335 -0.2240
vn 0.9341 -0.1167 0.3374
vn 0.0125 -0.7072 0.7069
vn -0.8087 -0.4260 0.4056
vn 0.8272 -0.3871 0.4073
vn 0.0217 0.3296 0.9439
vn 0.0043 -0.9001 -0.4358
vn 0.0073 0.7074 -0.7068
vn -0.9292 0.1286 -0.3466
vn 0.9409 0.0479 -0.3353
vn 0.0324 -0.3295 -0.9436
vn 0.0984 0.8920 0.4411
vn -0.9327 0.0928 0.3484
vn 0.9036 -0.2678 0.3344
vn -0.0417 -0.7069 0.7061
vn 0.1022 0.3194 0.9421
vn -0.0912 -0.8926 -0.4416
vn 0.1076 0.7006 -0.7054
vn -0.8916 0.2874 -0.3499
vn 0.9355 -0.1183 -0.3330
vn -0.0192 -0.3353 -0.9419
vn 0.2766 0.8521 0.4444
vn -0.8929 0.2840 0.3495
vn 0.8295 -0.4479 0.3336
vn -0.1771 -0.6864 0.7053
vn 0.1777 0.2829 0.9425
vn -0.2685 -0.8547 -0.4444
vn 0.2541 0.6619 -0.7052
vn -0.8130 0.4664 -0.3486
vn 0.8912 -0.3067 -0.3341
vn -0.3098 -0.6343 0.7084
vn -0.1059 -0.3156 -0.9430
vn 0.4371 0.7857 0.4378
vn -0.8384 0.4259 0.3401
vn 0.7462 -0.5784 0.3296
vn 0.2128 0.2583 0.9423
vn -0.4309 -0.7892 -0.4376
vn 0.3682 0.6047 -0.7062
vn -0.7467 0.5776 -0.3300
vn 0.8391 -0.4219 -0.3434
vn -0.3989 -0.5921 0.7003
vn -0.2859 -0.2337 -0.9293
vn 0.3814 0.8332 0.4003
vn -0.9601 0.0963 0.2624
vn 0.9075 -0.3099 0.2836
vn 0.0762 0.3793 0.9221
vn -0.4395 -0.7912 -0.4253
vn 0.2274 0.7043 -0.6724
vn -0.8768 0.1160 -0.4666
vn 0.8443 -0.2689 -0.4635
vn -0.2417 -0.2207 0.9449
vn -0.0383 -0.7862 -0.6167
vn -0.0976 0.7429 -0.6623
vn -0.9715 0.0622 -0.2287
vn 0.8694 0.4136 -0.2703
vn -0.3183 0.1440 -0.9370
vn -0.1718 0.6037 0.7785
vn -0.9153 0.1104 0.3874
vn 0.7509 0.5142 0.4144
vn 0.0364 -0.8796 0.4743
vn 0.0518 0.1628 -0.9853
vn 0.2121 0.6742 0.7075
vn -0.6560 0.6357 0.4070
vn -0.7645 0.5891 -0.2617
vn 0.9640 0.0393 -0.2631
vn 0.9022 0.1400 0.4079
vn -0.2507 -0.7808 0.5723
vn -0.9634 -0.0412 0.2648
vn 0.7630 -0.5904 0.2634
vn -0.0518 -0.1628 0.9853
vn -0.2165 -0.6728 -0.7075
vn -0.9013 -0.1417 -0.4094
vn 0.6542 -0.6367 -0.4083
vn 0.2465 0.7822 -0.5723
vn -0.9493 0.2578 0.1801
vn 0.6820 -0.1880 0.7068
vn 0.1806 -0.8944 0.4091
vn -0.4870 -0.8113 0.3235
vn -0.0100 0.9456 0.3251
vn 0.6088 0.6805 0.4078
vn 0.5439 -0.1505 -0.8255
vn 0.0122 -0.9449 -0.3271
vn 0.4887 0.8095 -0.3254
vn -0.5467 0.1485 0.8240
vn 0.9482 -0.2601 -0.1826
vn -0.6834 0.1830 -0.7068
vn -0.6075 -0.6825 -0.4063
vn -0.1787 0.8956 -0.4074
vn 0.6404 0.4337 0.6338
vn 0.0230 -0.2154 -0.9763
vn 0.1291 -0.9331 -0.3356
vn 0.7152 -0.6565 0.2397
vn -0.3057 0.9181 0.2523
vn -0.8631 0.4424 -0.2434
vn -0.5005 -0.5067 0.7020
vn 0.0190 -0.8844 0.4664
vn -0.8769 0.2885 0.3844
vn -0.7359 -0.3946 -0.5501
vn 0.2178 0.0410 0.9751
vn 0.5414 0.3288 -0.7738
vn 0.7365 -0.5375 -0.4107
vn -0.1614 0.8947 -0.4165
vn -0.9479 0.3187 -0.0000
vn 0.4146 -0.9100 -0.0000
vn 0.2197 -0.4723 -0.8536
vn -0.2197 0.4723 -0.8536
vn -0.2197 0.4723 0.8536
vn 0.2198 -0.4723 0.8536
vn 0.8785 0.4778 -0.0000
vn 0.4989 0.2710 -0.8232
vn 0.4989 0.2710 0.8232
vn 0.9479 -0.3187 -0.0000
vn -0.4146 0.9100 -0.0000
vn -0.8785 -0.4777 -0.0000
vn -0.4989 -0.2710 -0.8232
vn -0.4989 -0.2710 0.8232
vn 0.6824 0.7310 -0.0000
vn -0.9942 0.1076 -0.0000
vn -0.3588 -0.3554 -0.8631
vn 0.3673 0.0074 -0.9301
vn 0.3673 0.0074 0.9301
vn -0.3588 -0.3554 0.8631
vn 0.6164 -0.7874 -0.0000
vn 0.3168 -0.4048 -0.8578
vn 0.3168 -0.4048 0.8578
vn -0.6819 -0.7314 -0.0000
vn 0.9940 -0.1094 -0.0000
vn -0.6169 0.7871 -0.0000
vn -0.3685 -0.0087 -0.9296
vn -0.3685 -0.0087 0.9296
vn 0.7262 0.6875 -0.0000
vn -0.9934 0.1144 -0.0000
vn 0.2964 -0.0403 -0.9542
vn 0.2964 -0.0403 0.9542
vn 0.5711 -0.8209 -0.0000
vn -0.7261 -0.6876 -0.0000
vn 0.9933 -0.1156 -0.0000
vn -0.5713 0.8207 -0.0000
vn -0.4396 0.0744 -0.8951
vn -0.4396 0.0744 0.8951
vn -0.3478 0.9376 -0.0000
vn -0.8776 -0.4794 -0.0000
vn -0.3360 0.1472 -0.9303
vn -0.3360 0.1472 0.9303
vn 0.9187 -0.3949 -0.0000
vn 0.8776 0.4795 -0.0000
vn -0.9182 0.3962 -0.0000
vn 0.3360 -0.1444 -0.9307
vn 0.3360 -0.1444 0.9307
vn 0.3478 -0.9376 -0.0000
vn -0.2392 0.9710 -0.0000
vn -0.9228 -0.3853 -0.0000
vn -0.2856 0.2322 -0.9298
vn -0.2912 0.2363 0.9270
vn 0.9139 -0.4059 -0.0000
vn 0.9227 0.3854 -0.0000
vn -0.9140 0.4058 -0.0000
vn 0.2851 -0.2456 -0.9265
vn 0.2905 -0.2200 0.9312
vn 0.2393 -0.9709 -0.0000
vn -0.1300 0.9881 -0.0825
vn -0.9411 -0.3377 -0.0136
vn -0.3911 -0.1671 -0.9050
vn -0.3018 0.1744 0.9373
vn 0.8986 -0.4172 -0.1357
vn 0.9416 0.3086 -0.1345
vn -0.9144 0.3811 -0.1367
vn 0.2545 -0.5250 -0.8122
vn 0.2461 -0.3070 0.9193
vn 0.1812 -0.9828 0.0363
vn 0.8853 -0.4270 -0.1843
vn -0.6453 0.7517 -0.1358
vn -0.3094 0.0573 -0.9492
vn -0.1880 0.5103 0.8392
vn -0.7004 -0.7002 0.1384
vn -0.9219 0.2607 -0.2866
vn 0.1770 -0.9669 0.1839
vn 0.9786 0.1341 -0.1558
vn 0.3001 -0.1816 -0.9365
vn 0.4493 0.2916 0.8445
vn 0.2482 0.7802 0.5741
vn -0.0501 -0.1657 -0.9849
vn 0.7646 -0.5890 -0.2617
vn 0.9634 0.0412 0.2649
vn -0.7630 0.5904 0.2634
vn -0.9640 -0.0394 -0.2631
vn -0.2120 -0.6742 0.7075
vn 0.6560 -0.6356 0.4069
vn -0.9022 -0.1400 0.4079
vn -0.2481 -0.7803 -0.5741
vn 0.0550 0.1640 0.9849
vn 0.2166 0.6727 -0.7075
vn 0.9013 0.1417 -0.4094
vn -0.6541 0.6368 -0.4083
vn 0.0086 -0.9018 0.4320
vn 0.0102 0.7073 0.7069
vn 0.9409 0.0479 0.3353
vn 0.9445 -0.2369 0.2275
vn -0.9340 -0.2729 0.2305
vn -0.9292 0.1285 0.3466
vn 0.0232 0.3283 -0.9443
vn 0.9341 -0.1166 -0.3374
vn -0.9369 -0.0625 -0.3441
vn 0.0250 -0.3316 0.9431
vn -0.0020 0.9001 -0.4356
vn 0.0213 -0.7070 -0.7069
vn 0.8245 -0.3896 -0.4103
vn -0.8059 -0.4289 -0.4081
vn 0.0324 -0.3295 0.9436
vn 0.1097 0.8905 -0.4415
vn 0.9035 -0.2682 -0.3344
vn -0.9327 0.0933 -0.3485
vn -0.0388 -0.7070 -0.7062
vn -0.0898 -0.8933 0.4403
vn 0.1193 0.6984 0.7056
vn 0.9354 -0.1188 0.3331
vn -0.8915 0.2878 0.3498
vn 0.1086 0.3129 -0.9436
vn -0.0195 -0.3356 0.9418
vn 0.2835 0.8497 -0.4446
vn 0.8294 -0.4482 -0.3336
vn -0.8928 0.2842 -0.3495
vn -0.1656 -0.6891 -0.7055
vn -0.2642 -0.8586 0.4393
vn 0.2611 0.6590 0.7054
vn 0.8912 -0.3068 0.3342
vn -0.8129 0.4665 0.3486
vn 0.1810 0.2783 -0.9433
vn -0.1047 -0.3195 0.9418
vn 0.4413 0.7832 -0.4379
vn 0.7450 -0.5776 -0.3337
vn -0.8372 0.4250 -0.3442
vn -0.3073 -0.6382 -0.7059
vn -0.4285 -0.7923 0.4344
vn 0.3726 0.6019 0.7063
vn 0.8323 -0.4451 0.3304
vn -0.7264 0.5925 0.3484
vn 0.2143 0.2548 -0.9430
vn -0.1227 -0.3360 0.9338
vn 0.7460 0.5113 -0.4267
vn 0.8537 -0.3264 -0.4057
vn -0.4414 0.8656 -0.2365
vn -0.3946 -0.5903 -0.7041
vn -0.5610 -0.7091 0.4271
vn 0.6588 0.3119 0.6846
vn 0.8216 -0.1724 0.5434
vn -0.2235 0.8880 0.4018
vn 0.4578 0.0095 -0.8890
vn 0.9493 -0.2578 0.1798
vn -0.6819 0.1882 0.7068
vn -0.1806 0.8944 0.4092
vn 0.4871 0.8112 0.3236
vn 0.0102 -0.9456 0.3252
vn -0.6088 -0.6804 0.4078
vn -0.5441 0.1507 -0.8254
vn -0.0124 0.9448 -0.3273
vn -0.4888 -0.8094 -0.3255
vn 0.5470 -0.1486 0.8239
vn -0.9482 0.2603 -0.1823
vn 0.6834 -0.1829 -0.7068
vn 0.6075 0.6825 -0.4063
vn 0.1787 -0.8956 -0.4074
vn 0.4147 -0.9100 -0.0000
vn -0.9479 0.3186 0.0007
vn 0.8785 0.4777 0.0006
vn 0.4991 0.2708 0.8231
vn 0.4989 0.2713 -0.8231
vn -0.2856 0.2322 0.9298
vn -0.2912 0.2363 -0.9270
vn 0.2851 -0.2456 0.9265
vn 0.2905 -0.2200 -0.9312
vn -0.2199 0.9750 0.0329
vn 0.8986 -0.4172 0.1357
vn -0.3909 -0.1648 0.9055
vn -0.3027 0.1732 -0.9372
vn -0.9411 -0.3377 0.0136
vn 0.1812 -0.9828 -0.0363
vn -0.9138 0.3839 0.1329
vn 0.9098 0.4058 0.0875
vn 0.2597 -0.5261 0.8098
vn 0.2458 -0.3089 -0.9188
vn -0.6452 0.7532 0.1282
vn 0.9296 -0.2889 0.2289
vn -0.3056 0.0518 0.9508
vn -0.1874 0.5112 -0.8388
vn -0.7023 -0.6969 -0.1451
vn -0.9215 0.2558 0.2923
vn 0.9794 0.1367 0.1486
vn 0.2949 -0.1829 0.9379
vn 0.4496 0.2924 -0.8440
vn 0.1839 -0.9654 -0.1848
vn 0.0244 -0.7058 0.7080
vn 0.0332 -0.2771 -0.9603
vn -0.9241 -0.3025 -0.2335
vn -0.8016 -0.4364 0.4086
vn 0.8302 -0.3801 0.4079
vn 0.9417 -0.2491 -0.2259
vn -0.0133 0.8760 0.4822
vn -0.9366 -0.0513 0.3467
vn 0.9347 -0.1053 0.3396
vn 0.0273 0.2815 0.9592
vn 0.0145 -0.8757 -0.4825
vn 0.0015 0.7076 -0.7066
vn -0.9293 0.1247 -0.3477
vn 0.9410 0.0416 -0.3358
vn 0.0391 -0.3092 -0.9502
vn 0.1022 0.8808 0.4624
vn -0.9320 0.0978 0.3490
vn 0.9048 -0.2626 0.3351
vn -0.0448 -0.7067 0.7061
vn 0.1047 0.2939 0.9501
vn -0.0938 -0.8815 -0.4628
vn 0.1116 0.6999 -0.7055
vn -0.8930 0.2826 -0.3503
vn 0.9345 -0.1227 -0.3342
vn -0.1711 -0.6856 0.7076
vn -0.0071 -0.3111 -0.9504
vn 0.2718 0.8425 0.4651
vn -0.8912 0.2887 0.3498
vn 0.8313 -0.4437 0.3348
vn 0.1764 0.2620 0.9488
vn -0.2628 -0.8452 -0.4653
vn 0.2523 0.6626 -0.7052
vn -0.8154 0.4620 -0.3488
vn 0.8894 -0.3113 -0.3348
vn -0.3079 -0.6334 0.7099
vn -0.0928 -0.2970 -0.9504
vn 0.4308 0.7769 0.4593
vn -0.8347 0.4276 0.3472
vn 0.7481 -0.5722 0.3360
vn 0.2054 0.2357 0.9499
vn -0.4254 -0.7801 -0.4589
vn 0.3677 0.6050 -0.7063
vn -0.7395 0.5773 -0.3462
vn 0.8286 -0.4453 -0.3392
vn -0.3978 -0.5836 0.7079
vn -0.1416 -0.2477 -0.9584
vn 0.5116 0.7144 0.4774
vn -0.5924 0.7718 0.2311
vn 0.9156 -0.3331 0.2253
vn 0.1880 0.2146 0.9584
vn -0.5092 -0.7164 -0.4770
vn 0.4212 0.5682 -0.7069
vn -0.4132 0.8142 -0.4079
vn 0.8992 -0.1586 -0.4078
vn 0.0331 -0.2771 -0.9603
vn -0.9241 -0.3026 -0.2335
vn 0.9417 -0.2492 -0.2259
vn -0.0132 0.8760 0.4822
vn -0.9366 -0.0512 0.3467
vn 0.0145 -0.8757 -0.4826
vn 0.0016 0.7076 -0.7066
vn -0.9293 0.1246 -0.3477
vn 0.9410 0.0416 -0.3357
vn -0.0414 -0.7045 0.7085
vn 0.0370 -0.3064 -0.9512
vn -0.9320 0.0977 0.3490
vn 0.9049 -0.2626 0.3351
vn -0.0937 -0.8815 -0.4628
vn 0.9345 -0.1226 -0.3342
vn -0.0057 -0.3138 -0.9495
vn 0.2716 0.8425 0.4651
vn -0.8913 0.2887 0.3497
vn -0.1746 -0.6870 0.7053
vn 0.1765 0.2622 0.9487
vn 0.2520 0.6628 -0.7051
vn -0.8154 0.4621 -0.3488
vn 0.8893 -0.3115 -0.3348
vn -0.3077 -0.6333 0.7100
vn -0.0931 -0.2968 -0.9504
vn 0.4305 0.7770 0.4593
vn -0.8347 0.4275 0.3472
vn 0.7483 -0.5721 0.3360
vn 0.2053 0.2359 0.9498
vn -0.4256 -0.7799 -0.4589
vn 0.3675 0.6051 -0.7062
vn 0.8287 -0.4453 -0.3392
vn -0.3978 -0.5835 0.7080
vn -0.1417 -0.2477 -0.9584
vn 0.5122 0.7140 0.4773
vn -0.5921 0.7719 0.2316
vn 0.9156 -0.3329 0.2253
vn 0.1879 0.2139 0.9586
vn 0.4213 0.5681 -0.7069
vn -0.4130 0.8143 -0.4078
vn 0.8991 -0.1588 -0.4078
vn 0.0243 -0.7060 0.7078
vn 0.0334 -0.2771 -0.9602
vn -0.9243 -0.3022 -0.2332
vn -0.8018 -0.4361 0.4085
vn 0.8301 -0.3802 0.4078
vn -0.0128 0.8760 0.4822
vn 0.9347 -0.1052 0.3396
vn 0.0273 0.2813 0.9592
vn 0.0147 -0.8757 -0.4826
vn 0.0019 0.7076 -0.7066
vn 0.9410 0.0417 -0.3358
vn 0.0392 -0.3090 -0.9503
vn -0.0446 -0.7067 0.7061
vn 0.1047 0.2938 0.9501
vn -0.0936 -0.8815 -0.4628
vn 0.1116 0.6998 -0.7055
vn 0.2716 0.8426 0.4651
vn -0.8912 0.2888 0.3497
vn 0.8312 -0.4438 0.3349
vn 0.1765 0.2623 0.9487
vn -0.2629 -0.8452 -0.4653
vn 0.2521 0.6627 -0.7052
vn -0.3077 -0.6333 0.7102
vn -0.0930 -0.2969 -0.9504
vn -0.8347 0.4274 0.3472
vn 0.7482 -0.5721 0.3360
vn 0.2054 0.2358 0.9498
vn -0.7394 0.5774 -0.3462
vn 0.8286 -0.4454 -0.3392
vn 0.5123 0.7140 0.4773
vn -0.5920 0.7719 0.2316
vn 0.9156 -0.3330 0.2253
vn 0.1878 0.2141 0.9586
vn 0.6799 -0.1848 0.7096
vn 0.0971 -0.0287 -0.9949
vn 0.1250 -0.9426 -0.3097
vn 0.1793 -0.8945 0.4095
vn 0.6078 0.6810 0.4084
vn 0.5852 0.7500 -0.3083
vn -0.7521 0.2020 0.6274
vn -0.5839 -0.7517 0.3067
vn -0.1232 0.9434 0.3080
vn -0.1000 0.0272 0.9946
vn 0.7508 -0.2067 -0.6274
vn -0.6822 0.1829 -0.7079
vn -0.6067 -0.6829 -0.4070
vn -0.1776 0.8956 -0.4080
vn 0.6795 -0.1846 0.7100
vn 0.0972 -0.0292 -0.9948
vn 0.1253 -0.9425 -0.3099
vn 0.1797 -0.8943 0.4099
vn 0.5851 0.7501 -0.3083
vn -0.7523 0.2013 0.6273
vn -0.5835 -0.7521 0.3063
vn -0.1231 0.9434 0.3078
vn -0.1008 0.0272 0.9945
vn 0.7508 -0.2070 -0.6273
vn -0.6824 0.1823 -0.7079
vn -0.6064 -0.6833 -0.4067
vn -0.1777 0.8956 -0.4079
vn 0.6796 -0.1846 0.7099
vn 0.0976 -0.0290 -0.9948
vn 0.1252 -0.9425 -0.3098
vn 0.1796 -0.8943 0.4099
vn 0.6079 0.6810 0.4083
vn 0.5851 0.7501 -0.3082
vn -0.7523 0.2016 0.6273
vn -0.5836 -0.7520 0.3064
vn -0.1230 0.9435 0.3078
vn -0.1006 0.0270 0.9946
vn 0.7508 -0.2069 -0.6273
vn -0.6823 0.1824 -0.7079
vn -0.6065 -0.6832 -0.4068
vn -0.1776 0.8956 -0.4079
vn 0.1372 0.9905 -0.0000
vn -0.8791 -0.4766 -0.0003
vn -0.4220 -0.2574 -0.8693
vn 0.3983 -0.0519 -0.9158
vn 0.3983 -0.0519 0.9158
vn -0.4222 -0.2569 0.8693
vn 0.6212 -0.7837 -0.0002
vn 0.3166 -0.3999 -0.8602
vn 0.3168 -0.3994 0.8603
vn -0.1389 -0.9903 0.0001
vn 0.8787 0.4773 -0.0000
vn -0.6222 0.7828 -0.0000
vn -0.3974 0.0437 -0.9166
vn -0.3974 0.0437 0.9166
vn 0.2498 0.9683 -0.0000
vn -0.9008 -0.4343 -0.0000
vn 0.3607 -0.0634 -0.9305
vn 0.3607 -0.0633 0.9305
vn 0.5686 -0.8226 -0.0000
vn -0.2489 -0.9685 -0.0000
vn 0.9010 0.4338 -0.0000
vn -0.5683 0.8228 -0.0000
vn -0.4391 0.0761 -0.8952
vn -0.4391 0.0761 0.8952
vn 0.1531 0.9882 -0.0000
vn -0.8771 -0.4804 -0.0000
vn -0.3785 0.1134 -0.9186
vn -0.3785 0.1134 0.9186
vn 0.6090 -0.7931 -0.0000
vn -0.1516 -0.9884 -0.0000
vn 0.8773 0.4799 -0.0000
vn 0.3908 -0.1145 -0.9133
vn 0.3908 -0.1145 0.9133
vn -0.6085 0.7936 -0.0000
vn 0.3492 0.9371 0.0001
vn -0.9219 -0.3875 -0.0000
vn -0.3493 0.2057 -0.9141
vn -0.3493 0.2057 0.9141
vn 0.5243 -0.8515 -0.0000
vn -0.3498 -0.9368 -0.0000
vn 0.9218 0.3877 -0.0000
vn 0.3539 -0.2011 -0.9134
vn 0.3539 -0.2011 0.9134
vn -0.5247 0.8513 -0.0000
vn 0.4517 0.8922 -0.0000
vn -0.9446 -0.3281 -0.0000
vn -0.2271 0.4599 -0.8584
vn -0.2271 0.4599 0.8584
vn 0.4827 -0.8758 -0.0000
vn -0.4525 -0.8917 -0.0000
vn 0.9443 0.3290 -0.0000
vn 0.4630 0.1614 -0.8715
vn 0.4630 0.1614 0.8715
vn -0.4831 0.8756 -0.0000
vn 0.1370 0.9906 -0.0000
vn -0.8790 -0.4768 -0.0000
vn -0.4221 -0.2573 -0.8693
vn 0.3983 -0.0518 -0.9158
vn 0.3983 -0.0518 0.9158
vn -0.4221 -0.2573 0.8693
vn 0.6216 -0.7833 -0.0000
vn 0.3171 -0.3996 -0.8601
vn 0.3171 -0.3996 0.8601
vn -0.1382 -0.9904 -0.0000
vn 0.8788 0.4773 -0.0000
vn -0.6222 0.7829 -0.0000
vn 0.2499 0.9683 -0.0000
vn -0.9008 -0.4342 -0.0000
vn 0.3811 -0.1463 -0.9129
vn 0.3811 -0.1463 0.9129
vn -0.2501 -0.9682 -0.0000
vn 0.9007 0.4344 -0.0000
vn -0.5688 0.8225 -0.0000
vn -0.3729 0.1380 -0.9176
vn -0.3729 0.1380 0.9176
vn 0.4401 0.8980 -0.0000
vn -0.9392 -0.3434 -0.0000
vn 0.3305 -0.1688 -0.9286
vn 0.3305 -0.1688 0.9286
vn 0.4798 -0.8774 -0.0000
vn -0.4391 -0.8984 -0.0000
vn 0.9394 0.3428 -0.0000
vn -0.4795 0.8776 -0.0000
vn -0.3994 0.2067 -0.8932
vn -0.3994 0.2067 0.8932
vn 0.3507 0.9365 -0.0000
vn -0.9217 -0.3880 -0.0000
vn -0.3493 0.2055 -0.9142
vn -0.3493 0.2056 0.9142
vn 0.5250 -0.8511 -0.0000
vn -0.3497 -0.9369 -0.0000
vn 0.9218 0.3878 -0.0000
vn 0.3539 -0.2010 -0.9134
vn 0.3539 -0.2010 0.9134
vn -0.5246 0.8514 -0.0000
vn 0.4513 0.8924 -0.0005
vn -0.9446 -0.3282 -0.0001
vn -0.2274 0.4602 -0.8582
vn -0.2273 0.4604 0.8581
vn 0.4826 -0.8759 -0.0000
vn -0.4528 -0.8916 0.0001
vn 0.9444 0.3289 -0.0007
vn 0.4630 0.1610 -0.8716
vn 0.4629 0.1616 0.8715
vn -0.4836 0.8753 -0.0000
vn 0.1369 0.9906 -0.0000
vn -0.8791 -0.4767 -0.0000
vn -0.4222 -0.2573 -0.8692
vn 0.3983 -0.0517 -0.9158
vn 0.3983 -0.0517 0.9158
vn -0.4222 -0.2573 0.8692
vn 0.6216 -0.7834 -0.0000
vn 0.3170 -0.3996 -0.8601
vn 0.3170 -0.3996 0.8601
vn -0.1384 -0.9904 -0.0001
vn 0.8789 0.4771 -0.0000
vn -0.6219 0.7831 -0.0000
vn -0.3976 0.0437 -0.9165
vn -0.3976 0.0437 0.9165
vn 0.2496 0.9683 -0.0000
vn 0.3811 -0.1462 -0.9129
vn 0.3812 -0.1462 0.9129
vn 0.5684 -0.8228 -0.0000
vn -0.2502 -0.9682 -0.0000
vn 0.9007 0.4345 -0.0000
vn -0.5687 0.8225 -0.0000
vn -0.3729 0.1380 -0.9175
vn -0.3729 0.1380 0.9175
vn 0.4399 0.8980 -0.0000
vn 0.3305 -0.1687 -0.9286
vn 0.3305 -0.1687 0.9286
vn 0.9394 0.3429 -0.0000
vn -0.4794 0.8776 -0.0000
vn -0.3994 0.2066 -0.8932
vn -0.3995 0.2066 0.8932
vn 0.3505 0.9365 -0.0000
vn -0.9216 -0.3881 -0.0000
vn -0.3493 0.2057 -0.9142
vn -0.3493 0.2057 0.9142
vn 0.5249 -0.8512 -0.0000
vn -0.3499 -0.9368 -0.0000
vn 0.3539 -0.2012 -0.9134
vn 0.3539 -0.2012 0.9134
vn 0.4516 0.8922 -0.0000
vn -0.9446 -0.3282 -0.0000
vn -0.2270 0.4599 -0.8584
vn -0.2270 0.4600 0.8584
vn -0.4527 -0.8917 0.0003
vn 0.9444 0.3289 -0.0005
vn 0.4633 0.1611 -0.8714
vn 0.4631 0.1616 0.8714
vn -0.4830 0.8756 -0.0001
vn 0.0160 -0.8764 0.4812
vn 0.0082 0.7075 0.7067
vn 0.9410 0.0414 0.3358
vn 0.9424 -0.2479 0.2247
vn -0.9248 -0.3014 0.2323
vn -0.9293 0.1248 0.3477
vn 0.0311 0.2785 -0.9599
vn 0.9346 -0.1054 -0.3396
vn -0.9366 -0.0511 -0.3467
vn 0.0345 -0.2785 0.9598
vn -0.0068 0.8760 -0.4823
vn 0.0260 -0.7068 -0.7069
vn 0.8311 -0.3790 -0.4070
vn -0.8026 -0.4356 -0.4076
vn 0.0391 -0.3093 0.9502
vn 0.1084 0.8799 -0.4626
vn 0.9048 -0.2629 -0.3351
vn -0.9320 0.0980 -0.3490
vn -0.0382 -0.7070 -0.7062
vn -0.0908 -0.8833 0.4600
vn 0.1179 0.6987 0.7056
vn 0.9345 -0.1229 0.3342
vn -0.8929 0.2828 0.3503
vn 0.1082 0.2905 -0.9508
vn -0.0058 -0.3140 0.9494
vn 0.2826 0.8386 -0.4656
vn 0.8311 -0.4441 -0.3348
vn -0.8911 0.2891 -0.3498
vn -0.1682 -0.6885 -0.7055
vn -0.2604 -0.8475 0.4626
vn 0.2634 0.6580 0.7054
vn 0.8892 -0.3119 0.3348
vn -0.8152 0.4625 0.3488
vn 0.1819 0.2544 -0.9498
vn -0.0917 -0.3032 0.9485
vn 0.4338 0.7751 -0.4594
vn 0.7483 -0.5721 -0.3360
vn -0.8347 0.4274 -0.3472
vn -0.3040 -0.6397 -0.7060
vn -0.4220 -0.7849 0.4537
vn 0.3708 0.6030 0.7063
vn 0.8286 -0.4453 0.3392
vn -0.7395 0.5773 0.3462
vn 0.2065 0.2333 -0.9502
vn -0.1413 -0.2499 0.9579
vn 0.5126 0.7137 -0.4774
vn 0.9157 -0.3325 -0.2257
vn -0.5920 0.7720 -0.2316
vn -0.3969 -0.5857 -0.7067
vn 0.4212 0.5682 0.7069
vn 0.1880 0.2137 -0.9586
vn 0.8992 -0.1585 0.4078
vn -0.4132 0.8142 0.4079
vn -0.5062 -0.7184 0.4771
vn 0.0158 -0.8762 0.4818
vn 0.0080 0.7075 0.7067
vn 0.9410 0.0415 0.3358
vn 0.9421 -0.2483 0.2252
vn -0.9293 0.1247 0.3477
vn 0.0308 0.2785 -0.9599
vn -0.9366 -0.0512 -0.3467
vn 0.0346 -0.2779 0.9600
vn -0.0070 0.8760 -0.4823
vn 0.0254 -0.7068 -0.7069
vn 0.8308 -0.3793 -0.4073
vn -0.8025 -0.4356 -0.4077
vn 0.0392 -0.3091 0.9502
vn 0.1085 0.8799 -0.4626
vn -0.9320 0.0980 -0.3489
vn -0.0385 -0.7070 -0.7062
vn -0.0908 -0.8831 0.4602
vn 0.1182 0.6986 0.7057
vn 0.9344 -0.1230 0.3342
vn -0.8929 0.2828 0.3502
vn 0.1085 0.2903 -0.9508
vn -0.0059 -0.3142 0.9494
vn 0.2827 0.8386 -0.4656
vn 0.8310 -0.4442 -0.3348
vn -0.8911 0.2892 -0.3498
vn -0.1679 -0.6885 -0.7055
vn -0.2603 -0.8476 0.4624
vn 0.2636 0.6580 0.7054
vn 0.8891 -0.3120 0.3348
vn -0.8151 0.4625 0.3488
vn 0.1821 0.2543 -0.9498
vn -0.0919 -0.3035 0.9484
vn 0.7482 -0.5721 -0.3360
vn -0.8347 0.4275 -0.3472
vn -0.3038 -0.6398 -0.7059
vn -0.4221 -0.7850 0.4534
vn 0.8287 -0.4453 0.3392
vn -0.1414 -0.2497 0.9579
vn 0.5120 0.7141 -0.4774
vn 0.9158 -0.3326 -0.2253
vn -0.5923 0.7717 -0.2316
vn -0.3969 -0.5856 -0.7067
vn 0.4211 0.5683 0.7069
vn 0.1876 0.2141 -0.9586
vn 0.8992 -0.1584 0.4078
vn -0.4133 0.8141 0.4078
vn -0.5061 -0.7185 0.4771
vn 0.0160 -0.8764 0.4813
vn 0.0081 0.7075 0.7067
vn 0.9410 0.0415 0.3357
vn 0.0310 0.2785 -0.9599
vn 0.0345 -0.2784 0.9598
vn 0.1082 0.2905 -0.9507
vn -0.0059 -0.3140 0.9494
vn 0.2828 0.8386 -0.4656
vn 0.8310 -0.4441 -0.3348
vn -0.8911 0.2891 -0.3497
vn -0.1683 -0.6885 -0.7055
vn 0.2635 0.6580 0.7054
vn 0.8892 -0.3118 0.3348
vn -0.8152 0.4624 0.3488
vn 0.1821 0.2544 -0.9498
vn -0.0916 -0.3033 0.9485
vn 0.4336 0.7752 -0.4594
vn -0.3037 -0.6398 -0.7059
vn -0.4219 -0.7850 0.4536
vn 0.8287 -0.4452 0.3392
vn -0.7396 0.5773 0.3462
vn 0.2064 0.2333 -0.9503
vn -0.1415 -0.2500 0.9579
vn 0.5123 0.7139 -0.4773
vn 0.9156 -0.3330 -0.2253
vn -0.5920 0.7719 -0.2316
vn -0.3970 -0.5856 -0.7067
vn 0.4214 0.5681 0.7069
vn 0.1878 0.2140 -0.9586
vn 0.8991 -0.1588 0.4078
vn -0.4129 0.8143 0.4078
vn -0.6798 0.1848 0.7097
vn -0.0971 0.0289 -0.9949
vn -0.1251 0.9425 -0.3098
vn -0.1795 0.8944 0.4096
vn -0.6078 -0.6810 0.4084
vn -0.5851 -0.7500 -0.3083
vn 0.7521 -0.2018 0.6274
vn 0.5838 0.7518 0.3067
vn 0.1232 -0.9434 0.3080
vn 0.1002 -0.0272 0.9946
vn -0.7508 0.2066 -0.6274
vn 0.6822 -0.1828 -0.7079
vn 0.6066 0.6829 -0.4070
vn 0.1777 -0.8955 -0.4080
vn -0.6796 0.1846 0.7099
vn -0.0970 0.0291 -0.9949
vn -0.1252 0.9425 -0.3099
vn -0.1796 0.8943 0.4098
vn -0.5851 -0.7501 -0.3082
vn 0.7523 -0.2015 0.6272
vn 0.5836 0.7520 0.3064
vn 0.1231 -0.9434 0.3078
vn 0.1006 -0.0273 0.9945
vn -0.7508 0.2069 -0.6273
vn 0.6823 -0.1824 -0.7079
vn 0.6065 0.6832 -0.4068
vn 0.1777 -0.8956 -0.4079
vn -0.6800 0.1849 0.7096
vn -0.0973 0.0284 -0.9948
vn -0.1249 0.9426 -0.3097
vn -0.1794 0.8945 0.4096
vn -0.6079 -0.6810 0.4084
vn -0.5852 -0.7500 -0.3083
vn 0.7521 -0.2021 0.6274
vn 0.5839 0.7516 0.3067
vn 0.1000 -0.0272 0.9946
vn 0.6822 -0.1830 -0.7079
vn 0.6067 0.6828 -0.4070
vn 0.1776 -0.8956 -0.4080
vn -0.8791 -0.4766 -0.0000
vn -0.4223 -0.2573 0.8692
vn -0.4223 -0.2573 -0.8692
vn 0.6212 -0.7837 -0.0000
vn 0.3169 -0.3998 0.8601
vn 0.3169 -0.3998 -0.8601
vn -0.1385 -0.9904 -0.0000
vn 0.3492 0.9371 -0.0000
vn 0.4512 0.8924 -0.0001
vn -0.2269 0.4597 0.8586
vn -0.2270 0.4595 -0.8587
vn -0.9446 -0.3281 -0.0001
vn -0.4526 -0.8917 0.0001
vn -0.4831 0.8756 0.0003
vn 0.9443 0.3290 0.0003
vn 0.4629 0.1616 0.8716
vn -0.3975 0.0437 -0.9166
vn 0.9007 0.4343 -0.0000
vn 0.3508 0.9365 -0.0000
vn -0.3493 0.2055 0.9142
vn -0.3493 0.2056 -0.9142
vn -0.3497 -0.9368 -0.0001
vn 0.4517 0.8922 -0.0003
vn 0.4825 -0.8759 -0.0000
vn -0.2274 0.4602 0.8582
vn -0.2273 0.4604 -0.8581
vn -0.9446 -0.3282 0.0001
vn -0.4527 -0.8916 -0.0001
vn 0.9444 0.3289 0.0007
vn 0.4630 0.1610 0.8716
vn 0.4629 0.1616 -0.8715
vn 0.6215 -0.7834 -0.0000
vn -0.1384 -0.9904 -0.0000
vn -0.3995 0.2066 -0.8932
vn 0.3505 0.9366 -0.0000
vn -0.2270 0.4600 -0.8584
vn -0.4526 -0.8917 -0.0000
vn -0.4830 0.8756 -0.0000
vn 0.9444 0.3289 -0.0000
vn 0.4631 0.1613 0.8715
vn 0.4631 0.1613 -0.8715
vt 13.980800 -50.927799
vt 14.019200 -50.958199
vt 14.019200 -50.927799
vt 13.980800 -50.958199
vt 14.019200 -50.987701
vt 13.980800 -50.987701
vt 14.019200 -51.015499
vt 13.980800 -51.015499
vt 14.019200 -51.041698
vt 13.980800 -51.041698
vt 14.019200 -51.067001
vt 13.980800 -51.067001
vt 13.976900 -51.082001
vt 14.023100 -51.082001
vt 13.976900 -51.098099
vt 14.023100 -51.098099
vt 13.926100 -51.019199
vt 14.014700 -51.019199
vt 14.014700 -50.980801
vt 13.926100 -50.980801
vt 14.069800 -51.023102
vt 14.055400 -50.980801
vt 14.055400 -51.019199
vt 14.069800 -50.976898
vt 14.031800 -51.098099
vt 13.930200 -51.050900
vt 13.925500 -51.067001
vt 14.036600 -51.082001
vt 13.985900 -50.932301
vt 14.073900 -50.927799
vt 13.985300 -50.901901
vt 14.074500 -50.958199
vt 13.983300 -50.961800
vt 14.071900 -50.987701
vt 14.063800 -51.015499
vt 13.975200 -50.989700
vt 14.050100 -51.041698
vt 13.961500 -51.015900
vt 14.033200 -51.067001
vt 13.944600 -51.041199
vt 13.976900 -51.067001
vt 14.023100 -51.050900
vt 13.976900 -51.050900
vt 14.023100 -51.067001
vt 13.980800 -50.901901
vt 13.980800 -50.932301
vt 14.019200 -50.932301
vt 14.019200 -50.901901
vt 14.019200 -50.961800
vt 13.980800 -50.961800
vt 14.019200 -50.989700
vt 13.980800 -50.989700
vt 14.019200 -51.015900
vt 13.980800 -51.015900
vt 14.019200 -51.041199
vt 13.980800 -51.041199
vt 13.925500 -51.023102
vt 14.031800 -51.023102
vt 14.031800 -50.976898
vt 13.925500 -50.976898
vt 13.968200 -51.098099
vt 14.069800 -51.050900
vt 13.963400 -51.082001
vt 14.074500 -51.067001
vt 13.926100 -50.927799
vt 14.014100 -50.932301
vt 14.014700 -50.901901
vt 13.925500 -50.958199
vt 14.016700 -50.961800
vt 13.928100 -50.987701
vt 13.936200 -51.015499
vt 14.024800 -50.989700
vt 13.949900 -51.041698
vt 14.038500 -51.015900
vt 13.966800 -51.067001
vt 14.055400 -51.041199
vt 40.020500 1.054280
vt 39.979500 1.054280
vt 40.020500 1.028420
vt 39.979500 1.028420
vt 40.020500 1.000010
vt 39.979500 1.000010
vt 40.020500 0.973151
vt 39.979500 0.973151
vt 40.020500 0.947831
vt 39.979500 0.947831
vt 40.020500 0.926490
vt 39.979500 0.926490
vt 40.020500 1.062750
vt 39.979500 1.062750
vt 40.020500 1.036880
vt 39.979500 1.036880
vt 40.020500 1.008480
vt 39.979500 1.008480
vt 40.020500 0.981613
vt 39.979500 0.981613
vt 40.020500 0.956293
vt 39.979500 0.956293
vt 40.020500 0.934952
vt 39.979500 0.934952
vt 40.020500 1.071210
vt 39.979500 1.071210
vt 40.020500 1.045350
vt 39.979500 1.045350
vt 40.020500 1.016940
vt 39.979500 1.016940
vt 40.020500 0.990075
vt 39.979500 0.990075
vt 40.020500 0.964755
vt 39.979500 0.964755
vt 40.020500 0.943414
vt 39.979500 0.943414
vt 39.985699 0.979481
vt 39.985699 1.020520
vt 39.977798 0.979481
vt 39.977798 1.020520
vt 39.956699 0.979481
vt 39.956699 1.020520
vt 39.948799 0.979481
vt 39.948799 1.020520
vt 40.014702 0.979481
vt 40.014702 1.020520
vt 40.006802 0.979481
vt 40.006802 1.020520
vt 40.015099 1.039190
vt 40.022202 1.062750
vt 40.014301 1.065050
vt 40.022999 1.036880
vt 40.012600 1.010780
vt 40.012600 0.981613
vt 40.004700 0.983915
vt 39.999500 0.956293
vt 39.991600 0.958595
vt 39.984901 0.934952
vt 39.977001 0.937254
vt 40.044102 1.030720
vt 40.051201 1.054280
vt 40.043301 1.056590
vt 40.051998 1.028420
vt 40.041599 1.002320
vt 40.049400 1.000010
vt 40.033699 0.975453
vt 40.041599 0.973151
vt 40.028500 0.947831
vt 40.020599 0.950133
vt 40.013802 0.926490
vt 40.005901 0.928792
vt 39.986198 1.047650
vt 39.993198 1.071210
vt 39.985298 1.073510
vt 39.994099 1.045350
vt 39.983601 1.019240
vt 39.991501 1.016940
vt 39.975800 0.992377
vt 39.983601 0.990075
vt 39.970501 0.964755
vt 39.962601 0.967057
vt 39.955898 0.943414
vt 39.948002 0.945716
vt 39.979500 1.073510
vt 39.979500 1.047650
vt 40.020500 1.047650
vt 40.020500 1.073510
vt 40.020500 1.019240
vt 39.979500 1.019240
vt 40.020500 0.992377
vt 39.979500 0.992377
vt 40.020500 0.967057
vt 39.979500 0.967057
vt 40.020500 0.945716
vt 39.979500 0.945716
vt 39.979500 1.065050
vt 39.979500 1.039190
vt 40.020500 1.039190
vt 40.020500 1.065050
vt 40.020500 1.010780
vt 39.979500 1.010780
vt 40.020500 0.983915
vt 39.979500 0.983915
vt 40.020500 0.958595
vt 39.979500 0.958595
vt 40.020500 0.937254
vt 39.979500 0.937254
vt 39.979500 1.056590
vt 39.979500 1.030720
vt 40.020500 1.030720
vt 40.020500 1.056590
vt 40.020500 1.002320
vt 39.979500 1.002320
vt 40.020500 0.975453
vt 39.979500 0.975453
vt 40.020500 0.950133
vt 39.979500 0.950133
vt 40.020500 0.928792
vt 39.979500 0.928792
vt 39.984901 0.979481
vt 39.984901 1.020520
vt 39.977001 0.979481
vt 39.977001 1.020520
vt 40.013802 0.979481
vt 40.013802 1.020520
vt 40.005901 0.979481
vt 40.005901 1.020520
vt 39.955898 0.979481
vt 39.955898 1.020520
vt 39.948002 0.979481
vt 39.948002 1.020520
vt 39.977798 1.062750
vt 39.984901 1.039190
vt 39.985699 1.065050
vt 39.977001 1.036880
vt 39.987400 1.010780
vt 39.987400 0.981613
vt 39.995300 0.983915
vt 40.000500 0.956293
vt 40.008400 0.958595
vt 40.015099 0.934952
vt 40.022999 0.937254
vt 39.948799 1.054280
vt 39.955898 1.030720
vt 39.956699 1.056590
vt 39.948002 1.028420
vt 39.958401 1.002320
vt 39.950600 1.000010
vt 39.966301 0.975453
vt 39.958401 0.973151
vt 39.971500 0.947831
vt 39.979401 0.950133
vt 39.986198 0.926490
vt 39.994099 0.928792
vt 40.006802 1.071210
vt 40.013802 1.047650
vt 40.014702 1.073510
vt 40.005901 1.045350
vt 40.016399 1.019240
vt 40.008499 1.016940
vt 40.024200 0.992377
vt 40.016399 0.990075
vt 40.029499 0.964755
vt 40.037399 0.967057
vt 40.044102 0.943414
vt 40.051998 0.945716
s 1
f 501/1/1 502/2/2 3/2/3 1/1/4
f 502/2/2 501/1/1 2/1/5 4/2/6
f 502/2/2 503/3/7 5/3/8 3/2/3
f 503/3/7 502/2/2 4/2/6 6/3/9
f 503/3/7 501/1/1 1/1/4 5/3/8
f 501/1/1 503/3/7 6/3/9 2/1/5
f 504/2/10 505/1/11 1/1/4 3/2/3
f 505/1/11 504/2/10 4/2/6 2/1/5
f 505/1/11 506/4/12 7/4/13 1/1/4
f 506/4/12 505/1/11 2/1/5 8/4/14
f 506/4/12 504/2/10 3/2/3 7/4/13
f 504/2/10 506/4/12 8/4/14 4/2/6
f 507/4/15 508/5/16 9/5/17 7/4/13
f 508/5/16 507/4/15 8/4/14 10/5/18
f 508/5/16 509/2/19 3/2/3 9/5/17
f 509/2/19 508/5/16 10/5/18 4/2/6
f 509/2/19 507/4/15 7/4/13 3/2/3
f 507/4/15 509/2/19 4/2/6 8/4/14
f 510/5/20 511/4/21 7/4/13 9/5/17
f 511/4/21 510/5/20 10/5/18 8/4/14
f 511/4/21 512/6/22 11/6/23 7/4/13
f 512/6/22 511/4/21 8/4/14 12/6/24
f 512/6/22 510/5/20 9/5/17 11/6/23
f 510/5/20 512/6/22 12/6/24 10/5/18
f 513/6/25 514/7/26 13/7/27 11/6/23
f 514/7/26 513/6/25 12/6/24 14/7/28
f 514/7/26 515/5/29 9/5/17 13/7/27
f 515/5/29 514/7/26 14/7/28 10/5/18
f 515/5/29 513/6/25 11/6/23 9/5/17
f 513/6/25 515/5/29 10/5/18 12/6/24
f 516/7/30 517/6/31 11/6/23 13/7/27
f 517/6/31 516/7/30 14/7/28 12/6/24
f 517/6/31 518/8/32 15/8/33 11/6/23
f 518/8/32 517/6/31 12/6/24 16/8/34
f 518/8/32 516/7/30 13/7/27 15/8/33
f 516/7/30 518/8/32 16/8/34 14/7/28
f 519/7/35 520/8/36 15/8/33 13/7/27
f 520/8/36 519/7/35 14/7/28 16/8/34
f 520/8/36 521/9/37 17/9/38 15/8/33
f 521/9/37 520/8/36 16/8/34 18/9/39
f 521/9/37 519/7/35 13/7/27 17/9/38
f 519/7/35 521/9/37 18/9/39 14/7/28
f 522/9/40 523/8/41 15/8/33 17/9/38
f 523/8/41 522/9/40 18/9/39 16/8/34
f 523/8/41 524/10/42 19/10/43 15/8/33
f 524/10/42 523/8/41 16/8/34 20/10/44
f 524/10/42 522/9/40 17/9/38 19/10/43
f 522/9/40 524/10/42 20/10/44 18/9/39
f 525/9/45 526/10/46 19/10/43 17/9/38
f 526/10/46 525/9/45 18/9/39 20/10/44
f 526/10/46 527/11/47 21/11/48 19/10/43
f 527/11/47 526/10/46 20/10/44 22/11/49
f 527/11/47 525/9/45 17/9/38 21/11/48
f 525/9/45 527/11/47 22/11/49 18/9/39
f 528/11/50 529/10/51 19/10/43 21/11/48
f 529/10/51 528/11/50 22/11/49 20/10/44
f 529/10/51 530/12/52 23/12/53 19/10/43
f 530/12/52 529/10/51 20/10/44 24/12/54
f 530/12/52 528/11/50 21/11/48 23/12/53
f 528/11/50 530/12/52 24/12/54 22/11/49
f 531/11/55 532/12/56 23/12/53 21/11/48
f 532/12/56 531/11/55 22/11/49 24/12/54
f 532/12/56 533/13/57 25/13/58 23/12/53
f 533/13/57 532/12/56 24/12/54 26/13/59
f 533/13/57 531/11/55 21/11/48 25/13/58
f 531/11/55 533/13/57 26/13/59 22/11/49
f 534/13/60 535/14/61 27/14/62 25/13/58
f 535/14/61 534/13/60 26/13/59 28/14/63
f 535/14/61 536/11/64 21/11/48 27/14/62
f 536/11/64 535/14/61 28/14/63 22/11/49
f 536/11/64 534/13/60 25/13/58 21/11/48
f 534/13/60 536/11/64 22/11/49 26/13/59
f 537/15/65 538/16/66 31/16/67 29/15/68
f 538/16/66 537/15/65 30/15/69 32/16/70
f 538/16/66 539/14/71 33/14/72 31/16/67
f 539/14/71 538/16/66 32/16/70 34/14/73
f 539/14/71 537/15/65 29/15/68 33/14/72
f 537/15/65 539/14/71 34/14/73 30/15/69
f 540/14/74 541/13/75 35/13/76 33/14/72
f 541/13/75 540/14/74 34/14/73 36/13/77
f 541/13/75 542/15/78 29/15/68 35/13/76
f 542/15/78 541/13/75 36/13/77 30/15/69
f 542/15/78 540/14/74 33/14/72 29/15/68
f 540/14/74 542/15/78 30/15/69 34/14/73
f 543/17/79 544/18/80 39/18/81 37/17/82
f 544/18/80 543/17/79 38/17/83 40/18/84
f 544/18/80 545/19/85 41/19/86 39/18/81
f 545/19/85 544/18/80 40/18/84 42/19/87
f 545/19/85 543/17/79 37/17/82 41/19/86
f 543/17/79 545/19/85 42/19/87 38/17/83
f 546/17/88 547/19/89 41/19/86 37/17/82
f 547/19/89 546/17/88 38/17/83 42/19/87
f 547/19/89 548/20/90 43/20/91 41/19/86
f 548/20/90 547/19/89 42/19/87 44/20/92
f 548/20/90 546/17/88 37/17/82 43/20/91
f 546/17/88 548/20/90 44/20/92 38/17/83
f 549/21/93 550/22/94 45/22/95 49/21/96
f 550/22/94 549/21/93 50/21/97 46/22/98
f 550/22/94 551/23/99 47/23/100 45/22/95
f 551/23/99 550/22/94 46/22/98 48/23/101
f 551/23/99 549/21/93 49/21/96 47/23/100
f 549/21/93 551/23/99 48/23/101 50/21/97
f 552/22/102 553/21/103 49/21/96 45/22/95
f 553/21/103 552/22/102 46/22/98 50/21/97
f 553/21/103 554/24/104 51/24/105 49/21/96
f 554/24/104 553/21/103 50/21/97 52/24/106
f 554/24/104 552/22/102 45/22/95 51/24/105
f 552/22/102 554/24/104 52/24/106 46/22/98
f 555/25/107 556/26/108 55/26/109 53/25/110
f 556/26/108 555/25/107 54/25/111 56/26/112
f 556/26/108 557/27/113 57/27/114 55/26/109
f 557/27/113 556/26/108 56/26/112 58/27/115
f 557/27/113 555/25/107 53/25/110 57/27/114
f 555/25/107 557/27/113 58/27/115 54/25/111
f 558/26/116 559/25/117 53/25/110 55/26/109
f 559/25/117 558/26/116 56/26/112 54/25/111
f 559/25/117 560/28/118 59/28/119 53/25/110
f 560/28/118 559/25/117 54/25/111 60/28/120
f 560/28/118 558/26/116 55/26/109 59/28/119
f 558/26/116 560/28/118 60/28/120 56/26/112
f 561/29/121 562/30/122 63/30/123 61/29/124
f 562/30/122 561/29/121 62/29/125 64/30/126
f 562/30/122 563/31/127 65/31/128 63/30/123
f 563/31/127 562/30/122 64/30/126 66/31/129
f 563/31/127 561/29/121 61/29/124 65/31/128
f 561/29/121 563/31/127 66/31/129 62/29/125
f 564/30/130 565/29/131 61/29/124 63/30/123
f 565/29/131 564/30/130 64/30/126 62/29/125
f 565/29/131 566/32/132 67/32/133 61/29/124
f 566/32/132 565/29/131 62/29/125 68/32/134
f 566/32/132 564/30/130 63/30/123 67/32/133
f 564/30/130 566/32/132 68/32/134 64/30/126
f 567/33/135 568/32/136 67/32/133 69/33/137
f 568/32/136 567/33/135 70/33/138 68/32/134
f 568/32/136 569/29/139 61/29/124 67/32/133
f 569/29/139 568/32/136 68/32/134 62/29/125
f 569/29/139 567/33/135 69/33/137 61/29/124
f 567/33/135 569/29/139 62/29/125 70/33/138
f 570/32/140 571/33/141 69/33/137 67/32/133
f 571/33/141 570/32/140 68/32/134 70/33/138
f 571/33/141 572/34/142 71/34/143 69/33/137
f 572/34/142 571/33/141 70/33/138 72/34/144
f 572/34/142 570/32/140 67/32/133 71/34/143
f 570/32/140 572/34/142 72/34/144 68/32/134
f 573/35/145 574/34/146 71/34/143 73/35/147
f 574/34/146 573/35/145 74/35/148 72/34/144
f 574/34/146 575/33/149 69/33/137 71/34/143
f 575/33/149 574/34/146 72/34/144 70/33/138
f 575/33/149 573/35/145 73/35/147 69/33/137
f 573/35/145 575/33/149 70/33/138 74/35/148
f 576/36/150 577/35/151 73/35/147 75/36/152
f 577/35/151 576/36/150 76/36/153 74/35/148
f 577/35/151 578/33/154 69/33/137 73/35/147
f 578/33/154 577/35/151 74/35/148 70/33/138
f 578/33/154 576/36/150 75/36/152 69/33/137
f 576/36/150 578/33/154 70/33/138 76/36/153
f 579/37/155 580/35/156 73/35/147 77/37/157
f 580/35/156 579/37/155 78/37/158 74/35/148
f 580/35/156 581/36/159 75/36/152 73/35/147
f 581/36/159 580/35/156 74/35/148 76/36/153
f 581/36/159 579/37/155 77/37/157 75/36/152
f 579/37/155 581/36/159 76/36/153 78/37/158
f 582/38/160 583/37/161 77/37/157 79/38/162
f 583/37/161 582/38/160 80/38/163 78/37/158
f 583/37/161 584/36/164 75/36/152 77/37/157
f 584/36/164 583/37/161 78/37/158 76/36/153
f 584/36/164 582/38/160 79/38/162 75/36/152
f 582/38/160 584/36/164 76/36/153 80/38/163
f 585/39/165 586/37/166 77/37/157 81/39/167
f 586/37/166 585/39/165 82/39/168 78/37/158
f 586/37/166 587/38/169 79/38/162 77/37/157
f 587/38/169 586/37/166 78/37/158 80/38/163
f 587/38/169 585/39/165 81/39/167 79/38/162
f 585/39/165 587/38/169 80/38/163 82/39/168
f 588/40/170 589/39/171 81/39/167 83/40/172
f 589/39/171 588/40/170 84/40/173 82/39/168
f 589/39/171 590/38/174 79/38/162 81/39/167
f 590/38/174 589/39/171 82/39/168 80/38/163
f 590/38/174 588/40/170 83/40/172 79/38/162
f 588/40/170 590/38/174 80/38/163 84/40/173
f 591/40/175 592/28/176 85/28/177 83/40/172
f 592/28/176 591/40/175 84/40/173 86/28/178
f 592/28/176 593/39/179 81/39/167 85/28/177
f 593/39/179 592/28/176 86/28/178 82/39/168
f 593/39/179 591/40/175 83/40/172 81/39/167
f 591/40/175 593/39/179 82/39/168 84/40/173
f 594/28/180 595/40/181 83/40/172 85/28/177
f 595/40/181 594/28/180 86/28/178 84/40/173
f 595/40/181 596/26/182 87/26/183 83/40/172
f 596/26/182 595/40/181 84/40/173 88/26/184
f 596/26/182 594/28/180 85/28/177 87/26/183
f 594/28/180 596/26/182 88/26/184 86/28/178
f 597/41/185 598/42/186 91/42/187 89/41/188
f 598/42/186 597/41/185 90/41/189 92/42/190
f 598/42/186 599/43/191 93/43/192 91/42/187
f 599/43/191 598/42/186 92/42/190 94/43/193
f 599/43/191 597/41/185 89/41/188 93/43/192
f 597/41/185 599/43/191 94/43/193 90/41/189
f 600/42/194 601/41/195 89/41/188 91/42/187
f 601/41/195 600/42/194 92/42/190 90/41/189
f 601/41/195 602/44/196 95/44/197 89/41/188
f 602/44/196 601/41/195 90/41/189 96/44/198
f 602/44/196 600/42/194 91/42/187 95/44/197
f 600/42/194 602/44/196 96/44/198 92/42/190
f 603/45/199 604/46/200 99/46/201 97/45/202
f 604/46/200 603/45/199 98/45/203 100/46/204
f 604/46/200 605/47/205 101/47/206 99/46/201
f 605/47/205 604/46/200 100/46/204 102/47/207
f 605/47/205 603/45/199 97/45/202 101/47/206
f 603/45/199 605/47/205 102/47/207 98/45/203
f 606/45/208 607/47/209 101/47/206 97/45/202
f 607/47/209 606/45/208 98/45/203 102/47/207
f 607/47/209 608/48/210 103/48/211 101/47/206
f 608/48/210 607/47/209 102/47/207 104/48/212
f 608/48/210 606/45/208 97/45/202 103/48/211
f 606/45/208 608/48/210 104/48/212 98/45/203
f 609/46/213 610/49/214 105/49/215 99/46/201
f 610/49/214 609/46/213 100/46/204 106/49/216
f 610/49/214 611/47/217 101/47/206 105/49/215
f 611/47/217 610/49/214 106/49/216 102/47/207
f 611/47/217 609/46/213 99/46/201 101/47/206
f 609/46/213 611/47/217 102/47/207 100/46/204
f 612/46/218 613/50/219 107/50/220 99/46/201
f 613/50/219 612/46/218 100/46/204 108/50/221
f 613/50/219 614/49/222 105/49/215 107/50/220
f 614/49/222 613/50/219 108/50/221 106/49/216
f 614/49/222 612/46/218 99/46/201 105/49/215
f 612/46/218 614/49/222 106/49/216 100/46/204
f 615/50/223 616/51/224 109/51/225 107/50/220
f 616/51/224 615/50/223 108/50/221 110/51/226
f 616/51/224 617/49/227 105/49/215 109/51/225
f 617/49/227 616/51/224 110/51/226 106/49/216
f 617/49/227 615/50/223 107/50/220 105/49/215
f 615/50/223 617/49/227 106/49/216 108/50/221
f 618/50/228 619/52/229 111/52/230 107/50/220
f 619/52/229 618/50/228 108/50/221 112/52/231
f 619/52/229 620/51/232 109/51/225 111/52/230
f 620/51/232 619/52/229 112/52/231 110/51/226
f 620/51/232 618/50/228 107/50/220 109/51/225
f 618/50/228 620/51/232 110/51/226 108/50/221
f 621/52/233 622/53/234 113/53/235 111/52/230
f 622/53/234 621/52/233 112/52/231 114/53/236
f 622/53/234 623/51/237 109/51/225 113/53/235
f 623/51/237 622/53/234 114/53/236 110/51/226
f 623/51/237 621/52/233 111/52/230 109/51/225
f 621/52/233 623/51/237 110/51/226 112/52/231
f 624/52/238 625/54/239 115/54/240 111/52/230
f 625/54/239 624/52/238 112/52/231 116/54/241
f 625/54/239 626/53/242 113/53/235 115/54/240
f 626/53/242 625/54/239 116/54/241 114/53/236
f 626/53/242 624/52/238 111/52/230 113/53/235
f 624/52/238 626/53/242 114/53/236 112/52/231
f 627/54/243 628/55/244 117/55/245 115/54/240
f 628/55/244 627/54/243 116/54/241 118/55/246
f 628/55/244 629/53/247 113/53/235 117/55/245
f 629/53/247 628/55/244 118/55/246 114/53/236
f 629/53/247 627/54/243 115/54/240 113/53/235
f 627/54/243 629/53/247 114/53/236 116/54/241
f 630/54/248 631/56/249 119/56/250 115/54/240
f 631/56/249 630/54/248 116/54/241 120/56/251
f 631/56/249 632/55/252 117/55/245 119/56/250
f 632/55/252 631/56/249 120/56/251 118/55/246
f 632/55/252 630/54/248 115/54/240 117/55/245
f 630/54/248 632/55/252 118/55/246 116/54/241
f 633/57/253 634/58/254 123/58/255 121/57/256
f 634/58/254 633/57/253 122/57/257 124/58/258
f 634/58/254 635/59/259 125/59/260 123/58/255
f 635/59/259 634/58/254 124/58/258 126/59/261
f 635/59/259 633/57/253 121/57/256 125/59/260
f 633/57/253 635/59/259 126/59/261 122/57/257
f 636/57/262 637/59/263 125/59/260 121/57/256
f 637/59/263 636/57/262 122/57/257 126/59/261
f 637/59/263 638/60/264 127/60/265 125/59/260
f 638/60/264 637/59/263 126/59/261 128/60/266
f 638/60/264 636/57/262 121/57/256 127/60/265
f 636/57/262 638/60/264 128/60/266 122/57/257
f 639/61/117 640/62/116 131/62/112 129/61/111
f 640/62/116 639/61/117 130/61/110 132/62/109
f 640/62/116 641/63/118 133/63/120 131/62/112
f 641/63/118 640/62/116 132/62/109 134/63/119
f 641/63/118 639/61/117 129/61/111 133/63/120
f 639/61/117 641/63/118 134/63/119 130/61/110
f 642/62/267 643/61/268 129/61/111 131/62/112
f 643/61/268 642/62/267 132/62/109 130/61/110
f 643/61/268 644/64/269 135/64/270 129/61/111
f 644/64/269 643/61/268 130/61/110 136/64/271
f 644/64/269 642/62/267 131/62/112 135/64/270
f 642/62/267 644/64/269 136/64/271 132/62/109
f 645/65/122 646/66/121 139/66/125 137/65/126
f 646/66/121 645/65/122 138/65/123 140/66/124
f 646/66/121 647/67/127 141/67/129 139/66/125
f 647/67/127 646/66/121 140/66/124 142/67/128
f 647/67/127 645/65/122 137/65/126 141/67/129
f 645/65/122 647/67/127 142/67/128 138/65/123
f 648/66/131 649/65/130 137/65/126 139/66/125
f 649/65/130 648/66/131 140/66/124 138/65/123
f 649/65/130 650/68/132 143/68/134 137/65/126
f 650/68/132 649/65/130 138/65/123 144/68/133
f 650/68/132 648/66/131 139/66/125 143/68/134
f 648/66/131 650/68/132 144/68/133 140/66/124
f 651/68/136 652/69/135 145/69/138 143/68/134
f 652/69/135 651/68/136 144/68/133 146/69/137
f 652/69/135 653/66/139 139/66/125 145/69/138
f 653/66/139 652/69/135 146/69/137 140/66/124
f 653/66/139 651/68/136 143/68/134 139/66/125
f 651/68/136 653/66/139 140/66/124 144/68/133
f 654/69/141 655/68/140 143/68/134 145/69/138
f 655/68/140 654/69/141 146/69/137 144/68/133
f 655/68/140 656/70/142 147/70/144 143/68/134
f 656/70/142 655/68/140 144/68/133 148/70/143
f 656/70/142 654/69/141 145/69/138 147/70/144
f 654/69/141 656/70/142 148/70/143 146/69/137
f 657/71/145 658/69/149 145/69/138 149/71/148
f 658/69/149 657/71/145 150/71/147 146/69/137
f 658/69/149 659/70/146 147/70/144 145/69/138
f 659/70/146 658/69/149 146/69/137 148/70/143
f 659/70/146 657/71/145 149/71/148 147/70/144
f 657/71/145 659/70/146 148/70/143 150/71/147
f 660/69/154 661/71/151 149/71/148 145/69/138
f 661/71/151 660/69/154 146/69/137 150/71/147
f 661/71/151 662/72/150 151/72/153 149/71/148
f 662/72/150 661/71/151 150/71/147 152/72/152
f 662/72/150 660/69/154 145/69/138 151/72/153
f 660/69/154 662/72/150 152/72/152 146/69/137
f 663/73/155 664/72/159 151/72/153 153/73/272
f 664/72/159 663/73/155 154/73/273 152/72/152
f 664/72/159 665/71/156 149/71/148 151/72/153
f 665/71/156 664/72/159 152/72/152 150/71/147
f 665/71/156 663/73/155 153/73/272 149/71/148
f 663/73/155 665/71/156 150/71/147 154/73/273
f 666/72/164 667/73/161 153/73/272 151/72/153
f 667/73/161 666/72/164 152/72/152 154/73/273
f 667/73/161 668/74/160 155/74/274 153/73/272
f 668/74/160 667/73/161 154/73/273 156/74/275
f 668/74/160 666/72/164 151/72/153 155/74/274
f 666/72/164 668/74/160 156/74/275 152/72/152
f 669/75/276 670/74/277 155/74/274 157/75/278
f 670/74/277 669/75/276 158/75/279 156/74/275
f 670/74/277 671/73/280 153/73/272 155/74/274
f 671/73/280 670/74/277 156/74/275 154/73/273
f 671/73/280 669/75/276 157/75/278 153/73/272
f 669/75/276 671/73/280 154/73/273 158/75/279
f 672/74/281 673/75/282 157/75/278 155/74/274
f 673/75/282 672/74/281 156/74/275 158/75/279
f 673/75/282 674/76/283 159/76/284 157/75/278
f 674/76/283 673/75/282 158/75/279 160/76/285
f 674/76/283 672/74/281 155/74/274 159/76/284
f 672/74/281 674/76/283 160/76/285 156/74/275
f 675/63/286 676/76/287 159/76/284 161/63/288
f 676/76/287 675/63/286 162/63/289 160/76/285
f 676/76/287 677/75/290 157/75/278 159/76/284
f 677/75/290 676/76/287 160/76/285 158/75/279
f 677/75/290 675/63/286 161/63/288 157/75/278
f 675/63/286 677/75/290 158/75/279 162/63/289
f 678/63/291 679/62/292 163/62/293 161/63/288
f 679/62/292 678/63/291 162/63/289 164/62/294
f 679/62/292 680/76/295 159/76/284 163/62/293
f 680/76/295 679/62/292 164/62/294 160/76/285
f 680/76/295 678/63/291 161/63/288 159/76/284
f 678/63/291 680/76/295 160/76/285 162/63/289
f 681/77/296 682/78/297 167/78/298 165/77/299
f 682/78/297 681/77/296 166/77/300 168/78/301
f 682/78/297 683/79/302 169/79/303 167/78/298
f 683/79/302 682/78/297 168/78/301 170/79/304
f 683/79/302 681/77/296 165/77/299 169/79/303
f 681/77/296 683/79/302 170/79/304 166/77/300
f 684/79/305 685/78/306 167/78/298 169/79/303
f 685/78/306 684/79/305 170/79/304 168/78/301
f 685/78/306 686/80/307 171/80/308 167/78/298
f 686/80/307 685/78/306 168/78/301 172/80/309
f 686/80/307 684/79/305 169/79/303 171/80/308
f 684/79/305 686/80/307 172/80/309 170/79/304
f 687/80/310 688/81/311 173/81/312 171/80/308
f 688/81/311 687/80/310 172/80/309 174/81/313
f 688/81/311 689/79/314 169/79/303 173/81/312
f 689/79/314 688/81/311 174/81/313 170/79/304
f 689/79/314 687/80/310 171/80/308 169/79/303
f 687/80/310 689/79/314 170/79/304 172/80/309
f 690/81/315 691/80/316 171/80/308 173/81/312
f 691/80/316 690/81/315 174/81/313 172/80/309
f 691/80/316 692/82/317 175/82/318 171/80/308
f 692/82/317 691/80/316 172/80/309 176/82/319
f 692/82/317 690/81/315 173/81/312 175/82/318
f 690/81/315 692/82/317 176/82/319 174/81/313
f 693/81/320 694/82/321 175/82/318 173/81/312
f 694/82/321 693/81/320 174/81/313 176/82/319
f 694/82/321 695/83/322 177/83/323 175/82/318
f 695/83/322 694/82/321 176/82/319 178/83/324
f 695/83/322 693/81/320 173/81/312 177/83/323
f 693/81/320 695/83/322 178/83/324 174/81/313
f 696/83/325 697/82/326 175/82/318 177/83/323
f 697/82/326 696/83/325 178/83/324 176/82/319
f 697/82/326 698/84/327 179/84/328 175/82/318
f 698/84/327 697/82/326 176/82/319 180/84/329
f 698/84/327 696/83/325 177/83/323 179/84/328
f 696/83/325 698/84/327 180/84/329 178/83/324
f 699/83/330 700/84/331 179/84/328 177/83/323
f 700/84/331 699/83/330 178/83/324 180/84/329
f 700/84/331 701/85/332 181/85/333 179/84/328
f 701/85/332 700/84/331 180/84/329 182/85/334
f 701/85/332 699/83/330 177/83/323 181/85/333
f 699/83/330 701/85/332 182/85/334 178/83/324
f 702/85/335 703/84/336 179/84/328 181/85/333
f 703/84/336 702/85/335 182/85/334 180/84/329
f 703/84/336 704/86/337 183/86/338 179/84/328
f 704/86/337 703/84/336 180/84/329 184/86/339
f 704/86/337 702/85/335 181/85/333 183/86/338
f 702/85/335 704/86/337 184/86/339 182/85/334
f 705/85/340 706/86/341 183/86/338 181/85/333
f 706/86/341 705/85/340 182/85/334 184/86/339
f 706/86/341 707/87/342 185/87/343 183/86/338
f 707/87/342 706/86/341 184/86/339 186/87/344
f 707/87/342 705/85/340 181/85/333 185/87/343
f 705/85/340 707/87/342 186/87/344 182/85/334
f 708/87/345 709/86/346 183/86/338 185/87/343
f 709/86/346 708/87/345 186/87/344 184/86/339
f 709/86/346 710/88/347 187/88/348 183/86/338
f 710/88/347 709/86/346 184/86/339 188/88/349
f 710/88/347 708/87/345 185/87/343 187/88/348
f 708/87/345 710/88/347 188/88/349 186/87/344
f 711/89/296 712/90/350 191/90/351 189/89/299
f 712/90/350 711/89/296 190/89/300 192/90/352
f 712/90/350 713/91/353 193/91/354 191/90/351
f 713/91/353 712/90/350 192/90/352 194/91/304
f 713/91/353 711/89/296 189/89/299 193/91/354
f 711/89/296 713/91/353 194/91/304 190/89/300
f 714/91/305 715/90/355 191/90/351 193/91/354
f 715/90/355 714/91/305 194/91/304 192/90/352
f 715/90/355 716/92/356 195/92/357 191/90/351
f 716/92/356 715/90/355 192/90/352 196/92/358
f 716/92/356 714/91/305 193/91/354 195/92/357
f 714/91/305 716/92/356 196/92/358 194/91/304
f 717/91/359 718/92/360 195/92/357 193/91/354
f 718/92/360 717/91/359 194/91/304 196/92/358
f 718/92/360 719/93/311 197/93/361 195/92/357
f 719/93/311 718/92/360 196/92/358 198/93/362
f 719/93/311 717/91/359 193/91/354 197/93/361
f 717/91/359 719/93/311 198/93/362 194/91/304
f 720/93/315 721/92/363 195/92/357 197/93/361
f 721/92/363 720/93/315 198/93/362 196/92/358
f 721/92/363 722/94/317 199/94/318 195/92/357
f 722/94/317 721/92/363 196/92/358 200/94/364
f 722/94/317 720/93/315 197/93/361 199/94/318
f 720/93/315 722/94/317 200/94/364 198/93/362
f 723/94/365 724/95/366 201/95/367 199/94/318
f 724/95/366 723/94/365 200/94/364 202/95/324
f 724/95/366 725/93/368 197/93/361 201/95/367
f 725/93/368 724/95/366 202/95/324 198/93/362
f 725/93/368 723/94/365 199/94/318 197/93/361
f 723/94/365 725/93/368 198/93/362 200/94/364
f 726/95/369 727/94/326 199/94/318 201/95/367
f 727/94/326 726/95/369 202/95/324 200/94/364
f 727/94/326 728/96/370 203/96/371 199/94/318
f 728/96/370 727/94/326 200/94/364 204/96/372
f 728/96/370 726/95/369 201/95/367 203/96/371
f 726/95/369 728/96/370 204/96/372 202/95/324
f 729/95/373 730/96/374 203/96/371 201/95/367
f 730/96/374 729/95/373 202/95/324 204/96/372
f 730/96/374 731/97/375 205/97/376 203/96/371
f 731/97/375 730/96/374 204/96/372 206/97/377
f 731/97/375 729/95/373 201/95/367 205/97/376
f 729/95/373 731/97/375 206/97/377 202/95/324
f 732/97/378 733/96/379 203/96/371 205/97/376
f 733/96/379 732/97/378 206/97/377 204/96/372
f 733/96/379 734/98/380 207/98/338 203/96/371
f 734/98/380 733/96/379 204/96/372 208/98/381
f 734/98/380 732/97/378 205/97/376 207/98/338
f 732/97/378 734/98/380 208/98/381 206/97/377
f 735/97/382 736/98/383 207/98/338 205/97/376
f 736/98/383 735/97/382 206/97/377 208/98/381
f 736/98/383 737/99/384 209/99/385 207/98/338
f 737/99/384 736/98/383 208/98/381 210/99/386
f 737/99/384 735/97/382 205/97/376 209/99/385
f 735/97/382 737/99/384 210/99/386 206/97/377
f 738/99/387 739/98/346 207/98/338 209/99/385
f 739/98/346 738/99/387 210/99/386 208/98/381
f 739/98/346 740/100/388 211/100/389 207/98/338
f 740/100/388 739/98/346 208/98/381 212/100/390
f 740/100/388 738/99/387 209/99/385 211/100/389
f 738/99/387 740/100/388 212/100/390 210/99/386
f 741/101/391 742/102/392 215/102/393 213/101/394
f 742/102/392 741/101/391 214/101/395 216/102/352
f 742/102/392 743/103/396 217/103/303 215/102/393
f 743/103/396 742/102/392 216/102/352 218/103/397
f 743/103/396 741/101/391 213/101/394 217/103/303
f 741/101/391 743/103/396 218/103/397 214/101/395
f 744/103/398 745/102/399 215/102/393 217/103/303
f 745/102/399 744/103/398 218/103/397 216/102/352
f 745/102/399 746/104/400 219/104/357 215/102/393
f 746/104/400 745/102/399 216/102/352 220/104/401
f 746/104/400 744/103/398 217/103/303 219/104/357
f 744/103/398 746/104/400 220/104/401 218/103/397
f 747/104/402 748/105/311 221/105/361 219/104/357
f 748/105/311 747/104/402 220/104/401 222/105/313
f 748/105/311 749/103/403 217/103/303 221/105/361
f 749/103/403 748/105/311 222/105/313 218/103/397
f 749/103/403 747/104/402 219/104/357 217/103/303
f 747/104/402 749/103/403 218/103/397 220/104/401
f 750/105/404 751/104/405 219/104/357 221/105/361
f 751/104/405 750/105/404 222/105/313 220/104/401
f 751/104/405 752/106/406 223/106/318 219/104/357
f 752/106/406 751/104/405 220/104/401 224/106/319
f 752/106/406 750/105/404 221/105/361 223/106/318
f 750/105/404 752/106/406 224/106/319 222/105/313
f 753/106/365 754/107/407 225/107/408 223/106/318
f 754/107/407 753/106/365 224/106/319 226/107/409
f 754/107/407 755/105/368 221/105/361 225/107/408
f 755/105/368 754/107/407 226/107/409 222/105/313
f 755/105/368 753/106/365 223/106/318 221/105/361
f 753/106/365 755/105/368 222/105/313 224/106/319
f 756/107/410 757/106/411 223/106/318 225/107/408
f 757/106/411 756/107/410 226/107/409 224/106/319
f 757/106/411 758/108/412 227/108/328 223/106/318
f 758/108/412 757/106/411 224/106/319 228/108/329
f 758/108/412 756/107/410 225/107/408 227/108/328
f 756/107/410 758/108/412 228/108/329 226/107/409
f 759/107/413 760/108/414 227/108/328 225/107/408
f 760/108/414 759/107/413 226/107/409 228/108/329
f 760/108/414 761/109/375 229/109/415 227/108/328
f 761/109/375 760/108/414 228/108/329 230/109/416
f 761/109/375 759/107/413 225/107/408 229/109/415
f 759/107/413 761/109/375 230/109/416 226/107/409
f 762/109/417 763/108/336 227/108/328 229/109/415
f 763/108/336 762/109/417 230/109/416 228/108/329
f 763/108/336 764/110/337 231/110/418 227/108/328
f 764/110/337 763/108/336 228/108/329 232/110/419
f 764/110/337 762/109/417 229/109/415 231/110/418
f 762/109/417 764/110/337 232/110/419 230/109/416
f 765/109/382 766/110/341 231/110/418 229/109/415
f 766/110/341 765/109/382 230/109/416 232/110/419
f 766/110/341 767/111/420 233/111/421 231/110/418
f 767/111/420 766/110/341 232/110/419 234/111/422
f 767/111/420 765/109/382 229/109/415 233/111/421
f 765/109/382 767/111/420 234/111/422 230/109/416
f 768/111/423 769/110/346 231/110/418 233/111/421
f 769/110/346 768/111/423 234/111/422 232/110/419
f 769/110/346 770/112/388 235/112/389 231/110/418
f 770/112/388 769/110/346 232/110/419 236/112/390
f 770/112/388 768/111/423 233/111/421 235/112/389
f 768/111/423 770/112/388 236/112/390 234/111/422
f 771/113/424 772/114/425 239/114/426 237/113/427
f 772/114/425 771/113/424 238/113/428 240/114/429
f 772/114/425 773/115/430 241/115/431 239/114/426
f 773/115/430 772/114/425 240/114/429 242/115/432
f 773/115/430 771/113/424 237/113/427 241/115/431
f 771/113/424 773/115/430 242/115/432 238/113/428
f 774/115/433 775/114/434 239/114/426 241/115/431
f 775/114/434 774/115/433 242/115/432 240/114/429
f 775/114/434 776/116/435 243/116/436 239/114/426
f 776/116/435 775/114/434 240/114/429 244/116/437
f 776/116/435 774/115/433 241/115/431 243/116/436
f 774/115/433 776/116/435 244/116/437 242/115/432
f 777/117/438 778/118/439 247/118/440 245/117/441
f 778/118/439 777/117/438 246/117/428 248/118/442
f 778/118/439 779/119/443 249/119/444 247/118/440
f 779/119/443 778/118/439 248/118/442 250/119/445
f 779/119/443 777/117/438 245/117/441 249/119/444
f 777/117/438 779/119/443 250/119/445 246/117/428
f 780/119/446 781/118/447 247/118/440 249/119/444
f 781/118/447 780/119/446 250/119/445 248/118/442
f 781/118/447 782/120/448 251/120/449 247/118/440
f 782/120/448 781/118/447 248/118/442 252/120/450
f 782/120/448 780/119/446 249/119/444 251/120/449
f 780/119/446 782/120/448 252/120/450 250/119/445
f 783/121/451 784/122/452 255/122/453 253/121/454
f 784/122/452 783/121/451 254/121/455 256/122/456
f 784/122/452 785/123/457 257/123/458 255/122/453
f 785/123/457 784/122/452 256/122/456 258/123/459
f 785/123/457 783/121/451 253/121/454 257/123/458
f 783/121/451 785/123/457 258/123/459 254/121/455
f 786/123/460 787/122/461 255/122/453 257/123/458
f 787/122/461 786/123/460 258/123/459 256/122/456
f 787/122/461 788/124/462 259/124/463 255/122/453
f 788/124/462 787/122/461 256/122/456 260/124/464
f 788/124/462 786/123/460 257/123/458 259/124/463
f 786/123/460 788/124/462 260/124/464 258/123/459
f 789/125/465 790/126/466 263/126/467 261/125/468
f 790/126/466 789/125/465 262/125/469 264/126/470
f 790/126/466 791/127/471 265/127/472 263/126/467
f 791/127/471 790/126/466 264/126/470 266/127/473
f 791/127/471 789/125/465 261/125/468 265/127/472
f 789/125/465 791/127/471 266/127/473 262/125/469
f 792/126/474 793/125/475 261/125/468 263/126/467
f 793/125/475 792/126/474 264/126/470 262/125/469
f 793/125/475 794/128/476 267/128/477 261/125/468
f 794/128/476 793/125/475 262/125/469 268/128/478
f 794/128/476 792/126/474 263/126/467 267/128/477
f 792/126/474 794/128/476 268/128/478 264/126/470
f 795/129/479 796/128/480 267/128/477 269/129/481
f 796/128/480 795/129/479 270/129/482 268/128/478
f 796/128/480 797/125/483 261/125/468 267/128/477
f 797/125/483 796/128/480 268/128/478 262/125/469
f 797/125/483 795/129/479 269/129/481 261/125/468
f 795/129/479 797/125/483 262/125/469 270/129/482
f 798/128/484 799/129/485 269/129/481 267/128/477
f 799/129/485 798/128/484 268/128/478 270/129/482
f 799/129/485 800/93/486 271/93/487 269/129/481
f 800/93/486 799/129/485 270/129/482 272/93/488
f 800/93/486 798/128/484 267/128/477 271/93/487
f 798/128/484 800/93/486 272/93/488 268/128/478
f 801/130/489 802/93/490 271/93/487 273/130/491
f 802/93/490 801/130/489 274/130/492 272/93/488
f 802/93/490 803/129/493 269/129/481 271/93/487
f 803/129/493 802/93/490 272/93/488 270/129/482
f 803/129/493 801/130/489 273/130/491 269/129/481
f 801/130/489 803/129/493 270/129/482 274/130/492
f 804/129/494 805/131/495 275/131/496 269/129/481
f 805/131/495 804/129/494 270/129/482 276/131/497
f 805/131/495 806/130/498 273/130/491 275/131/496
f 806/130/498 805/131/495 276/131/497 274/130/492
f 806/130/498 804/129/494 269/129/481 273/130/491
f 804/129/494 806/130/498 274/130/492 270/129/482
f 807/132/499 808/130/500 273/130/491 277/132/501
f 808/130/500 807/132/499 278/132/502 274/130/492
f 808/130/500 809/131/503 275/131/496 273/130/491
f 809/131/503 808/130/500 274/130/492 276/131/497
f 809/131/503 807/132/499 277/132/501 275/131/496
f 807/132/499 809/131/503 276/131/497 278/132/502
f 810/131/504 811/133/505 279/133/506 275/131/496
f 811/133/505 810/131/504 276/131/497 280/133/507
f 811/133/505 812/132/508 277/132/501 279/133/506
f 812/132/508 811/133/505 280/133/507 278/132/502
f 812/132/508 810/131/504 275/131/496 277/132/501
f 810/131/504 812/132/508 278/132/502 276/131/497
f 813/134/509 814/132/510 277/132/501 281/134/511
f 814/132/510 813/134/509 282/134/512 278/132/502
f 814/132/510 815/133/513 279/133/506 277/132/501
f 815/133/513 814/132/510 278/132/502 280/133/507
f 815/133/513 813/134/509 281/134/511 279/133/506
f 813/134/509 815/133/513 280/133/507 282/134/512
f 816/133/514 817/135/515 283/135/516 279/133/506
f 817/135/515 816/133/514 280/133/507 284/135/517
f 817/135/515 818/134/518 281/134/511 283/135/516
f 818/134/518 817/135/515 284/135/517 282/134/512
f 818/134/518 816/133/514 279/133/506 281/134/511
f 816/133/514 818/134/518 282/134/512 280/133/507
f 819/136/519 820/137/520 287/137/521 285/136/522
f 820/137/520 819/136/519 286/136/523 288/137/524
f 820/137/520 821/138/525 289/138/526 287/137/521
f 821/138/525 820/137/520 288/137/524 290/138/527
f 821/138/525 819/136/519 285/136/522 289/138/526
f 819/136/519 821/138/525 290/138/527 286/136/523
f 822/137/528 823/136/529 285/136/522 287/137/521
f 823/136/529 822/137/528 288/137/524 286/136/523
f 823/136/529 824/139/530 291/139/477 285/136/522
f 824/139/530 823/136/529 286/136/523 292/139/478
f 824/139/530 822/137/528 287/137/521 291/139/477
f 822/137/528 824/139/530 292/139/478 288/137/524
f 825/140/531 826/139/532 291/139/477 293/140/533
f 826/139/532 825/140/531 294/140/534 292/139/478
f 826/139/532 827/136/483 285/136/522 291/139/477
f 827/136/483 826/139/532 292/139/478 286/136/523
f 827/136/483 825/140/531 293/140/533 285/136/522
f 825/140/531 827/136/483 286/136/523 294/140/534
f 828/139/535 829/140/536 293/140/533 291/139/477
f 829/140/536 828/139/535 292/139/478 294/140/534
f 829/140/536 830/141/537 295/141/538 293/140/533
f 830/141/537 829/140/536 294/140/534 296/141/539
f 830/141/537 828/139/535 291/139/477 295/141/538
f 828/139/535 830/141/537 296/141/539 292/139/478
f 831/142/540 832/141/541 295/141/538 297/142/542
f 832/141/541 831/142/540 298/142/543 296/141/539
f 832/141/541 833/140/544 293/140/533 295/141/538
f 833/140/544 832/141/541 296/141/539 294/140/534
f 833/140/544 831/142/540 297/142/542 293/140/533
f 831/142/540 833/140/544 294/140/534 298/142/543
f 834/141/545 835/142/546 297/142/542 295/141/538
f 835/142/546 834/141/545 296/141/539 298/142/543
f 835/142/546 836/143/547 299/143/548 297/142/542
f 836/143/547 835/142/546 298/142/543 300/143/549
f 836/143/547 834/141/545 295/141/538 299/143/548
f 834/141/545 836/143/547 300/143/549 296/141/539
f 837/144/550 838/143/551 299/143/548 301/144/552
f 838/143/551 837/144/550 302/144/553 300/143/549
f 838/143/551 839/142/554 297/142/542 299/143/548
f 839/142/554 838/143/551 300/143/549 298/142/543
f 839/142/554 837/144/550 301/144/552 297/142/542
f 837/144/550 839/142/554 298/142/543 302/144/553
f 840/142/555 841/145/556 303/145/557 297/142/542
f 841/145/556 840/142/555 298/142/543 304/145/558
f 841/145/556 842/144/559 301/144/552 303/145/557
f 842/144/559 841/145/556 304/145/558 302/144/553
f 842/144/559 840/142/555 297/142/542 301/144/552
f 840/142/555 842/144/559 302/144/553 298/142/543
f 843/146/560 844/144/561 301/144/552 305/146/562
f 844/144/561 843/146/560 306/146/563 302/144/553
f 844/144/561 845/145/564 303/145/557 301/144/552
f 845/145/564 844/144/561 302/144/553 304/145/558
f 845/145/564 843/146/560 305/146/562 303/145/557
f 843/146/560 845/145/564 304/145/558 306/146/563
f 846/145/565 847/147/566 307/147/567 303/145/557
f 847/147/566 846/145/565 304/145/558 308/147/568
f 847/147/566 848/146/569 305/146/562 307/147/567
f 848/146/569 847/147/566 308/147/568 306/146/563
f 848/146/569 846/145/565 303/145/557 305/146/562
f 846/145/565 848/146/569 306/146/563 304/145/558
f 849/148/570 850/149/571 311/149/572 309/148/573
f 850/149/571 849/148/570 310/148/574 312/149/575
f 850/149/571 851/150/576 313/150/577 311/149/572
f 851/150/576 850/149/571 312/149/575 314/150/578
f 851/150/576 849/148/570 309/148/573 313/150/577
f 849/148/570 851/150/576 314/150/578 310/148/574
f 852/149/579 853/148/580 309/148/573 311/149/572
f 853/148/580 852/149/579 312/149/575 310/148/574
f 853/148/580 854/151/581 315/151/582 309/148/573
f 854/151/581 853/148/580 310/148/574 316/151/583
f 854/151/581 852/149/579 311/149/572 315/151/582
f 852/149/579 854/151/581 316/151/583 312/149/575
f 855/152/584 856/151/532 315/151/582 317/152/585
f 856/151/532 855/152/584 318/152/586 316/151/583
f 856/151/532 857/148/587 309/148/573 315/151/582
f 857/148/587 856/151/532 316/151/583 310/148/574
f 857/148/587 855/152/584 317/152/585 309/148/573
f 855/152/584 857/148/587 310/148/574 318/152/586
f 858/151/588 859/152/589 317/152/585 315/151/582
f 859/152/589 858/151/588 316/151/583 318/152/586
f 859/152/589 860/153/590 319/153/591 317/152/585
f 860/153/590 859/152/589 318/152/586 320/153/592
f 860/153/590 858/151/588 315/151/582 319/153/591
f 858/151/588 860/153/590 320/153/592 316/151/583
f 861/154/593 862/153/541 319/153/591 321/154/594
f 862/153/541 861/154/593 322/154/595 320/153/592
f 862/153/541 863/152/544 317/152/585 319/153/591
f 863/152/544 862/153/541 320/153/592 318/152/586
f 863/152/544 861/154/593 321/154/594 317/152/585
f 861/154/593 863/152/544 318/152/586 322/154/595
f 864/153/545 865/154/596 321/154/594 319/153/591
f 865/154/596 864/153/545 320/153/592 322/154/595
f 865/154/596 866/155/597 323/155/598 321/154/594
f 866/155/597 865/154/596 322/154/595 324/155/599
f 866/155/597 864/153/545 319/153/591 323/155/598
f 864/153/545 866/155/597 324/155/599 320/153/592
f 867/156/600 868/155/601 323/155/598 325/156/602
f 868/155/601 867/156/600 326/156/603 324/155/599
f 868/155/601 869/154/604 321/154/594 323/155/598
f 869/154/604 868/155/601 324/155/599 322/154/595
f 869/154/604 867/156/600 325/156/602 321/154/594
f 867/156/600 869/154/604 322/154/595 326/156/603
f 870/154/605 871/157/556 327/157/606 321/154/594
f 871/157/556 870/154/605 322/154/595 328/157/607
f 871/157/556 872/156/508 325/156/602 327/157/606
f 872/156/508 871/157/556 328/157/607 326/156/603
f 872/156/508 870/154/605 321/154/594 325/156/602
f 870/154/605 872/156/508 326/156/603 322/154/595
f 873/158/608 874/156/609 325/156/602 329/158/610
f 874/156/609 873/158/608 330/158/611 326/156/603
f 874/156/609 875/157/513 327/157/606 325/156/602
f 875/157/513 874/156/609 326/156/603 328/157/607
f 875/157/513 873/158/608 329/158/610 327/157/606
f 873/158/608 875/157/513 328/157/607 330/158/611
f 876/157/612 877/159/613 331/159/614 327/157/606
f 877/159/613 876/157/612 328/157/607 332/159/615
f 877/159/613 878/158/616 329/158/610 331/159/614
f 878/158/616 877/159/613 332/159/615 330/158/611
f 878/158/616 876/157/612 327/157/606 329/158/610
f 876/157/612 878/158/616 330/158/611 328/157/607
f 879/160/617 880/161/618 335/161/619 333/160/620
f 880/161/618 879/160/617 334/160/621 336/161/622
f 880/161/618 881/162/623 337/162/624 335/161/619
f 881/162/623 880/161/618 336/161/622 338/162/625
f 881/162/623 879/160/617 333/160/620 337/162/624
f 879/160/617 881/162/623 338/162/625 334/160/621
f 882/160/626 883/162/627 337/162/624 333/160/620
f 883/162/627 882/160/626 334/160/621 338/162/625
f 883/162/627 884/163/628 339/163/629 337/162/624
f 884/163/628 883/162/627 338/162/625 340/163/630
f 884/163/628 882/160/626 333/160/620 339/163/629
f 882/160/626 884/163/628 340/163/630 334/160/621
f 885/161/631 886/164/632 341/164/633 335/161/619
f 886/164/632 885/161/631 336/161/622 342/164/634
f 886/164/632 887/162/635 337/162/624 341/164/633
f 887/162/635 886/164/632 342/164/634 338/162/625
f 887/162/635 885/161/631 335/161/619 337/162/624
f 885/161/631 887/162/635 338/162/625 336/161/622
f 888/161/636 889/165/637 343/165/638 335/161/619
f 889/165/637 888/161/636 336/161/622 344/165/639
f 889/165/637 890/164/640 341/164/633 343/165/638
f 890/164/640 889/165/637 344/165/639 342/164/634
f 890/164/640 888/161/636 335/161/619 341/164/633
f 888/161/636 890/164/640 342/164/634 336/161/622
f 891/165/641 892/166/642 345/166/643 343/165/638
f 892/166/642 891/165/641 344/165/639 346/166/644
f 892/166/642 893/164/645 341/164/633 345/166/643
f 893/164/645 892/166/642 346/166/644 342/164/634
f 893/164/645 891/165/641 343/165/638 341/164/633
f 891/165/641 893/164/645 342/164/634 344/165/639
f 894/165/646 895/167/647 347/167/648 343/165/638
f 895/167/647 894/165/646 344/165/639 348/167/649
f 895/167/647 896/166/650 345/166/643 347/167/648
f 896/166/650 895/167/647 348/167/649 346/166/644
f 896/166/650 894/165/646 343/165/638 345/166/643
f 894/165/646 896/166/650 346/166/644 344/165/639
f 897/167/651 898/168/652 349/168/653 347/167/648
f 898/168/652 897/167/651 348/167/649 350/168/654
f 898/168/652 899/166/655 345/166/643 349/168/653
f 899/166/655 898/168/652 350/168/654 346/166/644
f 899/166/655 897/167/651 347/167/648 345/166/643
f 897/167/651 899/166/655 346/166/644 348/167/649
f 900/167/656 901/169/657 351/169/658 347/167/648
f 901/169/657 900/167/656 348/167/649 352/169/659
f 901/169/657 902/168/660 349/168/653 351/169/658
f 902/168/660 901/169/657 352/169/659 350/168/654
f 902/168/660 900/167/656 347/167/648 349/168/653
f 900/167/656 902/168/660 350/168/654 348/167/649
f 903/169/661 904/170/662 353/170/663 351/169/658
f 904/170/662 903/169/661 352/169/659 354/170/664
f 904/170/662 905/168/665 349/168/653 353/170/663
f 905/168/665 904/170/662 354/170/664 350/168/654
f 905/168/665 903/169/661 351/169/658 349/168/653
f 903/169/661 905/168/665 350/168/654 352/169/659
f 906/171/666 907/170/667 353/170/663 355/171/668
f 907/170/667 906/171/666 356/171/669 354/170/664
f 907/170/667 908/169/670 351/169/658 353/170/663
f 908/169/670 907/170/667 354/170/664 352/169/659
f 908/169/670 906/171/666 355/171/668 351/169/658
f 906/171/666 908/169/670 352/169/659 356/171/669
f 909/172/671 910/173/672 359/173/673 357/172/674
f 910/173/672 909/172/671 358/172/621 360/173/675
f 910/173/672 911/174/676 361/174/624 359/173/673
f 911/174/676 910/173/672 360/173/675 362/174/677
f 911/174/676 909/172/671 357/172/674 361/174/624
f 909/172/671 911/174/676 362/174/677 358/172/621
f 912/172/678 913/174/679 361/174/624 357/172/674
f 913/174/679 912/172/678 358/172/621 362/174/677
f 913/174/679 914/175/680 363/175/681 361/174/624
f 914/175/680 913/174/679 362/174/677 364/175/682
f 914/175/680 912/172/678 357/172/674 363/175/681
f 912/172/678 914/175/680 364/175/682 358/172/621
f 915/173/683 916/176/684 365/176/633 359/173/673
f 916/176/684 915/173/683 360/173/675 366/176/685
f 916/176/684 917/174/686 361/174/624 365/176/633
f 917/174/686 916/176/684 366/176/685 362/174/677
f 917/174/686 915/173/683 359/173/673 361/174/624
f 915/173/683 917/174/686 362/174/677 360/173/675
f 918/173/687 919/177/688 367/177/689 359/173/673
f 919/177/688 918/173/687 360/173/675 368/177/690
f 919/177/688 920/176/691 365/176/633 367/177/689
f 920/176/691 919/177/688 368/177/690 366/176/685
f 920/176/691 918/173/687 359/173/673 365/176/633
f 918/173/687 920/176/691 366/176/685 360/173/675
f 921/177/692 922/178/693 369/178/694 367/177/689
f 922/178/693 921/177/692 368/177/690 370/178/695
f 922/178/693 923/176/696 365/176/633 369/178/694
f 923/176/696 922/178/693 370/178/695 366/176/685
f 923/176/696 921/177/692 367/177/689 365/176/633
f 921/177/692 923/176/696 366/176/685 368/177/690
f 924/177/697 925/179/698 371/179/699 367/177/689
f 925/179/698 924/177/697 368/177/690 372/179/700
f 925/179/698 926/178/701 369/178/694 371/179/699
f 926/178/701 925/179/698 372/179/700 370/178/695
f 926/178/701 924/177/697 367/177/689 369/178/694
f 924/177/697 926/178/701 370/178/695 368/177/690
f 927/179/702 928/180/652 373/180/703 371/179/699
f 928/180/652 927/179/702 372/179/700 374/180/704
f 928/180/652 929/178/705 369/178/694 373/180/703
f 929/178/705 928/180/652 374/180/704 370/178/695
f 929/178/705 927/179/702 371/179/699 369/178/694
f 927/179/702 929/178/705 370/178/695 372/179/700
f 930/179/706 931/181/657 375/181/707 371/179/699
f 931/181/657 930/179/706 372/179/700 376/181/659
f 931/181/657 932/180/660 373/180/703 375/181/707
f 932/180/660 931/181/657 376/181/659 374/180/704
f 932/180/660 930/179/706 371/179/699 373/180/703
f 930/179/706 932/180/660 374/180/704 372/179/700
f 933/181/708 934/182/709 377/182/710 375/181/707
f 934/182/709 933/181/708 376/181/659 378/182/711
f 934/182/709 935/180/712 373/180/703 377/182/710
f 935/180/712 934/182/709 378/182/711 374/180/704
f 935/180/712 933/181/708 375/181/707 373/180/703
f 933/181/708 935/180/712 374/180/704 376/181/659
f 936/183/713 937/182/714 377/182/710 379/183/715
f 937/182/714 936/183/713 380/183/716 378/182/711
f 937/182/714 938/181/717 375/181/707 377/182/710
f 938/181/717 937/182/714 378/182/711 376/181/659
f 938/181/717 936/183/713 379/183/715 375/181/707
f 936/183/713 938/181/717 376/181/659 380/183/716
f 939/184/718 940/185/719 383/185/720 381/184/620
f 940/185/719 939/184/718 382/184/621 384/185/622
f 940/185/719 941/186/721 385/186/624 383/185/720
f 941/186/721 940/185/719 384/185/622 386/186/625
f 941/186/721 939/184/718 381/184/620 385/186/624
f 939/184/718 941/186/721 386/186/625 382/184/621
f 942/184/722 943/186/627 385/186/624 381/184/620
f 943/186/627 942/184/722 382/184/621 386/186/625
f 943/186/627 944/187/628 387/187/629 385/186/624
f 944/187/628 943/186/627 386/186/625 388/187/630
f 944/187/628 942/184/722 381/184/620 387/187/629
f 942/184/722 944/187/628 388/187/630 382/184/621
f 945/185/631 946/188/632 389/188/633 383/185/720
f 946/188/632 945/185/631 384/185/622 390/188/634
f 946/188/632 947/186/635 385/186/624 389/188/633
f 947/186/635 946/188/632 390/188/634 386/186/625
f 947/186/635 945/185/631 383/185/720 385/186/624
f 945/185/631 947/186/635 386/186/625 384/185/622
f 948/185/636 949/189/637 391/189/638 383/185/720
f 949/189/637 948/185/636 384/185/622 392/189/690
f 949/189/637 950/188/723 389/188/633 391/189/638
f 950/188/723 949/189/637 392/189/690 390/188/634
f 950/188/723 948/185/636 383/185/720 389/188/633
f 948/185/636 950/188/723 390/188/634 384/185/622
f 951/189/724 952/190/725 393/190/726 391/189/638
f 952/190/725 951/189/724 392/189/690 394/190/727
f 952/190/725 953/188/728 389/188/633 393/190/726
f 953/188/728 952/190/725 394/190/727 390/188/634
f 953/188/728 951/189/724 391/189/638 389/188/633
f 951/189/724 953/188/728 390/188/634 392/189/690
f 954/189/646 955/191/729 395/191/730 391/189/638
f 955/191/729 954/189/646 392/189/690 396/191/731
f 955/191/729 956/190/732 393/190/726 395/191/730
f 956/190/732 955/191/729 396/191/731 394/190/727
f 956/190/732 954/189/646 391/189/638 393/190/726
f 954/189/646 956/190/732 394/190/727 392/189/690
f 957/191/733 958/192/734 397/192/703 395/191/730
f 958/192/734 957/191/733 396/191/731 398/192/704
f 958/192/734 959/190/735 393/190/726 397/192/703
f 959/190/735 958/192/734 398/192/704 394/190/727
f 959/190/735 957/191/733 395/191/730 393/190/726
f 957/191/733 959/190/735 394/190/727 396/191/731
f 960/191/736 961/193/657 399/193/737 395/191/730
f 961/193/657 960/191/736 396/191/731 400/193/738
f 961/193/657 962/192/739 397/192/703 399/193/737
f 962/192/739 961/193/657 400/193/738 398/192/704
f 962/192/739 960/191/736 395/191/730 397/192/703
f 960/191/736 962/192/739 398/192/704 396/191/731
f 963/193/740 964/194/741 401/194/742 399/193/737
f 964/194/741 963/193/740 400/193/738 402/194/743
f 964/194/741 965/192/744 397/192/703 401/194/742
f 965/192/744 964/194/741 402/194/743 398/192/704
f 965/192/744 963/193/740 399/193/737 397/192/703
f 963/193/740 965/192/744 398/192/704 400/193/738
f 966/195/745 967/194/746 401/194/742 403/195/747
f 967/194/746 966/195/745 404/195/748 402/194/743
f 967/194/746 968/193/670 399/193/737 401/194/742
f 968/193/670 967/194/746 402/194/743 400/193/738
f 968/193/670 966/195/745 403/195/747 399/193/737
f 966/195/745 968/193/670 400/193/738 404/195/748
f 969/196/749 970/197/750 407/197/751 405/196/752
f 970/197/750 969/196/749 406/196/753 408/197/754
f 970/197/750 971/198/755 409/198/756 407/197/751
f 971/198/755 970/197/750 408/197/754 410/198/757
f 971/198/755 969/196/749 405/196/752 409/198/756
f 969/196/749 971/198/755 410/198/757 406/196/753
f 972/198/758 973/197/759 407/197/751 409/198/756
f 973/197/759 972/198/758 410/198/757 408/197/754
f 973/197/759 974/199/760 411/199/761 407/197/751
f 974/199/760 973/197/759 408/197/754 412/199/762
f 974/199/760 972/198/758 409/198/756 411/199/761
f 972/198/758 974/199/760 412/199/762 410/198/757
f 975/200/763 976/201/764 415/201/765 413/200/766
f 976/201/764 975/200/763 414/200/753 416/201/767
f 976/201/764 977/202/768 417/202/769 415/201/765
f 977/202/768 976/201/764 416/201/767 418/202/770
f 977/202/768 975/200/763 413/200/766 417/202/769
f 975/200/763 977/202/768 418/202/770 414/200/753
f 978/202/771 979/201/772 415/201/765 417/202/769
f 979/201/772 978/202/771 418/202/770 416/201/767
f 979/201/772 980/203/773 419/203/774 415/201/765
f 980/203/773 979/201/772 416/201/767 420/203/775
f 980/203/773 978/202/771 417/202/769 419/203/774
f 978/202/771 980/203/773 420/203/775 418/202/770
f 981/204/776 982/205/777 423/205/778 421/204/779
f 982/205/777 981/204/776 422/204/780 424/205/781
f 982/205/777 983/206/782 425/206/783 423/205/778
f 983/206/782 982/205/777 424/205/781 426/206/757
f 983/206/782 981/204/776 421/204/779 425/206/783
f 981/204/776 983/206/782 426/206/757 422/204/780
f 984/206/784 985/205/759 423/205/778 425/206/783
f 985/205/759 984/206/784 426/206/757 424/205/781
f 985/205/759 986/207/785 427/207/786 423/205/778
f 986/207/785 985/205/759 424/205/781 428/207/787
f 986/207/785 984/206/784 425/206/783 427/207/786
f 984/206/784 986/207/785 428/207/787 426/206/757
f 987/208/788 988/209/465 431/209/469 429/208/789
f 988/209/465 987/208/788 430/208/790 432/209/468
f 988/209/465 989/210/791 433/210/792 431/209/469
f 989/210/791 988/209/465 432/209/468 434/210/793
f 989/210/791 987/208/788 429/208/789 433/210/792
f 987/208/788 989/210/791 434/210/793 430/208/790
f 990/209/475 991/208/794 429/208/789 431/209/469
f 991/208/794 990/209/475 432/209/468 430/208/790
f 991/208/794 992/211/476 435/211/478 429/208/789
f 992/211/476 991/208/794 430/208/790 436/211/477
f 992/211/476 990/209/475 431/209/469 435/211/478
f 990/209/475 992/211/476 436/211/477 432/209/468
f 993/211/480 994/212/479 437/212/482 435/211/478
f 994/212/479 993/211/480 436/211/477 438/212/481
f 994/212/479 995/209/483 431/209/469 437/212/482
f 995/209/483 994/212/479 438/212/481 432/209/468
f 995/209/483 993/211/480 435/211/478 431/209/469
f 993/211/480 995/209/483 432/209/468 436/211/477
f 996/212/485 997/211/484 435/211/478 437/212/482
f 997/211/484 996/212/485 438/212/481 436/211/477
f 997/211/484 998/94/486 439/94/488 435/211/478
f 998/94/486 997/211/484 436/211/477 440/94/487
f 998/94/486 996/212/485 437/212/482 439/94/488
f 996/212/485 998/94/486 440/94/487 438/212/481
f 999/213/489 1000/212/493 437/212/482 441/213/492
f 1000/212/493 999/213/489 442/213/491 438/212/481
f 1000/212/493 1001/94/490 439/94/488 437/212/482
f 1001/94/490 1000/212/493 438/212/481 440/94/487
f 1001/94/490 999/213/489 441/213/492 439/94/488
f 999/213/489 1001/94/490 440/94/487 442/213/491
f 1002/212/494 1003/213/498 441/213/492 437/212/482
f 1003/213/498 1002/212/494 438/212/481 442/213/491
f 1003/213/498 1004/214/495 443/214/497 441/213/492
f 1004/214/495 1003/213/498 442/213/491 444/214/496
f 1004/214/495 1002/212/494 437/212/482 443/214/497
f 1002/212/494 1004/214/495 444/214/496 438/212/481
f 1005/215/795 1006/214/503 443/214/497 445/215/502
f 1006/214/503 1005/215/795 446/215/501 444/214/496
f 1006/214/503 1007/213/500 441/213/492 443/214/497
f 1007/213/500 1006/214/503 444/214/496 442/213/491
f 1007/213/500 1005/215/795 445/215/502 441/213/492
f 1005/215/795 1007/213/500 442/213/491 446/215/501
f 1008/214/504 1009/215/508 445/215/502 443/214/497
f 1009/215/508 1008/214/504 444/214/496 446/215/501
f 1009/215/508 1010/216/505 447/216/507 445/215/502
f 1010/216/505 1009/215/508 446/215/501 448/216/606
f 1010/216/505 1008/214/504 443/214/497 447/216/507
f 1008/214/504 1010/216/505 448/216/606 444/214/496
f 1011/217/796 1012/216/513 447/216/507 449/217/797
f 1012/216/513 1011/217/796 450/217/798 448/216/606
f 1012/216/513 1013/215/799 445/215/502 447/216/507
f 1013/215/799 1012/216/513 448/216/606 446/215/501
f 1013/215/799 1011/217/796 449/217/797 445/215/502
f 1011/217/796 1013/215/799 446/215/501 450/217/798
f 1014/216/800 1015/217/801 449/217/797 447/216/507
f 1015/217/801 1014/216/800 448/216/606 450/217/798
f 1015/217/801 1016/218/802 451/218/803 449/217/797
f 1016/218/802 1015/217/801 450/217/798 452/218/567
f 1016/218/802 1014/216/800 447/216/507 451/218/803
f 1014/216/800 1016/218/802 452/218/567 448/216/606
f 1017/219/520 1018/220/519 455/220/523 453/219/524
f 1018/220/519 1017/219/520 454/219/521 456/220/522
f 1018/220/519 1019/221/525 457/221/527 455/220/523
f 1019/221/525 1018/220/519 456/220/522 458/221/526
f 1019/221/525 1017/219/520 453/219/524 457/221/527
f 1017/219/520 1019/221/525 458/221/526 454/219/521
f 1020/220/529 1021/219/528 453/219/524 455/220/523
f 1021/219/528 1020/220/529 456/220/522 454/219/521
f 1021/219/528 1022/222/530 459/222/478 453/219/524
f 1022/222/530 1021/219/528 454/219/521 460/222/804
f 1022/222/530 1020/220/529 455/220/523 459/222/478
f 1020/220/529 1022/222/530 460/222/804 456/220/522
f 1023/222/532 1024/223/531 461/223/534 459/222/478
f 1024/223/531 1023/222/532 460/222/804 462/223/533
f 1024/223/531 1025/220/483 455/220/523 461/223/534
f 1025/220/483 1024/223/531 462/223/533 456/220/522
f 1025/220/483 1023/222/532 459/222/478 455/220/523
f 1023/222/532 1025/220/483 456/220/522 460/222/804
f 1026/223/805 1027/222/535 459/222/478 461/223/534
f 1027/222/535 1026/223/805 462/223/533 460/222/804
f 1027/222/535 1028/224/537 463/224/539 459/222/478
f 1028/224/537 1027/222/535 460/222/804 464/224/538
f 1028/224/537 1026/223/805 461/223/534 463/224/539
f 1026/223/805 1028/224/537 464/224/538 462/223/533
f 1029/224/541 1030/225/540 465/225/543 463/224/539
f 1030/225/540 1029/224/541 464/224/538 466/225/542
f 1030/225/540 1031/223/544 461/223/534 465/225/543
f 1031/223/544 1030/225/540 466/225/542 462/223/533
f 1031/223/544 1029/224/541 463/224/539 461/223/534
f 1029/224/541 1031/223/544 462/223/533 464/224/538
f 1032/225/546 1033/224/545 463/224/539 465/225/543
f 1033/224/545 1032/225/546 466/225/542 464/224/538
f 1033/224/545 1034/226/547 467/226/549 463/224/539
f 1034/226/547 1033/224/545 464/224/538 468/226/548
f 1034/226/547 1032/225/546 465/225/543 467/226/549
f 1032/225/546 1034/226/547 468/226/548 466/225/542
f 1035/227/806 1036/225/554 465/225/543 469/227/807
f 1036/225/554 1035/227/806 470/227/808 466/225/542
f 1036/225/554 1037/226/551 467/226/549 465/225/543
f 1037/226/551 1036/225/554 466/225/542 468/226/548
f 1037/226/551 1035/227/806 469/227/807 467/226/549
f 1035/227/806 1037/226/551 468/226/548 470/227/808
f 1038/225/809 1039/227/559 469/227/807 465/225/543
f 1039/227/559 1038/225/809 466/225/542 470/227/808
f 1039/227/559 1040/228/556 471/228/558 469/227/807
f 1040/228/556 1039/227/559 470/227/808 472/228/557
f 1040/228/556 1038/225/809 465/225/543 471/228/558
f 1038/225/809 1040/228/556 472/228/557 466/225/542
f 1041/229/810 1042/228/811 471/228/558 473/229/812
f 1042/228/811 1041/229/810 474/229/813 472/228/557
f 1042/228/811 1043/227/814 469/227/807 471/228/558
f 1043/227/814 1042/228/811 472/228/557 470/227/808
f 1043/227/814 1041/229/810 473/229/812 469/227/807
f 1041/229/810 1043/227/814 470/227/808 474/229/813
f 1044/228/815 1045/229/569 473/229/812 471/228/558
f 1045/229/569 1044/228/815 472/228/557 474/229/813
f 1045/229/569 1046/230/816 475/230/817 473/229/812
f 1046/230/816 1045/229/569 474/229/813 476/230/818
f 1046/230/816 1044/228/815 471/228/558 475/230/817
f 1044/228/815 1046/230/816 476/230/818 472/228/557
f 1047/231/571 1048/232/570 479/232/574 477/231/575
f 1048/232/570 1047/231/571 478/231/572 480/232/573
f 1048/232/570 1049/233/819 481/233/578 479/232/574
f 1049/233/819 1048/232/570 480/232/573 482/233/577
f 1049/233/819 1047/231/571 477/231/575 481/233/578
f 1047/231/571 1049/233/819 482/233/577 478/231/572
f 1050/232/580 1051/231/820 477/231/575 479/232/574
f 1051/231/820 1050/232/580 480/232/573 478/231/572
f 1051/231/820 1052/234/581 483/234/583 477/231/575
f 1052/234/581 1051/231/820 478/231/572 484/234/582
f 1052/234/581 1050/232/580 479/232/574 483/234/583
f 1050/232/580 1052/234/581 484/234/582 480/232/573
f 1053/234/532 1054/235/584 485/235/586 483/234/583
f 1054/235/584 1053/234/532 484/234/582 486/235/585
f 1054/235/584 1055/232/587 479/232/574 485/235/586
f 1055/232/587 1054/235/584 486/235/585 480/232/573
f 1055/232/587 1053/234/532 483/234/583 479/232/574
f 1053/234/532 1055/232/587 480/232/573 484/234/582
f 1056/235/589 1057/234/535 483/234/583 485/235/586
f 1057/234/535 1056/235/589 486/235/585 484/234/582
f 1057/234/535 1058/236/590 487/236/592 483/234/583
f 1058/236/590 1057/234/535 484/234/582 488/236/591
f 1058/236/590 1056/235/589 485/235/586 487/236/592
f 1056/235/589 1058/236/590 488/236/591 486/235/585
f 1059/236/541 1060/237/593 489/237/595 487/236/592
f 1060/237/593 1059/236/541 488/236/591 490/237/594
f 1060/237/593 1061/235/544 485/235/586 489/237/595
f 1061/235/544 1060/237/593 490/237/594 486/235/585
f 1061/235/544 1059/236/541 487/236/592 485/235/586
f 1059/236/541 1061/235/544 486/235/585 488/236/591
f 1062/237/596 1063/236/545 487/236/592 489/237/595
f 1063/236/545 1062/237/596 490/237/594 488/236/591
f 1063/236/545 1064/238/597 491/238/599 487/236/592
f 1064/238/597 1063/236/545 488/236/591 492/238/821
f 1064/238/597 1062/237/596 489/237/595 491/238/599
f 1062/237/596 1064/238/597 492/238/821 490/237/594
f 1065/239/822 1066/237/604 489/237/595 493/239/603
f 1066/237/604 1065/239/822 494/239/602 490/237/594
f 1066/237/604 1067/238/601 491/238/599 489/237/595
f 1067/238/601 1066/237/604 490/237/594 492/238/821
f 1067/238/601 1065/239/822 493/239/603 491/238/599
f 1065/239/822 1067/238/601 492/238/821 494/239/602
f 1068/237/504 1069/239/508 493/239/603 489/237/595
f 1069/239/508 1068/237/504 490/237/594 494/239/602
f 1069/239/508 1070/240/556 495/240/607 493/239/603
f 1070/240/556 1069/239/508 494/239/602 496/240/606
f 1070/240/556 1068/237/504 489/237/595 495/240/607
f 1068/237/504 1070/240/556 496/240/606 490/237/594
f 1071/241/608 1072/240/513 495/240/607 497/241/611
f 1072/240/513 1071/241/608 498/241/823 496/240/606
f 1072/240/513 1073/239/609 493/239/603 495/240/607
f 1073/239/609 1072/240/513 496/240/606 494/239/602
f 1073/239/609 1071/241/608 497/241/611 493/239/603
f 1071/241/608 1073/239/609 494/239/602 498/241/823
f 1074/240/824 1075/241/825 497/241/611 495/240/607
f 1075/241/825 1074/240/824 496/240/606 498/241/823
f 1075/241/825 1076/242/826 499/242/827 497/241/611
f 1076/242/826 1075/241/825 498/241/823 500/242/828
f 1076/242/826 1074/240/824 495/240/607 499/242/827
f 1074/240/824 1076/242/826 500/242/828 496/240/606
