# Blender 5.2.0 LTS
# www.blender.org
o Keyrambit
v -0.345625 1.990562 0.045075
v -0.345329 1.991622 0.045075
v -0.663142 2.019451 0.064737
v -0.663044 2.020547 0.064737
v -0.345625 1.990562 0.058183
v -0.345329 1.991622 0.058183
v -0.345625 1.990562 0.071291
v -0.345329 1.991622 0.071291
v -0.345625 1.990562 0.084399
v -0.345329 1.991622 0.084399
v 0.145966 1.666965 0.084399
v 0.146858 1.667609 0.084399
v 0.145966 1.666965 0.071291
v 0.146858 1.667609 0.071291
v 0.145966 1.666965 0.058183
v 0.146858 1.667609 0.058183
v 0.145966 1.666965 0.045075
v 0.146858 1.667609 0.045075
v -0.064529 1.854661 0.045075
v -0.063915 1.855573 0.045075
v -0.064529 1.854661 0.058183
v -0.063915 1.855573 0.058183
v -0.345625 1.990562 0.045075
v -0.345329 1.991622 0.045075
v -0.345625 1.990562 0.058183
v -0.345329 1.991622 0.058183
v -0.064529 1.854661 0.071291
v -0.063915 1.855573 0.071291
v -0.345625 1.990562 0.071291
v -0.345329 1.991622 0.071291
v -0.064529 1.854661 0.084399
v -0.063915 1.855573 0.084399
v -0.345625 1.990562 0.084399
v -0.345329 1.991622 0.084399
v -0.526138 -0.106327 0.090953
v -0.525136 -0.105873 0.090953
v -0.526138 -0.106327 0.038521
v -0.525136 -0.105873 0.038521
v -0.452313 -0.174814 0.090953
v -0.451949 -0.173776 0.090953
v -0.359747 -0.168165 0.090953
v -0.360241 -0.167182 0.090953
v -0.452313 -0.174814 0.038521
v -0.451949 -0.173776 0.038521
v -0.359747 -0.168165 0.038521
v -0.360241 -0.167182 0.038521
v -0.242707 0.194381 0.092453
v -0.241669 0.194747 0.092453
v -0.163231 0.117396 0.092453
v -0.162841 0.118424 0.092453
v -0.163231 0.117396 0.037020
v -0.162841 0.118424 0.037020
v -0.139649 0.119348 0.037020
v -0.140139 0.120332 0.037020
v -0.242707 0.194381 0.037020
v -0.241669 0.194747 0.037020
v -0.139649 0.119348 0.092453
v -0.140139 0.120333 0.092453
v 0.265713 0.989343 0.028624
v 0.265889 0.990429 0.028624
v 0.265713 0.989343 0.100850
v 0.265889 0.990429 0.100850
v 0.192805 0.938805 0.028624
v 0.192677 0.939897 0.028624
v 0.192805 0.938805 0.100850
v 0.192677 0.939897 0.100850
v 0.017322 1.009069 0.028624
v 0.017454 1.010161 0.028624
v 0.017322 1.009069 0.100850
v 0.017454 1.010161 0.100850
v -0.165395 0.974953 0.064737
v -0.165601 0.976033 0.064737
v -0.139707 0.119459 0.037370
v -0.140081 0.120221 0.036670
v -0.172983 0.092792 0.004478
v -0.172671 0.093596 0.003794
v -0.163192 0.117508 0.037362
v -0.162880 0.118312 0.036678
v -0.242588 0.194412 0.037366
v -0.241788 0.194715 0.036674
v -0.128033 0.094496 0.004486
v -0.128407 0.095258 0.003786
v -0.267475 0.189129 0.004482
v -0.266667 0.189405 0.003790
v -0.139707 0.119459 0.092103
v -0.140081 0.120221 0.092803
v -0.128033 0.094496 0.124988
v -0.128407 0.095258 0.125688
v -0.172983 0.092792 0.124996
v -0.172671 0.093596 0.125680
v -0.163192 0.117508 0.092111
v -0.162880 0.118312 0.092795
v -0.242588 0.194412 0.092107
v -0.241788 0.194715 0.092799
v -0.267475 0.189129 0.124992
v -0.266667 0.189406 0.125684
v 0.081951 0.401293 0.004461
v 0.081201 0.401767 0.003811
v -0.062794 0.440666 0.037350
v -0.062098 0.441204 0.036690
v 0.037556 0.391296 0.037364
v 0.037438 0.392148 0.036678
v -0.082200 0.424629 0.004466
v -0.081512 0.425177 0.003806
v 0.040670 0.366895 0.004479
v 0.040552 0.367747 0.003793
v 0.081951 0.401293 0.125013
v 0.081201 0.401767 0.125663
v 0.037556 0.391296 0.092110
v 0.037438 0.392148 0.092796
v 0.040670 0.366895 0.124995
v 0.040552 0.367747 0.125681
v -0.062794 0.440666 0.092123
v -0.062098 0.441204 0.092783
v -0.082200 0.424629 0.125008
v -0.081512 0.425177 0.125668
v -0.088758 0.956242 0.124991
v -0.089008 0.957058 0.125685
v 0.017389 1.009234 0.100453
v 0.017387 1.009996 0.101247
v -0.165373 0.975085 0.064390
v -0.165623 0.975901 0.065084
v -0.088612 0.956485 0.004585
v -0.089154 0.956815 0.003687
v -0.165217 0.975358 0.065190
v -0.165779 0.975628 0.064284
v 0.017389 1.009234 0.029021
v 0.017387 1.009996 0.028227
v -0.062885 0.440603 0.092453
v -0.062007 0.441267 0.092453
v -0.062885 0.440603 0.037020
v -0.062007 0.441267 0.037020
v 0.037587 0.391179 0.092453
v 0.037407 0.392265 0.092453
v 0.037587 0.391179 0.037021
v 0.037407 0.392265 0.037021
v -0.180039 0.003554 0.091988
v -0.179001 0.003920 0.091988
v -0.180039 0.003554 0.037485
v -0.179001 0.003920 0.037485
v -0.352519 0.171301 0.091988
v -0.352147 0.172337 0.091988
v -0.352519 0.171301 0.037485
v -0.352147 0.172337 0.037485
v -0.523704 0.156061 0.091988
v -0.524211 0.157037 0.091988
v -0.523704 0.156061 0.037485
v -0.524211 0.157037 0.037485
v 0.291497 0.916883 0.084399
v 0.292535 0.916519 0.084399
v 0.326862 1.019270 0.071291
v 0.327962 1.019250 0.071291
v 0.326862 1.019270 0.084399
v 0.327962 1.019250 0.084399
v 0.291497 0.916883 0.071291
v 0.292535 0.916519 0.071291
v 0.210061 1.411919 0.071291
v 0.211154 1.411795 0.071291
v 0.210061 1.411919 0.084399
v 0.211154 1.411795 0.084399
v 0.326862 1.019270 0.058183
v 0.327962 1.019250 0.058183
v 0.291497 0.916883 0.058183
v 0.292535 0.916519 0.058183
v 0.326862 1.019270 0.045075
v 0.327962 1.019250 0.045075
v 0.291497 0.916883 0.045075
v 0.292535 0.916519 0.045075
v 0.210060 1.411919 0.045075
v 0.211154 1.411795 0.045075
v 0.210061 1.411919 0.058183
v 0.211154 1.411795 0.058183
v 0.235977 1.457424 0.045075
v 0.237075 1.457360 0.045075
v 0.235977 1.457424 0.058183
v 0.237075 1.457360 0.058183
v 0.235977 1.457424 0.071291
v 0.237075 1.457360 0.071291
v 0.235977 1.457424 0.084399
v 0.237075 1.457360 0.084399
v 0.145966 1.666965 0.084399
v 0.146858 1.667609 0.084399
v 0.145966 1.666965 0.071291
v 0.146858 1.667609 0.071291
v 0.145966 1.666965 0.058183
v 0.146858 1.667609 0.058183
v 0.145966 1.666965 0.045075
v 0.146858 1.667609 0.045075
v -0.467000 0.042645 0.038521
v -0.466510 0.041661 0.038521
v -0.467000 0.042645 0.090953
v -0.466510 0.041661 0.090953
v -0.528204 -0.026255 0.090953
v -0.527172 -0.026635 0.090953
v -0.528204 -0.026255 0.038521
v -0.527172 -0.026635 0.038521
v -0.526138 -0.106327 0.090953
v -0.525136 -0.105873 0.090953
v -0.526138 -0.106327 0.038521
v -0.525136 -0.105873 0.038521
v -0.242707 0.194381 0.092453
v -0.241669 0.194747 0.092453
v -0.242707 0.194381 0.037020
v -0.241669 0.194747 0.037020
v -0.239129 0.225658 0.092453
v -0.238135 0.225186 0.092453
v -0.239129 0.225658 0.037020
v -0.238135 0.225186 0.037020
v -0.122974 0.345125 0.092453
v -0.122554 0.344109 0.092453
v -0.122974 0.345125 0.037020
v -0.122554 0.344109 0.037020
v 0.052555 1.280383 0.092567
v 0.053653 1.280433 0.092567
v -0.023718 1.503041 0.036906
v -0.022678 1.503399 0.036906
v -0.023718 1.503041 0.092567
v -0.022678 1.503399 0.092567
v 0.052555 1.280383 0.036906
v 0.053653 1.280433 0.036906
v -0.004521 1.053661 0.036906
v -0.003421 1.053693 0.036906
v -0.004521 1.053661 0.092567
v -0.003421 1.053693 0.092567
v 0.016245 0.988739 0.036906
v 0.017293 0.989071 0.036906
v 0.016245 0.988739 0.092567
v 0.017293 0.989071 0.092567
v -0.037173 0.022537 0.028624
v -0.036601 0.021597 0.028624
v -0.037173 0.022537 0.100850
v -0.036601 0.021597 0.100850
v 0.135643 0.250650 0.028624
v 0.136637 0.250176 0.028624
v 0.135643 0.250650 0.100850
v 0.136637 0.250176 0.100850
v 0.306360 0.934087 0.028624
v 0.307440 0.934293 0.028624
v 0.306360 0.934087 0.100850
v 0.307440 0.934293 0.100850
v 0.265713 0.989343 0.028624
v 0.265889 0.990429 0.028624
v 0.265713 0.989343 0.100850
v 0.265889 0.990429 0.100850
v -0.242588 0.194413 0.037366
v -0.241788 0.194715 0.036674
v -0.267475 0.189129 0.004482
v -0.266667 0.189405 0.003790
v -0.263823 0.230699 0.004470
v -0.263019 0.230359 0.003802
v -0.239023 0.225617 0.037354
v -0.238241 0.225227 0.036686
v -0.122926 0.345007 0.037372
v -0.122602 0.344227 0.036668
v -0.127938 0.375312 0.004491
v -0.127678 0.374514 0.003781
v -0.127938 0.375312 0.124983
v -0.127678 0.374514 0.125693
v -0.242588 0.194413 0.092107
v -0.241788 0.194715 0.092799
v -0.122926 0.345007 0.092101
v -0.122602 0.344227 0.092805
v -0.267475 0.189129 0.124991
v -0.266667 0.189405 0.125684
v -0.263823 0.230699 0.125004
v -0.263019 0.230359 0.125672
v -0.239023 0.225617 0.092119
v -0.238241 0.225227 0.092787
v 0.008557 0.869750 0.037357
v 0.009335 0.869362 0.036684
v -0.012783 0.881534 0.004473
v -0.012013 0.881128 0.003799
v -0.001994 0.691685 0.004456
v -0.001112 0.691541 0.003816
v 0.022079 0.685505 0.037341
v 0.022961 0.685351 0.036701
v -0.093644 0.477570 0.004465
v -0.092766 0.477478 0.003807
v -0.069024 0.474795 0.037348
v -0.068146 0.474703 0.036691
v -0.062794 0.440666 0.037350
v -0.062098 0.441204 0.036690
v -0.082201 0.424630 0.004466
v -0.081511 0.425176 0.003806
v 0.008557 0.869750 0.092116
v 0.009335 0.869362 0.092789
v -0.012783 0.881534 0.125001
v -0.012013 0.881128 0.125675
v -0.001995 0.691685 0.125018
v -0.001111 0.691541 0.125658
v 0.022079 0.685505 0.092133
v 0.022961 0.685351 0.092773
v -0.093644 0.477570 0.125010
v -0.092766 0.477478 0.125666
v -0.062794 0.440666 0.092123
v -0.062098 0.441204 0.092783
v -0.069024 0.474795 0.092124
v -0.068146 0.474703 0.092781
v -0.082200 0.424630 0.125008
v -0.081512 0.425176 0.125668
v -0.051938 1.055690 0.027089
v -0.051700 1.055614 0.026017
v -0.035948 0.976291 0.045610
v -0.035712 0.976197 0.044540
v -0.043237 0.974448 0.027088
v -0.043001 0.974354 0.026018
v -0.051938 1.055690 0.102385
v -0.051700 1.055614 0.103457
v -0.035948 0.976291 0.083864
v -0.035712 0.976197 0.084934
v -0.043237 0.974448 0.102386
v -0.043001 0.974354 0.103456
v -0.069132 0.474811 0.092453
v -0.068039 0.474687 0.092453
v 0.021978 0.685520 0.037021
v 0.023062 0.685336 0.037021
v 0.021978 0.685520 0.092453
v 0.023062 0.685336 0.092453
v 0.008454 0.869801 0.037021
v 0.009438 0.869311 0.037021
v -0.069132 0.474811 0.037020
v -0.068039 0.474687 0.037020
v 0.008454 0.869801 0.092453
v 0.009438 0.869311 0.092453
v -0.062885 0.440603 0.092453
v -0.062007 0.441267 0.092453
v -0.062885 0.440603 0.037020
v -0.062007 0.441267 0.037020
v -0.196716 -0.130928 0.037485
v -0.195700 -0.131350 0.037485
v -0.180039 0.003554 0.091988
v -0.179001 0.003920 0.091988
v -0.196716 -0.130928 0.091988
v -0.195700 -0.131350 0.091988
v -0.311200 -0.274117 0.091988
v -0.310694 -0.275093 0.091988
v -0.180039 0.003554 0.037485
v -0.179001 0.003920 0.037485
v -0.311200 -0.274117 0.037485
v -0.310694 -0.275093 0.037485
v -0.064385 1.854876 0.045542
v -0.064059 1.855358 0.044608
v -0.353345 1.962560 0.027045
v -0.353235 1.963038 0.026060
v -0.345527 1.990853 0.045568
v -0.345427 1.991331 0.044582
v -0.353345 1.962560 0.027045
v -0.353235 1.963038 0.026060
v -0.064385 1.854876 0.045542
v -0.064059 1.855358 0.044608
v -0.080999 1.829447 0.027020
v -0.080673 1.829929 0.026086
v -0.662990 2.020049 0.065275
v -0.663196 2.019949 0.064199
v -0.345527 1.990853 0.045568
v -0.345427 1.991331 0.044582
v -0.500827 1.973630 0.045618
v -0.501001 1.973642 0.044532
v -0.353345 1.962560 0.027045
v -0.353235 1.963038 0.026060
v -0.064385 1.854876 0.045542
v -0.064059 1.855358 0.044608
v 0.146179 1.667119 0.045544
v 0.146645 1.667455 0.044606
v 0.121669 1.650297 0.027022
v 0.122135 1.650633 0.026084
v -0.064385 1.854876 0.045542
v -0.064059 1.855358 0.044608
v 0.121669 1.650297 0.027022
v 0.122135 1.650633 0.026084
v -0.080999 1.829447 0.027020
v -0.080673 1.829929 0.026086
v 0.146179 1.667119 0.045544
v 0.146645 1.667455 0.044606
v 0.236258 1.457405 0.045555
v 0.236794 1.457379 0.044595
v 0.203358 1.459561 0.027033
v 0.203894 1.459535 0.026073
v 0.121669 1.650297 0.027022
v 0.122135 1.650633 0.026084
v 0.210332 1.411888 0.045550
v 0.210882 1.411826 0.044600
v 0.327125 1.019270 0.045544
v 0.327699 1.019250 0.044606
v 0.295636 1.021324 0.027022
v 0.296210 1.021322 0.026084
v 0.295636 1.021324 0.027022
v 0.296210 1.021322 0.026084
v 0.178493 1.415100 0.027028
v 0.179043 1.415038 0.026078
v 0.210332 1.411888 0.045550
v 0.210882 1.411826 0.044600
v 0.295636 1.021324 0.027022
v 0.296210 1.021322 0.026084
v 0.291732 0.916793 0.045537
v 0.292300 0.916609 0.044613
v 0.263767 0.918626 0.027015
v 0.264335 0.918442 0.026091
v 0.327125 1.019270 0.045544
v 0.327699 1.019250 0.044606
v -0.117732 1.278953 0.065214
v -0.118278 1.278971 0.064260
v -0.126546 1.030632 0.027010
v -0.127154 1.030577 0.026096
v -0.193281 1.030390 0.065197
v -0.193883 1.030352 0.064277
v -0.051335 1.276887 0.027030
v -0.051881 1.276905 0.026076
v -0.132726 0.472025 0.004686
v -0.132726 0.472025 0.003586
v -0.081856 0.424903 0.004686
v -0.081856 0.424903 0.003586
v -0.127808 0.374913 0.004686
v -0.127808 0.374913 0.003586
v -0.084819 0.366328 0.004686
v -0.084819 0.366328 0.003586
v 0.040611 0.367321 0.004686
v 0.040611 0.367321 0.003586
v -0.093205 0.477524 0.004686
v -0.093205 0.477524 0.003586
v -0.001782 0.298668 0.004686
v -0.001782 0.298668 0.003586
v -0.308245 0.306059 0.004686
v -0.308245 0.306059 0.003586
v -0.036925 0.695092 0.004686
v -0.036925 0.695092 0.003586
v -0.263421 0.230529 0.004686
v -0.263421 0.230529 0.003586
v -0.001553 0.691613 0.004686
v -0.001553 0.691613 0.003586
v -0.328537 0.184081 0.004686
v -0.328537 0.184081 0.003586
v -0.012398 0.881331 0.004686
v -0.012398 0.881331 0.003586
v -0.267071 0.189267 0.004686
v -0.267071 0.189267 0.003586
v -0.172827 0.093194 0.004686
v -0.172827 0.093194 0.003586
v -0.169022 0.029567 0.004686
v -0.169022 0.029567 0.003586
v -0.128220 0.094877 0.004686
v -0.128220 0.094877 0.003586
v -0.053325 0.049628 0.004686
v -0.053325 0.049628 0.003586
v -0.000451 0.246704 0.004686
v -0.000451 0.246704 0.003586
v -0.052275 0.894320 0.004686
v -0.052275 0.894320 0.003586
v 0.108726 0.262585 0.004686
v 0.108726 0.262585 0.003586
v 0.013245 0.978760 0.004686
v 0.013245 0.978760 0.003586
v -0.088883 0.956650 0.004686
v -0.088883 0.956650 0.003586
v 0.033901 0.910582 0.004686
v 0.033901 0.910582 0.003586
v 0.195483 0.905760 0.004686
v 0.195483 0.905760 0.003586
v 0.184207 0.840800 0.004686
v 0.184207 0.840800 0.003586
v 0.081576 0.401530 0.004686
v 0.081576 0.401530 0.003586
v 0.193736 0.805603 0.004686
v 0.193736 0.805603 0.003586
v 0.272448 0.921466 0.004686
v 0.272448 0.921466 0.003586
v 0.253950 0.948001 0.004686
v 0.253950 0.948001 0.003586
v -0.081574 0.879088 0.029043
v -0.082262 0.878900 0.028205
v -0.036586 0.695035 0.004565
v -0.037264 0.695149 0.003707
v -0.066074 0.701580 0.029053
v -0.066754 0.701686 0.028195
v -0.157223 0.488435 0.029049
v -0.157797 0.488829 0.028198
v -0.051935 0.894423 0.004555
v -0.052615 0.894217 0.003717
v -0.132439 0.471828 0.004561
v -0.133013 0.472222 0.003710
v -0.088612 0.956485 0.004585
v -0.089154 0.956815 0.003686
v -0.307944 0.305901 0.004568
v -0.308546 0.306217 0.003704
v -0.165217 0.975358 0.065190
v -0.165779 0.975628 0.064284
v -0.335472 0.320402 0.029056
v -0.336074 0.320718 0.028192
v 0.017389 1.009234 0.029021
v 0.017387 1.009996 0.028227
v -0.328226 0.184182 0.004578
v -0.328848 0.183980 0.003694
v 0.013246 0.978379 0.004533
v 0.013244 0.979141 0.003739
v -0.359947 0.173564 0.029066
v -0.360569 0.173362 0.028182
v 0.192785 0.939027 0.029066
v 0.192697 0.939675 0.028182
v -0.178741 -0.001762 0.029065
v -0.178938 -0.002390 0.028183
v 0.195518 0.905436 0.004579
v 0.195448 0.906084 0.003693
v -0.168923 0.029881 0.004577
v -0.169120 0.029253 0.003695
v 0.253932 0.947733 0.004616
v 0.253968 0.948269 0.003656
v -0.037060 0.022357 0.029058
v -0.036714 0.021777 0.028190
v 0.265749 0.989624 0.029105
v 0.265853 0.990148 0.028143
v -0.053498 0.049918 0.004570
v -0.053152 0.049338 0.003702
v 0.306597 0.934123 0.029078
v 0.307203 0.934257 0.028170
v 0.135829 0.250563 0.029052
v 0.136451 0.250263 0.028196
v 0.272137 0.921426 0.004587
v 0.272759 0.921506 0.003684
v 0.108415 0.262735 0.004564
v 0.109037 0.262435 0.003708
v -0.222953 -0.120171 0.023085
v -0.222953 -0.120171 0.021985
v -0.269980 -0.013371 0.023085
v -0.269980 -0.013371 0.021985
v -0.208867 -0.005841 0.023085
v -0.208867 -0.005841 0.021985
v -0.364628 0.078121 0.023085
v -0.364628 0.078121 0.021985
v -0.274204 -0.111044 0.023085
v -0.274204 -0.111044 0.021985
v -0.362558 0.143649 0.023085
v -0.362558 0.143649 0.021985
v -0.325106 -0.248319 0.023085
v -0.325106 -0.248319 0.021985
v -0.480183 0.069552 0.023085
v -0.480183 0.069552 0.021985
v -0.346422 -0.193920 0.023085
v -0.346422 -0.193920 0.021985
v -0.509970 0.130274 0.023085
v -0.509970 0.130274 0.021985
v -0.471575 -0.257148 0.023085
v -0.471575 -0.257148 0.021985
v -0.608157 0.013402 0.023085
v -0.608157 0.013402 0.021985
v -0.462137 -0.202479 0.023085
v -0.462137 -0.202479 0.021985
v -0.556130 -0.015366 0.023085
v -0.556130 -0.015366 0.021985
v -0.612111 -0.145380 0.023085
v -0.612111 -0.145380 0.021985
v -0.553208 -0.118115 0.023085
v -0.553208 -0.118115 0.021985
v -0.523845 0.156333 0.037979
v -0.524069 0.156765 0.036991
v -0.362638 0.143423 0.023030
v -0.362478 0.143874 0.022040
v -0.509858 0.130058 0.023028
v -0.510082 0.130490 0.022041
v -0.352413 0.171594 0.037980
v -0.352253 0.172045 0.036990
v -0.635628 0.023183 0.037975
v -0.636094 0.023361 0.036995
v -0.209089 -0.005918 0.023032
v -0.208645 -0.005764 0.022038
v -0.607924 0.013313 0.023025
v -0.608390 0.013491 0.022045
v -0.179742 0.003660 0.037982
v -0.179298 0.003814 0.036988
v -0.611897 -0.145281 0.023032
v -0.612325 -0.145479 0.022038
v -0.196440 -0.131041 0.037974
v -0.195976 -0.131237 0.036996
v -0.640140 -0.158412 0.037982
v -0.640568 -0.158610 0.036988
v -0.223185 -0.120073 0.023024
v -0.222721 -0.120269 0.022046
v -0.480431 -0.285169 0.037978
v -0.480575 -0.285637 0.036992
v -0.325218 -0.248103 0.023029
v -0.324994 -0.248535 0.022042
v -0.471503 -0.256914 0.023028
v -0.471647 -0.257382 0.022042
v -0.311059 -0.274389 0.037979
v -0.310835 -0.274821 0.036992
v -0.269744 -0.013278 0.023023
v -0.270216 -0.013464 0.022047
v -0.374812 0.050227 0.039010
v -0.374982 0.049753 0.038032
v -0.364543 0.078358 0.023024
v -0.364713 0.077884 0.022046
v -0.480299 0.069782 0.023021
v -0.480067 0.069322 0.022049
v -0.297896 -0.024129 0.039009
v -0.298368 -0.024315 0.038033
v -0.466870 0.042383 0.039007
v -0.466640 0.041923 0.038035
v -0.273963 -0.111138 0.023020
v -0.274445 -0.110950 0.022050
v -0.556372 -0.015276 0.023021
v -0.555888 -0.015456 0.022049
v -0.302142 -0.100076 0.039006
v -0.302624 -0.099888 0.038036
v -0.527930 -0.026355 0.039007
v -0.527446 -0.026535 0.038035
v -0.359879 -0.167901 0.039008
v -0.360109 -0.167445 0.038034
v -0.525869 -0.106206 0.039008
v -0.525405 -0.105994 0.038034
v -0.346307 -0.194148 0.023022
v -0.346537 -0.193692 0.022048
v -0.553440 -0.118221 0.023022
v -0.552976 -0.118009 0.022048
v -0.452216 -0.174536 0.039008
v -0.452046 -0.174054 0.038034
v -0.462222 -0.202720 0.023022
v -0.462052 -0.202238 0.022048
v -0.126845 1.030609 0.027103
v -0.126855 1.030601 0.026003
v -0.077965 0.966314 0.027103
v -0.077975 0.966306 0.026003
v -0.112736 0.958217 0.027103
v -0.112746 0.958209 0.026003
v -0.051814 1.055656 0.027103
v -0.051824 1.055648 0.026003
v -0.043114 0.974405 0.027103
v -0.043124 0.974397 0.026003
v -0.051603 1.276900 0.027103
v -0.051613 1.276892 0.026003
v 0.004670 1.278979 0.027103
v 0.004660 1.278971 0.026003
v -0.120432 1.553420 0.027103
v -0.120442 1.553412 0.026003
v -0.098170 1.631446 0.027103
v -0.098180 1.631438 0.026003
v -0.186585 1.618812 0.027103
v -0.186595 1.618804 0.026003
v -0.220868 1.811226 0.027103
v -0.220878 1.811218 0.026003
v -0.500909 1.973640 0.045625
v -0.500919 1.973632 0.044525
v -0.353285 1.962803 0.027103
v -0.353295 1.962795 0.026003
v -0.080831 1.829692 0.027103
v -0.080841 1.829684 0.026003
v 0.121907 1.650469 0.027103
v 0.121897 1.650461 0.026003
v 0.136286 1.398268 0.027103
v 0.136276 1.398260 0.026003
v 0.203631 1.459552 0.027103
v 0.203621 1.459544 0.026003
v 0.178773 1.415073 0.027103
v 0.178763 1.415065 0.026003
v 0.229337 1.069479 0.027103
v 0.229327 1.069471 0.026003
v 0.295928 1.021327 0.027103
v 0.295918 1.021319 0.026003
v 0.202296 0.922586 0.027103
v 0.202286 0.922578 0.026003
v 0.243228 0.919903 0.027103
v 0.243218 0.919895 0.026003
v 0.264056 0.918538 0.027103
v 0.264046 0.918530 0.026003
v 0.229451 1.069498 0.027090
v 0.229213 1.069453 0.026016
v 0.094635 1.373419 0.037442
v 0.094427 1.373293 0.036369
v 0.136385 1.398327 0.027089
v 0.136177 1.398201 0.026016
v -0.023218 1.503247 0.037455
v -0.023178 1.503193 0.036357
v 0.181528 1.068032 0.037443
v 0.181290 1.067986 0.036369
v -0.098191 1.631469 0.027102
v -0.098159 1.631415 0.026004
v 0.202413 0.922591 0.027089
v 0.202169 0.922573 0.026017
v 0.196583 0.922973 0.045611
v 0.196339 0.922955 0.044539
v 0.157876 0.925510 0.037442
v 0.157632 0.925492 0.036370
v 0.004539 1.278970 0.027088
v 0.004791 1.278980 0.026017
v 0.052978 1.280403 0.037441
v 0.053230 1.280413 0.036370
v -0.004090 1.053715 0.037442
v -0.003852 1.053639 0.036370
v -0.051938 1.055690 0.027089
v -0.051700 1.055614 0.026017
v -0.035948 0.976291 0.045610
v -0.035712 0.976197 0.044540
v 0.016651 0.988952 0.037441
v 0.016887 0.988858 0.036371
v 0.203358 1.459561 0.027033
v 0.203894 1.459535 0.026073
v 0.210332 1.411888 0.045550
v 0.210882 1.411826 0.044600
v 0.178493 1.415100 0.027028
v 0.179043 1.415038 0.026078
v 0.210332 1.411888 0.045550
v 0.210882 1.411826 0.044600
v 0.203358 1.459561 0.027033
v 0.203894 1.459535 0.026073
v 0.236258 1.457405 0.045555
v 0.236794 1.457379 0.044595
v -0.140488 0.950982 0.065156
v -0.141140 0.950696 0.064318
v -0.193281 1.030390 0.065197
v -0.193883 1.030352 0.064277
v -0.126546 1.030633 0.027010
v -0.127154 1.030577 0.026096
v -0.177876 1.521599 0.065213
v -0.178354 1.521327 0.064261
v -0.051335 1.276887 0.027030
v -0.051881 1.276905 0.026076
v -0.117732 1.278953 0.065214
v -0.118278 1.278971 0.064260
v -0.120198 1.553552 0.027029
v -0.120676 1.553280 0.026077
v -0.186347 1.618935 0.027030
v -0.186833 1.618681 0.026076
v -0.177876 1.521599 0.065213
v -0.178354 1.521327 0.064261
v -0.245418 1.588234 0.065214
v -0.245904 1.587980 0.064260
v -0.277670 1.773587 0.065227
v -0.278096 1.773329 0.064247
v -0.186347 1.618935 0.027030
v -0.186833 1.618681 0.026076
v -0.220656 1.811347 0.027043
v -0.221090 1.811097 0.026063
v -0.177876 1.521599 0.065213
v -0.178354 1.521327 0.064261
v -0.186347 1.618935 0.027030
v -0.186833 1.618681 0.026076
v -0.120198 1.553552 0.027029
v -0.120676 1.553280 0.026077
v -0.277670 1.773588 0.065227
v -0.278096 1.773328 0.064247
v -0.662990 2.020049 0.065275
v -0.663196 2.019949 0.064199
v -0.500827 1.973630 0.045618
v -0.501001 1.973642 0.044532
v -0.500827 1.973630 0.045618
v -0.501001 1.973642 0.044532
v -0.220656 1.811347 0.027043
v -0.221090 1.811097 0.026063
v -0.277670 1.773588 0.065227
v -0.278096 1.773328 0.064247
v -0.467000 0.042645 0.038521
v -0.466510 0.041661 0.038521
v -0.374711 0.050508 0.038521
v -0.375083 0.049472 0.038521
v -0.467000 0.042645 0.090953
v -0.466510 0.041661 0.090953
v -0.374711 0.050508 0.090953
v -0.375083 0.049472 0.090953
v -0.297620 -0.024021 0.038521
v -0.298644 -0.024423 0.038521
v -0.297620 -0.024021 0.090953
v -0.298644 -0.024423 0.090953
v -0.122974 0.345125 0.092453
v -0.122554 0.344109 0.092453
v -0.024339 0.285428 0.092453
v -0.025337 0.284966 0.092453
v -0.122974 0.345125 0.037020
v -0.122554 0.344109 0.037020
v -0.024339 0.285428 0.037021
v -0.025337 0.284966 0.037021
v -0.095956 0.344549 0.092453
v -0.096336 0.343517 0.092453
v -0.095955 0.344549 0.037020
v -0.096335 0.343517 0.037020
v -0.359736 0.173636 0.028624
v -0.360780 0.173290 0.028624
v -0.359736 0.173636 0.100850
v -0.360780 0.173290 0.100850
v -0.178675 -0.001551 0.028624
v -0.179005 -0.002601 0.028624
v -0.178675 -0.001551 0.100850
v -0.179005 -0.002601 0.100850
v -0.037173 0.022537 0.028624
v -0.036601 0.021597 0.028624
v -0.037173 0.022537 0.100850
v -0.036601 0.021597 0.100850
v -0.024449 0.285375 0.037367
v -0.025227 0.285019 0.036675
v -0.122926 0.345007 0.037372
v -0.122602 0.344227 0.036668
v -0.001400 0.298856 0.004484
v -0.002164 0.298480 0.003788
v -0.127938 0.375312 0.004491
v -0.127678 0.374514 0.003781
v -0.084646 0.366719 0.004482
v -0.084992 0.365937 0.003790
v -0.095976 0.344425 0.037366
v -0.096314 0.343641 0.036674
v -0.024449 0.285375 0.092107
v -0.025227 0.285019 0.092799
v -0.001400 0.298856 0.124990
v -0.002164 0.298480 0.125686
v -0.084646 0.366719 0.124992
v -0.084992 0.365937 0.125684
v -0.095977 0.344425 0.092107
v -0.096315 0.343641 0.092799
v -0.127938 0.375312 0.124983
v -0.127678 0.374514 0.125693
v -0.122926 0.345006 0.092099
v -0.122602 0.344228 0.092807
v 0.034768 0.886762 0.037354
v 0.034832 0.885890 0.036687
v 0.008557 0.869750 0.037357
v 0.009335 0.869362 0.036684
v 0.033873 0.911018 0.004470
v 0.033929 0.910146 0.003802
v 0.165243 0.826204 0.037354
v 0.164573 0.825640 0.036688
v -0.012783 0.881534 0.004473
v -0.012013 0.881128 0.003799
v 0.184543 0.841078 0.004471
v 0.183871 0.840522 0.003801
v 0.184543 0.841078 0.125003
v 0.183871 0.840522 0.125673
v 0.033873 0.911018 0.125004
v 0.033929 0.910146 0.125672
v 0.165243 0.826204 0.092120
v 0.164573 0.825640 0.092786
v 0.034768 0.886762 0.092119
v 0.034832 0.885890 0.092786
v 0.008557 0.869750 0.092116
v 0.009335 0.869362 0.092789
v -0.012783 0.881534 0.125001
v -0.012013 0.881128 0.125675
v 0.008454 0.869801 0.037021
v 0.009438 0.869311 0.037021
v 0.008454 0.869801 0.092453
v 0.009438 0.869311 0.092453
v 0.034762 0.886875 0.037021
v 0.034838 0.885777 0.037021
v 0.034762 0.886875 0.092453
v 0.034838 0.885777 0.092453
v 0.165339 0.826263 0.037021
v 0.164477 0.825581 0.037021
v 0.165339 0.826263 0.092453
v 0.164477 0.825581 0.092453
v -0.022793 1.503592 0.092567
v -0.023603 1.502848 0.092567
v 0.095012 1.373623 0.036906
v 0.094050 1.373089 0.036906
v 0.095012 1.373623 0.092567
v 0.094050 1.373089 0.092567
v -0.022793 1.503592 0.036906
v -0.023603 1.502848 0.036906
v -0.311200 -0.274117 0.091988
v -0.310694 -0.275093 0.091988
v -0.311200 -0.274117 0.037485
v -0.310694 -0.275093 0.037485
v -0.480338 -0.284878 0.037485
v -0.480668 -0.285928 0.037485
v -0.480338 -0.284878 0.091988
v -0.480668 -0.285928 0.091988
v -0.639856 -0.158278 0.037485
v -0.640852 -0.158744 0.037485
v -0.639856 -0.158278 0.091988
v -0.640852 -0.158744 0.091988
v -0.297620 -0.024021 0.038521
v -0.298644 -0.024423 0.038521
v -0.297620 -0.024021 0.090953
v -0.298644 -0.024423 0.090953
v -0.301873 -0.100188 0.090953
v -0.302893 -0.099776 0.090953
v -0.301873 -0.100188 0.038521
v -0.302893 -0.099776 0.038521
v -0.359747 -0.168164 0.090953
v -0.360241 -0.167182 0.090953
v -0.359747 -0.168164 0.038521
v -0.360241 -0.167182 0.038521
v -0.139649 0.119348 0.037020
v -0.140139 0.120332 0.037020
v -0.139649 0.119348 0.092453
v -0.140139 0.120332 0.092453
v -0.024621 0.256187 0.037021
v -0.025653 0.256567 0.037021
v -0.024621 0.256187 0.092453
v -0.025653 0.256567 0.092453
v -0.024339 0.285428 0.092453
v -0.025337 0.284966 0.092453
v -0.024339 0.285428 0.037021
v -0.025337 0.284966 0.037021
v -0.165082 0.975853 0.064737
v -0.165914 0.975133 0.064737
v -0.081406 0.879195 0.028624
v -0.082430 0.878793 0.028624
v -0.081406 0.879195 0.100850
v -0.082430 0.878793 0.100850
v -0.065871 0.701545 0.028624
v -0.066957 0.701721 0.028624
v -0.065871 0.701545 0.100850
v -0.066957 0.701721 0.100850
v -0.157059 0.488317 0.028624
v -0.157961 0.488947 0.028624
v -0.157059 0.488317 0.100850
v -0.157961 0.488947 0.100850
v -0.335287 0.320303 0.028624
v -0.336259 0.320817 0.028624
v -0.335287 0.320303 0.100850
v -0.336259 0.320817 0.100850
v -0.359736 0.173636 0.028624
v -0.360780 0.173290 0.028624
v -0.359736 0.173636 0.100850
v -0.360780 0.173290 0.100850
v -0.139707 0.119460 0.037370
v -0.140081 0.120220 0.036670
v -0.128033 0.094497 0.004486
v -0.128407 0.095257 0.003786
v -0.000045 0.246556 0.004477
v -0.000857 0.246852 0.003795
v -0.024730 0.256237 0.037363
v -0.025544 0.256517 0.036679
v -0.024449 0.285375 0.037367
v -0.025227 0.285019 0.036675
v -0.001400 0.298856 0.004483
v -0.002164 0.298480 0.003788
v -0.000045 0.246556 0.124997
v -0.000857 0.246852 0.125679
v -0.024449 0.285375 0.092107
v -0.025227 0.285019 0.092799
v -0.024730 0.256237 0.092111
v -0.025544 0.256517 0.092795
v -0.139707 0.119460 0.092103
v -0.140081 0.120220 0.092803
v -0.001400 0.298856 0.124990
v -0.002164 0.298480 0.125686
v -0.128033 0.094497 0.124988
v -0.128407 0.095258 0.125688
v 0.165243 0.826204 0.037354
v 0.164573 0.825640 0.036688
v 0.184543 0.841078 0.004471
v 0.183871 0.840522 0.003801
v 0.194179 0.805596 0.004461
v 0.193293 0.805610 0.003810
v 0.169440 0.806057 0.037349
v 0.168558 0.806071 0.036693
v 0.061128 0.414158 0.037346
v 0.060378 0.414632 0.036696
v 0.081951 0.401293 0.004461
v 0.081201 0.401767 0.003811
v 0.037556 0.391296 0.037364
v 0.037438 0.392148 0.036678
v 0.184543 0.841078 0.125003
v 0.183871 0.840522 0.125673
v 0.165243 0.826204 0.092120
v 0.164573 0.825640 0.092786
v 0.194179 0.805596 0.125012
v 0.193293 0.805610 0.125664
v 0.169440 0.806057 0.092125
v 0.168558 0.806071 0.092781
v 0.061128 0.414158 0.092128
v 0.060378 0.414632 0.092778
v 0.081951 0.401293 0.125013
v 0.081201 0.401767 0.125663
v 0.037556 0.391296 0.092110
v 0.037438 0.392148 0.092796
v 0.181528 1.068032 0.037443
v 0.181290 1.067986 0.036369
v 0.202413 0.922591 0.027089
v 0.202169 0.922573 0.026017
v 0.196583 0.922973 0.045611
v 0.196339 0.922955 0.044539
v 0.181528 1.068032 0.092030
v 0.181290 1.067986 0.093104
v 0.202413 0.922591 0.102385
v 0.202169 0.922573 0.103457
v 0.196583 0.922973 0.083863
v 0.196339 0.922955 0.084935
v -0.126546 1.030633 0.102464
v -0.127154 1.030577 0.103378
v -0.140488 0.950982 0.064318
v -0.141140 0.950696 0.065156
v -0.112415 0.958356 0.102502
v -0.113067 0.958070 0.103340
v -0.140488 0.950982 0.065156
v -0.141140 0.950696 0.064318
v -0.126546 1.030633 0.027010
v -0.127154 1.030577 0.026096
v -0.112415 0.958356 0.026972
v -0.113067 0.958070 0.026134
v 0.037587 0.391179 0.092453
v 0.037407 0.392265 0.092453
v 0.165339 0.826263 0.037021
v 0.164477 0.825581 0.037021
v 0.037587 0.391179 0.037021
v 0.037407 0.392265 0.037021
v 0.165339 0.826263 0.092453
v 0.164477 0.825581 0.092453
v 0.061227 0.414116 0.092453
v 0.060279 0.414674 0.092453
v 0.169549 0.806045 0.037021
v 0.168449 0.806083 0.037021
v 0.061227 0.414116 0.037021
v 0.060279 0.414674 0.037021
v 0.169549 0.806045 0.092453
v 0.168449 0.806083 0.092453
v 0.095012 1.373623 0.036906
v 0.094050 1.373089 0.036906
v 0.095012 1.373623 0.092567
v 0.094050 1.373089 0.092567
v 0.181958 1.068038 0.092567
v 0.180860 1.067980 0.092567
v 0.181958 1.068038 0.036906
v 0.180860 1.067980 0.036906
v 0.158296 0.925409 0.092567
v 0.157212 0.925593 0.092567
v 0.158296 0.925409 0.036906
v 0.157212 0.925593 0.036906
v -0.523704 0.156061 0.091988
v -0.524211 0.157037 0.091988
v -0.639856 -0.158278 0.037485
v -0.640852 -0.158744 0.037485
v -0.523704 0.156061 0.037485
v -0.524211 0.157037 0.037485
v -0.639856 -0.158278 0.091988
v -0.640852 -0.158744 0.091988
v -0.635347 0.023077 0.091988
v -0.636375 0.023467 0.091988
v -0.635347 0.023077 0.037485
v -0.636375 0.023467 0.037485
v -0.064385 1.854876 0.083932
v -0.064059 1.855358 0.084866
v -0.353345 1.962560 0.102427
v -0.353235 1.963038 0.103412
v -0.080999 1.829447 0.102454
v -0.080673 1.829929 0.103388
v -0.345527 1.990853 0.083906
v -0.345427 1.991331 0.084892
v -0.345527 1.990853 0.083906
v -0.345427 1.991331 0.084892
v -0.500827 1.973630 0.083856
v -0.501001 1.973642 0.084942
v -0.353345 1.962560 0.102427
v -0.353235 1.963038 0.103412
v -0.662990 2.020049 0.064199
v -0.663196 2.019949 0.065275
v -0.064385 1.854876 0.083932
v -0.064059 1.855358 0.084866
v 0.121669 1.650297 0.102452
v 0.122135 1.650633 0.103390
v 0.146179 1.667119 0.083930
v 0.146645 1.667455 0.084868
v -0.080999 1.829447 0.102454
v -0.080673 1.829929 0.103388
v 0.146179 1.667119 0.083930
v 0.146645 1.667455 0.084868
v 0.203358 1.459561 0.102441
v 0.203894 1.459535 0.103401
v 0.236258 1.457405 0.083919
v 0.236794 1.457379 0.084879
v 0.121669 1.650297 0.102452
v 0.122135 1.650633 0.103390
v 0.210332 1.411888 0.083924
v 0.210882 1.411826 0.084874
v 0.295636 1.021324 0.102452
v 0.296210 1.021322 0.103390
v 0.327125 1.019270 0.083930
v 0.327699 1.019250 0.084868
v 0.295636 1.021324 0.102452
v 0.296210 1.021322 0.103390
v 0.210332 1.411888 0.083924
v 0.210882 1.411826 0.084874
v 0.178493 1.415100 0.102446
v 0.179043 1.415038 0.103396
v 0.291732 0.916793 0.083937
v 0.292300 0.916609 0.084861
v 0.327125 1.019270 0.083930
v 0.327699 1.019250 0.084868
v 0.295636 1.021324 0.102452
v 0.296210 1.021322 0.103390
v 0.263767 0.918626 0.102459
v 0.264335 0.918442 0.103383
v -0.126546 1.030632 0.102464
v -0.127154 1.030577 0.103378
v -0.051335 1.276887 0.102444
v -0.051881 1.276905 0.103398
v -0.117732 1.278953 0.064260
v -0.118278 1.278971 0.065214
v -0.126546 1.030632 0.102464
v -0.127154 1.030577 0.103378
v -0.117732 1.278953 0.064260
v -0.118278 1.278971 0.065214
v -0.193281 1.030390 0.064277
v -0.193883 1.030352 0.065197
v -0.012398 0.881331 0.124788
v -0.012398 0.881331 0.125888
v 0.013245 0.978760 0.124788
v 0.013245 0.978760 0.125888
v -0.052275 0.894320 0.124788
v -0.052275 0.894320 0.125888
v -0.088883 0.956650 0.124788
v -0.088883 0.956650 0.125888
v -0.036925 0.695092 0.124788
v -0.036925 0.695092 0.125888
v 0.033901 0.910582 0.124788
v 0.033901 0.910582 0.125888
v -0.001553 0.691613 0.124788
v -0.001553 0.691613 0.125888
v 0.195483 0.905760 0.124788
v 0.195483 0.905760 0.125888
v -0.093205 0.477524 0.124788
v -0.093205 0.477524 0.125888
v -0.132726 0.472025 0.124788
v -0.132726 0.472025 0.125888
v 0.184207 0.840800 0.124788
v 0.184207 0.840800 0.125888
v -0.081856 0.424903 0.124788
v -0.081856 0.424903 0.125888
v 0.272448 0.921466 0.124788
v 0.272448 0.921466 0.125888
v 0.253950 0.948001 0.124788
v 0.253950 0.948001 0.125888
v 0.193736 0.805603 0.124788
v 0.193736 0.805603 0.125888
v 0.108726 0.262585 0.124788
v 0.108726 0.262585 0.125888
v 0.081576 0.401530 0.124788
v 0.081576 0.401530 0.125888
v 0.040611 0.367321 0.124788
v 0.040611 0.367321 0.125888
v -0.127808 0.374913 0.124788
v -0.127808 0.374913 0.125888
v -0.308245 0.306059 0.124788
v -0.308245 0.306059 0.125888
v -0.084819 0.366328 0.124788
v -0.084819 0.366328 0.125888
v -0.263421 0.230529 0.124788
v -0.263421 0.230529 0.125888
v -0.001782 0.298668 0.124788
v -0.001782 0.298668 0.125888
v -0.000451 0.246704 0.124788
v -0.000451 0.246704 0.125888
v -0.328537 0.184081 0.124788
v -0.328537 0.184081 0.125888
v -0.053325 0.049628 0.124788
v -0.053325 0.049628 0.125888
v -0.267071 0.189267 0.124788
v -0.267071 0.189267 0.125888
v -0.128220 0.094877 0.124788
v -0.128220 0.094877 0.125888
v -0.172827 0.093194 0.124788
v -0.172827 0.093194 0.125888
v -0.169022 0.029567 0.124788
v -0.169022 0.029567 0.125888
v -0.088758 0.956242 0.124991
v -0.089008 0.957058 0.125685
v 0.013246 0.978379 0.124941
v 0.013244 0.979141 0.125735
v 0.017389 1.009234 0.100453
v 0.017387 1.009996 0.101247
v 0.192785 0.939027 0.100408
v 0.192697 0.939675 0.101292
v 0.195518 0.905436 0.124895
v 0.195448 0.906084 0.125781
v 0.253932 0.947733 0.124858
v 0.253968 0.948269 0.125818
v 0.265749 0.989624 0.100369
v 0.265853 0.990148 0.101331
v 0.306597 0.934123 0.100396
v 0.307203 0.934257 0.101304
v 0.272137 0.921426 0.124886
v 0.272759 0.921506 0.125789
v 0.135829 0.250563 0.100422
v 0.136451 0.250263 0.101278
v 0.108415 0.262735 0.124910
v 0.109037 0.262435 0.125766
v -0.053498 0.049918 0.124904
v -0.053152 0.049338 0.125772
v -0.037060 0.022357 0.100416
v -0.036714 0.021777 0.101284
v -0.168923 0.029881 0.124897
v -0.169120 0.029253 0.125779
v -0.178741 -0.001762 0.100409
v -0.178938 -0.002390 0.101291
v -0.328226 0.184182 0.124896
v -0.328848 0.183980 0.125780
v -0.359947 0.173564 0.100408
v -0.360569 0.173362 0.101292
v -0.335472 0.320402 0.100418
v -0.336074 0.320718 0.101282
v -0.307944 0.305901 0.124906
v -0.308546 0.306217 0.125770
v -0.157223 0.488435 0.100424
v -0.157797 0.488829 0.101275
v -0.132439 0.471828 0.124912
v -0.133013 0.472222 0.125763
v -0.036586 0.695035 0.124909
v -0.037264 0.695149 0.125767
v -0.066074 0.701580 0.100421
v -0.066754 0.701686 0.101279
v -0.081574 0.879088 0.100431
v -0.082262 0.878900 0.101269
v -0.051935 0.894423 0.124919
v -0.052615 0.894217 0.125757
v -0.088551 0.956811 0.124930
v -0.089215 0.956489 0.125746
v -0.165166 0.975654 0.064329
v -0.165830 0.975332 0.065145
v -0.346422 -0.193920 0.106389
v -0.346422 -0.193920 0.107489
v -0.471575 -0.257148 0.106389
v -0.471575 -0.257148 0.107489
v -0.325106 -0.248319 0.106389
v -0.325106 -0.248319 0.107489
v -0.462137 -0.202479 0.106389
v -0.462137 -0.202479 0.107489
v -0.274204 -0.111044 0.106389
v -0.274204 -0.111044 0.107489
v -0.612111 -0.145380 0.106389
v -0.612111 -0.145380 0.107489
v -0.222953 -0.120171 0.106389
v -0.222953 -0.120171 0.107489
v -0.553208 -0.118115 0.106389
v -0.553208 -0.118115 0.107489
v -0.269980 -0.013371 0.106389
v -0.269980 -0.013371 0.107489
v -0.556130 -0.015366 0.106389
v -0.556130 -0.015366 0.107489
v -0.208867 -0.005841 0.106389
v -0.208867 -0.005841 0.107489
v -0.608157 0.013402 0.106389
v -0.608157 0.013402 0.107489
v -0.364628 0.078121 0.106389
v -0.364628 0.078121 0.107489
v -0.480183 0.069552 0.106389
v -0.480183 0.069552 0.107489
v -0.362558 0.143649 0.106389
v -0.362558 0.143649 0.107489
v -0.509970 0.130274 0.106389
v -0.509970 0.130274 0.107489
v -0.352413 0.171593 0.091493
v -0.352253 0.172045 0.092483
v -0.523845 0.156333 0.091494
v -0.524069 0.156765 0.092481
v -0.362638 0.143423 0.106444
v -0.362478 0.143875 0.107434
v -0.509858 0.130058 0.106446
v -0.510082 0.130490 0.107432
v -0.209089 -0.005917 0.106442
v -0.208645 -0.005764 0.107436
v -0.635628 0.023183 0.091498
v -0.636094 0.023361 0.092478
v -0.179742 0.003661 0.091491
v -0.179298 0.003814 0.092485
v -0.607924 0.013313 0.106449
v -0.608390 0.013491 0.107429
v -0.196440 -0.131041 0.091499
v -0.195976 -0.131237 0.092477
v -0.611897 -0.145281 0.106442
v -0.612325 -0.145478 0.107436
v -0.223185 -0.120073 0.106450
v -0.222721 -0.120269 0.107428
v -0.640140 -0.158412 0.091491
v -0.640568 -0.158610 0.092485
v -0.325218 -0.248103 0.106445
v -0.324994 -0.248535 0.107433
v -0.480431 -0.285169 0.091495
v -0.480575 -0.285637 0.092481
v -0.311059 -0.274389 0.091495
v -0.310835 -0.274821 0.092482
v -0.471503 -0.256914 0.106446
v -0.471647 -0.257382 0.107432
v -0.273963 -0.111138 0.106454
v -0.274445 -0.110950 0.107424
v -0.269744 -0.013278 0.106451
v -0.270216 -0.013464 0.107427
v -0.297896 -0.024129 0.090465
v -0.298368 -0.024315 0.091441
v -0.302142 -0.100076 0.090468
v -0.302624 -0.099888 0.091438
v -0.374812 0.050227 0.090464
v -0.374982 0.049753 0.091442
v -0.359879 -0.167901 0.090466
v -0.360109 -0.167445 0.091440
v -0.364543 0.078358 0.106450
v -0.364713 0.077884 0.107428
v -0.346307 -0.194148 0.106452
v -0.346537 -0.193692 0.107426
v -0.480298 0.069782 0.106453
v -0.480068 0.069322 0.107425
v -0.452216 -0.174536 0.090466
v -0.452046 -0.174054 0.091440
v -0.466870 0.042383 0.090467
v -0.466640 0.041924 0.091439
v -0.462222 -0.202720 0.106452
v -0.462052 -0.202238 0.107426
v -0.556372 -0.015276 0.106453
v -0.555888 -0.015456 0.107425
v -0.553440 -0.118221 0.106452
v -0.552976 -0.118009 0.107426
v -0.527930 -0.026355 0.090467
v -0.527446 -0.026535 0.091439
v -0.525869 -0.106206 0.090466
v -0.525405 -0.105994 0.091440
v 0.136286 1.398268 0.102371
v 0.136276 1.398260 0.103471
v 0.203631 1.459552 0.102371
v 0.203621 1.459544 0.103471
v 0.121907 1.650469 0.102371
v 0.121897 1.650461 0.103471
v 0.178773 1.415073 0.102371
v 0.178763 1.415065 0.103471
v 0.229337 1.069479 0.102371
v 0.229327 1.069471 0.103471
v 0.295928 1.021327 0.102371
v 0.295918 1.021319 0.103471
v 0.202296 0.922586 0.102371
v 0.202286 0.922578 0.103471
v 0.243228 0.919903 0.102371
v 0.243218 0.919895 0.103471
v 0.264056 0.918538 0.102371
v 0.264046 0.918530 0.103471
v -0.098170 1.631446 0.102371
v -0.098180 1.631438 0.103471
v -0.080831 1.829692 0.102371
v -0.080841 1.829684 0.103471
v -0.220868 1.811226 0.102371
v -0.220878 1.811218 0.103471
v -0.353285 1.962803 0.102370
v -0.353295 1.962795 0.103470
v -0.500909 1.973640 0.083849
v -0.500919 1.973632 0.084949
v -0.186585 1.618812 0.102371
v -0.186595 1.618804 0.103471
v -0.120432 1.553420 0.102371
v -0.120442 1.553412 0.103471
v 0.004670 1.278979 0.102371
v 0.004660 1.278971 0.103471
v -0.051603 1.276900 0.102371
v -0.051613 1.276892 0.103471
v -0.051814 1.055656 0.102371
v -0.051824 1.055648 0.103471
v -0.126845 1.030609 0.102371
v -0.126855 1.030601 0.103471
v -0.077965 0.966314 0.102371
v -0.077975 0.966306 0.103471
v -0.043114 0.974405 0.102371
v -0.043124 0.974397 0.103471
v -0.112736 0.958217 0.102371
v -0.112746 0.958209 0.103471
v 0.004539 1.278970 0.102385
v 0.004791 1.278980 0.103456
v -0.004090 1.053715 0.092031
v -0.003852 1.053639 0.093103
v 0.052978 1.280403 0.092031
v 0.053230 1.280413 0.093102
v -0.023218 1.503247 0.092018
v -0.023178 1.503193 0.093116
v -0.098191 1.631469 0.102372
v -0.098159 1.631415 0.103470
v 0.136385 1.398327 0.102384
v 0.136177 1.398201 0.103457
v 0.094635 1.373419 0.092030
v 0.094427 1.373293 0.093103
v 0.229451 1.069498 0.102384
v 0.229213 1.069452 0.103458
v 0.181528 1.068032 0.092030
v 0.181290 1.067986 0.093104
v 0.202413 0.922591 0.102385
v 0.202169 0.922573 0.103457
v 0.196583 0.922973 0.083863
v 0.196339 0.922955 0.084935
v 0.157876 0.925510 0.092031
v 0.157632 0.925492 0.093103
v -0.051938 1.055690 0.102385
v -0.051700 1.055614 0.103457
v -0.035948 0.976291 0.083864
v -0.035712 0.976197 0.084934
v 0.016651 0.988952 0.092032
v 0.016887 0.988858 0.093102
v -0.186347 1.618935 0.102444
v -0.186833 1.618681 0.103398
v -0.277670 1.773587 0.064247
v -0.278096 1.773329 0.065227
v -0.245418 1.588234 0.064260
v -0.245904 1.587980 0.065214
v -0.277670 1.773587 0.064247
v -0.278096 1.773329 0.065227
v -0.186347 1.618935 0.102444
v -0.186833 1.618681 0.103398
v -0.220656 1.811347 0.102431
v -0.221090 1.811097 0.103411
v 0.210332 1.411888 0.083924
v 0.210882 1.411826 0.084874
v 0.203358 1.459561 0.102441
v 0.203894 1.459535 0.103401
v 0.178493 1.415100 0.102446
v 0.179043 1.415038 0.103396
v 0.210332 1.411888 0.083924
v 0.210882 1.411826 0.084874
v 0.236258 1.457405 0.083919
v 0.236794 1.457379 0.084879
v 0.203358 1.459561 0.102441
v 0.203894 1.459535 0.103401
v -0.126546 1.030633 0.102464
v -0.127154 1.030577 0.103378
v -0.140488 0.950982 0.064318
v -0.141140 0.950696 0.065156
v -0.193281 1.030390 0.064277
v -0.193883 1.030352 0.065197
v -0.177876 1.521599 0.064261
v -0.178354 1.521327 0.065213
v -0.051335 1.276887 0.102444
v -0.051881 1.276905 0.103398
v -0.120198 1.553552 0.102445
v -0.120676 1.553280 0.103397
v -0.117732 1.278953 0.064260
v -0.118278 1.278971 0.065214
v -0.177876 1.521599 0.064261
v -0.178354 1.521327 0.065213
v -0.186347 1.618935 0.102444
v -0.186833 1.618681 0.103398
v -0.245418 1.588234 0.064260
v -0.245904 1.587980 0.065214
v -0.186347 1.618935 0.102444
v -0.186833 1.618681 0.103398
v -0.177876 1.521599 0.064261
v -0.178354 1.521327 0.065213
v -0.120198 1.553552 0.102445
v -0.120676 1.553280 0.103397
v -0.662990 2.020049 0.064199
v -0.663196 2.019949 0.065275
v -0.277670 1.773588 0.064247
v -0.278096 1.773328 0.065227
v -0.500827 1.973630 0.083856
v -0.501001 1.973642 0.084942
v -0.220656 1.811347 0.102431
v -0.221090 1.811097 0.103411
v -0.346025 1.991142 0.045660
v -0.636411 2.017571 0.063636
v -0.346025 1.991142 0.057644
v -0.636434 2.017573 0.064737
v -0.346025 1.991142 0.070729
v -0.346025 1.991142 0.058744
v -0.636411 2.017571 0.065838
v -0.346025 1.991142 0.083814
v -0.346025 1.991142 0.071830
v 0.146002 1.667653 0.045625
v -0.046536 1.839346 0.045625
v 0.146002 1.667653 0.057607
v -0.063812 1.854751 0.057633
v 0.128726 1.683058 0.057633
v -0.063812 1.854751 0.045651
v 0.146002 1.667653 0.058733
v -0.046536 1.839346 0.058733
v 0.146002 1.667653 0.070715
v -0.064717 1.855356 0.045625
v -0.321864 1.979676 0.045625
v -0.064717 1.855356 0.057609
v -0.344982 1.990853 0.057633
v -0.087835 1.866533 0.057633
v -0.344982 1.990853 0.045648
v -0.063812 1.854751 0.070741
v 0.128726 1.683058 0.070741
v -0.063812 1.854751 0.058759
v -0.064717 1.855356 0.058733
v -0.321864 1.979676 0.058733
v -0.064717 1.855356 0.070717
v 0.146002 1.667653 0.071841
v -0.046536 1.839346 0.071841
v 0.146002 1.667653 0.083823
v -0.344982 1.990853 0.070741
v -0.087835 1.866533 0.070741
v -0.344982 1.990853 0.058756
v -0.063812 1.854751 0.083849
v 0.128726 1.683058 0.083849
v -0.063812 1.854751 0.071867
v -0.064717 1.855356 0.071841
v -0.321864 1.979676 0.071841
v -0.064717 1.855356 0.083825
v -0.344982 1.990853 0.083849
v -0.087835 1.866533 0.083849
v -0.344982 1.990853 0.071864
v -0.525234 -0.106474 0.090403
v -0.453772 -0.172772 0.090403
v -0.525234 -0.106474 0.039429
v -0.452534 -0.173921 0.090045
v -0.452534 -0.173921 0.039071
v -0.523996 -0.107623 0.039071
v -0.451582 -0.174256 0.090403
v -0.362072 -0.167822 0.090403
v -0.451582 -0.174256 0.039466
v -0.360543 -0.167712 0.039071
v -0.450053 -0.174146 0.039071
v -0.360543 -0.167712 0.090008
v -0.240524 0.192952 0.091903
v -0.163431 0.118293 0.091903
v -0.163431 0.118293 0.037912
v -0.162488 0.117956 0.089717
v -0.140718 0.119771 0.037570
v -0.162488 0.117956 0.037570
v -0.241793 0.194181 0.091561
v -0.164700 0.119522 0.037570
v -0.241793 0.194181 0.037570
v -0.140442 0.119794 0.039756
v -0.162212 0.117979 0.091903
v -0.140442 0.119794 0.091903
v 0.265349 0.989573 0.099694
v 0.265349 0.989573 0.029174
v 0.194014 0.940232 0.029174
v 0.193193 0.939664 0.100300
v 0.264528 0.989005 0.100300
v 0.193193 0.939664 0.029780
v 0.192230 0.939556 0.029174
v 0.020153 1.008507 0.029174
v 0.192230 0.939556 0.100051
v 0.017899 1.009410 0.100300
v 0.189976 0.940459 0.100300
v 0.017899 1.009410 0.029423
v -0.162661 0.976022 0.064737
v 0.016847 1.009514 0.100183
v 0.016847 1.009514 0.029291
v -0.141064 0.119419 0.036575
v -0.171708 0.094624 0.005976
v -0.162598 0.117623 0.036575
v -0.240035 0.192020 0.036579
v -0.163574 0.117973 0.036579
v -0.173032 0.094097 0.004814
v -0.171681 0.093574 0.004571
v -0.140127 0.119104 0.036079
v -0.128942 0.095186 0.004571
v -0.175045 0.095885 0.004597
v -0.266315 0.188926 0.004597
v -0.242217 0.194055 0.036443
v -0.140127 0.119104 0.093395
v -0.171682 0.093574 0.124903
v -0.128942 0.095186 0.124903
v -0.171708 0.094624 0.123498
v -0.141064 0.119419 0.092898
v -0.162598 0.117623 0.092898
v -0.240035 0.192020 0.092894
v -0.173032 0.094097 0.124660
v -0.163574 0.117973 0.092894
v -0.175045 0.095885 0.124877
v -0.242217 0.194055 0.093030
v -0.266315 0.188926 0.124877
v 0.038023 0.391467 0.036176
v 0.080346 0.400885 0.004601
v 0.041013 0.368039 0.004601
v -0.062270 0.440412 0.036444
v 0.037566 0.369099 0.004588
v -0.081074 0.424881 0.004588
v 0.040020 0.368113 0.004856
v -0.059318 0.439070 0.036553
v 0.037018 0.391633 0.036554
v 0.041013 0.368039 0.124873
v 0.080346 0.400885 0.124873
v 0.038023 0.391467 0.093298
v -0.059318 0.439070 0.092920
v 0.040020 0.368113 0.124618
v 0.037018 0.391633 0.092920
v -0.081074 0.424881 0.124886
v 0.037566 0.369099 0.124886
v -0.062270 0.440412 0.093029
v -0.088817 0.957040 0.124833
v 0.015203 1.008883 0.100863
v -0.163809 0.975484 0.065516
v 0.015203 1.008883 0.028610
v -0.088817 0.957040 0.004641
v -0.163809 0.975484 0.063958
v 0.035398 0.392756 0.091903
v -0.061953 0.440692 0.037908
v -0.061953 0.440692 0.091903
v -0.060347 0.439901 0.037570
v 0.037004 0.391965 0.091565
v 0.037004 0.391965 0.037571
v -0.348801 0.168384 0.091438
v -0.179914 0.004120 0.091438
v -0.179914 0.004120 0.038173
v -0.351939 0.171436 0.091300
v -0.183052 0.007172 0.038035
v -0.351939 0.171436 0.038035
v -0.520409 0.156865 0.091438
v -0.352881 0.171770 0.091438
v -0.352881 0.171770 0.038236
v -0.523409 0.156598 0.091237
v -0.355881 0.171503 0.038035
v -0.523409 0.156598 0.038035
v 0.294997 0.925339 0.083849
v 0.327233 1.018740 0.071911
v 0.327233 1.018740 0.083849
v 0.324431 1.010622 0.071841
v 0.292195 0.917221 0.083778
v 0.292195 0.917221 0.071841
v 0.220412 1.378903 0.071841
v 0.327255 1.019787 0.083831
v 0.327255 1.019787 0.071841
v 0.317607 1.052215 0.083849
v 0.210764 1.411330 0.071859
v 0.210764 1.411330 0.083849
v 0.294997 0.925339 0.070741
v 0.327233 1.018740 0.058803
v 0.327233 1.018740 0.070741
v 0.324431 1.010622 0.058733
v 0.292195 0.917221 0.070670
v 0.292195 0.917221 0.058733
v 0.294997 0.925339 0.057633
v 0.327233 1.018740 0.045695
v 0.327233 1.018740 0.057633
v 0.324431 1.010622 0.045625
v 0.292195 0.917221 0.057562
v 0.292195 0.917221 0.045625
v 0.220412 1.378903 0.045625
v 0.327255 1.019787 0.057615
v 0.327255 1.019787 0.045625
v 0.220412 1.378903 0.058733
v 0.327255 1.019787 0.070723
v 0.327255 1.019787 0.058733
v 0.317607 1.052215 0.057633
v 0.210764 1.411330 0.045643
v 0.210764 1.411330 0.057633
v 0.317607 1.052215 0.070741
v 0.210764 1.411330 0.058751
v 0.210764 1.411330 0.070741
v 0.234317 1.453512 0.045625
v 0.210879 1.412335 0.057478
v 0.210879 1.412335 0.045625
v 0.234317 1.453512 0.058733
v 0.210879 1.412335 0.070586
v 0.210879 1.412335 0.058733
v 0.212816 1.415737 0.057633
v 0.236254 1.456914 0.045779
v 0.236254 1.456914 0.057633
v 0.234317 1.453512 0.071841
v 0.210879 1.412335 0.083694
v 0.210879 1.412335 0.071841
v 0.212816 1.415737 0.070741
v 0.236254 1.456914 0.058887
v 0.236254 1.456914 0.070741
v 0.212816 1.415737 0.083849
v 0.236254 1.456914 0.071995
v 0.236254 1.456914 0.083849
v 0.236309 1.457897 0.071873
v 0.153980 1.649658 0.083849
v 0.236309 1.457897 0.083849
v 0.236309 1.457897 0.058765
v 0.153980 1.649658 0.070741
v 0.236309 1.457897 0.070741
v 0.146629 1.666782 0.083816
v 0.228958 1.475021 0.071841
v 0.146629 1.666782 0.071841
v 0.236309 1.457897 0.045657
v 0.153980 1.649658 0.057633
v 0.236309 1.457897 0.057633
v 0.146629 1.666782 0.070708
v 0.228958 1.475021 0.058733
v 0.146629 1.666782 0.058733
v 0.146629 1.666782 0.057600
v 0.228958 1.475021 0.045625
v 0.146629 1.666782 0.045625
v -0.467120 0.041742 0.090403
v -0.526313 -0.024897 0.090403
v -0.467120 0.041742 0.039469
v -0.527323 -0.026034 0.090005
v -0.527323 -0.026034 0.039071
v -0.468130 0.040605 0.039071
v -0.527674 -0.026995 0.090403
v -0.525684 -0.104264 0.090403
v -0.527674 -0.026995 0.039541
v -0.525651 -0.105550 0.089933
v -0.525651 -0.105550 0.039071
v -0.527641 -0.028281 0.039071
v -0.242125 0.195110 0.039127
v -0.238739 0.224490 0.091903
v -0.242125 0.195110 0.091903
v -0.238695 0.224876 0.090346
v -0.242081 0.195496 0.037570
v -0.238695 0.224876 0.037570
v -0.125125 0.342188 0.091903
v -0.238249 0.225816 0.091903
v -0.238249 0.225816 0.037783
v -0.123147 0.344223 0.091690
v -0.236271 0.227851 0.037570
v -0.123147 0.344223 0.037570
v 0.051575 1.284872 0.092017
v -0.023020 1.502700 0.037601
v -0.023020 1.502700 0.092017
v -0.021669 1.498756 0.037456
v 0.052926 1.280928 0.091872
v 0.052926 1.280928 0.037456
v 0.052970 1.279875 0.091871
v -0.002827 1.058220 0.037456
v 0.052970 1.279875 0.037456
v -0.003837 1.054210 0.037602
v 0.051960 1.275865 0.092017
v -0.003837 1.054210 0.092017
v -0.003803 1.053153 0.091406
v 0.016299 0.990372 0.037456
v -0.003803 1.053153 0.037456
v 0.016601 0.989429 0.038067
v -0.003501 1.052210 0.092017
v 0.016601 0.989429 0.092017
v -0.036555 0.022505 0.029174
v 0.133464 0.246881 0.029174
v -0.036555 0.022505 0.100144
v 0.135808 0.249975 0.100300
v -0.034211 0.025599 0.100300
v 0.135808 0.249975 0.029330
v 0.136273 0.250947 0.029174
v 0.304293 0.923749 0.029174
v 0.136273 0.250947 0.100241
v 0.306767 0.933656 0.100300
v 0.138747 0.260854 0.100300
v 0.306767 0.933656 0.029233
v 0.306573 0.934633 0.099481
v 0.306573 0.934633 0.029174
v 0.266566 0.988849 0.029174
v 0.266128 0.989443 0.100300
v 0.306135 0.935227 0.100300
v 0.266128 0.989443 0.029993
v -0.263198 0.229333 0.004578
v -0.242904 0.194958 0.036009
v -0.266687 0.189895 0.004578
v -0.242389 0.195742 0.036584
v -0.262481 0.229775 0.005466
v -0.239024 0.224943 0.036583
v -0.126538 0.341164 0.036559
v -0.238574 0.225911 0.036559
v -0.262543 0.230849 0.004762
v -0.259840 0.233863 0.004578
v -0.128154 0.374066 0.004578
v -0.123256 0.344647 0.036509
v -0.259840 0.233863 0.124896
v -0.123256 0.344647 0.092964
v -0.128154 0.374066 0.124896
v -0.242904 0.194958 0.093464
v -0.263198 0.229333 0.124896
v -0.266687 0.189895 0.124896
v -0.126538 0.341164 0.092914
v -0.262543 0.230849 0.124712
v -0.238574 0.225911 0.092914
v -0.262481 0.229775 0.124008
v -0.242389 0.195742 0.092889
v -0.239024 0.224943 0.092889
v 0.008626 0.869172 0.036476
v -0.001551 0.696697 0.004602
v -0.012063 0.880585 0.004602
v -0.001200 0.692071 0.004675
v 0.008984 0.864679 0.036574
v 0.022151 0.686071 0.036574
v 0.021913 0.685020 0.036488
v -0.090388 0.483269 0.004577
v -0.001448 0.691022 0.004577
v -0.092574 0.477991 0.004683
v 0.019656 0.679615 0.036575
v -0.068697 0.475299 0.036574
v -0.063004 0.442206 0.036574
v -0.092141 0.476866 0.005423
v -0.068819 0.474237 0.036574
v -0.092610 0.476233 0.004591
v -0.063063 0.441085 0.036180
v -0.081708 0.425685 0.004591
v -0.012063 0.880585 0.124872
v -0.001551 0.696697 0.124872
v 0.008626 0.869172 0.092998
v 0.022151 0.686071 0.092900
v 0.008984 0.864679 0.092900
v -0.001200 0.692071 0.124799
v -0.090388 0.483269 0.124897
v 0.021913 0.685020 0.092985
v -0.001448 0.691022 0.124897
v 0.019656 0.679616 0.092899
v -0.092574 0.477991 0.124791
v -0.068697 0.475299 0.092899
v -0.092141 0.476866 0.124051
v -0.063004 0.442205 0.092899
v -0.068819 0.474237 0.092899
v -0.063063 0.441085 0.093293
v -0.092610 0.476233 0.124883
v -0.081708 0.425685 0.124883
v -0.051135 1.051188 0.027063
v -0.036142 0.976728 0.044431
v -0.042977 0.974999 0.027063
v -0.036142 0.976728 0.085043
v -0.051135 1.051188 0.102411
v -0.042977 0.974999 0.102411
v -0.066751 0.478990 0.091903
v 0.022302 0.684923 0.037720
v 0.022302 0.684923 0.091903
v 0.022480 0.685977 0.037571
v 0.009221 0.865822 0.037571
v 0.022480 0.685977 0.091714
v 0.020686 0.681187 0.037571
v -0.068367 0.475254 0.091754
v -0.068367 0.475254 0.037570
v 0.008986 0.869008 0.091903
v 0.022245 0.689162 0.091903
v 0.008986 0.869008 0.037760
v -0.062623 0.441907 0.091903
v -0.068487 0.474208 0.038951
v -0.068487 0.474208 0.091903
v -0.068408 0.473777 0.037570
v -0.062544 0.441476 0.090522
v -0.062544 0.441476 0.037570
v -0.196140 -0.130593 0.038298
v -0.179870 0.000910 0.091438
v -0.196140 -0.130593 0.091438
v -0.308581 -0.271647 0.091438
v -0.196552 -0.131569 0.038222
v -0.196552 -0.131569 0.091438
v -0.179588 0.003191 0.091175
v -0.195858 -0.128311 0.038035
v -0.179588 0.003191 0.038035
v -0.198574 -0.134097 0.038035
v -0.310603 -0.274175 0.091251
v -0.310603 -0.274175 0.038035
v -0.073318 1.859000 0.044778
v -0.352651 1.963056 0.026880
v -0.345101 1.990396 0.044778
v -0.344479 1.959016 0.026841
v -0.065012 1.854910 0.044748
v -0.081075 1.830326 0.026841
v -0.657552 2.018966 0.064233
v -0.350682 1.991037 0.045236
v -0.500860 1.974171 0.045236
v -0.495974 1.973733 0.044766
v -0.346183 1.990555 0.044766
v -0.353712 1.963290 0.026916
v -0.057919 1.848876 0.044778
v 0.145600 1.667391 0.044778
v 0.121918 1.651137 0.026882
v -0.064106 1.854292 0.044741
v 0.115766 1.656514 0.026841
v -0.080162 1.829717 0.026841
v 0.148669 1.660850 0.044782
v 0.235769 1.457976 0.044782
v 0.203969 1.460060 0.026879
v 0.201360 1.466022 0.026848
v 0.122512 1.650220 0.026848
v 0.146159 1.666450 0.044718
v 0.213749 1.399662 0.044783
v 0.326752 1.019845 0.044783
v 0.296288 1.021841 0.026864
v 0.292782 1.033516 0.026845
v 0.179436 1.414460 0.026845
v 0.210239 1.411353 0.044764
v 0.295332 1.017882 0.026862
v 0.291575 0.917276 0.044673
v 0.264684 0.919039 0.026862
v 0.292612 0.919867 0.044789
v 0.296379 1.020747 0.026930
v 0.326742 1.018758 0.044789
v -0.118612 1.275345 0.064454
v -0.127308 1.031147 0.026910
v -0.192923 1.030917 0.064454
v -0.126243 1.034208 0.026834
v -0.117547 1.278402 0.064378
v -0.052262 1.276371 0.026834
v -0.132108 0.470703 0.004136
v -0.082632 0.424872 0.004136
v -0.127325 0.376251 0.004136
v -0.126741 0.375261 0.004136
v -0.082482 0.423409 0.004136
v -0.085336 0.366992 0.004136
v -0.081348 0.424056 0.004136
v 0.038189 0.367852 0.004136
v -0.084240 0.366883 0.004136
v -0.082761 0.426491 0.004136
v -0.131501 0.471640 0.004136
v -0.093635 0.476909 0.004136
v -0.083288 0.365790 0.004136
v 0.039620 0.366763 0.004136
v -0.001921 0.299490 0.004136
v -0.128378 0.375284 0.004136
v -0.305859 0.307558 0.004136
v -0.133215 0.470806 0.004136
v -0.039260 0.688261 0.004136
v -0.093645 0.478018 0.004136
v -0.131836 0.472704 0.004136
v -0.307439 0.305778 0.004136
v -0.129846 0.373547 0.004136
v -0.263321 0.231439 0.004136
v -0.090856 0.484408 0.004136
v -0.036510 0.694499 0.004136
v -0.002354 0.691139 0.004136
v -0.307950 0.304483 0.004136
v -0.264152 0.230683 0.004136
v -0.327777 0.185299 0.004136
v -0.036305 0.695584 0.004136
v -0.012614 0.875477 0.004136
v -0.002139 0.692223 0.004136
v -0.326585 0.184798 0.004136
v -0.264074 0.229388 0.004136
v -0.267578 0.189776 0.004136
v -0.176091 0.095736 0.004136
v -0.326758 0.183679 0.004136
v -0.267283 0.188697 0.004136
v -0.324894 0.181318 0.004136
v -0.173358 0.092867 0.004136
v -0.169655 0.030946 0.004136
v -0.129236 0.094288 0.004136
v -0.168576 0.031319 0.004136
v -0.172244 0.092666 0.004136
v -0.167904 0.030319 0.004136
v -0.128041 0.094126 0.004136
v -0.054869 0.049918 0.004136
v -0.001623 0.244457 0.004136
v -0.053667 0.050477 0.004136
v -0.127385 0.095015 0.004136
v -0.013003 0.880950 0.004136
v -0.036782 0.700392 0.004136
v -0.051663 0.893542 0.004136
v -0.052069 0.052187 0.004136
v -0.000014 0.246212 0.004136
v 0.107473 0.261847 0.004136
v -0.051361 0.894601 0.004136
v 0.012027 0.976293 0.004136
v -0.012782 0.882034 0.004136
v 0.011883 0.977903 0.004136
v -0.052212 0.895299 0.004136
v -0.088024 0.956273 0.004136
v -0.011510 0.882542 0.004136
v 0.013282 0.976740 0.004136
v 0.033253 0.910823 0.004136
v 0.192401 0.906402 0.004136
v 0.034313 0.911120 0.004136
v 0.014103 0.977824 0.004136
v -0.001212 0.297903 0.004136
v 0.106323 0.262791 0.004136
v 0.000083 0.247337 0.004136
v 0.036563 0.909952 0.004136
v 0.194833 0.905229 0.004136
v 0.183788 0.841601 0.004136
v 0.107415 0.263592 0.004136
v -0.000947 0.298974 0.004136
v 0.040623 0.366294 0.004136
v 0.107643 0.265259 0.004136
v 0.041338 0.367212 0.004136
v 0.081215 0.400512 0.004136
v 0.191721 0.796287 0.004136
v 0.108666 0.265759 0.004136
v 0.082141 0.401508 0.004136
v 0.271171 0.918607 0.004136
v 0.111196 0.274805 0.004136
v 0.194260 0.805396 0.004136
v 0.184825 0.840620 0.004136
v 0.269358 0.917896 0.004136
v 0.193954 0.806903 0.004136
v 0.195961 0.905296 0.004136
v 0.270608 0.920529 0.004136
v 0.185024 0.842292 0.004136
v 0.271518 0.921838 0.004136
v 0.197875 0.906809 0.004136
v 0.253819 0.947228 0.004136
v -0.081022 0.873552 0.028268
v -0.037528 0.695778 0.004596
v -0.066034 0.702101 0.028268
v -0.154436 0.494741 0.028274
v -0.066211 0.701029 0.028274
v -0.037652 0.694694 0.004558
v -0.037760 0.700330 0.004479
v -0.081391 0.878666 0.028225
v -0.052645 0.893528 0.004479
v -0.040026 0.688941 0.004488
v -0.132864 0.472775 0.004488
v -0.156881 0.488868 0.028219
v -0.081525 0.879816 0.028069
v -0.088240 0.954680 0.004462
v -0.052948 0.894591 0.004462
v -0.303564 0.311065 0.004490
v -0.157505 0.487973 0.028218
v -0.133490 0.471882 0.004490
v -0.082444 0.880227 0.028604
v -0.164245 0.974673 0.063948
v -0.089260 0.956231 0.004637
v -0.162163 0.483664 0.028272
v -0.308279 0.306685 0.004535
v -0.334964 0.320742 0.028272
v -0.328314 0.188001 0.004487
v -0.335297 0.319700 0.028117
v -0.308733 0.305707 0.004487
v -0.085644 0.957783 0.004489
v 0.016738 1.008810 0.028081
v 0.012747 0.979084 0.004489
v -0.335996 0.316641 0.028273
v -0.328989 0.184483 0.004560
v -0.359706 0.174201 0.028273
v 0.187766 0.940885 0.028277
v 0.013835 0.979072 0.004549
v 0.017850 1.008970 0.028277
v -0.328617 0.183500 0.004526
v -0.183446 0.002971 0.028274
v -0.359379 0.173203 0.028274
v 0.018222 0.977226 0.004483
v 0.192238 0.939020 0.028223
v 0.194897 0.906455 0.004483
v -0.179086 -0.001091 0.028180
v -0.323921 0.179020 0.004487
v -0.169587 0.029524 0.004487
v 0.252276 0.947309 0.004492
v 0.195934 0.906603 0.004492
v 0.193292 0.938973 0.028090
v -0.040682 0.021851 0.028273
v -0.178117 -0.001524 0.028273
v -0.168612 0.029112 0.004564
v 0.253570 0.948395 0.004613
v 0.194465 0.940042 0.028260
v 0.265014 0.988840 0.028260
v -0.037800 0.022553 0.028105
v -0.165259 0.029787 0.004484
v -0.053657 0.049138 0.004484
v 0.305747 0.934998 0.028305
v 0.254581 0.948344 0.004642
v 0.266033 0.988817 0.028305
v 0.131046 0.244394 0.028274
v -0.036774 0.022920 0.028274
v -0.052717 0.049651 0.004523
v 0.255062 0.947198 0.004448
v 0.305165 0.934130 0.027620
v 0.272565 0.922090 0.004448
v 0.140404 0.269256 0.028279
v 0.272800 0.921048 0.004493
v 0.306263 0.933406 0.028279
v 0.268126 0.902315 0.004487
v 0.135855 0.251138 0.028250
v 0.109253 0.262949 0.004487
v 0.135334 0.250176 0.028207
v -0.048167 0.055710 0.004490
v 0.108783 0.261964 0.004489
v -0.223255 -0.118121 0.022535
v -0.269179 -0.013826 0.022535
v -0.209499 -0.006473 0.022535
v -0.361378 0.075744 0.022535
v -0.210647 -0.005506 0.022535
v -0.269787 -0.012793 0.022535
v -0.269532 -0.015752 0.022535
v -0.223872 -0.119449 0.022535
v -0.273634 -0.110587 0.022535
v -0.212077 -0.003486 0.022535
v -0.364068 0.078444 0.022535
v -0.362048 0.142385 0.022535
v -0.323397 -0.245293 0.022535
v -0.273848 -0.111666 0.022535
v -0.223959 -0.120551 0.022535
v -0.478021 0.070264 0.022535
v -0.363140 0.142632 0.022535
v -0.365162 0.078633 0.022535
v -0.275765 -0.113673 0.022535
v -0.325120 -0.246775 0.022535
v -0.345788 -0.194030 0.022535
v -0.364788 0.142894 0.022535
v -0.479959 0.070343 0.022535
v -0.509124 0.129798 0.022535
v -0.468952 -0.256439 0.022535
v -0.346714 -0.194683 0.022535
v -0.325894 -0.247816 0.022535
v -0.606220 0.014852 0.022535
v -0.510092 0.129274 0.022535
v -0.480930 0.069825 0.022535
v -0.461668 -0.202996 0.022535
v -0.349130 -0.194672 0.022535
v -0.470847 -0.256164 0.022535
v -0.606918 0.013345 0.022535
v -0.482282 0.068031 0.022535
v -0.556248 -0.014672 0.022535
v -0.608996 -0.147154 0.022535
v -0.462756 -0.202832 0.022535
v -0.471959 -0.256140 0.022535
v -0.611490 -0.142548 0.022535
v -0.607630 0.012482 0.022535
v -0.556832 -0.015606 0.022535
v -0.464590 -0.200957 0.022535
v -0.610695 -0.145331 0.022535
v -0.553311 -0.118769 0.022535
v -0.611037 -0.144277 0.022535
v -0.556609 -0.017869 0.022535
v -0.553768 -0.117768 0.022535
v -0.523047 0.155990 0.037137
v -0.368250 0.143617 0.022798
v -0.509632 0.130790 0.022798
v -0.362943 0.144165 0.022837
v -0.518219 0.156576 0.037220
v -0.353106 0.171266 0.037220
v -0.510626 0.130354 0.022835
v -0.631787 0.027372 0.037223
v -0.524087 0.155642 0.037223
v -0.352130 0.170798 0.037162
v -0.214297 0.000114 0.022799
v -0.361953 0.143734 0.022799
v -0.634856 0.023490 0.037143
v -0.514050 0.126169 0.022797
v -0.608271 0.014018 0.022797
v -0.208736 -0.005234 0.022823
v -0.346903 0.165865 0.037221
v -0.180472 0.003990 0.037221
v -0.612449 -0.139486 0.022794
v -0.635258 0.022480 0.037152
v -0.608652 0.013001 0.022794
v -0.180102 0.002980 0.037226
v -0.196157 -0.126781 0.037226
v -0.208336 -0.006235 0.022843
v -0.639849 -0.157683 0.037225
v -0.635522 0.017373 0.037225
v -0.612651 -0.145038 0.022829
v -0.208917 -0.010207 0.022795
v -0.196782 -0.130314 0.037125
v -0.222419 -0.119800 0.022795
v -0.612187 -0.146008 0.022825
v -0.485421 -0.280881 0.037225
v -0.639392 -0.158656 0.037225
v -0.197152 -0.131341 0.037155
v -0.320955 -0.243889 0.022796
v -0.222840 -0.120806 0.022796
v -0.480761 -0.284420 0.037156
v -0.607172 -0.149927 0.022796
v -0.472185 -0.257281 0.022796
v -0.471152 -0.257607 0.022796
v -0.330625 -0.249136 0.022796
v -0.479717 -0.284716 0.037140
v -0.324457 -0.248384 0.022833
v -0.200395 -0.135600 0.037222
v -0.310829 -0.273684 0.037222
v -0.474901 -0.284564 0.037220
v -0.325411 -0.248889 0.022838
v -0.311790 -0.274176 0.037220
v -0.273343 -0.010780 0.022812
v -0.374260 0.050165 0.038189
v -0.364383 0.077223 0.022812
v -0.375266 0.050547 0.038180
v -0.476475 0.069351 0.022813
v -0.365395 0.077588 0.022813
v -0.371534 0.047400 0.038244
v -0.271128 -0.013237 0.022945
v -0.298069 -0.023622 0.038244
v -0.479254 0.068886 0.022952
v -0.378491 0.050165 0.038252
v -0.466403 0.042664 0.038252
v -0.274548 -0.107976 0.022810
v -0.297535 -0.024569 0.038167
v -0.270490 -0.014145 0.022810
v -0.467427 0.042296 0.038184
v -0.553403 -0.013035 0.022806
v -0.480344 0.068653 0.022806
v -0.297818 -0.027200 0.038254
v -0.274952 -0.110166 0.022978
v -0.301880 -0.099596 0.038254
v -0.555008 -0.015221 0.022950
v -0.469452 0.039840 0.038253
v -0.527781 -0.025827 0.038253
v -0.357424 -0.165394 0.038253
v -0.302283 -0.100605 0.038253
v -0.275311 -0.111193 0.022952
v -0.526197 -0.102910 0.038249
v -0.555317 -0.016262 0.022983
v -0.528156 -0.026842 0.038249
v -0.276871 -0.113381 0.022812
v -0.346275 -0.193028 0.022812
v -0.359318 -0.167803 0.038175
v -0.552753 -0.117327 0.022808
v -0.555561 -0.018577 0.022808
v -0.526255 -0.105780 0.038172
v -0.347372 -0.193256 0.022965
v -0.448393 -0.174502 0.038242
v -0.360342 -0.168173 0.038242
v -0.455353 -0.171955 0.038245
v -0.552061 -0.118203 0.022950
v -0.525682 -0.106707 0.038245
v -0.451758 -0.174853 0.038180
v -0.350137 -0.193719 0.022812
v -0.461377 -0.201947 0.022812
v -0.462394 -0.201593 0.022812
v -0.549977 -0.120460 0.022812
v -0.452772 -0.174488 0.038185
v -0.125858 1.028392 0.026553
v -0.078922 0.966653 0.026553
v -0.112310 0.958878 0.026553
v -0.125947 1.030326 0.026553
v -0.052642 1.054797 0.026553
v -0.078192 0.967510 0.026553
v -0.077178 0.967059 0.026553
v -0.052071 1.052835 0.026553
v -0.043718 0.974827 0.026553
v -0.052162 1.273202 0.026553
v -0.052369 1.056048 0.026553
v -0.126012 1.031464 0.026553
v -0.051265 1.060086 0.026553
v -0.051059 1.276366 0.026553
v 0.003952 1.278398 0.026553
v -0.051182 1.277462 0.026553
v -0.118461 1.547756 0.026553
v 0.003824 1.279494 0.026553
v -0.098169 1.629458 0.026553
v 0.001998 1.286151 0.026553
v -0.119853 1.553460 0.026553
v -0.185415 1.618420 0.026553
v -0.098937 1.630778 0.026553
v -0.120711 1.554460 0.026553
v -0.219882 1.808794 0.026553
v -0.099127 1.631861 0.026553
v -0.186142 1.619428 0.026553
v -0.223441 1.813338 0.026649
v -0.498596 1.972919 0.044848
v -0.353548 1.962271 0.026649
v -0.082717 1.829995 0.026553
v -0.220653 1.811806 0.026553
v -0.351083 1.961109 0.026553
v -0.098589 1.633024 0.026553
v -0.219915 1.810794 0.026553
v -0.081444 1.829053 0.026553
v -0.080383 1.828554 0.026553
v 0.120577 1.650903 0.026553
v -0.097570 1.632046 0.026553
v 0.135650 1.399667 0.026553
v -0.096947 1.630996 0.026553
v 0.121385 1.649868 0.026553
v 0.202966 1.459691 0.026553
v 0.136764 1.399448 0.026553
v 0.122629 1.647368 0.026553
v 0.138876 1.399882 0.026553
v 0.201498 1.456868 0.026553
v 0.178383 1.415508 0.026553
v 0.227569 1.077723 0.026553
v 0.136946 1.397936 0.026553
v 0.178324 1.414302 0.026553
v 0.229843 1.069785 0.026553
v 0.180417 1.407599 0.026553
v 0.294935 1.022716 0.026553
v 0.295092 1.021245 0.026553
v 0.203168 0.924306 0.026553
v 0.229715 1.068519 0.026553
v 0.203497 0.923054 0.026553
v 0.293633 1.018109 0.026553
v 0.242901 0.920471 0.026553
v 0.244099 0.920393 0.026553
v 0.293578 1.015617 0.026553
v 0.263654 0.919111 0.026553
v 0.226754 1.076612 0.026671
v 0.095220 1.373128 0.036773
v 0.135958 1.397432 0.026671
v 0.094625 1.374052 0.036789
v -0.019951 1.500439 0.036789
v 0.135257 1.398293 0.026713
v 0.097138 1.366153 0.036786
v 0.228512 1.069999 0.026697
v 0.181807 1.068571 0.036786
v -0.095656 1.628188 0.026697
v 0.132165 1.401609 0.026697
v -0.022801 1.503595 0.036757
v 0.202357 0.925908 0.026672
v 0.182029 1.067478 0.036750
v 0.228681 1.068905 0.026672
v 0.158384 0.926011 0.037020
v 0.181285 1.063979 0.037020
v 0.195858 0.923555 0.044929
v 0.003328 1.285446 0.026705
v -0.096465 1.627467 0.026705
v -0.023710 1.503045 0.036751
v 0.005136 1.279538 0.026693
v -0.022025 1.498138 0.036786
v 0.052356 1.280935 0.036786
v 0.052407 1.279838 0.036787
v -0.003237 1.058792 0.036787
v 0.005182 1.278441 0.026693
v -0.051133 1.056174 0.026672
v 0.003932 1.273886 0.026672
v -0.004487 1.054248 0.036764
v -0.035647 0.978086 0.044761
v -0.051151 1.055083 0.026801
v -0.004756 1.053167 0.036840
v -0.034916 0.977030 0.044907
v -0.004034 1.052089 0.036988
v 0.016071 0.989303 0.036988
v 0.203338 1.458078 0.026846
v 0.210016 1.412457 0.044565
v 0.179558 1.415529 0.026846
v 0.210899 1.413313 0.044784
v 0.204215 1.458973 0.027050
v 0.235714 1.456909 0.044784
v -0.141103 0.952096 0.064426
v -0.192693 1.029851 0.064426
v -0.127451 1.030080 0.027095
v -0.176687 1.517665 0.064455
v -0.052440 1.277467 0.026953
v -0.117651 1.279496 0.064455
v -0.053042 1.280705 0.026836
v -0.177448 1.521210 0.064385
v -0.120728 1.552632 0.026836
v -0.187025 1.617970 0.027096
v -0.178733 1.522735 0.064453
v -0.244815 1.587934 0.064453
v -0.276971 1.770966 0.064453
v -0.187295 1.619054 0.026945
v -0.245320 1.588897 0.064453
v -0.187515 1.621319 0.026839
v -0.277208 1.773260 0.064354
v -0.221197 1.810362 0.026839
v -0.177683 1.522325 0.064184
v -0.185972 1.617535 0.026837
v -0.121270 1.553577 0.026837
v -0.282896 1.777272 0.064530
v -0.659878 2.018547 0.064530
v -0.501163 1.973174 0.045288
v -0.497191 1.970930 0.045094
v -0.221835 1.811233 0.026882
v -0.277891 1.774101 0.064427
v -0.466207 0.042200 0.039071
v -0.376969 0.049813 0.039071
v -0.466207 0.042200 0.090007
v -0.375445 0.049943 0.090403
v -0.464683 0.042330 0.090403
v -0.375445 0.049943 0.039467
v -0.374502 0.049608 0.090070
v -0.374502 0.049608 0.039071
v -0.299834 -0.022576 0.039071
v -0.298527 -0.023840 0.090403
v -0.373195 0.048344 0.090403
v -0.298527 -0.023840 0.039404
v -0.122214 0.344605 0.091903
v -0.122214 0.344605 0.039435
v -0.097020 0.344052 0.091903
v -0.025262 0.285547 0.091482
v -0.094613 0.342769 0.037570
v -0.025262 0.285547 0.037571
v -0.096696 0.344045 0.090038
v -0.121890 0.344598 0.037570
v -0.096695 0.344045 0.037570
v -0.095722 0.343683 0.091903
v -0.095721 0.343683 0.037991
v -0.026370 0.286461 0.091903
v -0.359863 0.173081 0.029174
v -0.181658 0.000651 0.029174
v -0.359863 0.173081 0.100121
v -0.179235 -0.001694 0.100300
v -0.357440 0.170736 0.100300
v -0.179235 -0.001694 0.029353
v -0.178298 -0.001984 0.029174
v -0.039177 0.021677 0.029174
v -0.178298 -0.001984 0.099959
v -0.037429 0.021975 0.100300
v -0.176550 -0.001686 0.100300
v -0.037429 0.021975 0.029515
v -0.024850 0.285802 0.036414
v -0.082925 0.364356 0.004574
v -0.002526 0.298845 0.004574
v -0.122272 0.344978 0.036615
v -0.127020 0.373497 0.005660
v -0.097214 0.344428 0.036615
v -0.026743 0.287194 0.036579
v -0.095565 0.343979 0.036578
v -0.084634 0.365497 0.004840
v -0.096355 0.344804 0.036044
v -0.126651 0.374351 0.004580
v -0.085519 0.366136 0.004580
v -0.082925 0.364356 0.124900
v -0.024850 0.285802 0.093060
v -0.002526 0.298845 0.124900
v -0.026743 0.287194 0.092895
v -0.084634 0.365497 0.124634
v -0.095566 0.343979 0.092895
v -0.126651 0.374351 0.124894
v -0.096356 0.344804 0.093429
v -0.085519 0.366136 0.124894
v -0.097215 0.344428 0.092858
v -0.127020 0.373497 0.123814
v -0.122272 0.344978 0.092858
v 0.034303 0.886354 0.036556
v 0.009988 0.870583 0.036556
v 0.033457 0.909166 0.005630
v 0.034437 0.909868 0.004778
v 0.161057 0.828043 0.036561
v 0.035306 0.886424 0.036561
v 0.008889 0.870162 0.036186
v -0.011613 0.881473 0.004597
v 0.032861 0.909571 0.004597
v 0.164715 0.826414 0.036465
v 0.037752 0.908461 0.004595
v 0.183418 0.840833 0.004596
v 0.183418 0.840833 0.124878
v 0.037752 0.908461 0.124878
v 0.164715 0.826414 0.093009
v 0.161057 0.828043 0.092913
v 0.034437 0.909868 0.124696
v 0.035306 0.886424 0.092912
v 0.033457 0.909166 0.123844
v 0.009988 0.870583 0.092918
v 0.034303 0.886354 0.092918
v 0.008889 0.870162 0.093288
v 0.032861 0.909571 0.124877
v -0.011613 0.881473 0.124877
v 0.009407 0.869855 0.090332
v 0.009407 0.869855 0.037571
v 0.034016 0.885817 0.037571
v 0.034339 0.886027 0.039142
v 0.034339 0.886027 0.091903
v 0.009730 0.870065 0.091903
v 0.162233 0.827164 0.037571
v 0.035299 0.886094 0.091651
v 0.035299 0.886094 0.037571
v 0.037475 0.885084 0.091903
v 0.164409 0.826154 0.037823
v 0.164409 0.826154 0.091903
v -0.020814 1.500590 0.092017
v 0.094162 1.373763 0.037658
v 0.094162 1.373763 0.092017
v 0.092147 1.375986 0.037456
v -0.022829 1.502813 0.091815
v -0.022829 1.502813 0.037456
v -0.311496 -0.274640 0.091234
v -0.476995 -0.285180 0.038035
v -0.311496 -0.274640 0.038035
v -0.314455 -0.274828 0.091438
v -0.479954 -0.285368 0.091438
v -0.479954 -0.285368 0.038239
v -0.480934 -0.285061 0.091272
v -0.637071 -0.161117 0.038035
v -0.480934 -0.285061 0.038035
v -0.639923 -0.158853 0.038201
v -0.483786 -0.282797 0.091438
v -0.639923 -0.158853 0.091438
v -0.302284 -0.098221 0.090403
v -0.298163 -0.024771 0.090403
v -0.298163 -0.024771 0.039570
v -0.302352 -0.099433 0.089904
v -0.298231 -0.025983 0.039071
v -0.302352 -0.099433 0.039071
v -0.358688 -0.166139 0.090403
v -0.302739 -0.100401 0.090403
v -0.302739 -0.100401 0.039484
v -0.359638 -0.167254 0.089990
v -0.303689 -0.101516 0.039071
v -0.359638 -0.167254 0.039071
v -0.139540 0.120261 0.091706
v -0.027468 0.253604 0.037571
v -0.139540 0.120261 0.037570
v -0.137563 0.122613 0.091903
v -0.025491 0.255956 0.091903
v -0.025491 0.255956 0.037768
v -0.024847 0.284291 0.091903
v -0.025131 0.256927 0.039271
v -0.025131 0.256927 0.091903
v -0.025128 0.257283 0.037571
v -0.024844 0.284647 0.090203
v -0.024844 0.284647 0.037571
v -0.164175 0.973966 0.064737
v -0.082278 0.879410 0.029351
v -0.082278 0.879410 0.100123
v -0.081870 0.878446 0.029174
v -0.066659 0.704441 0.029174
v -0.081870 0.878446 0.100033
v -0.066462 0.702181 0.100300
v -0.081673 0.876186 0.100300
v -0.066462 0.702181 0.029441
v -0.066630 0.701127 0.029174
v -0.156090 0.491953 0.029174
v -0.066630 0.701127 0.100102
v -0.157294 0.489138 0.100300
v -0.067834 0.698312 0.100300
v -0.157294 0.489138 0.029372
v -0.157910 0.488255 0.029174
v -0.333000 0.323174 0.029174
v -0.157910 0.488255 0.100114
v -0.335373 0.320937 0.100300
v -0.160283 0.486018 0.100300
v -0.335373 0.320937 0.029360
v -0.335863 0.320017 0.029174
v -0.359864 0.175828 0.029174
v -0.335863 0.320017 0.099972
v -0.360168 0.174006 0.100300
v -0.336167 0.318195 0.100300
v -0.360168 0.174006 0.029501
v -0.139343 0.119885 0.036503
v -0.003948 0.243066 0.004574
v -0.128008 0.095646 0.004574
v -0.136404 0.123473 0.036583
v -0.025170 0.255819 0.036584
v -0.001242 0.246443 0.004708
v -0.024520 0.283932 0.036582
v -0.001571 0.247709 0.005636
v -0.024801 0.256812 0.036582
v -0.000803 0.247994 0.004584
v -0.024227 0.284968 0.036171
v -0.002081 0.297907 0.004584
v -0.001571 0.247709 0.123838
v -0.024520 0.283932 0.092892
v -0.024801 0.256812 0.092892
v -0.136404 0.123473 0.092890
v -0.001242 0.246443 0.124766
v -0.025170 0.255819 0.092890
v -0.024227 0.284968 0.093303
v -0.000803 0.247994 0.124890
v -0.002081 0.297907 0.124890
v -0.003948 0.243066 0.124900
v -0.139343 0.119885 0.092970
v -0.128008 0.095646 0.124900
v 0.193164 0.806526 0.004590
v 0.165707 0.825879 0.035911
v 0.184088 0.840049 0.004590
v 0.165428 0.825011 0.036578
v 0.192154 0.806174 0.006090
v 0.169221 0.806601 0.036578
v 0.193213 0.805074 0.004634
v 0.064043 0.425083 0.036576
v 0.169185 0.805522 0.036576
v 0.061210 0.414742 0.036535
v 0.190418 0.794846 0.004583
v 0.081442 0.402243 0.004583
v 0.080336 0.401662 0.005466
v 0.038637 0.392384 0.036575
v 0.060637 0.413833 0.036575
v 0.165707 0.825879 0.093562
v 0.193164 0.806526 0.124884
v 0.184088 0.840049 0.124884
v 0.192154 0.806174 0.123383
v 0.165428 0.825011 0.092896
v 0.169221 0.806601 0.092896
v 0.169185 0.805522 0.092897
v 0.064043 0.425083 0.092897
v 0.193213 0.805074 0.124840
v 0.081442 0.402243 0.124891
v 0.190418 0.794846 0.124890
v 0.061210 0.414742 0.092939
v 0.038637 0.392384 0.092899
v 0.080336 0.401662 0.124008
v 0.060637 0.413833 0.092899
v 0.182430 1.059749 0.036846
v 0.202046 0.923141 0.027121
v 0.196569 0.923499 0.044520
v 0.202046 0.923141 0.102353
v 0.182430 1.059749 0.092627
v 0.196569 0.923499 0.084954
v -0.126814 1.028681 0.102483
v -0.140319 0.951537 0.065554
v -0.113168 0.958669 0.102483
v -0.140319 0.951537 0.063920
v -0.126814 1.028681 0.026991
v -0.113168 0.958669 0.026991
v 0.060066 0.413725 0.091903
v 0.037891 0.392106 0.039048
v 0.037891 0.392106 0.091903
v 0.168840 0.806835 0.037571
v 0.165019 0.825383 0.089348
v 0.165019 0.825383 0.037571
v 0.038184 0.392392 0.037571
v 0.060359 0.414011 0.090426
v 0.060359 0.414011 0.037571
v 0.165067 0.825151 0.091903
v 0.168888 0.806603 0.040126
v 0.168888 0.806603 0.091903
v 0.060900 0.414925 0.091903
v 0.166841 0.798256 0.091903
v 0.060900 0.414925 0.037651
v 0.168852 0.805534 0.037571
v 0.062911 0.422203 0.037571
v 0.168852 0.805534 0.091823
v 0.179679 1.074089 0.092017
v 0.094682 1.372827 0.092017
v 0.094682 1.372827 0.037561
v 0.181258 1.068538 0.091912
v 0.096261 1.367276 0.037456
v 0.181258 1.068538 0.037456
v 0.158238 0.928418 0.092017
v 0.181319 1.067466 0.092017
v 0.181319 1.067466 0.037707
v 0.157844 0.926044 0.091766
v 0.180925 1.065092 0.037456
v 0.157844 0.926044 0.037456
v -0.633548 0.026026 0.091438
v -0.524311 0.156128 0.091438
v -0.524311 0.156128 0.038234
v -0.640340 -0.157961 0.091249
v -0.635954 0.019523 0.038035
v -0.640340 -0.157961 0.038035
v -0.635507 0.023693 0.091239
v -0.526270 0.153795 0.038035
v -0.635507 0.023693 0.038035
v -0.635875 0.022722 0.038224
v -0.640261 -0.154762 0.091438
v -0.635875 0.022722 0.091438
v -0.065012 1.854910 0.084726
v -0.344479 1.959016 0.102632
v -0.081075 1.830326 0.102633
v -0.352651 1.963056 0.102593
v -0.073318 1.859000 0.084696
v -0.345101 1.990396 0.084696
v -0.346183 1.990555 0.084708
v -0.495974 1.973733 0.084708
v -0.353712 1.963290 0.102556
v -0.350682 1.991037 0.084238
v -0.657552 2.018966 0.065241
v -0.500860 1.974171 0.084238
v -0.057919 1.848876 0.084696
v 0.121918 1.651137 0.102592
v 0.145600 1.667391 0.084696
v 0.115766 1.656514 0.102632
v -0.064106 1.854292 0.084732
v -0.080162 1.829717 0.102632
v 0.148669 1.660850 0.084692
v 0.203969 1.460060 0.102595
v 0.235769 1.457976 0.084692
v 0.201360 1.466022 0.102626
v 0.146159 1.666450 0.084756
v 0.122512 1.650220 0.102626
v 0.213749 1.399662 0.084691
v 0.296288 1.021841 0.102610
v 0.326752 1.019845 0.084691
v 0.292782 1.033516 0.102629
v 0.210239 1.411353 0.084709
v 0.179436 1.414460 0.102629
v 0.292612 0.919867 0.084685
v 0.326742 1.018758 0.084685
v 0.296379 1.020747 0.102544
v 0.291575 0.917276 0.084801
v 0.295332 1.017882 0.102612
v 0.264684 0.919039 0.102612
v -0.126243 1.034208 0.102639
v -0.052262 1.276371 0.102639
v -0.117547 1.278402 0.065095
v -0.127308 1.031147 0.102564
v -0.118612 1.275345 0.065019
v -0.192923 1.030917 0.065019
v -0.012782 0.882034 0.125338
v 0.012027 0.976293 0.125338
v -0.051361 0.894601 0.125338
v -0.052212 0.895299 0.125338
v 0.011883 0.977903 0.125338
v -0.088024 0.956273 0.125338
v -0.036782 0.700392 0.125338
v -0.013003 0.880950 0.125338
v -0.051663 0.893542 0.125338
v 0.013282 0.976740 0.125338
v -0.011510 0.882542 0.125338
v 0.033253 0.910823 0.125338
v -0.012614 0.875477 0.125338
v -0.036305 0.695584 0.125338
v -0.002139 0.692223 0.125338
v 0.192401 0.906402 0.125338
v 0.014103 0.977824 0.125338
v 0.034313 0.911120 0.125338
v -0.036510 0.694499 0.125338
v -0.090856 0.484408 0.125338
v -0.002354 0.691139 0.125338
v -0.093645 0.478018 0.125338
v -0.039260 0.688261 0.125338
v -0.131836 0.472704 0.125338
v 0.036563 0.909952 0.125338
v 0.183788 0.841601 0.125338
v 0.194833 0.905229 0.125338
v -0.131501 0.471640 0.125338
v -0.082761 0.426491 0.125338
v -0.093635 0.476909 0.125338
v 0.270608 0.920529 0.125338
v 0.195961 0.905296 0.125338
v 0.185024 0.842292 0.125338
v 0.197875 0.906809 0.125338
v 0.271518 0.921838 0.125338
v 0.253819 0.947228 0.125338
v 0.193954 0.806903 0.125338
v 0.269358 0.917896 0.125338
v 0.184825 0.840620 0.125338
v 0.111196 0.274805 0.125338
v 0.271171 0.918607 0.125338
v 0.194260 0.805396 0.125338
v 0.108666 0.265759 0.125338
v 0.191721 0.796287 0.125338
v 0.082141 0.401508 0.125338
v 0.107643 0.265259 0.125338
v 0.081215 0.400512 0.125338
v 0.041338 0.367212 0.125338
v -0.127325 0.376251 0.125338
v -0.082632 0.424872 0.125338
v -0.132108 0.470703 0.125338
v -0.305859 0.307558 0.125338
v -0.128378 0.375284 0.125338
v -0.133215 0.470806 0.125338
v -0.082482 0.423409 0.125338
v -0.126741 0.375261 0.125338
v -0.085336 0.366992 0.125338
v -0.084240 0.366883 0.125338
v 0.038189 0.367852 0.125338
v -0.081348 0.424056 0.125338
v -0.129846 0.373547 0.125338
v -0.307439 0.305778 0.125338
v -0.263321 0.231439 0.125338
v 0.039620 0.366763 0.125338
v -0.083288 0.365790 0.125338
v -0.001921 0.299490 0.125338
v -0.000947 0.298974 0.125338
v 0.107415 0.263592 0.125338
v 0.040623 0.366294 0.125338
v -0.001212 0.297903 0.125338
v 0.000083 0.247337 0.125338
v 0.106323 0.262791 0.125338
v -0.327777 0.185299 0.125338
v -0.264152 0.230683 0.125338
v -0.307950 0.304483 0.125338
v -0.052069 0.052187 0.125338
v 0.107473 0.261847 0.125338
v -0.000014 0.246212 0.125338
v -0.264074 0.229388 0.125338
v -0.326585 0.184798 0.125338
v -0.267578 0.189776 0.125338
v -0.001623 0.244457 0.125338
v -0.127385 0.095015 0.125338
v -0.053667 0.050477 0.125338
v -0.326758 0.183679 0.125338
v -0.176091 0.095736 0.125338
v -0.267283 0.188697 0.125338
v -0.128041 0.094126 0.125338
v -0.167904 0.030319 0.125338
v -0.054869 0.049918 0.125338
v -0.173358 0.092867 0.125338
v -0.324894 0.181318 0.125338
v -0.169655 0.030946 0.125338
v -0.168576 0.031319 0.125338
v -0.129236 0.094288 0.125338
v -0.172244 0.092666 0.125338
v -0.085644 0.957783 0.124985
v 0.012747 0.979084 0.124985
v 0.016738 1.008810 0.101393
v 0.013835 0.979072 0.124925
v 0.187766 0.940885 0.101196
v 0.017850 1.008970 0.101196
v 0.192238 0.939020 0.101251
v 0.018222 0.977226 0.124991
v 0.194897 0.906455 0.124991
v 0.252276 0.947309 0.124982
v 0.193292 0.938973 0.101384
v 0.195934 0.906603 0.124982
v 0.194465 0.940042 0.101214
v 0.253570 0.948395 0.124861
v 0.265014 0.988840 0.101214
v 0.254581 0.948344 0.124832
v 0.305747 0.934998 0.101169
v 0.266033 0.988817 0.101169
v 0.255062 0.947198 0.125026
v 0.272565 0.922090 0.125026
v 0.305165 0.934130 0.101854
v 0.140404 0.269256 0.101195
v 0.306263 0.933406 0.101195
v 0.272800 0.921048 0.124980
v 0.135855 0.251138 0.101224
v 0.268126 0.902315 0.124987
v 0.109253 0.262949 0.124987
v -0.048167 0.055710 0.124984
v 0.135334 0.250176 0.101267
v 0.108783 0.261964 0.124984
v 0.131046 0.244394 0.101200
v -0.052717 0.049651 0.124951
v -0.036774 0.022920 0.101200
v -0.165259 0.029787 0.124990
v -0.037800 0.022553 0.101369
v -0.053657 0.049138 0.124990
v -0.040682 0.021851 0.101201
v -0.168612 0.029112 0.124910
v -0.178117 -0.001524 0.101201
v -0.323921 0.179020 0.124987
v -0.179086 -0.001091 0.101294
v -0.169587 0.029524 0.124987
v -0.183446 0.002971 0.101200
v -0.328617 0.183500 0.124948
v -0.359379 0.173203 0.101200
v -0.328989 0.184483 0.124914
v -0.335996 0.316641 0.101201
v -0.359706 0.174201 0.101201
v -0.328314 0.188001 0.124987
v -0.308733 0.305707 0.124987
v -0.335297 0.319700 0.101357
v -0.162163 0.483664 0.101202
v -0.334964 0.320742 0.101202
v -0.308279 0.306685 0.124939
v -0.303564 0.311065 0.124984
v -0.133490 0.471882 0.124984
v -0.157505 0.487973 0.101256
v -0.040026 0.688941 0.124985
v -0.156881 0.488868 0.101255
v -0.132864 0.472775 0.124985
v -0.154436 0.494741 0.101200
v -0.037652 0.694694 0.124916
v -0.066211 0.701029 0.101200
v -0.037528 0.695778 0.124878
v -0.081022 0.873552 0.101206
v -0.066034 0.702101 0.101206
v -0.081391 0.878666 0.101248
v -0.037760 0.700330 0.124995
v -0.052645 0.893528 0.124995
v -0.088240 0.954680 0.125012
v -0.081525 0.879816 0.101405
v -0.052948 0.894591 0.125012
v -0.082444 0.880227 0.100870
v -0.089260 0.956231 0.124837
v -0.164245 0.974673 0.065525
v -0.346714 -0.194683 0.106939
v -0.468952 -0.256439 0.106939
v -0.325894 -0.247815 0.106939
v -0.470847 -0.256164 0.106939
v -0.349130 -0.194672 0.106939
v -0.461668 -0.202996 0.106939
v -0.325120 -0.246775 0.106939
v -0.275765 -0.113673 0.106939
v -0.345788 -0.194030 0.106939
v -0.462756 -0.202832 0.106939
v -0.608996 -0.147154 0.106939
v -0.471959 -0.256140 0.106939
v -0.273848 -0.111666 0.106939
v -0.323397 -0.245293 0.106939
v -0.223959 -0.120551 0.106939
v -0.610695 -0.145331 0.106939
v -0.464590 -0.200957 0.106939
v -0.553311 -0.118769 0.106939
v -0.223872 -0.119449 0.106939
v -0.269532 -0.015752 0.106939
v -0.273634 -0.110587 0.106939
v -0.556609 -0.017869 0.106939
v -0.611037 -0.144277 0.106939
v -0.553768 -0.117768 0.106939
v -0.269179 -0.013826 0.106939
v -0.223255 -0.118121 0.106939
v -0.209499 -0.006473 0.106939
v -0.611490 -0.142548 0.106939
v -0.556832 -0.015606 0.106939
v -0.607630 0.012482 0.106939
v -0.210647 -0.005506 0.106939
v -0.361378 0.075744 0.106939
v -0.269787 -0.012793 0.106939
v -0.482282 0.068031 0.106939
v -0.606918 0.013345 0.106939
v -0.556248 -0.014672 0.106939
v -0.364068 0.078444 0.106939
v -0.212077 -0.003486 0.106939
v -0.362048 0.142385 0.106939
v -0.363140 0.142632 0.106939
v -0.478021 0.070264 0.106939
v -0.365162 0.078633 0.106939
v -0.606220 0.014852 0.106939
v -0.480930 0.069825 0.106939
v -0.510092 0.129274 0.106939
v -0.364788 0.142894 0.106939
v -0.509124 0.129799 0.106939
v -0.479959 0.070343 0.106939
v -0.353106 0.171266 0.092253
v -0.518219 0.156576 0.092253
v -0.362943 0.144165 0.106637
v -0.368250 0.143617 0.106676
v -0.523047 0.155990 0.092336
v -0.509632 0.130790 0.106676
v -0.214297 0.000114 0.106675
v -0.352130 0.170798 0.092311
v -0.361953 0.143734 0.106675
v -0.631787 0.027372 0.092250
v -0.510626 0.130354 0.106639
v -0.524087 0.155642 0.092250
v -0.346903 0.165865 0.092252
v -0.208736 -0.005234 0.106651
v -0.180472 0.003990 0.092252
v -0.608271 0.014018 0.106677
v -0.514050 0.126169 0.106677
v -0.634856 0.023490 0.092330
v -0.208336 -0.006235 0.106631
v -0.196157 -0.126781 0.092247
v -0.180102 0.002980 0.092247
v -0.635258 0.022480 0.092321
v -0.612449 -0.139486 0.106680
v -0.608652 0.013001 0.106680
v -0.196782 -0.130314 0.092348
v -0.208917 -0.010207 0.106679
v -0.222419 -0.119800 0.106679
v -0.612651 -0.145038 0.106645
v -0.635522 0.017373 0.092248
v -0.639849 -0.157683 0.092248
v -0.320955 -0.243889 0.106678
v -0.197152 -0.131341 0.092318
v -0.222840 -0.120806 0.106678
v -0.485420 -0.280881 0.092248
v -0.612187 -0.146008 0.106649
v -0.639392 -0.158656 0.092248
v -0.310829 -0.273684 0.092251
v -0.200395 -0.135600 0.092251
v -0.324457 -0.248384 0.106641
v -0.325411 -0.248889 0.106636
v -0.474901 -0.284564 0.092253
v -0.311790 -0.274176 0.092253
v -0.607172 -0.149927 0.106678
v -0.480761 -0.284420 0.092317
v -0.472185 -0.257281 0.106678
v -0.479718 -0.284716 0.092333
v -0.330625 -0.249136 0.106678
v -0.471152 -0.257607 0.106678
v -0.274548 -0.107976 0.106664
v -0.270490 -0.014145 0.106664
v -0.297535 -0.024569 0.091307
v -0.274952 -0.110166 0.106496
v -0.297818 -0.027200 0.091220
v -0.301880 -0.099596 0.091220
v -0.271128 -0.013237 0.106529
v -0.371534 0.047400 0.091230
v -0.298069 -0.023622 0.091230
v -0.357424 -0.165394 0.091221
v -0.275311 -0.111193 0.106522
v -0.302283 -0.100605 0.091221
v -0.374260 0.050165 0.091285
v -0.273343 -0.010780 0.106662
v -0.364383 0.077223 0.106662
v -0.276871 -0.113381 0.106662
v -0.359318 -0.167803 0.091299
v -0.346275 -0.193028 0.106662
v -0.365395 0.077588 0.106661
v -0.476475 0.069351 0.106661
v -0.375266 0.050547 0.091294
v -0.448393 -0.174502 0.091232
v -0.347372 -0.193256 0.106509
v -0.360342 -0.168173 0.091232
v -0.479254 0.068886 0.106522
v -0.466403 0.042664 0.091222
v -0.378491 0.050165 0.091222
v -0.350137 -0.193719 0.106662
v -0.451758 -0.174853 0.091294
v -0.461377 -0.201947 0.106662
v -0.480344 0.068653 0.106668
v -0.553403 -0.013035 0.106668
v -0.467427 0.042296 0.091290
v -0.452772 -0.174488 0.091289
v -0.549977 -0.120460 0.106662
v -0.462394 -0.201593 0.106662
v -0.469452 0.039840 0.091221
v -0.555008 -0.015221 0.106524
v -0.527781 -0.025827 0.091221
v -0.552061 -0.118203 0.106524
v -0.455353 -0.171955 0.091229
v -0.525682 -0.106707 0.091229
v -0.555317 -0.016262 0.106491
v -0.526197 -0.102910 0.091225
v -0.528156 -0.026842 0.091225
v -0.526255 -0.105780 0.091302
v -0.555561 -0.018577 0.106666
v -0.552753 -0.117327 0.106666
v 0.136764 1.399448 0.102921
v 0.202966 1.459691 0.102921
v 0.122629 1.647368 0.102921
v 0.201498 1.456868 0.102921
v 0.138876 1.399882 0.102921
v 0.178383 1.415508 0.102921
v 0.227569 1.077723 0.102921
v 0.178324 1.414302 0.102921
v 0.136946 1.397936 0.102921
v 0.180417 1.407599 0.102921
v 0.229843 1.069785 0.102921
v 0.294935 1.022716 0.102921
v 0.229715 1.068519 0.102921
v 0.203168 0.924306 0.102921
v 0.295092 1.021245 0.102921
v 0.293633 1.018109 0.102921
v 0.203497 0.923054 0.102921
v 0.242901 0.920471 0.102921
v 0.293578 1.015617 0.102921
v 0.244099 0.920393 0.102921
v 0.263654 0.919111 0.102921
v -0.096947 1.630996 0.102921
v 0.135650 1.399667 0.102921
v 0.121385 1.649868 0.102921
v -0.080383 1.828554 0.102921
v -0.097570 1.632046 0.102921
v 0.120577 1.650903 0.102921
v -0.098589 1.633024 0.102921
v -0.081444 1.829053 0.102921
v -0.219915 1.810794 0.102921
v -0.082717 1.829995 0.102921
v -0.351083 1.961109 0.102920
v -0.220653 1.811806 0.102921
v -0.498596 1.972919 0.084626
v -0.223441 1.813338 0.102824
v -0.353548 1.962271 0.102823
v -0.219882 1.808794 0.102921
v -0.186142 1.619428 0.102921
v -0.099127 1.631861 0.102921
v -0.120711 1.554460 0.102921
v -0.098937 1.630778 0.102921
v -0.185415 1.618420 0.102921
v 0.001998 1.286151 0.102921
v -0.098169 1.629458 0.102921
v -0.119853 1.553460 0.102921
v 0.003824 1.279494 0.102921
v -0.118461 1.547756 0.102921
v -0.051182 1.277462 0.102921
v -0.051265 1.060086 0.102921
v 0.003952 1.278398 0.102921
v -0.051059 1.276366 0.102921
v -0.052162 1.273202 0.102921
v -0.126012 1.031464 0.102921
v -0.052369 1.056048 0.102921
v -0.078192 0.967510 0.102921
v -0.052642 1.054797 0.102921
v -0.125947 1.030326 0.102921
v -0.052071 1.052835 0.102921
v -0.077178 0.967059 0.102921
v -0.043718 0.974827 0.102921
v -0.125858 1.028392 0.102921
v -0.112310 0.958878 0.102921
v -0.078922 0.966653 0.102921
v 0.005182 1.278441 0.102781
v -0.003237 1.058792 0.092686
v 0.052407 1.279838 0.092686
v 0.052356 1.280935 0.092687
v -0.022025 1.498138 0.092687
v 0.005136 1.279538 0.102780
v -0.096465 1.627467 0.102769
v 0.003328 1.285446 0.102769
v -0.023710 1.503045 0.092722
v -0.022801 1.503595 0.092715
v 0.132165 1.401609 0.102776
v -0.095656 1.628188 0.102776
v 0.135257 1.398293 0.102760
v -0.019951 1.500439 0.092684
v 0.094625 1.374052 0.092684
v 0.095220 1.373128 0.092699
v 0.226754 1.076612 0.102802
v 0.135958 1.397432 0.102802
v 0.228512 1.069999 0.102777
v 0.097138 1.366153 0.092686
v 0.181807 1.068571 0.092686
v 0.182029 1.067478 0.092723
v 0.202357 0.925908 0.102802
v 0.228681 1.068905 0.102802
v 0.195858 0.923555 0.084545
v 0.181285 1.063979 0.092453
v 0.158384 0.926011 0.092453
v -0.004487 1.054248 0.092708
v 0.003932 1.273886 0.102802
v -0.051133 1.056174 0.102802
v -0.035647 0.978086 0.084713
v -0.004756 1.053167 0.092633
v -0.051151 1.055083 0.102673
v -0.004034 1.052089 0.092485
v -0.034916 0.977030 0.084567
v 0.016071 0.989303 0.092485
v -0.187295 1.619054 0.102528
v -0.276971 1.770966 0.065020
v -0.245320 1.588897 0.065020
v -0.277208 1.773260 0.065120
v -0.187515 1.621319 0.102635
v -0.221197 1.810362 0.102635
v 0.210016 1.412457 0.084909
v 0.203338 1.458078 0.102627
v 0.179558 1.415529 0.102627
v 0.210899 1.413313 0.084690
v 0.235714 1.456909 0.084690
v 0.204215 1.458973 0.102424
v -0.141103 0.952096 0.065048
v -0.127451 1.030080 0.102379
v -0.192693 1.029851 0.065048
v -0.177448 1.521210 0.065088
v -0.053042 1.280705 0.102638
v -0.120728 1.552632 0.102638
v -0.052440 1.277467 0.102521
v -0.176687 1.517665 0.065019
v -0.117651 1.279496 0.065019
v -0.178733 1.522735 0.065021
v -0.187025 1.617970 0.102377
v -0.244815 1.587934 0.065021
v -0.185972 1.617535 0.102637
v -0.177683 1.522325 0.065290
v -0.121270 1.553577 0.102637
v -0.659878 2.018547 0.064944
v -0.282896 1.777272 0.064944
v -0.501163 1.973174 0.084186
v -0.221835 1.811233 0.102592
v -0.497191 1.970930 0.084380
v -0.277891 1.774101 0.065046
vn -0.8013 0.1338 0.5830
vn 0.9907 -0.1301 -0.0388
vn -0.0721 -0.9974 -0.0000
vn -0.4848 -0.8181 0.3092
vn -0.1437 0.9137 0.3802
vn 0.1094 0.9940 -0.0000
vn -0.7376 -0.0445 -0.6738
vn -0.3824 -0.9240 -0.0052
vn -0.1585 0.9874 -0.0039
vn 0.9907 -0.1357 0.0006
vn -0.7240 -0.0454 -0.6883
vn -0.3824 -0.9240 0.0052
vn -0.1585 0.9874 0.0039
vn -0.7240 -0.0454 0.6883
vn 0.9911 -0.1271 0.0397
vn -0.7101 -0.0461 -0.7026
vn -0.4849 -0.8181 -0.3092
vn -0.1437 0.9137 -0.3802
vn -0.7376 -0.0445 0.6738
vn -0.5874 0.6175 0.5231
vn 0.7321 -0.6808 0.0242
vn -0.5128 -0.7331 0.4468
vn -0.8894 -0.3579 0.2843
vn 0.4457 0.8155 0.3691
vn 0.4927 0.7549 0.4328
vn -0.6220 0.3810 -0.6840
vn -0.8394 -0.5434 0.0059
vn 0.4973 0.8676 0.0049
vn 0.5695 -0.4295 -0.7008
vn -0.0000 -0.0000 -0.0000
vn -0.5549 -0.8319 -0.0024
vn 0.5585 0.8295 -0.0004
vn 0.5550 -0.4185 0.7189
vn 0.7332 -0.6796 0.0253
vn -0.6220 0.3810 -0.6841
vn -0.6129 0.3642 0.7012
vn 0.8114 -0.5831 0.0403
vn -0.0161 -0.9525 0.3041
vn 0.5995 0.7098 0.3700
vn -0.5987 0.3553 -0.7178
vn 0.7712 -0.3050 -0.5588
vn -0.9052 0.4243 -0.0228
vn -0.1463 -0.9892 -0.0052
vn 0.6470 0.7625 -0.0045
vn 0.5928 -0.4059 0.6956
vn 0.5696 -0.4295 -0.7008
vn 0.5551 -0.4184 0.7189
vn -0.6130 0.3640 0.7013
vn 0.8088 -0.5870 0.0359
vn -0.5988 0.3552 -0.7178
vn 0.7330 -0.6797 0.0255
vn -0.8784 -0.3863 -0.2813
vn 0.4645 0.8086 -0.3611
vn -0.4876 -0.7498 -0.4472
vn 0.5139 0.7401 -0.4338
vn 0.8077 -0.5894 0.0153
vn -0.5988 0.3552 -0.7179
vn -0.9063 0.4222 -0.0204
vn 0.0112 -0.9518 -0.3066
vn 0.6118 0.6952 -0.3772
vn 0.5927 -0.4060 0.6956
vn 0.6275 -0.7006 -0.3398
vn -0.7278 0.6433 -0.2374
vn -0.2538 -0.9041 -0.3438
vn -0.2825 -0.7327 -0.6192
vn 0.9275 -0.0017 -0.3738
vn 0.4148 0.8109 -0.4127
vn -0.1159 -0.6813 0.7228
vn -0.4122 -0.7329 0.5412
vn 0.9262 0.2217 0.3050
vn -0.5377 0.1996 -0.8192
vn -0.6442 0.3511 0.6796
vn -0.3671 -0.8662 0.3390
vn 0.1795 0.8951 0.4082
vn 0.3723 -0.8938 0.2501
vn 0.7227 -0.1275 -0.6793
vn -0.8456 -0.4622 -0.2670
vn -0.1364 -0.8345 -0.5338
vn -0.5782 0.7597 -0.2976
vn 0.5305 -0.1865 0.8269
vn -0.9268 -0.1537 0.3427
vn 0.9662 0.0439 0.2539
vn -0.2391 -0.7491 0.6177
vn -0.7231 0.5806 0.3743
vn -0.3254 -0.6035 -0.7280
vn 0.7220 -0.6530 0.2288
vn -0.6492 0.3466 -0.6770
vn -0.3533 -0.8712 -0.3407
vn -0.4164 -0.6952 -0.5859
vn 0.9413 0.1493 -0.3026
vn 0.2291 0.8939 -0.3854
vn -0.5557 0.1949 0.8082
vn -0.2921 -0.8912 0.3471
vn 0.4348 0.8001 0.4133
vn 0.2724 -0.4467 -0.8522
vn -0.6891 -0.4530 0.5656
vn -0.2293 -0.8413 0.4894
vn -0.6160 0.7441 0.2586
vn 0.7184 -0.1597 0.6770
vn 0.5857 -0.6229 -0.5186
vn -0.7199 0.6543 0.2318
vn -0.0869 -0.7933 0.6026
vn -0.2987 -0.6946 0.6545
vn 0.9291 -0.0693 0.3634
vn -0.3469 -0.1519 0.9255
vn 0.8345 -0.0077 -0.5510
vn -0.5161 -0.5761 -0.6338
vn -0.2353 -0.7581 -0.6082
vn -0.7222 0.5815 -0.3745
vn 0.2287 0.0107 -0.9734
vn -0.7217 -0.6891 0.0653
vn 0.2502 -0.9648 -0.0813
vn 0.3962 -0.8170 0.4191
vn -0.0525 0.9911 -0.1220
vn -0.1799 0.9615 0.2076
vn 0.9256 0.2615 0.2738
vn 0.0430 -0.9380 0.3439
vn -0.2297 0.9049 0.3584
vn 0.7314 0.2348 -0.6403
vn -0.8331 -0.2299 0.5032
vn 0.1756 -0.9147 -0.3640
vn -0.0089 0.9115 -0.4111
vn 0.4642 0.1811 0.8670
vn -0.7390 0.0649 0.6706
vn 0.9687 -0.1831 0.1678
vn -0.1414 -0.9083 0.3938
vn 0.0962 0.9218 0.3754
vn -0.6032 0.0257 -0.7972
vn 0.7104 -0.1611 -0.6851
vn -0.9704 0.1721 -0.1694
vn -0.0389 -0.8893 -0.4556
vn 0.1711 0.8883 -0.4261
vn 0.5718 -0.1491 0.8068
vn 0.9937 0.1119 0.0045
vn -0.6489 0.0082 -0.7608
vn 0.3517 -0.9361 -0.0000
vn 0.0006 1.0000 -0.0000
vn -0.6489 0.0082 0.7609
vn -0.7843 -0.2094 -0.5840
vn 0.4489 0.2606 0.8548
vn -0.1889 -0.5491 0.8141
vn -0.1560 -0.9812 0.1134
vn -0.4627 0.3945 -0.7939
vn 0.3357 0.8738 -0.3519
vn 0.6430 -0.5731 -0.5081
vn -0.3615 -0.8989 0.2476
vn 0.1717 0.3838 -0.9073
vn 0.4816 -0.8558 0.1887
vn -0.8630 -0.0118 -0.5051
vn -0.5442 -0.8332 -0.0981
vn 0.5102 -0.1815 -0.8407
vn -0.2841 0.7016 0.6535
vn 0.8955 0.2944 0.3339
vn 0.0896 -0.8473 -0.5235
vn -0.6740 -0.0258 0.7383
vn -0.3230 -0.3189 0.8911
vn -0.6639 0.7060 -0.2467
vn -0.6222 0.7736 0.1196
vn 0.4092 -0.5411 0.7347
vn -0.0592 -0.4831 0.8735
vn 0.9595 0.0505 -0.2773
vn -0.4471 -0.5731 -0.6868
vn -0.4540 -0.7831 0.4249
vn 0.8887 0.2983 -0.3482
vn -0.1889 -0.5492 -0.8141
vn -0.1560 -0.9812 -0.1134
vn -0.4627 0.3945 0.7939
vn 0.3357 0.8737 0.3520
vn -0.6740 -0.0258 -0.7383
vn -0.3229 -0.3189 -0.8911
vn -0.6638 0.7060 0.2468
vn 0.4649 0.2425 -0.8515
vn -0.7071 -0.6010 0.3726
vn 0.6430 -0.5730 0.5081
vn -0.3615 -0.8989 -0.2476
vn 0.1717 0.3838 0.9073
vn 0.7606 -0.5469 0.3499
vn -0.2841 0.7015 -0.6536
vn -0.5441 -0.8332 0.0981
vn 0.5102 -0.1815 0.8407
vn -0.8630 -0.0118 0.5051
vn -0.6403 0.7578 -0.1255
vn -0.4470 -0.5731 0.6869
vn 0.4092 -0.5411 -0.7347
vn -0.0592 -0.4832 -0.8735
vn 0.9595 0.0505 0.2773
vn 0.5609 -0.2790 -0.7795
vn -0.7054 -0.5293 0.4715
vn 0.0547 -0.7027 0.7094
vn -0.1133 -0.9929 0.0350
vn -0.3786 0.3385 -0.8614
vn -0.8642 0.2835 -0.4157
vn 0.5330 0.6090 0.5873
vn 0.1242 -0.5601 0.8190
vn -0.0501 0.9677 -0.2471
vn 0.3526 -0.9057 -0.2352
vn -0.8705 0.4634 0.1659
vn -0.2416 -0.9672 -0.0780
vn 0.5864 0.0126 -0.8099
vn 0.5563 -0.3564 0.7507
vn 0.1518 -0.4318 0.8891
vn 0.9026 0.3638 -0.2302
vn -0.5944 0.4842 0.6420
vn 0.5939 -0.7824 -0.1875
vn -0.6697 -0.4479 -0.5923
vn 0.5455 0.6441 -0.5362
vn -0.7054 -0.5292 -0.4716
vn 0.0547 -0.7027 -0.7094
vn 0.1244 -0.5602 -0.8190
vn -0.0501 0.9677 0.2472
vn -0.8642 0.2835 0.4157
vn 0.7839 -0.3292 0.5264
vn -0.1132 -0.9930 -0.0350
vn -0.3786 0.3386 0.8614
vn 0.8077 -0.3539 0.4716
vn -0.5745 0.4429 -0.6883
vn -0.2416 -0.9672 0.0780
vn 0.5863 0.0126 0.8100
vn -0.6698 -0.4479 0.5922
vn 0.9145 -0.3299 -0.2343
vn -0.8706 0.4631 -0.1662
vn 0.1519 -0.4318 -0.8891
vn 0.9026 0.3638 0.2301
vn -0.2313 -0.8177 0.5272
vn 0.1714 0.6671 -0.7250
vn -0.8809 -0.4225 -0.2132
vn 0.1932 -0.6940 -0.6935
vn 0.2318 -0.2121 -0.9494
vn -0.1188 0.9920 0.0422
vn -0.2438 0.6751 0.6963
vn 0.9436 -0.1055 0.3138
vn 0.5521 -0.6995 -0.4537
vn 0.0423 0.6983 0.7146
vn -0.8534 -0.4530 -0.2578
vn 0.4225 0.3664 0.8290
vn 0.4059 -0.4135 0.8150
vn 0.2008 -0.6167 0.7612
vn -0.2185 0.6161 -0.7567
vn -0.4565 0.7133 -0.5318
vn 0.8335 0.5525 0.0080
vn 0.4819 -0.4028 0.7782
vn -0.3347 0.3444 -0.8771
vn -0.5545 0.3752 -0.7428
vn 0.0261 -0.7647 0.6438
vn -0.1834 -0.7964 0.5763
vn -0.4547 -0.5766 -0.6788
vn -0.2889 0.9146 -0.2828
vn 0.8513 0.4315 0.2986
vn 0.1680 -0.7954 -0.5824
vn -0.0746 -0.7577 -0.6483
vn 0.9106 0.2222 -0.3486
vn 0.6826 -0.3477 0.6428
vn -0.5432 -0.6313 -0.5536
vn -0.6510 -0.5592 0.5133
vn -0.4763 -0.4843 0.7339
vn -0.4743 0.8164 0.3293
vn 0.7131 -0.6927 -0.1078
vn -0.7612 0.4216 -0.4928
vn -0.9244 -0.3603 -0.1250
vn -0.3682 -0.8147 -0.4480
vn 0.2759 0.8798 -0.3872
vn 0.7000 0.6479 -0.3003
vn -0.7095 0.4327 0.5561
vn -0.8708 -0.4875 0.0633
vn 0.7666 0.5911 0.2507
vn 0.5992 -0.2986 -0.7428
vn -0.9453 0.3188 0.0689
vn 0.6416 -0.3656 0.6743
vn -0.2153 -0.8736 0.4364
vn 0.3608 0.8553 0.3719
vn 0.9680 0.0834 0.2367
vn -0.7257 0.1233 -0.6768
vn 0.3411 -0.9366 -0.0802
vn -0.1754 0.9532 -0.2461
vn -0.6174 0.1540 0.7714
vn 0.8560 0.1501 -0.4947
vn -0.9861 -0.0683 0.1518
vn 0.8203 -0.1366 0.5554
vn 0.4961 -0.8519 0.1677
vn -0.0565 0.9461 0.3188
vn 0.2537 0.9653 -0.0623
vn -0.0896 -0.6677 0.7390
vn -0.9993 0.0361 -0.0097
vn -0.6955 0.6079 -0.3831
vn 0.9253 0.0437 -0.3768
vn 1.0000 -0.0051 -0.0041
vn -0.1055 -0.7109 -0.6953
vn -0.8887 0.0035 -0.4585
vn 0.9014 -0.0228 -0.4324
vn -0.2508 -0.9661 0.0617
vn 0.2215 0.6307 -0.7437
vn 0.2292 0.6735 0.7028
vn -0.7302 0.6831 0.0128
vn 0.9962 0.0852 0.0166
vn 0.1168 -0.9930 0.0167
vn -0.0765 0.7105 -0.6995
vn -0.9955 0.0942 0.0119
vn 0.9885 -0.1495 0.0221
vn -0.0740 0.7235 0.6863
vn -0.1172 0.9930 -0.0172
vn 0.0350 -0.7182 0.6950
vn 0.0329 -0.7291 -0.6836
vn -0.9162 0.0545 -0.3971
vn 0.8850 -0.1790 -0.4299
vn 0.2537 0.9653 -0.0626
vn -0.0896 -0.6676 0.7391
vn -0.9993 0.0362 -0.0098
vn 1.0000 -0.0050 -0.0040
vn -0.1023 -0.7131 -0.6935
vn -0.2507 -0.9661 0.0619
vn -0.0924 -0.6699 0.7367
vn -0.8920 0.0567 0.4485
vn 0.9090 0.0148 0.4166
vn -0.1023 -0.7132 -0.6934
vn -0.2547 -0.9651 0.0613
vn -0.6426 0.6536 0.3998
vn 0.9087 0.1132 0.4019
vn 0.1190 -0.9927 0.0172
vn -0.0737 0.7082 -0.7021
vn -0.8969 0.1099 0.4284
vn 0.8816 -0.0888 0.4635
vn -0.0772 0.7214 0.6882
vn 0.1167 -0.9930 0.0168
vn -0.0737 0.7083 -0.7020
vn -0.9955 0.0941 0.0119
vn -0.0740 0.7236 0.6863
vn -0.1148 0.9932 -0.0194
vn 0.0315 -0.7183 0.6950
vn 0.0363 -0.7291 -0.6835
vn -0.1140 0.9933 -0.0200
vn -0.2952 -0.9488 0.1126
vn 0.1770 0.6230 -0.7619
vn -0.8924 0.1104 0.4376
vn 0.9207 -0.0207 0.3897
vn 0.1964 0.7090 0.6773
vn -0.2953 -0.9488 0.1123
vn 0.1771 0.6230 -0.7619
vn -0.9956 0.0883 -0.0297
vn 0.9990 -0.0406 -0.0185
vn 0.1999 0.7081 0.6772
vn 0.2926 0.9498 -0.1111
vn -0.1529 -0.6334 0.7586
vn -0.1779 -0.7171 -0.6738
vn -0.2954 -0.9488 0.1121
vn 0.1739 0.6238 -0.7620
vn -0.9956 0.0884 -0.0297
vn 0.2926 0.9498 -0.1108
vn -0.1529 -0.6336 0.7584
vn -0.1778 -0.7172 -0.6738
vn 0.2952 0.9487 -0.1127
vn -0.1528 -0.6337 0.7584
vn -0.1778 -0.7174 -0.6735
vn -0.8769 0.0517 -0.4779
vn 0.8972 -0.0536 -0.4383
vn -0.0861 0.7107 0.6983
vn 0.1234 -0.9920 -0.0279
vn -0.6557 -0.7069 -0.2652
vn 0.9173 0.1969 -0.3461
vn -0.0955 0.7277 -0.6792
vn -0.0861 0.7107 0.6982
vn 0.1234 -0.9920 -0.0281
vn -0.7888 -0.6146 0.0061
vn 0.9784 0.2065 0.0067
vn -0.0954 0.7280 -0.6789
vn 0.3991 -0.7448 -0.5347
vn -0.3424 0.9391 0.0286
vn 0.1741 -0.7354 0.6549
vn -0.0857 0.7108 0.6981
vn 0.1234 -0.9920 -0.0274
vn -0.3423 0.9391 0.0285
vn -0.3424 0.9391 0.0288
vn -0.6279 -0.7307 0.2679
vn 0.9180 0.1709 0.3579
vn -0.6832 -0.6381 -0.3552
vn 0.6269 0.7359 -0.2557
vn -0.9024 0.2656 -0.3392
vn -0.7441 0.2653 -0.6131
vn 0.0277 -0.9256 -0.3775
vn 0.8075 -0.4307 -0.4029
vn -0.6666 0.0963 0.7392
vn -0.7483 0.4011 0.5284
vn 0.2584 -0.9191 0.2976
vn 0.1861 0.5198 -0.8338
vn 0.3478 0.6416 0.6837
vn -0.8616 0.3849 0.3310
vn 0.8983 -0.1904 0.3960
vn -0.8792 -0.3947 0.2668
vn -0.1466 -0.7177 -0.6807
vn -0.4391 0.8478 -0.2975
vn -0.8302 0.1733 -0.5298
vn 0.7909 0.5427 -0.2829
vn -0.2098 -0.4941 0.8437
vn -0.0691 0.1390 -0.9879
vn -0.5710 0.5263 0.6300
vn -0.7343 0.2710 0.6223
vn 0.6089 0.6991 0.3748
vn 0.0049 -0.9583 0.2857
vn 0.0649 0.4883 0.8702
vn -0.1068 -0.8578 -0.5028
vn -0.8425 0.4340 -0.3190
vn -0.7725 0.3420 0.5350
vn 0.8322 0.4997 0.2404
vn 0.8822 -0.2929 -0.3688
vn -0.5571 0.5617 -0.6117
vn -0.6726 0.3512 -0.6513
vn 0.6773 0.6367 -0.3687
vn -0.3937 -0.2476 -0.8853
vn -0.4129 0.7568 0.5068
vn -0.2276 -0.6928 0.6843
vn -0.8618 0.3489 0.3683
vn 0.7745 -0.4718 0.4213
vn -0.6420 -0.7282 0.2400
vn 0.3927 0.6118 -0.6867
vn -0.7098 0.4010 -0.5791
vn 0.1432 -0.9295 -0.3400
vn 0.2936 0.5441 0.7860
vn -0.6536 -0.5746 -0.4926
vn 0.6926 0.7033 0.1599
vn -0.7767 0.0127 0.6298
vn -0.7190 0.2982 0.6278
vn -0.0332 -0.9261 0.3759
vn -0.2505 0.9610 -0.1174
vn 0.2140 -0.5878 0.7802
vn -0.7373 -0.5694 0.3635
vn -0.9159 -0.0402 -0.3995
vn 0.9293 0.0434 -0.3667
vn 0.9371 0.0032 0.3489
vn 0.2297 -0.6726 -0.7035
vn -0.6431 -0.6512 -0.4028
vn 0.9073 -0.1191 -0.4032
vn 0.2557 -0.9598 0.1160
vn -0.0897 0.6256 -0.7750
vn -0.1161 0.7071 0.6975
vn -0.8851 -0.0392 0.4637
vn 0.8973 0.0410 0.4396
vn -0.0443 -0.6353 -0.7710
vn 0.0966 0.9889 0.1128
vn -0.9114 -0.0778 0.4040
vn 0.9029 -0.0458 0.4274
vn -0.0537 -0.7186 0.6934
vn 0.0513 0.6336 0.7720
vn -0.0959 -0.9891 -0.1119
vn 0.0544 0.7175 -0.6944
vn -0.9397 0.0532 -0.3379
vn 0.9170 0.1487 -0.3701
vn 0.0146 -0.4464 -0.8947
vn -0.2271 0.9148 0.3341
vn -0.9718 -0.0595 0.2280
vn 0.8321 0.4888 0.2620
vn 0.0978 -0.7092 0.6982
vn -0.1806 0.4036 0.8970
vn 0.2030 -0.9209 -0.3327
vn -0.2189 0.6761 -0.7035
vn -0.9053 0.1387 -0.4015
vn 0.6583 0.6357 -0.4031
vn 0.6282 0.6852 0.3685
vn -0.6290 -0.7677 0.1227
vn -0.7858 0.4547 0.4193
vn -0.4521 0.8714 0.1904
vn 0.7791 -0.5328 0.3305
vn 0.8550 -0.3467 0.3858
vn 0.2931 0.6931 -0.6585
vn -0.5857 0.8019 -0.1178
vn 0.7304 -0.6242 -0.2771
vn -0.3604 -0.6227 -0.6945
vn 0.3140 0.9457 -0.0833
vn -0.8257 0.3559 -0.4377
vn 0.8112 -0.4148 -0.4122
vn -0.2938 -0.5594 0.7750
vn 0.2584 0.6737 0.6923
vn -0.8826 -0.1410 0.4485
vn 0.8933 0.1985 0.4033
vn 0.2550 0.6368 -0.7277
vn 0.0090 -0.7338 -0.6794
vn 0.1878 0.9809 -0.0507
vn -0.8643 -0.3246 -0.3842
vn 0.9426 0.1502 -0.2984
vn 0.0168 -0.6970 0.7168
vn 0.0262 0.5794 -0.8146
vn -0.2752 0.7104 0.6478
vn 0.0706 -0.9959 -0.0570
vn -0.6779 -0.6262 -0.3852
vn 0.4112 0.9080 0.0799
vn 0.5785 -0.8150 0.0336
vn -0.5700 0.7256 -0.3854
vn -0.5514 -0.8302 0.0815
vn 0.4726 0.8567 -0.2066
vn 0.9612 -0.2397 0.1369
vn 0.1922 -0.9192 0.3436
vn -0.8598 0.0053 -0.5106
vn -0.9430 0.3249 0.0723
vn -0.5808 0.2161 0.7848
vn 0.8680 -0.3592 -0.3430
vn 0.4671 0.4525 -0.7596
vn 0.0575 0.6409 0.7654
vn -0.2809 0.3322 0.9004
vn 0.7958 0.5680 -0.2101
vn -0.0701 0.7924 -0.6060
vn 0.3127 -0.4118 0.8559
vn -0.5994 -0.6455 -0.4734
vn -0.8753 0.4470 0.1847
vn 0.3950 -0.1503 -0.9063
vn -0.8011 -0.5599 0.2117
vn -0.0107 0.7947 -0.6069
vn -0.8260 0.5557 -0.0937
vn -0.2203 -0.4790 -0.8497
vn 0.7107 0.3599 0.6045
vn 0.7320 0.6799 0.0438
vn -0.5486 -0.4114 0.7279
vn -0.4774 -0.0253 0.8783
vn 0.0531 -0.9489 -0.3111
vn -0.6654 0.4592 -0.5886
vn 0.7414 0.6682 -0.0618
vn -0.6653 0.4592 0.5887
vn -0.8261 0.5557 0.0937
vn -0.5808 0.2161 -0.7848
vn 0.8680 -0.3592 0.3430
vn -0.2204 -0.4790 0.8497
vn -0.5487 -0.4112 -0.7279
vn -0.4774 -0.0254 -0.8783
vn 0.0530 -0.9490 0.3109
vn -0.6734 0.6239 0.3966
vn 0.1768 -0.9225 -0.3431
vn -0.9430 0.3249 -0.0723
vn 0.4671 0.4525 0.7596
vn 0.0575 0.6410 -0.7654
vn -0.2810 0.3322 -0.9004
vn 0.7958 0.5680 0.2102
vn -0.5829 -0.7127 0.3902
vn 0.7107 0.3599 -0.6045
vn -0.0105 0.7947 0.6070
vn -0.8752 0.4471 -0.1847
vn 0.3950 -0.1504 0.9063
vn 0.3268 -0.4252 -0.8440
vn -0.5428 0.7660 0.3444
vn -0.5993 -0.6454 0.4735
vn -0.7369 -0.6499 -0.1861
vn 0.1199 0.9926 0.0187
vn -0.4592 0.0156 0.8882
vn -0.9425 -0.2578 -0.2126
vn 0.2242 -0.5625 -0.7958
vn 0.9569 -0.2048 -0.2057
vn -0.1597 -0.6010 0.7831
vn -0.3304 -0.2989 0.8953
vn 0.7309 -0.6385 -0.2411
vn 0.5178 0.5793 0.6296
vn -0.4702 -0.8537 -0.2236
vn -0.3772 0.7584 -0.5316
vn -0.9496 0.2030 0.2390
vn 0.5051 -0.0539 -0.8614
vn -0.6121 -0.4970 -0.6151
vn 0.3561 0.9255 0.1293
vn -0.5904 0.0762 0.8035
vn 0.9525 -0.0444 -0.3014
vn 0.2155 -0.8189 0.5320
vn 0.5841 0.5217 0.6219
vn -0.3356 -0.9316 -0.1396
vn -0.2406 0.8025 -0.5460
vn -0.9734 0.0994 0.2067
vn 0.4452 -0.0424 -0.8944
vn -0.2680 0.7652 -0.5853
vn 0.4153 -0.4185 0.8077
vn -0.9995 -0.0310 -0.0023
vn 0.3077 0.5495 -0.7767
vn -0.4159 -0.7323 -0.5392
vn 0.4147 -0.8616 0.2927
vn -0.8066 -0.2377 -0.5411
vn -0.2292 0.6135 0.7557
vn -0.4007 0.2451 0.8828
vn 0.5659 0.7952 -0.2178
vn 0.0988 -0.9831 -0.1540
vn 0.1198 0.9926 -0.0187
vn -0.4592 0.0157 -0.8882
vn -0.3305 -0.2989 -0.8952
vn 0.7309 -0.6384 0.2411
vn 0.9570 -0.2048 0.2056
vn -0.7249 -0.0947 0.6823
vn -0.9425 -0.2578 0.2126
vn 0.2242 -0.5625 0.7958
vn -0.3520 0.7709 0.5308
vn -0.4702 -0.8537 0.2237
vn -0.9496 0.2030 -0.2390
vn 0.5051 -0.0539 0.8614
vn 0.5189 0.5962 -0.6126
vn 0.3564 0.9254 -0.1289
vn -0.6298 -0.4753 0.6143
vn -0.5902 0.0756 -0.8037
vn 0.9526 -0.0440 0.3011
vn 0.2155 -0.8189 -0.5320
vn -0.3765 -0.9170 0.1316
vn 0.5836 0.5214 -0.6225
vn -0.2407 0.8025 0.5459
vn -0.9734 0.0993 -0.2066
vn 0.4452 -0.0423 0.8944
vn 0.4159 -0.4185 -0.8074
vn -0.7243 0.6166 0.3087
vn -0.9995 -0.0311 0.0023
vn 0.3078 0.5496 0.7767
vn -0.4158 -0.7323 0.5392
vn -0.8157 0.4038 0.4143
vn 0.4142 -0.8619 -0.2926
vn -0.2293 0.6134 -0.7558
vn -0.4007 0.2450 -0.8828
vn 0.5659 0.7952 0.2178
vn 0.3702 -0.4132 0.8320
vn -0.9350 -0.0255 0.3537
vn -0.6127 0.7893 -0.0398
vn -0.2399 0.0436 0.9698
vn 0.2489 -0.1024 -0.9631
vn 0.0240 0.0525 -0.9983
vn 0.4552 -0.3363 0.8244
vn -0.7367 -0.4303 0.5216
vn 0.4553 0.0623 -0.8881
vn -0.1662 0.9644 0.2055
vn -0.0866 -0.4793 -0.8734
vn -0.2398 0.0437 -0.9698
vn -0.6127 0.7893 0.0398
vn 0.0241 0.0524 0.9983
vn 0.2488 -0.1024 0.9631
vn 0.4552 -0.3363 -0.8244
vn -0.7367 -0.4303 -0.5217
vn 0.4553 0.0624 0.8881
vn 0.2652 0.9572 -0.1157
vn -0.1665 -0.6080 0.7763
vn -0.8837 0.2205 0.4129
vn -0.9170 0.0493 -0.3959
vn 0.8898 -0.1728 -0.4224
vn 0.9137 -0.0987 0.3942
vn -0.1870 -0.6929 -0.6964
vn -0.9136 0.0719 -0.4002
vn 0.8951 -0.2152 -0.3905
vn 0.0539 0.7258 0.6858
vn -0.6207 -0.7769 0.1054
vn -0.7066 -0.2311 0.6688
vn 0.7349 -0.6003 0.3155
vn 0.0300 0.6206 -0.7835
vn -0.2657 -0.9571 0.1153
vn 0.1395 0.6169 -0.7746
vn 0.1621 0.7011 0.6944
vn -0.9373 0.1416 0.3184
vn 0.9300 0.0143 0.3672
vn 0.0008 -0.9787 -0.2054
vn 0.1197 0.9835 -0.1357
vn -0.6565 -0.2925 -0.6953
vn 0.6121 -0.7055 -0.3572
vn -0.6550 -0.3749 0.6561
vn -0.1060 0.5499 -0.8285
vn -0.2649 -0.3642 0.8928
vn -0.8334 0.0898 -0.5453
vn 0.6475 0.7247 -0.2358
vn -0.0005 -0.7272 -0.6864
vn 0.1644 -0.8588 0.4852
vn -0.7580 0.0070 -0.6522
vn -0.7091 0.3587 0.6071
vn -0.7388 0.1370 0.6598
vn 0.4545 0.8113 0.3677
vn 0.2224 0.5554 0.8013
vn -0.4992 -0.8599 -0.1067
vn -0.9951 -0.0988 0.0009
vn -0.8613 0.3395 0.3781
vn 0.8758 -0.3728 0.3065
vn 0.9734 0.0613 -0.2207
vn 0.2028 0.6969 -0.6879
vn -0.8237 0.3431 -0.4514
vn 0.8344 -0.3460 -0.4290
vn 0.4728 0.7128 -0.5180
vn -0.2712 -0.5643 0.7798
vn -0.5883 0.8054 -0.0714
vn 0.6803 -0.6878 -0.2533
vn -0.3535 -0.6324 -0.6893
vn -0.0580 -0.8750 -0.4807
vn 0.0844 0.9785 0.1884
vn -0.3340 -0.7977 0.5022
vn -0.9445 -0.2990 0.1361
vn 0.9497 -0.0682 0.3058
vn -0.6359 -0.7577 0.1468
vn 0.3286 0.7026 -0.6312
vn 0.3330 0.7713 0.5424
vn -0.4374 0.8845 0.1622
vn 0.7406 -0.5922 0.3176
vn -0.9392 0.3354 -0.0737
vn 0.8162 0.2952 0.4966
vn 0.2360 -0.2514 0.9387
vn -0.2039 -0.4588 0.8648
vn 0.2380 0.4444 -0.8636
vn 0.5702 0.5938 -0.5677
vn 0.4296 -0.8775 -0.2133
vn 0.1351 -0.8184 0.5585
vn 0.3341 -0.0479 -0.9413
vn 0.9517 -0.2852 0.1136
vn -0.9126 -0.2575 -0.3177
vn -0.6602 -0.4870 0.5718
vn -0.2506 -0.3950 0.8838
vn 0.1626 0.4327 -0.8867
vn -0.2178 0.2610 -0.9404
vn -0.3360 0.8457 0.4147
vn -0.4040 0.1178 0.9072
vn 0.0512 0.8656 -0.4981
vn 0.9731 -0.0519 -0.2243
vn -0.9481 -0.0336 0.3163
vn -0.3186 -0.5560 0.7677
vn 0.1061 -0.0083 0.9943
vn -0.0992 -0.0241 -0.9948
vn -0.2704 0.1222 -0.9549
vn 0.1479 0.8342 0.5313
vn 0.1303 0.1641 0.9778
vn -0.0926 0.5901 -0.8020
vn 0.9487 0.3021 0.0936
vn -0.7478 -0.6579 -0.0892
vn -0.5965 0.6239 0.5049
vn -0.2695 -0.0970 0.9581
vn -0.2380 0.7426 -0.6260
vn 0.7509 -0.6604 0.0030
vn -0.9580 0.1006 -0.2687
vn -0.7782 -0.2292 0.5847
vn -0.3499 -0.3863 0.8534
vn 0.3422 0.3937 -0.8531
vn -0.1102 0.3489 -0.9307
vn -0.0140 0.8709 0.4913
vn -0.3322 0.1710 0.9276
vn 0.3705 0.7860 -0.4950
vn 0.2048 -0.9069 -0.3682
vn -0.7438 0.6574 0.1210
vn -0.3080 -0.4240 0.8517
vn -0.2060 -0.7994 0.5644
vn 0.3363 -0.0888 -0.9376
vn 0.3790 0.3540 -0.8550
vn 0.9039 0.0182 0.4274
vn 0.2584 -0.3279 0.9087
vn 0.7903 0.3813 -0.4795
vn 0.4222 -0.9065 0.0075
vn -0.7896 0.5969 -0.1422
vn -0.6924 0.1489 0.7060
vn -0.4963 -0.5816 0.6445
vn 0.2874 -0.1287 -0.9491
vn 0.1396 0.2761 -0.9509
vn 0.3835 0.7274 0.5691
vn -0.2463 0.2204 0.9438
vn 0.7112 0.4024 -0.5765
vn -0.5241 0.8511 -0.0309
vn 0.8148 -0.3641 0.4512
vn 0.0744 -0.4065 0.9106
vn 0.8587 0.0526 -0.5098
vn -0.2930 -0.9088 -0.2971
vn 0.3594 -0.9312 -0.0607
vn -0.7484 0.6317 -0.2022
vn -0.7218 0.2098 0.6595
vn -0.3941 -0.3666 0.8428
vn 0.5131 -0.0930 -0.8533
vn 0.1403 0.3148 -0.9387
vn 0.4509 0.7332 0.5090
vn -0.1708 0.3434 0.9235
vn 0.7488 0.4400 -0.4957
vn -0.3298 0.9436 0.0284
vn 0.5365 -0.6380 0.5524
vn 0.0247 -0.3738 0.9272
vn -0.4539 -0.2477 0.8559
vn 0.5074 0.0403 -0.8608
vn 0.7599 -0.3539 -0.5452
vn -0.7384 -0.6105 -0.2864
vn -0.8015 -0.5192 0.2967
vn 0.0167 -0.5084 -0.8610
vn -0.0324 -0.9833 0.1790
vn -0.5429 0.6994 -0.4648
vn -0.6958 0.5046 0.5110
vn -0.2991 -0.1784 0.9374
vn 0.7204 -0.3595 -0.5931
vn 0.2105 0.2051 -0.9558
vn 0.7270 0.5847 0.3599
vn -0.0640 0.4403 0.8956
vn 0.8286 0.1659 -0.5347
vn 0.1521 0.9863 -0.0637
vn 0.4725 -0.6932 0.5443
vn -0.7850 -0.5691 -0.2446
vn -0.7617 -0.1791 0.6227
vn 0.1027 -0.3229 -0.9409
vn -0.1624 -0.9788 -0.1251
vn -0.4617 0.6871 0.5610
vn 0.2887 0.2332 0.9286
vn 0.7500 -0.4829 0.4520
vn -0.1458 -0.3439 -0.9276
vn -0.7542 0.3135 -0.5769
vn 0.7660 0.6087 -0.2068
vn 0.7210 0.1901 0.6663
vn -0.1547 0.2879 -0.9451
vn 0.0172 0.9829 0.1831
vn 0.6931 -0.6265 -0.3566
vn -0.6326 -0.6051 0.4834
vn -0.0370 -0.3888 0.9206
vn -0.7952 -0.2941 -0.5302
vn 0.4233 -0.9060 -0.0000
vn -0.9992 -0.0401 -0.0000
vn -0.2159 -0.1581 0.9635
vn 0.2046 -0.1144 0.9721
vn 0.2046 -0.1144 -0.9721
vn -0.2159 -0.1581 -0.9635
vn 0.3394 0.9406 -0.0000
vn -0.1518 0.2695 0.9510
vn -0.1518 0.2695 -0.9510
vn 0.9507 0.3100 -0.0000
vn -0.3866 -0.9223 -0.0000
vn -0.6144 0.7890 -0.0000
vn 0.1042 0.3446 0.9329
vn 0.1042 0.3446 -0.9329
vn 0.5145 -0.8575 -0.0000
vn -0.9768 0.2140 -0.0000
vn 0.1435 -0.2291 0.9628
vn 0.1435 -0.2291 -0.9628
vn 0.7220 0.6919 -0.0000
vn -0.4952 0.8688 -0.0000
vn 0.9540 -0.2998 -0.0000
vn -0.5729 -0.8196 -0.0000
vn -0.4220 0.0462 0.9054
vn -0.4220 0.0462 -0.9054
vn 0.9435 -0.3315 -0.0000
vn -0.8714 -0.4906 -0.0000
vn -0.1662 0.9861 -0.0000
vn 0.2507 0.1504 0.9563
vn 0.2507 0.1504 -0.9563
vn -0.8377 0.5462 -0.0000
vn 0.8467 0.5321 -0.0000
vn 0.3440 -0.1801 0.9215
vn 0.3440 -0.1801 -0.9215
vn -0.3722 -0.9281 -0.0000
vn -0.3233 -0.9463 -0.0000
vn -0.6654 0.7465 -0.0000
vn 0.3938 -0.0929 0.9145
vn 0.3938 -0.0929 -0.9145
vn 0.7951 0.6065 -0.0000
vn 0.9443 -0.3291 -0.0000
vn -0.8306 -0.5568 -0.0000
vn 0.1090 0.9940 -0.0000
vn -0.3070 0.1684 0.9367
vn -0.3070 0.1684 -0.9367
vn 0.3230 0.9464 -0.0000
vn 0.5727 -0.8197 -0.0000
vn -0.8607 -0.5091 -0.0000
vn -0.4295 0.0914 0.8984
vn -0.4295 0.0914 -0.8984
vn 0.1843 -0.9829 -0.0000
vn -0.9785 0.2063 -0.0000
vn 0.5295 0.8483 -0.0000
vn 0.2207 0.1079 0.9694
vn 0.2207 0.1079 -0.9694
vn 0.7833 0.6217 -0.0000
vn -0.0369 -0.9993 -0.0000
vn -0.3155 0.0979 0.9439
vn -0.3155 0.0979 -0.9439
vn -0.6925 0.7214 -0.0000
vn 0.9387 0.3446 -0.0000
vn -0.4966 -0.8680 -0.0000
vn -0.7057 0.7085 -0.0000
vn -0.3772 -0.1978 0.9048
vn -0.3772 -0.1978 -0.9048
vn -0.7890 0.6144 -0.0000
vn 0.9754 -0.2203 -0.0000
vn -0.1700 -0.3827 0.9081
vn -0.1700 -0.3827 -0.9081
vn -0.3480 -0.9375 -0.0000
vn 0.7967 -0.6044 -0.0000
vn -0.8520 -0.5236 -0.0000
vn -0.4173 0.9087 -0.0000
vn 0.0943 0.2694 0.9584
vn 0.0943 0.2694 -0.9584
vn -0.8653 -0.5012 -0.0000
vn 0.2468 0.9691 -0.0000
vn 0.1759 -0.2755 0.9451
vn 0.1759 -0.2755 -0.9451
vn 0.7407 -0.6718 -0.0000
vn 0.8298 0.5580 -0.0000
vn 0.2323 -0.9726 -0.0000
vn -0.9828 0.1848 -0.0000
vn -0.1933 0.3150 0.9292
vn -0.1933 0.3150 -0.9292
vn -0.4625 -0.8866 -0.0000
vn -0.3733 0.9277 -0.0000
vn 0.3849 -0.1219 0.9149
vn 0.3849 -0.1219 -0.9149
vn 0.9866 0.1631 -0.0000
vn -0.8459 -0.5333 -0.0000
vn 0.0270 0.9996 -0.0000
vn 0.6181 -0.7861 -0.0000
vn 0.2963 0.0943 0.9504
vn 0.2963 0.0943 -0.9504
vn 0.4406 0.8977 -0.0000
vn 0.6643 -0.7475 -0.0000
vn -0.8616 -0.5076 -0.0000
vn -0.2003 0.0477 0.9786
vn -0.2003 0.0477 -0.9786
vn 0.9559 0.2935 -0.0000
vn -0.4426 -0.8967 -0.0000
vn 0.0080 -0.2413 0.9704
vn 0.0080 -0.2413 -0.9704
vn -0.4788 0.8779 -0.0000
vn -0.8462 -0.5329 -0.0000
vn 0.0644 0.9979 -0.0000
vn 0.9158 -0.4016 -0.0000
vn 0.4632 -0.2031 0.8627
vn 0.4632 -0.2031 -0.8627
vn 0.5911 0.8066 -0.0000
vn 0.0184 -0.9998 -0.0000
vn -0.9371 0.3491 -0.0000
vn -0.0769 0.3740 0.9242
vn -0.0769 0.3740 -0.9242
vn -0.9790 0.2038 -0.0000
vn 0.6078 0.7941 -0.0000
vn 0.0837 -0.3572 0.9303
vn 0.0837 -0.3572 -0.9303
vn 0.6758 -0.7371 -0.0000
vn 0.5975 -0.8019 -0.0000
vn -0.9963 0.0855 -0.0000
vn 0.6445 0.7646 -0.0000
vn 0.9731 -0.2303 -0.0000
vn -0.7747 -0.6323 -0.0000
vn -0.4637 0.8860 -0.0000
vn 0.3065 0.1144 0.9450
vn 0.3065 0.1144 -0.9450
vn -0.7931 0.6091 -0.0000
vn 0.9390 0.3439 -0.0000
vn 0.0117 -0.9999 -0.0000
vn -0.3754 0.9269 -0.0000
vn 0.9889 -0.1486 -0.0000
vn -0.3345 -0.9424 -0.0000
vn 0.5043 -0.1565 0.8492
vn 0.5043 -0.1565 -0.8492
vn -0.2115 -0.9774 -0.0000
vn -0.0188 0.9998 -0.0000
vn 0.5346 -0.1108 0.8378
vn 0.5346 -0.1108 -0.8378
vn 0.9992 -0.0389 -0.0000
vn -0.4079 -0.9130 -0.0000
vn 0.1979 0.9802 -0.0000
vn -0.3104 0.0332 0.9500
vn -0.3104 0.0332 -0.9500
vn 0.9301 -0.3672 -0.0000
vn 0.9602 -0.2792 -0.0000
vn -0.6544 -0.7561 -0.0000
vn 0.1654 0.9862 -0.0000
vn 0.7174 -0.6966 -0.0000
vn -0.8911 -0.4537 -0.0000
vn 0.4803 0.8771 -0.0000
vn -0.9285 0.3712 -0.0000
vn 0.9158 0.4016 -0.0000
vn -0.1674 -0.9859 -0.0000
vn -0.0961 -0.5660 0.8188
vn -0.0961 -0.5660 -0.8188
vn 0.1842 -0.9787 -0.0905
vn -0.5393 0.6752 0.5032
vn 0.3032 -0.0661 0.9506
vn 0.7903 0.1967 0.5803
vn -0.3359 -0.0982 -0.9368
vn -0.8713 0.1254 -0.4745
vn 0.5841 0.6693 -0.4593
vn 0.9002 -0.1335 0.4145
vn -0.2059 0.0431 -0.9776
vn 0.4415 0.8960 -0.0487
vn 0.3100 -0.8496 -0.4267
vn 0.7310 -0.5046 0.4594
vn -0.2111 0.1368 -0.9678
vn -0.7384 -0.4467 0.5052
vn -0.1556 0.9854 0.0689
vn 0.7610 -0.4383 -0.4782
vn -0.3602 -0.8660 0.3467
vn 0.1033 0.0444 0.9937
vn -0.8796 -0.2288 -0.4170
vn -0.4428 -0.8950 0.0535
vn -0.1316 0.8793 0.4576
vn 0.1940 -0.1247 0.9730
vn -0.7478 0.5202 -0.4125
vn 0.8411 0.2869 -0.4586
vn 0.3304 0.8228 -0.4625
vn 0.0670 -0.8177 0.5718
vn 0.6317 0.1891 0.7518
vn -0.7214 -0.0098 -0.6924
vn -0.8604 0.3218 0.3951
vn 0.6414 0.7672 -0.0117
vn 0.0368 -0.8820 -0.4698
vn 0.1671 -0.1459 0.9751
vn -0.8028 0.3759 -0.4628
vn -0.8708 -0.1948 0.4514
vn -0.3061 0.9479 0.0886
vn 0.4504 -0.8715 -0.1940
vn 0.6259 -0.1432 0.7666
vn -0.3894 0.0765 -0.9179
vn -0.0667 -0.7135 0.6974
vn -0.6433 -0.7655 0.0086
vn -0.0779 0.8818 0.4651
vn 0.8593 0.2435 -0.4498
vn 0.8067 -0.3475 0.4781
vn -0.2273 0.1784 -0.9573
vn 0.0360 0.9975 0.0606
vn 0.3730 -0.7747 -0.5105
vn 0.1949 0.0257 0.9805
vn -0.8005 -0.2844 -0.5276
vn -0.7584 -0.4971 0.4215
vn 0.7263 0.4955 0.4763
vn -0.5844 -0.7080 -0.3965
vn 0.0571 -0.8406 0.5386
vn -0.1647 -0.6235 0.7643
vn -0.3685 0.4327 -0.8228
vn 0.0610 0.3300 -0.9420
vn -0.6734 0.5900 0.4454
vn -0.0268 -0.1339 0.9906
vn -0.0541 0.9184 -0.3919
vn -0.0405 -0.9963 -0.0761
vn -0.6953 0.5591 0.4516
vn 0.4795 0.7618 -0.4356
vn 0.8389 0.2741 0.4702
vn -0.2032 -0.0641 -0.9770
vn -0.9777 0.2059 0.0407
vn 0.8235 0.4433 0.3541
vn 0.0619 -0.8208 0.5679
vn -0.1090 0.2496 -0.9622
vn 0.5562 -0.7425 -0.3733
vn -0.1741 -0.8880 0.4256
vn -0.6696 0.7414 -0.0447
vn 0.3010 0.8136 0.4974
vn -0.0472 -0.2543 -0.9660
vn 0.8438 -0.3228 -0.4286
vn 0.9545 -0.2786 -0.1065
vn -0.7252 -0.5204 -0.4509
vn -0.6457 0.6144 0.4535
vn 0.0020 -0.2005 0.9797
vn -0.1061 0.8738 -0.4746
vn -0.2850 0.8327 -0.4747
vn 0.6678 -0.7433 0.0398
vn -0.9050 -0.1258 0.4063
vn -0.0285 0.2093 0.9774
vn -0.3152 -0.7992 -0.5118
vn -0.9649 -0.2585 0.0456
vn 0.4767 0.7835 0.3986
vn -0.0302 -0.1895 0.9814
vn 0.0578 0.7056 -0.7063
vn 0.7075 -0.5008 -0.4987
vn -0.9955 -0.0546 -0.0776
vn 0.7555 0.4892 -0.4358
vn -0.3846 0.7772 0.4979
vn 0.1889 -0.2231 -0.9563
vn 0.5687 -0.6911 0.4462
vn -0.6026 0.6256 0.4955
vn 0.9690 0.2447 -0.0340
vn -0.6486 -0.6577 -0.3831
vn -0.1240 -0.8021 0.5841
vn 0.0424 0.1410 -0.9891
vn -0.7877 0.3436 -0.5114
vn 0.9970 0.0409 0.0662
vn -0.4652 -0.7812 0.4164
vn -0.1343 0.1440 0.9804
vn 0.4224 -0.7756 -0.4691
vn -0.8210 0.5347 -0.1999
vn 0.8176 0.4355 0.3767
vn -0.7662 -0.2154 0.6054
vn 0.2914 0.0434 -0.9556
vn 0.2851 -0.8628 -0.4176
vn -0.6617 -0.7496 -0.0179
vn 0.1740 0.8797 -0.4425
vn -0.7928 0.4134 0.4477
vn 0.2405 -0.0925 -0.9662
vn 0.8977 0.0016 0.4406
vn 0.8364 -0.5304 0.1381
vn -0.7673 0.0836 -0.6358
vn 0.2235 0.9262 0.3037
vn -0.1341 -0.0118 0.9909
vn 0.8459 0.1185 -0.5199
vn 0.1808 0.9772 0.1111
vn 0.6050 -0.6572 0.4494
vn -0.5253 -0.7514 -0.3993
vn -0.2096 -0.9778 -0.0041
vn -0.2993 0.8382 -0.4559
vn 0.7619 0.4907 0.4226
vn -0.1953 0.0907 0.9765
vn 0.8077 -0.3948 -0.4378
vn -0.8388 -0.2715 -0.4719
vn 0.6570 0.7537 0.0136
vn 0.1076 -0.8903 0.4425
vn -0.1456 0.9893 -0.0000
vn 0.8695 -0.4940 -0.0000
vn 0.3024 0.2891 0.9083
vn -0.3229 0.0873 0.9424
vn -0.3229 0.0873 -0.9424
vn 0.3024 0.2891 -0.9083
vn -0.7071 -0.7071 -0.0000
vn -0.3248 -0.2056 0.9232
vn -0.3248 -0.2056 -0.9232
vn 0.8072 -0.5903 -0.0000
vn 0.1303 0.3851 0.9136
vn 0.1303 0.3851 -0.9136
vn 0.3173 0.9483 -0.0000
vn 0.1847 -0.9828 -0.0000
vn -0.7862 0.6179 -0.0000
vn 0.7803 0.6254 -0.0000
vn 0.3854 -0.1000 0.9173
vn 0.3854 -0.1000 -0.9173
vn -0.8063 0.5915 -0.0000
vn 0.8666 0.4990 -0.0000
vn 0.3745 -0.9272 -0.0000
vn -0.0858 -0.3071 0.9478
vn -0.0858 -0.3071 -0.9478
vn 0.4917 0.8707 -0.0000
vn 0.4967 -0.8679 -0.0000
vn -0.2334 0.2822 0.9305
vn -0.2334 0.2822 -0.9305
vn -0.9356 -0.3530 -0.0000
vn 0.9498 0.3127 -0.0000
vn -0.4970 -0.8678 -0.0000
vn -0.1581 0.3010 0.9404
vn -0.1581 0.3010 -0.9404
vn -0.7219 0.6919 -0.0000
vn -0.5107 -0.8598 -0.0000
vn -0.0092 1.0000 -0.0000
vn 0.9853 -0.1708 -0.0000
vn 0.2769 -0.2945 0.9147
vn 0.2769 -0.2945 -0.9147
vn -0.9472 -0.3206 -0.0000
vn 0.2728 0.9621 -0.0000
vn 0.8717 -0.4900 -0.0000
vn 0.1988 -0.3698 0.9076
vn 0.1988 -0.3698 -0.9076
vn 0.9654 0.2609 -0.0000
vn -0.3567 -0.9342 -0.0000
vn 0.0554 0.3354 0.9405
vn 0.0554 0.3354 -0.9405
vn -0.8427 0.5384 -0.0000
vn 0.8004 0.5994 -0.0000
vn -0.1211 -0.9926 -0.0000
vn 0.2937 -0.1655 0.9414
vn 0.2937 -0.1655 -0.9414
vn -0.9392 0.3435 -0.0000
vn 0.6719 -0.7406 -0.0000
vn -0.9635 -0.2676 -0.0000
vn -0.0691 -0.3849 0.9204
vn -0.0691 -0.3849 -0.9204
vn 0.5948 0.8039 -0.0000
vn 0.9990 -0.0458 -0.0000
vn -0.8096 -0.5869 -0.0000
vn -0.1672 0.9859 -0.0000
vn -0.3327 0.1994 0.9217
vn -0.3327 0.1994 -0.9217
vn 0.8689 -0.4950 -0.0000
vn -0.8688 -0.4952 -0.0000
vn 0.2368 0.1065 0.9657
vn 0.2368 0.1065 -0.9657
vn -0.3560 0.9345 -0.0000
vn 0.2140 0.9768 -0.0000
vn 0.4972 -0.8676 -0.0000
vn -0.9462 -0.3236 -0.0000
vn -0.8497 0.5273 -0.0000
vn 0.9994 0.0348 -0.0000
vn -0.1562 -0.9877 -0.0000
vn -0.3820 -0.1714 0.9081
vn -0.3820 -0.1714 -0.9081
vn 0.6975 0.7165 -0.0000
vn -0.1879 -0.9822 -0.0000
vn -0.8502 0.5265 -0.0000
vn 0.8048 -0.4699 -0.3626
vn -0.9988 -0.0050 0.0478
vn 0.0456 -0.0530 0.9976
vn 0.3079 -0.7055 0.6383
vn -0.0706 0.0445 -0.9965
vn 0.2963 0.6933 -0.6569
vn 0.5025 0.8053 0.3146
vn 0.0699 -0.0005 0.9976
vn -0.3071 0.6987 -0.6461
vn -0.5572 0.7643 0.3246
vn 0.9988 0.0005 -0.0498
vn -0.7850 -0.5210 -0.3350
vn -0.2928 -0.7142 0.6357
vn -0.0095 0.0648 -0.9979
vn -0.9365 0.1271 0.3267
vn 0.7075 0.7058 -0.0374
vn 0.6931 -0.2680 0.6691
vn -0.1109 0.0408 -0.9930
vn -0.1693 -0.9267 -0.3356
vn 0.2032 -0.9119 -0.3567
vn -0.6738 0.7380 0.0369
vn -0.0479 0.0278 0.9985
vn 0.6881 0.2660 -0.6751
vn 0.9376 0.1540 0.3116
vn 0.9043 0.2249 -0.3629
vn -0.7058 -0.7071 0.0431
vn -0.1921 0.9298 0.3139
vn 0.0116 -0.0017 0.9999
vn -0.7330 0.2829 -0.6186
vn 0.2128 0.9249 0.3149
vn 0.6759 -0.7360 -0.0388
vn -0.9032 0.2792 -0.3261
vn -0.7392 -0.2614 0.6207
vn 0.0216 0.0001 -0.9998
vn -0.0688 0.9971 0.0338
vn 0.5448 -0.7566 -0.3615
vn 0.0264 0.0012 0.9997
vn -0.6725 -0.3156 -0.6695
vn -0.7547 -0.5824 0.3022
vn -0.5544 -0.7630 -0.3325
vn 0.0047 0.9990 -0.0455
vn -0.6928 0.2781 0.6653
vn 0.1081 -0.0570 -0.9925
vn 0.7648 -0.5480 0.3387
vn 0.4651 0.8251 -0.3208
vn 0.0640 -0.9974 -0.0325
vn 0.7066 0.3283 0.6269
vn -0.0230 -0.0069 -0.9997
vn -0.8079 0.4898 0.3278
vn 0.0092 -0.9989 0.0458
vn -0.5111 0.7733 -0.3752
vn 0.7917 0.5273 0.3085
vn -0.0140 0.0043 0.9999
vn 0.7285 -0.3079 -0.6119
vn -0.1314 -0.9394 0.3166
vn -0.7376 0.6746 -0.0308
vn 0.2140 0.7140 0.6667
vn -0.0348 -0.1048 -0.9939
vn 0.9291 -0.1812 -0.3225
vn -0.9077 -0.2132 -0.3614
vn 0.6883 0.7247 0.0323
vn -0.0180 0.0372 0.9991
vn 0.3475 -0.6660 -0.6600
vn 0.1832 -0.9313 0.3149
vn -0.2631 0.8936 -0.3636
vn 0.7322 -0.6803 0.0319
vn -0.9246 -0.2223 0.3094
vn 0.0014 0.0194 0.9998
vn -0.2287 -0.7423 -0.6298
vn 0.6342 -0.7097 0.3067
vn -0.9878 -0.1499 0.0419
vn 0.7132 0.5958 -0.3691
vn 0.9385 -0.1098 0.3273
vn -0.6897 -0.7234 -0.0322
vn 0.1570 0.9280 -0.3379
vn -0.3637 0.7053 0.6085
vn 0.0152 -0.0246 -0.9996
vn 0.9884 0.1453 -0.0452
vn -0.4267 -0.8392 0.3371
vn -0.8532 0.4028 -0.3315
vn -0.7960 0.6013 0.0692
vn 0.8945 0.2667 -0.3587
vn 0.2631 0.7175 0.6449
vn 0.1413 0.0004 0.9900
vn -0.6843 -0.3407 -0.6447
vn -0.0098 -0.0570 -0.9983
vn 0.2832 -0.8912 0.3543
vn 0.0239 0.0714 0.9972
vn -0.2687 -0.7484 -0.6064
vn -0.4848 0.7988 -0.3561
vn 0.9956 -0.0564 0.0752
vn -0.1038 0.0804 0.9913
vn 0.2786 -0.7140 -0.6423
vn -0.7891 -0.5012 0.3550
vn 0.7866 -0.6155 -0.0498
vn -0.9015 0.1454 0.4076
vn 0.1293 0.9351 -0.3301
vn 0.6863 0.3535 0.6356
vn -0.0907 0.0802 -0.9926
vn 0.7641 -0.5004 0.4071
vn -0.9961 0.0481 -0.0739
vn 0.5173 0.7968 -0.3123
vn -0.2806 0.7133 0.6423
vn 0.1060 -0.0096 -0.9943
vn -0.1198 0.9894 0.0824
vn 0.8121 -0.4575 -0.3623
vn 0.1824 -0.0714 0.9806
vn -0.6731 0.2600 -0.6923
vn -0.4828 -0.8012 0.3536
vn -0.9116 0.2089 -0.3542
vn 0.7582 0.6482 0.0705
vn -0.1767 0.0720 0.9816
vn 0.6771 -0.2435 -0.6944
vn -0.1998 -0.9184 0.3416
vn 0.1142 -0.9916 -0.0600
vn -0.5647 0.7107 0.4195
vn 0.7672 0.5597 -0.3133
vn 0.7390 -0.2897 0.6083
vn -0.0331 0.0060 -0.9994
vn 0.8999 0.1453 0.4111
vn -0.7620 -0.6445 -0.0628
vn -0.1680 0.9358 -0.3100
vn -0.7402 0.2723 0.6147
vn 0.0315 -0.0209 -0.9993
vn 0.7575 0.6486 -0.0737
vn 0.1754 -0.9332 -0.3138
vn 0.2884 -0.7311 0.6183
vn -0.1097 0.0021 -0.9940
vn -0.8981 -0.1527 0.4124
vn -0.1741 0.9825 -0.0668
vn 0.5871 -0.6968 0.4121
vn -0.6712 -0.3897 0.6306
vn 0.0898 -0.0695 -0.9935
vn -0.7413 -0.5923 -0.3157
vn -0.7497 -0.6579 0.0716
vn 0.1867 0.9145 0.3589
vn 0.1152 -0.1044 0.9878
vn -0.2782 0.7129 -0.6438
vn 0.9117 -0.1877 -0.3656
vn 0.4353 0.8338 0.3396
vn 0.1787 -0.9808 0.0788
vn -0.1391 -0.0069 0.9903
vn 0.6662 0.3788 -0.6425
vn -0.8363 0.4146 -0.3588
vn -0.7770 0.4850 0.4013
vn 0.9955 -0.0605 -0.0724
vn -0.2563 -0.7174 0.6478
vn 0.0186 0.0618 -0.9979
vn -0.5133 -0.7881 -0.3398
vn -0.8082 0.5866 -0.0512
vn 0.9061 -0.1072 0.4092
vn -0.0945 -0.9384 -0.3323
vn 0.4937 -0.7956 -0.3511
vn -0.9952 0.0502 0.0845
vn 0.7876 0.5071 0.3500
vn -0.0241 -0.0631 0.9977
vn 0.2644 0.7550 -0.6000
vn -0.3015 0.8918 0.3372
vn 0.8061 -0.5871 0.0744
vn -0.8894 -0.2850 -0.3575
vn 0.4190 -0.9080 0.0017
vn -0.9406 0.3392 0.0147
vn -0.0703 0.2991 0.9516
vn 0.3541 0.0105 0.9351
vn 0.3514 -0.0044 -0.9362
vn -0.0910 0.2936 -0.9516
vn 0.5437 0.8393 0.0052
vn 0.3094 0.4738 0.8245
vn 0.3027 0.4713 -0.8284
vn 0.9588 -0.2839 -0.0034
vn -0.7017 -0.7125 0.0049
vn -0.3956 0.1244 0.9099
vn -0.3983 0.1091 -0.9107
vn -0.1815 0.9834 0.0079
vn 0.7190 0.6950 -0.0066
vn -0.0999 -0.9950 0.0027
vn -0.8149 0.5795 0.0134
vn -0.4841 0.3540 0.8002
vn -0.4946 0.3418 -0.7991
vn -0.1372 -0.9905 0.0042
vn -0.8041 0.5945 -0.0006
vn 0.3982 0.0646 0.9150
vn 0.3960 0.0459 -0.9171
vn 0.6980 0.7161 0.0047
vn 0.1261 0.9920 0.0065
vn 0.7198 -0.6941 0.0112
vn -0.7847 -0.6198 0.0081
vn -0.4108 -0.0357 0.9110
vn -0.4129 -0.0504 -0.9094
vn 0.5915 0.8063 -0.0065
vn 0.3296 -0.9440 0.0131
vn 0.4571 0.1694 0.8732
vn 0.4542 0.1649 -0.8755
vn -0.8448 0.5350 0.0031
vn 0.0068 -0.9999 0.0146
vn -0.3380 0.9412 -0.0009
vn -0.0049 0.0701 0.9975
vn -0.0283 0.0560 -0.9980
vn 0.9972 0.0749 0.0077
vn 0.9531 -0.3027 -0.0033
vn -0.7605 -0.6493 0.0104
vn 0.3665 0.2689 0.8907
vn 0.3658 0.2614 -0.8932
vn -0.2537 0.9673 0.0083
vn 0.3751 -0.9270 0.0026
vn -0.9107 0.4131 0.0065
vn 0.2797 0.3147 0.9070
vn 0.2582 0.2947 -0.9200
vn 0.5861 0.8102 0.0051
vn -0.7720 0.6355 0.0137
vn 0.9536 -0.2763 0.1196
vn 0.3645 -0.0939 0.9265
vn 0.1909 -0.0782 -0.9785
vn -0.4336 -0.8713 0.2299
vn -0.2072 -0.4068 0.8897
vn -0.2266 -0.5288 -0.8180
vn -0.9853 0.1706 -0.0019
vn 0.3534 0.9354 -0.0094
vn -0.1907 -0.3193 0.9283
vn -0.1972 -0.3185 -0.9272
vn 0.7873 -0.6013 0.1361
vn -0.2565 0.9665 0.0077
vn 0.9127 -0.4087 -0.0060
vn -0.6868 -0.7269 -0.0028
vn 0.3620 -0.9322 -0.0040
vn -0.9489 0.3154 -0.0077
vn -0.3356 -0.2508 0.9080
vn -0.3373 -0.2551 -0.9062
vn 0.7152 0.6989 -0.0030
vn -0.4205 0.9073 -0.0018
vn 0.9363 -0.3512 0.0006
vn 0.2866 0.0337 0.9574
vn 0.2877 0.0305 -0.9572
vn -0.6566 -0.7542 -0.0047
vn -0.9785 0.2057 0.0139
vn 0.3782 0.9257 0.0054
vn -0.5614 0.1068 0.8206
vn -0.5661 0.0950 -0.8189
vn 0.2262 -0.9740 -0.0080
vn 0.8426 0.5385 -0.0054
vn -0.6290 -0.7773 0.0122
vn -0.6492 0.7606 -0.0033
vn -0.4288 0.1974 0.8816
vn -0.4321 0.1787 -0.8839
vn -0.2198 0.9756 -0.0023
vn 0.8964 -0.4431 0.0093
vn 0.4720 0.1147 0.8741
vn 0.4682 0.0969 -0.8783
vn -0.5104 -0.8600 0.0036
vn 0.8485 0.5292 -0.0063
vn 0.2047 -0.9788 0.0001
vn -0.5697 0.8218 0.0015
vn -0.3882 0.0237 0.9213
vn -0.3912 0.0102 -0.9202
vn -0.9953 -0.0953 0.0168
vn 0.4534 0.8913 0.0053
vn 0.2651 0.1790 0.9475
vn 0.2637 0.1771 -0.9482
vn 0.3722 -0.9281 0.0136
vn 0.9270 0.3751 -0.0060
vn -0.5891 -0.8080 0.0081
vn -0.4907 0.8713 0.0109
vn -0.0450 0.4726 0.8801
vn -0.0606 0.4717 -0.8797
vn 0.8655 0.5008 -0.0065
vn -0.3902 -0.9207 0.0075
vn -0.5664 0.8240 0.0112
vn -0.3427 0.5126 0.7873
vn -0.3555 0.5029 -0.7879
vn -0.3704 0.9287 0.0173
vn 0.9412 -0.3065 -0.1425
vn 0.4848 0.3194 0.8142
vn -0.2102 -0.0193 0.9775
vn -0.5963 -0.1032 -0.7961
vn 0.1852 0.1379 -0.9730
vn -0.3627 -0.9182 0.1591
vn -0.1531 -0.1507 0.9767
vn -0.4728 -0.3370 -0.8142
vn 0.1214 0.9859 -0.1150
vn 0.7603 -0.6492 -0.0214
vn -0.1444 0.2192 0.9649
vn -0.0639 0.0978 -0.9932
vn -0.9907 0.0393 0.1303
vn 0.3558 -0.9345 -0.0107
vn -0.8236 0.5349 0.1888
vn 0.5773 0.8051 -0.1360
vn 0.5961 0.1737 0.7839
vn 0.2303 0.0929 -0.9687
vn 0.6366 -0.7391 0.2200
vn -0.7709 0.6365 0.0241
vn 0.0199 -0.0326 0.9993
vn 0.1009 -0.1690 -0.9804
vn 0.7197 0.6767 -0.1553
vn -0.0395 0.9989 0.0238
vn 0.7577 -0.6391 -0.1324
vn 0.2196 0.0737 0.9728
vn -0.2154 0.1478 -0.9653
vn -0.7298 -0.6527 0.2033
vn 0.4747 0.8798 -0.0254
vn 0.0498 -0.9000 0.4331
vn 0.1907 -0.1103 0.9754
vn 0.1991 0.1208 0.9725
vn 0.2016 0.2387 -0.9499
vn -0.1987 -0.1536 -0.9679
vn -0.6476 0.6111 0.4551
vn -0.4373 0.6359 0.6359
vn -0.5393 0.3263 -0.7763
vn -0.1730 0.9846 -0.0236
vn 0.3335 -0.9087 0.2512
vn 0.2306 0.0119 0.9730
vn 0.5857 0.0231 -0.8102
vn -0.9332 -0.3169 -0.1694
vn 0.6524 0.7456 0.1359
vn 0.2140 -0.9768 0.0072
vn -0.8143 0.5717 -0.1005
vn -0.5889 -0.0235 0.8079
vn -0.2232 -0.0162 -0.9746
vn -0.7475 -0.6448 -0.1595
vn 0.1215 0.9903 0.0668
vn -0.4005 0.1056 0.9102
vn -0.1171 -0.0245 -0.9928
vn 0.6926 -0.7059 0.1481
vn 0.7597 0.6383 0.1244
vn -0.1351 -0.9908 -0.0065
vn 0.2492 0.0663 0.9662
vn 0.6191 -0.0495 -0.7838
vn -0.6722 0.7322 -0.1093
vn -0.1350 0.9704 -0.2004
vn 0.7262 -0.6275 0.2807
vn 0.1023 0.5394 0.8358
vn 0.3897 0.1881 -0.9015
vn -0.8382 -0.5443 -0.0329
vn 0.6047 0.7953 -0.0431
vn -0.0520 -0.9886 0.1412
vn -0.8689 0.4091 0.2786
vn -0.2600 0.1657 0.9513
vn -0.2524 0.1405 -0.9574
vn 0.0369 -0.9652 0.2591
vn -0.7217 0.6398 -0.2643
vn -0.7960 0.4368 0.4190
vn -0.4852 0.1030 0.8683
vn 0.4377 -0.3596 -0.8241
vn 0.1234 0.2348 -0.9642
vn 0.6689 0.5131 0.5379
vn 0.1029 0.3620 0.9265
vn 0.8089 0.1810 -0.5594
vn 0.3257 0.9455 -0.0014
vn 0.4902 -0.5976 0.6345
vn -0.2570 -0.1099 0.9601
vn -0.3172 0.6921 0.6484
vn 0.4988 0.2766 -0.8214
vn 0.7321 -0.3351 -0.5931
vn -0.8570 -0.4982 -0.1317
vn -0.6981 -0.0746 0.7121
vn 0.1007 -0.2824 -0.9540
vn -0.3146 0.9436 -0.1031
vn 0.8438 -0.5194 -0.1346
vn 0.6837 0.0231 0.7294
vn 0.4240 0.6681 0.6114
vn -0.5930 0.1313 -0.7944
vn -0.2158 -0.2876 -0.9331
vn -0.4591 -0.5311 0.7121
vn 0.2717 -0.0923 0.9580
vn -0.7821 -0.3323 -0.5272
vn 0.3699 -0.9072 -0.2003
vn -0.6546 0.5302 0.5389
vn 0.0811 0.2935 0.9525
vn 0.8905 -0.0396 0.4532
vn 0.0834 -0.3723 -0.9243
vn -0.7416 0.2180 -0.6344
vn 0.6570 0.6919 -0.2994
vn 0.7555 0.5438 0.3654
vn -0.0400 0.4976 -0.8665
vn -0.4593 0.8771 0.1401
vn 0.9277 -0.1867 -0.3234
vn -0.2351 -0.8418 0.4858
vn 0.1581 -0.3546 0.9216
vn -0.5268 -0.6646 -0.5298
vn -0.2699 -0.8562 0.4406
vn -0.3138 0.9194 -0.2372
vn 0.1472 0.7276 0.6701
vn 0.2565 -0.0235 0.9663
vn -0.5693 -0.5675 -0.5948
vn -0.5373 0.0932 -0.8382
vn 0.9610 -0.1754 -0.2136
vn 0.7469 0.1576 0.6460
vn 0.0629 -0.3284 -0.9425
vn 0.2137 -0.9720 -0.0978
vn -0.7795 0.3250 0.5355
vn 0.1755 0.2679 0.9473
vn 0.9107 -0.0699 0.4071
vn 0.1026 -0.3468 -0.9323
vn -0.7763 -0.0375 -0.6293
vn 0.4112 0.8889 -0.2020
vn 0.5488 0.5213 0.6535
vn -0.2255 0.2416 -0.9438
vn -0.4695 0.8685 0.1593
vn 0.8680 -0.0604 -0.4928
vn -0.2221 -0.8337 0.5055
vn 0.1620 -0.3217 0.9329
vn -0.5112 -0.6192 -0.5960
vn 0.2736 0.8519 -0.4466
vn 0.4580 -0.8512 0.2563
vn 0.4696 0.1454 0.8708
vn 0.5842 0.6400 0.4991
vn -0.2008 0.1169 -0.9726
vn -0.2804 -0.5461 -0.7894
vn -0.8434 0.2373 0.4821
vn -0.2174 0.3238 0.9208
vn -0.8364 -0.1114 -0.5367
vn -0.8669 0.4965 0.0451
vn 0.6499 -0.5628 -0.5107
vn 0.2164 0.1215 0.9687
vn -0.0253 0.4620 0.8865
vn -0.4007 -0.1307 -0.9068
vn -0.0733 -0.1691 -0.9829
vn -0.3164 -0.7233 0.6138
vn 0.0293 -0.2083 0.9776
vn -0.4382 -0.5359 -0.7216
vn 0.9773 -0.2100 -0.0290
vn -0.8688 0.0646 0.4909
vn -0.2222 0.1966 0.9550
vn 0.0861 0.1794 0.9800
vn -0.1378 -0.1359 -0.9811
vn -0.7452 -0.1730 -0.6440
vn 0.2409 0.9200 -0.3092
vn 0.2797 0.8882 0.3645
vn -0.2524 0.4492 -0.8570
vn 0.9185 0.1657 0.3591
vn -0.9661 -0.0446 0.2544
vn 0.3755 0.8625 0.3393
vn 0.2343 0.7588 0.6078
vn 0.7221 -0.5809 0.3757
vn -0.1860 -0.8933 0.4092
vn 0.3324 0.5910 -0.7350
vn 0.1280 0.8439 -0.5211
vn 0.5769 -0.7602 -0.2986
vn -0.7265 0.1259 -0.6756
vn 0.8519 0.4498 -0.2684
vn 0.2652 0.8995 -0.3472
vn -0.4180 -0.8065 -0.4182
vn -0.5313 0.1896 0.8257
vn 0.5441 -0.2141 -0.8113
vn 0.6434 -0.3577 0.6768
vn -0.3214 0.9165 0.2380
vn 0.4200 0.7101 0.5652
vn -0.9355 -0.1732 0.3078
vn -0.6224 0.7202 -0.3065
vn 0.7156 -0.6612 -0.2254
vn 0.2982 0.7118 -0.6360
vn -0.9287 0.0440 -0.3681
vn 0.1641 0.6955 0.6996
vn 0.3637 0.0839 -0.9277
vn 0.1655 0.7398 0.6522
vn 0.2911 0.8077 0.5127
vn 0.3014 0.7155 -0.6303
vn 0.6757 -0.6346 -0.3751
vn 0.5586 -0.7909 0.2498
vn -0.8472 0.0377 -0.5300
vn 0.3460 0.8795 -0.3268
vn -0.2196 -0.9019 -0.3720
vn -0.6099 0.5492 -0.5713
vn 0.7425 -0.6148 0.2660
vn 0.2618 0.9056 0.3337
vn 0.3674 0.7359 -0.5687
vn -0.9253 -0.2474 -0.2876
vn -0.4326 -0.8107 0.3945
vn 0.0040 0.7897 0.6135
vn 0.2409 0.7223 0.6483
vn -0.9292 -0.0145 0.3692
vn -0.2496 0.3953 -0.8840
vn 0.7224 0.4371 0.5358
vn -0.7086 0.1646 0.6861
vn 0.6428 -0.3388 -0.6870
vn 0.5239 -0.1655 0.8355
vn -0.3399 0.8999 -0.2733
vn 0.6379 -0.7280 0.2510
vn -0.7152 0.6851 0.1381
vn 0.3493 0.8236 0.4467
vn 0.9237 0.3674 0.1089
vn -0.7156 -0.6341 0.2930
vn -0.2387 -0.8952 0.3764
vn 0.7060 -0.4547 -0.5431
vn 0.8551 0.5179 -0.0239
vn -0.7925 -0.5652 -0.2292
vn -0.6570 0.3516 -0.6669
vn 0.9515 -0.2962 -0.0832
vn 0.1526 0.8944 -0.4204
vn -0.3355 -0.8765 -0.3453
vn -0.6001 0.2681 0.7536
vn 0.7368 -0.0838 0.6709
vn -0.9604 0.2141 0.1785
vn -0.3674 0.9296 0.0291
vn 0.2697 -0.9407 0.2059
vn 0.5712 -0.1466 -0.8076
vn -0.9031 -0.2419 -0.3548
vn 0.9656 0.1249 -0.2280
vn -0.5627 0.8086 -0.1716
vn 0.1191 -0.9399 -0.3200
vn -0.7260 -0.0107 0.6876
vn -0.1034 0.9524 -0.2866
vn 0.6816 -0.7112 0.1721
vn 0.1510 0.5334 0.8322
vn 0.4694 0.8829 -0.0063
vn -0.5751 0.0843 -0.8137
vn -0.4702 -0.8329 -0.2919
vn -0.5009 0.4181 0.7578
vn -0.0603 0.4349 0.8985
vn -0.9607 -0.1614 -0.2257
vn 0.4018 0.6681 -0.6263
vn 0.2824 -0.0378 0.9586
vn 0.2673 0.3694 0.8900
vn 0.3048 0.9512 0.0477
vn 0.6122 -0.2164 -0.7606
vn 0.3886 -0.8185 -0.4231
vn -0.8846 0.3555 -0.3017
vn 0.4237 0.8236 0.3770
vn -0.0879 -0.5042 -0.8591
vn -0.6709 0.7046 0.2310
vn 0.8566 0.0009 -0.5160
vn 0.2465 -0.6610 0.7088
vn -0.1667 0.7463 -0.6443
vn 0.8030 -0.1005 0.5874
vn -0.8111 -0.1538 0.5643
vn 0.6465 -0.7418 -0.1781
vn 0.4227 0.7427 0.5193
vn 0.4694 0.8829 0.0063
vn 0.1510 0.5335 -0.8322
vn -0.4701 -0.8329 0.2920
vn -0.5751 0.0843 0.8137
vn -0.5009 0.4182 -0.7578
vn -0.0604 0.4349 -0.8985
vn -0.9607 -0.1614 0.2256
vn -0.6906 0.5752 0.4385
vn 0.2465 -0.6609 -0.7088
vn 0.8566 0.0009 0.5159
vn 0.4236 0.8236 -0.3772
vn -0.0880 -0.5041 0.8591
vn 0.6266 -0.5363 -0.5654
vn -0.1528 0.7566 0.6357
vn 0.2673 0.3693 -0.8900
vn 0.3886 -0.8185 0.4230
vn -0.8111 -0.1538 -0.5644
vn -0.8806 0.3532 0.3158
vn 0.2824 -0.0376 -0.9586
vn 0.5752 0.7842 0.2326
vn 0.3065 0.9507 -0.0469
vn 0.6126 -0.2141 0.7608
vn -0.8156 0.1971 -0.5440
vn 0.2652 0.8439 -0.4663
vn -0.3591 0.9296 -0.0833
vn -0.0717 0.9805 0.1828
vn 0.0247 -0.4270 -0.9039
vn 0.6147 -0.0314 -0.7881
vn -0.3949 -0.4150 0.8197
vn -0.0499 0.6378 0.7686
vn 0.0941 -0.9422 -0.3217
vn 0.5695 -0.5120 0.6430
vn -0.6428 0.7330 -0.2225
vn 0.2085 0.9721 -0.1076
vn -0.5795 0.0018 -0.8150
vn 0.8022 0.2608 -0.5370
vn 0.0514 0.4538 -0.8896
vn 0.4288 0.4634 0.7755
vn 0.0587 0.4339 0.8991
vn 0.9427 -0.2241 -0.2470
vn -0.6828 -0.6591 0.3151
vn -0.2820 0.9264 -0.2497
vn 0.8793 -0.4617 0.1166
vn -0.5639 0.3553 0.7455
vn -0.1272 0.4586 0.8795
vn -0.8918 -0.3844 -0.2388
vn -0.9154 0.3263 -0.2357
vn 0.8793 -0.4617 -0.1166
vn -0.0499 0.6378 -0.7686
vn -0.1272 0.4586 -0.8795
vn -0.8918 -0.3844 0.2388
vn 0.0941 -0.9422 0.3216
vn 0.1859 0.7636 0.6183
vn 0.2085 0.9721 0.1076
vn -0.5795 0.0019 0.8150
vn -0.8753 0.2786 0.3953
vn 0.5589 -0.4946 -0.6655
vn 0.8022 0.2608 0.5370
vn -0.0717 0.9805 -0.1829
vn 0.0247 -0.4270 0.9039
vn -0.3930 -0.4449 -0.8047
vn 0.2652 0.8440 0.4662
vn -0.3591 0.9296 0.0833
vn 0.6147 -0.0314 0.7882
vn -0.8121 0.1656 0.5595
vn 0.0444 0.9669 0.2511
vn -0.6828 -0.6591 -0.3152
vn 0.4287 0.4634 -0.7755
vn 0.0587 0.4339 -0.8991
vn 0.9427 -0.2241 0.2470
vn -0.0019 0.0694 -0.9976
vn -0.0244 0.8278 0.5605
vn -0.1668 0.7062 0.6881
vn -0.2200 0.7854 -0.5785
vn 0.9309 -0.2809 -0.2335
vn 0.9364 -0.0662 0.3447
vn -0.7490 -0.4341 0.5005
vn -0.0530 0.9473 0.3160
vn 0.1924 -0.9007 0.3895
vn -0.5155 0.2382 0.8231
vn -0.7236 -0.1983 -0.6611
vn -0.1108 0.9280 -0.3556
vn -0.0444 -0.8989 -0.4359
vn 0.2484 0.8185 -0.5181
vn -0.7266 0.3221 0.6069
vn 0.6331 -0.0122 -0.7740
vn 0.1544 0.7866 0.5979
vn -0.8473 -0.4229 0.3213
vn 0.7401 -0.0965 0.6655
vn 0.9019 -0.3906 -0.1843
vn -0.0636 0.7515 0.6567
vn -0.1784 0.7846 -0.5937
vn 0.0557 0.7551 -0.6533
vn -0.9028 -0.2396 -0.3572
vn 0.6232 -0.7660 -0.1578
vn -0.1161 0.6122 0.7821
vn 0.4592 0.7438 0.4857
vn 0.8532 0.4000 -0.3348
vn -0.4763 -0.8078 -0.3472
vn -0.9126 -0.2140 0.3484
vn -0.1881 0.7014 -0.6874
vn 0.3388 0.7736 -0.5355
vn -0.9140 -0.0458 -0.4032
vn -0.6444 0.6753 0.3587
vn 0.4157 -0.4248 -0.8042
vn 0.4828 -0.5199 0.7047
vn 0.8785 0.2478 0.4084
vn -0.3272 -0.8536 0.4053
vn -0.8691 -0.1237 -0.4790
vn 0.9860 0.0633 0.1541
vn 0.1824 0.8855 0.4274
vn -0.3130 0.9477 -0.0623
vn 0.1778 -0.9535 -0.2433
vn -0.3289 -0.8691 0.3695
vn -0.8256 0.1667 0.5391
vn -0.4731 0.8668 0.1576
vn 0.0593 -0.9472 0.3151
vn -0.9666 -0.0236 0.2553
vn 0.7216 -0.1150 -0.6827
vn 0.3457 0.8317 -0.4345
vn -0.2333 -0.8959 -0.3782
vn 0.6107 -0.1451 0.7785
vn -0.6002 0.2445 -0.7615
vn 0.9688 -0.2359 0.0759
vn 0.8069 0.5887 0.0486
vn -0.7142 -0.6559 0.2441
vn -0.6597 0.3186 0.6807
vn 0.6729 -0.6139 0.4126
vn -0.7682 0.6270 -0.1297
vn 0.7995 -0.3397 -0.4953
vn 0.8834 0.4505 -0.1289
vn -0.6320 -0.7136 -0.3022
vn 0.0517 0.9551 -0.2918
vn 0.5610 -0.5469 -0.6214
vn 0.6996 -0.3198 -0.6390
vn 0.8480 -0.4168 -0.3274
vn -0.8952 0.2220 -0.3864
vn -0.6495 -0.6629 -0.3725
vn 0.6017 -0.3374 0.7239
vn 0.8027 -0.2347 0.5483
vn -0.8234 -0.4961 0.2754
vn 0.2311 0.4740 -0.8496
vn 0.4139 -0.8579 0.3044
vn 0.1889 0.7030 0.6856
vn 0.8952 -0.2922 0.3364
vn -0.7974 0.4573 0.3937
vn 0.6269 0.7675 0.1340
vn -0.3506 -0.6359 -0.6876
vn 0.7488 -0.3840 -0.5402
vn -0.2664 0.9183 -0.2928
vn -0.1832 -0.5119 0.8393
vn 0.5560 0.5738 -0.6013
vn -0.6219 -0.7377 0.2627
vn 0.7724 0.0500 0.6332
vn 0.7409 -0.2496 0.6236
vn -0.0340 0.9254 0.3774
vn 0.6159 0.6248 -0.4799
vn -0.6377 -0.7556 0.1498
vn 0.9149 -0.3038 0.2658
vn 0.7362 -0.3443 -0.5826
vn -0.2008 0.9173 -0.3438
vn -0.8904 0.3021 0.3404
vn 0.7771 0.0412 0.6281
vn 0.7381 -0.2459 0.6283
vn -0.0327 0.9265 0.3748
vn 0.5875 0.7686 0.2531
vn -0.3397 -0.6445 -0.6850
vn 0.8479 -0.3099 -0.4302
vn -0.8342 0.3062 -0.4587
vn -0.2528 -0.5746 0.7784
vn 0.0055 -0.5462 -0.8376
vn 0.3929 0.2708 0.8788
vn 0.8043 -0.2691 -0.5298
vn -0.7762 -0.5813 -0.2441
vn 0.1605 0.7118 -0.6838
vn 0.0211 0.8552 0.5179
vn 0.7615 -0.1541 -0.6296
vn 0.6019 -0.5094 0.6151
vn 0.7091 -0.2825 0.6460
vn -0.6121 -0.6990 0.3698
vn 0.5894 -0.8078 0.0005
vn -0.2808 0.5523 0.7849
vn 0.8681 0.2491 0.4293
vn 0.9034 0.4288 -0.0000
vn -0.5718 -0.8204 -0.0000
vn -0.7834 -0.4158 0.4619
vn -0.2808 0.5524 -0.7849
vn 0.8733 0.3314 -0.3569
vn -0.8516 -0.3221 -0.4135
vn 0.1849 -0.6986 0.6912
vn -0.0825 0.9781 0.1913
vn 0.9039 -0.2165 0.3688
vn -0.9110 0.0441 0.4100
vn 0.1954 -0.5465 -0.8143
vn 0.0448 0.7179 -0.6947
vn 0.1109 -0.9752 -0.1913
vn 0.9191 -0.0873 -0.3842
vn -0.8779 0.2296 -0.4201
vn 0.0815 0.5730 0.8155
vn -0.1824 -0.6937 0.6968
vn 0.3860 0.9101 0.1504
vn 0.7195 -0.5794 0.3829
vn -0.7911 0.4489 0.4155
vn -0.1250 -0.5931 -0.7954
vn 0.3605 0.6170 -0.6996
vn -0.3712 -0.9163 -0.1504
vn 0.7881 -0.4720 -0.3950
vn -0.6997 0.5864 -0.4081
vn 0.3285 0.5079 0.7964
vn -0.4562 -0.5528 0.6973
vn 0.7602 -0.4972 0.4181
vn -0.8414 0.3770 0.3873
vn -0.3934 -0.4662 -0.7924
vn 0.4190 0.5892 -0.6909
vn -0.6204 -0.7719 -0.1387
vn 0.8544 -0.3202 -0.4092
vn -0.7979 0.4916 -0.3487
vn 0.3521 0.5045 0.7883
vn -0.2576 -0.6850 0.6815
vn 0.5558 0.8222 0.1232
vn 0.9983 0.0316 -0.0486
vn -0.9790 -0.0560 0.1959
vn -0.2720 -0.5132 -0.8140
vn 0.0799 0.9641 -0.2533
vn -0.1366 -0.9653 -0.2223
vn 0.9597 0.2550 -0.1182
vn -0.9513 0.0807 -0.2974
vn 0.2572 0.7620 0.5943
vn 0.9557 0.0983 -0.2774
vn -0.6947 -0.7151 0.0776
vn 0.5413 -0.1988 0.8170
vn 0.8864 -0.4617 -0.0351
vn 0.1646 0.5404 -0.8252
vn -0.8978 0.2838 -0.3367
vn 0.4419 0.5177 0.7326
vn 0.4616 0.0506 0.8856
vn -0.1526 0.9558 -0.2514
vn 0.6703 0.6964 0.2565
vn 0.0429 -0.8603 -0.5080
vn 0.9189 -0.3082 0.2463
vn -0.3974 0.1290 -0.9085
vn -0.7046 -0.3347 0.6257
vn 0.1152 -0.8161 -0.5664
vn -0.3144 0.4836 0.8169
vn 0.9838 -0.1727 0.0479
vn -0.3916 -0.4518 -0.8016
vn 0.5860 0.6168 -0.5255
vn -0.2554 0.9159 0.3098
vn 0.8172 0.1003 -0.5675
vn 0.0626 -0.6776 0.7327
vn 0.3555 -0.3166 0.8794
vn -0.7088 -0.6545 -0.2632
vn -0.3074 0.4886 -0.8165
vn 0.5599 -0.7443 0.3640
vn 0.9838 -0.1727 -0.0479
vn 0.5413 -0.1988 -0.8170
vn -0.8978 0.2838 0.3367
vn -0.3916 -0.4518 0.8016
vn 0.5860 0.6168 0.5255
vn 0.9189 -0.3082 -0.2463
vn -0.3974 0.1289 0.9085
vn 0.5596 0.7488 0.3550
vn -0.7046 -0.3347 -0.6257
vn 0.8864 -0.4616 0.0352
vn 0.1647 0.5403 0.8252
vn 0.0429 -0.8603 0.5079
vn 0.7798 -0.4684 0.4153
vn -0.2563 0.9138 -0.3151
vn 0.0626 -0.6776 -0.7328
vn 0.3555 -0.3165 -0.8795
vn -0.7088 -0.6544 0.2633
vn -0.6926 -0.7165 -0.0831
vn 0.7678 -0.3499 0.5367
vn 0.4420 0.5176 -0.7326
vn 0.4616 0.0507 -0.8856
vn -0.1526 0.9558 0.2513
vn -0.5098 0.7755 0.3724
vn 0.7810 0.3587 -0.5112
vn 0.9996 0.0168 0.0245
vn 0.5730 -0.0222 0.8192
vn -0.9599 -0.0434 -0.2769
vn -0.2986 -0.6018 -0.7407
vn 0.2181 -0.6123 0.7599
vn 0.4125 -0.2112 0.8862
vn -0.5445 -0.8133 -0.2049
vn 0.3371 -0.6792 -0.6520
vn -0.3665 0.2989 0.8811
vn 0.3800 0.7546 -0.5350
vn 0.9785 -0.0137 0.2059
vn -0.4479 -0.0026 -0.8941
vn -0.5128 -0.6147 0.5993
vn 0.3373 0.9414 -0.0074
vn 0.8053 -0.5482 0.2256
vn -0.3984 0.2315 -0.8875
vn 0.3379 -0.7691 -0.5426
vn 0.6816 0.4688 -0.5618
vn -0.2961 -0.9546 0.0339
vn 0.0100 0.7637 0.6455
vn 0.4861 -0.0550 0.8722
vn -0.6755 0.7074 -0.2080
vn -0.6645 -0.1227 0.7371
vn 0.6524 0.3015 -0.6954
vn 0.9772 -0.1114 0.1806
vn 0.1948 0.7622 -0.6173
vn -0.0927 -0.8488 -0.5206
vn 0.8264 -0.3228 0.4613
vn -0.5054 0.7762 -0.3769
vn 0.5730 -0.0222 -0.8192
vn 0.9996 0.0168 -0.0245
vn -0.2987 -0.6019 0.7406
vn -0.9599 -0.0434 0.2769
vn 0.2181 -0.6123 -0.7599
vn 0.4125 -0.2112 -0.8861
vn -0.5445 -0.8133 0.2049
vn -0.3694 0.3071 -0.8770
vn 0.7835 -0.4959 0.3744
vn 0.3800 0.7546 0.5350
vn 0.9785 -0.0137 -0.2059
vn -0.4479 -0.0026 0.8941
vn 0.3118 -0.7787 0.5444
vn 0.3370 0.9415 0.0073
vn 0.8053 -0.5482 -0.2256
vn -0.3984 0.2315 0.8875
vn -0.5060 -0.6169 -0.6029
vn -0.0139 0.8723 -0.4888
vn -0.2960 -0.9546 -0.0338
vn 0.4861 -0.0550 -0.8722
vn -0.6755 0.7074 0.2080
vn 0.7111 0.4288 0.5572
vn 0.5877 0.8015 0.1108
vn -0.4925 -0.1570 -0.8560
vn 0.9772 -0.1114 -0.1807
vn 0.1948 0.7622 0.6174
vn -0.0927 -0.8488 0.5206
vn 0.1471 -0.4775 -0.8663
vn -0.3419 -0.5859 0.7347
vn 0.8079 -0.4024 0.4305
vn 0.2374 -0.0158 0.9713
vn -0.2282 -0.0593 -0.9718
vn -0.4567 0.0431 -0.8886
vn 0.8327 0.3281 0.4462
vn 0.3393 0.9392 -0.0531
vn -0.0422 0.1579 -0.9865
vn -0.1176 0.9917 -0.0516
vn 0.4012 -0.4521 -0.7966
vn 0.2374 -0.0159 -0.9713
vn 0.8079 -0.4024 -0.4305
vn -0.4567 0.0431 0.8886
vn -0.2282 -0.0593 0.9718
vn 0.8326 0.3282 -0.4462
vn 0.3393 0.9392 0.0531
vn -0.0422 0.1579 0.9865
vn -0.1870 -0.8628 -0.4697
vn 0.6312 0.6473 0.4274
vn 0.7806 0.5631 -0.2714
vn 0.5968 0.0714 -0.7992
vn -0.5923 -0.2988 0.7482
vn -0.3644 0.0218 0.9310
vn -0.4780 0.5907 -0.6501
vn 0.3979 0.3924 -0.8293
vn -0.8954 0.0636 0.4406
vn 0.3054 0.7846 -0.5396
vn 0.1685 -0.8637 0.4750
vn 0.5968 0.0714 0.7992
vn 0.7806 0.5631 0.2714
vn -0.3644 0.0218 -0.9310
vn -0.5923 -0.2988 -0.7482
vn -0.4780 0.5907 0.6501
vn 0.3979 0.3924 0.8292
vn -0.8955 0.0636 -0.4406
vn -0.6506 -0.5772 -0.4935
vn 0.6465 -0.5877 0.4864
vn 0.6696 -0.3836 0.6360
vn 0.8325 -0.4561 -0.3146
vn -0.7344 0.5735 -0.3630
vn 0.0016 0.9745 0.2244
vn 0.7831 -0.3155 -0.5359
vn 0.6069 -0.3109 -0.7315
vn 0.1900 0.9203 -0.3420
vn -0.1849 0.8000 0.5709
vn 0.8262 0.0874 -0.5566
vn 0.8191 -0.1148 -0.5620
vn 0.9371 -0.0457 0.3459
vn -0.9251 -0.0584 0.3752
vn -0.5906 -0.7632 -0.2622
vn 0.7148 -0.3414 0.6104
vn 0.7415 -0.1199 0.6602
vn -0.4357 -0.8206 0.3698
vn 0.2984 0.3167 0.9004
vn 0.0206 -0.4910 -0.8709
vn -0.4341 -0.5907 0.6802
vn 0.7703 -0.4943 0.4029
vn -0.7970 0.4199 0.4342
vn 0.1154 -0.4570 -0.8820
vn 0.3918 0.3139 0.8648
vn -0.0415 0.7227 -0.6899
vn 0.9131 0.0031 -0.4078
vn -0.8964 0.0744 -0.4369
vn 0.2985 0.6533 -0.6957
vn -0.2690 -0.9608 -0.0677
vn 0.2913 0.6036 0.7422
vn -0.0908 -0.7114 0.6969
vn 0.2760 0.9588 0.0678
vn -0.0712 -0.6654 -0.7430
vn -0.2710 0.9590 -0.0828
vn 0.4984 -0.5322 -0.6843
vn 0.8370 -0.1206 -0.5338
vn 0.9122 0.0053 -0.4097
vn -0.8929 -0.1025 -0.4385
vn -0.5232 -0.7525 -0.4000
vn 0.4839 -0.4710 0.7375
vn 0.8628 -0.0455 0.5035
vn -0.6127 -0.6924 0.3811
vn -0.0785 0.6519 -0.7543
vn 0.4890 -0.8678 0.0885
vn -0.0967 0.7085 0.6991
vn 0.9172 0.1199 0.3800
vn -0.9125 0.0486 0.4062
vn 0.1103 0.9777 -0.1785
vn -0.0195 -0.7121 -0.7018
vn 0.9422 0.1085 -0.3169
vn -0.8520 0.4047 -0.3321
vn 0.0021 -0.5732 0.8194
vn 0.1119 0.5617 -0.8197
vn -0.0973 -0.9785 0.1819
vn 0.1216 0.6987 0.7050
vn 0.8731 0.2677 0.4075
vn -0.7382 0.5391 0.4056
vn 0.6381 0.7551 -0.1504
vn -0.3525 -0.7503 -0.5593
vn 0.4129 -0.8942 -0.1731
vn 0.8110 -0.4021 -0.4248
vn -0.8859 0.2775 -0.3717
vn -0.7412 0.5890 -0.3220
vn -0.3449 -0.6752 0.6520
vn 0.5712 -0.8168 0.0816
vn -0.6784 0.6901 0.2521
vn -0.0374 0.9017 -0.4307
vn -0.0053 -0.9895 0.1446
vn 0.8722 -0.2371 0.4277
vn 0.9727 0.2291 -0.0372
vn -0.9616 -0.1357 -0.2385
vn -0.8481 0.3761 0.3732
vn 0.2524 0.8295 0.4982
vn 0.9114 0.3898 0.1317
vn -0.9524 -0.0264 0.3036
vn 0.2582 0.5690 -0.7807
vn -0.3190 -0.9413 0.1106
vn 0.3456 0.6398 0.6864
vn -0.1871 -0.6061 0.7731
vn 0.4315 0.8983 -0.0833
vn -0.1657 -0.7111 -0.6833
vn -0.9213 -0.1597 0.3546
vn 0.8810 -0.4455 -0.1595
vn 0.2009 -0.2621 -0.9439
vn -0.6325 -0.4892 -0.6004
vn -0.1870 0.2776 0.9423
vn 0.5503 0.5885 0.5922
vn -0.3360 0.8456 -0.4147
vn -0.4039 0.1178 -0.9072
vn 0.0512 0.8656 0.4981
vn 0.9205 0.2348 -0.3122
vn -0.9352 0.3511 -0.0451
vn 0.4295 -0.8775 0.2134
vn 0.1351 -0.8185 -0.5584
vn 0.3341 -0.0479 0.9413
vn -0.8656 -0.4626 0.1914
vn 0.9601 -0.0329 -0.2777
vn 0.1304 0.1640 -0.9778
vn -0.3186 -0.5560 -0.7677
vn -0.2704 0.1222 0.9549
vn -0.0928 0.5901 0.8020
vn -0.5965 0.6239 -0.5049
vn -0.2695 -0.0970 -0.9581
vn -0.2380 0.7426 0.6260
vn -0.9901 0.1388 -0.0194
vn 0.5219 0.2396 0.8186
vn 0.1062 -0.0083 -0.9943
vn -0.0990 -0.0241 0.9948
vn 0.1480 0.8341 -0.5313
vn 0.6682 -0.7406 0.0704
vn -0.0139 0.8710 -0.4910
vn -0.3366 0.1262 -0.9332
vn -0.2196 -0.7722 -0.5962
vn 0.3409 -0.0502 0.9388
vn 0.3733 0.7651 0.5246
vn -0.9580 0.1006 0.2686
vn -0.7781 -0.2292 -0.5849
vn -0.1102 0.3489 0.9307
vn -0.6402 0.7614 -0.1026
vn 0.1203 -0.9340 0.3363
vn 0.9039 0.0182 -0.4274
vn 0.2585 -0.3279 -0.9087
vn 0.7903 0.3813 0.4795
vn 0.2436 -0.9635 0.1109
vn 0.3835 0.7274 -0.5691
vn -0.2464 0.2205 -0.9438
vn -0.4963 -0.5816 -0.6445
vn 0.2874 -0.1286 0.9491
vn 0.7112 0.4024 0.5765
vn -0.7896 0.5968 0.1423
vn -0.6925 0.1489 -0.7059
vn 0.1396 0.2761 0.9509
vn -0.1713 0.9636 -0.2050
vn -0.2931 -0.9087 0.2971
vn 0.8148 -0.3641 -0.4512
vn 0.0744 -0.4065 -0.9106
vn 0.8586 0.0526 0.5099
vn 0.2218 -0.9649 0.1407
vn 0.4509 0.7332 -0.5090
vn -0.1708 0.3435 -0.9235
vn -0.3941 -0.3666 -0.8428
vn 0.5131 -0.0930 0.8533
vn 0.7488 0.4400 0.4957
vn -0.7484 0.6317 0.2022
vn -0.7218 0.2098 -0.6595
vn 0.1403 0.3148 0.9387
vn -0.2189 0.9704 -0.1020
vn -0.7384 -0.6106 0.2863
vn -0.8015 -0.5192 -0.2967
vn -0.4539 -0.2477 -0.8560
vn 0.5073 0.0403 0.8608
vn 0.0167 -0.5084 0.8610
vn 0.5365 -0.6380 -0.5524
vn 0.0248 -0.3738 -0.9272
vn 0.7599 -0.3540 0.5452
vn 0.1760 0.9832 0.0493
vn -0.7850 -0.5691 0.2446
vn -0.7617 -0.1791 -0.6227
vn -0.6958 0.5046 -0.5110
vn 0.2105 0.2051 0.9558
vn 0.1026 -0.3229 0.9409
vn 0.4725 -0.6932 -0.5443
vn -0.2991 -0.1784 -0.9374
vn 0.7204 -0.3595 0.5931
vn -0.5252 0.7073 0.4732
vn -0.2244 -0.9544 -0.1967
vn 0.7270 0.5847 -0.3599
vn -0.0640 0.4402 -0.8956
vn 0.8286 0.1659 0.5347
vn 0.3293 0.9442 -0.0005
vn -0.6326 -0.6051 -0.4834
vn -0.0370 -0.3888 -0.9206
vn 0.5072 -0.1947 -0.8395
vn -0.5233 0.1024 0.8459
vn -0.7952 -0.2940 0.5303
vn 0.6527 -0.7029 0.2827
vn 0.7833 -0.4749 -0.4010
vn -0.0778 -0.3769 0.9230
vn -0.4398 0.8310 -0.3406
vn -0.1678 -0.9780 -0.1241
vn 0.4307 -0.4037 -0.8072
vn 0.1970 0.3152 -0.9284
vn -0.7833 0.3478 0.5152
vn -0.5179 -0.1223 0.8467
vn 0.7660 0.6087 0.2068
vn 0.7210 0.1901 -0.6663
vn -0.1547 0.2879 0.9451
vn -0.3233 -0.9463 0.0001
vn -0.3103 0.0332 0.9500
vn 0.9158 0.4016 0.0002
vn -0.1674 -0.9859 -0.0002
vn -0.0960 -0.5658 -0.8189
vn -0.0961 -0.5657 0.8190
vn 0.1980 0.9802 0.0003
vn -0.0189 0.9998 -0.0000
vn -0.2115 -0.9774 0.0001
vn 0.9817 0.1883 0.0281
vn -0.6613 0.5605 -0.4985
vn -0.0215 -0.1557 -0.9876
vn 0.2901 -0.6802 -0.6732
vn -0.0658 0.7577 0.6493
vn -0.0541 0.9322 0.3580
vn -0.5709 -0.6774 0.4639
vn 0.0627 -0.8531 -0.5179
vn 0.0555 0.3394 0.9390
vn 0.7523 0.5281 -0.3939
vn -0.9780 0.2025 -0.0499
vn 0.0619 -0.8208 -0.5679
vn -0.1090 0.2496 0.9622
vn 0.5562 -0.7426 0.3732
vn -0.7287 -0.5127 0.4540
vn 0.9826 -0.1764 -0.0578
vn -0.6457 0.6144 -0.4535
vn 0.0020 -0.2005 -0.9797
vn -0.1061 0.8738 0.4745
vn -0.9661 -0.2533 -0.0500
vn 0.7075 -0.5008 0.4986
vn -0.0302 -0.1895 -0.9814
vn 0.0578 0.7056 0.7063
vn 0.4767 0.7835 -0.3986
vn 0.9682 0.2463 0.0435
vn -0.5998 0.6259 -0.4985
vn -0.6486 -0.6577 0.3831
vn -0.1240 -0.8021 -0.5841
vn 0.0424 0.1410 0.9891
vn 0.8191 0.4345 -0.3744
vn -0.8213 0.5363 0.1945
vn -0.7662 -0.2154 -0.6054
vn 0.2914 0.0434 0.9556
vn 0.2851 -0.8628 0.4176
vn 0.8333 -0.5363 -0.1340
vn 0.2235 0.9262 -0.3037
vn -0.1341 -0.0118 -0.9909
vn 0.8459 0.1185 0.5199
vn -0.7673 0.0836 0.6358
vn 0.1807 0.9775 -0.1090
vn -0.5253 -0.7514 0.3993
vn -0.7928 0.4134 -0.4478
vn 0.2406 -0.0925 0.9662
vn 0.6050 -0.6572 -0.4494
vn -0.3016 0.8337 0.4626
vn 0.7620 0.4907 -0.4226
vn -0.1953 0.0906 -0.9766
vn 0.8078 -0.3948 0.4377
vn 0.6542 0.7560 -0.0230
vn -0.8353 -0.2698 0.4791
vn -0.1342 0.1440 -0.9804
vn 0.4224 -0.7756 0.4691
vn 0.1077 -0.8903 -0.4424
vn -0.6549 -0.7553 0.0254
vn 0.8977 0.0016 -0.4405
vn 0.1740 0.8797 0.4425
vn -0.3846 0.7772 -0.4979
vn 0.1889 -0.2231 0.9563
vn 0.9965 0.0457 -0.0703
vn -0.7853 0.3521 0.5093
vn -0.0285 0.2093 -0.9774
vn -0.3152 -0.7992 0.5117
vn -0.4652 -0.7812 -0.4164
vn -0.9952 -0.0415 0.0883
vn 0.5687 -0.6911 -0.4462
vn 0.7555 0.4892 0.4358
vn 0.3010 0.8136 -0.4974
vn -0.0472 -0.2543 0.9660
vn 0.6710 -0.7402 -0.0419
vn -0.2809 0.8347 0.4737
vn 0.1949 0.0257 -0.9805
vn -0.8005 -0.2844 0.5276
vn -0.9050 -0.1258 -0.4063
vn -0.6686 0.7418 0.0519
vn -0.1713 -0.8901 -0.4223
vn 0.8438 -0.3228 0.4287
vn 0.8389 0.2741 -0.4702
vn -0.2032 -0.0641 0.9770
vn -0.6938 0.5576 -0.4558
vn -0.0408 -0.9966 0.0713
vn 0.8067 -0.3475 -0.4781
vn -0.2273 0.1784 0.9573
vn 0.4795 0.7618 0.4356
vn 0.0321 0.9972 -0.0672
vn -0.7584 -0.4971 -0.4215
vn 0.1671 -0.1459 -0.9751
vn -0.8028 0.3759 0.4628
vn 0.3730 -0.7747 0.5105
vn -0.6461 -0.7630 -0.0175
vn 0.8593 0.2435 0.4498
vn 0.7309 -0.5046 -0.4594
vn -0.2111 0.1369 0.9678
vn -0.0779 0.8818 -0.4651
vn 0.6426 0.7660 0.0169
vn -0.8708 -0.1948 -0.4513
vn 0.1940 -0.1247 -0.9730
vn -0.7478 0.5202 0.4125
vn 0.0367 -0.8820 0.4698
vn -0.4486 -0.8918 -0.0589
vn 0.8410 0.2869 0.4586
vn 0.3032 -0.0661 -0.9506
vn -0.8713 0.1254 0.4745
vn -0.1316 0.8794 -0.4576
vn 0.4534 0.8898 0.0516
vn -0.7384 -0.4467 -0.5053
vn 0.3100 -0.8496 0.4267
vn 0.9002 -0.1335 -0.4145
vn -0.2059 0.0432 0.9776
vn -0.5402 0.6789 -0.4973
vn 0.1798 -0.9826 0.0468
vn 0.8033 0.2036 -0.5597
vn -0.3439 -0.1036 0.9333
vn 0.5841 0.6693 0.4593
vn 0.7271 -0.4755 0.4952
vn -0.1494 0.9863 -0.0699
vn -0.3602 -0.8661 -0.3467
vn 0.1152 0.0517 -0.9920
vn -0.8954 -0.2360 0.3776
vn 0.2804 -0.9521 -0.1222
vn 0.3993 0.7826 0.4775
vn 0.3009 -0.0690 -0.9511
vn -0.7455 -0.5718 0.3425
vn -0.8322 0.3204 -0.4525
vn -0.3526 0.9355 0.0200
vn -0.5050 -0.5583 -0.6583
vn 0.7922 -0.4703 0.3888
vn 0.8425 0.0893 -0.5313
vn -0.3329 -0.4196 0.8445
vn -0.1210 -0.9926 -0.0000
vn -0.7802 -0.5324 0.3283
vn 0.9988 0.0004 0.0497
vn 0.3079 -0.7055 -0.6383
vn -0.2929 -0.7142 -0.6357
vn -0.0095 0.0648 0.9979
vn -0.0706 0.0446 0.9965
vn -0.5486 0.7651 -0.3371
vn 0.0456 -0.0530 -0.9976
vn 0.2963 0.6933 0.6569
vn -0.9990 0.0090 -0.0436
vn 0.8047 -0.4640 0.3703
vn 0.5025 0.8053 -0.3146
vn 0.0699 -0.0005 -0.9976
vn -0.3071 0.6987 0.6461
vn -0.6638 0.7472 -0.0329
vn 0.2157 -0.9075 0.3605
vn -0.0480 0.0278 -0.9985
vn 0.6881 0.2660 0.6751
vn 0.9376 0.1540 -0.3116
vn 0.7081 0.7049 0.0415
vn -0.9329 0.1316 -0.3352
vn 0.6932 -0.2680 -0.6691
vn -0.1109 0.0408 0.9930
vn -0.1694 -0.9267 0.3355
vn 0.6783 -0.7344 0.0214
vn 0.2190 0.9191 -0.3276
vn -0.9032 0.2792 0.3261
vn -0.7392 -0.2614 -0.6207
vn 0.0216 0.0001 0.9998
vn -0.1933 0.9297 -0.3135
vn -0.7058 -0.7071 -0.0430
vn 0.0117 -0.0016 -0.9999
vn -0.7330 0.2829 0.6186
vn 0.9055 0.2219 0.3617
vn 0.7639 -0.5566 -0.3266
vn 0.0046 0.9990 0.0454
vn -0.6928 0.2780 -0.6654
vn 0.1082 -0.0571 0.9925
vn -0.5453 -0.7668 0.3385
vn 0.5420 -0.7580 0.3628
vn -0.0627 0.9974 -0.0354
vn 0.0264 0.0012 -0.9996
vn -0.6725 -0.3155 0.6695
vn -0.7547 -0.5823 -0.3023
vn -0.5129 0.7718 0.3757
vn -0.0040 -0.9988 -0.0492
vn 0.7917 0.5273 -0.3085
vn -0.0140 0.0042 -0.9999
vn 0.7286 -0.3079 0.6119
vn -0.8077 0.4936 -0.3223
vn 0.0639 -0.9974 0.0325
vn 0.4658 0.8227 0.3260
vn 0.7066 0.3283 -0.6268
vn -0.0230 -0.0069 0.9997
vn 0.6935 0.7198 -0.0305
vn -0.9067 -0.2142 0.3634
vn -0.0181 0.0372 -0.9991
vn 0.3475 -0.6660 0.6600
vn 0.1832 -0.9313 -0.3149
vn -0.7316 0.6813 0.0234
vn -0.1343 -0.9371 -0.3221
vn 0.2141 0.7140 -0.6666
vn -0.0348 -0.1048 0.9939
vn 0.9290 -0.1813 0.3227
vn 0.1490 0.9285 0.3401
vn -0.6897 -0.7234 0.0322
vn -0.3637 0.7053 -0.6085
vn 0.0152 -0.0246 0.9996
vn 0.9357 -0.1133 -0.3341
vn -0.4313 -0.8395 -0.3304
vn 0.9866 0.1564 0.0467
vn -0.8532 0.4027 0.3315
vn 0.7282 -0.6847 -0.0304
vn -0.2704 0.8937 0.3579
vn -0.9246 -0.2223 -0.3094
vn 0.0015 0.0194 -0.9998
vn -0.2288 -0.7423 0.6298
vn 0.7159 0.5980 0.3605
vn -0.9878 -0.1497 -0.0417
vn 0.6288 -0.7106 -0.3155
vn -0.1129 0.9905 -0.0785
vn -0.4828 -0.8012 -0.3536
vn 0.1412 0.0004 -0.9900
vn 0.1824 -0.0714 -0.9806
vn -0.6731 0.2600 0.6923
vn -0.6843 -0.3407 0.6447
vn 0.8121 -0.4575 0.3623
vn 0.6863 0.3535 -0.6356
vn -0.0907 0.0802 0.9926
vn -0.5643 0.7141 -0.4142
vn 0.1083 -0.9915 0.0718
vn 0.7672 0.5597 0.3133
vn 0.7390 -0.2897 -0.6083
vn -0.0331 0.0060 0.9994
vn -0.9066 0.1518 -0.3938
vn 0.7901 -0.6089 0.0701
vn 0.2631 0.7176 -0.6449
vn -0.0098 -0.0569 0.9983
vn 0.1293 0.9350 0.3301
vn 0.7480 0.6617 0.0518
vn -0.8981 -0.1527 -0.4124
vn 0.2884 -0.7311 -0.6183
vn -0.1097 0.0021 0.9940
vn 0.1754 -0.9332 0.3138
vn 0.8936 0.2865 0.3455
vn -0.7883 0.6110 -0.0732
vn 0.2832 -0.8912 -0.3543
vn 0.0239 0.0714 -0.9972
vn -0.2687 -0.7484 0.6064
vn -0.7540 -0.6525 -0.0756
vn 0.9117 -0.1877 0.3656
vn 0.1867 0.9145 -0.3589
vn 0.1152 -0.1044 -0.9878
vn -0.2782 0.7129 0.6438
vn -0.8008 -0.4982 -0.3323
vn 0.9956 -0.0564 -0.0751
vn -0.1038 0.0804 -0.9913
vn 0.2786 -0.7140 0.6423
vn -0.5010 0.7843 0.3658
vn 0.9968 -0.0528 0.0603
vn -0.7649 0.4872 -0.4213
vn -0.2563 -0.7174 -0.6478
vn 0.0186 0.0618 0.9979
vn -0.5133 -0.7881 0.3398
vn 0.7607 -0.5062 -0.4063
vn 0.5173 0.7968 0.3123
vn -0.2805 0.7133 -0.6423
vn 0.1060 -0.0096 0.9943
vn -0.9961 0.0481 0.0740
vn -0.9945 0.0684 -0.0788
vn 0.5000 -0.7865 0.3625
vn 0.7876 0.5071 -0.3501
vn -0.0241 -0.0631 -0.9977
vn 0.2644 0.7550 0.6001
vn -0.1992 -0.9203 -0.3366
vn 0.7582 0.6482 -0.0705
vn -0.1767 0.0719 -0.9816
vn 0.6771 -0.2435 0.6944
vn -0.9114 0.2150 0.3508
vn -0.8856 -0.3000 0.3545
vn 0.8061 -0.5871 -0.0743
vn -0.1390 -0.0068 -0.9903
vn 0.6662 0.3788 0.6424
vn -0.2953 0.8890 -0.3501
vn -0.7627 -0.6431 0.0689
vn 0.9012 0.1517 -0.4059
vn -0.1680 0.9358 0.3100
vn -0.7402 0.2723 -0.6148
vn 0.0315 -0.0209 0.9993
vn 0.9106 -0.1125 -0.3977
vn -0.8068 0.5871 0.0654
vn -0.0945 -0.9384 0.3323
vn -0.6712 -0.3897 -0.6305
vn 0.0898 -0.0696 0.9935
vn 0.5844 -0.6946 -0.4196
vn -0.1747 0.9816 0.0778
vn -0.7413 -0.5923 0.3157
vn -0.8427 0.4051 0.3547
vn 0.1786 -0.9808 -0.0789
vn 0.4374 0.8278 -0.3513
vn 0.3886 0.9214 0.0058
vn -0.9750 0.2221 -0.0106
vn -0.5614 0.1068 -0.8206
vn 0.2867 0.0336 -0.9574
vn 0.2877 0.0306 0.9572
vn -0.5661 0.0950 0.8189
vn 0.2262 -0.9740 0.0081
vn -0.3356 -0.2508 -0.9080
vn -0.3373 -0.2551 0.9062
vn -0.6263 -0.7795 0.0036
vn 0.8486 0.5290 -0.0052
vn -0.6492 0.7606 0.0033
vn -0.4288 0.1974 -0.8816
vn -0.4321 0.1788 0.8839
vn -0.1982 0.9802 0.0022
vn -0.5104 -0.8599 -0.0036
vn 0.4720 0.1147 -0.8741
vn 0.4682 0.0969 0.8783
vn 0.8964 -0.4431 -0.0092
vn 0.2184 -0.9758 0.0080
vn 0.8551 0.5184 -0.0063
vn -0.5697 0.8218 -0.0015
vn -0.3882 0.0237 -0.9213
vn -0.3912 0.0102 0.9202
vn 0.3615 -0.9324 -0.0022
vn 0.4535 0.8913 -0.0054
vn 0.2650 0.1790 -0.9475
vn 0.2637 0.1770 0.9482
vn -0.9966 -0.0816 -0.0078
vn -0.5816 -0.8134 0.0050
vn 0.9311 0.3647 -0.0051
vn -0.4907 0.8713 -0.0109
vn -0.0450 0.4726 -0.8801
vn -0.0606 0.4717 0.8797
vn -0.3817 -0.9242 0.0058
vn 0.8712 0.4909 -0.0048
vn -0.5664 0.8240 -0.0112
vn -0.3428 0.5126 -0.7873
vn -0.3555 0.5029 0.7879
vn 0.9386 -0.3447 0.0138
vn -0.4101 0.9120 -0.0093
vn -0.0049 0.0701 -0.9975
vn -0.0283 0.0560 0.9980
vn -0.6566 -0.7542 0.0047
vn 0.3794 -0.9252 -0.0084
vn 0.7152 0.6989 0.0030
vn -0.1907 -0.3193 -0.9283
vn -0.1972 -0.3185 0.9272
vn -0.9489 0.3154 0.0077
vn -0.2494 0.9683 0.0135
vn -0.6868 -0.7269 0.0028
vn 0.9127 -0.4087 0.0061
vn 0.2797 0.3147 -0.9070
vn 0.2582 0.2947 0.9200
vn -0.9883 0.1522 -0.0104
vn 0.7873 -0.6014 -0.1360
vn -0.2072 -0.4069 -0.8897
vn -0.2267 -0.5288 0.8179
vn 0.3534 0.9354 0.0094
vn 0.8969 -0.4390 0.0539
vn -0.7738 0.6334 -0.0109
vn 0.3645 -0.0939 -0.9265
vn 0.1909 -0.0782 0.9785
vn -0.4336 -0.8713 -0.2298
vn 0.3811 -0.9245 -0.0017
vn 0.5861 0.8102 -0.0051
vn 0.3665 0.2689 -0.8907
vn 0.3658 0.2614 0.8932
vn -0.9107 0.4131 -0.0065
vn -0.2428 0.9701 0.0029
vn -0.7605 -0.6493 -0.0104
vn 0.4571 0.1694 -0.8732
vn 0.4542 0.1649 0.8755
vn 0.9496 -0.3133 -0.0079
vn -0.3469 0.9378 0.0131
vn -0.0075 -0.9999 -0.0078
vn -0.4108 -0.0357 -0.9110
vn -0.4129 -0.0504 0.9094
vn 0.9972 0.0749 -0.0077
vn -0.8502 0.5264 0.0094
vn 0.3295 -0.9441 -0.0130
vn 0.6011 0.7991 -0.0053
vn 0.3982 0.0646 -0.9150
vn 0.3960 0.0459 0.9171
vn 0.1227 0.9923 0.0154
vn -0.7847 -0.6199 -0.0080
vn -0.3956 0.1244 -0.9099
vn -0.3983 0.1091 0.9107
vn 0.7198 -0.6941 -0.0112
vn -0.1591 -0.9872 -0.0042
vn 0.6980 0.7161 -0.0046
vn 0.3541 0.0105 -0.9352
vn 0.3514 -0.0043 0.9362
vn -0.8041 0.5945 0.0006
vn -0.1706 0.9853 0.0033
vn -0.7016 -0.7125 -0.0050
vn -0.0703 0.2990 -0.9517
vn -0.0910 0.2936 0.9516
vn 0.9555 -0.2948 -0.0080
vn -0.0869 -0.9962 0.0066
vn 0.7269 0.6868 -0.0047
vn -0.8149 0.5794 -0.0134
vn -0.4841 0.3540 -0.8002
vn -0.4946 0.3418 0.7991
vn 0.3987 -0.9171 -0.0017
vn 0.5437 0.8393 -0.0052
vn 0.3094 0.4738 -0.8245
vn 0.3027 0.4713 0.8284
vn -0.9406 0.3392 -0.0146
vn 0.7002 -0.6938 -0.1683
vn 0.1215 0.9903 -0.0669
vn -0.4005 0.1056 -0.9102
vn 0.2306 0.0119 -0.9730
vn 0.5857 0.0231 0.8102
vn -0.1171 -0.0245 0.9928
vn -0.7641 -0.6289 0.1438
vn -0.5889 -0.0235 -0.8079
vn -0.2232 -0.0162 0.9746
vn -0.7993 0.5893 0.1173
vn 0.2137 -0.9769 -0.0073
vn -0.1445 0.2192 -0.9649
vn -0.0639 0.0978 0.9932
vn 0.6418 0.7578 -0.1177
vn 0.3340 -0.9152 -0.2256
vn -0.1877 0.9815 0.0363
vn 0.0198 -0.0326 -0.9993
vn 0.1009 -0.1690 0.9804
vn -0.9332 -0.3169 0.1695
vn 0.7133 0.6848 0.1492
vn -0.7708 0.6366 -0.0242
vn -0.1531 -0.1506 -0.9767
vn -0.4728 -0.3370 0.8142
vn 0.6309 -0.7360 -0.2455
vn -0.9921 0.0261 -0.1224
vn 0.7602 -0.6494 0.0213
vn 0.1406 0.9850 0.1004
vn 0.4848 0.3196 -0.8142
vn 0.1851 0.1378 0.9730
vn 0.9330 -0.3239 0.1568
vn -0.3347 0.9416 -0.0381
vn -0.2102 -0.0192 -0.9775
vn -0.5963 -0.1033 0.7961
vn -0.3627 -0.9182 -0.1592
vn -0.8136 0.5617 -0.1502
vn 0.3460 -0.9382 -0.0098
vn 0.5773 0.8051 0.1359
vn 0.5960 0.1739 -0.7839
vn 0.2303 0.0928 0.9687
vn 0.7338 -0.6609 0.1570
vn 0.0251 0.9981 -0.0557
vn 0.2196 0.0737 -0.9728
vn -0.2154 0.1478 0.9653
vn -0.7298 -0.6527 -0.2035
vn -0.3875 0.9215 0.0260
vn 0.0496 -0.9000 -0.4331
vn 0.1906 -0.1105 -0.9754
vn -0.4373 0.6359 -0.6359
vn -0.5392 0.3263 0.7763
vn -0.1987 -0.1537 0.9679
vn 0.8179 0.4401 -0.3706
vn 0.1992 0.1208 -0.9725
vn 0.2017 0.2387 0.9499
vn -0.5934 0.7843 0.1808
vn -0.1352 -0.9908 0.0066
vn 0.7775 0.6024 -0.1804
vn 0.2492 0.0663 -0.9662
vn 0.6191 -0.0495 0.7838
vn 0.3196 0.9422 0.1003
vn -0.8383 -0.5443 0.0329
vn 0.1022 0.5395 -0.8358
vn 0.3897 0.1881 0.9015
vn 0.7262 -0.6275 -0.2808
vn -0.1162 -0.9907 -0.0711
vn 0.7348 0.6309 -0.2491
vn -0.8689 0.4092 -0.2786
vn -0.2601 0.1657 -0.9513
vn -0.2524 0.1405 0.9574
vn -0.8162 0.4424 -0.3717
vn 0.4679 -0.8718 -0.1450
vn 0.5594 -0.2636 -0.7858
vn 0.0406 0.2961 -0.9543
vn -0.8348 -0.0331 0.5496
vn -0.3124 -0.4081 0.8578
vn 0.4113 0.8888 0.2020
vn 0.5487 0.5213 -0.6535
vn -0.2254 0.2415 0.9438
vn 0.8785 -0.3960 0.2671
vn -0.3152 0.9335 -0.1711
vn 0.4704 0.1400 -0.8713
vn 0.9391 0.0073 -0.3435
vn 0.1939 -0.3244 0.9258
vn -0.5094 -0.0384 0.8597
vn -0.2221 -0.8337 -0.5055
vn 0.1620 -0.3217 -0.9329
vn -0.5112 -0.6192 0.5960
vn -0.4658 0.7691 0.4376
vn -0.2365 -0.9274 -0.2899
vn -0.4852 0.1030 -0.8683
vn -0.7960 0.4368 -0.4190
vn 0.1234 0.2348 0.9642
vn 0.4377 -0.3596 0.8241
vn 0.6689 0.5131 -0.5378
vn 0.1028 0.3619 -0.9265
vn 0.8088 0.1810 0.5595
vn -0.0732 0.9969 0.0278
vn -0.8570 -0.4982 0.1317
vn -0.6981 -0.0746 -0.7121
vn -0.3172 0.6921 -0.6484
vn 0.4988 0.2766 0.8214
vn 0.1007 -0.2824 0.9540
vn 0.4902 -0.5975 -0.6345
vn -0.2570 -0.1099 -0.9601
vn 0.7321 -0.3350 0.5931
vn -0.0673 0.9655 0.2514
vn -0.4591 -0.5310 -0.7122
vn 0.2716 -0.0923 -0.9580
vn 0.4240 0.6682 -0.6114
vn -0.5930 0.1314 0.7944
vn -0.7821 -0.3323 0.5271
vn 0.8439 -0.5194 0.1346
vn 0.6836 0.0232 -0.7295
vn -0.2159 -0.2876 0.9331
vn 0.8822 -0.3946 0.2569
vn -0.2833 0.9392 -0.1940
vn 0.0810 0.2934 -0.9525
vn 0.8905 -0.0396 -0.4532
vn 0.0834 -0.3723 0.9244
vn -0.7416 0.2180 0.6344
vn -0.2352 -0.8419 -0.4857
vn 0.1581 -0.3545 -0.9216
vn -0.5268 -0.6645 0.5300
vn -0.6759 0.6477 -0.3516
vn 0.4781 -0.8777 0.0315
vn 0.6571 0.6918 0.2994
vn 0.7555 0.5438 -0.3654
vn -0.0400 0.4975 0.8665
vn -0.5088 0.8422 0.1784
vn -0.3339 -0.7385 -0.5859
vn 0.2565 -0.0235 -0.9663
vn 0.1472 0.7276 -0.6701
vn -0.5373 0.0932 0.8382
vn -0.5693 -0.5675 0.5948
vn 0.9610 -0.1754 0.2136
vn 0.7469 0.1576 -0.6460
vn 0.0628 -0.3284 0.9425
vn 0.2757 -0.9351 -0.2228
vn 0.4588 0.8225 0.3361
vn 0.5842 0.6401 -0.4990
vn 0.4696 0.1455 -0.8708
vn -0.2804 -0.5460 0.7895
vn -0.2009 0.1169 0.9726
vn -0.8434 0.2374 -0.4820
vn -0.2174 0.3238 -0.9208
vn -0.8364 -0.1113 0.5367
vn 0.8396 -0.5310 0.1144
vn -0.7197 0.6332 0.2846
vn 0.2562 0.8738 -0.4133
vn 0.2164 0.1214 -0.9687
vn -0.0733 -0.1691 0.9829
vn -0.2645 0.4064 0.8745
vn -0.3095 -0.7157 -0.6260
vn 0.0464 -0.0894 -0.9949
vn -0.4141 -0.5011 0.7599
vn -0.9544 0.2139 -0.2084
vn 0.5805 -0.7951 -0.1759
vn -0.2223 0.1967 -0.9550
vn -0.7452 -0.1730 0.6440
vn 0.2237 0.9076 0.3552
vt -0.539658 -0.371547
vt -0.537523 -0.406202
vt -0.538235 -0.371547
vt -0.536812 -0.371547
vt -0.535388 -0.371547
vt -0.539658 -0.315894
vt -0.539658 -0.340075
vt -0.538235 -0.315894
vt -0.538235 -0.340075
vt -0.536812 -0.315894
vt -0.536812 -0.340075
vt -0.535388 -0.315894
vt -0.535388 -0.340075
vt -0.534669 -0.376179
vt -0.534669 -0.367721
vt -0.540378 -0.376179
vt -0.540378 -0.367721
vt -0.534669 -0.357775
vt -0.540378 -0.357775
vt -0.534507 -0.347572
vt -0.534507 -0.338443
vt -0.540539 -0.338443
vt -0.540539 -0.335946
vt -0.540539 -0.347572
vt -0.534507 -0.335946
vt -0.533604 -0.298129
vt -0.541443 -0.298129
vt -0.541443 -0.305694
vt -0.533604 -0.305694
vt -0.541443 -0.325212
vt -0.533604 -0.325212
vt -0.537523 -0.344807
vt -0.544116 -0.339329
vt -0.544116 -0.334502
vt -0.544116 -0.350234
vt -0.530931 -0.339329
vt -0.530931 -0.334502
vt -0.530931 -0.350234
vt -0.540539 -0.318638
vt -0.544116 -0.313927
vt -0.544116 -0.318128
vt -0.540539 -0.329829
vt -0.544116 -0.331820
vt -0.530931 -0.318128
vt -0.530931 -0.313927
vt -0.534507 -0.318638
vt -0.534507 -0.329829
vt -0.530931 -0.331820
vt -0.530931 -0.336362
vt -0.544116 -0.336362
vt -0.534558 -0.359358
vt -0.534558 -0.339418
vt -0.540489 -0.339418
vt -0.540489 -0.359358
vt -0.534558 -0.377864
vt -0.540489 -0.377864
vt -0.549056 -0.351064
vt -0.560411 -0.349641
vt -0.560411 -0.351064
vt -0.549056 -0.349641
vt -0.602158 -0.349641
vt -0.602158 -0.351064
vt -0.560411 -0.348217
vt -0.549056 -0.348217
vt -0.560411 -0.346794
vt -0.549056 -0.346794
vt -0.602158 -0.346794
vt -0.602158 -0.348217
vt -0.607311 -0.346794
vt -0.607311 -0.348217
vt -0.607311 -0.349641
vt -0.607311 -0.351064
vt -0.629480 -0.351064
vt -0.629480 -0.349641
vt -0.629480 -0.348217
vt -0.629480 -0.346794
vt -0.448798 -0.351784
vt -0.440961 -0.351784
vt -0.448798 -0.346074
vt -0.440961 -0.346074
vt -0.432333 -0.351784
vt -0.432333 -0.346074
vt -0.466959 -0.345913
vt -0.470347 -0.351945
vt -0.466959 -0.351945
vt -0.470347 -0.345913
vt -0.484074 -0.351945
vt -0.484074 -0.345913
vt -0.586803 -0.351949
vt -0.610360 -0.345909
vt -0.610360 -0.351949
vt -0.586803 -0.345909
vt -0.561798 -0.345909
vt -0.561798 -0.351949
vt -0.554865 -0.345909
vt -0.554865 -0.351949
vt -0.449691 -0.345009
vt -0.475663 -0.345009
vt -0.449691 -0.352849
vt -0.475663 -0.352849
vt -0.551047 -0.345009
vt -0.551047 -0.352849
vt -0.556860 -0.345009
vt -0.556860 -0.352849
vt -0.470649 -0.342337
vt -0.466130 -0.342337
vt -0.487341 -0.342337
vt -0.470649 -0.355521
vt -0.487341 -0.355521
vt -0.466130 -0.355521
vt -0.541876 -0.345913
vt -0.522492 -0.342337
vt -0.543097 -0.342337
vt -0.522046 -0.345913
vt -0.498632 -0.342337
vt -0.498554 -0.345913
vt -0.494886 -0.345913
vt -0.493075 -0.342337
vt -0.543097 -0.355521
vt -0.522492 -0.355521
vt -0.541876 -0.351945
vt -0.522046 -0.351945
vt -0.498632 -0.355521
vt -0.498554 -0.351945
vt -0.494886 -0.351945
vt -0.493075 -0.355521
vt -0.561693 -0.344773
vt -0.553169 -0.346794
vt -0.552934 -0.344773
vt -0.553169 -0.351064
vt -0.561692 -0.353085
vt -0.552934 -0.353085
vt -0.431940 -0.345963
vt -0.446734 -0.351895
vt -0.431940 -0.351895
vt -0.415494 -0.351895
vt -0.446734 -0.345963
vt -0.415494 -0.345963
vt -0.426760 -0.340075
vt -0.417171 -0.372194
vt -0.413966 -0.371547
vt -0.429568 -0.341696
vt -0.413136 -0.406202
vt -0.416973 -0.388282
vt -0.445567 -0.315894
vt -0.447662 -0.318433
vt -0.467735 -0.304627
vt -0.467772 -0.308212
vt -0.472888 -0.307115
vt -0.514636 -0.291656
vt -0.514580 -0.295086
vt -0.472702 -0.310592
vt -0.525991 -0.294765
vt -0.525991 -0.297811
vt -0.489615 -0.341813
vt -0.516574 -0.341006
vt -0.517135 -0.348242
vt -0.489332 -0.334596
vt -0.577287 -0.337672
vt -0.581972 -0.331820
vt -0.587706 -0.336449
vt -0.588322 -0.331725
vt -0.587378 -0.318128
vt -0.576415 -0.333426
vt -0.595184 -0.322237
vt -0.596530 -0.355530
vt -0.552355 -0.328868
vt -0.604398 -0.350131
vt -0.552555 -0.325006
vt -0.609871 -0.356864
vt -0.531949 -0.327531
vt -0.608917 -0.350234
vt -0.618610 -0.339329
vt -0.625440 -0.338464
vt -0.618097 -0.334502
vt -0.622521 -0.326057
vt -0.600729 -0.321724
vt -0.530883 -0.331949
vt -0.598187 -0.309995
vt -0.521199 -0.325443
vt -0.524435 -0.336362
vt -0.528494 -0.322718
vt -0.527916 -0.305158
vt -0.534957 -0.305919
vt -0.583405 -0.313927
vt -0.538693 -0.304635
vt -0.525652 -0.296921
vt -0.522877 -0.299117
vt -0.532757 -0.335055
vt -0.551898 -0.332113
vt -0.575590 -0.340479
vt -0.522923 -0.344807
vt -0.595136 -0.358619
vt -0.517865 -0.325212
vt -0.611232 -0.360228
vt -0.524303 -0.305694
vt -0.628938 -0.339304
vt -0.625355 -0.324079
vt -0.518187 -0.298129
vt -0.523999 -0.293275
vt -0.599384 -0.306935
vt -0.642079 -0.343249
vt -0.630871 -0.349109
vt -0.629645 -0.342534
vt -0.621610 -0.360025
vt -0.641534 -0.348872
vt -0.614559 -0.360267
vt -0.656716 -0.353418
vt -0.623396 -0.372497
vt -0.651035 -0.356116
vt -0.617010 -0.376161
vt -0.658753 -0.369241
vt -0.630390 -0.385979
vt -0.652735 -0.368607
vt -0.633160 -0.380131
vt -0.647658 -0.385279
vt -0.644273 -0.379084
vt -0.614203 -0.377864
vt -0.611349 -0.359358
vt -0.629451 -0.389053
vt -0.628312 -0.339418
vt -0.643107 -0.340270
vt -0.649292 -0.388249
vt -0.661911 -0.370009
vt -0.659553 -0.351695
vt -0.624778 -0.360938
vt -0.632290 -0.352085
vt -0.626249 -0.370846
vt -0.640514 -0.352007
vt -0.634086 -0.376968
vt -0.648186 -0.357775
vt -0.642713 -0.376179
vt -0.649560 -0.367721
vt -0.523238 -0.335248
vt -0.524359 -0.338961
vt -0.513354 -0.333047
vt -0.522113 -0.331526
vt -0.488734 -0.328508
vt -0.459813 -0.344027
vt -0.451231 -0.342168
vt -0.453226 -0.351668
vt -0.432606 -0.356754
vt -0.474886 -0.315080
vt -0.509817 -0.302650
vt -0.525991 -0.304539
vt -0.525991 -0.300081
vt -0.477810 -0.319431
vt -0.464686 -0.333124
vt -0.510403 -0.307838
vt -0.525991 -0.309390
vt -0.525991 -0.305174
vt -0.488244 -0.323264
vt -0.513249 -0.327843
vt -0.521878 -0.330748
vt -0.520181 -0.325132
vt -0.525366 -0.341954
vt -0.463799 -0.350056
vt -0.457023 -0.357857
vt -0.437100 -0.362669
vt -0.534669 -0.370846
vt -0.534669 -0.360938
vt -0.540378 -0.370846
vt -0.540378 -0.360938
vt -0.534669 -0.352085
vt -0.540378 -0.352085
vt -0.540539 -0.335686
vt -0.534507 -0.335686
vt -0.540539 -0.332795
vt -0.540539 -0.324642
vt -0.534507 -0.332795
vt -0.534507 -0.324642
vt -0.533604 -0.360228
vt -0.533604 -0.339304
vt -0.541443 -0.360228
vt -0.541443 -0.339304
vt -0.533604 -0.324079
vt -0.541443 -0.324079
vt -0.530931 -0.331725
vt -0.530931 -0.322237
vt -0.530931 -0.336449
vt -0.544116 -0.331725
vt -0.544116 -0.322237
vt -0.544116 -0.336449
vt -0.534507 -0.322448
vt -0.534507 -0.325132
vt -0.530931 -0.322718
vt -0.534507 -0.307907
vt -0.530931 -0.327531
vt -0.530931 -0.305919
vt -0.544116 -0.305919
vt -0.544116 -0.322718
vt -0.540539 -0.307907
vt -0.540539 -0.322448
vt -0.540539 -0.325132
vt -0.544116 -0.327531
vt -0.540543 -0.333124
vt -0.534503 -0.319431
vt -0.540543 -0.319431
vt -0.534503 -0.333124
vt -0.540489 -0.351695
vt -0.534558 -0.370009
vt -0.534558 -0.351695
vt -0.540489 -0.370009
vt -0.534558 -0.388249
vt -0.540489 -0.388249
vt -0.640514 -0.351784
vt -0.632290 -0.351784
vt -0.632290 -0.346074
vt -0.640514 -0.346074
vt -0.648186 -0.351784
vt -0.648186 -0.346074
vt -0.615561 -0.351945
vt -0.599812 -0.345913
vt -0.615561 -0.345913
vt -0.599812 -0.351945
vt -0.596785 -0.351945
vt -0.596785 -0.345913
vt -0.522923 -0.348929
vt -0.532757 -0.345009
vt -0.532757 -0.352849
vt -0.551898 -0.345009
vt -0.551898 -0.352849
vt -0.575590 -0.345009
vt -0.575590 -0.352849
vt -0.595136 -0.345009
vt -0.595136 -0.352849
vt -0.611232 -0.345009
vt -0.611232 -0.352849
vt -0.600729 -0.342337
vt -0.618097 -0.342337
vt -0.595184 -0.342337
vt -0.600729 -0.355521
vt -0.595184 -0.355521
vt -0.618097 -0.355521
vt -0.538693 -0.342337
vt -0.536771 -0.345913
vt -0.534957 -0.342337
vt -0.538862 -0.345913
vt -0.582093 -0.345913
vt -0.583405 -0.342337
vt -0.584735 -0.345913
vt -0.536771 -0.351945
vt -0.538693 -0.355521
vt -0.534957 -0.355521
vt -0.538862 -0.351945
vt -0.582093 -0.351945
vt -0.583405 -0.355521
vt -0.584735 -0.351945
vt -0.510403 -0.345909
vt -0.525991 -0.344773
vt -0.525991 -0.346794
vt -0.525991 -0.353085
vt -0.510403 -0.351949
vt -0.525991 -0.351064
vt -0.516574 -0.353085
vt -0.525366 -0.348929
vt -0.524359 -0.353085
vt -0.516574 -0.344773
vt -0.524359 -0.344773
vt -0.477810 -0.351949
vt -0.477810 -0.345909
vt -0.525991 -0.351949
vt -0.525991 -0.345909
vt -0.629451 -0.351895
vt -0.614203 -0.351895
vt -0.614203 -0.345963
vt -0.649292 -0.351895
vt -0.629451 -0.345963
vt -0.649292 -0.345963
vt -0.648287 -0.340075
vt -0.657876 -0.372194
vt -0.645478 -0.341696
vt -0.661081 -0.371547
vt -0.658073 -0.388282
vt -0.661911 -0.406202
vt -0.627385 -0.318433
vt -0.629480 -0.315894
vt -0.607275 -0.308212
vt -0.607311 -0.304627
vt -0.602158 -0.307115
vt -0.560466 -0.295086
vt -0.560411 -0.291656
vt -0.602345 -0.310592
vt -0.549056 -0.294765
vt -0.549056 -0.297811
vt -0.558472 -0.341006
vt -0.585714 -0.334596
vt -0.585432 -0.341813
vt -0.557911 -0.348242
vt -0.543097 -0.327531
vt -0.553848 -0.325443
vt -0.544163 -0.331949
vt -0.550612 -0.336362
vt -0.522692 -0.328868
vt -0.546553 -0.322718
vt -0.522492 -0.325006
vt -0.547130 -0.305158
vt -0.498632 -0.333426
vt -0.497759 -0.337672
vt -0.540090 -0.305919
vt -0.493075 -0.331820
vt -0.549395 -0.296921
vt -0.552170 -0.299117
vt -0.536354 -0.304635
vt -0.476859 -0.309995
vt -0.491642 -0.313927
vt -0.487669 -0.318128
vt -0.487341 -0.336449
vt -0.478517 -0.355530
vt -0.486724 -0.331725
vt -0.470649 -0.350131
vt -0.479863 -0.322237
vt -0.474317 -0.321724
vt -0.465176 -0.356864
vt -0.452526 -0.326057
vt -0.466130 -0.350234
vt -0.456950 -0.334502
vt -0.456437 -0.339329
vt -0.449607 -0.338464
vt -0.557182 -0.325212
vt -0.550743 -0.305694
vt -0.556860 -0.298129
vt -0.551047 -0.293275
vt -0.475663 -0.306935
vt -0.449691 -0.324079
vt -0.446109 -0.339304
vt -0.463815 -0.360228
vt -0.479911 -0.358619
vt -0.499457 -0.340479
vt -0.523149 -0.332113
vt -0.542289 -0.335055
vt -0.552124 -0.344807
vt -0.424012 -0.356116
vt -0.416294 -0.369241
vt -0.418330 -0.353418
vt -0.422311 -0.368607
vt -0.433513 -0.348872
vt -0.427389 -0.385279
vt -0.432968 -0.343249
vt -0.430774 -0.379084
vt -0.444175 -0.349109
vt -0.441887 -0.380131
vt -0.445402 -0.342534
vt -0.444657 -0.385979
vt -0.453436 -0.360025
vt -0.451651 -0.372497
vt -0.460488 -0.360267
vt -0.458037 -0.376161
vt -0.463698 -0.359358
vt -0.460843 -0.377864
vt -0.445596 -0.389053
vt -0.446734 -0.339418
vt -0.431940 -0.340270
vt -0.425754 -0.388249
vt -0.413136 -0.370009
vt -0.415494 -0.351695
vt -0.442757 -0.352085
vt -0.434533 -0.352007
vt -0.450269 -0.360938
vt -0.426861 -0.357775
vt -0.425487 -0.367721
vt -0.448798 -0.370846
vt -0.440961 -0.376968
vt -0.432333 -0.376179
vt -0.600161 -0.315080
vt -0.565229 -0.302650
vt -0.549056 -0.304539
vt -0.549056 -0.300081
vt -0.623816 -0.342168
vt -0.642440 -0.356754
vt -0.621820 -0.351668
vt -0.615234 -0.344027
vt -0.586313 -0.328508
vt -0.561692 -0.333047
vt -0.551809 -0.335248
vt -0.552934 -0.331526
vt -0.550687 -0.338961
vt -0.561798 -0.327843
vt -0.586803 -0.323264
vt -0.610360 -0.333124
vt -0.597236 -0.319431
vt -0.564643 -0.307838
vt -0.549056 -0.305174
vt -0.549056 -0.309390
vt -0.553169 -0.330748
vt -0.554865 -0.325132
vt -0.637947 -0.362669
vt -0.618024 -0.357857
vt -0.549681 -0.341954
vt -0.611248 -0.350056
s 1
f 1435/1/1 1436/2/2 3/2/3 1/1/4
f 1436/2/2 1435/1/1 2/1/5 4/2/6
f 1436/2/2 1437/3/7 5/3/8 3/2/3
f 1437/3/7 1436/2/2 4/2/6 6/3/9
f 1437/3/7 1435/1/1 1/1/4 5/3/8
f 1435/1/1 1437/3/7 6/3/9 2/1/5
f 1438/2/10 1439/4/11 7/4/12 3/2/3
f 1439/4/11 1438/2/10 4/2/6 8/4/13
f 1439/4/11 1440/3/14 5/3/8 7/4/12
f 1440/3/14 1439/4/11 8/4/13 6/3/9
f 1440/3/14 1438/2/10 3/2/3 5/3/8
f 1438/2/10 1440/3/14 6/3/9 4/2/6
f 1441/2/15 1442/5/16 9/5/17 3/2/3
f 1442/5/16 1441/2/15 4/2/6 10/5/18
f 1442/5/16 1443/4/19 7/4/12 9/5/17
f 1443/4/19 1442/5/16 10/5/18 8/4/13
f 1443/4/19 1441/2/15 3/2/3 7/4/12
f 1441/2/15 1443/4/19 8/4/13 4/2/6
f 1444/6/20 1445/7/21 19/7/22 17/6/23
f 1445/7/21 1444/6/20 18/6/24 20/7/25
f 1445/7/21 1446/8/26 15/8/27 19/7/22
f 1446/8/26 1445/7/21 20/7/25 16/8/28
f 1446/8/26 1444/6/20 17/6/23 15/8/27
f 1444/6/20 1446/8/26 16/8/28 18/6/24
f 1447/9/29 1448/8/30 15/8/27 21/9/31
f 1448/8/30 1447/9/29 22/9/32 16/8/28
f 1448/8/30 1449/7/33 19/7/22 15/8/27
f 1449/7/33 1448/8/30 16/8/28 20/7/25
f 1449/7/33 1447/9/29 21/9/31 19/7/22
f 1447/9/29 1449/7/33 20/7/25 22/9/32
f 1450/8/20 1451/9/34 21/9/31 15/8/27
f 1451/9/34 1450/8/20 16/8/28 22/9/32
f 1451/9/34 1452/10/35 13/10/27 21/9/31
f 1452/10/35 1451/9/34 22/9/32 14/10/28
f 1452/10/35 1450/8/20 15/8/27 13/10/27
f 1450/8/20 1452/10/35 14/10/28 16/8/28
f 1453/7/36 1454/1/37 23/1/38 19/7/22
f 1454/1/37 1453/7/36 20/7/25 24/1/39
f 1454/1/37 1455/9/40 21/9/31 23/1/38
f 1455/9/40 1454/1/37 24/1/39 22/9/32
f 1455/9/40 1453/7/36 19/7/22 21/9/31
f 1453/7/36 1455/9/40 22/9/32 20/7/25
f 1456/3/41 1457/9/42 21/9/31 25/3/43
f 1457/9/42 1456/3/41 26/3/44 22/9/32
f 1457/9/42 1458/1/45 23/1/38 21/9/31
f 1458/1/45 1457/9/42 22/9/32 24/1/39
f 1458/1/45 1456/3/41 25/3/43 23/1/38
f 1456/3/41 1458/1/45 24/1/39 26/3/44
f 1459/11/46 1460/10/30 13/10/27 27/11/31
f 1460/10/30 1459/11/46 28/11/32 14/10/28
f 1460/10/30 1461/9/47 21/9/31 13/10/27
f 1461/9/47 1460/10/30 14/10/28 22/9/32
f 1461/9/47 1459/11/46 27/11/31 21/9/31
f 1459/11/46 1461/9/47 22/9/32 28/11/32
f 1462/9/48 1463/3/49 25/3/43 21/9/31
f 1463/3/49 1462/9/48 22/9/32 26/3/44
f 1463/3/49 1464/11/50 27/11/31 25/3/43
f 1464/11/50 1463/3/49 26/3/44 28/11/32
f 1464/11/50 1462/9/48 21/9/31 27/11/31
f 1462/9/48 1464/11/50 28/11/32 22/9/32
f 1465/10/20 1466/11/51 27/11/31 13/10/27
f 1466/11/51 1465/10/20 14/10/28 28/11/32
f 1466/11/51 1467/12/35 11/12/52 27/11/31
f 1467/12/35 1466/11/51 28/11/32 12/12/53
f 1467/12/35 1465/10/20 13/10/27 11/12/52
f 1465/10/20 1467/12/35 12/12/53 14/10/28
f 1468/4/41 1469/11/42 27/11/31 29/4/43
f 1469/11/42 1468/4/41 30/4/44 28/11/32
f 1469/11/42 1470/3/45 25/3/43 27/11/31
f 1470/3/45 1469/11/42 28/11/32 26/3/44
f 1470/3/45 1468/4/41 29/4/43 25/3/43
f 1468/4/41 1470/3/45 26/3/44 30/4/44
f 1471/13/29 1472/12/30 11/12/52 31/13/54
f 1472/12/30 1471/13/29 32/13/55 12/12/53
f 1472/12/30 1473/11/47 27/11/31 11/12/52
f 1473/11/47 1472/12/30 12/12/53 28/11/32
f 1473/11/47 1471/13/29 31/13/54 27/11/31
f 1471/13/29 1473/11/47 28/11/32 32/13/55
f 1474/11/48 1475/4/56 29/4/43 27/11/31
f 1475/4/56 1474/11/48 28/11/32 30/4/44
f 1475/4/56 1476/13/57 31/13/54 29/4/43
f 1476/13/57 1475/4/56 30/4/44 32/13/55
f 1476/13/57 1474/11/48 27/11/31 31/13/54
f 1474/11/48 1476/13/57 32/13/55 28/11/32
f 1477/5/41 1478/13/58 31/13/54 33/5/59
f 1478/13/58 1477/5/41 34/5/60 32/13/55
f 1478/13/58 1479/4/61 29/4/43 31/13/54
f 1479/4/61 1478/13/58 32/13/55 30/4/44
f 1479/4/61 1477/5/41 33/5/59 29/4/43
f 1477/5/41 1479/4/61 30/4/44 34/5/60
f 1480/14/62 1481/15/63 39/15/64 35/14/65
f 1481/15/63 1480/14/62 36/14/66 40/15/67
f 1481/15/63 1482/16/68 37/16/69 39/15/64
f 1482/16/68 1481/15/63 40/15/67 38/16/70
f 1482/16/68 1480/14/62 35/14/65 37/16/69
f 1480/14/62 1482/16/68 38/16/70 36/14/66
f 1483/15/71 1484/17/72 43/17/73 39/15/64
f 1484/17/72 1483/15/71 40/15/67 44/17/74
f 1484/17/72 1485/16/75 37/16/69 43/17/73
f 1485/16/75 1484/17/72 44/17/74 38/16/70
f 1485/16/75 1483/15/71 39/15/64 37/16/69
f 1483/15/71 1485/16/75 38/16/70 40/15/67
f 1486/15/76 1487/18/77 41/18/78 39/15/64
f 1487/18/77 1486/15/76 40/15/67 42/18/79
f 1487/18/77 1488/17/80 43/17/73 41/18/78
f 1488/17/80 1487/18/77 42/18/79 44/17/74
f 1488/17/80 1486/15/76 39/15/64 43/17/73
f 1486/15/76 1488/17/80 44/17/74 40/15/67
f 1489/19/81 1490/17/82 43/17/73 45/19/83
f 1490/17/82 1489/19/81 46/19/84 44/17/74
f 1490/17/82 1491/18/85 41/18/78 43/17/73
f 1491/18/85 1490/17/82 44/17/74 42/18/79
f 1491/18/85 1489/19/81 45/19/83 41/18/78
f 1489/19/81 1491/18/85 42/18/79 46/19/84
f 1492/20/86 1493/21/87 49/21/88 47/20/89
f 1493/21/87 1492/20/86 48/20/90 50/21/91
f 1493/21/87 1494/22/92 51/22/93 49/21/88
f 1494/22/92 1493/21/87 50/21/91 52/22/94
f 1494/22/92 1492/20/86 47/20/89 51/22/93
f 1492/20/86 1494/22/92 52/22/94 48/20/90
f 1495/21/95 1496/23/96 53/23/97 49/21/88
f 1496/23/96 1495/21/95 50/21/91 54/23/98
f 1496/23/96 1497/22/99 51/22/93 53/23/97
f 1497/22/99 1496/23/96 54/23/98 52/22/94
f 1497/22/99 1495/21/95 49/21/88 51/22/93
f 1495/21/95 1497/22/99 52/22/94 50/21/91
f 1498/20/100 1499/22/101 51/22/93 47/20/89
f 1499/22/101 1498/20/100 48/20/90 52/22/94
f 1499/22/101 1500/24/102 55/24/103 51/22/93
f 1500/24/102 1499/22/101 52/22/94 56/24/104
f 1500/24/102 1498/20/100 47/20/89 55/24/103
f 1498/20/100 1500/24/102 56/24/104 48/20/90
f 1501/23/105 1502/21/106 49/21/88 53/23/97
f 1502/21/106 1501/23/105 54/23/98 50/21/91
f 1502/21/106 1503/25/107 57/25/108 49/21/88
f 1503/25/107 1502/21/106 50/21/91 58/25/109
f 1503/25/107 1501/23/105 53/23/97 57/25/108
f 1501/23/105 1503/25/107 58/25/109 54/23/98
f 1504/26/110 1505/27/111 59/27/112 61/26/113
f 1505/27/111 1504/26/110 62/26/114 60/27/115
f 1505/27/111 1506/28/116 63/28/117 59/27/112
f 1506/28/116 1505/27/111 60/27/115 64/28/118
f 1506/28/116 1504/26/110 61/26/113 63/28/117
f 1504/26/110 1506/28/116 64/28/118 62/26/114
f 1507/29/119 1508/26/120 61/26/113 65/29/121
f 1508/26/120 1507/29/119 66/29/122 62/26/114
f 1508/26/120 1509/28/123 63/28/117 61/26/113
f 1509/28/123 1508/26/120 62/26/114 64/28/118
f 1509/28/123 1507/29/119 65/29/121 63/28/117
f 1507/29/119 1509/28/123 64/28/118 66/29/122
f 1510/28/124 1511/30/125 67/30/126 63/28/117
f 1511/30/125 1510/28/124 64/28/118 68/30/127
f 1511/30/125 1512/29/128 65/29/121 67/30/126
f 1512/29/128 1511/30/125 68/30/127 66/29/122
f 1512/29/128 1510/28/124 63/28/117 65/29/121
f 1510/28/124 1512/29/128 66/29/122 64/28/118
f 1513/31/129 1514/29/130 65/29/121 69/31/131
f 1514/29/130 1513/31/129 70/31/132 66/29/122
f 1514/29/130 1515/30/133 67/30/126 65/29/121
f 1515/30/133 1514/29/130 66/29/122 68/30/127
f 1515/30/133 1513/31/129 69/31/131 67/30/126
f 1513/31/129 1515/30/133 68/30/127 70/31/132
f 1516/32/134 1517/31/135 69/31/131 71/32/136
f 1517/31/135 1516/32/134 72/32/137 70/31/132
f 1517/31/135 1518/30/138 67/30/126 69/31/131
f 1518/30/138 1517/31/135 70/31/132 68/30/127
f 1518/30/138 1516/32/134 71/32/136 67/30/126
f 1516/32/134 1518/30/138 68/30/127 72/32/137
f 1519/23/139 1520/33/140 75/33/141 73/23/142
f 1520/33/140 1519/23/139 74/23/143 76/33/144
f 1520/33/140 1521/22/145 77/22/146 75/33/141
f 1521/22/145 1520/33/140 76/33/144 78/22/147
f 1521/22/145 1519/23/139 73/23/142 77/22/146
f 1519/23/139 1521/22/145 78/22/147 74/23/143
f 1522/24/148 1523/22/149 77/22/146 79/24/150
f 1523/22/149 1522/24/148 80/24/151 78/22/147
f 1523/22/149 1524/33/152 75/33/141 77/22/146
f 1524/33/152 1523/22/149 78/22/147 76/33/144
f 1524/33/152 1522/24/148 79/24/150 75/33/141
f 1522/24/148 1524/33/152 76/33/144 80/24/151
f 1525/33/153 1526/23/154 73/23/142 75/33/141
f 1526/23/154 1525/33/153 76/33/144 74/23/143
f 1526/23/154 1527/34/155 81/34/156 73/23/142
f 1527/34/155 1526/23/154 74/23/143 82/34/157
f 1527/34/155 1525/33/153 75/33/141 81/34/156
f 1525/33/153 1527/34/155 82/34/157 76/33/144
f 1528/33/158 1529/35/159 83/35/160 75/33/141
f 1529/35/159 1528/33/158 76/33/144 84/35/161
f 1529/35/159 1530/24/162 79/24/150 83/35/160
f 1530/24/162 1529/35/159 84/35/161 80/24/151
f 1530/24/162 1528/33/158 75/33/141 79/24/150
f 1528/33/158 1530/24/162 80/24/151 76/33/144
f 1531/25/163 1532/36/164 89/36/165 85/25/166
f 1532/36/164 1531/25/163 86/25/167 90/36/168
f 1532/36/164 1533/37/169 87/37/170 89/36/165
f 1533/37/169 1532/36/164 90/36/168 88/37/171
f 1533/37/169 1531/25/163 85/25/166 87/37/170
f 1531/25/163 1533/37/169 88/37/171 86/25/167
f 1534/36/172 1535/25/173 85/25/166 89/36/165
f 1535/25/173 1534/36/172 90/36/168 86/25/167
f 1535/25/173 1536/21/174 91/21/175 85/25/166
f 1536/21/174 1535/25/173 86/25/167 92/21/176
f 1536/21/174 1534/36/172 89/36/165 91/21/175
f 1534/36/172 1536/21/174 92/21/176 90/36/168
f 1537/20/177 1538/36/178 89/36/165 93/20/179
f 1538/36/178 1537/20/177 94/20/180 90/36/168
f 1538/36/178 1539/21/181 91/21/175 89/36/165
f 1539/21/181 1538/36/178 90/36/168 92/21/176
f 1539/21/181 1537/20/177 93/20/179 91/21/175
f 1537/20/177 1539/21/181 92/21/176 94/20/180
f 1540/36/182 1541/20/183 93/20/179 89/36/165
f 1541/20/183 1540/36/182 90/36/168 94/20/180
f 1541/20/183 1542/38/184 95/38/185 93/20/179
f 1542/38/184 1541/20/183 94/20/180 96/38/186
f 1542/38/184 1540/36/182 89/36/165 95/38/185
f 1540/36/182 1542/38/184 96/38/186 90/36/168
f 1543/39/187 1544/40/188 97/40/189 101/39/190
f 1544/40/188 1543/39/187 102/39/191 98/40/192
f 1544/40/188 1545/41/193 105/41/194 97/40/189
f 1545/41/193 1544/40/188 98/40/192 106/41/195
f 1545/41/193 1543/39/187 101/39/190 105/41/194
f 1543/39/187 1545/41/193 106/41/195 102/39/191
f 1546/42/196 1547/41/197 105/41/194 99/42/198
f 1547/41/197 1546/42/196 100/42/199 106/41/195
f 1547/41/197 1548/43/200 103/43/201 105/41/194
f 1548/43/200 1547/41/197 106/41/195 104/43/202
f 1548/43/200 1546/42/196 99/42/198 103/43/201
f 1546/42/196 1548/43/200 104/43/202 100/42/199
f 1549/41/203 1550/42/204 99/42/198 105/41/194
f 1550/42/204 1549/41/203 106/41/195 100/42/199
f 1550/42/204 1551/39/205 101/39/190 99/42/198
f 1551/39/205 1550/42/204 100/42/199 102/39/191
f 1551/39/205 1549/41/203 105/41/194 101/39/190
f 1549/41/203 1551/39/205 102/39/191 106/41/195
f 1552/44/206 1553/45/207 107/45/208 111/44/209
f 1553/45/207 1552/44/206 112/44/210 108/45/211
f 1553/45/207 1554/46/212 109/46/213 107/45/208
f 1554/46/212 1553/45/207 108/45/211 110/46/214
f 1554/46/212 1552/44/206 111/44/209 109/46/213
f 1552/44/206 1554/46/212 110/46/214 112/44/210
f 1555/47/215 1556/44/216 111/44/209 113/47/217
f 1556/44/216 1555/47/215 114/47/218 112/44/210
f 1556/44/216 1557/46/219 109/46/213 111/44/209
f 1557/46/219 1556/44/216 112/44/210 110/46/214
f 1557/46/219 1555/47/215 113/47/217 109/46/213
f 1555/47/215 1557/46/219 110/46/214 114/47/218
f 1558/48/220 1559/44/221 111/44/209 115/48/222
f 1559/44/221 1558/48/220 116/48/223 112/44/210
f 1559/44/221 1560/47/224 113/47/217 111/44/209
f 1560/47/224 1559/44/221 112/44/210 114/47/218
f 1560/47/224 1558/48/220 115/48/222 113/47/217
f 1558/48/220 1560/47/224 114/47/218 116/48/223
f 1561/49/225 1562/31/226 119/31/227 117/49/228
f 1562/31/226 1561/49/225 118/49/229 120/31/230
f 1562/31/226 1563/32/231 121/32/232 119/31/227
f 1563/32/231 1562/31/226 120/31/230 122/32/233
f 1563/32/231 1561/49/225 117/49/228 121/32/232
f 1561/49/225 1563/32/231 122/32/233 118/49/229
f 1564/30/234 1565/50/235 123/50/236 127/30/237
f 1565/50/235 1564/30/234 128/30/238 124/50/239
f 1565/50/235 1566/32/240 125/32/241 123/50/236
f 1566/32/240 1565/50/235 124/50/239 126/32/242
f 1566/32/240 1564/30/234 127/30/237 125/32/241
f 1564/30/234 1566/32/240 126/32/242 128/30/238
f 1567/46/243 1568/42/244 131/42/245 133/46/246
f 1568/42/244 1567/46/243 134/46/247 132/42/248
f 1568/42/244 1569/47/249 129/47/250 131/42/245
f 1569/47/249 1568/42/244 132/42/248 130/47/251
f 1569/47/249 1567/46/243 133/46/246 129/47/250
f 1567/46/243 1569/47/249 130/47/251 134/46/247
f 1570/42/252 1571/46/253 133/46/246 131/42/245
f 1571/46/253 1570/42/252 132/42/248 134/46/247
f 1571/46/253 1572/39/254 135/39/255 133/46/246
f 1572/39/254 1571/46/253 134/46/247 136/39/256
f 1572/39/254 1570/42/252 131/42/245 135/39/255
f 1570/42/252 1572/39/254 136/39/256 132/42/248
f 1573/51/257 1574/52/258 137/52/259 141/51/260
f 1574/52/258 1573/51/257 142/51/261 138/52/262
f 1574/52/258 1575/53/263 139/53/264 137/52/259
f 1575/53/263 1574/52/258 138/52/262 140/53/265
f 1575/53/263 1573/51/257 141/51/260 139/53/264
f 1573/51/257 1575/53/263 140/53/265 142/51/261
f 1576/51/266 1577/53/267 139/53/264 141/51/260
f 1577/53/267 1576/51/266 142/51/261 140/53/265
f 1577/53/267 1578/54/268 143/54/269 139/53/264
f 1578/54/268 1577/53/267 140/53/265 144/54/270
f 1578/54/268 1576/51/266 141/51/260 143/54/269
f 1576/51/266 1578/54/268 144/54/270 142/51/261
f 1579/55/271 1580/51/272 141/51/260 145/55/273
f 1580/51/272 1579/55/271 146/55/274 142/51/261
f 1580/51/272 1581/54/275 143/54/269 141/51/260
f 1581/54/275 1580/51/272 142/51/261 144/54/270
f 1581/54/275 1579/55/271 145/55/273 143/54/269
f 1579/55/271 1581/54/275 144/54/270 146/55/274
f 1582/55/276 1583/54/277 143/54/269 145/55/273
f 1583/54/277 1582/55/276 146/55/274 144/54/270
f 1583/54/277 1584/56/278 147/56/279 143/54/269
f 1584/56/278 1583/54/277 144/54/270 148/56/280
f 1584/56/278 1582/55/276 145/55/273 147/56/279
f 1582/55/276 1584/56/278 148/56/280 146/55/274
f 1585/57/281 1586/58/282 151/58/283 149/57/284
f 1586/58/282 1585/57/281 150/57/285 152/58/286
f 1586/58/282 1587/59/287 153/59/288 151/58/283
f 1587/59/287 1586/58/282 152/58/286 154/59/289
f 1587/59/287 1585/57/281 149/57/284 153/59/288
f 1585/57/281 1587/59/287 154/59/289 150/57/285
f 1588/58/290 1589/57/291 149/57/284 151/58/283
f 1589/57/291 1588/58/290 152/58/286 150/57/285
f 1589/57/291 1590/60/292 155/60/293 149/57/284
f 1590/60/292 1589/57/291 150/57/285 156/60/294
f 1590/60/292 1588/58/290 151/58/283 155/60/293
f 1588/58/290 1590/60/292 156/60/294 152/58/286
f 1591/61/295 1592/59/296 153/59/288 157/61/297
f 1592/59/296 1591/61/295 158/61/298 154/59/289
f 1592/59/296 1593/58/299 151/58/283 153/59/288
f 1593/58/299 1592/59/296 154/59/289 152/58/286
f 1593/58/299 1591/61/295 157/61/297 151/58/283
f 1591/61/295 1593/58/299 152/58/286 158/61/298
f 1594/59/300 1595/61/301 157/61/297 153/59/288
f 1595/61/301 1594/59/300 154/59/289 158/61/298
f 1595/61/301 1596/62/302 159/62/303 157/61/297
f 1596/62/302 1595/61/301 158/61/298 160/62/304
f 1596/62/302 1594/59/300 153/59/288 159/62/303
f 1594/59/300 1596/62/302 160/62/304 154/59/289
f 1597/60/305 1598/63/306 161/63/307 155/60/293
f 1598/63/306 1597/60/305 156/60/294 162/63/308
f 1598/63/306 1599/58/309 151/58/283 161/63/307
f 1599/58/309 1598/63/306 162/63/308 152/58/286
f 1599/58/309 1597/60/305 155/60/293 151/58/283
f 1597/60/305 1599/58/309 152/58/286 156/60/294
f 1600/63/310 1601/60/291 155/60/293 161/63/307
f 1601/60/291 1600/63/310 162/63/308 156/60/294
f 1601/60/291 1602/64/292 163/64/293 155/60/293
f 1602/64/292 1601/60/291 156/60/294 164/64/294
f 1602/64/292 1600/63/310 161/63/307 163/64/293
f 1600/63/310 1602/64/292 164/64/294 162/63/308
f 1603/64/281 1604/65/311 165/65/312 163/64/293
f 1604/65/311 1603/64/281 164/64/294 166/65/313
f 1604/65/311 1605/63/314 161/63/307 165/65/312
f 1605/63/314 1604/65/311 166/65/313 162/63/308
f 1605/63/314 1603/64/281 163/64/293 161/63/307
f 1603/64/281 1605/63/314 162/63/308 164/64/294
f 1606/65/315 1607/64/291 163/64/293 165/65/312
f 1607/64/291 1606/65/315 166/65/313 164/64/294
f 1607/64/291 1608/66/292 167/66/316 163/64/293
f 1608/66/292 1607/64/291 164/64/294 168/66/317
f 1608/66/292 1606/65/315 165/65/312 167/66/316
f 1606/65/315 1608/66/292 168/66/317 166/65/313
f 1609/67/318 1610/63/319 161/63/307 169/67/320
f 1610/63/319 1609/67/318 170/67/321 162/63/308
f 1610/63/319 1611/65/322 165/65/312 161/63/307
f 1611/65/322 1610/63/319 162/63/308 166/65/313
f 1611/65/322 1609/67/318 169/67/320 165/65/312
f 1609/67/318 1611/65/322 166/65/313 170/67/321
f 1612/68/323 1613/58/324 151/58/283 171/68/325
f 1613/58/324 1612/68/323 172/68/298 152/58/286
f 1613/58/324 1614/63/326 161/63/307 151/58/283
f 1614/63/326 1613/58/324 152/58/286 162/63/308
f 1614/63/326 1612/68/323 171/68/325 161/63/307
f 1612/68/323 1614/63/326 162/63/308 172/68/298
f 1615/63/327 1616/67/328 169/67/320 161/63/307
f 1616/67/328 1615/63/327 162/63/308 170/67/321
f 1616/67/328 1617/68/329 171/68/325 169/67/320
f 1617/68/329 1616/67/328 170/67/321 172/68/298
f 1617/68/329 1615/63/327 161/63/307 171/68/325
f 1615/63/327 1617/68/329 172/68/298 162/63/308
f 1618/58/330 1619/68/301 171/68/325 151/58/283
f 1619/68/301 1618/58/330 152/58/286 172/68/298
f 1619/68/301 1620/61/329 157/61/297 171/68/325
f 1620/61/329 1619/68/301 172/68/298 158/61/298
f 1620/61/329 1618/58/330 151/58/283 157/61/297
f 1618/58/330 1620/61/329 158/61/298 152/58/286
f 1621/69/331 1622/68/332 171/68/325 173/69/333
f 1622/68/332 1621/69/331 174/69/334 172/68/298
f 1622/68/332 1623/67/335 169/67/320 171/68/325
f 1623/67/335 1622/68/332 172/68/298 170/67/321
f 1623/67/335 1621/69/331 173/69/333 169/67/320
f 1621/69/331 1623/67/335 170/67/321 174/69/334
f 1624/70/336 1625/61/337 157/61/297 175/70/338
f 1625/61/337 1624/70/336 176/70/339 158/61/298
f 1625/61/337 1626/68/340 171/68/325 157/61/297
f 1626/68/340 1625/61/337 158/61/298 172/68/298
f 1626/68/340 1624/70/336 175/70/338 171/68/325
f 1624/70/336 1626/68/340 172/68/298 176/70/339
f 1627/68/341 1628/69/342 173/69/333 171/68/325
f 1628/69/342 1627/68/341 172/68/298 174/69/334
f 1628/69/342 1629/70/343 175/70/338 173/69/333
f 1629/70/343 1628/69/342 174/69/334 176/70/339
f 1629/70/343 1627/68/341 171/68/325 175/70/338
f 1627/68/341 1629/70/343 176/70/339 172/68/298
f 1630/71/344 1631/62/345 159/62/303 177/71/346
f 1631/62/345 1630/71/344 178/71/339 160/62/304
f 1631/62/345 1632/61/340 157/61/297 159/62/303
f 1632/61/340 1631/62/345 160/62/304 158/61/298
f 1632/61/340 1630/71/344 177/71/346 157/61/297
f 1630/71/344 1632/61/340 158/61/298 178/71/339
f 1633/61/347 1634/70/348 175/70/338 157/61/297
f 1634/70/348 1633/61/347 158/61/298 176/70/339
f 1634/70/348 1635/71/349 177/71/346 175/70/338
f 1635/71/349 1634/70/348 176/70/339 178/71/339
f 1635/71/349 1633/61/347 157/61/297 177/71/346
f 1633/61/347 1635/71/349 178/71/339 158/61/298
f 1636/62/350 1637/71/351 177/71/346 159/62/303
f 1637/71/351 1636/62/350 160/62/304 178/71/339
f 1637/71/351 1638/72/352 179/72/353 177/71/346
f 1638/72/352 1637/71/351 178/71/339 180/72/354
f 1638/72/352 1636/62/350 159/62/303 179/72/353
f 1636/62/350 1638/72/352 180/72/354 160/62/304
f 1639/71/355 1640/73/356 181/73/357 177/71/346
f 1640/73/356 1639/71/355 178/71/339 182/73/358
f 1640/73/356 1641/72/359 179/72/353 181/73/357
f 1641/72/359 1640/73/356 182/73/358 180/72/354
f 1641/72/359 1639/71/355 177/71/346 179/72/353
f 1639/71/355 1641/72/359 180/72/354 178/71/339
f 1642/70/360 1643/74/361 183/74/362 175/70/338
f 1643/74/361 1642/70/360 176/70/339 184/74/363
f 1643/74/361 1644/71/364 177/71/346 183/74/362
f 1644/71/364 1643/74/361 184/74/363 178/71/339
f 1644/71/364 1642/70/360 175/70/338 177/71/346
f 1642/70/360 1644/71/364 178/71/339 176/70/339
f 1645/73/365 1646/71/366 177/71/346 181/73/357
f 1646/71/366 1645/73/365 182/73/358 178/71/339
f 1646/71/366 1647/74/367 183/74/362 177/71/346
f 1647/74/367 1646/71/366 178/71/339 184/74/363
f 1647/74/367 1645/73/365 181/73/357 183/74/362
f 1645/73/365 1647/74/367 184/74/363 182/73/358
f 1648/69/368 1649/75/369 185/75/362 173/69/333
f 1649/75/369 1648/69/368 174/69/334 186/75/363
f 1649/75/369 1650/70/364 175/70/338 185/75/362
f 1650/70/364 1649/75/369 186/75/363 176/70/339
f 1650/70/364 1648/69/368 173/69/333 175/70/338
f 1648/69/368 1650/70/364 176/70/339 174/69/334
f 1651/74/365 1652/70/370 175/70/338 183/74/362
f 1652/70/370 1651/74/365 184/74/363 176/70/339
f 1652/70/370 1653/75/367 185/75/362 175/70/338
f 1653/75/367 1652/70/370 176/70/339 186/75/363
f 1653/75/367 1651/74/365 183/74/362 185/75/362
f 1651/74/365 1653/75/367 186/75/363 184/74/363
f 1654/75/365 1655/69/371 173/69/333 185/75/362
f 1655/69/371 1654/75/365 186/75/363 174/69/334
f 1655/69/371 1656/76/367 187/76/372 173/69/333
f 1656/76/367 1655/69/371 174/69/334 188/76/373
f 1656/76/367 1654/75/365 185/75/362 187/76/372
f 1654/75/365 1656/76/367 188/76/373 186/75/363
f 1657/77/374 1658/78/375 193/78/376 191/77/377
f 1658/78/375 1657/77/374 192/77/378 194/78/379
f 1658/78/375 1659/79/380 189/79/381 193/78/376
f 1659/79/380 1658/78/375 194/78/379 190/79/382
f 1659/79/380 1657/77/374 191/77/377 189/79/381
f 1657/77/374 1659/79/380 190/79/382 192/77/378
f 1660/78/383 1661/80/384 195/80/385 193/78/376
f 1661/80/384 1660/78/383 194/78/379 196/80/386
f 1661/80/384 1662/79/387 189/79/381 195/80/385
f 1662/79/387 1661/80/384 196/80/386 190/79/382
f 1662/79/387 1660/78/383 193/78/376 189/79/381
f 1660/78/383 1662/79/387 190/79/382 194/78/379
f 1663/78/388 1664/81/389 197/81/390 193/78/376
f 1664/81/389 1663/78/388 194/78/379 198/81/391
f 1664/81/389 1665/80/392 195/80/385 197/81/390
f 1665/80/392 1664/81/389 198/81/391 196/80/386
f 1665/80/392 1663/78/388 193/78/376 195/80/385
f 1663/78/388 1665/80/392 196/80/386 194/78/379
f 1666/81/393 1667/82/394 199/82/395 197/81/390
f 1667/82/394 1666/81/393 198/81/391 200/82/396
f 1667/82/394 1668/80/397 195/80/385 199/82/395
f 1668/80/397 1667/82/394 200/82/396 196/80/386
f 1668/80/397 1666/81/393 197/81/390 195/80/385
f 1666/81/393 1668/80/397 196/80/386 198/81/391
f 1669/83/398 1670/84/399 205/84/400 203/83/401
f 1670/84/399 1669/83/398 204/83/402 206/84/403
f 1670/84/399 1671/85/404 201/85/405 205/84/400
f 1671/85/404 1670/84/399 206/84/403 202/85/406
f 1671/85/404 1669/83/398 203/83/401 201/85/405
f 1669/83/398 1671/85/404 202/85/406 204/83/402
f 1672/84/407 1673/83/408 203/83/401 205/84/400
f 1673/83/408 1672/84/407 206/84/403 204/83/402
f 1673/83/408 1674/86/409 207/86/410 203/83/401
f 1674/86/409 1673/83/408 204/83/402 208/86/411
f 1674/86/409 1672/84/407 205/84/400 207/86/410
f 1672/84/407 1674/86/409 208/86/411 206/84/403
f 1675/87/412 1676/84/413 205/84/400 209/87/414
f 1676/84/413 1675/87/412 210/87/415 206/84/403
f 1676/84/413 1677/86/416 207/86/410 205/84/400
f 1677/86/416 1676/84/413 206/84/403 208/86/411
f 1677/86/416 1675/87/412 209/87/414 207/86/410
f 1675/87/412 1677/86/416 208/86/411 210/87/415
f 1678/87/417 1679/86/418 207/86/410 209/87/414
f 1679/86/418 1678/87/417 210/87/415 208/86/411
f 1679/86/418 1680/88/419 211/88/420 207/86/410
f 1680/88/419 1679/86/418 208/86/411 212/88/421
f 1680/88/419 1678/87/417 209/87/414 211/88/420
f 1678/87/417 1680/88/419 212/88/421 210/87/415
f 1681/89/422 1682/90/423 215/90/424 213/89/425
f 1682/90/423 1681/89/422 214/89/426 216/90/427
f 1682/90/423 1683/91/428 217/91/429 215/90/424
f 1683/91/428 1682/90/423 216/90/427 218/91/430
f 1683/91/428 1681/89/422 213/89/425 217/91/429
f 1681/89/422 1683/91/428 218/91/430 214/89/426
f 1684/90/431 1685/89/432 213/89/425 215/90/424
f 1685/89/432 1684/90/431 216/90/427 214/89/426
f 1685/89/432 1686/92/433 219/92/434 213/89/425
f 1686/92/433 1685/89/432 214/89/426 220/92/435
f 1686/92/433 1684/90/431 215/90/424 219/92/434
f 1684/90/431 1686/92/433 220/92/435 216/90/427
f 1687/89/436 1688/93/437 221/93/438 213/89/425
f 1688/93/437 1687/89/436 214/89/426 222/93/439
f 1688/93/437 1689/92/440 219/92/434 221/93/438
f 1689/92/440 1688/93/437 222/93/439 220/92/435
f 1689/92/440 1687/89/436 213/89/425 219/92/434
f 1687/89/436 1689/92/440 220/92/435 214/89/426
f 1690/93/441 1691/89/442 213/89/425 221/93/438
f 1691/89/442 1690/93/441 222/93/439 214/89/426
f 1691/89/442 1692/94/443 223/94/444 213/89/425
f 1692/94/443 1691/89/442 214/89/426 224/94/445
f 1692/94/443 1690/93/441 221/93/438 223/94/444
f 1690/93/441 1692/94/443 224/94/445 222/93/439
f 1693/94/446 1694/95/447 225/95/448 223/94/444
f 1694/95/447 1693/94/446 224/94/445 226/95/449
f 1694/95/447 1695/93/450 221/93/438 225/95/448
f 1695/93/450 1694/95/447 226/95/449 222/93/439
f 1695/93/450 1693/94/446 223/94/444 221/93/438
f 1693/94/446 1695/93/450 222/93/439 224/94/445
f 1696/95/451 1697/94/452 223/94/444 225/95/448
f 1697/94/452 1696/95/451 226/95/449 224/94/445
f 1697/94/452 1698/96/453 227/96/454 223/94/444
f 1698/96/453 1697/94/452 224/94/445 228/96/455
f 1698/96/453 1696/95/451 225/95/448 227/96/454
f 1696/95/451 1698/96/453 228/96/455 226/95/449
f 1699/97/456 1700/98/457 233/98/458 229/97/459
f 1700/98/457 1699/97/456 230/97/460 234/98/461
f 1700/98/457 1701/99/462 231/99/463 233/98/458
f 1701/99/462 1700/98/457 234/98/461 232/99/464
f 1701/99/462 1699/97/456 229/97/459 231/99/463
f 1699/97/456 1701/99/462 232/99/464 230/97/460
f 1702/100/465 1703/99/466 231/99/463 235/100/467
f 1703/99/466 1702/100/465 236/100/468 232/99/464
f 1703/99/466 1704/98/469 233/98/458 231/99/463
f 1704/98/469 1703/99/466 232/99/464 234/98/461
f 1704/98/469 1702/100/465 235/100/467 233/98/458
f 1702/100/465 1704/98/469 234/98/461 236/100/468
f 1705/98/470 1706/101/30 237/101/471 233/98/458
f 1706/101/30 1705/98/470 234/98/461 238/101/472
f 1706/101/30 1707/100/473 235/100/467 237/101/471
f 1707/100/473 1706/101/30 238/101/472 236/100/468
f 1707/100/473 1705/98/470 233/98/458 235/100/467
f 1705/98/470 1707/100/473 236/100/468 234/98/461
f 1708/102/474 1709/100/475 235/100/467 239/102/476
f 1709/100/475 1708/102/474 240/102/477 236/100/468
f 1709/100/475 1710/101/478 237/101/471 235/100/467
f 1710/101/478 1709/100/475 236/100/468 238/101/472
f 1710/101/478 1708/102/474 239/102/476 237/101/471
f 1708/102/474 1710/101/478 238/101/472 240/102/477
f 1711/102/479 1712/101/480 237/101/471 239/102/476
f 1712/101/480 1711/102/479 240/102/477 238/101/472
f 1712/101/480 1713/103/481 241/103/482 237/101/471
f 1713/103/481 1712/101/480 238/101/472 242/103/483
f 1713/103/481 1711/102/479 239/102/476 241/103/482
f 1711/102/479 1713/103/481 242/103/483 240/102/477
f 1714/104/484 1715/102/485 239/102/476 243/104/486
f 1715/102/485 1714/104/484 244/104/487 240/102/477
f 1715/102/485 1716/103/488 241/103/482 239/102/476
f 1716/103/488 1715/102/485 240/102/477 242/103/483
f 1716/103/488 1714/104/484 243/104/486 241/103/482
f 1714/104/484 1716/103/488 242/103/483 244/104/487
f 1717/105/489 1718/83/490 245/83/491 249/105/492
f 1718/83/490 1717/105/489 250/105/493 246/83/494
f 1718/83/490 1719/106/495 247/106/496 245/83/491
f 1719/106/495 1718/83/490 246/83/494 248/106/497
f 1719/106/495 1717/105/489 249/105/492 247/106/496
f 1717/105/489 1719/106/495 248/106/497 250/105/493
f 1720/83/498 1721/105/499 249/105/492 245/83/491
f 1721/105/499 1720/83/498 246/83/494 250/105/493
f 1721/105/499 1722/86/500 251/86/501 249/105/492
f 1722/86/500 1721/105/499 250/105/493 252/86/502
f 1722/86/500 1720/83/498 245/83/491 251/86/501
f 1720/83/498 1722/86/500 252/86/502 246/83/494
f 1723/88/503 1724/86/504 251/86/501 253/88/505
f 1724/86/504 1723/88/503 254/88/506 252/86/502
f 1724/86/504 1725/105/507 249/105/492 251/86/501
f 1725/105/507 1724/86/504 252/86/502 250/105/493
f 1725/105/507 1723/88/503 253/88/505 249/105/492
f 1723/88/503 1725/105/507 250/105/493 254/88/506
f 1726/105/508 1727/107/509 255/107/510 249/105/492
f 1727/107/509 1726/105/508 250/105/493 256/107/511
f 1727/107/509 1728/88/512 253/88/505 255/107/510
f 1728/88/512 1727/107/509 256/107/511 254/88/506
f 1728/88/512 1726/105/508 249/105/492 253/88/505
f 1726/105/508 1728/88/512 254/88/506 250/105/493
f 1729/108/513 1730/87/514 261/87/515 265/108/516
f 1730/87/514 1729/108/513 266/108/517 262/87/518
f 1730/87/514 1731/109/519 257/109/520 261/87/515
f 1731/109/519 1730/87/514 262/87/518 258/109/521
f 1731/109/519 1729/108/513 265/108/516 257/109/520
f 1729/108/513 1731/109/519 258/109/521 266/108/517
f 1732/85/522 1733/108/523 265/108/516 259/85/524
f 1733/108/523 1732/85/522 260/85/525 266/108/517
f 1733/108/523 1734/110/526 263/110/527 265/108/516
f 1734/110/526 1733/108/523 266/108/517 264/110/528
f 1734/110/526 1732/85/522 259/85/524 263/110/527
f 1732/85/522 1734/110/526 264/110/528 260/85/525
f 1735/87/529 1736/108/530 265/108/516 261/87/515
f 1736/108/530 1735/87/529 262/87/518 266/108/517
f 1736/108/530 1737/84/531 267/84/532 265/108/516
f 1737/84/531 1736/108/530 266/108/517 268/84/533
f 1737/84/531 1735/87/529 261/87/515 267/84/532
f 1735/87/529 1737/84/531 268/84/533 262/87/518
f 1738/108/534 1739/85/535 259/85/524 265/108/516
f 1739/85/535 1738/108/534 266/108/517 260/85/525
f 1739/85/535 1740/84/536 267/84/532 259/85/524
f 1740/84/536 1739/85/535 260/85/525 268/84/533
f 1740/84/536 1738/108/534 265/108/516 267/84/532
f 1738/108/534 1740/84/536 268/84/533 266/108/517
f 1741/111/537 1742/112/538 273/112/539 269/111/540
f 1742/112/538 1741/111/537 270/111/541 274/112/542
f 1742/112/538 1743/113/543 271/113/544 273/112/539
f 1743/113/543 1742/112/538 274/112/542 272/113/545
f 1743/113/543 1741/111/537 269/111/540 271/113/544
f 1741/111/537 1743/113/543 272/113/545 270/111/541
f 1744/112/546 1745/111/547 269/111/540 273/112/539
f 1745/111/547 1744/112/546 274/112/542 270/111/541
f 1745/111/547 1746/114/548 275/114/549 269/111/540
f 1746/114/548 1745/111/547 270/111/541 276/114/550
f 1746/114/548 1744/112/546 273/112/539 275/114/549
f 1744/112/546 1746/114/548 276/114/550 274/112/542
f 1747/114/551 1748/115/552 277/115/553 275/114/549
f 1748/115/552 1747/114/551 276/114/550 278/115/554
f 1748/115/552 1749/112/555 273/112/539 277/115/553
f 1749/112/555 1748/115/552 278/115/554 274/112/542
f 1749/112/555 1747/114/551 275/114/549 273/112/539
f 1747/114/551 1749/112/555 274/112/542 276/114/550
f 1750/115/556 1751/114/557 275/114/549 277/115/553
f 1751/114/557 1750/115/556 278/115/554 276/114/550
f 1751/114/557 1752/116/558 279/116/559 275/114/549
f 1752/116/558 1751/114/557 276/114/550 280/116/560
f 1752/116/558 1750/115/556 277/115/553 279/116/559
f 1750/115/556 1752/116/558 280/116/560 278/115/554
f 1753/117/561 1754/115/562 277/115/553 281/117/563
f 1754/115/562 1753/117/561 282/117/564 278/115/554
f 1754/115/562 1755/116/565 279/116/559 277/115/553
f 1755/116/565 1754/115/562 278/115/554 280/116/560
f 1755/116/565 1753/117/561 281/117/563 279/116/559
f 1753/117/561 1755/116/565 280/116/560 282/117/564
f 1756/115/566 1757/117/567 281/117/563 277/115/553
f 1757/117/567 1756/115/566 278/115/554 282/117/564
f 1757/117/567 1758/118/568 283/118/569 281/117/563
f 1758/118/568 1757/117/567 282/117/564 284/118/570
f 1758/118/568 1756/115/566 277/115/553 283/118/569
f 1756/115/566 1758/118/568 284/118/570 278/115/554
f 1759/119/571 1760/120/572 289/120/573 287/119/574
f 1760/120/572 1759/119/571 288/119/575 290/120/576
f 1760/120/572 1761/121/577 285/121/578 289/120/573
f 1761/121/577 1760/120/572 290/120/576 286/121/579
f 1761/121/577 1759/119/571 287/119/574 285/121/578
f 1759/119/571 1761/121/577 286/121/579 288/119/575
f 1762/122/580 1763/121/581 285/121/578 291/122/582
f 1763/121/581 1762/122/580 292/122/583 286/121/579
f 1763/121/581 1764/120/584 289/120/573 285/121/578
f 1764/120/584 1763/121/581 286/121/579 290/120/576
f 1764/120/584 1762/122/580 291/122/582 289/120/573
f 1762/122/580 1764/120/584 290/120/576 292/122/583
f 1765/123/585 1766/122/586 291/122/582 293/123/587
f 1766/122/586 1765/123/585 294/123/588 292/122/583
f 1766/122/586 1767/120/589 289/120/573 291/122/582
f 1767/120/589 1766/122/586 292/122/583 290/120/576
f 1767/120/589 1765/123/585 293/123/587 289/120/573
f 1765/123/585 1767/120/589 290/120/576 294/123/588
f 1768/122/590 1769/123/591 293/123/587 291/122/582
f 1769/123/591 1768/122/590 292/122/583 294/123/588
f 1769/123/591 1770/124/592 297/124/593 293/123/587
f 1770/124/592 1769/123/591 294/123/588 298/124/594
f 1770/124/592 1768/122/590 291/122/582 297/124/593
f 1768/122/590 1770/124/592 298/124/594 292/122/583
f 1771/123/595 1772/125/596 295/125/597 293/123/587
f 1772/125/596 1771/123/595 294/123/588 296/125/598
f 1772/125/596 1773/124/599 297/124/593 295/125/597
f 1773/124/599 1772/125/596 296/125/598 298/124/594
f 1773/124/599 1771/123/595 293/123/587 297/124/593
f 1771/123/595 1773/124/599 298/124/594 294/123/588
f 1774/125/600 1775/123/601 293/123/587 295/125/597
f 1775/123/601 1774/125/600 296/125/598 294/123/588
f 1775/123/601 1776/126/602 299/126/603 293/123/587
f 1776/126/602 1775/123/601 294/123/588 300/126/604
f 1776/126/602 1774/125/600 295/125/597 299/126/603
f 1774/125/600 1776/126/602 300/126/604 296/125/598
f 1777/127/605 1778/128/606 303/128/607 301/127/608
f 1778/128/606 1777/127/605 302/127/609 304/128/610
f 1778/128/606 1779/129/611 305/129/612 303/128/607
f 1779/129/611 1778/128/606 304/128/610 306/129/613
f 1779/129/611 1777/127/605 301/127/608 305/129/612
f 1777/127/605 1779/129/611 306/129/613 302/127/609
f 1780/130/614 1781/131/615 307/131/616 309/130/617
f 1781/131/615 1780/130/614 310/130/618 308/131/619
f 1781/131/615 1782/132/620 311/132/621 307/131/616
f 1782/132/620 1781/131/615 308/131/619 312/132/622
f 1782/132/620 1780/130/614 309/130/617 311/132/621
f 1780/130/614 1782/132/620 312/132/622 310/130/618
f 1783/124/623 1784/114/624 315/114/625 313/124/626
f 1784/114/624 1783/124/623 314/124/627 316/114/628
f 1784/114/624 1785/122/629 317/122/630 315/114/625
f 1785/122/629 1784/114/624 316/114/628 318/122/631
f 1785/122/629 1783/124/623 313/124/626 317/122/630
f 1783/124/623 1785/122/629 318/122/631 314/124/627
f 1786/114/632 1787/111/633 319/111/634 315/114/625
f 1787/111/633 1786/114/632 316/114/628 320/111/635
f 1787/111/633 1788/122/636 317/122/630 319/111/634
f 1788/122/636 1787/111/633 320/111/635 318/122/631
f 1788/122/636 1786/114/632 315/114/625 317/122/630
f 1786/114/632 1788/122/636 318/122/631 316/114/628
f 1789/114/637 1790/124/638 313/124/626 315/114/625
f 1790/124/638 1789/114/637 316/114/628 314/124/627
f 1790/124/638 1791/116/639 321/116/640 313/124/626
f 1791/116/639 1790/124/638 314/124/627 322/116/641
f 1791/116/639 1789/114/637 315/114/625 321/116/640
f 1789/114/637 1791/116/639 322/116/641 316/114/628
f 1792/121/642 1793/122/643 317/122/630 323/121/644
f 1793/122/643 1792/121/642 324/121/645 318/122/631
f 1793/122/643 1794/111/646 319/111/634 317/122/630
f 1794/111/646 1793/122/643 318/122/631 320/111/635
f 1794/111/646 1792/121/642 323/121/644 319/111/634
f 1792/121/642 1794/111/646 320/111/635 324/121/645
f 1795/125/647 1796/116/648 321/116/640 325/125/649
f 1796/116/648 1795/125/647 326/125/650 322/116/641
f 1796/116/648 1797/124/651 313/124/626 321/116/640
f 1797/124/651 1796/116/648 322/116/641 314/124/627
f 1797/124/651 1795/125/647 325/125/649 313/124/626
f 1795/125/647 1797/124/651 314/124/627 326/125/650
f 1798/116/652 1799/125/653 325/125/649 321/116/640
f 1799/125/653 1798/116/652 322/116/641 326/125/650
f 1799/125/653 1800/117/654 327/117/655 325/125/649
f 1800/117/654 1799/125/653 326/125/650 328/117/656
f 1800/117/654 1798/116/652 321/116/640 327/117/655
f 1798/116/652 1800/117/654 328/117/656 322/116/641
f 1801/133/657 1802/134/658 331/134/659 329/133/660
f 1802/134/658 1801/133/657 330/133/661 332/134/662
f 1802/134/658 1803/135/663 333/135/664 331/134/659
f 1803/135/663 1802/134/658 332/134/662 334/135/665
f 1803/135/663 1801/133/657 329/133/660 333/135/664
f 1801/133/657 1803/135/663 334/135/665 330/133/661
f 1804/136/666 1805/133/667 329/133/660 335/136/668
f 1805/133/667 1804/136/666 336/136/669 330/133/661
f 1805/133/667 1806/135/670 333/135/664 329/133/660
f 1806/135/670 1805/133/667 330/133/661 334/135/665
f 1806/135/670 1804/136/666 335/136/668 333/135/664
f 1804/136/666 1806/135/670 334/135/665 336/136/669
f 1807/134/671 1808/133/672 329/133/660 331/134/659
f 1808/133/672 1807/134/671 332/134/662 330/133/661
f 1808/133/672 1809/137/673 337/137/674 329/133/660
f 1809/137/673 1808/133/672 330/133/661 338/137/675
f 1809/137/673 1807/134/671 331/134/659 337/137/674
f 1807/134/671 1809/137/673 338/137/675 332/134/662
f 1810/133/676 1811/136/677 335/136/668 329/133/660
f 1811/136/677 1810/133/676 330/133/661 336/136/669
f 1811/136/677 1812/138/678 339/138/679 335/136/668
f 1812/138/678 1811/136/677 336/136/669 340/138/680
f 1812/138/678 1810/133/676 329/133/660 339/138/679
f 1810/133/676 1812/138/678 340/138/680 330/133/661
f 1813/139/681 1814/140/682 343/140/683 341/139/684
f 1814/140/682 1813/139/681 342/139/685 344/140/686
f 1814/140/682 1815/141/687 345/141/688 343/140/683
f 1815/141/687 1814/140/682 344/140/686 346/141/689
f 1815/141/687 1813/139/681 341/139/684 345/141/688
f 1813/139/681 1815/141/687 346/141/689 342/139/685
f 1816/140/690 1817/139/691 349/139/692 347/140/693
f 1817/139/691 1816/140/690 348/140/694 350/139/695
f 1817/139/691 1818/142/696 351/142/697 349/139/692
f 1818/142/696 1817/139/691 350/139/695 352/142/698
f 1818/142/696 1816/140/690 347/140/693 351/142/697
f 1816/140/690 1818/142/696 352/142/698 348/140/694
f 1819/143/699 1820/141/700 355/141/701 353/143/702
f 1820/141/700 1819/143/699 354/143/703 356/141/704
f 1820/141/700 1821/144/705 357/144/706 355/141/701
f 1821/144/705 1820/141/700 356/141/704 358/144/707
f 1821/144/705 1819/143/699 353/143/702 357/144/706
f 1819/143/699 1821/144/705 358/144/707 354/143/703
f 1822/144/708 1823/141/709 355/141/701 357/144/706
f 1823/141/709 1822/144/708 358/144/707 356/141/704
f 1823/141/709 1824/140/710 359/140/711 355/141/701
f 1824/140/710 1823/141/709 356/141/704 360/140/712
f 1824/140/710 1822/144/708 357/144/706 359/140/711
f 1822/144/708 1824/140/710 360/140/712 358/144/707
f 1825/139/713 1826/145/714 363/145/715 361/139/716
f 1826/145/714 1825/139/713 362/139/717 364/145/718
f 1826/145/714 1827/146/719 365/146/720 363/145/715
f 1827/146/719 1826/145/714 364/145/718 366/146/721
f 1827/146/719 1825/139/713 361/139/716 365/146/720
f 1825/139/713 1827/146/719 366/146/721 362/139/717
f 1828/139/722 1829/146/723 369/146/724 367/139/725
f 1829/146/723 1828/139/722 368/139/726 370/146/727
f 1829/146/723 1830/142/728 371/142/729 369/146/724
f 1830/142/728 1829/146/723 370/146/727 372/142/730
f 1830/142/728 1828/139/722 367/139/725 371/142/729
f 1828/139/722 1830/142/728 372/142/730 368/139/726
f 1831/145/731 1832/147/732 375/147/733 373/145/734
f 1832/147/732 1831/145/731 374/145/735 376/147/736
f 1832/147/732 1833/148/737 377/148/738 375/147/733
f 1833/148/737 1832/147/732 376/147/736 378/148/739
f 1833/148/737 1831/145/731 373/145/734 377/148/738
f 1831/145/731 1833/148/737 378/148/739 374/145/735
f 1834/148/740 1835/146/741 379/146/742 377/148/738
f 1835/146/741 1834/148/740 378/148/739 380/146/743
f 1835/146/741 1836/145/744 373/145/734 379/146/742
f 1836/145/744 1835/146/741 380/146/743 374/145/735
f 1836/145/744 1834/148/740 377/148/738 373/145/734
f 1834/148/740 1836/145/744 374/145/735 378/148/739
f 1837/149/745 1838/150/746 383/150/747 381/149/748
f 1838/150/746 1837/149/745 382/149/749 384/150/750
f 1838/150/746 1839/151/751 385/151/752 383/150/747
f 1839/151/751 1838/150/746 384/150/750 386/151/753
f 1839/151/751 1837/149/745 381/149/748 385/151/752
f 1837/149/745 1839/151/751 386/151/753 382/149/749
f 1840/151/754 1841/152/755 389/152/756 387/151/757
f 1841/152/755 1840/151/754 388/151/758 390/152/759
f 1841/152/755 1842/149/760 391/149/761 389/152/756
f 1842/149/760 1841/152/755 390/152/759 392/149/762
f 1842/149/760 1840/151/754 387/151/757 391/149/761
f 1840/151/754 1842/149/760 392/149/762 388/151/758
f 1843/151/763 1844/153/764 395/153/765 393/151/766
f 1844/153/764 1843/151/763 394/151/767 396/153/768
f 1844/153/764 1845/154/769 397/154/770 395/153/765
f 1845/154/769 1844/153/764 396/153/768 398/154/771
f 1845/154/769 1843/151/763 393/151/766 397/154/770
f 1843/151/763 1845/154/769 398/154/771 394/151/767
f 1846/153/772 1847/151/773 393/151/766 395/153/765
f 1847/151/773 1846/153/772 396/153/768 394/151/767
f 1847/151/773 1848/150/774 399/150/775 393/151/766
f 1848/150/774 1847/151/773 394/151/767 400/150/776
f 1848/150/774 1846/153/772 395/153/765 399/150/775
f 1846/153/772 1848/150/774 400/150/776 396/153/768
f 1849/155/777 1850/156/778 403/156/779 401/155/780
f 1850/156/778 1849/155/777 402/155/781 404/156/782
f 1850/156/778 1851/157/783 405/157/784 403/156/779
f 1851/157/783 1850/156/778 404/156/782 406/157/785
f 1851/157/783 1849/155/777 401/155/780 405/157/784
f 1849/155/777 1851/157/783 406/157/785 402/155/781
f 1852/156/786 1853/155/787 401/155/780 403/156/779
f 1853/155/787 1852/156/786 404/156/782 402/155/781
f 1853/155/787 1854/158/788 407/158/789 401/155/780
f 1854/158/788 1853/155/787 402/155/781 408/158/790
f 1854/158/788 1852/156/786 403/156/779 407/158/789
f 1852/156/786 1854/158/788 408/158/790 404/156/782
f 1855/159/791 1856/160/792 411/160/793 409/159/794
f 1856/160/792 1855/159/791 410/159/795 412/160/796
f 1856/160/792 1857/161/797 413/161/798 411/160/793
f 1857/161/797 1856/160/792 412/160/796 414/161/799
f 1857/161/797 1855/159/791 409/159/794 413/161/798
f 1855/159/791 1857/161/797 414/161/799 410/159/795
f 1858/161/800 1859/160/801 411/160/793 413/161/798
f 1859/160/801 1858/161/800 414/161/799 412/160/796
f 1859/160/801 1860/162/802 415/162/803 411/160/793
f 1860/162/802 1859/160/801 412/160/796 416/162/804
f 1860/162/802 1858/161/800 413/161/798 415/162/803
f 1858/161/800 1860/162/802 416/162/804 414/161/799
f 1861/160/805 1862/163/806 417/163/807 411/160/793
f 1862/163/806 1861/160/805 412/160/796 418/163/808
f 1862/163/806 1863/162/809 415/162/803 417/163/807
f 1863/162/809 1862/163/806 418/163/808 416/162/804
f 1863/162/809 1861/160/805 411/160/793 415/162/803
f 1861/160/805 1863/162/809 416/162/804 412/160/796
f 1864/160/810 1865/159/811 409/159/794 411/160/793
f 1865/159/811 1864/160/810 412/160/796 410/159/795
f 1865/159/811 1866/164/812 419/164/813 409/159/794
f 1866/164/812 1865/159/811 410/159/795 420/164/814
f 1866/164/812 1864/160/810 411/160/793 419/164/813
f 1864/160/810 1866/164/812 420/164/814 412/160/796
f 1867/162/815 1868/163/816 417/163/807 415/162/803
f 1868/163/816 1867/162/815 416/162/804 418/163/808
f 1868/163/816 1869/165/817 421/165/818 417/163/807
f 1869/165/817 1868/163/816 418/163/808 422/165/819
f 1869/165/817 1867/162/815 415/162/803 421/165/818
f 1867/162/815 1869/165/817 422/165/819 416/162/804
f 1870/161/820 1871/166/821 423/166/822 413/161/798
f 1871/166/821 1870/161/820 414/161/799 424/166/823
f 1871/166/821 1872/159/824 409/159/794 423/166/822
f 1872/159/824 1871/166/821 424/166/823 410/159/795
f 1872/159/824 1870/161/820 413/161/798 409/159/794
f 1870/161/820 1872/159/824 410/159/795 414/161/799
f 1873/167/825 1874/164/826 419/164/813 425/167/827
f 1874/164/826 1873/167/825 426/167/828 420/164/814
f 1874/164/826 1875/159/829 409/159/794 419/164/813
f 1875/159/829 1874/164/826 420/164/814 410/159/795
f 1875/159/829 1873/167/825 425/167/827 409/159/794
f 1873/167/825 1875/159/829 410/159/795 426/167/828
f 1876/166/830 1877/161/831 413/161/798 423/166/822
f 1877/161/831 1876/166/830 424/166/823 414/161/799
f 1877/161/831 1878/168/832 427/168/833 413/161/798
f 1878/168/832 1877/161/831 414/161/799 428/168/834
f 1878/168/832 1876/166/830 423/166/822 427/168/833
f 1876/166/830 1878/168/832 428/168/834 424/166/823
f 1879/164/835 1880/167/836 425/167/827 419/164/813
f 1880/167/836 1879/164/835 420/164/814 426/167/828
f 1880/167/836 1881/169/837 429/169/838 425/167/827
f 1881/169/837 1880/167/836 426/167/828 430/169/839
f 1881/169/837 1879/164/835 419/164/813 429/169/838
f 1879/164/835 1881/169/837 430/169/839 420/164/814
f 1882/166/840 1883/168/841 427/168/833 423/166/822
f 1883/168/841 1882/166/840 424/166/823 428/168/834
f 1883/168/841 1884/170/842 431/170/843 427/168/833
f 1884/170/842 1883/168/841 428/168/834 432/170/844
f 1884/170/842 1882/166/840 423/166/822 431/170/843
f 1882/166/840 1884/170/842 432/170/844 424/166/823
f 1885/167/845 1886/171/846 433/171/847 425/167/827
f 1886/171/846 1885/167/845 426/167/828 434/171/848
f 1886/171/846 1887/169/849 429/169/838 433/171/847
f 1887/169/849 1886/171/846 434/171/848 430/169/839
f 1887/169/849 1885/167/845 425/167/827 429/169/838
f 1885/167/845 1887/169/849 430/169/839 426/167/828
f 1888/170/850 1889/168/851 427/168/833 431/170/843
f 1889/168/851 1888/170/850 432/170/844 428/168/834
f 1889/168/851 1890/172/852 435/172/853 427/168/833
f 1890/172/852 1889/168/851 428/168/834 436/172/854
f 1890/172/852 1888/170/850 431/170/843 435/172/853
f 1888/170/850 1890/172/852 436/172/854 432/170/844
f 1891/173/855 1892/170/856 431/170/843 437/173/857
f 1892/170/856 1891/173/855 438/173/858 432/170/844
f 1892/170/856 1893/172/859 435/172/853 431/170/843
f 1893/172/859 1892/170/856 432/170/844 436/172/854
f 1893/172/859 1891/173/855 437/173/857 435/172/853
f 1891/173/855 1893/172/859 436/172/854 438/173/858
f 1894/170/860 1895/173/861 437/173/857 431/170/843
f 1895/173/861 1894/170/860 432/170/844 438/173/858
f 1895/173/861 1896/174/862 439/174/863 437/173/857
f 1896/174/862 1895/173/861 438/173/858 440/174/864
f 1896/174/862 1894/170/860 431/170/843 439/174/863
f 1894/170/860 1896/174/862 440/174/864 432/170/844
f 1897/175/865 1898/174/866 439/174/863 441/175/867
f 1898/174/866 1897/175/865 442/175/868 440/174/864
f 1898/174/866 1899/173/869 437/173/857 439/174/863
f 1899/173/869 1898/174/866 440/174/864 438/173/858
f 1899/173/869 1897/175/865 441/175/867 437/173/857
f 1897/175/865 1899/173/869 438/173/858 442/175/868
f 1900/174/870 1901/175/871 441/175/867 439/174/863
f 1901/175/871 1900/174/870 440/174/864 442/175/868
f 1901/175/871 1902/176/872 443/176/873 441/175/867
f 1902/176/872 1901/175/871 442/175/868 444/176/874
f 1902/176/872 1900/174/870 439/174/863 443/176/873
f 1900/174/870 1902/176/872 444/176/874 440/174/864
f 1903/177/875 1904/176/876 443/176/873 445/177/877
f 1904/176/876 1903/177/875 446/177/878 444/176/874
f 1904/176/876 1905/175/879 441/175/867 443/176/873
f 1905/175/879 1904/176/876 444/176/874 442/175/868
f 1905/175/879 1903/177/875 445/177/877 441/175/867
f 1903/177/875 1905/175/879 442/175/868 446/177/878
f 1906/171/880 1907/167/881 425/167/827 433/171/847
f 1907/167/881 1906/171/880 434/171/848 426/167/828
f 1907/167/881 1908/178/882 447/178/883 425/167/827
f 1908/178/882 1907/167/881 426/167/828 448/178/884
f 1908/178/882 1906/171/880 433/171/847 447/178/883
f 1906/171/880 1908/178/882 448/178/884 434/171/848
f 1909/176/885 1910/177/886 445/177/877 443/176/873
f 1910/177/886 1909/176/885 444/176/874 446/177/878
f 1910/177/886 1911/179/887 449/179/888 445/177/877
f 1911/179/887 1910/177/886 446/177/878 450/179/889
f 1911/179/887 1909/176/885 443/176/873 449/179/888
f 1909/176/885 1911/179/887 450/179/889 444/176/874
f 1912/178/890 1913/180/891 451/180/892 447/178/883
f 1913/180/891 1912/178/890 448/178/884 452/180/893
f 1913/180/891 1914/171/894 433/171/847 451/180/892
f 1914/171/894 1913/180/891 452/180/893 434/171/848
f 1914/171/894 1912/178/890 447/178/883 433/171/847
f 1912/178/890 1914/171/894 434/171/848 448/178/884
f 1915/180/895 1916/178/896 447/178/883 451/180/892
f 1916/178/896 1915/180/895 452/180/893 448/178/884
f 1916/178/896 1917/181/897 453/181/898 447/178/883
f 1917/181/897 1916/178/896 448/178/884 454/181/899
f 1917/181/897 1915/180/895 451/180/892 453/181/898
f 1915/180/895 1917/181/897 454/181/899 452/180/893
f 1918/171/900 1919/180/901 451/180/892 433/171/847
f 1919/180/901 1918/171/900 434/171/848 452/180/893
f 1919/180/901 1920/182/902 455/182/903 451/180/892
f 1920/182/902 1919/180/901 452/180/893 456/182/904
f 1920/182/902 1918/171/900 433/171/847 455/182/903
f 1918/171/900 1920/182/902 456/182/904 434/171/848
f 1921/183/905 1922/182/906 455/182/903 457/183/907
f 1922/182/906 1921/183/905 458/183/908 456/182/904
f 1922/182/906 1923/180/909 451/180/892 455/182/903
f 1923/180/909 1922/182/906 456/182/904 452/180/893
f 1923/180/909 1921/183/905 457/183/907 451/180/892
f 1921/183/905 1923/180/909 452/180/893 458/183/908
f 1924/165/910 1925/179/911 449/179/888 421/165/818
f 1925/179/911 1924/165/910 422/165/819 450/179/889
f 1925/179/911 1926/177/912 445/177/877 449/179/888
f 1926/177/912 1925/179/911 450/179/889 446/177/878
f 1926/177/912 1924/165/910 421/165/818 445/177/877
f 1924/165/910 1926/177/912 446/177/878 422/165/819
f 1927/182/913 1928/183/914 457/183/907 455/182/903
f 1928/183/914 1927/182/913 456/182/904 458/183/908
f 1928/183/914 1929/184/915 459/184/916 457/183/907
f 1929/184/915 1928/183/914 458/183/908 460/184/917
f 1929/184/915 1927/182/913 455/182/903 459/184/916
f 1927/182/913 1929/184/915 460/184/917 456/182/904
f 1930/179/918 1931/165/919 421/165/818 449/179/888
f 1931/165/919 1930/179/918 450/179/889 422/165/819
f 1931/165/919 1932/163/920 417/163/807 421/165/818
f 1932/163/920 1931/165/919 422/165/819 418/163/808
f 1932/163/920 1930/179/918 449/179/888 417/163/807
f 1930/179/918 1932/163/920 418/163/808 450/179/889
f 1933/179/921 1934/163/922 417/163/807 449/179/888
f 1934/163/922 1933/179/921 450/179/889 418/163/808
f 1934/163/922 1935/185/923 461/185/924 417/163/807
f 1935/185/923 1934/163/922 418/163/808 462/185/925
f 1935/185/923 1933/179/921 449/179/888 461/185/924
f 1933/179/921 1935/185/923 462/185/925 450/179/889
f 1936/186/926 1937/179/927 449/179/888 463/186/928
f 1937/179/927 1936/186/926 464/186/929 450/179/889
f 1937/179/927 1938/185/930 461/185/924 449/179/888
f 1938/185/930 1937/179/927 450/179/889 462/185/925
f 1938/185/930 1936/186/926 463/186/928 461/185/924
f 1936/186/926 1938/185/930 462/185/925 464/186/929
f 1939/187/931 1940/179/932 449/179/888 465/187/933
f 1940/179/932 1939/187/931 466/187/934 450/179/889
f 1940/179/932 1941/186/935 463/186/928 449/179/888
f 1941/186/935 1940/179/932 450/179/889 464/186/929
f 1941/186/935 1939/187/931 465/187/933 463/186/928
f 1939/187/931 1941/186/935 464/186/929 466/187/934
f 1942/184/936 1943/187/937 465/187/933 459/184/916
f 1943/187/937 1942/184/936 460/184/917 466/187/934
f 1943/187/937 1944/186/938 463/186/928 465/187/933
f 1944/186/938 1943/187/937 466/187/934 464/186/929
f 1944/186/938 1942/184/936 459/184/916 463/186/928
f 1942/184/936 1944/186/938 464/186/929 460/184/917
f 1945/183/939 1946/187/940 465/187/933 457/183/907
f 1946/187/940 1945/183/939 458/183/908 466/187/934
f 1946/187/940 1947/184/941 459/184/916 465/187/933
f 1947/184/941 1946/187/940 466/187/934 460/184/917
f 1947/184/941 1945/183/939 457/183/907 459/184/916
f 1945/183/939 1947/184/941 460/184/917 458/183/908
f 1948/187/942 1949/183/943 457/183/907 465/187/933
f 1949/183/943 1948/187/942 466/187/934 458/183/908
f 1949/183/943 1950/188/944 467/188/945 457/183/907
f 1950/188/944 1949/183/943 458/183/908 468/188/946
f 1950/188/944 1948/187/942 465/187/933 467/188/945
f 1948/187/942 1950/188/944 468/188/946 466/187/934
f 1951/189/947 1952/167/948 471/167/949 469/189/950
f 1952/167/948 1951/189/947 470/189/951 472/167/952
f 1952/167/948 1953/190/953 473/190/954 471/167/949
f 1953/190/953 1952/167/948 472/167/952 474/190/955
f 1953/190/953 1951/189/947 469/189/950 473/190/954
f 1951/189/947 1953/190/953 474/190/955 470/189/951
f 1954/191/956 1955/190/957 473/190/954 475/191/958
f 1955/190/957 1954/191/956 476/191/959 474/190/955
f 1955/190/957 1956/167/960 471/167/949 473/190/954
f 1956/167/960 1955/190/957 474/190/955 472/167/952
f 1956/167/960 1954/191/956 475/191/958 471/167/949
f 1954/191/956 1956/167/960 472/167/952 476/191/959
f 1957/167/961 1958/189/962 469/189/950 471/167/949
f 1958/189/962 1957/167/961 472/167/952 470/189/951
f 1958/189/962 1959/178/963 477/178/964 469/189/950
f 1959/178/963 1958/189/962 470/189/951 478/178/965
f 1959/178/963 1957/167/961 471/167/949 477/178/964
f 1957/167/961 1959/178/963 478/178/965 472/167/952
f 1960/167/966 1961/159/967 479/159/968 471/167/949
f 1961/159/967 1960/167/966 472/167/952 480/159/969
f 1961/159/967 1962/191/970 475/191/958 479/159/968
f 1962/191/970 1961/159/967 480/159/969 476/191/959
f 1962/191/970 1960/167/966 471/167/949 475/191/958
f 1960/167/966 1962/191/970 476/191/959 472/167/952
f 1963/189/971 1964/181/972 481/181/973 469/189/950
f 1964/181/972 1963/189/971 470/189/951 482/181/974
f 1964/181/972 1965/178/975 477/178/964 481/181/973
f 1965/178/975 1964/181/972 482/181/974 478/178/965
f 1965/178/975 1963/189/971 469/189/950 477/178/964
f 1963/189/971 1965/178/975 478/178/965 470/189/951
f 1966/166/976 1967/191/977 475/191/958 483/166/978
f 1967/191/977 1966/166/976 484/166/979 476/191/959
f 1967/191/977 1968/159/980 479/159/968 475/191/958
f 1968/159/980 1967/191/977 476/191/959 480/159/969
f 1968/159/980 1966/166/976 483/166/978 479/159/968
f 1966/166/976 1968/159/980 480/159/969 484/166/979
f 1969/189/981 1970/192/982 485/192/983 469/189/950
f 1970/192/982 1969/189/981 470/189/951 486/192/984
f 1970/192/982 1971/181/985 481/181/973 485/192/983
f 1971/181/985 1970/192/982 486/192/984 482/181/974
f 1971/181/985 1969/189/981 469/189/950 481/181/973
f 1969/189/981 1971/181/985 482/181/974 470/189/951
f 1972/191/986 1973/166/987 483/166/978 475/191/958
f 1973/166/987 1972/191/986 476/191/959 484/166/979
f 1973/166/987 1974/193/988 487/193/989 483/166/978
f 1974/193/988 1973/166/987 484/166/979 488/193/990
f 1974/193/988 1972/191/986 475/191/958 487/193/989
f 1972/191/986 1974/193/988 488/193/990 476/191/959
f 1975/170/991 1976/193/992 487/193/989 491/170/993
f 1976/193/992 1975/170/991 492/170/994 488/193/990
f 1976/193/992 1977/166/995 483/166/978 487/193/989
f 1977/166/995 1976/193/992 488/193/990 484/166/979
f 1977/166/995 1975/170/991 491/170/993 483/166/978
f 1975/170/991 1977/166/995 484/166/979 492/170/994
f 1978/181/996 1979/194/997 489/194/998 481/181/999
f 1979/194/997 1978/181/996 482/181/1000 490/194/1001
f 1979/194/997 1980/180/1002 493/180/1003 489/194/998
f 1980/180/1002 1979/194/997 490/194/1001 494/180/1004
f 1980/180/1002 1978/181/996 481/181/999 493/180/1003
f 1978/181/996 1980/180/1002 494/180/1004 482/181/1000
f 1981/193/1005 1982/170/1006 491/170/993 487/193/989
f 1982/170/1006 1981/193/1005 488/193/990 492/170/994
f 1982/170/1006 1983/195/1007 495/195/1008 491/170/993
f 1983/195/1007 1982/170/1006 492/170/994 496/195/1009
f 1983/195/1007 1981/193/1005 487/193/989 495/195/1008
f 1981/193/1005 1983/195/1007 496/195/1009 488/193/990
f 1984/196/1010 1985/180/1011 493/180/1003 497/196/1012
f 1985/180/1011 1984/196/1010 498/196/1013 494/180/1004
f 1985/180/1011 1986/194/1014 489/194/998 493/180/1003
f 1986/194/1014 1985/180/1011 494/180/1004 490/194/1001
f 1986/194/1014 1984/196/1010 497/196/1012 489/194/998
f 1984/196/1010 1986/194/1014 490/194/1001 498/196/1013
f 1987/170/1015 1988/197/1016 499/197/1017 491/170/993
f 1988/197/1016 1987/170/1015 492/170/994 500/197/1018
f 1988/197/1016 1989/195/1019 495/195/1008 499/197/1017
f 1989/195/1019 1988/197/1016 500/197/1018 496/195/1009
f 1989/195/1019 1987/170/1015 491/170/993 495/195/1008
f 1987/170/1015 1989/195/1019 496/195/1009 492/170/994
f 1990/180/1020 1991/196/1021 497/196/1012 493/180/1003
f 1991/196/1021 1990/180/1020 494/180/1004 498/196/1013
f 1991/196/1021 1992/183/1022 501/183/1023 497/196/1012
f 1992/183/1022 1991/196/1021 498/196/1013 502/183/1024
f 1992/183/1022 1990/180/1020 493/180/1003 501/183/1023
f 1990/180/1020 1992/183/1022 502/183/1024 494/180/1004
f 1993/197/1025 1994/170/1026 491/170/993 499/197/1017
f 1994/170/1026 1993/197/1025 500/197/1018 492/170/994
f 1994/170/1026 1995/174/1027 503/174/1028 491/170/993
f 1995/174/1027 1994/170/1026 492/170/994 504/174/1029
f 1995/174/1027 1993/197/1025 499/197/1017 503/174/1028
f 1993/197/1025 1995/174/1027 504/174/1029 500/197/1018
f 1996/188/1030 1997/183/1031 501/183/1023 505/188/1032
f 1997/183/1031 1996/188/1030 506/188/1033 502/183/1024
f 1997/183/1031 1998/196/1034 497/196/1012 501/183/1023
f 1998/196/1034 1997/183/1031 502/183/1024 498/196/1013
f 1998/196/1034 1996/188/1030 505/188/1032 497/196/1012
f 1996/188/1030 1998/196/1034 498/196/1013 506/188/1033
f 1999/198/1035 2000/197/1036 499/197/1017 507/198/1037
f 2000/197/1036 1999/198/1035 508/198/1038 500/197/1018
f 2000/197/1036 2001/174/1039 503/174/1028 499/197/1017
f 2001/174/1039 2000/197/1036 500/197/1018 504/174/1029
f 2001/174/1039 1999/198/1035 507/198/1037 503/174/1028
f 1999/198/1035 2001/174/1039 504/174/1029 508/198/1038
f 2002/188/1040 2003/196/1041 497/196/1012 505/188/1032
f 2003/196/1041 2002/188/1040 506/188/1033 498/196/1013
f 2003/196/1041 2004/199/1042 509/199/1043 497/196/1012
f 2004/199/1042 2003/196/1041 498/196/1013 510/199/1044
f 2004/199/1042 2002/188/1040 505/188/1032 509/199/1043
f 2002/188/1040 2004/199/1042 510/199/1044 506/188/1033
f 2005/198/1045 2006/174/1046 503/174/1028 507/198/1037
f 2006/174/1046 2005/198/1045 508/198/1038 504/174/1029
f 2006/174/1046 2007/176/1047 511/176/1048 503/174/1028
f 2007/176/1047 2006/174/1046 504/174/1029 512/176/1049
f 2007/176/1047 2005/198/1045 507/198/1037 511/176/1048
f 2005/198/1045 2007/176/1047 512/176/1049 508/198/1038
f 2008/200/1050 2009/188/1051 505/188/1032 513/200/1052
f 2009/188/1051 2008/200/1050 514/200/1053 506/188/1033
f 2009/188/1051 2010/199/1054 509/199/1043 505/188/1032
f 2010/199/1054 2009/188/1051 506/188/1033 510/199/1044
f 2010/199/1054 2008/200/1050 513/200/1052 509/199/1043
f 2008/200/1050 2010/199/1054 510/199/1044 514/200/1053
f 2011/201/1055 2012/198/1056 507/198/1037 515/201/1057
f 2012/198/1056 2011/201/1055 516/201/1058 508/198/1038
f 2012/198/1056 2013/176/1059 511/176/1048 507/198/1037
f 2013/176/1059 2012/198/1056 508/198/1038 512/176/1049
f 2013/176/1059 2011/201/1055 515/201/1057 511/176/1048
f 2011/201/1055 2013/176/1059 512/176/1049 516/201/1058
f 2014/188/1060 2015/200/1061 513/200/1052 505/188/1032
f 2015/200/1061 2014/188/1060 506/188/1033 514/200/1053
f 2015/200/1061 2016/187/1062 517/187/1063 513/200/1052
f 2016/187/1062 2015/200/1061 514/200/1053 518/187/1064
f 2016/187/1062 2014/188/1060 505/188/1032 517/187/1063
f 2014/188/1060 2016/187/1062 518/187/1064 506/188/1033
f 2017/201/1065 2018/187/1066 517/187/1063 515/201/1057
f 2018/187/1066 2017/201/1065 516/201/1058 518/187/1064
f 2018/187/1066 2019/200/1067 513/200/1052 517/187/1063
f 2019/200/1067 2018/187/1066 518/187/1064 514/200/1053
f 2019/200/1067 2017/201/1065 515/201/1057 513/200/1052
f 2017/201/1065 2019/200/1067 514/200/1053 516/201/1058
f 2020/187/1068 2021/201/1069 515/201/1057 517/187/1063
f 2021/201/1069 2020/187/1068 518/187/1064 516/201/1058
f 2021/201/1069 2022/179/1070 519/179/1071 515/201/1057
f 2022/179/1070 2021/201/1069 516/201/1058 520/179/1072
f 2022/179/1070 2020/187/1068 517/187/1063 519/179/1071
f 2020/187/1068 2022/179/1070 520/179/1072 518/187/1064
f 2023/201/1073 2024/176/1074 511/176/1048 515/201/1057
f 2024/176/1074 2023/201/1073 516/201/1058 512/176/1049
f 2024/176/1074 2025/179/1075 519/179/1071 511/176/1048
f 2025/179/1075 2024/176/1074 512/176/1049 520/179/1072
f 2025/179/1075 2023/201/1073 515/201/1057 519/179/1071
f 2023/201/1073 2025/179/1075 520/179/1072 516/201/1058
f 2026/202/1076 2027/203/1077 523/203/1078 521/202/1079
f 2027/203/1077 2026/202/1076 522/202/1080 524/203/1081
f 2027/203/1077 2028/204/1082 525/204/1083 523/203/1078
f 2028/204/1082 2027/203/1077 524/203/1081 526/204/1084
f 2028/204/1082 2026/202/1076 521/202/1079 525/204/1083
f 2026/202/1076 2028/204/1082 526/204/1084 522/202/1080
f 2029/205/1085 2030/204/872 525/204/1083 527/205/1086
f 2030/204/872 2029/205/1085 528/205/1087 526/204/1084
f 2030/204/872 2031/203/1088 523/203/1078 525/204/1083
f 2031/203/1088 2030/204/872 526/204/1084 524/203/1081
f 2031/203/1088 2029/205/1085 527/205/1086 523/203/1078
f 2029/205/1085 2031/203/1088 524/203/1081 528/205/1087
f 2032/203/1089 2033/202/1090 521/202/1079 523/203/1078
f 2033/202/1090 2032/203/1089 524/203/1081 522/202/1080
f 2033/202/1090 2034/206/1091 529/206/1092 521/202/1079
f 2034/206/1091 2033/202/1090 522/202/1080 530/206/1093
f 2034/206/1091 2032/203/1089 523/203/1078 529/206/1092
f 2032/203/1089 2034/206/1091 530/206/1093 524/203/1081
f 2035/204/1094 2036/205/1095 527/205/1086 525/204/1083
f 2036/205/1095 2035/204/1094 526/204/1084 528/205/1087
f 2036/205/1095 2037/207/1096 531/207/1097 527/205/1086
f 2037/207/1096 2036/205/1095 528/205/1087 532/207/1098
f 2037/207/1096 2035/204/1094 525/204/1083 531/207/1097
f 2035/204/1094 2037/207/1096 532/207/1098 526/204/1084
f 2038/208/1099 2039/206/1100 529/206/1092 533/208/1101
f 2039/206/1100 2038/208/1099 534/208/1102 530/206/1093
f 2039/206/1100 2040/202/1103 521/202/1079 529/206/1092
f 2040/202/1103 2039/206/1100 530/206/1093 522/202/1080
f 2040/202/1103 2038/208/1099 533/208/1101 521/202/1079
f 2038/208/1099 2040/202/1103 522/202/1080 534/208/1102
f 2041/209/1104 2042/207/1105 531/207/1097 535/209/1106
f 2042/207/1105 2041/209/1104 536/209/1107 532/207/1098
f 2042/207/1105 2043/205/1108 527/205/1086 531/207/1097
f 2043/205/1108 2042/207/1105 532/207/1098 528/205/1087
f 2043/205/1108 2041/209/1104 535/209/1106 527/205/1086
f 2041/209/1104 2043/205/1108 528/205/1087 536/209/1107
f 2044/206/1109 2045/208/1110 533/208/1101 529/206/1092
f 2045/208/1110 2044/206/1109 530/206/1093 534/208/1102
f 2045/208/1110 2046/210/1111 537/210/1112 533/208/1101
f 2046/210/1111 2045/208/1110 534/208/1102 538/210/1113
f 2046/210/1111 2044/206/1109 529/206/1092 537/210/1112
f 2044/206/1109 2046/210/1111 538/210/1113 530/206/1093
f 2047/207/1114 2048/209/1115 535/209/1106 531/207/1097
f 2048/209/1115 2047/207/1114 532/207/1098 536/209/1107
f 2048/209/1115 2049/211/1116 539/211/1117 535/209/1106
f 2049/211/1116 2048/209/1115 536/209/1107 540/211/1118
f 2049/211/1116 2047/207/1114 531/207/1097 539/211/1117
f 2047/207/1114 2049/211/1116 540/211/1118 532/207/1098
f 2050/212/1119 2051/210/1120 537/210/1112 541/212/1121
f 2051/210/1120 2050/212/1119 542/212/1122 538/210/1113
f 2051/210/1120 2052/208/1123 533/208/1101 537/210/1112
f 2052/208/1123 2051/210/1120 538/210/1113 534/208/1102
f 2052/208/1123 2050/212/1119 541/212/1121 533/208/1101
f 2050/212/1119 2052/208/1123 534/208/1102 542/212/1122
f 2053/213/1124 2054/211/1125 539/211/1117 543/213/1126
f 2054/211/1125 2053/213/1124 544/213/1127 540/211/1118
f 2054/211/1125 2055/209/1128 535/209/1106 539/211/1117
f 2055/209/1128 2054/211/1125 540/211/1118 536/209/1107
f 2055/209/1128 2053/213/1124 543/213/1126 535/209/1106
f 2053/213/1124 2055/209/1128 536/209/1107 544/213/1127
f 2056/214/1129 2057/210/1130 537/210/1112 545/214/1131
f 2057/210/1130 2056/214/1129 546/214/1132 538/210/1113
f 2057/210/1130 2058/212/1133 541/212/1121 537/210/1112
f 2058/212/1133 2057/210/1130 538/210/1113 542/212/1122
f 2058/212/1133 2056/214/1129 545/214/1131 541/212/1121
f 2056/214/1129 2058/212/1133 542/212/1122 546/214/1132
f 2059/213/1134 2060/209/1135 535/209/1106 543/213/1126
f 2060/209/1135 2059/213/1134 544/213/1127 536/209/1107
f 2060/209/1135 2061/215/1136 547/215/1137 535/209/1106
f 2061/215/1136 2060/209/1135 536/209/1107 548/215/1138
f 2061/215/1136 2059/213/1134 543/213/1126 547/215/1137
f 2059/213/1134 2061/215/1136 548/215/1138 544/213/1127
f 2062/216/1139 2063/214/1140 545/214/1131 549/216/1141
f 2063/214/1140 2062/216/1139 550/216/1142 546/214/1132
f 2063/214/1140 2064/212/1143 541/212/1121 545/214/1131
f 2064/212/1143 2063/214/1140 546/214/1132 542/212/1122
f 2064/212/1143 2062/216/1139 549/216/1141 541/212/1121
f 2062/216/1139 2064/212/1143 542/212/1122 550/216/1142
f 2065/216/1144 2066/213/1145 543/213/1126 549/216/1141
f 2066/213/1145 2065/216/1144 550/216/1142 544/213/1127
f 2066/213/1145 2067/215/1146 547/215/1137 543/213/1126
f 2067/215/1146 2066/213/1145 544/213/1127 548/215/1138
f 2067/215/1146 2065/216/1144 549/216/1141 547/215/1137
f 2065/216/1144 2067/215/1146 548/215/1138 550/216/1142
f 2068/214/1147 2069/216/1148 549/216/1141 545/214/1131
f 2069/216/1148 2068/214/1147 546/214/1132 550/216/1142
f 2069/216/1148 2070/217/1149 551/217/1150 549/216/1141
f 2070/217/1149 2069/216/1148 550/216/1142 552/217/1151
f 2070/217/1149 2068/214/1147 545/214/1131 551/217/1150
f 2068/214/1147 2070/217/1149 552/217/1151 546/214/1132
f 2071/216/1152 2072/215/1153 547/215/1137 549/216/1141
f 2072/215/1153 2071/216/1152 550/216/1142 548/215/1138
f 2072/215/1153 2073/217/1154 551/217/1150 547/215/1137
f 2073/217/1154 2072/215/1153 548/215/1138 552/217/1151
f 2073/217/1154 2071/216/1152 549/216/1141 551/217/1150
f 2071/216/1152 2073/217/1154 552/217/1151 550/216/1142
f 2074/218/1155 2075/207/1156 555/207/1157 553/218/1158
f 2075/207/1156 2074/218/1155 554/218/1159 556/207/1160
f 2075/207/1156 2076/211/1161 557/211/1162 555/207/1157
f 2076/211/1161 2075/207/1156 556/207/1160 558/211/1163
f 2076/211/1161 2074/218/1155 553/218/1158 557/211/1162
f 2074/218/1155 2076/211/1161 558/211/1163 554/218/1159
f 2077/207/1164 2078/218/1165 553/218/1158 555/207/1157
f 2078/218/1165 2077/207/1164 556/207/1160 554/218/1159
f 2078/218/1165 2079/219/1166 559/219/1167 553/218/1158
f 2079/219/1166 2078/218/1165 554/218/1159 560/219/1168
f 2079/219/1166 2077/207/1164 555/207/1157 559/219/1167
f 2077/207/1164 2079/219/1166 560/219/1168 556/207/1160
f 2080/211/1169 2081/220/1170 561/220/1171 557/211/1162
f 2081/220/1170 2080/211/1169 558/211/1163 562/220/1172
f 2081/220/1170 2082/218/1173 553/218/1158 561/220/1171
f 2082/218/1173 2081/220/1170 562/220/1172 554/218/1159
f 2082/218/1173 2080/211/1169 557/211/1162 553/218/1158
f 2080/211/1169 2082/218/1173 554/218/1159 558/211/1163
f 2083/219/1174 2084/204/1175 563/204/1176 559/219/1167
f 2084/204/1175 2083/219/1174 560/219/1168 564/204/1177
f 2084/204/1175 2085/207/1178 555/207/1157 563/204/1176
f 2085/207/1178 2084/204/1175 564/204/1177 556/207/1160
f 2085/207/1178 2083/219/1174 559/219/1167 555/207/1157
f 2083/219/1174 2085/207/1178 556/207/1160 560/219/1168
f 2086/220/1179 2087/211/1180 557/211/1162 561/220/1171
f 2087/211/1180 2086/220/1179 562/220/1172 558/211/1163
f 2087/211/1180 2088/213/1181 565/213/1182 557/211/1162
f 2088/213/1181 2087/211/1180 558/211/1163 566/213/1183
f 2088/213/1181 2086/220/1179 561/220/1171 565/213/1182
f 2086/220/1179 2088/213/1181 566/213/1183 562/220/1172
f 2089/204/1184 2090/219/1185 559/219/1167 563/204/1176
f 2090/219/1185 2089/204/1184 564/204/1177 560/219/1168
f 2090/219/1185 2091/221/1186 567/221/1187 559/219/1167
f 2091/221/1186 2090/219/1185 560/219/1168 568/221/1188
f 2091/221/1186 2089/204/1184 563/204/1176 567/221/1187
f 2089/204/1184 2091/221/1186 568/221/1188 564/204/1177
f 2092/216/1189 2093/220/1190 561/220/1171 569/216/1191
f 2093/220/1190 2092/216/1189 570/216/1192 562/220/1172
f 2093/220/1190 2094/213/1193 565/213/1182 561/220/1171
f 2094/213/1193 2093/220/1190 562/220/1172 566/213/1183
f 2094/213/1193 2092/216/1189 569/216/1191 565/213/1182
f 2092/216/1189 2094/213/1193 566/213/1183 570/216/1192
f 2095/221/1194 2096/222/1195 571/222/1196 567/221/1187
f 2096/222/1195 2095/221/1194 568/221/1188 572/222/1197
f 2096/222/1195 2097/204/1198 563/204/1176 571/222/1196
f 2097/204/1198 2096/222/1195 572/222/1197 564/204/1177
f 2097/204/1198 2095/221/1194 567/221/1187 563/204/1176
f 2095/221/1194 2097/204/1198 564/204/1177 568/221/1188
f 2098/223/1199 2099/220/1200 561/220/1171 573/223/1201
f 2099/220/1200 2098/223/1199 574/223/1202 562/220/1172
f 2099/220/1200 2100/216/1203 569/216/1191 561/220/1171
f 2100/216/1203 2099/220/1200 562/220/1172 570/216/1192
f 2100/216/1203 2098/223/1199 573/223/1201 569/216/1191
f 2098/223/1199 2100/216/1203 570/216/1192 574/223/1202
f 2101/204/1204 2102/222/1205 571/222/1196 563/204/1176
f 2102/222/1205 2101/204/1204 564/204/1177 572/222/1197
f 2102/222/1205 2103/202/1206 575/202/1207 571/222/1196
f 2103/202/1206 2102/222/1205 572/222/1197 576/202/1208
f 2103/202/1206 2101/204/1204 563/204/1176 575/202/1207
f 2101/204/1204 2103/202/1206 576/202/1208 564/204/1177
f 2104/216/1209 2105/224/1210 577/224/1211 569/216/1191
f 2105/224/1210 2104/216/1209 570/216/1192 578/224/1212
f 2105/224/1210 2106/223/1213 573/223/1201 577/224/1211
f 2106/223/1213 2105/224/1210 578/224/1212 574/223/1202
f 2106/223/1213 2104/216/1209 569/216/1191 573/223/1201
f 2104/216/1209 2106/223/1213 574/223/1202 570/216/1192
f 2107/222/1214 2108/208/1215 579/208/1216 571/222/1196
f 2108/208/1215 2107/222/1214 572/222/1197 580/208/1217
f 2108/208/1215 2109/202/1218 575/202/1207 579/208/1216
f 2109/202/1218 2108/208/1215 580/208/1217 576/202/1208
f 2109/202/1218 2107/222/1214 571/222/1196 575/202/1207
f 2107/222/1214 2109/202/1218 576/202/1208 572/222/1197
f 2110/224/1219 2111/216/1220 569/216/1191 577/224/1211
f 2111/216/1220 2110/224/1219 578/224/1212 570/216/1192
f 2111/216/1220 2112/212/1221 581/212/1222 569/216/1191
f 2112/212/1221 2111/216/1220 570/216/1192 582/212/1223
f 2112/212/1221 2110/224/1219 577/224/1211 581/212/1222
f 2110/224/1219 2112/212/1221 582/212/1223 578/224/1212
f 2113/212/1224 2114/208/1225 579/208/1216 581/212/1222
f 2114/208/1225 2113/212/1224 582/212/1223 580/208/1217
f 2114/208/1225 2115/224/1226 577/224/1211 579/208/1216
f 2115/224/1226 2114/208/1225 580/208/1217 578/224/1212
f 2115/224/1226 2113/212/1224 581/212/1222 577/224/1211
f 2113/212/1224 2115/224/1226 578/224/1212 582/212/1223
f 2116/208/1227 2117/222/1228 571/222/1196 579/208/1216
f 2117/222/1228 2116/208/1227 580/208/1217 572/222/1197
f 2117/222/1228 2118/225/1229 583/225/1230 571/222/1196
f 2118/225/1229 2117/222/1228 572/222/1197 584/225/1231
f 2118/225/1229 2116/208/1227 579/208/1216 583/225/1230
f 2116/208/1227 2118/225/1229 584/225/1231 580/208/1217
f 2119/224/1232 2120/208/1233 579/208/1216 577/224/1211
f 2120/208/1233 2119/224/1232 578/224/1212 580/208/1217
f 2120/208/1233 2121/225/1234 583/225/1230 579/208/1216
f 2121/225/1234 2120/208/1233 580/208/1217 584/225/1231
f 2121/225/1234 2119/224/1232 577/224/1211 583/225/1230
f 2119/224/1232 2121/225/1234 584/225/1231 578/224/1212
f 2122/203/1235 2123/226/1236 587/226/1237 585/203/1238
f 2123/226/1236 2122/203/1235 586/203/1239 588/226/1240
f 2123/226/1236 2124/205/1241 589/205/1242 587/226/1237
f 2124/205/1241 2123/226/1236 588/226/1240 590/205/1243
f 2124/205/1241 2122/203/1235 585/203/1238 589/205/1242
f 2122/203/1235 2124/205/1241 590/205/1243 586/203/1239
f 2125/226/1244 2126/209/1245 591/209/1246 587/226/1237
f 2126/209/1245 2125/226/1244 588/226/1240 592/209/1247
f 2126/209/1245 2127/205/1248 589/205/1242 591/209/1246
f 2127/205/1248 2126/209/1245 592/209/1247 590/205/1243
f 2127/205/1248 2125/226/1244 587/226/1237 589/205/1242
f 2125/226/1244 2127/205/1248 590/205/1243 588/226/1240
f 2128/226/1249 2129/203/1250 585/203/1238 587/226/1237
f 2129/203/1250 2128/226/1249 588/226/1240 586/203/1239
f 2129/203/1250 2130/227/1251 593/227/1252 585/203/1238
f 2130/227/1251 2129/203/1250 586/203/1239 594/227/1253
f 2130/227/1251 2128/226/1249 587/226/1237 593/227/1252
f 2128/226/1249 2130/227/1251 594/227/1253 588/226/1240
f 2131/209/1254 2132/226/1255 587/226/1237 591/209/1246
f 2132/226/1255 2131/209/1254 592/209/1247 588/226/1240
f 2132/226/1255 2133/228/1256 595/228/1257 587/226/1237
f 2133/228/1256 2132/226/1255 588/226/1240 596/228/1258
f 2133/228/1256 2131/209/1254 591/209/1246 595/228/1257
f 2131/209/1254 2133/228/1256 596/228/1258 592/209/1247
f 2134/206/1259 2135/227/1260 593/227/1252 597/206/1261
f 2135/227/1260 2134/206/1259 598/206/1262 594/227/1253
f 2135/227/1260 2136/203/1263 585/203/1238 593/227/1252
f 2136/203/1263 2135/227/1260 594/227/1253 586/203/1239
f 2136/203/1263 2134/206/1259 597/206/1261 585/203/1238
f 2134/206/1259 2136/203/1263 586/203/1239 598/206/1262
f 2137/228/1264 2138/215/1265 599/215/1266 595/228/1257
f 2138/215/1265 2137/228/1264 596/228/1258 600/215/1267
f 2138/215/1265 2139/209/1268 591/209/1246 599/215/1266
f 2139/209/1268 2138/215/1265 600/215/1267 592/209/1247
f 2139/209/1268 2137/228/1264 595/228/1257 591/209/1246
f 2137/228/1264 2139/209/1268 592/209/1247 596/228/1258
f 2140/227/1269 2141/206/1270 597/206/1261 593/227/1252
f 2141/206/1270 2140/227/1269 594/227/1253 598/206/1262
f 2141/206/1270 2142/229/1271 601/229/1272 597/206/1261
f 2142/229/1271 2141/206/1270 598/206/1262 602/229/1273
f 2142/229/1271 2140/227/1269 593/227/1252 601/229/1272
f 2140/227/1269 2142/229/1271 602/229/1273 594/227/1253
f 2143/215/1274 2144/228/1275 595/228/1257 599/215/1266
f 2144/228/1275 2143/215/1274 600/215/1267 596/228/1258
f 2144/228/1275 2145/230/1276 603/230/1277 595/228/1257
f 2145/230/1276 2144/228/1275 596/228/1258 604/230/1278
f 2145/230/1276 2143/215/1274 599/215/1266 603/230/1277
f 2143/215/1274 2145/230/1276 604/230/1278 600/215/1267
f 2146/231/1279 2147/229/1280 601/229/1272 605/231/1281
f 2147/229/1280 2146/231/1279 606/231/1282 602/229/1273
f 2147/229/1280 2148/206/1283 597/206/1261 601/229/1272
f 2148/206/1283 2147/229/1280 602/229/1273 598/206/1262
f 2148/206/1283 2146/231/1279 605/231/1281 597/206/1261
f 2146/231/1279 2148/206/1283 598/206/1262 606/231/1282
f 2149/232/1284 2150/215/1285 599/215/1266 607/232/1286
f 2150/215/1285 2149/232/1284 608/232/1287 600/215/1267
f 2150/215/1285 2151/230/1288 603/230/1277 599/215/1266
f 2151/230/1288 2150/215/1285 600/215/1267 604/230/1278
f 2151/230/1288 2149/232/1284 607/232/1286 603/230/1277
f 2149/232/1284 2151/230/1288 604/230/1278 608/232/1287
f 2152/206/1289 2153/210/1290 609/210/1291 597/206/1261
f 2153/210/1290 2152/206/1289 598/206/1262 610/210/1292
f 2153/210/1290 2154/231/1293 605/231/1281 609/210/1291
f 2154/231/1293 2153/210/1290 610/210/1292 606/231/1282
f 2154/231/1293 2152/206/1289 597/206/1261 605/231/1281
f 2152/206/1289 2154/231/1293 606/231/1282 598/206/1262
f 2155/217/1294 2156/215/1295 599/215/1266 611/217/1296
f 2156/215/1295 2155/217/1294 612/217/1297 600/215/1267
f 2156/215/1295 2157/232/1298 607/232/1286 599/215/1266
f 2157/232/1298 2156/215/1295 600/215/1267 608/232/1287
f 2157/232/1298 2155/217/1294 611/217/1296 607/232/1286
f 2155/217/1294 2157/232/1298 608/232/1287 612/217/1297
f 2158/210/1299 2159/233/1300 613/233/1301 609/210/1291
f 2159/233/1300 2158/210/1299 610/210/1292 614/233/1302
f 2159/233/1300 2160/231/1303 605/231/1281 613/233/1301
f 2160/231/1303 2159/233/1300 614/233/1302 606/231/1282
f 2160/231/1303 2158/210/1299 609/210/1291 605/231/1281
f 2158/210/1299 2160/231/1303 606/231/1282 610/210/1292
f 2161/233/1304 2162/217/1305 611/217/1296 613/233/1301
f 2162/217/1305 2161/233/1304 614/233/1302 612/217/1297
f 2162/217/1305 2163/232/1306 607/232/1286 611/217/1296
f 2163/232/1306 2162/217/1305 612/217/1297 608/232/1287
f 2163/232/1306 2161/233/1304 613/233/1301 607/232/1286
f 2161/233/1304 2163/232/1306 608/232/1287 614/233/1302
f 2164/233/1307 2165/210/1308 609/210/1291 613/233/1301
f 2165/210/1308 2164/233/1307 614/233/1302 610/210/1292
f 2165/210/1308 2166/214/1309 615/214/1310 609/210/1291
f 2166/214/1309 2165/210/1308 610/210/1292 616/214/1311
f 2166/214/1309 2164/233/1307 613/233/1301 615/214/1310
f 2164/233/1307 2166/214/1309 616/214/1311 614/233/1302
f 2167/214/1312 2168/217/1313 611/217/1296 615/214/1310
f 2168/217/1313 2167/214/1312 616/214/1311 612/217/1297
f 2168/217/1313 2169/233/1314 613/233/1301 611/217/1296
f 2169/233/1314 2168/217/1313 612/217/1297 614/233/1302
f 2169/233/1314 2167/214/1312 615/214/1310 613/233/1301
f 2167/214/1312 2169/233/1314 614/233/1302 616/214/1311
f 2170/156/1315 2171/234/1316 619/234/1317 617/156/1318
f 2171/234/1316 2170/156/1315 618/156/1319 620/234/1320
f 2171/234/1316 2172/235/1321 621/235/1322 619/234/1317
f 2172/235/1321 2171/234/1316 620/234/1320 622/235/1323
f 2172/235/1321 2170/156/1315 617/156/1318 621/235/1322
f 2170/156/1315 2172/235/1321 622/235/1323 618/156/1319
f 2173/156/1324 2174/236/1325 623/236/1326 617/156/1318
f 2174/236/1325 2173/156/1324 618/156/1319 624/236/1327
f 2174/236/1325 2175/234/1328 619/234/1317 623/236/1326
f 2175/234/1328 2174/236/1325 624/236/1327 620/234/1320
f 2175/234/1328 2173/156/1324 617/156/1318 619/234/1317
f 2173/156/1324 2175/234/1328 620/234/1320 618/156/1319
f 2176/234/1329 2177/236/1330 623/236/1326 619/234/1317
f 2177/236/1330 2176/234/1329 620/234/1320 624/236/1327
f 2177/236/1330 2178/237/1331 625/237/1332 623/236/1326
f 2178/237/1331 2177/236/1330 624/236/1327 626/237/1333
f 2178/237/1331 2176/234/1329 619/234/1317 625/237/1332
f 2176/234/1329 2178/237/1331 626/237/1333 620/234/1320
f 2179/158/1334 2180/236/1335 623/236/1326 627/158/1336
f 2180/236/1335 2179/158/1334 628/158/1337 624/236/1327
f 2180/236/1335 2181/156/1338 617/156/1318 623/236/1326
f 2181/156/1338 2180/236/1335 624/236/1327 618/156/1319
f 2181/156/1338 2179/158/1334 627/158/1336 617/156/1318
f 2179/158/1334 2181/156/1338 618/156/1319 628/158/1337
f 2182/236/1339 2183/158/1340 627/158/1336 623/236/1326
f 2183/158/1340 2182/236/1339 624/236/1327 628/158/1337
f 2183/158/1340 2184/238/1341 629/238/1342 627/158/1336
f 2184/238/1341 2183/158/1340 628/158/1337 630/238/1343
f 2184/238/1341 2182/236/1339 623/236/1326 629/238/1342
f 2182/236/1339 2184/238/1341 630/238/1343 624/236/1327
f 2185/158/1344 2186/239/1345 631/239/1346 627/158/1336
f 2186/239/1345 2185/158/1344 628/158/1337 632/239/1347
f 2186/239/1345 2187/238/1348 629/238/1342 631/239/1346
f 2187/238/1348 2186/239/1345 632/239/1347 630/238/1343
f 2187/238/1348 2185/158/1344 627/158/1336 629/238/1342
f 2185/158/1344 2187/238/1348 630/238/1343 628/158/1337
f 2188/240/1349 2189/238/1350 629/238/1342 633/240/1351
f 2189/238/1350 2188/240/1349 634/240/1352 630/238/1343
f 2189/238/1350 2190/239/1353 631/239/1346 629/238/1342
f 2190/239/1353 2189/238/1350 630/238/1343 632/239/1347
f 2190/239/1353 2188/240/1349 633/240/1351 631/239/1346
f 2188/240/1349 2190/239/1353 632/239/1347 634/240/1352
f 2191/241/1354 2192/240/1355 633/240/1351 635/241/1356
f 2192/240/1355 2191/241/1354 636/241/1357 634/240/1352
f 2192/240/1355 2193/239/1358 631/239/1346 633/240/1351
f 2193/239/1358 2192/240/1355 634/240/1352 632/239/1347
f 2193/239/1358 2191/241/1354 635/241/1356 631/239/1346
f 2191/241/1354 2193/239/1358 632/239/1347 636/241/1357
f 2194/242/1359 2195/240/1360 633/240/1351 637/242/1361
f 2195/240/1360 2194/242/1359 638/242/1362 634/240/1352
f 2195/240/1360 2196/241/1363 635/241/1356 633/240/1351
f 2196/241/1363 2195/240/1360 634/240/1352 636/241/1357
f 2196/241/1363 2194/242/1359 637/242/1361 635/241/1356
f 2194/242/1359 2196/241/1363 636/241/1357 638/242/1362
f 2197/242/1364 2198/144/1365 639/144/1366 637/242/1361
f 2198/144/1365 2197/242/1364 638/242/1362 640/144/1367
f 2198/144/1365 2199/140/1368 641/140/1369 639/144/1366
f 2199/140/1368 2198/144/1365 640/144/1367 642/140/1370
f 2199/140/1368 2197/242/1364 637/242/1361 641/140/1369
f 2197/242/1364 2199/140/1368 642/140/1370 638/242/1362
f 2200/142/1371 2201/242/1372 637/242/1361 643/142/1373
f 2201/242/1372 2200/142/1371 644/142/1374 638/242/1362
f 2201/242/1372 2202/140/1375 641/140/1369 637/242/1361
f 2202/140/1375 2201/242/1372 638/242/1362 642/140/1370
f 2202/140/1375 2200/142/1371 643/142/1373 641/140/1369
f 2200/142/1371 2202/140/1375 642/140/1370 644/142/1374
f 2203/240/1376 2204/242/1377 637/242/1361 633/240/1351
f 2204/242/1377 2203/240/1376 634/240/1352 638/242/1362
f 2204/242/1377 2205/142/1378 643/142/1373 637/242/1361
f 2205/142/1378 2204/242/1377 638/242/1362 644/142/1374
f 2205/142/1378 2203/240/1376 633/240/1351 643/142/1373
f 2203/240/1376 2205/142/1378 644/142/1374 634/240/1352
f 2206/142/1379 2207/146/1380 645/146/1381 643/142/1373
f 2207/146/1380 2206/142/1379 644/142/1374 646/146/1382
f 2207/146/1380 2208/240/1383 633/240/1351 645/146/1381
f 2208/240/1383 2207/146/1380 646/146/1382 634/240/1352
f 2208/240/1383 2206/142/1379 643/142/1373 633/240/1351
f 2206/142/1379 2208/240/1383 634/240/1352 644/142/1374
f 2209/243/1384 2210/240/1385 633/240/1351 647/243/1386
f 2210/240/1385 2209/243/1384 648/243/1387 634/240/1352
f 2210/240/1385 2211/146/1388 645/146/1381 633/240/1351
f 2211/146/1388 2210/240/1385 634/240/1352 646/146/1382
f 2211/146/1388 2209/243/1384 647/243/1386 645/146/1381
f 2209/243/1384 2211/146/1388 646/146/1382 648/243/1387
f 2212/148/1389 2213/243/1390 647/243/1386 649/148/1391
f 2213/243/1390 2212/148/1389 650/148/1392 648/243/1387
f 2213/243/1390 2214/146/1393 645/146/1381 647/243/1386
f 2214/146/1393 2213/243/1390 648/243/1387 646/146/1382
f 2214/146/1393 2212/148/1389 649/148/1391 645/146/1381
f 2212/148/1389 2214/146/1393 646/146/1382 650/148/1392
f 2215/243/1394 2216/148/1395 649/148/1391 647/243/1386
f 2216/148/1395 2215/243/1394 648/243/1387 650/148/1392
f 2216/148/1395 2217/152/1396 651/152/1397 649/148/1391
f 2217/152/1396 2216/148/1395 650/148/1392 652/152/1398
f 2217/152/1396 2215/243/1394 647/243/1386 651/152/1397
f 2215/243/1394 2217/152/1396 652/152/1398 648/243/1387
f 2218/244/1399 2219/243/1400 647/243/1386 653/244/1401
f 2219/243/1400 2218/244/1399 654/244/1402 648/243/1387
f 2219/243/1400 2220/152/1403 651/152/1397 647/243/1386
f 2220/152/1403 2219/243/1400 648/243/1387 652/152/1398
f 2220/152/1403 2218/244/1399 653/244/1401 651/152/1397
f 2218/244/1399 2220/152/1403 652/152/1398 654/244/1402
f 2221/244/1404 2222/152/1405 651/152/1397 653/244/1401
f 2222/152/1405 2221/244/1404 654/244/1402 652/152/1398
f 2222/152/1405 2223/151/1406 655/151/1407 651/152/1397
f 2223/151/1406 2222/152/1405 652/152/1398 656/151/1408
f 2223/151/1406 2221/244/1404 653/244/1401 655/151/1407
f 2221/244/1404 2223/151/1406 656/151/1408 654/244/1402
f 2224/151/1409 2225/245/1410 657/245/1411 655/151/1407
f 2225/245/1410 2224/151/1409 656/151/1408 658/245/1412
f 2225/245/1410 2226/244/1413 653/244/1401 657/245/1411
f 2226/244/1413 2225/245/1410 658/245/1412 654/244/1402
f 2226/244/1413 2224/151/1409 655/151/1407 653/244/1401
f 2224/151/1409 2226/244/1413 654/244/1402 656/151/1408
f 2227/245/1414 2228/151/1415 655/151/1407 657/245/1411
f 2228/151/1415 2227/245/1414 658/245/1412 656/151/1408
f 2228/151/1415 2229/246/1416 659/246/1417 655/151/1407
f 2229/246/1416 2228/151/1415 656/151/1408 660/246/1418
f 2229/246/1416 2227/245/1414 657/245/1411 659/246/1417
f 2227/245/1414 2229/246/1416 660/246/1418 658/245/1412
f 2230/246/1419 2231/151/1420 655/151/1407 659/246/1417
f 2231/151/1420 2230/246/1419 660/246/1418 656/151/1408
f 2231/151/1420 2232/154/1421 661/154/1422 655/151/1407
f 2232/154/1421 2231/151/1420 656/151/1408 662/154/1423
f 2232/154/1421 2230/246/1419 659/246/1417 661/154/1422
f 2230/246/1419 2232/154/1421 662/154/1423 660/246/1418
f 2233/244/1424 2234/247/1425 665/247/1426 663/244/1427
f 2234/247/1425 2233/244/1424 664/244/1428 666/247/1429
f 2234/247/1425 2235/243/1430 667/243/1431 665/247/1426
f 2235/243/1430 2234/247/1425 666/247/1429 668/243/1432
f 2235/243/1430 2233/244/1424 663/244/1427 667/243/1431
f 2233/244/1424 2235/243/1430 668/243/1432 664/244/1428
f 2236/247/1433 2237/248/1434 669/248/1435 665/247/1426
f 2237/248/1434 2236/247/1433 666/247/1429 670/248/1436
f 2237/248/1434 2238/243/1437 667/243/1431 669/248/1435
f 2238/243/1437 2237/248/1434 670/248/1436 668/243/1432
f 2238/243/1437 2236/247/1433 665/247/1426 667/243/1431
f 2236/247/1433 2238/243/1437 668/243/1432 666/247/1429
f 2239/247/1438 2240/244/1439 663/244/1427 665/247/1426
f 2240/244/1439 2239/247/1438 666/247/1429 664/244/1428
f 2240/244/1439 2241/249/1440 671/249/1441 663/244/1427
f 2241/249/1440 2240/244/1439 664/244/1428 672/249/1442
f 2241/249/1440 2239/247/1438 665/247/1426 671/249/1441
f 2239/247/1438 2241/249/1440 672/249/1442 666/247/1429
f 2242/240/1443 2243/243/1444 667/243/1431 673/240/1445
f 2243/243/1444 2242/240/1443 674/240/1446 668/243/1432
f 2243/243/1444 2244/248/1447 669/248/1435 667/243/1431
f 2244/248/1447 2243/243/1444 668/243/1432 670/248/1436
f 2244/248/1447 2242/240/1443 673/240/1445 669/248/1435
f 2242/240/1443 2244/248/1447 670/248/1436 674/240/1446
f 2245/245/1448 2246/249/1449 671/249/1441 675/245/1450
f 2246/249/1449 2245/245/1448 676/245/1451 672/249/1442
f 2246/249/1449 2247/244/1452 663/244/1427 671/249/1441
f 2247/244/1452 2246/249/1449 672/249/1442 664/244/1428
f 2247/244/1452 2245/245/1448 675/245/1450 663/244/1427
f 2245/245/1448 2247/244/1452 664/244/1428 676/245/1451
f 2248/250/1453 2249/249/1454 671/249/1455 679/250/1456
f 2249/249/1454 2248/250/1453 680/250/1457 672/249/1458
f 2249/249/1454 2250/251/1459 677/251/1460 671/249/1455
f 2250/251/1459 2249/249/1454 672/249/1458 678/251/1461
f 2250/251/1459 2248/250/1453 679/250/1456 677/251/1460
f 2248/250/1453 2250/251/1459 678/251/1461 680/250/1457
f 2251/238/1462 2252/240/1463 673/240/1445 681/238/1464
f 2252/240/1463 2251/238/1462 682/238/1465 674/240/1446
f 2252/240/1463 2253/248/1466 669/248/1435 673/240/1445
f 2253/248/1466 2252/240/1463 674/240/1446 670/248/1436
f 2253/248/1466 2251/238/1462 681/238/1464 669/248/1435
f 2251/238/1462 2253/248/1466 670/248/1436 682/238/1465
f 2254/238/1467 2255/248/1468 669/248/1435 681/238/1464
f 2255/248/1468 2254/238/1467 682/238/1465 670/248/1436
f 2255/248/1468 2256/252/1469 683/252/1470 669/248/1435
f 2256/252/1469 2255/248/1468 670/248/1436 684/252/1471
f 2256/252/1469 2254/238/1467 681/238/1464 683/252/1470
f 2254/238/1467 2256/252/1469 684/252/1471 682/238/1465
f 2257/252/1472 2258/253/1473 685/253/1474 683/252/1470
f 2258/253/1473 2257/252/1472 684/252/1471 686/253/1475
f 2258/253/1473 2259/238/1476 681/238/1464 685/253/1474
f 2259/238/1476 2258/253/1473 686/253/1475 682/238/1465
f 2259/238/1476 2257/252/1472 683/252/1470 681/238/1464
f 2257/252/1472 2259/238/1476 682/238/1465 684/252/1471
f 2260/236/1477 2261/238/1478 681/238/1464 687/236/1479
f 2261/238/1478 2260/236/1477 688/236/1480 682/238/1465
f 2261/238/1478 2262/253/1481 685/253/1474 681/238/1464
f 2262/253/1481 2261/238/1478 682/238/1465 686/253/1475
f 2262/253/1481 2260/236/1477 687/236/1479 685/253/1474
f 2260/236/1477 2262/253/1481 686/253/1475 688/236/1480
f 2263/254/1482 2264/236/1483 687/236/1479 689/254/1484
f 2264/236/1483 2263/254/1482 690/254/1485 688/236/1480
f 2264/236/1483 2265/253/1486 685/253/1474 687/236/1479
f 2265/253/1486 2264/236/1483 688/236/1480 686/253/1475
f 2265/253/1486 2263/254/1482 689/254/1484 685/253/1474
f 2263/254/1482 2265/253/1486 686/253/1475 690/254/1485
f 2266/254/1487 2267/253/1488 685/253/1474 689/254/1484
f 2267/253/1488 2266/254/1487 690/254/1485 686/253/1475
f 2267/253/1488 2268/255/1489 691/255/1490 685/253/1474
f 2268/255/1489 2267/253/1488 686/253/1475 692/255/1491
f 2268/255/1489 2266/254/1487 689/254/1484 691/255/1490
f 2266/254/1487 2268/255/1489 692/255/1491 690/254/1485
f 2269/148/1492 2270/149/1493 695/149/1494 693/148/1495
f 2270/149/1493 2269/148/1492 694/148/1496 696/149/1497
f 2270/149/1493 2271/152/1498 697/152/1499 695/149/1494
f 2271/152/1498 2270/149/1493 696/149/1497 698/152/1500
f 2271/152/1498 2269/148/1492 693/148/1495 697/152/1499
f 2269/148/1492 2271/152/1498 698/152/1500 694/148/1496
f 2272/149/1501 2273/148/1502 701/148/1503 699/149/1504
f 2273/148/1502 2272/149/1501 700/149/1505 702/148/1506
f 2273/148/1502 2274/147/1507 703/147/1508 701/148/1503
f 2274/147/1507 2273/148/1502 702/148/1506 704/147/1509
f 2274/147/1507 2272/149/1501 699/149/1504 703/147/1508
f 2272/149/1501 2274/147/1507 704/147/1509 700/149/1505
f 2275/256/1510 2276/157/1511 707/157/1512 705/256/1513
f 2276/157/1511 2275/256/1510 706/256/1514 708/157/1515
f 2276/157/1511 2277/156/1516 709/156/1517 707/157/1512
f 2277/156/1516 2276/157/1511 708/157/1515 710/156/1518
f 2277/156/1516 2275/256/1510 705/256/1513 709/156/1517
f 2275/256/1510 2277/156/1516 710/156/1518 706/256/1514
f 2278/257/1519 2279/158/1520 713/158/1521 711/257/1522
f 2279/158/1520 2278/257/1519 712/257/1523 714/158/1524
f 2279/158/1520 2280/155/1525 715/155/1526 713/158/1521
f 2280/155/1525 2279/158/1520 714/158/1524 716/155/1527
f 2280/155/1525 2278/257/1519 711/257/1522 715/155/1526
f 2278/257/1519 2280/155/1525 716/155/1527 712/257/1523
f 2281/158/1528 2282/257/1529 711/257/1522 713/158/1521
f 2282/257/1529 2281/158/1528 714/158/1524 712/257/1523
f 2282/257/1529 2283/239/1530 717/239/1531 711/257/1522
f 2283/239/1530 2282/257/1529 712/257/1523 718/239/1532
f 2283/239/1530 2281/158/1528 713/158/1521 717/239/1531
f 2281/158/1528 2283/239/1530 718/239/1532 714/158/1524
f 2284/241/1533 2285/257/1534 721/257/1535 719/241/1536
f 2285/257/1534 2284/241/1533 720/241/1537 722/257/1538
f 2285/257/1534 2286/258/1539 723/258/1540 721/257/1535
f 2286/258/1539 2285/257/1534 722/257/1538 724/258/1541
f 2286/258/1539 2284/241/1533 719/241/1536 723/258/1540
f 2284/241/1533 2286/258/1539 724/258/1541 720/241/1537
f 2287/259/1542 2288/241/1543 727/241/1544 725/259/1545
f 2288/241/1543 2287/259/1542 726/259/1546 728/241/1547
f 2288/241/1543 2289/258/1548 723/258/1549 727/241/1544
f 2289/258/1548 2288/241/1543 728/241/1547 724/258/1550
f 2289/258/1548 2287/259/1542 725/259/1545 723/258/1549
f 2287/259/1542 2289/258/1548 724/258/1550 726/259/1546
f 2290/241/1551 2291/259/1552 725/259/1545 727/241/1544
f 2291/259/1552 2290/241/1551 728/241/1547 726/259/1546
f 2291/259/1552 2292/242/1553 729/242/1554 725/259/1545
f 2292/242/1553 2291/259/1552 726/259/1546 730/242/1555
f 2292/242/1553 2290/241/1551 727/241/1544 729/242/1554
f 2290/241/1551 2292/242/1553 730/242/1555 728/241/1547
f 2293/257/1556 2294/241/1557 733/241/1558 731/257/1559
f 2294/241/1557 2293/257/1556 732/257/1560 734/241/1561
f 2294/241/1557 2295/239/1562 735/239/1563 733/241/1558
f 2295/239/1562 2294/241/1557 734/241/1561 736/239/1564
f 2295/239/1562 2293/257/1556 731/257/1559 735/239/1563
f 2293/257/1556 2295/239/1562 736/239/1564 732/257/1560
f 2296/259/1565 2297/143/1566 739/143/1567 737/259/1568
f 2297/143/1566 2296/259/1565 738/259/1569 740/143/1570
f 2297/143/1566 2298/144/1571 741/144/1572 739/143/1567
f 2298/144/1571 2297/143/1566 740/143/1570 742/144/1573
f 2298/144/1571 2296/259/1565 737/259/1568 741/144/1572
f 2296/259/1565 2298/144/1571 742/144/1573 738/259/1569
f 2299/144/1574 2300/242/1575 745/242/1576 743/144/1577
f 2300/242/1575 2299/144/1574 744/144/1578 746/242/1579
f 2300/242/1575 2301/259/1580 747/259/1581 745/242/1576
f 2301/259/1580 2300/242/1575 746/242/1579 748/259/1582
f 2301/259/1580 2299/144/1574 743/144/1577 747/259/1581
f 2299/144/1574 2301/259/1580 748/259/1582 744/144/1578
f 2302/260/1583 2303/261/1584 751/261/1585 749/260/1586
f 2303/261/1584 2302/260/1583 750/260/1587 752/261/1588
f 2303/261/1584 2304/262/1589 753/262/1590 751/261/1585
f 2304/262/1589 2303/261/1584 752/261/1588 754/262/1591
f 2304/262/1589 2302/260/1583 749/260/1586 753/262/1590
f 2302/260/1583 2304/262/1589 754/262/1591 750/260/1587
f 2305/263/1592 2306/262/1593 753/262/1590 755/263/1594
f 2306/262/1593 2305/263/1592 756/263/1595 754/262/1591
f 2306/262/1593 2307/261/1596 751/261/1585 753/262/1590
f 2307/261/1596 2306/262/1593 754/262/1591 752/261/1588
f 2307/261/1596 2305/263/1592 755/263/1594 751/261/1585
f 2305/263/1592 2307/261/1596 752/261/1588 756/263/1595
f 2308/263/1597 2309/261/1598 751/261/1585 755/263/1594
f 2309/261/1598 2308/263/1597 756/263/1595 752/261/1588
f 2309/261/1598 2310/264/1599 757/264/1600 751/261/1585
f 2310/264/1599 2309/261/1598 752/261/1588 758/264/1601
f 2310/264/1599 2308/263/1597 755/263/1594 757/264/1600
f 2308/263/1597 2310/264/1599 758/264/1601 756/263/1595
f 2311/265/1602 2312/263/1603 755/263/1594 759/265/1604
f 2312/263/1603 2311/265/1602 760/265/1605 756/263/1595
f 2312/263/1603 2313/264/1606 757/264/1600 755/263/1594
f 2313/264/1606 2312/263/1603 756/263/1595 758/264/1601
f 2313/264/1606 2311/265/1602 759/265/1604 757/264/1600
f 2311/265/1602 2313/264/1606 758/264/1601 760/265/1605
f 2314/266/1607 2315/267/1608 765/267/1609 761/266/1610
f 2315/267/1608 2314/266/1607 762/266/1611 766/267/1612
f 2315/267/1608 2316/268/1613 769/268/1614 765/267/1609
f 2316/268/1613 2315/267/1608 766/267/1612 770/268/1615
f 2316/268/1613 2314/266/1607 761/266/1610 769/268/1614
f 2314/266/1607 2316/268/1613 770/268/1615 762/266/1611
f 2317/269/1616 2318/270/1617 771/270/1618 763/269/1619
f 2318/270/1617 2317/269/1616 764/269/1620 772/270/1621
f 2318/270/1617 2319/271/1622 767/271/1623 771/270/1618
f 2319/271/1622 2318/270/1617 772/270/1621 768/271/1624
f 2319/271/1622 2317/269/1616 763/269/1619 767/271/1623
f 2317/269/1616 2319/271/1622 768/271/1624 764/269/1620
f 2320/268/1625 2321/267/1626 765/267/1609 769/268/1614
f 2321/267/1626 2320/268/1625 770/268/1615 766/267/1612
f 2321/267/1626 2322/270/1627 771/270/1618 765/267/1609
f 2322/270/1627 2321/267/1626 766/267/1612 772/270/1621
f 2322/270/1627 2320/268/1625 769/268/1614 771/270/1618
f 2320/268/1625 2322/270/1627 772/270/1621 770/268/1615
f 2323/268/1628 2324/270/1629 771/270/1618 769/268/1614
f 2324/270/1629 2323/268/1628 770/268/1615 772/270/1621
f 2324/270/1629 2325/269/1630 763/269/1619 771/270/1618
f 2325/269/1630 2324/270/1629 772/270/1621 764/269/1620
f 2325/269/1630 2323/268/1628 769/268/1614 763/269/1619
f 2323/268/1628 2325/269/1630 764/269/1620 770/268/1615
f 2326/272/1631 2327/273/1632 777/273/1633 773/272/1634
f 2327/273/1632 2326/272/1631 774/272/1635 778/273/1636
f 2327/273/1632 2328/274/1637 775/274/1638 777/273/1633
f 2328/274/1637 2327/273/1632 778/273/1636 776/274/1639
f 2328/274/1637 2326/272/1631 773/272/1634 775/274/1638
f 2326/272/1631 2328/274/1637 776/274/1639 774/272/1635
f 2329/275/1640 2330/274/1641 775/274/1638 779/275/1642
f 2330/274/1641 2329/275/1640 780/275/1643 776/274/1639
f 2330/274/1641 2331/273/1644 777/273/1633 775/274/1638
f 2331/273/1644 2330/274/1641 776/274/1639 778/273/1636
f 2331/273/1644 2329/275/1640 779/275/1642 777/273/1633
f 2329/275/1640 2331/273/1644 778/273/1636 780/275/1643
f 2332/273/1645 2333/276/1646 781/276/1647 777/273/1633
f 2333/276/1646 2332/273/1645 778/273/1636 782/276/1648
f 2333/276/1646 2334/275/1649 779/275/1642 781/276/1647
f 2334/275/1649 2333/276/1646 782/276/1648 780/275/1643
f 2334/275/1649 2332/273/1645 777/273/1633 779/275/1642
f 2332/273/1645 2334/275/1649 780/275/1643 778/273/1636
f 2335/277/1650 2336/275/1651 779/275/1642 783/277/1652
f 2336/275/1651 2335/277/1650 784/277/1653 780/275/1643
f 2336/275/1651 2337/276/1654 781/276/1647 779/275/1642
f 2337/276/1654 2336/275/1651 780/275/1643 782/276/1648
f 2337/276/1654 2335/277/1650 783/277/1652 781/276/1647
f 2335/277/1650 2337/276/1654 782/276/1648 784/277/1653
f 2338/271/1655 2339/278/1656 793/278/1657 785/271/1658
f 2339/278/1656 2338/271/1655 786/271/1659 794/278/1660
f 2339/278/1656 2340/279/1661 789/279/1662 793/278/1657
f 2340/279/1661 2339/278/1656 794/278/1660 790/279/1663
f 2340/279/1661 2338/271/1655 785/271/1658 789/279/1662
f 2338/271/1655 2340/279/1661 790/279/1663 786/271/1659
f 2341/267/1664 2342/280/1665 791/280/1666 787/267/1667
f 2342/280/1665 2341/267/1664 788/267/1668 792/280/1669
f 2342/280/1665 2343/270/1670 795/270/1671 791/280/1666
f 2343/270/1670 2342/280/1665 792/280/1669 796/270/1672
f 2343/270/1670 2341/267/1664 787/267/1667 795/270/1671
f 2341/267/1664 2343/270/1670 796/270/1672 788/267/1668
f 2344/271/1673 2345/270/1674 795/270/1671 785/271/1658
f 2345/270/1674 2344/271/1673 786/271/1659 796/270/1672
f 2345/270/1674 2346/278/1675 793/278/1657 795/270/1671
f 2346/278/1675 2345/270/1674 796/270/1672 794/278/1660
f 2346/278/1675 2344/271/1673 785/271/1658 793/278/1657
f 2344/271/1673 2346/278/1675 794/278/1660 786/271/1659
f 2347/270/1676 2348/280/1677 791/280/1666 795/270/1671
f 2348/280/1677 2347/270/1676 796/270/1672 792/280/1669
f 2348/280/1677 2349/278/1678 793/278/1657 791/280/1666
f 2349/278/1678 2348/280/1677 792/280/1669 794/278/1660
f 2349/278/1678 2347/270/1676 795/270/1671 793/278/1657
f 2347/270/1676 2349/278/1678 794/278/1660 796/270/1672
f 2350/281/1679 2351/269/1680 797/269/1681 801/281/1682
f 2351/269/1680 2350/281/1679 802/281/1683 798/269/1684
f 2351/269/1680 2352/282/1685 799/282/1686 797/269/1681
f 2352/282/1685 2351/269/1680 798/269/1684 800/282/1687
f 2352/282/1685 2350/281/1679 801/281/1682 799/282/1686
f 2350/281/1679 2352/282/1685 800/282/1687 802/281/1683
f 2353/269/1688 2354/281/1689 801/281/1682 797/269/1681
f 2354/281/1689 2353/269/1688 798/269/1684 802/281/1683
f 2354/281/1689 2355/268/1690 803/268/1691 801/281/1682
f 2355/268/1690 2354/281/1689 802/281/1683 804/268/1692
f 2355/268/1690 2353/269/1688 797/269/1681 803/268/1691
f 2353/269/1688 2355/268/1690 804/268/1692 798/269/1684
f 2356/283/1693 2357/268/1694 803/268/1691 805/283/1695
f 2357/268/1694 2356/283/1693 806/283/1696 804/268/1692
f 2357/268/1694 2358/281/1697 801/281/1682 803/268/1691
f 2358/281/1697 2357/268/1694 804/268/1692 802/281/1683
f 2358/281/1697 2356/283/1693 805/283/1695 801/281/1682
f 2356/283/1693 2358/281/1697 802/281/1683 806/283/1696
f 2359/268/1698 2360/283/1699 805/283/1695 803/268/1691
f 2360/283/1699 2359/268/1698 804/268/1692 806/283/1696
f 2360/283/1699 2361/266/1700 807/266/1701 805/283/1695
f 2361/266/1700 2360/283/1699 806/283/1696 808/266/1702
f 2361/266/1700 2359/268/1698 803/268/1691 807/266/1701
f 2359/268/1698 2361/266/1700 808/266/1702 804/268/1692
f 2362/284/1703 2363/285/1704 811/285/1705 809/284/1706
f 2363/285/1704 2362/284/1703 810/284/1707 812/285/1708
f 2363/285/1704 2364/286/1709 813/286/1710 811/285/1705
f 2364/286/1709 2363/285/1704 812/285/1708 814/286/1711
f 2364/286/1709 2362/284/1703 809/284/1706 813/286/1710
f 2362/284/1703 2364/286/1709 814/286/1711 810/284/1707
f 2365/286/1712 2366/287/1713 815/287/1714 813/286/1710
f 2366/287/1713 2365/286/1712 814/286/1711 816/287/1715
f 2366/287/1713 2367/284/1716 809/284/1706 815/287/1714
f 2367/284/1716 2366/287/1713 816/287/1715 810/284/1707
f 2367/284/1716 2365/286/1712 813/286/1710 809/284/1706
f 2365/286/1712 2367/284/1716 810/284/1707 814/286/1711
f 2368/285/1717 2369/288/1718 817/288/1719 811/285/1705
f 2369/288/1718 2368/285/1717 812/285/1708 818/288/1720
f 2369/288/1718 2370/286/1721 813/286/1710 817/288/1719
f 2370/286/1721 2369/288/1718 818/288/1720 814/286/1711
f 2370/286/1721 2368/285/1717 811/285/1705 813/286/1710
f 2368/285/1717 2370/286/1721 814/286/1711 812/285/1708
f 2371/287/1722 2372/286/1723 813/286/1710 815/287/1714
f 2372/286/1723 2371/287/1722 816/287/1715 814/286/1711
f 2372/286/1723 2373/289/1724 819/289/1725 813/286/1710
f 2373/289/1724 2372/286/1723 814/286/1711 820/289/1726
f 2373/289/1724 2371/287/1722 815/287/1714 819/289/1725
f 2371/287/1722 2373/289/1724 820/289/1726 816/287/1715
f 2374/290/1727 2375/291/1728 823/291/1729 821/290/1730
f 2375/291/1728 2374/290/1727 822/290/1731 824/291/1732
f 2375/291/1728 2376/292/1733 825/292/1734 823/291/1729
f 2376/292/1733 2375/291/1728 824/291/1732 826/292/1735
f 2376/292/1733 2374/290/1727 821/290/1730 825/292/1734
f 2374/290/1727 2376/292/1733 826/292/1735 822/290/1731
f 2377/292/1736 2378/291/1737 823/291/1729 825/292/1734
f 2378/291/1737 2377/292/1736 826/292/1735 824/291/1732
f 2378/291/1737 2379/293/1738 827/293/1739 823/291/1729
f 2379/293/1738 2378/291/1737 824/291/1732 828/293/1740
f 2379/293/1738 2377/292/1736 825/292/1734 827/293/1739
f 2377/292/1736 2379/293/1738 828/293/1740 826/292/1735
f 2380/291/1741 2381/294/1742 829/294/1743 823/291/1729
f 2381/294/1742 2380/291/1741 824/291/1732 830/294/1744
f 2381/294/1742 2382/293/1745 827/293/1739 829/294/1743
f 2382/293/1745 2381/294/1742 830/294/1744 828/293/1740
f 2382/293/1745 2380/291/1741 823/291/1729 827/293/1739
f 2380/291/1741 2382/293/1745 828/293/1740 824/291/1732
f 2383/294/1746 2384/291/1747 823/291/1729 829/294/1743
f 2384/291/1747 2383/294/1746 830/294/1744 824/291/1732
f 2384/291/1747 2385/295/1748 831/295/1749 823/291/1729
f 2385/295/1748 2384/291/1747 824/291/1732 832/295/1750
f 2385/295/1748 2383/294/1746 829/294/1743 831/295/1749
f 2383/294/1746 2385/295/1748 832/295/1750 830/294/1744
f 2386/294/1751 2387/285/1752 833/285/1753 835/294/1754
f 2387/285/1752 2386/294/1751 836/294/1755 834/285/1756
f 2387/285/1752 2388/284/1757 837/284/1758 833/285/1753
f 2388/284/1757 2387/285/1752 834/285/1756 838/284/1759
f 2388/284/1757 2386/294/1751 835/294/1754 837/284/1758
f 2386/294/1751 2388/284/1757 838/284/1759 836/294/1755
f 2389/284/1760 2390/293/1761 839/293/1762 837/284/1758
f 2390/293/1761 2389/284/1760 838/284/1759 840/293/1763
f 2390/293/1761 2391/294/1764 835/294/1754 839/293/1762
f 2391/294/1764 2390/293/1761 840/293/1763 836/294/1755
f 2391/294/1764 2389/284/1760 837/284/1758 835/294/1754
f 2389/284/1760 2391/294/1764 836/294/1755 838/284/1759
f 2392/287/1765 2393/293/1766 839/293/1762 841/287/1767
f 2393/293/1766 2392/287/1765 842/287/1768 840/293/1763
f 2393/293/1766 2394/284/1769 837/284/1758 839/293/1762
f 2394/284/1769 2393/293/1766 840/293/1763 838/284/1759
f 2394/284/1769 2392/287/1765 841/287/1767 837/284/1758
f 2392/287/1765 2394/284/1769 838/284/1759 842/287/1768
f 2395/293/1770 2396/287/1771 841/287/1767 839/293/1762
f 2396/287/1771 2395/293/1770 840/293/1763 842/287/1768
f 2396/287/1771 2397/292/1772 843/292/1773 841/287/1767
f 2397/292/1772 2396/287/1771 842/287/1768 844/292/1774
f 2397/292/1772 2395/293/1770 839/293/1762 843/292/1773
f 2395/293/1770 2397/292/1772 844/292/1774 840/293/1763
f 2398/296/1775 2399/297/1776 847/297/1777 845/296/1778
f 2399/297/1776 2398/296/1775 846/296/1779 848/297/1780
f 2399/297/1776 2400/298/1781 849/298/1782 847/297/1777
f 2400/298/1781 2399/297/1776 848/297/1780 850/298/1783
f 2400/298/1781 2398/296/1775 845/296/1778 849/298/1782
f 2398/296/1775 2400/298/1781 850/298/1783 846/296/1779
f 2401/297/1784 2402/296/1785 845/296/1778 847/297/1777
f 2402/296/1785 2401/297/1784 848/297/1780 846/296/1779
f 2402/296/1785 2403/299/1786 851/299/1787 845/296/1778
f 2403/299/1786 2402/296/1785 846/296/1779 852/299/1788
f 2403/299/1786 2401/297/1784 847/297/1777 851/299/1787
f 2401/297/1784 2403/299/1786 852/299/1788 848/297/1780
f 2404/300/1789 2405/301/1790 857/301/1791 853/300/1792
f 2405/301/1790 2404/300/1789 854/300/1793 858/301/1794
f 2405/301/1790 2406/302/1795 855/302/1796 857/301/1791
f 2406/302/1795 2405/301/1790 858/301/1794 856/302/1797
f 2406/302/1795 2404/300/1789 853/300/1792 855/302/1796
f 2404/300/1789 2406/302/1795 856/302/1797 854/300/1793
f 2407/300/1798 2408/303/1799 859/303/1800 853/300/1792
f 2408/303/1799 2407/300/1798 854/300/1793 860/303/1801
f 2408/303/1799 2409/301/1802 857/301/1791 859/303/1800
f 2409/301/1802 2408/303/1799 860/303/1801 858/301/1794
f 2409/301/1802 2407/300/1798 853/300/1792 857/301/1791
f 2407/300/1798 2409/301/1802 858/301/1794 854/300/1793
f 2410/303/1803 2411/304/1804 861/304/1805 859/303/1800
f 2411/304/1804 2410/303/1803 860/303/1801 862/304/1806
f 2411/304/1804 2412/301/1807 857/301/1791 861/304/1805
f 2412/301/1807 2411/304/1804 862/304/1806 858/301/1794
f 2412/301/1807 2410/303/1803 859/303/1800 857/301/1791
f 2410/303/1803 2412/301/1807 858/301/1794 860/303/1801
f 2413/304/1808 2414/303/1809 859/303/1800 861/304/1805
f 2414/303/1809 2413/304/1808 862/304/1806 860/303/1801
f 2414/303/1809 2415/305/1810 863/305/1811 859/303/1800
f 2415/305/1810 2414/303/1809 860/303/1801 864/305/1812
f 2415/305/1810 2413/304/1808 861/304/1805 863/305/1811
f 2413/304/1808 2415/305/1810 864/305/1812 862/304/1806
f 2416/306/1813 2417/307/1814 867/307/1815 869/306/1816
f 2417/307/1814 2416/306/1813 870/306/1817 868/307/1818
f 2417/307/1814 2418/308/1819 865/308/1820 867/307/1815
f 2418/308/1819 2417/307/1814 868/307/1818 866/308/1821
f 2418/308/1819 2416/306/1813 869/306/1816 865/308/1820
f 2416/306/1813 2418/308/1819 866/308/1821 870/306/1817
f 2419/306/1822 2420/308/1823 865/308/1820 869/306/1816
f 2420/308/1823 2419/306/1822 870/306/1817 866/308/1821
f 2420/308/1823 2421/309/1824 871/309/1825 865/308/1820
f 2421/309/1824 2420/308/1823 866/308/1821 872/309/1826
f 2421/309/1824 2419/306/1822 869/306/1816 871/309/1825
f 2419/306/1822 2421/309/1824 872/309/1826 870/306/1817
f 2422/310/1827 2423/306/1828 869/306/1816 873/310/1829
f 2423/306/1828 2422/310/1827 874/310/1830 870/306/1817
f 2423/306/1828 2424/309/1831 871/309/1825 869/306/1816
f 2424/309/1831 2423/306/1828 870/306/1817 872/309/1826
f 2424/309/1831 2422/310/1827 873/310/1829 871/309/1825
f 2422/310/1827 2424/309/1831 872/309/1826 874/310/1830
f 2425/310/1832 2426/309/1833 871/309/1825 873/310/1829
f 2426/309/1833 2425/310/1832 874/310/1830 872/309/1826
f 2426/309/1833 2427/311/1834 875/311/1835 871/309/1825
f 2427/311/1834 2426/309/1833 872/309/1826 876/311/1836
f 2427/311/1834 2425/310/1832 873/310/1829 875/311/1835
f 2425/310/1832 2427/311/1834 876/311/1836 874/310/1830
f 2428/312/1837 2429/313/1838 881/313/1839 879/312/1840
f 2429/313/1838 2428/312/1837 880/312/1841 882/313/1842
f 2429/313/1838 2430/314/1843 877/314/1844 881/313/1839
f 2430/314/1843 2429/313/1838 882/313/1842 878/314/1845
f 2430/314/1843 2428/312/1837 879/312/1840 877/314/1844
f 2428/312/1837 2430/314/1843 878/314/1845 880/312/1841
f 2431/312/1846 2432/315/1847 883/315/1848 879/312/1840
f 2432/315/1847 2431/312/1846 880/312/1841 884/315/1849
f 2432/315/1847 2433/313/1850 881/313/1839 883/315/1848
f 2433/313/1850 2432/315/1847 884/315/1849 882/313/1842
f 2433/313/1850 2431/312/1846 879/312/1840 881/313/1839
f 2431/312/1846 2433/313/1850 882/313/1842 880/312/1841
f 2434/316/1851 2435/313/1852 881/313/1839 885/316/1853
f 2435/313/1852 2434/316/1851 886/316/1854 882/313/1842
f 2435/313/1852 2436/315/1855 883/315/1848 881/313/1839
f 2436/315/1855 2435/313/1852 882/313/1842 884/315/1849
f 2436/315/1855 2434/316/1851 885/316/1853 883/315/1848
f 2434/316/1851 2436/315/1855 884/315/1849 886/316/1854
f 2437/313/1856 2438/316/1857 885/316/1853 881/313/1839
f 2438/316/1857 2437/313/1856 882/313/1842 886/316/1854
f 2438/316/1857 2439/317/1858 887/317/1859 885/316/1853
f 2439/317/1858 2438/316/1857 886/316/1854 888/317/1860
f 2439/317/1858 2437/313/1856 881/313/1839 887/317/1859
f 2437/313/1856 2439/317/1858 888/317/1860 882/313/1842
f 2440/318/1861 2441/319/1862 891/319/1863 889/318/1864
f 2441/319/1862 2440/318/1861 890/318/1865 892/319/1866
f 2441/319/1862 2442/320/1867 893/320/1868 891/319/1863
f 2442/320/1867 2441/319/1862 892/319/1866 894/320/1869
f 2442/320/1867 2440/318/1861 889/318/1864 893/320/1868
f 2440/318/1861 2442/320/1867 894/320/1869 890/318/1865
f 2443/319/1870 2444/321/1871 895/321/1872 891/319/1863
f 2444/321/1871 2443/319/1870 892/319/1866 896/321/1873
f 2444/321/1871 2445/320/1874 893/320/1868 895/321/1872
f 2445/320/1874 2444/321/1871 896/321/1873 894/320/1869
f 2445/320/1874 2443/319/1870 891/319/1863 893/320/1868
f 2443/319/1870 2445/320/1874 894/320/1869 892/319/1866
f 2446/322/1875 2447/320/1876 893/320/1868 897/322/1877
f 2447/320/1876 2446/322/1875 898/322/1878 894/320/1869
f 2447/320/1876 2448/321/1879 895/321/1872 893/320/1868
f 2448/321/1879 2447/320/1876 894/320/1869 896/321/1873
f 2448/321/1879 2446/322/1875 897/322/1877 895/321/1872
f 2446/322/1875 2448/321/1879 896/321/1873 898/322/1878
f 2449/321/1880 2450/323/1881 899/323/1882 895/321/1872
f 2450/323/1881 2449/321/1880 896/321/1873 900/323/1883
f 2450/323/1881 2451/322/1884 897/322/1877 899/323/1882
f 2451/322/1884 2450/323/1881 900/323/1883 898/322/1878
f 2451/322/1884 2449/321/1880 895/321/1872 897/322/1877
f 2449/321/1880 2451/322/1884 898/322/1878 896/321/1873
f 2452/324/1885 2453/322/1886 897/322/1877 901/324/1887
f 2453/322/1886 2452/324/1885 902/324/1888 898/322/1878
f 2453/322/1886 2454/323/1889 899/323/1882 897/322/1877
f 2454/323/1889 2453/322/1886 898/322/1878 900/323/1883
f 2454/323/1889 2452/324/1885 901/324/1887 899/323/1882
f 2452/324/1885 2454/323/1889 900/323/1883 902/324/1888
f 2455/323/1890 2456/325/30 903/325/1891 899/323/1882
f 2456/325/30 2455/323/1890 900/323/1883 904/325/1892
f 2456/325/30 2457/324/1893 901/324/1887 903/325/1891
f 2457/324/1893 2456/325/30 904/325/1892 902/324/1888
f 2457/324/1893 2455/323/1890 899/323/1882 901/324/1887
f 2455/323/1890 2457/324/1893 902/324/1888 900/323/1883
f 2458/326/1894 2459/324/1895 901/324/1887 905/326/1896
f 2459/324/1895 2458/326/1894 906/326/1897 902/324/1888
f 2459/324/1895 2460/325/1898 903/325/1891 901/324/1887
f 2460/325/1898 2459/324/1895 902/324/1888 904/325/1892
f 2460/325/1898 2458/326/1894 905/326/1896 903/325/1891
f 2458/326/1894 2460/325/1898 904/325/1892 906/326/1897
f 2461/325/1899 2462/327/1900 907/327/1901 903/325/1891
f 2462/327/1900 2461/325/1899 904/325/1892 908/327/1902
f 2462/327/1900 2463/326/1903 905/326/1896 907/327/1901
f 2463/326/1903 2462/327/1900 908/327/1902 906/326/1897
f 2463/326/1903 2461/325/1899 903/325/1891 905/326/1896
f 2461/325/1899 2463/326/1903 906/326/1897 904/325/1892
f 2464/328/1904 2465/326/1905 905/326/1896 909/328/1906
f 2465/326/1905 2464/328/1904 910/328/1907 906/326/1897
f 2465/326/1905 2466/327/1908 907/327/1901 905/326/1896
f 2466/327/1908 2465/326/1905 906/326/1897 908/327/1902
f 2466/327/1908 2464/328/1904 909/328/1906 907/327/1901
f 2464/328/1904 2466/327/1908 908/327/1902 910/328/1907
f 2467/314/1909 2468/329/1910 915/329/1911 911/314/1912
f 2468/329/1910 2467/314/1909 912/314/1913 916/329/1914
f 2468/329/1910 2469/330/1915 913/330/1916 915/329/1911
f 2469/330/1915 2468/329/1910 916/329/1914 914/330/1917
f 2469/330/1915 2467/314/1909 911/314/1912 913/330/1916
f 2467/314/1909 2469/330/1915 914/330/1917 912/314/1913
f 2470/314/1918 2471/313/1919 917/313/1920 911/314/1912
f 2471/313/1919 2470/314/1918 912/314/1913 918/313/1921
f 2471/313/1919 2472/329/1922 915/329/1911 917/313/1920
f 2472/329/1922 2471/313/1919 918/313/1921 916/329/1914
f 2472/329/1922 2470/314/1918 911/314/1912 915/329/1911
f 2470/314/1918 2472/329/1922 916/329/1914 912/314/1913
f 2473/317/1923 2474/329/1924 915/329/1911 919/317/1925
f 2474/329/1924 2473/317/1923 920/317/1926 916/329/1914
f 2474/329/1924 2475/313/1927 917/313/1920 915/329/1911
f 2475/313/1927 2474/329/1924 916/329/1914 918/313/1921
f 2475/313/1927 2473/317/1923 919/317/1925 917/313/1920
f 2473/317/1923 2475/313/1927 918/313/1921 920/317/1926
f 2476/329/1928 2477/317/1929 919/317/1925 915/329/1911
f 2477/317/1929 2476/329/1928 916/329/1914 920/317/1926
f 2477/317/1929 2478/331/1930 921/331/1931 919/317/1925
f 2478/331/1930 2477/317/1929 920/317/1926 922/331/1932
f 2478/331/1930 2476/329/1928 915/329/1911 921/331/1931
f 2476/329/1928 2478/331/1930 922/331/1932 916/329/1914
f 2479/332/1933 2480/316/1934 925/316/1935 923/332/1936
f 2480/316/1934 2479/332/1933 924/332/1937 926/316/1938
f 2480/316/1934 2481/315/1939 927/315/1940 925/316/1935
f 2481/315/1939 2480/316/1934 926/316/1938 928/315/1941
f 2481/315/1939 2479/332/1933 923/332/1936 927/315/1940
f 2479/332/1933 2481/315/1939 928/315/1941 924/332/1937
f 2482/312/1942 2483/332/1943 923/332/1936 929/312/1944
f 2483/332/1943 2482/312/1942 930/312/1945 924/332/1937
f 2483/332/1943 2484/315/1946 927/315/1940 923/332/1936
f 2484/315/1946 2483/332/1943 924/332/1937 928/315/1941
f 2484/315/1946 2482/312/1942 929/312/1944 927/315/1940
f 2482/312/1942 2484/315/1946 928/315/1941 930/312/1945
f 2485/316/1947 2486/332/1948 923/332/1936 925/316/1935
f 2486/332/1948 2485/316/1947 926/316/1938 924/332/1937
f 2486/332/1948 2487/333/1949 931/333/1950 923/332/1936
f 2487/333/1949 2486/332/1948 924/332/1937 932/333/1951
f 2487/333/1949 2485/316/1947 925/316/1935 931/333/1950
f 2485/316/1947 2487/333/1949 932/333/1951 926/316/1938
f 2488/332/1952 2489/312/1953 929/312/1944 923/332/1936
f 2489/312/1953 2488/332/1952 924/332/1937 930/312/1945
f 2489/312/1953 2490/334/1954 933/334/1955 929/312/1944
f 2490/334/1954 2489/312/1953 930/312/1945 934/334/1956
f 2490/334/1954 2488/332/1952 923/332/1936 933/334/1955
f 2488/332/1952 2490/334/1954 934/334/1956 924/332/1937
f 2491/335/1957 2492/336/1958 935/336/1959 939/335/1960
f 2492/336/1958 2491/335/1957 940/335/1961 936/336/1962
f 2492/336/1958 2493/337/1963 937/337/1964 935/336/1959
f 2493/337/1963 2492/336/1958 936/336/1962 938/337/1965
f 2493/337/1963 2491/335/1957 939/335/1960 937/337/1964
f 2491/335/1957 2493/337/1963 938/337/1965 940/335/1961
f 2494/336/1966 2495/335/1967 939/335/1960 935/336/1959
f 2495/335/1967 2494/336/1966 936/336/1962 940/335/1961
f 2495/335/1967 2496/338/1968 941/338/1969 939/335/1960
f 2496/338/1968 2495/335/1967 940/335/1961 942/338/1970
f 2496/338/1968 2494/336/1966 935/336/1959 941/338/1969
f 2494/336/1966 2496/338/1968 942/338/1970 936/336/1962
f 2497/335/1971 2498/339/1972 943/339/1973 939/335/1960
f 2498/339/1972 2497/335/1971 940/335/1961 944/339/1974
f 2498/339/1972 2499/338/1975 941/338/1969 943/339/1973
f 2499/338/1975 2498/339/1972 944/339/1974 942/338/1970
f 2499/338/1975 2497/335/1971 939/335/1960 941/338/1969
f 2497/335/1971 2499/338/1975 942/338/1970 940/335/1961
f 2500/339/1976 2501/335/1977 939/335/1960 943/339/1973
f 2501/335/1977 2500/339/1976 944/339/1974 940/335/1961
f 2501/335/1977 2502/340/1978 945/340/1979 939/335/1960
f 2502/340/1978 2501/335/1977 940/335/1961 946/340/1980
f 2502/340/1978 2500/339/1976 943/339/1973 945/340/1979
f 2500/339/1976 2502/340/1978 946/340/1980 944/339/1974
f 2503/340/1981 2504/341/1982 947/341/1983 945/340/1979
f 2504/341/1982 2503/340/1981 946/340/1980 948/341/1984
f 2504/341/1982 2505/339/1985 943/339/1973 947/341/1983
f 2505/339/1985 2504/341/1982 948/341/1984 944/339/1974
f 2505/339/1985 2503/340/1981 945/340/1979 943/339/1973
f 2503/340/1981 2505/339/1985 944/339/1974 946/340/1980
f 2506/342/1986 2507/343/1987 953/343/1988 951/342/1989
f 2507/343/1987 2506/342/1986 952/342/1990 954/343/1991
f 2507/343/1987 2508/344/1992 949/344/1993 953/343/1988
f 2508/344/1992 2507/343/1987 954/343/1991 950/344/1994
f 2508/344/1992 2506/342/1986 951/342/1989 949/344/1993
f 2506/342/1986 2508/344/1992 950/344/1994 952/342/1990
f 2509/343/1995 2510/342/1996 951/342/1989 953/343/1988
f 2510/342/1996 2509/343/1995 954/343/1991 952/342/1990
f 2510/342/1996 2511/345/1997 955/345/1998 951/342/1989
f 2511/345/1997 2510/342/1996 952/342/1990 956/345/1999
f 2511/345/1997 2509/343/1995 953/343/1988 955/345/1998
f 2509/343/1995 2511/345/1997 956/345/1999 954/343/1991
f 2512/345/2000 2513/346/2001 957/346/2002 955/345/1998
f 2513/346/2001 2512/345/2000 956/345/1999 958/346/2003
f 2513/346/2001 2514/343/2004 953/343/1988 957/346/2002
f 2514/343/2004 2513/346/2001 958/346/2003 954/343/1991
f 2514/343/2004 2512/345/2000 955/345/1998 953/343/1988
f 2512/345/2000 2514/343/2004 954/343/1991 956/345/1999
f 2515/347/2005 2516/343/2006 953/343/1988 959/347/2007
f 2516/343/2006 2515/347/2005 960/347/2008 954/343/1991
f 2516/343/2006 2517/346/2009 957/346/2002 953/343/1988
f 2517/346/2009 2516/343/2006 954/343/1991 958/346/2003
f 2517/346/2009 2515/347/2005 959/347/2007 957/346/2002
f 2515/347/2005 2517/346/2009 958/346/2003 960/347/2008
f 2518/348/2010 2519/347/2011 959/347/2007 961/348/2012
f 2519/347/2011 2518/348/2010 962/348/2013 960/347/2008
f 2519/347/2011 2520/346/2014 957/346/2002 959/347/2007
f 2520/346/2014 2519/347/2011 960/347/2008 958/346/2003
f 2520/346/2014 2518/348/2010 961/348/2012 957/346/2002
f 2518/348/2010 2520/346/2014 958/346/2003 962/348/2013
f 2521/349/2015 2522/350/2016 965/350/2017 963/349/2018
f 2522/350/2016 2521/349/2015 964/349/2019 966/350/2020
f 2522/350/2016 2523/351/2021 967/351/2022 965/350/2017
f 2523/351/2021 2522/350/2016 966/350/2020 968/351/2023
f 2523/351/2021 2521/349/2015 963/349/2018 967/351/2022
f 2521/349/2015 2523/351/2021 968/351/2023 964/349/2019
f 2524/352/2024 2525/353/2025 969/353/2026 971/352/2027
f 2525/353/2025 2524/352/2024 972/352/2028 970/353/2029
f 2525/353/2025 2526/354/2030 973/354/2031 969/353/2026
f 2526/354/2030 2525/353/2025 970/353/2029 974/354/2032
f 2526/354/2030 2524/352/2024 971/352/2027 973/354/2031
f 2524/352/2024 2526/354/2030 974/354/2032 972/352/2028
f 2527/355/2033 2528/356/2034 977/356/2035 975/355/2036
f 2528/356/2034 2527/355/2033 976/355/2037 978/356/2038
f 2528/356/2034 2529/357/2039 979/357/2040 977/356/2035
f 2529/357/2039 2528/356/2034 978/356/2038 980/357/2041
f 2529/357/2039 2527/355/2033 975/355/2036 979/357/2040
f 2527/355/2033 2529/357/2039 980/357/2041 976/355/2037
f 2530/356/2042 2531/358/2043 983/358/2044 981/356/2045
f 2531/358/2043 2530/356/2042 982/356/2046 984/358/2047
f 2531/358/2043 2532/359/2048 985/359/2049 983/358/2044
f 2532/359/2048 2531/358/2043 984/358/2047 986/359/2050
f 2532/359/2048 2530/356/2042 981/356/2045 985/359/2049
f 2530/356/2042 2532/359/2048 986/359/2050 982/356/2046
f 2533/346/2051 2534/341/2052 991/341/2053 995/346/2054
f 2534/341/2052 2533/346/2051 996/346/2055 992/341/2056
f 2534/341/2052 2535/348/2057 987/348/2058 991/341/2053
f 2535/348/2057 2534/341/2052 992/341/2056 988/348/2059
f 2535/348/2057 2533/346/2051 995/346/2054 987/348/2058
f 2533/346/2051 2535/348/2057 988/348/2059 996/346/2055
f 2536/338/2060 2537/342/2061 993/342/2062 997/338/2063
f 2537/342/2061 2536/338/2060 998/338/2064 994/342/2065
f 2537/342/2061 2538/336/2066 989/336/2067 993/342/2062
f 2538/336/2066 2537/342/2061 994/342/2065 990/336/2068
f 2538/336/2066 2536/338/2060 997/338/2063 989/336/2067
f 2536/338/2060 2538/336/2066 990/336/2068 998/338/2064
f 2539/341/2069 2540/346/2070 995/346/2054 991/341/2053
f 2540/346/2070 2539/341/2069 992/341/2056 996/346/2055
f 2540/346/2070 2541/339/2071 999/339/2072 995/346/2054
f 2541/339/2071 2540/346/2070 996/346/2055 1000/339/2073
f 2541/339/2071 2539/341/2069 991/341/2053 999/339/2072
f 2539/341/2069 2541/339/2071 1000/339/2073 992/341/2056
f 2542/342/2074 2543/338/2075 997/338/2063 993/342/2062
f 2543/338/2075 2542/342/2074 994/342/2065 998/338/2064
f 2543/338/2075 2544/345/2076 1001/345/2077 997/338/2063
f 2544/345/2076 2543/338/2075 998/338/2064 1002/345/2078
f 2544/345/2076 2542/342/2074 993/342/2062 1001/345/2077
f 2542/342/2074 2544/345/2076 1002/345/2078 994/342/2065
f 2545/346/2079 2546/345/2080 1001/345/2077 995/346/2054
f 2546/345/2080 2545/346/2079 996/346/2055 1002/345/2078
f 2546/345/2080 2547/339/2081 999/339/2072 1001/345/2077
f 2547/339/2081 2546/345/2080 1002/345/2078 1000/339/2073
f 2547/339/2081 2545/346/2079 995/346/2054 999/339/2072
f 2545/346/2079 2547/339/2081 1000/339/2073 996/346/2055
f 2548/338/2082 2549/339/2083 999/339/2072 997/338/2063
f 2549/339/2083 2548/338/2082 998/338/2064 1000/339/2073
f 2549/339/2083 2550/345/2084 1001/345/2077 999/339/2072
f 2550/345/2084 2549/339/2083 1000/339/2073 1002/345/2078
f 2550/345/2084 2548/338/2082 997/338/2063 1001/345/2077
f 2548/338/2082 2550/345/2084 1002/345/2078 998/338/2064
f 2551/353/2085 2552/360/2086 1005/360/2087 1007/353/2088
f 2552/360/2086 2551/353/2085 1008/353/2089 1006/360/2090
f 2552/360/2086 2553/361/2091 1003/361/2092 1005/360/2087
f 2553/361/2091 2552/360/2086 1006/360/2090 1004/361/2093
f 2553/361/2091 2551/353/2085 1007/353/2088 1003/361/2092
f 2551/353/2085 2553/361/2091 1004/361/2093 1008/353/2089
f 2554/353/2094 2555/361/2095 1003/361/2092 1007/353/2088
f 2555/361/2095 2554/353/2094 1008/353/2089 1004/361/2093
f 2555/361/2095 2556/349/2096 1009/349/2097 1003/361/2092
f 2556/349/2096 2555/361/2095 1004/361/2093 1010/349/2098
f 2556/349/2096 2554/353/2094 1007/353/2088 1009/349/2097
f 2554/353/2094 2556/349/2096 1010/349/2098 1008/353/2089
f 2557/362/2099 2558/353/2100 1007/353/2088 1011/362/2101
f 2558/353/2100 2557/362/2099 1012/362/2102 1008/353/2089
f 2558/353/2100 2559/349/2103 1009/349/2097 1007/353/2088
f 2559/349/2103 2558/353/2100 1008/353/2089 1010/349/2098
f 2559/349/2103 2557/362/2099 1011/362/2101 1009/349/2097
f 2557/362/2099 2559/349/2103 1010/349/2098 1012/362/2102
f 2560/362/2104 2561/349/2105 1009/349/2097 1011/362/2101
f 2561/349/2105 2560/362/2104 1012/362/2102 1010/349/2098
f 2561/349/2105 2562/363/2106 1013/363/2107 1009/349/2097
f 2562/363/2106 2561/349/2105 1010/349/2098 1014/363/2108
f 2562/363/2106 2560/362/2104 1011/362/2101 1013/363/2107
f 2560/362/2104 2562/363/2106 1014/363/2108 1012/362/2102
f 2563/364/2109 2564/365/2110 1015/365/2111 1023/364/2112
f 2564/365/2110 2563/364/2109 1024/364/2113 1016/365/2114
f 2564/365/2110 2565/366/2115 1019/366/2116 1015/365/2111
f 2565/366/2115 2564/365/2110 1016/365/2114 1020/366/2117
f 2565/366/2115 2563/364/2109 1023/364/2112 1019/366/2116
f 2563/364/2109 2565/366/2115 1020/366/2117 1024/364/2113
f 2566/367/2118 2567/368/2119 1025/368/2120 1021/367/2121
f 2567/368/2119 2566/367/2118 1022/367/2122 1026/368/2123
f 2567/368/2119 2568/369/2124 1017/369/2125 1025/368/2120
f 2568/369/2124 2567/368/2119 1026/368/2123 1018/369/2126
f 2568/369/2124 2566/367/2118 1021/367/2121 1017/369/2125
f 2566/367/2118 2568/369/2124 1018/369/2126 1022/367/2122
f 2569/364/2127 2570/366/2128 1019/366/2116 1023/364/2112
f 2570/366/2128 2569/364/2127 1024/364/2113 1020/366/2117
f 2570/366/2128 2571/368/2129 1025/368/2120 1019/366/2116
f 2571/368/2129 2570/366/2128 1020/366/2117 1026/368/2123
f 2571/368/2129 2569/364/2127 1023/364/2112 1025/368/2120
f 2569/364/2127 2571/368/2129 1026/368/2123 1024/364/2113
f 2572/368/2130 2573/367/2131 1021/367/2121 1025/368/2120
f 2573/367/2131 2572/368/2130 1026/368/2123 1022/367/2122
f 2573/367/2131 2574/364/2132 1023/364/2112 1021/367/2121
f 2574/364/2132 2573/367/2131 1022/367/2122 1024/364/2113
f 2574/364/2132 2572/368/2130 1025/368/2120 1023/364/2112
f 2572/368/2130 2574/364/2132 1024/364/2113 1026/368/2123
f 2575/370/2133 2576/371/2134 1029/371/2135 1027/370/2136
f 2576/371/2134 2575/370/2133 1028/370/2137 1030/371/2138
f 2576/371/2134 2577/372/2139 1031/372/2140 1029/371/2135
f 2577/372/2139 2576/371/2134 1030/371/2138 1032/372/2141
f 2577/372/2139 2575/370/2133 1027/370/2136 1031/372/2140
f 2575/370/2133 2577/372/2139 1032/372/2141 1028/370/2137
f 2578/371/2142 2579/370/2143 1027/370/2136 1029/371/2135
f 2579/370/2143 2578/371/2142 1030/371/2138 1028/370/2137
f 2579/370/2143 2580/373/2144 1033/373/2145 1027/370/2136
f 2580/373/2144 2579/370/2143 1028/370/2137 1034/373/2146
f 2580/373/2144 2578/371/2142 1029/371/2135 1033/373/2145
f 2578/371/2142 2580/373/2144 1034/373/2146 1030/371/2138
f 2581/373/2147 2582/374/2148 1037/374/2149 1035/373/2150
f 2582/374/2148 2581/373/2147 1036/373/2151 1038/374/2152
f 2582/374/2148 2583/371/2153 1039/371/2154 1037/374/2149
f 2583/371/2153 2582/374/2148 1038/374/2152 1040/371/2155
f 2583/371/2153 2581/373/2147 1035/373/2150 1039/371/2154
f 2581/373/2147 2583/371/2153 1040/371/2155 1036/373/2151
f 2584/373/2156 2585/375/2157 1041/375/2158 1035/373/2150
f 2585/375/2157 2584/373/2156 1036/373/2151 1042/375/2159
f 2585/375/2157 2586/374/2160 1037/374/2149 1041/375/2158
f 2586/374/2160 2585/375/2157 1042/375/2159 1038/374/2152
f 2586/374/2160 2584/373/2156 1035/373/2150 1037/374/2149
f 2584/373/2156 2586/374/2160 1038/374/2152 1036/373/2151
f 2587/370/2161 2588/376/2162 1045/376/2163 1043/370/2164
f 2588/376/2162 2587/370/2161 1044/370/2165 1046/376/2166
f 2588/376/2162 2589/377/2167 1047/377/2168 1045/376/2163
f 2589/377/2167 2588/376/2162 1046/376/2166 1048/377/2169
f 2589/377/2167 2587/370/2161 1043/370/2164 1047/377/2168
f 2587/370/2161 2589/377/2167 1048/377/2169 1044/370/2165
f 2590/376/2170 2591/370/2171 1043/370/2164 1045/376/2163
f 2591/370/2171 2590/376/2170 1046/376/2166 1044/370/2165
f 2591/370/2171 2592/372/2172 1049/372/2173 1043/370/2164
f 2592/372/2172 2591/370/2171 1044/370/2165 1050/372/2174
f 2592/372/2172 2590/376/2170 1045/376/2163 1049/372/2173
f 2590/376/2170 2592/372/2172 1050/372/2174 1046/376/2166
f 2593/377/2175 2594/378/2176 1053/378/2177 1051/377/2178
f 2594/378/2176 2593/377/2175 1052/377/2179 1054/378/2180
f 2594/378/2176 2595/379/2181 1055/379/2182 1053/378/2177
f 2595/379/2181 2594/378/2176 1054/378/2180 1056/379/2183
f 2595/379/2181 2593/377/2175 1051/377/2178 1055/379/2182
f 2593/377/2175 2595/379/2181 1056/379/2183 1052/377/2179
f 2596/378/2184 2597/377/2185 1051/377/2178 1053/378/2177
f 2597/377/2185 2596/378/2184 1054/378/2180 1052/377/2179
f 2597/377/2185 2598/376/2186 1057/376/2187 1051/377/2178
f 2598/376/2186 2597/377/2185 1052/377/2179 1058/376/2188
f 2598/376/2186 2596/378/2184 1053/378/2177 1057/376/2187
f 2596/378/2184 2598/376/2186 1058/376/2188 1054/378/2180
f 2599/380/2189 2600/381/2190 1061/381/2191 1059/380/2192
f 2600/381/2190 2599/380/2189 1060/380/2193 1062/381/2194
f 2600/381/2190 2601/382/2195 1063/382/2196 1061/381/2191
f 2601/382/2195 2600/381/2190 1062/381/2194 1064/382/2197
f 2601/382/2195 2599/380/2189 1059/380/2192 1063/382/2196
f 2599/380/2189 2601/382/2195 1064/382/2197 1060/380/2193
f 2602/381/2198 2603/380/2199 1067/380/2200 1065/381/2201
f 2603/380/2199 2602/381/2198 1066/381/2202 1068/380/2203
f 2603/380/2199 2604/383/2204 1069/383/2205 1067/380/2200
f 2604/383/2204 2603/380/2199 1068/380/2203 1070/383/2206
f 2604/383/2204 2602/381/2198 1065/381/2201 1069/383/2205
f 2602/381/2198 2604/383/2204 1070/383/2206 1066/381/2202
f 2605/384/2207 2606/382/2208 1073/382/2209 1071/384/2210
f 2606/382/2208 2605/384/2207 1072/384/2211 1074/382/2212
f 2606/382/2208 2607/381/2213 1075/381/2214 1073/382/2209
f 2607/381/2213 2606/382/2208 1074/382/2212 1076/381/2215
f 2607/381/2213 2605/384/2207 1071/384/2210 1075/381/2214
f 2605/384/2207 2607/381/2213 1076/381/2215 1072/384/2211
f 2608/384/2216 2609/381/2217 1075/381/2214 1071/384/2210
f 2609/381/2217 2608/384/2216 1072/384/2211 1076/381/2215
f 2609/381/2217 2610/385/2218 1077/385/2219 1075/381/2214
f 2610/385/2218 2609/381/2217 1076/381/2215 1078/385/2220
f 2610/385/2218 2608/384/2216 1071/384/2210 1077/385/2219
f 2608/384/2216 2610/385/2218 1078/385/2220 1072/384/2211
f 2611/386/2221 2612/387/2222 1081/387/2223 1079/386/2224
f 2612/387/2222 2611/386/2221 1080/386/2225 1082/387/2226
f 2612/387/2222 2613/388/2227 1083/388/2228 1081/387/2223
f 2613/388/2227 2612/387/2222 1082/387/2226 1084/388/2229
f 2613/388/2227 2611/386/2221 1079/386/2224 1083/388/2228
f 2611/386/2221 2613/388/2227 1084/388/2229 1080/386/2225
f 2614/386/2230 2615/388/2231 1087/388/2232 1085/386/2233
f 2615/388/2231 2614/386/2230 1086/386/2234 1088/388/2235
f 2615/388/2231 2616/389/2236 1089/389/2237 1087/388/2232
f 2616/389/2236 2615/388/2231 1088/388/2235 1090/389/2238
f 2616/389/2236 2614/386/2230 1085/386/2233 1089/389/2237
f 2614/386/2230 2616/389/2236 1090/389/2238 1086/386/2234
f 2617/390/894 2618/391/891 1093/391/893 1091/390/848
f 2618/391/891 2617/390/894 1092/390/847 1094/391/892
f 2618/391/891 2619/392/890 1095/392/884 1093/391/893
f 2619/392/890 2618/391/891 1094/391/892 1096/392/883
f 2619/392/890 2617/390/894 1091/390/848 1095/392/884
f 2617/390/894 2619/392/890 1096/392/883 1092/390/847
f 2620/392/896 2621/391/895 1093/391/893 1095/392/884
f 2621/391/895 2620/392/896 1096/392/883 1094/391/892
f 2621/391/895 2622/393/897 1097/393/899 1093/391/893
f 2622/393/897 2621/391/895 1094/391/892 1098/393/898
f 2622/393/897 2620/392/896 1095/392/884 1097/393/899
f 2620/392/896 2622/393/897 1098/393/898 1096/392/883
f 2623/394/881 2624/390/880 1091/390/848 1099/394/828
f 2624/390/880 2623/394/881 1100/394/827 1092/390/847
f 2624/390/880 2625/392/882 1095/392/884 1091/390/848
f 2625/392/882 2624/390/880 1092/390/847 1096/392/883
f 2625/392/882 2623/394/881 1099/394/828 1095/392/884
f 2623/394/881 2625/392/882 1096/392/883 1100/394/827
f 2626/391/901 2627/390/900 1091/390/848 1093/391/893
f 2627/390/900 2626/391/901 1094/391/892 1092/390/847
f 2627/390/900 2628/395/902 1101/395/904 1091/390/848
f 2628/395/902 2627/390/900 1092/390/847 1102/395/903
f 2628/395/902 2626/391/901 1093/391/893 1101/395/904
f 2626/391/901 2628/395/902 1102/395/903 1094/391/892
f 2629/390/846 2630/394/845 1099/394/828 1091/390/848
f 2630/394/845 2629/390/846 1092/390/847 1100/394/827
f 2630/394/845 2631/396/849 1103/396/839 1099/394/828
f 2631/396/849 2630/394/845 1100/394/827 1104/396/838
f 2631/396/849 2629/390/846 1091/390/848 1103/396/839
f 2629/390/846 2631/396/849 1104/396/838 1092/390/847
f 2632/397/905 2633/391/909 1093/391/893 1105/397/908
f 2633/391/909 2632/397/905 1106/397/907 1094/391/892
f 2633/391/909 2634/395/906 1101/395/904 1093/391/893
f 2634/395/906 2633/391/909 1094/391/892 1102/395/903
f 2634/395/906 2632/397/905 1105/397/908 1101/395/904
f 2632/397/905 2634/395/906 1102/395/903 1106/397/907
f 2635/394/836 2636/398/835 1107/398/814 1099/394/828
f 2636/398/835 2635/394/836 1100/394/827 1108/398/813
f 2636/398/835 2637/396/837 1103/396/839 1107/398/814
f 2637/396/837 2636/398/835 1108/398/813 1104/396/838
f 2637/396/837 2635/394/836 1099/394/828 1103/396/839
f 2635/394/836 2637/396/837 1104/396/838 1100/394/827
f 2638/398/826 2639/394/2239 1099/394/828 1107/398/814
f 2639/394/2239 2638/398/826 1108/398/813 1100/394/827
f 2639/394/2239 2640/399/829 1109/399/795 1099/394/828
f 2640/399/829 2639/394/2239 1100/394/827 1110/399/794
f 2640/399/829 2638/398/826 1107/398/814 1109/399/795
f 2638/398/826 2640/399/829 1110/399/794 1108/398/813
f 2641/395/913 2642/400/915 1111/400/917 1101/395/904
f 2642/400/915 2641/395/913 1102/395/903 1112/400/916
f 2642/400/915 2643/397/914 1105/397/908 1111/400/917
f 2643/397/914 2642/400/915 1112/400/916 1106/397/907
f 2643/397/914 2641/395/913 1101/395/904 1105/397/908
f 2641/395/913 2643/397/914 1106/397/907 1102/395/903
f 2644/399/811 2645/401/810 1113/401/796 1109/399/795
f 2645/401/810 2644/399/811 1110/399/794 1114/401/793
f 2645/401/810 2646/398/812 1107/398/814 1113/401/796
f 2646/398/812 2645/401/810 1114/401/793 1108/398/813
f 2646/398/812 2644/399/811 1109/399/795 1107/398/814
f 2644/399/811 2646/398/812 1108/398/813 1110/399/794
f 2647/402/940 2648/397/939 1105/397/908 1115/402/934
f 2648/397/939 2647/402/940 1116/402/2240 1106/397/907
f 2648/397/939 2649/400/941 1111/400/917 1105/397/908
f 2649/400/941 2648/397/939 1106/397/907 1112/400/916
f 2649/400/941 2647/402/940 1115/402/934 1111/400/917
f 2647/402/940 2649/400/941 1112/400/916 1116/402/2240
f 2650/397/2241 2651/402/942 1115/402/934 1105/397/908
f 2651/402/942 2650/397/2241 1106/397/907 1116/402/2240
f 2651/402/942 2652/403/2242 1117/403/2243 1115/402/934
f 2652/403/2242 2651/402/942 1116/402/2240 1118/403/2244
f 2652/403/2242 2650/397/2241 1105/397/908 1117/403/2243
f 2650/397/2241 2652/403/2242 1118/403/2244 1106/397/907
f 2653/404/938 2654/402/937 1115/402/934 1119/404/929
f 2654/402/937 2653/404/938 1120/404/928 1116/402/2240
f 2654/402/937 2655/400/936 1111/400/917 1115/402/934
f 2655/400/936 2654/402/937 1116/402/2240 1112/400/916
f 2655/400/936 2653/404/938 1119/404/929 1111/400/917
f 2653/404/938 2655/400/936 1112/400/916 1120/404/928
f 2656/405/2245 2657/402/931 1115/402/934 1121/405/889
f 2657/402/931 2656/405/2245 1122/405/888 1116/402/2240
f 2657/402/931 2658/404/935 1119/404/929 1115/402/934
f 2658/404/935 2657/402/931 1116/402/2240 1120/404/928
f 2658/404/935 2656/405/2245 1121/405/889 1119/404/929
f 2656/405/2245 2658/404/935 1120/404/928 1122/405/888
f 2659/405/2246 2660/404/2247 1119/404/929 1121/405/889
f 2660/404/2247 2659/405/2246 1122/405/888 1120/404/928
f 2660/404/2247 2661/406/930 1123/406/925 1119/404/929
f 2661/406/930 2660/404/2247 1120/404/928 1124/406/924
f 2661/406/930 2659/405/2246 1121/405/889 1123/406/925
f 2659/405/2246 2661/406/930 1124/406/924 1122/405/888
f 2662/405/921 2663/406/923 1123/406/925 1121/405/889
f 2663/406/923 2662/405/921 1122/405/888 1124/406/924
f 2663/406/923 2664/407/922 1125/407/808 1123/406/925
f 2664/407/922 2663/406/923 1124/406/924 1126/407/807
f 2664/407/922 2662/405/921 1121/405/889 1125/407/808
f 2662/405/921 2664/407/922 1126/407/807 1122/405/888
f 2665/408/797 2666/401/792 1113/401/796 1127/408/799
f 2666/401/792 2665/408/797 1128/408/798 1114/401/793
f 2666/401/792 2667/399/791 1109/399/795 1113/401/796
f 2667/399/791 2666/401/792 1114/401/793 1110/399/794
f 2667/399/791 2665/408/797 1127/408/799 1109/399/795
f 2665/408/797 2667/399/791 1110/399/794 1128/408/798
f 2668/409/821 2669/408/820 1127/408/799 1129/409/823
f 2669/408/820 2668/409/821 1130/409/822 1128/408/798
f 2669/408/820 2670/399/824 1109/399/795 1127/408/799
f 2670/399/824 2669/408/820 1128/408/798 1110/399/794
f 2670/399/824 2668/409/821 1129/409/823 1109/399/795
f 2668/409/821 2670/399/824 1110/399/794 1130/409/822
f 2671/401/801 2672/408/800 1127/408/799 1113/401/796
f 2672/408/800 2671/401/801 1114/401/793 1128/408/798
f 2672/408/800 2673/410/802 1131/410/804 1127/408/799
f 2673/410/802 2672/408/800 1128/408/798 1132/410/803
f 2673/410/802 2671/401/801 1113/401/796 1131/410/804
f 2671/401/801 2673/410/802 1132/410/803 1114/401/793
f 2674/410/809 2675/407/806 1125/407/808 1131/410/804
f 2675/407/806 2674/410/809 1132/410/803 1126/407/807
f 2675/407/806 2676/401/805 1113/401/796 1125/407/808
f 2676/401/805 2675/407/806 1126/407/807 1114/401/793
f 2676/401/805 2674/410/809 1131/410/804 1113/401/796
f 2674/410/809 2676/401/805 1114/401/793 1132/410/803
f 2677/408/831 2678/409/830 1129/409/823 1127/408/799
f 2678/409/830 2677/408/831 1128/408/798 1130/409/822
f 2678/409/830 2679/411/832 1133/411/834 1129/409/823
f 2679/411/832 2678/409/830 1130/409/822 1134/411/833
f 2679/411/832 2677/408/831 1127/408/799 1133/411/834
f 2677/408/831 2679/411/832 1134/411/833 1128/408/798
f 2680/407/816 2681/410/815 1131/410/804 1125/407/808
f 2681/410/815 2680/407/816 1126/407/807 1132/410/803
f 2681/410/815 2682/412/817 1135/412/819 1131/410/804
f 2682/412/817 2681/410/815 1132/410/803 1136/412/818
f 2682/412/817 2680/407/816 1125/407/808 1135/412/819
f 2680/407/816 2682/412/817 1136/412/818 1126/407/807
f 2683/412/919 2684/405/918 1121/405/889 1135/412/819
f 2684/405/918 2683/412/919 1136/412/818 1122/405/888
f 2684/405/918 2685/407/920 1125/407/808 1121/405/889
f 2685/407/920 2684/405/918 1122/405/888 1126/407/807
f 2685/407/920 2683/412/919 1135/412/819 1125/407/808
f 2683/412/919 2685/407/920 1126/407/807 1136/412/818
f 2686/412/910 2687/413/912 1137/413/878 1135/412/819
f 2687/413/912 2686/412/910 1136/412/818 1138/413/877
f 2687/413/912 2688/405/911 1121/405/889 1137/413/878
f 2688/405/911 2687/413/912 1138/413/877 1122/405/888
f 2688/405/911 2686/412/910 1135/412/819 1121/405/889
f 2686/412/910 2688/405/911 1122/405/888 1136/412/818
f 2689/414/842 2690/411/841 1133/411/834 1139/414/844
f 2690/411/841 2689/414/842 1140/414/843 1134/411/833
f 2690/411/841 2691/409/840 1129/409/823 1133/411/834
f 2691/409/840 2690/411/841 1134/411/833 1130/409/822
f 2691/409/840 2689/414/842 1139/414/844 1129/409/823
f 2689/414/842 2691/409/840 1130/409/822 1140/414/843
f 2692/415/885 2693/405/887 1121/405/889 1141/415/874
f 2693/405/887 2692/415/885 1142/415/873 1122/405/888
f 2693/405/887 2694/413/886 1137/413/878 1121/405/889
f 2694/413/886 2693/405/887 1122/405/888 1138/413/877
f 2694/413/886 2692/415/885 1141/415/874 1137/413/878
f 2692/415/885 2694/413/886 1138/413/877 1142/415/873
f 2695/411/851 2696/414/850 1139/414/844 1133/411/834
f 2696/414/850 2695/411/851 1134/411/833 1140/414/843
f 2696/414/850 2697/416/852 1143/416/854 1139/414/844
f 2697/416/852 2696/414/850 1140/414/843 1144/416/853
f 2697/416/852 2695/411/851 1133/411/834 1143/416/854
f 2695/411/851 2697/416/852 1144/416/853 1134/411/833
f 2698/413/875 2699/417/879 1145/417/868 1137/413/878
f 2699/417/879 2698/413/875 1138/413/877 1146/417/867
f 2699/417/879 2700/415/876 1141/415/874 1145/417/868
f 2700/415/876 2699/417/879 1146/417/867 1142/415/873
f 2700/415/876 2698/413/875 1137/413/878 1141/415/874
f 2698/413/875 2700/415/876 1142/415/873 1138/413/877
f 2701/414/856 2702/418/855 1147/418/858 1139/414/844
f 2702/418/855 2701/414/856 1140/414/843 1148/418/857
f 2702/418/855 2703/416/859 1143/416/854 1147/418/858
f 2703/416/859 2702/418/855 1148/418/857 1144/416/853
f 2703/416/859 2701/414/856 1139/414/844 1143/416/854
f 2701/414/856 2703/416/859 1144/416/853 1140/414/843
f 2704/417/871 2705/419/870 1149/419/864 1145/417/868
f 2705/419/870 2704/417/871 1146/417/867 1150/419/863
f 2705/419/870 2706/415/872 1141/415/874 1149/419/864
f 2706/415/872 2705/419/870 1150/419/863 1142/415/873
f 2706/415/872 2704/417/871 1145/417/868 1141/415/874
f 2704/417/871 2706/415/872 1142/415/873 1146/417/867
f 2707/418/861 2708/414/860 1139/414/844 1147/418/858
f 2708/414/860 2707/418/861 1148/418/857 1140/414/843
f 2708/414/860 2709/419/862 1149/419/864 1139/414/844
f 2709/419/862 2708/414/860 1140/414/843 1150/419/863
f 2709/419/862 2707/418/861 1147/418/858 1149/419/864
f 2707/418/861 2709/419/862 1150/419/863 1148/418/857
f 2710/419/866 2711/417/865 1145/417/868 1149/419/864
f 2711/417/865 2710/419/866 1150/419/863 1146/417/867
f 2711/417/865 2712/418/869 1147/418/858 1145/417/868
f 2712/418/869 2711/417/865 1146/417/867 1148/418/857
f 2712/418/869 2710/419/866 1149/419/864 1147/418/858
f 2710/419/866 2712/418/869 1148/418/857 1150/419/863
f 2713/393/2248 2714/391/2249 1153/391/2250 1151/393/2251
f 2714/391/2249 2713/393/2248 1152/393/2252 1154/391/2253
f 2714/391/2249 2715/420/2254 1155/420/2255 1153/391/2250
f 2715/420/2254 2714/391/2249 1154/391/2253 1156/420/2256
f 2715/420/2254 2713/393/2248 1151/393/2251 1155/420/2255
f 2713/393/2248 2715/420/2254 1156/420/2256 1152/393/2252
f 2716/391/2257 2717/421/2258 1157/421/2259 1153/391/2250
f 2717/421/2258 2716/391/2257 1154/391/2253 1158/421/2260
f 2717/421/2258 2718/420/2261 1155/420/2255 1157/421/2259
f 2718/420/2261 2717/421/2258 1158/421/2260 1156/420/2256
f 2718/420/2261 2716/391/2257 1153/391/2250 1155/420/2255
f 2716/391/2257 2718/420/2261 1156/420/2256 1154/391/2253
f 2719/421/2262 2720/391/2263 1153/391/2250 1157/421/2259
f 2720/391/2263 2719/421/2262 1158/421/2260 1154/391/2253
f 2720/391/2263 2721/397/2264 1159/397/2265 1153/391/2250
f 2721/397/2264 2720/391/2263 1154/391/2253 1160/397/2266
f 2721/397/2264 2719/421/2262 1157/421/2259 1159/397/2265
f 2719/421/2262 2721/397/2264 1160/397/2266 1158/421/2260
f 2722/403/2267 2723/421/2268 1157/421/2259 1161/403/2269
f 2723/421/2268 2722/403/2267 1162/403/2270 1158/421/2260
f 2723/421/2268 2724/397/2271 1159/397/2265 1157/421/2259
f 2724/397/2271 2723/421/2268 1158/421/2260 1160/397/2266
f 2724/397/2271 2722/403/2267 1161/403/2269 1159/397/2265
f 2722/403/2267 2724/397/2271 1160/397/2266 1162/403/2270
f 2725/421/2272 2726/403/2273 1161/403/2269 1157/421/2259
f 2726/403/2273 2725/421/2272 1158/421/2260 1162/403/2270
f 2726/403/2273 2727/422/2274 1163/422/2275 1161/403/2269
f 2727/422/2274 2726/403/2273 1162/403/2270 1164/422/2276
f 2727/422/2274 2725/421/2272 1157/421/2259 1163/422/2275
f 2725/421/2272 2727/422/2274 1164/422/2276 1158/421/2260
f 2728/403/2277 2729/423/2278 1165/423/2279 1161/403/2269
f 2729/423/2278 2728/403/2277 1162/403/2270 1166/423/2280
f 2729/423/2278 2730/422/2281 1163/422/2275 1165/423/2279
f 2730/422/2281 2729/423/2278 1166/423/2280 1164/422/2276
f 2730/422/2281 2728/403/2277 1161/403/2269 1163/422/2275
f 2728/403/2277 2730/422/2281 1164/422/2276 1162/403/2270
f 2731/403/2282 2732/402/2283 1167/402/2284 1161/403/2269
f 2732/402/2283 2731/403/2282 1162/403/2270 1168/402/2285
f 2732/402/2283 2733/423/2286 1165/423/2279 1167/402/2284
f 2733/423/2286 2732/402/2283 1168/402/2285 1166/423/2280
f 2733/423/2286 2731/403/2282 1161/403/2269 1165/423/2279
f 2731/403/2282 2733/423/2286 1166/423/2280 1162/403/2270
f 2734/424/2287 2735/423/2288 1165/423/2279 1169/424/2289
f 2735/423/2288 2734/424/2287 1170/424/2290 1166/423/2280
f 2735/423/2288 2736/402/2291 1167/402/2284 1165/423/2279
f 2736/402/2291 2735/423/2288 1166/423/2280 1168/402/2285
f 2736/402/2291 2734/424/2287 1169/424/2289 1167/402/2284
f 2734/424/2287 2736/402/2291 1168/402/2285 1170/424/2290
f 2737/424/2292 2738/402/30 1167/402/2284 1169/424/2289
f 2738/402/30 2737/424/2292 1170/424/2290 1168/402/2285
f 2738/402/30 2739/405/2293 1171/405/2294 1167/402/2284
f 2739/405/2293 2738/402/30 1168/402/2285 1172/405/2295
f 2739/405/2293 2737/424/2292 1169/424/2289 1171/405/2294
f 2737/424/2292 2739/405/2293 1172/405/2295 1170/424/2290
f 2740/415/2296 2741/424/2297 1169/424/2289 1173/415/2298
f 2741/424/2297 2740/415/2296 1174/415/2299 1170/424/2290
f 2741/424/2297 2742/405/2300 1171/405/2294 1169/424/2289
f 2742/405/2300 2741/424/2297 1170/424/2290 1172/405/2295
f 2742/405/2300 2740/415/2296 1173/415/2298 1171/405/2294
f 2740/415/2296 2742/405/2300 1172/405/2295 1174/415/2299
f 2743/424/2301 2744/415/2302 1173/415/2298 1169/424/2289
f 2744/415/2302 2743/424/2301 1170/424/2290 1174/415/2299
f 2744/415/2302 2745/425/2303 1175/425/2304 1173/415/2298
f 2745/425/2303 2744/415/2302 1174/415/2299 1176/425/2305
f 2745/425/2303 2743/424/2301 1169/424/2289 1175/425/2304
f 2743/424/2301 2745/425/2303 1176/425/2305 1170/424/2290
f 2746/419/2306 2747/425/2307 1175/425/2304 1177/419/2308
f 2747/425/2307 2746/419/2306 1178/419/2309 1176/425/2305
f 2747/425/2307 2748/415/2310 1173/415/2298 1175/425/2304
f 2748/415/2310 2747/425/2307 1176/425/2305 1174/415/2299
f 2748/415/2310 2746/419/2306 1177/419/2308 1173/415/2298
f 2746/419/2306 2748/415/2310 1174/415/2299 1178/419/2309
f 2749/425/2311 2750/419/2312 1177/419/2308 1175/425/2304
f 2750/419/2312 2749/425/2311 1176/425/2305 1178/419/2309
f 2750/419/2312 2751/426/2313 1179/426/2314 1177/419/2308
f 2751/426/2313 2750/419/2312 1178/419/2309 1180/426/2315
f 2751/426/2313 2749/425/2311 1175/425/2304 1179/426/2314
f 2749/425/2311 2751/426/2313 1180/426/2315 1176/425/2305
f 2752/414/2316 2753/426/2317 1179/426/2314 1181/414/2318
f 2753/426/2317 2752/414/2316 1182/414/2319 1180/426/2315
f 2753/426/2317 2754/419/2320 1177/419/2308 1179/426/2314
f 2754/419/2320 2753/426/2317 1180/426/2315 1178/419/2309
f 2754/419/2320 2752/414/2316 1181/414/2318 1177/419/2308
f 2752/414/2316 2754/419/2320 1178/419/2309 1182/414/2319
f 2755/426/2321 2756/414/2322 1181/414/2318 1179/426/2314
f 2756/414/2322 2755/426/2321 1180/426/2315 1182/414/2319
f 2756/414/2322 2757/427/2323 1183/427/2324 1181/414/2318
f 2757/427/2323 2756/414/2322 1182/414/2319 1184/427/2325
f 2757/427/2323 2755/426/2321 1179/426/2314 1183/427/2324
f 2755/426/2321 2757/427/2323 1184/427/2325 1180/426/2315
f 2758/414/2326 2759/428/2327 1185/428/2328 1181/414/2318
f 2759/428/2327 2758/414/2326 1182/414/2319 1186/428/2329
f 2759/428/2327 2760/427/2330 1183/427/2324 1185/428/2328
f 2760/427/2330 2759/428/2327 1186/428/2329 1184/427/2325
f 2760/427/2330 2758/414/2326 1181/414/2318 1183/427/2324
f 2758/414/2326 2760/427/2330 1184/427/2325 1182/414/2319
f 2761/414/2331 2762/409/2332 1187/409/2333 1181/414/2318
f 2762/409/2332 2761/414/2331 1182/414/2319 1188/409/2334
f 2762/409/2332 2763/428/2335 1185/428/2328 1187/409/2333
f 2763/428/2335 2762/409/2332 1188/409/2334 1186/428/2329
f 2763/428/2335 2761/414/2331 1181/414/2318 1185/428/2328
f 2761/414/2331 2763/428/2335 1186/428/2329 1182/414/2319
f 2764/429/2336 2765/428/2337 1185/428/2328 1189/429/2338
f 2765/428/2337 2764/429/2336 1190/429/2339 1186/428/2329
f 2765/428/2337 2766/409/2340 1187/409/2333 1185/428/2328
f 2766/409/2340 2765/428/2337 1186/428/2329 1188/409/2334
f 2766/409/2340 2764/429/2336 1189/429/2338 1187/409/2333
f 2764/429/2336 2766/409/2340 1188/409/2334 1190/429/2339
f 2767/409/2341 2768/399/2342 1191/399/2343 1187/409/2333
f 2768/399/2342 2767/409/2341 1188/409/2334 1192/399/2344
f 2768/399/2342 2769/429/2345 1189/429/2338 1191/399/2343
f 2769/429/2345 2768/399/2342 1192/399/2344 1190/429/2339
f 2769/429/2345 2767/409/2341 1187/409/2333 1189/429/2338
f 2767/409/2341 2769/429/2345 1190/429/2339 1188/409/2334
f 2770/394/2346 2771/429/2347 1189/429/2338 1193/394/2348
f 2771/429/2347 2770/394/2346 1194/394/2349 1190/429/2339
f 2771/429/2347 2772/399/2350 1191/399/2343 1189/429/2338
f 2772/399/2350 2771/429/2347 1190/429/2339 1192/399/2344
f 2772/399/2350 2770/394/2346 1193/394/2348 1191/399/2343
f 2770/394/2346 2772/399/2350 1192/399/2344 1194/394/2349
f 2773/429/2351 2774/394/2352 1193/394/2348 1189/429/2338
f 2774/394/2352 2773/429/2351 1190/429/2339 1194/394/2349
f 2774/394/2352 2775/430/2353 1195/430/2354 1193/394/2348
f 2775/430/2353 2774/394/2352 1194/394/2349 1196/430/2355
f 2775/430/2353 2773/429/2351 1189/429/2338 1195/430/2354
f 2773/429/2351 2775/430/2353 1196/430/2355 1190/429/2339
f 2776/394/2356 2777/431/2357 1197/431/2358 1193/394/2348
f 2777/431/2357 2776/394/2356 1194/394/2349 1198/431/2359
f 2777/431/2357 2778/430/2360 1195/430/2354 1197/431/2358
f 2778/430/2360 2777/431/2357 1198/431/2359 1196/430/2355
f 2778/430/2360 2776/394/2356 1193/394/2348 1195/430/2354
f 2776/394/2356 2778/430/2360 1196/430/2355 1194/394/2349
f 2779/431/2361 2780/394/2362 1193/394/2348 1197/431/2358
f 2780/394/2362 2779/431/2361 1198/431/2359 1194/394/2349
f 2780/394/2362 2781/392/2363 1199/392/2364 1193/394/2348
f 2781/392/2363 2780/394/2362 1194/394/2349 1200/392/2365
f 2781/392/2363 2779/431/2361 1197/431/2358 1199/392/2364
f 2779/431/2361 2781/392/2363 1200/392/2365 1198/431/2359
f 2782/393/2366 2783/431/2367 1197/431/2358 1201/393/2368
f 2783/431/2367 2782/393/2366 1202/393/2369 1198/431/2359
f 2783/431/2367 2784/392/2370 1199/392/2364 1197/431/2358
f 2784/392/2370 2783/431/2367 1198/431/2359 1200/392/2365
f 2784/392/2370 2782/393/2366 1201/393/2368 1199/392/2364
f 2782/393/2366 2784/392/2370 1200/392/2365 1202/393/2369
f 2785/431/2371 2786/393/2372 1201/393/2368 1197/431/2358
f 2786/393/2372 2785/431/2371 1198/431/2359 1202/393/2369
f 2786/393/2372 2787/432/2373 1203/432/2374 1201/393/2368
f 2787/432/2373 2786/393/2372 1202/393/2369 1204/432/2375
f 2787/432/2373 2785/431/2371 1197/431/2358 1203/432/2374
f 2785/431/2371 2787/432/2373 1204/432/2375 1198/431/2359
f 2788/433/1120 2789/434/1119 1207/434/1122 1205/433/1113
f 2789/434/1119 2788/433/1120 1206/433/1112 1208/434/1121
f 2789/434/1119 2790/435/1123 1209/435/1102 1207/434/1122
f 2790/435/1123 2789/434/1119 1208/434/1121 1210/435/1101
f 2790/435/1123 2788/433/1120 1205/433/1113 1209/435/1102
f 2788/433/1120 2790/435/1123 1210/435/1101 1206/433/1112
f 2791/434/1133 2792/433/1130 1205/433/1113 1207/434/1122
f 2792/433/1130 2791/434/1133 1208/434/1121 1206/433/1112
f 2792/433/1130 2793/436/1129 1211/436/1132 1205/433/1113
f 2793/436/1129 2792/433/1130 1206/433/1112 1212/436/1131
f 2793/436/1129 2791/434/1133 1207/434/1122 1211/436/1132
f 2791/434/1133 2793/436/1129 1212/436/1131 1208/434/1121
f 2794/435/1110 2795/437/1109 1213/437/1093 1209/435/1102
f 2795/437/1109 2794/435/1110 1210/435/1101 1214/437/1092
f 2795/437/1109 2796/433/1111 1205/433/1113 1213/437/1093
f 2796/433/1111 2795/437/1109 1214/437/1092 1206/433/1112
f 2796/433/1111 2794/435/1110 1209/435/1102 1205/433/1113
f 2794/435/1110 2796/433/1111 1206/433/1112 1210/435/1101
f 2797/436/1140 2798/438/1139 1215/438/1142 1211/436/1132
f 2798/438/1139 2797/436/1140 1212/436/1131 1216/438/1141
f 2798/438/1139 2799/434/1143 1207/434/1122 1215/438/1142
f 2799/434/1143 2798/438/1139 1216/438/1141 1208/434/1121
f 2799/434/1143 2797/436/1140 1211/436/1132 1207/434/1122
f 2797/436/1140 2799/434/1143 1208/434/1121 1212/436/1131
f 2800/437/1100 2801/435/1099 1209/435/1102 1213/437/1093
f 2801/435/1099 2800/437/1100 1214/437/1092 1210/435/1101
f 2801/435/1099 2802/439/1103 1217/439/1080 1209/435/1102
f 2802/439/1103 2801/435/1099 1210/435/1101 1218/439/1079
f 2802/439/1103 2800/437/1100 1213/437/1093 1217/439/1080
f 2800/437/1100 2802/439/1103 1218/439/1079 1214/437/1092
f 2803/438/1148 2804/436/1147 1211/436/1132 1215/438/1142
f 2804/436/1147 2803/438/1148 1216/438/1141 1212/436/1131
f 2804/436/1147 2805/440/1149 1219/440/1151 1211/436/1132
f 2805/440/1149 2804/436/1147 1212/436/1131 1220/440/1150
f 2805/440/1149 2803/438/1148 1215/438/1142 1219/440/1151
f 2803/438/1148 2805/440/1149 1220/440/1150 1216/438/1141
f 2806/439/1090 2807/441/1089 1221/441/1081 1217/439/1080
f 2807/441/1089 2806/439/1090 1218/439/1079 1222/441/1078
f 2807/441/1089 2808/437/1091 1213/437/1093 1221/441/1081
f 2808/437/1091 2807/441/1089 1222/441/1078 1214/437/1092
f 2808/437/1091 2806/439/1090 1217/439/1080 1213/437/1093
f 2806/439/1090 2808/437/1091 1214/437/1092 1218/439/1079
f 2809/442/1153 2810/438/1152 1215/438/1142 1223/442/1138
f 2810/438/1152 2809/442/1153 1224/442/1137 1216/438/1141
f 2810/438/1152 2811/440/1154 1219/440/1151 1215/438/1142
f 2811/440/1154 2810/438/1152 1216/438/1141 1220/440/1150
f 2811/440/1154 2809/442/1153 1223/442/1138 1219/440/1151
f 2809/442/1153 2811/440/1154 1220/440/1150 1224/442/1137
f 2812/441/1077 2813/439/1076 1217/439/1080 1221/441/1081
f 2813/439/1076 2812/441/1077 1222/441/1078 1218/439/1079
f 2813/439/1076 2814/443/1082 1225/443/1084 1217/439/1080
f 2814/443/1082 2813/439/1076 1218/439/1079 1226/443/1083
f 2814/443/1082 2812/441/1077 1221/441/1081 1225/443/1084
f 2812/441/1077 2814/443/1082 1226/443/1083 1222/441/1078
f 2815/438/1144 2816/442/1146 1223/442/1138 1215/438/1142
f 2816/442/1146 2815/438/1144 1216/438/1141 1224/442/1137
f 2816/442/1146 2817/444/1145 1227/444/1127 1223/442/1138
f 2817/444/1145 2816/442/1146 1224/442/1137 1228/444/1126
f 2817/444/1145 2815/438/1144 1215/438/1142 1227/444/1127
f 2815/438/1144 2817/444/1145 1228/444/1126 1216/438/1141
f 2818/443/872 2819/445/1085 1229/445/1087 1225/443/1084
f 2819/445/1085 2818/443/872 1226/443/1083 1230/445/1086
f 2819/445/1085 2820/441/1088 1221/441/1081 1229/445/1087
f 2820/441/1088 2819/445/1085 1230/445/1086 1222/441/1078
f 2820/441/1088 2818/443/872 1225/443/1084 1221/441/1081
f 2818/443/872 2820/441/1088 1222/441/1078 1226/443/1083
f 2821/446/1135 2822/444/1134 1227/444/1127 1231/446/1107
f 2822/444/1134 2821/446/1135 1232/446/1106 1228/444/1126
f 2822/444/1134 2823/442/1136 1223/442/1138 1227/444/1127
f 2823/442/1136 2822/444/1134 1228/444/1126 1224/442/1137
f 2823/442/1136 2821/446/1135 1231/446/1107 1223/442/1138
f 2821/446/1135 2823/442/1136 1224/442/1137 1232/446/1106
f 2824/445/1095 2825/443/1094 1225/443/1084 1229/445/1087
f 2825/443/1094 2824/445/1095 1230/445/1086 1226/443/1083
f 2825/443/1094 2826/447/1096 1233/447/1098 1225/443/1084
f 2826/447/1096 2825/443/1094 1226/443/1083 1234/447/1097
f 2826/447/1096 2824/445/1095 1229/445/1087 1233/447/1098
f 2824/445/1095 2826/447/1096 1234/447/1097 1230/445/1086
f 2827/447/1105 2828/446/1104 1231/446/1107 1233/447/1098
f 2828/446/1104 2827/447/1105 1234/447/1097 1232/446/1106
f 2828/446/1104 2829/445/1108 1229/445/1087 1231/446/1107
f 2829/445/1108 2828/446/1104 1232/446/1106 1230/445/1086
f 2829/445/1108 2827/447/1105 1233/447/1098 1229/445/1087
f 2827/447/1105 2829/445/1108 1230/445/1086 1234/447/1097
f 2830/444/1124 2831/446/1128 1231/446/1107 1227/444/1127
f 2831/446/1128 2830/444/1124 1228/444/1126 1232/446/1106
f 2831/446/1128 2832/448/2376 1235/448/1118 1231/446/1107
f 2832/448/2376 2831/446/1128 1232/446/1106 1236/448/1117
f 2832/448/2376 2830/444/1124 1227/444/1127 1235/448/1118
f 2830/444/1124 2832/448/2376 1236/448/1117 1228/444/1126
f 2833/447/1114 2834/448/1116 1235/448/1118 1233/447/1098
f 2834/448/1116 2833/447/1114 1234/447/1097 1236/448/1117
f 2834/448/1116 2835/446/1115 1231/446/1107 1235/448/1118
f 2835/446/1115 2834/448/1116 1236/448/1117 1232/446/1106
f 2835/446/1115 2833/447/1114 1233/447/1098 1231/446/1107
f 2833/447/1114 2835/446/1115 1232/446/1106 1234/447/1097
f 2836/449/2377 2837/450/2378 1239/450/2379 1237/449/2380
f 2837/450/2378 2836/449/2377 1238/449/2381 1240/450/2382
f 2837/450/2378 2838/447/2383 1241/447/2384 1239/450/2379
f 2838/447/2383 2837/450/2378 1240/450/2382 1242/447/2385
f 2838/447/2383 2836/449/2377 1237/449/2380 1241/447/2384
f 2836/449/2377 2838/447/2383 1242/447/2385 1238/449/2381
f 2839/447/2386 2840/450/2387 1239/450/2379 1241/447/2384
f 2840/450/2387 2839/447/2386 1242/447/2385 1240/450/2382
f 2840/450/2387 2841/448/2388 1243/448/2389 1239/450/2379
f 2841/448/2388 2840/450/2387 1240/450/2382 1244/448/2390
f 2841/448/2388 2839/447/2386 1241/447/2384 1243/448/2389
f 2839/447/2386 2841/448/2388 1244/448/2390 1242/447/2385
f 2842/443/2391 2843/449/2392 1237/449/2380 1245/443/2393
f 2843/449/2392 2842/443/2391 1246/443/2394 1238/449/2381
f 2843/449/2392 2844/447/2395 1241/447/2384 1237/449/2380
f 2844/447/2395 2843/449/2392 1238/449/2381 1242/447/2385
f 2844/447/2395 2842/443/2391 1245/443/2393 1241/447/2384
f 2842/443/2391 2844/447/2395 1242/447/2385 1246/443/2394
f 2845/451/2396 2846/448/2397 1243/448/2389 1247/451/2398
f 2846/448/2397 2845/451/2396 1248/451/2399 1244/448/2390
f 2846/448/2397 2847/450/2400 1239/450/2379 1243/448/2389
f 2847/450/2400 2846/448/2397 1244/448/2390 1240/450/2382
f 2847/450/2400 2845/451/2396 1247/451/2398 1239/450/2379
f 2845/451/2396 2847/450/2400 1240/450/2382 1248/451/2399
f 2848/449/2401 2849/443/2402 1245/443/2393 1237/449/2380
f 2849/443/2402 2848/449/2401 1238/449/2381 1246/443/2394
f 2849/443/2402 2850/452/2403 1249/452/2404 1245/443/2393
f 2850/452/2403 2849/443/2402 1246/443/2394 1250/452/2405
f 2850/452/2403 2848/449/2401 1237/449/2380 1249/452/2404
f 2848/449/2401 2850/452/2403 1250/452/2405 1238/449/2381
f 2851/444/2406 2852/448/2407 1243/448/2389 1251/444/2408
f 2852/448/2407 2851/444/2406 1252/444/2409 1244/448/2390
f 2852/448/2407 2853/451/2410 1247/451/2398 1243/448/2389
f 2853/451/2410 2852/448/2407 1244/448/2390 1248/451/2399
f 2853/451/2410 2851/444/2406 1251/444/2408 1247/451/2398
f 2851/444/2406 2853/451/2410 1248/451/2399 1252/444/2409
f 2854/443/2411 2855/453/2412 1253/453/2413 1245/443/2393
f 2855/453/2412 2854/443/2411 1246/443/2394 1254/453/2414
f 2855/453/2412 2856/452/2415 1249/452/2404 1253/453/2413
f 2856/452/2415 2855/453/2412 1254/453/2414 1250/452/2405
f 2856/452/2415 2854/443/2411 1245/443/2393 1249/452/2404
f 2854/443/2411 2856/452/2415 1250/452/2405 1246/443/2394
f 2857/451/2416 2858/438/2417 1255/438/2418 1247/451/2398
f 2858/438/2417 2857/451/2416 1248/451/2399 1256/438/2419
f 2858/438/2417 2859/444/2420 1251/444/2408 1255/438/2418
f 2859/444/2420 2858/438/2417 1256/438/2419 1252/444/2409
f 2859/444/2420 2857/451/2416 1247/451/2398 1251/444/2408
f 2857/451/2416 2859/444/2420 1252/444/2409 1248/451/2399
f 2860/453/2421 2861/443/2422 1245/443/2393 1253/453/2413
f 2861/443/2422 2860/453/2421 1254/453/2414 1246/443/2394
f 2861/443/2422 2862/439/2423 1257/439/2424 1245/443/2393
f 2862/439/2423 2861/443/2422 1246/443/2394 1258/439/2425
f 2862/439/2423 2860/453/2421 1253/453/2413 1257/439/2424
f 2860/453/2421 2862/439/2423 1258/439/2425 1254/453/2414
f 2863/438/2426 2864/451/2427 1247/451/2398 1255/438/2418
f 2864/451/2427 2863/438/2426 1256/438/2419 1248/451/2399
f 2864/451/2427 2865/454/2428 1259/454/2429 1247/451/2398
f 2865/454/2428 2864/451/2427 1248/451/2399 1260/454/2430
f 2865/454/2428 2863/438/2426 1255/438/2418 1259/454/2429
f 2863/438/2426 2865/454/2428 1260/454/2430 1256/438/2419
f 2866/435/2431 2867/453/2432 1253/453/2413 1261/435/2433
f 2867/453/2432 2866/435/2431 1262/435/2434 1254/453/2414
f 2867/453/2432 2868/439/2435 1257/439/2424 1253/453/2413
f 2868/439/2435 2867/453/2432 1254/453/2414 1258/439/2425
f 2868/439/2435 2866/435/2431 1261/435/2433 1257/439/2424
f 2866/435/2431 2868/439/2435 1258/439/2425 1262/435/2434
f 2869/455/2436 2870/438/2437 1255/438/2418 1263/455/2438
f 2870/438/2437 2869/455/2436 1264/455/2439 1256/438/2419
f 2870/438/2437 2871/454/2440 1259/454/2429 1255/438/2418
f 2871/454/2440 2870/438/2437 1256/438/2419 1260/454/2430
f 2871/454/2440 2869/455/2436 1263/455/2438 1259/454/2429
f 2869/455/2436 2871/454/2440 1260/454/2430 1264/455/2439
f 2872/456/2441 2873/453/2442 1253/453/2413 1265/456/2443
f 2873/453/2442 2872/456/2441 1266/456/2444 1254/453/2414
f 2873/453/2442 2874/435/2445 1261/435/2433 1253/453/2413
f 2874/435/2445 2873/453/2442 1254/453/2414 1262/435/2434
f 2874/435/2445 2872/456/2441 1265/456/2443 1261/435/2433
f 2872/456/2441 2874/435/2445 1262/435/2434 1266/456/2444
f 2875/435/2446 2876/455/2447 1263/455/2438 1261/435/2433
f 2876/455/2447 2875/435/2446 1262/435/2434 1264/455/2439
f 2876/455/2447 2877/456/2448 1265/456/2443 1263/455/2438
f 2877/456/2448 2876/455/2447 1264/455/2439 1266/456/2444
f 2877/456/2448 2875/435/2446 1261/435/2433 1265/456/2443
f 2875/435/2446 2877/456/2448 1266/456/2444 1262/435/2434
f 2878/438/2449 2879/455/2450 1263/455/2438 1255/438/2418
f 2879/455/2450 2878/438/2449 1256/438/2419 1264/455/2439
f 2879/455/2450 2880/434/2451 1267/434/2452 1263/455/2438
f 2880/434/2451 2879/455/2450 1264/455/2439 1268/434/2453
f 2880/434/2451 2878/438/2449 1255/438/2418 1267/434/2452
f 2878/438/2449 2880/434/2451 1268/434/2453 1256/438/2419
f 2881/455/2454 2882/435/2455 1261/435/2433 1263/455/2438
f 2882/435/2455 2881/455/2454 1264/455/2439 1262/435/2434
f 2882/435/2455 2883/434/2456 1267/434/2452 1261/435/2433
f 2883/434/2456 2882/435/2455 1262/435/2434 1268/434/2453
f 2883/434/2456 2881/455/2454 1263/455/2438 1267/434/2452
f 2881/455/2454 2883/434/2456 1268/434/2453 1264/455/2439
f 2884/437/2457 2885/441/2458 1271/441/2459 1269/437/2460
f 2885/441/2458 2884/437/2457 1270/437/2461 1272/441/2462
f 2885/441/2458 2886/457/2463 1273/457/2464 1271/441/2459
f 2886/457/2463 2885/441/2458 1272/441/2462 1274/457/2465
f 2886/457/2463 2884/437/2457 1269/437/2460 1273/457/2464
f 2884/437/2457 2886/457/2463 1274/457/2465 1270/437/2461
f 2887/437/2466 2888/457/2467 1273/457/2464 1269/437/2460
f 2888/457/2467 2887/437/2466 1270/437/2461 1274/457/2465
f 2888/457/2467 2889/458/2468 1275/458/2469 1273/457/2464
f 2889/458/2468 2888/457/2467 1274/457/2465 1276/458/2470
f 2889/458/2468 2887/437/2466 1269/437/2460 1275/458/2469
f 2887/437/2466 2889/458/2468 1276/458/2470 1270/437/2461
f 2890/441/2471 2891/459/2472 1277/459/2473 1271/441/2459
f 2891/459/2472 2890/441/2471 1272/441/2462 1278/459/2474
f 2891/459/2472 2892/457/2475 1273/457/2464 1277/459/2473
f 2892/457/2475 2891/459/2472 1278/459/2474 1274/457/2465
f 2892/457/2475 2890/441/2471 1271/441/2459 1273/457/2464
f 2890/441/2471 2892/457/2475 1274/457/2465 1272/441/2462
f 2893/460/2476 2894/437/2477 1269/437/2460 1279/460/2478
f 2894/437/2477 2893/460/2476 1280/460/2479 1270/437/2461
f 2894/437/2477 2895/458/2480 1275/458/2469 1269/437/2460
f 2895/458/2480 2894/437/2477 1270/437/2461 1276/458/2470
f 2895/458/2480 2893/460/2476 1279/460/2478 1275/458/2469
f 2893/460/2476 2895/458/2480 1276/458/2470 1280/460/2479
f 2896/459/2481 2897/441/2482 1271/441/2459 1277/459/2473
f 2897/441/2482 2896/459/2481 1278/459/2474 1272/441/2462
f 2897/441/2482 2898/445/2483 1281/445/2484 1271/441/2459
f 2898/445/2483 2897/441/2482 1272/441/2462 1282/445/2485
f 2898/445/2483 2896/459/2481 1277/459/2473 1281/445/2484
f 2896/459/2481 2898/445/2483 1282/445/2485 1278/459/2474
f 2899/437/2486 2900/460/2487 1279/460/2478 1269/437/2460
f 2900/460/2487 2899/437/2486 1270/437/2461 1280/460/2479
f 2900/460/2487 2901/433/2488 1283/433/2489 1279/460/2478
f 2901/433/2488 2900/460/2487 1280/460/2479 1284/433/2490
f 2901/433/2488 2899/437/2486 1269/437/2460 1283/433/2489
f 2899/437/2486 2901/433/2488 1284/433/2490 1270/437/2461
f 2902/445/2491 2903/446/2492 1285/446/2493 1281/445/2484
f 2903/446/2492 2902/445/2491 1282/445/2485 1286/446/2494
f 2903/446/2492 2904/459/2495 1277/459/2473 1285/446/2493
f 2904/459/2495 2903/446/2492 1286/446/2494 1278/459/2474
f 2904/459/2495 2902/445/2491 1281/445/2484 1277/459/2473
f 2902/445/2491 2904/459/2495 1278/459/2474 1282/445/2485
f 2905/461/2496 2906/433/2497 1283/433/2489 1287/461/2498
f 2906/433/2497 2905/461/2496 1288/461/2499 1284/433/2490
f 2906/433/2497 2907/460/2500 1279/460/2478 1283/433/2489
f 2907/460/2500 2906/433/2497 1284/433/2490 1280/460/2479
f 2907/460/2500 2905/461/2496 1287/461/2498 1279/460/2478
f 2905/461/2496 2907/460/2500 1280/460/2479 1288/461/2499
f 2908/446/2501 2909/462/2502 1289/462/2503 1285/446/2493
f 2909/462/2502 2908/446/2501 1286/446/2494 1290/462/2504
f 2909/462/2502 2910/459/2505 1277/459/2473 1289/462/2503
f 2910/459/2505 2909/462/2502 1290/462/2504 1278/459/2474
f 2910/459/2505 2908/446/2501 1285/446/2493 1277/459/2473
f 2908/446/2501 2910/459/2505 1278/459/2474 1286/446/2494
f 2911/433/2506 2912/461/2507 1287/461/2498 1283/433/2489
f 2912/461/2507 2911/433/2506 1284/433/2490 1288/461/2499
f 2912/461/2507 2913/436/2508 1291/436/2509 1287/461/2498
f 2913/436/2508 2912/461/2507 1288/461/2499 1292/436/2510
f 2913/436/2508 2911/433/2506 1283/433/2489 1291/436/2509
f 2911/433/2506 2913/436/2508 1292/436/2510 1284/433/2490
f 2914/446/2511 2915/442/2512 1293/442/2513 1285/446/2493
f 2915/442/2512 2914/446/2511 1286/446/2494 1294/442/2514
f 2915/442/2512 2916/462/2515 1289/462/2503 1293/442/2513
f 2916/462/2515 2915/442/2512 1294/442/2514 1290/462/2504
f 2916/462/2515 2914/446/2511 1285/446/2493 1289/462/2503
f 2914/446/2511 2916/462/2515 1290/462/2504 1286/446/2494
f 2917/461/2516 2918/440/2517 1295/440/2518 1287/461/2498
f 2918/440/2517 2917/461/2516 1288/461/2499 1296/440/2519
f 2918/440/2517 2919/436/2520 1291/436/2509 1295/440/2518
f 2919/436/2520 2918/440/2517 1296/440/2519 1292/436/2510
f 2919/436/2520 2917/461/2516 1287/461/2498 1291/436/2509
f 2917/461/2516 2919/436/2520 1292/436/2510 1288/461/2499
f 2920/462/2521 2921/442/2522 1293/442/2513 1289/462/2503
f 2921/442/2522 2920/462/2521 1290/462/2504 1294/442/2514
f 2921/442/2522 2922/463/2523 1297/463/2524 1293/442/2513
f 2922/463/2523 2921/442/2522 1294/442/2514 1298/463/2525
f 2922/463/2523 2920/462/2521 1289/462/2503 1297/463/2524
f 2920/462/2521 2922/463/2523 1298/463/2525 1290/462/2504
f 2923/440/2526 2924/461/2527 1287/461/2498 1295/440/2518
f 2924/461/2527 2923/440/2526 1296/440/2519 1288/461/2499
f 2924/461/2527 2925/464/2528 1299/464/2529 1287/461/2498
f 2925/464/2528 2924/461/2527 1288/461/2499 1300/464/2530
f 2925/464/2528 2923/440/2526 1295/440/2518 1299/464/2529
f 2923/440/2526 2925/464/2528 1300/464/2530 1296/440/2519
f 2926/442/2531 2927/464/2532 1299/464/2529 1293/442/2513
f 2927/464/2532 2926/442/2531 1294/442/2514 1300/464/2530
f 2927/464/2532 2928/463/2533 1297/463/2524 1299/464/2529
f 2928/463/2533 2927/464/2532 1300/464/2530 1298/463/2525
f 2928/463/2533 2926/442/2531 1293/442/2513 1297/463/2524
f 2926/442/2531 2928/463/2533 1298/463/2525 1294/442/2514
f 2929/464/2534 2930/442/2535 1293/442/2513 1299/464/2529
f 2930/442/2535 2929/464/2534 1300/464/2530 1294/442/2514
f 2930/442/2535 2931/440/2536 1295/440/2518 1293/442/2513
f 2931/440/2536 2930/442/2535 1294/442/2514 1296/440/2519
f 2931/440/2536 2929/464/2534 1299/464/2529 1295/440/2518
f 2929/464/2534 2931/440/2536 1296/440/2519 1300/464/2530
f 2932/465/2537 2933/378/2538 1303/378/2539 1301/465/2540
f 2933/378/2538 2932/465/2537 1302/465/2541 1304/378/2542
f 2933/378/2538 2934/376/2543 1305/376/2544 1303/378/2539
f 2934/376/2543 2933/378/2538 1304/378/2542 1306/376/2545
f 2934/376/2543 2932/465/2537 1301/465/2540 1305/376/2544
f 2932/465/2537 2934/376/2543 1306/376/2545 1302/465/2541
f 2935/378/2546 2936/465/2547 1301/465/2540 1303/378/2539
f 2936/465/2547 2935/378/2546 1304/378/2542 1302/465/2541
f 2936/465/2547 2937/383/2548 1307/383/2549 1301/465/2540
f 2937/383/2548 2936/465/2547 1302/465/2541 1308/383/2550
f 2937/383/2548 2935/378/2546 1303/378/2539 1307/383/2549
f 2935/378/2546 2937/383/2548 1308/383/2550 1304/378/2542
f 2938/466/2551 2939/383/2552 1307/383/2549 1309/466/2553
f 2939/383/2552 2938/466/2551 1310/466/2554 1308/383/2550
f 2939/383/2552 2940/465/2555 1301/465/2540 1307/383/2549
f 2940/465/2555 2939/383/2552 1308/383/2550 1302/465/2541
f 2940/465/2555 2938/466/2551 1309/466/2553 1301/465/2540
f 2938/466/2551 2940/465/2555 1302/465/2541 1310/466/2554
f 2941/383/2556 2942/466/2557 1309/466/2553 1307/383/2549
f 2942/466/2557 2941/383/2556 1308/383/2550 1310/466/2554
f 2942/466/2557 2943/381/2558 1311/381/2559 1309/466/2553
f 2943/381/2558 2942/466/2557 1310/466/2554 1312/381/2560
f 2943/381/2558 2941/383/2556 1307/383/2549 1311/381/2559
f 2941/383/2556 2943/381/2558 1312/381/2560 1308/383/2550
f 2944/466/2561 2945/467/2562 1313/467/2563 1309/466/2553
f 2945/467/2562 2944/466/2561 1310/466/2554 1314/467/2564
f 2945/467/2562 2946/381/2565 1311/381/2559 1313/467/2563
f 2946/381/2565 2945/467/2562 1314/467/2564 1312/381/2560
f 2946/381/2565 2944/466/2561 1309/466/2553 1311/381/2559
f 2944/466/2561 2946/381/2565 1312/381/2560 1310/466/2554
f 2947/381/2566 2948/467/2567 1313/467/2563 1311/381/2559
f 2948/467/2567 2947/381/2566 1312/381/2560 1314/467/2564
f 2948/467/2567 2949/468/2568 1315/468/2569 1313/467/2563
f 2949/468/2568 2948/467/2567 1314/467/2564 1316/468/2570
f 2949/468/2568 2947/381/2566 1311/381/2559 1315/468/2569
f 2947/381/2566 2949/468/2568 1316/468/2570 1312/381/2560
f 2950/381/2571 2951/468/2572 1315/468/2569 1311/381/2559
f 2951/468/2572 2950/381/2571 1312/381/2560 1316/468/2570
f 2951/468/2572 2952/385/2573 1317/385/2574 1315/468/2569
f 2952/385/2573 2951/468/2572 1316/468/2570 1318/385/2575
f 2952/385/2573 2950/381/2571 1311/381/2559 1317/385/2574
f 2950/381/2571 2952/385/2573 1318/385/2575 1312/381/2560
f 2953/469/2576 2954/465/2577 1301/465/2540 1319/469/2578
f 2954/465/2577 2953/469/2576 1320/469/2579 1302/465/2541
f 2954/465/2577 2955/376/2580 1305/376/2544 1301/465/2540
f 2955/376/2580 2954/465/2577 1302/465/2541 1306/376/2545
f 2955/376/2580 2953/469/2576 1319/469/2578 1305/376/2544
f 2953/469/2576 2955/376/2580 1306/376/2545 1320/469/2579
f 2956/372/2581 2957/469/2582 1319/469/2578 1321/372/2583
f 2957/469/2582 2956/372/2581 1322/372/2584 1320/469/2579
f 2957/469/2582 2958/376/2585 1305/376/2544 1319/469/2578
f 2958/376/2585 2957/469/2582 1320/469/2579 1306/376/2545
f 2958/376/2585 2956/372/2581 1321/372/2583 1305/376/2544
f 2956/372/2581 2958/376/2585 1306/376/2545 1322/372/2584
f 2959/469/2586 2960/372/2587 1321/372/2583 1319/469/2578
f 2960/372/2587 2959/469/2586 1320/469/2579 1322/372/2584
f 2960/372/2587 2961/470/2588 1323/470/2589 1321/372/2583
f 2961/470/2588 2960/372/2587 1322/372/2584 1324/470/2590
f 2961/470/2588 2959/469/2586 1319/469/2578 1323/470/2589
f 2959/469/2586 2961/470/2588 1324/470/2590 1320/469/2579
f 2962/372/2591 2963/371/2592 1325/371/2593 1321/372/2583
f 2963/371/2592 2962/372/2591 1322/372/2584 1326/371/2594
f 2963/371/2592 2964/470/2595 1323/470/2589 1325/371/2593
f 2964/470/2595 2963/371/2592 1326/371/2594 1324/470/2590
f 2964/470/2595 2962/372/2591 1321/372/2583 1323/470/2589
f 2962/372/2591 2964/470/2595 1324/470/2590 1322/372/2584
f 2965/374/2596 2966/470/2597 1323/470/2589 1327/374/2598
f 2966/470/2597 2965/374/2596 1328/374/2599 1324/470/2590
f 2966/470/2597 2967/371/2600 1325/371/2593 1323/470/2589
f 2967/371/2600 2966/470/2597 1324/470/2590 1326/371/2594
f 2967/371/2600 2965/374/2596 1327/374/2598 1325/371/2593
f 2965/374/2596 2967/371/2600 1326/371/2594 1328/374/2599
f 2968/470/2601 2969/471/2602 1329/471/2603 1323/470/2589
f 2969/471/2602 2968/470/2601 1324/470/2590 1330/471/2604
f 2969/471/2602 2970/469/2605 1319/469/2578 1329/471/2603
f 2970/469/2605 2969/471/2602 1330/471/2604 1320/469/2579
f 2970/469/2605 2968/470/2601 1323/470/2589 1319/469/2578
f 2968/470/2601 2970/469/2605 1320/469/2579 1324/470/2590
f 2971/472/2606 2972/469/2607 1319/469/2578 1331/472/2608
f 2972/469/2607 2971/472/2606 1332/472/2609 1320/469/2579
f 2972/469/2607 2973/471/2610 1329/471/2603 1319/469/2578
f 2973/471/2610 2972/469/2607 1320/469/2579 1330/471/2604
f 2973/471/2610 2971/472/2606 1331/472/2608 1329/471/2603
f 2971/472/2606 2973/471/2610 1330/471/2604 1332/472/2609
f 2974/473/2611 2975/469/2612 1319/469/2578 1333/473/2613
f 2975/469/2612 2974/473/2611 1334/473/2614 1320/469/2579
f 2975/469/2612 2976/472/2615 1331/472/2608 1319/469/2578
f 2976/472/2615 2975/469/2612 1320/469/2579 1332/472/2609
f 2976/472/2615 2974/473/2611 1333/473/2613 1331/472/2608
f 2974/473/2611 2976/472/2615 1332/472/2609 1334/473/2614
f 2977/473/2616 2978/472/2617 1331/472/2608 1333/473/2613
f 2978/472/2617 2977/473/2616 1334/473/2614 1332/472/2609
f 2978/472/2617 2979/387/2618 1335/387/2619 1331/472/2608
f 2979/387/2618 2978/472/2617 1332/472/2609 1336/387/2620
f 2979/387/2618 2977/473/2616 1333/473/2613 1335/387/2619
f 2977/473/2616 2979/387/2618 1336/387/2620 1334/473/2614
f 2980/474/2621 2981/473/2622 1333/473/2613 1337/474/2623
f 2981/473/2622 2980/474/2621 1338/474/2624 1334/473/2614
f 2981/473/2622 2982/387/2625 1335/387/2619 1333/473/2613
f 2982/387/2625 2981/473/2622 1334/473/2614 1336/387/2620
f 2982/387/2625 2980/474/2621 1337/474/2623 1335/387/2619
f 2980/474/2621 2982/387/2625 1336/387/2620 1338/474/2624
f 2983/387/2626 2984/386/2627 1339/386/2628 1335/387/2619
f 2984/386/2627 2983/387/2626 1336/387/2620 1340/386/2629
f 2984/386/2627 2985/474/2630 1337/474/2623 1339/386/2628
f 2985/474/2630 2984/386/2627 1340/386/2629 1338/474/2624
f 2985/474/2630 2983/387/2626 1335/387/2619 1337/474/2623
f 2983/387/2626 2985/474/2630 1338/474/2624 1336/387/2620
f 2986/475/2631 2987/474/2632 1337/474/2623 1341/475/2633
f 2987/474/2632 2986/475/2631 1342/475/2634 1338/474/2624
f 2987/474/2632 2988/386/2635 1339/386/2628 1337/474/2623
f 2988/386/2635 2987/474/2632 1338/474/2624 1340/386/2629
f 2988/386/2635 2986/475/2631 1341/475/2633 1339/386/2628
f 2986/475/2631 2988/386/2635 1340/386/2629 1342/475/2634
f 2989/474/2636 2990/475/2637 1341/475/2633 1337/474/2623
f 2990/475/2637 2989/474/2636 1338/474/2624 1342/475/2634
f 2990/475/2637 2991/476/2638 1343/476/2639 1341/475/2633
f 2991/476/2638 2990/475/2637 1342/475/2634 1344/476/2640
f 2991/476/2638 2989/474/2636 1337/474/2623 1343/476/2639
f 2989/474/2636 2991/476/2638 1344/476/2640 1338/474/2624
f 2992/386/2641 2993/477/2642 1345/477/2643 1339/386/2628
f 2993/477/2642 2992/386/2641 1340/386/2629 1346/477/2644
f 2993/477/2642 2994/475/2645 1341/475/2633 1345/477/2643
f 2994/475/2645 2993/477/2642 1346/477/2644 1342/475/2634
f 2994/475/2645 2992/386/2641 1339/386/2628 1341/475/2633
f 2992/386/2641 2994/475/2645 1342/475/2634 1340/386/2629
f 2995/473/2646 2996/478/2647 1349/478/2648 1347/473/2649
f 2996/478/2647 2995/473/2646 1348/473/2650 1350/478/2651
f 2996/478/2647 2997/479/2652 1351/479/2653 1349/478/2648
f 2997/479/2652 2996/478/2647 1350/478/2651 1352/479/2654
f 2997/479/2652 2995/473/2646 1347/473/2649 1351/479/2653
f 2995/473/2646 2997/479/2652 1352/479/2654 1348/473/2650
f 2998/479/2655 2999/480/2656 1353/480/2657 1351/479/2653
f 2999/480/2656 2998/479/2655 1352/479/2654 1354/480/2658
f 2999/480/2656 3000/473/2659 1347/473/2649 1353/480/2657
f 3000/473/2659 2999/480/2656 1354/480/2658 1348/473/2650
f 3000/473/2659 2998/479/2655 1351/479/2653 1347/473/2649
f 2998/479/2655 3000/473/2659 1348/473/2650 1352/479/2654
f 3001/469/2660 3002/473/2661 1347/473/2649 1355/469/2662
f 3002/473/2661 3001/469/2660 1356/469/2663 1348/473/2650
f 3002/473/2661 3003/480/2664 1353/480/2657 1347/473/2649
f 3003/480/2664 3002/473/2661 1348/473/2650 1354/480/2658
f 3003/480/2664 3001/469/2660 1355/469/2662 1353/480/2657
f 3001/469/2660 3003/480/2664 1354/480/2658 1356/469/2663
f 3004/480/2665 3005/465/2666 1357/465/2667 1353/480/2657
f 3005/465/2666 3004/480/2665 1354/480/2658 1358/465/2668
f 3005/465/2666 3006/469/2669 1355/469/2662 1357/465/2667
f 3006/469/2669 3005/465/2666 1358/465/2668 1356/469/2663
f 3006/469/2669 3004/480/2665 1353/480/2657 1355/469/2662
f 3004/480/2665 3006/469/2669 1356/469/2663 1354/480/2658
f 3007/465/2670 3008/480/2671 1353/480/2657 1357/465/2667
f 3008/480/2671 3007/465/2670 1358/465/2668 1354/480/2658
f 3008/480/2671 3009/481/2672 1359/481/2673 1353/480/2657
f 3009/481/2672 3008/480/2671 1354/480/2658 1360/481/2674
f 3009/481/2672 3007/465/2670 1357/465/2667 1359/481/2673
f 3007/465/2670 3009/481/2672 1360/481/2674 1358/465/2668
f 3010/481/2675 3011/466/2676 1361/466/2677 1359/481/2673
f 3011/466/2676 3010/481/2675 1360/481/2674 1362/466/2678
f 3011/466/2676 3012/465/2679 1357/465/2667 1361/466/2677
f 3012/465/2679 3011/466/2676 1362/466/2678 1358/465/2668
f 3012/465/2679 3010/481/2675 1359/481/2673 1357/465/2667
f 3010/481/2675 3012/465/2679 1358/465/2668 1360/481/2674
f 3013/466/2680 3014/481/2681 1359/481/2673 1361/466/2677
f 3014/481/2681 3013/466/2680 1362/466/2678 1360/481/2674
f 3014/481/2681 3015/482/2682 1363/482/2683 1359/481/2673
f 3015/482/2682 3014/481/2681 1360/481/2674 1364/482/2684
f 3015/482/2682 3013/466/2680 1361/466/2677 1363/482/2683
f 3013/466/2680 3015/482/2682 1364/482/2684 1362/466/2678
f 3016/482/2685 3017/467/2686 1365/467/2687 1363/482/2683
f 3017/467/2686 3016/482/2685 1364/482/2684 1366/467/2688
f 3017/467/2686 3018/466/2689 1361/466/2677 1365/467/2687
f 3018/466/2689 3017/467/2686 1366/467/2688 1362/466/2678
f 3018/466/2689 3016/482/2685 1363/482/2683 1361/466/2677
f 3016/482/2685 3018/466/2689 1362/466/2678 1364/482/2684
f 3019/483/2690 3020/482/2691 1363/482/2692 1367/483/2693
f 3020/482/2691 3019/483/2690 1368/483/2694 1364/482/2695
f 3020/482/2691 3021/484/2696 1369/484/2697 1363/482/2692
f 3021/484/2696 3020/482/2691 1364/482/2695 1370/484/2698
f 3021/484/2696 3019/483/2690 1367/483/2693 1369/484/2697
f 3019/483/2690 3021/484/2696 1370/484/2698 1368/483/2694
f 3022/478/2699 3023/473/2700 1347/473/2649 1349/478/2648
f 3023/473/2700 3022/478/2699 1350/478/2651 1348/473/2650
f 3023/473/2700 3024/474/2701 1371/474/2702 1347/473/2649
f 3024/474/2701 3023/473/2700 1348/473/2650 1372/474/2703
f 3024/474/2701 3022/478/2699 1349/478/2648 1371/474/2702
f 3022/478/2699 3024/474/2701 1372/474/2703 1350/478/2651
f 3025/485/2704 3026/478/2705 1349/478/2648 1373/485/2706
f 3026/478/2705 3025/485/2704 1374/485/2707 1350/478/2651
f 3026/478/2705 3027/474/2708 1371/474/2702 1349/478/2648
f 3027/474/2708 3026/478/2705 1350/478/2651 1372/474/2703
f 3027/474/2708 3025/485/2704 1373/485/2706 1371/474/2702
f 3025/485/2704 3027/474/2708 1372/474/2703 1374/485/2707
f 3028/478/2709 3029/485/2710 1373/485/2706 1349/478/2648
f 3029/485/2710 3028/478/2709 1350/478/2651 1374/485/2707
f 3029/485/2710 3030/486/2711 1375/486/2712 1373/485/2706
f 3030/486/2711 3029/485/2710 1374/485/2707 1376/486/2713
f 3030/486/2711 3028/478/2709 1349/478/2648 1375/486/2712
f 3028/478/2709 3030/486/2711 1376/486/2713 1350/478/2651
f 3031/471/2714 3032/487/2715 1379/487/2716 1377/471/2717
f 3032/487/2715 3031/471/2714 1378/471/2718 1380/487/2719
f 3032/487/2715 3033/488/2720 1381/488/2721 1379/487/2716
f 3033/488/2720 3032/487/2715 1380/487/2719 1382/488/2722
f 3033/488/2720 3031/471/2714 1377/471/2717 1381/488/2721
f 3031/471/2714 3033/488/2720 1382/488/2722 1378/471/2718
f 3034/487/2723 3035/471/2724 1385/471/2725 1383/487/2726
f 3035/471/2724 3034/487/2723 1384/487/2727 1386/471/2728
f 3035/471/2724 3036/470/2729 1387/470/2730 1385/471/2725
f 3036/470/2729 3035/471/2724 1386/471/2728 1388/470/2731
f 3036/470/2729 3034/487/2723 1383/487/2726 1387/470/2730
f 3034/487/2723 3036/470/2729 1388/470/2731 1384/487/2727
f 3037/380/2732 3038/378/2733 1391/378/2734 1389/380/2735
f 3038/378/2733 3037/380/2732 1390/380/2736 1392/378/2737
f 3038/378/2733 3039/383/2738 1393/383/2739 1391/378/2734
f 3039/383/2738 3038/378/2733 1392/378/2737 1394/383/2740
f 3039/383/2738 3037/380/2732 1389/380/2735 1393/383/2739
f 3037/380/2732 3039/383/2738 1394/383/2740 1390/380/2736
f 3040/380/2741 3041/379/2742 1397/379/2743 1395/380/2744
f 3041/379/2742 3040/380/2741 1396/380/2745 1398/379/2746
f 3041/379/2742 3042/378/2747 1399/378/2748 1397/379/2743
f 3042/378/2747 3041/379/2742 1398/379/2746 1400/378/2749
f 3042/378/2747 3040/380/2741 1395/380/2744 1399/378/2748
f 3040/380/2741 3042/378/2747 1400/378/2749 1396/380/2745
f 3043/489/2750 3044/386/2751 1401/386/2752 1403/489/2753
f 3044/386/2751 3043/489/2750 1404/489/2754 1402/386/2755
f 3044/386/2751 3045/389/2756 1405/389/2757 1401/386/2752
f 3045/389/2756 3044/386/2751 1402/386/2755 1406/389/2758
f 3045/389/2756 3043/489/2750 1403/489/2753 1405/389/2757
f 3043/489/2750 3045/389/2756 1406/389/2758 1404/489/2754
f 3046/490/2759 3047/387/2760 1409/387/2761 1407/490/2762
f 3047/387/2760 3046/490/2759 1408/490/2763 1410/387/2764
f 3047/387/2760 3048/472/2765 1411/472/2766 1409/387/2761
f 3048/472/2765 3047/387/2760 1410/387/2764 1412/472/2767
f 3048/472/2765 3046/490/2759 1407/490/2762 1411/472/2766
f 3046/490/2759 3048/472/2765 1412/472/2767 1408/490/2763
f 3049/387/2768 3050/490/2769 1407/490/2762 1409/387/2761
f 3050/490/2769 3049/387/2768 1410/387/2764 1408/490/2763
f 3050/490/2769 3051/388/2770 1413/388/2771 1407/490/2762
f 3051/388/2770 3050/490/2769 1408/490/2763 1414/388/2772
f 3051/388/2770 3049/387/2768 1409/387/2761 1413/388/2771
f 3049/387/2768 3051/388/2770 1414/388/2772 1410/387/2764
f 3052/490/2773 3053/471/2774 1417/471/2775 1415/490/2776
f 3053/471/2774 3052/490/2773 1416/490/2777 1418/471/2778
f 3053/471/2774 3054/488/2779 1419/488/2780 1417/471/2775
f 3054/488/2779 3053/471/2774 1418/471/2778 1420/488/2781
f 3054/488/2779 3052/490/2773 1415/490/2776 1419/488/2780
f 3052/490/2773 3054/488/2779 1420/488/2781 1416/490/2777
f 3055/471/2782 3056/490/2783 1423/490/2784 1421/471/2785
f 3056/490/2783 3055/471/2782 1422/471/2786 1424/490/2787
f 3056/490/2783 3057/472/2788 1425/472/2789 1423/490/2784
f 3057/472/2788 3056/490/2783 1424/490/2787 1426/472/2790
f 3057/472/2788 3055/471/2782 1421/471/2785 1425/472/2789
f 3055/471/2782 3057/472/2788 1426/472/2790 1422/471/2786
f 3058/375/2791 3059/487/2792 1429/487/2793 1427/375/2794
f 3059/487/2792 3058/375/2791 1428/375/2795 1430/487/2796
f 3059/487/2792 3060/374/2797 1431/374/2798 1429/487/2793
f 3060/374/2797 3059/487/2792 1430/487/2796 1432/374/2799
f 3060/374/2797 3058/375/2791 1427/375/2794 1431/374/2798
f 3058/375/2791 3060/374/2797 1432/374/2799 1428/375/2795
f 3061/470/2800 3062/374/2801 1431/374/2798 1433/470/2802
f 3062/374/2801 3061/470/2800 1434/470/2803 1432/374/2799
f 3062/374/2801 3063/487/2804 1429/487/2793 1431/374/2798
f 3063/487/2804 3062/374/2801 1432/374/2799 1430/487/2796
f 3063/487/2804 3061/470/2800 1433/470/2802 1429/487/2793
f 3061/470/2800 3063/487/2804 1430/487/2796 1434/470/2803
