# Blender 5.2.0 LTS
# www.blender.org
mtllib glasskeybodystart3.mtl
o 125185797615634.001
v -1.519045 0.117800 0.000002
v -1.519081 0.117800 0.000002
v -1.519049 0.136086 -0.013473
v -1.519077 0.136086 -0.013473
v -1.519045 0.127103 -0.022457
v -1.519081 0.127103 -0.022457
v -1.519049 0.149561 -0.019054
v -1.519077 0.149561 -0.019054
v -1.519051 0.130504 0.000002
v -1.519075 0.130504 0.000002
v -1.519045 0.149561 -0.031759
v -1.519081 0.149561 -0.031759
v -1.519048 0.136086 0.013478
v -1.519078 0.136086 0.013478
v -1.519048 0.163036 -0.013473
v -1.519078 0.163036 -0.013473
v -1.519046 0.127103 0.022461
v -1.519080 0.127103 0.022461
v -1.519046 0.172020 -0.022457
v -1.519080 0.172020 -0.022457
v -1.519045 0.149561 0.031763
v -1.519081 0.149561 0.031763
v -1.519045 0.181323 0.000002
v -1.519081 0.181323 0.000002
v -1.519051 0.149561 0.019058
v -1.519075 0.149561 0.019058
v -1.519049 0.168618 0.000002
v -1.519077 0.168618 0.000002
v -1.519049 0.163036 0.013478
v -1.519077 0.163036 0.013478
v -1.519045 0.172020 0.022461
v -1.519081 0.172020 0.022461
v -1.519053 0.149561 0.031748
v -1.519073 0.149561 0.031778
v -1.506268 0.149561 0.039684
v -1.506292 0.149561 0.039724
v -1.519052 0.172007 0.022448
v -1.519074 0.172033 0.022474
v -1.519052 0.127116 0.022448
v -1.519074 0.127090 0.022474
v -1.506269 0.177622 0.028062
v -1.506291 0.177648 0.028088
v -1.506269 0.121501 0.028062
v -1.506291 0.121475 0.028088
v -1.506268 0.189243 0.000002
v -1.506292 0.189283 0.000002
v -1.506268 0.109879 0.000002
v -1.506292 0.109839 0.000002
v -1.519053 0.181308 0.000002
v -1.519073 0.181338 0.000002
v -1.519053 0.117815 0.000002
v -1.519073 0.117785 0.000002
v -1.519052 0.172007 -0.022444
v -1.519074 0.172033 -0.022470
v -1.519052 0.127116 -0.022444
v -1.519074 0.127090 -0.022470
v -1.506269 0.177622 -0.028058
v -1.506291 0.177648 -0.028084
v -1.506269 0.121501 -0.028058
v -1.506291 0.121475 -0.028084
v -1.506268 0.149561 -0.039679
v -1.506292 0.149561 -0.039719
v -1.519053 0.149561 -0.031744
v -1.519073 0.149561 -0.031774
v -1.466528 -0.047173 -0.019154
v -1.466744 -0.047173 -0.019154
v -1.466529 0.121633 0.019154
v -1.466745 0.121633 0.019154
v -1.466549 0.121633 -0.019154
v -1.466725 0.121633 -0.019154
v -1.466548 -0.047173 0.019154
v -1.466724 -0.047173 0.019154
v -1.329973 0.168678 0.000002
v -1.329991 0.168558 0.000002
v -1.519063 0.163097 0.013539
v -1.519063 0.162975 0.013417
v -1.519063 0.168705 0.000002
v -1.519063 0.168531 0.000002
v -1.329969 0.163097 0.013539
v -1.329995 0.162975 0.013417
v -1.519063 0.149561 0.019145
v -1.519063 0.149561 0.018971
v -1.329969 0.163097 -0.013534
v -1.329995 0.162975 -0.013412
v -1.519063 0.163097 -0.013534
v -1.519063 0.162975 -0.013412
v -1.329972 0.149561 0.019124
v -1.329992 0.149561 0.018994
v -1.519063 0.136025 0.013539
v -1.519063 0.136147 0.013417
v -1.329969 0.136025 0.013539
v -1.329995 0.136147 0.013417
v -1.519063 0.130417 0.000002
v -1.519063 0.130591 0.000002
v -1.329973 0.130444 0.000002
v -1.329991 0.130564 0.000002
v -1.519063 0.136025 -0.013534
v -1.519063 0.136147 -0.013412
v -1.329972 0.149561 -0.019119
v -1.329992 0.149561 -0.018989
v -1.519063 0.149561 -0.019141
v -1.519063 0.149561 -0.018967
v -1.329969 0.136025 -0.013534
v -1.329995 0.136147 -0.013412
v 1.363611 0.278111 0.068806
v 1.363815 0.278111 0.068806
v 1.363630 0.210141 -0.068806
v 1.363796 0.210023 -0.068806
v 1.363626 0.278111 -0.068806
v 1.363800 0.278111 -0.068806
v 1.363625 0.210145 0.068806
v 1.363801 0.210019 0.068806
v 1.264841 0.142155 -0.068806
v 1.264983 0.141949 -0.068806
v 1.264850 0.142142 0.068806
v 1.264974 0.141962 0.068806
v -1.126050 0.235355 -0.017965
v -1.126078 0.235355 -0.017965
v -1.126050 0.227913 0.000002
v -1.126078 0.227913 0.000002
v -1.126050 0.238076 0.000002
v -1.126078 0.238076 0.000002
v -1.126050 0.235355 0.017969
v -1.126078 0.235355 0.017969
v -1.126053 0.242542 -0.010778
v -1.126075 0.242542 -0.010778
v -1.126049 0.253322 -0.025407
v -1.126078 0.253322 -0.025407
v -1.126053 0.242542 0.010782
v -1.126075 0.242542 0.010782
v -1.126049 0.253322 0.025411
v -1.126078 0.253322 0.025411
v -1.126049 0.253322 -0.015243
v -1.126079 0.253322 -0.015243
v -1.126049 0.253322 0.015247
v -1.126079 0.253322 0.015247
v -1.126053 0.264102 0.010782
v -1.126075 0.264102 0.010782
v -1.126050 0.271289 0.017969
v -1.126078 0.271289 0.017969
v -1.126050 0.268567 0.000002
v -1.126078 0.268567 0.000002
v -1.126050 0.278731 0.000002
v -1.126078 0.278731 0.000002
v -1.126053 0.264102 -0.010778
v -1.126075 0.264102 -0.010778
v -1.126050 0.271289 -0.017965
v -1.126078 0.271289 -0.017965
v -1.126056 0.253322 0.025399
v -1.126072 0.253322 0.025423
v -1.115829 0.253322 0.031747
v -1.115849 0.253322 0.031779
v -1.126055 0.271279 0.017959
v -1.126073 0.271299 0.017979
v -1.126055 0.235365 0.017959
v -1.126073 0.235345 0.017979
v -1.115830 0.275770 0.022451
v -1.115848 0.275790 0.022471
v -1.115830 0.230873 0.022451
v -1.115848 0.230853 0.022471
v -1.115829 0.285067 0.000002
v -1.115849 0.285099 0.000002
v -1.115829 0.221576 0.000002
v -1.115849 0.221544 0.000002
v -1.126056 0.278719 0.000002
v -1.126072 0.278743 0.000002
v -1.126056 0.227925 0.000002
v -1.126072 0.227901 0.000002
v -1.126055 0.271279 -0.017955
v -1.126073 0.271299 -0.017975
v -1.126055 0.235365 -0.017955
v -1.126073 0.235345 -0.017975
v -1.115830 0.275770 -0.022447
v -1.115848 0.275790 -0.022467
v -1.115830 0.230873 -0.022447
v -1.115848 0.230853 -0.022467
v -1.115829 0.253322 -0.031743
v -1.115849 0.253322 -0.031775
v -1.126056 0.253322 -0.025395
v -1.126072 0.253322 -0.025419
v -1.105024 0.350905 -0.010516
v -1.105068 0.350905 -0.010516
v -1.105016 0.306415 -0.011770
v -1.105076 0.306415 -0.011770
v -1.105014 0.306415 0.011770
v -1.105078 0.306415 0.011770
v -1.105015 0.275340 0.017686
v -1.105077 0.275340 0.017686
v -1.105018 0.275340 -0.017686
v -1.105075 0.275340 -0.017686
v -1.105028 0.350905 0.010516
v -1.105064 0.350905 0.010516
v -1.105033 0.360250 0.008413
v -1.105059 0.360250 0.008413
v -1.105036 0.360250 0.016826
v -1.105056 0.360250 0.016826
v -1.105034 0.375634 0.016826
v -1.105058 0.375634 0.016826
v -1.105036 0.375634 0.008413
v -1.105056 0.375634 0.008413
v -1.105034 0.360250 -0.008413
v -1.105058 0.360250 -0.008413
v -1.105036 0.360250 -0.016826
v -1.105056 0.360250 -0.016826
v -1.105034 0.375634 -0.016826
v -1.105058 0.375634 -0.016826
v -1.105036 0.375634 -0.008413
v -1.105056 0.375634 -0.008413
v -1.086545 0.366597 -0.000597
v -1.086553 0.366599 -0.000597
v -1.088562 0.359976 -0.002210
v -1.088572 0.359978 -0.002210
v -1.088562 0.359975 0.002210
v -1.088572 0.359979 0.002210
v -1.086546 0.366597 0.000597
v -1.086552 0.366599 0.000597
v 1.346076 0.267979 -0.088538
v 1.346138 0.267979 -0.088594
v 1.363677 0.210110 -0.068768
v 1.363749 0.210054 -0.068844
v 1.346067 0.212487 -0.088525
v 1.346147 0.212431 -0.088607
v 1.363682 0.278111 -0.068779
v 1.363744 0.278111 -0.068833
v 1.264878 0.142102 -0.068767
v 1.264946 0.142002 -0.068845
v 1.254662 0.152223 -0.088535
v 1.254716 0.152145 -0.088597
v 1.264878 0.142102 0.068767
v 1.264946 0.142002 0.068845
v 1.363677 0.210110 0.068768
v 1.363749 0.210054 0.068844
v 1.346067 0.212487 0.088525
v 1.346147 0.212431 0.088607
v 1.254662 0.152223 0.088535
v 1.254716 0.152145 0.088597
v 1.346076 0.267979 0.088538
v 1.346138 0.267979 0.088594
v 1.363682 0.278111 0.068779
v 1.363744 0.278111 0.068833
v -0.930093 0.190713 0.000002
v -0.930119 0.190755 0.000002
v -0.943216 0.172942 0.023383
v -0.943240 0.172968 0.023409
v -0.930094 0.178662 0.029102
v -0.930118 0.178688 0.029128
v -0.930093 0.149561 0.041153
v -0.930119 0.149561 0.041195
v -0.943218 0.182630 0.000002
v -0.943238 0.182662 0.000002
v -0.943218 0.149561 0.033070
v -0.943238 0.149561 0.033102
v -0.943216 0.172942 -0.023379
v -0.943240 0.172968 -0.023405
v -0.943216 0.126180 0.023384
v -0.943240 0.126154 0.023410
v -0.930094 0.178662 -0.029098
v -0.930118 0.178688 -0.029124
v -0.930094 0.120461 0.029102
v -0.930118 0.120435 0.029128
v -0.930093 0.149561 -0.041149
v -0.930119 0.149561 -0.041191
v -0.930093 0.108410 0.000002
v -0.930119 0.108368 0.000002
v -0.943218 0.149561 -0.033066
v -0.943238 0.149561 -0.033098
v -0.943218 0.116493 0.000002
v -0.943238 0.116461 0.000002
v -0.943216 0.126180 -0.023379
v -0.943240 0.126154 -0.023405
v -0.930094 0.120461 -0.029098
v -0.930118 0.120435 -0.029124
v -0.830888 0.286243 0.000002
v -0.830908 0.286277 0.000002
v -0.841386 0.272027 0.018707
v -0.841404 0.272049 0.018729
v -0.830889 0.276601 0.023282
v -0.830907 0.276623 0.023304
v -0.830888 0.253322 0.032923
v -0.830908 0.253322 0.032957
v -0.841387 0.279777 0.000002
v -0.841403 0.279803 0.000002
v -0.841387 0.253322 0.026457
v -0.841403 0.253322 0.026483
v -0.841386 0.272027 -0.018703
v -0.841404 0.272049 -0.018725
v -0.841386 0.234618 0.018707
v -0.841404 0.234596 0.018729
v -0.830889 0.276601 -0.023278
v -0.830907 0.276623 -0.023300
v -0.830889 0.230042 0.023282
v -0.830907 0.230020 0.023304
v -0.830888 0.253322 -0.032919
v -0.830908 0.253322 -0.032953
v -0.830888 0.220401 0.000002
v -0.830908 0.220367 0.000002
v -0.841387 0.253322 -0.026453
v -0.841403 0.253322 -0.026479
v -0.841387 0.226867 0.000002
v -0.841403 0.226841 0.000002
v -0.841386 0.234618 -0.018703
v -0.841404 0.234596 -0.018725
v -0.830889 0.230042 -0.023278
v -0.830907 0.230020 -0.023300
v 0.759290 -0.348037 0.046039
v 0.759354 -0.348307 0.046039
v 0.531887 -0.401804 0.046039
v 0.531963 -0.402122 0.046039
v 0.759284 -0.348013 -0.046039
v 0.759360 -0.348331 -0.046039
v 0.531893 -0.401828 -0.046039
v 0.531957 -0.402098 -0.046039
v 0.759079 -0.348230 -0.046039
v 0.759565 -0.348114 -0.046039
v 0.668585 0.030848 -0.046039
v 0.668983 0.030944 -0.046039
v 0.668541 0.030838 0.046039
v 0.669027 0.030954 0.046039
v 0.759123 -0.348220 0.046039
v 0.759521 -0.348124 0.046039
v -0.818217 0.100483 -0.069192
v -0.818547 0.100585 -0.069192
v -0.754216 0.306750 0.069190
v -0.754546 0.306852 0.069190
v -0.754237 0.306756 -0.069192
v -0.754525 0.306846 -0.069192
v -0.818238 0.100489 0.069190
v -0.818526 0.100579 0.069190
v -0.792280 0.055172 -0.072886
v -0.792424 0.055064 -0.072886
v -0.792267 0.055181 0.072886
v -0.792437 0.055055 0.072886
v -0.832268 0.108763 -0.072886
v -0.832438 0.108637 -0.072886
v -0.832281 0.108754 0.072886
v -0.832425 0.108646 0.072886
v 1.029444 0.036844 -0.092598
v 1.029391 0.036500 -0.092598
v 0.878963 0.036809 0.092598
v 0.879007 0.036535 0.092598
v 0.878965 0.036801 -0.092598
v 0.879005 0.036543 -0.092598
v 1.029446 0.036858 0.092598
v 1.029388 0.036486 0.092598
v 0.822964 -0.017469 0.092598
v 0.823006 -0.017733 0.092598
v 1.214775 -0.122095 -0.092598
v 1.214721 -0.122449 -0.092598
v 0.822969 -0.017497 -0.092598
v 0.823001 -0.017705 -0.092598
v 0.714842 -0.017457 -0.092598
v 0.714842 -0.017745 -0.092598
v 0.714842 -0.017476 0.092598
v 0.714842 -0.017726 0.092598
v 1.214772 -0.122114 0.092598
v 1.214724 -0.122430 0.092598
v 1.322765 -0.122157 -0.092598
v 1.322731 -0.122387 -0.092598
v 1.322764 -0.122162 0.092598
v 1.322732 -0.122382 0.092598
v 1.354765 -0.146155 -0.092598
v 1.354731 -0.146389 -0.092598
v 1.354767 -0.146145 0.092598
v 1.354729 -0.146399 0.092598
v 1.498726 -0.146142 -0.092598
v 1.498770 -0.146402 -0.092598
v 1.498727 -0.146150 0.092598
v 1.498769 -0.146394 0.092598
v 1.530614 -0.098227 -0.092598
v 1.530882 -0.098317 -0.092598
v 1.530593 -0.098221 0.092598
v 1.530903 -0.098323 0.092598
v 1.530586 0.131497 -0.092598
v 1.530910 0.131497 -0.092598
v 1.530608 0.131497 0.092598
v 1.530888 0.131497 0.092598
v 1.530646 0.182163 -0.092598
v 1.530850 0.182163 -0.092598
v 1.530646 0.182163 0.092598
v 1.530850 0.182163 0.092598
v 1.530646 0.232830 -0.092598
v 1.530850 0.232830 -0.092598
v 1.530646 0.232830 0.092598
v 1.530850 0.232830 0.092598
v 1.530627 0.283497 -0.092598
v 1.530869 0.283497 -0.092598
v 1.530648 0.283497 0.092598
v 1.530848 0.283497 0.092598
v -0.754297 0.306775 -0.069106
v -0.754465 0.306827 -0.069278
v -0.796994 0.115891 -0.084931
v -0.797155 0.115941 -0.085097
v -0.818311 0.100512 -0.069119
v -0.818453 0.100556 -0.069265
v -0.741173 0.297552 -0.084951
v -0.741297 0.297590 -0.085077
v -0.754297 0.306775 0.069104
v -0.754465 0.306827 0.069276
v -0.818311 0.100512 0.069117
v -0.818453 0.100556 0.069263
v -0.796994 0.115891 0.084931
v -0.797155 0.115941 0.085097
v -0.741173 0.297552 0.084951
v -0.741297 0.297590 0.085077
v 0.872394 0.050485 -0.117376
v 0.872414 0.050337 -0.117464
v 0.822978 -0.017547 -0.092556
v 0.822992 -0.017655 -0.092640
v 0.822974 0.001891 -0.117386
v 0.822996 0.001805 -0.117454
v 0.727499 0.001750 -0.117380
v 0.727499 0.001648 -0.117460
v 0.714842 -0.017553 -0.092561
v 0.714842 -0.017649 -0.092635
v 0.878972 0.036733 -0.092560
v 0.878998 0.036611 -0.092636
v 1.029438 0.036775 -0.092532
v 1.029396 0.036569 -0.092664
v 1.037925 0.050983 -0.117344
v 1.037893 0.050735 -0.117496
v 1.214762 -0.122160 -0.092526
v 1.214734 -0.122384 -0.092670
v 1.223481 -0.107628 -0.117365
v 1.223447 -0.107794 -0.117475
v 1.322758 -0.122222 -0.092568
v 1.322738 -0.122322 -0.092628
v 1.322753 -0.107095 -0.117396
v 1.322743 -0.107177 -0.117444
v 1.354755 -0.146214 -0.092560
v 1.354741 -0.146330 -0.092636
v 1.354758 -0.130300 -0.117389
v 1.354738 -0.130396 -0.117451
v 1.491507 -0.129807 -0.117379
v 1.491535 -0.129919 -0.117461
v 1.498741 -0.146218 -0.092561
v 1.498755 -0.146326 -0.092635
v 1.530685 -0.098245 -0.092558
v 1.530811 -0.098299 -0.092638
v 1.520030 -0.085832 -0.117368
v 1.520220 -0.085876 -0.117472
v 1.530646 0.131497 -0.092551
v 1.530850 0.131497 -0.092645
v 1.519262 0.131497 -0.117389
v 1.519398 0.131497 -0.117451
v 1.530712 0.182163 -0.092581
v 1.530784 0.182163 -0.092615
v 1.518769 0.182163 -0.117403
v 1.518841 0.182163 -0.117437
v 1.530713 0.232830 -0.092581
v 1.530783 0.232830 -0.092615
v 1.518476 0.232830 -0.117406
v 1.518534 0.232830 -0.117434
v 1.518379 0.268722 -0.117406
v 1.518437 0.268722 -0.117434
v 1.530717 0.283497 -0.092583
v 1.530779 0.283497 -0.092614
v 0.822978 -0.017547 0.092556
v 0.822992 -0.017655 0.092640
v 0.727499 0.001750 0.117380
v 0.727499 0.001648 0.117460
v 0.714842 -0.017553 0.092561
v 0.714842 -0.017649 0.092635
v 0.822974 0.001891 0.117386
v 0.822996 0.001805 0.117454
v 0.872394 0.050485 0.117376
v 0.872414 0.050337 0.117464
v 0.878972 0.036733 0.092560
v 0.878998 0.036611 0.092636
v 1.029438 0.036775 0.092532
v 1.029396 0.036569 0.092664
v 1.037925 0.050983 0.117344
v 1.037893 0.050735 0.117496
v 1.214762 -0.122160 0.092526
v 1.214734 -0.122384 0.092670
v 1.223481 -0.107628 0.117365
v 1.223447 -0.107794 0.117475
v 1.322757 -0.122226 0.092570
v 1.322739 -0.122318 0.092626
v 1.322753 -0.107095 0.117396
v 1.322743 -0.107177 0.117444
v 1.354757 -0.130305 0.117392
v 1.354739 -0.130391 0.117448
v 1.354755 -0.146209 0.092557
v 1.354741 -0.146335 0.092639
v 1.491507 -0.129807 0.117379
v 1.491535 -0.129919 0.117461
v 1.498741 -0.146218 0.092561
v 1.498755 -0.146326 0.092635
v 1.530685 -0.098245 0.092558
v 1.530811 -0.098299 0.092638
v 1.520030 -0.085832 0.117368
v 1.520220 -0.085876 0.117472
v 1.530658 0.131497 0.092557
v 1.530838 0.131497 0.092639
v 1.519254 0.131497 0.117385
v 1.519406 0.131497 0.117455
v 1.518769 0.182163 0.117403
v 1.518841 0.182163 0.117437
v 1.530712 0.182163 0.092581
v 1.530784 0.182163 0.092615
v 1.518472 0.232830 0.117404
v 1.518538 0.232830 0.117436
v 1.530715 0.232830 0.092582
v 1.530781 0.232830 0.092614
v 1.518379 0.268722 0.117406
v 1.518437 0.268722 0.117434
v 1.530717 0.283497 0.092582
v 1.530779 0.283497 0.092613
v -0.792331 0.055133 -0.072859
v -0.792373 0.055103 -0.072913
v -0.832329 0.108718 -0.072855
v -0.832377 0.108682 -0.072917
v -0.803477 0.094244 -0.086824
v -0.803511 0.094218 -0.086868
v -0.785121 0.069584 -0.086830
v -0.785145 0.069566 -0.086862
v -0.792331 0.055133 0.072859
v -0.792373 0.055103 0.072913
v -0.803477 0.094244 0.086824
v -0.803511 0.094218 0.086868
v -0.832329 0.108718 0.072855
v -0.832377 0.108682 0.072917
v -0.785121 0.069584 0.086830
v -0.785145 0.069566 0.086862
v 0.759305 -0.348102 -0.045926
v 0.759339 -0.348242 -0.046152
v 0.531910 -0.401902 -0.045941
v 0.531940 -0.402024 -0.046137
v 0.558083 -0.373674 -0.059681
v 0.558113 -0.373798 -0.059881
v 0.729073 -0.333242 -0.059705
v 0.729095 -0.333336 -0.059857
v 0.759305 -0.348102 0.045926
v 0.759339 -0.348242 0.046152
v 0.558083 -0.373674 0.059681
v 0.558113 -0.373798 0.059881
v 0.531910 -0.401902 0.045941
v 0.531940 -0.402024 0.046137
v 0.729073 -0.333242 0.059705
v 0.729095 -0.333336 0.059857
v -1.105211 0.198035 0.008414
v -1.105223 0.198129 0.008414
v -1.041211 0.198032 -0.008414
v -1.041225 0.198132 -0.008414
v -1.105210 0.198032 -0.008414
v -1.105224 0.198132 -0.008414
v -1.173195 0.162039 0.008414
v -1.173241 0.162125 0.008414
v -1.173199 0.162047 -0.008414
v -1.173237 0.162117 -0.008414
v -1.041210 0.198027 0.008414
v -1.041226 0.198137 0.008414
v -0.964414 0.245908 -0.008414
v -0.964474 0.246004 -0.008414
v -0.964420 0.245917 0.008414
v -0.964468 0.245995 0.008414
v -1.317760 0.052456 -0.019154
v -1.317708 0.052406 -0.019154
v -1.292918 0.064921 -0.019154
v -1.292918 0.064861 -0.019154
v -1.292918 0.064921 0.019154
v -1.292918 0.064861 0.019154
v -1.317764 0.052460 0.019154
v -1.317704 0.052402 0.019154
v -1.317781 -0.005647 -0.019154
v -1.317687 -0.005647 -0.019154
v -1.317775 -0.005647 0.019154
v -1.317693 -0.005647 0.019154
v -1.268068 0.052462 0.019154
v -1.268132 0.052400 0.019154
v -1.268072 0.052457 -0.019154
v -1.268128 0.052405 -0.019154
v -1.268047 -0.016151 -0.019154
v -1.268153 -0.016151 -0.019154
v -1.268055 -0.016151 0.019154
v -1.268145 -0.016151 0.019154
v 0.728988 -0.333312 -0.059583
v 0.729180 -0.333266 -0.059979
v 0.638927 0.030878 -0.059626
v 0.639078 0.030914 -0.059936
v 0.668686 0.030872 -0.045838
v 0.668882 0.030920 -0.046240
v 0.759243 -0.348191 -0.045877
v 0.759401 -0.348153 -0.046201
v 0.728988 -0.333312 0.059583
v 0.729180 -0.333266 0.059979
v 0.668686 0.030872 0.045838
v 0.668882 0.030920 0.046240
v 0.638927 0.030878 0.059626
v 0.639078 0.030914 0.059936
v 0.759243 -0.348191 0.045877
v 0.759401 -0.348153 0.046201
v -1.466636 -0.047130 -0.019154
v -1.466636 -0.047216 -0.019154
v -1.417003 -0.047136 -0.019154
v -1.417003 -0.047210 -0.019154
v -1.417003 -0.047130 0.019154
v -1.417003 -0.047216 0.019154
v -1.466636 -0.047136 0.019154
v -1.466636 -0.047210 0.019154
v -1.067945 0.375610 -0.016826
v -1.067945 0.375658 -0.016826
v -1.105046 0.375615 -0.016826
v -1.105046 0.375653 -0.016826
v -1.105046 0.375610 -0.008413
v -1.105046 0.375658 -0.008413
v -1.067945 0.375615 -0.008413
v -1.067945 0.375653 -0.008413
v -1.105046 0.375610 0.016826
v -1.105046 0.375658 0.016826
v -1.067945 0.375610 0.008413
v -1.067945 0.375658 0.008413
v -1.105046 0.375615 0.008413
v -1.105046 0.375653 0.008413
v -1.067945 0.375615 0.016826
v -1.067945 0.375653 0.016826
v 0.063700 0.371842 -0.044230
v 0.063700 0.371882 -0.044230
v 0.068657 0.371842 -0.011390
v 0.068657 0.371882 -0.011390
v 0.068657 0.371846 -0.044230
v 0.068657 0.371878 -0.044230
v 0.063700 0.371846 -0.011390
v 0.063700 0.371878 -0.011390
v 0.063700 0.371846 0.011390
v 0.063700 0.371878 0.011390
v 0.063700 0.371842 0.044230
v 0.063700 0.371882 0.044230
v 0.068657 0.371842 0.011390
v 0.068657 0.371882 0.011390
v 0.068657 0.371846 0.044230
v 0.068657 0.371878 0.044230
v -1.085056 0.366597 -0.000597
v -1.085056 0.366599 -0.000597
v -1.086549 0.366597 -0.000597
v -1.086549 0.366599 -0.000597
v -1.086549 0.366597 0.000597
v -1.086549 0.366599 0.000597
v -1.085056 0.366597 0.000597
v -1.085056 0.366599 0.000597
v -1.268100 -0.016108 -0.019154
v -1.268100 -0.016194 -0.019154
v -1.218466 -0.016114 -0.019154
v -1.218466 -0.016188 -0.019154
v -1.218466 -0.016108 0.019154
v -1.218466 -0.016194 0.019154
v -1.268100 -0.016114 0.019154
v -1.268100 -0.016188 0.019154
v -1.067945 0.360223 -0.008413
v -1.067945 0.360277 -0.008413
v -1.105046 0.360227 -0.008413
v -1.105046 0.360273 -0.008413
v -1.105046 0.360223 0.008413
v -1.105046 0.360277 0.008413
v -1.067945 0.360227 0.008413
v -1.067945 0.360273 0.008413
v -0.083597 0.365637 -0.043233
v -0.083597 0.365679 -0.043233
v -0.097312 0.365641 -0.043233
v -0.097312 0.365675 -0.043233
v -0.083597 0.365636 -0.027512
v -0.083597 0.365680 -0.027512
v -0.116455 0.365633 -0.027512
v -0.116455 0.365683 -0.027512
v -0.116455 0.365637 -0.058954
v -0.116455 0.365679 -0.058954
v -0.097312 0.365643 -0.058954
v -0.097312 0.365673 -0.058954
v -0.051460 0.365639 -0.027512
v -0.051460 0.365677 -0.027512
v -0.051460 0.365644 -0.043233
v -0.051460 0.365672 -0.043233
v -0.047568 0.365641 -0.027512
v -0.047564 0.365675 -0.027512
v -0.047569 0.365635 -0.043233
v -0.047563 0.365681 -0.043233
v -0.013281 0.339534 -0.027512
v -0.013245 0.339582 -0.027512
v -0.013278 0.339538 -0.043233
v -0.013248 0.339578 -0.043233
v -0.116455 0.365637 0.058954
v -0.116455 0.365679 0.058954
v -0.097312 0.365641 0.043233
v -0.097312 0.365675 0.043233
v -0.116455 0.365633 0.027512
v -0.116455 0.365683 0.027512
v -0.097312 0.365643 0.058954
v -0.097312 0.365673 0.058954
v -0.083597 0.365635 0.027512
v -0.083597 0.365681 0.027512
v -0.083597 0.365641 0.043233
v -0.083597 0.365675 0.043233
v -0.051460 0.365639 0.043233
v -0.051460 0.365677 0.043233
v -0.051460 0.365644 0.027512
v -0.051460 0.365672 0.027512
v -0.047568 0.365641 0.043233
v -0.047564 0.365675 0.043233
v -0.047569 0.365635 0.027512
v -0.047563 0.365681 0.027512
v -0.013281 0.339534 0.043233
v -0.013245 0.339582 0.043233
v -0.013278 0.339538 0.027512
v -0.013248 0.339578 0.027512
v -0.124122 0.359298 -0.027644
v -0.124122 0.359546 -0.027644
v 0.050804 0.359378 -0.011390
v 0.050804 0.359466 -0.011390
v 0.050804 0.359341 -0.027644
v 0.050804 0.359503 -0.027644
v 0.050804 0.359352 0.011390
v 0.050804 0.359492 0.011390
v -0.124122 0.359307 0.027644
v -0.124122 0.359537 0.027644
v 0.050804 0.359341 0.027644
v 0.050804 0.359503 0.027644
v 0.068657 0.359402 0.011390
v 0.068657 0.359442 0.011390
v 0.068657 0.359405 -0.011390
v 0.068657 0.359439 -0.011390
v 0.188730 -0.078257 -0.072886
v 0.188788 -0.078673 -0.072886
v 0.330735 0.001759 -0.072886
v 0.330797 0.001311 -0.072886
v 0.188734 -0.078286 0.072886
v 0.188784 -0.078644 0.072886
v 0.330739 0.001731 0.072886
v 0.330793 0.001339 0.072886
v 0.718984 0.001804 0.072886
v 0.718984 0.001266 0.072886
v 0.718984 0.001762 -0.072886
v 0.718984 0.001308 -0.072886
v -0.135639 -0.078266 0.072886
v -0.135701 -0.078664 0.072886
v -0.135645 -0.078300 -0.072886
v -0.135695 -0.078630 -0.072886
v -0.230070 0.001683 0.072886
v -0.230116 0.001387 0.072886
v -0.230067 0.001702 -0.072886
v -0.230119 0.001368 -0.072886
v -0.473434 0.001686 0.072886
v -0.473484 0.001384 0.072886
v -0.473438 0.001662 -0.072886
v -0.473480 0.001408 -0.072886
v -0.513433 0.055280 -0.072886
v -0.513487 0.054956 -0.072886
v -0.513437 0.055255 0.072886
v -0.513483 0.054981 0.072886
v -0.792352 0.055327 0.072886
v -0.792352 0.054909 0.072886
v -0.792352 0.055298 -0.072886
v -0.792352 0.054938 -0.072886
v 0.027250 0.364696 -0.056271
v 0.027230 0.364724 -0.056271
v 0.037603 0.368985 -0.027789
v 0.037603 0.369019 -0.027789
v 0.037603 0.368985 -0.056271
v 0.037603 0.369019 -0.056271
v 0.047954 0.364696 -0.027789
v 0.047974 0.364724 -0.027789
v 0.027250 0.364696 -0.027789
v 0.027230 0.364724 -0.027789
v 0.047954 0.364696 -0.056271
v 0.047974 0.364724 -0.056271
v 0.022966 0.354347 -0.056271
v 0.022930 0.354349 -0.056271
v 0.052239 0.354347 -0.027789
v 0.052275 0.354349 -0.027789
v 0.022967 0.354347 -0.027789
v 0.022929 0.354349 -0.027789
v 0.027261 0.339238 -0.056271
v 0.027219 0.339226 -0.056271
v 0.027258 0.339237 -0.027789
v 0.027222 0.339227 -0.027789
v 0.052238 0.354347 -0.056271
v 0.052276 0.354349 -0.056271
v 0.047943 0.339238 -0.027789
v 0.047985 0.339226 -0.027789
v 0.047946 0.339237 -0.056271
v 0.047982 0.339227 -0.056271
v 0.037603 0.368985 0.027789
v 0.037603 0.369019 0.027789
v 0.047954 0.364696 0.056271
v 0.047974 0.364724 0.056271
v 0.047954 0.364696 0.027789
v 0.047974 0.364724 0.027789
v 0.052239 0.354347 0.056271
v 0.052275 0.354349 0.056271
v 0.037603 0.368985 0.056271
v 0.037603 0.369019 0.056271
v 0.052238 0.354347 0.027789
v 0.052276 0.354349 0.027789
v 0.047943 0.339238 0.056271
v 0.047985 0.339226 0.056271
v 0.047946 0.339237 0.027789
v 0.047982 0.339227 0.027789
v 0.027250 0.364696 0.027789
v 0.027230 0.364724 0.027789
v 0.027250 0.364696 0.056271
v 0.027230 0.364724 0.056271
v 0.022966 0.354347 0.027789
v 0.022930 0.354349 0.027789
v 0.022967 0.354347 0.056271
v 0.022929 0.354349 0.056271
v 0.027261 0.339238 0.027789
v 0.027219 0.339226 0.027789
v 0.027258 0.339237 0.056271
v 0.027222 0.339227 0.056271
v -1.367368 -0.005604 -0.019154
v -1.367368 -0.005690 -0.019154
v -1.317734 -0.005610 -0.019154
v -1.317734 -0.005684 -0.019154
v -1.317734 -0.005604 0.019154
v -1.317734 -0.005690 0.019154
v -1.367368 -0.005610 0.019154
v -1.367368 -0.005684 0.019154
v -1.041211 0.198060 -0.008366
v -1.041225 0.198104 -0.008462
v -0.962951 0.238768 -0.011953
v -0.962977 0.238810 -0.012047
v -1.039435 0.190895 -0.011959
v -1.039439 0.190935 -0.012041
v -0.964434 0.245940 -0.008377
v -0.964454 0.245972 -0.008451
v -1.103434 0.190899 -0.011965
v -1.103442 0.190931 -0.012035
v -1.105215 0.198064 -0.008376
v -1.105219 0.198100 -0.008452
v -1.144356 0.169235 -0.011968
v -1.144370 0.169263 -0.012032
v -1.173208 0.162064 -0.008373
v -1.173228 0.162100 -0.008455
v 0.718984 0.016086 -0.086683
v 0.718984 0.015770 -0.087009
v 0.330739 0.001662 -0.072747
v 0.330793 0.001408 -0.073025
v 0.326958 0.016116 -0.086728
v 0.326982 0.015894 -0.086964
v 0.718984 0.001656 -0.072761
v 0.718984 0.001414 -0.073011
v 0.184943 -0.063902 -0.086744
v 0.184983 -0.064088 -0.086948
v 0.188746 -0.078345 -0.072758
v 0.188772 -0.078585 -0.073014
v -0.129568 -0.063896 -0.086732
v -0.129618 -0.064094 -0.086960
v -0.135659 -0.078375 -0.072788
v -0.135681 -0.078555 -0.072984
v -0.230072 0.001617 -0.072792
v -0.230114 0.001453 -0.072980
v -0.224007 0.016079 -0.086766
v -0.224025 0.015931 -0.086926
v -0.466185 0.016073 -0.086765
v -0.466225 0.015937 -0.086927
v -0.473451 0.001598 -0.072817
v -0.473467 0.001472 -0.072955
v -0.513438 0.055194 -0.072796
v -0.513482 0.055042 -0.072976
v -0.506231 0.069645 -0.086769
v -0.506249 0.069505 -0.086923
v -0.785133 0.069688 -0.086729
v -0.785133 0.069462 -0.086963
v -0.792352 0.055207 -0.072794
v -0.792352 0.055029 -0.072978
v -0.964434 0.245940 0.008377
v -0.964454 0.245972 0.008451
v -1.041211 0.198060 0.008366
v -1.041225 0.198104 0.008462
v -0.962951 0.238768 0.011953
v -0.962977 0.238810 0.012047
v -1.039435 0.190895 0.011959
v -1.039439 0.190935 0.012041
v -1.103434 0.190899 0.011965
v -1.103442 0.190931 0.012035
v -1.105215 0.198064 0.008376
v -1.105219 0.198100 0.008452
v -1.144356 0.169235 0.011968
v -1.144370 0.169263 0.012032
v -1.173208 0.162064 0.008373
v -1.173228 0.162100 0.008455
v 0.330739 0.001662 0.072747
v 0.330793 0.001408 0.073025
v 0.718984 0.001656 0.072761
v 0.718984 0.001414 0.073011
v 0.718984 0.016086 0.086683
v 0.718984 0.015770 0.087009
v 0.326958 0.016116 0.086728
v 0.326982 0.015894 0.086964
v 0.184943 -0.063902 0.086744
v 0.184983 -0.064088 0.086948
v 0.188746 -0.078345 0.072758
v 0.188772 -0.078585 0.073014
v -0.129568 -0.063896 0.086732
v -0.129618 -0.064094 0.086960
v -0.135659 -0.078375 0.072788
v -0.135681 -0.078555 0.072984
v -0.230072 0.001617 0.072792
v -0.230114 0.001453 0.072980
v -0.224007 0.016079 0.086766
v -0.224025 0.015931 0.086926
v -0.466185 0.016073 0.086765
v -0.466225 0.015937 0.086927
v -0.473451 0.001598 0.072817
v -0.473467 0.001472 0.072955
v -0.513438 0.055194 0.072796
v -0.513482 0.055042 0.072976
v -0.506231 0.069645 0.086769
v -0.506249 0.069505 0.086923
v -0.785133 0.069688 0.086729
v -0.785133 0.069462 0.086963
v -0.792352 0.055207 0.072794
v -0.792352 0.055029 0.072978
v 0.020158 0.349055 -0.027512
v 0.020158 0.349101 -0.027512
v 0.059132 0.349051 -0.027512
v 0.059132 0.349105 -0.027512
v 0.020158 0.349051 -0.043233
v 0.020158 0.349105 -0.043233
v 0.059132 0.349055 -0.043233
v 0.059132 0.349101 -0.043233
v 0.020158 0.349055 0.043233
v 0.020158 0.349101 0.043233
v 0.059132 0.349051 0.043233
v 0.059132 0.349105 0.043233
v 0.020158 0.349051 0.027512
v 0.020158 0.349105 0.027512
v 0.059132 0.349055 0.027512
v 0.059132 0.349101 0.027512
v -0.063008 0.339517 -0.043233
v -0.063008 0.339599 -0.043233
v 0.048926 0.339481 -0.058954
v 0.048926 0.339635 -0.058954
v -0.063008 0.339504 -0.058954
v -0.063008 0.339612 -0.058954
v -0.063008 0.339493 -0.027512
v -0.063008 0.339623 -0.027512
v 0.064199 0.339477 -0.043233
v 0.064199 0.339639 -0.043233
v -0.125887 0.339501 0.027512
v -0.125887 0.339615 0.027512
v -0.125887 0.339508 -0.027512
v -0.125887 0.339608 -0.027512
v -0.063008 0.339484 0.027512
v -0.063008 0.339632 0.027512
v 0.064199 0.339491 0.043233
v 0.064199 0.339625 0.043233
v 0.048926 0.339481 0.058954
v 0.048926 0.339635 0.058954
v -0.063008 0.339517 0.043233
v -0.063008 0.339599 0.043233
v -0.063008 0.339504 0.058954
v -0.063008 0.339612 0.058954
v 0.769018 0.248221 -0.084975
v 0.769088 0.248247 -0.085053
v 0.722577 0.299786 -0.084711
v 0.722729 0.300338 -0.085318
v 0.731687 0.315278 -0.069020
v 0.731729 0.315610 -0.069362
v 0.784395 0.252198 -0.069145
v 0.784475 0.252236 -0.069237
v 0.769012 0.163916 -0.084974
v 0.769094 0.163916 -0.085054
v 0.784395 0.148534 -0.069152
v 0.784475 0.148534 -0.069230
v -0.209298 0.315213 -0.068948
v -0.209198 0.315675 -0.069436
v -0.215397 0.299862 -0.084811
v -0.215351 0.300262 -0.085217
v -0.257239 0.325474 -0.084962
v -0.257217 0.325572 -0.085066
v -0.251112 0.340828 -0.069112
v -0.251094 0.340984 -0.069272
v -0.472458 0.325466 -0.084947
v -0.472494 0.325580 -0.085081
v -0.483575 0.340849 -0.069131
v -0.483591 0.340963 -0.069253
v -0.499565 0.306723 -0.069131
v -0.499601 0.306879 -0.069253
v -0.486425 0.297500 -0.084964
v -0.486447 0.297642 -0.085064
v -0.741235 0.297444 -0.084940
v -0.741235 0.297698 -0.085088
v -0.754381 0.306699 -0.069133
v -0.754381 0.306903 -0.069251
v 0.731687 0.315278 0.069020
v 0.731729 0.315610 0.069362
v 0.769018 0.248221 0.084975
v 0.769088 0.248247 0.085053
v 0.784395 0.252198 0.069145
v 0.784475 0.252236 0.069237
v 0.769012 0.163916 0.084974
v 0.769094 0.163916 0.085054
v 0.784395 0.148534 0.069152
v 0.784475 0.148534 0.069230
v 0.722577 0.299786 0.084710
v 0.722729 0.300338 0.085317
v -0.209298 0.315213 0.068946
v -0.209198 0.315675 0.069434
v -0.215397 0.299862 0.084811
v -0.215351 0.300262 0.085217
v -0.257239 0.325474 0.084962
v -0.257217 0.325572 0.085066
v -0.251112 0.340829 0.069110
v -0.251094 0.340985 0.069270
v -0.472460 0.325466 0.084947
v -0.472496 0.325580 0.085081
v -0.483575 0.340850 0.069129
v -0.483591 0.340964 0.069251
v -0.499565 0.306723 0.069129
v -0.499601 0.306879 0.069251
v -0.486425 0.297500 0.084964
v -0.486447 0.297642 0.085064
v -0.741235 0.297444 0.084940
v -0.741235 0.297698 0.085088
v -0.754381 0.306699 0.069131
v -0.754381 0.306903 0.069249
v 0.784317 0.148534 -0.069191
v 0.784553 0.148534 -0.069191
v 0.784350 0.252182 -0.069191
v 0.784520 0.252252 -0.069191
v 0.784332 0.252174 0.069191
v 0.784538 0.252260 0.069191
v 0.784332 0.148534 0.069191
v 0.784538 0.148534 0.069191
v 0.731645 0.315063 -0.069191
v 0.731771 0.315825 -0.069191
v 0.731655 0.315119 0.069191
v 0.731761 0.315769 0.069191
v -0.209301 0.315069 0.069190
v -0.209195 0.315819 0.069190
v -0.209293 0.315127 -0.069192
v -0.209203 0.315761 -0.069192
v -0.251120 0.340787 -0.069192
v -0.251086 0.341025 -0.069192
v -0.251123 0.340762 0.069190
v -0.251083 0.341052 0.069190
v -0.483559 0.340768 -0.069192
v -0.483607 0.341044 -0.069192
v -0.483563 0.340793 0.069190
v -0.483603 0.341021 0.069190
v -0.499558 0.306656 0.069190
v -0.499608 0.306946 0.069190
v -0.499562 0.306681 -0.069192
v -0.499604 0.306921 -0.069192
v -0.754381 0.306607 -0.069192
v -0.754381 0.306995 -0.069192
v -0.754381 0.306634 0.069190
v -0.754381 0.306968 0.069190
v 0.068614 0.349083 0.044230
v 0.068700 0.349083 0.044230
v 0.068630 0.359422 -0.011390
v 0.068684 0.359422 -0.011390
v 0.068635 0.359422 0.011390
v 0.068679 0.359422 0.011390
v 0.068631 0.371862 0.044230
v 0.068683 0.371862 0.044230
v 0.068638 0.371862 0.011390
v 0.068676 0.371862 0.011390
v 0.068616 0.349083 -0.044230
v 0.068698 0.349083 -0.044230
v 0.068631 0.371862 -0.044230
v 0.068683 0.371862 -0.044230
v 0.068638 0.371862 -0.011390
v 0.068676 0.371862 -0.011390
v -0.097330 0.365634 -0.058954
v -0.097294 0.365682 -0.058954
v -0.063026 0.339534 -0.043233
v -0.062990 0.339582 -0.043233
v -0.063023 0.339538 -0.058954
v -0.062993 0.339578 -0.058954
v -0.097327 0.365638 -0.043233
v -0.097297 0.365678 -0.043233
v -0.097330 0.365634 0.043233
v -0.097294 0.365682 0.043233
v -0.063026 0.339534 0.058954
v -0.062990 0.339582 0.058954
v -0.063023 0.339538 0.043233
v -0.062993 0.339578 0.043233
v -0.097327 0.365638 0.058954
v -0.097297 0.365678 0.058954
v 0.059119 0.338945 0.027512
v 0.059145 0.338945 0.027512
v 0.059121 0.349078 0.027512
v 0.059143 0.349078 0.027512
v 0.059119 0.349078 0.043233
v 0.059145 0.349078 0.043233
v 0.059121 0.338945 0.043233
v 0.059143 0.338945 0.043233
v 0.059119 0.338945 -0.043233
v 0.059145 0.338945 -0.043233
v 0.059121 0.349078 -0.043233
v 0.059143 0.349078 -0.043233
v 0.059119 0.349078 -0.027512
v 0.059145 0.349078 -0.027512
v 0.059121 0.338945 -0.027512
v 0.059143 0.338945 -0.027512
v 0.822985 0.001848 -0.117310
v 0.822985 0.001848 -0.117530
v 0.822985 0.165184 -0.117332
v 0.822985 0.165184 -0.117508
v 0.855103 0.126537 -0.117308
v 0.855103 0.126537 -0.117532
v 0.727499 0.164987 -0.117293
v 0.727499 0.164987 -0.117547
v 0.727499 0.001699 -0.117310
v 0.727499 0.001699 -0.117530
v 0.872404 0.050411 -0.117331
v 0.872404 0.050411 -0.117509
v 1.037909 0.050859 -0.117265
v 1.037909 0.050859 -0.117575
v 1.059448 0.126839 -0.117271
v 1.059448 0.126839 -0.117569
v 1.244792 -0.032084 -0.117296
v 1.244792 -0.032084 -0.117544
v 1.223464 -0.107711 -0.117300
v 1.223464 -0.107711 -0.117540
v 1.322748 -0.107136 -0.117352
v 1.322748 -0.107136 -0.117488
v 1.322748 -0.032329 -0.117368
v 1.322748 -0.032329 -0.117472
v 1.354748 -0.032744 -0.117360
v 1.354748 -0.032744 -0.117480
v 1.354748 -0.130348 -0.117336
v 1.354748 -0.130348 -0.117504
v 1.426634 -0.033359 -0.117343
v 1.426634 -0.033359 -0.117497
v 1.491521 -0.129863 -0.117333
v 1.491521 -0.129863 -0.117507
v 1.520125 -0.085854 -0.117314
v 1.520125 -0.085854 -0.117526
v 1.437109 0.004436 -0.117326
v 1.437109 0.004436 -0.117514
v 1.519330 0.131497 -0.117314
v 1.519330 0.131497 -0.117526
v 1.438089 0.131497 -0.117341
v 1.438089 0.131497 -0.117499
v 1.518805 0.182163 -0.117342
v 1.518805 0.182163 -0.117498
v 1.391329 0.182163 -0.117350
v 1.391329 0.182163 -0.117490
v 1.391730 0.232830 -0.117340
v 1.391730 0.232830 -0.117500
v 1.518505 0.232830 -0.117357
v 1.518505 0.232830 -0.117483
v 1.443221 0.268722 -0.117357
v 1.443221 0.268722 -0.117483
v 1.518408 0.268722 -0.117373
v 1.518408 0.268722 -0.117467
v 0.822985 0.001848 0.117310
v 0.822985 0.001848 0.117530
v 0.855103 0.126537 0.117308
v 0.855103 0.126537 0.117532
v 0.822985 0.165184 0.117332
v 0.822985 0.165184 0.117508
v 0.727499 0.164987 0.117293
v 0.727499 0.164987 0.117547
v 0.727499 0.001699 0.117310
v 0.727499 0.001699 0.117530
v 0.872404 0.050411 0.117331
v 0.872404 0.050411 0.117509
v 1.037909 0.050859 0.117265
v 1.037909 0.050859 0.117575
v 1.059448 0.126839 0.117271
v 1.059448 0.126839 0.117569
v 1.244792 -0.032084 0.117296
v 1.244792 -0.032084 0.117544
v 1.223464 -0.107711 0.117300
v 1.223464 -0.107711 0.117540
v 1.322748 -0.107136 0.117352
v 1.322748 -0.107136 0.117488
v 1.322748 -0.032329 0.117368
v 1.322748 -0.032329 0.117472
v 1.354748 -0.032744 0.117360
v 1.354748 -0.032744 0.117480
v 1.354748 -0.130348 0.117336
v 1.354748 -0.130348 0.117504
v 1.426634 -0.033359 0.117343
v 1.426634 -0.033359 0.117497
v 1.491521 -0.129863 0.117333
v 1.491521 -0.129863 0.117507
v 1.520125 -0.085854 0.117314
v 1.520125 -0.085854 0.117526
v 1.437109 0.004436 0.117326
v 1.437109 0.004436 0.117514
v 1.519330 0.131497 0.117314
v 1.519330 0.131497 0.117526
v 1.438089 0.131497 0.117341
v 1.438089 0.131497 0.117499
v 1.518805 0.182163 0.117342
v 1.518805 0.182163 0.117498
v 1.391329 0.182163 0.117350
v 1.391329 0.182163 0.117490
v 1.391730 0.232830 0.117340
v 1.391730 0.232830 0.117500
v 1.518505 0.232830 0.117357
v 1.518505 0.232830 0.117483
v 1.443221 0.268722 0.117357
v 1.443221 0.268722 0.117483
v 1.518408 0.268722 0.117373
v 1.518408 0.268722 0.117467
v 0.011175 0.241150 0.071881
v 0.011229 0.241150 0.071913
v 0.011181 0.282523 0.071884
v 0.011223 0.282523 0.071910
v 0.003270 0.290082 0.084996
v 0.003330 0.290082 0.085032
v 0.003273 0.233591 0.084998
v 0.003327 0.233591 0.085030
v 0.013813 0.244148 0.058658
v 0.013863 0.244148 0.058668
v 0.013817 0.279524 0.058659
v 0.013859 0.279524 0.058667
v 0.011175 0.282523 0.071892
v 0.011229 0.282523 0.071902
v 0.011179 0.241150 0.071892
v 0.011225 0.241150 0.071902
v 0.206672 0.233391 0.084899
v 0.206672 0.233791 0.085129
v 0.011202 0.240966 0.071791
v 0.011202 0.241334 0.072003
v 0.003300 0.233510 0.084967
v 0.003300 0.233672 0.085061
v 0.546731 0.240931 0.071771
v 0.546731 0.241369 0.072023
v 0.554631 0.233457 0.084936
v 0.554631 0.233725 0.085092
v 0.856936 0.267979 -0.088333
v 0.856936 0.267979 -0.088799
v 0.856936 0.152184 -0.088399
v 0.856936 0.152184 -0.088733
v 0.806423 0.210082 -0.088501
v 0.806423 0.210082 -0.088631
v 1.254689 0.152184 -0.088339
v 1.254689 0.152184 -0.088793
v 1.346107 0.267979 -0.088370
v 1.346107 0.267979 -0.088762
v 1.346107 0.212459 -0.088496
v 1.346107 0.212459 -0.088636
v -0.224016 0.016005 -0.086734
v -0.224016 0.016005 -0.086958
v -0.141749 0.014231 -0.086714
v -0.141749 0.014231 -0.086978
v -0.129593 -0.063995 -0.086666
v -0.129593 -0.063995 -0.087026
v 0.192554 0.014231 -0.086669
v 0.192554 0.014231 -0.087023
v -0.236172 0.094231 -0.086628
v -0.236172 0.094231 -0.087064
v 0.184963 -0.063995 -0.086688
v 0.184963 -0.063995 -0.087004
v -0.466205 0.016005 -0.086690
v -0.466205 0.016005 -0.087002
v 0.326970 0.016005 -0.086692
v 0.326970 0.016005 -0.087000
v -0.506240 0.069575 -0.086652
v -0.506240 0.069575 -0.087040
v -0.803494 0.094231 -0.086592
v -0.803494 0.094231 -0.087100
v -0.785133 0.069575 -0.086714
v -0.785133 0.069575 -0.086978
v 0.334561 0.094231 -0.086747
v 0.334561 0.094231 -0.086945
v 0.443392 0.094231 -0.086717
v 0.443392 0.094231 -0.086975
v 0.718984 0.015928 -0.086621
v 0.718984 0.015928 -0.087071
v 0.496984 0.140159 -0.086691
v 0.496984 0.140159 -0.087001
v 0.718984 0.140235 -0.086699
v 0.718984 0.140235 -0.086993
v 1.346107 0.267979 0.088370
v 1.346107 0.267979 0.088762
v 1.254689 0.152184 0.088339
v 1.254689 0.152184 0.088793
v 1.346107 0.212459 0.088496
v 1.346107 0.212459 0.088636
v 0.856936 0.267979 0.088333
v 0.856936 0.267979 0.088799
v 0.856936 0.152184 0.088399
v 0.856936 0.152184 0.088733
v 0.806423 0.210082 0.088501
v 0.806423 0.210082 0.088631
v -0.459303 0.115916 -0.084900
v -0.459303 0.115916 -0.085128
v -0.486436 0.297571 -0.084881
v -0.486436 0.297571 -0.085147
v -0.385726 0.227916 -0.084822
v -0.385726 0.227916 -0.085206
v -0.542276 0.115916 -0.084845
v -0.542276 0.115916 -0.085183
v -0.741235 0.297571 -0.084812
v -0.741235 0.297571 -0.085216
v -0.797075 0.115916 -0.084825
v -0.797075 0.115916 -0.085203
v -0.472476 0.325523 -0.084907
v -0.472476 0.325523 -0.085121
v -0.257228 0.325523 -0.084893
v -0.257228 0.325523 -0.085135
v -0.215374 0.300062 -0.084667
v -0.215374 0.300062 -0.085361
v 0.238768 0.227916 -0.084676
v 0.238768 0.227916 -0.085352
v 0.722653 0.300062 -0.084691
v 0.722653 0.300062 -0.085337
v 0.498745 0.163916 -0.084837
v 0.498745 0.163916 -0.085191
v 0.336761 0.117988 -0.084894
v 0.336761 0.117988 -0.085134
v 0.445153 0.117988 -0.084938
v 0.445153 0.117988 -0.085090
v 0.769053 0.163916 -0.084873
v 0.769053 0.163916 -0.085155
v 0.769053 0.248234 -0.084949
v 0.769053 0.248234 -0.085079
v -0.506240 0.069575 0.086652
v -0.506240 0.069575 0.087040
v -0.803494 0.094231 0.086592
v -0.803494 0.094231 0.087100
v -0.785133 0.069575 0.086714
v -0.785133 0.069575 0.086978
v -0.236172 0.094231 0.086628
v -0.236172 0.094231 0.087064
v -0.466205 0.016005 0.086690
v -0.466205 0.016005 0.087002
v -0.224016 0.016005 0.086734
v -0.224016 0.016005 0.086958
v -0.141749 0.014231 0.086714
v -0.141749 0.014231 0.086978
v -0.129593 -0.063995 0.086666
v -0.129593 -0.063995 0.087026
v 0.192554 0.014231 0.086669
v 0.192554 0.014231 0.087023
v 0.184963 -0.063995 0.086688
v 0.184963 -0.063995 0.087004
v 0.326970 0.016005 0.086692
v 0.326970 0.016005 0.087000
v 0.334561 0.094231 0.086747
v 0.334561 0.094231 0.086945
v 0.443392 0.094231 0.086717
v 0.443392 0.094231 0.086975
v 0.718984 0.015928 0.086621
v 0.718984 0.015928 0.087071
v 0.496984 0.140159 0.086691
v 0.496984 0.140159 0.087001
v 0.718984 0.140235 0.086699
v 0.718984 0.140235 0.086993
v -0.459303 0.115916 0.084900
v -0.459303 0.115916 0.085128
v -0.486436 0.297571 0.084881
v -0.486436 0.297571 0.085147
v -0.542276 0.115916 0.084845
v -0.542276 0.115916 0.085183
v -0.741235 0.297571 0.084812
v -0.741235 0.297571 0.085216
v -0.797075 0.115916 0.084825
v -0.797075 0.115916 0.085203
v -0.385726 0.227916 0.084802
v -0.385726 0.227916 0.085226
v -0.472478 0.325523 0.084907
v -0.472478 0.325523 0.085121
v -0.257228 0.325523 0.084893
v -0.257228 0.325523 0.085135
v -0.215374 0.300062 0.084739
v -0.215374 0.300062 0.085289
v 0.003300 0.233591 0.084825
v 0.003300 0.233591 0.085203
v 0.003300 0.290082 0.084685
v 0.003300 0.290082 0.085343
v 0.238768 0.227916 0.084784
v 0.238768 0.227916 0.085244
v 0.206672 0.233591 0.084849
v 0.206672 0.233591 0.085179
v 0.722653 0.300062 0.084699
v 0.722653 0.300062 0.085328
v 0.554631 0.290082 0.084794
v 0.554631 0.290082 0.085234
v 0.554631 0.233591 0.084842
v 0.554631 0.233591 0.085186
v 0.498745 0.163916 0.084867
v 0.498745 0.163916 0.085161
v 0.336761 0.117988 0.084894
v 0.336761 0.117988 0.085134
v 0.445153 0.117988 0.084938
v 0.445153 0.117988 0.085090
v 0.769053 0.163916 0.084860
v 0.769053 0.163916 0.085168
v 0.769053 0.248234 0.084949
v 0.769053 0.248234 0.085079
v 0.544093 0.243850 0.058595
v 0.544093 0.244446 0.058730
v 0.011202 0.240851 0.071829
v 0.011202 0.241449 0.071965
v 0.546731 0.240922 0.071845
v 0.546731 0.241378 0.071949
v 0.013838 0.243922 0.058612
v 0.013838 0.244374 0.058714
v -1.028168 0.230897 0.022427
v -1.028168 0.230829 0.022495
v -1.115839 0.230897 0.022427
v -1.115839 0.230829 0.022495
v -1.028168 0.221608 0.000002
v -1.028168 0.221512 0.000002
v -1.115839 0.221608 0.000002
v -1.115839 0.221512 0.000002
v -1.115839 0.253322 0.031715
v -1.115839 0.253322 0.031811
v -1.028168 0.230897 -0.022423
v -1.028168 0.230829 -0.022491
v -1.028168 0.253322 0.031715
v -1.028168 0.253322 0.031811
v -1.115839 0.230897 -0.022423
v -1.115839 0.230829 -0.022491
v -1.115839 0.275746 0.022427
v -1.115839 0.275814 0.022495
v -1.028168 0.253322 -0.031711
v -1.028168 0.253322 -0.031807
v -1.028168 0.275746 0.022427
v -1.028168 0.275814 0.022495
v -1.115839 0.253322 -0.031711
v -1.115839 0.253322 -0.031807
v -1.115839 0.285035 0.000002
v -1.115839 0.285131 0.000002
v -1.028168 0.275746 -0.022423
v -1.028168 0.275814 -0.022491
v -1.028168 0.285035 0.000002
v -1.028168 0.285131 0.000002
v -1.115839 0.275746 -0.022423
v -1.115839 0.275814 -0.022491
v -0.097312 0.365658 0.058925
v -0.097312 0.365658 0.058983
v -0.125887 0.339558 0.058919
v -0.125887 0.339558 0.058989
v -0.063008 0.339558 0.058885
v -0.063008 0.339558 0.059023
v -0.116455 0.365658 0.058934
v -0.116455 0.365658 0.058974
v -0.125887 0.302712 0.058873
v -0.125887 0.302712 0.059035
v 0.048914 0.302712 0.058880
v 0.048938 0.302712 0.059028
v 0.048919 0.339558 0.058909
v 0.048933 0.339558 0.058999
v 0.064156 0.302712 0.043212
v 0.064242 0.302712 0.043254
v 0.064162 0.339558 0.043215
v 0.064236 0.339558 0.043251
v 0.064156 0.339558 -0.043212
v 0.064242 0.339558 -0.043254
v 0.064162 0.302712 -0.043215
v 0.064236 0.302712 -0.043251
v 0.048905 0.302712 -0.058934
v 0.048947 0.302712 -0.058974
v 0.048908 0.339558 -0.058937
v 0.048944 0.339558 -0.058971
v 0.233016 0.212665 -0.069051
v 0.232944 0.212403 -0.069333
v 0.336778 0.118049 -0.084949
v 0.336744 0.117927 -0.085080
v 0.330979 0.102663 -0.069134
v 0.330965 0.102549 -0.069250
v 0.450837 0.102655 -0.069141
v 0.450849 0.102557 -0.069241
v 0.238794 0.228125 -0.084801
v 0.238742 0.227707 -0.085227
v 0.445143 0.118027 -0.084973
v 0.445163 0.117949 -0.085055
v -0.378587 0.212703 -0.069005
v -0.378487 0.212365 -0.069379
v 0.504413 0.148615 -0.069105
v 0.504454 0.148453 -0.069277
v -0.385746 0.228070 -0.084856
v -0.385706 0.227762 -0.085172
v 0.498736 0.163988 -0.084941
v 0.498754 0.163844 -0.085087
v 0.769053 0.164030 -0.084903
v 0.769053 0.163802 -0.085125
v 0.784435 0.148628 -0.069100
v 0.784435 0.148440 -0.069282
v -0.459318 0.115967 -0.084957
v -0.459288 0.115865 -0.085071
v -0.452122 0.100587 -0.069137
v -0.452108 0.100481 -0.069247
v -0.542276 0.115986 -0.084946
v -0.542276 0.115846 -0.085082
v -0.563583 0.100630 -0.069098
v -0.563583 0.100438 -0.069286
v -0.797075 0.116022 -0.084911
v -0.797075 0.115810 -0.085117
v -0.818382 0.100621 -0.069107
v -0.818382 0.100447 -0.069277
v -0.116431 0.365649 -0.058954
v -0.116479 0.365667 -0.058954
v -0.125858 0.339553 -0.058954
v -0.125916 0.339563 -0.058954
v -0.116428 0.365648 -0.027512
v -0.116482 0.365668 -0.027512
v -0.125844 0.339553 -0.027512
v -0.125930 0.339563 -0.027512
v -0.125829 0.302712 -0.058954
v -0.125945 0.302712 -0.058954
v -0.125824 0.302712 0.058954
v -0.125950 0.302712 0.058954
v -0.125852 0.339554 0.027512
v -0.125922 0.339562 0.027512
v -0.125860 0.339553 0.058954
v -0.125914 0.339563 0.058954
v -0.116428 0.365648 0.058954
v -0.116482 0.365668 0.058954
v -0.116431 0.365649 0.027512
v -0.116479 0.365667 0.027512
v 0.048926 0.302712 -0.058861
v 0.048926 0.302712 -0.059047
v -0.125887 0.302712 -0.058873
v -0.125887 0.302712 -0.059035
v -0.063008 0.339558 -0.058885
v -0.063008 0.339558 -0.059023
v 0.048926 0.339558 -0.058891
v 0.048926 0.339558 -0.059017
v -0.125887 0.339558 -0.058919
v -0.125887 0.339558 -0.058989
v -0.097312 0.365658 -0.058925
v -0.097312 0.365658 -0.058983
v -0.116455 0.365658 -0.058934
v -0.116455 0.365658 -0.058974
v 0.568093 -0.331504 -0.059615
v 0.568093 -0.331504 -0.059947
v 0.558098 -0.373736 -0.059714
v 0.558098 -0.373736 -0.059848
v 0.551426 -0.358501 -0.059760
v 0.551426 -0.358501 -0.059802
v 0.729084 -0.333289 -0.059579
v 0.729084 -0.333289 -0.059983
v 0.639003 0.030896 -0.059526
v 0.639003 0.030896 -0.060036
v 0.484403 0.030896 -0.059557
v 0.484403 0.030896 -0.060005
v 0.450837 0.102655 0.069141
v 0.450849 0.102557 0.069241
v 0.336778 0.118049 0.084948
v 0.336744 0.117927 0.085079
v 0.330979 0.102663 0.069132
v 0.330965 0.102549 0.069248
v 0.233016 0.212665 0.069049
v 0.232944 0.212403 0.069331
v 0.445143 0.118027 0.084973
v 0.445163 0.117949 0.085055
v 0.238794 0.228125 0.084801
v 0.238742 0.227707 0.085227
v 0.504413 0.148615 0.069105
v 0.504454 0.148453 0.069277
v -0.378587 0.212703 0.069003
v -0.378487 0.212365 0.069377
v 0.498736 0.163988 0.084941
v 0.498754 0.163844 0.085087
v 0.769053 0.164030 0.084903
v 0.769053 0.163802 0.085125
v 0.784435 0.148628 0.069100
v 0.784435 0.148440 0.069282
v -0.385746 0.228070 0.084856
v -0.385706 0.227762 0.085172
v -0.459318 0.115967 0.084957
v -0.459288 0.115865 0.085071
v -0.452122 0.100587 0.069135
v -0.452108 0.100481 0.069245
v -0.542276 0.115986 0.084946
v -0.542276 0.115846 0.085082
v -0.563583 0.100630 0.069096
v -0.563583 0.100438 0.069284
v -0.797075 0.116022 0.084911
v -0.797075 0.115810 0.085117
v -0.818382 0.100621 0.069105
v -0.818382 0.100447 0.069275
v 0.052257 0.354348 -0.056254
v 0.052257 0.354348 -0.056288
v 0.037603 0.369002 -0.056257
v 0.037603 0.369002 -0.056285
v 0.047964 0.364710 -0.056261
v 0.047964 0.364710 -0.056281
v 0.022948 0.354348 -0.056254
v 0.022948 0.354348 -0.056288
v 0.027240 0.364710 -0.056261
v 0.027240 0.364710 -0.056281
v 0.037603 0.339232 -0.056258
v 0.037603 0.339232 -0.056284
v 0.047964 0.339232 -0.056260
v 0.047964 0.339232 -0.056282
v 0.027240 0.339232 -0.056260
v 0.027240 0.339232 -0.056282
v 0.729084 -0.333289 0.059579
v 0.729084 -0.333289 0.059983
v 0.568093 -0.331504 0.059615
v 0.568093 -0.331504 0.059947
v 0.558098 -0.373736 0.059714
v 0.558098 -0.373736 0.059848
v 0.551426 -0.358501 0.059760
v 0.551426 -0.358501 0.059802
v 0.639003 0.030896 0.059526
v 0.639003 0.030896 0.060036
v 0.484403 0.030896 0.059557
v 0.484403 0.030896 0.060005
v 0.544093 0.279524 0.058352
v 0.544093 0.279524 0.058974
v 0.013838 0.244148 0.058352
v 0.013838 0.244148 0.058974
v 0.544093 0.244148 0.058423
v 0.544093 0.244148 0.058903
v 0.013838 0.279524 0.058423
v 0.013838 0.279524 0.058903
v 0.022948 0.354348 0.056254
v 0.022948 0.354348 0.056288
v 0.052257 0.354348 0.056254
v 0.052257 0.354348 0.056288
v 0.037603 0.369002 0.056257
v 0.037603 0.369002 0.056285
v 0.047964 0.364710 0.056261
v 0.047964 0.364710 0.056281
v 0.027240 0.364710 0.056261
v 0.027240 0.364710 0.056281
v 0.037603 0.339232 0.056258
v 0.037603 0.339232 0.056284
v 0.027240 0.339232 0.056260
v 0.027240 0.339232 0.056282
v 0.047964 0.339232 0.056260
v 0.047964 0.339232 0.056282
v -1.083040 0.359976 -0.002204
v -1.083040 0.359978 -0.002216
v -1.086549 0.366597 -0.000593
v -1.086549 0.366599 -0.000602
v -1.085056 0.366597 -0.000593
v -1.085056 0.366599 -0.000601
v -1.088567 0.359976 -0.002205
v -1.088567 0.359978 -0.002215
v 0.068657 0.371862 -0.044218
v 0.068657 0.371862 -0.044242
v 0.068657 0.349083 -0.044212
v 0.068657 0.349083 -0.044248
v 0.063700 0.371862 -0.044217
v 0.063700 0.371862 -0.044243
v 0.050804 0.359422 -0.044216
v 0.050804 0.359422 -0.044244
v 0.050804 0.349083 -0.044218
v 0.050804 0.349083 -0.044242
v -0.124094 0.349083 -0.027644
v -0.124150 0.349083 -0.027644
v -0.124087 0.349083 0.027644
v -0.124157 0.349083 0.027644
v -0.124087 0.359422 -0.027644
v -0.124157 0.359422 -0.027644
v -0.124094 0.359422 0.027644
v -0.124150 0.359422 0.027644
v -0.083597 0.365658 -0.043211
v -0.083597 0.365658 -0.043255
v -0.063008 0.339558 -0.043202
v -0.063008 0.339558 -0.043264
v -0.097312 0.365658 -0.043209
v -0.097312 0.365658 -0.043257
v -0.051460 0.365658 -0.043215
v -0.051460 0.365658 -0.043251
v -0.047566 0.365658 -0.043211
v -0.047566 0.365658 -0.043255
v -0.013263 0.339558 -0.043194
v -0.013263 0.339558 -0.043272
v 0.010959 0.338935 0.043233
v 0.010937 0.338955 0.043233
v 0.020169 0.349068 0.027512
v 0.020147 0.349088 0.027512
v 0.010957 0.338937 0.027512
v 0.010939 0.338953 0.027512
v 0.020167 0.349070 0.043233
v 0.020149 0.349086 0.043233
v 0.010959 0.338935 -0.027512
v 0.010937 0.338955 -0.027512
v 0.020169 0.349068 -0.043233
v 0.020147 0.349088 -0.043233
v 0.010957 0.338937 -0.043233
v 0.010939 0.338953 -0.043233
v 0.020167 0.349070 -0.027512
v 0.020149 0.349086 -0.027512
v 0.059132 0.338945 -0.043205
v 0.059132 0.338945 -0.043261
v 0.020158 0.349078 -0.043207
v 0.020158 0.349078 -0.043259
v 0.059132 0.349078 -0.043212
v 0.059132 0.349078 -0.043254
v 0.010948 0.338945 -0.043207
v 0.010948 0.338945 -0.043259
v -1.088567 0.359976 0.002204
v -1.088567 0.359978 0.002216
v -1.085056 0.366597 0.000592
v -1.085056 0.366599 0.000601
v -1.086549 0.366597 0.000593
v -1.086549 0.366599 0.000601
v -1.083040 0.359976 0.002205
v -1.083040 0.359978 0.002215
v 0.050816 0.359410 0.027644
v 0.050792 0.359434 0.027644
v 0.063715 0.371847 0.011390
v 0.063685 0.371877 0.011390
v 0.050814 0.359412 0.011390
v 0.050794 0.359432 0.011390
v 0.063715 0.371847 0.044230
v 0.063685 0.371877 0.044230
v 0.050814 0.359411 0.044230
v 0.050794 0.359433 0.044230
v 0.063715 0.371847 -0.044230
v 0.063685 0.371877 -0.044230
v 0.050816 0.359410 -0.027644
v 0.050792 0.359434 -0.027644
v 0.063715 0.371847 -0.011390
v 0.063685 0.371877 -0.011390
v 0.050814 0.359412 -0.011390
v 0.050794 0.359432 -0.011390
v 0.050814 0.359411 -0.044230
v 0.050794 0.359433 -0.044230
v 0.068657 0.349083 0.044212
v 0.068657 0.349083 0.044248
v 0.050804 0.359422 0.044216
v 0.050804 0.359422 0.044244
v 0.050804 0.349083 0.044218
v 0.050804 0.349083 0.044242
v 0.063700 0.371862 0.044217
v 0.063700 0.371862 0.044243
v 0.068657 0.371862 0.044218
v 0.068657 0.371862 0.044242
v -0.097312 0.365658 0.043209
v -0.097312 0.365658 0.043257
v -0.063008 0.339558 0.043202
v -0.063008 0.339558 0.043264
v -0.083597 0.365658 0.043211
v -0.083597 0.365658 0.043255
v -0.051460 0.365658 0.043215
v -0.051460 0.365658 0.043251
v -0.047566 0.365658 0.043211
v -0.047566 0.365658 0.043255
v -0.013263 0.339558 0.043194
v -0.013263 0.339558 0.043272
v 0.010948 0.338945 0.043207
v 0.010948 0.338945 0.043259
v 0.059132 0.338945 0.043205
v 0.059132 0.338945 0.043261
v 0.020158 0.349078 0.043207
v 0.020158 0.349078 0.043259
v 0.059132 0.349078 0.043212
v 0.059132 0.349078 0.043254
v 0.050804 0.349083 -0.027542
v 0.050804 0.349083 -0.027746
v -0.124122 0.359422 -0.027542
v -0.124122 0.359422 -0.027746
v 0.050804 0.359422 -0.027565
v 0.050804 0.359422 -0.027723
v -0.124122 0.349083 -0.027565
v -0.124122 0.349083 -0.027723
v -0.124122 0.349083 0.027542
v -0.124122 0.349083 0.027746
v 0.050804 0.349083 0.027565
v 0.050804 0.349083 0.027723
v 0.050804 0.359422 0.027542
v 0.050804 0.359422 0.027746
v -0.124122 0.359422 0.027565
v -0.124122 0.359422 0.027723
v -1.053718 0.306410 -0.011729
v -1.053718 0.306420 -0.011811
v -1.105046 0.275332 -0.017642
v -1.105046 0.275348 -0.017730
v -1.105046 0.306411 -0.011731
v -1.105046 0.306419 -0.011809
v -1.038631 0.275332 -0.017644
v -1.038631 0.275348 -0.017728
v -1.067945 0.350914 -0.010485
v -1.067945 0.350896 -0.010547
v -1.105046 0.350912 -0.010491
v -1.105046 0.350898 -0.010541
v -1.105046 0.360256 -0.016805
v -1.105046 0.360244 -0.016847
v -1.067945 0.360256 -0.016805
v -1.067945 0.360244 -0.016847
v -1.105046 0.375634 -0.016800
v -1.105046 0.375634 -0.016852
v -1.067945 0.375634 -0.016804
v -1.067945 0.375634 -0.016848
v -1.268100 0.052431 -0.019097
v -1.268100 0.052431 -0.019211
v -1.218466 -0.016151 -0.019077
v -1.218466 -0.016151 -0.019231
v -1.268100 -0.016151 -0.019104
v -1.268100 -0.016151 -0.019204
v -1.218466 0.121633 -0.019027
v -1.218466 0.121633 -0.019281
v -1.292918 0.064891 -0.019099
v -1.292918 0.064891 -0.019209
v -1.392185 0.064891 -0.019081
v -1.392185 0.064891 -0.019227
v -1.466637 0.121633 -0.019027
v -1.466637 0.121633 -0.019281
v -1.367368 0.052431 -0.019109
v -1.367368 0.052431 -0.019199
v -1.417003 0.052431 -0.019085
v -1.417003 0.052431 -0.019223
v -1.466636 -0.047173 -0.019061
v -1.466636 -0.047173 -0.019247
v -1.417003 -0.047173 -0.019091
v -1.417003 -0.047173 -0.019217
v -1.317734 0.052431 -0.019109
v -1.317734 0.052431 -0.019199
v -1.367368 -0.005647 -0.019102
v -1.367368 -0.005647 -0.019206
v -1.317734 -0.005647 -0.019108
v -1.317734 -0.005647 -0.019200
v -1.053718 0.306410 0.011729
v -1.053718 0.306420 0.011811
v -1.105046 0.275332 0.017642
v -1.105046 0.275348 0.017730
v -1.038631 0.275332 0.017644
v -1.038631 0.275348 0.017728
v -1.105046 0.306411 0.011731
v -1.105046 0.306419 0.011809
v -1.067945 0.350914 0.010485
v -1.067945 0.350896 0.010547
v -1.105046 0.350913 0.010489
v -1.105046 0.350897 0.010543
v -1.067945 0.360256 0.016805
v -1.067945 0.360244 0.016847
v -1.105046 0.360256 0.016805
v -1.105046 0.360244 0.016847
v -1.067945 0.375634 0.016800
v -1.067945 0.375634 0.016852
v -1.105046 0.375634 0.016804
v -1.105046 0.375634 0.016848
v -1.268100 0.052431 0.019097
v -1.268100 0.052431 0.019211
v -1.218466 -0.016151 0.019077
v -1.218466 -0.016151 0.019231
v -1.218466 0.121633 0.019027
v -1.218466 0.121633 0.019281
v -1.268100 -0.016151 0.019104
v -1.268100 -0.016151 0.019204
v -1.292918 0.064891 0.019099
v -1.292918 0.064891 0.019209
v -1.392185 0.064891 0.019081
v -1.392185 0.064891 0.019227
v -1.466637 0.121633 0.019027
v -1.466637 0.121633 0.019281
v -1.367368 0.052431 0.019105
v -1.367368 0.052431 0.019203
v -1.417003 0.052431 0.019085
v -1.417003 0.052431 0.019223
v -1.466636 -0.047173 0.019061
v -1.466636 -0.047173 0.019247
v -1.417003 -0.047173 0.019091
v -1.417003 -0.047173 0.019217
v -1.317734 0.052431 0.019116
v -1.317734 0.052431 0.019192
v -1.317734 -0.005647 0.019102
v -1.317734 -0.005647 0.019206
v -1.367368 -0.005647 0.019108
v -1.367368 -0.005647 0.019200
v 0.784435 0.148741 -0.069191
v 0.784435 0.148327 -0.069191
v 0.504409 0.148695 0.069191
v 0.504459 0.148373 0.069191
v 0.504413 0.148671 -0.069191
v 0.504455 0.148397 -0.069191
v 0.784435 0.148712 0.069191
v 0.784435 0.148356 0.069191
v 0.450826 0.102718 -0.069191
v 0.450860 0.102494 -0.069191
v 0.450829 0.102698 0.069191
v 0.450857 0.102514 0.069191
v 0.330993 0.102739 0.069190
v 0.330950 0.102473 0.069190
v 0.330990 0.102719 -0.069192
v 0.330954 0.102493 -0.069192
v 0.233027 0.212824 -0.069192
v 0.232933 0.212244 -0.069192
v 0.233021 0.212785 0.069190
v 0.232939 0.212283 0.069190
v -0.378590 0.212851 0.069190
v -0.378484 0.212217 0.069190
v -0.378575 0.212760 -0.069192
v -0.378499 0.212308 -0.069192
v -0.452135 0.100655 0.069190
v -0.452095 0.100413 0.069190
v -0.452135 0.100652 -0.069192
v -0.452095 0.100416 -0.069192
v -0.563583 0.100679 0.069190
v -0.563583 0.100389 0.069190
v -0.563583 0.100703 -0.069192
v -0.563583 0.100365 -0.069192
v -0.818382 0.100728 0.069190
v -0.818382 0.100340 0.069190
v -0.818382 0.100701 -0.069192
v -0.818382 0.100367 -0.069192
v -1.103438 0.190915 -0.011941
v -1.103438 0.190915 -0.012059
v -1.006998 0.169249 -0.011918
v -1.006998 0.169249 -0.012082
v -1.144363 0.169249 -0.011922
v -1.144363 0.169249 -0.012078
v -1.039437 0.190915 -0.011945
v -1.039437 0.190915 -0.012055
v -0.962964 0.238789 -0.011934
v -0.962964 0.238789 -0.012066
v -0.901979 0.238789 -0.011921
v -0.901979 0.238789 -0.012079
v -1.006998 0.169249 0.011918
v -1.006998 0.169249 0.012082
v -0.901979 0.238789 0.011921
v -0.901979 0.238789 0.012079
v -0.962964 0.238789 0.011934
v -0.962964 0.238789 0.012066
v -1.039437 0.190915 0.011945
v -1.039437 0.190915 0.012055
v -1.103438 0.190915 0.011941
v -1.103438 0.190915 0.012059
v -1.144363 0.169249 0.011922
v -1.144363 0.169249 0.012078
v 0.844480 0.277935 -0.068701
v 0.844430 0.278287 -0.068911
v 1.363713 0.277904 -0.068700
v 1.363713 0.278318 -0.068912
v 1.346107 0.267722 -0.088434
v 1.346107 0.268236 -0.088698
v 0.856965 0.267839 -0.088478
v 0.856907 0.268119 -0.088654
v 0.806455 0.210055 -0.088534
v 0.806391 0.210109 -0.088598
v 0.787658 0.210057 -0.068776
v 0.787598 0.210107 -0.068836
v 0.844480 0.277935 0.068701
v 0.844430 0.278287 0.068911
v 1.346107 0.267722 0.088434
v 1.346107 0.268236 0.088698
v 1.363713 0.277904 0.068700
v 1.363713 0.278318 0.068912
v 0.856965 0.267839 0.088478
v 0.856907 0.268119 0.088654
v 0.806455 0.210055 0.088534
v 0.806391 0.210109 0.088598
v 0.787658 0.210057 0.068776
v 0.787598 0.210107 0.068836
v 0.718984 0.154535 -0.072790
v 0.718984 0.154721 -0.072982
v 0.497001 0.140092 -0.086770
v 0.496967 0.140226 -0.086922
v 0.491639 0.154567 -0.072820
v 0.491625 0.154689 -0.072952
v 0.718984 0.140163 -0.086772
v 0.718984 0.140307 -0.086920
v 0.438052 0.108659 -0.072839
v 0.438030 0.108741 -0.072933
v 0.443397 0.094193 -0.086804
v 0.443387 0.094269 -0.086888
v 0.334575 0.094168 -0.086777
v 0.334547 0.094294 -0.086915
v 0.330772 0.108644 -0.072826
v 0.330760 0.108756 -0.072946
v 0.188779 0.028605 -0.072782
v 0.188739 0.028795 -0.072990
v 0.192567 0.014108 -0.086715
v 0.192541 0.014354 -0.086977
v -0.135696 0.028599 -0.072770
v -0.135644 0.028801 -0.073002
v -0.141760 0.014139 -0.086746
v -0.141738 0.014323 -0.086946
v -0.236201 0.094116 -0.086714
v -0.236143 0.094346 -0.086978
v -0.230116 0.108511 -0.072680
v -0.230070 0.108889 -0.073092
v -0.803494 0.094000 -0.086606
v -0.803494 0.094462 -0.087086
v -0.832353 0.108512 -0.072691
v -0.832353 0.108888 -0.073081
v -0.716379 0.230073 -0.023247
v -0.716379 0.229989 -0.023331
v -0.830898 0.220444 0.000002
v -0.830898 0.220324 0.000002
v -0.830898 0.230073 -0.023247
v -0.830898 0.229989 -0.023331
v -0.716379 0.220444 0.000002
v -0.716379 0.220324 0.000002
v -0.716379 0.253322 -0.032876
v -0.716379 0.253322 -0.032996
v -0.830898 0.230073 0.023251
v -0.830898 0.229989 0.023335
v -0.830898 0.253322 -0.032876
v -0.830898 0.253322 -0.032996
v -0.716379 0.230073 0.023251
v -0.716379 0.229989 0.023335
v -0.716379 0.276570 -0.023247
v -0.716379 0.276654 -0.023331
v -0.830898 0.253322 0.032880
v -0.830898 0.253322 0.033000
v -0.830898 0.276570 -0.023247
v -0.830898 0.276654 -0.023331
v -0.716379 0.253322 0.032880
v -0.716379 0.253322 0.033000
v -0.716379 0.286200 0.000002
v -0.716379 0.286320 0.000002
v -0.830898 0.276570 0.023251
v -0.830898 0.276654 0.023335
v -0.830898 0.286200 0.000002
v -0.830898 0.286320 0.000002
v -0.716379 0.276570 0.023251
v -0.716379 0.276654 0.023335
v 0.497001 0.140092 0.086770
v 0.496967 0.140226 0.086922
v 0.718984 0.140163 0.086772
v 0.718984 0.140307 0.086920
v 0.718984 0.154535 0.072790
v 0.718984 0.154721 0.072982
v 0.491639 0.154567 0.072820
v 0.491625 0.154689 0.072952
v 0.438052 0.108659 0.072839
v 0.438030 0.108741 0.072933
v 0.443397 0.094193 0.086804
v 0.443387 0.094269 0.086888
v 0.334575 0.094168 0.086777
v 0.334547 0.094294 0.086915
v 0.330772 0.108644 0.072826
v 0.330760 0.108756 0.072946
v 0.188779 0.028605 0.072782
v 0.188739 0.028795 0.072990
v 0.192567 0.014108 0.086715
v 0.192541 0.014354 0.086977
v -0.135696 0.028599 0.072770
v -0.135644 0.028801 0.073002
v -0.141760 0.014139 0.086746
v -0.141738 0.014323 0.086946
v -0.236201 0.094116 0.086714
v -0.236143 0.094346 0.086978
v -0.230116 0.108511 0.072680
v -0.230070 0.108889 0.073092
v -0.803494 0.094000 0.086606
v -0.803494 0.094462 0.087086
v -0.832353 0.108512 0.072691
v -0.832353 0.108888 0.073081
v -1.105046 0.375634 0.008439
v -1.105046 0.375634 0.008387
v -1.067945 0.375634 0.008435
v -1.067945 0.375634 0.008391
v -1.067945 0.360250 0.008439
v -1.067945 0.360250 0.008387
v -1.105046 0.360250 0.008435
v -1.105046 0.360250 0.008391
v 0.068657 0.359422 0.011402
v 0.068657 0.359422 0.011378
v 0.063700 0.371862 0.011400
v 0.063700 0.371862 0.011380
v 0.068657 0.371862 0.011397
v 0.068657 0.371862 0.011383
v 0.050804 0.359422 0.011405
v 0.050804 0.359422 0.011375
v -0.716379 0.120522 -0.029037
v -0.716379 0.120374 -0.029185
v -0.930106 0.108494 0.000002
v -0.930106 0.108284 0.000002
v -0.930106 0.120522 -0.029037
v -0.930106 0.120374 -0.029185
v -0.716379 0.108494 0.000002
v -0.716379 0.108284 0.000002
v -0.716379 0.149561 -0.041065
v -0.716379 0.149561 -0.041275
v -0.930106 0.120522 0.029041
v -0.930106 0.120374 0.029189
v -0.930106 0.149561 -0.041065
v -0.930106 0.149561 -0.041275
v -0.716379 0.120522 0.029041
v -0.716379 0.120374 0.029189
v -0.716379 0.178601 -0.029037
v -0.716379 0.178749 -0.029185
v -0.930106 0.149561 0.041069
v -0.930106 0.149561 0.041279
v -0.930106 0.178601 -0.029037
v -0.930106 0.178749 -0.029185
v -0.716379 0.149561 0.041069
v -0.716379 0.149561 0.041279
v -0.716379 0.190629 0.000002
v -0.716379 0.190839 0.000002
v -0.930106 0.178601 0.029041
v -0.930106 0.178749 0.029189
v -0.930106 0.190629 0.000002
v -0.930106 0.190839 0.000002
v -0.716379 0.178601 0.029041
v -0.716379 0.178749 0.029189
v -1.105046 0.360250 -0.008439
v -1.105046 0.360250 -0.008387
v -1.067945 0.360250 -0.008435
v -1.067945 0.360250 -0.008391
v -1.067945 0.375634 -0.008439
v -1.067945 0.375634 -0.008387
v -1.105046 0.375634 -0.008435
v -1.105046 0.375634 -0.008391
v 0.063700 0.371862 -0.011400
v 0.063700 0.371862 -0.011380
v 0.050804 0.359422 -0.011405
v 0.050804 0.359422 -0.011375
v 0.068657 0.359422 -0.011402
v 0.068657 0.359422 -0.011378
v 0.068657 0.371862 -0.011397
v 0.068657 0.371862 -0.011383
v -1.186693 0.121593 0.027970
v -1.186693 0.121383 0.028180
v -1.506280 0.121593 0.027970
v -1.506280 0.121383 0.028180
v -1.186693 0.110008 0.000002
v -1.186693 0.109710 0.000002
v -1.506280 0.110008 0.000002
v -1.506280 0.109710 0.000002
v -1.506280 0.149561 0.039555
v -1.506280 0.149561 0.039853
v -1.186693 0.121593 -0.027966
v -1.186693 0.121383 -0.028176
v -1.186693 0.149561 0.039555
v -1.186693 0.149561 0.039853
v -1.506280 0.121593 -0.027966
v -1.506280 0.121383 -0.028176
v -1.506280 0.177530 0.027970
v -1.506280 0.177740 0.028180
v -1.186693 0.149561 -0.039550
v -1.186693 0.149561 -0.039848
v -1.186693 0.177530 0.027970
v -1.186693 0.177740 0.028180
v -1.506280 0.149561 -0.039550
v -1.506280 0.149561 -0.039848
v -1.506280 0.189114 0.000002
v -1.506280 0.189412 0.000002
v -1.186693 0.177530 -0.027966
v -1.186693 0.177740 -0.028176
v -1.186693 0.189114 0.000002
v -1.186693 0.189412 0.000002
v -1.506280 0.177530 -0.027966
v -1.506280 0.177740 -0.028176
v -0.943228 0.126244 -0.023315
v -0.943228 0.126090 -0.023469
v -1.173909 0.116586 0.000002
v -1.173909 0.116368 0.000002
v -1.173909 0.126244 -0.023315
v -1.173909 0.126090 -0.023469
v -0.943228 0.116586 0.000002
v -0.943228 0.116368 0.000002
v -0.943228 0.149561 -0.032973
v -0.943228 0.149561 -0.033191
v -1.173909 0.126244 0.023320
v -1.173909 0.126090 0.023474
v -1.173909 0.149561 -0.032973
v -1.173909 0.149561 -0.033191
v -0.943228 0.126244 0.023320
v -0.943228 0.126090 0.023474
v -0.943228 0.172878 -0.023315
v -0.943228 0.173032 -0.023469
v -1.173909 0.149561 0.032977
v -1.173909 0.149561 0.033195
v -1.173909 0.172878 -0.023315
v -1.173909 0.173032 -0.023469
v -0.943228 0.149561 0.032977
v -0.943228 0.149561 0.033195
v -0.943228 0.182537 0.000002
v -0.943228 0.182755 0.000002
v -1.173909 0.172878 0.023319
v -1.173909 0.173032 0.023473
v -1.173909 0.182537 0.000002
v -1.173909 0.182755 0.000002
v -0.943228 0.172878 0.023319
v -0.943228 0.173032 0.023473
v 1.248581 0.176207 0.033875
v 1.248581 0.176075 0.034007
v 1.430021 0.176207 0.033875
v 1.430021 0.176075 0.034007
v 1.430021 0.210082 0.047906
v 1.430021 0.210082 0.048093
v 1.248581 0.162176 -0.000000
v 1.248581 0.161988 0.000000
v 1.248581 0.210082 0.047906
v 1.248581 0.210082 0.048093
v 1.430021 0.162176 -0.000000
v 1.430021 0.161988 0.000000
v 1.430021 0.243957 0.033875
v 1.430021 0.244089 0.034007
v 1.248581 0.176207 -0.033875
v 1.248581 0.176075 -0.034007
v 1.248581 0.243957 0.033875
v 1.248581 0.244089 0.034007
v 1.430021 0.176207 -0.033875
v 1.430021 0.176075 -0.034007
v 1.430021 0.257988 -0.000000
v 1.430021 0.258176 0.000000
v 1.248581 0.210082 -0.047907
v 1.248581 0.210082 -0.048094
v 1.248581 0.257988 -0.000000
v 1.248581 0.258176 0.000000
v 1.430021 0.210082 -0.047907
v 1.430021 0.210082 -0.048094
v 1.430021 0.243957 -0.033875
v 1.430021 0.244089 -0.034007
v 1.248581 0.243957 -0.033875
v 1.248581 0.244089 -0.034007
v -0.125887 0.339558 0.027552
v -0.125887 0.339558 0.027472
v -0.083597 0.365658 0.027543
v -0.083597 0.365658 0.027481
v -0.063008 0.339558 0.027547
v -0.063008 0.339558 0.027477
v -0.116455 0.365658 0.027538
v -0.116455 0.365658 0.027486
v -0.051460 0.365658 0.027530
v -0.051460 0.365658 0.027494
v -0.047566 0.365658 0.027534
v -0.047566 0.365658 0.027490
v -0.013263 0.339558 0.027551
v -0.013263 0.339558 0.027473
v 0.059132 0.338945 0.027540
v 0.059132 0.338945 0.027484
v 0.020158 0.349078 0.027538
v 0.020158 0.349078 0.027486
v 0.059132 0.349078 0.027533
v 0.059132 0.349078 0.027491
v 0.010948 0.338945 0.027538
v 0.010948 0.338945 0.027486
v 0.037603 0.339232 0.027802
v 0.037603 0.339232 0.027776
v 0.052257 0.354348 0.027806
v 0.052257 0.354348 0.027772
v 0.047964 0.339232 0.027800
v 0.047964 0.339232 0.027778
v 0.022948 0.354348 0.027806
v 0.022948 0.354348 0.027772
v 0.027240 0.339232 0.027800
v 0.027240 0.339232 0.027778
v 0.037603 0.369002 0.027803
v 0.037603 0.369002 0.027775
v 0.047964 0.364710 0.027799
v 0.047964 0.364710 0.027779
v 0.027240 0.364710 0.027799
v 0.027240 0.364710 0.027779
v -0.047566 0.365658 -0.027534
v -0.047566 0.365658 -0.027490
v -0.063008 0.339558 -0.027547
v -0.063008 0.339558 -0.027477
v -0.013263 0.339558 -0.027551
v -0.013263 0.339558 -0.027473
v -0.051460 0.365658 -0.027530
v -0.051460 0.365658 -0.027494
v -0.083597 0.365658 -0.027543
v -0.083597 0.365658 -0.027481
v -0.125887 0.339558 -0.027552
v -0.125887 0.339558 -0.027472
v -0.116455 0.365658 -0.027538
v -0.116455 0.365658 -0.027486
v 0.010948 0.338945 -0.027538
v 0.010948 0.338945 -0.027486
v 0.059132 0.338945 -0.027540
v 0.059132 0.338945 -0.027484
v 0.020158 0.349078 -0.027538
v 0.020158 0.349078 -0.027486
v 0.059132 0.349078 -0.027533
v 0.059132 0.349078 -0.027491
v 0.052257 0.354348 -0.027806
v 0.052257 0.354348 -0.027772
v 0.022948 0.354348 -0.027806
v 0.022948 0.354348 -0.027772
v 0.037603 0.339232 -0.027802
v 0.037603 0.339232 -0.027776
v 0.027240 0.339232 -0.027800
v 0.027240 0.339232 -0.027778
v 0.047964 0.339232 -0.027800
v 0.047964 0.339232 -0.027778
v 0.037603 0.369002 -0.027803
v 0.037603 0.369002 -0.027775
v 0.027240 0.364710 -0.027799
v 0.027240 0.364710 -0.027779
v 0.047964 0.364710 -0.027799
v 0.047964 0.364710 -0.027779
v 1.363713 0.277773 -0.068806
v 1.363713 0.278449 -0.068806
v 0.844486 0.277920 -0.068806
v 0.844424 0.278302 -0.068806
v 0.844499 0.277842 0.068806
v 0.844411 0.278380 0.068806
v 1.363713 0.277832 0.068806
v 1.363713 0.278390 0.068806
v 0.787713 0.210011 0.068806
v 0.787543 0.210153 0.068806
v 0.787702 0.210020 -0.068806
v 0.787554 0.210144 -0.068806
v 0.003300 0.290355 0.084857
v 0.003300 0.289809 0.085171
v 0.546731 0.282792 0.071742
v 0.546731 0.282254 0.072052
v 0.554631 0.290291 0.084893
v 0.554631 0.289873 0.085135
v 0.011202 0.282726 0.071780
v 0.011202 0.282320 0.072014
v 0.844471 0.142164 -0.068740
v 0.844439 0.141940 -0.068872
v 0.787658 0.210107 -0.068776
v 0.787598 0.210057 -0.068836
v 0.806455 0.210109 -0.088534
v 0.806391 0.210055 -0.088598
v 0.856969 0.152345 -0.088464
v 0.856903 0.152023 -0.088668
v 1.264912 0.142267 -0.068696
v 1.264912 0.141837 -0.068916
v 1.254689 0.152344 -0.088484
v 1.254689 0.152024 -0.088648
v 1.264912 0.142267 0.068696
v 1.264912 0.141837 0.068916
v 0.856969 0.152345 0.088464
v 0.856903 0.152023 0.088668
v 0.844471 0.142164 0.068740
v 0.844439 0.141940 0.068872
v 1.254689 0.152344 0.088484
v 1.254689 0.152024 0.088648
v 0.806455 0.210109 0.088534
v 0.806391 0.210055 0.088598
v 0.787658 0.210107 0.068776
v 0.787598 0.210057 0.068836
v -0.841395 0.234666 -0.018655
v -0.841395 0.234548 -0.018773
v -1.017941 0.226938 0.000002
v -1.017941 0.226770 0.000002
v -1.017941 0.234666 -0.018655
v -1.017941 0.234548 -0.018773
v -0.841395 0.226938 0.000002
v -0.841395 0.226770 0.000002
v -0.841395 0.253322 -0.026382
v -0.841395 0.253322 -0.026550
v -1.017941 0.234666 0.018659
v -1.017941 0.234548 0.018777
v -1.017941 0.253322 -0.026382
v -1.017941 0.253322 -0.026550
v -0.841395 0.234666 0.018659
v -0.841395 0.234548 0.018777
v -0.841395 0.271979 -0.018655
v -0.841395 0.272097 -0.018773
v -1.017941 0.253322 0.026386
v -1.017941 0.253322 0.026554
v -1.017941 0.271979 -0.018655
v -1.017941 0.272097 -0.018773
v -0.841395 0.253322 0.026386
v -0.841395 0.253322 0.026554
v -0.841395 0.279706 0.000002
v -0.841395 0.279874 0.000002
v -1.017941 0.271979 0.018659
v -1.017941 0.272097 0.018777
v -1.017941 0.279706 0.000002
v -1.017941 0.279874 0.000002
v -0.841395 0.271979 0.018659
v -0.841395 0.272097 0.018777
v 0.188784 0.028521 -0.072886
v 0.188734 0.028879 -0.072886
v 0.330784 0.108566 0.072886
v 0.330748 0.108834 0.072886
v 0.330783 0.108574 -0.072886
v 0.330749 0.108826 -0.072886
v 0.188788 0.028492 0.072886
v 0.188730 0.028908 0.072886
v 0.438058 0.108588 0.072886
v 0.438024 0.108812 0.072886
v -0.135701 0.028501 -0.072886
v -0.135639 0.028899 -0.072886
v 0.438055 0.108609 -0.072886
v 0.438027 0.108791 -0.072886
v -0.135695 0.028535 0.072886
v -0.135645 0.028865 0.072886
v 0.491652 0.154501 -0.072886
v 0.491612 0.154755 -0.072886
v -0.230136 0.108417 -0.072886
v -0.230050 0.108983 -0.072886
v 0.491655 0.154478 0.072886
v 0.491609 0.154778 0.072886
v 0.718984 0.154446 -0.072886
v 0.718984 0.154810 -0.072886
v 0.718984 0.154469 0.072886
v 0.718984 0.154787 0.072886
v -0.230131 0.108456 0.072886
v -0.230055 0.108944 0.072886
v -0.832353 0.108312 0.072886
v -0.832353 0.109088 0.072886
v -0.832353 0.108382 -0.072886
v -0.832353 0.109018 -0.072886
v 0.544093 0.279822 0.058596
v 0.544093 0.279226 0.058730
v 0.011202 0.282822 0.071829
v 0.011202 0.282224 0.071965
v 0.013838 0.279750 0.058612
v 0.013838 0.279298 0.058714
v 0.546731 0.282751 0.071845
v 0.546731 0.282295 0.071949
v 0.727499 0.164927 -0.117399
v 0.727499 0.165047 -0.117441
v 0.822977 0.173711 -0.092579
v 0.822993 0.173819 -0.092617
v 0.822977 0.165142 -0.117406
v 0.822993 0.165226 -0.117434
v 0.714842 0.173710 -0.092579
v 0.714842 0.173820 -0.092617
v 0.846964 0.143413 -0.092551
v 0.847004 0.143569 -0.092645
v 0.855095 0.126469 -0.117377
v 0.855111 0.126605 -0.117463
v 1.059421 0.126714 -0.117325
v 1.059475 0.126964 -0.117515
v 1.069403 0.143377 -0.092515
v 1.069431 0.143605 -0.092681
v 1.254729 -0.015541 -0.092531
v 1.254767 -0.015365 -0.092665
v 1.244782 -0.032165 -0.117362
v 1.244802 -0.032003 -0.117478
v 1.322748 -0.032367 -0.117394
v 1.322748 -0.032291 -0.117446
v 1.322748 -0.015484 -0.092577
v 1.322748 -0.015422 -0.092619
v 1.354748 -0.032779 -0.117396
v 1.354748 -0.032709 -0.117444
v 1.354748 -0.015482 -0.092578
v 1.354748 -0.015424 -0.092618
v 1.418757 -0.015483 -0.092573
v 1.418739 -0.015423 -0.092623
v 1.426638 -0.033391 -0.117396
v 1.426630 -0.033327 -0.117444
v 1.437153 0.004428 -0.117398
v 1.437065 0.004443 -0.117442
v 1.426805 0.016541 -0.092571
v 1.426691 0.016552 -0.092625
v 1.438150 0.131525 -0.117392
v 1.438028 0.131469 -0.117448
v 1.426798 0.131520 -0.092575
v 1.426698 0.131474 -0.092621
v 1.391367 0.182180 -0.117401
v 1.391291 0.182146 -0.117439
v 1.378785 0.182180 -0.092580
v 1.378713 0.182146 -0.092616
v 1.391766 0.232805 -0.117401
v 1.391694 0.232855 -0.117439
v 1.378785 0.232805 -0.092579
v 1.378713 0.232855 -0.092617
v 1.450754 0.283445 -0.092569
v 1.450742 0.283549 -0.092627
v 1.443230 0.268681 -0.117398
v 1.443212 0.268763 -0.117442
v 1.518408 0.268678 -0.117394
v 1.518408 0.268766 -0.117446
v 1.530748 0.283456 -0.092574
v 1.530748 0.283538 -0.092622
v 0.822977 0.173711 0.092579
v 0.822993 0.173819 0.092617
v 0.822977 0.165142 0.117406
v 0.822993 0.165226 0.117434
v 0.846964 0.143413 0.092551
v 0.847004 0.143569 0.092645
v 0.727499 0.164927 0.117399
v 0.727499 0.165047 0.117441
v 0.714842 0.173710 0.092579
v 0.714842 0.173820 0.092617
v 0.855095 0.126469 0.117377
v 0.855111 0.126605 0.117463
v 1.059421 0.126714 0.117325
v 1.059475 0.126964 0.117515
v 1.069403 0.143377 0.092515
v 1.069431 0.143605 0.092681
v 1.254729 -0.015541 0.092531
v 1.254767 -0.015365 0.092665
v 1.244782 -0.032165 0.117362
v 1.244802 -0.032003 0.117478
v 1.322748 -0.032365 0.117395
v 1.322748 -0.032293 0.117445
v 1.322748 -0.015483 0.092577
v 1.322748 -0.015423 0.092619
v 1.354748 -0.015483 0.092577
v 1.354748 -0.015423 0.092619
v 1.354748 -0.032780 0.117395
v 1.354748 -0.032708 0.117445
v 1.418757 -0.015483 0.092573
v 1.418739 -0.015423 0.092623
v 1.426638 -0.033391 0.117396
v 1.426630 -0.033327 0.117444
v 1.437153 0.004429 0.117398
v 1.437065 0.004444 0.117442
v 1.426805 0.016542 0.092571
v 1.426691 0.016553 0.092625
v 1.438149 0.131525 0.117392
v 1.438029 0.131469 0.117448
v 1.426798 0.131520 0.092575
v 1.426698 0.131474 0.092621
v 1.378790 0.182182 0.092578
v 1.378708 0.182144 0.092618
v 1.391365 0.182180 0.117402
v 1.391293 0.182146 0.117438
v 1.378785 0.232805 0.092579
v 1.378713 0.232855 0.092617
v 1.391765 0.232805 0.117401
v 1.391694 0.232855 0.117439
v 1.450754 0.283445 0.092569
v 1.450742 0.283549 0.092627
v 1.443230 0.268681 0.117398
v 1.443212 0.268763 0.117442
v 1.518408 0.268678 0.117394
v 1.518408 0.268766 0.117446
v 1.530748 0.283456 0.092574
v 1.530748 0.283538 0.092622
v 0.048926 0.302824 -0.058954
v 0.048926 0.302600 -0.058954
v 0.048926 0.302801 0.058954
v 0.048926 0.302623 0.058954
v -0.125887 0.302855 0.058954
v -0.125887 0.302569 0.058954
v -0.125887 0.302836 -0.058954
v -0.125887 0.302588 -0.058954
v 0.064199 0.302772 -0.043233
v 0.064199 0.302652 -0.043233
v 0.064199 0.302758 0.043233
v 0.064199 0.302666 0.043233
v 0.050817 0.349083 -0.044230
v 0.050791 0.349083 -0.044230
v 0.050817 0.359422 -0.027644
v 0.050791 0.359422 -0.027644
v 0.050815 0.359422 -0.044230
v 0.050793 0.359422 -0.044230
v 0.050815 0.349083 -0.027644
v 0.050793 0.349083 -0.027644
v 0.050815 0.359422 0.027644
v 0.050793 0.359422 0.027644
v 0.050817 0.349083 0.027644
v 0.050791 0.349083 0.027644
v 0.050817 0.359422 0.044230
v 0.050791 0.359422 0.044230
v 0.050815 0.349083 0.044230
v 0.050793 0.349083 0.044230
v 0.844492 0.142280 -0.068806
v 0.844418 0.141824 -0.068806
v 1.264912 0.142289 -0.068806
v 1.264912 0.141815 -0.068806
v 1.264912 0.142335 0.068806
v 1.264912 0.141769 0.068806
v 0.844483 0.142222 0.068806
v 0.844427 0.141882 0.068806
v 0.787713 0.210153 -0.068806
v 0.787543 0.210011 -0.068806
v 0.787702 0.210144 0.068806
v 0.787554 0.210020 0.068806
v -0.063008 0.339591 0.027512
v -0.063008 0.339525 0.027512
v -0.013263 0.339586 0.027512
v -0.013263 0.339530 0.027512
v -0.013263 0.339591 0.043233
v -0.013263 0.339525 0.043233
v -0.063008 0.339586 0.043233
v -0.063008 0.339530 0.043233
v -0.063008 0.339591 -0.043233
v -0.063008 0.339525 -0.043233
v -0.013263 0.339586 -0.043233
v -0.013263 0.339530 -0.043233
v -0.013263 0.339591 -0.027512
v -0.013263 0.339525 -0.027512
v -0.063008 0.339586 -0.027512
v -0.063008 0.339530 -0.027512
v 0.059132 0.338977 -0.027512
v 0.059132 0.338913 -0.027512
v 0.010948 0.338977 -0.043233
v 0.010948 0.338913 -0.043233
v 0.059132 0.338972 -0.043233
v 0.059132 0.338918 -0.043233
v 0.010948 0.338972 -0.027512
v 0.010948 0.338918 -0.027512
v 0.059132 0.338977 0.043233
v 0.059132 0.338913 0.043233
v 0.010948 0.338977 0.027512
v 0.010948 0.338913 0.027512
v 0.059132 0.338972 0.027512
v 0.059132 0.338918 0.027512
v 0.010948 0.338972 0.043233
v 0.010948 0.338918 0.043233
v 0.538324 -0.331304 -0.045910
v 0.538206 -0.331282 -0.046168
v 0.454696 0.030913 -0.045884
v 0.454552 0.030879 -0.046194
v 0.484494 0.030917 -0.059583
v 0.484312 0.030875 -0.059979
v 0.568145 -0.331514 -0.059669
v 0.568041 -0.331494 -0.059893
v 0.551436 -0.358503 -0.059759
v 0.551416 -0.358499 -0.059803
v 0.521609 -0.358295 -0.046010
v 0.521583 -0.358291 -0.046068
v 0.558109 -0.373733 -0.059755
v 0.558087 -0.373739 -0.059807
v 0.531939 -0.401959 -0.046006
v 0.531911 -0.401967 -0.046072
v 0.484494 0.030917 0.059583
v 0.484312 0.030875 0.059979
v 0.538324 -0.331304 0.045910
v 0.538206 -0.331282 0.046168
v 0.568145 -0.331514 0.059669
v 0.568041 -0.331494 0.059893
v 0.454696 0.030913 0.045884
v 0.454552 0.030879 0.046194
v 0.551436 -0.358503 0.059759
v 0.551416 -0.358499 0.059803
v 0.521609 -0.358295 0.046010
v 0.521583 -0.358291 0.046068
v 0.558109 -0.373733 0.059755
v 0.558087 -0.373739 0.059807
v 0.531939 -0.401959 0.046006
v 0.531911 -0.401967 0.046072
v 0.050804 0.349142 0.027644
v 0.050804 0.349024 0.027644
v -0.124122 0.349200 0.027644
v -0.124122 0.348966 0.027644
v 0.050804 0.349160 -0.027644
v 0.050804 0.349006 -0.027644
v -0.124122 0.349181 -0.027644
v -0.124122 0.348985 -0.027644
v 0.068657 0.349127 -0.044230
v 0.068657 0.349039 -0.044230
v 0.050804 0.349098 -0.044230
v 0.050804 0.349068 -0.044230
v 0.068657 0.349120 0.044230
v 0.068657 0.349046 0.044230
v 0.050804 0.349098 0.044230
v 0.050804 0.349068 0.044230
v -1.088567 0.359982 -0.002210
v -1.088567 0.359972 -0.002210
v -1.083040 0.359981 -0.002210
v -1.083040 0.359973 -0.002210
v -1.083040 0.359982 0.002210
v -1.083040 0.359972 0.002210
v -1.088567 0.359981 0.002210
v -1.088567 0.359973 0.002210
v -1.007012 0.169270 -0.011949
v -1.006984 0.169228 -0.012051
v -0.901999 0.238819 -0.011929
v -0.901959 0.238759 -0.012071
v -1.005237 0.162113 -0.008341
v -1.005197 0.162051 -0.008487
v -0.878010 0.245984 -0.008347
v -0.877972 0.245928 -0.008481
v -1.005237 0.162113 0.008341
v -1.005197 0.162051 0.008487
v -0.878010 0.245984 0.008347
v -0.877972 0.245928 0.008481
v -0.901999 0.238819 0.011929
v -0.901959 0.238759 0.012071
v -1.007012 0.169270 0.011949
v -1.006984 0.169228 0.012051
v 0.846962 0.143358 0.092598
v 0.847006 0.143624 0.092598
v 0.846959 0.143337 -0.092598
v 0.847009 0.143645 -0.092598
v 0.822965 0.173642 -0.092598
v 0.823005 0.173888 -0.092598
v 1.069387 0.143293 0.092598
v 1.069447 0.143689 0.092598
v 0.822970 0.173672 0.092598
v 0.823000 0.173858 0.092598
v 0.714842 0.173621 0.092598
v 0.714842 0.173909 0.092598
v 0.714842 0.173640 -0.092598
v 0.714842 0.173890 -0.092598
v 1.069386 0.143290 -0.092598
v 1.069448 0.143692 -0.092598
v 1.254722 -0.015622 0.092598
v 1.254774 -0.015284 0.092598
v 1.254726 -0.015599 -0.092598
v 1.254770 -0.015307 -0.092598
v 1.322748 -0.015556 0.092598
v 1.322748 -0.015350 0.092598
v 1.322748 -0.015554 -0.092598
v 1.322748 -0.015352 -0.092598
v 1.354748 -0.015553 0.092598
v 1.354748 -0.015353 0.092598
v 1.354748 -0.015554 -0.092598
v 1.354748 -0.015352 -0.092598
v 1.418766 -0.015553 0.092598
v 1.418730 -0.015353 0.092598
v 1.418766 -0.015551 -0.092598
v 1.418730 -0.015355 -0.092598
v 1.426858 0.016533 0.092598
v 1.426638 0.016561 0.092598
v 1.426864 0.016533 -0.092598
v 1.426632 0.016561 -0.092598
v 1.426861 0.131550 0.092598
v 1.426635 0.131444 0.092598
v 1.426857 0.131548 -0.092598
v 1.426639 0.131446 -0.092598
v 1.378846 0.182209 0.092598
v 1.378652 0.182117 0.092598
v 1.378845 0.182208 -0.092598
v 1.378653 0.182118 -0.092598
v 1.378839 0.232767 0.092598
v 1.378659 0.232893 0.092598
v 1.378841 0.232766 -0.092598
v 1.378657 0.232894 -0.092598
v 1.450767 0.283369 0.092598
v 1.450729 0.283625 0.092598
v 1.450763 0.283398 -0.092598
v 1.450733 0.283596 -0.092598
v 1.530748 0.283365 -0.092598
v 1.530748 0.283629 -0.092598
v 1.530748 0.283384 0.092598
v 1.530748 0.283610 0.092598
v 0.714900 -0.017531 -0.092598
v 0.714784 -0.017671 -0.092598
v 0.714911 -0.017518 0.092598
v 0.714773 -0.017684 0.092598
v 0.699117 -0.004488 -0.074078
v 0.698993 -0.004638 -0.074078
v 0.699103 -0.004505 0.074078
v 0.699007 -0.004621 0.074078
v 0.546758 0.241150 0.071881
v 0.546704 0.241150 0.071913
v 0.554661 0.290082 0.084996
v 0.554601 0.290082 0.085032
v 0.546752 0.282523 0.071884
v 0.546710 0.282523 0.071910
v 0.554658 0.233591 0.084998
v 0.554604 0.233591 0.085030
v -0.878041 0.246032 -0.008414
v -0.877941 0.245880 -0.008414
v -1.005267 0.162158 0.008414
v -1.005167 0.162006 0.008414
v -1.005257 0.162142 -0.008414
v -1.005177 0.162022 -0.008414
v -0.878031 0.246016 0.008414
v -0.877951 0.245896 0.008414
v 0.714900 0.173695 0.092598
v 0.714784 0.173835 0.092598
v 0.714911 0.173682 -0.092598
v 0.714773 0.173848 -0.092598
v 0.699117 0.160652 0.074078
v 0.698993 0.160802 0.074078
v 0.699103 0.160669 -0.074078
v 0.699007 0.160785 -0.074078
v 0.521653 -0.358304 -0.046039
v 0.521539 -0.358282 -0.046039
v 0.521652 -0.358304 0.046039
v 0.521540 -0.358282 0.046039
v 0.538428 -0.331324 -0.046039
v 0.538102 -0.331262 -0.046039
v 0.531991 -0.401947 0.046039
v 0.531859 -0.401979 0.046039
v 0.531982 -0.401950 -0.046039
v 0.531868 -0.401976 -0.046039
v 0.538403 -0.331319 0.046039
v 0.538127 -0.331267 0.046039
v 0.454858 0.030950 0.046039
v 0.454390 0.030842 0.046039
v 0.454816 0.030940 -0.046039
v 0.454432 0.030852 -0.046039
v 0.727520 0.164986 0.117406
v 0.727478 0.164988 0.117434
v 0.714860 0.173764 0.092586
v 0.714824 0.173766 0.092610
v 0.714325 0.153109 0.093909
v 0.714249 0.153111 0.093963
v 0.699119 0.160725 0.074032
v 0.698991 0.160729 0.074124
v 0.714339 0.012082 0.093898
v 0.714234 0.012080 0.093974
v 0.699107 -0.004561 0.074042
v 0.699003 -0.004565 0.074114
v 0.714864 -0.017600 0.092584
v 0.714821 -0.017602 0.092612
v 0.727521 0.001700 0.117405
v 0.727477 0.001698 0.117435
v 0.546758 0.241150 0.071892
v 0.546704 0.241150 0.071902
v 0.544118 0.279524 0.058658
v 0.544068 0.279524 0.058668
v 0.544114 0.244148 0.058659
v 0.544073 0.244148 0.058667
v 0.546754 0.282523 0.071892
v 0.546708 0.282523 0.071902
v 0.714308 0.012082 -0.093922
v 0.714266 0.012080 -0.093950
v 0.714864 -0.017600 -0.092584
v 0.714821 -0.017602 -0.092612
v 0.699075 -0.004562 -0.074064
v 0.699035 -0.004564 -0.074092
v 0.727521 0.001700 -0.117405
v 0.727477 0.001698 -0.117435
v 0.714860 0.173764 -0.092586
v 0.714824 0.173766 -0.092610
v 0.714305 0.153109 -0.093924
v 0.714269 0.153111 -0.093948
v 0.699074 0.160726 -0.074066
v 0.699036 0.160728 -0.074090
v 0.727520 0.164986 -0.117406
v 0.727478 0.164988 -0.117434
v 0.727584 0.001699 -0.117372
v 0.727414 0.001699 -0.117468
v 0.714367 0.153110 -0.093891
v 0.714207 0.153110 -0.093981
v 0.727570 0.164987 -0.117380
v 0.727428 0.164987 -0.117460
v 0.714350 0.012081 -0.093901
v 0.714224 0.012081 -0.093971
v 0.727584 0.001699 0.117372
v 0.727414 0.001699 0.117468
v 0.727570 0.164987 0.117380
v 0.727428 0.164987 0.117460
v 0.714367 0.153110 0.093891
v 0.714207 0.153110 0.093981
v 0.714350 0.012081 0.093901
v 0.714224 0.012081 0.093971
v -1.417045 0.052471 0.019154
v -1.416961 0.052391 0.019154
v -1.417072 -0.047173 -0.019154
v -1.416934 -0.047173 -0.019154
v -1.417036 0.052462 -0.019154
v -1.416970 0.052400 -0.019154
v -1.417062 -0.047173 0.019154
v -1.416944 -0.047173 0.019154
v -1.392185 0.064921 0.019154
v -1.392185 0.064861 0.019154
v -1.392185 0.064921 -0.019154
v -1.392185 0.064861 -0.019154
v -1.367338 0.052459 0.019154
v -1.367398 0.052403 0.019154
v -1.367343 0.052455 -0.019154
v -1.367393 0.052407 -0.019154
v -1.367321 -0.005647 -0.019154
v -1.367415 -0.005647 -0.019154
v -1.367327 -0.005647 0.019154
v -1.367409 -0.005647 0.019154
v 0.699170 0.160727 -0.074040
v 0.698940 0.160727 -0.074116
v 0.714359 0.012081 -0.093881
v 0.714215 0.012081 -0.093991
v 0.699149 -0.004563 -0.074052
v 0.698961 -0.004563 -0.074104
v 0.714343 0.153110 -0.093893
v 0.714231 0.153110 -0.093979
v 0.699207 -0.004563 0.074078
v 0.698903 -0.004563 0.074078
v 0.699188 0.160727 0.074078
v 0.698922 0.160727 0.074078
v -1.038661 0.275326 -0.017686
v -1.038601 0.275354 -0.017686
v -1.053750 0.306402 0.011770
v -1.053686 0.306428 0.011770
v -1.038658 0.275327 0.017686
v -1.038604 0.275353 0.017686
v -1.053746 0.306404 -0.011770
v -1.053690 0.306426 -0.011770
v -1.067968 0.350902 -0.010516
v -1.067922 0.350908 -0.010516
v -1.067964 0.350902 0.010516
v -1.067926 0.350908 0.010516
v -1.067958 0.360250 0.008413
v -1.067932 0.360250 0.008413
v -1.067955 0.360250 0.016826
v -1.067935 0.360250 0.016826
v -1.067957 0.375634 0.016826
v -1.067933 0.375634 0.016826
v -1.067955 0.375634 0.008413
v -1.067935 0.375634 0.008413
v -1.067956 0.360250 -0.008413
v -1.067934 0.360250 -0.008413
v -1.067956 0.360250 -0.016826
v -1.067934 0.360250 -0.016826
v -1.067957 0.375634 -0.008413
v -1.067933 0.375634 -0.008413
v -1.067955 0.375634 -0.016826
v -1.067935 0.375634 -0.016826
v -1.085060 0.366597 0.000597
v -1.085052 0.366599 0.000597
v -1.083045 0.359975 -0.002210
v -1.083035 0.359979 -0.002210
v -1.085059 0.366597 -0.000597
v -1.085053 0.366599 -0.000597
v -1.083045 0.359976 0.002210
v -1.083035 0.359978 0.002210
v -1.028177 0.285066 0.000002
v -1.028159 0.285100 0.000002
v -1.017949 0.272027 0.018707
v -1.017933 0.272049 0.018729
v -1.017948 0.279777 0.000002
v -1.017934 0.279803 0.000002
v -1.017949 0.272027 -0.018703
v -1.017933 0.272049 -0.018725
v -1.028176 0.275769 0.022450
v -1.028160 0.275791 0.022472
v -1.028176 0.275769 -0.022446
v -1.028160 0.275791 -0.022468
v -1.028177 0.253322 0.031746
v -1.028159 0.253322 0.031780
v -1.028177 0.253322 -0.031742
v -1.028159 0.253322 -0.031776
v -1.017948 0.253322 0.026457
v -1.017934 0.253322 0.026483
v -1.017948 0.253322 -0.026453
v -1.017934 0.253322 -0.026479
v -1.017949 0.234618 0.018707
v -1.017933 0.234596 0.018729
v -1.017949 0.234618 -0.018703
v -1.017933 0.234596 -0.018725
v -1.028176 0.230874 0.022450
v -1.028160 0.230852 0.022472
v -1.028176 0.230874 -0.022446
v -1.028160 0.230852 -0.022468
v -1.028177 0.221577 0.000002
v -1.028159 0.221543 0.000002
v -1.017948 0.226867 0.000002
v -1.017934 0.226841 0.000002
v -1.186704 0.189242 0.000002
v -1.186682 0.189284 0.000002
v -1.173919 0.172941 0.023382
v -1.173899 0.172969 0.023410
v -1.173917 0.182630 0.000002
v -1.173900 0.182662 0.000002
v -1.173919 0.172941 -0.023378
v -1.173899 0.172969 -0.023406
v -1.186703 0.177622 0.028062
v -1.186683 0.177648 0.028088
v -1.186703 0.177622 -0.028058
v -1.186683 0.177648 -0.028084
v -1.186704 0.149561 0.039683
v -1.186682 0.149561 0.039725
v -1.186704 0.149561 -0.039678
v -1.186682 0.149561 -0.039720
v -1.173917 0.149561 0.033070
v -1.173900 0.149561 0.033102
v -1.173917 0.149561 -0.033066
v -1.173900 0.149561 -0.033098
v -1.173919 0.126181 0.023383
v -1.173899 0.126153 0.023411
v -1.173919 0.126181 -0.023378
v -1.173899 0.126153 -0.023406
v -1.186703 0.121501 0.028062
v -1.186683 0.121475 0.028088
v -1.186703 0.121501 -0.028058
v -1.186683 0.121475 -0.028084
v -1.186704 0.109880 0.000002
v -1.186682 0.109838 0.000002
v -1.173917 0.116493 0.000002
v -1.173900 0.116461 0.000002
v -1.218556 -0.016151 -0.019154
v -1.218376 -0.016151 -0.019154
v -1.218541 0.121633 -0.019154
v -1.218391 0.121633 -0.019154
v -1.218556 0.121633 0.019154
v -1.218376 0.121633 0.019154
v -1.218541 -0.016151 0.019154
v -1.218391 -0.016151 0.019154
v -1.519063 0.117842 -0.000051
v -1.519063 0.136065 -0.013475
v -1.519063 0.127109 -0.022425
v -1.519063 0.149510 -0.019048
v -1.519063 0.127154 -0.022431
v -1.519063 0.136089 -0.013489
v -1.519063 0.136054 -0.013433
v -1.519063 0.117855 -0.000016
v -1.519063 0.130496 -0.000010
v -1.519063 0.127169 -0.022465
v -1.519063 0.149547 -0.019070
v -1.519063 0.149543 -0.031732
v -1.519063 0.117855 0.000020
v -1.519063 0.136052 0.013434
v -1.519063 0.130496 0.000014
v -1.519063 0.162992 -0.013507
v -1.519063 0.149579 -0.031705
v -1.519063 0.149575 -0.019063
v -1.519063 0.117842 0.000055
v -1.519063 0.127109 0.022430
v -1.519063 0.136063 0.013480
v -1.519063 0.149613 -0.031718
v -1.519063 0.163038 -0.013496
v -1.519063 0.171989 -0.022451
v -1.519063 0.149508 0.031721
v -1.519063 0.136084 0.013501
v -1.519063 0.127134 0.022455
v -1.519063 0.181282 -0.000050
v -1.519063 0.172014 -0.022426
v -1.519063 0.163059 -0.013475
v -1.519063 0.136130 0.013512
v -1.519063 0.149543 0.031708
v -1.519063 0.149549 0.019066
v -1.519063 0.181269 -0.000016
v -1.519063 0.163070 -0.013429
v -1.519063 0.168627 -0.000012
v -1.519063 0.162996 0.013510
v -1.519063 0.149573 0.019066
v -1.519063 0.149579 0.031708
v -1.519063 0.168634 0.000016
v -1.519063 0.172028 0.022395
v -1.519063 0.181296 0.000020
v -1.519063 0.149614 0.031721
v -1.519063 0.171988 0.022455
v -1.519063 0.163038 0.013499
v -1.519063 0.171994 0.022410
v -1.519063 0.168612 0.000053
v -1.519063 0.163052 0.013475
v -1.519047 0.149578 0.031766
v -1.506319 0.149583 0.039671
v -1.519044 0.171946 0.022503
v -1.519044 0.127177 0.022503
v -1.506319 0.149539 0.039671
v -1.519047 0.149544 0.031766
v -1.506300 0.149642 0.039658
v -1.506299 0.177607 0.028075
v -1.519035 0.172012 0.022482
v -1.506300 0.149480 0.039658
v -1.519035 0.127111 0.022482
v -1.506299 0.121516 0.028075
v -1.506300 0.189217 0.000083
v -1.519035 0.172041 0.022453
v -1.506299 0.177635 0.028047
v -1.506300 0.109905 0.000083
v -1.506299 0.121488 0.028047
v -1.519035 0.127082 0.022453
v -1.519044 0.172062 0.022387
v -1.506319 0.189230 0.000024
v -1.519047 0.181326 0.000019
v -1.519047 0.117797 0.000019
v -1.506319 0.109892 0.000024
v -1.519044 0.127061 0.022387
v -1.506319 0.189230 -0.000020
v -1.519044 0.172062 -0.022383
v -1.519047 0.181326 -0.000015
v -1.519044 0.127061 -0.022383
v -1.506319 0.109892 -0.000020
v -1.519047 0.117797 -0.000015
v -1.519035 0.172041 -0.022449
v -1.506300 0.189217 -0.000079
v -1.506299 0.177635 -0.028043
v -1.506300 0.109905 -0.000079
v -1.519035 0.127082 -0.022449
v -1.506299 0.121488 -0.028043
v -1.506300 0.149642 -0.039653
v -1.519035 0.172012 -0.022478
v -1.506299 0.177607 -0.028071
v -1.506300 0.149480 -0.039653
v -1.506299 0.121516 -0.028071
v -1.519035 0.127111 -0.022478
v -1.519044 0.171946 -0.022499
v -1.506319 0.149583 -0.039666
v -1.519047 0.149578 -0.031762
v -1.519047 0.149544 -0.031762
v -1.506319 0.149539 -0.039666
v -1.519044 0.127177 -0.022499
v -1.466636 -0.046212 -0.019046
v -1.466637 0.121525 0.019019
v -1.466637 0.121545 -0.019066
v -1.466637 0.120672 0.019046
v -1.466636 -0.047065 -0.019019
v -1.466636 -0.047085 0.019066
v -1.331558 0.168595 0.000058
v -1.518976 0.163072 0.013391
v -1.518976 0.168585 0.000082
v -1.516812 0.163069 0.013398
v -1.330043 0.168593 0.000063
v -1.330069 0.163069 0.013398
v -1.332233 0.162956 0.013511
v -1.518976 0.149648 0.019022
v -1.518976 0.162956 0.013511
v -1.516812 0.168585 -0.000078
v -1.330069 0.163072 -0.013387
v -1.330043 0.168595 -0.000054
v -1.332233 0.163069 -0.013393
v -1.518976 0.168582 -0.000085
v -1.518976 0.163069 -0.013393
v -1.516812 0.149641 0.019025
v -1.330069 0.162950 0.013514
v -1.330047 0.149621 0.019034
v -1.329982 0.168445 0.000261
v -1.329982 0.149840 0.018873
v -1.329982 0.162970 0.013412
v -1.331681 0.149501 0.019034
v -1.518976 0.136173 0.013514
v -1.518976 0.149481 0.019025
v -1.516812 0.136166 0.013511
v -1.330047 0.149496 0.019032
v -1.330069 0.136166 0.013511
v -1.518976 0.136053 0.013398
v -1.332233 0.136053 0.013398
v -1.518976 0.130540 0.000088
v -1.329982 0.149282 0.018873
v -1.329982 0.130677 0.000261
v -1.329982 0.136152 0.013412
v -1.330043 0.130527 0.000058
v -1.516812 0.130537 0.000082
v -1.330069 0.136050 0.013391
v -1.329982 0.168471 0.000063
v -1.329982 0.130651 0.000063
v -1.329982 0.149561 0.018966
v -1.518976 0.130537 -0.000078
v -1.331558 0.130527 -0.000054
v -1.518976 0.136050 -0.013387
v -1.329982 0.149840 -0.018868
v -1.329982 0.168445 -0.000257
v -1.329982 0.162970 -0.013407
v -1.516812 0.162956 -0.013506
v -1.330047 0.149626 -0.019027
v -1.330069 0.162956 -0.013506
v -1.329982 0.130651 -0.000059
v -1.329982 0.168471 -0.000059
v -1.329982 0.149561 -0.018961
v -1.331681 0.149621 -0.019029
v -1.518976 0.162950 -0.013509
v -1.518976 0.149641 -0.019021
v -1.330069 0.136053 -0.013393
v -1.516812 0.136053 -0.013393
v -1.330043 0.130529 -0.000059
v -1.329982 0.130677 -0.000257
v -1.329982 0.149282 -0.018868
v -1.329982 0.136152 -0.013407
v -1.332233 0.136166 -0.013506
v -1.518976 0.149475 -0.019018
v -1.518976 0.136166 -0.013506
v -1.516812 0.149481 -0.019021
v -1.330069 0.136173 -0.013509
v -1.330047 0.149501 -0.019029
v 1.363713 0.278009 0.068371
v 1.363713 0.210246 -0.068704
v 1.363713 0.278024 -0.068719
v 1.363713 0.210184 -0.068370
v 1.363713 0.277947 0.068704
v 1.363713 0.210190 0.068698
v 1.363629 0.210024 -0.068704
v 1.363624 0.210021 0.068518
v 1.265138 0.142207 -0.068681
v 1.265015 0.142123 -0.068473
v 1.363518 0.209947 0.068698
v 1.265002 0.142114 0.068697
v -1.126064 0.235349 -0.017912
v -1.126064 0.227934 -0.000012
v -1.126064 0.238060 -0.000012
v -1.126064 0.235349 0.017916
v -1.126064 0.238060 0.000016
v -1.126064 0.227934 0.000016
v -1.126064 0.235376 -0.017924
v -1.126064 0.238082 -0.000049
v -1.126064 0.242529 -0.010775
v -1.126064 0.242541 -0.010795
v -1.126064 0.253279 -0.025374
v -1.126064 0.235380 -0.017960
v -1.126064 0.238082 0.000053
v -1.126064 0.235376 0.017928
v -1.126064 0.242529 0.010779
v -1.126064 0.253279 0.025378
v -1.126064 0.242541 0.010799
v -1.126064 0.235380 0.017964
v -1.126064 0.238115 -0.000056
v -1.126064 0.253257 -0.015200
v -1.126064 0.242550 -0.010770
v -1.126064 0.253307 -0.025363
v -1.126064 0.242574 -0.010803
v -1.126064 0.253307 -0.015253
v -1.126064 0.253257 0.015204
v -1.126064 0.238115 0.000060
v -1.126064 0.242550 0.010774
v -1.126064 0.242574 0.010807
v -1.126064 0.253307 0.025367
v -1.126064 0.253307 0.015257
v -1.126064 0.253307 -0.015206
v -1.126064 0.238095 0.000002
v -1.126064 0.253307 0.015210
v -1.126064 0.264070 0.010807
v -1.126064 0.253337 0.015257
v -1.126064 0.253337 0.025367
v -1.126064 0.253365 0.025378
v -1.126064 0.271264 0.017964
v -1.126064 0.264103 0.010799
v -1.126064 0.268528 0.000060
v -1.126064 0.253387 0.015204
v -1.126064 0.264094 0.010774
v -1.126064 0.271268 0.017928
v -1.126064 0.268561 0.000053
v -1.126064 0.264115 0.010779
v -1.126064 0.253337 0.015210
v -1.126064 0.268548 0.000002
v -1.126064 0.253337 -0.015206
v -1.126064 0.268583 0.000016
v -1.126064 0.271295 0.017916
v -1.126064 0.278710 0.000016
v -1.126064 0.264070 -0.010803
v -1.126064 0.253337 -0.025363
v -1.126064 0.253337 -0.015253
v -1.126064 0.253387 -0.015200
v -1.126064 0.268528 -0.000056
v -1.126064 0.264094 -0.010770
v -1.126064 0.253365 -0.025374
v -1.126064 0.264103 -0.010795
v -1.126064 0.271264 -0.017960
v -1.126064 0.271295 -0.017912
v -1.126064 0.268583 -0.000012
v -1.126064 0.278710 -0.000012
v -1.126064 0.268561 -0.000049
v -1.126064 0.271268 -0.017924
v -1.126064 0.264115 -0.010775
v -1.126051 0.253336 0.025413
v -1.115870 0.253340 0.031736
v -1.126049 0.271230 0.018003
v -1.126049 0.235414 0.018003
v -1.115870 0.253304 0.031736
v -1.126051 0.253308 0.025413
v -1.115855 0.253387 0.031726
v -1.115854 0.275757 0.022461
v -1.126041 0.271283 0.017986
v -1.115855 0.253257 0.031726
v -1.126041 0.235361 0.017986
v -1.115854 0.230886 0.022461
v -1.115855 0.285046 0.000067
v -1.126041 0.271306 0.017963
v -1.115854 0.275780 0.022438
v -1.115855 0.221597 0.000067
v -1.115854 0.230863 0.022438
v -1.126041 0.235338 0.017963
v -1.126049 0.271323 0.017910
v -1.115870 0.285057 0.000020
v -1.126051 0.278733 0.000016
v -1.126051 0.227911 0.000016
v -1.115870 0.221587 0.000020
v -1.126049 0.235321 0.017910
v -1.115870 0.285057 -0.000016
v -1.126049 0.271323 -0.017906
v -1.126051 0.278733 -0.000012
v -1.126049 0.235321 -0.017906
v -1.115870 0.221587 -0.000016
v -1.126051 0.227911 -0.000012
v -1.126041 0.271306 -0.017959
v -1.115855 0.285046 -0.000063
v -1.115854 0.275780 -0.022434
v -1.115855 0.221597 -0.000063
v -1.126041 0.235338 -0.017959
v -1.115854 0.230863 -0.022434
v -1.115855 0.253387 -0.031722
v -1.126041 0.271283 -0.017982
v -1.115854 0.275757 -0.022457
v -1.115855 0.253257 -0.031722
v -1.115854 0.230886 -0.022457
v -1.126041 0.235361 -0.017982
v -1.126049 0.271230 -0.017999
v -1.115870 0.253340 -0.031733
v -1.126051 0.253336 -0.025409
v -1.126051 0.253308 -0.025409
v -1.115870 0.253304 -0.031733
v -1.126049 0.235414 -0.017999
v -1.105046 0.350816 -0.010496
v -1.105046 0.306445 -0.011739
v -1.105046 0.306447 0.011719
v -1.105046 0.306385 -0.011700
v -1.105046 0.275438 0.017636
v -1.105046 0.306383 0.011744
v -1.105046 0.275371 0.017614
v -1.105046 0.306351 -0.011751
v -1.105046 0.275368 -0.017652
v -1.105046 0.350887 0.010498
v -1.105046 0.350883 -0.010480
v -1.105046 0.306557 0.011734
v -1.105046 0.350927 -0.010421
v -1.105046 0.350923 0.010493
v -1.105046 0.360232 0.008404
v -1.105046 0.360240 0.016807
v -1.105046 0.360237 0.008429
v -1.105046 0.350951 0.010525
v -1.105046 0.360260 0.016816
v -1.105046 0.375588 0.016814
v -1.105046 0.360263 0.008434
v -1.105046 0.375624 0.008423
v -1.105046 0.360299 0.008426
v -1.105046 0.375622 0.016806
v -1.105046 0.360237 0.008359
v -1.105046 0.360238 -0.008404
v -1.105046 0.350946 -0.010484
v -1.105046 0.360238 -0.008427
v -1.105046 0.360240 -0.016807
v -1.105046 0.350960 -0.010526
v -1.105046 0.360260 -0.016816
v -1.105046 0.360261 -0.008432
v -1.105046 0.375588 -0.016814
v -1.105046 0.375622 -0.016806
v -1.105046 0.360295 -0.008425
v -1.105046 0.375624 -0.008423
v -1.086553 0.366584 -0.000596
v -1.088566 0.359982 -0.002204
v -1.088565 0.359982 0.002202
v -1.086550 0.366594 -0.000590
v -1.088548 0.360040 0.002189
v -1.086550 0.366595 0.000594
v 1.346135 0.267787 -0.088535
v 1.363649 0.210150 -0.068878
v 1.346150 0.212517 -0.088518
v 1.363674 0.210354 -0.068850
v 1.346145 0.267956 -0.088524
v 1.363686 0.278051 -0.068837
v 1.265445 0.142464 -0.068868
v 1.346102 0.212410 -0.088504
v 1.363612 0.210049 -0.068857
v 1.345653 0.212115 -0.088514
v 1.264935 0.142128 -0.068877
v 1.254761 0.152192 -0.088520
v 1.265445 0.142464 0.068868
v 1.363612 0.210049 0.068857
v 1.346102 0.212410 0.088504
v 1.345653 0.212115 0.088514
v 1.254761 0.152192 0.088520
v 1.264935 0.142128 0.068877
v 1.363649 0.210150 0.068878
v 1.346135 0.267787 0.088535
v 1.346150 0.212517 0.088518
v 1.363674 0.210354 0.068850
v 1.363686 0.278051 0.068837
v 1.346145 0.267956 0.088524
v -0.930127 0.190686 0.000087
v -0.943199 0.172976 0.023388
v -0.930125 0.178675 0.029086
v -0.930127 0.149646 0.041126
v -0.930125 0.178646 0.029115
v -0.943199 0.172947 0.023417
v -0.943209 0.172999 0.023318
v -0.930146 0.190700 0.000025
v -0.943212 0.182649 0.000020
v -0.930146 0.149584 0.041140
v -0.943209 0.172877 0.023440
v -0.943212 0.149579 0.033089
v -0.943209 0.172999 -0.023314
v -0.943212 0.182649 -0.000016
v -0.930146 0.190700 -0.000021
v -0.943209 0.126245 0.023441
v -0.930146 0.149538 0.041140
v -0.943212 0.149543 0.033089
v -0.930127 0.190686 -0.000083
v -0.930125 0.178675 -0.029082
v -0.943199 0.172976 -0.023384
v -0.930127 0.149476 0.041126
v -0.943199 0.126175 0.023418
v -0.930125 0.120477 0.029115
v -0.930127 0.149646 -0.041122
v -0.943199 0.172947 -0.023413
v -0.930125 0.178646 -0.029111
v -0.930127 0.108437 0.000087
v -0.930125 0.120448 0.029086
v -0.943199 0.126146 0.023389
v -0.943209 0.172877 -0.023436
v -0.930146 0.149584 -0.041136
v -0.943212 0.149579 -0.033085
v -0.930146 0.108423 0.000025
v -0.943209 0.126123 0.023319
v -0.943212 0.116474 0.000020
v -0.930146 0.149538 -0.041136
v -0.943209 0.126245 -0.023436
v -0.943212 0.149543 -0.033085
v -0.943209 0.126123 -0.023314
v -0.930146 0.108423 -0.000021
v -0.943212 0.116474 -0.000016
v -0.930127 0.149476 -0.041122
v -0.930125 0.120477 -0.029111
v -0.943199 0.126175 -0.023413
v -0.930127 0.108437 -0.000083
v -0.943199 0.126146 -0.023384
v -0.930125 0.120448 -0.029082
v -0.830915 0.286221 0.000070
v -0.841372 0.272055 0.018711
v -0.830913 0.276612 0.023269
v -0.830915 0.253390 0.032901
v -0.830913 0.276588 0.023293
v -0.841372 0.272031 0.018735
v -0.841380 0.272073 0.018656
v -0.830930 0.286233 0.000020
v -0.841382 0.279792 0.000016
v -0.830930 0.253340 0.032913
v -0.841380 0.271976 0.018753
v -0.841382 0.253336 0.026472
v -0.841380 0.272073 -0.018652
v -0.841382 0.279792 -0.000012
v -0.830930 0.286233 -0.000016
v -0.841380 0.234669 0.018753
v -0.830930 0.253304 0.032913
v -0.841382 0.253308 0.026472
v -0.830915 0.286221 -0.000066
v -0.830913 0.276612 -0.023266
v -0.841372 0.272055 -0.018707
v -0.830915 0.253254 0.032901
v -0.841372 0.234614 0.018735
v -0.830913 0.230054 0.023293
v -0.830915 0.253390 -0.032897
v -0.841372 0.272031 -0.018731
v -0.830913 0.276588 -0.023289
v -0.830915 0.220423 0.000070
v -0.830913 0.230031 0.023269
v -0.841372 0.234590 0.018711
v -0.841380 0.271976 -0.018749
v -0.830930 0.253340 -0.032909
v -0.841382 0.253336 -0.026468
v -0.830930 0.220411 0.000020
v -0.841380 0.234572 0.018656
v -0.841382 0.226852 0.000016
v -0.830930 0.253304 -0.032909
v -0.841380 0.234669 -0.018749
v -0.841382 0.253308 -0.026468
v -0.841380 0.234572 -0.018652
v -0.830930 0.220411 -0.000016
v -0.841382 0.226852 -0.000012
v -0.830915 0.253254 -0.032897
v -0.830913 0.230054 -0.023289
v -0.841372 0.234614 -0.018731
v -0.830915 0.220423 -0.000066
v -0.841372 0.234590 -0.018707
v -0.830913 0.230031 -0.023266
v 0.759187 -0.348204 0.045901
v 0.532763 -0.401765 0.045876
v 0.759163 -0.348210 -0.045799
v 0.532060 -0.401931 -0.045901
v 0.758484 -0.348370 -0.045876
v 0.532084 -0.401925 0.045799
v 0.758824 -0.346085 -0.045789
v 0.668832 0.030697 -0.045834
v 0.668842 0.030653 0.045723
v 0.759264 -0.347929 -0.045723
v 0.669282 0.028809 0.045789
v 0.759274 -0.347973 0.045834
v -0.818207 0.101098 -0.069019
v -0.754432 0.306636 0.068874
v -0.754426 0.306657 -0.069041
v -0.754556 0.306237 0.069017
v -0.818331 0.100699 -0.068876
v -0.818337 0.100678 0.069039
v -0.792406 0.055190 -0.072796
v -0.792415 0.055203 0.072402
v -0.832254 0.108568 -0.072780
v -0.832290 0.108615 -0.072402
v -0.792451 0.055250 0.072780
v -0.832299 0.108628 0.072796
v 1.029052 0.036672 -0.092424
v 0.879124 0.036672 0.092208
v 0.879116 0.036672 -0.092467
v 0.879276 0.036672 0.092459
v 1.029243 0.036672 -0.092108
v 1.029229 0.036672 0.092410
v 0.823130 -0.017461 0.092464
v 0.878891 0.036581 -0.091951
v 0.878885 0.036576 0.092459
v 1.214343 -0.121925 -0.092419
v 1.029560 0.036549 0.092219
v 1.029549 0.036559 -0.092424
v 0.878844 0.036535 -0.092467
v 0.823081 -0.017508 0.091936
v 0.823061 -0.017528 -0.092493
v 0.715093 -0.017601 -0.092454
v 0.822880 -0.017601 -0.092493
v 0.822851 -0.017601 0.092104
v 0.714986 -0.017601 -0.092066
v 0.822752 -0.017601 0.092464
v 0.714967 -0.017601 0.092473
v 1.029842 0.036308 0.092410
v 1.214612 -0.122155 -0.092237
v 1.214627 -0.122168 0.092438
v 1.322545 -0.122272 -0.092482
v 1.214908 -0.122272 0.092007
v 1.214927 -0.122272 -0.092419
v 1.215026 -0.122272 0.092438
v 1.322632 -0.122272 -0.092167
v 1.322637 -0.122272 0.092487
v 1.354630 -0.146184 -0.092479
v 1.322837 -0.122339 0.091558
v 1.322841 -0.122342 -0.092482
v 1.322858 -0.122355 0.092487
v 1.354653 -0.146201 -0.091486
v 1.354645 -0.146195 0.092470
v 1.498478 -0.146272 -0.092466
v 1.354876 -0.146272 0.092224
v 1.354867 -0.146272 -0.092479
v 1.355010 -0.146272 0.092470
v 1.498616 -0.146272 -0.092213
v 1.498625 -0.146272 0.092475
v 1.530641 -0.098432 -0.092456
v 1.498816 -0.146169 0.091787
v 1.498821 -0.146162 -0.092466
v 1.498841 -0.146132 0.092475
v 1.530669 -0.098390 -0.091667
v 1.530658 -0.098408 0.092435
v 1.530748 0.131039 -0.092436
v 1.530748 -0.098109 0.092257
v 1.530748 -0.098130 -0.092456
v 1.530748 -0.097810 0.092435
v 1.530748 0.131335 -0.092260
v 1.530748 0.131357 0.092458
v 1.530748 0.182030 -0.092496
v 1.530748 0.131637 0.091558
v 1.530748 0.131659 -0.092436
v 1.530748 0.131680 0.092458
v 1.530748 0.182061 -0.091841
v 1.530748 0.182061 0.092496
v 1.530748 0.232697 -0.092496
v 1.530748 0.182265 0.091841
v 1.530748 0.182265 -0.092496
v 1.530748 0.182296 0.092496
v 1.530748 0.232728 -0.091841
v 1.530748 0.232728 0.092496
v 1.530748 0.283338 -0.092477
v 1.530748 0.232932 0.091841
v 1.530748 0.232932 -0.092496
v 1.530748 0.232963 0.092496
v 1.530748 0.283376 -0.091696
v 1.530748 0.283397 0.092498
v -0.754937 0.304716 -0.069279
v -0.797145 0.115985 -0.084926
v -0.818240 0.100744 -0.069266
v -0.796536 0.117949 -0.084929
v -0.754333 0.306621 -0.069294
v -0.741316 0.297520 -0.084949
v -0.754937 0.304716 0.069277
v -0.818240 0.100744 0.069264
v -0.797145 0.115985 0.084926
v -0.754333 0.306621 0.069292
v -0.796536 0.117949 0.084929
v -0.741316 0.297520 0.084949
v 0.872062 0.050015 -0.117344
v 0.823040 -0.017466 -0.092702
v 0.823029 0.001853 -0.117371
v 0.727904 0.001659 -0.117369
v 0.822929 0.001814 -0.117376
v 0.822916 -0.017542 -0.092673
v 0.822555 -0.017559 -0.092652
v 0.714931 -0.017564 -0.092646
v 0.727537 0.001649 -0.117356
v 0.823255 -0.017291 -0.092658
v 0.872371 0.050287 -0.117308
v 0.878915 0.036655 -0.092661
v 0.872518 0.050358 -0.117325
v 1.028032 0.036732 -0.092707
v 0.879043 0.036707 -0.092662
v 0.873366 0.050371 -0.117345
v 1.037713 0.050786 -0.117293
v 1.029330 0.036742 -0.092721
v 1.037973 0.050684 -0.117281
v 1.213097 -0.120759 -0.092710
v 1.029547 0.036650 -0.092702
v 1.039697 0.049224 -0.117299
v 1.223357 -0.107694 -0.117336
v 1.214690 -0.122110 -0.092725
v 1.322328 -0.122242 -0.092649
v 1.214929 -0.122204 -0.092714
v 1.223532 -0.107774 -0.117312
v 1.224170 -0.107760 -0.117333
v 1.322700 -0.107161 -0.117379
v 1.322688 -0.122231 -0.092666
v 1.322788 -0.107222 -0.117329
v 1.354554 -0.146088 -0.092661
v 1.322798 -0.122277 -0.092652
v 1.322880 -0.107259 -0.117378
v 1.354698 -0.130345 -0.117368
v 1.354689 -0.146143 -0.092732
v 1.490857 -0.129904 -0.117360
v 1.354818 -0.146225 -0.092671
v 1.354806 -0.130379 -0.117371
v 1.355396 -0.146234 -0.092656
v 1.491469 -0.129909 -0.117350
v 1.498664 -0.146236 -0.092653
v 1.530556 -0.098486 -0.092666
v 1.498770 -0.146177 -0.092654
v 1.491589 -0.129861 -0.117329
v 1.491689 -0.129673 -0.117360
v 1.520104 -0.085994 -0.117327
v 1.530657 -0.098284 -0.092708
v 1.520172 -0.085788 -0.117310
v 1.530704 0.129688 -0.092701
v 1.530717 -0.098148 -0.092671
v 1.520165 -0.084094 -0.117320
v 1.519362 0.131422 -0.117352
v 1.530695 0.131385 -0.092713
v 1.519382 0.131572 -0.117306
v 1.530731 0.182006 -0.092634
v 1.530701 0.131609 -0.092700
v 1.530720 0.182123 -0.092658
v 1.519359 0.131792 -0.117352
v 1.518823 0.182123 -0.117384
v 1.518834 0.182203 -0.117360
v 1.530731 0.232675 -0.092634
v 1.530731 0.182203 -0.092634
v 1.530719 0.232791 -0.092658
v 1.518822 0.182318 -0.117384
v 1.518520 0.232798 -0.117391
v 1.518422 0.268628 -0.117391
v 1.530712 0.232869 -0.092670
v 1.518519 0.232862 -0.117391
v 1.530730 0.232946 -0.092633
v 1.518430 0.268712 -0.117377
v 1.530733 0.283439 -0.092629
v 0.822555 -0.017559 0.092652
v 0.727537 0.001649 0.117356
v 0.714931 -0.017564 0.092646
v 0.727904 0.001659 0.117369
v 0.822916 -0.017542 0.092673
v 0.822929 0.001814 0.117376
v 0.823040 -0.017466 0.092702
v 0.872062 0.050015 0.117344
v 0.823029 0.001853 0.117371
v 0.823255 -0.017291 0.092658
v 0.878915 0.036655 0.092661
v 0.872371 0.050287 0.117308
v 1.028032 0.036732 0.092707
v 0.872518 0.050358 0.117325
v 0.879043 0.036707 0.092662
v 0.873366 0.050371 0.117345
v 1.029330 0.036742 0.092721
v 1.037713 0.050786 0.117293
v 1.213097 -0.120759 0.092710
v 1.037973 0.050684 0.117281
v 1.029547 0.036650 0.092702
v 1.039697 0.049224 0.117299
v 1.214690 -0.122110 0.092725
v 1.223357 -0.107694 0.117336
v 1.322363 -0.122244 0.092645
v 1.223532 -0.107774 0.117312
v 1.214929 -0.122204 0.092714
v 1.224170 -0.107760 0.117334
v 1.322693 -0.122234 0.092660
v 1.322700 -0.107161 0.117379
v 1.322794 -0.122252 0.092685
v 1.354624 -0.130287 0.117373
v 1.322788 -0.107191 0.117377
v 1.322875 -0.122336 0.092647
v 1.354684 -0.146181 0.092665
v 1.354704 -0.130368 0.117337
v 1.354823 -0.146221 0.092676
v 1.490857 -0.129904 0.117360
v 1.354800 -0.130376 0.117376
v 1.355447 -0.146231 0.092661
v 1.498664 -0.146236 0.092653
v 1.491469 -0.129909 0.117350
v 1.530556 -0.098486 0.092666
v 1.491589 -0.129861 0.117329
v 1.498770 -0.146177 0.092654
v 1.491689 -0.129673 0.117360
v 1.530657 -0.098284 0.092708
v 1.520104 -0.085994 0.117327
v 1.530709 0.129891 0.092689
v 1.520172 -0.085788 0.117310
v 1.530717 -0.098148 0.092671
v 1.520165 -0.084094 0.117320
v 1.530701 0.131398 0.092700
v 1.519365 0.131413 0.117344
v 1.530677 0.131596 0.092749
v 1.518823 0.182006 0.117384
v 1.519364 0.131581 0.117344
v 1.530705 0.131888 0.092688
v 1.530731 0.182123 0.092634
v 1.518834 0.182123 0.117360
v 1.530719 0.182203 0.092658
v 1.518522 0.232686 0.117387
v 1.518822 0.182203 0.117384
v 1.530730 0.182318 0.092634
v 1.530732 0.232793 0.092631
v 1.518532 0.232793 0.117365
v 1.530715 0.232867 0.092666
v 1.518422 0.268628 0.117391
v 1.518521 0.232867 0.117387
v 1.530732 0.232939 0.092631
v 1.530733 0.283439 0.092629
v 1.518430 0.268712 0.117377
v -0.792420 0.055254 -0.072912
v -0.832245 0.108608 -0.072916
v -0.803513 0.094214 -0.086821
v -0.792348 0.055206 -0.072940
v -0.803437 0.094118 -0.086825
v -0.785155 0.069578 -0.086831
v -0.792420 0.055254 0.072912
v -0.803513 0.094214 0.086821
v -0.832245 0.108608 0.072916
v -0.803437 0.094118 0.086825
v -0.792348 0.055206 0.072940
v -0.785155 0.069578 0.086831
v 0.757220 -0.348553 -0.046111
v 0.532227 -0.401791 -0.046102
v 0.558156 -0.373830 -0.059714
v 0.758918 -0.348109 -0.046138
v 0.559962 -0.373398 -0.059717
v 0.729066 -0.333371 -0.059732
v 0.757220 -0.348553 0.046111
v 0.558156 -0.373830 0.059714
v 0.532227 -0.401791 0.046102
v 0.559962 -0.373398 0.059717
v 0.758918 -0.348109 0.046138
v 0.729066 -0.333371 0.059732
v -1.105169 0.198082 0.008352
v -1.041608 0.198082 -0.008364
v -1.105167 0.198082 -0.008364
v -1.105261 0.198058 -0.008352
v -1.172818 0.162294 0.008365
v -1.105259 0.198060 0.008366
v -1.105628 0.197864 -0.008364
v -1.173183 0.162101 -0.008374
v -1.173175 0.162105 0.008353
v -1.041268 0.198082 -0.008349
v -1.104849 0.198082 0.008366
v -1.041274 0.198082 0.008358
v -0.964964 0.245632 -0.008358
v -1.041175 0.198109 -0.008364
v -1.041171 0.198112 0.008347
v -0.964492 0.245926 -0.008346
v -1.040703 0.198403 0.008358
v -0.964483 0.245932 0.008368
v -1.317670 0.052463 -0.019118
v -1.292945 0.064878 -0.019124
v -1.292945 0.064878 0.019062
v -1.317701 0.052447 -0.019042
v -1.292971 0.064865 0.019124
v -1.317697 0.052449 0.019113
v -1.317734 0.052390 0.019078
v -1.317734 -0.005490 -0.019107
v -1.317734 0.052395 -0.019118
v -1.317734 -0.005600 -0.019067
v -1.317734 0.052294 0.019113
v -1.317734 -0.005606 0.019113
v -1.292891 0.064878 -0.019062
v -1.268178 0.052470 0.019110
v -1.292891 0.064878 0.019124
v -1.292865 0.064865 -0.019124
v -1.268134 0.052448 -0.019116
v -1.268140 0.052451 0.019017
v -1.268100 -0.015949 -0.019101
v -1.268100 0.052387 0.019079
v -1.268100 0.052393 -0.019116
v -1.268100 0.052261 0.019110
v -1.268100 -0.016098 -0.019064
v -1.268100 -0.016106 0.019109
v 0.728054 -0.328293 -0.059686
v 0.639207 0.030724 -0.059707
v 0.668615 0.030673 -0.046142
v 0.669900 0.025368 -0.046144
v 0.759083 -0.347862 -0.046124
v 0.729258 -0.333139 -0.059673
v 0.728054 -0.328293 0.059686
v 0.668615 0.030673 0.046142
v 0.639207 0.030724 0.059707
v 0.669900 0.025368 0.046144
v 0.729258 -0.333139 0.059673
v 0.759083 -0.347862 0.046124
v -1.466511 -0.047173 -0.019111
v -1.417040 -0.047173 -0.019117
v -1.417046 -0.047173 0.019067
v -1.466593 -0.047173 -0.019067
v -1.417128 -0.047173 0.019111
v -1.466599 -0.047173 0.019117
v -1.068156 0.375634 -0.016802
v -1.105027 0.375634 -0.016807
v -1.105022 0.375634 -0.008443
v -1.067969 0.375634 -0.016796
v -1.104835 0.375634 -0.008437
v -1.067964 0.375634 -0.008432
v -1.105022 0.375634 0.016796
v -1.068156 0.375634 0.008437
v -1.105027 0.375634 0.008432
v -1.067969 0.375634 0.008443
v -1.104835 0.375634 0.016802
v -1.067964 0.375634 0.016807
v 0.063723 0.371862 -0.044210
v 0.068637 0.371862 -0.011658
v 0.068641 0.371862 -0.044214
v 0.068634 0.371862 -0.011410
v 0.063720 0.371862 -0.043962
v 0.063716 0.371862 -0.011406
v 0.063716 0.371862 0.011406
v 0.063720 0.371862 0.043962
v 0.068634 0.371862 0.011410
v 0.068637 0.371862 0.011658
v 0.063723 0.371862 0.044210
v 0.068641 0.371862 0.044214
v -1.085060 0.366598 -0.000596
v -1.086548 0.366598 -0.000596
v -1.086548 0.366598 0.000594
v -1.085057 0.366598 -0.000594
v -1.086545 0.366598 0.000596
v -1.085057 0.366598 0.000596
v -1.267975 -0.016151 -0.019111
v -1.218503 -0.016151 -0.019117
v -1.218509 -0.016151 0.019067
v -1.268057 -0.016151 -0.019067
v -1.218591 -0.016151 0.019111
v -1.268063 -0.016151 0.019117
v -1.068069 0.360250 -0.008386
v -1.105023 0.360250 -0.008390
v -1.105019 0.360250 0.008371
v -1.067972 0.360250 -0.008371
v -1.104922 0.360250 0.008386
v -1.067968 0.360250 0.008390
v -0.083618 0.365658 -0.043212
v -0.097275 0.365658 -0.043216
v -0.083619 0.365658 -0.027570
v -0.097314 0.365658 -0.043209
v -0.116385 0.365658 -0.027537
v -0.083644 0.365658 -0.027534
v -0.116434 0.365658 -0.058909
v -0.116430 0.365658 -0.027565
v -0.097339 0.365658 -0.043233
v -0.116395 0.365658 -0.058933
v -0.097329 0.365658 -0.043269
v -0.097327 0.365658 -0.058939
v -0.083575 0.365658 -0.027534
v -0.051540 0.365658 -0.027531
v -0.083576 0.365658 -0.043200
v -0.051474 0.365658 -0.043219
v -0.083508 0.365658 -0.043212
v -0.051479 0.365658 -0.027542
v -0.051446 0.365658 -0.043115
v -0.051441 0.365658 -0.027531
v -0.047587 0.365658 -0.027529
v -0.047583 0.365658 -0.027649
v -0.047589 0.365658 -0.043210
v -0.051442 0.365658 -0.043219
v -0.013397 0.339660 -0.027542
v -0.047548 0.365644 -0.043200
v -0.047553 0.365648 -0.027529
v -0.047462 0.365579 -0.043210
v -0.013287 0.339576 -0.027554
v -0.013283 0.339573 -0.043208
v -0.116434 0.365658 0.058909
v -0.097339 0.365658 0.043233
v -0.116430 0.365658 0.027565
v -0.097329 0.365658 0.043269
v -0.116395 0.365658 0.058933
v -0.097327 0.365658 0.058939
v -0.083648 0.365658 0.027535
v -0.116385 0.365658 0.027537
v -0.097314 0.365658 0.043209
v -0.097275 0.365658 0.043216
v -0.083614 0.365658 0.043216
v -0.083620 0.365658 0.027574
v -0.083580 0.365658 0.043216
v -0.051540 0.365658 0.043214
v -0.083574 0.365658 0.027549
v -0.051474 0.365658 0.027526
v -0.083496 0.365658 0.027535
v -0.051479 0.365658 0.043203
v -0.051446 0.365658 0.027630
v -0.051441 0.365658 0.043214
v -0.047587 0.365658 0.043216
v -0.047583 0.365658 0.043096
v -0.047589 0.365658 0.027535
v -0.051442 0.365658 0.027526
v -0.013397 0.339660 0.043203
v -0.047548 0.365644 0.027545
v -0.047553 0.365648 0.043216
v -0.047462 0.365579 0.027535
v -0.013287 0.339576 0.043191
v -0.013283 0.339573 0.027537
v -0.121440 0.359422 -0.027520
v 0.050760 0.359422 -0.011439
v 0.050723 0.359422 -0.027563
v -0.122185 0.359422 -0.027339
v 0.050734 0.359422 0.011303
v 0.050760 0.359422 -0.011350
v 0.050355 0.359422 0.011361
v -0.123998 0.359422 -0.027489
v -0.124007 0.359422 0.027518
v 0.050734 0.359422 0.011467
v -0.121641 0.359422 0.027529
v 0.050723 0.359422 0.027563
v 0.050848 0.359422 -0.011261
v 0.050874 0.359422 0.011320
v 0.068617 0.359422 0.011370
v 0.068640 0.359422 -0.011373
v 0.050895 0.359422 -0.011346
v 0.068637 0.359422 0.011333
v 0.188942 -0.078362 -0.072676
v 0.330250 0.001244 -0.072660
v 0.188917 -0.078376 0.072481
v 0.330569 0.001424 -0.072380
v 0.330594 0.001438 0.072689
v 0.189172 -0.078232 0.072705
v 0.330992 0.001535 -0.072560
v 0.717504 0.001535 0.072617
v 0.330963 0.001535 0.072689
v 0.332012 0.001535 -0.072660
v 0.718757 0.001535 -0.072659
v 0.718715 0.001535 0.072498
v 0.188578 -0.078465 0.072705
v -0.134729 -0.078465 0.072684
v 0.188549 -0.078465 -0.072561
v -0.135503 -0.078465 -0.072719
v 0.187779 -0.078465 -0.072676
v -0.135468 -0.078465 0.072574
v -0.135797 -0.078357 -0.072432
v -0.135824 -0.078335 0.072684
v -0.229846 0.001326 0.072736
v -0.229964 0.001426 -0.072717
v -0.135945 -0.078232 -0.072719
v -0.229979 0.001438 0.072479
v -0.230262 0.001535 -0.072587
v -0.230243 0.001535 0.072736
v -0.472906 0.001535 0.072733
v -0.473330 0.001535 -0.072757
v -0.230705 0.001535 -0.072717
v -0.473306 0.001535 0.072616
v -0.473536 0.001639 -0.072757
v -0.473551 0.001658 0.072185
v -0.513307 0.054913 -0.072722
v -0.513362 0.054986 -0.072134
v -0.473602 0.001726 0.072733
v -0.513377 0.055006 0.072747
v -0.513599 0.055118 0.072747
v -0.791499 0.055118 0.072677
v -0.513624 0.055118 -0.072615
v -0.792172 0.055118 -0.072706
v -0.514129 0.055118 -0.072722
v -0.792143 0.055118 0.072540
v 0.027264 0.364720 -0.056254
v 0.037587 0.368995 -0.027880
v 0.037587 0.368995 -0.056254
v 0.047940 0.364720 -0.027806
v 0.037619 0.368995 -0.056180
v 0.037619 0.368995 -0.027806
v 0.037579 0.368992 -0.027806
v 0.027256 0.364717 -0.056180
v 0.027256 0.364717 -0.027806
v 0.037627 0.368992 -0.056254
v 0.047948 0.364717 -0.027880
v 0.047948 0.364717 -0.056254
v 0.022958 0.354373 -0.056253
v 0.027233 0.364694 -0.027880
v 0.027233 0.364694 -0.056254
v 0.052247 0.354373 -0.027807
v 0.047971 0.364694 -0.056180
v 0.047971 0.364694 -0.027806
v 0.027230 0.364686 -0.027806
v 0.022955 0.354365 -0.056175
v 0.022955 0.354365 -0.027808
v 0.027230 0.339267 -0.056249
v 0.022953 0.354330 -0.027862
v 0.022953 0.354330 -0.056253
v 0.022957 0.354318 -0.027808
v 0.027234 0.339253 -0.056187
v 0.027235 0.339250 -0.027808
v 0.047974 0.364686 -0.056254
v 0.052250 0.354365 -0.027885
v 0.052250 0.354365 -0.056252
v 0.047974 0.339267 -0.027811
v 0.052252 0.354330 -0.056198
v 0.052252 0.354330 -0.027807
v 0.052248 0.354318 -0.056252
v 0.047970 0.339253 -0.027873
v 0.047969 0.339250 -0.056252
v 0.037627 0.368992 0.027806
v 0.047948 0.364717 0.056180
v 0.047948 0.364717 0.027806
v 0.052247 0.354373 0.056253
v 0.047971 0.364694 0.027880
v 0.047971 0.364694 0.056254
v 0.047940 0.364720 0.056254
v 0.037619 0.368995 0.027880
v 0.037619 0.368995 0.056254
v 0.047974 0.364686 0.027806
v 0.052250 0.354365 0.056175
v 0.052250 0.354365 0.027808
v 0.047974 0.339267 0.056249
v 0.052252 0.354330 0.027862
v 0.052252 0.354330 0.056253
v 0.052248 0.354318 0.027808
v 0.047970 0.339253 0.056187
v 0.047969 0.339250 0.027808
v 0.027264 0.364720 0.027806
v 0.037587 0.368995 0.056180
v 0.037587 0.368995 0.027806
v 0.037579 0.368992 0.056254
v 0.027256 0.364717 0.027880
v 0.027256 0.364717 0.056254
v 0.022958 0.354373 0.027807
v 0.027233 0.364694 0.056180
v 0.027233 0.364694 0.027806
v 0.027230 0.364686 0.056254
v 0.022955 0.354365 0.027885
v 0.022955 0.354365 0.056252
v 0.027230 0.339267 0.027811
v 0.022953 0.354330 0.056198
v 0.022953 0.354330 0.027807
v 0.022957 0.354318 0.056252
v 0.027234 0.339253 0.027873
v 0.027235 0.339250 0.056252
v -1.367243 -0.005647 -0.019111
v -1.317771 -0.005647 -0.019117
v -1.317777 -0.005647 0.019067
v -1.367325 -0.005647 -0.019067
v -1.317859 -0.005647 0.019111
v -1.367331 -0.005647 0.019117
v -1.041158 0.198060 -0.008440
v -0.963991 0.238202 -0.011976
v -1.039407 0.190982 -0.011979
v -0.963022 0.238812 -0.011974
v -1.040163 0.198684 -0.008439
v -0.964473 0.245894 -0.008433
v -1.102837 0.190949 -0.011983
v -1.041260 0.198029 -0.008440
v -1.039494 0.190956 -0.011979
v -1.042050 0.198034 -0.008438
v -1.103408 0.190953 -0.011981
v -1.105165 0.198044 -0.008433
v -1.144000 0.169477 -0.011984
v -1.105244 0.198016 -0.008437
v -1.103481 0.190931 -0.011983
v -1.172904 0.162202 -0.008434
v -1.105649 0.197811 -0.008433
v -1.144377 0.169279 -0.011984
v 0.710216 0.015766 -0.086688
v 0.330922 0.001678 -0.073024
v 0.327167 0.015888 -0.086733
v 0.338150 0.001672 -0.073019
v 0.718757 0.015756 -0.086680
v 0.718810 0.001660 -0.073007
v 0.330557 0.001592 -0.073033
v 0.186951 -0.062991 -0.086749
v 0.326856 0.015806 -0.086733
v 0.185116 -0.064037 -0.086738
v 0.328059 0.000168 -0.073018
v 0.188882 -0.078251 -0.073008
v 0.188544 -0.078329 -0.073018
v -0.124748 -0.064105 -0.086740
v 0.184847 -0.064096 -0.086749
v 0.183189 -0.078339 -0.073008
v -0.135491 -0.078369 -0.072978
v -0.129482 -0.064110 -0.086735
v -0.228899 0.000645 -0.072972
v -0.129765 -0.064017 -0.086727
v -0.135735 -0.078283 -0.072977
v -0.131032 -0.062923 -0.086742
v -0.229951 0.001554 -0.072985
v -0.223963 0.015855 -0.086771
v -0.463684 0.015928 -0.086772
v -0.224164 0.015926 -0.086770
v -0.230185 0.001632 -0.072980
v -0.233076 0.001626 -0.072974
v -0.473325 0.001603 -0.072951
v -0.466132 0.015923 -0.086767
v -0.512956 0.054586 -0.072969
v -0.466322 0.015999 -0.086752
v -0.473485 0.001683 -0.072951
v -0.466658 0.016483 -0.086772
v -0.513330 0.055125 -0.072991
v -0.506211 0.069412 -0.086774
v -0.780740 0.069458 -0.086733
v -0.506388 0.069500 -0.086774
v -0.513542 0.055208 -0.072973
v -0.516693 0.055204 -0.072969
v -0.792171 0.055210 -0.072975
v -0.785022 0.069452 -0.086727
v -0.964473 0.245894 0.008433
v -1.040163 0.198684 0.008439
v -0.963022 0.238812 0.011974
v -0.963991 0.238202 0.011976
v -1.041158 0.198060 0.008440
v -1.039407 0.190982 0.011979
v -1.041260 0.198029 0.008440
v -1.102837 0.190949 0.011983
v -1.039494 0.190956 0.011979
v -1.103408 0.190953 0.011981
v -1.042050 0.198034 0.008438
v -1.105165 0.198044 0.008433
v -1.105244 0.198016 0.008437
v -1.144000 0.169477 0.011984
v -1.103481 0.190931 0.011983
v -1.105649 0.197811 0.008433
v -1.172904 0.162202 0.008434
v -1.144377 0.169279 0.011984
v 0.338150 0.001672 0.073019
v 0.718810 0.001660 0.073007
v 0.718757 0.015757 0.086680
v 0.330922 0.001678 0.073024
v 0.710216 0.015766 0.086688
v 0.327167 0.015888 0.086733
v 0.186951 -0.062991 0.086749
v 0.330557 0.001592 0.073033
v 0.326856 0.015806 0.086733
v 0.328059 0.000168 0.073018
v 0.185116 -0.064037 0.086738
v 0.188882 -0.078251 0.073008
v -0.124748 -0.064105 0.086740
v 0.188544 -0.078329 0.073018
v 0.184847 -0.064096 0.086749
v 0.183189 -0.078339 0.073008
v -0.129482 -0.064110 0.086735
v -0.135491 -0.078369 0.072978
v -0.228899 0.000645 0.072972
v -0.135735 -0.078283 0.072977
v -0.129765 -0.064017 0.086727
v -0.131032 -0.062923 0.086742
v -0.223963 0.015855 0.086771
v -0.229951 0.001554 0.072985
v -0.463684 0.015928 0.086772
v -0.230185 0.001632 0.072980
v -0.224164 0.015926 0.086770
v -0.233076 0.001626 0.072974
v -0.466132 0.015923 0.086767
v -0.473325 0.001603 0.072951
v -0.512956 0.054586 0.072969
v -0.473485 0.001683 0.072951
v -0.466322 0.015999 0.086752
v -0.466658 0.016483 0.086772
v -0.506211 0.069412 0.086774
v -0.513330 0.055125 0.072991
v -0.780740 0.069458 0.086733
v -0.513542 0.055208 0.072973
v -0.506388 0.069500 0.086774
v -0.516693 0.055204 0.072969
v -0.785022 0.069452 0.086727
v -0.792171 0.055210 0.072975
v 0.020181 0.349078 -0.027535
v 0.058991 0.349078 -0.027539
v 0.020185 0.349078 -0.043192
v 0.059109 0.349078 -0.043210
v 0.020299 0.349078 -0.043206
v 0.059105 0.349078 -0.027553
v 0.020181 0.349078 0.043210
v 0.058991 0.349078 0.043206
v 0.020185 0.349078 0.027553
v 0.059109 0.349078 0.027535
v 0.020299 0.349078 0.027539
v 0.059105 0.349078 0.043192
v -0.062967 0.339558 -0.043280
v 0.047822 0.339558 -0.058877
v -0.062954 0.339558 -0.058900
v -0.062943 0.339558 -0.027598
v 0.047800 0.339558 -0.058718
v -0.062967 0.339558 -0.043197
v -0.062157 0.339558 -0.027683
v 0.064027 0.339558 -0.043294
v 0.048903 0.339558 -0.058867
v -0.125830 0.339558 0.027386
v -0.063182 0.339558 -0.027447
v -0.125837 0.339558 -0.027462
v -0.063073 0.339558 -0.027368
v -0.125735 0.339558 0.027455
v -0.063082 0.339558 0.027438
v -0.062934 0.339558 0.027386
v 0.063795 0.339558 -0.043101
v -0.062943 0.339558 -0.027454
v -0.062773 0.339558 0.027466
v 0.064132 0.339558 0.043157
v 0.064118 0.339558 -0.043095
v 0.064057 0.339558 0.043283
v -0.062043 0.339558 0.027706
v 0.048903 0.339558 0.058867
v -0.062934 0.339558 0.027610
v -0.062967 0.339558 0.043197
v 0.047800 0.339558 0.058718
v 0.047822 0.339558 0.058877
v -0.062967 0.339558 0.043280
v -0.062954 0.339558 0.058900
v 0.768844 0.248527 -0.084977
v 0.723101 0.300019 -0.084730
v 0.731735 0.315028 -0.069431
v 0.769064 0.248290 -0.084965
v 0.732689 0.314017 -0.069368
v 0.784346 0.252256 -0.069238
v 0.769093 0.164382 -0.084973
v 0.769091 0.248189 -0.084975
v 0.784375 0.252137 -0.069252
v 0.769098 0.163940 -0.084967
v 0.784391 0.251700 -0.069237
v 0.784396 0.148640 -0.069231
v 0.722376 0.300358 -0.084710
v -0.180578 0.315207 -0.069435
v 0.731351 0.315277 -0.069363
v 0.687405 0.300353 -0.084715
v -0.214998 0.300261 -0.084809
v -0.208992 0.315203 -0.069440
v -0.256937 0.325406 -0.084964
v -0.209679 0.315273 -0.069551
v -0.215543 0.300405 -0.084815
v -0.210621 0.315994 -0.069428
v -0.257137 0.325559 -0.084938
v -0.251037 0.340772 -0.069270
v -0.470663 0.325586 -0.084949
v -0.251255 0.340817 -0.069284
v -0.257283 0.325573 -0.084962
v -0.253355 0.340828 -0.069272
v -0.472423 0.325590 -0.084945
v -0.483447 0.340848 -0.069252
v -0.472588 0.325533 -0.084913
v -0.499395 0.307029 -0.069262
v -0.483581 0.340768 -0.069250
v -0.472651 0.325316 -0.084950
v -0.486448 0.297686 -0.084952
v -0.499426 0.306813 -0.069327
v -0.486606 0.297615 -0.084939
v -0.737344 0.297645 -0.084887
v -0.499632 0.306748 -0.069283
v -0.502251 0.306750 -0.069279
v -0.741164 0.297648 -0.084882
v -0.754151 0.306742 -0.069294
v 0.732689 0.314017 0.069368
v 0.769064 0.248290 0.084965
v 0.784346 0.252256 0.069238
v 0.769093 0.164382 0.084973
v 0.784375 0.252137 0.069252
v 0.769091 0.248189 0.084975
v 0.784391 0.251700 0.069237
v 0.769098 0.163940 0.084967
v 0.784396 0.148640 0.069231
v 0.768844 0.248527 0.084977
v 0.731735 0.315028 0.069431
v 0.723101 0.300019 0.084730
v -0.180578 0.315207 0.069433
v 0.722376 0.300358 0.084710
v 0.731351 0.315277 0.069362
v 0.687407 0.300353 0.084715
v -0.208992 0.315203 0.069438
v -0.214998 0.300261 0.084809
v -0.256937 0.325406 0.084964
v -0.215543 0.300405 0.084815
v -0.209679 0.315273 0.069549
v -0.210621 0.315994 0.069426
v -0.251037 0.340773 0.069268
v -0.257137 0.325559 0.084938
v -0.251255 0.340818 0.069281
v -0.470665 0.325586 0.084949
v -0.257283 0.325573 0.084962
v -0.253355 0.340829 0.069270
v -0.483447 0.340849 0.069250
v -0.472425 0.325590 0.084945
v -0.499395 0.307029 0.069260
v -0.472590 0.325533 0.084913
v -0.483581 0.340769 0.069248
v -0.472653 0.325316 0.084950
v -0.499426 0.306813 0.069325
v -0.486448 0.297686 0.084952
v -0.499632 0.306748 0.069281
v -0.737345 0.297645 0.084887
v -0.486606 0.297615 0.084938
v -0.741164 0.297648 0.084882
v -0.502251 0.306750 0.069277
v -0.754151 0.306742 0.069292
v 0.784435 0.148769 -0.069073
v 0.784435 0.252125 -0.069099
v 0.784435 0.252105 0.068855
v 0.784435 0.148652 -0.068838
v 0.784435 0.251993 0.069079
v 0.784435 0.148637 0.069088
v 0.784363 0.252303 0.068784
v 0.784376 0.252288 -0.069099
v 0.732143 0.314922 -0.068804
v 0.731956 0.315147 -0.067785
v 0.731919 0.315191 0.068862
v 0.784309 0.252368 0.069079
v 0.731321 0.315444 -0.068743
v -0.204074 0.315444 0.068812
v 0.731379 0.315444 0.068862
v -0.208870 0.315444 0.068752
v 0.726423 0.315444 -0.068804
v -0.208928 0.315444 -0.068872
v -0.250957 0.340817 -0.069072
v -0.209571 0.315641 0.066987
v -0.209521 0.315610 -0.068872
v -0.209705 0.315722 0.068812
v -0.251000 0.340843 -0.068491
v -0.250978 0.340831 0.069043
v -0.483075 0.340906 -0.069052
v -0.251250 0.340907 0.068932
v -0.251223 0.340906 -0.069072
v -0.251636 0.340907 0.069043
v -0.483443 0.340906 -0.068946
v -0.483467 0.340907 0.069074
v -0.483642 0.340779 -0.068146
v -0.499501 0.306975 0.069043
v -0.483632 0.340802 0.069074
v -0.499521 0.306934 0.068091
v -0.483661 0.340740 -0.069052
v -0.499531 0.306911 -0.069070
v -0.753619 0.306801 -0.068998
v -0.499730 0.306801 0.068943
v -0.499705 0.306801 -0.069070
v -0.500161 0.306801 0.069043
v -0.754187 0.306801 -0.068867
v -0.754214 0.306801 0.069023
v 0.068657 0.349255 0.043542
v 0.068657 0.359395 -0.011092
v 0.068657 0.359400 0.011387
v 0.068657 0.359424 0.011458
v 0.068657 0.371825 0.044204
v 0.068657 0.349142 0.044187
v 0.068657 0.371836 0.044090
v 0.068657 0.359454 0.011412
v 0.068657 0.371843 0.011409
v 0.068657 0.349126 0.043764
v 0.068657 0.349124 -0.043961
v 0.068657 0.359394 -0.011388
v 0.068657 0.371825 -0.044204
v 0.068657 0.359424 -0.011474
v 0.068657 0.349139 -0.044189
v 0.068657 0.359462 -0.011417
v 0.068657 0.371836 -0.044090
v 0.068657 0.371843 -0.011409
v -0.097178 0.365556 -0.058924
v -0.063032 0.339576 -0.043275
v -0.063028 0.339573 -0.058929
v -0.063142 0.339660 -0.043263
v -0.097288 0.365640 -0.058912
v -0.097292 0.365643 -0.043258
v -0.097178 0.365556 0.043263
v -0.063032 0.339576 0.058912
v -0.063028 0.339573 0.043258
v -0.063142 0.339660 0.058924
v -0.097288 0.365640 0.043275
v -0.097292 0.365643 0.058929
v 0.059132 0.338968 0.027525
v 0.059132 0.349067 0.027523
v 0.059132 0.349065 0.043190
v 0.059132 0.338958 0.027555
v 0.059132 0.349055 0.043220
v 0.059132 0.338956 0.043222
v 0.059132 0.338968 -0.043220
v 0.059132 0.349067 -0.043222
v 0.059132 0.349065 -0.027555
v 0.059132 0.338958 -0.043190
v 0.059132 0.349055 -0.027525
v 0.059132 0.338956 -0.027523
v 0.823095 0.002714 -0.117420
v 0.823073 0.164942 -0.117420
v 0.854980 0.126509 -0.117420
v 0.822875 0.002253 -0.117420
v 0.727720 0.164861 -0.117420
v 0.822897 0.165096 -0.117420
v 0.727626 0.164519 -0.117420
v 0.822794 0.001957 -0.117420
v 0.727609 0.001809 -0.117420
v 0.823190 0.002203 -0.117420
v 0.855096 0.126061 -0.117420
v 0.872307 0.050440 -0.117420
v 0.855260 0.126351 -0.117420
v 1.037137 0.051011 -0.117420
v 0.872475 0.050500 -0.117420
v 1.037808 0.051068 -0.117420
v 0.855665 0.126426 -0.117420
v 1.059250 0.126689 -0.117420
v 1.038096 0.050951 -0.117420
v 1.059528 0.126573 -0.117420
v 1.244139 -0.031688 -0.117420
v 1.223400 -0.107499 -0.117420
v 1.038724 0.050366 -0.117420
v 1.244642 -0.032158 -0.117420
v 1.244855 -0.032318 -0.117420
v 1.322579 -0.107069 -0.117420
v 1.223622 -0.107591 -0.117420
v 1.322680 -0.106975 -0.117420
v 1.245102 -0.032209 -0.117420
v 1.322696 -0.032381 -0.117420
v 1.354657 -0.032803 -0.117420
v 1.322816 -0.106804 -0.117420
v 1.322800 -0.032382 -0.117420
v 1.354688 -0.033035 -0.117420
v 1.354664 -0.130184 -0.117420
v 1.322832 -0.107113 -0.117420
v 1.426481 -0.033435 -0.117420
v 1.354832 -0.130094 -0.117420
v 1.354808 -0.032805 -0.117420
v 1.354915 -0.130264 -0.117420
v 1.426631 -0.033493 -0.117420
v 1.491359 -0.129777 -0.117420
v 1.426880 -0.033586 -0.117420
v 1.519974 -0.085891 -0.117420
v 1.491520 -0.129706 -0.117420
v 1.519595 -0.085435 -0.117420
v 1.426725 -0.033321 -0.117420
v 1.437154 0.004249 -0.117420
v 1.437227 0.004446 -0.117420
v 1.519225 0.131139 -0.117420
v 1.520018 -0.085581 -0.117420
v 1.519135 0.131391 -0.117420
v 1.437205 0.004757 -0.117420
v 1.438168 0.131418 -0.117420
v 1.438364 0.131576 -0.117420
v 1.518728 0.182022 -0.117420
v 1.519222 0.131603 -0.117420
v 1.518533 0.182085 -0.117420
v 1.438103 0.131599 -0.117420
v 1.391489 0.182093 -0.117420
v 1.391809 0.232712 -0.117420
v 1.518397 0.182241 -0.117420
v 1.391400 0.182233 -0.117420
v 1.392147 0.232750 -0.117420
v 1.518442 0.232767 -0.117420
v 1.518726 0.182279 -0.117420
v 1.518226 0.232893 -0.117420
v 1.391985 0.232910 -0.117420
v 1.443227 0.268650 -0.117420
v 1.443498 0.268659 -0.117420
v 1.518361 0.268675 -0.117420
v 1.518442 0.232930 -0.117420
v 0.823095 0.002714 0.117420
v 0.854980 0.126509 0.117420
v 0.823073 0.164942 0.117420
v 0.822875 0.002253 0.117420
v 0.822897 0.165096 0.117420
v 0.727720 0.164861 0.117420
v 0.727609 0.001809 0.117420
v 0.822794 0.001958 0.117420
v 0.727626 0.164519 0.117420
v 0.855096 0.126061 0.117420
v 0.823190 0.002203 0.117420
v 0.872307 0.050440 0.117420
v 1.037137 0.051011 0.117420
v 0.855260 0.126351 0.117420
v 0.872475 0.050500 0.117420
v 0.855665 0.126426 0.117420
v 1.037808 0.051068 0.117420
v 1.059250 0.126689 0.117420
v 1.038096 0.050951 0.117420
v 1.244139 -0.031688 0.117420
v 1.059528 0.126573 0.117420
v 1.244642 -0.032158 0.117420
v 1.038724 0.050366 0.117420
v 1.223400 -0.107499 0.117420
v 1.322579 -0.107068 0.117420
v 1.244855 -0.032318 0.117420
v 1.223622 -0.107591 0.117420
v 1.245102 -0.032209 0.117420
v 1.322680 -0.106975 0.117420
v 1.322696 -0.032381 0.117420
v 1.322816 -0.106803 0.117420
v 1.354657 -0.032803 0.117420
v 1.322800 -0.032382 0.117420
v 1.354688 -0.033035 0.117420
v 1.322832 -0.107113 0.117420
v 1.354664 -0.130184 0.117420
v 1.354832 -0.130094 0.117420
v 1.426481 -0.033435 0.117420
v 1.354808 -0.032805 0.117420
v 1.426631 -0.033493 0.117420
v 1.354915 -0.130264 0.117420
v 1.491359 -0.129777 0.117420
v 1.426880 -0.033586 0.117420
v 1.491520 -0.129706 0.117420
v 1.519974 -0.085891 0.117420
v 1.519595 -0.085435 0.117420
v 1.437154 0.004249 0.117420
v 1.426725 -0.033321 0.117420
v 1.520018 -0.085581 0.117420
v 1.519225 0.131139 0.117420
v 1.437227 0.004446 0.117420
v 1.437205 0.004757 0.117420
v 1.519135 0.131391 0.117420
v 1.438168 0.131418 0.117420
v 1.438364 0.131576 0.117420
v 1.519222 0.131603 0.117420
v 1.518728 0.182022 0.117420
v 1.438103 0.131599 0.117420
v 1.518533 0.182085 0.117420
v 1.391489 0.182093 0.117420
v 1.518397 0.182241 0.117420
v 1.391809 0.232712 0.117420
v 1.391400 0.182233 0.117420
v 1.392147 0.232750 0.117420
v 1.518726 0.182279 0.117420
v 1.518442 0.232767 0.117420
v 1.518226 0.232893 0.117420
v 1.443227 0.268650 0.117420
v 1.391985 0.232910 0.117420
v 1.443498 0.268659 0.117420
v 1.518442 0.232930 0.117420
v 1.518361 0.268675 0.117420
v 0.011186 0.241353 0.071924
v 0.011189 0.282508 0.071918
v 0.003330 0.290014 0.084964
v 0.011183 0.241166 0.071929
v 0.003318 0.289851 0.084984
v 0.003316 0.233641 0.084987
v 0.013833 0.244297 0.058688
v 0.013834 0.279507 0.058683
v 0.011210 0.282486 0.071856
v 0.013831 0.244167 0.058696
v 0.011207 0.282364 0.071870
v 0.011207 0.241179 0.071874
v 0.200694 0.233706 0.084814
v 0.011325 0.241039 0.072090
v 0.003455 0.233638 0.084933
v 0.535359 0.241024 0.072116
v 0.016688 0.241044 0.072081
v 0.206676 0.233707 0.084813
v 0.554375 0.233668 0.084880
v 0.546581 0.241020 0.072122
v 0.217062 0.233706 0.084814
v 0.856703 0.267358 -0.088566
v 0.856769 0.152630 -0.088566
v 0.806510 0.210082 -0.088566
v 0.857103 0.152351 -0.088566
v 0.857169 0.267669 -0.088566
v 1.253096 0.152411 -0.088566
v 0.858569 0.267746 -0.088566
v 1.345702 0.267783 -0.088566
v 1.254606 0.152445 -0.088566
v 1.255741 0.153150 -0.088566
v 1.345911 0.267414 -0.088566
v 1.346037 0.212497 -0.088566
v -0.223702 0.015886 -0.086846
v -0.141862 0.014102 -0.086846
v -0.129846 -0.063545 -0.086846
v 0.191074 0.014054 -0.086846
v -0.129445 -0.063773 -0.086846
v -0.141595 0.014099 -0.086846
v -0.142117 0.014371 -0.086846
v -0.223920 0.016115 -0.086846
v -0.235866 0.093686 -0.086846
v -0.128085 -0.063815 -0.086846
v 0.192354 0.014000 -0.086846
v 0.184820 -0.063837 -0.086846
v -0.465259 0.016161 -0.086846
v -0.236348 0.093941 -0.086846
v -0.224147 0.016117 -0.086846
v 0.326367 0.015843 -0.086846
v 0.185149 -0.063709 -0.086846
v 0.192715 0.014056 -0.086846
v -0.237980 0.093847 -0.086846
v -0.466148 0.016190 -0.086846
v -0.505876 0.069413 -0.086846
v -0.797360 0.093977 -0.086846
v -0.240965 0.094013 -0.086846
v -0.506241 0.069770 -0.086846
v -0.510938 0.069769 -0.086846
v -0.785067 0.069707 -0.086846
v -0.802954 0.093931 -0.086846
v 0.334444 0.094051 -0.086846
v 0.326830 0.016158 -0.086846
v 0.193245 0.014417 -0.086846
v 0.327155 0.016316 -0.086846
v 0.334651 0.094132 -0.086846
v 0.442969 0.094102 -0.086846
v 0.443414 0.094091 -0.086846
v 0.717370 0.016153 -0.086846
v 0.327477 0.016159 -0.086846
v 0.497003 0.139971 -0.086846
v 0.717202 0.016668 -0.086846
v 0.443658 0.094289 -0.086846
v 0.718759 0.016311 -0.086846
v 0.497578 0.140004 -0.086846
v 0.718837 0.140088 -0.086846
v 1.345911 0.267414 0.088566
v 1.255741 0.153150 0.088566
v 1.346037 0.212497 0.088566
v 0.858569 0.267746 0.088566
v 1.254606 0.152445 0.088566
v 1.345702 0.267783 0.088566
v 1.253096 0.152411 0.088566
v 0.857169 0.267669 0.088566
v 0.857103 0.152351 0.088566
v 0.856769 0.152630 0.088566
v 0.856703 0.267358 0.088566
v 0.806510 0.210082 0.088566
v -0.459235 0.116227 -0.085014
v -0.486259 0.297287 -0.085014
v -0.385990 0.227865 -0.085014
v -0.486481 0.296972 -0.085014
v -0.459435 0.116030 -0.085014
v -0.542047 0.116085 -0.085014
v -0.542359 0.116221 -0.085014
v -0.740713 0.297369 -0.085014
v -0.486616 0.297438 -0.085014
v -0.741135 0.297206 -0.085014
v -0.542713 0.116085 -0.085014
v -0.796819 0.116105 -0.085014
v -0.472451 0.325334 -0.085014
v -0.386934 0.228985 -0.085014
v -0.486266 0.297615 -0.085014
v -0.257586 0.325402 -0.085014
v -0.385701 0.228177 -0.085014
v -0.472238 0.325416 -0.085014
v -0.384386 0.228693 -0.085014
v -0.257220 0.325377 -0.085014
v -0.216132 0.300117 -0.085014
v 0.234485 0.228254 -0.085014
v -0.384778 0.228108 -0.085014
v -0.215330 0.299704 -0.085014
v -0.210981 0.299715 -0.085014
v 0.718290 0.299739 -0.085014
v 0.238770 0.228258 -0.085014
v 0.240513 0.227834 -0.085014
v 0.721116 0.299506 -0.085014
v 0.498716 0.164105 -0.085014
v 0.336801 0.118124 -0.085014
v 0.239746 0.227327 -0.085014
v 0.498055 0.163904 -0.085014
v 0.337625 0.118108 -0.085014
v 0.498019 0.163527 -0.085014
v 0.445125 0.118064 -0.085014
v 0.722477 0.299576 -0.085014
v 0.768856 0.164057 -0.085014
v 0.499375 0.164093 -0.085014
v 0.768912 0.164768 -0.085014
v 0.723472 0.298663 -0.085014
v 0.768988 0.248209 -0.085014
v -0.510938 0.069769 0.086846
v -0.802954 0.093931 0.086846
v -0.785067 0.069707 0.086846
v -0.797360 0.093977 0.086846
v -0.506241 0.069770 0.086846
v -0.240965 0.094013 0.086846
v -0.466148 0.016190 0.086846
v -0.237980 0.093847 0.086846
v -0.505876 0.069413 0.086846
v -0.236348 0.093941 0.086846
v -0.465259 0.016161 0.086846
v -0.224147 0.016117 0.086846
v -0.142117 0.014371 0.086846
v -0.235866 0.093686 0.086846
v -0.223920 0.016115 0.086846
v -0.223702 0.015886 0.086846
v -0.129846 -0.063545 0.086846
v -0.141862 0.014102 0.086846
v 0.191074 0.014054 0.086846
v -0.141595 0.014099 0.086846
v -0.129445 -0.063773 0.086846
v 0.192354 0.014000 0.086846
v -0.128085 -0.063815 0.086846
v 0.184820 -0.063837 0.086846
v 0.326367 0.015843 0.086846
v 0.192715 0.014056 0.086846
v 0.185149 -0.063709 0.086846
v 0.193245 0.014417 0.086846
v 0.326830 0.016158 0.086846
v 0.334444 0.094051 0.086846
v 0.334651 0.094132 0.086846
v 0.327155 0.016316 0.086846
v 0.442969 0.094102 0.086846
v 0.717370 0.016153 0.086846
v 0.443414 0.094091 0.086846
v 0.327477 0.016159 0.086846
v 0.717202 0.016668 0.086846
v 0.497003 0.139971 0.086846
v 0.443658 0.094289 0.086846
v 0.497578 0.140004 0.086846
v 0.718759 0.016311 0.086846
v 0.718837 0.140088 0.086846
v -0.459435 0.116030 0.085014
v -0.486481 0.296972 0.085014
v -0.542047 0.116085 0.085014
v -0.542359 0.116221 0.085014
v -0.486616 0.297438 0.085014
v -0.740713 0.297369 0.085014
v -0.796819 0.116105 0.085014
v -0.542713 0.116085 0.085014
v -0.741135 0.297206 0.085014
v -0.486259 0.297287 0.085014
v -0.459235 0.116227 0.085014
v -0.386017 0.227859 0.085014
v -0.387058 0.229095 0.085014
v -0.472453 0.325334 0.085014
v -0.486266 0.297615 0.085014
v -0.472240 0.325416 0.085014
v -0.385698 0.228204 0.085014
v -0.257586 0.325402 0.085014
v -0.384248 0.228772 0.085014
v -0.215976 0.300106 0.085014
v -0.257220 0.325377 0.085014
v -0.384644 0.228144 0.085014
v 0.002085 0.233763 0.085014
v -0.215359 0.299770 0.085014
v 0.002971 0.289768 0.085014
v -0.213193 0.299687 0.085014
v 0.003111 0.233846 0.085014
v 0.003299 0.233402 0.085014
v -0.356641 0.228128 0.085014
v 0.219679 0.228146 0.085014
v 0.019004 0.233402 0.085014
v 0.235732 0.228219 0.085014
v 0.206657 0.233426 0.085014
v 0.003305 0.290411 0.085014
v 0.677315 0.299747 0.085014
v -0.203303 0.299787 0.085014
v 0.708824 0.299556 0.085014
v 0.050667 0.290411 0.085014
v 0.554624 0.290302 0.085014
v 0.238786 0.228146 0.085014
v 0.535456 0.233419 0.085014
v 0.208558 0.233426 0.085014
v 0.554803 0.233844 0.085014
v 0.720710 0.299632 0.085014
v 0.554851 0.289875 0.085014
v 0.554267 0.233412 0.085014
v 0.240536 0.227718 0.085014
v 0.498689 0.164081 0.085014
v 0.336801 0.118124 0.085014
v 0.498170 0.163906 0.085014
v 0.239433 0.227515 0.085014
v 0.498140 0.163591 0.085014
v 0.337625 0.118108 0.085014
v 0.445125 0.118064 0.085014
v 0.499052 0.164063 0.085014
v 0.768082 0.164070 0.085014
v 0.554691 0.233390 0.085014
v 0.722462 0.299648 0.085014
v 0.555139 0.233607 0.085014
v 0.768808 0.164157 0.085014
v 0.723449 0.298701 0.085014
v 0.768899 0.164844 0.085014
v 0.768988 0.248209 0.085014
v 0.543843 0.244079 0.058967
v 0.035294 0.241218 0.071598
v 0.546448 0.241202 0.071669
v 0.011576 0.241220 0.071589
v 0.520118 0.244081 0.058961
v 0.014029 0.244097 0.058888
v -1.028216 0.230845 0.022416
v -1.115484 0.230845 0.022416
v -1.028216 0.221584 0.000061
v -1.115791 0.221578 0.000047
v -1.028523 0.221578 0.000047
v -1.115791 0.230839 0.022402
v -1.115791 0.230908 0.022479
v -1.028523 0.230908 0.022479
v -1.115791 0.253263 0.031739
v -1.028216 0.221578 -0.000043
v -1.115484 0.221578 -0.000043
v -1.028216 0.230839 -0.022398
v -1.028216 0.253277 0.031744
v -1.115484 0.253277 0.031744
v -1.028216 0.230922 0.022485
v -1.115791 0.230845 -0.022412
v -1.028523 0.230845 -0.022412
v -1.115791 0.221584 -0.000057
v -1.115791 0.253367 0.031744
v -1.028523 0.253367 0.031744
v -1.115791 0.275721 0.022485
v -1.028216 0.230908 -0.022475
v -1.115484 0.230908 -0.022475
v -1.028216 0.253263 -0.031735
v -1.028216 0.275735 0.022479
v -1.115484 0.275735 0.022479
v -1.028216 0.253381 0.031739
v -1.115791 0.253277 -0.031741
v -1.028523 0.253277 -0.031741
v -1.115791 0.230922 -0.022481
v -1.028523 0.275798 0.022416
v -1.115791 0.285059 0.000061
v -1.115791 0.275798 0.022416
v -1.028216 0.253367 -0.031741
v -1.115484 0.253367 -0.031741
v -1.028216 0.275721 -0.022481
v -1.115484 0.285065 0.000047
v -1.028216 0.275804 0.022402
v -1.028216 0.285065 0.000047
v -1.115791 0.275735 -0.022476
v -1.028523 0.275735 -0.022476
v -1.115791 0.253381 -0.031735
v -1.028523 0.285065 -0.000043
v -1.115791 0.275804 -0.022398
v -1.115791 0.285065 -0.000043
v -1.115484 0.275798 -0.022412
v -1.028216 0.285059 -0.000057
v -1.028216 0.275798 -0.022412
v -0.097310 0.365621 0.058954
v -0.125796 0.339593 0.058954
v -0.063214 0.339627 0.058954
v -0.125805 0.339681 0.058954
v -0.097386 0.365629 0.058954
v -0.116441 0.365638 0.058954
v -0.125806 0.302853 0.058954
v -0.063264 0.339489 0.058954
v -0.125852 0.339523 0.058954
v -0.125590 0.302793 0.058954
v 0.048460 0.302787 0.058954
v -0.063000 0.339482 0.058954
v -0.062575 0.339489 0.058954
v 0.048851 0.302815 0.058954
v 0.048881 0.339513 0.058954
v 0.064140 0.302760 0.043293
v 0.048958 0.339393 0.058921
v 0.048978 0.302787 0.058900
v 0.064166 0.302886 0.043267
v 0.064170 0.339517 0.043262
v 0.048982 0.339513 0.058897
v 0.064199 0.302785 0.043185
v 0.064199 0.339510 -0.042998
v 0.064199 0.339517 0.043192
v 0.064199 0.339485 -0.043185
v 0.064199 0.302760 0.042998
v 0.064199 0.302753 -0.043192
v 0.048961 0.302741 -0.058918
v 0.064166 0.339384 -0.043267
v 0.064170 0.302753 -0.043263
v 0.048946 0.302817 -0.058933
v 0.048943 0.339533 -0.058936
v 0.064140 0.339510 -0.043294
v 0.234784 0.210710 -0.069336
v 0.336669 0.117988 -0.084939
v 0.330936 0.102730 -0.069252
v 0.450112 0.102655 -0.069241
v 0.331078 0.102663 -0.069251
v 0.336827 0.117914 -0.084938
v 0.335923 0.118836 -0.084947
v 0.233177 0.212535 -0.069353
v 0.238899 0.227464 -0.084793
v 0.450748 0.102669 -0.069255
v 0.337712 0.117924 -0.084949
v 0.445109 0.117948 -0.084973
v -0.364138 0.212713 -0.069376
v 0.238375 0.227697 -0.084789
v 0.232829 0.212671 -0.069333
v 0.503827 0.148124 -0.069277
v 0.450880 0.102702 -0.069241
v 0.445217 0.117975 -0.084961
v 0.221972 0.227707 -0.084799
v -0.378352 0.212718 -0.069381
v -0.385421 0.227762 -0.084855
v 0.445443 0.118184 -0.084973
v 0.498691 0.163775 -0.084940
v 0.504300 0.148562 -0.069303
v 0.765222 0.163805 -0.084900
v 0.504525 0.148623 -0.069283
v 0.498878 0.163844 -0.084940
v 0.507323 0.148618 -0.069277
v 0.768975 0.163800 -0.084895
v 0.784185 0.148625 -0.069285
v -0.378787 0.212508 -0.069405
v -0.458755 0.116654 -0.084956
v -0.385783 0.227557 -0.084850
v -0.459227 0.115924 -0.084949
v -0.380343 0.210101 -0.069382
v -0.452095 0.100659 -0.069249
v -0.541463 0.115848 -0.084944
v -0.459360 0.115862 -0.084958
v -0.452231 0.100609 -0.069269
v -0.452752 0.100588 -0.069247
v -0.563267 0.100628 -0.069288
v -0.542245 0.115840 -0.084936
v -0.563635 0.100631 -0.069292
v -0.793950 0.115813 -0.084908
v -0.542507 0.115848 -0.084944
v -0.797018 0.115809 -0.084904
v -0.566429 0.100628 -0.069288
v -0.818096 0.100619 -0.069279
v -0.116464 0.365634 -0.058929
v -0.125865 0.339619 -0.058925
v -0.116465 0.365631 -0.027588
v -0.125877 0.339586 -0.058876
v -0.125872 0.339599 -0.027556
v -0.116477 0.365598 -0.027541
v -0.125887 0.302868 -0.058896
v -0.125887 0.339514 -0.027607
v -0.125887 0.339529 -0.058925
v -0.125887 0.302775 0.058645
v -0.125887 0.339505 -0.027500
v -0.125887 0.302770 -0.058829
v -0.125887 0.339514 -0.027298
v -0.125887 0.302875 0.058731
v -0.125887 0.339523 0.027496
v -0.125887 0.339523 0.027587
v -0.125887 0.302883 0.058891
v -0.125887 0.339531 0.058927
v -0.125875 0.339591 0.027604
v -0.125878 0.339584 0.058927
v -0.116477 0.365598 0.058925
v -0.116464 0.365634 0.027537
v -0.125861 0.339631 0.027547
v -0.116465 0.365631 0.058878
v 0.048344 0.302805 -0.058954
v -0.125590 0.302793 -0.058954
v -0.063000 0.339482 -0.058954
v -0.062575 0.339489 -0.058954
v 0.048863 0.339495 -0.058954
v 0.048833 0.302841 -0.058954
v -0.125852 0.339523 -0.058954
v -0.063264 0.339489 -0.058954
v -0.125806 0.302853 -0.058954
v -0.125796 0.339593 -0.058954
v -0.097310 0.365621 -0.058954
v -0.063214 0.339627 -0.058954
v -0.097386 0.365629 -0.058954
v -0.125805 0.339681 -0.058954
v -0.116441 0.365638 -0.058954
v 0.567695 -0.332465 -0.059781
v 0.558079 -0.373526 -0.059781
v 0.551449 -0.358503 -0.059781
v 0.558188 -0.373646 -0.059781
v 0.568224 -0.331672 -0.059781
v 0.727433 -0.333472 -0.059781
v 0.639032 0.029718 -0.059781
v 0.728826 -0.333084 -0.059781
v 0.568294 -0.331340 -0.059781
v 0.568080 -0.330707 -0.059781
v 0.484684 0.030672 -0.059781
v 0.638694 0.030641 -0.059781
v 0.450113 0.102655 0.069241
v 0.336827 0.117914 0.084938
v 0.331078 0.102663 0.069249
v 0.336669 0.117988 0.084939
v 0.234784 0.210710 0.069334
v 0.330936 0.102730 0.069250
v 0.337712 0.117924 0.084949
v 0.450748 0.102669 0.069255
v 0.445109 0.117948 0.084973
v 0.233177 0.212535 0.069351
v 0.335923 0.118836 0.084947
v 0.238899 0.227464 0.084793
v 0.503827 0.148124 0.069277
v 0.445217 0.117975 0.084961
v 0.450880 0.102702 0.069241
v -0.364139 0.212713 0.069374
v 0.232829 0.212671 0.069331
v 0.238375 0.227697 0.084789
v 0.445443 0.118184 0.084973
v 0.504300 0.148562 0.069303
v 0.498691 0.163775 0.084940
v 0.765222 0.163805 0.084900
v 0.498878 0.163844 0.084940
v 0.504525 0.148623 0.069283
v 0.507323 0.148618 0.069277
v 0.784185 0.148625 0.069285
v 0.768975 0.163800 0.084895
v -0.378352 0.212718 0.069379
v 0.221973 0.227707 0.084799
v -0.385421 0.227762 0.084855
v -0.458755 0.116654 0.084956
v -0.378787 0.212508 0.069403
v -0.385783 0.227557 0.084850
v -0.380343 0.210101 0.069380
v -0.459227 0.115924 0.084949
v -0.452095 0.100659 0.069247
v -0.541463 0.115848 0.084944
v -0.452231 0.100609 0.069267
v -0.459360 0.115862 0.084958
v -0.452752 0.100588 0.069245
v -0.542245 0.115840 0.084936
v -0.563267 0.100628 0.069286
v -0.542507 0.115848 0.084944
v -0.793950 0.115813 0.084908
v -0.563635 0.100631 0.069290
v -0.818096 0.100619 0.069277
v -0.566429 0.100628 0.069286
v -0.797018 0.115809 0.084904
v 0.052210 0.354419 -0.056271
v 0.037661 0.368963 -0.056271
v 0.047957 0.364703 -0.056271
v 0.022988 0.354365 -0.056271
v 0.037603 0.368983 -0.056271
v 0.052217 0.354365 -0.056271
v 0.037545 0.368963 -0.056271
v 0.022995 0.354419 -0.056271
v 0.027247 0.364703 -0.056271
v 0.022987 0.354331 -0.056271
v 0.052218 0.354331 -0.056271
v 0.037603 0.339251 -0.056271
v 0.037635 0.339245 -0.056271
v 0.052223 0.354289 -0.056271
v 0.047956 0.339243 -0.056271
v 0.022982 0.354289 -0.056271
v 0.037571 0.339245 -0.056271
v 0.027248 0.339243 -0.056271
v 0.727433 -0.333472 0.059781
v 0.568224 -0.331672 0.059781
v 0.558188 -0.373646 0.059781
v 0.567695 -0.332465 0.059781
v 0.551449 -0.358503 0.059781
v 0.558079 -0.373526 0.059781
v 0.639032 0.029718 0.059781
v 0.568294 -0.331340 0.059781
v 0.728826 -0.333084 0.059781
v 0.568080 -0.330707 0.059781
v 0.638694 0.030641 0.059781
v 0.484684 0.030672 0.059781
v 0.543782 0.279192 0.058663
v 0.023167 0.244459 0.058663
v 0.543853 0.244388 0.058663
v 0.014149 0.244480 0.058663
v 0.534764 0.279213 0.058663
v 0.014078 0.279284 0.058663
v 0.022988 0.354365 0.056271
v 0.052217 0.354365 0.056271
v 0.037603 0.368983 0.056271
v 0.037661 0.368963 0.056271
v 0.052210 0.354419 0.056271
v 0.047957 0.364703 0.056271
v 0.022995 0.354419 0.056271
v 0.037545 0.368963 0.056271
v 0.027247 0.364703 0.056271
v 0.052218 0.354331 0.056271
v 0.022987 0.354331 0.056271
v 0.037603 0.339251 0.056271
v 0.022982 0.354289 0.056271
v 0.027248 0.339243 0.056271
v 0.037571 0.339245 0.056271
v 0.052223 0.354289 0.056271
v 0.037635 0.339245 0.056271
v 0.047956 0.339243 0.056271
v -1.083063 0.360032 -0.002197
v -1.086542 0.366594 -0.000598
v -1.085059 0.366594 -0.000598
v -1.086548 0.366586 -0.000600
v -1.083049 0.359983 -0.002209
v -1.088560 0.359982 -0.002209
v 0.068645 0.371850 -0.044230
v 0.068639 0.349250 -0.044230
v 0.063716 0.371849 -0.044230
v 0.068631 0.349119 -0.044230
v 0.050827 0.359425 -0.044230
v 0.063692 0.371836 -0.044230
v 0.050818 0.359398 -0.044230
v 0.068590 0.349101 -0.044230
v 0.050816 0.349095 -0.044230
v -0.124122 0.349111 -0.027616
v -0.124122 0.349118 0.027271
v -0.124122 0.359380 -0.027609
v -0.124122 0.359387 -0.027272
v -0.124122 0.349125 0.027609
v -0.124122 0.359394 0.027616
v -0.083608 0.365636 -0.043233
v -0.063186 0.339733 -0.043233
v -0.097240 0.365634 -0.043233
v -0.051488 0.365640 -0.043233
v -0.063016 0.339618 -0.043233
v -0.083551 0.365636 -0.043233
v -0.047604 0.365636 -0.043233
v -0.062763 0.340033 -0.043233
v -0.051448 0.365640 -0.043233
v -0.062953 0.339589 -0.043233
v -0.047560 0.365626 -0.043233
v -0.013380 0.339597 -0.043233
v 0.010958 0.338956 0.043195
v 0.020137 0.349055 0.027526
v 0.010956 0.338954 0.027524
v 0.020148 0.349067 0.027550
v 0.010969 0.338968 0.043219
v 0.020150 0.349069 0.043220
v 0.010958 0.338956 -0.027550
v 0.020137 0.349055 -0.043219
v 0.010956 0.338954 -0.043221
v 0.020148 0.349067 -0.043195
v 0.010969 0.338968 -0.027526
v 0.020150 0.349069 -0.027525
v 0.059104 0.338981 -0.043233
v 0.020364 0.349052 -0.043233
v 0.059111 0.349057 -0.043233
v 0.020167 0.349048 -0.043233
v 0.058914 0.338973 -0.043233
v 0.011007 0.338971 -0.043233
v -1.088544 0.360032 0.002197
v -1.085063 0.366594 0.000598
v -1.086546 0.366594 0.000598
v -1.085057 0.366586 0.000600
v -1.088558 0.359983 0.002209
v -1.083047 0.359982 0.002209
v 0.050816 0.359434 0.027605
v 0.063660 0.371824 0.011411
v 0.050814 0.359432 0.011404
v 0.050822 0.359440 0.027644
v 0.063685 0.371847 0.044181
v 0.063685 0.371847 0.011438
v 0.063661 0.371824 0.044209
v 0.050816 0.359434 0.027684
v 0.050815 0.359432 0.044215
v 0.063685 0.371847 -0.044181
v 0.050822 0.359440 -0.027644
v 0.063685 0.371847 -0.011438
v 0.050816 0.359434 -0.027605
v 0.050814 0.359432 -0.011405
v 0.063660 0.371824 -0.011411
v 0.063661 0.371824 -0.044209
v 0.050815 0.359432 -0.044215
v 0.050816 0.359434 -0.027684
v 0.068590 0.349101 0.044230
v 0.050818 0.359398 0.044230
v 0.050816 0.349095 0.044230
v 0.068631 0.349119 0.044230
v 0.063692 0.371836 0.044230
v 0.050827 0.359425 0.044230
v 0.063716 0.371849 0.044230
v 0.068639 0.349250 0.044230
v 0.068645 0.371850 0.044230
v -0.097240 0.365634 0.043233
v -0.063186 0.339733 0.043233
v -0.083608 0.365636 0.043233
v -0.083551 0.365636 0.043233
v -0.063016 0.339618 0.043233
v -0.051488 0.365640 0.043233
v -0.062763 0.340033 0.043233
v -0.047604 0.365636 0.043233
v -0.051448 0.365640 0.043233
v -0.047560 0.365626 0.043233
v -0.062953 0.339589 0.043233
v -0.013380 0.339597 0.043233
v 0.011007 0.338971 0.043233
v 0.058914 0.338973 0.043233
v 0.020167 0.349048 0.043233
v 0.020364 0.349052 0.043233
v 0.059104 0.338981 0.043233
v 0.059111 0.349057 0.043233
v 0.050702 0.349191 -0.027644
v -0.120663 0.359320 -0.027644
v 0.050725 0.359343 -0.027644
v -0.124020 0.359314 -0.027644
v 0.047345 0.349185 -0.027644
v -0.124043 0.349162 -0.027644
v -0.120663 0.349185 0.027644
v 0.050725 0.349162 0.027644
v 0.050702 0.359314 0.027644
v -0.124020 0.349191 0.027644
v 0.047345 0.359320 0.027644
v -0.124043 0.359343 0.027644
v -1.053863 0.306375 -0.011778
v -1.105001 0.275419 -0.017671
v -1.105007 0.306376 -0.011777
v -1.104888 0.275384 -0.017678
v -1.053735 0.306357 -0.011781
v -1.038699 0.275382 -0.017678
v -1.104962 0.306454 -0.011769
v -1.067958 0.350839 -0.010518
v -1.053774 0.306456 -0.011769
v -1.068015 0.350872 -0.010517
v -1.105007 0.306524 -0.011767
v -1.105020 0.350879 -0.010517
v -1.105024 0.360226 -0.016810
v -1.068164 0.350932 -0.010534
v -1.105020 0.350927 -0.010531
v -1.104899 0.360232 -0.016814
v -1.067967 0.360232 -0.016814
v -1.067978 0.350941 -0.010541
v -1.105020 0.375595 -0.016826
v -1.068056 0.360272 -0.016826
v -1.105024 0.360272 -0.016826
v -1.104914 0.375608 -0.016826
v -1.067967 0.375612 -0.016826
v -1.067967 0.360283 -0.016826
v -1.268044 0.052256 -0.019154
v -1.218617 -0.016074 -0.019154
v -1.268050 -0.016101 -0.019154
v -1.218543 -0.015913 -0.019154
v -1.268030 0.052431 -0.019154
v -1.218593 0.121238 -0.019154
v -1.219064 0.121018 -0.019154
v -1.268118 0.052503 -0.019154
v -1.292814 0.064901 -0.019154
v -1.292937 0.064946 -0.019154
v -1.391724 0.064964 -0.019154
v -1.219140 0.121279 -0.019154
v -1.219264 0.121506 -0.019154
v -1.392171 0.064973 -0.019154
v -1.466262 0.121506 -0.019154
v -1.293581 0.064836 -0.019154
v -1.367361 0.052478 -0.019154
v -1.391876 0.064818 -0.019154
v -1.466042 0.121020 -0.019154
v -1.392323 0.064904 -0.019154
v -1.416981 0.052519 -0.019154
v -1.466542 -0.046776 -0.019154
v -1.466510 0.121239 -0.019154
v -1.417083 0.052425 -0.019154
v -1.417072 0.052139 -0.019154
v -1.417066 -0.047110 -0.019154
v -1.466485 -0.047080 -0.019154
v -1.366829 0.052476 -0.019154
v -1.293269 0.064776 -0.019154
v -1.317745 0.052476 -0.019154
v -1.317832 0.052386 -0.019154
v -1.367316 -0.005506 -0.019154
v -1.367323 0.052386 -0.019154
v -1.367255 -0.005595 -0.019154
v -1.317779 0.052309 -0.019154
v -1.317780 -0.005601 -0.019154
v -1.053735 0.306357 0.011781
v -1.104888 0.275384 0.017678
v -1.038699 0.275382 0.017678
v -1.105001 0.275419 0.017671
v -1.053863 0.306375 0.011778
v -1.105007 0.306376 0.011777
v -1.067958 0.350839 0.010518
v -1.104962 0.306454 0.011769
v -1.053774 0.306456 0.011769
v -1.105007 0.306524 0.011767
v -1.068015 0.350872 0.010517
v -1.105018 0.350877 0.010517
v -1.104858 0.350928 0.010532
v -1.067978 0.350932 0.010534
v -1.067967 0.360226 0.016810
v -1.105018 0.350936 0.010537
v -1.068092 0.360232 0.016814
v -1.105024 0.360232 0.016814
v -1.104935 0.360272 0.016826
v -1.067967 0.360272 0.016826
v -1.067971 0.375595 0.016826
v -1.105024 0.360283 0.016826
v -1.068077 0.375608 0.016826
v -1.105024 0.375612 0.016826
v -1.268030 0.052431 0.019154
v -1.218543 -0.015913 0.019154
v -1.218593 0.121238 0.019154
v -1.218617 -0.016074 0.019154
v -1.268044 0.052256 0.019154
v -1.268050 -0.016101 0.019154
v -1.292814 0.064901 0.019154
v -1.268118 0.052503 0.019154
v -1.219064 0.121018 0.019154
v -1.219140 0.121279 0.019154
v -1.391724 0.064964 0.019154
v -1.292937 0.064946 0.019154
v -1.392171 0.064973 0.019154
v -1.219264 0.121506 0.019154
v -1.466262 0.121506 0.019154
v -1.293581 0.064836 0.019154
v -1.391876 0.064818 0.019154
v -1.367360 0.052482 0.019154
v -1.392323 0.064904 0.019154
v -1.466042 0.121020 0.019154
v -1.416981 0.052519 0.019154
v -1.466510 0.121239 0.019154
v -1.466542 -0.046776 0.019154
v -1.417083 0.052425 0.019154
v -1.417066 -0.047110 0.019154
v -1.417072 0.052139 0.019154
v -1.466485 -0.047080 0.019154
v -1.293269 0.064776 0.019154
v -1.366780 0.052480 0.019154
v -1.317743 0.052469 0.019154
v -1.367262 0.052382 0.019154
v -1.317786 -0.005506 0.019154
v -1.317772 0.052393 0.019154
v -1.317847 -0.005595 0.019154
v -1.367319 0.052299 0.019154
v -1.367322 -0.005601 0.019154
v 0.783549 0.148534 -0.068984
v 0.504597 0.148534 0.068929
v 0.504573 0.148534 -0.069052
v 0.505130 0.148534 0.069028
v 0.784228 0.148534 -0.068858
v 0.784257 0.148534 0.069013
v 0.504329 0.148444 -0.069052
v 0.504310 0.148428 0.068514
v 0.450984 0.102726 -0.069078
v 0.450929 0.102680 -0.068719
v 0.504232 0.148361 0.069028
v 0.450914 0.102667 0.069098
v 0.331266 0.102606 0.069056
v 0.450730 0.102606 -0.068887
v 0.450750 0.102606 0.069098
v 0.450595 0.102606 -0.069078
v 0.331106 0.102606 0.068830
v 0.331087 0.102606 -0.069077
v 0.330896 0.102692 -0.069077
v 0.330883 0.102706 0.068879
v 0.233473 0.211981 -0.068899
v 0.233175 0.212315 -0.068514
v 0.330746 0.102859 0.069056
v 0.233149 0.212344 0.068936
v 0.232726 0.212534 0.068936
v -0.375664 0.212534 0.068869
v 0.232687 0.212534 -0.068825
v -0.378308 0.212534 -0.068963
v 0.230354 0.212534 -0.068899
v -0.378216 0.212534 0.068788
v -0.378663 0.212343 -0.068627
v -0.378713 0.212266 0.068869
v -0.451956 0.100776 0.069067
v -0.452049 0.100634 -0.069073
v -0.378833 0.212083 -0.068963
v -0.452048 0.100636 0.068887
v -0.452234 0.100534 -0.068854
v -0.452238 0.100534 0.069067
v -0.563280 0.100534 0.069045
v -0.563414 0.100534 -0.069023
v -0.452364 0.100534 -0.069073
v -0.563438 0.100534 0.068779
v -0.563728 0.100534 0.069045
v -0.817620 0.100534 0.068996
v -0.563752 0.100534 -0.068908
v -0.818215 0.100534 -0.069025
v -0.564248 0.100534 -0.069023
v -0.818188 0.100534 0.068865
v -1.103430 0.190852 -0.012000
v -1.007739 0.169331 -0.012000
v -1.144049 0.169327 -0.012000
v -1.007411 0.169426 -0.012000
v -1.102904 0.190856 -0.012000
v -1.039454 0.190860 -0.012000
v -0.963176 0.238578 -0.012000
v -1.007022 0.169364 -0.012000
v -1.039336 0.190914 -0.012000
v -1.006723 0.169530 -0.012000
v -0.962928 0.238723 -0.012000
v -0.902243 0.238710 -0.012000
v -1.006723 0.169530 0.012000
v -0.902243 0.238710 0.012000
v -0.962928 0.238723 0.012000
v -0.963176 0.238578 0.012000
v -1.039336 0.190914 0.012000
v -1.007022 0.169364 0.012000
v -1.102904 0.190856 0.012000
v -1.007411 0.169426 0.012000
v -1.039454 0.190860 0.012000
v -1.007739 0.169331 0.012000
v -1.103430 0.190852 0.012000
v -1.144049 0.169327 0.012000
v 0.853799 0.278017 -0.068990
v 1.363232 0.278005 -0.069013
v 1.345972 0.268114 -0.088303
v 0.844817 0.278009 -0.069004
v 1.333048 0.268111 -0.088309
v 0.857034 0.268055 -0.088417
v 0.806610 0.210346 -0.088525
v 0.844459 0.277842 -0.069027
v 0.856744 0.267919 -0.088436
v 0.843698 0.277015 -0.068973
v 0.806412 0.210127 -0.088515
v 0.787701 0.210124 -0.068846
v 0.853799 0.278017 0.068990
v 1.345972 0.268114 0.088303
v 1.363232 0.278005 0.069013
v 1.333048 0.268111 0.088309
v 0.844817 0.278009 0.069004
v 0.857034 0.268055 0.088417
v 0.844459 0.277842 0.069027
v 0.806610 0.210346 0.088525
v 0.856744 0.267919 0.088436
v 0.843698 0.277015 0.068973
v 0.787701 0.210124 0.068846
v 0.806412 0.210127 0.088515
v 0.716035 0.154532 -0.072979
v 0.497061 0.140238 -0.086770
v 0.491749 0.154563 -0.072949
v 0.499264 0.140234 -0.086774
v 0.718851 0.154523 -0.072988
v 0.718881 0.140309 -0.086774
v 0.438390 0.108939 -0.072930
v 0.491585 0.154502 -0.072949
v 0.496869 0.140183 -0.086756
v 0.496418 0.139771 -0.086775
v 0.443421 0.094310 -0.086807
v 0.438112 0.108685 -0.072941
v 0.335547 0.094299 -0.086780
v 0.437995 0.108647 -0.072937
v 0.443318 0.094272 -0.086807
v 0.437383 0.108654 -0.072930
v 0.334637 0.094311 -0.086769
v 0.330865 0.108641 -0.072943
v 0.190776 0.029719 -0.072985
v 0.330709 0.108600 -0.072943
v 0.334457 0.094259 -0.086773
v 0.333213 0.093550 -0.086780
v 0.192680 0.014450 -0.086721
v 0.188915 0.028657 -0.072995
v -0.130565 0.028588 -0.072994
v 0.188641 0.028598 -0.072985
v 0.192334 0.014370 -0.086712
v -0.135556 0.028582 -0.072999
v 0.186675 0.014360 -0.086721
v -0.141566 0.014329 -0.086752
v -0.234506 0.092989 -0.086725
v -0.135845 0.028677 -0.073008
v -0.141815 0.014417 -0.086753
v -0.137140 0.029796 -0.072993
v -0.235973 0.094257 -0.086708
v -0.229957 0.108315 -0.073077
v -0.784479 0.094471 -0.086615
v -0.230475 0.108488 -0.073090
v -0.236303 0.094358 -0.086723
v -0.831490 0.108505 -0.073074
v -0.246107 0.108498 -0.073081
v -0.803395 0.094473 -0.086612
v -0.716930 0.230008 -0.023234
v -0.830838 0.220413 -0.000067
v -0.830838 0.230008 -0.023234
v -0.830347 0.220407 -0.000053
v -0.716439 0.230002 -0.023220
v -0.716439 0.220407 -0.000053
v -0.830347 0.230086 -0.023312
v -0.716439 0.253253 -0.032907
v -0.716439 0.230086 -0.023312
v -0.716930 0.220407 0.000057
v -0.830838 0.230002 0.023224
v -0.830838 0.220407 0.000057
v -0.716930 0.253267 -0.032913
v -0.830838 0.230100 -0.023318
v -0.830838 0.253267 -0.032913
v -0.830347 0.230008 0.023238
v -0.716439 0.220413 0.000071
v -0.716439 0.230008 0.023238
v -0.830347 0.253377 -0.032913
v -0.716439 0.276543 -0.023318
v -0.716439 0.253377 -0.032913
v -0.716930 0.230086 0.023316
v -0.830838 0.253253 0.032911
v -0.830838 0.230086 0.023316
v -0.716930 0.276557 -0.023312
v -0.830838 0.253391 -0.032907
v -0.830838 0.276557 -0.023312
v -0.830347 0.253267 0.032917
v -0.716439 0.230100 0.023322
v -0.716439 0.253267 0.032917
v -0.716439 0.276635 -0.023234
v -0.830347 0.276635 -0.023234
v -0.716439 0.286231 -0.000067
v -0.716930 0.253377 0.032917
v -0.830838 0.276543 0.023322
v -0.830838 0.253377 0.032917
v -0.830838 0.286237 -0.000053
v -0.716930 0.286237 -0.000053
v -0.830838 0.276641 -0.023220
v -0.830347 0.276557 0.023316
v -0.716439 0.253391 0.032911
v -0.716439 0.276557 0.023316
v -0.716439 0.286237 0.000057
v -0.830347 0.286237 0.000057
v -0.716439 0.276641 0.023224
v -0.830838 0.276635 0.023238
v -0.716930 0.276635 0.023238
v -0.830838 0.286231 0.000071
v 0.499264 0.140234 0.086774
v 0.718881 0.140309 0.086774
v 0.718851 0.154523 0.072988
v 0.716035 0.154532 0.072979
v 0.491749 0.154563 0.072949
v 0.497061 0.140238 0.086769
v 0.438390 0.108939 0.072930
v 0.496869 0.140183 0.086756
v 0.491585 0.154502 0.072949
v 0.496418 0.139771 0.086775
v 0.438112 0.108685 0.072941
v 0.443421 0.094310 0.086807
v 0.335547 0.094299 0.086780
v 0.443318 0.094272 0.086807
v 0.437995 0.108647 0.072937
v 0.437383 0.108654 0.072930
v 0.330865 0.108641 0.072943
v 0.334637 0.094311 0.086769
v 0.190776 0.029719 0.072985
v 0.334457 0.094259 0.086773
v 0.330709 0.108600 0.072943
v 0.333213 0.093550 0.086780
v 0.188915 0.028657 0.072995
v 0.192680 0.014450 0.086721
v -0.130565 0.028588 0.072994
v 0.192334 0.014370 0.086712
v 0.188641 0.028598 0.072985
v 0.186675 0.014360 0.086721
v -0.135556 0.028582 0.072999
v -0.141566 0.014329 0.086752
v -0.135845 0.028677 0.073008
v -0.234506 0.092989 0.086725
v -0.141815 0.014417 0.086753
v -0.235973 0.094257 0.086708
v -0.137140 0.029796 0.072993
v -0.229957 0.108315 0.073077
v -0.784479 0.094471 0.086615
v -0.236303 0.094358 0.086723
v -0.230475 0.108488 0.073090
v -0.246107 0.108498 0.073081
v -0.831490 0.108505 0.073074
v -0.803395 0.094474 0.086612
v -1.104914 0.375608 0.008413
v -1.067967 0.375612 0.008413
v -1.067971 0.360289 0.008413
v -1.105020 0.375595 0.008413
v -1.068077 0.360276 0.008413
v -1.105024 0.360272 0.008413
v 0.068645 0.359486 0.011390
v 0.063715 0.371852 0.011390
v 0.068650 0.371855 0.011390
v 0.063696 0.371844 0.011390
v 0.068639 0.359434 0.011390
v 0.050842 0.359437 0.011390
v -0.717807 0.120408 -0.029014
v -0.930001 0.108435 -0.000110
v -0.930001 0.120408 -0.029014
v -0.928678 0.108429 -0.000095
v -0.716484 0.120402 -0.028999
v -0.716484 0.108429 -0.000095
v -0.928678 0.120545 -0.029151
v -0.716484 0.149449 -0.041124
v -0.716484 0.120545 -0.029151
v -0.717807 0.108429 0.000099
v -0.930001 0.120402 0.029003
v -0.930001 0.108429 0.000099
v -0.717807 0.149464 -0.041130
v -0.930001 0.120560 -0.029157
v -0.930001 0.149464 -0.041130
v -0.928678 0.120408 0.029018
v -0.716484 0.108435 0.000114
v -0.716484 0.120408 0.029018
v -0.928678 0.149658 -0.041130
v -0.716484 0.178563 -0.029157
v -0.716484 0.149658 -0.041130
v -0.717807 0.120545 0.029155
v -0.930001 0.149449 0.041128
v -0.930001 0.120545 0.029155
v -0.717807 0.178578 -0.029151
v -0.930001 0.149673 -0.041124
v -0.930001 0.178578 -0.029151
v -0.928678 0.149464 0.041134
v -0.716484 0.120560 0.029161
v -0.716484 0.149464 0.041134
v -0.716484 0.178715 -0.029014
v -0.928678 0.178715 -0.029014
v -0.716484 0.190688 -0.000110
v -0.717807 0.149658 0.041134
v -0.930001 0.178563 0.029161
v -0.930001 0.149658 0.041134
v -0.930001 0.190694 -0.000095
v -0.717807 0.190694 -0.000095
v -0.930001 0.178721 -0.028999
v -0.928678 0.178578 0.029155
v -0.716484 0.149673 0.041128
v -0.716484 0.178578 0.029155
v -0.716484 0.190694 0.000099
v -0.928678 0.190694 0.000099
v -0.716484 0.178721 0.029003
v -0.930001 0.178715 0.029018
v -0.717807 0.178715 0.029018
v -0.930001 0.190688 0.000114
v -1.104914 0.360276 -0.008413
v -1.067967 0.360272 -0.008413
v -1.067971 0.375595 -0.008413
v -1.105020 0.360289 -0.008413
v -1.068077 0.375608 -0.008413
v -1.105024 0.375612 -0.008413
v 0.063696 0.371844 -0.011390
v 0.050842 0.359437 -0.011390
v 0.068639 0.359434 -0.011390
v 0.068645 0.359486 -0.011390
v 0.068650 0.371855 -0.011390
v 0.063715 0.371852 -0.011390
v -1.186842 0.121431 0.027937
v -1.503138 0.121431 0.027937
v -1.186842 0.109922 0.000153
v -1.506131 0.109916 0.000140
v -1.189835 0.109916 0.000140
v -1.506131 0.121425 0.027924
v -1.506131 0.121626 0.028132
v -1.189835 0.121626 0.028132
v -1.506131 0.149410 0.039641
v -1.186842 0.109916 -0.000136
v -1.503138 0.109916 -0.000136
v -1.186842 0.121425 -0.027920
v -1.186842 0.149423 0.039647
v -1.503138 0.149423 0.039647
v -1.186842 0.121639 0.028138
v -1.506131 0.121431 -0.027933
v -1.189835 0.121431 -0.027933
v -1.506131 0.109922 -0.000149
v -1.506131 0.149699 0.039647
v -1.189835 0.149699 0.039647
v -1.506131 0.177484 0.028138
v -1.186842 0.121626 -0.028128
v -1.503138 0.121626 -0.028128
v -1.186842 0.149410 -0.039636
v -1.186842 0.177497 0.028132
v -1.503138 0.177497 0.028132
v -1.186842 0.149712 0.039641
v -1.506131 0.149423 -0.039642
v -1.189835 0.149423 -0.039642
v -1.506131 0.121639 -0.028134
v -1.189835 0.177692 0.027937
v -1.506131 0.189200 0.000153
v -1.506131 0.177692 0.027937
v -1.186842 0.149699 -0.039642
v -1.503138 0.149699 -0.039642
v -1.186842 0.177484 -0.028134
v -1.503138 0.189206 0.000140
v -1.186842 0.177698 0.027924
v -1.186842 0.189206 0.000140
v -1.506131 0.177497 -0.028128
v -1.189835 0.177497 -0.028128
v -1.506131 0.149712 -0.039636
v -1.189835 0.189206 -0.000136
v -1.506131 0.177698 -0.027920
v -1.506131 0.189206 -0.000136
v -1.503138 0.177692 -0.027933
v -1.186842 0.189200 -0.000149
v -1.186842 0.177692 -0.027933
v -0.945222 0.126125 -0.023291
v -1.173800 0.116524 -0.000110
v -1.173800 0.126125 -0.023291
v -1.171915 0.116519 -0.000099
v -0.943337 0.126120 -0.023280
v -0.943337 0.116519 -0.000099
v -1.171915 0.126268 -0.023434
v -0.943337 0.149449 -0.033035
v -0.943337 0.126268 -0.023434
v -0.945222 0.116519 0.000103
v -1.173800 0.126120 0.023285
v -1.173800 0.116519 0.000103
v -0.945222 0.149460 -0.033040
v -1.173800 0.126279 -0.023439
v -1.173800 0.149460 -0.033040
v -1.171915 0.126125 0.023296
v -0.943337 0.116524 0.000114
v -0.943337 0.126125 0.023296
v -1.171915 0.149662 -0.033040
v -0.943337 0.172843 -0.023439
v -0.943337 0.149662 -0.033040
v -0.945222 0.126268 0.023439
v -1.173800 0.149449 0.033039
v -1.173800 0.126268 0.023439
v -0.945222 0.172854 -0.023434
v -1.173800 0.149673 -0.033035
v -1.173800 0.172854 -0.023434
v -1.171915 0.149460 0.033044
v -0.943337 0.126279 0.023444
v -0.943337 0.149460 0.033044
v -0.943337 0.172997 -0.023291
v -1.171915 0.172997 -0.023291
v -0.943337 0.182599 -0.000110
v -0.945222 0.149662 0.033044
v -1.173800 0.172843 0.023443
v -1.173800 0.149662 0.033044
v -1.173800 0.182604 -0.000099
v -0.945222 0.182604 -0.000099
v -1.173800 0.173002 -0.023280
v -1.171915 0.172854 0.023438
v -0.943337 0.149673 0.033039
v -0.943337 0.172854 0.023438
v -0.943337 0.182604 0.000103
v -1.171915 0.182604 0.000103
v -0.943337 0.173002 0.023284
v -1.173800 0.172997 0.023295
v -0.945222 0.172997 0.023295
v -1.173800 0.182599 0.000114
v 1.249514 0.176227 0.033977
v 1.429928 0.176227 0.033977
v 1.429928 0.209976 0.047956
v 1.248675 0.162126 0.000106
v 1.429088 0.176105 0.033855
v 1.248675 0.176105 0.033855
v 1.248675 0.176247 0.033985
v 1.429088 0.209996 0.047964
v 1.248675 0.209996 0.047964
v 1.249514 0.162118 0.000086
v 1.429928 0.162118 0.000086
v 1.429928 0.176097 0.033835
v 1.249514 0.210168 0.047964
v 1.429928 0.210168 0.047964
v 1.429928 0.243917 0.033985
v 1.248675 0.176097 -0.033835
v 1.429088 0.162118 -0.000086
v 1.248675 0.162118 -0.000086
v 1.248675 0.210188 0.047956
v 1.429088 0.243937 0.033977
v 1.248675 0.243937 0.033977
v 1.249514 0.176105 -0.033855
v 1.429928 0.176105 -0.033855
v 1.429928 0.162126 -0.000106
v 1.429928 0.258038 0.000106
v 1.249514 0.244059 0.033855
v 1.429928 0.244059 0.033855
v 1.248675 0.209976 -0.047956
v 1.429088 0.176227 -0.033977
v 1.248675 0.176227 -0.033977
v 1.429088 0.258046 0.000086
v 1.248675 0.258046 0.000086
v 1.248675 0.244067 0.033835
v 1.249514 0.209996 -0.047964
v 1.429928 0.209996 -0.047964
v 1.429928 0.176247 -0.033985
v 1.429928 0.244067 -0.033835
v 1.249514 0.258046 -0.000086
v 1.429928 0.258046 -0.000086
v 1.248675 0.243917 -0.033985
v 1.429088 0.210168 -0.047964
v 1.248675 0.210168 -0.047964
v 1.429088 0.244059 -0.033855
v 1.248675 0.244059 -0.033855
v 1.248675 0.258038 -0.000106
v 1.249514 0.243937 -0.033977
v 1.429928 0.243937 -0.033977
v 1.429928 0.210188 -0.047956
v -0.125747 0.339598 0.027512
v -0.083604 0.365617 0.027512
v -0.063080 0.339593 0.027512
v -0.083708 0.365627 0.027512
v -0.125811 0.339652 0.027512
v -0.116437 0.365632 0.027512
v -0.063016 0.339625 0.027512
v -0.083532 0.365627 0.027512
v -0.051488 0.365640 0.027512
v -0.047604 0.365636 0.027512
v -0.062737 0.340084 0.027512
v -0.051448 0.365640 0.027512
v -0.062947 0.339593 0.027512
v -0.047560 0.365626 0.027512
v -0.013380 0.339597 0.027512
v 0.059104 0.338981 0.027512
v 0.020364 0.349052 0.027512
v 0.059111 0.349057 0.027512
v 0.020167 0.349048 0.027512
v 0.058914 0.338973 0.027512
v 0.011007 0.338971 0.027512
v 0.037635 0.339245 0.027789
v 0.052223 0.354289 0.027789
v 0.047956 0.339243 0.027789
v 0.052218 0.354331 0.027789
v 0.037603 0.339251 0.027789
v 0.022987 0.354331 0.027789
v 0.022982 0.354289 0.027789
v 0.037571 0.339245 0.027789
v 0.027248 0.339243 0.027789
v 0.037603 0.368983 0.027789
v 0.052217 0.354365 0.027789
v 0.022988 0.354365 0.027789
v 0.052210 0.354419 0.027789
v 0.037661 0.368963 0.027789
v 0.047957 0.364703 0.027789
v 0.037545 0.368963 0.027789
v 0.022995 0.354419 0.027789
v 0.027247 0.364703 0.027789
v -0.047560 0.365626 -0.027512
v -0.062947 0.339593 -0.027512
v -0.013380 0.339597 -0.027512
v -0.062737 0.340084 -0.027512
v -0.047604 0.365636 -0.027512
v -0.051448 0.365640 -0.027512
v -0.063016 0.339625 -0.027512
v -0.051488 0.365640 -0.027512
v -0.083532 0.365627 -0.027512
v -0.083604 0.365617 -0.027512
v -0.125747 0.339598 -0.027512
v -0.063080 0.339593 -0.027512
v -0.125811 0.339652 -0.027512
v -0.083708 0.365627 -0.027512
v -0.116437 0.365632 -0.027512
v 0.011007 0.338971 -0.027512
v 0.058914 0.338973 -0.027512
v 0.020167 0.349048 -0.027512
v 0.020364 0.349052 -0.027512
v 0.059104 0.338981 -0.027512
v 0.059111 0.349057 -0.027512
v 0.052218 0.354331 -0.027789
v 0.022987 0.354331 -0.027789
v 0.037603 0.339251 -0.027789
v 0.037571 0.339245 -0.027789
v 0.022982 0.354289 -0.027789
v 0.027248 0.339243 -0.027789
v 0.052223 0.354289 -0.027789
v 0.037635 0.339245 -0.027789
v 0.047956 0.339243 -0.027789
v 0.052217 0.354365 -0.027789
v 0.037603 0.368983 -0.027789
v 0.022988 0.354365 -0.027789
v 0.022995 0.354419 -0.027789
v 0.037545 0.368963 -0.027789
v 0.027247 0.364703 -0.027789
v 0.037661 0.368963 -0.027789
v 0.052210 0.354419 -0.027789
v 0.047957 0.364703 -0.027789
v 1.361116 0.278111 -0.068468
v 0.844648 0.278111 -0.068613
v 0.844728 0.278111 0.068452
v 1.363375 0.278111 -0.068366
v 0.846548 0.278111 0.068533
v 1.363434 0.278111 0.068527
v 0.844331 0.277963 -0.068149
v 0.787758 0.210237 0.068696
v 0.844280 0.277902 0.068533
v 0.787690 0.210156 -0.068710
v 0.787699 0.210167 0.068430
v 0.844228 0.277839 -0.068613
v 0.025925 0.289925 0.084741
v 0.546546 0.282681 0.072171
v 0.554232 0.289961 0.084805
v 0.524428 0.282678 0.072166
v 0.003828 0.289917 0.084728
v 0.011344 0.282640 0.072100
v 0.843976 0.142745 -0.068912
v 0.787701 0.210040 -0.068846
v 0.806412 0.210037 -0.088515
v 0.844457 0.142222 -0.068946
v 0.806610 0.209818 -0.088525
v 0.856714 0.152253 -0.088416
v 1.256020 0.142162 -0.069021
v 0.844678 0.142112 -0.068922
v 0.857045 0.152093 -0.088389
v 1.264525 0.142172 -0.069040
v 0.864036 0.152096 -0.088394
v 1.254574 0.152102 -0.088406
v 1.256020 0.142162 0.069021
v 0.857045 0.152093 0.088389
v 0.844678 0.142112 0.068922
v 0.864036 0.152096 0.088394
v 1.264525 0.142172 0.069040
v 1.254574 0.152102 0.088406
v 0.806610 0.209818 0.088525
v 0.844457 0.142222 0.068946
v 0.856714 0.152253 0.088416
v 0.843976 0.142745 0.068912
v 0.806412 0.210037 0.088515
v 0.787701 0.210040 0.068846
v -0.842862 0.234575 -0.018637
v -1.017857 0.226890 -0.000085
v -1.017857 0.234575 -0.018637
v -1.016474 0.226886 -0.000076
v -0.841479 0.234571 -0.018627
v -0.841479 0.226886 -0.000076
v -1.016474 0.234684 -0.018746
v -0.841479 0.253235 -0.026430
v -0.841479 0.234684 -0.018746
v -0.842862 0.226886 0.000079
v -1.017857 0.234571 0.018631
v -1.017857 0.226886 0.000079
v -0.842862 0.253244 -0.026434
v -1.017857 0.234694 -0.018750
v -1.017857 0.253244 -0.026434
v -1.016474 0.234575 0.018640
v -0.841479 0.226890 0.000089
v -0.841479 0.234575 0.018640
v -1.016474 0.253400 -0.026434
v -0.841479 0.271951 -0.018750
v -0.841479 0.253400 -0.026434
v -0.842862 0.234684 0.018750
v -1.017857 0.253235 0.026434
v -1.017857 0.234684 0.018750
v -0.842862 0.271960 -0.018746
v -1.017857 0.253409 -0.026430
v -1.017857 0.271960 -0.018746
v -1.016474 0.253244 0.026438
v -0.841479 0.234694 0.018754
v -0.841479 0.253244 0.026438
v -0.841479 0.272070 -0.018637
v -1.016474 0.272070 -0.018637
v -0.841479 0.279754 -0.000085
v -0.842862 0.253400 0.026438
v -1.017857 0.271951 0.018754
v -1.017857 0.253400 0.026438
v -1.017857 0.279758 -0.000076
v -0.842862 0.279758 -0.000076
v -1.017857 0.272074 -0.018627
v -1.016474 0.271960 0.018750
v -0.841479 0.253409 0.026434
v -0.841479 0.271960 0.018750
v -0.841479 0.279758 0.000079
v -1.016474 0.279758 0.000079
v -0.841479 0.272074 0.018631
v -1.017857 0.272070 0.018640
v -0.842862 0.272070 0.018640
v -1.017857 0.279754 0.000089
v 0.189172 0.028933 -0.072705
v 0.330648 0.108634 0.072584
v 0.330655 0.108638 -0.072759
v 0.330458 0.108527 0.072751
v 0.188917 0.028789 -0.072481
v 0.188942 0.028803 0.072676
v 0.437817 0.108700 0.072773
v 0.330893 0.108700 -0.072500
v 0.330901 0.108700 0.072751
v -0.134729 0.028700 -0.072684
v 0.188549 0.028700 0.072561
v 0.188578 0.028700 -0.072705
v 0.331017 0.108700 -0.072759
v 0.437928 0.108700 0.072541
v 0.437949 0.108700 -0.072794
v 0.187779 0.028700 0.072676
v -0.135468 0.028700 -0.072574
v -0.135503 0.028700 0.072719
v 0.438111 0.108760 -0.072794
v 0.438127 0.108774 0.072392
v 0.491476 0.154494 -0.072757
v -0.229621 0.108300 -0.072600
v -0.135797 0.028808 0.072432
v -0.135824 0.028830 -0.072684
v 0.491534 0.154544 -0.072325
v 0.438178 0.108818 0.072773
v 0.491517 0.154529 0.072734
v 0.718362 0.154628 -0.072704
v 0.491761 0.154628 -0.072757
v 0.491784 0.154628 0.072609
v 0.718802 0.154628 -0.072553
v 0.492150 0.154628 0.072734
v 0.718825 0.154628 0.072727
v -0.135945 0.028933 0.072719
v -0.229875 0.108515 -0.072107
v -0.229905 0.108540 0.072639
v -0.230379 0.108700 -0.072522
v -0.829105 0.108700 0.072498
v -0.230340 0.108700 0.072639
v -0.232491 0.108700 -0.072600
v -0.832035 0.108700 -0.072568
v -0.831966 0.108700 0.072393
v 0.520119 0.279591 0.058961
v 0.011576 0.282453 0.071588
v 0.014029 0.279575 0.058888
v 0.035294 0.282455 0.071598
v 0.543843 0.279593 0.058967
v 0.546448 0.282471 0.071669
v 0.727969 0.165009 -0.117360
v 0.822927 0.173740 -0.092670
v 0.822940 0.165199 -0.117377
v 0.822558 0.173746 -0.092653
v 0.727533 0.165012 -0.117349
v 0.714935 0.173746 -0.092653
v 0.846803 0.143688 -0.092689
v 0.823014 0.165174 -0.117343
v 0.823022 0.173699 -0.092655
v 0.823075 0.165089 -0.117376
v 0.846954 0.143490 -0.092729
v 0.855013 0.126668 -0.117340
v 0.847111 0.143428 -0.092690
v 1.057185 0.126926 -0.117288
v 0.855165 0.126583 -0.117353
v 0.848314 0.143439 -0.092675
v 1.069221 0.143412 -0.092715
v 1.059339 0.126937 -0.117274
v 1.253387 -0.014376 -0.092687
v 1.059627 0.126830 -0.117278
v 1.069480 0.143324 -0.092710
v 1.061380 0.125311 -0.117294
v 1.254622 -0.015447 -0.092698
v 1.244747 -0.031965 -0.117341
v 1.322531 -0.032303 -0.117382
v 1.244931 -0.032029 -0.117337
v 1.254816 -0.015538 -0.092725
v 1.322702 -0.032290 -0.117362
v 1.255281 -0.015516 -0.092691
v 1.322711 -0.015474 -0.092629
v 1.354641 -0.032719 -0.117385
v 1.322793 -0.032304 -0.117382
v 1.322785 -0.015502 -0.092669
v 1.354706 -0.032688 -0.117339
v 1.322841 -0.015474 -0.092628
v 1.354712 -0.015473 -0.092627
v 1.418569 -0.015476 -0.092631
v 1.354790 -0.032706 -0.117365
v 1.354784 -0.015473 -0.092627
v 1.354935 -0.032721 -0.117386
v 1.418721 -0.015486 -0.092644
v 1.426582 -0.033335 -0.117387
v 1.437059 0.004338 -0.117376
v 1.426635 -0.033289 -0.117384
v 1.418780 -0.015454 -0.092661
v 1.418787 -0.015373 -0.092634
v 1.426755 0.016456 -0.092654
v 1.437060 0.004428 -0.117332
v 1.426777 0.016583 -0.092665
v 1.438056 0.130869 -0.117353
v 1.437090 0.004512 -0.117374
v 1.438051 0.131424 -0.117337
v 1.426774 0.017083 -0.092655
v 1.426773 0.131438 -0.092652
v 1.391469 0.181990 -0.117377
v 1.438006 0.131553 -0.117351
v 1.426741 0.131542 -0.092674
v 1.391333 0.182128 -0.117362
v 1.426566 0.131719 -0.092654
v 1.378802 0.182130 -0.092639
v 1.378783 0.182207 -0.092664
v 1.391707 0.232644 -0.117377
v 1.391309 0.182208 -0.117379
v 1.391692 0.232782 -0.117348
v 1.378769 0.182333 -0.092637
v 1.378771 0.232783 -0.092640
v 1.450457 0.283271 -0.092656
v 1.391742 0.232860 -0.117363
v 1.378814 0.232859 -0.092643
v 1.391961 0.233009 -0.117374
v 1.450661 0.283397 -0.092700
v 1.443190 0.268718 -0.117375
v 1.518158 0.268748 -0.117376
v 1.443282 0.268746 -0.117379
v 1.450788 0.283455 -0.092669
v 1.518381 0.268756 -0.117362
v 1.451041 0.283466 -0.092650
v 1.530676 0.283473 -0.092639
v 0.823022 0.173699 0.092655
v 0.823014 0.165174 0.117343
v 0.846803 0.143688 0.092689
v 0.822927 0.173740 0.092670
v 0.727969 0.165009 0.117360
v 0.822940 0.165199 0.117377
v 0.727533 0.165012 0.117349
v 0.822558 0.173746 0.092652
v 0.714935 0.173746 0.092653
v 0.846954 0.143490 0.092729
v 0.823075 0.165089 0.117376
v 0.855013 0.126668 0.117340
v 1.057185 0.126926 0.117288
v 0.847111 0.143428 0.092690
v 0.855165 0.126583 0.117353
v 0.848314 0.143439 0.092675
v 1.059339 0.126937 0.117274
v 1.069221 0.143412 0.092715
v 1.253387 -0.014376 0.092687
v 1.069480 0.143324 0.092710
v 1.059627 0.126830 0.117278
v 1.061380 0.125311 0.117294
v 1.244747 -0.031965 0.117341
v 1.254622 -0.015447 0.092698
v 1.322539 -0.032304 0.117384
v 1.254816 -0.015538 0.092725
v 1.244931 -0.032029 0.117337
v 1.255281 -0.015516 0.092691
v 1.322704 -0.032291 0.117364
v 1.322711 -0.015474 0.092628
v 1.354657 -0.015473 0.092628
v 1.322785 -0.015474 0.092628
v 1.322792 -0.032272 0.117336
v 1.354712 -0.015500 0.092667
v 1.322858 -0.032305 0.117384
v 1.354704 -0.032719 0.117384
v 1.418569 -0.015476 0.092631
v 1.354784 -0.015474 0.092628
v 1.354792 -0.032705 0.117364
v 1.354940 -0.032720 0.117385
v 1.426582 -0.033335 0.117387
v 1.418721 -0.015486 0.092644
v 1.437059 0.004338 0.117376
v 1.418780 -0.015454 0.092661
v 1.426635 -0.033288 0.117384
v 1.418787 -0.015373 0.092634
v 1.437060 0.004428 0.117332
v 1.426755 0.016456 0.092654
v 1.438056 0.130874 0.117354
v 1.426777 0.016583 0.092665
v 1.437090 0.004512 0.117374
v 1.426774 0.017083 0.092655
v 1.438051 0.131425 0.117337
v 1.426773 0.131437 0.092653
v 1.378965 0.181957 0.092644
v 1.426731 0.131543 0.092655
v 1.437989 0.131552 0.117313
v 1.378821 0.182125 0.092671
v 1.437777 0.131798 0.117353
v 1.391339 0.182129 0.117379
v 1.378771 0.232644 0.092641
v 1.378771 0.182212 0.092642
v 1.391296 0.182207 0.117354
v 1.378786 0.232782 0.092670
v 1.391310 0.182332 0.117381
v 1.391708 0.232783 0.117378
v 1.450457 0.283271 0.092655
v 1.378815 0.232860 0.092644
v 1.391742 0.232860 0.117363
v 1.450661 0.283397 0.092700
v 1.391959 0.233007 0.117375
v 1.443190 0.268718 0.117375
v 1.518158 0.268748 0.117376
v 1.450788 0.283455 0.092669
v 1.443282 0.268746 0.117379
v 1.451041 0.283466 0.092650
v 1.518381 0.268756 0.117362
v 1.530676 0.283473 0.092639
v 0.048814 0.302712 -0.058744
v 0.048837 0.302712 0.058865
v -0.125420 0.302712 0.058811
v 0.048561 0.302712 -0.058842
v -0.125744 0.302712 0.058686
v -0.125763 0.302712 -0.058830
v 0.064135 0.302712 -0.043213
v 0.049015 0.302712 0.057759
v 0.049038 0.302712 -0.058679
v 0.049055 0.302712 0.058694
v 0.064139 0.302712 -0.042426
v 0.064153 0.302712 0.043214
v 0.050804 0.349107 -0.044217
v 0.050804 0.359409 -0.027690
v 0.050804 0.359411 -0.044219
v 0.050804 0.359398 -0.027657
v 0.050804 0.349096 -0.044184
v 0.050804 0.349094 -0.027655
v 0.050804 0.359411 0.027655
v 0.050804 0.349107 0.027657
v 0.050804 0.359409 0.044184
v 0.050804 0.349096 0.027690
v 0.050804 0.349094 0.044219
v 0.050804 0.359398 0.044217
v 0.845906 0.142052 -0.068575
v 1.264675 0.142052 -0.068569
v 1.264629 0.142052 0.068415
v 0.844686 0.142052 -0.068487
v 1.263135 0.142052 0.068523
v 0.844627 0.142052 0.068634
v 0.844307 0.142230 -0.068575
v 0.844345 0.142184 0.068221
v 0.787758 0.209927 -0.068696
v 0.787699 0.209997 -0.068430
v 0.844253 0.142294 0.068634
v 0.787690 0.210008 0.068710
v -0.062792 0.339558 0.027545
v -0.013291 0.339558 0.027540
v -0.013296 0.339558 0.043187
v -0.062975 0.339558 0.027557
v -0.013479 0.339558 0.043200
v -0.062980 0.339558 0.043205
v -0.062792 0.339558 -0.043200
v -0.013291 0.339558 -0.043205
v -0.013296 0.339558 -0.027558
v -0.062975 0.339558 -0.043188
v -0.013479 0.339558 -0.027545
v -0.062980 0.339558 -0.027540
v 0.059100 0.338945 -0.027557
v 0.011152 0.338945 -0.043201
v 0.059105 0.338945 -0.043206
v 0.010980 0.338945 -0.043188
v 0.058928 0.338945 -0.027544
v 0.010975 0.338945 -0.027539
v 0.059100 0.338945 0.043188
v 0.011152 0.338945 0.027544
v 0.059105 0.338945 0.027539
v 0.010980 0.338945 0.027557
v 0.058928 0.338945 0.043201
v 0.010975 0.338945 0.043206
v 0.537662 -0.328109 -0.046100
v 0.454823 0.030725 -0.046113
v 0.484236 0.030679 -0.059681
v 0.485331 0.026001 -0.059687
v 0.567950 -0.331380 -0.059728
v 0.538374 -0.331152 -0.046104
v 0.551430 -0.358454 -0.059769
v 0.538485 -0.331432 -0.046179
v 0.567892 -0.331622 -0.059722
v 0.538244 -0.331565 -0.046106
v 0.551388 -0.358477 -0.059757
v 0.521648 -0.358262 -0.046054
v 0.558049 -0.373686 -0.059768
v 0.521751 -0.358326 -0.046104
v 0.551413 -0.358525 -0.059770
v 0.521639 -0.358345 -0.046052
v 0.558051 -0.373746 -0.059760
v 0.531943 -0.401892 -0.046053
v 0.485331 0.026001 0.059687
v 0.538374 -0.331152 0.046104
v 0.567950 -0.331380 0.059728
v 0.537662 -0.328109 0.046100
v 0.484236 0.030679 0.059681
v 0.454823 0.030725 0.046113
v 0.538485 -0.331432 0.046179
v 0.551430 -0.358454 0.059769
v 0.567892 -0.331622 0.059722
v 0.521648 -0.358262 0.046054
v 0.551388 -0.358477 0.059757
v 0.538244 -0.331565 0.046106
v 0.521751 -0.358326 0.046104
v 0.558049 -0.373686 0.059768
v 0.551413 -0.358525 0.059770
v 0.521639 -0.358345 0.046052
v 0.531943 -0.401892 0.046053
v 0.558051 -0.373746 0.059760
v 0.050745 0.349083 0.027585
v -0.123362 0.349083 0.027527
v 0.050727 0.349083 -0.027539
v -0.124024 0.349083 -0.027546
v 0.050303 0.349083 -0.027567
v -0.124005 0.349083 0.027484
v 0.068580 0.349083 -0.044099
v 0.050863 0.349083 0.027164
v 0.050881 0.349083 -0.027610
v 0.068546 0.349083 -0.044187
v 0.050881 0.349083 -0.027821
v 0.050819 0.349083 -0.044215
v 0.068613 0.349083 -0.043874
v 0.068620 0.349083 0.044145
v 0.050869 0.349083 0.027625
v 0.050863 0.349083 0.027779
v 0.068563 0.349083 0.044193
v 0.050819 0.349083 0.044215
v -1.088553 0.359977 -0.002205
v -1.083044 0.359977 -0.002206
v -1.083045 0.359977 0.002200
v -1.088562 0.359977 -0.002200
v -1.083054 0.359977 0.002205
v -1.088563 0.359977 0.002206
v -1.006935 0.169230 -0.011974
v -0.904112 0.237292 -0.011964
v -1.005166 0.162211 -0.008455
v -0.878414 0.245758 -0.008448
v -1.003075 0.163582 -0.008450
v -0.901948 0.238723 -0.011964
v -1.003075 0.163582 0.008450
v -0.878414 0.245758 0.008448
v -0.901948 0.238723 0.011964
v -0.904112 0.237292 0.011964
v -1.006935 0.169230 0.011974
v -1.005166 0.162211 0.008455
v 0.846900 0.143597 0.091289
v 0.846887 0.143614 -0.092442
v 0.823081 0.173644 -0.092473
v 0.847140 0.143491 -0.092264
v 0.847119 0.143491 0.092463
v 1.068864 0.143491 0.092398
v 0.823063 0.173667 -0.091386
v 0.823043 0.173691 0.092504
v 0.846881 0.143621 0.092463
v 0.822860 0.173765 -0.092136
v 0.715093 0.173765 0.092454
v 0.822891 0.173765 0.092504
v 0.822767 0.173765 -0.092473
v 0.714967 0.173765 -0.092473
v 0.714986 0.173765 0.092066
v 1.069213 0.143491 -0.092394
v 0.847416 0.143491 -0.092442
v 1.069217 0.143491 0.092171
v 1.069572 0.143358 -0.092188
v 1.069569 0.143361 0.092398
v 1.254362 -0.015122 0.092427
v 1.254636 -0.015357 -0.092450
v 1.069877 0.143097 -0.092394
v 1.254618 -0.015342 0.092254
v 1.254896 -0.015453 -0.091768
v 1.254919 -0.015453 0.092427
v 1.322601 -0.015453 0.092495
v 1.322645 -0.015453 0.092021
v 1.322647 -0.015453 -0.092497
v 1.254959 -0.015453 -0.092450
v 1.322848 -0.015453 -0.091426
v 1.322850 -0.015453 0.092495
v 1.354630 -0.015453 0.092498
v 1.354648 -0.015453 0.091436
v 1.354647 -0.015453 -0.092497
v 1.322867 -0.015453 -0.092497
v 1.354849 -0.015453 -0.091994
v 1.354848 -0.015453 0.092498
v 1.418605 -0.015453 0.092496
v 1.418646 -0.015453 0.091993
v 1.418648 -0.015453 -0.092498
v 1.354890 -0.015453 -0.092497
v 1.418772 -0.015356 -0.091467
v 1.418773 -0.015354 0.092496
v 1.426716 0.016419 0.092487
v 1.426721 0.016440 0.091344
v 1.426720 0.016433 -0.092481
v 1.418777 -0.015337 -0.092498
v 1.426748 0.016664 -0.092187
v 1.426748 0.016658 0.092487
v 1.426748 0.131272 0.092473
v 1.426748 0.131376 -0.092477
v 1.426748 0.016758 -0.092481
v 1.426748 0.131372 0.092160
v 1.426665 0.131585 -0.091936
v 1.426662 0.131588 0.092473
v 1.378855 0.182051 0.092491
v 1.378823 0.182085 0.092011
v 1.378822 0.182086 -0.092492
v 1.426628 0.131624 -0.092477
v 1.378749 0.182269 -0.091811
v 1.378749 0.182270 0.092491
v 1.378749 0.232686 0.092488
v 1.378749 0.232720 0.091782
v 1.378749 0.232718 -0.092486
v 1.378749 0.182302 -0.092492
v 1.378841 0.232895 -0.092100
v 1.378839 0.232893 0.092488
v 1.450581 0.283379 0.092469
v 1.450642 0.283423 0.092025
v 1.450666 0.283439 -0.092498
v 1.378894 0.232932 -0.092486
v 1.450848 0.283497 -0.092498
v 1.450877 0.283497 0.091973
v 1.530547 0.283497 -0.092466
v 1.530616 0.283497 -0.091958
v 1.450945 0.283497 0.092469
v 1.530635 0.283497 0.092485
v 0.714772 -0.017543 -0.092394
v 0.714759 -0.017532 0.090835
v 0.699134 -0.004628 -0.074040
v 0.699130 -0.004625 -0.072487
v 0.714732 -0.017510 0.092324
v 0.699113 -0.004611 0.074045
v 0.546747 0.241353 0.071924
v 0.554601 0.290014 0.084964
v 0.546744 0.282508 0.071918
v 0.554613 0.289851 0.084984
v 0.546750 0.241166 0.071929
v 0.554615 0.233641 0.084987
v -0.879377 0.245042 -0.008323
v -1.005141 0.162132 0.008312
v -1.005157 0.162122 -0.008342
v -1.003831 0.162996 0.008323
v -0.878067 0.245906 -0.008312
v -0.878051 0.245916 0.008342
v 0.714772 0.173707 0.092394
v 0.714759 0.173696 -0.090835
v 0.699134 0.160792 0.074040
v 0.699130 0.160789 0.072487
v 0.714732 0.173674 -0.092324
v 0.699113 0.160775 -0.074045
v 0.521626 -0.358244 -0.045981
v 0.521626 -0.358245 0.045701
v 0.538143 -0.331491 -0.045873
v 0.521609 -0.358349 -0.045789
v 0.531900 -0.401857 0.045971
v 0.521609 -0.358348 0.045982
v 0.531912 -0.401906 -0.045981
v 0.531909 -0.401897 0.045745
v 0.521617 -0.358383 -0.045981
v 0.538178 -0.331434 -0.045048
v 0.521638 -0.358226 0.045982
v 0.538191 -0.331412 0.045899
v 0.538233 -0.331156 0.045899
v 0.455066 0.028980 0.045799
v 0.538228 -0.331131 -0.045827
v 0.454668 0.030704 -0.045842
v 0.537959 -0.329968 -0.045873
v 0.454678 0.030662 0.045732
v 0.727466 0.164983 0.117358
v 0.714851 0.173735 0.092619
v 0.714311 0.153179 0.093972
v 0.714827 0.173729 0.092583
v 0.699183 0.160747 0.074236
v 0.714260 0.153173 0.093896
v 0.699115 0.160615 0.074156
v 0.714248 0.012855 0.093885
v 0.714259 0.153076 0.093899
v 0.699103 0.159787 0.074140
v 0.699093 -0.004445 0.074128
v 0.714244 0.012112 0.093880
v 0.714825 -0.017558 0.092580
v 0.714248 0.011958 0.093880
v 0.699132 -0.004557 0.074173
v 0.714320 0.011988 0.093989
v 0.714853 -0.017551 0.092623
v 0.727472 0.001692 0.117370
v 0.546723 0.241187 0.071856
v 0.544098 0.279375 0.058688
v 0.544097 0.244165 0.058683
v 0.544100 0.279505 0.058696
v 0.546726 0.241309 0.071870
v 0.546726 0.282494 0.071874
v 0.714272 0.012033 -0.093914
v 0.714825 -0.017558 -0.092580
v 0.699085 -0.004561 -0.074115
v 0.714853 -0.017551 -0.092623
v 0.714300 0.012045 -0.093956
v 0.727472 0.001692 -0.117370
v 0.714827 0.173729 -0.092583
v 0.714274 0.153139 -0.093917
v 0.699092 0.160733 -0.074124
v 0.714298 0.153142 -0.093953
v 0.714851 0.173735 -0.092619
v 0.727466 0.164983 -0.117358
v 0.727451 0.002809 -0.117335
v 0.714338 0.153055 -0.094026
v 0.727459 0.164861 -0.117349
v 0.714332 0.152069 -0.094016
v 0.727437 0.001853 -0.117309
v 0.714322 0.012131 -0.093999
v 0.727451 0.002809 0.117335
v 0.727459 0.164861 0.117349
v 0.714338 0.153055 0.094026
v 0.727437 0.001853 0.117309
v 0.714332 0.152069 0.094016
v 0.714322 0.012131 0.093999
v -1.417003 0.052373 0.019070
v -1.417003 -0.046800 -0.019085
v -1.417003 0.052386 -0.019109
v -1.417003 -0.047104 -0.019053
v -1.417003 0.052119 0.019096
v -1.417003 -0.047114 0.019095
v -1.416963 0.052451 -0.019014
v -1.392238 0.064865 0.019124
v -1.416951 0.052457 0.019096
v -1.416924 0.052471 -0.019109
v -1.392212 0.064878 -0.019124
v -1.392212 0.064878 0.019062
v -1.392158 0.064878 -0.019062
v -1.367440 0.052467 0.019113
v -1.392158 0.064878 0.019124
v -1.392132 0.064865 -0.019124
v -1.367399 0.052447 -0.019119
v -1.367405 0.052449 0.019028
v -1.367368 -0.005490 -0.019107
v -1.367368 0.052390 0.019078
v -1.367368 0.052396 -0.019119
v -1.367368 0.052294 0.019113
v -1.367368 -0.005600 -0.019067
v -1.367368 -0.005606 0.019113
v 0.699129 0.159278 -0.074174
v 0.714226 0.012124 -0.093857
v 0.699114 -0.004381 -0.074155
v 0.714231 0.013172 -0.093864
v 0.699147 0.160554 -0.074199
v 0.714244 0.153057 -0.093880
v 0.699055 0.160410 -0.073957
v 0.699055 -0.004466 -0.073981
v 0.699055 -0.004411 0.073738
v 0.699055 0.160606 -0.073807
v 0.699055 -0.004166 0.073926
v 0.699055 0.160594 0.073945
v -1.038645 0.275370 -0.017615
v -1.053684 0.306345 0.011748
v -1.038644 0.275367 0.017650
v -1.053703 0.306384 0.011695
v -1.038680 0.275441 -0.017634
v -1.053705 0.306388 -0.011745
v -1.067916 0.350814 -0.010496
v -1.053728 0.306448 0.011715
v -1.053727 0.306443 -0.011739
v -1.053767 0.306569 0.011731
v -1.067938 0.350883 -0.010480
v -1.067939 0.350887 0.010498
v -1.067945 0.360232 0.008404
v -1.067945 0.350924 0.010492
v -1.067945 0.350928 -0.010418
v -1.067945 0.350952 0.010525
v -1.067945 0.360237 0.008429
v -1.067945 0.360240 0.016807
v -1.067945 0.360263 0.008434
v -1.067945 0.375588 0.016814
v -1.067945 0.360260 0.016816
v -1.067945 0.375624 0.008423
v -1.067945 0.375622 0.016806
v -1.067945 0.360299 0.008426
v -1.067945 0.350947 -0.010483
v -1.067945 0.360239 -0.008404
v -1.067945 0.360237 0.008359
v -1.067945 0.360239 -0.008426
v -1.067945 0.350962 -0.010527
v -1.067945 0.360239 -0.016805
v -1.067945 0.360261 -0.016807
v -1.067945 0.375588 -0.008425
v -1.067945 0.360261 -0.008424
v -1.067945 0.360294 -0.016815
v -1.067945 0.375624 -0.016816
v -1.067945 0.375622 -0.008433
v -1.085055 0.366594 0.000590
v -1.083059 0.360040 -0.002189
v -1.085055 0.366595 -0.000594
v -1.083042 0.359982 -0.002202
v -1.085052 0.366584 0.000596
v -1.083041 0.359982 0.002204
v -1.028138 0.285060 0.000020
v -1.017957 0.272073 0.018654
v -1.017954 0.279791 0.000016
v -1.017957 0.272073 -0.018650
v -1.028138 0.285060 -0.000016
v -1.017954 0.279791 -0.000012
v -1.028151 0.285046 0.000071
v -1.028153 0.275781 0.022439
v -1.017964 0.272053 0.018710
v -1.028151 0.285046 -0.000067
v -1.017964 0.272053 -0.018706
v -1.028153 0.275781 -0.022435
v -1.028151 0.253391 0.031726
v -1.017964 0.272030 0.018733
v -1.028153 0.275758 0.022462
v -1.028151 0.253391 -0.031722
v -1.028153 0.275758 -0.022458
v -1.017964 0.272030 -0.018729
v -1.017957 0.271974 0.018753
v -1.028138 0.253340 0.031740
v -1.017954 0.253336 0.026471
v -1.017957 0.271974 -0.018749
v -1.017954 0.253336 -0.026467
v -1.028138 0.253340 -0.031736
v -1.017957 0.234671 0.018753
v -1.017954 0.253308 0.026471
v -1.028138 0.253304 0.031740
v -1.017957 0.234671 -0.018749
v -1.028138 0.253304 -0.031736
v -1.017954 0.253308 -0.026467
v -1.028151 0.253253 0.031726
v -1.028153 0.230885 0.022462
v -1.017964 0.234615 0.018733
v -1.028151 0.253253 -0.031722
v -1.017964 0.234615 -0.018729
v -1.028153 0.230885 -0.022458
v -1.028151 0.221597 0.000071
v -1.017964 0.234592 0.018710
v -1.028153 0.230862 0.022439
v -1.028151 0.221597 -0.000067
v -1.028153 0.230862 -0.022435
v -1.017964 0.234592 -0.018706
v -1.017957 0.234572 0.018654
v -1.028138 0.221583 0.000020
v -1.017954 0.226853 0.000016
v -1.017957 0.234572 -0.018650
v -1.017954 0.226853 -0.000012
v -1.028138 0.221583 -0.000016
v -1.186655 0.189234 0.000024
v -1.173928 0.172998 0.023316
v -1.173926 0.182647 0.000019
v -1.173928 0.172998 -0.023312
v -1.186655 0.189234 -0.000020
v -1.173926 0.182647 -0.000015
v -1.186672 0.189216 0.000088
v -1.186674 0.177636 0.028048
v -1.173938 0.172974 0.023386
v -1.186672 0.189216 -0.000084
v -1.173938 0.172974 -0.023382
v -1.186674 0.177636 -0.028044
v -1.186672 0.149647 0.039657
v -1.173938 0.172945 0.023415
v -1.186674 0.177608 0.028076
v -1.186672 0.149647 -0.039652
v -1.186674 0.177608 -0.028072
v -1.173938 0.172945 -0.023411
v -1.173928 0.172875 0.023439
v -1.186655 0.149583 0.039675
v -1.173926 0.149578 0.033087
v -1.173928 0.172875 -0.023435
v -1.173926 0.149578 -0.033083
v -1.186655 0.149583 -0.039670
v -1.173928 0.126247 0.023440
v -1.173926 0.149544 0.033087
v -1.186655 0.149539 0.039675
v -1.173928 0.126247 -0.023435
v -1.186655 0.149539 -0.039670
v -1.173926 0.149544 -0.033083
v -1.186672 0.149475 0.039657
v -1.186674 0.121515 0.028076
v -1.173938 0.126177 0.023416
v -1.186672 0.149475 -0.039652
v -1.173938 0.126177 -0.023411
v -1.186674 0.121515 -0.028072
v -1.186672 0.109906 0.000088
v -1.173938 0.126148 0.023387
v -1.186674 0.121487 0.028048
v -1.186672 0.109906 -0.000084
v -1.186674 0.121487 -0.028044
v -1.173938 0.126148 -0.023382
v -1.173928 0.126124 0.023317
v -1.186655 0.109888 0.000024
v -1.173926 0.116476 0.000019
v -1.173928 0.126124 -0.023312
v -1.173926 0.116476 -0.000015
v -1.186655 0.109888 -0.000020
v -1.218466 -0.015488 -0.019064
v -1.218466 0.121558 -0.019079
v -1.218466 0.121543 0.019035
v -1.218466 -0.016061 -0.019035
v -1.218466 0.120970 0.019064
v -1.218466 -0.016076 0.019079
vn -0.0029 0.6144 -0.7890
vn 0.0011 -0.9973 -0.0728
vn 0.9234 -0.1762 -0.3409
vn 0.9733 0.2295 -0.0006
vn -0.9731 0.2305 0.0009
vn -0.9234 -0.1755 -0.3413
vn -0.0013 0.1975 0.9803
vn 0.9426 0.1843 0.2784
vn -0.9430 0.1823 0.2784
vn -0.0008 -0.9925 0.1220
vn -0.0016 0.8920 0.4520
vn 0.9236 0.1175 -0.3648
vn -0.9234 0.1192 -0.3649
vn -0.0002 0.1932 -0.9812
vn -0.0082 -0.6208 0.7839
vn 0.0004 0.9495 -0.3136
vn -0.0023 -0.5569 -0.8306
vn 0.9067 -0.4219 -0.0000
vn -0.9093 -0.4161 0.0012
vn 0.0012 0.9927 -0.1203
vn 0.0021 -0.6501 -0.7598
vn 0.0030 -0.5528 0.8333
vn 0.9430 -0.0662 0.3262
vn -0.9429 -0.0670 0.3262
vn 0.0032 0.9501 0.3118
vn -0.0050 -0.6151 -0.7885
vn 0.9477 -0.2254 0.2259
vn -0.9473 -0.2261 0.2270
vn -0.0017 -0.5537 0.8327
vn 0.0044 -0.7885 -0.6151
vn 0.0039 0.3047 0.9524
vn 0.9471 0.2275 -0.2265
vn -0.9471 0.2279 -0.2260
vn 0.0010 0.8310 -0.5562
vn 0.0114 0.6170 0.7869
vn 0.0049 0.1922 -0.9813
vn 0.9077 0.2955 -0.2978
vn -0.9073 0.2985 -0.2961
vn 0.0022 -0.9972 0.0750
vn -0.0023 0.7887 0.6148
vn 0.0001 0.0745 -0.9972
vn 0.0011 -0.9808 0.1951
vn 0.9075 -0.2973 0.2967
vn -0.9078 -0.2952 0.2979
vn 0.0024 -0.7868 -0.6172
vn 0.0010 -0.0716 0.9974
vn 0.9733 0.0006 -0.2293
vn -0.9733 -0.0004 -0.2295
vn 0.0007 0.9809 -0.1946
vn -0.0031 -0.6079 -0.7940
vn -0.0003 -0.1891 0.9820
vn 0.9431 -0.3256 0.0674
vn -0.9435 -0.3243 0.0679
vn 0.0020 0.9972 -0.0748
vn -0.0016 0.7857 0.6186
vn 0.0026 -0.3145 -0.9492
vn 0.0013 -0.8318 0.5551
vn 0.9075 0.0009 0.4201
vn -0.9070 -0.0000 0.4212
vn 0.0020 -0.9505 -0.3107
vn -0.0006 0.6149 0.7886
vn -0.0017 0.5558 -0.8313
vn 0.9227 0.3667 -0.1186
vn -0.9231 0.3659 -0.1179
vn 0.0038 -0.7841 0.6206
vn 0.0010 0.8318 0.5550
vn 0.9233 0.3419 0.1753
vn -0.9233 0.3418 0.1754
vn 0.0094 0.3171 -0.9483
vn 0.0010 0.7582 0.6520
vn -0.0036 0.1204 -0.9927
vn 0.9432 -0.2780 -0.1821
vn -0.9436 -0.2768 -0.1819
vn -0.0014 -0.8317 0.5552
vn -0.0001 0.7863 -0.6179
vn -0.0005 -0.9809 -0.1946
vn -0.0010 0.0763 0.9971
vn -0.0017 -0.4524 -0.8918
vn 0.0037 -0.1266 0.9919
vn 0.0001 0.9806 -0.1958
vn 0.5764 0.7834 0.2324
vn -0.7611 0.4678 -0.4493
vn 0.2444 -0.0008 -0.9697
vn 0.8581 -0.0004 -0.5135
vn -0.1153 0.0006 0.9933
vn -0.7159 0.0008 0.6982
vn 0.2007 -0.8436 0.4981
vn 0.8094 -0.4145 -0.4160
vn -0.2730 0.6802 0.6803
vn 0.2009 0.8436 0.4979
vn -0.7612 -0.4681 -0.4488
vn 0.8095 0.4145 -0.4157
vn -0.2725 -0.6803 0.6804
vn 0.5758 -0.7839 0.2323
vn -0.2179 0.8572 -0.4667
vn -0.5982 -0.7920 0.1219
vn 0.0858 -0.7047 -0.7043
vn -0.8406 0.3827 0.3832
vn 0.6691 -0.1671 0.7242
vn -0.2196 -0.8570 -0.4661
vn 0.6683 0.1664 0.7251
vn -0.5986 0.7917 0.1220
vn 0.0854 0.7048 -0.7043
vn -0.8405 -0.3832 0.3831
vn -0.2174 -0.4658 0.8578
vn 0.6680 0.7253 -0.1669
vn 0.2444 -0.9697 -0.0011
vn -0.7172 0.6968 0.0004
vn -0.5986 0.1216 -0.7918
vn -0.2132 0.4621 0.8608
vn -0.5984 -0.1241 -0.7915
vn 0.2443 0.9697 0.0001
vn -0.7155 -0.6986 0.0008
vn 0.6688 -0.7247 -0.1657
vn 0.1979 0.4952 -0.8459
vn -0.7612 -0.4496 0.4673
vn 0.5768 0.2338 0.7827
vn 0.8594 -0.5112 -0.0004
vn -0.1154 0.9933 0.0006
vn 0.5760 -0.2345 0.7831
vn -0.7595 0.4478 0.4718
vn 0.8576 0.5144 -0.0005
vn -0.1160 -0.9932 0.0006
vn 0.2013 -0.5013 -0.8415
vn -0.7592 -0.4507 -0.4696
vn 0.2011 0.5000 0.8423
vn 0.8098 -0.4143 0.4154
vn -0.2726 0.6807 -0.6800
vn 0.5757 0.2358 -0.7830
vn 0.1983 -0.4915 0.8480
vn -0.7594 0.4493 -0.4707
vn 0.8089 0.4161 0.4153
vn -0.2726 -0.6810 -0.6797
vn 0.5756 -0.2322 -0.7841
vn 0.6679 0.7253 0.1667
vn -0.2167 -0.4659 -0.8579
vn -0.5989 0.1216 0.7915
vn 0.0853 -0.7052 0.7039
vn -0.8408 0.3829 -0.3827
vn -0.2208 0.4697 -0.8548
vn 0.6680 -0.7251 0.1673
vn -0.5989 -0.1219 0.7915
vn 0.0851 0.7049 0.7042
vn -0.8407 -0.3829 -0.3828
vn -0.2188 0.8563 0.4678
vn 0.6687 -0.1655 -0.7248
vn 0.2445 -0.0003 0.9697
vn -0.7161 0.0005 -0.6980
vn -0.5986 -0.7916 -0.1228
vn -0.2180 -0.8570 0.4669
vn -0.5985 0.7916 -0.1229
vn 0.6684 0.1656 -0.7251
vn 0.2003 -0.8437 -0.4980
vn -0.7612 0.4678 0.4492
vn 0.5773 0.7828 -0.2323
vn 0.8581 -0.0005 0.5135
vn -0.1152 0.0006 -0.9933
vn 0.5767 -0.7834 -0.2317
vn -0.7613 -0.4680 0.4488
vn 0.2008 0.8435 -0.4982
vn 0.0004 0.9941 0.1084
vn 0.0003 -0.6237 -0.7816
vn 0.8805 -0.3040 -0.3638
vn 0.8802 0.3044 0.3642
vn -0.8801 0.3044 0.3644
vn -0.8806 -0.3039 -0.3636
vn 0.0007 -0.7075 0.7067
vn 0.8166 -0.4087 0.4075
vn -0.8166 -0.4080 0.4082
vn -0.0005 -0.9940 -0.1098
vn -0.0005 0.6233 0.7820
vn 0.0005 0.7072 -0.7070
vn 0.8168 0.4078 -0.4082
vn -0.8169 0.4082 -0.4075
vn 0.4928 0.8182 0.2960
vn 0.6736 0.3369 -0.6578
vn 0.4213 0.6555 0.6268
vn 0.9632 -0.2294 -0.1402
vn -0.2955 -0.9512 -0.0890
vn 0.4377 -0.6711 -0.5984
vn 0.6829 -0.1139 0.7216
vn 0.4254 0.9046 -0.0270
vn 0.4371 -0.8974 0.0601
vn 0.4161 0.8833 0.2161
vn -0.3421 -0.8877 0.3083
vn -0.5258 -0.2637 -0.8087
vn 0.0623 -0.3052 0.9503
vn 0.0032 -0.9191 -0.3940
vn 0.4062 0.2966 0.8643
vn 0.6763 0.6934 -0.2486
vn 0.4254 0.0257 0.9046
vn 0.4374 -0.0592 -0.8973
vn 0.6826 -0.5911 0.4296
vn 0.3592 0.8108 -0.4620
vn 0.0590 0.6655 0.7441
vn -0.0019 -0.1970 -0.9804
vn -0.1293 -0.2606 0.9568
vn -0.5493 -0.7817 -0.2954
vn -0.4639 0.3963 -0.7923
vn 0.6747 -0.2492 -0.6947
vn 0.6826 0.4296 0.5913
vn 0.4218 0.6256 -0.6563
vn 0.4373 -0.5974 0.6722
vn 0.3581 0.4643 0.8100
vn -0.4441 -0.8173 -0.3672
vn -0.5157 0.3728 -0.7714
vn 0.0521 -0.8941 0.4448
vn -0.3483 -0.3220 -0.8803
vn 0.7858 -0.2300 -0.5742
vn 0.1586 0.6174 -0.7705
vn -0.3313 -0.6676 -0.6667
vn 0.4573 -0.3765 0.8057
vn 0.6741 0.6596 0.3325
vn 0.4217 -0.6257 0.6562
vn 0.4377 0.5970 -0.6723
vn 0.6817 -0.7227 -0.1142
vn 0.4028 -0.2228 0.8878
vn -0.4229 -0.2920 -0.8578
vn -0.5260 0.8086 -0.2636
vn 0.0623 -0.9501 -0.3055
vn 0.0043 0.3933 -0.9194
vn 0.6826 -0.4299 -0.5910
vn -0.9012 -0.4272 0.0738
vn 0.6764 0.2483 0.6934
vn 0.4252 -0.9047 0.0258
vn 0.4371 0.8975 -0.0595
vn 0.7522 0.5859 -0.3015
vn 0.0428 0.8515 -0.5227
vn -0.3412 -0.6803 0.6487
vn -0.2998 0.9539 -0.0106
vn -0.3299 0.6675 -0.6675
vn -0.5706 -0.7253 0.3852
vn 0.3588 -0.8107 0.4626
vn -0.4440 0.3671 -0.8174
vn 0.7340 -0.3589 -0.5766
vn -0.3369 0.6434 -0.6874
vn -0.5903 -0.0000 -0.8072
vn 0.6819 0.1137 -0.7226
vn -0.0641 -0.9476 0.3131
vn 0.6733 -0.3370 0.6581
vn 0.4210 -0.6557 -0.6267
vn 0.4374 0.6714 0.5982
vn 0.6779 0.6493 0.3446
vn 0.1746 -0.7167 -0.6752
vn -0.1724 0.7774 -0.6049
vn -0.2411 -0.0678 0.9681
vn 0.5021 -0.8113 -0.2993
vn 0.4026 0.2228 -0.8878
vn -0.0036 0.9877 -0.1561
vn -0.9610 0.1454 -0.2353
vn -0.4201 0.6982 0.5797
vn -0.0841 -0.8800 -0.4674
vn 0.6039 -0.6820 0.4124
vn -0.6242 -0.2432 -0.7424
vn 0.6740 -0.6597 -0.3323
vn 0.6830 0.7216 0.1136
vn 0.4253 -0.0273 -0.9046
vn 0.4374 0.0602 0.8973
vn 0.0848 -0.6507 0.7546
vn 0.4165 -0.8828 -0.2172
vn 0.3623 0.4636 -0.8086
vn 0.1463 0.6680 0.7296
vn -0.9879 -0.1546 -0.0092
vn -0.1097 0.9689 0.2218
vn 0.9962 0.0008 0.0866
vn -0.3313 0.6677 0.6666
vn 0.4059 -0.2971 -0.8643
vn 0.6749 -0.6947 0.2489
vn 0.6828 0.5909 -0.4297
vn 0.3589 -0.4630 -0.8105
vn -0.4441 0.8172 0.3673
vn -0.8745 -0.1340 -0.4661
vn 0.2713 -0.2990 -0.9149
vn 0.0740 0.8913 0.4474
vn -0.8272 0.4140 0.3799
vn -0.9410 -0.2317 -0.2468
vn 0.9168 -0.3470 -0.1977
vn 0.7269 -0.5783 0.3704
vn -0.0009 -0.7265 0.6872
vn -0.8303 -0.4052 0.3826
vn 0.8302 -0.4048 0.3834
vn 0.2918 0.2740 0.9164
vn -0.1255 -0.8481 -0.5147
vn 0.1771 0.7665 -0.6173
vn -0.7073 0.6011 -0.3721
vn 0.7808 -0.5244 -0.3398
vn -0.4335 -0.4603 0.7747
vn -0.2939 -0.3027 -0.9066
vn 0.7074 0.5751 0.4108
vn -0.3528 0.9035 0.2432
vn 0.7523 -0.6255 0.2068
vn 0.3485 0.1366 0.9273
vn -0.7666 -0.5127 -0.3865
vn 0.5867 0.4042 -0.7017
vn -0.1302 0.9068 -0.4010
vn 0.8007 -0.4453 -0.4008
vn 0.0070 -0.1129 0.9936
vn 0.0003 0.8313 -0.5558
vn 0.9073 0.4205 -0.0004
vn 0.9431 0.2777 0.1828
vn -0.9428 0.2785 0.1833
vn -0.9068 0.4215 0.0007
vn 0.0027 -0.7572 -0.6531
vn 0.9996 -0.0274 -0.0001
vn -0.9996 -0.0287 0.0001
vn 0.0027 -0.1095 -0.9940
vn 0.0001 -0.7572 0.6531
vn 0.9430 0.2779 -0.1833
vn -0.9429 0.2792 -0.1818
vn 0.0018 0.8323 0.5544
vn 0.0003 0.4440 0.8960
vn -0.0001 0.1265 -0.9920
vn -0.0006 -0.9811 0.1936
vn 0.9946 -0.0124 0.1034
vn -0.9944 -0.0126 0.1045
vn 0.0007 -0.0753 -0.9972
vn 0.0005 -0.7872 0.6168
vn 0.9731 -0.0004 0.2304
vn -0.9731 0.0005 0.2304
vn 0.0005 0.9806 0.1960
vn 0.0057 0.1199 0.9928
vn -0.0017 0.4463 -0.8949
vn 0.0003 -0.9808 -0.1950
vn 0.9944 -0.0120 -0.1050
vn -0.9944 -0.0125 -0.1049
vn -0.0026 -0.7866 -0.6175
vn -0.0026 -0.0770 0.9970
vn 0.9732 -0.0004 -0.2301
vn -0.9733 0.0005 -0.2297
vn -0.0002 0.9807 -0.1955
vn -0.0105 0.5489 -0.8358
vn -0.0025 -0.8332 0.5530
vn 0.9877 -0.0004 -0.1562
vn -0.9879 0.0003 -0.1553
vn -0.0023 0.7048 0.7094
vn -0.0003 -0.3141 0.9494
vn -0.0007 0.7900 -0.6131
vn -0.0003 -0.8315 -0.5556
vn -0.0003 -0.8326 -0.5538
vn -0.0000 0.5575 0.8302
vn 0.9878 0.0001 0.1558
vn -0.9877 0.0003 0.1561
vn -0.0008 0.7064 -0.7078
vn -0.0033 0.7894 0.6139
vn -0.0022 -0.3173 -0.9483
vn -0.0003 -0.8313 0.5558
vn -0.0036 -0.3831 0.9237
vn -0.0000 1.0000 -0.0000
vn -0.0017 -0.3832 -0.9236
vn -0.0024 -0.7883 0.6153
vn -0.0003 0.8313 0.5559
vn 0.9943 0.0135 -0.1058
vn -0.9945 0.0130 -0.1041
vn -0.0022 0.3177 -0.9482
vn -0.0026 0.7876 -0.6162
vn -0.0002 -0.9807 -0.1955
vn 0.9434 -0.2770 -0.1823
vn -0.9430 -0.2788 -0.1818
vn -0.0022 0.0778 0.9970
vn 0.0077 -0.5569 0.8305
vn -0.0006 0.8324 -0.5542
vn 0.9996 0.0293 -0.0001
vn -0.9996 0.0283 0.0002
vn 0.0012 -0.7067 -0.7075
vn 0.0006 -0.4450 -0.8955
vn 0.0063 -0.1150 0.9933
vn -0.0002 0.9807 -0.1956
vn 0.0013 0.3807 -0.9247
vn -0.0000 -1.0000 -0.0000
vn -0.0014 0.3813 0.9245
vn -0.0013 0.7578 0.6525
vn 0.0029 0.1101 -0.9939
vn 0.0035 -0.8322 0.5544
vn 0.9077 -0.4197 -0.0004
vn -0.9063 -0.4227 0.0007
vn -0.0002 -0.7900 -0.6131
vn 0.0006 0.3136 0.9496
vn 0.9944 0.0143 0.1050
vn -0.9944 0.0130 0.1051
vn -0.0003 0.8311 -0.5562
vn -0.0021 0.8334 0.5527
vn -0.0028 -0.5484 -0.8362
vn -0.0006 -0.7049 0.7093
vn -0.0004 0.7868 0.6173
vn -0.0000 0.0752 -0.9972
vn 0.0019 -0.9806 0.1961
vn 0.9437 -0.2763 0.1817
vn -0.9427 -0.2787 0.1834
vn 0.0065 0.1128 0.9936
vn 0.0013 0.7578 -0.6525
vn 0.0020 -0.8320 -0.5548
vn 0.0073 -0.1215 -0.9926
vn 0.0098 -0.4425 0.8967
vn -0.0015 0.9810 0.1940
vn 0.5760 0.7830 0.2347
vn -0.7610 0.4704 -0.4468
vn 0.2444 -0.0002 -0.9697
vn 0.8587 -0.0004 -0.5124
vn -0.1152 0.0003 0.9933
vn -0.7153 0.0005 0.6988
vn 0.2029 -0.8412 0.5012
vn 0.8078 -0.4166 -0.4169
vn -0.2733 0.6797 0.6807
vn 0.2025 0.8420 0.5000
vn -0.7613 -0.4693 -0.4474
vn 0.8081 0.4166 -0.4165
vn -0.2725 -0.6806 0.6801
vn 0.5759 -0.7833 0.2340
vn -0.2207 0.8517 -0.4753
vn -0.5975 -0.7928 0.1204
vn 0.0856 -0.7045 -0.7045
vn -0.8413 0.3815 0.3829
vn 0.6698 -0.1697 0.7229
vn -0.2216 -0.8510 -0.4761
vn 0.6693 0.1685 0.7237
vn -0.5981 0.7921 0.1216
vn 0.0854 0.7047 -0.7043
vn -0.8417 -0.3809 0.3827
vn -0.2193 -0.4723 0.8537
vn 0.6696 0.7236 -0.1678
vn 0.2444 -0.9697 0.0008
vn -0.7161 0.6980 0.0007
vn -0.5991 0.1207 -0.7915
vn -0.2191 0.4750 0.8523
vn -0.5990 -0.1187 -0.7919
vn 0.2448 0.9696 0.0002
vn -0.7158 -0.6983 0.0004
vn 0.6693 -0.7236 -0.1685
vn 0.1997 0.5015 -0.8418
vn -0.7601 -0.4495 0.4692
vn 0.5771 0.2342 0.7824
vn 0.8581 -0.5135 -0.0005
vn -0.1154 0.9933 0.0001
vn 0.5764 -0.2334 0.7831
vn -0.7599 0.4481 0.4709
vn 0.8582 0.5134 -0.0005
vn -0.1150 -0.9934 0.0011
vn 0.2036 -0.5042 -0.8392
vn -0.7621 -0.4473 -0.4681
vn 0.1987 0.4980 0.8441
vn 0.8069 -0.4181 0.4173
vn -0.2734 0.6800 -0.6803
vn 0.5758 0.2318 -0.7840
vn 0.1991 -0.4972 0.8445
vn -0.7607 0.4484 -0.4693
vn 0.8075 0.4175 0.4168
vn -0.2733 -0.6799 -0.6805
vn 0.5759 -0.2320 -0.7839
vn 0.6689 0.7238 0.1696
vn -0.2249 -0.4810 -0.8474
vn -0.5995 0.1205 0.7913
vn 0.0847 -0.7041 0.7050
vn -0.8415 0.3816 -0.3825
vn -0.2212 0.4757 -0.8513
vn 0.6696 -0.7233 0.1685
vn -0.5985 -0.1219 0.7918
vn 0.0852 0.7045 0.7046
vn -0.8415 -0.3820 -0.3821
vn -0.2206 0.8524 0.4742
vn 0.6695 -0.1692 -0.7233
vn -0.7152 0.0004 -0.6989
vn -0.5987 -0.7917 -0.1212
vn -0.2199 -0.8529 0.4735
vn -0.5983 0.7920 -0.1218
vn 0.6695 0.1696 -0.7232
vn 0.2018 -0.8423 -0.4998
vn -0.7610 0.4704 0.4468
vn 0.5773 0.7820 -0.2349
vn 0.8587 -0.0004 0.5125
vn -0.1152 0.0003 -0.9933
vn 0.5770 -0.7826 -0.2336
vn -0.7610 -0.4703 0.4469
vn 0.2016 0.8422 -0.5000
vn -0.0005 -0.9761 0.2175
vn 0.0004 0.6964 0.7176
vn 0.9416 0.0430 0.3340
vn 0.9771 0.0581 0.2046
vn -0.9770 0.0597 0.2046
vn -0.9415 0.0445 0.3341
vn 0.0006 0.5256 -0.8507
vn 0.9134 -0.1585 -0.3749
vn -0.9138 -0.1568 -0.3747
vn -0.0017 -0.3942 0.9190
vn 0.0013 0.8902 -0.4555
vn 0.9497 0.1860 -0.2519
vn -0.9500 0.1857 -0.2509
vn -0.0006 -0.7705 -0.6374
vn -0.0019 0.3962 -0.9181
vn 0.0007 -0.9597 0.2811
vn -0.0018 0.6378 0.7702
vn 0.8423 0.3444 0.4146
vn -0.8430 0.3429 0.4144
vn -0.0017 -0.7158 -0.6983
vn -0.0019 -0.5245 0.8514
vn 0.9402 0.0170 -0.3402
vn -0.9403 0.0196 -0.3397
vn 0.0012 0.9700 -0.2430
vn 0.0072 0.2244 0.9745
vn 0.0023 0.6240 -0.7814
vn 0.0010 -0.9021 -0.4315
vn 0.9740 -0.1759 0.1426
vn -0.9740 -0.1756 0.1431
vn -0.0029 -0.4718 -0.8817
vn -0.0017 -0.6247 0.7808
vn 0.8909 0.1863 -0.4143
vn -0.8919 0.1850 -0.4127
vn 0.0005 0.9823 0.1872
vn -0.0037 0.7077 -0.7065
vn -0.0006 -0.9700 -0.2430
vn 0.9277 -0.2348 -0.2902
vn -0.9277 -0.2349 -0.2902
vn -0.0050 0.5080 0.8613
vn 0.0019 -0.7075 0.7067
vn 0.0013 0.9684 0.2492
vn 0.8167 -0.4075 0.4085
vn -0.8153 -0.4093 0.4096
vn 0.0035 -0.5102 -0.8600
vn 0.0071 -0.2276 -0.9737
vn 0.0023 -0.7806 0.6251
vn 0.9697 -0.2327 -0.0738
vn -0.9696 -0.2331 -0.0739
vn 0.0012 0.7859 0.6184
vn -0.0002 -0.6245 -0.7810
vn -0.0000 -0.4731 0.8810
vn 0.8910 0.1853 0.4144
vn -0.8899 0.1891 0.4151
vn -0.0003 0.9825 -0.1863
vn 0.0032 0.7088 0.7054
vn 0.0061 0.5093 -0.8605
vn 0.0019 -0.9700 0.2431
vn 0.9278 -0.2346 0.2900
vn -0.9267 -0.2370 0.2916
vn 0.0057 -0.5107 0.8597
vn 0.0016 0.9684 -0.2496
vn 0.0041 -0.7079 -0.7063
vn 0.8169 -0.4071 -0.4087
vn -0.8142 -0.4117 -0.4093
vn -0.2947 -0.9521 0.0815
vn 0.1780 0.5957 0.7832
vn 0.9075 0.0713 0.4139
vn 0.7939 -0.5386 0.2822
vn -0.9595 0.0001 0.2817
vn -0.7193 0.5575 0.4144
vn 0.1542 0.5365 -0.8297
vn 0.9308 -0.0209 -0.3648
vn -0.7837 0.5035 -0.3638
vn -0.1652 -0.5309 0.8312
vn 0.2757 0.9190 -0.2820
vn -0.2333 -0.7489 -0.6202
vn 0.6120 -0.6918 -0.3832
vn -0.8956 -0.2319 -0.3796
vn 0.0457 -0.9671 0.2501
vn -0.4424 0.6664 -0.6002
vn -0.8297 0.4429 0.3399
vn -0.3502 -0.2040 0.9142
vn 0.9222 -0.2298 -0.3112
vn 0.3694 -0.3773 -0.8492
vn 0.6160 0.6784 0.4005
vn -0.3276 0.2839 0.9012
vn 0.8126 -0.5188 -0.2655
vn -0.1662 0.9438 -0.2858
vn 0.6497 -0.3941 0.6500
vn -0.3751 -0.8392 -0.3938
vn -0.8250 -0.3998 0.3994
vn 0.4722 -0.4041 -0.7835
vn 0.7547 0.6454 -0.1179
vn -0.0130 -0.7118 0.7023
vn -0.2879 0.9414 0.1757
vn 0.5221 -0.2455 -0.8168
vn -0.8768 -0.2958 -0.3790
vn -0.7484 -0.6617 0.0451
vn 0.2101 0.7341 -0.6457
vn 0.8330 0.1281 0.5382
vn 0.1176 0.6160 0.7789
vn 0.8400 -0.5131 -0.1766
vn 0.7746 0.6287 0.0691
vn -0.8768 -0.2958 0.3790
vn -0.8297 0.4429 -0.3399
vn -0.2879 0.9414 -0.1757
vn 0.5221 -0.2455 0.8168
vn 0.3694 -0.3773 0.8492
vn -0.0130 -0.7118 -0.7023
vn -0.3276 0.2839 -0.9012
vn 0.8126 -0.5188 0.2655
vn -0.7591 -0.6505 -0.0249
vn 0.8330 0.1281 -0.5382
vn 0.1176 0.6160 -0.7789
vn 0.8400 -0.5131 0.1766
vn 0.2101 0.7341 0.6457
vn -0.3669 0.6964 0.6168
vn 0.0449 -0.9671 -0.2503
vn -0.3502 -0.2040 -0.9142
vn 0.9222 -0.2298 0.3112
vn 0.6160 0.6784 -0.4005
vn -0.0081 0.9951 0.0985
vn -0.3751 -0.8392 0.3938
vn -0.8250 -0.3998 -0.3994
vn 0.4722 -0.4041 0.7835
vn 0.6497 -0.3941 -0.6500
vn -0.2175 -0.4696 0.8557
vn 0.6705 0.7217 -0.1720
vn 0.8071 -0.4173 -0.4176
vn 0.2384 -0.9712 -0.0005
vn -0.7147 0.6994 0.0005
vn -0.2683 0.6810 0.6814
vn -0.5996 0.1244 -0.7905
vn 0.0814 -0.7044 -0.7051
vn -0.8389 0.3850 0.3847
vn -0.2161 0.8568 -0.4682
vn -0.6001 -0.7904 0.1234
vn 0.2388 -0.0003 -0.9711
vn -0.7146 0.0006 0.6996
vn 0.6699 -0.1724 0.7221
vn 0.2004 0.4980 -0.8437
vn -0.7604 -0.4461 0.4721
vn 0.5779 0.2304 0.7829
vn 0.8559 -0.5172 -0.0001
vn -0.1119 0.9937 0.0003
vn -0.7605 0.4720 -0.4459
vn 0.2003 -0.8431 0.4991
vn 0.5779 0.7830 0.2299
vn 0.8560 0.0005 -0.5170
vn -0.1121 -0.0001 0.9937
vn 0.1998 0.4949 0.8457
vn 0.5778 0.2298 -0.7832
vn 0.8070 -0.4176 0.4176
vn -0.2684 0.6813 -0.6811
vn -0.7597 -0.4460 -0.4732
vn 0.1999 0.8445 0.4969
vn -0.7604 -0.4707 -0.4475
vn 0.8076 0.4167 -0.4174
vn -0.2684 -0.6809 0.6814
vn 0.5782 -0.7829 0.2295
vn -0.2174 -0.4711 -0.8549
vn -0.5999 0.1232 0.7905
vn 0.0816 -0.7047 0.7048
vn -0.8391 0.3845 -0.3848
vn 0.6701 0.7220 0.1725
vn -0.2165 -0.8567 -0.4682
vn 0.6698 0.1729 0.7221
vn -0.5999 0.7905 0.1235
vn 0.0814 0.7046 -0.7049
vn -0.8393 -0.3842 0.3846
vn -0.2170 0.8566 0.4682
vn 0.6700 -0.1724 -0.7221
vn 0.2384 -0.0002 0.9712
vn -0.7147 0.0005 -0.6994
vn -0.5999 -0.7905 -0.1235
vn -0.2155 0.4679 0.8571
vn -0.5998 -0.1231 -0.7906
vn 0.2388 0.9711 0.0001
vn -0.7147 -0.6994 0.0003
vn 0.6699 -0.7223 -0.1719
vn 0.2001 -0.8438 -0.4981
vn -0.7593 0.4731 0.4467
vn 0.5779 0.7832 -0.2294
vn 0.8560 -0.0003 0.5169
vn -0.1122 0.0007 -0.9937
vn -0.7599 0.4462 0.4727
vn 0.2010 -0.4977 -0.8437
vn 0.5782 -0.2299 0.7828
vn 0.8562 0.5167 -0.0003
vn -0.1119 -0.9937 0.0005
vn -0.7597 -0.4736 0.4455
vn 0.2002 0.8439 -0.4977
vn 0.8071 0.4174 0.4176
vn -0.2684 -0.6814 -0.6809
vn 0.5775 -0.7833 -0.2299
vn 0.2008 -0.4977 0.8438
vn -0.7600 0.4460 -0.4727
vn 0.5780 -0.2301 -0.7829
vn -0.2166 -0.8569 0.4677
vn -0.5998 0.7905 -0.1237
vn 0.0814 0.7046 0.7049
vn -0.8393 -0.3840 -0.3848
vn 0.6697 0.1725 -0.7223
vn -0.2194 0.4726 -0.8535
vn 0.6696 -0.7223 0.1731
vn -0.6001 -0.1222 0.7905
vn -0.2141 -0.4635 0.8598
vn 0.6704 0.7220 -0.1714
vn 0.8073 -0.4168 -0.4177
vn 0.2387 -0.9711 0.0003
vn -0.7144 0.6997 0.0008
vn -0.2681 0.6810 0.6814
vn -0.5997 0.1257 -0.7903
vn 0.0819 -0.7045 -0.7050
vn -0.8386 0.3854 0.3851
vn -0.2171 0.8554 -0.4703
vn -0.6002 -0.7905 0.1221
vn 0.2386 -0.0004 -0.9711
vn -0.7148 0.0006 0.6993
vn 0.6712 -0.1733 0.7207
vn 0.2002 0.4975 -0.8441
vn -0.7593 -0.4478 0.4722
vn 0.5783 0.2307 0.7825
vn 0.8565 -0.5161 -0.0004
vn -0.1122 0.9937 0.0001
vn -0.7604 0.4724 -0.4456
vn 0.1990 -0.8452 0.4961
vn 0.5777 0.7830 0.2306
vn 0.8559 -0.0005 -0.5172
vn -0.1130 0.0008 0.9936
vn 0.2009 0.4979 0.8436
vn 0.5780 0.2305 -0.7828
vn 0.8067 -0.4179 0.4179
vn -0.2682 0.6815 -0.6809
vn -0.7601 -0.4464 -0.4722
vn 0.1993 0.8449 0.4964
vn -0.7606 -0.4727 -0.4450
vn 0.8072 0.4172 -0.4176
vn -0.2682 -0.6810 0.6814
vn 0.5778 -0.7828 0.2308
vn -0.2193 -0.4677 -0.8563
vn -0.5996 0.1259 0.7903
vn 0.0818 -0.7042 0.7053
vn -0.8387 0.3852 -0.3851
vn 0.6699 0.7219 0.1735
vn -0.2186 -0.8543 -0.4715
vn 0.6704 0.1734 0.7214
vn -0.5994 0.7909 0.1232
vn 0.0818 0.7049 -0.7046
vn -0.8394 -0.3839 0.3847
vn -0.2179 0.8553 0.4701
vn 0.6713 -0.1736 -0.7205
vn 0.2386 -0.0007 0.9711
vn -0.7148 0.0006 -0.6993
vn -0.5999 -0.7907 -0.1220
vn -0.2176 0.4724 0.8541
vn -0.5999 -0.1221 -0.7907
vn 0.2388 0.9711 -0.0001
vn 0.6700 -0.7219 -0.1733
vn 0.1992 -0.8450 -0.4962
vn -0.7602 0.4717 0.4468
vn 0.5780 0.7830 -0.2298
vn 0.8558 -0.0008 0.5173
vn -0.1129 0.0009 -0.9936
vn -0.7597 0.4469 0.4723
vn 0.2016 -0.4977 -0.8436
vn 0.5783 -0.2305 0.7826
vn 0.8564 0.5163 -0.0005
vn -0.1125 -0.9937 0.0008
vn -0.7608 -0.4726 0.4448
vn 0.1995 0.8448 -0.4965
vn 0.8072 0.4173 0.4176
vn -0.2683 -0.6811 -0.6813
vn 0.5776 -0.7831 -0.2306
vn 0.2015 -0.4977 0.8436
vn -0.7599 0.4464 -0.4725
vn 0.5780 -0.2307 -0.7828
vn -0.2181 -0.8549 0.4708
vn -0.5998 0.7907 -0.1230
vn 0.0816 0.7044 0.7051
vn -0.8391 -0.3848 -0.3846
vn 0.6704 0.1734 -0.7215
vn -0.2186 0.4692 -0.8556
vn 0.6699 -0.7219 0.1733
vn -0.5994 -0.1240 0.7908
vn -0.6887 -0.1631 -0.7065
vn 0.9561 0.2268 -0.1856
vn 0.0405 0.9453 -0.3236
vn -0.5850 0.7008 -0.4083
vn -0.2094 -0.8888 -0.4077
vn 0.4599 -0.8270 -0.3233
vn -0.5479 -0.1293 0.8265
vn -0.4604 0.8266 0.3238
vn -0.0411 -0.9451 0.3242
vn 0.6886 0.1631 0.7065
vn -0.9563 -0.2260 0.1855
vn 0.2096 0.8887 0.4078
vn 0.5851 -0.7005 0.4085
vn 0.5474 0.1298 -0.8267
vn -0.2308 0.9663 0.1140
vn 0.1643 -0.6880 0.7069
vn -0.6995 -0.5868 0.4078
vn -0.9282 0.0880 0.3616
vn 0.7883 0.4976 0.3620
vn 0.8892 -0.2073 0.4079
vn 0.1442 -0.6032 -0.7845
vn -0.7883 -0.4976 -0.3618
vn 0.9282 -0.0876 -0.3616
vn -0.1442 0.6037 0.7841
vn 0.2307 -0.9662 -0.1148
vn -0.1645 0.6880 -0.7068
vn -0.8892 0.2073 -0.4079
vn 0.6997 0.5867 -0.4077
vn 0.2846 0.9166 0.2809
vn -0.1420 -0.4582 -0.8775
vn 0.8245 -0.4952 -0.2738
vn 0.9600 -0.0582 0.2739
vn -0.8244 0.4954 0.2739
vn -0.9600 0.0585 -0.2736
vn -0.2092 -0.6754 0.7071
vn 0.6588 -0.6321 0.4080
vn -0.9008 -0.1476 0.4084
vn -0.2847 -0.9164 -0.2812
vn 0.1420 0.4584 0.8773
vn 0.2098 0.6753 -0.7070
vn 0.9008 0.1478 -0.4083
vn -0.6590 0.6320 -0.4078
vn -0.4225 0.5665 0.7075
vn -0.1275 0.1707 -0.9771
vn 0.5513 0.7973 -0.2459
vn 0.4100 0.8157 0.4081
vn -0.8983 -0.1612 0.4087
vn -0.9211 -0.3019 -0.2457
vn 0.5042 -0.6741 0.5398
vn 0.9212 0.3017 0.2456
vn -0.5512 -0.7972 0.2462
vn 0.1277 -0.1704 0.9771
vn -0.5037 0.6745 -0.5398
vn 0.4232 -0.5663 -0.7072
vn 0.8984 0.1618 -0.4082
vn -0.4104 -0.8156 -0.4079
vn -0.7754 0.0093 0.6314
vn 0.2889 0.3930 -0.8730
vn -0.0748 0.9448 -0.3189
vn 0.0978 0.9416 0.3222
vn -0.0246 -0.9453 0.3252
vn 0.0290 -0.9477 -0.3178
vn 0.6484 0.3414 0.6804
vn 0.0209 0.9281 0.3716
vn 0.2012 -0.9231 0.3278
vn 0.7521 0.0022 -0.6591
vn -0.2981 0.3401 0.8919
vn -0.6571 0.3118 -0.6863
vn -0.0527 0.9289 -0.3665
vn -0.2494 -0.9123 -0.3247
vn 0.6814 0.3453 -0.6453
vn -0.3128 0.1586 0.9365
vn -0.1758 0.9537 -0.2440
vn 0.1205 -0.9609 -0.2491
vn -0.7918 -0.0277 -0.6101
vn -0.7909 0.4494 0.4154
vn 0.5414 0.0518 -0.8392
vn 0.3027 0.8930 0.3330
vn -0.0222 -0.9297 0.3678
vn 0.7737 -0.0372 0.6325
vn -0.6328 -0.3408 0.6953
vn 0.2602 0.2785 -0.9245
vn 0.6780 0.4882 0.5495
vn -0.1883 0.8857 0.4243
vn 0.0784 -0.8898 0.4496
vn 0.8668 0.0330 0.4976
vn -0.7182 0.1379 0.6820
vn 0.2700 0.9329 0.2384
vn 0.2974 -0.9280 0.2244
vn -0.2998 0.1063 -0.9481
vn 0.2643 -0.0615 0.9625
vn -0.8661 0.1566 -0.4747
vn 0.7082 0.0009 -0.7060
vn 0.4076 0.8175 -0.4070
vn 0.4084 -0.8174 -0.4063
vn 0.7501 -0.4700 -0.4653
vn -0.4773 0.3467 0.8074
vn -0.6753 0.4504 -0.5841
vn 0.1044 0.9361 -0.3359
vn -0.1626 -0.9298 -0.3301
vn -0.7500 0.0493 0.6596
vn 0.2892 0.1490 -0.9456
vn 0.1159 0.9352 0.3345
vn -0.0487 -0.9418 0.3326
vn 0.7204 0.1161 0.6837
vn 0.7653 -0.0533 -0.6414
vn -0.2303 0.2155 0.9490
vn -0.6698 0.2661 -0.6932
vn 0.0349 0.9191 -0.3926
vn -0.1590 -0.9133 -0.3751
vn -0.6608 0.2545 0.7061
vn 0.1682 0.1469 -0.9747
vn 0.1912 0.9046 0.3811
vn -0.0768 -0.9167 0.3922
vn 0.7564 -0.0484 0.6523
vn 0.6306 -0.2477 -0.7355
vn -0.1342 0.1940 0.9718
vn -0.6757 0.4056 -0.6155
vn 0.0586 0.9377 -0.3424
vn -0.1663 -0.9331 -0.3189
vn -0.7470 -0.0089 0.6647
vn 0.3668 0.0263 -0.9299
vn -0.1583 0.9276 0.3384
vn 0.1360 -0.9334 0.3320
vn 0.7192 0.1006 0.6875
vn 0.8196 -0.0044 -0.5730
vn -0.3971 0.1360 0.9076
vn -0.7203 0.2131 -0.6601
vn -0.3530 0.8594 -0.3699
vn 0.1013 -0.8998 -0.4243
vn -0.4828 -0.6338 0.6043
vn 0.8277 -0.3775 -0.4152
vn -0.8399 0.3918 0.3756
vn 0.8864 -0.3092 0.3446
vn 0.6518 0.6106 0.4498
vn 0.4186 0.4752 -0.7739
vn 0.3220 -0.6194 0.7160
vn -0.3287 -0.6709 -0.6648
vn -0.9195 0.1758 -0.3516
vn 0.8673 -0.3791 -0.3228
vn -0.0751 -0.9405 0.3313
vn 0.1201 0.4409 -0.8895
vn -0.9274 0.1092 0.3578
vn 0.9353 0.0953 0.3407
vn 0.1139 0.7128 0.6920
vn 0.0897 0.9331 -0.3483
vn 0.0567 -0.4422 0.8951
vn -0.0005 -0.7120 -0.7022
vn -0.9265 -0.0364 -0.3745
vn 0.9266 -0.0354 -0.3745
vn -0.0004 -0.7944 0.6074
vn 0.0027 0.1345 -0.9909
vn -0.9246 0.0361 0.3792
vn 0.9246 0.0371 0.3792
vn -0.0000 0.7071 0.7071
vn -0.0003 0.7949 -0.6067
vn -0.0029 -0.1330 0.9911
vn -0.0006 -0.7068 -0.7074
vn -0.9249 -0.0365 -0.3785
vn 0.9250 -0.0358 -0.3783
vn -0.0003 -0.7950 0.6067
vn 0.0024 0.1332 -0.9911
vn -0.9246 0.0357 0.3793
vn 0.9246 0.0367 0.3792
vn -0.0001 0.7066 0.7076
vn 0.0003 0.7945 -0.6072
vn 0.0027 -0.1339 0.9910
vn -0.0000 -0.7071 -0.7071
vn -0.9249 -0.0370 -0.3784
vn 0.9250 -0.0357 -0.3783
vn 0.0001 -0.7947 0.6070
vn 0.0011 0.1329 -0.9911
vn -0.8901 -0.3531 0.2882
vn 0.8901 -0.3524 0.2889
vn -0.0001 0.7064 0.7078
vn -0.0003 0.7945 -0.6073
vn -0.0034 -0.1341 0.9910
vn -0.0005 -0.7071 -0.7071
vn -0.8168 -0.4079 -0.4080
vn 0.8169 -0.4080 -0.4078
vn -0.2533 -0.9664 -0.0426
vn -0.5259 0.5306 0.6647
vn 0.1769 0.1829 0.9671
vn 0.7068 -0.5885 0.3925
vn -0.4971 -0.2133 -0.8411
vn -0.8596 0.5001 -0.1043
vn 0.5431 0.7928 -0.2766
vn 0.8291 0.0925 0.5514
vn -0.4352 0.4883 -0.7564
vn 0.2676 0.9627 0.0406
vn 0.2326 -0.8497 -0.4731
vn -0.6983 -0.4394 0.5650
vn 0.1136 -0.4327 0.8944
vn -0.9720 -0.1014 -0.2121
vn -0.2640 -0.9640 0.0331
vn 0.5430 0.7929 0.2766
vn 0.8291 0.0927 -0.5513
vn 0.7068 -0.5886 -0.3925
vn -0.4971 -0.2134 0.8411
vn -0.4352 0.4883 0.7564
vn -0.5259 0.5306 -0.6647
vn 0.1770 0.1830 -0.9671
vn -0.8596 0.5002 0.1044
vn 0.2220 -0.8518 0.4744
vn 0.2651 0.9638 -0.0285
vn -0.6983 -0.4395 -0.5650
vn 0.1137 -0.4326 -0.8944
vn -0.9719 -0.1015 0.2122
vn -0.6170 -0.7347 0.2819
vn 0.4684 0.7343 -0.4913
vn -0.2621 0.9268 0.2690
vn 0.0784 0.6497 0.7562
vn 0.2035 -0.9540 -0.2200
vn -0.0084 -0.5542 -0.8323
vn 0.7484 0.0998 0.6557
vn -0.0356 0.5208 0.8530
vn 0.2371 -0.9514 -0.1967
vn 0.9890 -0.0696 0.1304
vn -0.7233 -0.3433 0.5992
vn 0.2366 0.3855 0.8919
vn 0.2396 -0.9569 -0.1641
vn -0.5932 0.5711 -0.5675
vn -1.0000 0.0031 -0.0058
vn 0.8293 0.3456 -0.4391
vn 0.4055 0.8559 0.3210
vn 0.4051 -0.5200 -0.7520
vn 0.4219 -0.5606 0.7125
vn 0.6819 0.6787 -0.2728
vn -0.3807 -0.4065 0.8306
vn -0.8914 0.1324 -0.4335
vn -0.1366 0.9863 0.0920
vn 0.0414 -0.5484 -0.8352
vn 0.8843 -0.1982 0.4228
vn -0.9851 0.1657 0.0468
vn 0.1775 0.9725 0.1511
vn -0.0153 -0.5582 -0.8295
vn 0.6385 0.5702 -0.5169
vn 0.9870 0.0763 -0.1415
vn -0.7514 -0.0276 0.6593
vn -0.0904 0.5392 0.8373
vn -0.1876 -0.9718 -0.1428
vn -0.5225 0.5849 -0.6204
vn 0.5473 -0.6910 0.4722
vn -0.8494 0.3977 -0.3469
vn 0.2393 0.9541 0.1800
vn 0.0175 -0.5649 -0.8250
vn 0.9058 0.1003 -0.4116
vn 0.7681 -0.6400 0.0181
vn -0.8790 0.1106 0.4638
vn 0.0115 0.5452 0.8382
vn -0.2353 -0.9583 -0.1621
vn -0.3927 0.7581 -0.5207
vn -0.9955 -0.0169 -0.0929
vn 0.8079 0.4072 -0.4261
vn 0.2241 0.9711 0.0820
vn 0.0727 -0.5809 -0.8107
vn 0.4512 -0.4246 0.7849
vn 0.9950 -0.0592 0.0800
vn -0.6830 -0.1739 0.7094
vn -0.1063 0.6364 0.7640
vn -0.2727 -0.9449 -0.1812
vn -0.6477 0.5564 -0.5204
vn 0.4676 -0.6559 0.5925
vn -0.8657 0.4672 -0.1800
vn 0.2468 0.9501 0.1908
vn 0.0144 -0.6184 -0.7857
vn 0.7721 0.2417 -0.5877
vn 0.8247 -0.5434 0.1570
vn -0.7579 0.0205 0.6521
vn 0.0409 0.5481 0.8354
vn -0.2056 -0.9719 -0.1145
vn -0.3802 0.6911 -0.6147
vn -0.9616 -0.2039 0.1840
vn 0.6268 0.4880 -0.6074
vn -0.1893 0.5086 0.8399
vn 0.1962 -0.9527 -0.2322
vn 0.7231 -0.3341 0.6046
vn 0.9680 0.1286 -0.2154
vn -0.4824 -0.3915 0.7836
vn -0.7888 0.4732 -0.3924
vn -0.3278 0.9307 0.1621
vn -0.0550 -0.5284 -0.8472
vn -0.6903 -0.7132 -0.1219
vn 0.4678 0.7948 -0.3867
vn -0.9092 0.3963 0.1281
vn 0.6076 -0.2391 -0.7574
vn 0.8175 0.0789 0.5705
vn 0.6626 0.7489 0.0067
vn -0.0536 -0.8904 0.4520
vn -0.5476 0.1540 0.8225
vn 0.9707 -0.2321 -0.0627
vn -0.5777 -0.1531 -0.8017
vn 0.4514 0.4866 0.7479
vn -0.1042 -0.9930 0.0559
vn -0.9994 0.0335 -0.0070
vn 0.6393 0.0413 -0.7678
vn -0.1200 0.8628 -0.4912
vn 0.0862 0.9962 0.0098
vn 0.3133 -0.7096 0.6311
vn -0.6746 -0.0995 0.7314
vn 0.9942 -0.0928 -0.0547
vn -0.3202 -0.6635 -0.6762
vn 0.3581 0.5095 0.7825
vn -0.0998 -0.9694 -0.2242
vn -0.9936 0.0960 0.0596
vn 0.6718 0.1007 -0.7338
vn -0.3002 0.7070 -0.6404
vn -0.3638 -0.5125 -0.7778
vn 0.1026 0.9701 0.2199
vn 0.3093 -0.7033 0.6401
vn -0.6681 -0.0989 0.7375
vn 0.9937 -0.0932 -0.0625
vn 0.3767 0.5104 0.7730
vn -0.1060 -0.9690 -0.2232
vn -0.9852 -0.0051 0.1715
vn 0.7375 -0.0035 -0.6754
vn -0.3068 0.7073 -0.6368
vn -0.3783 -0.5120 -0.7712
vn 0.1027 0.9701 0.2198
vn 0.3109 -0.7045 0.6379
vn -0.6041 0.0007 0.7969
vn 1.0000 0.0018 0.0080
vn 0.1455 -0.9459 0.2900
vn -0.3996 0.4404 -0.8040
vn -0.6241 -0.1741 0.7617
vn 0.9846 -0.1712 -0.0347
vn 0.3087 0.7091 0.6339
vn -0.1435 0.9459 -0.2909
vn 0.4341 -0.2087 0.8764
vn -0.2288 -0.8572 -0.4614
vn -0.9016 -0.3910 0.1849
vn 0.6933 -0.3907 -0.6056
vn -0.9520 0.1869 0.2424
vn 0.4219 -0.5604 -0.7128
vn 0.2366 0.3858 -0.8917
vn -0.2619 0.9264 -0.2705
vn -0.0082 -0.5561 0.8311
vn 0.2395 -0.9570 0.1639
vn 0.8293 0.3452 0.4394
vn 0.4056 0.8560 -0.3206
vn 0.4051 -0.5203 0.7518
vn 0.9886 -0.0723 -0.1319
vn -0.5932 0.5705 0.5681
vn -0.7232 -0.3432 -0.5994
vn -0.0351 0.5202 -0.8533
vn 0.2372 -0.9516 0.1955
vn 0.4969 0.7155 0.4911
vn -0.8746 -0.3047 -0.3771
vn 0.0783 0.6497 -0.7561
vn 0.2035 -0.9541 0.2199
vn 0.7484 0.1002 -0.6556
vn 0.7586 0.6399 0.1226
vn -0.8913 0.1322 0.4338
vn -0.1366 0.9864 -0.0919
vn 0.0415 -0.5485 0.8351
vn -0.3809 -0.4062 -0.8306
vn -0.9809 0.1054 0.1633
vn 0.6711 -0.0399 -0.7403
vn 0.1775 0.9725 -0.1511
vn -0.0153 -0.5582 0.8295
vn 0.6385 0.5702 0.5169
vn 0.9318 -0.1869 -0.3111
vn -0.5225 0.5849 0.6204
vn -0.7514 -0.0276 -0.6593
vn -0.0904 0.5392 -0.8373
vn -0.1876 -0.9718 0.1428
vn -0.7381 0.6627 0.1264
vn 0.4547 -0.4123 -0.7895
vn 0.2393 0.9541 -0.1800
vn 0.0175 -0.5648 0.8250
vn 0.9058 0.1003 0.4116
vn 0.7127 -0.6941 -0.1014
vn -0.3927 0.7581 0.5207
vn -0.8790 0.1106 -0.4638
vn 0.0114 0.5451 -0.8383
vn -0.2353 -0.9583 0.1621
vn -0.9506 0.2153 0.2234
vn 0.4511 -0.4249 -0.7848
vn 0.1360 0.9739 -0.1815
vn -0.1174 -0.6454 0.7547
vn 0.8078 0.4074 0.4259
vn 0.9689 -0.1898 -0.1588
vn -0.6400 0.5579 0.5283
vn -0.6842 -0.1781 -0.7073
vn -0.0547 0.5791 -0.8134
vn -0.1964 -0.9754 0.0999
vn 0.6664 0.2153 0.7139
vn -0.8972 0.3560 -0.2615
vn 0.2259 0.6108 -0.7589
vn -0.1087 -0.9724 0.2063
vn 0.6286 -0.4241 -0.6519
vn 0.9339 -0.3512 0.0672
vn -0.5893 0.6627 0.4621
vn 0.1685 0.9789 -0.1160
vn -0.0289 -0.5544 0.8317
vn -0.5357 -0.1881 -0.8232
vn 0.7283 0.3408 0.5945
vn -0.9814 0.0351 -0.1885
vn -0.1893 0.5086 -0.8399
vn 0.1962 -0.9526 0.2324
vn 0.7238 -0.3286 -0.6068
vn 1.0000 0.0017 -0.0080
vn -0.7888 0.4730 0.3926
vn -0.3278 0.9307 -0.1621
vn -0.0550 -0.5285 0.8472
vn -0.4825 -0.3916 -0.7835
vn -0.6950 -0.6870 0.2122
vn 0.8175 0.0789 -0.5705
vn -0.9091 0.3962 -0.1288
vn 0.6074 -0.2391 0.7576
vn 0.4678 0.7947 0.3867
vn 0.6528 0.6769 -0.3402
vn -0.5777 -0.1531 0.8017
vn -0.0536 -0.8904 -0.4520
vn -0.5474 0.1541 -0.8226
vn 0.9707 -0.2321 0.0629
vn -0.1091 -0.9922 -0.0606
vn 0.4494 0.4841 -0.7508
vn -0.9949 -0.0640 -0.0782
vn 0.6985 -0.0579 0.7132
vn -0.1214 0.8632 0.4901
vn 0.0794 0.9965 -0.0263
vn -0.3215 -0.6644 0.6747
vn 0.3091 -0.7065 -0.6366
vn -0.6206 -0.0002 -0.7841
vn 0.9997 0.0046 -0.0254
vn -0.3618 0.5148 0.7772
vn 0.1096 -0.9687 -0.2229
vn -0.6743 0.0961 -0.7322
vn 0.9927 0.1038 0.0619
vn 0.2900 0.7118 -0.6397
vn -0.1042 0.9703 0.2182
vn -0.3032 -0.7070 0.6389
vn -0.9924 -0.1017 -0.0686
vn 0.6738 -0.0942 0.7329
vn 0.3674 -0.5107 -0.7773
vn -0.3753 0.5135 0.7717
vn 0.1107 -0.9685 -0.2230
vn -0.6650 0.0978 -0.7404
vn 0.9922 0.1008 0.0729
vn 0.3031 0.7079 -0.6379
vn -0.1074 0.9695 0.2201
vn -0.3115 -0.7070 0.6349
vn -0.9900 -0.1040 -0.0958
vn 0.6793 -0.1013 0.7268
vn 0.3780 -0.5102 -0.7726
vn -0.3964 0.4442 0.8035
vn 0.1441 -0.9464 -0.2892
vn -0.6240 -0.1744 -0.7617
vn 0.9845 -0.1717 0.0349
vn 0.3119 0.7079 -0.6338
vn -0.1420 0.9468 0.2887
vn -0.2288 -0.8572 0.4614
vn -0.9016 -0.3910 -0.1849
vn 0.6933 -0.3907 0.6055
vn 0.4341 -0.2102 -0.8760
vn -0.4419 0.8813 -0.1676
vn 0.7436 -0.6352 -0.2087
vn 0.7467 0.2155 0.6293
vn 0.5011 0.6551 0.5655
vn -0.5649 -0.1413 -0.8130
vn -0.3194 -0.5800 -0.7494
vn -0.5389 -0.4786 0.6932
vn 0.1850 0.0422 0.9818
vn -0.7354 -0.6448 -0.2084
vn 0.0424 0.8501 -0.5250
vn 0.4422 -0.8812 0.1673
vn -0.8145 0.1092 0.5698
vn -0.0834 0.3912 0.9165
vn -0.9469 -0.2538 -0.1975
vn -0.4405 0.8817 0.1691
vn -0.5389 -0.4786 -0.6932
vn 0.1850 0.0423 -0.9818
vn 0.5010 0.6552 -0.5654
vn -0.5649 -0.1415 0.8129
vn -0.7354 -0.6448 0.2084
vn 0.7436 -0.6353 0.2087
vn 0.7467 0.2155 -0.6293
vn -0.3195 -0.5800 0.7494
vn 0.4416 -0.8815 -0.1675
vn 0.0440 0.8502 0.5246
vn -0.8144 0.1092 -0.5699
vn -0.0834 0.3912 -0.9165
vn -0.9469 -0.2538 0.1975
vn -0.9834 -0.1783 -0.0346
vn 0.8548 0.4877 -0.1775
vn 0.1499 0.6515 0.7437
vn -0.3755 0.5439 0.7505
vn -0.1360 -0.4686 -0.8729
vn 0.3860 -0.3460 -0.8551
vn 0.4495 -0.7266 0.5196
vn 0.2022 -0.0757 0.9764
vn 0.3903 -0.8710 -0.2985
vn -0.9598 0.1513 -0.2365
vn 0.9823 0.1852 0.0283
vn -0.1888 -0.8455 0.4995
vn -0.2194 -0.1882 0.9573
vn -0.0371 -0.9594 -0.2794
vn -0.9834 -0.1783 0.0339
vn 0.4495 -0.7267 -0.5196
vn 0.2022 -0.0757 -0.9764
vn -0.3759 0.5438 -0.7503
vn -0.1364 -0.4685 0.8729
vn 0.3903 -0.8710 0.2985
vn 0.8548 0.4878 0.1773
vn 0.1499 0.6515 -0.7437
vn 0.3860 -0.3460 0.8552
vn 0.9822 0.1856 -0.0302
vn -0.9597 0.1519 0.2364
vn -0.1889 -0.8452 -0.5000
vn -0.2198 -0.1881 -0.9572
vn -0.0367 -0.9595 0.2792
vn 0.6893 0.0421 -0.7233
vn -0.9653 -0.2284 0.1268
vn 0.1122 -0.9044 0.4116
vn 0.0553 -0.9089 -0.4133
vn -0.1550 0.9004 -0.4066
vn -0.0362 0.9130 0.4064
vn 0.7148 -0.0468 0.6978
vn 0.1955 -0.8846 0.4233
vn -0.0465 0.9100 0.4121
vn -0.6820 -0.2119 0.7000
vn 0.9162 0.3864 -0.1060
vn 0.6813 -0.6327 -0.3681
vn -0.1421 0.9263 -0.3490
vn -0.6750 -0.2955 -0.6761
vn -0.8954 -0.4446 0.0245
vn 0.6310 0.3347 0.6999
vn 0.7447 -0.5346 0.3995
vn -0.0247 0.9162 0.3999
vn 0.5540 0.3106 -0.7724
vn -0.7335 -0.0395 0.6785
vn 0.9915 -0.0280 -0.1274
vn -0.6803 -0.2255 -0.6974
vn 0.0095 -0.9075 -0.4199
vn -0.1695 0.8903 -0.4226
vn -0.8934 -0.4390 0.0954
vn 0.7284 0.0551 0.6830
vn 0.1937 -0.9149 0.3542
vn -0.7313 0.5716 0.3722
vn 0.6707 0.0237 -0.7414
vn -0.5434 -0.3555 0.7605
vn 0.9564 0.2847 -0.0646
vn -0.6074 -0.3793 -0.6981
vn 0.0909 -0.9136 -0.3963
vn -0.7805 0.4836 -0.3961
vn 0.8746 0.4471 0.1877
vn -0.7239 -0.1363 0.6763
vn -0.0280 0.9487 0.3148
vn -0.5692 0.7475 0.3425
vn 0.5844 -0.7355 0.3429
vn -0.1358 -0.9095 0.3928
vn -0.4472 0.1786 -0.8764
vn 0.0298 0.9484 -0.3156
vn 0.1350 -0.9108 -0.3901
vn 0.4325 0.3093 0.8469
vn -0.8180 -0.3566 -0.4513
vn 0.3580 0.6607 -0.6598
vn -0.4731 0.7919 -0.3861
vn 0.7570 -0.5411 -0.3662
vn -0.1770 -0.6807 -0.7108
vn 0.1531 0.9472 0.2817
vn -0.9460 0.2478 0.2089
vn 0.9376 0.2031 0.2823
vn -0.5736 -0.5383 0.6175
vn -0.0901 0.5257 0.8459
vn -0.4620 -0.8520 -0.2464
vn -0.0004 0.7350 -0.6780
vn -0.8358 0.4034 -0.3725
vn 0.8360 0.4035 -0.3717
vn 0.4564 0.1977 0.8676
vn -0.5994 0.6526 -0.4636
vn 0.5454 0.7999 -0.2504
vn -0.6985 -0.6554 -0.2874
vn 0.7236 -0.1352 -0.6768
vn 0.8120 -0.3738 0.4483
vn -0.3619 0.6598 0.6585
vn 0.4808 0.7280 0.4887
vn -0.6469 -0.6309 0.4283
vn -0.0111 0.5989 -0.8007
vn -0.1521 0.9558 0.2517
vn 0.5789 -0.3478 -0.7375
vn 0.9411 0.2487 0.2291
vn -0.9305 0.2156 0.2961
vn 0.5763 -0.5360 0.6169
vn 0.0248 -0.8906 -0.4541
vn 0.0730 0.5533 0.8298
vn 0.0007 0.7345 -0.6787
vn 0.8359 0.4028 -0.3729
vn -0.8359 0.4035 -0.3721
vn -0.2285 0.9735 0.0056
vn 0.7214 -0.6263 0.2955
vn 0.0345 -0.4302 0.9021
vn 0.0881 0.2855 0.9543
vn 0.7764 0.4598 -0.4311
vn 0.7548 -0.2418 -0.6098
vn -0.5709 -0.7487 -0.3369
vn -0.6738 -0.5101 0.5345
vn 0.0309 -0.3455 -0.9379
vn 0.2224 -0.9750 -0.0055
vn -0.6078 0.7724 -0.1846
vn -0.6519 0.2353 0.7209
vn 0.1519 0.4166 -0.8963
vn 0.6800 0.5898 0.4356
vn -0.1923 0.9811 -0.0233
vn -0.5709 -0.7487 0.3369
vn -0.6738 -0.5101 -0.5346
vn 0.0881 0.2855 -0.9543
vn 0.7764 0.4598 0.4311
vn 0.0309 -0.3455 0.9379
vn 0.7214 -0.6263 -0.2955
vn 0.0345 -0.4302 -0.9021
vn 0.7548 -0.2418 0.6098
vn 0.1892 -0.9817 0.0235
vn 0.6800 0.5898 -0.4356
vn -0.6078 0.7724 0.1846
vn -0.6519 0.2353 -0.7209
vn 0.1519 0.4166 0.8963
vn 0.9460 -0.0008 0.3242
vn -0.7071 0.0013 0.7071
vn -0.4087 0.8166 0.4075
vn 0.2271 0.9397 0.2558
vn 0.2273 -0.9395 0.2561
vn -0.4087 -0.8162 0.4084
vn -0.4420 0.0005 -0.8970
vn -0.2268 0.9400 -0.2550
vn -0.2273 -0.9399 -0.2547
vn 0.4393 0.0011 0.8983
vn -0.9467 0.0007 -0.3221
vn 0.7067 0.0009 -0.7075
vn 0.4075 0.8168 -0.4083
vn 0.4087 -0.8167 -0.4075
vn -0.9941 -0.0022 0.1086
vn 0.7082 0.0005 0.7060
vn 0.4091 -0.8159 0.4085
vn -0.3046 -0.8806 0.3630
vn -0.3051 0.8799 0.3643
vn 0.4093 0.8158 0.4086
vn 0.6242 -0.0009 -0.7813
vn 0.3050 -0.8800 -0.3641
vn 0.3058 0.8799 -0.3636
vn -0.6242 -0.0015 0.7812
vn 0.9939 -0.0019 -0.1104
vn -0.7077 -0.0014 -0.7065
vn -0.4074 -0.8171 -0.4078
vn -0.4084 0.8166 -0.4079
vn 0.6247 -0.0002 -0.7808
vn -0.9940 -0.0029 0.1092
vn 0.7588 -0.0005 0.6513
vn -0.0743 -0.0011 -0.9972
vn -0.3812 -0.8620 -0.3340
vn 0.3815 -0.8618 0.3343
vn 0.3818 0.8616 0.3344
vn -0.3810 0.8622 -0.3339
vn -0.7068 -0.0008 0.7075
vn -0.4080 -0.8168 0.4079
vn -0.4074 0.8168 0.4086
vn -0.7577 0.0004 -0.6526
vn 0.0738 0.0005 0.9973
vn 0.7065 -0.0007 -0.7077
vn 0.4074 -0.8166 -0.4089
vn 0.4081 0.8166 -0.4082
vn 0.7070 -0.0004 0.7072
vn 0.0738 0.0004 -0.9973
vn 0.3809 -0.8620 -0.3344
vn 0.4080 -0.8164 0.4087
vn 0.4082 0.8162 0.4090
vn 0.3817 0.8620 -0.3336
vn -0.7582 -0.0006 0.6521
vn -0.3818 -0.8618 0.3339
vn -0.3810 0.8619 0.3347
vn -0.0750 -0.0005 0.9972
vn 0.7584 -0.0007 -0.6518
vn -0.7068 -0.0003 -0.7075
vn -0.4075 -0.8170 -0.4081
vn -0.4073 0.8172 -0.4078
vn -0.9543 0.0135 0.2986
vn 0.7250 0.0005 0.6888
vn 0.4454 -0.7990 0.4040
vn -0.2051 -0.9475 0.2451
vn -0.2132 0.9462 0.2436
vn 0.4456 0.7989 0.4041
vn 0.4761 0.0095 -0.8794
vn 0.2462 -0.9332 -0.2619
vn 0.2442 0.9350 -0.2572
vn -0.3683 -0.0081 0.9297
vn 0.9436 0.0135 -0.3308
vn -0.6753 -0.0120 -0.7375
vn -0.3699 -0.8417 -0.3933
vn -0.3867 0.8332 -0.3953
vn 0.9462 -0.0001 0.3236
vn -0.7074 0.0018 0.7068
vn -0.4087 0.8167 0.4075
vn 0.2267 0.9398 0.2558
vn 0.2270 -0.9396 0.2560
vn -0.4093 -0.8159 0.4085
vn -0.4422 0.0016 -0.8969
vn -0.2276 -0.9398 -0.2549
vn 0.4382 0.0011 0.8989
vn -0.9467 0.0009 -0.3220
vn 0.7063 0.0009 -0.7079
vn 0.4069 0.8172 -0.4082
vn 0.4081 -0.8170 -0.4074
vn -0.9780 -0.0010 0.2085
vn 0.7080 0.0013 0.7062
vn 0.4095 -0.8157 0.4086
vn -0.2471 -0.9182 0.3095
vn -0.2465 0.9180 0.3107
vn 0.4087 0.8161 0.4085
vn 0.5424 0.0002 -0.8401
vn 0.2472 -0.9178 -0.3108
vn 0.2471 0.9181 -0.3100
vn -0.5425 -0.0006 0.8400
vn 0.9777 -0.0016 -0.2101
vn -0.7077 -0.0005 -0.7066
vn -0.4080 -0.8168 -0.4079
vn -0.4078 0.8169 -0.4078
vn -0.7070 0.0006 0.7073
vn 0.9099 -0.0007 0.4149
vn -0.1613 -0.9700 0.1820
vn -0.0953 -0.9207 0.3783
vn -0.0944 0.9208 0.3785
vn -0.1601 0.9699 0.1833
vn -0.3510 -0.0005 -0.9364
vn 0.0935 -0.9353 -0.3413
vn 0.0944 0.9352 -0.3412
vn -0.0828 0.0004 0.9966
vn 0.9411 -0.0007 -0.3382
vn 0.2277 -0.9410 -0.2505
vn 0.2286 0.9410 -0.2497
vn -0.9101 -0.0004 -0.4144
vn 0.4281 -0.0008 0.9037
vn 0.4275 -0.0008 -0.9040
vn 0.2285 -0.9409 0.2499
vn 0.2288 0.9408 0.2503
vn -1.0000 -0.0003 -0.0005
vn 0.9420 -0.0000 0.3357
vn -0.4265 0.0004 -0.9045
vn -0.7072 -0.0007 0.7070
vn -0.4084 -0.8168 0.4075
vn -0.4077 0.8168 0.4082
vn 0.7077 -0.0000 -0.7066
vn -0.9744 -0.0004 -0.2248
vn 0.0945 -0.9215 -0.3767
vn 0.0955 0.9214 -0.3767
vn 0.5288 -0.0003 0.8488
vn -0.7071 0.0007 0.7072
vn 0.9743 0.0011 0.2253
vn -0.0424 -0.9228 0.3829
vn -0.0243 0.9233 0.3833
vn -0.5290 0.0003 -0.8486
vn 0.1294 0.1577 0.9790
vn 0.7083 -0.0012 -0.7060
vn -0.7923 -0.1193 -0.5983
vn -0.1194 -0.9133 -0.3893
vn 0.1199 0.9153 -0.3844
vn -0.0219 0.0258 -0.9994
vn -0.7197 -0.0961 0.6876
vn -0.2648 -0.8759 0.4033
vn 0.0331 0.9180 0.3952
vn 0.7863 -0.0308 0.6171
vn -0.8405 0.5096 -0.1842
vn 0.5781 -0.3247 0.7486
vn -0.7541 -0.5645 -0.3357
vn 0.3409 0.8905 -0.3013
vn 0.6546 -0.4113 -0.6343
vn 0.7824 -0.5507 0.2909
vn -0.4500 0.3813 -0.8075
vn -0.5723 0.4346 0.6955
vn -0.8229 -0.4100 0.3933
vn 0.1757 0.9021 0.3941
vn 0.4281 -0.0001 -0.9037
vn -1.0000 -0.0006 -0.0001
vn -0.1602 -0.9702 -0.1821
vn 0.2277 -0.9411 -0.2499
vn 0.2287 0.9410 -0.2494
vn -0.1601 0.9702 -0.1820
vn 0.4275 0.0003 0.9040
vn 0.2285 -0.9407 0.2506
vn 0.2286 0.9407 0.2506
vn -0.4277 -0.0000 0.9039
vn 0.9417 -0.0006 -0.3364
vn -0.7072 -0.0003 -0.7070
vn -0.4079 -0.8170 -0.4077
vn -0.4076 0.8172 -0.4074
vn -0.9099 0.0012 0.4147
vn 0.9409 0.0007 0.3386
vn -0.0019 -0.9614 0.2752
vn -0.0009 0.9614 0.2753
vn -0.0826 -0.0004 -0.9966
vn 0.9106 -0.0004 -0.4133
vn -0.7071 -0.0003 -0.7071
vn -0.0005 -0.8947 -0.4467
vn 0.0006 0.8949 -0.4463
vn -0.3510 -0.0004 0.9364
vn 0.7079 0.0002 -0.7063
vn -0.9746 0.0005 -0.2239
vn 0.0945 -0.9215 -0.3766
vn 0.0955 0.9214 -0.3768
vn 0.5286 -0.0004 0.8489
vn -0.7069 0.0007 0.7073
vn 0.9742 -0.0004 0.2256
vn -0.0423 -0.9228 0.3829
vn -0.0242 0.9233 0.3834
vn -0.5289 -0.0003 -0.8487
vn 0.1296 0.1580 0.9789
vn 0.7083 -0.0012 -0.7059
vn -0.7923 -0.1192 -0.5983
vn -0.1195 -0.9133 -0.3893
vn -0.0221 0.0260 -0.9994
vn -0.7198 -0.0961 0.6875
vn 0.0331 0.9180 0.3953
vn 0.7862 -0.0309 0.6172
vn 0.6545 -0.4114 -0.6343
vn 0.7823 -0.5507 0.2909
vn -0.5722 0.4346 0.6955
vn -0.8229 -0.4101 0.3933
vn 0.9977 -0.0014 0.0676
vn -0.6754 -0.0000 -0.7375
vn -0.2203 -0.9706 0.0972
vn 0.2996 -0.8813 0.3653
vn 0.2997 0.8813 0.3654
vn -0.2191 0.9707 0.0983
vn -0.7064 -0.0008 0.7078
vn -0.4077 -0.8168 0.4082
vn -0.4070 0.8167 0.4090
vn 0.9894 -0.0001 0.1452
vn -0.6252 -0.0004 -0.7805
vn -0.1000 -0.9840 -0.1472
vn -0.1001 0.9840 -0.1472
vn -0.7405 -0.0002 0.6720
vn -0.9980 0.0006 -0.0632
vn 0.6253 0.0004 0.7804
vn 0.6737 -0.0006 -0.7390
vn 0.3605 -0.8457 -0.3934
vn 0.3612 0.8458 -0.3927
vn -0.6750 -0.0001 0.7378
vn 0.9986 -0.0009 -0.0521
vn -0.7071 -0.0002 -0.7071
vn -0.4077 -0.8169 -0.4080
vn -0.4075 0.8172 -0.4076
vn 0.3290 0.0001 0.9443
vn 0.7082 -0.0007 -0.7060
vn -0.8985 -0.0004 -0.4391
vn -0.2521 -0.9407 -0.2271
vn -0.2519 0.9407 -0.2270
vn -0.7071 -0.0001 0.7071
vn 0.8995 -0.0009 0.4369
vn -0.4076 -0.8172 0.4076
vn -0.4069 0.8171 0.4085
vn -0.3251 -0.0002 -0.9457
vn 0.7560 0.2591 0.6011
vn -0.9325 -0.1438 0.3314
vn -0.0683 0.9523 0.2975
vn -0.0349 0.9206 0.3890
vn 0.1768 -0.9122 0.3696
vn 0.1443 -0.9461 0.2898
vn 0.4076 0.2290 -0.8840
vn -0.2528 0.9059 -0.3398
vn 0.0198 -0.9356 -0.3525
vn -0.2902 -0.0865 0.9531
vn -0.7302 -0.0669 -0.6799
vn -0.0625 0.8931 -0.4456
vn 0.1051 -0.8913 -0.4411
vn 0.8734 0.3815 -0.3028
vn 0.6781 0.0453 0.7336
vn -0.9835 -0.0299 -0.1783
vn -0.2624 0.9097 -0.3219
vn -0.2594 -0.9070 -0.3317
vn 0.6851 0.1985 -0.7009
vn 0.9990 0.0080 0.0450
vn -0.7080 0.0007 0.7062
vn -0.4084 0.8172 0.4066
vn -0.4078 -0.8172 0.4073
vn -0.5704 0.0099 -0.8213
vn -0.7833 -0.0520 -0.6194
vn 0.9664 0.1612 -0.2004
vn 0.0795 0.9226 -0.3775
vn -0.1692 -0.9146 -0.3673
vn -0.5576 0.0373 0.8293
vn 0.8242 -0.0526 0.5638
vn -0.9732 0.1027 0.2057
vn 0.2858 0.9027 0.3216
vn -0.0299 -0.9340 0.3561
vn 0.5659 0.0949 -0.8190
vn -0.2098 0.0798 0.9745
vn -0.6760 0.4428 -0.5890
vn 0.9305 -0.1275 -0.3433
vn -0.0379 0.9341 -0.3551
vn -0.2367 -0.9195 -0.3138
vn 0.7745 -0.4271 0.4666
vn -0.8316 0.4947 0.2524
vn 0.1074 0.9261 0.3616
vn -0.0187 -0.9396 0.3417
vn 0.4384 0.0830 -0.8949
vn -0.2745 0.0244 0.9613
vn -0.6592 0.3056 -0.6871
vn 0.9558 0.1653 -0.2430
vn 0.2138 0.9455 -0.2455
vn -0.1409 -0.9490 -0.2820
vn 0.8674 -0.0502 0.4951
vn -0.9128 0.3177 0.2567
vn 0.2427 0.8821 0.4037
vn -0.0654 -0.8895 0.4521
vn 0.5213 0.1996 -0.8297
vn -0.5504 0.2858 0.7845
vn -0.3629 0.3238 -0.8738
vn 0.9379 -0.0793 0.3378
vn -0.0055 0.9571 0.2898
vn -0.1238 -0.9636 0.2368
vn 0.2397 -0.4687 0.8502
vn -0.7871 0.5847 -0.1963
vn 0.8488 -0.0065 -0.5286
vn -0.0775 0.8886 -0.4521
vn -0.1509 -0.9151 -0.3739
vn -0.9237 0.0383 -0.3811
vn 0.9706 -0.0346 -0.2382
vn 0.2403 0.9272 -0.2874
vn 0.2344 -0.9243 -0.3012
vn -0.4279 0.4344 0.7926
vn 0.7078 0.0002 0.7064
vn -0.8858 0.4046 0.2271
vn 0.4083 0.8172 0.4069
vn 0.4084 -0.8171 0.4069
vn 0.5198 0.0168 -0.8541
vn 0.6883 0.2793 0.6695
vn -0.3382 0.3066 -0.8897
vn 0.0923 -0.9148 -0.3931
vn 0.4982 -0.7839 0.3705
vn -0.5369 0.7686 0.3478
vn 0.0136 0.9375 -0.3478
vn -0.7191 -0.1126 0.6858
vn -0.0928 -0.9145 0.3937
vn -0.0125 0.9371 0.3488
vn -0.6883 0.2790 -0.6696
vn 0.3382 0.3048 0.8904
vn -0.4985 -0.7840 -0.3700
vn 0.5370 0.7690 -0.3468
vn 0.7186 -0.1132 -0.6862
vn -0.7890 -0.2586 -0.5573
vn 0.0592 0.5580 0.8277
vn 0.6948 0.2508 -0.6741
vn 0.6525 -0.6613 -0.3700
vn -0.5203 0.7714 -0.3665
vn 0.7895 -0.2582 0.5568
vn -0.0574 0.5575 -0.8282
vn -0.6946 0.2507 0.6743
vn -0.6525 -0.6613 0.3700
vn 0.5202 0.7713 0.3667
vn 0.3205 0.7605 0.5648
vn -0.6868 0.0372 -0.7259
vn 0.9084 -0.1657 0.3839
vn -0.9380 0.0580 0.3418
vn -0.4092 -0.6693 0.6202
vn -0.3210 0.7602 -0.5648
vn 0.6865 0.0371 0.7262
vn -0.9087 -0.1658 -0.3832
vn 0.9383 0.0581 -0.3409
vn 0.4088 -0.6689 -0.6208
vn -0.3461 -0.6654 -0.6614
vn -0.3555 0.4294 0.8302
vn 0.1473 0.7192 -0.6790
vn 0.9311 0.0330 -0.3633
vn -0.9387 0.1081 -0.3273
vn -0.1697 0.8455 0.5063
vn -0.1318 -0.2956 -0.9462
vn 0.8288 0.5037 0.2437
vn -0.9749 0.0517 0.2163
vn 0.0578 -0.7188 0.6928
vn 0.1430 -0.8508 -0.5056
vn -0.2016 0.2216 0.9541
vn -0.1942 0.6854 -0.7018
vn 0.6782 0.6156 -0.4014
vn -0.9006 0.1676 -0.4009
vn 0.3458 -0.6653 0.6617
vn 0.3565 0.4294 -0.8298
vn -0.1476 0.7184 0.6798
vn -0.9308 0.0329 0.3641
vn 0.9384 0.1080 0.3283
vn 0.1703 0.8458 -0.5056
vn 0.1324 -0.2960 0.9460
vn -0.8290 0.5033 -0.2437
vn 0.9751 0.0515 -0.2157
vn -0.0576 -0.7183 -0.6934
vn -0.1440 -0.8507 0.5055
vn 0.2030 0.2208 -0.9540
vn 0.1944 0.6856 0.7015
vn -0.6779 0.6160 0.4012
vn 0.9003 0.1677 0.4016
vn -0.0577 0.5577 -0.8280
vn -0.6946 0.2507 0.6742
vn -0.6525 -0.6613 0.3701
vn -0.3209 0.7602 -0.5648
vn 0.6866 0.0374 0.7261
vn -0.9087 -0.1657 -0.3832
vn 0.9383 0.0581 -0.3408
vn 0.3381 0.3049 0.8904
vn 0.7185 -0.1132 -0.6862
vn 0.3459 -0.6654 0.6615
vn 0.3566 0.4293 -0.8298
vn -0.1476 0.7185 0.6797
vn -0.9308 0.0329 0.3640
vn 0.9384 0.1079 0.3283
vn 0.1703 0.8457 -0.5058
vn 0.1323 -0.2961 0.9459
vn -0.0577 -0.7182 -0.6934
vn -0.1441 -0.8508 0.5054
vn 0.2029 0.2207 -0.9540
vn 0.1939 0.6858 0.7015
vn -0.6779 0.6161 0.4011
vn 0.9003 0.1677 0.4017
vn -0.3384 0.3065 -0.8897
vn 0.4982 -0.7839 0.3704
vn -0.5369 0.7687 0.3478
vn -0.7191 -0.1127 0.6857
vn -0.7890 -0.2587 -0.5573
vn 0.0591 0.5578 0.8279
vn 0.6947 0.2507 -0.6742
vn -0.5203 0.7713 -0.3665
vn 0.3205 0.7604 0.5648
vn 0.9084 -0.1657 0.3838
vn -0.4091 -0.6694 0.6201
vn -0.3554 0.4294 0.8302
vn 0.1472 0.7191 -0.6791
vn 0.9310 0.0330 -0.3634
vn -0.1697 0.8456 0.5062
vn -0.1318 -0.2953 -0.9463
vn 0.8288 0.5038 0.2437
vn -0.9750 0.0517 0.2163
vn 0.1430 -0.8508 -0.5057
vn -0.1941 0.6854 -0.7018
vn 0.6782 0.6155 -0.4014
vn -0.9006 0.1676 -0.4010
vn 0.9462 -0.0002 0.3236
vn -0.7072 0.0022 0.7071
vn -0.4081 0.8170 0.4074
vn 0.2270 0.9397 0.2558
vn 0.2274 -0.9395 0.2561
vn -0.4417 0.0023 -0.8972
vn -0.2264 0.9401 -0.2549
vn -0.9467 0.0008 -0.3220
vn 0.4075 0.8169 -0.4083
vn 0.8829 -0.3462 -0.3171
vn -0.8667 -0.4929 -0.0763
vn -0.3144 -0.1129 0.9426
vn 0.2213 -0.7370 0.6386
vn 0.0197 0.0226 -0.9996
vn -0.7054 0.5111 -0.4912
vn 0.4195 0.8118 0.4062
vn -0.0764 -0.0309 0.9966
vn -0.1620 0.7703 -0.6168
vn -0.8624 0.3351 0.3794
vn 0.8741 0.4851 0.0251
vn -0.4104 -0.8749 -0.2572
vn -0.0024 -0.7740 0.6332
vn -0.4168 -0.1080 -0.9025
vn 0.9967 0.0805 0.0101
vn -0.5750 -0.7511 -0.3243
vn -0.0412 -0.0176 0.9990
vn -0.2201 0.7449 -0.6298
vn -0.7739 0.5064 0.3803
vn -0.9962 -0.0868 -0.0054
vn 0.5774 0.7450 0.3341
vn 0.7817 -0.5724 -0.2477
vn 0.1841 -0.7447 0.6415
vn 0.0865 0.0596 -0.9945
vn 0.8512 0.5145 0.1036
vn -0.3639 -0.8815 -0.3007
vn -0.0926 0.2588 0.9615
vn -0.3970 0.8380 -0.3743
vn -0.8891 0.3445 0.3014
vn 0.9356 0.3520 -0.0272
vn -0.8415 -0.5390 -0.0350
vn 0.3294 -0.3406 0.8806
vn -0.0809 0.4369 -0.8959
vn -0.3725 0.8176 0.4390
vn -0.9984 -0.0103 0.0558
vn 0.6223 0.6198 -0.4782
vn -0.1682 0.9113 0.3758
vn -0.3798 0.2899 0.8785
vn -0.3804 -0.8667 -0.3226
vn 0.0595 -0.2957 -0.9534
vn 0.7570 -0.3431 0.5561
vn 0.0383 0.3107 0.9497
vn 0.1471 -0.9241 -0.3528
vn 0.9990 0.0434 0.0097
vn -0.6879 -0.5226 0.5036
vn -0.7103 0.5094 -0.4858
vn -0.4085 0.8591 0.3083
vn -0.4095 -0.2732 -0.8705
vn -0.8491 0.2539 -0.4631
vn 0.9192 0.3805 -0.1018
vn -0.0796 0.2847 0.9553
vn 0.1575 -0.9130 -0.3762
vn -0.4986 -0.6361 0.5889
vn 0.8482 -0.2581 0.4626
vn -0.9293 -0.3593 0.0853
vn 0.4742 0.7691 -0.4286
vn -0.1409 0.9206 0.3643
vn -0.0027 -0.3148 -0.9492
vn -0.8099 0.3991 -0.4298
vn 0.9922 -0.0231 -0.1223
vn 0.0720 0.2765 0.9583
vn -0.1999 -0.8947 -0.3995
vn -0.6362 -0.5763 0.5130
vn -0.9999 -0.0010 -0.0100
vn 0.8066 0.4873 -0.3346
vn 0.2065 0.8983 0.3878
vn 0.0422 -0.3150 -0.9482
vn 0.5544 -0.6074 0.5689
vn 0.8311 -0.5542 0.0467
vn -0.8770 -0.1203 0.4651
vn 0.1877 0.8940 0.4068
vn -0.0549 -0.2872 -0.9563
vn -0.3700 0.8486 -0.3781
vn -0.8335 0.5500 -0.0528
vn 0.8794 0.2372 -0.4129
vn 0.4063 -0.6471 0.6451
vn -0.0770 0.3084 0.9481
vn -0.1789 -0.9056 -0.3845
vn 0.9984 0.0368 0.0427
vn -0.7777 -0.2666 0.5693
vn 0.0994 0.2805 0.9547
vn -0.2153 -0.8775 -0.4285
vn -0.5775 0.6759 -0.4578
vn -0.9995 -0.0080 -0.0311
vn 0.8204 0.5024 -0.2731
vn 0.2804 0.8636 0.4190
vn 0.0747 -0.3322 -0.9402
vn 0.5029 -0.6074 0.6149
vn 0.7277 -0.6852 -0.0317
vn -0.8840 0.0013 0.4676
vn 0.1717 0.8944 0.4130
vn -0.0719 -0.2983 -0.9518
vn -0.3037 0.8989 -0.3157
vn -0.7433 0.6689 -0.0032
vn 0.8859 0.2398 -0.3972
vn 0.3491 -0.6350 0.6892
vn -0.1310 0.3556 0.9254
vn -0.2354 -0.8778 -0.4171
vn 0.9946 -0.0065 0.1034
vn -0.7639 -0.1765 0.6207
vn 0.3298 0.1832 0.9261
vn 0.3305 -0.9159 -0.2277
vn -0.5919 0.7009 -0.3979
vn -0.9961 -0.0008 -0.0885
vn 0.8208 0.4204 -0.3867
vn 0.4065 0.8034 0.4351
vn 0.4099 -0.3900 -0.8246
vn 0.5451 -0.6075 0.5778
vn -0.4160 -0.8715 0.2598
vn 0.8741 0.4851 -0.0251
vn 0.2213 -0.7370 -0.6386
vn -0.0025 -0.7738 -0.6334
vn -0.4168 -0.1080 0.9025
vn 0.0197 0.0226 0.9996
vn -0.8592 0.3373 -0.3847
vn -0.3144 -0.1127 -0.9426
vn -0.7054 0.5111 0.4912
vn -0.8685 -0.4909 0.0681
vn 0.8821 -0.3501 0.3151
vn 0.4195 0.8118 -0.4062
vn -0.0764 -0.0309 -0.9966
vn -0.1620 0.7703 0.6168
vn -0.5777 -0.7482 0.3262
vn 0.9969 0.0777 -0.0101
vn -0.0411 -0.0179 -0.9990
vn -0.2202 0.7447 0.6300
vn -0.7739 0.5064 -0.3803
vn 0.5795 0.7455 -0.3293
vn -0.9962 -0.0871 0.0006
vn 0.7817 -0.5724 0.2477
vn 0.1842 -0.7448 -0.6414
vn 0.0864 0.0594 0.9945
vn -0.4204 -0.8443 0.3323
vn 0.8512 0.5145 -0.1036
vn -0.0926 0.2587 -0.9615
vn -0.3970 0.8380 0.3743
vn -0.8894 0.3439 -0.3014
vn -0.8725 -0.4873 0.0361
vn 0.9358 0.3517 0.0261
vn 0.3291 -0.3406 -0.8807
vn -0.0810 0.4368 0.8959
vn -0.3725 0.8176 -0.4391
vn 0.9998 0.0198 -0.0097
vn -0.7103 0.5094 0.4858
vn -0.4085 0.8591 -0.3083
vn -0.1682 0.9113 -0.3758
vn 0.0595 -0.2957 0.9534
vn -0.4095 -0.2732 0.8705
vn -0.6879 -0.5226 -0.5036
vn -0.3798 0.2899 -0.8785
vn -0.3804 -0.8667 0.3226
vn 0.6440 0.5777 0.5015
vn -0.9983 -0.0088 -0.0577
vn 0.7570 -0.3431 -0.5561
vn 0.0383 0.3107 -0.9497
vn 0.1471 -0.9241 0.3528
vn 0.9122 0.4062 0.0538
vn -0.8317 0.3055 0.4636
vn -0.0795 0.2847 -0.9553
vn 0.1575 -0.9130 0.3762
vn -0.4986 -0.6361 -0.5889
vn -0.9163 -0.3989 -0.0362
vn 0.8330 -0.2502 -0.4934
vn 0.4743 0.7690 0.4286
vn -0.1409 0.9205 -0.3644
vn -0.0027 -0.3149 0.9491
vn 0.9970 -0.0723 0.0276
vn -0.7523 0.5140 0.4123
vn 0.0720 0.2765 -0.9583
vn -0.1999 -0.8947 0.3995
vn -0.6362 -0.5763 -0.5130
vn -0.9979 0.0543 0.0341
vn 0.5544 -0.6074 -0.5689
vn 0.8066 0.4873 0.3345
vn 0.2065 0.8983 -0.3877
vn 0.0422 -0.3150 0.9482
vn 0.8095 -0.5799 -0.0918
vn -0.3699 0.8486 0.3781
vn 0.1877 0.8940 -0.4068
vn -0.0549 -0.2873 0.9563
vn -0.8770 -0.1203 -0.4651
vn -0.8185 0.5669 0.0931
vn 0.4063 -0.6471 -0.6451
vn -0.0770 0.3084 -0.9481
vn -0.1789 -0.9056 0.3845
vn 0.8794 0.2372 0.4129
vn 0.9858 -0.1079 -0.1286
vn -0.5775 0.6759 0.4578
vn 0.0994 0.2805 -0.9547
vn -0.2153 -0.8775 0.4284
vn -0.7777 -0.2666 -0.5693
vn -0.0000 -0.0000 -0.0000
vn 0.5029 -0.6074 -0.6149
vn 0.8204 0.5024 0.2731
vn 0.2804 0.8636 -0.4189
vn 0.0747 -0.3322 0.9402
vn 0.6886 -0.7151 -0.1198
vn -0.3037 0.8990 0.3157
vn 0.1717 0.8944 -0.4131
vn -0.0720 -0.2984 0.9517
vn -0.8840 0.0013 -0.4676
vn -0.7140 0.6911 0.1121
vn 0.3491 -0.6350 -0.6892
vn -0.1310 0.3556 -0.9254
vn -0.2354 -0.8778 0.4171
vn 0.8859 0.2397 0.3971
vn 0.9946 -0.0069 -0.1036
vn -0.5918 0.7010 0.3979
vn 0.3298 0.1832 -0.9261
vn 0.3305 -0.9159 0.2277
vn -0.7639 -0.1765 -0.6207
vn -0.9882 0.1258 0.0873
vn 0.5451 -0.6075 -0.5778
vn 0.8208 0.4204 0.3867
vn 0.4065 0.8034 -0.4351
vn 0.4099 -0.3900 0.8246
vn 0.7077 0.0002 -0.7065
vn -0.9817 0.0003 -0.1906
vn -0.2552 -0.9119 -0.3214
vn 0.4079 -0.8165 -0.4085
vn 0.4086 0.8166 -0.4076
vn -0.2549 0.9122 -0.3209
vn 0.5593 0.0003 0.8290
vn 0.2558 -0.9116 0.3218
vn 0.2559 0.9115 0.3219
vn -0.7078 0.0004 0.7064
vn 0.9818 0.0026 0.1899
vn -0.4087 -0.8165 0.4079
vn -0.4079 0.8168 0.4081
vn -0.5593 -0.0000 -0.8290
vn 0.7078 0.0002 -0.7065
vn -0.9817 0.0002 -0.1905
vn 0.4080 -0.8165 -0.4085
vn -0.2549 0.9122 -0.3208
vn -0.7078 0.0003 0.7064
vn 0.9818 0.0025 0.1900
vn -0.4079 0.8167 0.4081
vn 0.6568 -0.0009 -0.7540
vn -0.9975 -0.0025 0.0705
vn -0.1623 -0.8033 0.5731
vn 0.4504 -0.8923 0.0297
vn 0.4506 0.8922 0.0307
vn -0.1615 0.8030 0.5737
vn 0.7069 0.0003 0.7073
vn 0.4081 -0.8165 0.4084
vn 0.4083 0.8162 0.4087
vn 0.6028 -0.0001 -0.7979
vn -0.9801 -0.0028 0.1986
vn 0.2000 -0.9720 0.1235
vn 0.2001 0.9719 0.1237
vn 0.7559 -0.0005 0.6547
vn 0.9801 -0.0016 -0.1984
vn -0.9431 -0.0005 -0.3324
vn -0.2912 -0.9468 0.1367
vn -0.2908 0.9468 0.1377
vn -0.2601 -0.0010 0.9656
vn 0.4136 -0.0001 -0.9105
vn -0.9361 0.0002 0.3516
vn 0.2291 -0.9420 -0.2451
vn 0.2299 0.9420 -0.2444
vn 0.7071 0.0002 0.7072
vn 0.4083 -0.8165 0.4082
vn 0.4085 0.8162 0.4086
vn -0.4131 -0.0002 0.9107
vn 0.9360 -0.0007 -0.3521
vn -0.7074 0.0001 -0.7069
vn 0.0451 -0.9898 -0.1351
vn 0.0457 0.9899 -0.1344
vn 0.5069 -0.0001 -0.8620
vn -0.9508 -0.0013 0.3099
vn 0.7492 -0.0001 0.6623
vn 0.9816 -0.0001 -0.1907
vn -0.6624 -0.0002 -0.7492
vn -0.3865 -0.8979 -0.2109
vn -0.3864 0.8980 -0.2102
vn -0.5068 -0.0007 0.8620
vn -0.9437 0.0002 0.3309
vn 0.9805 0.0010 0.1963
vn -0.2598 -0.0003 -0.9657
vn -0.1617 -0.8034 -0.5731
vn -0.1612 0.8037 -0.5727
vn 0.6024 -0.0004 0.7982
vn 0.7552 -0.0001 -0.6555
vn 0.4504 -0.8923 -0.0306
vn 0.4506 0.8922 -0.0295
vn -0.9805 0.0004 -0.1967
vn -0.9975 -0.0017 -0.0712
vn 0.6574 -0.0006 0.7536
vn 0.7069 -0.0007 -0.7073
vn 0.4075 -0.8167 -0.4086
vn 0.4082 0.8167 -0.4079
vn -0.6275 0.7399 0.2424
vn 0.9270 -0.0887 0.3644
vn -0.0152 -0.2719 0.9622
vn -0.2834 -0.1839 0.9412
vn 0.8620 0.2733 -0.4270
vn 0.2447 0.9025 -0.3545
vn 0.1973 -0.8864 -0.4187
vn -0.3045 -0.8333 0.4615
vn -0.0676 0.4242 -0.9030
vn 0.2094 0.8400 0.5006
vn 0.7925 -0.5700 -0.2168
vn -0.8389 0.3928 -0.3768
vn -0.8722 -0.3106 0.3778
vn 0.3056 0.2245 -0.9253
vn 0.0271 0.9846 0.1729
vn 0.6049 -0.6424 0.4705
vn -0.1882 0.2129 0.9588
vn 0.9542 0.2204 -0.2023
vn -0.4642 -0.7085 -0.5316
vn 0.6688 0.3554 0.6530
vn -0.0449 -0.9965 -0.0699
vn -0.3310 0.8924 -0.3068
vn -0.7773 0.3682 0.5102
vn 0.5113 0.3733 -0.7741
vn -0.5850 0.5701 0.5769
vn 0.9600 0.2174 -0.1765
vn -0.0958 -0.9128 0.3969
vn 0.1648 0.3233 -0.9318
vn -0.8383 -0.4655 -0.2840
vn -0.9980 -0.0582 -0.0251
vn 0.7841 0.2920 0.5476
vn 0.0324 -0.3171 0.9479
vn 0.1341 0.9313 -0.3388
vn 0.5991 -0.6267 -0.4983
vn 0.9504 -0.3014 0.0769
vn -0.7730 -0.3698 -0.5154
vn -0.1772 -0.3144 0.9326
vn 0.0924 0.9131 -0.3972
vn -0.4627 0.6276 0.6261
vn -0.9529 0.2868 -0.0989
vn 0.7780 0.3175 0.5421
vn 0.4284 -0.7879 -0.4423
vn -0.1245 -0.9236 0.3626
vn 0.0185 0.3424 -0.9394
vn 0.9856 0.1634 0.0444
vn -0.7688 -0.5012 -0.3972
vn 0.1852 -0.3039 0.9345
vn -0.2004 0.8813 -0.4280
vn -0.6000 0.5861 0.5445
vn -0.9947 -0.0835 -0.0598
vn 0.4104 0.6097 0.6781
vn 0.8481 -0.4837 -0.2163
vn 0.3327 -0.8263 0.4545
vn 0.0705 0.3873 -0.9193
vn -0.9092 -0.0179 0.4159
vn 0.8443 0.5064 0.1754
vn 0.0389 -0.9568 0.2881
vn -0.1827 0.4659 -0.8658
vn -0.3129 -0.9074 -0.2807
vn -0.7028 -0.7024 -0.1124
vn 0.2978 0.3829 0.8744
vn -0.2570 -0.3774 0.8897
vn -0.2060 0.9466 -0.2479
vn 0.9518 -0.1406 -0.2725
vn -1.0000 -0.0000 -0.0001
vn 0.9924 -0.0507 0.1117
vn 0.2712 -0.3596 0.8928
vn 0.2726 0.9568 0.1008
vn -0.4310 -0.6892 -0.5825
vn -0.9854 -0.0336 -0.1667
vn 0.4224 0.4686 0.7759
vn 0.8920 -0.2572 -0.3718
vn 0.3653 -0.8764 0.3137
vn 0.3734 0.6803 -0.6307
vn 0.5090 -0.8357 0.2060
vn 0.2126 0.8290 -0.5172
vn -0.2835 -0.1839 -0.9412
vn -0.3045 -0.8333 -0.4615
vn -0.0677 0.4242 0.9031
vn 0.8620 0.2733 0.4270
vn -0.8388 0.3935 0.3763
vn -0.8720 -0.3107 -0.3783
vn 0.3060 0.2249 0.9251
vn 0.0274 0.9845 -0.1732
vn -0.4650 -0.7076 0.5320
vn -0.1883 0.2131 -0.9587
vn 0.9543 0.2202 0.2022
vn 0.6050 -0.6422 -0.4707
vn -0.0974 -0.9824 0.1594
vn 0.6689 0.3550 -0.6531
vn -0.3309 0.8924 0.3068
vn -0.7772 0.3682 -0.5102
vn 0.5113 0.3733 0.7741
vn -0.6109 0.7497 -0.2545
vn 0.1973 -0.8864 0.4187
vn 0.9270 -0.0887 -0.3643
vn -0.0152 -0.2720 -0.9622
vn 0.2446 0.9025 0.3546
vn 0.9770 0.1697 0.1293
vn -0.4950 0.6177 -0.6110
vn -0.0958 -0.9129 -0.3968
vn 0.1648 0.3233 0.9318
vn -0.8383 -0.4655 0.2839
vn -0.9992 -0.0286 0.0272
vn 0.5992 -0.6266 0.4983
vn 0.7841 0.2920 -0.5477
vn 0.0324 -0.3172 -0.9478
vn 0.1342 0.9312 0.3388
vn 0.9472 -0.3193 -0.0307
vn -0.4627 0.6276 -0.6261
vn -0.1772 -0.3145 -0.9326
vn 0.0924 0.9131 0.3972
vn -0.7729 -0.3698 0.5156
vn -0.9458 0.3212 0.0484
vn 0.4284 -0.7880 0.4422
vn -0.1245 -0.9236 -0.3625
vn 0.0184 0.3423 0.9394
vn 0.7779 0.3176 -0.5422
vn -0.8338 -0.3657 0.4135
vn 0.9832 0.0191 0.1817
vn 0.1853 -0.3040 -0.9345
vn -0.2004 0.8813 0.4280
vn -0.6001 0.5860 -0.5444
vn -0.9999 0.0005 0.0146
vn 0.8480 -0.4838 0.2163
vn 0.3327 -0.8263 -0.4545
vn 0.0704 0.3873 0.9192
vn 0.4103 0.6096 -0.6783
vn 0.7456 0.6475 0.1574
vn -0.8783 -0.0521 -0.4753
vn 0.0389 -0.9568 -0.2882
vn -0.1827 0.4658 0.8658
vn -0.3130 -0.9074 0.2806
vn -0.7219 -0.6857 -0.0927
vn 0.9519 -0.1407 0.2721
vn 0.2978 0.3828 -0.8745
vn -0.2570 -0.3775 -0.8896
vn -0.2061 0.9466 0.2479
vn -0.6069 -0.4220 0.6735
vn 0.9920 -0.0518 -0.1147
vn 0.2712 -0.3599 -0.8927
vn 0.2724 0.9569 -0.1006
vn -0.7237 -0.2513 -0.6427
vn 0.4230 0.4679 -0.7760
vn -0.9620 -0.2035 -0.1821
vn 0.8920 -0.2572 0.3718
vn 0.3653 -0.8765 -0.3136
vn 0.3734 0.6804 0.6306
vn -0.0837 0.8915 0.4452
vn 0.1305 -0.7182 0.6835
vn -0.8292 -0.3461 0.4390
vn -0.9434 0.2268 0.2420
vn 0.9374 0.2845 0.2011
vn 0.8312 0.3654 0.4191
vn 0.1759 -0.3416 -0.9232
vn -0.8720 -0.4046 -0.2755
vn 0.8807 0.4387 -0.1786
vn 0.1169 0.3352 0.9349
vn 0.0761 -0.9003 -0.4287
vn -0.0007 0.7143 -0.6998
vn -0.8220 0.4064 -0.3988
vn 0.8220 0.4071 -0.3981
vn 0.1897 0.5850 -0.7885
vn -0.4041 0.6474 0.6462
vn 0.6806 -0.6779 0.2780
vn -0.2973 -0.9025 0.3115
vn 0.0992 0.9347 0.3414
vn 0.2441 -0.0074 0.9697
vn 0.6703 -0.5521 -0.4959
vn -0.2179 -0.8809 -0.4201
vn 0.0668 0.8869 -0.4571
vn -0.7109 0.5335 -0.4583
vn -0.8157 0.0454 0.5767
vn 0.9714 -0.2271 -0.0691
vn -0.0707 -0.9356 -0.3459
vn 0.1244 0.9329 -0.3380
vn -0.7210 -0.1718 -0.6713
vn 0.7652 -0.0443 -0.6423
vn 0.6829 -0.2172 0.6975
vn -0.0559 -0.8941 0.4444
vn 0.1059 0.8933 0.4368
vn 0.7206 -0.2436 0.6491
vn -0.2280 -0.0881 -0.9697
vn -0.1954 -0.9119 0.3609
vn 0.0617 0.9281 0.3671
vn -0.7383 0.0626 0.6715
vn -0.7049 0.2419 -0.6668
vn 0.1694 -0.1762 0.9697
vn 0.6770 -0.3375 -0.6540
vn -0.0325 -0.9276 -0.3721
vn 0.1820 0.9189 -0.3500
vn 0.8312 -0.0025 0.5559
vn -0.5140 -0.0383 -0.8569
vn 0.2669 -0.9286 0.2577
vn -0.1355 0.9463 0.2934
vn -0.7180 -0.0667 0.6928
vn -0.9258 0.0011 -0.3781
vn 0.5372 -0.2271 0.8123
vn 0.7181 -0.2532 -0.6482
vn 0.3324 -0.8670 -0.3713
vn -0.0452 0.8875 -0.4585
vn -0.0390 -0.3680 0.9290
vn 0.9710 0.0585 -0.2318
vn -0.0820 -0.9479 -0.3077
vn -0.1406 0.9657 -0.2185
vn -0.7041 -0.6683 -0.2400
vn -0.0528 0.5121 -0.8573
vn -0.7575 -0.6485 0.0750
vn 0.9311 -0.0037 0.3647
vn -0.1930 -0.8709 0.4520
vn -0.1959 0.9275 0.3183
vn 0.9688 0.0358 0.2452
vn -0.3701 -0.5557 -0.7445
vn 0.2393 -0.9288 0.2829
vn 0.2322 0.9258 0.2983
vn -0.5379 -0.5783 0.6133
vn -0.7321 0.0455 -0.6796
vn 0.5133 -0.0171 0.8580
vn 0.7085 -0.0008 -0.7057
vn 0.4077 -0.8175 -0.4068
vn 0.4085 0.8174 -0.4062
vn 0.0011 0.2610 -0.9653
vn -0.0017 -0.0934 0.9956
vn -0.9367 -0.3346 -0.1029
vn -0.9019 0.3417 -0.2642
vn 0.9018 0.3424 -0.2636
vn 0.9368 -0.3343 -0.1030
vn -0.0002 -0.9883 -0.1526
vn -0.9286 -0.3661 0.0613
vn 0.9290 -0.3647 0.0624
vn -0.0011 0.0294 0.9996
vn -0.0005 -0.8226 -0.5686
vn -0.9086 -0.3266 -0.2605
vn 0.9086 -0.3264 -0.2605
vn -0.0008 0.8064 -0.5914
vn 0.0010 -0.1796 -0.9837
vn -0.0004 0.8226 0.5685
vn -0.0008 -0.7069 0.7073
vn -0.8167 -0.4084 0.4076
vn 0.8167 -0.4076 0.4085
vn -0.0003 0.0963 -0.9953
vn -0.0004 0.1547 0.9880
vn -0.8975 0.3433 0.2767
vn 0.8974 0.3435 0.2769
vn -0.0006 -0.9982 0.0607
vn -0.0002 -0.8222 0.5691
vn -0.0008 0.0292 -0.9996
vn -0.9084 -0.3272 0.2604
vn 0.9084 -0.3264 0.2612
vn 0.0002 0.8065 0.5913
vn 0.0001 0.8228 -0.5683
vn -0.0012 -0.1783 0.9840
vn -0.0005 -0.7067 -0.7075
vn -0.8170 -0.4076 -0.4078
vn 0.8172 -0.4074 -0.4078
vn 0.7835 -0.5964 0.1746
vn -0.4563 0.3469 -0.8194
vn -0.7584 -0.5617 -0.3307
vn -0.3385 -0.8811 0.3304
vn 0.7584 0.5615 0.3309
vn 0.3389 0.8810 -0.3301
vn -0.5634 0.4281 0.7066
vn -0.8195 -0.4024 0.4080
vn 0.1694 0.8969 0.4085
vn -0.7833 0.5967 -0.1743
vn 0.4557 -0.3475 0.8195
vn 0.5626 -0.4285 -0.7070
vn -0.1700 -0.8970 -0.4081
vn 0.8194 0.4031 -0.4075
vn 0.7835 -0.5963 0.1746
vn -0.3385 -0.8810 0.3304
vn -0.7834 0.5965 -0.1742
vn 0.5627 -0.4284 -0.7070
vn -0.1698 -0.8970 -0.4081
vn 0.8194 0.4030 -0.4077
vn -0.0002 0.8779 0.4789
vn -0.0009 -0.7068 0.7074
vn -0.8168 -0.4083 0.4076
vn -0.9342 0.2737 0.2290
vn 0.9341 0.2738 0.2290
vn 0.8167 -0.4077 0.4084
vn -0.0004 -0.2810 -0.9597
vn -0.9345 -0.2731 -0.2282
vn 0.9346 -0.2730 -0.2282
vn -0.0006 0.2799 0.9600
vn -0.0005 -0.8783 -0.4782
vn -0.0005 0.7068 -0.7074
vn -0.8167 0.4076 -0.4085
vn 0.8168 0.4083 -0.4075
vn -0.0003 0.8779 0.4788
vn -0.0010 -0.7069 0.7073
vn -0.8168 -0.4083 0.4075
vn -0.9341 0.2738 0.2290
vn 0.9341 0.2739 0.2290
vn 0.8166 -0.4077 0.4085
vn -0.0004 -0.2807 -0.9598
vn -0.9346 -0.2730 -0.2282
vn 0.9346 -0.2729 -0.2282
vn -0.0003 0.2804 0.9599
vn -0.0006 -0.8782 -0.4783
vn -0.0005 0.7069 -0.7074
vn -0.8167 0.4078 -0.4084
vn 0.8168 0.4083 -0.4076
vn 0.1243 0.9922 0.0003
vn 0.3391 -0.9407 0.0005
vn -0.2611 -0.3885 0.8837
vn -0.1611 0.2225 0.9615
vn -0.1600 0.2229 -0.9616
vn -0.2605 -0.3884 -0.8839
vn -0.9758 -0.2187 0.0004
vn -0.3110 -0.2061 0.9278
vn -0.3102 -0.2063 -0.9280
vn -0.2621 0.9650 -0.0001
vn 0.8682 -0.4962 0.0008
vn 0.2839 -0.2321 0.9303
vn 0.2847 -0.2313 -0.9303
vn -0.7063 -0.7079 0.0002
vn 0.2622 -0.9650 -0.0001
vn -0.8679 0.4967 0.0006
vn 0.7066 0.7076 -0.0003
vn 0.4079 0.4085 0.8166
vn 0.4082 0.4088 -0.8163
vn 0.4995 0.8663 0.0003
vn -0.0137 -0.9999 0.0002
vn -0.9598 0.2808 -0.0001
vn -0.1971 0.3771 0.9050
vn -0.1955 0.3777 -0.9050
vn 0.6452 -0.7640 -0.0000
vn -0.9814 0.1921 -0.0009
vn 0.1498 0.3328 0.9310
vn 0.1505 0.3326 -0.9310
vn 0.6224 0.7827 0.0007
vn -0.4355 0.9002 -0.0004
vn 0.9810 -0.1941 0.0009
vn -0.7974 -0.6035 0.0001
vn -0.1623 -0.3937 0.9048
vn -0.1617 -0.3937 -0.9049
vn 0.8978 0.4405 0.0001
vn 0.2886 -0.9575 0.0007
vn -0.8550 0.5186 0.0006
vn -0.1655 -0.2811 0.9453
vn -0.1649 -0.2812 -0.9454
vn -0.2899 0.9571 -0.0002
vn 0.8556 -0.5176 -0.0004
vn 0.1606 0.3949 0.9046
vn 0.1612 0.3949 -0.9045
vn -0.8972 -0.4416 0.0005
vn 0.2629 -0.9648 -0.0003
vn -0.9287 0.3708 -0.0004
vn 0.2146 0.2160 0.9525
vn 0.2152 0.2158 -0.9524
vn 0.7955 0.6060 -0.0002
vn -0.3910 0.9204 -0.0002
vn 0.9272 -0.3745 0.0006
vn -0.7082 -0.7060 0.0005
vn -0.0057 -0.4467 0.8947
vn -0.0048 -0.4465 -0.8948
vn -0.8383 -0.5453 -0.0001
vn 0.2025 0.9793 -0.0001
vn 0.0499 -0.3556 0.9333
vn 0.0507 -0.3555 -0.9333
vn 0.7026 -0.7116 0.0005
vn -0.2003 -0.9797 -0.0002
vn -0.4554 0.8903 -0.0000
vn 0.0910 0.2890 0.9530
vn 0.0915 0.2889 -0.9530
vn 0.9640 0.2658 -0.0004
vn -0.8950 -0.4461 0.0003
vn 0.3128 0.9498 -0.0000
vn 0.1960 -0.1077 0.9747
vn 0.1972 -0.1067 -0.9745
vn 0.7039 -0.7103 0.0005
vn 0.8924 0.4512 -0.0005
vn -0.0234 -0.9997 0.0002
vn -0.8834 0.4686 0.0008
vn -0.1791 0.3640 0.9140
vn -0.1780 0.3647 -0.9139
vn 0.7345 -0.6786 0.0003
vn -0.9710 -0.2392 0.0006
vn -0.3945 0.0212 0.9186
vn -0.3942 0.0222 -0.9187
vn -0.0084 1.0000 0.0010
vn -0.7856 0.6187 0.0002
vn 0.9235 0.3837 0.0007
vn 0.2330 -0.9725 -0.0002
vn 0.4073 -0.0598 0.9113
vn 0.4075 -0.0587 -0.9113
vn 0.9964 0.0846 0.0008
vn -0.2821 -0.9594 0.0005
vn -0.3616 0.0975 0.9272
vn -0.3616 0.0986 -0.9271
vn -0.3653 0.9309 0.0010
vn -0.8783 -0.4781 -0.0001
vn 0.2866 0.9581 0.0004
vn 0.7039 -0.7103 -0.0008
vn 0.2751 0.1354 0.9518
vn 0.2748 0.1361 -0.9518
vn 0.9610 0.2766 0.0004
vn -0.4797 -0.8774 0.0004
vn -0.2541 0.0200 0.9670
vn -0.2541 0.0211 -0.9669
vn -0.7105 0.7036 0.0009
vn -0.9609 -0.2769 0.0001
vn 0.1325 0.9912 -0.0002
vn 0.9159 -0.4014 -0.0003
vn 0.4012 0.2256 0.8878
vn 0.4011 0.2261 -0.8877
vn 0.5584 -0.8296 -0.0002
vn -0.9821 0.1885 0.0006
vn 0.2656 -0.2155 0.9397
vn 0.2661 -0.2143 -0.9398
vn 0.7104 0.7038 -0.0002
vn 0.9823 -0.1874 -0.0003
vn -0.7051 -0.7091 0.0005
vn -0.3518 -0.0656 0.9338
vn -0.3518 -0.0646 -0.9339
vn -0.5633 0.8262 0.0009
vn -0.9754 0.2205 0.0003
vn 0.9538 0.3004 0.0008
vn 0.0819 -0.9966 0.0005
vn 0.0821 -0.5673 0.8194
vn 0.0831 -0.5667 -0.8197
vn 0.9756 -0.2194 -0.0004
vn -0.7064 -0.7079 0.0004
vn -0.4079 -0.4086 0.8165
vn -0.4077 -0.4085 -0.8167
vn -0.5348 0.8450 0.0009
vn 0.1257 0.9921 -0.0004
vn -0.9758 -0.2187 -0.0004
vn -0.3110 -0.2061 -0.9278
vn -0.1611 0.2224 -0.9615
vn -0.1600 0.2229 0.9616
vn -0.3102 -0.2063 0.9280
vn 0.3391 -0.9407 -0.0005
vn -0.2611 -0.3885 -0.8837
vn -0.2605 -0.3884 0.8839
vn -0.2608 0.9654 -0.0000
vn -0.7063 -0.7079 -0.0002
vn 0.8682 -0.4962 -0.0008
vn 0.2839 -0.2321 -0.9303
vn 0.2847 -0.2313 0.9303
vn 0.7061 0.7081 -0.0005
vn -0.8679 0.4967 -0.0006
vn 0.4079 0.4085 -0.8166
vn 0.4082 0.4088 0.8163
vn 0.2615 -0.9652 -0.0006
vn -0.0144 -0.9999 0.0004
vn 0.5001 0.8660 -0.0010
vn -0.9598 0.2808 0.0001
vn -0.1971 0.3771 -0.9050
vn -0.1955 0.3777 0.9050
vn -0.9814 0.1921 -0.0000
vn 0.6447 -0.7645 -0.0006
vn 0.1498 0.3328 -0.9310
vn 0.1505 0.3326 0.9310
vn 0.6224 0.7827 -0.0007
vn 0.9808 -0.1948 -0.0003
vn -0.4364 0.8998 0.0005
vn -0.7974 -0.6035 -0.0001
vn -0.1623 -0.3937 -0.9048
vn -0.1617 -0.3937 0.9049
vn 0.8973 0.4415 -0.0010
vn -0.8550 0.5186 -0.0006
vn -0.1655 -0.2811 -0.9453
vn -0.1649 -0.2812 0.9454
vn 0.2886 -0.9575 -0.0007
vn -0.8975 -0.4410 0.0002
vn 0.8556 -0.5176 0.0004
vn -0.2908 0.9568 -0.0001
vn 0.1606 0.3949 -0.9046
vn 0.1612 0.3949 0.9045
vn -0.9287 0.3708 -0.0006
vn 0.2622 -0.9650 -0.0004
vn 0.2146 0.2160 -0.9525
vn 0.2152 0.2158 0.9524
vn 0.7955 0.6060 0.0002
vn 0.9270 -0.3752 0.0001
vn -0.3919 0.9200 0.0002
vn -0.7082 -0.7060 -0.0005
vn -0.0057 -0.4467 -0.8947
vn -0.0048 -0.4465 0.8948
vn 0.2025 0.9793 -0.0008
vn -0.8386 -0.5447 -0.0006
vn 0.0499 -0.3556 -0.9333
vn 0.0507 -0.3555 0.9333
vn 0.7026 -0.7116 -0.0005
vn -0.2016 -0.9795 0.0002
vn 0.9640 0.2658 0.0004
vn 0.0910 0.2890 -0.9530
vn 0.0915 0.2889 0.9530
vn 0.3131 0.9497 -0.0009
vn -0.8954 -0.4452 -0.0004
vn 0.1960 -0.1077 -0.9747
vn 0.1972 -0.1067 0.9745
vn 0.7039 -0.7103 -0.0005
vn -0.0235 -0.9997 0.0008
vn 0.8920 0.4520 0.0001
vn -0.8834 0.4686 -0.0008
vn -0.1791 0.3640 -0.9140
vn -0.1780 0.3647 0.9139
vn 0.7338 -0.6794 0.0006
vn -0.0084 1.0000 -0.0010
vn -0.9710 -0.2392 -0.0006
vn -0.3945 0.0212 -0.9186
vn -0.3942 0.0222 0.9187
vn -0.7848 0.6198 -0.0002
vn 0.2330 -0.9725 0.0002
vn 0.4073 -0.0598 -0.9113
vn 0.4075 -0.0587 0.9113
vn 0.9235 0.3837 -0.0007
vn -0.3647 0.9311 -0.0003
vn -0.2821 -0.9594 -0.0005
vn -0.3616 0.0975 -0.9272
vn -0.3616 0.0986 0.9271
vn 0.9965 0.0838 -0.0002
vn 0.2860 0.9582 0.0004
vn -0.8787 -0.4775 -0.0006
vn 0.7039 -0.7103 0.0008
vn 0.2751 0.1354 -0.9518
vn 0.2748 0.1361 0.9518
vn 0.9607 0.2776 0.0004
vn -0.7105 0.7036 -0.0009
vn -0.4797 -0.8774 -0.0004
vn -0.2541 0.0200 -0.9670
vn -0.2541 0.0211 0.9669
vn 0.1315 0.9913 0.0001
vn -0.9611 -0.2762 -0.0007
vn 0.9159 -0.4014 0.0003
vn 0.4012 0.2256 -0.8878
vn 0.4011 0.2261 0.8877
vn -0.9820 0.1891 0.0001
vn 0.5578 -0.8300 -0.0004
vn 0.2656 -0.2155 -0.9397
vn 0.2661 -0.2143 0.9398
vn 0.7104 0.7038 0.0002
vn 0.9820 -0.1887 0.0003
vn -0.5633 0.8262 -0.0009
vn -0.7051 -0.7091 -0.0005
vn -0.3518 -0.0656 -0.9338
vn -0.3518 -0.0646 0.9339
vn -0.9751 0.2218 -0.0003
vn 0.0819 -0.9966 -0.0005
vn 0.0821 -0.5673 -0.8194
vn 0.0831 -0.5667 0.8197
vn 0.9538 0.3004 -0.0008
vn 0.9753 -0.2207 0.0004
vn -0.5348 0.8450 -0.0009
vn -0.7064 -0.7079 -0.0004
vn -0.4079 -0.4086 -0.8165
vn -0.4077 -0.4085 0.8167
vn -0.0780 0.9887 0.1283
vn -0.4388 -0.5283 0.7269
vn -0.9365 -0.3420 0.0769
vn -0.9731 0.2299 -0.0142
vn 0.4672 0.2302 0.8537
vn 0.3693 -0.3416 0.8642
vn 0.3355 -0.7593 -0.5576
vn -0.7222 -0.2442 -0.6472
vn 0.9096 -0.2443 0.3359
vn -0.4751 0.3932 0.7872
vn 0.0778 -0.9885 -0.1295
vn 0.2719 0.8493 -0.4525
vn -0.6302 0.3963 -0.6677
vn 0.8845 0.3967 0.2455
vn -0.0333 0.9860 0.1637
vn -0.1528 -0.6258 0.7649
vn -0.8673 -0.3848 0.3158
vn -0.9398 0.2537 0.2289
vn 0.7806 0.2543 0.5710
vn 0.6801 -0.3845 0.6242
vn 0.1456 -0.6631 -0.7342
vn -0.8627 -0.2616 -0.4328
vn 0.9627 -0.2612 -0.0700
vn -0.1707 0.4861 0.8571
vn 0.0325 -0.9858 -0.1647
vn 0.1219 0.7802 -0.6135
vn -0.7667 0.4137 -0.4909
vn 0.8962 0.4138 -0.1600
vn -0.9994 -0.0164 0.0302
vn 0.4810 -0.4376 0.7597
vn 0.3010 -0.9499 0.0836
vn 0.0103 -0.2872 -0.9578
vn 0.0109 0.9728 -0.2314
vn 0.3013 0.4037 0.8638
vn 0.8603 0.2539 -0.4420
vn 0.3927 -0.6558 -0.6448
vn 0.3932 0.8863 0.2447
vn -0.9997 -0.0137 0.0222
vn 0.9997 -0.0127 0.0200
vn -0.3160 -0.9442 0.0928
vn -0.3152 0.3928 0.8639
vn 0.0164 0.4989 -0.8665
vn -0.8585 0.2564 -0.4442
vn -0.4962 -0.4342 0.7518
vn -0.3934 -0.6542 -0.6459
vn -0.3933 0.8869 0.2423
vn 0.9982 -0.0311 0.0504
vn -0.3541 -0.9352 -0.0003
vn -0.3544 0.9351 -0.0002
vn 0.2553 0.3910 0.8843
vn 0.1598 -0.3426 0.9258
vn 0.1608 -0.3421 -0.9258
vn 0.2559 0.3910 -0.8841
vn 1.0000 -0.0003 0.0010
vn 0.6001 -0.0005 0.7999
vn 0.6004 0.0002 -0.7997
vn 0.7077 0.7066 -0.0002
vn 0.5998 -0.8001 0.0006
vn -0.9902 0.1397 0.0003
vn -0.1572 0.5032 0.8498
vn -0.1562 0.5036 -0.8497
vn 0.9901 -0.1405 0.0002
vn -0.9000 -0.4359 0.0003
vn -0.2519 -0.2275 0.9406
vn -0.2518 -0.2274 -0.9407
vn -0.3049 0.9524 0.0008
vn 0.7439 0.6683 0.0002
vn -0.3232 -0.9463 0.0004
vn -0.8809 0.4733 0.0007
vn -0.5801 0.3112 0.7528
vn -0.5795 0.3120 -0.7528
vn 0.9349 -0.3549 -0.0003
vn -0.6590 -0.7522 0.0003
vn -0.0911 -0.3564 0.9299
vn 0.0906 0.3571 0.9297
vn 0.0913 0.3570 -0.9296
vn -0.0904 -0.3564 -0.9299
vn -0.4893 0.8721 -0.0002
vn 0.1626 0.3860 0.9080
vn 0.1632 0.3861 -0.9079
vn -0.9930 -0.1180 -0.0003
vn 0.5548 0.8320 0.0001
vn 0.1085 -0.3528 0.9294
vn 0.1097 -0.3524 -0.9294
vn 0.7598 -0.6502 0.0007
vn -0.9356 0.3531 -0.0001
vn 0.6586 0.7525 -0.0001
vn 0.4877 -0.8730 0.0006
vn -0.1331 -0.3665 0.9208
vn -0.1325 -0.3665 -0.9209
vn 0.9930 0.1179 -0.0005
vn -0.6552 -0.7554 0.0003
vn -0.6725 0.7401 0.0006
vn -0.1831 0.4295 0.8843
vn -0.1820 0.4299 -0.8844
vn 0.9870 0.1607 -0.0002
vn -0.5170 -0.8560 0.0003
vn 0.1867 0.5314 0.8263
vn 0.1872 0.5316 -0.8261
vn -0.7603 0.6496 -0.0006
vn -0.9655 -0.2606 -0.0010
vn 0.5456 0.8380 0.0009
vn -0.1398 0.3125 0.9396
vn -0.1386 0.3128 -0.9396
vn 0.6769 -0.7361 0.0007
vn -0.9776 -0.2105 -0.0002
vn 0.2959 0.9552 -0.0001
vn 0.9134 -0.4070 -0.0004
vn 0.1098 0.5190 0.8477
vn 0.1102 0.5191 -0.8475
vn 0.9984 -0.0569 0.0003
vn -0.9987 -0.0503 0.0003
vn 0.3076 -0.1740 0.9355
vn 0.3081 -0.1731 -0.9355
vn -0.0045 1.0000 -0.0005
vn 0.4499 0.8931 -0.0001
vn 0.2994 0.5934 0.7472
vn 0.3000 0.5936 -0.7468
vn 0.8709 -0.4915 0.0008
vn -0.5457 -0.8380 -0.0004
vn -0.6771 0.7359 0.0002
vn 0.1818 -0.4290 0.8848
vn 0.1828 -0.4287 -0.8848
vn 0.9654 0.2609 0.0010
vn 0.5116 0.8592 -0.0003
vn 0.6722 -0.7403 0.0007
vn -0.9568 -0.2908 0.0004
vn 0.1405 -0.4229 0.8952
vn 0.1417 -0.4223 -0.8953
vn 0.1575 -0.9875 -0.0002
vn -0.9902 0.1399 0.0005
vn -0.1981 0.2798 0.9394
vn -0.1974 0.2806 -0.9393
vn 0.9564 0.2922 0.0005
vn 0.0996 -0.9950 -0.0003
vn -0.9239 0.3827 0.0006
vn 0.1006 -0.5329 0.8402
vn 0.1015 -0.5323 -0.8405
vn 0.9770 0.2134 0.0010
vn -0.5060 0.8625 0.0001
vn 0.9678 -0.2517 0.0008
vn -0.7072 -0.7070 0.0004
vn -0.4079 -0.4077 0.8169
vn -0.4076 -0.4075 -0.8172
vn -0.3239 -0.9461 0.0003
vn 0.7441 0.6681 -0.0012
vn -0.1572 0.5032 -0.8498
vn -0.2519 -0.2275 -0.9406
vn -0.2518 -0.2274 0.9407
vn -0.1562 0.5036 0.8497
vn -0.8809 0.4733 -0.0007
vn -0.5801 0.3112 -0.7528
vn -0.5795 0.3120 0.7528
vn 0.9899 -0.1419 -0.0002
vn -0.3049 0.9524 -0.0008
vn 0.1598 -0.3426 -0.9258
vn 0.1608 -0.3421 0.9258
vn -0.9000 -0.4359 -0.0003
vn -0.9901 0.1406 -0.0000
vn 0.5998 -0.8001 -0.0006
vn 0.7070 0.7072 -0.0000
vn 0.2553 0.3910 -0.8843
vn 0.2559 0.3910 0.8841
vn -0.3542 0.9352 -0.0008
vn -0.3548 -0.9349 -0.0004
vn 1.0000 -0.0003 -0.0010
vn 0.6001 -0.0005 -0.7999
vn 0.6004 0.0002 0.7997
vn 0.2135 0.9769 0.0003
vn 0.5279 -0.8493 0.0006
vn 0.1703 -0.1264 0.9772
vn -0.2601 0.3571 0.8971
vn -0.2591 0.3576 -0.8972
vn 0.1717 -0.1256 -0.9771
vn -0.9815 -0.1914 -0.0001
vn -0.2034 0.2312 0.9514
vn -0.2027 0.2316 -0.9515
vn -0.0735 -0.9973 -0.0001
vn -0.7573 0.6531 0.0007
vn 0.8042 0.5943 0.0004
vn 0.0522 0.3360 0.9404
vn 0.0533 0.3360 -0.9403
vn -0.2629 0.9648 -0.0005
vn 0.9324 -0.3614 0.0009
vn 0.2030 -0.3313 0.9214
vn 0.2039 -0.3306 -0.9215
vn -0.8045 -0.5940 0.0003
vn 0.2638 -0.9646 -0.0001
vn -0.9326 0.3609 -0.0001
vn 0.8046 0.5938 -0.0001
vn 0.4112 0.3036 0.8595
vn 0.4114 0.3040 -0.8593
vn 0.1334 -0.9911 -0.0001
vn -0.7472 0.6645 0.0001
vn 0.1841 -0.3568 0.9158
vn 0.1850 -0.3563 -0.9159
vn 0.9686 0.2486 0.0010
vn -0.9476 -0.3193 -0.0003
vn 0.0967 0.9953 0.0003
vn -0.0483 -0.5241 0.8503
vn -0.0478 -0.5241 -0.8503
vn 0.9124 -0.4092 0.0008
vn 0.8609 0.5088 0.0002
vn 0.0496 -0.9988 0.0005
vn -0.9969 0.0793 0.0004
vn -0.0477 -0.5198 0.8530
vn -0.0470 -0.5197 -0.8531
vn -0.9973 0.0737 -0.0011
vn 0.9808 0.1952 0.0003
vn 0.0586 0.5209 0.8516
vn 0.0591 0.5210 -0.8515
vn 0.1209 -0.9927 0.0005
vn 0.9969 -0.0784 0.0001
vn -0.9973 -0.0730 -0.0000
vn -0.1292 -0.3480 0.9286
vn -0.1288 -0.3479 -0.9286
vn 0.0043 1.0000 -0.0004
vn 0.9987 -0.0502 -0.0001
vn -0.9394 -0.3429 0.0004
vn -0.1526 0.9883 0.0004
vn -0.0889 0.4467 0.8902
vn -0.0878 0.4474 -0.8900
vn 0.2802 0.9600 -0.0002
vn 0.8553 -0.5181 -0.0004
vn 0.1792 0.5630 0.8068
vn 0.1797 0.5632 -0.8065
vn -0.9998 -0.0192 -0.0001
vn 0.9911 0.1330 -0.0003
vn -0.8779 -0.4789 -0.0002
vn -0.3474 0.9377 0.0009
vn -0.2376 0.6402 0.7305
vn -0.2367 0.6408 -0.7303
vn -0.3397 -0.9405 -0.0004
vn -0.8136 0.5815 0.0006
vn -0.3358 0.2686 0.9028
vn -0.3350 0.2694 -0.9029
vn 0.9630 0.2694 0.0006
vn -0.1597 0.9872 0.0001
vn 0.5209 -0.8536 0.0005
vn -0.9339 -0.3575 0.0003
vn -0.6338 -0.2430 0.7344
vn -0.6335 -0.2423 -0.7348
vn -1.0000 0.0085 -0.0003
vn 0.8709 -0.4915 -0.0008
vn 0.3076 -0.1740 -0.9355
vn 0.1098 0.5190 -0.8477
vn 0.1102 0.5191 0.8475
vn 0.3081 -0.1731 0.9355
vn 0.4499 0.8931 0.0001
vn 0.2994 0.5934 -0.7472
vn 0.3000 0.5936 0.7468
vn 0.9983 -0.0582 -0.0003
vn -0.0045 1.0000 0.0005
vn -0.9987 -0.0503 -0.0003
vn -0.1331 -0.3665 -0.9208
vn -0.1325 -0.3665 0.9209
vn 0.2960 0.9552 -0.0009
vn -0.9777 -0.2099 -0.0005
vn 0.1867 0.5314 -0.8263
vn 0.1872 0.5316 0.8261
vn 0.9134 -0.4070 0.0004
vn -0.5176 -0.8556 0.0004
vn 0.9868 0.1616 0.0001
vn -0.7603 0.6496 0.0006
vn 0.0906 0.3571 -0.9297
vn 0.0913 0.3570 0.9296
vn -0.9351 0.3543 0.0001
vn 0.4877 -0.8730 -0.0006
vn -0.0911 -0.3564 -0.9299
vn -0.0904 -0.3564 0.9299
vn 0.6586 0.7525 0.0001
vn 0.9353 -0.3539 -0.0006
vn -0.4893 0.8721 0.0002
vn 0.1626 0.3860 -0.9080
vn 0.1632 0.3861 0.9079
vn -0.6590 -0.7522 -0.0003
vn -0.9932 -0.1167 0.0003
vn 0.7598 -0.6502 -0.0007
vn 0.1085 -0.3528 -0.9294
vn 0.1097 -0.3524 0.9294
vn 0.5548 0.8320 -0.0001
vn -0.6557 -0.7550 0.0004
vn 0.9929 0.1188 0.0001
vn -0.6725 0.7401 -0.0006
vn -0.1831 0.4295 -0.8843
vn -0.1820 0.4299 0.8844
vn -0.9655 -0.2603 -0.0003
vn 0.6769 -0.7361 -0.0007
vn -0.1398 0.3125 -0.9396
vn -0.1386 0.3128 0.9396
vn 0.5456 0.8380 -0.0009
vn 0.9655 0.2603 -0.0004
vn -0.6771 0.7359 -0.0002
vn -0.5463 -0.8376 -0.0003
vn 0.1818 -0.4290 -0.8848
vn 0.1828 -0.4287 0.8848
vn 0.6717 -0.7408 -0.0000
vn 0.5112 0.8595 -0.0005
vn -0.9568 -0.2908 -0.0004
vn 0.1405 -0.4229 -0.8952
vn 0.1417 -0.4223 0.8953
vn -0.9901 0.1406 0.0002
vn 0.1568 -0.9876 -0.0005
vn -0.1981 0.2798 -0.9394
vn -0.1974 0.2806 0.9393
vn 0.9564 0.2922 -0.0005
vn -0.9236 0.3833 0.0001
vn 0.0988 -0.9951 -0.0005
vn 0.1006 -0.5329 -0.8402
vn 0.1015 -0.5323 0.8405
vn 0.9770 0.2134 -0.0010
vn 0.9676 -0.2523 -0.0002
vn -0.5054 0.8629 -0.0008
vn -0.7072 -0.7070 -0.0004
vn -0.4079 -0.4077 -0.8169
vn -0.4076 -0.4075 0.8172
vn -0.7568 0.6536 -0.0000
vn -0.0744 -0.9972 -0.0002
vn 0.1702 -0.1264 -0.9773
vn -0.2601 0.3571 -0.8971
vn -0.2591 0.3576 0.8972
vn 0.1716 -0.1256 0.9771
vn 0.8042 0.5943 -0.0004
vn 0.0522 0.3360 -0.9404
vn 0.0533 0.3360 0.9403
vn -0.2629 0.9648 -0.0009
vn -0.8045 -0.5940 -0.0003
vn 0.9324 -0.3614 -0.0009
vn 0.2030 -0.3313 -0.9214
vn 0.2039 -0.3306 0.9215
vn 0.8041 0.5945 -0.0000
vn -0.9326 0.3609 0.0001
vn 0.4112 0.3036 -0.8595
vn 0.4114 0.3040 0.8593
vn 0.2632 -0.9648 -0.0006
vn 0.5275 -0.8496 0.0003
vn 0.2141 0.9768 -0.0010
vn -0.9815 -0.1914 0.0001
vn -0.2048 0.2311 -0.9511
vn -0.2040 0.2315 0.9512
vn -0.7474 0.6644 -0.0002
vn 0.1330 -0.9911 -0.0006
vn 0.1841 -0.3567 -0.9159
vn 0.1850 -0.3561 0.9159
vn 0.9686 0.2485 -0.0009
vn 0.9122 -0.4097 -0.0001
vn 0.0967 0.9953 -0.0003
vn -0.9479 -0.3185 -0.0003
vn -0.0480 -0.5244 -0.8501
vn -0.0475 -0.5244 0.8502
vn 0.8610 0.5086 -0.0008
vn -0.9970 0.0773 -0.0004
vn -0.0798 -0.4911 -0.8674
vn -0.0791 -0.4910 0.8675
vn 0.0501 -0.9987 -0.0005
vn 0.9788 0.2047 -0.0005
vn -0.9905 0.1378 -0.0002
vn -0.1136 -0.4040 -0.9077
vn -0.1137 -0.4038 0.9078
vn 0.0527 -0.9986 -0.0005
vn -0.7221 -0.6918 -0.0002
vn 0.9846 -0.1749 -0.0009
vn -0.1746 0.3802 -0.9082
vn -0.1734 0.3817 0.9079
vn -0.5970 0.8022 -0.0007
vn -0.0056 -1.0000 0.0002
vn 0.9865 0.1640 0.0008
vn -0.9818 0.1899 0.0013
vn 0.0893 0.5416 -0.8359
vn 0.0896 0.5418 0.8358
vn 0.9777 0.2099 0.0007
vn -0.9851 0.1721 -0.0001
vn -0.0882 -0.9961 -0.0006
vn -0.0550 -0.6708 -0.7396
vn -0.0541 -0.6706 0.7399
vn 0.0162 0.9999 -0.0009
vn -0.9855 0.1695 0.0008
vn -0.1685 -0.3919 -0.9045
vn -0.1682 -0.3918 0.9045
vn 0.9977 0.0672 -0.0010
vn -0.9803 -0.1974 -0.0005
vn 0.8455 -0.5339 -0.0070
vn -0.0299 0.9996 0.0006
vn 0.1703 0.3745 -0.9115
vn 0.1703 0.3747 0.9114
vn 0.0772 0.9970 -0.0004
vn -0.9643 0.2647 0.0059
vn 0.1443 -0.2068 -0.9677
vn 0.1449 -0.2061 0.9677
vn 0.9986 -0.0528 -0.0006
vn 0.5632 0.8263 -0.0000
vn -0.9759 -0.2180 -0.0000
vn 0.7275 -0.6861 0.0007
vn -0.8977 -0.4407 0.0005
vn 0.9936 -0.1132 -0.0000
vn -0.3218 0.9468 -0.0004
vn -0.0873 0.3807 -0.9206
vn -0.0861 0.3812 0.9205
vn 0.2793 0.9602 -0.0009
vn -0.9998 -0.0188 -0.0001
vn 0.1793 0.5636 -0.8064
vn 0.1797 0.5637 0.8062
vn 0.8560 -0.5169 0.0002
vn -0.8792 -0.4765 -0.0003
vn 0.9910 0.1340 0.0001
vn -0.3473 0.9378 -0.0009
vn -0.2377 0.6405 -0.7303
vn -0.2367 0.6411 0.7300
vn 0.9018 0.4322 -0.0010
vn -0.9877 0.1561 -0.0007
vn -0.2113 0.2104 -0.9545
vn -0.2105 0.2112 0.9545
vn 0.2858 -0.9583 -0.0000
vn -0.4194 -0.9078 0.0002
vn 0.9996 0.0300 -0.0004
vn -0.7127 0.7014 -0.0007
vn 0.5207 -0.8537 0.0001
vn -0.1564 0.9877 -0.0004
vn -0.9339 -0.3575 -0.0004
vn -0.6337 -0.2429 -0.7345
vn -0.6335 -0.2424 0.7348
vn -0.6240 -0.1726 0.7621
vn 0.9945 -0.0263 0.1014
vn 0.3979 -0.7555 -0.5205
vn -0.3749 -0.8833 0.2816
vn -0.3744 0.6756 0.6352
vn 0.3979 0.9060 -0.1440
vn -0.7751 0.1397 -0.6162
vn -0.4147 -0.7499 -0.5154
vn -0.4146 0.8989 -0.1418
vn 0.7605 0.1434 -0.6333
vn -0.9937 0.0208 -0.1102
vn 0.6393 -0.1699 0.7500
vn 0.3895 -0.8772 0.2807
vn 0.3896 0.6705 0.6314
vn -0.6817 -0.4310 -0.5912
vn 0.7811 -0.6210 0.0651
vn 0.4017 0.7060 -0.5833
vn -0.4018 0.5829 -0.7062
vn -0.3647 -0.6539 0.6629
vn 0.3647 -0.6627 0.6541
vn -0.6009 0.2742 0.7508
vn -0.4018 0.9116 -0.0871
vn -0.3643 -0.9313 0.0068
vn 0.6818 0.1130 0.7228
vn -0.7812 -0.4847 0.3935
vn 0.4020 0.9116 0.0864
vn 0.3652 -0.9309 -0.0057
vn 0.6008 -0.3375 -0.7247
vn 0.6815 0.5913 0.4311
vn -0.7804 -0.0642 0.6220
vn 0.6002 -0.7516 -0.2736
vn 0.4019 0.0865 -0.9116
vn 0.3651 -0.0055 0.9309
vn -0.6824 0.1129 -0.7222
vn 0.7814 -0.4847 -0.3930
vn -0.6008 -0.3372 0.7248
vn -0.4015 0.7061 0.5833
vn -0.3643 -0.6630 -0.6540
vn -0.6820 -0.7225 -0.1131
vn 0.7807 -0.3935 0.4854
vn -0.4011 -0.0872 -0.9119
vn -0.3642 0.0070 0.9313
vn -0.6005 0.7250 0.3373
vn 0.6816 -0.4309 0.5914
vn -0.7803 -0.6220 -0.0650
vn 0.4016 0.5830 0.7062
vn 0.3647 -0.6539 -0.6629
vn 0.6002 0.2735 -0.7516
vn 0.6814 0.7231 -0.1131
vn -0.7808 0.3943 0.4846
vn 0.6009 -0.7246 0.3375
vn 0.4016 -0.5831 -0.7062
vn 0.3647 0.6540 0.6628
vn -0.6817 0.5912 -0.4310
vn 0.7803 -0.0644 -0.6221
vn -0.6005 -0.7512 0.2742
vn -0.4012 0.0865 0.9119
vn -0.3642 -0.0057 -0.9313
vn -0.6816 -0.5913 0.4309
vn 0.7814 0.0649 0.6207
vn -0.4016 -0.7061 -0.5833
vn -0.3646 0.6629 0.6540
vn -0.6004 0.7510 -0.2746
vn 0.6815 -0.7229 0.1138
vn -0.7804 -0.3941 -0.4855
vn 0.4018 -0.0874 0.9115
vn 0.3651 0.0068 -0.9310
vn 0.6007 0.7249 -0.3372
vn -0.7808 0.6214 0.0642
vn 0.6013 -0.2739 0.7506
vn 0.4017 -0.9116 -0.0872
vn 0.3648 0.9311 0.0068
vn 0.6816 0.4308 -0.5914
vn -0.6822 0.7223 0.1136
vn 0.7811 0.3948 -0.4838
vn -0.6006 -0.7248 -0.3375
vn -0.4015 -0.5832 0.7061
vn -0.3645 0.6541 -0.6628
vn 0.7817 0.4846 0.3925
vn -0.6007 0.3374 -0.7248
vn -0.6817 -0.1144 0.7227
vn -0.4012 -0.9119 0.0865
vn -0.3640 0.9314 -0.0056
vn 0.6815 -0.5915 -0.4309
vn -0.7814 0.0646 -0.6207
vn 0.4014 -0.7062 0.5832
vn 0.3645 0.6629 -0.6540
vn 0.6013 0.7506 0.2741
vn -0.7812 0.4850 -0.3931
vn 0.6003 0.3376 0.7251
vn 0.6809 -0.1132 -0.7235
vn 0.7808 0.6215 -0.0644
vn -0.6005 -0.2741 -0.7512
vn -0.6813 0.4312 0.5915
vn 0.0441 -0.9990 0.0002
vn 0.9325 0.3612 -0.0014
vn 0.3541 -0.1767 -0.9184
vn -0.0756 -0.4861 -0.8706
vn -0.0752 -0.4861 0.8707
vn 0.3543 -0.1757 0.9185
vn -0.9471 0.3208 -0.0008
vn -0.0287 -0.4431 -0.8960
vn -0.0258 -0.4354 0.8999
vn 0.5542 0.8324 0.0001
vn -0.9324 -0.3613 -0.0009
vn 0.5743 -0.8186 -0.0008
vn 0.3631 -0.5183 -0.7743
vn 0.3638 -0.5178 0.7743
vn 0.4954 0.8687 -0.0004
vn -0.9657 -0.2597 -0.0003
vn 0.2317 0.2836 -0.9305
vn 0.2317 0.2838 0.9305
vn 0.7071 -0.7072 -0.0003
vn 0.9662 0.2579 -0.0002
vn -0.9758 0.1521 -0.1571
vn -0.1205 0.3921 -0.9120
vn 0.1496 0.3997 0.9044
vn 0.1066 -0.9943 0.0064
vn 0.9864 -0.1588 -0.0412
vn -0.6048 0.7838 -0.1408
vn -0.7197 -0.6781 -0.1491
vn -0.3259 -0.3505 -0.8780
vn 0.0785 -0.3584 0.9303
vn -0.6064 0.5301 0.5927
vn 0.6940 -0.7001 0.1679
vn -0.8516 0.3206 -0.4147
vn 0.8546 0.2319 0.4647
vn 0.6635 0.5534 -0.5035
vn 0.0392 0.8845 0.4648
vn -0.4524 -0.6634 0.5960
vn -0.8104 -0.4451 -0.3810
vn 0.8048 -0.4289 0.4102
vn 0.5778 -0.3890 -0.7175
vn 0.2129 0.7630 -0.6104
vn -0.0358 -0.1927 0.9806
vn -0.8694 -0.3175 0.3786
vn 0.8630 -0.2568 -0.4352
vn 0.1469 -0.6597 -0.7371
vn 0.2127 -0.7632 0.6102
vn -0.0351 0.1918 -0.9808
vn 0.1466 0.6597 0.7371
vn -0.8056 0.4599 0.3735
vn 0.8001 0.4443 -0.4030
vn 0.5420 0.4915 0.6817
vn -0.1324 -0.9479 -0.2898
vn -0.5038 0.2451 0.8283
vn 0.8834 0.2075 -0.4202
vn -0.4433 0.6867 -0.5762
vn 0.3098 0.9463 0.0926
vn 0.4966 -0.7013 0.5114
vn -0.3062 -0.4002 0.8638
vn 0.8726 -0.3994 -0.2812
vn -0.5690 -0.4748 -0.6714
vn 0.7233 -0.6893 0.0420
vn -0.8699 0.0177 0.4930
vn 0.0273 0.3510 0.9360
vn 0.1733 0.9213 0.3480
vn -0.0405 -0.3281 -0.9438
vn -0.2554 -0.8863 -0.3863
vn -0.3766 0.8566 -0.3527
vn 0.2674 0.8970 0.3520
vn 0.0679 -0.3566 -0.9318
vn -0.9995 -0.0211 0.0232
vn 0.7938 0.5074 -0.3355
vn -0.1629 0.9121 0.3761
vn 0.0107 -0.3769 -0.9262
vn 0.5081 -0.5782 0.6384
vn -0.7365 0.6646 -0.1262
vn 0.8804 0.2264 -0.4167
vn 0.4216 -0.6006 0.6794
vn -0.1066 0.3931 0.9133
vn -0.2121 -0.9011 -0.3783
vn -0.8244 0.3647 -0.4328
vn 0.9957 -0.0324 0.0864
vn -0.5980 -0.5597 0.5737
vn -0.1375 0.3129 0.9398
vn 0.1540 -0.9132 -0.3773
vn 0.9818 0.1501 0.1162
vn -0.7374 -0.2271 0.6361
vn -0.1768 0.9211 0.3467
vn 0.0175 -0.3371 -0.9413
vn -0.6573 0.6507 -0.3802
vn -0.8474 -0.5284 0.0510
vn 0.3977 0.8280 -0.3952
vn -0.1583 0.9120 0.3785
vn 0.0992 -0.3345 -0.9372
vn 0.8317 -0.1611 0.5313
vn -0.9993 -0.0362 0.0047
vn 0.6407 0.6824 -0.3519
vn 0.7480 -0.1432 0.6481
vn 0.1425 0.4132 0.8994
vn 0.2533 -0.8790 -0.4039
vn 0.8526 0.5193 -0.0586
vn -0.4383 -0.6175 0.6531
vn 0.0786 0.3564 0.9310
vn 0.1875 -0.9177 -0.3502
vn -0.8266 0.3063 -0.4721
vn -0.9973 -0.0301 0.0665
vn 0.5985 0.6549 -0.4613
vn -0.2720 0.1492 0.9507
vn -0.2716 -0.9537 -0.1290
vn 0.7596 -0.2444 0.6027
vn 0.9936 0.0940 -0.0634
vn -0.4257 -0.6331 0.6466
vn -0.8886 0.3279 -0.3208
vn -0.3708 0.7820 0.5010
vn -0.3729 -0.5127 -0.7733
vn -0.9466 -0.1248 -0.2973
vn 0.7330 0.6049 -0.3111
vn -0.0766 0.3216 0.9438
vn 0.2225 -0.9021 -0.3698
vn -0.3908 -0.5990 0.6989
vn 0.9313 0.1041 0.3492
vn -0.8315 -0.5351 0.1496
vn 0.3393 0.8864 -0.3148
vn -0.2500 0.8756 0.4132
vn -0.0135 -0.4104 -0.9118
vn 0.9945 -0.0817 0.0653
vn -0.5424 -0.5415 0.6423
vn 0.0504 0.2770 0.9596
vn 0.0519 -0.9644 -0.2592
vn -0.7378 0.5643 -0.3705
vn -0.9958 -0.0485 0.0775
vn 0.9201 0.2779 -0.2760
vn -0.0903 0.9714 0.2196
vn -0.0903 -0.2450 -0.9653
vn 0.2785 -0.6740 0.6843
vn -0.3465 0.6540 -0.6725
vn 0.9993 -0.0260 0.0270
vn 0.2267 0.1194 0.9666
vn 0.2274 -0.9694 -0.0924
vn -0.9216 -0.2705 0.2783
vn 0.3471 -0.6537 0.6724
vn -0.9991 0.0288 -0.0298
vn 0.9212 0.2713 -0.2790
vn 0.3354 0.7664 0.5479
vn 0.3355 -0.5691 -0.7507
vn -0.2412 -0.6659 0.7060
vn 0.2651 0.8728 0.4099
vn 0.8971 -0.2646 0.3539
vn 0.6299 -0.6618 0.4065
vn -0.9074 -0.1060 0.4067
vn -0.9385 0.0825 0.3352
vn -0.1638 -0.3207 -0.9329
vn 0.8084 -0.5386 -0.2376
vn -0.9726 0.0808 -0.2179
vn 0.0217 0.3607 0.9324
vn 0.1613 0.6950 -0.7007
vn 0.9513 -0.2696 -0.1495
vn -0.9880 -0.0625 -0.1409
vn -0.2739 -0.8716 -0.4066
vn 0.0245 0.9392 0.3425
vn -0.0650 -0.4172 -0.9065
vn 0.9413 0.2245 0.2520
vn -0.9420 0.2346 0.2401
vn -0.0594 -0.7083 0.7034
vn -0.0561 0.2040 -0.9774
vn -0.0311 -0.9731 0.2281
vn 0.9707 0.1797 -0.1594
vn -0.9691 0.1983 -0.1466
vn -0.0202 0.4203 0.9072
vn -0.0921 -0.2022 0.9750
vn 0.0195 0.5933 -0.8048
vn -0.0443 -0.9071 -0.4185
vn 0.9119 -0.4103 -0.0012
vn -0.9871 -0.1598 -0.0060
vn -0.0742 -0.4206 0.9042
vn 0.0208 0.9390 -0.3434
vn -0.0605 -0.7074 -0.7042
vn 0.8768 -0.1507 -0.4567
vn -0.8838 0.1532 -0.4422
vn 0.0412 0.3577 0.9329
vn 0.1654 0.6910 -0.7037
vn -0.2561 -0.8739 -0.4131
vn 0.8101 -0.5335 -0.2432
vn -0.9739 0.0756 -0.2141
vn -0.2414 -0.6671 0.7047
vn 0.2442 0.8800 0.4074
vn 0.6311 -0.6618 0.4047
vn -0.9083 -0.1055 0.4049
vn -0.1837 -0.3169 -0.9305
vn -0.9873 0.1588 -0.0000
vn 0.9650 0.2623 -0.0005
vn 0.2317 0.2842 0.9303
vn -0.2728 0.3392 0.9003
vn -0.2720 0.3400 -0.9002
vn 0.2318 0.2844 -0.9303
vn 0.1058 -0.9944 0.0006
vn -0.0278 -0.4401 0.8975
vn -0.0272 -0.4401 -0.8976
vn 0.9878 -0.1560 0.0002
vn -0.7075 -0.7067 0.0004
vn -0.4081 -0.4076 0.8169
vn -0.4079 -0.4074 -0.8171
vn -0.5856 0.8106 0.0007
vn 0.7078 -0.7065 0.0005
vn -0.9657 -0.2597 0.0003
vn 0.3541 -0.1767 0.9184
vn 0.3543 -0.1757 -0.9185
vn 0.4960 0.8683 -0.0003
vn 0.9322 0.3620 0.0016
vn 0.0448 -0.9990 0.0005
vn -0.0756 -0.4861 0.8706
vn -0.0752 -0.4861 -0.8707
vn -0.9471 0.3208 0.0008
vn -0.9322 -0.3619 0.0002
vn 0.5543 0.8323 0.0008
vn 0.5743 -0.8186 0.0008
vn 0.3631 -0.5183 0.7743
vn 0.3638 -0.5178 -0.7743
vn -0.4097 -0.9122 0.0001
vn -0.0939 0.9956 -0.0001
vn 0.2012 0.3218 0.9252
vn 0.3512 -0.1043 0.9305
vn 0.3515 -0.1031 -0.9305
vn 0.2015 0.3219 -0.9251
vn 0.9976 -0.0691 0.0009
vn 0.6549 -0.0459 0.7543
vn 0.6552 -0.0447 -0.7541
vn 0.7093 0.7050 -0.0002
vn 0.6142 -0.7891 -0.0001
vn -0.9930 -0.1184 0.0002
vn -0.3712 0.2763 0.8865
vn -0.3706 0.2771 -0.8865
vn 0.0249 -0.9997 -0.0004
vn -0.7841 0.6207 0.0006
vn -0.3225 -0.3164 0.8921
vn -0.3221 -0.3163 -0.8923
vn 0.7759 0.6309 0.0003
vn -0.0171 0.9999 0.0009
vn 0.7825 -0.6226 0.0007
vn 0.4132 -0.3295 0.8489
vn 0.4138 -0.3288 -0.8489
vn -0.7721 -0.6356 0.0003
vn -0.9653 0.1846 0.1849
vn 0.5082 -0.5781 -0.6383
vn 0.0273 0.3510 -0.9360
vn -0.1629 0.9121 -0.3762
vn 0.0107 -0.3769 0.9262
vn -0.2555 -0.8863 0.3863
vn 0.7938 0.5073 0.3354
vn 0.2674 0.8970 -0.3519
vn 0.0679 -0.3566 0.9318
vn -0.9156 -0.0105 -0.4021
vn 0.8564 -0.4908 -0.1602
vn 0.1733 0.9214 -0.3478
vn -0.0405 -0.3280 0.9438
vn -0.3766 0.8566 0.3528
vn 0.9820 -0.1664 -0.0895
vn -0.7361 0.5367 0.4125
vn -0.5981 -0.5597 -0.5737
vn -0.1375 0.3129 -0.9398
vn 0.1540 -0.9132 0.3773
vn 0.9320 0.0005 0.3625
vn -0.7958 0.5399 0.2743
vn 0.4216 -0.6006 -0.6794
vn -0.1066 0.3932 -0.9132
vn -0.2121 -0.9010 0.3783
vn -0.8700 -0.4897 0.0577
vn 0.8317 -0.1612 -0.5313
vn -0.1583 0.9120 -0.3785
vn 0.0992 -0.3345 0.9371
vn 0.3977 0.8280 0.3952
vn 0.9852 0.1347 -0.1056
vn -0.6574 0.6506 0.3803
vn -0.1768 0.9212 -0.3466
vn 0.0175 -0.3371 0.9413
vn -0.7374 -0.2271 -0.6361
vn 0.8723 0.4884 -0.0218
vn -0.8266 0.3063 0.4721
vn -0.4384 -0.6175 -0.6531
vn 0.0786 0.3563 -0.9310
vn 0.1875 -0.9177 0.3502
vn -0.9974 -0.0292 -0.0662
vn 0.7596 -0.2444 -0.6027
vn -0.2719 0.1492 -0.9507
vn -0.2718 -0.9537 0.1290
vn 0.5985 0.6549 0.4613
vn 0.9992 -0.0103 0.0395
vn -0.8885 0.3277 0.3212
vn -0.3709 0.7822 -0.5006
vn -0.3732 -0.5127 0.7732
vn -0.4257 -0.6331 -0.6465
vn 0.6892 0.4639 0.5566
vn -0.8975 0.1695 -0.4071
vn 0.7480 -0.1432 -0.6481
vn 0.1425 0.4132 -0.8994
vn 0.2533 -0.8791 0.4038
vn 0.6231 0.7701 0.1367
vn -0.9018 0.1916 0.3874
vn -0.0766 0.3217 -0.9437
vn 0.2225 -0.9021 0.3698
vn -0.3909 -0.5989 -0.6990
vn -0.6026 -0.7972 -0.0382
vn 0.8807 0.1427 -0.4516
vn 0.3392 0.8865 0.3148
vn -0.2499 0.8757 -0.4132
vn -0.0135 -0.4105 0.9118
vn 0.9945 -0.0817 -0.0651
vn -0.7378 0.5642 0.3707
vn 0.0504 0.2770 -0.9596
vn 0.0519 -0.9644 0.2592
vn -0.5425 -0.5414 -0.6423
vn -0.9456 0.2405 0.2193
vn 0.2785 -0.6740 -0.6843
vn 0.9199 0.2784 0.2761
vn -0.0906 0.9714 -0.2193
vn -0.0900 -0.2448 0.9654
vn -0.9216 -0.2706 -0.2784
vn 0.9993 -0.0254 -0.0279
vn 0.2267 0.1195 -0.9666
vn 0.2273 -0.9694 0.0924
vn -0.3469 0.6539 0.6723
vn 0.9210 0.2716 0.2793
vn -0.9992 0.0277 0.0300
vn 0.3351 0.7664 -0.5480
vn 0.3351 -0.5694 0.7507
vn 0.3466 -0.6535 -0.6729
vn -0.5512 0.8343 0.0005
vn 0.8326 -0.5538 0.0006
vn -0.0004 -0.4383 0.8988
vn -0.2586 -0.0187 0.9658
vn -0.2585 -0.0179 -0.9659
vn 0.0005 -0.4383 -0.8988
vn -0.7071 -0.7072 0.0005
vn -0.4791 -0.4794 0.7353
vn -0.4789 -0.4789 -0.7358
vn 0.9234 0.3838 0.0017
vn -0.0000 -1.0000 0.0007
vn 0.2592 -0.0189 0.9656
vn 0.2595 -0.0178 -0.9656
vn -0.9235 0.3835 0.0007
vn -0.8322 -0.5544 0.0022
vn 0.5516 0.8341 0.0024
vn 0.7071 -0.7071 0.0014
vn 0.4787 -0.4797 0.7353
vn 0.4800 -0.4793 -0.7347
vn 0.9207 -0.3902 0.0021
vn -0.9208 -0.3901 0.0007
vn -0.0009 1.0000 0.0002
vn -0.0006 0.3760 0.9266
vn 0.0006 0.3760 -0.9266
vn 0.9209 0.3898 -0.0002
vn -0.4985 -0.8669 0.0007
vn -0.6027 0.7980 0.0005
vn -0.3764 0.4975 0.7816
vn -0.3753 0.4980 -0.7818
vn 0.4997 -0.8662 0.0007
vn -0.9212 0.3892 -0.0006
vn 0.6026 0.7981 -0.0009
vn 0.3761 0.4981 0.7813
vn 0.3761 0.4977 -0.7816
vn -0.9930 -0.1177 0.0004
vn 0.6142 -0.7891 0.0001
vn 0.3512 -0.1043 -0.9305
vn -0.3712 0.2763 -0.8865
vn -0.3706 0.2771 0.8865
vn 0.3515 -0.1031 0.9305
vn 0.7086 0.7056 -0.0001
vn 0.2012 0.3218 -0.9252
vn 0.2015 0.3219 0.9251
vn -0.4097 -0.9122 0.0013
vn 0.9976 -0.0691 -0.0009
vn 0.6549 -0.0459 -0.7543
vn 0.6552 -0.0447 0.7541
vn -0.0939 0.9956 0.0001
vn 0.0236 -0.9997 0.0004
vn 0.7759 0.6309 -0.0003
vn -0.3225 -0.3164 -0.8921
vn -0.3221 -0.3163 0.8923
vn -0.7841 0.6207 -0.0006
vn -0.0172 0.9999 0.0004
vn -0.7721 -0.6356 -0.0003
vn 0.7825 -0.6226 -0.0007
vn 0.4132 -0.3295 -0.8489
vn 0.4138 -0.3288 0.8489
vn -0.6826 -0.7308 0.0004
vn 0.9999 0.0170 -0.0002
vn 0.3732 0.3989 -0.8376
vn -0.3728 -0.3985 -0.8380
vn -0.3725 -0.3983 0.8382
vn 0.3734 0.3992 0.8374
vn -0.7083 0.7059 -0.0008
vn -0.4088 0.4064 -0.8172
vn -0.4081 0.4071 0.8171
vn 0.6816 0.7317 -0.0004
vn -0.9998 -0.0174 -0.0001
vn 0.7083 -0.7059 -0.0007
vn 0.4081 -0.4071 -0.8171
vn 0.4088 -0.4064 0.8172
vn 0.9237 0.3831 -0.0005
vn -0.9235 0.3835 -0.0007
vn -0.2586 -0.0187 -0.9658
vn 0.2592 -0.0189 -0.9656
vn 0.2595 -0.0178 0.9656
vn -0.2585 -0.0179 0.9659
vn -0.0000 -1.0000 -0.0007
vn -0.0004 -0.4383 -0.8988
vn 0.0005 -0.4383 0.8988
vn 0.8323 -0.5544 0.0001
vn -0.5507 0.8347 -0.0012
vn -0.7071 -0.7072 -0.0004
vn -0.4791 -0.4794 -0.7353
vn -0.4789 -0.4790 0.7357
vn 0.5514 0.8342 -0.0015
vn -0.8326 -0.5538 -0.0028
vn 0.7071 -0.7071 -0.0014
vn 0.4787 -0.4797 -0.7353
vn 0.4800 -0.4793 0.7347
vn -0.9210 -0.3895 -0.0001
vn 0.9204 -0.3910 -0.0019
vn -0.0009 1.0000 -0.0002
vn -0.0006 0.3760 -0.9266
vn 0.0006 0.3760 0.9266
vn 0.4991 -0.8666 0.0004
vn 0.6026 0.7981 0.0009
vn 0.3761 0.4981 -0.7813
vn 0.3761 0.4977 0.7816
vn -0.9212 0.3892 0.0006
vn -0.4991 -0.8666 -0.0001
vn 0.9206 0.3904 -0.0005
vn -0.6027 0.7980 -0.0005
vn -0.3764 0.4975 -0.7816
vn -0.3753 0.4980 0.7818
vn -0.3316 0.9156 0.2274
vn 0.8560 -0.5024 -0.1220
vn 0.2535 -0.4998 0.8282
vn -0.3478 0.0003 0.9376
vn -0.3474 0.4307 -0.8329
vn 0.2539 -0.0632 -0.9652
vn -0.5966 -0.7798 -0.1897
vn -0.3740 -0.6699 0.6413
vn -0.3724 -0.3019 -0.8776
vn 0.0915 -0.9675 -0.2356
vn -0.8531 0.5067 0.1245
vn 0.7993 0.5838 0.1426
vn 0.4106 0.1005 0.9063
vn 0.4115 0.5040 -0.7594
vn -0.7070 -0.7072 -0.0004
vn -0.1060 0.9944 0.0018
vn -0.2022 0.1992 0.9589
vn -0.4072 -0.4077 0.8173
vn -0.4073 -0.4070 -0.8176
vn -0.2012 0.1999 -0.9589
vn 0.7792 -0.6268 0.0006
vn 0.1902 -0.3837 0.9037
vn 0.1913 -0.3829 -0.9038
vn -0.5887 0.8084 -0.0001
vn 0.9924 0.1228 0.0010
vn 0.3977 -0.1428 0.9064
vn 0.3983 -0.1417 -0.9063
vn -0.2914 -0.9566 0.0003
vn 0.5004 -0.8658 0.0007
vn -0.9653 0.2613 0.0005
vn 0.7070 0.7073 -0.0008
vn 0.4084 0.4087 0.8162
vn 0.4084 0.4085 -0.8163
vn 0.0004 0.7072 0.7070
vn -0.0002 0.0882 -0.9961
vn 0.8711 0.3729 -0.3196
vn 0.8166 0.4078 0.4085
vn -0.8163 0.4083 0.4086
vn -0.8709 0.3737 -0.3190
vn 0.0005 -0.7698 0.6383
vn 0.8709 -0.3737 0.3190
vn -0.8711 -0.3729 0.3196
vn 0.0016 -0.0889 0.9960
vn 0.0009 0.7698 -0.6383
vn 0.0004 -0.7067 -0.7075
vn 0.8170 -0.4076 -0.4080
vn -0.8172 -0.4072 -0.4079
vn -0.4356 -0.9001 -0.0002
vn -0.7131 0.7011 -0.0014
vn 0.1328 0.3140 0.9401
vn -0.1162 -0.5151 0.8492
vn -0.1150 -0.5150 -0.8494
vn 0.1334 0.3140 -0.9400
vn 0.9475 -0.3197 0.0019
vn 0.2883 -0.0974 0.9526
vn 0.2890 -0.0966 -0.9524
vn -0.8379 -0.5458 0.0001
vn -0.1257 0.9921 0.0004
vn 0.0828 -0.4740 0.8766
vn 0.0835 -0.4737 -0.8767
vn 0.9001 -0.4357 0.0012
vn -0.8683 -0.4960 -0.0003
vn 0.4474 0.8943 -0.0009
vn -0.1008 -0.4276 0.8983
vn -0.1003 -0.4273 -0.8985
vn 0.5448 -0.8386 0.0004
vn 0.8684 0.4959 -0.0001
vn 0.1923 -0.9813 0.0005
vn -0.9468 0.3217 0.0003
vn -0.2881 0.0975 0.9526
vn -0.2877 0.0984 -0.9527
vn 0.2357 0.2598 -0.9365
vn -0.6113 -0.6745 0.4140
vn 0.5319 -0.8152 0.2292
vn 0.8617 -0.4526 -0.2295
vn -0.5323 0.8151 -0.2288
vn -0.8618 0.4522 0.2299
vn 0.4762 0.5229 0.7070
vn 0.8789 -0.2472 0.4079
vn -0.3299 0.8511 0.4085
vn -0.2354 -0.2601 0.9365
vn 0.6123 0.6736 -0.4139
vn -0.4759 -0.5232 -0.7069
vn 0.3300 -0.8511 -0.4083
vn -0.8788 0.2475 -0.4079
vn -0.6113 -0.6745 0.4139
vn 0.4759 0.5232 0.7069
vn 0.8789 -0.2474 0.4079
vn -0.3300 0.8511 0.4083
vn 0.6122 0.6737 -0.4140
vn -0.4756 -0.5235 -0.7070
vn 0.3303 -0.8510 -0.4083
vn -0.8790 0.2476 -0.4076
vn -0.6118 0.7910 -0.0001
vn 0.9921 -0.1251 0.0035
vn 0.1822 -0.5711 0.8004
vn -0.2933 0.3558 0.8874
vn -0.2924 0.3566 -0.8873
vn 0.1832 -0.5706 -0.8006
vn -0.7074 -0.7068 0.0008
vn -0.4080 -0.4073 0.8171
vn -0.4080 -0.4076 -0.8170
vn 0.2860 -0.9582 -0.0002
vn -0.9917 0.1282 0.0004
vn 0.9142 0.4052 0.0013
vn 0.3436 0.1517 0.9268
vn 0.3435 0.1525 -0.9267
vn 0.3287 0.9168 -0.2266
vn -0.8562 -0.5021 0.1219
vn -0.2539 -0.4989 -0.8286
vn 0.3474 -0.0000 -0.9377
vn 0.3465 0.4318 0.8328
vn -0.2535 -0.0645 0.9652
vn 0.5960 -0.7801 0.1901
vn 0.3729 -0.6726 -0.6392
vn 0.3740 -0.3007 0.8773
vn -0.0918 -0.9669 0.2379
vn 0.8546 0.5052 -0.1200
vn -0.8021 0.5800 -0.1419
vn -0.4107 0.0991 -0.9064
vn -0.4108 0.5000 0.7624
vn 0.2919 0.2813 -0.9141
vn -0.6708 -0.6484 0.3600
vn 0.4875 -0.8389 0.2418
vn 0.9096 -0.4156 -0.0009
vn -0.3827 0.9239 -0.0000
vn -0.8206 0.5173 0.2428
vn 0.5097 0.4901 0.7071
vn 0.8608 -0.3039 0.4082
vn -0.2728 0.8708 0.4090
vn 0.7200 0.6940 0.0055
vn -0.2879 -0.2788 -0.9162
vn 0.4878 -0.8391 -0.2407
vn -0.8214 0.5174 -0.2400
vn -0.2906 -0.2825 0.9142
vn -0.6706 -0.6457 -0.3652
vn 0.2885 0.2772 0.9165
vn 0.5083 0.4911 -0.7074
vn 0.8604 -0.3043 -0.4087
vn -0.2736 0.8713 -0.4075
vn -0.2885 -0.2792 0.9159
vn 0.7203 0.6936 -0.0052
vn 0.9095 -0.4156 0.0001
vn 0.4869 -0.8397 0.2407
vn -0.8213 0.5171 0.2412
vn -0.3827 0.9239 0.0007
vn -0.2909 -0.2822 -0.9142
vn 0.4882 -0.8386 -0.2419
vn -0.8208 0.5175 -0.2419
vn 0.2918 0.2806 0.9144
vn 0.5094 0.4904 -0.7071
vn 0.8605 -0.3047 -0.4084
vn -0.2733 0.8711 -0.4080
vn -0.6712 -0.6480 -0.3602
vn -0.6710 -0.6460 0.3639
vn 0.5086 0.4908 0.7075
vn 0.8606 -0.3041 0.4085
vn -0.2733 0.8710 0.4082
vn 0.2881 0.2775 -0.9165
vn -0.9651 0.2619 0.0002
vn 0.4998 -0.8662 -0.0014
vn 0.3977 -0.1428 -0.9064
vn -0.2022 0.1992 -0.9589
vn -0.2012 0.1999 0.9589
vn 0.3983 -0.1417 0.9063
vn 0.7070 0.7073 0.0008
vn 0.4084 0.4087 -0.8162
vn 0.4084 0.4085 0.8163
vn -0.5876 0.8092 0.0001
vn -0.2914 -0.9566 -0.0003
vn 0.1902 -0.3837 -0.9037
vn 0.1913 -0.3829 0.9038
vn 0.9924 0.1228 -0.0010
vn 0.7787 -0.6274 0.0001
vn -0.1060 0.9944 -0.0018
vn -0.7075 -0.7067 -0.0003
vn -0.4072 -0.4077 -0.8173
vn -0.4073 -0.4070 0.8176
vn 0.9473 -0.3204 -0.0012
vn -0.7131 0.7011 0.0014
vn 0.1328 0.3140 -0.9401
vn 0.2883 -0.0974 -0.9526
vn 0.2890 -0.0966 0.9524
vn 0.1334 0.3140 0.9400
vn -0.4363 -0.8998 -0.0006
vn -0.1162 -0.5151 -0.8492
vn -0.1150 -0.5150 0.8494
vn 0.8998 -0.4363 -0.0005
vn -0.1257 0.9921 -0.0004
vn -0.8383 -0.5453 -0.0008
vn 0.0828 -0.4740 -0.8766
vn 0.0835 -0.4737 0.8767
vn 0.4477 0.8942 -0.0001
vn -0.8687 -0.4954 -0.0004
vn -0.1008 -0.4276 -0.8983
vn -0.1003 -0.4273 0.8985
vn 0.5448 -0.8386 -0.0004
vn 0.1916 -0.9815 0.0002
vn 0.8680 0.4966 -0.0003
vn -0.9468 0.3217 -0.0003
vn -0.2881 0.0975 -0.9526
vn -0.2877 0.0984 0.9527
vn 0.9144 0.4048 -0.0004
vn -0.9917 0.1282 -0.0004
vn -0.2933 0.3558 -0.8874
vn 0.3436 0.1517 -0.9268
vn 0.3435 0.1525 0.9267
vn -0.2924 0.3566 0.8873
vn 0.2853 -0.9585 -0.0006
vn 0.1822 -0.5711 -0.8004
vn 0.1832 -0.5706 0.8006
vn 0.9921 -0.1258 -0.0028
vn -0.6112 0.7914 -0.0006
vn -0.7074 -0.7068 -0.0008
vn -0.4080 -0.4073 -0.8171
vn -0.4080 -0.4076 0.8170
vn -0.6852 0.7283 -0.0000
vn 1.0000 -0.0054 0.0030
vn 0.3764 -0.4004 0.8355
vn -0.3770 0.3999 0.8354
vn -0.3764 0.4006 -0.8354
vn 0.3770 -0.3998 -0.8355
vn -0.7085 -0.7057 0.0005
vn -0.4082 -0.4063 0.8175
vn -0.4080 -0.4061 -0.8177
vn 0.6853 -0.7282 -0.0000
vn -0.9999 0.0097 0.0032
vn 0.7085 0.7057 -0.0002
vn 0.4087 0.4066 0.8171
vn 0.4089 0.4071 -0.8167
vn -0.7085 0.7057 -0.0007
vn -0.4088 0.4061 -0.8173
vn 0.3769 0.4004 -0.8352
vn 0.3772 0.4007 0.8350
vn -0.4081 0.4069 0.8172
vn -0.6848 -0.7287 -0.0003
vn -0.3765 -0.3999 -0.8357
vn -0.3762 -0.3997 0.8359
vn 0.6842 0.7293 -0.0005
vn -1.0000 -0.0071 -0.0030
vn 0.7085 -0.7057 -0.0009
vn 0.4081 -0.4069 -0.8173
vn 0.4089 -0.4062 0.8172
vn -0.9575 -0.2884 -0.0014
vn 0.4871 0.8607 0.1481
vn 0.2260 0.1056 0.9684
vn -0.2965 -0.2538 0.9207
vn -0.2999 -0.0438 -0.9530
vn 0.2336 0.4415 -0.8663
vn 0.7062 -0.7010 -0.0994
vn 0.3369 -0.1896 0.9223
vn 0.3603 -0.0132 -0.9327
vn 0.9612 0.2639 0.0798
vn -0.2934 -0.9452 -0.1430
vn -0.8455 0.5230 0.1080
vn -0.3938 0.0822 0.9155
vn -0.4016 0.4109 -0.8185
vn 0.8972 0.4304 0.0985
vn -0.2035 -0.9768 0.0665
vn -0.2571 0.2404 0.9360
vn -0.2738 -0.2595 -0.9261
vn -0.7951 0.6012 0.0800
vn -0.8810 -0.4487 0.1501
vn 0.3380 0.9411 -0.0111
vn 0.6961 -0.7091 0.1119
vn 0.4394 0.2502 0.8627
vn 0.4663 -0.2468 -0.8495
vn 0.5787 -0.7481 0.3246
vn -0.9859 0.1638 -0.0352
vn 0.3918 0.3103 0.8662
vn 0.3647 -0.2380 -0.9002
vn 0.6918 0.6639 -0.2842
vn 0.9884 -0.1276 0.0822
vn -0.6923 -0.6606 0.2904
vn -0.3777 0.1985 0.9044
vn -0.3464 -0.3060 -0.8868
vn -0.5655 0.7663 -0.3050
vn 0.5541 -0.8306 0.0559
vn -0.9569 0.1875 -0.2216
vn 0.2582 -0.2886 0.9220
vn 0.2405 -0.3442 -0.9076
vn 0.6973 0.7053 -0.1280
vn 0.9644 -0.2128 -0.1569
vn -0.7031 -0.7111 0.0007
vn -0.4029 -0.4075 0.8195
vn -0.4029 -0.4075 -0.8195
vn -0.5491 0.8317 -0.0816
vn 0.3082 -0.9513 -0.0000
vn -0.8908 0.4544 0.0008
vn -0.2624 0.2264 0.9380
vn 0.2728 0.2315 0.9338
vn 0.2728 0.2318 -0.9337
vn -0.2614 0.2272 -0.9381
vn 0.7073 0.7070 -0.0005
vn 0.4083 0.4087 0.8163
vn 0.4085 0.4088 -0.8161
vn -0.3090 0.9511 -0.0002
vn 1.0000 0.0018 -0.0005
vn -0.3074 -0.9516 0.0003
vn -0.1171 -0.1531 0.9812
vn -0.1172 -0.1530 -0.9813
vn -0.6954 -0.7187 -0.0005
vn -0.2390 0.9710 -0.0006
vn 0.9956 0.0941 -0.0000
vn -0.0240 0.4560 0.8896
vn -0.0230 0.4562 -0.8896
vn -0.3198 0.9475 -0.0005
vn 0.9876 0.1570 0.0004
vn -0.0355 0.3998 0.9159
vn -0.0343 0.4000 -0.9159
vn -0.8835 -0.4684 0.0003
vn -0.9871 -0.1600 -0.0004
vn 0.1665 0.9860 0.0001
vn 0.9471 -0.3209 0.0009
vn 0.1761 -0.1730 0.9691
vn 0.1768 -0.1722 -0.9691
vn -0.9962 -0.0873 -0.0007
vn 0.1498 0.9887 -0.0004
vn 0.2584 0.2985 0.9188
vn 0.2582 0.2991 -0.9186
vn 0.9722 -0.2340 -0.0004
vn 0.6961 -0.7179 0.0001
vn -0.9957 0.0925 -0.0004
vn 0.2386 0.9711 0.0011
vn -0.3044 0.2221 0.9263
vn -0.3034 0.2236 -0.9263
vn 0.2303 0.9731 0.0009
vn 0.3074 -0.9516 0.0005
vn 0.3012 0.2405 0.9227
vn 0.3014 0.2405 -0.9227
vn -0.9968 -0.0803 0.0005
vn -0.2284 -0.9736 -0.0006
vn -0.7069 0.7073 0.0009
vn -0.4083 0.4078 0.8167
vn -0.4076 0.4087 -0.8166
vn 0.8505 0.5259 -0.0005
vn 0.9967 0.0816 -0.0000
vn -0.9498 -0.3130 -0.0004
vn -0.2312 0.9729 0.0010
vn -0.2156 0.3890 0.8957
vn -0.2148 0.3905 -0.8952
vn -0.9080 -0.4191 -0.0004
vn 0.3457 0.9384 -0.0004
vn 0.2471 0.2293 0.9415
vn 0.2472 0.2293 -0.9414
vn 0.7069 -0.7073 -0.0009
vn 0.9085 0.4180 0.0001
vn -0.3455 -0.9384 0.0003
vn -0.7070 0.7072 0.0009
vn -0.4084 0.4078 0.8167
vn -0.4078 0.4087 -0.8165
vn -0.2929 -0.9418 0.1650
vn 0.9612 0.2637 -0.0804
vn 0.2260 0.1056 -0.9684
vn -0.2964 -0.2538 -0.9207
vn -0.2998 -0.0438 0.9530
vn 0.2335 0.4415 0.8663
vn -0.8455 0.5230 -0.1080
vn -0.3938 0.0822 -0.9155
vn -0.4016 0.4109 0.8185
vn 0.4876 0.8604 -0.1480
vn -0.9638 -0.2664 -0.0037
vn 0.7062 -0.7010 0.0994
vn 0.3368 -0.1896 -0.9223
vn 0.3603 -0.0132 0.9328
vn -0.2096 -0.9774 -0.0282
vn 0.8972 0.4305 -0.0984
vn -0.3273 0.2653 -0.9069
vn -0.3451 -0.2148 0.9137
vn -0.7949 0.6014 -0.0799
vn 0.3380 0.9411 0.0110
vn -0.8972 -0.4094 -0.1656
vn 0.6961 -0.7091 -0.1127
vn 0.3650 0.2269 -0.9030
vn 0.3935 -0.2983 0.8696
vn 0.9880 0.1467 0.0481
vn -0.6806 0.6829 0.2654
vn -0.5782 -0.7480 -0.3258
vn -0.3917 0.3108 -0.8660
vn -0.3646 -0.2386 0.9001
vn 0.5780 0.7487 0.3245
vn -0.9883 -0.1317 -0.0768
vn 0.6929 -0.6600 -0.2903
vn 0.3780 0.1979 -0.9044
vn 0.3468 -0.3053 0.8869
vn 0.9569 0.1875 0.2216
vn -0.6973 0.7053 0.1280
vn -0.5535 -0.8309 -0.0567
vn -0.2582 -0.2878 -0.9222
vn -0.2397 -0.3443 0.9078
vn 0.5491 0.8317 0.0816
vn -0.9643 -0.2137 0.1567
vn 0.7031 -0.7111 -0.0007
vn 0.4028 -0.4082 -0.8192
vn 0.4036 -0.4074 0.8192
vn 1.0000 0.0027 0.0001
vn -0.3084 0.9513 -0.0004
vn -0.2624 0.2264 -0.9380
vn 0.2728 0.2315 -0.9338
vn 0.2728 0.2318 0.9337
vn -0.2614 0.2272 0.9381
vn -0.3074 -0.9516 -0.0003
vn -0.1171 -0.1531 -0.9812
vn -0.1172 -0.1530 0.9813
vn -0.8905 0.4550 -0.0001
vn 0.3086 -0.9512 0.0009
vn 0.7073 0.7070 0.0005
vn 0.4083 0.4087 -0.8163
vn 0.4085 0.4088 0.8161
vn 0.9956 0.0937 -0.0009
vn -0.2390 0.9710 0.0006
vn -0.0240 0.4560 -0.8897
vn -0.0230 0.4561 0.8896
vn -0.6958 -0.7182 -0.0002
vn -0.8838 -0.4678 0.0003
vn 0.9876 0.1570 -0.0004
vn -0.0355 0.3998 -0.9159
vn -0.0343 0.4001 0.9158
vn -0.3207 0.9472 0.0001
vn 0.1669 0.9860 -0.0010
vn -0.9872 -0.1593 -0.0003
vn 0.9471 -0.3209 -0.0009
vn 0.1761 -0.1730 -0.9691
vn 0.1768 -0.1722 0.9691
vn -0.9962 -0.0866 -0.0005
vn 0.9724 -0.2332 0.0004
vn 0.1499 0.9887 0.0005
vn 0.1741 0.3651 -0.9146
vn 0.1739 0.3657 0.9144
vn -0.9957 0.0929 -0.0005
vn 0.6956 -0.7184 -0.0008
vn 0.2386 0.9711 -0.0011
vn -0.3044 0.2221 -0.9263
vn -0.3034 0.2236 0.9263
vn 0.3068 -0.9518 0.0002
vn 0.2297 0.9733 -0.0002
vn 0.3012 0.2405 -0.9227
vn 0.3014 0.2405 0.9227
vn -0.9968 -0.0803 -0.0005
vn -0.7064 0.7078 -0.0002
vn -0.2287 -0.9735 -0.0003
vn -0.4083 0.4078 -0.8167
vn -0.4076 0.4087 0.8166
vn 0.8505 0.5259 0.0005
vn -0.9492 -0.3146 -0.0005
vn 0.9970 0.0769 0.0010
vn -0.2312 0.9729 -0.0010
vn -0.3013 0.3226 -0.8973
vn -0.3005 0.3241 0.8970
vn 0.9088 -0.4173 0.0003
vn -0.3450 0.9386 -0.0009
vn -0.2470 0.2285 -0.9417
vn -0.2462 0.2294 0.9417
vn -0.7068 -0.7074 -0.0004
vn -0.9079 0.4192 -0.0001
vn 0.3458 -0.9383 0.0009
vn 0.7070 0.7072 0.0005
vn 0.4085 0.4086 0.8162
vn -0.9732 -0.0324 0.2279
vn 0.4804 0.3029 -0.8231
vn -0.0665 0.9565 -0.2841
vn -0.2438 0.9244 0.2935
vn -0.2378 -0.9215 0.3072
vn 0.1054 -0.9589 -0.2636
vn 0.6571 0.3099 0.6872
vn -0.0124 0.8931 0.4497
vn 0.1199 -0.9002 0.4186
vn 0.8945 -0.0008 -0.4470
vn -0.5293 0.0147 0.8483
vn -0.7082 0.0004 -0.7060
vn -0.4079 0.8175 -0.4066
vn -0.4077 -0.8176 -0.4065
vn -0.5307 -0.2104 0.8210
vn -0.3268 0.1272 -0.9365
vn 0.7906 0.4892 0.3682
vn -0.1480 0.9593 0.2405
vn 0.1263 -0.9640 0.2342
vn 0.3236 0.2480 0.9131
vn -0.8942 -0.0980 -0.4368
vn 0.6755 0.4484 -0.5853
vn -0.1714 0.8868 -0.4293
vn 0.0821 -0.8910 -0.4466
vn 0.7954 -0.0102 -0.6059
vn -0.3935 0.0520 0.9179
vn 0.2379 0.9461 -0.2198
vn -0.1057 -0.9653 -0.2386
vn -0.7202 0.1173 -0.6838
vn -0.8214 -0.0036 0.5704
vn 0.4013 0.1068 -0.9097
vn 0.7210 0.1617 0.6738
vn 0.2115 0.8851 0.4145
vn -0.0721 -0.8902 0.4498
vn -0.5596 0.2616 0.7864
vn -0.4898 0.3876 -0.7809
vn 0.9635 -0.1313 0.2334
vn -0.0439 0.9438 0.3276
vn -0.2041 -0.9398 0.2742
vn 0.4830 -0.4835 0.7300
vn -0.8674 0.4937 -0.0616
vn 0.8170 -0.0164 -0.5765
vn -0.0389 0.8924 -0.4495
vn -0.1357 -0.9098 -0.3922
vn -0.9009 0.0425 -0.4319
vn 0.9002 0.4231 -0.1031
vn 0.0766 0.9092 -0.4092
vn 0.1023 -0.9377 -0.3320
vn -0.5470 0.4005 0.7351
vn 0.9407 0.0335 0.3377
vn -0.9420 0.3189 0.1048
vn 0.1486 0.9155 0.3738
vn 0.2733 -0.9226 0.2723
vn 0.5067 0.4955 -0.7055
vn -0.0973 -0.0487 0.9941
vn -0.8762 0.0129 -0.4818
vn 0.8521 0.5228 0.0263
vn -0.3807 0.8760 -0.2962
vn 0.0217 -0.9252 -0.3789
vn 0.6994 0.6080 0.3757
vn -0.9777 -0.1375 0.1585
vn -0.1778 0.9351 0.3067
vn 0.1489 -0.9374 0.3148
vn 0.5553 0.4239 -0.7155
vn -0.0728 -0.0196 0.9972
vn -0.7186 0.2091 -0.6633
vn 0.9017 0.0346 -0.4309
vn -0.0962 0.9343 -0.3434
vn -0.0845 -0.9380 -0.3363
vn 0.7083 0.0011 0.7059
vn -0.8883 0.2250 0.4005
vn 0.0977 0.9232 0.3716
vn 0.0988 -0.9231 0.3717
vn 0.3364 -0.0433 -0.9407
vn -0.7076 -0.0004 -0.7066
vn 0.9693 0.0007 -0.2458
vn 0.2351 0.9271 -0.2918
vn 0.2357 -0.9272 -0.2911
vn -0.5116 0.0001 0.8592
vn 0.7067 0.0003 0.7075
vn -0.9694 -0.0000 0.2455
vn 0.4085 0.8163 0.4083
vn 0.4087 -0.8161 0.4085
vn 0.5112 0.0006 -0.8594
vn 0.1335 -0.9910 -0.0003
vn -0.9937 0.1121 0.0007
vn -0.0863 0.3937 0.9152
vn 0.0934 -0.6367 0.7655
vn 0.0944 -0.6361 -0.7658
vn -0.0851 0.3941 -0.9151
vn 0.9704 0.2416 0.0009
vn 0.2280 0.0569 0.9720
vn 0.2278 0.0576 -0.9720
vn -0.9179 0.3967 -0.0002
vn 0.9941 -0.1086 0.0007
vn -0.2905 -0.9569 0.0005
vn 0.0093 -0.5111 0.8595
vn 0.0107 -0.5106 -0.8597
vn -0.7088 -0.7054 -0.0001
vn -0.2077 0.9782 0.0008
vn 0.2466 -0.5230 0.8158
vn 0.2474 -0.5227 -0.8159
vn 0.9999 -0.0142 0.0009
vn 0.6992 0.7149 0.0002
vn 0.4822 -0.8761 0.0006
vn -0.9576 -0.2880 0.0004
vn -0.2648 -0.0798 0.9610
vn -0.2649 -0.0792 -0.9610
vn 0.7001 0.7141 -0.0009
vn -0.9576 -0.2880 -0.0004
vn -0.2648 -0.0798 -0.9610
vn -0.0863 0.3937 -0.9152
vn -0.0851 0.3941 0.9151
vn -0.2649 -0.0792 0.9610
vn 0.4822 -0.8761 -0.0006
vn 0.2466 -0.5230 -0.8158
vn 0.2474 -0.5227 0.8159
vn -0.7097 -0.7045 0.0002
vn 0.9999 -0.0142 -0.0009
vn 0.0093 -0.5111 -0.8595
vn 0.0107 -0.5106 0.8597
vn -0.2077 0.9782 -0.0008
vn 0.9940 -0.1093 -0.0001
vn -0.9178 0.3970 -0.0007
vn 0.0934 -0.6367 -0.7655
vn 0.0944 -0.6361 0.7658
vn -0.2905 -0.9569 -0.0005
vn -0.9936 0.1130 -0.0005
vn 0.1328 -0.9911 -0.0005
vn 0.9704 0.2416 -0.0009
vn 0.2280 0.0569 -0.9720
vn 0.2278 0.0576 0.9720
vn -0.9018 -0.2121 -0.3764
vn -0.3577 -0.8927 0.2741
vn 0.3040 -0.9027 0.3045
vn -0.0018 0.6470 -0.7625
vn -0.3607 0.7329 -0.5769
vn -0.4143 0.4218 0.8065
vn -0.2721 -0.3929 0.8784
vn -0.2718 0.9456 0.1790
vn 0.9590 -0.0951 -0.2670
vn -0.9975 0.0242 -0.0668
vn 0.4300 0.4145 0.8021
vn 0.0885 -0.4569 0.8851
vn -0.1585 0.9855 -0.0598
vn 0.6431 0.7072 0.2939
vn -0.2112 -0.8164 -0.5375
vn 0.4338 -0.0920 0.8963
vn -0.5706 0.7956 -0.2036
vn -0.9313 -0.2249 0.2865
vn -0.4959 -0.8323 -0.2477
vn -0.1614 0.6870 0.7085
vn 0.8014 0.4853 -0.3495
vn 0.9012 -0.2277 0.3687
vn -0.1960 0.6785 -0.7080
vn 0.9679 -0.0740 0.2403
vn -0.4143 0.4218 -0.8065
vn -0.2721 -0.3929 -0.8784
vn 0.3040 -0.9027 -0.3045
vn -0.0018 0.6470 0.7625
vn -0.2718 0.9456 -0.1790
vn -0.9018 -0.2121 0.3764
vn -0.3577 -0.8927 -0.2741
vn -0.3607 0.7329 0.5769
vn -0.9976 0.0242 0.0655
vn 0.8545 -0.3894 0.3437
vn 0.4300 0.4145 -0.8021
vn 0.0885 -0.4569 -0.8851
vn -0.1585 0.9855 0.0598
vn -0.3145 -0.7704 0.5547
vn 0.6613 0.6836 -0.3088
vn 0.4338 -0.0920 -0.8963
vn -0.5706 0.7956 0.2036
vn -0.9313 -0.2249 -0.2865
vn -0.6429 -0.7660 0.0013
vn 0.8014 0.4853 0.3495
vn 0.9012 -0.2277 -0.3687
vn -0.1960 0.6785 0.7080
vn -0.1614 0.6870 -0.7085
vn -0.9973 -0.0357 -0.0635
vn 0.5561 0.5988 0.5763
vn 0.0994 -0.2960 0.9500
vn -0.3617 -0.8693 0.3369
vn -0.3620 0.3020 -0.8819
vn -0.1891 0.8929 -0.4087
vn 0.7961 -0.4950 -0.3481
vn 0.2157 -0.9003 0.3780
vn 0.0483 0.3201 -0.9462
vn 0.9952 0.0919 0.0343
vn -0.6755 -0.5337 -0.5088
vn -0.7091 0.5107 0.4861
vn -0.4080 -0.2722 0.8714
vn -0.4077 0.8583 -0.3116
vn 0.8374 0.5424 0.0684
vn -0.3870 -0.8422 -0.3754
vn 0.1912 -0.8865 0.4215
vn -0.0602 0.3217 -0.9449
vn -0.8431 0.1694 0.5103
vn -0.8499 -0.5242 -0.0542
vn 0.4219 0.6413 0.6409
vn -0.0804 -0.3255 0.9421
vn -0.1886 0.9054 -0.3803
vn 0.8390 -0.3019 -0.4526
vn 0.9898 0.1307 0.0566
vn -0.5530 -0.6865 -0.4721
vn 0.0281 -0.3178 0.9477
vn -0.2066 0.8943 -0.3969
vn -0.7664 0.2713 0.5823
vn -0.9820 -0.1660 -0.0906
vn 0.5587 0.6139 0.5576
vn 0.7738 -0.4950 -0.3952
vn 0.1609 -0.9205 0.3562
vn 0.0222 0.3065 -0.9516
vn 0.9051 0.4211 0.0584
vn -0.4755 -0.7700 -0.4254
vn 0.1521 -0.9144 0.3750
vn -0.0744 0.2855 -0.9555
vn -0.8317 0.2500 0.4957
vn -0.9070 -0.4142 -0.0758
vn 0.4969 0.6349 0.5916
vn -0.0207 -0.3174 0.9481
vn -0.1262 0.9224 -0.3650
vn 0.8325 -0.3059 -0.4620
vn 0.9992 -0.0378 0.0113
vn -0.6458 -0.6100 -0.4592
vn -0.1825 -0.8980 0.4004
vn 0.0616 0.2846 -0.9567
vn -0.7372 0.3689 0.5660
vn 0.6250 -0.5842 -0.5177
vn -0.9772 -0.0621 0.2029
vn 0.7745 0.2590 0.5772
vn 0.0774 -0.3118 0.9470
vn 0.1796 0.9071 -0.3806
vn 0.8330 -0.5506 -0.0544
vn -0.8793 -0.2373 -0.4130
vn -0.0884 -0.2733 0.9579
vn 0.1793 0.9019 -0.3931
vn -0.4065 0.6471 0.6450
vn -0.8327 0.5512 0.0539
vn 0.8799 0.1200 0.4598
vn 0.3671 -0.8470 -0.3844
vn -0.1966 -0.9000 0.3890
vn -0.0333 0.3188 -0.9472
vn 0.9873 -0.0528 -0.1498
vn -0.7921 -0.5019 -0.3473
vn 0.1922 -0.0334 0.9808
vn 0.1930 0.9783 -0.0749
vn -0.5835 0.5867 0.5614
vn 0.9557 -0.2193 -0.1964
vn -0.9856 0.0843 0.1467
vn 0.2736 -0.7234 0.6339
vn 0.2752 0.6026 -0.7491
vn 0.2820 0.6923 0.6643
vn -0.7157 -0.6891 -0.1137
vn 0.6211 0.2684 -0.7364
vn 0.4101 0.9086 0.0790
vn -0.4099 0.6987 0.5864
vn -0.3788 -0.6635 -0.6453
vn 0.3799 -0.9250 -0.0123
vn 0.6815 -0.4308 0.5916
vn 0.4097 0.5864 0.6987
vn 0.3795 -0.6450 -0.6632
vn 0.7154 -0.5682 -0.4066
vn -0.6216 -0.3308 0.7101
vn -0.6815 0.1135 -0.7230
vn -0.4097 0.9087 -0.0797
vn -0.3788 -0.9254 0.0133
vn 0.7153 -0.1145 -0.6894
vn -0.6215 -0.7361 0.2683
vn -0.4096 0.0791 0.9088
vn -0.3790 -0.0122 -0.9253
vn -0.6814 0.5917 -0.4309
vn -0.7165 -0.5673 0.4060
vn 0.6217 -0.3306 -0.7100
vn 0.4098 0.6987 -0.5864
vn 0.3795 -0.6631 0.6452
vn 0.6820 0.1141 0.7224
vn -0.7155 -0.4062 -0.5684
vn 0.6216 0.7101 -0.3307
vn 0.6811 -0.7234 0.1134
vn 0.4103 -0.0799 0.9085
vn 0.3798 0.0135 -0.9250
vn 0.7159 -0.6888 0.1142
vn -0.6214 0.2684 0.7361
vn -0.6812 -0.4314 -0.5915
vn -0.4101 0.5863 -0.6987
vn -0.3791 -0.6454 0.6632
vn 0.7158 0.4062 -0.5680
vn -0.6218 -0.7097 -0.3311
vn -0.4102 -0.5861 0.6987
vn -0.3791 0.6455 -0.6631
vn -0.6814 0.7229 0.1141
vn -0.7152 -0.1147 0.6894
vn 0.6212 -0.7363 -0.2681
vn 0.4103 0.0790 -0.9085
vn 0.3798 -0.0123 0.9250
vn 0.6815 0.5916 0.4309
vn -0.7158 0.1153 -0.6887
vn 0.6221 0.7355 0.2685
vn 0.6814 -0.5915 -0.4310
vn 0.4099 -0.6988 0.5863
vn 0.3796 0.6630 -0.6452
vn 0.7150 -0.4072 0.5684
vn -0.6217 0.7099 0.3310
vn -0.6813 -0.7231 -0.1137
vn -0.4096 -0.0797 -0.9088
vn -0.3790 0.0134 0.9253
vn -0.6811 0.4315 0.5915
vn 0.7155 0.6892 -0.1140
vn -0.6216 -0.2679 -0.7361
vn -0.4098 -0.9087 0.0792
vn -0.3788 0.9254 -0.0122
vn -0.7160 0.4064 0.5676
vn 0.6217 -0.7100 0.3307
vn 0.4099 -0.5863 -0.6987
vn 0.3796 0.6451 0.6632
vn 0.6822 0.7223 -0.1139
vn 0.6815 -0.1141 -0.7228
vn -0.7138 0.5692 -0.4082
vn 0.4105 -0.9084 -0.0798
vn 0.3800 0.9249 0.0133
vn 0.6221 0.3305 0.7097
vn 0.7158 0.1151 0.6887
vn -0.6214 0.7360 -0.2687
vn -0.6815 -0.5913 0.4313
vn -0.4103 -0.6985 -0.5863
vn -0.3792 0.6633 0.6452
vn -0.6821 -0.1130 0.7224
vn 0.7151 0.5683 0.4070
vn -0.6217 0.3315 -0.7096
vn 0.6815 0.4308 -0.5915
vn -0.7156 0.6891 0.1146
vn 0.6223 -0.2683 0.7354
vn 0.9995 0.0188 -0.0239
vn -0.7091 0.5107 -0.4861
vn -0.4080 -0.2722 -0.8714
vn 0.0994 -0.2960 -0.9500
vn -0.1891 0.8929 0.4087
vn -0.4077 0.8583 0.3116
vn -0.6755 -0.5337 0.5088
vn -0.3617 -0.8693 -0.3369
vn -0.3620 0.3020 0.8819
vn -0.9974 -0.0338 0.0635
vn 0.7962 -0.4948 0.3481
vn 0.2158 -0.9003 -0.3781
vn 0.0482 0.3201 0.9462
vn 0.5562 0.5988 -0.5763
vn 0.8619 0.5067 0.0210
vn -0.8431 0.1694 -0.5104
vn 0.1912 -0.8865 -0.4214
vn -0.0602 0.3217 0.9449
vn -0.3869 -0.8422 0.3755
vn -0.8666 -0.4986 -0.0201
vn 0.8390 -0.3019 0.4526
vn 0.4219 0.6413 -0.6409
vn -0.0804 -0.3255 -0.9421
vn -0.1886 0.9054 0.3803
vn 0.9954 0.0892 -0.0348
vn -0.7664 0.2713 -0.5823
vn 0.0281 -0.3178 -0.9477
vn -0.2066 0.8943 0.3969
vn -0.5530 -0.6865 0.4721
vn -0.9979 -0.0460 0.0465
vn 0.7738 -0.4950 0.3952
vn 0.1609 -0.9204 -0.3562
vn 0.0222 0.3066 0.9516
vn 0.5588 0.6139 -0.5576
vn 0.9134 0.4056 -0.0352
vn -0.8317 0.2501 -0.4957
vn 0.1521 -0.9144 -0.3750
vn -0.0744 0.2855 0.9555
vn -0.4755 -0.7700 0.4255
vn -0.9137 -0.4019 0.0597
vn 0.8325 -0.3059 0.4620
vn 0.4969 0.6349 -0.5916
vn -0.0207 -0.3173 -0.9481
vn -0.1262 0.9224 0.3649
vn 0.9973 -0.0720 -0.0161
vn -0.7372 0.3689 -0.5660
vn -0.1825 -0.8980 -0.4004
vn 0.0616 0.2846 0.9567
vn -0.6458 -0.6100 0.4592
vn -0.9978 0.0619 -0.0222
vn 0.5860 -0.6686 0.4579
vn 0.7745 0.2589 -0.5772
vn 0.0774 -0.3118 -0.9470
vn 0.1796 0.9071 0.3806
vn -0.9057 -0.1245 0.4052
vn 0.8643 -0.4850 0.1334
vn -0.0884 -0.2733 -0.9579
vn 0.1793 0.9019 0.3931
vn -0.4065 0.6471 -0.6450
vn 0.9033 0.1389 -0.4059
vn -0.8705 0.4684 -0.1511
vn 0.3671 -0.8470 0.3844
vn -0.1966 -0.9001 -0.3889
vn -0.0333 0.3188 0.9472
vn 0.9874 -0.0528 0.1495
vn -0.5835 0.5868 -0.5614
vn 0.1922 -0.0334 -0.9808
vn 0.1930 0.9783 0.0749
vn -0.7921 -0.5019 0.3473
vn -0.9930 -0.0886 0.0776
vn 0.9554 -0.2197 0.1972
vn 0.2735 -0.7233 -0.6340
vn 0.2750 0.6027 0.7491
vn 0.2820 0.6923 -0.6643
vn 0.9806 -0.1962 -0.0000
vn -0.7071 -0.7071 0.0007
vn -0.4081 -0.4081 0.8166
vn 0.2528 -0.3196 0.9132
vn 0.2536 -0.3188 -0.9133
vn -0.4081 -0.4081 -0.8166
vn -0.5558 0.8313 0.0007
vn -0.2536 0.3187 0.9133
vn -0.2528 0.3195 -0.9133
vn 0.5563 -0.8310 -0.0000
vn -0.9807 0.1955 0.0007
vn 0.7073 0.7069 -0.0007
vn 0.4087 0.4085 0.8161
vn 0.4087 0.4085 -0.8161
vn -0.1870 0.9824 0.0005
vn 0.8278 -0.5611 0.0005
vn 0.1582 -0.3900 0.9071
vn -0.3225 0.2558 0.9114
vn -0.3216 0.2569 -0.9114
vn 0.1593 -0.3892 -0.9073
vn -0.7065 -0.7077 0.0001
vn -0.4077 -0.4087 0.8166
vn -0.4075 -0.4080 -0.8170
vn -0.2087 -0.9780 -0.0004
vn -0.8273 0.5618 0.0007
vn 0.9277 0.3733 0.0013
vn 0.3259 0.1305 0.9364
vn 0.3258 0.1316 -0.9363
vn -0.5754 -0.7968 -0.1845
vn 0.6481 0.2600 -0.7158
vn 0.4231 0.9034 0.0694
vn -0.4228 0.6882 0.5896
vn -0.4012 -0.6622 -0.6328
vn 0.4018 -0.9155 -0.0202
vn 0.6814 -0.4310 0.5915
vn 0.4227 0.5896 0.6883
vn 0.4014 -0.6328 -0.6622
vn 0.5755 -0.6937 -0.4332
vn -0.6485 -0.3220 0.6898
vn -0.6813 0.1137 -0.7231
vn -0.4225 0.9036 -0.0701
vn -0.4010 -0.9159 0.0213
vn 0.5756 -0.1843 -0.7967
vn -0.6484 -0.7153 0.2605
vn -0.4224 0.0695 0.9038
vn -0.4010 -0.0201 -0.9159
vn -0.6815 0.5914 -0.4311
vn -0.5766 -0.6931 0.4326
vn 0.6486 -0.3218 -0.6897
vn 0.4227 0.6882 -0.5896
vn 0.4015 -0.6621 0.6328
vn 0.6820 0.1139 0.7224
vn -0.5761 -0.4324 -0.6937
vn 0.6485 0.6899 -0.3218
vn 0.6810 -0.7235 0.1133
vn 0.4230 -0.0701 0.9034
vn 0.4018 0.0212 -0.9155
vn 0.5760 -0.7963 0.1847
vn -0.6486 0.2606 0.7151
vn -0.6815 -0.4311 -0.5913
vn -0.4229 0.5894 -0.6883
vn -0.4013 -0.6328 0.6622
vn 0.5761 0.4320 -0.6938
vn -0.6485 -0.6897 -0.3220
vn -0.4229 -0.5895 0.6882
vn -0.4012 0.6329 -0.6621
vn -0.6813 0.7230 0.1141
vn -0.5755 -0.1845 0.7967
vn 0.6481 -0.7157 -0.2601
vn 0.4230 0.0694 -0.9034
vn 0.4018 -0.0202 0.9155
vn 0.6814 0.5916 0.4309
vn -0.5759 0.1847 -0.7964
vn 0.6491 0.7148 0.2603
vn 0.4226 -0.6884 0.5896
vn 0.4014 0.6621 -0.6328
vn 0.5754 -0.4329 0.6939
vn -0.6486 0.6897 0.3219
vn -0.4224 -0.0702 -0.9037
vn -0.4009 0.0215 0.9159
vn -0.6814 0.4312 0.5914
vn 0.5757 0.7966 -0.1843
vn -0.6485 -0.2604 -0.7153
vn -0.4225 -0.9037 0.0696
vn -0.4009 0.9159 -0.0202
vn -0.5765 0.4327 0.6932
vn 0.6485 -0.6898 0.3218
vn 0.4227 -0.5896 -0.6883
vn 0.4015 0.6327 0.6621
vn 0.6820 0.7224 -0.1138
vn 0.6813 -0.1140 -0.7230
vn -0.5746 0.6943 -0.4333
vn 0.4230 -0.9034 -0.0702
vn 0.4018 0.9155 0.0213
vn 0.6485 0.3218 0.6898
vn 0.5761 0.1849 0.7962
vn -0.6483 0.7153 -0.2607
vn -0.6814 -0.5916 0.4310
vn -0.4226 -0.6883 -0.5896
vn -0.4010 0.6623 0.6329
vn -0.6819 -0.1133 0.7226
vn 0.5759 0.6933 0.4332
vn -0.6485 0.3220 -0.6898
vn -0.5758 0.7965 0.1842
vn 0.6491 -0.2604 0.7147
vn 0.9806 0.1962 -0.0000
vn -0.7073 0.7069 -0.0007
vn -0.4088 0.4078 -0.8165
vn 0.2536 0.3195 -0.9130
vn 0.2536 0.3195 0.9130
vn -0.4080 0.4085 0.8165
vn -0.5558 -0.8313 -0.0007
vn -0.2528 -0.3188 -0.9135
vn -0.2528 -0.3188 0.9135
vn 0.5552 0.8317 -0.0000
vn -0.9804 -0.1968 -0.0007
vn 0.7071 -0.7071 -0.0007
vn 0.4080 -0.4088 -0.8163
vn 0.4088 -0.4080 0.8163
vn -0.2100 -0.9777 0.0004
vn 0.9277 0.3733 -0.0013
vn 0.3259 0.1305 -0.9364
vn 0.1582 -0.3900 -0.9071
vn 0.1593 -0.3892 0.9073
vn 0.3258 0.1316 0.9363
vn -0.8273 0.5618 -0.0007
vn -0.3225 0.2558 -0.9114
vn -0.3216 0.2569 0.9114
vn -0.1857 0.9826 -0.0005
vn -0.7065 -0.7077 -0.0001
vn -0.4077 -0.4087 -0.8166
vn -0.4075 -0.4080 0.8170
vn 0.8278 -0.5611 -0.0005
vn 0.4173 -0.8782 0.2338
vn 0.4332 0.6802 -0.5913
vn -0.4334 0.5913 -0.6802
vn -0.4192 -0.6234 0.6601
vn 0.4195 -0.6599 0.6234
vn -0.6678 0.2547 0.6994
vn -0.4329 0.8992 -0.0632
vn -0.4190 -0.9076 0.0265
vn 0.6817 0.1132 0.7228
vn -0.4166 -0.7862 0.4565
vn 0.4337 0.8989 0.0625
vn 0.4198 -0.9072 -0.0254
vn 0.6681 -0.3148 -0.6742
vn 0.6815 0.5915 0.4309
vn -0.4167 -0.2329 0.8787
vn 0.6675 -0.6999 -0.2542
vn 0.4336 0.0625 -0.8989
vn 0.4198 -0.0254 0.9073
vn -0.6819 0.1132 -0.7226
vn 0.4168 -0.7865 -0.4558
vn -0.6681 -0.3148 0.6742
vn -0.4334 0.6802 0.5912
vn -0.4193 -0.6599 -0.6234
vn -0.6820 -0.7226 -0.1130
vn 0.4169 -0.4554 0.7866
vn -0.4329 -0.0632 -0.8992
vn -0.4189 0.0265 0.9076
vn -0.6679 0.6743 0.3150
vn 0.6815 -0.4310 0.5914
vn -0.4167 -0.8786 -0.2333
vn 0.4333 0.5911 0.6803
vn 0.4194 -0.6233 -0.6600
vn 0.6675 0.2540 -0.6999
vn 0.6815 0.7230 -0.1132
vn -0.4167 0.4564 0.7862
vn 0.6681 -0.6742 0.3149
vn 0.4332 -0.5913 -0.6802
vn 0.4194 0.6234 0.6599
vn 0.4168 -0.2330 -0.8786
vn -0.6679 -0.6995 0.2544
vn -0.4330 0.0626 0.8992
vn -0.4190 -0.0253 -0.9076
vn -0.6815 -0.5914 0.4311
vn 0.4173 0.2335 0.8782
vn -0.4334 -0.6802 -0.5912
vn -0.4193 0.6599 0.6234
vn -0.6679 0.6993 -0.2547
vn 0.6815 -0.7229 0.1141
vn -0.4163 -0.4561 -0.7866
vn 0.4336 -0.0633 0.8989
vn 0.4197 0.0265 -0.9073
vn 0.6681 0.6743 -0.3147
vn -0.4171 0.8783 0.2338
vn 0.6684 -0.2544 0.6990
vn 0.4336 -0.8989 -0.0631
vn 0.4196 0.9073 0.0265
vn 0.6816 0.4309 -0.5915
vn -0.6821 0.7225 0.1134
vn 0.4173 0.4567 -0.7857
vn -0.6679 -0.6742 -0.3152
vn -0.4335 -0.5912 0.6802
vn -0.4194 0.6232 -0.6601
vn 0.4177 0.7863 0.4553
vn -0.6680 0.3149 -0.6742
vn -0.6815 -0.1143 0.7229
vn -0.4330 -0.8992 0.0626
vn -0.4193 0.9075 -0.0254
vn -0.4172 0.2336 -0.8783
vn 0.4335 -0.6801 0.5912
vn 0.4196 0.6601 -0.6231
vn 0.6683 0.6990 0.2544
vn -0.4175 0.7861 -0.4558
vn 0.6678 0.3152 0.6743
vn 0.6811 -0.1131 -0.7234
vn 0.4164 0.8787 -0.2334
vn -0.6679 -0.2545 -0.6994
vn -0.6818 0.4309 0.5912
vn -0.4673 -0.8562 -0.2204
vn 0.6620 0.2558 -0.7045
vn 0.4306 0.9003 0.0644
vn -0.4300 0.6827 0.5908
vn -0.4138 -0.6608 -0.6262
vn 0.4147 -0.9096 -0.0240
vn 0.6815 -0.4310 0.5915
vn 0.4302 0.5909 0.6825
vn 0.4141 -0.6261 -0.6607
vn 0.4670 -0.7611 -0.4502
vn -0.6624 -0.3167 0.6789
vn -0.6812 0.1138 -0.7232
vn -0.4297 0.9006 -0.0651
vn -0.4136 -0.9101 0.0251
vn 0.4671 -0.2204 -0.8563
vn -0.6624 -0.7040 0.2561
vn -0.4299 0.0645 0.9006
vn -0.4138 -0.0239 -0.9101
vn -0.6814 0.5916 -0.4310
vn -0.4682 -0.7609 0.4494
vn 0.6627 -0.3169 -0.6786
vn 0.4303 0.6824 -0.5909
vn 0.4142 -0.6607 0.6261
vn 0.6821 0.1138 0.7223
vn -0.4676 -0.4495 -0.7611
vn 0.6626 0.6787 -0.3168
vn 0.6810 -0.7235 0.1131
vn 0.4305 -0.0652 0.9002
vn 0.4145 0.0251 -0.9097
vn 0.4676 -0.8559 0.2208
vn -0.6623 0.2565 0.7040
vn -0.6815 -0.4311 -0.5914
vn -0.4302 0.5909 -0.6825
vn -0.4140 -0.6260 0.6608
vn 0.4677 0.4491 -0.7613
vn -0.6625 -0.6786 -0.3171
vn -0.4303 -0.5908 0.6824
vn -0.4141 0.6260 -0.6608
vn -0.6815 0.7229 0.1142
vn -0.4671 -0.2204 0.8563
vn 0.6620 -0.7046 -0.2557
vn 0.4306 0.0644 -0.9003
vn 0.4146 -0.0241 0.9097
vn 0.6816 0.5913 0.4310
vn -0.4675 0.2204 -0.8560
vn 0.6630 0.7035 0.2560
vn 0.6815 -0.5914 -0.4310
vn 0.4302 -0.6826 0.5908
vn 0.4142 0.6607 -0.6260
vn 0.4670 -0.4500 0.7612
vn -0.6625 0.6788 0.3169
vn -0.6815 -0.7230 -0.1137
vn -0.4299 -0.0651 -0.9005
vn -0.4137 0.0251 0.9101
vn -0.6815 0.4311 0.5913
vn 0.4669 0.8563 -0.2206
vn -0.6624 -0.2562 -0.7040
vn -0.4297 -0.9007 0.0646
vn -0.4137 0.9101 -0.0240
vn -0.4681 0.4495 0.7608
vn 0.6625 -0.6786 0.3170
vn 0.4302 -0.5909 -0.6825
vn 0.4141 0.6261 0.6607
vn 0.6820 0.7224 -0.1137
vn 0.6815 -0.1140 -0.7229
vn -0.4665 0.7617 -0.4497
vn 0.4305 -0.9002 -0.0651
vn 0.4146 0.9096 0.0250
vn 0.6627 0.3167 0.6787
vn 0.4675 0.2204 0.8561
vn -0.6625 0.7038 -0.2565
vn -0.6814 -0.5914 0.4311
vn -0.4302 -0.6826 -0.5907
vn -0.4141 0.6608 0.6261
vn -0.6819 -0.1136 0.7226
vn 0.4676 0.7608 0.4500
vn -0.6624 0.3170 -0.6788
vn 0.6815 0.4310 -0.5914
vn -0.4674 0.8561 0.2204
vn 0.6630 -0.2560 0.7035
vn 0.6885 -0.1317 0.7132
vn -0.6816 0.5914 0.4309
vn -0.4128 0.6963 -0.5872
vn 0.4130 0.5871 -0.6962
vn 0.3843 -0.6424 0.6631
vn -0.3844 -0.6631 0.6423
vn -0.6282 -0.7309 -0.2667
vn -0.4126 0.0768 -0.9077
vn -0.3841 -0.0142 0.9232
vn 0.6284 0.2655 0.7312
vn -0.6890 -0.7129 0.1305
vn 0.4133 0.9073 -0.0775
vn 0.3849 -0.9228 0.0152
vn 0.6814 -0.4312 -0.5914
vn 0.6284 0.7051 0.3287
vn -0.6876 -0.4119 0.5979
vn 0.6812 -0.7233 -0.1131
vn 0.4132 -0.0774 -0.9073
vn 0.3849 0.0153 0.9228
vn 0.6886 -0.5975 0.4109
vn -0.6815 0.1144 0.7229
vn -0.4125 0.9077 0.0769
vn -0.3840 -0.9232 -0.0142
vn -0.6283 -0.3288 -0.7051
vn 0.6888 0.4107 0.5974
vn -0.6816 0.7227 -0.1143
vn -0.6283 -0.7050 0.3288
vn -0.4127 -0.5875 -0.6961
vn -0.3846 0.6421 0.6631
vn 0.6286 -0.3284 0.7050
vn -0.6877 -0.5976 -0.4122
vn 0.4130 0.6962 0.5872
vn 0.3845 -0.6630 -0.6423
vn 0.6812 0.1133 -0.7233
vn 0.6284 0.7311 -0.2657
vn -0.6890 0.1314 0.7127
vn 0.6818 -0.5912 0.4309
vn 0.4130 -0.6961 -0.5872
vn 0.3845 0.6631 0.6422
vn 0.6884 -0.7135 -0.1305
vn -0.6816 -0.4310 0.5914
vn -0.4129 0.5871 0.6962
vn -0.3844 -0.6423 -0.6631
vn -0.6283 0.2666 -0.7309
vn -0.6287 -0.2666 0.7305
vn 0.6887 0.7132 0.1305
vn -0.4124 -0.9077 -0.0773
vn -0.3840 0.9232 0.0154
vn -0.6818 0.4305 -0.5914
vn 0.6283 -0.7308 0.2667
vn -0.6886 -0.1314 -0.7131
vn 0.4132 0.0766 0.9074
vn 0.3849 -0.0143 -0.9228
vn 0.6817 0.5913 -0.4309
vn -0.6894 0.5957 0.4121
vn 0.6822 -0.1137 0.7223
vn 0.4132 -0.9074 0.0768
vn 0.3849 0.9228 -0.0142
vn 0.6284 0.3286 -0.7050
vn 0.6881 -0.4122 -0.5971
vn -0.6815 -0.7229 0.1138
vn -0.4126 -0.0774 0.9076
vn -0.3840 0.0154 -0.9232
vn -0.6284 0.7051 -0.3287
vn -0.6281 0.3289 0.7052
vn 0.6884 0.5974 -0.4114
vn -0.4129 -0.6962 0.5871
vn -0.3843 0.6633 -0.6421
vn -0.6814 -0.1136 -0.7230
vn 0.6283 -0.7050 -0.3289
vn -0.6883 0.4115 -0.5975
vn 0.4128 -0.5874 0.6961
vn 0.3844 0.6423 -0.6631
vn 0.6822 0.7223 0.1137
vn -0.6883 0.7136 -0.1302
vn 0.6816 0.4309 0.5914
vn 0.6278 -0.2661 -0.7315
vn 0.6889 0.1317 -0.7128
vn -0.6817 -0.5914 -0.4309
vn -0.6283 0.7308 0.2669
vn 0.9620 0.2730 0.0012
vn -0.1743 -0.9847 0.0002
vn 0.0017 -0.4053 0.9142
vn 0.2238 0.1668 0.9603
vn 0.2238 0.1672 -0.9602
vn 0.0026 -0.4054 -0.9141
vn -0.9002 0.4355 0.0003
vn 0.0054 0.2990 0.9542
vn 0.0063 0.2993 -0.9541
vn -0.9620 -0.2730 0.0009
vn 0.6308 0.7759 0.0001
vn 0.5747 -0.8184 0.0010
vn 0.3635 -0.5181 0.7743
vn 0.3642 -0.5178 -0.7741
vn -0.1250 0.9922 -0.0001
vn 0.9000 -0.4359 0.0015
vn -0.8381 -0.5455 0.0010
vn 0.0835 -0.4738 -0.8767
vn -0.8681 -0.4964 -0.0003
vn 0.4504 0.8928 -0.0005
vn -0.1006 -0.4275 0.8984
vn -0.1002 -0.4272 -0.8986
vn 0.8682 0.4963 -0.0001
vn 0.1923 -0.9813 0.0003
vn -0.9467 0.3220 0.0006
vn -0.2877 0.0986 -0.9526
vn 0.9921 -0.1252 0.0035
vn 0.1832 -0.5706 -0.8005
vn 0.2860 -0.9582 -0.0001
vn 0.3436 0.1525 -0.9267
vn -0.4983 -0.8670 0.0009
vn -0.2585 -0.0187 0.9658
vn -0.6026 0.7980 0.0006
vn -0.3763 0.4974 0.7817
vn -0.3753 0.4979 -0.7818
vn -0.9205 -0.3908 0.0001
vn -0.0009 1.0000 0.0003
vn 0.9204 -0.3910 0.0020
vn 0.2591 -0.0189 0.9657
vn 0.4995 -0.8663 0.0009
vn -0.9212 0.3892 -0.0007
vn 0.6025 0.7981 -0.0008
vn 0.3760 0.4981 0.7814
vn 0.0007 -1.0000 -0.0000
vn -0.9235 0.3835 0.0008
vn 0.9238 0.3829 0.0015
vn -0.5512 0.8344 0.0005
vn 0.8327 -0.5538 0.0004
vn -0.7070 -0.7072 0.0005
vn -0.4790 -0.4794 0.7353
vn -0.4788 -0.4789 -0.7358
vn -0.8323 -0.5543 0.0020
vn 0.5515 0.8342 0.0024
vn 0.7070 -0.7072 0.0014
vn 0.4800 -0.4793 -0.7348
vn 0.1916 -0.9815 0.0004
vn 0.8678 0.4969 -0.0006
vn 0.0054 0.2990 -0.9542
vn -0.1006 -0.4275 -0.8984
vn -0.1002 -0.4272 0.8986
vn 0.0063 0.2993 0.9541
vn -0.9467 0.3220 -0.0006
vn -0.2877 0.0986 0.9526
vn 0.4509 0.8926 -0.0004
vn -0.8685 -0.4958 -0.0004
vn 0.0835 -0.4738 0.8767
vn -0.1250 0.9922 -0.0013
vn -0.8381 -0.5455 -0.0010
vn 0.9000 -0.4359 -0.0015
vn 0.0017 -0.4053 -0.9142
vn 0.0026 -0.4054 0.9141
vn -0.1750 -0.9846 0.0005
vn 0.9620 0.2729 -0.0002
vn 0.2238 0.1668 -0.9603
vn 0.2238 0.1672 0.9602
vn -0.9002 0.4355 -0.0003
vn 0.6301 0.7765 -0.0000
vn -0.9622 -0.2724 -0.0016
vn 0.5747 -0.8184 -0.0011
vn 0.3634 -0.5181 -0.7743
vn 0.3643 -0.5178 0.7741
vn 0.3436 0.1525 0.9267
vn 0.2852 -0.9585 -0.0006
vn 0.1832 -0.5706 0.8005
vn 0.9920 -0.1258 -0.0028
vn -0.6113 0.7914 -0.0006
vn 0.9204 -0.3910 -0.0020
vn 0.2591 -0.0189 -0.9657
vn -0.2585 -0.0187 -0.9658
vn -0.0009 1.0000 -0.0003
vn -0.9209 0.3898 -0.0000
vn 0.4987 -0.8668 -0.0007
vn 0.6025 0.7981 0.0008
vn 0.3760 0.4981 -0.7814
vn -0.4989 -0.8667 -0.0002
vn -0.6026 0.7980 -0.0006
vn -0.3763 0.4974 -0.7817
vn -0.3753 0.4979 0.7818
vn -0.9233 0.3841 -0.0001
vn 0.9238 0.3829 -0.0015
vn 0.5514 0.8343 -0.0014
vn -0.8327 -0.5538 -0.0027
vn 0.7070 -0.7072 -0.0014
vn 0.4800 -0.4793 0.7348
vn 0.8323 -0.5543 0.0003
vn -0.5506 0.8348 -0.0011
vn -0.9910 -0.0361 0.1286
vn 0.7190 -0.1740 0.6728
vn 0.3326 -0.8817 0.3345
vn -0.2909 -0.8874 0.3575
vn -0.2917 0.8904 0.3495
vn -0.0540 0.9278 0.3693
vn 0.6293 -0.1629 -0.7599
vn 0.1566 -0.9049 -0.3957
vn -0.1331 0.9013 -0.4123
vn -0.6117 0.0075 0.7911
vn 0.9759 -0.1868 -0.1128
vn -0.7085 -0.0004 -0.7057
vn -0.4080 -0.8176 -0.4063
vn -0.4078 0.8178 -0.4061
vn -0.4001 -0.2335 0.8862
vn 0.7065 0.5534 -0.4411
vn 0.8503 -0.4683 -0.2404
vn -0.5032 0.8505 -0.1531
vn -0.6648 -0.5480 -0.5076
vn 0.4751 0.5677 0.6723
vn 0.0130 0.4722 -0.8814
vn 0.9021 -0.2292 0.3656
vn -0.3860 0.8468 0.3659
vn -0.6672 -0.6927 0.2740
vn 0.9969 0.0414 0.0670
vn -0.5045 0.4318 0.7477
vn -0.3238 0.9412 0.0962
vn 0.3735 0.6580 -0.6538
vn 0.3740 -0.8953 0.2422
vn -0.3230 -0.3883 0.8631
vn -0.8582 -0.2561 -0.4448
vn -0.3936 0.6532 -0.6468
vn -0.3934 -0.8872 0.2411
vn -0.9953 -0.0499 -0.0834
vn 0.8451 -0.2664 -0.4634
vn 0.5208 0.4260 0.7398
vn 0.3377 0.9361 0.0987
vn 0.3380 -0.3835 0.8594
vn -0.6360 0.7715 0.0180
vn 0.8026 -0.4782 -0.3566
vn 0.9035 0.2276 0.3631
vn 0.3104 0.9020 0.3000
vn 0.0106 -0.6447 -0.7644
vn -0.1913 -0.6766 -0.7111
vn -0.1624 -0.6824 0.7127
vn 0.4338 0.0910 0.8964
vn -0.5728 -0.7960 -0.1959
vn -0.3151 0.7706 -0.5539
vn 0.6716 -0.6901 0.2697
vn -0.9299 0.2260 0.2902
vn 0.0749 0.4628 0.8833
vn -0.1780 -0.9816 -0.0693
vn -0.9918 -0.0909 -0.0902
vn 0.8685 0.3765 -0.3224
vn -0.3630 0.9101 0.1996
vn -0.3649 -0.6792 -0.6368
vn 0.4041 -0.4240 0.8105
vn -0.8274 0.2707 -0.4920
vn 0.9881 -0.0475 -0.1461
vn -0.5418 -0.3949 0.7420
vn -0.3484 0.4259 0.8350
vn -0.3466 -0.9307 0.1172
vn -0.9919 -0.0905 0.0896
vn 0.4041 -0.4240 -0.8105
vn 0.0749 0.4628 -0.8833
vn -0.3630 0.9102 -0.1996
vn -0.3649 -0.6792 0.6368
vn -0.1779 -0.9816 0.0693
vn 0.8685 0.3765 0.3223
vn 0.3104 0.9020 -0.3000
vn 0.0106 -0.6447 0.7644
vn 0.9907 -0.1312 -0.0370
vn -0.8270 0.2719 0.4922
vn -0.5418 -0.3950 -0.7419
vn -0.3483 0.4259 -0.8350
vn -0.3467 -0.9306 -0.1173
vn 0.6513 -0.7134 -0.2584
vn -0.2103 0.8171 0.5367
vn 0.4338 0.0910 -0.8964
vn -0.5728 -0.7960 0.1959
vn -0.9299 0.2261 -0.2902
vn -0.4766 0.8439 0.2464
vn -0.1624 -0.6824 -0.7127
vn 0.8026 -0.4782 0.3566
vn 0.9035 0.2276 -0.3631
vn -0.1913 -0.6766 0.7111
vn -0.4828 -0.8487 -0.2158
vn 0.6601 0.2564 -0.7061
vn 0.4294 0.9008 0.0651
vn -0.4294 0.6832 0.5907
vn -0.4125 -0.6608 -0.6271
vn 0.4129 -0.9105 -0.0236
vn 0.6815 -0.4309 0.5915
vn 0.4292 0.5906 0.6834
vn 0.4124 -0.6269 -0.6610
vn 0.4832 -0.7525 -0.4476
vn -0.6611 -0.3173 0.6799
vn -0.6816 0.1141 -0.7228
vn -0.4290 0.9009 -0.0657
vn -0.4126 -0.9106 0.0246
vn 0.4833 -0.2158 -0.8485
vn -0.6606 -0.7054 0.2568
vn -0.4289 0.0651 0.9010
vn -0.4121 -0.0235 -0.9109
vn -0.4842 -0.7522 0.4469
vn 0.6604 -0.3176 -0.6804
vn 0.4291 0.6833 -0.5908
vn 0.4123 -0.6610 0.6270
vn 0.6818 0.1139 0.7226
vn -0.4836 -0.4477 -0.7522
vn 0.6606 0.6802 -0.3176
vn 0.6808 -0.7237 0.1132
vn 0.4294 -0.0660 0.9007
vn 0.4127 0.0245 -0.9105
vn 0.4836 -0.8481 0.2165
vn -0.6608 0.2573 0.7051
vn -0.6819 -0.4307 -0.5911
vn -0.4294 0.5906 -0.6833
vn -0.4125 -0.6267 0.6611
vn 0.4837 0.4467 -0.7526
vn -0.6607 -0.6801 -0.3177
vn -0.4292 -0.5908 0.6832
vn -0.4124 0.6269 -0.6610
vn -0.6816 0.7228 0.1140
vn -0.4832 -0.2159 0.8485
vn 0.6599 -0.7062 -0.2564
vn 0.4294 0.0651 -0.9007
vn 0.4128 -0.0236 0.9105
vn 0.6814 0.5915 0.4311
vn -0.4837 0.2163 -0.8481
vn 0.6610 0.7052 0.2566
vn 0.6814 -0.5916 -0.4310
vn 0.4291 -0.6833 0.5907
vn 0.4124 0.6609 -0.6270
vn 0.4829 -0.4483 0.7522
vn -0.6607 0.6801 0.3176
vn -0.6815 -0.7229 -0.1137
vn -0.4288 -0.0658 -0.9010
vn -0.4120 0.0246 0.9109
vn -0.6816 0.4309 0.5914
vn 0.4832 0.8487 -0.2151
vn -0.6606 -0.2571 -0.7054
vn -0.4287 -0.9011 0.0653
vn -0.4124 0.9107 -0.0234
vn -0.4841 0.4468 0.7523
vn 0.6606 -0.6800 0.3181
vn 0.4294 -0.5907 -0.6831
vn 0.4128 0.6267 0.6609
vn 0.6818 0.7226 -0.1137
vn -0.4821 0.7528 -0.4483
vn 0.4294 -0.9007 -0.0658
vn 0.4130 0.9104 0.0246
vn 0.6607 0.3175 0.6802
vn 0.4833 0.2159 0.8484
vn -0.6607 0.7053 -0.2569
vn -0.6816 -0.5914 0.4309
vn -0.4292 -0.6833 -0.5906
vn -0.4125 0.6607 0.6271
vn -0.6820 -0.1138 0.7224
vn 0.4833 0.7518 0.4485
vn -0.6611 0.3173 -0.6799
vn 0.6812 0.4310 -0.5917
vn -0.4836 0.8483 0.2158
vn 0.6609 -0.2570 0.7051
vn 0.8345 0.3148 0.4522
vn -0.4072 -0.2290 -0.8842
vn 0.2530 -0.9058 -0.3399
vn -0.0102 -0.9355 0.3532
vn -0.2289 0.9128 0.3383
vn -0.0197 0.9355 -0.3527
vn -0.6804 -0.3165 0.6610
vn 0.0471 -0.9383 0.3427
vn -0.1802 0.9260 0.3319
vn -0.8488 -0.3074 -0.4303
vn 0.4427 -0.0116 0.8966
vn 0.7305 0.0653 -0.6798
vn 0.1450 -0.9172 -0.3711
vn -0.0091 0.9234 -0.3838
vn -0.7638 -0.0398 -0.6442
vn 0.3270 -0.0878 0.9409
vn 0.0711 -0.9667 -0.2459
vn -0.1155 0.9670 -0.2270
vn 0.7167 -0.0538 -0.6953
vn 0.9012 0.0012 0.4335
vn -0.5229 -0.2088 -0.8264
vn -0.0929 -0.9237 0.3716
vn 0.0248 0.9314 0.3632
vn -0.6872 -0.1995 0.6985
vn 0.8378 0.0598 0.5427
vn -0.2740 -0.2626 -0.9252
vn -0.6582 -0.3103 0.6860
vn 0.0122 -0.8935 0.4489
vn -0.1201 0.9005 0.4179
vn -0.9405 -0.0014 -0.3399
vn 0.4965 -0.3148 0.8090
vn 0.6587 -0.3057 -0.6875
vn 0.0378 -0.9340 -0.3552
vn 0.2370 0.9194 -0.3140
vn 0.5304 0.2103 0.8213
vn 0.3119 -0.1281 -0.9414
vn -0.7871 -0.4883 0.3769
vn 0.2489 -0.9081 0.3368
vn -0.0502 0.9300 0.3642
vn 0.7646 -0.3905 0.5127
vn -0.4382 -0.0833 -0.8950
vn -0.2283 -0.9283 0.2934
vn 0.0922 0.9440 0.3169
vn -0.7723 0.0340 0.6343
vn -0.3143 -0.2453 0.9171
vn 0.8886 0.0992 -0.4479
vn -0.6762 -0.4474 -0.5853
vn 0.0704 -0.9316 -0.3566
vn -0.1796 0.9199 -0.3486
vn -0.9594 -0.0333 0.2801
vn 0.7180 -0.1201 0.6856
vn -0.2247 -0.9333 0.2801
vn -0.2328 0.9355 0.2656
vn 0.5016 -0.1071 -0.8585
vn -0.4821 0.0194 0.8759
vn 0.9542 -0.1317 -0.2686
vn -0.7082 -0.0004 -0.7060
vn -0.4079 -0.8175 -0.4065
vn -0.4076 0.8177 -0.4065
vn -0.7237 0.3996 -0.5627
vn 0.3841 -0.3038 0.8719
vn 0.6758 -0.4448 -0.5878
vn -0.1699 -0.8864 -0.4306
vn 0.0832 0.8907 -0.4469
vn -0.7470 0.0499 0.6630
vn 0.9925 -0.0324 -0.1182
vn 0.2981 -0.8827 -0.3632
vn 0.2997 0.8854 -0.3553
vn -0.7188 -0.1151 -0.6857
vn -0.9988 -0.0147 -0.0472
vn 0.7083 0.0004 0.7059
vn 0.4084 -0.8171 0.4070
vn 0.4086 0.8169 0.4071
vn 0.6193 0.0054 -0.7852
vn -0.9937 -0.0245 -0.1094
vn 0.7605 -0.1430 -0.6334
vn 0.3978 0.7554 -0.5207
vn -0.3746 0.8833 0.2818
vn -0.3746 -0.6755 0.6351
vn 0.3982 -0.9059 -0.1439
vn 0.6390 0.1702 0.7502
vn 0.3894 0.8772 0.2809
vn 0.3899 -0.6702 0.6315
vn 0.9945 0.0208 0.1028
vn -0.6236 0.1728 0.7624
vn -0.7751 -0.1397 -0.6162
vn -0.4146 0.7499 -0.5154
vn -0.4147 -0.8989 -0.1418
vn 0.9912 0.0106 0.1322
vn -0.6186 -0.4030 -0.6745
vn -0.2270 -0.9700 -0.0874
vn 0.2421 -0.6203 0.7461
vn 0.2419 0.9520 0.1874
vn 0.0498 0.7301 -0.6815
vn -0.7241 0.0536 0.6876
vn -0.3299 -0.7496 0.5738
vn 0.0982 0.9946 0.0333
vn -0.9404 -0.1323 -0.3133
vn 0.4163 0.3051 0.8565
vn 0.8473 -0.1782 -0.5003
vn 0.3957 -0.9165 0.0587
vn 0.3967 0.7518 -0.5268
vn -0.5554 0.8051 -0.2084
vn 0.6700 -0.2049 0.7135
vn -0.0524 -0.9761 -0.2109
vn 0.1058 0.6333 -0.7666
vn 0.6018 -0.6904 -0.4016
vn 0.7512 -0.5021 0.4284
vn -0.2110 -0.5263 -0.8237
vn -0.8233 0.3391 0.4551
vn 0.0981 -0.6579 0.7467
vn 0.3098 0.9455 -0.1001
vn 0.7819 -0.0066 -0.6233
vn -0.9740 0.2183 -0.0600
vn -0.0835 -0.4621 0.8829
vn 0.1924 0.9596 -0.2052
vn 0.5718 0.1905 0.7980
vn 0.9153 0.2870 -0.2827
vn -0.8195 -0.4104 -0.4000
vn -0.1975 -0.9570 0.2127
vn -0.0050 0.4948 -0.8690
vn -0.5016 0.4679 0.7276
vn -0.8220 0.5677 0.0452
vn 0.8720 -0.0274 0.4887
vn -0.2041 -0.9410 0.2698
vn 0.0168 0.5264 -0.8500
vn 0.4009 -0.7900 -0.4638
vn 0.8218 -0.5659 -0.0666
vn -0.8869 -0.1517 -0.4364
vn -0.4578 0.4794 0.7487
vn 0.0639 -0.4601 0.8855
vn 0.1560 0.9700 -0.1863
vn -0.9762 0.1551 0.1515
vn 0.7660 0.0781 0.6381
vn 0.0901 -0.5473 0.8320
vn 0.0968 0.9746 -0.2020
vn 0.4125 -0.6429 -0.6454
vn -0.5519 0.4652 0.6921
vn 0.9684 -0.2449 -0.0471
vn -0.7099 -0.4074 -0.5746
vn -0.1027 -0.9627 0.2505
vn -0.0966 0.5734 -0.8135
vn -0.9285 0.2157 0.3022
vn 0.7099 0.3917 0.5853
vn 0.0047 -0.6317 0.7752
vn 0.0122 0.9479 -0.3183
vn 0.3960 -0.5218 -0.7556
vn -0.3963 0.5246 0.7535
vn 0.9291 -0.2133 -0.3022
vn -0.7078 -0.4044 -0.5792
vn -0.0052 -0.9887 0.1501
vn 0.0053 0.4762 -0.8793
vn -0.7503 -0.5924 -0.2935
vn 0.5390 0.4719 0.6977
vn 0.0178 -0.9906 0.1354
vn -0.0965 0.5847 -0.8055
vn 0.7082 -0.4195 -0.5678
vn 0.9732 0.1583 0.1671
vn -0.6553 -0.7119 -0.2525
vn -0.6464 -0.1105 0.7550
vn -0.2148 -0.6547 0.7248
vn -0.3654 0.8941 -0.2591
vn -0.5261 -0.8049 0.2744
vn 0.6049 0.3264 0.7263
vn 0.7333 -0.1171 0.6697
vn -0.9660 0.2068 -0.1553
vn 0.6851 -0.5566 -0.4699
vn 0.5450 0.8092 0.2196
vn 0.1260 -0.8964 -0.4248
vn 0.9941 -0.0980 0.0460
vn -0.6210 0.0694 -0.7807
vn -0.3846 -0.1842 0.9045
vn 0.4151 0.4460 -0.7930
vn 0.1218 -0.9821 0.1435
vn 0.5835 0.3522 0.7318
vn -0.9258 -0.3766 0.0330
vn -0.1436 0.8496 0.5074
vn -0.1584 -0.6971 0.6993
vn -0.0228 0.9892 -0.1449
vn 0.4644 -0.6982 -0.5449
vn 0.9252 0.3793 0.0142
vn -0.5789 -0.3706 -0.7263
vn 0.5093 -0.8484 0.1443
vn -0.5233 0.5775 0.6266
vn 0.5667 0.3563 0.7429
vn -0.9291 -0.3678 -0.0394
vn 0.0231 0.6060 -0.7951
vn -0.0067 -0.5910 0.8067
vn -0.4859 0.8651 -0.1244
vn 0.6757 -0.5026 -0.5393
vn 0.9484 0.3079 0.0761
vn -0.6446 -0.3456 -0.6820
vn 0.1693 0.5943 -0.7862
vn -0.1400 -0.9759 0.1671
vn 0.5657 -0.3196 0.7602
vn -0.7905 0.6048 -0.0968
vn -0.4504 0.7295 0.5148
vn -0.6160 -0.5589 0.5551
vn 0.1970 0.9651 -0.1726
vn 0.1745 -0.7837 -0.5962
vn 0.8353 -0.5498 -0.0005
vn -0.5168 0.3923 -0.7609
vn -0.7440 -0.6367 -0.2026
vn 0.1008 0.5849 0.8048
vn 0.2226 -0.9731 0.0595
vn -0.0191 0.6607 -0.7504
vn 0.8192 0.3537 -0.4514
vn 0.7745 0.5984 0.2052
vn -0.7011 -0.4496 -0.5534
vn -0.6219 -0.0839 0.7786
vn 0.0235 -0.6560 0.7544
vn -0.2215 0.9750 -0.0187
vn -0.9806 0.0659 0.1845
vn 0.8055 0.2093 0.5544
vn -0.2149 -0.5178 0.8281
vn -0.2157 0.9746 -0.0609
vn 0.3946 -0.4994 -0.7713
vn -0.3733 0.4770 0.7957
vn 0.9662 -0.1730 -0.1911
vn -0.8349 -0.2762 -0.4760
vn -0.4029 -0.8892 0.2168
vn -0.4013 0.6208 -0.6734
vn 0.4453 -0.5088 0.7368
vn 0.6701 -0.2050 -0.7134
vn -0.3299 -0.7496 -0.5739
vn -0.2270 -0.9699 0.0880
vn 0.0497 0.7295 0.6822
vn 0.0982 0.9946 -0.0334
vn -0.8412 0.0900 0.5332
vn -0.0524 -0.9761 0.2109
vn 0.1057 0.6333 0.7666
vn -0.7684 -0.1679 0.6176
vn 0.9916 0.0096 -0.1289
vn 0.2421 -0.6202 -0.7462
vn 0.2419 0.9520 -0.1874
vn -0.7241 0.0537 -0.6876
vn 0.4156 0.3082 -0.8558
vn -0.9749 -0.2151 0.0567
vn 0.8473 -0.1784 0.5003
vn 0.3957 -0.9165 -0.0588
vn 0.3967 0.7517 0.5269
vn -0.8267 -0.0939 0.5548
vn 0.9446 -0.3280 -0.0147
vn -0.8237 0.3389 -0.4547
vn 0.0981 -0.6579 -0.7467
vn 0.3097 0.9455 0.1001
vn -0.9847 0.1571 -0.0750
vn 0.9050 -0.4199 0.0685
vn -0.0835 -0.4621 -0.8829
vn 0.1924 0.9596 0.2052
vn 0.5717 0.1907 -0.7980
vn 0.8569 -0.4557 0.2409
vn -0.5016 0.4680 -0.7276
vn -0.8195 -0.4104 0.4000
vn -0.1975 -0.9570 -0.2126
vn -0.0050 0.4948 0.8690
vn -0.7972 0.5975 -0.0866
vn 0.4009 -0.7900 0.4638
vn -0.2041 -0.9410 -0.2698
vn 0.0168 0.5266 0.8500
vn 0.8720 -0.0274 -0.4887
vn 0.8096 -0.5768 0.1092
vn -0.4578 0.4794 -0.7487
vn 0.0639 -0.4601 -0.8856
vn 0.1560 0.9700 0.1863
vn -0.8869 -0.1517 0.4364
vn -0.9754 0.1577 -0.1540
vn 0.4128 -0.6427 0.6454
vn -0.0113 -0.6314 -0.7754
vn -0.0028 0.9520 0.3061
vn 0.7660 0.0782 -0.6380
vn 0.9500 -0.2233 0.2182
vn -0.5515 0.4646 -0.6928
vn -0.7114 -0.4082 0.5721
vn -0.0034 -0.9900 -0.1411
vn 0.0038 0.4824 0.8759
vn -0.9289 -0.2059 0.3079
vn 0.7059 -0.4034 0.5822
vn 0.0953 -0.9635 -0.2500
vn 0.1050 0.5646 0.8187
vn 0.3983 0.5180 -0.7570
vn -0.3967 -0.5167 0.7587
vn 0.9308 0.2042 -0.3031
vn -0.7035 0.4080 -0.5818
vn -0.0933 -0.5388 -0.8373
vn -0.0874 0.9726 0.2156
vn -0.9258 0.3025 0.2268
vn 0.7071 -0.4150 0.5726
vn 0.0177 -0.9906 -0.1355
vn -0.0964 0.5847 0.8055
vn 0.5415 0.4716 -0.6960
vn 0.9739 0.1576 -0.1635
vn -0.6463 -0.1106 -0.7550
vn -0.2149 -0.6546 -0.7248
vn -0.3654 0.8941 0.2590
vn -0.6554 -0.7118 0.2525
vn -0.5332 -0.7937 -0.2928
vn 0.6850 -0.5567 0.4700
vn 0.7333 -0.1172 -0.6698
vn -0.9660 0.2068 0.1553
vn 0.6048 0.3265 -0.7264
vn 0.1678 0.7591 0.6290
vn -0.3846 -0.1843 -0.9045
vn 0.1259 -0.8965 0.4248
vn 0.9941 -0.0979 -0.0459
vn -0.6210 0.0694 0.7807
vn -0.0489 -0.9837 -0.1731
vn 0.4120 0.4476 0.7937
vn 0.6416 0.3111 -0.7012
vn -0.8942 -0.4472 0.0178
vn -0.1438 0.8496 -0.5074
vn -0.0231 0.9897 0.1414
vn -0.0768 -0.5886 -0.8048
vn 0.4570 -0.6965 0.5532
vn 0.8935 0.4450 0.0602
vn -0.5831 -0.2422 0.7755
vn 0.6356 -0.7621 0.1235
vn -0.1179 0.7169 0.6872
vn 0.8689 0.4939 -0.0323
vn -0.6466 -0.2314 0.7269
vn -0.5078 0.4494 -0.7350
vn 0.6240 -0.4515 0.6378
vn -0.5221 0.8224 -0.2260
vn 0.0975 -0.6969 -0.7105
vn 0.6293 0.1230 -0.7673
vn -0.8653 -0.4975 0.0608
vn 0.0221 -0.9930 0.1164
vn 0.2052 0.7449 0.6349
vn 0.8950 -0.4361 -0.0934
vn -0.5688 0.4671 0.6770
vn -0.5805 0.5479 -0.6024
vn 0.1481 -0.6338 0.7592
vn -0.0787 0.9737 -0.2136
vn -0.5008 -0.7397 -0.4495
vn 0.4747 -0.4160 -0.7756
vn -0.8288 0.5589 0.0274
vn -0.8465 -0.5269 0.0757
vn 0.8164 0.3574 0.4535
vn 0.2225 -0.9731 -0.0596
vn -0.0191 0.6607 0.7504
vn 0.0973 0.5866 -0.8040
vn -0.7041 -0.4438 0.5543
vn 0.8042 0.5445 -0.2384
vn -0.6220 -0.0838 -0.7785
vn 0.0234 -0.6560 -0.7544
vn -0.2215 0.9750 0.0189
vn -0.9804 0.0664 -0.1853
vn 0.3946 -0.4994 0.7713
vn -0.2149 -0.5178 -0.8281
vn -0.2157 0.9746 0.0609
vn 0.8055 0.2093 -0.5544
vn 0.9544 -0.0840 0.2864
vn -0.3728 0.4767 -0.7961
vn -0.8349 -0.2762 0.4760
vn -0.4029 -0.8892 -0.2168
vn -0.4013 0.6208 0.6734
vn -0.4686 0.0002 0.8834
vn -0.7071 0.0004 -0.7071
vn -0.2520 0.8971 -0.3628
vn -0.1099 0.9501 0.2918
vn -0.1089 -0.9501 0.2923
vn -0.2515 -0.8973 -0.3628
vn 0.9564 0.0011 -0.2921
vn 0.2274 0.9359 -0.2690
vn 0.2282 -0.9359 -0.2682
vn -0.9561 -0.0002 0.2931
vn 0.4694 0.0005 -0.8830
vn 0.7072 -0.0003 0.7070
vn 0.4085 0.8163 0.4084
vn 0.4088 -0.8161 0.4086
vn -0.9514 -0.0002 0.3080
vn 0.0856 0.0005 -0.9963
vn -0.6045 0.7713 0.1992
vn -0.6040 -0.7715 0.1999
vn 0.3801 0.0010 0.9249
vn 0.4477 -0.0002 -0.8942
vn -0.0666 0.0007 0.9978
vn -0.9263 0.0004 -0.3768
vn -0.6284 0.7346 -0.2559
vn -0.6281 -0.7350 -0.2553
vn 0.0002 0.8747 0.4846
vn 0.0005 -0.2745 -0.9616
vn 0.9333 -0.2765 -0.2292
vn 0.9329 0.2773 0.2300
vn -0.9329 0.2773 0.2300
vn -0.9333 -0.2765 -0.2292
vn 0.0010 -0.7070 0.7072
vn 0.8167 -0.4083 0.4077
vn -0.8165 -0.4078 0.4087
vn -0.0001 -0.8741 -0.4858
vn -0.0006 0.2746 0.9616
vn 0.0005 0.7070 -0.7072
vn 0.8165 0.4079 -0.4086
vn -0.8167 0.4084 -0.4078
vn 0.0002 -0.7075 0.7067
vn -0.0005 0.8744 0.4852
vn 0.9329 0.2772 0.2300
vn 0.8167 -0.4084 0.4078
vn -0.8165 -0.4078 0.4086
vn -0.9328 0.2773 0.2301
vn 0.0005 -0.2746 -0.9616
vn -0.9333 -0.2764 -0.2292
vn 0.0005 0.2754 0.9613
vn 0.8165 0.4078 -0.4087
vn -0.8166 0.4085 -0.4077
vn 0.0005 -0.8744 -0.4852
vn 0.9977 0.0173 -0.0648
vn -0.7084 0.0007 0.7058
vn -0.4084 0.8175 0.4062
vn 0.1454 0.9097 0.3889
vn -0.1420 -0.9045 0.4022
vn -0.4078 -0.8174 0.4068
vn -0.5883 -0.0091 -0.8086
vn -0.2715 0.8991 -0.3434
vn -0.2738 -0.9024 -0.3327
vn 0.7590 -0.0454 0.6495
vn -0.9868 0.0361 -0.1577
vn 0.7194 0.1736 -0.6725
vn 0.3340 0.8808 -0.3357
vn -0.0552 -0.9280 -0.3685
vn -0.5355 0.2640 0.8022
vn -0.6397 0.0457 -0.7672
vn 0.6999 -0.5589 0.4447
vn 0.8523 0.4647 0.2401
vn -0.5049 -0.8487 0.1572
vn 0.0211 -0.4636 0.8858
vn -0.6567 0.6997 -0.2813
vn 0.4738 -0.5667 -0.6741
vn 0.9014 0.2289 -0.3676
vn -0.3854 -0.8467 -0.3669
vn 0.9883 -0.0005 0.1524
vn -0.7074 0.0007 0.7069
vn -0.4085 0.8167 0.4075
vn 0.2763 0.8979 0.3426
vn 0.2764 -0.8979 0.3426
vn -0.4079 -0.8167 0.4082
vn -0.5909 0.0001 -0.8067
vn -0.2757 0.8983 -0.3421
vn -0.2755 -0.8985 -0.3417
vn 0.5903 0.0002 0.8072
vn -0.9885 -0.0005 -0.1515
vn 0.7074 0.0007 -0.7068
vn 0.4078 0.8167 -0.4082
vn 0.4085 -0.8167 -0.4075
vn 0.9883 -0.0005 0.1523
vn -0.7074 0.0007 0.7068
vn -0.9884 -0.0005 -0.1516
vn 0.7074 0.0007 -0.7069
vn -0.5876 -0.0005 -0.8091
vn 0.9877 0.0008 0.1564
vn 0.2734 0.8999 0.3398
vn -0.2728 0.9001 -0.3396
vn -0.2727 -0.9003 -0.3392
vn 0.2736 -0.8997 0.3402
vn -0.7073 0.0012 0.7070
vn -0.4084 0.8169 0.4072
vn -0.4079 -0.8165 0.4086
vn 0.5866 0.0004 0.8099
vn -0.9877 0.0014 -0.1565
vn 0.7074 0.0009 -0.7069
vn 0.4077 0.8169 -0.4079
vn 0.4085 -0.8167 -0.4076
vn -0.5876 -0.0006 -0.8091
vn 0.9877 0.0008 0.1565
vn -0.7072 0.0012 0.7070
vn -0.4078 -0.8165 0.4086
vn -0.9877 0.0015 -0.1564
vn 0.7074 0.0009 -0.7068
vn 0.4077 0.8169 -0.4080
vn -0.1790 0.9837 0.0171
vn 0.7313 -0.6294 -0.2627
vn 0.7376 -0.2540 0.6257
vn 0.6803 -0.0563 0.7308
vn -0.1082 0.1047 -0.9886
vn 0.0391 -0.4166 -0.9082
vn -0.5738 -0.7445 0.3414
vn 0.0096 -0.3514 0.9362
vn -0.6682 -0.5080 -0.5435
vn 0.1765 -0.9843 -0.0065
vn -0.6825 0.6366 0.3591
vn -0.0018 0.0114 0.9999
vn -0.7609 0.1646 -0.6276
vn 0.6018 0.7539 -0.2636
vn 0.0099 0.9869 0.1611
vn 0.7668 -0.4832 -0.4225
vn 0.1136 -0.1851 0.9761
vn -0.6683 -0.0093 -0.7439
vn -0.8002 -0.5141 0.3088
vn -0.0305 -0.9868 -0.1590
vn -0.7525 0.4851 0.4455
vn 0.8168 0.5069 -0.2754
vn 0.6833 -0.0885 0.7248
vn -0.0936 0.0208 -0.9954
vn -0.6774 0.6982 0.2317
vn 0.8576 -0.2105 -0.4693
vn -0.0029 0.1387 0.9903
vn -0.7117 -0.0309 -0.7018
vn -0.4810 -0.8279 0.2886
vn 0.6179 -0.7510 -0.2328
vn -0.9047 -0.1902 0.3813
vn 0.2385 0.9550 -0.1761
vn 0.4457 0.4843 0.7529
vn -0.2511 0.3153 -0.9152
vn 0.1757 -0.9844 0.0062
vn 0.6018 0.7539 0.2636
vn 0.6803 -0.0563 -0.7308
vn 0.0096 -0.3514 -0.9362
vn -0.6682 -0.5080 0.5435
vn -0.1082 0.1047 0.9886
vn -0.6825 0.6366 -0.3591
vn -0.0018 0.0114 -0.9999
vn -0.7609 0.1646 0.6276
vn -0.1650 0.9860 -0.0242
vn -0.5738 -0.7445 -0.3414
vn 0.7313 -0.6294 0.2627
vn 0.7376 -0.2540 -0.6257
vn 0.0391 -0.4166 0.9082
vn 0.7568 -0.4990 0.4221
vn 0.0428 0.9845 -0.1703
vn 0.1136 -0.1851 -0.9761
vn -0.6683 -0.0093 0.7439
vn -0.8002 -0.5141 -0.3088
vn 0.8177 0.4915 0.2996
vn -0.7525 0.4851 -0.4455
vn 0.6833 -0.0885 -0.7248
vn -0.0936 0.0208 0.9954
vn -0.0215 -0.9895 0.1431
vn 0.8536 -0.2177 0.4732
vn -0.6590 0.7121 -0.2421
vn -0.0029 0.1387 -0.9903
vn -0.7117 -0.0309 0.7018
vn -0.4810 -0.8279 -0.2886
vn 0.5917 -0.7757 0.2194
vn 0.2385 0.9550 0.1761
vn 0.4457 0.4843 -0.7529
vn -0.2511 0.3153 0.9152
vn -0.9047 -0.1902 -0.3813
vn -0.7076 -0.0011 -0.7066
vn 0.9885 0.0006 -0.1513
vn 0.2758 0.8980 -0.3428
vn 0.1957 0.9607 -0.1970
vn 0.1970 -0.9606 -0.1959
vn 0.2765 -0.8981 -0.3420
vn -0.5909 -0.0006 0.8068
vn 0.2784 0.9361 0.2147
vn 0.2787 -0.9360 0.2149
vn 0.7068 0.0005 0.7074
vn -0.9884 -0.0001 0.1522
vn 0.4086 0.8163 0.4082
vn 0.4088 -0.8160 0.4086
vn 0.5909 0.0007 -0.8068
vn -0.5049 0.0001 0.8632
vn 0.1254 -0.0000 -0.9921
vn -0.2084 0.9640 0.1654
vn -0.2075 -0.9640 0.1661
vn 0.9169 -0.0004 0.3990
vn -0.9317 -0.0009 0.3633
vn 0.3947 -0.0009 -0.9188
vn 0.7073 -0.0006 0.7069
vn 0.4068 0.8181 0.4064
vn 0.4070 -0.8181 0.4063
vn -0.1182 -0.0000 0.9930
vn -0.3986 0.0002 -0.9171
vn -0.2315 0.9430 -0.2390
vn -0.2313 -0.9431 -0.2389
vn 0.9583 0.0006 -0.2857
vn 0.3966 -0.0001 0.9180
vn -0.9320 0.0004 -0.3623
vn 0.7076 0.0007 -0.7066
vn 0.4067 0.8181 -0.4066
vn 0.4074 -0.8181 -0.4059
vn 0.9410 0.0004 0.3383
vn -0.7129 -0.0076 0.7013
vn -0.4173 0.8107 0.4107
vn 0.2283 0.9400 0.2535
vn 0.2213 -0.9420 0.2524
vn -0.4054 -0.8170 0.4100
vn -0.4507 -0.0133 -0.8926
vn -0.2313 0.9393 -0.2533
vn -0.2239 -0.9414 -0.2522
vn 0.4392 -0.0135 0.8983
vn -0.9413 0.0003 -0.3377
vn 0.7087 -0.0077 -0.7054
vn 0.4110 0.8138 -0.4108
vn 0.4006 -0.8203 -0.4083
vn 0.8936 -0.2636 0.3632
vn -0.8315 -0.5555 -0.0031
vn 0.0841 -0.2952 0.9517
vn 0.3565 0.1280 0.9255
vn 0.7511 -0.4641 -0.4694
vn 0.4408 -0.8328 -0.3348
vn 0.3501 0.8957 -0.2742
vn -0.0505 0.7582 0.6500
vn 0.3862 0.0913 -0.9179
vn -0.9003 -0.4299 -0.0688
vn 0.8173 0.5761 -0.0093
vn -0.3867 0.3051 0.8703
vn 0.1015 -0.4392 -0.8927
vn 0.3776 -0.8160 0.4376
vn 0.8227 0.5684 0.0121
vn -0.9045 -0.4213 0.0656
vn -0.3867 0.3051 -0.8703
vn -0.0505 0.7582 -0.6500
vn 0.3862 0.0913 0.9179
vn 0.1015 -0.4392 0.8927
vn 0.3776 -0.8160 -0.4376
vn 0.0841 -0.2952 -0.9517
vn 0.4408 -0.8328 0.3348
vn 0.8884 -0.2678 -0.3728
vn 0.3565 0.1280 -0.9255
vn 0.7511 -0.4641 0.4694
vn 0.3501 0.8957 0.2742
vn 0.1881 -0.0809 -0.9788
vn -0.8390 0.0060 0.5441
vn -0.0314 -0.9401 0.3394
vn 0.0314 -0.9141 -0.4043
vn 0.1927 0.9202 -0.3408
vn 0.0436 0.9549 0.2937
vn 0.7386 -0.5803 0.3431
vn -0.1822 -0.9457 0.2694
vn 0.1341 0.9521 0.2750
vn 0.0802 -0.0083 0.9967
vn 0.6202 -0.4146 -0.6659
vn -0.9420 -0.0908 -0.3232
vn -0.0736 -0.9378 -0.3393
vn 0.1844 0.9228 -0.3383
vn -0.1095 0.0515 0.9927
vn 0.6867 -0.5651 -0.4573
vn -0.2319 -0.8830 -0.4081
vn 0.0678 0.8894 -0.4520
vn -0.8877 0.0570 -0.4569
vn -0.4788 0.0107 0.8779
vn 0.8670 -0.0337 -0.4972
vn 0.2690 -0.9332 -0.2385
vn 0.2974 0.9282 -0.2234
vn -0.7189 -0.1804 -0.6713
vn -0.9643 0.0251 0.2637
vn 0.4082 -0.8172 0.4068
vn 0.4085 0.8170 0.4070
vn 0.2652 0.0620 -0.9622
vn -0.8251 0.0529 0.5624
vn 0.8444 -0.4312 0.3179
vn -0.3025 -0.8932 0.3328
vn 0.0222 0.9297 0.3675
vn -0.4476 -0.1367 -0.8837
vn 0.3169 -0.1216 0.9406
vn 0.6758 -0.4482 -0.5852
vn -0.9567 0.1496 -0.2497
vn 0.0529 -0.9286 -0.3673
vn 0.2498 0.9120 -0.3252
vn -0.7726 0.4278 0.4692
vn 0.8845 -0.4545 0.1053
vn -0.0766 -0.9327 0.3525
vn 0.0789 0.9352 0.3453
vn -0.5408 -0.0521 -0.8395
vn -0.0258 0.0145 0.9996
vn 0.6567 -0.3117 -0.6867
vn -0.8192 0.0360 -0.5723
vn 0.0402 -0.9314 -0.3618
vn 0.0593 0.9295 -0.3639
vn -0.1775 -0.1178 -0.9770
vn -0.7085 -0.0000 0.7057
vn -0.0224 -0.9166 0.3992
vn -0.0214 0.9166 0.3992
vn 0.7770 -0.2846 0.5616
vn 0.0873 -0.0005 0.9962
vn 0.7072 -0.0005 -0.7070
vn -0.7649 -0.0006 -0.6442
vn 0.0216 -0.9170 -0.3982
vn 0.0225 0.9170 -0.3982
vn -0.0846 -0.0000 -0.9964
vn -0.7075 -0.0002 0.7068
vn -0.0375 -0.9300 0.3656
vn -0.0554 0.9284 0.3674
vn 0.7643 -0.0002 0.6448
vn 0.1706 -0.1279 0.9770
vn 0.7085 -0.0006 -0.7057
vn -0.5872 -0.6483 -0.4846
vn -0.2239 -0.8949 -0.3860
vn -0.2110 0.9402 -0.2675
vn 0.3087 0.2763 -0.9101
vn -0.4779 -0.6684 0.5699
vn -0.1630 -0.8331 0.5285
vn -0.3398 0.8836 0.3221
vn 0.8139 0.0367 0.5799
vn 0.5318 -0.1280 0.8372
vn 0.9221 -0.0286 -0.3859
vn -0.3115 -0.7224 -0.6174
vn 0.9285 -0.1320 -0.3471
vn -0.9106 0.2177 -0.3514
vn 0.5658 -0.6607 -0.4933
vn -0.1277 -0.7609 0.6362
vn 0.9439 -0.1707 0.2827
vn -0.9498 0.0160 0.3124
vn 0.7897 0.2145 0.5747
vn 0.2319 0.3055 0.9235
vn 0.0560 0.7161 -0.6958
vn 0.1769 -0.8590 -0.4804
vn 0.8177 0.4660 -0.3380
vn -0.8821 -0.2970 -0.3656
vn 0.1753 -0.7553 0.6315
vn -0.0578 0.8730 0.4843
vn 0.8479 0.3891 0.3600
vn -0.8106 -0.4459 0.3795
vn 0.3477 -0.2522 -0.9030
vn -0.0641 0.0958 0.9933
vn -0.3225 0.6475 -0.6905
vn 0.4952 -0.6794 -0.5415
vn 0.8241 0.4309 -0.3678
vn -0.8622 -0.3711 -0.3447
vn 0.0732 -0.1120 -0.9910
vn 0.4369 -0.5853 0.6830
vn 0.8769 0.2826 0.3889
vn -0.8433 -0.3898 0.3699
vn -0.3857 0.7411 0.5496
vn -0.6679 0.2287 0.7083
vn -0.1479 0.7445 -0.6510
vn 0.0191 -0.8345 -0.5506
vn 0.8242 -0.4091 -0.3916
vn -0.7489 0.5355 -0.3904
vn -0.6490 -0.1640 -0.7429
vn -0.1811 -0.7740 0.6068
vn 0.7138 -0.5925 0.3734
vn -0.7611 0.5565 0.3332
vn 0.0446 0.8078 0.5877
vn -0.0324 0.4150 0.9092
vn 0.5883 0.4670 -0.6601
vn -0.6739 -0.5562 -0.4863
vn 0.2017 -0.9406 -0.2731
vn -0.1366 0.9593 -0.2473
vn -0.3254 0.1506 -0.9335
vn -0.6702 -0.3842 0.6350
vn 0.1465 -0.8847 0.4426
vn -0.0867 0.8890 0.4497
vn 0.7625 0.3971 0.5109
vn 0.5930 0.0532 0.8034
vn 0.2342 -0.0426 -0.9712
vn -0.8356 -0.0308 0.5485
vn -0.2998 -0.9195 0.2541
vn -0.3291 0.9121 0.2444
vn -0.2072 0.0813 0.9749
vn 0.8391 -0.1055 -0.5336
vn -0.4077 -0.8176 -0.4067
vn -0.4075 0.8178 -0.4064
vn -0.3120 0.2577 0.9145
vn -0.0465 0.0401 -0.9981
vn 0.5070 0.8219 -0.2598
vn 0.4724 0.8117 0.3435
vn -0.7071 -0.6179 0.3438
vn -0.7110 -0.6535 -0.2598
vn 0.7228 -0.5966 0.3488
vn 0.9507 0.2129 0.2256
vn -0.0288 -0.9737 0.2259
vn 0.0409 -0.0359 0.9985
vn -0.3569 0.2948 -0.8864
vn 0.7046 -0.5818 -0.4062
vn 0.9453 0.1775 -0.2738
vn 0.0045 -0.9618 -0.2738
vn 0.0769 0.9887 0.1285
vn -0.3359 -0.7589 -0.5579
vn 0.7223 -0.2440 -0.6470
vn 0.9731 0.2300 -0.0141
vn -0.4669 0.2302 0.8538
vn -0.9096 -0.2438 0.3365
vn 0.4387 -0.5279 0.7273
vn 0.9365 -0.3421 0.0772
vn -0.3695 -0.3410 0.8644
vn -0.0780 -0.9885 -0.1298
vn 0.4743 0.3930 0.7878
vn -0.2718 0.8495 -0.4522
vn 0.6302 0.3962 -0.6677
vn -0.8845 0.3966 0.2456
vn -0.8337 -0.5501 0.0492
vn 0.5564 0.3673 -0.7453
vn -0.1744 0.9040 -0.3902
vn -0.7624 0.5165 0.3898
vn 0.1742 -0.9040 0.3905
vn 0.7626 -0.5162 -0.3899
vn 0.5910 0.3903 0.7060
vn -0.1083 0.9068 0.4074
vn 0.7908 -0.4566 0.4077
vn 0.8339 0.5498 -0.0488
vn -0.5570 -0.3659 0.7455
vn -0.5913 -0.3889 -0.7065
vn -0.7902 0.4580 -0.4073
vn 0.1090 -0.9069 -0.4070
vn -0.3121 -0.2571 -0.9146
vn -0.0470 -0.0381 0.9982
vn 0.5071 -0.8217 0.2602
vn 0.4729 -0.8115 -0.3431
vn -0.7072 0.6182 -0.3430
vn -0.7111 0.6532 0.2601
vn 0.7226 0.5967 -0.3491
vn 0.9507 -0.2128 -0.2256
vn -0.0291 0.9738 -0.2256
vn 0.0423 0.0356 -0.9985
vn -0.3567 -0.2944 0.8866
vn 0.7047 0.5819 0.4059
vn 0.9454 -0.1771 0.2738
vn 0.0047 0.9617 0.2741
vn 0.2307 0.6718 0.7039
vn 0.0796 0.1626 -0.9835
vn 0.8940 -0.2182 -0.3914
vn 0.9222 -0.0771 0.3790
vn -0.9153 0.2112 0.3429
vn -0.9217 0.1437 -0.3602
vn -0.2428 -0.7973 0.5526
vn 0.9251 -0.2047 0.3198
vn -0.9206 0.1488 0.3610
vn -0.2027 -0.2819 0.9378
vn -0.1176 0.8426 -0.5255
vn 0.8475 0.4683 -0.2498
vn -0.9690 0.1152 -0.2186
vn 0.0100 -0.7303 -0.6831
vn -0.1644 0.6959 0.6991
vn -0.2371 0.2064 -0.9493
vn 0.7068 0.5851 0.3976
vn -0.8939 0.2068 0.3976
vn 0.1067 -0.8527 0.5114
vn -0.0834 -0.1914 0.9780
vn 0.2959 0.7785 -0.5536
vn -0.2072 -0.6993 -0.6841
vn 0.8761 -0.1877 -0.4442
vn -0.8668 0.1703 -0.4686
vn 0.0047 0.7457 -0.6662
vn 0.1435 -0.9816 -0.1263
vn 0.9356 -0.0893 -0.3415
vn -0.7960 -0.4868 -0.3598
vn 0.0700 0.6342 0.7700
vn 0.1607 -0.6964 0.6994
vn -0.1020 0.9887 0.1097
vn 0.8923 -0.2120 0.3985
vn -0.7089 -0.5816 0.3991
vn 0.1565 -0.6051 -0.7806
vn -0.5121 0.0356 -0.8582
vn 0.2851 -0.7925 0.5392
vn 0.7668 -0.4593 -0.4484
vn 0.7200 -0.0599 -0.6914
vn -0.9704 0.0332 0.2394
vn -0.7459 -0.3690 0.5546
vn 0.3160 0.8457 0.4301
vn 0.6303 0.0424 -0.7752
vn -0.9391 0.1086 0.3261
vn -0.3233 -0.8664 -0.3807
vn 0.6264 0.1020 0.7728
vn 0.9223 -0.1819 -0.3410
vn -0.5846 -0.1586 0.7957
vn -0.3300 0.7927 -0.5126
vn 0.3634 -0.7766 0.5147
vn -0.0338 0.9969 -0.0711
vn 0.6272 -0.0589 -0.7766
vn -0.9368 -0.1078 0.3328
vn -0.4813 -0.5952 -0.6435
vn 0.0199 -0.9990 0.0402
vn 0.3146 0.8802 0.3554
vn 0.9309 0.1782 -0.3190
vn -0.5602 0.1690 0.8109
vn -0.5434 0.3974 -0.7395
vn -0.3190 0.8701 -0.3758
vn -0.2612 -0.8753 -0.4070
vn 0.7293 0.4254 -0.5358
vn -0.7946 0.3587 0.4899
vn 0.6376 0.0445 0.7691
vn 0.3179 -0.8336 0.4518
vn 0.2433 0.8789 0.4102
vn -0.4480 -0.1153 -0.8865
vn 0.6373 -0.0051 -0.7706
vn -0.9844 -0.0808 0.1564
vn -0.1455 0.6625 -0.7347
vn 0.0361 -0.9860 0.1630
vn 0.9399 -0.2538 0.2282
vn 0.8625 0.2613 -0.4334
vn -0.9625 0.2619 -0.0702
vn -0.7805 -0.2540 0.5712
vn 0.1538 0.6259 0.7646
vn 0.8677 0.3841 0.3156
vn -0.6796 0.3852 0.6243
vn 0.1713 -0.4862 0.8569
vn -0.0323 0.9859 -0.1645
vn -0.1209 -0.7803 -0.6136
vn 0.7668 -0.4138 -0.4907
vn -0.8960 -0.4140 -0.1604
vn -0.2512 -0.8765 0.4107
vn -0.3123 0.8640 0.3948
vn 0.7320 0.4285 0.5297
vn 0.8107 -0.3686 0.4548
vn -0.7037 -0.4454 -0.5536
vn -0.7990 0.3572 -0.4837
vn 0.6604 0.0494 -0.7493
vn 0.9628 0.0537 0.2649
vn -0.4934 -0.0169 -0.8696
vn 0.2138 0.8844 -0.4149
vn 0.3251 -0.8304 -0.4525
vn -0.4369 -0.1160 0.8920
vn 0.6396 0.0003 0.7687
vn -0.9848 -0.0858 -0.1513
vn -0.3286 -0.8659 0.3773
vn -0.3092 0.7884 0.5318
vn 0.7636 0.3687 0.5302
vn 0.7685 -0.4640 0.4405
vn -0.7517 -0.3652 -0.5492
vn -0.7522 0.4787 -0.4528
vn 0.6582 0.0941 -0.7470
vn 0.9287 -0.0355 0.3690
vn -0.5851 0.0904 -0.8059
vn 0.3120 0.8495 -0.4255
vn 0.2759 -0.7922 -0.5444
vn -0.4365 -0.0547 0.8980
vn 0.7223 -0.0656 0.6884
vn -0.9714 0.0382 -0.2343
vn -0.0427 0.9961 0.0772
vn 0.4331 -0.4704 -0.7689
vn 0.9597 -0.2777 -0.0420
vn 0.6817 0.3068 0.6642
vn -0.9214 0.3072 -0.2379
vn -0.4623 -0.2773 -0.8423
vn -0.2674 -0.8379 0.4758
vn 0.6369 -0.4015 0.6582
vn -0.8933 -0.4013 -0.2025
vn 0.0423 -0.9963 -0.0742
vn -0.3117 0.7708 0.5557
vn 0.4048 0.5664 -0.7178
vn 0.9297 0.3598 -0.0783
vn -0.4156 0.3606 -0.8350
vn -0.0418 0.9962 -0.0766
vn -0.2674 -0.8379 -0.4758
vn 0.6369 -0.4015 -0.6582
vn 0.6816 0.3069 -0.6642
vn -0.9214 0.3073 0.2379
vn -0.8933 -0.4013 0.2025
vn 0.4331 -0.4704 0.7689
vn 0.9597 -0.2777 0.0420
vn -0.4623 -0.2773 0.8423
vn -0.3115 0.7712 -0.5551
vn 0.0424 -0.9964 0.0733
vn 0.4050 0.5664 0.7177
vn 0.9297 0.3598 0.0784
vn -0.4156 0.3607 0.8349
vn -0.1898 -0.7719 -0.6067
vn 0.1520 0.9677 0.2010
vn -0.9249 0.2665 0.2711
vn -0.4565 0.7862 -0.4165
vn 0.7315 -0.5566 -0.3939
vn 0.9120 0.2515 0.3240
vn -0.5726 -0.5354 0.6209
vn -0.5700 0.7447 0.3471
vn 0.5857 -0.7343 0.3433
vn -0.0489 0.6067 0.7934
vn -0.4509 -0.8834 -0.1273
vn -0.0015 0.7353 -0.6777
vn -0.8357 0.4034 -0.3727
vn 0.8352 0.4049 -0.3721
vn 0.4449 0.2989 0.8442
vn -0.8098 -0.3735 -0.4525
vn 0.0270 0.9491 -0.3138
vn 0.1371 -0.9094 -0.3928
vn 0.3546 0.6632 -0.6591
vn 0.8709 0.4537 0.1889
vn -0.7232 -0.1355 0.6773
vn -0.0289 0.9485 0.3156
vn -0.1352 -0.9099 0.3923
vn -0.4532 0.2008 -0.8685
vn 0.4499 0.1899 0.8727
vn -0.6051 0.6475 -0.4633
vn 0.5485 0.8012 -0.2393
vn -0.7035 -0.6539 -0.2783
vn 0.7229 -0.1357 -0.6775
vn 0.8151 -0.3658 0.4493
vn -0.3625 0.6577 0.6604
vn 0.4807 0.7287 0.4877
vn -0.6471 -0.6315 0.4272
vn -0.0094 0.6037 -0.7971
vn -0.1536 0.9464 0.2841
vn 0.5794 -0.3169 -0.7509
vn 0.9460 0.2477 0.2093
vn -0.9374 0.2036 0.2827
vn 0.5753 -0.5360 0.6179
vn 0.0409 -0.8695 -0.4923
vn 0.0911 0.5270 0.8450
vn 0.0015 0.7351 -0.6780
vn 0.8360 0.4029 -0.3726
vn -0.8354 0.4046 -0.3720
vn -0.3153 -0.8945 -0.3170
vn -0.4882 0.3936 0.7789
vn 0.3648 0.2281 0.9027
vn 0.9037 -0.3004 0.3051
vn -0.9201 -0.2665 -0.2871
vn -0.9671 0.2540 0.0142
vn 0.1849 0.8652 -0.4661
vn 0.7891 0.4366 0.4321
vn -0.9107 0.4055 -0.0783
vn -0.4631 0.8647 -0.1944
vn 0.3636 -0.7367 -0.5702
vn -0.4757 -0.5908 0.6516
vn 0.3292 -0.3542 0.8753
vn -0.9231 -0.3777 -0.0719
vn -0.1346 -0.9331 0.3335
vn -0.1093 0.6982 0.7075
vn 0.0641 0.4096 -0.9100
vn 0.9437 0.2437 -0.2236
vn -0.9421 0.2119 -0.2597
vn -0.0832 -0.4253 0.9012
vn -0.0716 0.9268 -0.3687
vn 0.0004 -0.7026 -0.7115
vn 0.8200 -0.4021 -0.4073
vn -0.8202 -0.4020 -0.4070
vn -0.1938 0.3717 0.9079
vn 0.3997 -0.8776 -0.2647
vn -0.8796 -0.3930 -0.2680
vn -0.9363 -0.2394 0.2568
vn 0.7688 0.5817 0.2657
vn 0.9002 0.3310 -0.2829
vn -0.2841 0.5792 -0.7641
vn -0.9094 -0.0530 -0.4125
vn 0.6031 0.6812 -0.4150
vn 0.1580 -0.3914 -0.9065
vn -0.3817 0.8211 0.4243
vn 0.3056 -0.7019 0.6434
vn -0.8044 -0.3986 0.4406
vn 0.8515 0.2755 0.4462
vn 0.2776 -0.9375 0.2098
vn -0.2082 0.4954 -0.8433
vn -0.9770 -0.0717 0.2010
vn 0.9575 0.1891 0.2177
vn -0.2467 0.6540 0.7151
vn -0.2904 0.9267 -0.2386
vn 0.0774 -0.5389 0.8388
vn 0.1440 -0.7075 -0.6919
vn -0.9359 -0.0972 -0.3385
vn 0.9275 0.1374 -0.3477
vn 0.0391 -0.9016 -0.4307
vn -0.0575 0.6224 -0.7805
vn -0.9726 -0.1831 0.1434
vn 0.9753 -0.1691 0.1418
vn -0.0610 0.2278 0.9718
vn -0.0507 0.9816 0.1842
vn -0.0095 -0.6253 0.7803
vn -0.0292 -0.4725 -0.8809
vn -0.8941 0.1828 -0.4088
vn 0.8893 0.1872 -0.4172
vn 0.0014 0.5066 0.8622
vn -0.0015 -0.9700 -0.2430
vn -0.9273 -0.2361 -0.2904
vn 0.9277 -0.2347 -0.2902
vn 0.0013 0.7063 -0.7079
vn 0.0016 -0.7065 0.7077
vn 0.0020 -0.5114 -0.8593
vn -0.8154 -0.4100 0.4088
vn 0.8167 -0.4069 0.4093
vn -0.0002 0.9684 0.2493
vn -0.0468 0.7887 0.6130
vn 0.0070 -0.7825 0.6226
vn -0.9774 -0.1707 -0.1245
vn 0.9773 -0.1670 -0.1304
vn -0.0799 -0.2359 -0.9685
vn -0.0059 -0.6267 -0.7793
vn -0.0570 0.9822 -0.1787
vn -0.0242 -0.4716 0.8815
vn -0.9428 0.0656 0.3269
vn 0.9392 0.0718 0.3359
vn -0.0014 0.5108 0.8597
vn -0.0017 -0.9699 -0.2437
vn -0.9274 -0.2359 -0.2902
vn 0.9278 -0.2346 -0.2900
vn -0.0005 0.7087 -0.7055
vn -0.0008 0.9683 0.2497
vn 0.0009 -0.7072 0.7070
vn -0.8155 -0.4100 0.4086
vn 0.8167 -0.4070 0.4091
vn 0.0020 -0.5109 -0.8596
vn 0.1590 -0.5413 -0.8257
vn -0.3016 0.9067 0.2949
vn -0.9298 -0.0054 0.3681
vn -0.7954 -0.5372 -0.2805
vn 0.9593 -0.0070 -0.2821
vn 0.7878 0.4970 0.3639
vn 0.2275 -0.7532 0.6172
vn -0.6124 -0.6922 0.3819
vn 0.8925 -0.2410 0.3811
vn -0.1488 0.5424 0.8268
vn 0.2931 -0.9530 -0.0761
vn -0.1701 0.6010 -0.7809
vn -0.9063 0.0789 -0.4153
vn 0.7219 0.5557 -0.4124
vn 0.7784 -0.3893 0.4924
vn -0.1990 0.4804 -0.8542
vn -0.7629 -0.4574 -0.4568
vn -0.1532 -0.9882 -0.0000
vn 0.6653 0.7466 0.0005
vn 0.1931 0.6939 0.6937
vn -0.6020 0.1856 0.7767
vn -0.8148 -0.5798 -0.0004
vn 0.0364 0.9993 0.0010
vn -0.1932 0.4742 0.8590
vn 0.7792 -0.3892 -0.4913
vn -0.7629 -0.4575 0.4569
vn 0.1934 0.6938 -0.6937
vn -0.6015 0.1849 -0.7772
vn 0.2127 -0.4485 0.8681
vn 0.6219 0.1664 -0.7652
vn -0.0036 -0.7074 -0.7068
vn 0.7960 0.4283 0.4278
vn -0.6990 0.6839 -0.2090
vn 0.2134 -0.4487 -0.8678
vn -0.6990 0.6839 0.2089
vn 0.6218 0.1664 0.7652
vn -0.0036 -0.7074 0.7068
vn 0.7959 0.4283 -0.4278
vn 0.2141 0.8666 -0.4508
vn -0.6982 -0.2105 0.6842
vn -0.1533 -0.0003 -0.9882
vn 0.6657 0.0006 0.7462
vn 0.6219 -0.7653 0.1660
vn 0.2134 0.8673 0.4498
vn 0.6219 -0.7653 -0.1660
vn -0.1534 -0.0002 0.9882
vn 0.6657 0.0004 -0.7462
vn -0.6982 -0.2097 -0.6845
vn -0.2016 -0.8521 0.4829
vn 0.7768 0.4936 -0.3910
vn -0.6017 0.7769 0.1854
vn -0.8167 -0.0003 -0.5770
vn 0.0355 0.0006 0.9994
vn -0.2015 -0.8520 -0.4832
vn -0.6015 0.7769 -0.1859
vn -0.8169 -0.0000 0.5768
vn 0.0353 0.0001 -0.9994
vn 0.7773 0.4932 0.3906
vn -0.2012 0.8529 0.4817
vn -0.6017 -0.7768 0.1857
vn -0.7625 0.4579 -0.4571
vn 0.1932 -0.6939 0.6937
vn 0.7768 -0.4936 -0.3910
vn -0.2010 0.8527 -0.4821
vn 0.7773 -0.4932 0.3906
vn -0.7629 0.4575 0.4569
vn 0.1935 -0.6938 -0.6937
vn -0.6015 -0.7769 -0.1861
vn 0.2146 -0.8666 -0.4505
vn 0.6217 0.7656 0.1651
vn -0.0037 0.7070 -0.7072
vn 0.7963 -0.4279 0.4275
vn -0.6984 0.2111 0.6839
vn 0.2146 -0.8668 0.4500
vn -0.6984 0.2103 -0.6841
vn 0.6217 0.7657 -0.1651
vn -0.0040 0.7073 0.7069
vn 0.7963 -0.4280 -0.4275
vn 0.2159 0.4517 0.8657
vn -0.6993 -0.6833 -0.2099
vn -0.1534 0.9882 -0.0007
vn 0.6653 -0.7466 0.0004
vn 0.6214 -0.1663 -0.7656
vn 0.2125 0.4488 -0.8680
vn 0.6214 -0.1661 0.7657
vn -0.6990 -0.6838 0.2094
vn -0.1987 -0.4814 -0.8537
vn 0.7789 0.3890 0.4920
vn -0.6025 -0.1850 0.7764
vn -0.8147 0.5799 -0.0004
vn 0.0361 -0.9993 0.0010
vn -0.1952 -0.4736 0.8589
vn -0.6020 -0.1842 -0.7769
vn 0.7780 0.3907 -0.4921
vn 0.7779 -0.3896 0.4930
vn -0.2001 0.4828 -0.8526
vn -0.7637 -0.4563 -0.4567
vn -0.1537 -0.9881 -0.0000
vn 0.1932 0.6940 0.6936
vn -0.6022 0.1884 0.7758
vn -0.8167 -0.5771 -0.0003
vn 0.0375 0.9993 0.0004
vn -0.1995 0.4832 0.8525
vn 0.7785 -0.3887 -0.4927
vn -0.7633 -0.4570 0.4567
vn 0.1933 0.6938 -0.6937
vn -0.6020 0.1887 -0.7759
vn 0.2142 -0.4504 0.8667
vn 0.6228 0.1637 -0.7651
vn -0.0038 -0.7073 -0.7069
vn 0.7968 0.4273 0.4273
vn -0.6987 0.6844 -0.2085
vn 0.2148 -0.4481 -0.8678
vn -0.6988 0.6842 0.2088
vn 0.6221 0.1659 0.7652
vn -0.0039 -0.7072 0.7070
vn 0.7964 0.4281 -0.4272
vn 0.2163 0.8671 -0.4487
vn -0.6984 -0.2084 0.6847
vn -0.1539 -0.0002 -0.9881
vn 0.6659 0.0005 0.7461
vn 0.6227 -0.7648 0.1651
vn 0.2156 0.8665 0.4502
vn 0.6224 -0.7651 -0.1649
vn -0.1539 -0.0004 0.9881
vn 0.6659 0.0005 -0.7461
vn -0.6985 -0.2097 -0.6842
vn -0.2019 -0.8523 0.4826
vn 0.7778 0.4915 -0.3916
vn -0.6027 0.7757 0.1870
vn -0.8169 -0.0009 -0.5767
vn 0.0369 0.0011 0.9993
vn -0.2019 -0.8523 -0.4826
vn -0.6029 0.7756 -0.1869
vn -0.8168 -0.0004 0.5769
vn 0.0368 0.0005 -0.9993
vn 0.7780 0.4908 0.3922
vn -0.2023 0.8519 0.4831
vn -0.6024 -0.7758 0.1877
vn -0.7632 0.4569 -0.4569
vn 0.1932 -0.6941 0.6935
vn 0.7779 -0.4922 -0.3906
vn -0.2023 0.8523 -0.4824
vn 0.7779 -0.4918 0.3912
vn -0.7634 0.4568 0.4567
vn 0.1932 -0.6939 -0.6937
vn -0.6028 -0.7756 -0.1875
vn 0.2156 -0.8666 -0.4499
vn 0.6225 0.7651 0.1646
vn -0.0039 0.7071 -0.7071
vn 0.7973 -0.4260 0.4275
vn -0.6987 0.2093 0.6841
vn 0.2160 -0.8661 0.4509
vn -0.6989 0.2091 -0.6839
vn 0.6223 0.7653 -0.1645
vn -0.0041 0.7072 0.7070
vn 0.7958 -0.4292 -0.4271
vn 0.2186 0.4584 0.8614
vn -0.6983 -0.6844 -0.2096
vn -0.1539 0.9881 -0.0003
vn 0.6653 -0.7466 0.0003
vn 0.6232 -0.1622 -0.7651
vn 0.2108 0.4421 -0.8719
vn 0.6211 -0.1681 0.7655
vn -0.6992 -0.6840 0.2081
vn -0.2028 -0.4850 -0.8507
vn 0.7779 0.3903 0.4926
vn -0.6027 -0.1887 0.7753
vn -0.8166 0.5772 -0.0005
vn 0.0372 -0.9993 0.0009
vn -0.2001 -0.4796 0.8544
vn -0.6022 -0.1874 -0.7761
vn 0.7779 0.3896 -0.4930
vn -0.0003 0.9908 0.1357
vn -0.0009 -0.7073 0.7069
vn -0.8168 -0.4084 0.4076
vn -0.8910 0.2870 0.3517
vn 0.8908 0.2874 0.3520
vn 0.8166 -0.4080 0.4083
vn -0.0005 -0.6049 -0.7963
vn -0.8913 -0.2867 -0.3512
vn 0.8914 -0.2868 -0.3511
vn -0.0006 0.6040 0.7970
vn -0.0004 -0.9908 -0.1350
vn -0.0009 0.7071 -0.7071
vn -0.8169 0.4075 -0.4082
vn 0.8168 0.4084 -0.4076
vt 0.000000 0.000000
s 1
f 2945/1/1 2946/1/2 3/1/3 1/1/4
f 2946/1/2 2945/1/1 2/1/5 4/1/6
f 2946/1/2 2947/1/7 5/1/8 3/1/3
f 2947/1/7 2946/1/2 4/1/6 6/1/9
f 2947/1/7 2945/1/1 1/1/4 5/1/8
f 2945/1/1 2947/1/7 6/1/9 2/1/5
f 2948/1/10 2949/1/11 5/1/8 7/1/12
f 2949/1/11 2948/1/10 8/1/13 6/1/9
f 2949/1/11 2950/1/14 3/1/3 5/1/8
f 2950/1/14 2949/1/11 6/1/9 4/1/6
f 2950/1/14 2948/1/10 7/1/12 3/1/3
f 2948/1/10 2950/1/14 4/1/6 8/1/13
f 2951/1/15 2952/1/16 1/1/4 3/1/3
f 2952/1/16 2951/1/15 4/1/6 2/1/5
f 2952/1/16 2953/1/17 9/1/18 1/1/4
f 2953/1/17 2952/1/16 2/1/5 10/1/19
f 2953/1/17 2951/1/15 3/1/3 9/1/18
f 2951/1/15 2953/1/17 10/1/19 4/1/6
f 2954/1/20 2955/1/21 7/1/12 5/1/8
f 2955/1/21 2954/1/20 6/1/9 8/1/13
f 2955/1/21 2956/1/22 11/1/23 7/1/12
f 2956/1/22 2955/1/21 8/1/13 12/1/24
f 2956/1/22 2954/1/20 5/1/8 11/1/23
f 2954/1/20 2956/1/22 12/1/24 6/1/9
f 2957/1/25 2958/1/26 13/1/27 1/1/4
f 2958/1/26 2957/1/25 2/1/5 14/1/28
f 2958/1/26 2959/1/29 9/1/18 13/1/27
f 2959/1/29 2958/1/26 14/1/28 10/1/19
f 2959/1/29 2957/1/25 1/1/4 9/1/18
f 2957/1/25 2959/1/29 10/1/19 2/1/5
f 2960/1/30 2961/1/31 11/1/23 15/1/32
f 2961/1/31 2960/1/30 16/1/33 12/1/24
f 2961/1/31 2962/1/34 7/1/12 11/1/23
f 2962/1/34 2961/1/31 12/1/24 8/1/13
f 2962/1/34 2960/1/30 15/1/32 7/1/12
f 2960/1/30 2962/1/34 8/1/13 16/1/33
f 2963/1/35 2964/1/36 17/1/37 1/1/4
f 2964/1/36 2963/1/35 2/1/5 18/1/38
f 2964/1/36 2965/1/39 13/1/27 17/1/37
f 2965/1/39 2964/1/36 18/1/38 14/1/28
f 2965/1/39 2963/1/35 1/1/4 13/1/27
f 2963/1/35 2965/1/39 14/1/28 2/1/5
f 2966/1/40 2967/1/41 15/1/32 11/1/23
f 2967/1/41 2966/1/40 12/1/24 16/1/33
f 2967/1/41 2968/1/42 19/1/43 15/1/32
f 2968/1/42 2967/1/41 16/1/33 20/1/44
f 2968/1/42 2966/1/40 11/1/23 19/1/43
f 2966/1/40 2968/1/42 20/1/44 12/1/24
f 2969/1/45 2970/1/46 13/1/27 21/1/47
f 2970/1/46 2969/1/45 22/1/48 14/1/28
f 2970/1/46 2971/1/49 17/1/37 13/1/27
f 2971/1/49 2970/1/46 14/1/28 18/1/38
f 2971/1/49 2969/1/45 21/1/47 17/1/37
f 2969/1/45 2971/1/49 18/1/38 22/1/48
f 2972/1/50 2973/1/51 19/1/43 23/1/52
f 2973/1/51 2972/1/50 24/1/53 20/1/44
f 2973/1/51 2974/1/54 15/1/32 19/1/43
f 2974/1/54 2973/1/51 20/1/44 16/1/33
f 2974/1/54 2972/1/50 23/1/52 15/1/32
f 2972/1/50 2974/1/54 16/1/33 24/1/53
f 2975/1/55 2976/1/56 21/1/47 13/1/27
f 2976/1/56 2975/1/55 14/1/28 22/1/48
f 2976/1/56 2977/1/57 25/1/58 21/1/47
f 2977/1/57 2976/1/56 22/1/48 26/1/59
f 2977/1/57 2975/1/55 13/1/27 25/1/58
f 2975/1/55 2977/1/57 26/1/59 14/1/28
f 2978/1/60 2979/1/61 15/1/32 23/1/52
f 2979/1/61 2978/1/60 24/1/53 16/1/33
f 2979/1/61 2980/1/62 27/1/63 15/1/32
f 2980/1/62 2979/1/61 16/1/33 28/1/64
f 2980/1/62 2978/1/60 23/1/52 27/1/63
f 2978/1/60 2980/1/62 28/1/64 24/1/53
f 2981/1/65 2982/1/66 25/1/58 29/1/67
f 2982/1/66 2981/1/65 30/1/68 26/1/59
f 2982/1/66 2983/1/69 21/1/47 25/1/58
f 2983/1/69 2982/1/66 26/1/59 22/1/48
f 2983/1/69 2981/1/65 29/1/67 21/1/47
f 2981/1/65 2983/1/69 22/1/48 30/1/68
f 2984/1/70 2985/1/71 31/1/72 27/1/63
f 2985/1/71 2984/1/70 28/1/64 32/1/73
f 2985/1/71 2986/1/74 23/1/52 31/1/72
f 2986/1/74 2985/1/71 32/1/73 24/1/53
f 2986/1/74 2984/1/70 27/1/63 23/1/52
f 2984/1/70 2986/1/74 24/1/53 28/1/64
f 2987/1/75 2988/1/76 31/1/72 21/1/47
f 2988/1/76 2987/1/75 22/1/48 32/1/73
f 2988/1/76 2989/1/77 29/1/67 31/1/72
f 2989/1/77 2988/1/76 32/1/73 30/1/68
f 2989/1/77 2987/1/75 21/1/47 29/1/67
f 2987/1/75 2989/1/77 30/1/68 22/1/48
f 2990/1/78 2991/1/79 27/1/63 31/1/72
f 2991/1/79 2990/1/78 32/1/73 28/1/64
f 2991/1/79 2992/1/80 29/1/67 27/1/63
f 2992/1/80 2991/1/79 28/1/64 30/1/68
f 2992/1/80 2990/1/78 31/1/72 29/1/67
f 2990/1/78 2992/1/80 30/1/68 32/1/73
f 2993/1/81 2994/1/82 35/1/83 33/1/84
f 2994/1/82 2993/1/81 34/1/85 36/1/86
f 2994/1/82 2995/1/87 37/1/88 35/1/83
f 2995/1/87 2994/1/82 36/1/86 38/1/89
f 2995/1/87 2993/1/81 33/1/84 37/1/88
f 2993/1/81 2995/1/87 38/1/89 34/1/85
f 2996/1/90 2997/1/91 35/1/83 39/1/92
f 2997/1/91 2996/1/90 40/1/93 36/1/86
f 2997/1/91 2998/1/94 33/1/84 35/1/83
f 2998/1/94 2997/1/91 36/1/86 34/1/85
f 2998/1/94 2996/1/90 39/1/92 33/1/84
f 2996/1/90 2998/1/94 34/1/85 40/1/93
f 2999/1/95 3000/1/96 41/1/97 35/1/83
f 3000/1/96 2999/1/95 36/1/86 42/1/98
f 3000/1/96 3001/1/99 37/1/88 41/1/97
f 3001/1/99 3000/1/96 42/1/98 38/1/89
f 3001/1/99 2999/1/95 35/1/83 37/1/88
f 2999/1/95 3001/1/99 38/1/89 36/1/86
f 3002/1/100 3003/1/101 39/1/92 35/1/83
f 3003/1/101 3002/1/100 36/1/86 40/1/93
f 3003/1/101 3004/1/102 43/1/103 39/1/92
f 3004/1/102 3003/1/101 40/1/93 44/1/104
f 3004/1/102 3002/1/100 35/1/83 43/1/103
f 3002/1/100 3004/1/102 44/1/104 36/1/86
f 3005/1/105 3006/1/106 37/1/88 45/1/107
f 3006/1/106 3005/1/105 46/1/108 38/1/89
f 3006/1/106 3007/1/109 41/1/97 37/1/88
f 3007/1/109 3006/1/106 38/1/89 42/1/98
f 3007/1/109 3005/1/105 45/1/107 41/1/97
f 3005/1/105 3007/1/109 42/1/98 46/1/108
f 3008/1/110 3009/1/111 43/1/103 47/1/112
f 3009/1/111 3008/1/110 48/1/113 44/1/104
f 3009/1/111 3010/1/114 39/1/92 43/1/103
f 3010/1/114 3009/1/111 44/1/104 40/1/93
f 3010/1/114 3008/1/110 47/1/112 39/1/92
f 3008/1/110 3010/1/114 40/1/93 48/1/113
f 3011/1/115 3012/1/116 45/1/107 37/1/88
f 3012/1/116 3011/1/115 38/1/89 46/1/108
f 3012/1/116 3013/1/117 49/1/118 45/1/107
f 3013/1/117 3012/1/116 46/1/108 50/1/119
f 3013/1/117 3011/1/115 37/1/88 49/1/118
f 3011/1/115 3013/1/117 50/1/119 38/1/89
f 3014/1/120 3015/1/121 47/1/112 51/1/122
f 3015/1/121 3014/1/120 52/1/123 48/1/113
f 3015/1/121 3016/1/124 39/1/92 47/1/112
f 3016/1/124 3015/1/121 48/1/113 40/1/93
f 3016/1/124 3014/1/120 51/1/122 39/1/92
f 3014/1/120 3016/1/124 40/1/93 52/1/123
f 3017/1/125 3018/1/126 53/1/127 45/1/107
f 3018/1/126 3017/1/125 46/1/108 54/1/128
f 3018/1/126 3019/1/129 49/1/118 53/1/127
f 3019/1/129 3018/1/126 54/1/128 50/1/119
f 3019/1/129 3017/1/125 45/1/107 49/1/118
f 3017/1/125 3019/1/129 50/1/119 46/1/108
f 3020/1/130 3021/1/131 47/1/112 55/1/132
f 3021/1/131 3020/1/130 56/1/133 48/1/113
f 3021/1/131 3022/1/134 51/1/122 47/1/112
f 3022/1/134 3021/1/131 48/1/113 52/1/123
f 3022/1/134 3020/1/130 55/1/132 51/1/122
f 3020/1/130 3022/1/134 52/1/123 56/1/133
f 3023/1/135 3024/1/136 45/1/107 53/1/127
f 3024/1/136 3023/1/135 54/1/128 46/1/108
f 3024/1/136 3025/1/137 57/1/138 45/1/107
f 3025/1/137 3024/1/136 46/1/108 58/1/139
f 3025/1/137 3023/1/135 53/1/127 57/1/138
f 3023/1/135 3025/1/137 58/1/139 54/1/128
f 3026/1/140 3027/1/141 55/1/132 47/1/112
f 3027/1/141 3026/1/140 48/1/113 56/1/133
f 3027/1/141 3028/1/142 59/1/143 55/1/132
f 3028/1/142 3027/1/141 56/1/133 60/1/144
f 3028/1/142 3026/1/140 47/1/112 59/1/143
f 3026/1/140 3028/1/142 60/1/144 48/1/113
f 3029/1/145 3030/1/146 53/1/127 61/1/147
f 3030/1/146 3029/1/145 62/1/148 54/1/128
f 3030/1/146 3031/1/149 57/1/138 53/1/127
f 3031/1/149 3030/1/146 54/1/128 58/1/139
f 3031/1/149 3029/1/145 61/1/147 57/1/138
f 3029/1/145 3031/1/149 58/1/139 62/1/148
f 3032/1/150 3033/1/151 59/1/143 61/1/147
f 3033/1/151 3032/1/150 62/1/148 60/1/144
f 3033/1/151 3034/1/152 55/1/132 59/1/143
f 3034/1/152 3033/1/151 60/1/144 56/1/133
f 3034/1/152 3032/1/150 61/1/147 55/1/132
f 3032/1/150 3034/1/152 56/1/133 62/1/148
f 3035/1/153 3036/1/154 61/1/147 53/1/127
f 3036/1/154 3035/1/153 54/1/128 62/1/148
f 3036/1/154 3037/1/155 63/1/156 61/1/147
f 3037/1/155 3036/1/154 62/1/148 64/1/157
f 3037/1/155 3035/1/153 53/1/127 63/1/156
f 3035/1/153 3037/1/155 64/1/157 54/1/128
f 3038/1/158 3039/1/159 61/1/147 63/1/156
f 3039/1/159 3038/1/158 64/1/157 62/1/148
f 3039/1/159 3040/1/160 55/1/132 61/1/147
f 3040/1/160 3039/1/159 62/1/148 56/1/133
f 3040/1/160 3038/1/158 63/1/156 55/1/132
f 3038/1/158 3040/1/160 56/1/133 64/1/157
f 3041/1/161 3042/1/162 67/1/163 65/1/164
f 3042/1/162 3041/1/161 66/1/165 68/1/166
f 3042/1/162 3043/1/167 69/1/168 67/1/163
f 3043/1/167 3042/1/162 68/1/166 70/1/169
f 3043/1/167 3041/1/161 65/1/164 69/1/168
f 3041/1/161 3043/1/167 70/1/169 66/1/165
f 3044/1/170 3045/1/171 65/1/164 67/1/163
f 3045/1/171 3044/1/170 68/1/166 66/1/165
f 3045/1/171 3046/1/172 71/1/173 65/1/164
f 3046/1/172 3045/1/171 66/1/165 72/1/174
f 3046/1/172 3044/1/170 67/1/163 71/1/173
f 3044/1/170 3046/1/172 72/1/174 68/1/166
f 3047/1/175 3048/1/176 75/1/177 73/1/178
f 3048/1/176 3047/1/175 74/1/179 76/1/180
f 3048/1/176 3049/1/181 77/1/182 75/1/177
f 3049/1/181 3048/1/176 76/1/180 78/1/183
f 3049/1/181 3047/1/175 73/1/178 77/1/182
f 3047/1/175 3049/1/181 78/1/183 74/1/179
f 3050/1/184 3051/1/185 73/1/178 75/1/177
f 3051/1/185 3050/1/184 76/1/180 74/1/179
f 3051/1/185 3052/1/186 79/1/187 73/1/178
f 3052/1/186 3051/1/185 74/1/179 80/1/188
f 3052/1/186 3050/1/184 75/1/177 79/1/187
f 3050/1/184 3052/1/186 80/1/188 76/1/180
f 3053/1/189 3054/1/190 81/1/191 79/1/187
f 3054/1/190 3053/1/189 80/1/188 82/1/192
f 3054/1/190 3055/1/193 75/1/177 81/1/191
f 3055/1/193 3054/1/190 82/1/192 76/1/180
f 3055/1/193 3053/1/189 79/1/187 75/1/177
f 3053/1/189 3055/1/193 76/1/180 80/1/188
f 3056/1/194 3057/1/195 83/1/196 77/1/182
f 3057/1/195 3056/1/194 78/1/183 84/1/197
f 3057/1/195 3058/1/198 73/1/178 83/1/196
f 3058/1/198 3057/1/195 84/1/197 74/1/179
f 3058/1/198 3056/1/194 77/1/182 73/1/178
f 3056/1/194 3058/1/198 74/1/179 78/1/183
f 3059/1/199 3060/1/200 77/1/182 83/1/196
f 3060/1/200 3059/1/199 84/1/197 78/1/183
f 3060/1/200 3061/1/201 85/1/202 77/1/182
f 3061/1/201 3060/1/200 78/1/183 86/1/203
f 3061/1/201 3059/1/199 83/1/196 85/1/202
f 3059/1/199 3061/1/201 86/1/203 84/1/197
f 3062/1/204 3063/1/205 79/1/187 81/1/191
f 3063/1/205 3062/1/204 82/1/192 80/1/188
f 3063/1/205 3064/1/206 87/1/207 79/1/187
f 3064/1/206 3063/1/205 80/1/188 88/1/208
f 3064/1/206 3062/1/204 81/1/191 87/1/207
f 3062/1/204 3064/1/206 88/1/208 82/1/192
f 3065/1/209 3066/1/210 87/1/207 73/1/178
f 3066/1/210 3065/1/209 74/1/179 88/1/208
f 3066/1/210 3067/1/211 79/1/187 87/1/207
f 3067/1/211 3066/1/210 88/1/208 80/1/188
f 3067/1/211 3065/1/209 73/1/178 79/1/187
f 3065/1/209 3067/1/211 80/1/188 74/1/179
f 3068/1/212 3069/1/213 89/1/214 87/1/207
f 3069/1/213 3068/1/212 88/1/208 90/1/215
f 3069/1/213 3070/1/216 81/1/191 89/1/214
f 3070/1/216 3069/1/213 90/1/215 82/1/192
f 3070/1/216 3068/1/212 87/1/207 81/1/191
f 3068/1/212 3070/1/216 82/1/192 88/1/208
f 3071/1/217 3072/1/218 87/1/207 89/1/214
f 3072/1/218 3071/1/217 90/1/215 88/1/208
f 3072/1/218 3073/1/219 91/1/220 87/1/207
f 3073/1/219 3072/1/218 88/1/208 92/1/221
f 3073/1/219 3071/1/217 89/1/214 91/1/220
f 3071/1/217 3073/1/219 92/1/221 90/1/215
f 3074/1/222 3075/1/223 91/1/220 89/1/214
f 3075/1/223 3074/1/222 90/1/215 92/1/221
f 3075/1/223 3076/1/224 93/1/225 91/1/220
f 3076/1/224 3075/1/223 92/1/221 94/1/226
f 3076/1/224 3074/1/222 89/1/214 93/1/225
f 3074/1/222 3076/1/224 94/1/226 90/1/215
f 3077/1/227 3078/1/228 95/1/229 87/1/207
f 3078/1/228 3077/1/227 88/1/208 96/1/230
f 3078/1/228 3079/1/231 91/1/220 95/1/229
f 3079/1/231 3078/1/228 96/1/230 92/1/221
f 3079/1/231 3077/1/227 87/1/207 91/1/220
f 3077/1/227 3079/1/231 92/1/221 88/1/208
f 3080/1/232 3081/1/233 93/1/225 95/1/229
f 3081/1/233 3080/1/232 96/1/230 94/1/226
f 3081/1/233 3082/1/234 91/1/220 93/1/225
f 3082/1/234 3081/1/233 94/1/226 92/1/221
f 3082/1/234 3080/1/232 95/1/229 91/1/220
f 3080/1/232 3082/1/234 92/1/221 96/1/230
f 3083/1/235 3084/1/236 95/1/229 73/1/178
f 3084/1/236 3083/1/235 74/1/179 96/1/230
f 3084/1/236 3085/1/237 87/1/207 95/1/229
f 3085/1/237 3084/1/236 96/1/230 88/1/208
f 3085/1/237 3083/1/235 73/1/178 87/1/207
f 3083/1/235 3085/1/237 88/1/208 74/1/179
f 3086/1/238 3087/1/239 95/1/229 93/1/225
f 3087/1/239 3086/1/238 94/1/226 96/1/230
f 3087/1/239 3088/1/240 97/1/241 95/1/229
f 3088/1/240 3087/1/239 96/1/230 98/1/242
f 3088/1/240 3086/1/238 93/1/225 97/1/241
f 3086/1/238 3088/1/240 98/1/242 94/1/226
f 3089/1/243 3090/1/244 73/1/178 99/1/245
f 3090/1/244 3089/1/243 100/1/246 74/1/179
f 3090/1/244 3091/1/247 83/1/196 73/1/178
f 3091/1/247 3090/1/244 74/1/179 84/1/197
f 3091/1/247 3089/1/243 99/1/245 83/1/196
f 3089/1/243 3091/1/247 84/1/197 100/1/246
f 3092/1/248 3093/1/249 99/1/245 85/1/202
f 3093/1/249 3092/1/248 86/1/203 100/1/246
f 3093/1/249 3094/1/250 83/1/196 99/1/245
f 3094/1/250 3093/1/249 100/1/246 84/1/197
f 3094/1/250 3092/1/248 85/1/202 83/1/196
f 3092/1/248 3094/1/250 84/1/197 86/1/203
f 3095/1/251 3096/1/252 73/1/178 95/1/229
f 3096/1/252 3095/1/251 96/1/230 74/1/179
f 3096/1/252 3097/1/253 99/1/245 73/1/178
f 3097/1/253 3096/1/252 74/1/179 100/1/246
f 3097/1/253 3095/1/251 95/1/229 99/1/245
f 3095/1/251 3097/1/253 100/1/246 96/1/230
f 3098/1/254 3099/1/255 85/1/202 99/1/245
f 3099/1/255 3098/1/254 100/1/246 86/1/203
f 3099/1/255 3100/1/256 101/1/257 85/1/202
f 3100/1/256 3099/1/255 86/1/203 102/1/258
f 3100/1/256 3098/1/254 99/1/245 101/1/257
f 3098/1/254 3100/1/256 102/1/258 100/1/246
f 3101/1/259 3102/1/260 97/1/241 103/1/261
f 3102/1/260 3101/1/259 104/1/262 98/1/242
f 3102/1/260 3103/1/263 95/1/229 97/1/241
f 3103/1/263 3102/1/260 98/1/242 96/1/230
f 3103/1/263 3101/1/259 103/1/261 95/1/229
f 3101/1/259 3103/1/263 96/1/230 104/1/262
f 3104/1/264 3105/1/265 99/1/245 95/1/229
f 3105/1/265 3104/1/264 96/1/230 100/1/246
f 3105/1/265 3106/1/266 103/1/261 99/1/245
f 3106/1/266 3105/1/265 100/1/246 104/1/262
f 3106/1/266 3104/1/264 95/1/229 103/1/261
f 3104/1/264 3106/1/266 104/1/262 96/1/230
f 3107/1/267 3108/1/268 101/1/257 103/1/261
f 3108/1/268 3107/1/267 104/1/262 102/1/258
f 3108/1/268 3109/1/269 97/1/241 101/1/257
f 3109/1/269 3108/1/268 102/1/258 98/1/242
f 3109/1/269 3107/1/267 103/1/261 97/1/241
f 3107/1/267 3109/1/269 98/1/242 104/1/262
f 3110/1/270 3111/1/271 103/1/261 101/1/257
f 3111/1/271 3110/1/270 102/1/258 104/1/262
f 3111/1/271 3112/1/272 99/1/245 103/1/261
f 3112/1/272 3111/1/271 104/1/262 100/1/246
f 3112/1/272 3110/1/270 101/1/257 99/1/245
f 3110/1/270 3112/1/272 100/1/246 102/1/258
f 3113/1/273 3114/1/274 107/1/275 105/1/276
f 3114/1/274 3113/1/273 106/1/277 108/1/278
f 3114/1/274 3115/1/279 109/1/280 107/1/275
f 3115/1/279 3114/1/274 108/1/278 110/1/281
f 3115/1/279 3113/1/273 105/1/276 109/1/280
f 3113/1/273 3115/1/279 110/1/281 106/1/277
f 3116/1/282 3117/1/283 105/1/276 107/1/275
f 3117/1/283 3116/1/282 108/1/278 106/1/277
f 3117/1/283 3118/1/284 111/1/285 105/1/276
f 3118/1/284 3117/1/283 106/1/277 112/1/286
f 3118/1/284 3116/1/282 107/1/275 111/1/285
f 3116/1/282 3118/1/284 112/1/286 108/1/278
f 3119/1/287 3120/1/288 111/1/285 107/1/275
f 3120/1/288 3119/1/287 108/1/278 112/1/286
f 3120/1/288 3121/1/289 113/1/290 111/1/285
f 3121/1/289 3120/1/288 112/1/286 114/1/291
f 3121/1/289 3119/1/287 107/1/275 113/1/290
f 3119/1/287 3121/1/289 114/1/291 108/1/278
f 3122/1/292 3123/1/293 111/1/285 113/1/290
f 3123/1/293 3122/1/292 114/1/291 112/1/286
f 3123/1/293 3124/1/294 115/1/295 111/1/285
f 3124/1/294 3123/1/293 112/1/286 116/1/296
f 3124/1/294 3122/1/292 113/1/290 115/1/295
f 3122/1/292 3124/1/294 116/1/296 114/1/291
f 3125/1/297 3126/1/298 119/1/299 117/1/300
f 3126/1/298 3125/1/297 118/1/301 120/1/302
f 3126/1/298 3127/1/303 121/1/304 119/1/299
f 3127/1/303 3126/1/298 120/1/302 122/1/305
f 3127/1/303 3125/1/297 117/1/300 121/1/304
f 3125/1/297 3127/1/303 122/1/305 118/1/301
f 3128/1/306 3129/1/307 121/1/304 123/1/308
f 3129/1/307 3128/1/306 124/1/309 122/1/305
f 3129/1/307 3130/1/310 119/1/299 121/1/304
f 3130/1/310 3129/1/307 122/1/305 120/1/302
f 3130/1/310 3128/1/306 123/1/308 119/1/299
f 3128/1/306 3130/1/310 120/1/302 124/1/309
f 3131/1/311 3132/1/312 121/1/304 117/1/300
f 3132/1/312 3131/1/311 118/1/301 122/1/305
f 3132/1/312 3133/1/313 125/1/314 121/1/304
f 3133/1/313 3132/1/312 122/1/305 126/1/315
f 3133/1/313 3131/1/311 117/1/300 125/1/314
f 3131/1/311 3133/1/313 126/1/315 118/1/301
f 3134/1/316 3135/1/317 127/1/318 125/1/314
f 3135/1/317 3134/1/316 126/1/315 128/1/319
f 3135/1/317 3136/1/320 117/1/300 127/1/318
f 3136/1/320 3135/1/317 128/1/319 118/1/301
f 3136/1/320 3134/1/316 125/1/314 117/1/300
f 3134/1/316 3136/1/320 118/1/301 126/1/315
f 3137/1/321 3138/1/322 123/1/308 121/1/304
f 3138/1/322 3137/1/321 122/1/305 124/1/309
f 3138/1/322 3139/1/323 129/1/324 123/1/308
f 3139/1/323 3138/1/322 124/1/309 130/1/325
f 3139/1/323 3137/1/321 121/1/304 129/1/324
f 3137/1/321 3139/1/323 130/1/325 122/1/305
f 3140/1/326 3141/1/327 129/1/324 131/1/328
f 3141/1/327 3140/1/326 132/1/329 130/1/325
f 3141/1/327 3142/1/330 123/1/308 129/1/324
f 3142/1/330 3141/1/327 130/1/325 124/1/309
f 3142/1/330 3140/1/326 131/1/328 123/1/308
f 3140/1/326 3142/1/330 124/1/309 132/1/329
f 3143/1/331 3144/1/332 133/1/333 121/1/304
f 3144/1/332 3143/1/331 122/1/305 134/1/334
f 3144/1/332 3145/1/335 125/1/314 133/1/333
f 3145/1/335 3144/1/332 134/1/334 126/1/315
f 3145/1/335 3143/1/331 121/1/304 125/1/314
f 3143/1/331 3145/1/335 126/1/315 122/1/305
f 3146/1/336 3147/1/337 125/1/314 127/1/318
f 3147/1/337 3146/1/336 128/1/319 126/1/315
f 3147/1/337 3148/1/338 133/1/333 125/1/314
f 3148/1/338 3147/1/337 126/1/315 134/1/334
f 3148/1/338 3146/1/336 127/1/318 133/1/333
f 3146/1/336 3148/1/338 134/1/334 128/1/319
f 3149/1/339 3150/1/340 121/1/304 135/1/341
f 3150/1/340 3149/1/339 136/1/342 122/1/305
f 3150/1/340 3151/1/343 129/1/324 121/1/304
f 3151/1/343 3150/1/340 122/1/305 130/1/325
f 3151/1/343 3149/1/339 135/1/341 129/1/324
f 3149/1/339 3151/1/343 130/1/325 136/1/342
f 3152/1/344 3153/1/345 131/1/328 129/1/324
f 3153/1/345 3152/1/344 130/1/325 132/1/329
f 3153/1/345 3154/1/346 135/1/341 131/1/328
f 3154/1/346 3153/1/345 132/1/329 136/1/342
f 3154/1/346 3152/1/344 129/1/324 135/1/341
f 3152/1/344 3154/1/346 136/1/342 130/1/325
f 3155/1/347 3156/1/348 121/1/304 133/1/333
f 3156/1/348 3155/1/347 134/1/334 122/1/305
f 3156/1/348 3157/1/349 135/1/341 121/1/304
f 3157/1/349 3156/1/348 122/1/305 136/1/342
f 3157/1/349 3155/1/347 133/1/333 135/1/341
f 3155/1/347 3157/1/349 136/1/342 134/1/334
f 3158/1/350 3159/1/351 135/1/341 137/1/352
f 3159/1/351 3158/1/350 138/1/353 136/1/342
f 3159/1/351 3160/1/354 131/1/328 135/1/341
f 3160/1/354 3159/1/351 136/1/342 132/1/329
f 3160/1/354 3158/1/350 137/1/352 131/1/328
f 3158/1/350 3160/1/354 132/1/329 138/1/353
f 3161/1/355 3162/1/356 139/1/357 131/1/328
f 3162/1/356 3161/1/355 132/1/329 140/1/358
f 3162/1/356 3163/1/359 137/1/352 139/1/357
f 3163/1/359 3162/1/356 140/1/358 138/1/353
f 3163/1/359 3161/1/355 131/1/328 137/1/352
f 3161/1/355 3163/1/359 138/1/353 132/1/329
f 3164/1/360 3165/1/361 135/1/341 141/1/362
f 3165/1/361 3164/1/360 142/1/363 136/1/342
f 3165/1/361 3166/1/364 137/1/352 135/1/341
f 3166/1/364 3165/1/361 136/1/342 138/1/353
f 3166/1/364 3164/1/360 141/1/362 137/1/352
f 3164/1/360 3166/1/364 138/1/353 142/1/363
f 3167/1/365 3168/1/366 141/1/362 139/1/357
f 3168/1/366 3167/1/365 140/1/358 142/1/363
f 3168/1/366 3169/1/367 137/1/352 141/1/362
f 3169/1/367 3168/1/366 142/1/363 138/1/353
f 3169/1/367 3167/1/365 139/1/357 137/1/352
f 3167/1/365 3169/1/367 138/1/353 140/1/358
f 3170/1/368 3171/1/369 141/1/362 135/1/341
f 3171/1/369 3170/1/368 136/1/342 142/1/363
f 3171/1/369 3172/1/370 133/1/333 141/1/362
f 3172/1/370 3171/1/369 142/1/363 134/1/334
f 3172/1/370 3170/1/368 135/1/341 133/1/333
f 3170/1/368 3172/1/370 134/1/334 136/1/342
f 3173/1/371 3174/1/372 139/1/357 141/1/362
f 3174/1/372 3173/1/371 142/1/363 140/1/358
f 3174/1/372 3175/1/373 143/1/374 139/1/357
f 3175/1/373 3174/1/372 140/1/358 144/1/375
f 3175/1/373 3173/1/371 141/1/362 143/1/374
f 3173/1/371 3175/1/373 144/1/375 142/1/363
f 3176/1/376 3177/1/377 127/1/318 145/1/378
f 3177/1/377 3176/1/376 146/1/379 128/1/319
f 3177/1/377 3178/1/380 133/1/333 127/1/318
f 3178/1/380 3177/1/377 128/1/319 134/1/334
f 3178/1/380 3176/1/376 145/1/378 133/1/333
f 3176/1/376 3178/1/380 134/1/334 146/1/379
f 3179/1/381 3180/1/382 141/1/362 133/1/333
f 3180/1/382 3179/1/381 134/1/334 142/1/363
f 3180/1/382 3181/1/383 145/1/378 141/1/362
f 3181/1/383 3180/1/382 142/1/363 146/1/379
f 3181/1/383 3179/1/381 133/1/333 145/1/378
f 3179/1/381 3181/1/383 146/1/379 134/1/334
f 3182/1/384 3183/1/385 145/1/378 127/1/318
f 3183/1/385 3182/1/384 128/1/319 146/1/379
f 3183/1/385 3184/1/386 147/1/387 145/1/378
f 3184/1/386 3183/1/385 146/1/379 148/1/388
f 3184/1/386 3182/1/384 127/1/318 147/1/387
f 3182/1/384 3184/1/386 148/1/388 128/1/319
f 3185/1/389 3186/1/390 141/1/362 147/1/387
f 3186/1/390 3185/1/389 148/1/388 142/1/363
f 3186/1/390 3187/1/391 143/1/374 141/1/362
f 3187/1/391 3186/1/390 142/1/363 144/1/375
f 3187/1/391 3185/1/389 147/1/387 143/1/374
f 3185/1/389 3187/1/391 144/1/375 148/1/388
f 3188/1/392 3189/1/393 147/1/387 141/1/362
f 3189/1/393 3188/1/392 142/1/363 148/1/388
f 3189/1/393 3190/1/394 145/1/378 147/1/387
f 3190/1/394 3189/1/393 148/1/388 146/1/379
f 3190/1/394 3188/1/392 141/1/362 145/1/378
f 3188/1/392 3190/1/394 146/1/379 142/1/363
f 3191/1/395 3192/1/396 151/1/397 149/1/398
f 3192/1/396 3191/1/395 150/1/399 152/1/400
f 3192/1/396 3193/1/401 153/1/402 151/1/397
f 3193/1/401 3192/1/396 152/1/400 154/1/403
f 3193/1/401 3191/1/395 149/1/398 153/1/402
f 3191/1/395 3193/1/401 154/1/403 150/1/399
f 3194/1/404 3195/1/405 151/1/397 155/1/406
f 3195/1/405 3194/1/404 156/1/407 152/1/400
f 3195/1/405 3196/1/408 149/1/398 151/1/397
f 3196/1/408 3195/1/405 152/1/400 150/1/399
f 3196/1/408 3194/1/404 155/1/406 149/1/398
f 3194/1/404 3196/1/408 150/1/399 156/1/407
f 3197/1/409 3198/1/410 157/1/411 151/1/397
f 3198/1/410 3197/1/409 152/1/400 158/1/412
f 3198/1/410 3199/1/413 153/1/402 157/1/411
f 3199/1/413 3198/1/410 158/1/412 154/1/403
f 3199/1/413 3197/1/409 151/1/397 153/1/402
f 3197/1/409 3199/1/413 154/1/403 152/1/400
f 3200/1/414 3201/1/415 155/1/406 151/1/397
f 3201/1/415 3200/1/414 152/1/400 156/1/407
f 3201/1/415 3202/1/416 159/1/417 155/1/406
f 3202/1/416 3201/1/415 156/1/407 160/1/418
f 3202/1/416 3200/1/414 151/1/397 159/1/417
f 3200/1/414 3202/1/416 160/1/418 152/1/400
f 3203/1/419 3204/1/420 153/1/402 161/1/421
f 3204/1/420 3203/1/419 162/1/422 154/1/403
f 3204/1/420 3205/1/423 157/1/411 153/1/402
f 3205/1/423 3204/1/420 154/1/403 158/1/412
f 3205/1/423 3203/1/419 161/1/421 157/1/411
f 3203/1/419 3205/1/423 158/1/412 162/1/422
f 3206/1/424 3207/1/425 159/1/417 163/1/426
f 3207/1/425 3206/1/424 164/1/427 160/1/418
f 3207/1/425 3208/1/428 155/1/406 159/1/417
f 3208/1/428 3207/1/425 160/1/418 156/1/407
f 3208/1/428 3206/1/424 163/1/426 155/1/406
f 3206/1/424 3208/1/428 156/1/407 164/1/427
f 3209/1/429 3210/1/430 161/1/421 153/1/402
f 3210/1/430 3209/1/429 154/1/403 162/1/422
f 3210/1/430 3211/1/431 165/1/432 161/1/421
f 3211/1/431 3210/1/430 162/1/422 166/1/433
f 3211/1/431 3209/1/429 153/1/402 165/1/432
f 3209/1/429 3211/1/431 166/1/433 154/1/403
f 3212/1/434 3213/1/435 163/1/426 167/1/436
f 3213/1/435 3212/1/434 168/1/437 164/1/427
f 3213/1/435 3214/1/438 155/1/406 163/1/426
f 3214/1/438 3213/1/435 164/1/427 156/1/407
f 3214/1/438 3212/1/434 167/1/436 155/1/406
f 3212/1/434 3214/1/438 156/1/407 168/1/437
f 3215/1/439 3216/1/440 169/1/441 161/1/421
f 3216/1/440 3215/1/439 162/1/422 170/1/442
f 3216/1/440 3217/1/443 165/1/432 169/1/441
f 3217/1/443 3216/1/440 170/1/442 166/1/433
f 3217/1/443 3215/1/439 161/1/421 165/1/432
f 3215/1/439 3217/1/443 166/1/433 162/1/422
f 3218/1/444 3219/1/445 163/1/426 171/1/446
f 3219/1/445 3218/1/444 172/1/447 164/1/427
f 3219/1/445 3220/1/448 167/1/436 163/1/426
f 3220/1/448 3219/1/445 164/1/427 168/1/437
f 3220/1/448 3218/1/444 171/1/446 167/1/436
f 3218/1/444 3220/1/448 168/1/437 172/1/447
f 3221/1/449 3222/1/450 161/1/421 169/1/441
f 3222/1/450 3221/1/449 170/1/442 162/1/422
f 3222/1/450 3223/1/451 173/1/452 161/1/421
f 3223/1/451 3222/1/450 162/1/422 174/1/453
f 3223/1/451 3221/1/449 169/1/441 173/1/452
f 3221/1/449 3223/1/451 174/1/453 170/1/442
f 3224/1/454 3225/1/455 171/1/446 163/1/426
f 3225/1/455 3224/1/454 164/1/427 172/1/447
f 3225/1/455 3226/1/456 175/1/457 171/1/446
f 3226/1/456 3225/1/455 172/1/447 176/1/458
f 3226/1/456 3224/1/454 163/1/426 175/1/457
f 3224/1/454 3226/1/456 176/1/458 164/1/427
f 3227/1/459 3228/1/460 169/1/441 177/1/147
f 3228/1/460 3227/1/459 178/1/461 170/1/442
f 3228/1/460 3229/1/462 173/1/452 169/1/441
f 3229/1/462 3228/1/460 170/1/442 174/1/453
f 3229/1/462 3227/1/459 177/1/147 173/1/452
f 3227/1/459 3229/1/462 174/1/453 178/1/461
f 3230/1/463 3231/1/464 175/1/457 177/1/147
f 3231/1/464 3230/1/463 178/1/461 176/1/458
f 3231/1/464 3232/1/465 171/1/446 175/1/457
f 3232/1/465 3231/1/464 176/1/458 172/1/447
f 3232/1/465 3230/1/463 177/1/147 171/1/446
f 3230/1/463 3232/1/465 172/1/447 178/1/461
f 3233/1/466 3234/1/467 177/1/147 169/1/441
f 3234/1/467 3233/1/466 170/1/442 178/1/461
f 3234/1/467 3235/1/468 179/1/469 177/1/147
f 3235/1/468 3234/1/467 178/1/461 180/1/470
f 3235/1/468 3233/1/466 169/1/441 179/1/469
f 3233/1/466 3235/1/468 180/1/470 170/1/442
f 3236/1/471 3237/1/472 177/1/147 179/1/469
f 3237/1/472 3236/1/471 180/1/470 178/1/461
f 3237/1/472 3238/1/473 171/1/446 177/1/147
f 3238/1/473 3237/1/472 178/1/461 172/1/447
f 3238/1/473 3236/1/471 179/1/469 171/1/446
f 3236/1/471 3238/1/473 172/1/447 180/1/470
f 3239/1/474 3240/1/475 183/1/476 181/1/477
f 3240/1/475 3239/1/474 182/1/478 184/1/479
f 3240/1/475 3241/1/480 185/1/481 183/1/476
f 3241/1/480 3240/1/475 184/1/479 186/1/482
f 3241/1/480 3239/1/474 181/1/477 185/1/481
f 3239/1/474 3241/1/480 186/1/482 182/1/478
f 3242/1/483 3243/1/484 187/1/485 183/1/476
f 3243/1/484 3242/1/483 184/1/479 188/1/486
f 3243/1/484 3244/1/487 185/1/481 187/1/485
f 3244/1/487 3243/1/484 188/1/486 186/1/482
f 3244/1/487 3242/1/483 183/1/476 185/1/481
f 3242/1/483 3244/1/487 186/1/482 184/1/479
f 3245/1/488 3246/1/489 183/1/476 187/1/485
f 3246/1/489 3245/1/488 188/1/486 184/1/479
f 3246/1/489 3247/1/490 189/1/491 183/1/476
f 3247/1/490 3246/1/489 184/1/479 190/1/492
f 3247/1/490 3245/1/488 187/1/485 189/1/491
f 3245/1/488 3247/1/490 190/1/492 188/1/486
f 3248/1/493 3249/1/494 181/1/477 191/1/495
f 3249/1/494 3248/1/493 192/1/496 182/1/478
f 3249/1/494 3250/1/497 185/1/481 181/1/477
f 3250/1/497 3249/1/494 182/1/478 186/1/482
f 3250/1/497 3248/1/493 191/1/495 185/1/481
f 3248/1/493 3250/1/497 186/1/482 192/1/496
f 3251/1/498 3252/1/499 191/1/495 181/1/477
f 3252/1/499 3251/1/498 182/1/478 192/1/496
f 3252/1/499 3253/1/500 193/1/501 191/1/495
f 3253/1/500 3252/1/499 192/1/496 194/1/502
f 3253/1/500 3251/1/498 181/1/477 193/1/501
f 3251/1/498 3253/1/500 194/1/502 182/1/478
f 3254/1/503 3255/1/504 193/1/501 195/1/505
f 3255/1/504 3254/1/503 196/1/506 194/1/502
f 3255/1/504 3256/1/507 191/1/495 193/1/501
f 3256/1/507 3255/1/504 194/1/502 192/1/496
f 3256/1/507 3254/1/503 195/1/505 191/1/495
f 3254/1/503 3256/1/507 192/1/496 196/1/506
f 3257/1/508 3258/1/509 197/1/510 195/1/505
f 3258/1/509 3257/1/508 196/1/506 198/1/511
f 3258/1/509 3259/1/512 193/1/501 197/1/510
f 3259/1/512 3258/1/509 198/1/511 194/1/502
f 3259/1/512 3257/1/508 195/1/505 193/1/501
f 3257/1/508 3259/1/512 194/1/502 196/1/506
f 3260/1/513 3261/1/514 193/1/501 199/1/515
f 3261/1/514 3260/1/513 200/1/516 194/1/502
f 3261/1/514 3262/1/517 197/1/510 193/1/501
f 3262/1/517 3261/1/514 194/1/502 198/1/511
f 3262/1/517 3260/1/513 199/1/515 197/1/510
f 3260/1/513 3262/1/517 198/1/511 200/1/516
f 3263/1/518 3264/1/519 201/1/520 193/1/501
f 3264/1/519 3263/1/518 194/1/502 202/1/521
f 3264/1/519 3265/1/522 181/1/477 201/1/520
f 3265/1/522 3264/1/519 202/1/521 182/1/478
f 3265/1/522 3263/1/518 193/1/501 181/1/477
f 3263/1/518 3265/1/522 182/1/478 194/1/502
f 3266/1/523 3267/1/524 203/1/525 201/1/520
f 3267/1/524 3266/1/523 202/1/521 204/1/526
f 3267/1/524 3268/1/527 181/1/477 203/1/525
f 3268/1/527 3267/1/524 204/1/526 182/1/478
f 3268/1/527 3266/1/523 201/1/520 181/1/477
f 3266/1/523 3268/1/527 182/1/478 202/1/521
f 3269/1/528 3270/1/529 201/1/520 203/1/525
f 3270/1/529 3269/1/528 204/1/526 202/1/521
f 3270/1/529 3271/1/530 205/1/531 201/1/520
f 3271/1/530 3270/1/529 202/1/521 206/1/532
f 3271/1/530 3269/1/528 203/1/525 205/1/531
f 3269/1/528 3271/1/530 206/1/532 204/1/526
f 3272/1/533 3273/1/534 201/1/520 205/1/531
f 3273/1/534 3272/1/533 206/1/532 202/1/521
f 3273/1/534 3274/1/535 207/1/536 201/1/520
f 3274/1/535 3273/1/534 202/1/521 208/1/537
f 3274/1/535 3272/1/533 205/1/531 207/1/536
f 3272/1/533 3274/1/535 208/1/537 206/1/532
f 3275/1/538 3276/1/539 211/1/540 209/1/541
f 3276/1/539 3275/1/538 210/1/542 212/1/543
f 3276/1/539 3277/1/544 213/1/545 211/1/540
f 3277/1/544 3276/1/539 212/1/543 214/1/546
f 3277/1/544 3275/1/538 209/1/541 213/1/545
f 3275/1/538 3277/1/544 214/1/546 210/1/542
f 3278/1/547 3279/1/548 213/1/545 209/1/541
f 3279/1/548 3278/1/547 210/1/542 214/1/546
f 3279/1/548 3280/1/549 215/1/550 213/1/545
f 3280/1/549 3279/1/548 214/1/546 216/1/551
f 3280/1/549 3278/1/547 209/1/541 215/1/550
f 3278/1/547 3280/1/549 216/1/551 210/1/542
f 3281/1/552 3282/1/553 219/1/554 217/1/555
f 3282/1/553 3281/1/552 218/1/556 220/1/557
f 3282/1/553 3283/1/558 221/1/559 219/1/554
f 3283/1/558 3282/1/553 220/1/557 222/1/560
f 3283/1/558 3281/1/552 217/1/555 221/1/559
f 3281/1/552 3283/1/558 222/1/560 218/1/556
f 3284/1/561 3285/1/562 217/1/555 219/1/554
f 3285/1/562 3284/1/561 220/1/557 218/1/556
f 3285/1/562 3286/1/563 223/1/564 217/1/555
f 3286/1/563 3285/1/562 218/1/556 224/1/565
f 3286/1/563 3284/1/561 219/1/554 223/1/564
f 3284/1/561 3286/1/563 224/1/565 220/1/557
f 3287/1/566 3288/1/567 221/1/559 225/1/568
f 3288/1/567 3287/1/566 226/1/569 222/1/560
f 3288/1/567 3289/1/570 219/1/554 221/1/559
f 3289/1/570 3288/1/567 222/1/560 220/1/557
f 3289/1/570 3287/1/566 225/1/568 219/1/554
f 3287/1/566 3289/1/570 220/1/557 226/1/569
f 3290/1/571 3291/1/572 225/1/568 221/1/559
f 3291/1/572 3290/1/571 222/1/560 226/1/569
f 3291/1/572 3292/1/573 227/1/574 225/1/568
f 3292/1/573 3291/1/572 226/1/569 228/1/575
f 3292/1/573 3290/1/571 221/1/559 227/1/574
f 3290/1/571 3292/1/573 228/1/575 222/1/560
f 3293/1/576 3294/1/577 231/1/578 229/1/579
f 3294/1/577 3293/1/576 230/1/580 232/1/581
f 3294/1/577 3295/1/582 233/1/583 231/1/578
f 3295/1/582 3294/1/577 232/1/581 234/1/584
f 3295/1/582 3293/1/576 229/1/579 233/1/583
f 3293/1/576 3295/1/582 234/1/584 230/1/580
f 3296/1/585 3297/1/586 235/1/587 233/1/583
f 3297/1/586 3296/1/585 234/1/584 236/1/588
f 3297/1/586 3298/1/589 229/1/579 235/1/587
f 3298/1/589 3297/1/586 236/1/588 230/1/580
f 3298/1/589 3296/1/585 233/1/583 229/1/579
f 3296/1/585 3298/1/589 230/1/580 234/1/584
f 3299/1/590 3300/1/591 237/1/592 231/1/578
f 3300/1/591 3299/1/590 232/1/581 238/1/593
f 3300/1/591 3301/1/594 233/1/583 237/1/592
f 3301/1/594 3300/1/591 238/1/593 234/1/584
f 3301/1/594 3299/1/590 231/1/578 233/1/583
f 3299/1/590 3301/1/594 234/1/584 232/1/581
f 3302/1/595 3303/1/596 239/1/597 231/1/578
f 3303/1/596 3302/1/595 232/1/581 240/1/598
f 3303/1/596 3304/1/599 237/1/592 239/1/597
f 3304/1/599 3303/1/596 240/1/598 238/1/593
f 3304/1/599 3302/1/595 231/1/578 237/1/592
f 3302/1/595 3304/1/599 238/1/593 232/1/581
f 3305/1/600 3306/1/601 243/1/602 241/1/603
f 3306/1/601 3305/1/600 242/1/604 244/1/605
f 3306/1/601 3307/1/606 245/1/607 243/1/602
f 3307/1/606 3306/1/601 244/1/605 246/1/608
f 3307/1/606 3305/1/600 241/1/603 245/1/607
f 3305/1/600 3307/1/606 246/1/608 242/1/604
f 3308/1/609 3309/1/610 245/1/607 247/1/611
f 3309/1/610 3308/1/609 248/1/612 246/1/608
f 3309/1/610 3310/1/613 243/1/602 245/1/607
f 3310/1/613 3309/1/610 246/1/608 244/1/605
f 3310/1/613 3308/1/609 247/1/611 243/1/602
f 3308/1/609 3310/1/613 244/1/605 248/1/612
f 3311/1/614 3312/1/615 241/1/603 243/1/602
f 3312/1/615 3311/1/614 244/1/605 242/1/604
f 3312/1/615 3313/1/616 249/1/617 241/1/603
f 3313/1/616 3312/1/615 242/1/604 250/1/618
f 3313/1/616 3311/1/614 243/1/602 249/1/617
f 3311/1/614 3313/1/616 250/1/618 244/1/605
f 3314/1/619 3315/1/620 243/1/602 247/1/611
f 3315/1/620 3314/1/619 248/1/612 244/1/605
f 3315/1/620 3316/1/621 251/1/622 243/1/602
f 3316/1/621 3315/1/620 244/1/605 252/1/623
f 3316/1/621 3314/1/619 247/1/611 251/1/622
f 3314/1/619 3316/1/621 252/1/623 248/1/612
f 3317/1/624 3318/1/625 249/1/617 253/1/626
f 3318/1/625 3317/1/624 254/1/627 250/1/618
f 3318/1/625 3319/1/628 241/1/603 249/1/617
f 3319/1/628 3318/1/625 250/1/618 242/1/604
f 3319/1/628 3317/1/624 253/1/626 241/1/603
f 3317/1/624 3319/1/628 242/1/604 254/1/627
f 3320/1/629 3321/1/630 247/1/611 255/1/631
f 3321/1/630 3320/1/629 256/1/632 248/1/612
f 3321/1/630 3322/1/633 251/1/622 247/1/611
f 3322/1/633 3321/1/630 248/1/612 252/1/623
f 3322/1/633 3320/1/629 255/1/631 251/1/622
f 3320/1/629 3322/1/633 252/1/623 256/1/632
f 3323/1/634 3324/1/635 257/1/636 241/1/603
f 3324/1/635 3323/1/634 242/1/604 258/1/637
f 3324/1/635 3325/1/638 253/1/626 257/1/636
f 3325/1/638 3324/1/635 258/1/637 254/1/627
f 3325/1/638 3323/1/634 241/1/603 253/1/626
f 3323/1/634 3325/1/638 254/1/627 242/1/604
f 3326/1/639 3327/1/640 255/1/631 247/1/611
f 3327/1/640 3326/1/639 248/1/612 256/1/632
f 3327/1/640 3328/1/641 259/1/642 255/1/631
f 3328/1/641 3327/1/640 256/1/632 260/1/643
f 3328/1/641 3326/1/639 247/1/611 259/1/642
f 3326/1/639 3328/1/641 260/1/643 248/1/612
f 3329/1/644 3330/1/645 253/1/626 261/1/646
f 3330/1/645 3329/1/644 262/1/647 254/1/627
f 3330/1/645 3331/1/648 257/1/636 253/1/626
f 3331/1/648 3330/1/645 254/1/627 258/1/637
f 3331/1/648 3329/1/644 261/1/646 257/1/636
f 3329/1/644 3331/1/648 258/1/637 262/1/647
f 3332/1/649 3333/1/650 259/1/642 263/1/651
f 3333/1/650 3332/1/649 264/1/652 260/1/643
f 3333/1/650 3334/1/653 255/1/631 259/1/642
f 3334/1/653 3333/1/650 260/1/643 256/1/632
f 3334/1/653 3332/1/649 263/1/651 255/1/631
f 3332/1/649 3334/1/653 256/1/632 264/1/652
f 3335/1/654 3336/1/655 261/1/646 253/1/626
f 3336/1/655 3335/1/654 254/1/627 262/1/647
f 3336/1/655 3337/1/656 265/1/657 261/1/646
f 3337/1/656 3336/1/655 262/1/647 266/1/658
f 3337/1/656 3335/1/654 253/1/626 265/1/657
f 3335/1/654 3337/1/656 266/1/658 254/1/627
f 3338/1/659 3339/1/660 255/1/631 263/1/651
f 3339/1/660 3338/1/659 264/1/652 256/1/632
f 3339/1/660 3340/1/661 267/1/662 255/1/631
f 3340/1/661 3339/1/660 256/1/632 268/1/663
f 3340/1/661 3338/1/659 263/1/651 267/1/662
f 3338/1/659 3340/1/661 268/1/663 264/1/652
f 3341/1/664 3342/1/665 269/1/666 261/1/646
f 3342/1/665 3341/1/664 262/1/647 270/1/667
f 3342/1/665 3343/1/668 265/1/657 269/1/666
f 3343/1/668 3342/1/665 270/1/667 266/1/658
f 3343/1/668 3341/1/664 261/1/646 265/1/657
f 3341/1/664 3343/1/668 266/1/658 262/1/647
f 3344/1/669 3345/1/670 263/1/651 269/1/666
f 3345/1/670 3344/1/669 270/1/667 264/1/652
f 3345/1/670 3346/1/671 267/1/662 263/1/651
f 3346/1/671 3345/1/670 264/1/652 268/1/663
f 3346/1/671 3344/1/669 269/1/666 267/1/662
f 3344/1/669 3346/1/671 268/1/663 270/1/667
f 3347/1/672 3348/1/673 271/1/674 261/1/646
f 3348/1/673 3347/1/672 262/1/647 272/1/675
f 3348/1/673 3349/1/676 269/1/666 271/1/674
f 3349/1/676 3348/1/673 272/1/675 270/1/667
f 3349/1/676 3347/1/672 261/1/646 269/1/666
f 3347/1/672 3349/1/676 270/1/667 262/1/647
f 3350/1/677 3351/1/678 269/1/666 263/1/651
f 3351/1/678 3350/1/677 264/1/652 270/1/667
f 3351/1/678 3352/1/679 271/1/674 269/1/666
f 3352/1/679 3351/1/678 270/1/667 272/1/675
f 3352/1/679 3350/1/677 263/1/651 271/1/674
f 3350/1/677 3352/1/679 272/1/675 264/1/652
f 3353/1/680 3354/1/681 275/1/682 273/1/683
f 3354/1/681 3353/1/680 274/1/684 276/1/685
f 3354/1/681 3355/1/686 277/1/687 275/1/682
f 3355/1/686 3354/1/681 276/1/685 278/1/688
f 3355/1/686 3353/1/680 273/1/683 277/1/687
f 3353/1/680 3355/1/686 278/1/688 274/1/684
f 3356/1/689 3357/1/690 277/1/687 279/1/691
f 3357/1/690 3356/1/689 280/1/692 278/1/688
f 3357/1/690 3358/1/693 275/1/682 277/1/687
f 3358/1/693 3357/1/690 278/1/688 276/1/685
f 3358/1/693 3356/1/689 279/1/691 275/1/682
f 3356/1/689 3358/1/693 276/1/685 280/1/692
f 3359/1/694 3360/1/695 273/1/683 275/1/682
f 3360/1/695 3359/1/694 276/1/685 274/1/684
f 3360/1/695 3361/1/696 281/1/697 273/1/683
f 3361/1/696 3360/1/695 274/1/684 282/1/698
f 3361/1/696 3359/1/694 275/1/682 281/1/697
f 3359/1/694 3361/1/696 282/1/698 276/1/685
f 3362/1/699 3363/1/700 275/1/682 279/1/691
f 3363/1/700 3362/1/699 280/1/692 276/1/685
f 3363/1/700 3364/1/701 283/1/702 275/1/682
f 3364/1/701 3363/1/700 276/1/685 284/1/703
f 3364/1/701 3362/1/699 279/1/691 283/1/702
f 3362/1/699 3364/1/701 284/1/703 280/1/692
f 3365/1/704 3366/1/705 281/1/697 285/1/706
f 3366/1/705 3365/1/704 286/1/707 282/1/698
f 3366/1/705 3367/1/708 273/1/683 281/1/697
f 3367/1/708 3366/1/705 282/1/698 274/1/684
f 3367/1/708 3365/1/704 285/1/706 273/1/683
f 3365/1/704 3367/1/708 274/1/684 286/1/707
f 3368/1/709 3369/1/710 279/1/691 287/1/711
f 3369/1/710 3368/1/709 288/1/712 280/1/692
f 3369/1/710 3370/1/713 283/1/702 279/1/691
f 3370/1/713 3369/1/710 280/1/692 284/1/703
f 3370/1/713 3368/1/709 287/1/711 283/1/702
f 3368/1/709 3370/1/713 284/1/703 288/1/712
f 3371/1/714 3372/1/715 289/1/716 273/1/683
f 3372/1/715 3371/1/714 274/1/684 290/1/717
f 3372/1/715 3373/1/718 285/1/706 289/1/716
f 3373/1/718 3372/1/715 290/1/717 286/1/707
f 3373/1/718 3371/1/714 273/1/683 285/1/706
f 3371/1/714 3373/1/718 286/1/707 274/1/684
f 3374/1/719 3375/1/720 287/1/711 279/1/691
f 3375/1/720 3374/1/719 280/1/692 288/1/712
f 3375/1/720 3376/1/721 291/1/722 287/1/711
f 3376/1/721 3375/1/720 288/1/712 292/1/723
f 3376/1/721 3374/1/719 279/1/691 291/1/722
f 3374/1/719 3376/1/721 292/1/723 280/1/692
f 3377/1/724 3378/1/725 285/1/706 293/1/726
f 3378/1/725 3377/1/724 294/1/727 286/1/707
f 3378/1/725 3379/1/728 289/1/716 285/1/706
f 3379/1/728 3378/1/725 286/1/707 290/1/717
f 3379/1/728 3377/1/724 293/1/726 289/1/716
f 3377/1/724 3379/1/728 290/1/717 294/1/727
f 3380/1/729 3381/1/730 291/1/722 295/1/731
f 3381/1/730 3380/1/729 296/1/652 292/1/723
f 3381/1/730 3382/1/732 287/1/711 291/1/722
f 3382/1/732 3381/1/730 292/1/723 288/1/712
f 3382/1/732 3380/1/729 295/1/731 287/1/711
f 3380/1/729 3382/1/732 288/1/712 296/1/652
f 3383/1/733 3384/1/734 293/1/726 285/1/706
f 3384/1/734 3383/1/733 286/1/707 294/1/727
f 3384/1/734 3385/1/735 297/1/736 293/1/726
f 3385/1/735 3384/1/734 294/1/727 298/1/737
f 3385/1/735 3383/1/733 285/1/706 297/1/736
f 3383/1/733 3385/1/735 298/1/737 286/1/707
f 3386/1/738 3387/1/739 287/1/711 295/1/731
f 3387/1/739 3386/1/738 296/1/652 288/1/712
f 3387/1/739 3388/1/740 299/1/741 287/1/711
f 3388/1/740 3387/1/739 288/1/712 300/1/742
f 3388/1/740 3386/1/738 295/1/731 299/1/741
f 3386/1/738 3388/1/740 300/1/742 296/1/652
f 3389/1/743 3390/1/744 301/1/745 293/1/726
f 3390/1/744 3389/1/743 294/1/727 302/1/746
f 3390/1/744 3391/1/747 297/1/736 301/1/745
f 3391/1/747 3390/1/744 302/1/746 298/1/737
f 3391/1/747 3389/1/743 293/1/726 297/1/736
f 3389/1/743 3391/1/747 298/1/737 294/1/727
f 3392/1/748 3393/1/749 295/1/731 301/1/745
f 3393/1/749 3392/1/748 302/1/746 296/1/652
f 3393/1/749 3394/1/750 299/1/741 295/1/731
f 3394/1/750 3393/1/749 296/1/652 300/1/742
f 3394/1/750 3392/1/748 301/1/745 299/1/741
f 3392/1/748 3394/1/750 300/1/742 302/1/746
f 3395/1/751 3396/1/752 303/1/753 293/1/726
f 3396/1/752 3395/1/751 294/1/727 304/1/754
f 3396/1/752 3397/1/755 301/1/745 303/1/753
f 3397/1/755 3396/1/752 304/1/754 302/1/746
f 3397/1/755 3395/1/751 293/1/726 301/1/745
f 3395/1/751 3397/1/755 302/1/746 294/1/727
f 3398/1/756 3399/1/757 301/1/745 295/1/731
f 3399/1/757 3398/1/756 296/1/652 302/1/746
f 3399/1/757 3400/1/758 303/1/753 301/1/745
f 3400/1/758 3399/1/757 302/1/746 304/1/754
f 3400/1/758 3398/1/756 295/1/731 303/1/753
f 3398/1/756 3400/1/758 304/1/754 296/1/652
f 3401/1/759 3402/1/760 307/1/761 305/1/762
f 3402/1/760 3401/1/759 306/1/763 308/1/764
f 3402/1/760 3403/1/765 309/1/766 307/1/761
f 3403/1/765 3402/1/760 308/1/764 310/1/767
f 3403/1/765 3401/1/759 305/1/762 309/1/766
f 3401/1/759 3403/1/765 310/1/767 306/1/763
f 3404/1/768 3405/1/769 309/1/766 311/1/770
f 3405/1/769 3404/1/768 312/1/771 310/1/767
f 3405/1/769 3406/1/772 307/1/761 309/1/766
f 3406/1/772 3405/1/769 310/1/767 308/1/764
f 3406/1/772 3404/1/768 311/1/770 307/1/761
f 3404/1/768 3406/1/772 308/1/764 312/1/771
f 3407/1/773 3408/1/774 315/1/775 313/1/776
f 3408/1/774 3407/1/773 314/1/777 316/1/778
f 3408/1/774 3409/1/779 317/1/780 315/1/775
f 3409/1/779 3408/1/774 316/1/778 318/1/781
f 3409/1/779 3407/1/773 313/1/776 317/1/780
f 3407/1/773 3409/1/779 318/1/781 314/1/777
f 3410/1/782 3411/1/783 317/1/780 313/1/776
f 3411/1/783 3410/1/782 314/1/777 318/1/781
f 3411/1/783 3412/1/784 319/1/785 317/1/780
f 3412/1/784 3411/1/783 318/1/781 320/1/786
f 3412/1/784 3410/1/782 313/1/776 319/1/785
f 3410/1/782 3412/1/784 320/1/786 314/1/777
f 3413/1/787 3414/1/788 323/1/789 321/1/790
f 3414/1/788 3413/1/787 322/1/791 324/1/792
f 3414/1/788 3415/1/793 325/1/794 323/1/789
f 3415/1/793 3414/1/788 324/1/792 326/1/795
f 3415/1/793 3413/1/787 321/1/790 325/1/794
f 3413/1/787 3415/1/793 326/1/795 322/1/791
f 3416/1/796 3417/1/797 321/1/790 323/1/789
f 3417/1/797 3416/1/796 324/1/792 322/1/791
f 3417/1/797 3418/1/798 327/1/799 321/1/790
f 3418/1/798 3417/1/797 322/1/791 328/1/800
f 3418/1/798 3416/1/796 323/1/789 327/1/799
f 3416/1/796 3418/1/798 328/1/800 324/1/792
f 3419/1/801 3420/1/802 331/1/803 329/1/804
f 3420/1/802 3419/1/801 330/1/805 332/1/806
f 3420/1/802 3421/1/807 333/1/808 331/1/803
f 3421/1/807 3420/1/802 332/1/806 334/1/809
f 3421/1/807 3419/1/801 329/1/804 333/1/808
f 3419/1/801 3421/1/807 334/1/809 330/1/805
f 3422/1/810 3423/1/811 331/1/803 333/1/808
f 3423/1/811 3422/1/810 334/1/809 332/1/806
f 3423/1/811 3424/1/812 335/1/813 331/1/803
f 3424/1/812 3423/1/811 332/1/806 336/1/814
f 3424/1/812 3422/1/810 333/1/808 335/1/813
f 3422/1/810 3424/1/812 336/1/814 334/1/809
f 3425/1/815 3426/1/816 339/1/817 337/1/818
f 3426/1/816 3425/1/815 338/1/819 340/1/820
f 3426/1/816 3427/1/821 341/1/822 339/1/817
f 3427/1/821 3426/1/816 340/1/820 342/1/823
f 3427/1/821 3425/1/815 337/1/818 341/1/822
f 3425/1/815 3427/1/821 342/1/823 338/1/819
f 3428/1/824 3429/1/825 337/1/818 339/1/817
f 3429/1/825 3428/1/824 340/1/820 338/1/819
f 3429/1/825 3430/1/826 343/1/827 337/1/818
f 3430/1/826 3429/1/825 338/1/819 344/1/828
f 3430/1/826 3428/1/824 339/1/817 343/1/827
f 3428/1/824 3430/1/826 344/1/828 340/1/820
f 3431/1/829 3432/1/830 341/1/822 345/1/831
f 3432/1/830 3431/1/829 346/1/832 342/1/823
f 3432/1/830 3433/1/833 339/1/817 341/1/822
f 3433/1/833 3432/1/830 342/1/823 340/1/820
f 3433/1/833 3431/1/829 345/1/831 339/1/817
f 3431/1/829 3433/1/833 340/1/820 346/1/832
f 3434/1/834 3435/1/835 343/1/827 347/1/836
f 3435/1/835 3434/1/834 348/1/837 344/1/828
f 3435/1/835 3436/1/838 337/1/818 343/1/827
f 3436/1/838 3435/1/835 344/1/828 338/1/819
f 3436/1/838 3434/1/834 347/1/836 337/1/818
f 3434/1/834 3436/1/838 338/1/819 348/1/837
f 3437/1/839 3438/1/840 345/1/831 341/1/822
f 3438/1/840 3437/1/839 342/1/823 346/1/832
f 3438/1/840 3439/1/841 349/1/842 345/1/831
f 3439/1/841 3438/1/840 346/1/832 350/1/843
f 3439/1/841 3437/1/839 341/1/822 349/1/842
f 3437/1/839 3439/1/841 350/1/843 342/1/823
f 3440/1/844 3441/1/845 349/1/842 351/1/846
f 3441/1/845 3440/1/844 352/1/847 350/1/843
f 3441/1/845 3442/1/848 345/1/831 349/1/842
f 3442/1/848 3441/1/845 350/1/843 346/1/832
f 3442/1/848 3440/1/844 351/1/846 345/1/831
f 3440/1/844 3442/1/848 346/1/832 352/1/847
f 3443/1/849 3444/1/850 345/1/831 351/1/846
f 3444/1/850 3443/1/849 352/1/847 346/1/832
f 3444/1/850 3445/1/851 353/1/852 345/1/831
f 3445/1/851 3444/1/850 346/1/832 354/1/853
f 3445/1/851 3443/1/849 351/1/846 353/1/852
f 3443/1/849 3445/1/851 354/1/853 352/1/847
f 3446/1/854 3447/1/855 347/1/836 343/1/827
f 3447/1/855 3446/1/854 344/1/828 348/1/837
f 3447/1/855 3448/1/856 355/1/857 347/1/836
f 3448/1/856 3447/1/855 348/1/837 356/1/858
f 3448/1/856 3446/1/854 343/1/827 355/1/857
f 3446/1/854 3448/1/856 356/1/858 344/1/828
f 3449/1/859 3450/1/860 355/1/857 357/1/861
f 3450/1/860 3449/1/859 358/1/862 356/1/858
f 3450/1/860 3451/1/863 347/1/836 355/1/857
f 3451/1/863 3450/1/860 356/1/858 348/1/837
f 3451/1/863 3449/1/859 357/1/861 347/1/836
f 3449/1/859 3451/1/863 348/1/837 358/1/862
f 3452/1/864 3453/1/865 357/1/861 355/1/857
f 3453/1/865 3452/1/864 356/1/858 358/1/862
f 3453/1/865 3454/1/866 359/1/867 357/1/861
f 3454/1/866 3453/1/865 358/1/862 360/1/868
f 3454/1/866 3452/1/864 355/1/857 359/1/867
f 3452/1/864 3454/1/866 360/1/868 356/1/858
f 3455/1/869 3456/1/870 359/1/867 361/1/871
f 3456/1/870 3455/1/869 362/1/872 360/1/868
f 3456/1/870 3457/1/873 357/1/861 359/1/867
f 3457/1/873 3456/1/870 360/1/868 358/1/862
f 3457/1/873 3455/1/869 361/1/871 357/1/861
f 3455/1/869 3457/1/873 358/1/862 362/1/872
f 3458/1/874 3459/1/875 361/1/871 359/1/867
f 3459/1/875 3458/1/874 360/1/868 362/1/872
f 3459/1/875 3460/1/876 363/1/877 361/1/871
f 3460/1/876 3459/1/875 362/1/872 364/1/878
f 3460/1/876 3458/1/874 359/1/867 363/1/877
f 3458/1/874 3460/1/876 364/1/878 360/1/868
f 3461/1/879 3462/1/880 363/1/877 365/1/881
f 3462/1/880 3461/1/879 366/1/882 364/1/878
f 3462/1/880 3463/1/883 361/1/871 363/1/877
f 3463/1/883 3462/1/880 364/1/878 362/1/872
f 3463/1/883 3461/1/879 365/1/881 361/1/871
f 3461/1/879 3463/1/883 362/1/872 366/1/882
f 3464/1/884 3465/1/885 365/1/881 363/1/877
f 3465/1/885 3464/1/884 364/1/878 366/1/882
f 3465/1/885 3466/1/886 367/1/887 365/1/881
f 3466/1/886 3465/1/885 366/1/882 368/1/888
f 3466/1/886 3464/1/884 363/1/877 367/1/887
f 3464/1/884 3466/1/886 368/1/888 364/1/878
f 3467/1/889 3468/1/890 367/1/887 369/1/891
f 3468/1/890 3467/1/889 370/1/892 368/1/888
f 3468/1/890 3469/1/893 365/1/881 367/1/887
f 3469/1/893 3468/1/890 368/1/888 366/1/882
f 3469/1/893 3467/1/889 369/1/891 365/1/881
f 3467/1/889 3469/1/893 366/1/882 370/1/892
f 3470/1/894 3471/1/895 369/1/891 367/1/887
f 3471/1/895 3470/1/894 368/1/888 370/1/892
f 3471/1/895 3472/1/896 371/1/897 369/1/891
f 3472/1/896 3471/1/895 370/1/892 372/1/898
f 3472/1/896 3470/1/894 367/1/887 371/1/897
f 3470/1/894 3472/1/896 372/1/898 368/1/888
f 3473/1/899 3474/1/900 371/1/897 373/1/901
f 3474/1/900 3473/1/899 374/1/902 372/1/898
f 3474/1/900 3475/1/903 369/1/891 371/1/897
f 3475/1/903 3474/1/900 372/1/898 370/1/892
f 3475/1/903 3473/1/899 373/1/901 369/1/891
f 3473/1/899 3475/1/903 370/1/892 374/1/902
f 3476/1/904 3477/1/905 373/1/901 371/1/897
f 3477/1/905 3476/1/904 372/1/898 374/1/902
f 3477/1/905 3478/1/906 375/1/907 373/1/901
f 3478/1/906 3477/1/905 374/1/902 376/1/908
f 3478/1/906 3476/1/904 371/1/897 375/1/907
f 3476/1/904 3478/1/906 376/1/908 372/1/898
f 3479/1/909 3480/1/910 375/1/907 377/1/911
f 3480/1/910 3479/1/909 378/1/912 376/1/908
f 3480/1/910 3481/1/913 373/1/901 375/1/907
f 3481/1/913 3480/1/910 376/1/908 374/1/902
f 3481/1/913 3479/1/909 377/1/911 373/1/901
f 3479/1/909 3481/1/913 374/1/902 378/1/912
f 3482/1/914 3483/1/915 377/1/911 375/1/907
f 3483/1/915 3482/1/914 376/1/908 378/1/912
f 3483/1/915 3484/1/916 379/1/917 377/1/911
f 3484/1/916 3483/1/915 378/1/912 380/1/918
f 3484/1/916 3482/1/914 375/1/907 379/1/917
f 3482/1/914 3484/1/916 380/1/918 376/1/908
f 3485/1/919 3486/1/920 379/1/917 381/1/921
f 3486/1/920 3485/1/919 382/1/922 380/1/918
f 3486/1/920 3487/1/923 377/1/911 379/1/917
f 3487/1/923 3486/1/920 380/1/918 378/1/912
f 3487/1/923 3485/1/919 381/1/921 377/1/911
f 3485/1/919 3487/1/923 378/1/912 382/1/922
f 3488/1/924 3489/1/925 381/1/921 379/1/917
f 3489/1/925 3488/1/924 380/1/918 382/1/922
f 3489/1/925 3490/1/926 383/1/927 381/1/921
f 3490/1/926 3489/1/925 382/1/922 384/1/928
f 3490/1/926 3488/1/924 379/1/917 383/1/927
f 3488/1/924 3490/1/926 384/1/928 380/1/918
f 3491/1/929 3492/1/930 383/1/927 385/1/931
f 3492/1/930 3491/1/929 386/1/932 384/1/928
f 3492/1/930 3493/1/933 381/1/921 383/1/927
f 3493/1/933 3492/1/930 384/1/928 382/1/922
f 3493/1/933 3491/1/929 385/1/931 381/1/921
f 3491/1/929 3493/1/933 382/1/922 386/1/932
f 3494/1/934 3495/1/935 385/1/931 383/1/927
f 3495/1/935 3494/1/934 384/1/928 386/1/932
f 3495/1/935 3496/1/936 387/1/937 385/1/931
f 3496/1/936 3495/1/935 386/1/932 388/1/938
f 3496/1/936 3494/1/934 383/1/927 387/1/937
f 3494/1/934 3496/1/936 388/1/938 384/1/928
f 3497/1/939 3498/1/940 391/1/941 389/1/942
f 3498/1/940 3497/1/939 390/1/943 392/1/944
f 3498/1/940 3499/1/945 393/1/946 391/1/941
f 3499/1/945 3498/1/940 392/1/944 394/1/947
f 3499/1/945 3497/1/939 389/1/942 393/1/946
f 3497/1/939 3499/1/945 394/1/947 390/1/943
f 3500/1/948 3501/1/949 389/1/942 391/1/941
f 3501/1/949 3500/1/948 392/1/944 390/1/943
f 3501/1/949 3502/1/950 395/1/951 389/1/942
f 3502/1/950 3501/1/949 390/1/943 396/1/952
f 3502/1/950 3500/1/948 391/1/941 395/1/951
f 3500/1/948 3502/1/950 396/1/952 392/1/944
f 3503/1/953 3504/1/954 399/1/955 397/1/956
f 3504/1/954 3503/1/953 398/1/957 400/1/958
f 3504/1/954 3505/1/959 401/1/960 399/1/955
f 3505/1/959 3504/1/954 400/1/958 402/1/961
f 3505/1/959 3503/1/953 397/1/956 401/1/960
f 3503/1/953 3505/1/959 402/1/961 398/1/957
f 3506/1/962 3507/1/963 401/1/960 397/1/956
f 3507/1/963 3506/1/962 398/1/957 402/1/961
f 3507/1/963 3508/1/964 403/1/965 401/1/960
f 3508/1/964 3507/1/963 402/1/961 404/1/966
f 3508/1/964 3506/1/962 397/1/956 403/1/965
f 3506/1/962 3508/1/964 404/1/966 398/1/957
f 3509/1/967 3510/1/968 407/1/969 405/1/970
f 3510/1/968 3509/1/967 406/1/971 408/1/972
f 3510/1/968 3511/1/973 409/1/974 407/1/969
f 3511/1/973 3510/1/968 408/1/972 410/1/975
f 3511/1/973 3509/1/967 405/1/970 409/1/974
f 3509/1/967 3511/1/973 410/1/975 406/1/971
f 3512/1/976 3513/1/977 409/1/974 411/1/978
f 3513/1/977 3512/1/976 412/1/979 410/1/975
f 3513/1/977 3514/1/980 407/1/969 409/1/974
f 3514/1/980 3513/1/977 410/1/975 408/1/972
f 3514/1/980 3512/1/976 411/1/978 407/1/969
f 3512/1/976 3514/1/980 408/1/972 412/1/979
f 3515/1/981 3516/1/982 413/1/983 407/1/969
f 3516/1/982 3515/1/981 408/1/972 414/1/984
f 3516/1/982 3517/1/985 411/1/978 413/1/983
f 3517/1/985 3516/1/982 414/1/984 412/1/979
f 3517/1/985 3515/1/981 407/1/969 411/1/978
f 3515/1/981 3517/1/985 412/1/979 408/1/972
f 3518/1/986 3519/1/987 405/1/970 407/1/969
f 3519/1/987 3518/1/986 408/1/972 406/1/971
f 3519/1/987 3520/1/988 415/1/989 405/1/970
f 3520/1/988 3519/1/987 406/1/971 416/1/990
f 3520/1/988 3518/1/986 407/1/969 415/1/989
f 3518/1/986 3520/1/988 416/1/990 408/1/972
f 3521/1/991 3522/1/992 417/1/993 405/1/970
f 3522/1/992 3521/1/991 406/1/971 418/1/994
f 3522/1/992 3523/1/995 415/1/989 417/1/993
f 3523/1/995 3522/1/992 418/1/994 416/1/990
f 3523/1/995 3521/1/991 405/1/970 415/1/989
f 3521/1/991 3523/1/995 416/1/990 406/1/971
f 3524/1/996 3525/1/997 419/1/998 405/1/970
f 3525/1/997 3524/1/996 406/1/971 420/1/999
f 3525/1/997 3526/1/1000 417/1/993 419/1/998
f 3526/1/1000 3525/1/997 420/1/999 418/1/994
f 3526/1/1000 3524/1/996 405/1/970 417/1/993
f 3524/1/996 3526/1/1000 418/1/994 406/1/971
f 3527/1/1001 3528/1/1002 421/1/1003 419/1/998
f 3528/1/1002 3527/1/1001 420/1/999 422/1/1004
f 3528/1/1002 3529/1/1005 417/1/993 421/1/1003
f 3529/1/1005 3528/1/1002 422/1/1004 418/1/994
f 3529/1/1005 3527/1/1001 419/1/998 417/1/993
f 3527/1/1001 3529/1/1005 418/1/994 420/1/999
f 3530/1/1006 3531/1/1007 423/1/1008 419/1/998
f 3531/1/1007 3530/1/1006 420/1/999 424/1/1009
f 3531/1/1007 3532/1/1010 421/1/1003 423/1/1008
f 3532/1/1010 3531/1/1007 424/1/1009 422/1/1004
f 3532/1/1010 3530/1/1006 419/1/998 421/1/1003
f 3530/1/1006 3532/1/1010 422/1/1004 420/1/999
f 3533/1/1011 3534/1/1012 421/1/1003 425/1/1013
f 3534/1/1012 3533/1/1011 426/1/1014 422/1/1004
f 3534/1/1012 3535/1/1015 423/1/1008 421/1/1003
f 3535/1/1015 3534/1/1012 422/1/1004 424/1/1009
f 3535/1/1015 3533/1/1011 425/1/1013 423/1/1008
f 3533/1/1011 3535/1/1015 424/1/1009 426/1/1014
f 3536/1/1016 3537/1/1017 427/1/1018 423/1/1008
f 3537/1/1017 3536/1/1016 424/1/1009 428/1/1019
f 3537/1/1017 3538/1/1020 425/1/1013 427/1/1018
f 3538/1/1020 3537/1/1017 428/1/1019 426/1/1014
f 3538/1/1020 3536/1/1016 423/1/1008 425/1/1013
f 3536/1/1016 3538/1/1020 426/1/1014 424/1/1009
f 3539/1/1021 3540/1/1022 429/1/1023 427/1/1018
f 3540/1/1022 3539/1/1021 428/1/1019 430/1/1024
f 3540/1/1022 3541/1/1025 425/1/1013 429/1/1023
f 3541/1/1025 3540/1/1022 430/1/1024 426/1/1014
f 3541/1/1025 3539/1/1021 427/1/1018 425/1/1013
f 3539/1/1021 3541/1/1025 426/1/1014 428/1/1019
f 3542/1/1026 3543/1/1027 431/1/1028 427/1/1018
f 3543/1/1027 3542/1/1026 428/1/1019 432/1/1029
f 3543/1/1027 3544/1/1030 429/1/1023 431/1/1028
f 3544/1/1030 3543/1/1027 432/1/1029 430/1/1024
f 3544/1/1030 3542/1/1026 427/1/1018 429/1/1023
f 3542/1/1026 3544/1/1030 430/1/1024 428/1/1019
f 3545/1/1031 3546/1/1032 429/1/1023 433/1/1033
f 3546/1/1032 3545/1/1031 434/1/1034 430/1/1024
f 3546/1/1032 3547/1/1035 431/1/1028 429/1/1023
f 3547/1/1035 3546/1/1032 430/1/1024 432/1/1029
f 3547/1/1035 3545/1/1031 433/1/1033 431/1/1028
f 3545/1/1031 3547/1/1035 432/1/1029 434/1/1034
f 3548/1/1036 3549/1/1037 433/1/1033 429/1/1023
f 3549/1/1037 3548/1/1036 430/1/1024 434/1/1034
f 3549/1/1037 3550/1/1038 435/1/1039 433/1/1033
f 3550/1/1038 3549/1/1037 434/1/1034 436/1/1040
f 3550/1/1038 3548/1/1036 429/1/1023 435/1/1039
f 3548/1/1036 3550/1/1038 436/1/1040 430/1/1024
f 3551/1/1041 3552/1/1042 435/1/1039 437/1/1043
f 3552/1/1042 3551/1/1041 438/1/1044 436/1/1040
f 3552/1/1042 3553/1/1045 433/1/1033 435/1/1039
f 3553/1/1045 3552/1/1042 436/1/1040 434/1/1034
f 3553/1/1045 3551/1/1041 437/1/1043 433/1/1033
f 3551/1/1041 3553/1/1045 434/1/1034 438/1/1044
f 3554/1/1046 3555/1/1047 439/1/1048 433/1/1033
f 3555/1/1047 3554/1/1046 434/1/1034 440/1/1049
f 3555/1/1047 3556/1/1050 437/1/1043 439/1/1048
f 3556/1/1050 3555/1/1047 440/1/1049 438/1/1044
f 3556/1/1050 3554/1/1046 433/1/1033 437/1/1043
f 3554/1/1046 3556/1/1050 438/1/1044 434/1/1034
f 3557/1/1051 3558/1/1052 441/1/1053 439/1/1048
f 3558/1/1052 3557/1/1051 440/1/1049 442/1/1054
f 3558/1/1052 3559/1/1055 437/1/1043 441/1/1053
f 3559/1/1055 3558/1/1052 442/1/1054 438/1/1044
f 3559/1/1055 3557/1/1051 439/1/1048 437/1/1043
f 3557/1/1051 3559/1/1055 438/1/1044 440/1/1049
f 3560/1/1056 3561/1/1057 443/1/1058 439/1/1048
f 3561/1/1057 3560/1/1056 440/1/1049 444/1/1059
f 3561/1/1057 3562/1/1060 441/1/1053 443/1/1058
f 3562/1/1060 3561/1/1057 444/1/1059 442/1/1054
f 3562/1/1060 3560/1/1056 439/1/1048 441/1/1053
f 3560/1/1056 3562/1/1060 442/1/1054 440/1/1049
f 3563/1/1061 3564/1/1062 445/1/1063 443/1/1058
f 3564/1/1062 3563/1/1061 444/1/1059 446/1/1064
f 3564/1/1062 3565/1/1065 441/1/1053 445/1/1063
f 3565/1/1065 3564/1/1062 446/1/1064 442/1/1054
f 3565/1/1065 3563/1/1061 443/1/1058 441/1/1053
f 3563/1/1061 3565/1/1065 442/1/1054 444/1/1059
f 3566/1/1066 3567/1/1067 443/1/1058 445/1/1063
f 3567/1/1067 3566/1/1066 446/1/1064 444/1/1059
f 3567/1/1067 3568/1/1068 447/1/1069 443/1/1058
f 3568/1/1068 3567/1/1067 444/1/1059 448/1/1070
f 3568/1/1068 3566/1/1066 445/1/1063 447/1/1069
f 3566/1/1066 3568/1/1068 448/1/1070 446/1/1064
f 3569/1/1071 3570/1/1072 449/1/1073 447/1/1069
f 3570/1/1072 3569/1/1071 448/1/1070 450/1/1074
f 3570/1/1072 3571/1/1075 445/1/1063 449/1/1073
f 3571/1/1075 3570/1/1072 450/1/1074 446/1/1064
f 3571/1/1075 3569/1/1071 447/1/1069 445/1/1063
f 3569/1/1071 3571/1/1075 446/1/1064 448/1/1070
f 3572/1/1076 3573/1/1077 447/1/1069 449/1/1073
f 3573/1/1077 3572/1/1076 450/1/1074 448/1/1070
f 3573/1/1077 3574/1/1078 451/1/1079 447/1/1069
f 3574/1/1078 3573/1/1077 448/1/1070 452/1/1080
f 3574/1/1078 3572/1/1076 449/1/1073 451/1/1079
f 3572/1/1076 3574/1/1078 452/1/1080 450/1/1074
f 3575/1/1081 3576/1/1082 449/1/1073 453/1/1083
f 3576/1/1082 3575/1/1081 454/1/1084 450/1/1074
f 3576/1/1082 3577/1/1085 451/1/1079 449/1/1073
f 3577/1/1085 3576/1/1082 450/1/1074 452/1/1080
f 3577/1/1085 3575/1/1081 453/1/1083 451/1/1079
f 3575/1/1081 3577/1/1085 452/1/1080 454/1/1084
f 3578/1/1086 3579/1/1087 453/1/1083 449/1/1073
f 3579/1/1087 3578/1/1086 450/1/1074 454/1/1084
f 3579/1/1087 3580/1/1088 455/1/1089 453/1/1083
f 3580/1/1088 3579/1/1087 454/1/1084 456/1/1090
f 3580/1/1088 3578/1/1086 449/1/1073 455/1/1089
f 3578/1/1086 3580/1/1088 456/1/1090 450/1/1074
f 3581/1/1091 3582/1/1092 459/1/1093 457/1/1094
f 3582/1/1092 3581/1/1091 458/1/1095 460/1/1096
f 3582/1/1092 3583/1/1097 461/1/1098 459/1/1093
f 3583/1/1097 3582/1/1092 460/1/1096 462/1/1099
f 3583/1/1097 3581/1/1091 457/1/1094 461/1/1098
f 3581/1/1091 3583/1/1097 462/1/1099 458/1/1095
f 3584/1/1100 3585/1/1101 457/1/1094 459/1/1093
f 3585/1/1101 3584/1/1100 460/1/1096 458/1/1095
f 3585/1/1101 3586/1/1102 463/1/1103 457/1/1094
f 3586/1/1102 3585/1/1101 458/1/1095 464/1/1104
f 3586/1/1102 3584/1/1100 459/1/1093 463/1/1103
f 3584/1/1100 3586/1/1102 464/1/1104 460/1/1096
f 3587/1/1105 3588/1/1106 465/1/1107 457/1/1094
f 3588/1/1106 3587/1/1105 458/1/1095 466/1/1108
f 3588/1/1106 3589/1/1109 463/1/1103 465/1/1107
f 3589/1/1109 3588/1/1106 466/1/1108 464/1/1104
f 3589/1/1109 3587/1/1105 457/1/1094 463/1/1103
f 3587/1/1105 3589/1/1109 464/1/1104 458/1/1095
f 3590/1/1110 3591/1/1111 467/1/1112 457/1/1094
f 3591/1/1111 3590/1/1110 458/1/1095 468/1/1113
f 3591/1/1111 3592/1/1114 465/1/1107 467/1/1112
f 3592/1/1114 3591/1/1111 468/1/1113 466/1/1108
f 3592/1/1114 3590/1/1110 457/1/1094 465/1/1107
f 3590/1/1110 3592/1/1114 466/1/1108 458/1/1095
f 3593/1/1115 3594/1/1116 465/1/1107 469/1/1117
f 3594/1/1116 3593/1/1115 470/1/1118 466/1/1108
f 3594/1/1116 3595/1/1119 467/1/1112 465/1/1107
f 3595/1/1119 3594/1/1116 466/1/1108 468/1/1113
f 3595/1/1119 3593/1/1115 469/1/1117 467/1/1112
f 3593/1/1115 3595/1/1119 468/1/1113 470/1/1118
f 3596/1/1120 3597/1/1121 469/1/1117 465/1/1107
f 3597/1/1121 3596/1/1120 466/1/1108 470/1/1118
f 3597/1/1121 3598/1/1122 471/1/1123 469/1/1117
f 3598/1/1122 3597/1/1121 470/1/1118 472/1/1124
f 3598/1/1122 3596/1/1120 465/1/1107 471/1/1123
f 3596/1/1120 3598/1/1122 472/1/1124 466/1/1108
f 3599/1/1125 3600/1/1126 471/1/1123 473/1/1127
f 3600/1/1126 3599/1/1125 474/1/1128 472/1/1124
f 3600/1/1126 3601/1/1129 469/1/1117 471/1/1123
f 3601/1/1129 3600/1/1126 472/1/1124 470/1/1118
f 3601/1/1129 3599/1/1125 473/1/1127 469/1/1117
f 3599/1/1125 3601/1/1129 470/1/1118 474/1/1128
f 3602/1/1130 3603/1/1131 473/1/1127 471/1/1123
f 3603/1/1131 3602/1/1130 472/1/1124 474/1/1128
f 3603/1/1131 3604/1/1132 475/1/1133 473/1/1127
f 3604/1/1132 3603/1/1131 474/1/1128 476/1/1134
f 3604/1/1132 3602/1/1130 471/1/1123 475/1/1133
f 3602/1/1130 3604/1/1132 476/1/1134 472/1/1124
f 3605/1/1135 3606/1/1136 475/1/1133 477/1/1137
f 3606/1/1136 3605/1/1135 478/1/1138 476/1/1134
f 3606/1/1136 3607/1/1139 473/1/1127 475/1/1133
f 3607/1/1139 3606/1/1136 476/1/1134 474/1/1128
f 3607/1/1139 3605/1/1135 477/1/1137 473/1/1127
f 3605/1/1135 3607/1/1139 474/1/1128 478/1/1138
f 3608/1/1140 3609/1/1141 477/1/1137 475/1/1133
f 3609/1/1141 3608/1/1140 476/1/1134 478/1/1138
f 3609/1/1141 3610/1/1142 479/1/1143 477/1/1137
f 3610/1/1142 3609/1/1141 478/1/1138 480/1/1144
f 3610/1/1142 3608/1/1140 475/1/1133 479/1/1143
f 3608/1/1140 3610/1/1142 480/1/1144 476/1/1134
f 3611/1/1145 3612/1/1146 481/1/1147 477/1/1137
f 3612/1/1146 3611/1/1145 478/1/1138 482/1/1148
f 3612/1/1146 3613/1/1149 479/1/1143 481/1/1147
f 3613/1/1149 3612/1/1146 482/1/1148 480/1/1144
f 3613/1/1149 3611/1/1145 477/1/1137 479/1/1143
f 3611/1/1145 3613/1/1149 480/1/1144 478/1/1138
f 3614/1/1150 3615/1/1151 483/1/1152 477/1/1137
f 3615/1/1151 3614/1/1150 478/1/1138 484/1/1153
f 3615/1/1151 3616/1/1154 481/1/1147 483/1/1152
f 3616/1/1154 3615/1/1151 484/1/1153 482/1/1148
f 3616/1/1154 3614/1/1150 477/1/1137 481/1/1147
f 3614/1/1150 3616/1/1154 482/1/1148 478/1/1138
f 3617/1/1155 3618/1/1156 485/1/1157 483/1/1152
f 3618/1/1156 3617/1/1155 484/1/1153 486/1/1158
f 3618/1/1156 3619/1/1159 481/1/1147 485/1/1157
f 3619/1/1159 3618/1/1156 486/1/1158 482/1/1148
f 3619/1/1159 3617/1/1155 483/1/1152 481/1/1147
f 3617/1/1155 3619/1/1159 482/1/1148 484/1/1153
f 3620/1/1160 3621/1/1161 487/1/1162 483/1/1152
f 3621/1/1161 3620/1/1160 484/1/1153 488/1/1163
f 3621/1/1161 3622/1/1164 485/1/1157 487/1/1162
f 3622/1/1164 3621/1/1161 488/1/1163 486/1/1158
f 3622/1/1164 3620/1/1160 483/1/1152 485/1/1157
f 3620/1/1160 3622/1/1164 486/1/1158 484/1/1153
f 3623/1/1165 3624/1/1166 485/1/1157 489/1/1167
f 3624/1/1166 3623/1/1165 490/1/1168 486/1/1158
f 3624/1/1166 3625/1/1169 487/1/1162 485/1/1157
f 3625/1/1169 3624/1/1166 486/1/1158 488/1/1163
f 3625/1/1169 3623/1/1165 489/1/1167 487/1/1162
f 3623/1/1165 3625/1/1169 488/1/1163 490/1/1168
f 3626/1/1170 3627/1/1171 489/1/1167 485/1/1157
f 3627/1/1171 3626/1/1170 486/1/1158 490/1/1168
f 3627/1/1171 3628/1/1172 491/1/1173 489/1/1167
f 3628/1/1172 3627/1/1171 490/1/1168 492/1/1174
f 3628/1/1172 3626/1/1170 485/1/1157 491/1/1173
f 3626/1/1170 3628/1/1172 492/1/1174 486/1/1158
f 3629/1/1175 3630/1/1176 491/1/1173 493/1/1177
f 3630/1/1176 3629/1/1175 494/1/1178 492/1/1174
f 3630/1/1176 3631/1/1179 489/1/1167 491/1/1173
f 3631/1/1179 3630/1/1176 492/1/1174 490/1/1168
f 3631/1/1179 3629/1/1175 493/1/1177 489/1/1167
f 3629/1/1175 3631/1/1179 490/1/1168 494/1/1178
f 3632/1/1180 3633/1/1181 493/1/1177 491/1/1173
f 3633/1/1181 3632/1/1180 492/1/1174 494/1/1178
f 3633/1/1181 3634/1/1182 495/1/1183 493/1/1177
f 3634/1/1182 3633/1/1181 494/1/1178 496/1/1184
f 3634/1/1182 3632/1/1180 491/1/1173 495/1/1183
f 3632/1/1180 3634/1/1182 496/1/1184 492/1/1174
f 3635/1/1185 3636/1/1186 497/1/1187 493/1/1177
f 3636/1/1186 3635/1/1185 494/1/1178 498/1/1188
f 3636/1/1186 3637/1/1189 495/1/1183 497/1/1187
f 3637/1/1189 3636/1/1186 498/1/1188 496/1/1184
f 3637/1/1189 3635/1/1185 493/1/1177 495/1/1183
f 3635/1/1185 3637/1/1189 496/1/1184 494/1/1178
f 3638/1/1190 3639/1/1191 499/1/1192 493/1/1177
f 3639/1/1191 3638/1/1190 494/1/1178 500/1/1193
f 3639/1/1191 3640/1/1194 497/1/1187 499/1/1192
f 3640/1/1194 3639/1/1191 500/1/1193 498/1/1188
f 3640/1/1194 3638/1/1190 493/1/1177 497/1/1187
f 3638/1/1190 3640/1/1194 498/1/1188 494/1/1178
f 3641/1/1195 3642/1/1196 501/1/1197 499/1/1192
f 3642/1/1196 3641/1/1195 500/1/1193 502/1/1198
f 3642/1/1196 3643/1/1199 497/1/1187 501/1/1197
f 3643/1/1199 3642/1/1196 502/1/1198 498/1/1188
f 3643/1/1199 3641/1/1195 499/1/1192 497/1/1187
f 3641/1/1195 3643/1/1199 498/1/1188 500/1/1193
f 3644/1/1200 3645/1/1201 503/1/1202 499/1/1192
f 3645/1/1201 3644/1/1200 500/1/1193 504/1/1203
f 3645/1/1201 3646/1/1204 501/1/1197 503/1/1202
f 3646/1/1204 3645/1/1201 504/1/1203 502/1/1198
f 3646/1/1204 3644/1/1200 499/1/1192 501/1/1197
f 3644/1/1200 3646/1/1204 502/1/1198 500/1/1193
f 3647/1/1205 3648/1/1206 505/1/1207 503/1/1202
f 3648/1/1206 3647/1/1205 504/1/1203 506/1/1208
f 3648/1/1206 3649/1/1209 501/1/1197 505/1/1207
f 3649/1/1209 3648/1/1206 506/1/1208 502/1/1198
f 3649/1/1209 3647/1/1205 503/1/1202 501/1/1197
f 3647/1/1205 3649/1/1209 502/1/1198 504/1/1203
f 3650/1/1210 3651/1/1211 507/1/1212 503/1/1202
f 3651/1/1211 3650/1/1210 504/1/1203 508/1/1213
f 3651/1/1211 3652/1/1214 505/1/1207 507/1/1212
f 3652/1/1214 3651/1/1211 508/1/1213 506/1/1208
f 3652/1/1214 3650/1/1210 503/1/1202 505/1/1207
f 3650/1/1210 3652/1/1214 506/1/1208 504/1/1203
f 3653/1/1215 3654/1/1216 511/1/1217 509/1/1218
f 3654/1/1216 3653/1/1215 510/1/1219 512/1/1220
f 3654/1/1216 3655/1/1221 513/1/1222 511/1/1217
f 3655/1/1221 3654/1/1216 512/1/1220 514/1/1223
f 3655/1/1221 3653/1/1215 509/1/1218 513/1/1222
f 3653/1/1215 3655/1/1221 514/1/1223 510/1/1219
f 3656/1/1224 3657/1/1225 513/1/1222 509/1/1218
f 3657/1/1225 3656/1/1224 510/1/1219 514/1/1223
f 3657/1/1225 3658/1/1226 515/1/1227 513/1/1222
f 3658/1/1226 3657/1/1225 514/1/1223 516/1/1228
f 3658/1/1226 3656/1/1224 509/1/1218 515/1/1227
f 3656/1/1224 3658/1/1226 516/1/1228 510/1/1219
f 3659/1/1229 3660/1/1230 519/1/1231 517/1/1232
f 3660/1/1230 3659/1/1229 518/1/1233 520/1/1234
f 3660/1/1230 3661/1/1235 521/1/1236 519/1/1231
f 3661/1/1235 3660/1/1230 520/1/1234 522/1/1237
f 3661/1/1235 3659/1/1229 517/1/1232 521/1/1236
f 3659/1/1229 3661/1/1235 522/1/1237 518/1/1233
f 3662/1/1238 3663/1/1239 517/1/1232 519/1/1231
f 3663/1/1239 3662/1/1238 520/1/1234 518/1/1233
f 3663/1/1239 3664/1/1240 523/1/1241 517/1/1232
f 3664/1/1240 3663/1/1239 518/1/1233 524/1/1242
f 3664/1/1240 3662/1/1238 519/1/1231 523/1/1241
f 3662/1/1238 3664/1/1240 524/1/1242 520/1/1234
f 3665/1/1243 3666/1/1244 527/1/1245 525/1/1246
f 3666/1/1244 3665/1/1243 526/1/1247 528/1/1248
f 3666/1/1244 3667/1/1249 529/1/1250 527/1/1245
f 3667/1/1249 3666/1/1244 528/1/1248 530/1/1251
f 3667/1/1249 3665/1/1243 525/1/1246 529/1/1250
f 3665/1/1243 3667/1/1249 530/1/1251 526/1/1247
f 3668/1/1252 3669/1/1253 529/1/1250 525/1/1246
f 3669/1/1253 3668/1/1252 526/1/1247 530/1/1251
f 3669/1/1253 3670/1/1254 531/1/1255 529/1/1250
f 3670/1/1254 3669/1/1253 530/1/1251 532/1/1256
f 3670/1/1254 3668/1/1252 525/1/1246 531/1/1255
f 3668/1/1252 3670/1/1254 532/1/1256 526/1/1247
f 3671/1/1257 3672/1/1258 535/1/1259 533/1/1260
f 3672/1/1258 3671/1/1257 534/1/1261 536/1/1262
f 3672/1/1258 3673/1/1263 537/1/1264 535/1/1259
f 3673/1/1263 3672/1/1258 536/1/1262 538/1/1265
f 3673/1/1263 3671/1/1257 533/1/1260 537/1/1264
f 3671/1/1257 3673/1/1263 538/1/1265 534/1/1261
f 3674/1/1266 3675/1/1267 533/1/1260 535/1/1259
f 3675/1/1267 3674/1/1266 536/1/1262 534/1/1261
f 3675/1/1267 3676/1/1268 539/1/1269 533/1/1260
f 3676/1/1268 3675/1/1267 534/1/1261 540/1/1270
f 3676/1/1268 3674/1/1266 535/1/1259 539/1/1269
f 3674/1/1266 3676/1/1268 540/1/1270 536/1/1262
f 3677/1/1271 3678/1/1272 543/1/1273 541/1/1274
f 3678/1/1272 3677/1/1271 542/1/1275 544/1/1276
f 3678/1/1272 3679/1/1277 545/1/1278 543/1/1273
f 3679/1/1277 3678/1/1272 544/1/1276 546/1/1279
f 3679/1/1277 3677/1/1271 541/1/1274 545/1/1278
f 3677/1/1271 3679/1/1277 546/1/1279 542/1/1275
f 3680/1/1280 3681/1/1281 547/1/1282 545/1/1278
f 3681/1/1281 3680/1/1280 546/1/1279 548/1/1283
f 3681/1/1281 3682/1/1284 541/1/1274 547/1/1282
f 3682/1/1284 3681/1/1281 548/1/1283 542/1/1275
f 3682/1/1284 3680/1/1280 545/1/1278 541/1/1274
f 3680/1/1280 3682/1/1284 542/1/1275 546/1/1279
f 3683/1/1285 3684/1/1286 549/1/1287 545/1/1278
f 3684/1/1286 3683/1/1285 546/1/1279 550/1/1288
f 3684/1/1286 3685/1/1289 547/1/1282 549/1/1287
f 3685/1/1289 3684/1/1286 550/1/1288 548/1/1283
f 3685/1/1289 3683/1/1285 545/1/1278 547/1/1282
f 3683/1/1285 3685/1/1289 548/1/1283 546/1/1279
f 3686/1/1290 3687/1/1291 541/1/1274 543/1/1273
f 3687/1/1291 3686/1/1290 544/1/1276 542/1/1275
f 3687/1/1291 3688/1/1292 551/1/1293 541/1/1274
f 3688/1/1292 3687/1/1291 542/1/1275 552/1/1294
f 3688/1/1292 3686/1/1290 543/1/1273 551/1/1293
f 3686/1/1290 3688/1/1292 552/1/1294 544/1/1276
f 3689/1/1295 3690/1/1296 543/1/1273 553/1/1297
f 3690/1/1296 3689/1/1295 554/1/1298 544/1/1276
f 3690/1/1296 3691/1/1299 551/1/1293 543/1/1273
f 3691/1/1299 3690/1/1296 544/1/1276 552/1/1294
f 3691/1/1299 3689/1/1295 553/1/1297 551/1/1293
f 3689/1/1295 3691/1/1299 552/1/1294 554/1/1298
f 3692/1/1300 3693/1/1301 551/1/1293 553/1/1297
f 3693/1/1301 3692/1/1300 554/1/1298 552/1/1294
f 3693/1/1301 3694/1/1302 555/1/1303 551/1/1293
f 3694/1/1302 3693/1/1301 552/1/1294 556/1/1304
f 3694/1/1302 3692/1/1300 553/1/1297 555/1/1303
f 3692/1/1300 3694/1/1302 556/1/1304 554/1/1298
f 3695/1/1305 3696/1/1306 559/1/1307 557/1/1308
f 3696/1/1306 3695/1/1305 558/1/1309 560/1/1310
f 3696/1/1306 3697/1/1311 561/1/1312 559/1/1307
f 3697/1/1311 3696/1/1306 560/1/1310 562/1/1313
f 3697/1/1311 3695/1/1305 557/1/1308 561/1/1312
f 3695/1/1305 3697/1/1311 562/1/1313 558/1/1309
f 3698/1/1314 3699/1/1315 561/1/1312 557/1/1308
f 3699/1/1315 3698/1/1314 558/1/1309 562/1/1313
f 3699/1/1315 3700/1/1316 563/1/1317 561/1/1312
f 3700/1/1316 3699/1/1315 562/1/1313 564/1/1318
f 3700/1/1316 3698/1/1314 557/1/1308 563/1/1317
f 3698/1/1314 3700/1/1316 564/1/1318 558/1/1309
f 3701/1/1319 3702/1/1320 565/1/1321 563/1/1317
f 3702/1/1320 3701/1/1319 564/1/1318 566/1/1322
f 3702/1/1320 3703/1/1323 557/1/1308 565/1/1321
f 3703/1/1323 3702/1/1320 566/1/1322 558/1/1309
f 3703/1/1323 3701/1/1319 563/1/1317 557/1/1308
f 3701/1/1319 3703/1/1323 558/1/1309 564/1/1318
f 3704/1/1324 3705/1/1325 563/1/1317 565/1/1321
f 3705/1/1325 3704/1/1324 566/1/1322 564/1/1318
f 3705/1/1325 3706/1/1326 567/1/1327 563/1/1317
f 3706/1/1326 3705/1/1325 564/1/1318 568/1/1328
f 3706/1/1326 3704/1/1324 565/1/1321 567/1/1327
f 3704/1/1324 3706/1/1326 568/1/1328 566/1/1322
f 3707/1/1329 3708/1/1330 569/1/1331 559/1/1307
f 3708/1/1330 3707/1/1329 560/1/1310 570/1/1332
f 3708/1/1330 3709/1/1333 561/1/1312 569/1/1331
f 3709/1/1333 3708/1/1330 570/1/1332 562/1/1313
f 3709/1/1333 3707/1/1329 559/1/1307 561/1/1312
f 3707/1/1329 3709/1/1333 562/1/1313 560/1/1310
f 3710/1/1334 3711/1/1335 571/1/1336 559/1/1307
f 3711/1/1335 3710/1/1334 560/1/1310 572/1/1337
f 3711/1/1335 3712/1/1338 569/1/1331 571/1/1336
f 3712/1/1338 3711/1/1335 572/1/1337 570/1/1332
f 3712/1/1338 3710/1/1334 559/1/1307 569/1/1331
f 3710/1/1334 3712/1/1338 570/1/1332 560/1/1310
f 3713/1/1339 3714/1/1340 569/1/1331 573/1/1341
f 3714/1/1340 3713/1/1339 574/1/1342 570/1/1332
f 3714/1/1340 3715/1/1343 571/1/1336 569/1/1331
f 3715/1/1343 3714/1/1340 570/1/1332 572/1/1337
f 3715/1/1343 3713/1/1339 573/1/1341 571/1/1336
f 3713/1/1339 3715/1/1343 572/1/1337 574/1/1342
f 3716/1/1344 3717/1/1345 573/1/1341 569/1/1331
f 3717/1/1345 3716/1/1344 570/1/1332 574/1/1342
f 3717/1/1345 3718/1/1346 575/1/1347 573/1/1341
f 3718/1/1346 3717/1/1345 574/1/1342 576/1/1348
f 3718/1/1346 3716/1/1344 569/1/1331 575/1/1347
f 3716/1/1344 3718/1/1346 576/1/1348 570/1/1332
f 3719/1/1349 3720/1/1350 579/1/1351 577/1/1352
f 3720/1/1350 3719/1/1349 578/1/1353 580/1/1354
f 3720/1/1350 3721/1/1355 581/1/1356 579/1/1351
f 3721/1/1355 3720/1/1350 580/1/1354 582/1/1357
f 3721/1/1355 3719/1/1349 577/1/1352 581/1/1356
f 3719/1/1349 3721/1/1355 582/1/1357 578/1/1353
f 3722/1/1358 3723/1/1359 583/1/1360 581/1/1356
f 3723/1/1359 3722/1/1358 582/1/1357 584/1/1361
f 3723/1/1359 3724/1/1362 577/1/1352 583/1/1360
f 3724/1/1362 3723/1/1359 584/1/1361 578/1/1353
f 3724/1/1362 3722/1/1358 581/1/1356 577/1/1352
f 3722/1/1358 3724/1/1362 578/1/1353 582/1/1357
f 3725/1/1363 3726/1/1364 587/1/1365 585/1/1366
f 3726/1/1364 3725/1/1363 586/1/1367 588/1/1368
f 3726/1/1364 3727/1/1369 589/1/1370 587/1/1365
f 3727/1/1369 3726/1/1364 588/1/1368 590/1/1371
f 3727/1/1369 3725/1/1363 585/1/1366 589/1/1370
f 3725/1/1363 3727/1/1369 590/1/1371 586/1/1367
f 3728/1/1372 3729/1/1373 585/1/1366 587/1/1365
f 3729/1/1373 3728/1/1372 588/1/1368 586/1/1367
f 3729/1/1373 3730/1/1374 591/1/1375 585/1/1366
f 3730/1/1374 3729/1/1373 586/1/1367 592/1/1376
f 3730/1/1374 3728/1/1372 587/1/1365 591/1/1375
f 3728/1/1372 3730/1/1374 592/1/1376 588/1/1368
f 3731/1/1377 3732/1/1378 595/1/1379 593/1/1380
f 3732/1/1378 3731/1/1377 594/1/1381 596/1/1382
f 3732/1/1378 3733/1/1383 597/1/1384 595/1/1379
f 3733/1/1383 3732/1/1378 596/1/1382 598/1/1385
f 3733/1/1383 3731/1/1377 593/1/1380 597/1/1384
f 3731/1/1377 3733/1/1383 598/1/1385 594/1/1381
f 3734/1/1386 3735/1/1387 597/1/1384 593/1/1380
f 3735/1/1387 3734/1/1386 594/1/1381 598/1/1385
f 3735/1/1387 3736/1/1388 599/1/1389 597/1/1384
f 3736/1/1388 3735/1/1387 598/1/1385 600/1/1390
f 3736/1/1388 3734/1/1386 593/1/1380 599/1/1389
f 3734/1/1386 3736/1/1388 600/1/1390 594/1/1381
f 3737/1/1391 3738/1/1392 603/1/1393 601/1/1394
f 3738/1/1392 3737/1/1391 602/1/1395 604/1/1396
f 3738/1/1392 3739/1/1397 605/1/1398 603/1/1393
f 3739/1/1397 3738/1/1392 604/1/1396 606/1/1399
f 3739/1/1397 3737/1/1391 601/1/1394 605/1/1398
f 3737/1/1391 3739/1/1397 606/1/1399 602/1/1395
f 3740/1/1400 3741/1/1401 605/1/1398 601/1/1394
f 3741/1/1401 3740/1/1400 602/1/1395 606/1/1399
f 3741/1/1401 3742/1/1402 607/1/1403 605/1/1398
f 3742/1/1402 3741/1/1401 606/1/1399 608/1/1404
f 3742/1/1402 3740/1/1400 601/1/1394 607/1/1403
f 3740/1/1400 3742/1/1402 608/1/1404 602/1/1395
f 3743/1/1405 3744/1/1406 611/1/1394 609/1/1398
f 3744/1/1406 3743/1/1405 610/1/1399 612/1/1395
f 3744/1/1406 3745/1/1392 613/1/1393 611/1/1394
f 3745/1/1392 3744/1/1406 612/1/1395 614/1/1396
f 3745/1/1392 3743/1/1405 609/1/1398 613/1/1393
f 3743/1/1405 3745/1/1392 614/1/1396 610/1/1399
f 3746/1/1400 3747/1/1401 609/1/1398 611/1/1394
f 3747/1/1401 3746/1/1400 612/1/1395 610/1/1399
f 3747/1/1401 3748/1/1402 615/1/1403 609/1/1398
f 3748/1/1402 3747/1/1401 610/1/1399 616/1/1404
f 3748/1/1402 3746/1/1400 611/1/1394 615/1/1403
f 3746/1/1400 3748/1/1402 616/1/1404 612/1/1395
f 3749/1/1407 3750/1/1408 619/1/1409 617/1/1410
f 3750/1/1408 3749/1/1407 618/1/1411 620/1/1412
f 3750/1/1408 3751/1/1413 621/1/1414 619/1/1409
f 3751/1/1413 3750/1/1408 620/1/1412 622/1/1415
f 3751/1/1413 3749/1/1407 617/1/1410 621/1/1414
f 3749/1/1407 3751/1/1413 622/1/1415 618/1/1411
f 3752/1/1416 3753/1/1417 617/1/1410 619/1/1409
f 3753/1/1417 3752/1/1416 620/1/1412 618/1/1411
f 3753/1/1417 3754/1/1418 623/1/1419 617/1/1410
f 3754/1/1418 3753/1/1417 618/1/1411 624/1/1420
f 3754/1/1418 3752/1/1416 619/1/1409 623/1/1419
f 3752/1/1416 3754/1/1418 624/1/1420 620/1/1412
f 3755/1/1421 3756/1/1422 627/1/1423 625/1/1424
f 3756/1/1422 3755/1/1421 626/1/1425 628/1/1426
f 3756/1/1422 3757/1/1427 629/1/1428 627/1/1423
f 3757/1/1427 3756/1/1422 628/1/1426 630/1/1429
f 3757/1/1427 3755/1/1421 625/1/1424 629/1/1428
f 3755/1/1421 3757/1/1427 630/1/1429 626/1/1425
f 3758/1/1430 3759/1/1431 627/1/1423 629/1/1428
f 3759/1/1431 3758/1/1430 630/1/1429 628/1/1426
f 3759/1/1431 3760/1/1432 631/1/1433 627/1/1423
f 3760/1/1432 3759/1/1431 628/1/1426 632/1/1434
f 3760/1/1432 3758/1/1430 629/1/1428 631/1/1433
f 3758/1/1430 3760/1/1432 632/1/1434 630/1/1429
f 3761/1/1435 3762/1/1436 635/1/1437 633/1/1438
f 3762/1/1436 3761/1/1435 634/1/1439 636/1/1440
f 3762/1/1436 3763/1/1441 637/1/1442 635/1/1437
f 3763/1/1441 3762/1/1436 636/1/1440 638/1/1443
f 3763/1/1441 3761/1/1435 633/1/1438 637/1/1442
f 3761/1/1435 3763/1/1441 638/1/1443 634/1/1439
f 3764/1/1444 3765/1/1445 637/1/1442 633/1/1438
f 3765/1/1445 3764/1/1444 634/1/1439 638/1/1443
f 3765/1/1445 3766/1/1446 639/1/1447 637/1/1442
f 3766/1/1446 3765/1/1445 638/1/1443 640/1/1448
f 3766/1/1446 3764/1/1444 633/1/1438 639/1/1447
f 3764/1/1444 3766/1/1446 640/1/1448 634/1/1439
f 3767/1/1449 3768/1/1450 643/1/1451 641/1/1452
f 3768/1/1450 3767/1/1449 642/1/1453 644/1/1454
f 3768/1/1450 3769/1/1455 645/1/1384 643/1/1451
f 3769/1/1455 3768/1/1450 644/1/1454 646/1/1456
f 3769/1/1455 3767/1/1449 641/1/1452 645/1/1384
f 3767/1/1449 3769/1/1455 646/1/1456 642/1/1453
f 3770/1/1457 3771/1/1458 645/1/1384 641/1/1452
f 3771/1/1458 3770/1/1457 642/1/1453 646/1/1456
f 3771/1/1458 3772/1/1459 647/1/1460 645/1/1384
f 3772/1/1459 3771/1/1458 646/1/1456 648/1/1461
f 3772/1/1459 3770/1/1457 641/1/1452 647/1/1460
f 3770/1/1457 3772/1/1459 648/1/1461 642/1/1453
f 3773/1/1462 3774/1/1463 651/1/1464 649/1/1465
f 3774/1/1463 3773/1/1462 650/1/1466 652/1/1467
f 3774/1/1463 3775/1/1468 653/1/1469 651/1/1464
f 3775/1/1468 3774/1/1463 652/1/1467 654/1/1470
f 3775/1/1468 3773/1/1462 649/1/1465 653/1/1469
f 3773/1/1462 3775/1/1468 654/1/1470 650/1/1466
f 3776/1/1471 3777/1/1472 653/1/1469 649/1/1465
f 3777/1/1472 3776/1/1471 650/1/1466 654/1/1470
f 3777/1/1472 3778/1/1473 655/1/1474 653/1/1469
f 3778/1/1473 3777/1/1472 654/1/1470 656/1/1475
f 3778/1/1473 3776/1/1471 649/1/1465 655/1/1474
f 3776/1/1471 3778/1/1473 656/1/1475 650/1/1466
f 3779/1/1476 3780/1/1477 659/1/1478 657/1/1479
f 3780/1/1477 3779/1/1476 658/1/1480 660/1/1481
f 3780/1/1477 3781/1/1482 661/1/1483 659/1/1478
f 3781/1/1482 3780/1/1477 660/1/1481 662/1/1484
f 3781/1/1482 3779/1/1476 657/1/1479 661/1/1483
f 3779/1/1476 3781/1/1482 662/1/1484 658/1/1480
f 3782/1/1485 3783/1/1486 663/1/1487 659/1/1478
f 3783/1/1486 3782/1/1485 660/1/1481 664/1/1488
f 3783/1/1486 3784/1/1489 661/1/1483 663/1/1487
f 3784/1/1489 3783/1/1486 664/1/1488 662/1/1484
f 3784/1/1489 3782/1/1485 659/1/1478 661/1/1483
f 3782/1/1485 3784/1/1489 662/1/1484 660/1/1481
f 3785/1/1490 3786/1/1491 663/1/1487 665/1/1492
f 3786/1/1491 3785/1/1490 666/1/1493 664/1/1488
f 3786/1/1491 3787/1/1494 659/1/1478 663/1/1487
f 3787/1/1494 3786/1/1491 664/1/1488 660/1/1481
f 3787/1/1494 3785/1/1490 665/1/1492 659/1/1478
f 3785/1/1490 3787/1/1494 660/1/1481 666/1/1493
f 3788/1/1495 3789/1/1496 659/1/1478 665/1/1492
f 3789/1/1496 3788/1/1495 666/1/1493 660/1/1481
f 3789/1/1496 3790/1/1497 667/1/1498 659/1/1478
f 3790/1/1497 3789/1/1496 660/1/1481 668/1/1499
f 3790/1/1497 3788/1/1495 665/1/1492 667/1/1498
f 3788/1/1495 3790/1/1497 668/1/1499 666/1/1493
f 3791/1/1500 3792/1/1501 669/1/1502 661/1/1483
f 3792/1/1501 3791/1/1500 662/1/1484 670/1/1503
f 3792/1/1501 3793/1/1504 657/1/1479 669/1/1502
f 3793/1/1504 3792/1/1501 670/1/1503 658/1/1480
f 3793/1/1504 3791/1/1500 661/1/1483 657/1/1479
f 3791/1/1500 3793/1/1504 658/1/1480 662/1/1484
f 3794/1/1505 3795/1/1506 657/1/1479 671/1/1507
f 3795/1/1506 3794/1/1505 672/1/1508 658/1/1480
f 3795/1/1506 3796/1/1509 669/1/1502 657/1/1479
f 3796/1/1509 3795/1/1506 658/1/1480 670/1/1503
f 3796/1/1509 3794/1/1505 671/1/1507 669/1/1502
f 3794/1/1505 3796/1/1509 670/1/1503 672/1/1508
f 3797/1/1510 3798/1/1511 669/1/1502 671/1/1507
f 3798/1/1511 3797/1/1510 672/1/1508 670/1/1503
f 3798/1/1511 3799/1/1512 673/1/1513 669/1/1502
f 3799/1/1512 3798/1/1511 670/1/1503 674/1/1514
f 3799/1/1512 3797/1/1510 671/1/1507 673/1/1513
f 3797/1/1510 3799/1/1512 674/1/1514 672/1/1508
f 3800/1/1515 3801/1/1516 675/1/1517 673/1/1513
f 3801/1/1516 3800/1/1515 674/1/1514 676/1/1518
f 3801/1/1516 3802/1/1519 671/1/1507 675/1/1517
f 3802/1/1519 3801/1/1516 676/1/1518 672/1/1508
f 3802/1/1519 3800/1/1515 673/1/1513 671/1/1507
f 3800/1/1515 3802/1/1519 672/1/1508 674/1/1514
f 3803/1/1520 3804/1/1521 675/1/1517 677/1/1522
f 3804/1/1521 3803/1/1520 678/1/1523 676/1/1518
f 3804/1/1521 3805/1/1524 673/1/1513 675/1/1517
f 3805/1/1524 3804/1/1521 676/1/1518 674/1/1514
f 3805/1/1524 3803/1/1520 677/1/1522 673/1/1513
f 3803/1/1520 3805/1/1524 674/1/1514 678/1/1523
f 3806/1/1525 3807/1/1526 677/1/1522 675/1/1517
f 3807/1/1526 3806/1/1525 676/1/1518 678/1/1523
f 3807/1/1526 3808/1/1527 679/1/1528 677/1/1522
f 3808/1/1527 3807/1/1526 678/1/1523 680/1/1529
f 3808/1/1527 3806/1/1525 675/1/1517 679/1/1528
f 3806/1/1525 3808/1/1527 680/1/1529 676/1/1518
f 3809/1/1530 3810/1/1531 683/1/1532 681/1/1533
f 3810/1/1531 3809/1/1530 682/1/1534 684/1/1535
f 3810/1/1531 3811/1/1536 685/1/1537 683/1/1532
f 3811/1/1536 3810/1/1531 684/1/1535 686/1/1538
f 3811/1/1536 3809/1/1530 681/1/1533 685/1/1537
f 3809/1/1530 3811/1/1536 686/1/1538 682/1/1534
f 3812/1/1539 3813/1/1540 681/1/1533 683/1/1532
f 3813/1/1540 3812/1/1539 684/1/1535 682/1/1534
f 3813/1/1540 3814/1/1541 687/1/1542 681/1/1533
f 3814/1/1541 3813/1/1540 682/1/1534 688/1/1543
f 3814/1/1541 3812/1/1539 683/1/1532 687/1/1542
f 3812/1/1539 3814/1/1541 688/1/1543 684/1/1535
f 3815/1/1544 3816/1/1545 685/1/1537 689/1/1546
f 3816/1/1545 3815/1/1544 690/1/1547 686/1/1538
f 3816/1/1545 3817/1/1548 683/1/1532 685/1/1537
f 3817/1/1548 3816/1/1545 686/1/1538 684/1/1535
f 3817/1/1548 3815/1/1544 689/1/1546 683/1/1532
f 3815/1/1544 3817/1/1548 684/1/1535 690/1/1547
f 3818/1/1549 3819/1/1550 691/1/1551 683/1/1532
f 3819/1/1550 3818/1/1549 684/1/1535 692/1/1552
f 3819/1/1550 3820/1/1553 689/1/1546 691/1/1551
f 3820/1/1553 3819/1/1550 692/1/1552 690/1/1547
f 3820/1/1553 3818/1/1549 683/1/1532 689/1/1546
f 3818/1/1549 3820/1/1553 690/1/1547 684/1/1535
f 3821/1/1554 3822/1/1555 693/1/1556 691/1/1551
f 3822/1/1555 3821/1/1554 692/1/1552 694/1/1557
f 3822/1/1555 3823/1/1558 689/1/1546 693/1/1556
f 3823/1/1558 3822/1/1555 694/1/1557 690/1/1547
f 3823/1/1558 3821/1/1554 691/1/1551 689/1/1546
f 3821/1/1554 3823/1/1558 690/1/1547 692/1/1552
f 3824/1/1559 3825/1/1560 689/1/1546 695/1/1561
f 3825/1/1560 3824/1/1559 696/1/1562 690/1/1547
f 3825/1/1560 3826/1/1563 693/1/1556 689/1/1546
f 3826/1/1563 3825/1/1560 690/1/1547 694/1/1557
f 3826/1/1563 3824/1/1559 695/1/1561 693/1/1556
f 3824/1/1559 3826/1/1563 694/1/1557 696/1/1562
f 3827/1/1564 3828/1/1565 693/1/1556 695/1/1561
f 3828/1/1565 3827/1/1564 696/1/1562 694/1/1557
f 3828/1/1565 3829/1/1566 697/1/1567 693/1/1556
f 3829/1/1566 3828/1/1565 694/1/1557 698/1/1514
f 3829/1/1566 3827/1/1564 695/1/1561 697/1/1567
f 3827/1/1564 3829/1/1566 698/1/1514 696/1/1562
f 3830/1/1568 3831/1/1569 699/1/1517 697/1/1567
f 3831/1/1569 3830/1/1568 698/1/1514 700/1/1570
f 3831/1/1569 3832/1/1571 695/1/1561 699/1/1517
f 3832/1/1571 3831/1/1569 700/1/1570 696/1/1562
f 3832/1/1571 3830/1/1568 697/1/1567 695/1/1561
f 3830/1/1568 3832/1/1571 696/1/1562 698/1/1514
f 3833/1/1520 3834/1/1521 699/1/1517 701/1/1522
f 3834/1/1521 3833/1/1520 702/1/1523 700/1/1570
f 3834/1/1521 3835/1/1572 697/1/1567 699/1/1517
f 3835/1/1572 3834/1/1521 700/1/1570 698/1/1514
f 3835/1/1572 3833/1/1520 701/1/1522 697/1/1567
f 3833/1/1520 3835/1/1572 698/1/1514 702/1/1523
f 3836/1/1573 3837/1/1526 701/1/1522 699/1/1517
f 3837/1/1526 3836/1/1573 700/1/1570 702/1/1523
f 3837/1/1526 3838/1/1574 703/1/1575 701/1/1522
f 3838/1/1574 3837/1/1526 702/1/1523 704/1/1529
f 3838/1/1574 3836/1/1573 699/1/1517 703/1/1575
f 3836/1/1573 3838/1/1574 704/1/1529 700/1/1570
f 3839/1/1576 3840/1/1577 707/1/1578 705/1/1579
f 3840/1/1577 3839/1/1576 706/1/1580 708/1/1581
f 3840/1/1577 3841/1/1582 709/1/1583 707/1/1578
f 3841/1/1582 3840/1/1577 708/1/1581 710/1/1584
f 3841/1/1582 3839/1/1576 705/1/1579 709/1/1583
f 3839/1/1576 3841/1/1582 710/1/1584 706/1/1580
f 3842/1/1585 3843/1/1586 711/1/1587 705/1/1579
f 3843/1/1586 3842/1/1585 706/1/1580 712/1/1588
f 3843/1/1586 3844/1/1589 707/1/1578 711/1/1587
f 3844/1/1589 3843/1/1586 712/1/1588 708/1/1581
f 3844/1/1589 3842/1/1585 705/1/1579 707/1/1578
f 3842/1/1585 3844/1/1589 708/1/1581 706/1/1580
f 3845/1/1590 3846/1/1591 705/1/1579 711/1/1587
f 3846/1/1591 3845/1/1590 712/1/1588 706/1/1580
f 3846/1/1591 3847/1/1592 713/1/1593 705/1/1579
f 3847/1/1592 3846/1/1591 706/1/1580 714/1/1594
f 3847/1/1592 3845/1/1590 711/1/1587 713/1/1593
f 3845/1/1590 3847/1/1592 714/1/1594 712/1/1588
f 3848/1/1595 3849/1/1596 713/1/1593 711/1/1587
f 3849/1/1596 3848/1/1595 712/1/1588 714/1/1594
f 3849/1/1596 3850/1/1597 715/1/1598 713/1/1593
f 3850/1/1597 3849/1/1596 714/1/1594 716/1/1599
f 3850/1/1597 3848/1/1595 711/1/1587 715/1/1598
f 3848/1/1595 3850/1/1597 716/1/1599 712/1/1588
f 3851/1/1600 3852/1/1601 711/1/1587 707/1/1578
f 3852/1/1601 3851/1/1600 708/1/1581 712/1/1588
f 3852/1/1601 3853/1/1602 717/1/1603 711/1/1587
f 3853/1/1602 3852/1/1601 712/1/1588 718/1/1604
f 3853/1/1602 3851/1/1600 707/1/1578 717/1/1603
f 3851/1/1600 3853/1/1602 718/1/1604 708/1/1581
f 3854/1/1605 3855/1/1606 707/1/1578 719/1/1607
f 3855/1/1606 3854/1/1605 720/1/1608 708/1/1581
f 3855/1/1606 3856/1/1609 717/1/1603 707/1/1578
f 3856/1/1609 3855/1/1606 708/1/1581 718/1/1604
f 3856/1/1609 3854/1/1605 719/1/1607 717/1/1603
f 3854/1/1605 3856/1/1609 718/1/1604 720/1/1608
f 3857/1/1610 3858/1/1611 723/1/1612 721/1/1613
f 3858/1/1611 3857/1/1610 722/1/1614 724/1/1615
f 3858/1/1611 3859/1/1616 725/1/1617 723/1/1612
f 3859/1/1616 3858/1/1611 724/1/1615 726/1/1618
f 3859/1/1616 3857/1/1610 721/1/1613 725/1/1617
f 3857/1/1610 3859/1/1616 726/1/1618 722/1/1614
f 3860/1/1619 3861/1/1620 727/1/1621 723/1/1612
f 3861/1/1620 3860/1/1619 724/1/1615 728/1/1622
f 3861/1/1620 3862/1/1623 725/1/1617 727/1/1621
f 3862/1/1623 3861/1/1620 728/1/1622 726/1/1618
f 3862/1/1623 3860/1/1619 723/1/1612 725/1/1617
f 3860/1/1619 3862/1/1623 726/1/1618 724/1/1615
f 3863/1/1624 3864/1/1625 729/1/1626 723/1/1612
f 3864/1/1625 3863/1/1624 724/1/1615 730/1/1627
f 3864/1/1625 3865/1/1628 727/1/1621 729/1/1626
f 3865/1/1628 3864/1/1625 730/1/1627 728/1/1622
f 3865/1/1628 3863/1/1624 723/1/1612 727/1/1621
f 3863/1/1624 3865/1/1628 728/1/1622 724/1/1615
f 3866/1/1629 3867/1/1630 731/1/1631 723/1/1612
f 3867/1/1630 3866/1/1629 724/1/1615 732/1/1632
f 3867/1/1630 3868/1/1633 729/1/1626 731/1/1631
f 3868/1/1633 3867/1/1630 732/1/1632 730/1/1627
f 3868/1/1633 3866/1/1629 723/1/1612 729/1/1626
f 3866/1/1629 3868/1/1633 730/1/1627 724/1/1615
f 3869/1/1634 3870/1/1635 733/1/1636 725/1/1617
f 3870/1/1635 3869/1/1634 726/1/1618 734/1/1637
f 3870/1/1635 3871/1/1638 721/1/1613 733/1/1636
f 3871/1/1638 3870/1/1635 734/1/1637 722/1/1614
f 3871/1/1638 3869/1/1634 725/1/1617 721/1/1613
f 3869/1/1634 3871/1/1638 722/1/1614 726/1/1618
f 3872/1/1639 3873/1/1640 721/1/1613 735/1/1641
f 3873/1/1640 3872/1/1639 736/1/1642 722/1/1614
f 3873/1/1640 3874/1/1643 733/1/1636 721/1/1613
f 3874/1/1643 3873/1/1640 722/1/1614 734/1/1637
f 3874/1/1643 3872/1/1639 735/1/1641 733/1/1636
f 3872/1/1639 3874/1/1643 734/1/1637 736/1/1642
f 3875/1/1644 3876/1/1645 733/1/1636 735/1/1641
f 3876/1/1645 3875/1/1644 736/1/1642 734/1/1637
f 3876/1/1645 3877/1/1646 737/1/1647 733/1/1636
f 3877/1/1646 3876/1/1645 734/1/1637 738/1/1648
f 3877/1/1646 3875/1/1644 735/1/1641 737/1/1647
f 3875/1/1644 3877/1/1646 738/1/1648 736/1/1642
f 3878/1/1649 3879/1/1650 735/1/1641 739/1/1651
f 3879/1/1650 3878/1/1649 740/1/1652 736/1/1642
f 3879/1/1650 3880/1/1653 737/1/1647 735/1/1641
f 3880/1/1653 3879/1/1650 736/1/1642 738/1/1648
f 3880/1/1653 3878/1/1649 739/1/1651 737/1/1647
f 3878/1/1649 3880/1/1653 738/1/1648 740/1/1652
f 3881/1/1654 3882/1/1655 737/1/1647 739/1/1651
f 3882/1/1655 3881/1/1654 740/1/1652 738/1/1648
f 3882/1/1655 3883/1/1656 741/1/1657 737/1/1647
f 3883/1/1656 3882/1/1655 738/1/1648 742/1/1658
f 3883/1/1656 3881/1/1654 739/1/1651 741/1/1657
f 3881/1/1654 3883/1/1656 742/1/1658 740/1/1652
f 3884/1/1659 3885/1/1660 739/1/1651 743/1/1661
f 3885/1/1660 3884/1/1659 744/1/1662 740/1/1652
f 3885/1/1660 3886/1/1663 741/1/1657 739/1/1651
f 3886/1/1663 3885/1/1660 740/1/1652 742/1/1658
f 3886/1/1663 3884/1/1659 743/1/1661 741/1/1657
f 3884/1/1659 3886/1/1663 742/1/1658 744/1/1662
f 3887/1/1664 3888/1/1665 741/1/1657 743/1/1661
f 3888/1/1665 3887/1/1664 744/1/1662 742/1/1658
f 3888/1/1665 3889/1/1666 745/1/1667 741/1/1657
f 3889/1/1666 3888/1/1665 742/1/1658 746/1/1668
f 3889/1/1666 3887/1/1664 743/1/1661 745/1/1667
f 3887/1/1664 3889/1/1666 746/1/1668 744/1/1662
f 3890/1/1669 3891/1/1670 741/1/1657 745/1/1667
f 3891/1/1670 3890/1/1669 746/1/1668 742/1/1658
f 3891/1/1670 3892/1/1671 747/1/1672 741/1/1657
f 3892/1/1671 3891/1/1670 742/1/1658 748/1/1673
f 3892/1/1671 3890/1/1669 745/1/1667 747/1/1672
f 3890/1/1669 3892/1/1671 748/1/1673 746/1/1668
f 3893/1/1674 3894/1/1675 749/1/1676 747/1/1672
f 3894/1/1675 3893/1/1674 748/1/1673 750/1/1677
f 3894/1/1675 3895/1/1678 745/1/1667 749/1/1676
f 3895/1/1678 3894/1/1675 750/1/1677 746/1/1668
f 3895/1/1678 3893/1/1674 747/1/1672 745/1/1667
f 3893/1/1674 3895/1/1678 746/1/1668 748/1/1673
f 3896/1/1679 3897/1/1680 745/1/1667 751/1/1681
f 3897/1/1680 3896/1/1679 752/1/1682 746/1/1668
f 3897/1/1680 3898/1/1683 749/1/1676 745/1/1667
f 3898/1/1683 3897/1/1680 746/1/1668 750/1/1677
f 3898/1/1683 3896/1/1679 751/1/1681 749/1/1676
f 3896/1/1679 3898/1/1683 750/1/1677 752/1/1682
f 3899/1/1684 3900/1/1685 755/1/1686 753/1/1687
f 3900/1/1685 3899/1/1684 754/1/1688 756/1/1689
f 3900/1/1685 3901/1/1690 757/1/1691 755/1/1686
f 3901/1/1690 3900/1/1685 756/1/1689 758/1/1692
f 3901/1/1690 3899/1/1684 753/1/1687 757/1/1691
f 3899/1/1684 3901/1/1690 758/1/1692 754/1/1688
f 3902/1/1693 3903/1/1694 757/1/1691 759/1/1695
f 3903/1/1694 3902/1/1693 760/1/1696 758/1/1692
f 3903/1/1694 3904/1/1697 755/1/1686 757/1/1691
f 3904/1/1697 3903/1/1694 758/1/1692 756/1/1689
f 3904/1/1697 3902/1/1693 759/1/1695 755/1/1686
f 3902/1/1693 3904/1/1697 756/1/1689 760/1/1696
f 3905/1/1698 3906/1/1699 753/1/1687 755/1/1686
f 3906/1/1699 3905/1/1698 756/1/1689 754/1/1688
f 3906/1/1699 3907/1/1700 761/1/1701 753/1/1687
f 3907/1/1700 3906/1/1699 754/1/1688 762/1/1702
f 3907/1/1700 3905/1/1698 755/1/1686 761/1/1701
f 3905/1/1698 3907/1/1700 762/1/1702 756/1/1689
f 3908/1/1703 3909/1/1704 759/1/1695 757/1/1691
f 3909/1/1704 3908/1/1703 758/1/1692 760/1/1696
f 3909/1/1704 3910/1/1705 763/1/1706 759/1/1695
f 3910/1/1705 3909/1/1704 760/1/1696 764/1/1707
f 3910/1/1705 3908/1/1703 757/1/1691 763/1/1706
f 3908/1/1703 3910/1/1705 764/1/1707 758/1/1692
f 3911/1/1708 3912/1/1709 761/1/1701 765/1/1710
f 3912/1/1709 3911/1/1708 766/1/1711 762/1/1702
f 3912/1/1709 3913/1/1712 753/1/1687 761/1/1701
f 3913/1/1712 3912/1/1709 762/1/1702 754/1/1688
f 3913/1/1712 3911/1/1708 765/1/1710 753/1/1687
f 3911/1/1708 3913/1/1712 754/1/1688 766/1/1711
f 3914/1/1713 3915/1/1714 763/1/1706 767/1/1715
f 3915/1/1714 3914/1/1713 768/1/1716 764/1/1707
f 3915/1/1714 3916/1/1717 759/1/1695 763/1/1706
f 3916/1/1717 3915/1/1714 764/1/1707 760/1/1696
f 3916/1/1717 3914/1/1713 767/1/1715 759/1/1695
f 3914/1/1713 3916/1/1717 760/1/1696 768/1/1716
f 3917/1/1718 3918/1/1719 765/1/1710 761/1/1701
f 3918/1/1719 3917/1/1718 762/1/1702 766/1/1711
f 3918/1/1719 3919/1/1720 769/1/1721 765/1/1710
f 3919/1/1720 3918/1/1719 766/1/1711 770/1/1722
f 3919/1/1720 3917/1/1718 761/1/1701 769/1/1721
f 3917/1/1718 3919/1/1720 770/1/1722 762/1/1702
f 3920/1/1723 3921/1/1724 769/1/1721 771/1/1725
f 3921/1/1724 3920/1/1723 772/1/1726 770/1/1722
f 3921/1/1724 3922/1/1727 765/1/1710 769/1/1721
f 3922/1/1727 3921/1/1724 770/1/1722 766/1/1711
f 3922/1/1727 3920/1/1723 771/1/1725 765/1/1710
f 3920/1/1723 3922/1/1727 766/1/1711 772/1/1726
f 3923/1/1728 3924/1/1729 771/1/1725 769/1/1721
f 3924/1/1729 3923/1/1728 770/1/1722 772/1/1726
f 3924/1/1729 3925/1/1730 773/1/1731 771/1/1725
f 3925/1/1730 3924/1/1729 772/1/1726 774/1/1732
f 3925/1/1730 3923/1/1728 769/1/1721 773/1/1731
f 3923/1/1728 3925/1/1730 774/1/1732 770/1/1722
f 3926/1/1733 3927/1/1734 767/1/1715 763/1/1706
f 3927/1/1734 3926/1/1733 764/1/1707 768/1/1716
f 3927/1/1734 3928/1/1735 775/1/1736 767/1/1715
f 3928/1/1735 3927/1/1734 768/1/1716 776/1/1737
f 3928/1/1735 3926/1/1733 763/1/1706 775/1/1736
f 3926/1/1733 3928/1/1735 776/1/1737 764/1/1707
f 3929/1/1738 3930/1/1739 775/1/1736 777/1/1740
f 3930/1/1739 3929/1/1738 778/1/1741 776/1/1737
f 3930/1/1739 3931/1/1742 767/1/1715 775/1/1736
f 3931/1/1742 3930/1/1739 776/1/1737 768/1/1716
f 3931/1/1742 3929/1/1738 777/1/1740 767/1/1715
f 3929/1/1738 3931/1/1742 768/1/1716 778/1/1741
f 3932/1/1743 3933/1/1744 777/1/1740 775/1/1736
f 3933/1/1744 3932/1/1743 776/1/1737 778/1/1741
f 3933/1/1744 3934/1/1745 779/1/1746 777/1/1740
f 3934/1/1745 3933/1/1744 778/1/1741 780/1/1747
f 3934/1/1745 3932/1/1743 775/1/1736 779/1/1746
f 3932/1/1743 3934/1/1745 780/1/1747 776/1/1737
f 3935/1/1703 3936/1/1748 783/1/1695 781/1/1691
f 3936/1/1748 3935/1/1703 782/1/1692 784/1/1696
f 3936/1/1748 3937/1/1749 785/1/1750 783/1/1695
f 3937/1/1749 3936/1/1748 784/1/1696 786/1/1707
f 3937/1/1749 3935/1/1703 781/1/1691 785/1/1750
f 3935/1/1703 3937/1/1749 786/1/1707 782/1/1692
f 3938/1/1751 3939/1/1752 785/1/1750 787/1/1753
f 3939/1/1752 3938/1/1751 788/1/1754 786/1/1707
f 3939/1/1752 3940/1/1717 783/1/1695 785/1/1750
f 3940/1/1717 3939/1/1752 786/1/1707 784/1/1696
f 3940/1/1717 3938/1/1751 787/1/1753 783/1/1695
f 3938/1/1751 3940/1/1717 784/1/1696 788/1/1754
f 3941/1/1693 3942/1/1755 781/1/1691 783/1/1695
f 3942/1/1755 3941/1/1693 784/1/1696 782/1/1692
f 3942/1/1755 3943/1/1756 789/1/1686 781/1/1691
f 3943/1/1756 3942/1/1755 782/1/1692 790/1/1689
f 3943/1/1756 3941/1/1693 783/1/1695 789/1/1686
f 3941/1/1693 3943/1/1756 790/1/1689 784/1/1696
f 3944/1/1757 3945/1/1758 787/1/1753 785/1/1750
f 3945/1/1758 3944/1/1757 786/1/1707 788/1/1754
f 3945/1/1758 3946/1/1759 791/1/1760 787/1/1753
f 3946/1/1759 3945/1/1758 788/1/1754 792/1/1761
f 3946/1/1759 3944/1/1757 785/1/1750 791/1/1760
f 3944/1/1757 3946/1/1759 792/1/1761 786/1/1707
f 3947/1/1762 3948/1/1763 791/1/1760 793/1/1740
f 3948/1/1763 3947/1/1762 794/1/1741 792/1/1761
f 3948/1/1763 3949/1/1764 787/1/1753 791/1/1760
f 3949/1/1764 3948/1/1763 792/1/1761 788/1/1754
f 3949/1/1764 3947/1/1762 793/1/1740 787/1/1753
f 3947/1/1762 3949/1/1764 788/1/1754 794/1/1741
f 3950/1/1765 3951/1/1766 793/1/1740 791/1/1760
f 3951/1/1766 3950/1/1765 792/1/1761 794/1/1741
f 3951/1/1766 3952/1/1767 795/1/1768 793/1/1740
f 3952/1/1767 3951/1/1766 794/1/1741 796/1/1769
f 3952/1/1767 3950/1/1765 791/1/1760 795/1/1768
f 3950/1/1765 3952/1/1767 796/1/1769 792/1/1761
f 3953/1/1684 3954/1/1770 789/1/1686 797/1/1771
f 3954/1/1770 3953/1/1684 798/1/1772 790/1/1689
f 3954/1/1770 3955/1/1773 781/1/1691 789/1/1686
f 3955/1/1773 3954/1/1770 790/1/1689 782/1/1692
f 3955/1/1773 3953/1/1684 797/1/1771 781/1/1691
f 3953/1/1684 3955/1/1773 782/1/1692 798/1/1772
f 3956/1/1774 3957/1/1775 797/1/1771 789/1/1686
f 3957/1/1775 3956/1/1774 790/1/1689 798/1/1772
f 3957/1/1775 3958/1/1776 799/1/1701 797/1/1771
f 3958/1/1776 3957/1/1775 798/1/1772 800/1/1777
f 3958/1/1776 3956/1/1774 789/1/1686 799/1/1701
f 3956/1/1774 3958/1/1776 800/1/1777 790/1/1689
f 3959/1/1778 3960/1/1709 799/1/1701 801/1/1779
f 3960/1/1709 3959/1/1778 802/1/1711 800/1/1777
f 3960/1/1709 3961/1/1780 797/1/1771 799/1/1701
f 3961/1/1780 3960/1/1709 800/1/1777 798/1/1772
f 3961/1/1780 3959/1/1778 801/1/1779 797/1/1771
f 3959/1/1778 3961/1/1780 798/1/1772 802/1/1711
f 3962/1/1718 3963/1/1781 801/1/1779 799/1/1701
f 3963/1/1781 3962/1/1718 800/1/1777 802/1/1711
f 3963/1/1781 3964/1/1782 803/1/1783 801/1/1779
f 3964/1/1782 3963/1/1781 802/1/1711 804/1/1722
f 3964/1/1782 3962/1/1718 799/1/1701 803/1/1783
f 3962/1/1718 3964/1/1782 804/1/1722 800/1/1777
f 3965/1/1784 3966/1/1785 803/1/1783 805/1/1786
f 3966/1/1785 3965/1/1784 806/1/1787 804/1/1722
f 3966/1/1785 3967/1/1727 801/1/1779 803/1/1783
f 3967/1/1727 3966/1/1785 804/1/1722 802/1/1711
f 3967/1/1727 3965/1/1784 805/1/1786 801/1/1779
f 3965/1/1784 3967/1/1727 802/1/1711 806/1/1787
f 3968/1/1788 3969/1/1729 805/1/1786 803/1/1783
f 3969/1/1729 3968/1/1788 804/1/1722 806/1/1787
f 3969/1/1729 3970/1/1789 807/1/1790 805/1/1786
f 3970/1/1789 3969/1/1729 806/1/1787 808/1/1791
f 3970/1/1789 3968/1/1788 803/1/1783 807/1/1790
f 3968/1/1788 3970/1/1789 808/1/1791 804/1/1722
f 3971/1/1792 3972/1/1793 811/1/1794 809/1/1795
f 3972/1/1793 3971/1/1792 810/1/1796 812/1/1454
f 3972/1/1793 3973/1/1797 813/1/1798 811/1/1794
f 3973/1/1797 3972/1/1793 812/1/1454 814/1/1456
f 3973/1/1797 3971/1/1792 809/1/1795 813/1/1798
f 3971/1/1792 3973/1/1797 814/1/1456 810/1/1796
f 3974/1/1386 3975/1/1799 813/1/1798 809/1/1795
f 3975/1/1799 3974/1/1386 810/1/1796 814/1/1456
f 3975/1/1799 3976/1/1388 815/1/1800 813/1/1798
f 3976/1/1388 3975/1/1799 814/1/1456 816/1/1390
f 3976/1/1388 3974/1/1386 809/1/1795 815/1/1800
f 3974/1/1386 3976/1/1388 816/1/1390 810/1/1796
f 3977/1/1801 3978/1/1802 819/1/1803 817/1/1804
f 3978/1/1802 3977/1/1801 818/1/1805 820/1/1806
f 3978/1/1802 3979/1/1807 821/1/1808 819/1/1803
f 3979/1/1807 3978/1/1802 820/1/1806 822/1/1809
f 3979/1/1807 3977/1/1801 817/1/1804 821/1/1808
f 3977/1/1801 3979/1/1807 822/1/1809 818/1/1805
f 3980/1/1810 3981/1/1811 817/1/1804 819/1/1803
f 3981/1/1811 3980/1/1810 820/1/1806 818/1/1805
f 3981/1/1811 3982/1/1812 823/1/1813 817/1/1804
f 3982/1/1812 3981/1/1811 818/1/1805 824/1/1814
f 3982/1/1812 3980/1/1810 819/1/1803 823/1/1813
f 3980/1/1810 3982/1/1812 824/1/1814 820/1/1806
f 3983/1/1815 3984/1/1816 817/1/1804 825/1/1817
f 3984/1/1816 3983/1/1815 826/1/1818 818/1/1805
f 3984/1/1816 3985/1/1819 821/1/1808 817/1/1804
f 3985/1/1819 3984/1/1816 818/1/1805 822/1/1809
f 3985/1/1819 3983/1/1815 825/1/1817 821/1/1808
f 3983/1/1815 3985/1/1819 822/1/1809 826/1/1818
f 3986/1/1820 3987/1/1821 825/1/1817 817/1/1804
f 3987/1/1821 3986/1/1820 818/1/1805 826/1/1818
f 3987/1/1821 3988/1/1822 827/1/1823 825/1/1817
f 3988/1/1822 3987/1/1821 826/1/1818 828/1/1824
f 3988/1/1822 3986/1/1820 817/1/1804 827/1/1823
f 3986/1/1820 3988/1/1822 828/1/1824 818/1/1805
f 3989/1/1825 3990/1/1826 827/1/1823 829/1/1827
f 3990/1/1826 3989/1/1825 830/1/1828 828/1/1824
f 3990/1/1826 3991/1/1829 825/1/1817 827/1/1823
f 3991/1/1829 3990/1/1826 828/1/1824 826/1/1818
f 3991/1/1829 3989/1/1825 829/1/1827 825/1/1817
f 3989/1/1825 3991/1/1829 826/1/1818 830/1/1828
f 3992/1/1830 3993/1/1831 827/1/1823 831/1/1832
f 3993/1/1831 3992/1/1830 832/1/1833 828/1/1824
f 3993/1/1831 3994/1/1834 829/1/1827 827/1/1823
f 3994/1/1834 3993/1/1831 828/1/1824 830/1/1828
f 3994/1/1834 3992/1/1830 831/1/1832 829/1/1827
f 3992/1/1830 3994/1/1834 830/1/1828 832/1/1833
f 3995/1/1835 3996/1/1836 835/1/1837 833/1/1838
f 3996/1/1836 3995/1/1835 834/1/1839 836/1/1840
f 3996/1/1836 3997/1/1841 837/1/1842 835/1/1837
f 3997/1/1841 3996/1/1836 836/1/1840 838/1/1843
f 3997/1/1841 3995/1/1835 833/1/1838 837/1/1842
f 3995/1/1835 3997/1/1841 838/1/1843 834/1/1839
f 3998/1/1844 3999/1/1845 833/1/1838 835/1/1837
f 3999/1/1845 3998/1/1844 836/1/1840 834/1/1839
f 3999/1/1845 4000/1/1846 839/1/1847 833/1/1838
f 4000/1/1846 3999/1/1845 834/1/1839 840/1/1848
f 4000/1/1846 3998/1/1844 835/1/1837 839/1/1847
f 3998/1/1844 4000/1/1846 840/1/1848 836/1/1840
f 4001/1/1849 4002/1/1850 841/1/1851 835/1/1837
f 4002/1/1850 4001/1/1849 836/1/1840 842/1/1852
f 4002/1/1850 4003/1/1853 837/1/1842 841/1/1851
f 4003/1/1853 4002/1/1850 842/1/1852 838/1/1843
f 4003/1/1853 4001/1/1849 835/1/1837 837/1/1842
f 4001/1/1849 4003/1/1853 838/1/1843 836/1/1840
f 4004/1/1854 4005/1/1855 835/1/1837 841/1/1851
f 4005/1/1855 4004/1/1854 842/1/1852 836/1/1840
f 4005/1/1855 4006/1/1856 843/1/1857 835/1/1837
f 4006/1/1856 4005/1/1855 836/1/1840 844/1/1858
f 4006/1/1856 4004/1/1854 841/1/1851 843/1/1857
f 4004/1/1854 4006/1/1856 844/1/1858 842/1/1852
f 4007/1/1859 4008/1/1860 845/1/1861 843/1/1857
f 4008/1/1860 4007/1/1859 844/1/1858 846/1/1862
f 4008/1/1860 4009/1/1863 841/1/1851 845/1/1861
f 4009/1/1863 4008/1/1860 846/1/1862 842/1/1852
f 4009/1/1863 4007/1/1859 843/1/1857 841/1/1851
f 4007/1/1859 4009/1/1863 842/1/1852 844/1/1858
f 4010/1/1864 4011/1/1865 847/1/1866 843/1/1857
f 4011/1/1865 4010/1/1864 844/1/1858 848/1/1867
f 4011/1/1865 4012/1/1868 845/1/1861 847/1/1866
f 4012/1/1868 4011/1/1865 848/1/1867 846/1/1862
f 4012/1/1868 4010/1/1864 843/1/1857 845/1/1861
f 4010/1/1864 4012/1/1868 846/1/1862 844/1/1858
f 4013/1/1869 4014/1/1870 845/1/1861 849/1/1871
f 4014/1/1870 4013/1/1869 850/1/1872 846/1/1862
f 4014/1/1870 4015/1/1873 847/1/1866 845/1/1861
f 4015/1/1873 4014/1/1870 846/1/1862 848/1/1867
f 4015/1/1873 4013/1/1869 849/1/1871 847/1/1866
f 4013/1/1869 4015/1/1873 848/1/1867 850/1/1872
f 4016/1/1874 4017/1/1875 849/1/1871 845/1/1861
f 4017/1/1875 4016/1/1874 846/1/1862 850/1/1872
f 4017/1/1875 4018/1/1876 851/1/1877 849/1/1871
f 4018/1/1876 4017/1/1875 850/1/1872 852/1/1878
f 4018/1/1876 4016/1/1874 845/1/1861 851/1/1877
f 4016/1/1874 4018/1/1876 852/1/1878 846/1/1862
f 4019/1/1879 4020/1/1880 851/1/1877 853/1/1881
f 4020/1/1880 4019/1/1879 854/1/1882 852/1/1878
f 4020/1/1880 4021/1/1883 849/1/1871 851/1/1877
f 4021/1/1883 4020/1/1880 852/1/1878 850/1/1872
f 4021/1/1883 4019/1/1879 853/1/1881 849/1/1871
f 4019/1/1879 4021/1/1883 850/1/1872 854/1/1882
f 4022/1/1884 4023/1/1885 855/1/1886 849/1/1871
f 4023/1/1885 4022/1/1884 850/1/1872 856/1/1887
f 4023/1/1885 4024/1/1888 853/1/1881 855/1/1886
f 4024/1/1888 4023/1/1885 856/1/1887 854/1/1882
f 4024/1/1888 4022/1/1884 849/1/1871 853/1/1881
f 4022/1/1884 4024/1/1888 854/1/1882 850/1/1872
f 4025/1/1889 4026/1/1890 853/1/1881 857/1/1891
f 4026/1/1890 4025/1/1889 858/1/1892 854/1/1882
f 4026/1/1890 4027/1/1893 855/1/1886 853/1/1881
f 4027/1/1893 4026/1/1890 854/1/1882 856/1/1887
f 4027/1/1893 4025/1/1889 857/1/1891 855/1/1886
f 4025/1/1889 4027/1/1893 856/1/1887 858/1/1892
f 4028/1/1894 4029/1/1895 857/1/1891 853/1/1881
f 4029/1/1895 4028/1/1894 854/1/1882 858/1/1892
f 4029/1/1895 4030/1/1896 859/1/1897 857/1/1891
f 4030/1/1896 4029/1/1895 858/1/1892 860/1/1898
f 4030/1/1896 4028/1/1894 853/1/1881 859/1/1897
f 4028/1/1894 4030/1/1896 860/1/1898 854/1/1882
f 4031/1/1899 4032/1/1900 859/1/1897 861/1/1901
f 4032/1/1900 4031/1/1899 862/1/1902 860/1/1898
f 4032/1/1900 4033/1/1903 857/1/1891 859/1/1897
f 4033/1/1903 4032/1/1900 860/1/1898 858/1/1892
f 4033/1/1903 4031/1/1899 861/1/1901 857/1/1891
f 4031/1/1899 4033/1/1903 858/1/1892 862/1/1902
f 4034/1/1904 4035/1/1905 863/1/1906 857/1/1891
f 4035/1/1905 4034/1/1904 858/1/1892 864/1/1907
f 4035/1/1905 4036/1/1908 861/1/1901 863/1/1906
f 4036/1/1908 4035/1/1905 864/1/1907 862/1/1902
f 4036/1/1908 4034/1/1904 857/1/1891 861/1/1901
f 4034/1/1904 4036/1/1908 862/1/1902 858/1/1892
f 4037/1/1909 4038/1/1910 867/1/1911 865/1/1912
f 4038/1/1910 4037/1/1909 866/1/1913 868/1/1914
f 4038/1/1910 4039/1/1915 869/1/1916 867/1/1911
f 4039/1/1915 4038/1/1910 868/1/1914 870/1/1917
f 4039/1/1915 4037/1/1909 865/1/1912 869/1/1916
f 4037/1/1909 4039/1/1915 870/1/1917 866/1/1913
f 4040/1/1918 4041/1/1919 867/1/1911 869/1/1916
f 4041/1/1919 4040/1/1918 870/1/1917 868/1/1914
f 4041/1/1919 4042/1/1920 871/1/1921 867/1/1911
f 4042/1/1920 4041/1/1919 868/1/1914 872/1/1922
f 4042/1/1920 4040/1/1918 869/1/1916 871/1/1921
f 4040/1/1918 4042/1/1920 872/1/1922 870/1/1917
f 4043/1/1923 4044/1/1924 873/1/1925 867/1/1911
f 4044/1/1924 4043/1/1923 868/1/1914 874/1/1926
f 4044/1/1924 4045/1/1927 871/1/1921 873/1/1925
f 4045/1/1927 4044/1/1924 874/1/1926 872/1/1922
f 4045/1/1927 4043/1/1923 867/1/1911 871/1/1921
f 4043/1/1923 4045/1/1927 872/1/1922 868/1/1914
f 4046/1/1928 4047/1/1929 867/1/1911 873/1/1925
f 4047/1/1929 4046/1/1928 874/1/1926 868/1/1914
f 4047/1/1929 4048/1/1930 875/1/1931 867/1/1911
f 4048/1/1930 4047/1/1929 868/1/1914 876/1/1932
f 4048/1/1930 4046/1/1928 873/1/1925 875/1/1931
f 4046/1/1928 4048/1/1930 876/1/1932 874/1/1926
f 4049/1/1933 4050/1/1934 877/1/1935 875/1/1931
f 4050/1/1934 4049/1/1933 876/1/1932 878/1/1936
f 4050/1/1934 4051/1/1937 873/1/1925 877/1/1935
f 4051/1/1937 4050/1/1934 878/1/1936 874/1/1926
f 4051/1/1937 4049/1/1933 875/1/1931 873/1/1925
f 4049/1/1933 4051/1/1937 874/1/1926 876/1/1932
f 4052/1/1938 4053/1/1939 879/1/1940 875/1/1931
f 4053/1/1939 4052/1/1938 876/1/1932 880/1/1941
f 4053/1/1939 4054/1/1942 877/1/1935 879/1/1940
f 4054/1/1942 4053/1/1939 880/1/1941 878/1/1936
f 4054/1/1942 4052/1/1938 875/1/1931 877/1/1935
f 4052/1/1938 4054/1/1942 878/1/1936 876/1/1932
f 4055/1/1943 4056/1/1944 883/1/1945 881/1/1946
f 4056/1/1944 4055/1/1943 882/1/1947 884/1/1948
f 4056/1/1944 4057/1/1949 885/1/1950 883/1/1945
f 4057/1/1949 4056/1/1944 884/1/1948 886/1/1951
f 4057/1/1949 4055/1/1943 881/1/1946 885/1/1950
f 4055/1/1943 4057/1/1949 886/1/1951 882/1/1947
f 4058/1/1952 4059/1/1953 885/1/1950 881/1/1946
f 4059/1/1953 4058/1/1952 882/1/1947 886/1/1951
f 4059/1/1953 4060/1/1954 887/1/1955 885/1/1950
f 4060/1/1954 4059/1/1953 886/1/1951 888/1/1956
f 4060/1/1954 4058/1/1952 881/1/1946 887/1/1955
f 4058/1/1952 4060/1/1954 888/1/1956 882/1/1947
f 4061/1/1957 4062/1/1958 881/1/1946 889/1/1959
f 4062/1/1958 4061/1/1957 890/1/1960 882/1/1947
f 4062/1/1958 4063/1/1961 887/1/1955 881/1/1946
f 4063/1/1961 4062/1/1958 882/1/1947 888/1/1956
f 4063/1/1961 4061/1/1957 889/1/1959 887/1/1955
f 4061/1/1957 4063/1/1961 888/1/1956 890/1/1960
f 4064/1/1962 4065/1/1963 889/1/1959 881/1/1946
f 4065/1/1963 4064/1/1962 882/1/1947 890/1/1960
f 4065/1/1963 4066/1/1964 891/1/1965 889/1/1959
f 4066/1/1964 4065/1/1963 890/1/1960 892/1/1966
f 4066/1/1964 4064/1/1962 881/1/1946 891/1/1965
f 4064/1/1962 4066/1/1964 892/1/1966 882/1/1947
f 4067/1/1967 4068/1/1968 891/1/1965 893/1/1969
f 4068/1/1968 4067/1/1967 894/1/1970 892/1/1966
f 4068/1/1968 4069/1/1971 889/1/1959 891/1/1965
f 4069/1/1971 4068/1/1968 892/1/1966 890/1/1960
f 4069/1/1971 4067/1/1967 893/1/1969 889/1/1959
f 4067/1/1967 4069/1/1971 890/1/1960 894/1/1970
f 4070/1/1972 4071/1/1973 893/1/1969 891/1/1965
f 4071/1/1973 4070/1/1972 892/1/1966 894/1/1970
f 4071/1/1973 4072/1/1974 895/1/1975 893/1/1969
f 4072/1/1974 4071/1/1973 894/1/1970 896/1/1976
f 4072/1/1974 4070/1/1972 891/1/1965 895/1/1975
f 4070/1/1972 4072/1/1974 896/1/1976 892/1/1966
f 4073/1/1977 4074/1/1978 895/1/1975 897/1/1979
f 4074/1/1978 4073/1/1977 898/1/1980 896/1/1976
f 4074/1/1978 4075/1/1981 893/1/1969 895/1/1975
f 4075/1/1981 4074/1/1978 896/1/1976 894/1/1970
f 4075/1/1981 4073/1/1977 897/1/1979 893/1/1969
f 4073/1/1977 4075/1/1981 894/1/1970 898/1/1980
f 4076/1/1982 4077/1/1983 899/1/1984 893/1/1969
f 4077/1/1983 4076/1/1982 894/1/1970 900/1/1985
f 4077/1/1983 4078/1/1986 897/1/1979 899/1/1984
f 4078/1/1986 4077/1/1983 900/1/1985 898/1/1980
f 4078/1/1986 4076/1/1982 893/1/1969 897/1/1979
f 4076/1/1982 4078/1/1986 898/1/1980 894/1/1970
f 4079/1/1987 4080/1/1988 897/1/1979 901/1/1989
f 4080/1/1988 4079/1/1987 902/1/1990 898/1/1980
f 4080/1/1988 4081/1/1991 899/1/1984 897/1/1979
f 4081/1/1991 4080/1/1988 898/1/1980 900/1/1985
f 4081/1/1991 4079/1/1987 901/1/1989 899/1/1984
f 4079/1/1987 4081/1/1991 900/1/1985 902/1/1990
f 4082/1/1992 4083/1/1993 901/1/1989 897/1/1979
f 4083/1/1993 4082/1/1992 898/1/1980 902/1/1990
f 4083/1/1993 4084/1/1994 903/1/1995 901/1/1989
f 4084/1/1994 4083/1/1993 902/1/1990 904/1/1996
f 4084/1/1994 4082/1/1992 897/1/1979 903/1/1995
f 4082/1/1992 4084/1/1994 904/1/1996 898/1/1980
f 4085/1/1997 4086/1/1998 903/1/1995 905/1/1999
f 4086/1/1998 4085/1/1997 906/1/2000 904/1/1996
f 4086/1/1998 4087/1/2001 901/1/1989 903/1/1995
f 4087/1/2001 4086/1/1998 904/1/1996 902/1/1990
f 4087/1/2001 4085/1/1997 905/1/1999 901/1/1989
f 4085/1/1997 4087/1/2001 902/1/1990 906/1/2000
f 4088/1/2002 4089/1/2003 907/1/2004 901/1/1989
f 4089/1/2003 4088/1/2002 902/1/1990 908/1/2005
f 4089/1/2003 4090/1/2006 905/1/1999 907/1/2004
f 4090/1/2006 4089/1/2003 908/1/2005 906/1/2000
f 4090/1/2006 4088/1/2002 901/1/1989 905/1/1999
f 4088/1/2002 4090/1/2006 906/1/2000 902/1/1990
f 4091/1/2007 4092/1/2008 905/1/1999 909/1/2009
f 4092/1/2008 4091/1/2007 910/1/2010 906/1/2000
f 4092/1/2008 4093/1/2011 907/1/2004 905/1/1999
f 4093/1/2011 4092/1/2008 906/1/2000 908/1/2005
f 4093/1/2011 4091/1/2007 909/1/2009 907/1/2004
f 4091/1/2007 4093/1/2011 908/1/2005 910/1/2010
f 4094/1/2012 4095/1/2013 909/1/2009 905/1/1999
f 4095/1/2013 4094/1/2012 906/1/2000 910/1/2010
f 4095/1/2013 4096/1/2014 911/1/2015 909/1/2009
f 4096/1/2014 4095/1/2013 910/1/2010 912/1/2016
f 4096/1/2014 4094/1/2012 905/1/1999 911/1/2015
f 4094/1/2012 4096/1/2014 912/1/2016 906/1/2000
f 4097/1/2017 4098/1/2018 915/1/2019 913/1/2020
f 4098/1/2018 4097/1/2017 914/1/2021 916/1/2022
f 4098/1/2018 4099/1/2023 917/1/2024 915/1/2019
f 4099/1/2023 4098/1/2018 916/1/2022 918/1/2025
f 4099/1/2023 4097/1/2017 913/1/2020 917/1/2024
f 4097/1/2017 4099/1/2023 918/1/2025 914/1/2021
f 4100/1/2026 4101/1/2027 917/1/2024 919/1/2028
f 4101/1/2027 4100/1/2026 920/1/2029 918/1/2025
f 4101/1/2027 4102/1/2030 915/1/2019 917/1/2024
f 4102/1/2030 4101/1/2027 918/1/2025 916/1/2022
f 4102/1/2030 4100/1/2026 919/1/2028 915/1/2019
f 4100/1/2026 4102/1/2030 916/1/2022 920/1/2029
f 4103/1/2031 4104/1/2032 923/1/2019 921/1/2033
f 4104/1/2032 4103/1/2031 922/1/2021 924/1/2034
f 4104/1/2032 4105/1/2023 925/1/2024 923/1/2019
f 4105/1/2023 4104/1/2032 924/1/2034 926/1/2025
f 4105/1/2023 4103/1/2031 921/1/2033 925/1/2024
f 4103/1/2031 4105/1/2023 926/1/2025 922/1/2021
f 4106/1/2035 4107/1/2036 925/1/2024 927/1/2028
f 4107/1/2036 4106/1/2035 928/1/2037 926/1/2025
f 4107/1/2036 4108/1/2030 923/1/2019 925/1/2024
f 4108/1/2030 4107/1/2036 926/1/2025 924/1/2034
f 4108/1/2030 4106/1/2035 927/1/2028 923/1/2019
f 4106/1/2035 4108/1/2030 924/1/2034 928/1/2037
f 4109/1/2038 4110/1/2039 931/1/2040 929/1/2041
f 4110/1/2039 4109/1/2038 930/1/2042 932/1/2043
f 4110/1/2039 4111/1/2044 933/1/2045 931/1/2040
f 4111/1/2044 4110/1/2039 932/1/2043 934/1/2046
f 4111/1/2044 4109/1/2038 929/1/2041 933/1/2045
f 4109/1/2038 4111/1/2044 934/1/2046 930/1/2042
f 4112/1/2047 4113/1/2048 931/1/2040 935/1/2049
f 4113/1/2048 4112/1/2047 936/1/2050 932/1/2043
f 4113/1/2048 4114/1/2051 929/1/2041 931/1/2040
f 4114/1/2051 4113/1/2048 932/1/2043 930/1/2042
f 4114/1/2051 4112/1/2047 935/1/2049 929/1/2041
f 4112/1/2047 4114/1/2051 930/1/2042 936/1/2050
f 4115/1/2052 4116/1/2053 937/1/2054 935/1/2049
f 4116/1/2053 4115/1/2052 936/1/2050 938/1/2055
f 4116/1/2053 4117/1/2056 931/1/2040 937/1/2054
f 4117/1/2056 4116/1/2053 938/1/2055 932/1/2043
f 4117/1/2056 4115/1/2052 935/1/2049 931/1/2040
f 4115/1/2052 4117/1/2056 932/1/2043 936/1/2050
f 4118/1/2057 4119/1/2058 935/1/2049 939/1/2059
f 4119/1/2058 4118/1/2057 940/1/2060 936/1/2050
f 4119/1/2058 4120/1/2061 941/1/2062 935/1/2049
f 4120/1/2061 4119/1/2058 936/1/2050 942/1/2063
f 4120/1/2061 4118/1/2057 939/1/2059 941/1/2062
f 4118/1/2057 4120/1/2061 942/1/2063 940/1/2060
f 4121/1/2064 4122/1/2065 939/1/2059 935/1/2049
f 4122/1/2065 4121/1/2064 936/1/2050 940/1/2060
f 4122/1/2065 4123/1/2066 943/1/2067 939/1/2059
f 4123/1/2066 4122/1/2065 940/1/2060 944/1/2068
f 4123/1/2066 4121/1/2064 935/1/2049 943/1/2067
f 4121/1/2064 4123/1/2066 944/1/2068 936/1/2050
f 4124/1/2069 4125/1/2070 937/1/2054 943/1/2067
f 4125/1/2070 4124/1/2069 944/1/2068 938/1/2055
f 4125/1/2070 4126/1/2071 935/1/2049 937/1/2054
f 4126/1/2071 4125/1/2070 938/1/2055 936/1/2050
f 4126/1/2071 4124/1/2069 943/1/2067 935/1/2049
f 4124/1/2069 4126/1/2071 936/1/2050 944/1/2068
f 4127/1/2072 4128/1/2073 945/1/2074 943/1/2067
f 4128/1/2073 4127/1/2072 944/1/2068 946/1/2075
f 4128/1/2073 4129/1/2076 937/1/2054 945/1/2074
f 4129/1/2076 4128/1/2073 946/1/2075 938/1/2055
f 4129/1/2076 4127/1/2072 943/1/2067 937/1/2054
f 4127/1/2072 4129/1/2076 938/1/2055 944/1/2068
f 4130/1/2077 4131/1/2078 943/1/2067 945/1/2074
f 4131/1/2078 4130/1/2077 946/1/2075 944/1/2068
f 4131/1/2078 4132/1/2079 947/1/2080 943/1/2067
f 4132/1/2079 4131/1/2078 944/1/2068 948/1/2081
f 4132/1/2079 4130/1/2077 945/1/2074 947/1/2080
f 4130/1/2077 4132/1/2079 948/1/2081 946/1/2075
f 4133/1/2082 4134/1/2083 949/1/2084 943/1/2067
f 4134/1/2083 4133/1/2082 944/1/2068 950/1/2085
f 4134/1/2083 4135/1/2086 947/1/2080 949/1/2084
f 4135/1/2086 4134/1/2083 950/1/2085 948/1/2081
f 4135/1/2086 4133/1/2082 943/1/2067 947/1/2080
f 4133/1/2082 4135/1/2086 948/1/2081 944/1/2068
f 4136/1/2087 4137/1/2088 949/1/2084 947/1/2080
f 4137/1/2088 4136/1/2087 948/1/2081 950/1/2085
f 4137/1/2088 4138/1/2089 951/1/2090 949/1/2084
f 4138/1/2089 4137/1/2088 950/1/2085 952/1/2091
f 4138/1/2089 4136/1/2087 947/1/2080 951/1/2090
f 4136/1/2087 4138/1/2089 952/1/2091 948/1/2081
f 4139/1/2092 4140/1/2093 955/1/2094 953/1/2095
f 4140/1/2093 4139/1/2092 954/1/2096 956/1/2097
f 4140/1/2093 4141/1/2098 957/1/2099 955/1/2094
f 4141/1/2098 4140/1/2093 956/1/2097 958/1/2100
f 4141/1/2098 4139/1/2092 953/1/2095 957/1/2099
f 4139/1/2092 4141/1/2098 958/1/2100 954/1/2096
f 4142/1/2101 4143/1/2102 957/1/2099 953/1/2095
f 4143/1/2102 4142/1/2101 954/1/2096 958/1/2100
f 4143/1/2102 4144/1/2103 959/1/2104 957/1/2099
f 4144/1/2103 4143/1/2102 958/1/2100 960/1/2105
f 4144/1/2103 4142/1/2101 953/1/2095 959/1/2104
f 4142/1/2101 4144/1/2103 960/1/2105 954/1/2096
f 4145/1/2106 4146/1/2107 953/1/2095 961/1/2108
f 4146/1/2107 4145/1/2106 962/1/2109 954/1/2096
f 4146/1/2107 4147/1/2110 959/1/2104 953/1/2095
f 4147/1/2110 4146/1/2107 954/1/2096 960/1/2105
f 4147/1/2110 4145/1/2106 961/1/2108 959/1/2104
f 4145/1/2106 4147/1/2110 960/1/2105 962/1/2109
f 4148/1/2111 4149/1/2112 959/1/2104 961/1/2108
f 4149/1/2112 4148/1/2111 962/1/2109 960/1/2105
f 4149/1/2112 4150/1/2113 963/1/2114 959/1/2104
f 4150/1/2113 4149/1/2112 960/1/2105 964/1/2115
f 4150/1/2113 4148/1/2111 961/1/2108 963/1/2114
f 4148/1/2111 4150/1/2113 964/1/2115 962/1/2109
f 4151/1/2116 4152/1/2117 965/1/2118 955/1/2094
f 4152/1/2117 4151/1/2116 956/1/2097 966/1/2119
f 4152/1/2117 4153/1/2120 957/1/2099 965/1/2118
f 4153/1/2120 4152/1/2117 966/1/2119 958/1/2100
f 4153/1/2120 4151/1/2116 955/1/2094 957/1/2099
f 4151/1/2116 4153/1/2120 958/1/2100 956/1/2097
f 4154/1/2121 4155/1/2122 967/1/2123 955/1/2094
f 4155/1/2122 4154/1/2121 956/1/2097 968/1/2124
f 4155/1/2122 4156/1/2125 965/1/2118 967/1/2123
f 4156/1/2125 4155/1/2122 968/1/2124 966/1/2119
f 4156/1/2125 4154/1/2121 955/1/2094 965/1/2118
f 4154/1/2121 4156/1/2125 966/1/2119 956/1/2097
f 4157/1/2126 4158/1/2127 965/1/2118 969/1/2128
f 4158/1/2127 4157/1/2126 970/1/2129 966/1/2119
f 4158/1/2127 4159/1/2130 967/1/2123 965/1/2118
f 4159/1/2130 4158/1/2127 966/1/2119 968/1/2124
f 4159/1/2130 4157/1/2126 969/1/2128 967/1/2123
f 4157/1/2126 4159/1/2130 968/1/2124 970/1/2129
f 4160/1/2131 4161/1/2132 969/1/2128 965/1/2118
f 4161/1/2132 4160/1/2131 966/1/2119 970/1/2129
f 4161/1/2132 4162/1/2133 971/1/2134 969/1/2128
f 4162/1/2133 4161/1/2132 970/1/2129 972/1/2135
f 4162/1/2133 4160/1/2131 965/1/2118 971/1/2134
f 4160/1/2131 4162/1/2133 972/1/2135 966/1/2119
f 4163/1/2136 4164/1/2137 971/1/2134 973/1/2138
f 4164/1/2137 4163/1/2136 974/1/2139 972/1/2135
f 4164/1/2137 4165/1/2140 969/1/2128 971/1/2134
f 4165/1/2140 4164/1/2137 972/1/2135 970/1/2129
f 4165/1/2140 4163/1/2136 973/1/2138 969/1/2128
f 4163/1/2136 4165/1/2140 970/1/2129 974/1/2139
f 4166/1/2141 4167/1/2142 973/1/2138 971/1/2134
f 4167/1/2142 4166/1/2141 972/1/2135 974/1/2139
f 4167/1/2142 4168/1/2143 975/1/2144 973/1/2138
f 4168/1/2143 4167/1/2142 974/1/2139 976/1/2145
f 4168/1/2143 4166/1/2141 971/1/2134 975/1/2144
f 4166/1/2141 4168/1/2143 976/1/2145 972/1/2135
f 4169/1/2146 4170/1/2147 977/1/2148 973/1/2138
f 4170/1/2147 4169/1/2146 974/1/2139 978/1/2149
f 4170/1/2147 4171/1/2150 975/1/2144 977/1/2148
f 4171/1/2150 4170/1/2147 978/1/2149 976/1/2145
f 4171/1/2150 4169/1/2146 973/1/2138 975/1/2144
f 4169/1/2146 4171/1/2150 976/1/2145 974/1/2139
f 4172/1/2151 4173/1/2152 979/1/2153 973/1/2138
f 4173/1/2152 4172/1/2151 974/1/2139 980/1/2154
f 4173/1/2152 4174/1/2155 977/1/2148 979/1/2153
f 4174/1/2155 4173/1/2152 980/1/2154 978/1/2149
f 4174/1/2155 4172/1/2151 973/1/2138 977/1/2148
f 4172/1/2151 4174/1/2155 978/1/2149 974/1/2139
f 4175/1/2156 4176/1/2157 981/1/2158 979/1/2153
f 4176/1/2157 4175/1/2156 980/1/2154 982/1/2159
f 4176/1/2157 4177/1/2160 977/1/2148 981/1/2158
f 4177/1/2160 4176/1/2157 982/1/2159 978/1/2149
f 4177/1/2160 4175/1/2156 979/1/2153 977/1/2148
f 4175/1/2156 4177/1/2160 978/1/2149 980/1/2154
f 4178/1/2161 4179/1/2162 981/1/2158 977/1/2148
f 4179/1/2162 4178/1/2161 978/1/2149 982/1/2159
f 4179/1/2162 4180/1/2163 983/1/2164 981/1/2158
f 4180/1/2163 4179/1/2162 982/1/2159 984/1/2165
f 4180/1/2163 4178/1/2161 977/1/2148 983/1/2164
f 4178/1/2161 4180/1/2163 984/1/2165 978/1/2149
f 4181/1/2166 4182/1/2167 987/1/2168 985/1/2169
f 4182/1/2167 4181/1/2166 986/1/2170 988/1/2171
f 4182/1/2167 4183/1/2172 989/1/2173 987/1/2168
f 4183/1/2172 4182/1/2167 988/1/2171 990/1/2174
f 4183/1/2172 4181/1/2166 985/1/2169 989/1/2173
f 4181/1/2166 4183/1/2172 990/1/2174 986/1/2170
f 4184/1/2175 4185/1/2176 989/1/2173 991/1/2177
f 4185/1/2176 4184/1/2175 992/1/2178 990/1/2174
f 4185/1/2176 4186/1/2179 987/1/2168 989/1/2173
f 4186/1/2179 4185/1/2176 990/1/2174 988/1/2171
f 4186/1/2179 4184/1/2175 991/1/2177 987/1/2168
f 4184/1/2175 4186/1/2179 988/1/2171 992/1/2178
f 4187/1/2180 4188/1/2181 991/1/2177 989/1/2173
f 4188/1/2181 4187/1/2180 990/1/2174 992/1/2178
f 4188/1/2181 4189/1/2182 993/1/2183 991/1/2177
f 4189/1/2182 4188/1/2181 992/1/2178 994/1/2184
f 4189/1/2182 4187/1/2180 989/1/2173 993/1/2183
f 4187/1/2180 4189/1/2182 994/1/2184 990/1/2174
f 4190/1/2185 4191/1/2186 985/1/2169 987/1/2168
f 4191/1/2186 4190/1/2185 988/1/2171 986/1/2170
f 4191/1/2186 4192/1/2187 995/1/2188 985/1/2169
f 4192/1/2187 4191/1/2186 986/1/2170 996/1/2189
f 4192/1/2187 4190/1/2185 987/1/2168 995/1/2188
f 4190/1/2185 4192/1/2187 996/1/2189 988/1/2171
f 4193/1/2190 4194/1/2191 995/1/2188 997/1/2192
f 4194/1/2191 4193/1/2190 998/1/2193 996/1/2189
f 4194/1/2191 4195/1/2194 985/1/2169 995/1/2188
f 4195/1/2194 4194/1/2191 996/1/2189 986/1/2170
f 4195/1/2194 4193/1/2190 997/1/2192 985/1/2169
f 4193/1/2190 4195/1/2194 986/1/2170 998/1/2193
f 4196/1/2195 4197/1/2196 997/1/2192 995/1/2188
f 4197/1/2196 4196/1/2195 996/1/2189 998/1/2193
f 4197/1/2196 4198/1/2197 999/1/2198 997/1/2192
f 4198/1/2197 4197/1/2196 998/1/2193 1000/1/2199
f 4198/1/2197 4196/1/2195 995/1/2188 999/1/2198
f 4196/1/2195 4198/1/2197 1000/1/2199 996/1/2189
f 4199/1/2200 4200/1/2201 999/1/2198 1001/1/2202
f 4200/1/2201 4199/1/2200 1002/1/2203 1000/1/2199
f 4200/1/2201 4201/1/2204 997/1/2192 999/1/2198
f 4201/1/2204 4200/1/2201 1000/1/2199 998/1/2193
f 4201/1/2204 4199/1/2200 1001/1/2202 997/1/2192
f 4199/1/2200 4201/1/2204 998/1/2193 1002/1/2203
f 4202/1/2205 4203/1/2206 1003/1/2207 997/1/2192
f 4203/1/2206 4202/1/2205 998/1/2193 1004/1/2208
f 4203/1/2206 4204/1/2209 1001/1/2202 1003/1/2207
f 4204/1/2209 4203/1/2206 1004/1/2208 1002/1/2203
f 4204/1/2209 4202/1/2205 997/1/2192 1001/1/2202
f 4202/1/2205 4204/1/2209 1002/1/2203 998/1/2193
f 4205/1/2210 4206/1/2211 1005/1/2212 1003/1/2207
f 4206/1/2211 4205/1/2210 1004/1/2208 1006/1/2213
f 4206/1/2211 4207/1/2214 1001/1/2202 1005/1/2212
f 4207/1/2214 4206/1/2211 1006/1/2213 1002/1/2203
f 4207/1/2214 4205/1/2210 1003/1/2207 1001/1/2202
f 4205/1/2210 4207/1/2214 1002/1/2203 1004/1/2208
f 4208/1/2215 4209/1/2216 1007/1/2217 1003/1/2207
f 4209/1/2216 4208/1/2215 1004/1/2208 1008/1/2218
f 4209/1/2216 4210/1/2219 1005/1/2212 1007/1/2217
f 4210/1/2219 4209/1/2216 1008/1/2218 1006/1/2213
f 4210/1/2219 4208/1/2215 1003/1/2207 1005/1/2212
f 4208/1/2215 4210/1/2219 1006/1/2213 1004/1/2208
f 4211/1/2220 4212/1/2221 1005/1/2212 1009/1/2222
f 4212/1/2221 4211/1/2220 1010/1/2223 1006/1/2213
f 4212/1/2221 4213/1/2224 1007/1/2217 1005/1/2212
f 4213/1/2224 4212/1/2221 1006/1/2213 1008/1/2218
f 4213/1/2224 4211/1/2220 1009/1/2222 1007/1/2217
f 4211/1/2220 4213/1/2224 1008/1/2218 1010/1/2223
f 4214/1/2225 4215/1/2226 1009/1/2222 1005/1/2212
f 4215/1/2226 4214/1/2225 1006/1/2213 1010/1/2223
f 4215/1/2226 4216/1/2227 1011/1/2228 1009/1/2222
f 4216/1/2227 4215/1/2226 1010/1/2223 1012/1/2229
f 4216/1/2227 4214/1/2225 1005/1/2212 1011/1/2228
f 4214/1/2225 4216/1/2227 1012/1/2229 1006/1/2213
f 4217/1/2230 4218/1/2231 1013/1/2232 1009/1/2222
f 4218/1/2231 4217/1/2230 1010/1/2223 1014/1/2233
f 4218/1/2231 4219/1/2234 1011/1/2228 1013/1/2232
f 4219/1/2234 4218/1/2231 1014/1/2233 1012/1/2229
f 4219/1/2234 4217/1/2230 1009/1/2222 1011/1/2228
f 4217/1/2230 4219/1/2234 1012/1/2229 1010/1/2223
f 4220/1/2235 4221/1/2236 1009/1/2222 1013/1/2232
f 4221/1/2236 4220/1/2235 1014/1/2233 1010/1/2223
f 4221/1/2236 4222/1/2237 1015/1/2238 1009/1/2222
f 4222/1/2237 4221/1/2236 1010/1/2223 1016/1/2239
f 4222/1/2237 4220/1/2235 1013/1/2232 1015/1/2238
f 4220/1/2235 4222/1/2237 1016/1/2239 1014/1/2233
f 4223/1/2240 4224/1/2241 1019/1/2242 1017/1/2243
f 4224/1/2241 4223/1/2240 1018/1/2244 1020/1/2245
f 4224/1/2241 4225/1/2246 1021/1/2247 1019/1/2242
f 4225/1/2246 4224/1/2241 1020/1/2245 1022/1/2248
f 4225/1/2246 4223/1/2240 1017/1/2243 1021/1/2247
f 4223/1/2240 4225/1/2246 1022/1/2248 1018/1/2244
f 4226/1/2249 4227/1/2250 1021/1/2247 1017/1/2243
f 4227/1/2250 4226/1/2249 1018/1/2244 1022/1/2248
f 4227/1/2250 4228/1/2251 1023/1/2252 1021/1/2247
f 4228/1/2251 4227/1/2250 1022/1/2248 1024/1/2253
f 4228/1/2251 4226/1/2249 1017/1/2243 1023/1/2252
f 4226/1/2249 4228/1/2251 1024/1/2253 1018/1/2244
f 4229/1/2254 4230/1/2255 1019/1/2242 1021/1/2247
f 4230/1/2255 4229/1/2254 1022/1/2248 1020/1/2245
f 4230/1/2255 4231/1/2256 1025/1/2257 1019/1/2242
f 4231/1/2256 4230/1/2255 1020/1/2245 1026/1/2258
f 4231/1/2256 4229/1/2254 1021/1/2247 1025/1/2257
f 4229/1/2254 4231/1/2256 1026/1/2258 1022/1/2248
f 4232/1/2259 4233/1/2260 1027/1/2261 1025/1/2257
f 4233/1/2260 4232/1/2259 1026/1/2258 1028/1/2262
f 4233/1/2260 4234/1/2263 1021/1/2247 1027/1/2261
f 4234/1/2263 4233/1/2260 1028/1/2262 1022/1/2248
f 4234/1/2263 4232/1/2259 1025/1/2257 1021/1/2247
f 4232/1/2259 4234/1/2263 1022/1/2248 1026/1/2258
f 4235/1/2264 4236/1/2265 1029/1/2266 1025/1/2257
f 4236/1/2265 4235/1/2264 1026/1/2258 1030/1/2267
f 4236/1/2265 4237/1/2268 1027/1/2261 1029/1/2266
f 4237/1/2268 4236/1/2265 1030/1/2267 1028/1/2262
f 4237/1/2268 4235/1/2264 1025/1/2257 1027/1/2261
f 4235/1/2264 4237/1/2268 1028/1/2262 1026/1/2258
f 4238/1/2269 4239/1/1992 1025/1/2257 1029/1/2266
f 4239/1/1992 4238/1/2269 1030/1/2267 1026/1/2258
f 4239/1/1992 4240/1/2270 1031/1/2271 1025/1/2257
f 4240/1/2270 4239/1/1992 1026/1/2258 1032/1/2272
f 4240/1/2270 4238/1/2269 1029/1/2266 1031/1/2271
f 4238/1/2269 4240/1/2270 1032/1/2272 1030/1/2267
f 4241/1/2273 4242/1/2274 1029/1/2266 1033/1/2275
f 4242/1/2274 4241/1/2273 1034/1/2276 1030/1/2267
f 4242/1/2274 4243/1/2277 1031/1/2271 1029/1/2266
f 4243/1/2277 4242/1/2274 1030/1/2267 1032/1/2272
f 4243/1/2277 4241/1/2273 1033/1/2275 1031/1/2271
f 4241/1/2273 4243/1/2277 1032/1/2272 1034/1/2276
f 4244/1/2278 4245/1/2279 1033/1/2275 1029/1/2266
f 4245/1/2279 4244/1/2278 1030/1/2267 1034/1/2276
f 4245/1/2279 4246/1/2280 1035/1/2281 1033/1/2275
f 4246/1/2280 4245/1/2279 1034/1/2276 1036/1/2282
f 4246/1/2280 4244/1/2278 1029/1/2266 1035/1/2281
f 4244/1/2278 4246/1/2280 1036/1/2282 1030/1/2267
f 4247/1/2283 4248/1/2284 1035/1/2281 1037/1/2285
f 4248/1/2284 4247/1/2283 1038/1/2286 1036/1/2282
f 4248/1/2284 4249/1/2287 1033/1/2275 1035/1/2281
f 4249/1/2287 4248/1/2284 1036/1/2282 1034/1/2276
f 4249/1/2287 4247/1/2283 1037/1/2285 1033/1/2275
f 4247/1/2283 4249/1/2287 1034/1/2276 1038/1/2286
f 4250/1/2288 4251/1/2289 1037/1/2285 1035/1/2281
f 4251/1/2289 4250/1/2288 1036/1/2282 1038/1/2286
f 4251/1/2289 4252/1/2290 1039/1/2291 1037/1/2285
f 4252/1/2290 4251/1/2289 1038/1/2286 1040/1/2292
f 4252/1/2290 4250/1/2288 1035/1/2281 1039/1/2291
f 4250/1/2288 4252/1/2290 1040/1/2292 1036/1/2282
f 4253/1/2293 4254/1/2294 1041/1/2295 1037/1/2285
f 4254/1/2294 4253/1/2293 1038/1/2286 1042/1/2296
f 4254/1/2294 4255/1/2297 1039/1/2291 1041/1/2295
f 4255/1/2297 4254/1/2294 1042/1/2296 1040/1/2292
f 4255/1/2297 4253/1/2293 1037/1/2285 1039/1/2291
f 4253/1/2293 4255/1/2297 1040/1/2292 1038/1/2286
f 4256/1/2298 4257/1/2299 1037/1/2285 1041/1/2295
f 4257/1/2299 4256/1/2298 1042/1/2296 1038/1/2286
f 4257/1/2299 4258/1/2300 1043/1/2301 1037/1/2285
f 4258/1/2300 4257/1/2299 1038/1/2286 1044/1/2302
f 4258/1/2300 4256/1/2298 1041/1/2295 1043/1/2301
f 4256/1/2298 4258/1/2300 1044/1/2302 1042/1/2296
f 4259/1/2303 4260/1/2304 1041/1/2295 1045/1/2305
f 4260/1/2304 4259/1/2303 1046/1/2306 1042/1/2296
f 4260/1/2304 4261/1/2307 1043/1/2301 1041/1/2295
f 4261/1/2307 4260/1/2304 1042/1/2296 1044/1/2302
f 4261/1/2307 4259/1/2303 1045/1/2305 1043/1/2301
f 4259/1/2303 4261/1/2307 1044/1/2302 1046/1/2306
f 4262/1/2308 4263/1/2309 1045/1/2305 1041/1/2295
f 4263/1/2309 4262/1/2308 1042/1/2296 1046/1/2306
f 4263/1/2309 4264/1/2310 1047/1/2311 1045/1/2305
f 4264/1/2310 4263/1/2309 1046/1/2306 1048/1/2312
f 4264/1/2310 4262/1/2308 1041/1/2295 1047/1/2311
f 4262/1/2308 4264/1/2310 1048/1/2312 1042/1/2296
f 4265/1/2313 4266/1/2314 1051/1/2315 1049/1/2316
f 4266/1/2314 4265/1/2313 1050/1/2317 1052/1/2318
f 4266/1/2314 4267/1/2319 1053/1/2320 1051/1/2315
f 4267/1/2319 4266/1/2314 1052/1/2318 1054/1/2321
f 4267/1/2319 4265/1/2313 1049/1/2316 1053/1/2320
f 4265/1/2313 4267/1/2319 1054/1/2321 1050/1/2317
f 4268/1/2322 4269/1/2323 1055/1/2324 1053/1/2320
f 4269/1/2323 4268/1/2322 1054/1/2321 1056/1/2325
f 4269/1/2323 4270/1/2326 1049/1/2316 1055/1/2324
f 4270/1/2326 4269/1/2323 1056/1/2325 1050/1/2317
f 4270/1/2326 4268/1/2322 1053/1/2320 1049/1/2316
f 4268/1/2322 4270/1/2326 1050/1/2317 1054/1/2321
f 4271/1/2327 4272/1/2328 1053/1/2320 1055/1/2324
f 4272/1/2328 4271/1/2327 1056/1/2325 1054/1/2321
f 4272/1/2328 4273/1/2329 1057/1/2330 1053/1/2320
f 4273/1/2329 4272/1/2328 1054/1/2321 1058/1/2331
f 4273/1/2329 4271/1/2327 1055/1/2324 1057/1/2330
f 4271/1/2327 4273/1/2329 1058/1/2331 1056/1/2325
f 4274/1/2332 4275/1/2333 1059/1/2334 1049/1/2316
f 4275/1/2333 4274/1/2332 1050/1/2317 1060/1/2335
f 4275/1/2333 4276/1/2336 1051/1/2315 1059/1/2334
f 4276/1/2336 4275/1/2333 1060/1/2335 1052/1/2318
f 4276/1/2336 4274/1/2332 1049/1/2316 1051/1/2315
f 4274/1/2332 4276/1/2336 1052/1/2318 1050/1/2317
f 4277/1/2337 4278/1/2338 1051/1/2315 1061/1/2339
f 4278/1/2338 4277/1/2337 1062/1/2340 1052/1/2318
f 4278/1/2338 4279/1/2341 1059/1/2334 1051/1/2315
f 4279/1/2341 4278/1/2338 1052/1/2318 1060/1/2335
f 4279/1/2341 4277/1/2337 1061/1/2339 1059/1/2334
f 4277/1/2337 4279/1/2341 1060/1/2335 1062/1/2340
f 4280/1/2342 4281/1/2343 1061/1/2339 1051/1/2315
f 4281/1/2343 4280/1/2342 1052/1/2318 1062/1/2340
f 4281/1/2343 4282/1/2344 1063/1/2345 1061/1/2339
f 4282/1/2344 4281/1/2343 1062/1/2340 1064/1/2346
f 4282/1/2344 4280/1/2342 1051/1/2315 1063/1/2345
f 4280/1/2342 4282/1/2344 1064/1/2346 1052/1/2318
f 4283/1/2347 4284/1/2348 1067/1/2349 1065/1/2350
f 4284/1/2348 4283/1/2347 1066/1/2351 1068/1/2352
f 4284/1/2348 4285/1/2353 1069/1/2354 1067/1/2349
f 4285/1/2353 4284/1/2348 1068/1/2352 1070/1/2355
f 4285/1/2353 4283/1/2347 1065/1/2350 1069/1/2354
f 4283/1/2347 4285/1/2353 1070/1/2355 1066/1/2351
f 4286/1/2356 4287/1/2357 1065/1/2350 1067/1/2349
f 4287/1/2357 4286/1/2356 1068/1/2352 1066/1/2351
f 4287/1/2357 4288/1/2358 1071/1/2359 1065/1/2350
f 4288/1/2358 4287/1/2357 1066/1/2351 1072/1/2360
f 4288/1/2358 4286/1/2356 1067/1/2349 1071/1/2359
f 4286/1/2356 4288/1/2358 1072/1/2360 1068/1/2352
f 4289/1/2361 4290/1/2348 1075/1/2349 1073/1/2362
f 4290/1/2348 4289/1/2361 1074/1/2351 1076/1/2352
f 4290/1/2348 4291/1/2353 1077/1/2354 1075/1/2349
f 4291/1/2353 4290/1/2348 1076/1/2352 1078/1/2355
f 4291/1/2353 4289/1/2361 1073/1/2362 1077/1/2354
f 4289/1/2361 4291/1/2353 1078/1/2355 1074/1/2351
f 4292/1/2363 4293/1/2357 1073/1/2362 1075/1/2349
f 4293/1/2357 4292/1/2363 1076/1/2352 1074/1/2351
f 4293/1/2357 4294/1/2364 1079/1/2365 1073/1/2362
f 4294/1/2364 4293/1/2357 1074/1/2351 1080/1/2366
f 4294/1/2364 4292/1/2363 1075/1/2349 1079/1/2365
f 4292/1/2363 4294/1/2364 1080/1/2366 1076/1/2352
f 4295/1/2367 4296/1/2368 1083/1/2369 1081/1/2370
f 4296/1/2368 4295/1/2367 1082/1/2371 1084/1/2372
f 4296/1/2368 4297/1/2373 1085/1/2374 1083/1/2369
f 4297/1/2373 4296/1/2368 1084/1/2372 1086/1/2375
f 4297/1/2373 4295/1/2367 1081/1/2370 1085/1/2374
f 4295/1/2367 4297/1/2373 1086/1/2375 1082/1/2371
f 4298/1/2376 4299/1/2377 1085/1/2374 1081/1/2370
f 4299/1/2377 4298/1/2376 1082/1/2371 1086/1/2375
f 4299/1/2377 4300/1/2378 1087/1/2379 1085/1/2374
f 4300/1/2378 4299/1/2377 1086/1/2375 1088/1/2380
f 4300/1/2378 4298/1/2376 1081/1/2370 1087/1/2379
f 4298/1/2376 4300/1/2378 1088/1/2380 1082/1/2371
f 4301/1/2381 4302/1/2382 1091/1/2383 1089/1/2384
f 4302/1/2382 4301/1/2381 1090/1/2385 1092/1/2386
f 4302/1/2382 4303/1/2387 1093/1/2388 1091/1/2383
f 4303/1/2387 4302/1/2382 1092/1/2386 1094/1/2389
f 4303/1/2387 4301/1/2381 1089/1/2384 1093/1/2388
f 4301/1/2381 4303/1/2387 1094/1/2389 1090/1/2385
f 4304/1/2390 4305/1/2391 1093/1/2388 1089/1/2384
f 4305/1/2391 4304/1/2390 1090/1/2385 1094/1/2389
f 4305/1/2391 4306/1/2392 1095/1/2393 1093/1/2388
f 4306/1/2392 4305/1/2391 1094/1/2389 1096/1/2394
f 4306/1/2392 4304/1/2390 1089/1/2384 1095/1/2393
f 4304/1/2390 4306/1/2392 1096/1/2394 1090/1/2385
f 4307/1/2395 4308/1/2396 1099/1/2397 1097/1/2398
f 4308/1/2396 4307/1/2395 1098/1/2399 1100/1/2400
f 4308/1/2396 4309/1/2401 1101/1/2402 1099/1/2397
f 4309/1/2401 4308/1/2396 1100/1/2400 1102/1/2403
f 4309/1/2401 4307/1/2395 1097/1/2398 1101/1/2402
f 4307/1/2395 4309/1/2401 1102/1/2403 1098/1/2399
f 4310/1/2404 4311/1/2405 1103/1/2406 1097/1/2398
f 4311/1/2405 4310/1/2404 1098/1/2399 1104/1/2407
f 4311/1/2405 4312/1/2408 1099/1/2397 1103/1/2406
f 4312/1/2408 4311/1/2405 1104/1/2407 1100/1/2400
f 4312/1/2408 4310/1/2404 1097/1/2398 1099/1/2397
f 4310/1/2404 4312/1/2408 1100/1/2400 1098/1/2399
f 4313/1/2409 4314/1/2410 1097/1/2398 1103/1/2406
f 4314/1/2410 4313/1/2409 1104/1/2407 1098/1/2399
f 4314/1/2410 4315/1/2411 1105/1/2412 1097/1/2398
f 4315/1/2411 4314/1/2410 1098/1/2399 1106/1/2413
f 4315/1/2411 4313/1/2409 1103/1/2406 1105/1/2412
f 4313/1/2409 4315/1/2411 1106/1/2413 1104/1/2407
f 4316/1/2414 4317/1/2415 1101/1/2402 1097/1/2398
f 4317/1/2415 4316/1/2414 1098/1/2399 1102/1/2403
f 4317/1/2415 4318/1/2416 1107/1/2417 1101/1/2402
f 4318/1/2416 4317/1/2415 1102/1/2403 1108/1/2418
f 4318/1/2416 4316/1/2414 1097/1/2398 1107/1/2417
f 4316/1/2414 4318/1/2416 1108/1/2418 1098/1/2399
f 4319/1/2419 4320/1/2420 1109/1/2421 1101/1/2402
f 4320/1/2420 4319/1/2419 1102/1/2403 1110/1/2422
f 4320/1/2420 4321/1/2423 1107/1/2417 1109/1/2421
f 4321/1/2423 4320/1/2420 1110/1/2422 1108/1/2418
f 4321/1/2423 4319/1/2419 1101/1/2402 1107/1/2417
f 4319/1/2419 4321/1/2423 1108/1/2418 1102/1/2403
f 4322/1/2424 4323/1/2425 1101/1/2402 1109/1/2421
f 4323/1/2425 4322/1/2424 1110/1/2422 1102/1/2403
f 4323/1/2425 4324/1/2426 1111/1/2427 1101/1/2402
f 4324/1/2426 4323/1/2425 1102/1/2403 1112/1/2428
f 4324/1/2426 4322/1/2424 1109/1/2421 1111/1/2427
f 4322/1/2424 4324/1/2426 1112/1/2428 1110/1/2422
f 4325/1/2429 4326/1/2430 1111/1/2427 1109/1/2421
f 4326/1/2430 4325/1/2429 1110/1/2422 1112/1/2428
f 4326/1/2430 4327/1/2431 1113/1/2432 1111/1/2427
f 4327/1/2431 4326/1/2430 1112/1/2428 1114/1/2433
f 4327/1/2431 4325/1/2429 1109/1/2421 1113/1/2432
f 4325/1/2429 4327/1/2431 1114/1/2433 1110/1/2422
f 4328/1/2434 4329/1/2435 1109/1/2421 1115/1/2436
f 4329/1/2435 4328/1/2434 1116/1/2437 1110/1/2422
f 4329/1/2435 4330/1/2438 1113/1/2432 1109/1/2421
f 4330/1/2438 4329/1/2435 1110/1/2422 1114/1/2433
f 4330/1/2438 4328/1/2434 1115/1/2436 1113/1/2432
f 4328/1/2434 4330/1/2438 1114/1/2433 1116/1/2437
f 4331/1/2439 4332/1/2440 1117/1/2441 1113/1/2432
f 4332/1/2440 4331/1/2439 1114/1/2433 1118/1/2442
f 4332/1/2440 4333/1/2443 1115/1/2436 1117/1/2441
f 4333/1/2443 4332/1/2440 1118/1/2442 1116/1/2437
f 4333/1/2443 4331/1/2439 1113/1/2432 1115/1/2436
f 4331/1/2439 4333/1/2443 1116/1/2437 1114/1/2433
f 4334/1/2444 4335/1/2445 1113/1/2432 1117/1/2441
f 4335/1/2445 4334/1/2444 1118/1/2442 1114/1/2433
f 4335/1/2445 4336/1/2446 1119/1/2447 1113/1/2432
f 4336/1/2446 4335/1/2445 1114/1/2433 1120/1/2448
f 4336/1/2446 4334/1/2444 1117/1/2441 1119/1/2447
f 4334/1/2444 4336/1/2446 1120/1/2448 1118/1/2442
f 4337/1/2449 4338/1/2450 1117/1/2441 1121/1/2451
f 4338/1/2450 4337/1/2449 1122/1/2452 1118/1/2442
f 4338/1/2450 4339/1/2453 1119/1/2447 1117/1/2441
f 4339/1/2453 4338/1/2450 1118/1/2442 1120/1/2448
f 4339/1/2453 4337/1/2449 1121/1/2451 1119/1/2447
f 4337/1/2449 4339/1/2453 1120/1/2448 1122/1/2452
f 4340/1/2454 4341/1/2455 1123/1/2456 1121/1/2451
f 4341/1/2455 4340/1/2454 1122/1/2452 1124/1/2457
f 4341/1/2455 4342/1/2458 1117/1/2441 1123/1/2456
f 4342/1/2458 4341/1/2455 1124/1/2457 1118/1/2442
f 4342/1/2458 4340/1/2454 1121/1/2451 1117/1/2441
f 4340/1/2454 4342/1/2458 1118/1/2442 1122/1/2452
f 4343/1/2459 4344/1/2460 1123/1/2456 1125/1/2461
f 4344/1/2460 4343/1/2459 1126/1/2462 1124/1/2457
f 4344/1/2460 4345/1/2463 1121/1/2451 1123/1/2456
f 4345/1/2463 4344/1/2460 1124/1/2457 1122/1/2452
f 4345/1/2463 4343/1/2459 1125/1/2461 1121/1/2451
f 4343/1/2459 4345/1/2463 1122/1/2452 1126/1/2462
f 4346/1/2464 4347/1/2465 1125/1/2461 1123/1/2456
f 4347/1/2465 4346/1/2464 1124/1/2457 1126/1/2462
f 4347/1/2465 4348/1/2466 1127/1/2467 1125/1/2461
f 4348/1/2466 4347/1/2465 1126/1/2462 1128/1/2468
f 4348/1/2466 4346/1/2464 1123/1/2456 1127/1/2467
f 4346/1/2464 4348/1/2466 1128/1/2468 1124/1/2457
f 4349/1/2469 4350/1/2470 1129/1/2471 1125/1/2461
f 4350/1/2470 4349/1/2469 1126/1/2462 1130/1/2472
f 4350/1/2470 4351/1/2473 1127/1/2467 1129/1/2471
f 4351/1/2473 4350/1/2470 1130/1/2472 1128/1/2468
f 4351/1/2473 4349/1/2469 1125/1/2461 1127/1/2467
f 4349/1/2469 4351/1/2473 1128/1/2468 1126/1/2462
f 4352/1/2474 4353/1/2475 1125/1/2461 1129/1/2471
f 4353/1/2475 4352/1/2474 1130/1/2472 1126/1/2462
f 4353/1/2475 4354/1/2476 1131/1/2477 1125/1/2461
f 4354/1/2476 4353/1/2475 1126/1/2462 1132/1/2478
f 4354/1/2476 4352/1/2474 1129/1/2471 1131/1/2477
f 4352/1/2474 4354/1/2476 1132/1/2478 1130/1/2472
f 4355/1/2479 4356/1/2480 1133/1/2481 1131/1/2477
f 4356/1/2480 4355/1/2479 1132/1/2478 1134/1/2482
f 4356/1/2480 4357/1/2483 1129/1/2471 1133/1/2481
f 4357/1/2483 4356/1/2480 1134/1/2482 1130/1/2472
f 4357/1/2483 4355/1/2479 1131/1/2477 1129/1/2471
f 4355/1/2479 4357/1/2483 1130/1/2472 1132/1/2478
f 4358/1/2484 4359/1/2485 1131/1/2477 1133/1/2481
f 4359/1/2485 4358/1/2484 1134/1/2482 1132/1/2478
f 4359/1/2485 4360/1/2486 1135/1/2487 1131/1/2477
f 4360/1/2486 4359/1/2485 1132/1/2478 1136/1/2488
f 4360/1/2486 4358/1/2484 1133/1/2481 1135/1/2487
f 4358/1/2484 4360/1/2486 1136/1/2488 1134/1/2482
f 4361/1/2489 4362/1/2490 1137/1/2491 1135/1/2487
f 4362/1/2490 4361/1/2489 1136/1/2488 1138/1/2492
f 4362/1/2490 4363/1/2493 1133/1/2481 1137/1/2491
f 4363/1/2493 4362/1/2490 1138/1/2492 1134/1/2482
f 4363/1/2493 4361/1/2489 1135/1/2487 1133/1/2481
f 4361/1/2489 4363/1/2493 1134/1/2482 1136/1/2488
f 4364/1/2494 4365/1/2495 1135/1/2487 1137/1/2491
f 4365/1/2495 4364/1/2494 1138/1/2492 1136/1/2488
f 4365/1/2495 4366/1/2496 1139/1/2497 1135/1/2487
f 4366/1/2496 4365/1/2495 1136/1/2488 1140/1/2498
f 4366/1/2496 4364/1/2494 1137/1/2491 1139/1/2497
f 4364/1/2494 4366/1/2496 1140/1/2498 1138/1/2492
f 4367/1/2499 4368/1/2500 1137/1/2491 1141/1/2501
f 4368/1/2500 4367/1/2499 1142/1/2502 1138/1/2492
f 4368/1/2500 4369/1/2503 1139/1/2497 1137/1/2491
f 4369/1/2503 4368/1/2500 1138/1/2492 1140/1/2498
f 4369/1/2503 4367/1/2499 1141/1/2501 1139/1/2497
f 4367/1/2499 4369/1/2503 1140/1/2498 1142/1/2502
f 4370/1/2504 4371/1/2505 1143/1/2506 1141/1/2501
f 4371/1/2505 4370/1/2504 1142/1/2502 1144/1/2507
f 4371/1/2505 4372/1/2508 1137/1/2491 1143/1/2506
f 4372/1/2508 4371/1/2505 1144/1/2507 1138/1/2492
f 4372/1/2508 4370/1/2504 1141/1/2501 1137/1/2491
f 4370/1/2504 4372/1/2508 1138/1/2492 1142/1/2502
f 4373/1/2509 4374/1/2510 1141/1/2501 1143/1/2506
f 4374/1/2510 4373/1/2509 1144/1/2507 1142/1/2502
f 4374/1/2510 4375/1/2511 1145/1/2512 1141/1/2501
f 4375/1/2511 4374/1/2510 1142/1/2502 1146/1/2513
f 4375/1/2511 4373/1/2509 1143/1/2506 1145/1/2512
f 4373/1/2509 4375/1/2511 1146/1/2513 1144/1/2507
f 4376/1/2514 4377/1/2515 1147/1/2516 1145/1/2512
f 4377/1/2515 4376/1/2514 1146/1/2513 1148/1/2517
f 4377/1/2515 4378/1/2518 1143/1/2506 1147/1/2516
f 4378/1/2518 4377/1/2515 1148/1/2517 1144/1/2507
f 4378/1/2518 4376/1/2514 1145/1/2512 1143/1/2506
f 4376/1/2514 4378/1/2518 1144/1/2507 1146/1/2513
f 4379/1/2519 4380/1/2520 1151/1/2521 1149/1/2522
f 4380/1/2520 4379/1/2519 1150/1/2523 1152/1/2524
f 4380/1/2520 4381/1/2525 1153/1/2526 1151/1/2521
f 4381/1/2525 4380/1/2520 1152/1/2524 1154/1/2527
f 4381/1/2525 4379/1/2519 1149/1/2522 1153/1/2526
f 4379/1/2519 4381/1/2525 1154/1/2527 1150/1/2523
f 4382/1/2528 4383/1/2529 1153/1/2526 1149/1/2522
f 4383/1/2529 4382/1/2528 1150/1/2523 1154/1/2527
f 4383/1/2529 4384/1/2530 1155/1/2531 1153/1/2526
f 4384/1/2530 4383/1/2529 1154/1/2527 1156/1/2532
f 4384/1/2530 4382/1/2528 1149/1/2522 1155/1/2531
f 4382/1/2528 4384/1/2530 1156/1/2532 1150/1/2523
f 4385/1/2533 4386/1/2534 1149/1/2522 1157/1/2535
f 4386/1/2534 4385/1/2533 1158/1/2536 1150/1/2523
f 4386/1/2534 4387/1/2537 1155/1/2531 1149/1/2522
f 4387/1/2537 4386/1/2534 1150/1/2523 1156/1/2532
f 4387/1/2537 4385/1/2533 1157/1/2535 1155/1/2531
f 4385/1/2533 4387/1/2537 1156/1/2532 1158/1/2536
f 4388/1/2538 4389/1/2539 1149/1/2522 1151/1/2521
f 4389/1/2539 4388/1/2538 1152/1/2524 1150/1/2523
f 4389/1/2539 4390/1/2540 1159/1/2541 1149/1/2522
f 4390/1/2540 4389/1/2539 1150/1/2523 1160/1/2542
f 4390/1/2540 4388/1/2538 1151/1/2521 1159/1/2541
f 4388/1/2538 4390/1/2540 1160/1/2542 1152/1/2524
f 4391/1/2543 4392/1/2544 1151/1/2521 1161/1/2545
f 4392/1/2544 4391/1/2543 1162/1/2546 1152/1/2524
f 4392/1/2544 4393/1/2547 1159/1/2541 1151/1/2521
f 4393/1/2547 4392/1/2544 1152/1/2524 1160/1/2542
f 4393/1/2547 4391/1/2543 1161/1/2545 1159/1/2541
f 4391/1/2543 4393/1/2547 1160/1/2542 1162/1/2546
f 4394/1/2548 4395/1/2549 1161/1/2545 1151/1/2521
f 4395/1/2549 4394/1/2548 1152/1/2524 1162/1/2546
f 4395/1/2549 4396/1/2550 1163/1/2551 1161/1/2545
f 4396/1/2550 4395/1/2549 1162/1/2546 1164/1/2552
f 4396/1/2550 4394/1/2548 1151/1/2521 1163/1/2551
f 4394/1/2548 4396/1/2550 1164/1/2552 1152/1/2524
f 4397/1/2553 4398/1/2554 1165/1/2555 1161/1/2545
f 4398/1/2554 4397/1/2553 1162/1/2546 1166/1/2556
f 4398/1/2554 4399/1/2557 1163/1/2551 1165/1/2555
f 4399/1/2557 4398/1/2554 1166/1/2556 1164/1/2552
f 4399/1/2557 4397/1/2553 1161/1/2545 1163/1/2551
f 4397/1/2553 4399/1/2557 1164/1/2552 1162/1/2546
f 4400/1/2558 4401/1/2559 1161/1/2545 1165/1/2555
f 4401/1/2559 4400/1/2558 1166/1/2556 1162/1/2546
f 4401/1/2559 4402/1/2560 1167/1/2561 1161/1/2545
f 4402/1/2560 4401/1/2559 1162/1/2546 1168/1/2562
f 4402/1/2560 4400/1/2558 1165/1/2555 1167/1/2561
f 4400/1/2558 4402/1/2560 1168/1/2562 1166/1/2556
f 4403/1/2563 4404/1/2564 1165/1/2555 1169/1/2565
f 4404/1/2564 4403/1/2563 1170/1/2566 1166/1/2556
f 4404/1/2564 4405/1/2567 1167/1/2561 1165/1/2555
f 4405/1/2567 4404/1/2564 1166/1/2556 1168/1/2562
f 4405/1/2567 4403/1/2563 1169/1/2565 1167/1/2561
f 4403/1/2563 4405/1/2567 1168/1/2562 1170/1/2566
f 4406/1/2568 4407/1/2569 1169/1/2565 1165/1/2555
f 4407/1/2569 4406/1/2568 1166/1/2556 1170/1/2566
f 4407/1/2569 4408/1/2570 1171/1/2571 1169/1/2565
f 4408/1/2570 4407/1/2569 1170/1/2566 1172/1/2572
f 4408/1/2570 4406/1/2568 1165/1/2555 1171/1/2571
f 4406/1/2568 4408/1/2570 1172/1/2572 1166/1/2556
f 4409/1/2573 4410/1/2574 1173/1/2575 1169/1/2565
f 4410/1/2574 4409/1/2573 1170/1/2566 1174/1/2576
f 4410/1/2574 4411/1/2577 1171/1/2571 1173/1/2575
f 4411/1/2577 4410/1/2574 1174/1/2576 1172/1/2572
f 4411/1/2577 4409/1/2573 1169/1/2565 1171/1/2571
f 4409/1/2573 4411/1/2577 1172/1/2572 1170/1/2566
f 4412/1/2578 4413/1/2579 1169/1/2565 1173/1/2575
f 4413/1/2579 4412/1/2578 1174/1/2576 1170/1/2566
f 4413/1/2579 4414/1/2455 1175/1/2580 1169/1/2565
f 4414/1/2455 4413/1/2579 1170/1/2566 1176/1/2581
f 4414/1/2455 4412/1/2578 1173/1/2575 1175/1/2580
f 4412/1/2578 4414/1/2455 1176/1/2581 1174/1/2576
f 4415/1/2582 4416/1/2583 1177/1/2584 1175/1/2580
f 4416/1/2583 4415/1/2582 1176/1/2581 1178/1/2585
f 4416/1/2583 4417/1/2586 1173/1/2575 1177/1/2584
f 4417/1/2586 4416/1/2583 1178/1/2585 1174/1/2576
f 4417/1/2586 4415/1/2582 1175/1/2580 1173/1/2575
f 4415/1/2582 4417/1/2586 1174/1/2576 1176/1/2581
f 4418/1/2587 4419/1/2588 1175/1/2580 1177/1/2584
f 4419/1/2588 4418/1/2587 1178/1/2585 1176/1/2581
f 4419/1/2588 4420/1/2589 1179/1/2590 1175/1/2580
f 4420/1/2589 4419/1/2588 1176/1/2581 1180/1/2591
f 4420/1/2589 4418/1/2587 1177/1/2584 1179/1/2590
f 4418/1/2587 4420/1/2589 1180/1/2591 1178/1/2585
f 4421/1/2592 4422/1/2593 1179/1/2590 1177/1/2584
f 4422/1/2593 4421/1/2592 1178/1/2585 1180/1/2591
f 4422/1/2593 4423/1/2594 1181/1/2595 1179/1/2590
f 4423/1/2594 4422/1/2593 1180/1/2591 1182/1/2596
f 4423/1/2594 4421/1/2592 1177/1/2584 1181/1/2595
f 4421/1/2592 4423/1/2594 1182/1/2596 1178/1/2585
f 4424/1/2597 4425/1/2598 1183/1/2599 1181/1/2595
f 4425/1/2598 4424/1/2597 1182/1/2596 1184/1/2600
f 4425/1/2598 4426/1/2601 1177/1/2584 1183/1/2599
f 4426/1/2601 4425/1/2598 1184/1/2600 1178/1/2585
f 4426/1/2601 4424/1/2597 1181/1/2595 1177/1/2584
f 4424/1/2597 4426/1/2601 1178/1/2585 1182/1/2596
f 4427/1/2602 4428/1/2603 1185/1/2604 1181/1/2595
f 4428/1/2603 4427/1/2602 1182/1/2596 1186/1/2605
f 4428/1/2603 4429/1/2606 1183/1/2599 1185/1/2604
f 4429/1/2606 4428/1/2603 1186/1/2605 1184/1/2600
f 4429/1/2606 4427/1/2602 1181/1/2595 1183/1/2599
f 4427/1/2602 4429/1/2606 1184/1/2600 1182/1/2596
f 4430/1/2607 4431/1/2608 1185/1/2604 1183/1/2599
f 4431/1/2608 4430/1/2607 1184/1/2600 1186/1/2605
f 4431/1/2608 4432/1/2609 1187/1/2610 1185/1/2604
f 4432/1/2609 4431/1/2608 1186/1/2605 1188/1/2611
f 4432/1/2609 4430/1/2607 1183/1/2599 1187/1/2610
f 4430/1/2607 4432/1/2609 1188/1/2611 1184/1/2600
f 4433/1/2612 4434/1/2613 1185/1/2604 1187/1/2610
f 4434/1/2613 4433/1/2612 1188/1/2611 1186/1/2605
f 4434/1/2613 4435/1/2614 1189/1/2615 1185/1/2604
f 4435/1/2614 4434/1/2613 1186/1/2605 1190/1/2616
f 4435/1/2614 4433/1/2612 1187/1/2610 1189/1/2615
f 4433/1/2612 4435/1/2614 1190/1/2616 1188/1/2611
f 4436/1/2617 4437/1/2618 1189/1/2615 1187/1/2610
f 4437/1/2618 4436/1/2617 1188/1/2611 1190/1/2616
f 4437/1/2618 4438/1/2619 1191/1/2620 1189/1/2615
f 4438/1/2619 4437/1/2618 1190/1/2616 1192/1/2621
f 4438/1/2619 4436/1/2617 1187/1/2610 1191/1/2620
f 4436/1/2617 4438/1/2619 1192/1/2621 1188/1/2611
f 4439/1/2622 4440/1/2623 1193/1/2624 1189/1/2615
f 4440/1/2623 4439/1/2622 1190/1/2616 1194/1/2625
f 4440/1/2623 4441/1/2626 1191/1/2620 1193/1/2624
f 4441/1/2626 4440/1/2623 1194/1/2625 1192/1/2621
f 4441/1/2626 4439/1/2622 1189/1/2615 1191/1/2620
f 4439/1/2622 4441/1/2626 1192/1/2621 1190/1/2616
f 4442/1/2627 4443/1/2628 1189/1/2615 1193/1/2624
f 4443/1/2628 4442/1/2627 1194/1/2625 1190/1/2616
f 4443/1/2628 4444/1/2629 1195/1/2630 1189/1/2615
f 4444/1/2629 4443/1/2628 1190/1/2616 1196/1/2631
f 4444/1/2629 4442/1/2627 1193/1/2624 1195/1/2630
f 4442/1/2627 4444/1/2629 1196/1/2631 1194/1/2625
f 4445/1/2632 4446/1/2633 1197/1/2634 1195/1/2630
f 4446/1/2633 4445/1/2632 1196/1/2631 1198/1/2635
f 4446/1/2633 4447/1/2636 1193/1/2624 1197/1/2634
f 4447/1/2636 4446/1/2633 1198/1/2635 1194/1/2625
f 4447/1/2636 4445/1/2632 1195/1/2630 1193/1/2624
f 4445/1/2632 4447/1/2636 1194/1/2625 1196/1/2631
f 4448/1/2637 4449/1/2638 1195/1/2630 1197/1/2634
f 4449/1/2638 4448/1/2637 1198/1/2635 1196/1/2631
f 4449/1/2638 4450/1/2639 1199/1/2640 1195/1/2630
f 4450/1/2639 4449/1/2638 1196/1/2631 1200/1/2641
f 4450/1/2639 4448/1/2637 1197/1/2634 1199/1/2640
f 4448/1/2637 4450/1/2639 1200/1/2641 1198/1/2635
f 4451/1/2642 4452/1/2643 1203/1/2644 1201/1/2645
f 4452/1/2643 4451/1/2642 1202/1/2646 1204/1/2647
f 4452/1/2643 4453/1/2648 1205/1/2649 1203/1/2644
f 4453/1/2648 4452/1/2643 1204/1/2647 1206/1/2650
f 4453/1/2648 4451/1/2642 1201/1/2645 1205/1/2649
f 4451/1/2642 4453/1/2648 1206/1/2650 1202/1/2646
f 4454/1/2651 4455/1/2652 1205/1/2649 1201/1/2645
f 4455/1/2652 4454/1/2651 1202/1/2646 1206/1/2650
f 4455/1/2652 4456/1/2653 1207/1/2654 1205/1/2649
f 4456/1/2653 4455/1/2652 1206/1/2650 1208/1/2655
f 4456/1/2653 4454/1/2651 1201/1/2645 1207/1/2654
f 4454/1/2651 4456/1/2653 1208/1/2655 1202/1/2646
f 4457/1/2656 4458/1/2657 1211/1/2658 1209/1/2659
f 4458/1/2657 4457/1/2656 1210/1/2660 1212/1/2661
f 4458/1/2657 4459/1/2662 1213/1/2663 1211/1/2658
f 4459/1/2662 4458/1/2657 1212/1/2661 1214/1/2664
f 4459/1/2662 4457/1/2656 1209/1/2659 1213/1/2663
f 4457/1/2656 4459/1/2662 1214/1/2664 1210/1/2660
f 4460/1/2665 4461/1/2666 1213/1/2663 1209/1/2659
f 4461/1/2666 4460/1/2665 1210/1/2660 1214/1/2664
f 4461/1/2666 4462/1/2667 1215/1/2668 1213/1/2663
f 4462/1/2667 4461/1/2666 1214/1/2664 1216/1/2669
f 4462/1/2667 4460/1/2665 1209/1/2659 1215/1/2668
f 4460/1/2665 4462/1/2667 1216/1/2669 1210/1/2660
f 4463/1/2670 4464/1/2671 1219/1/2672 1217/1/2673
f 4464/1/2671 4463/1/2670 1218/1/2674 1220/1/2675
f 4464/1/2671 4465/1/2676 1221/1/2677 1219/1/2672
f 4465/1/2676 4464/1/2671 1220/1/2675 1222/1/2678
f 4465/1/2676 4463/1/2670 1217/1/2673 1221/1/2677
f 4463/1/2670 4465/1/2676 1222/1/2678 1218/1/2674
f 4466/1/2679 4467/1/2680 1219/1/2672 1223/1/2681
f 4467/1/2680 4466/1/2679 1224/1/2682 1220/1/2675
f 4467/1/2680 4468/1/2683 1217/1/2673 1219/1/2672
f 4468/1/2683 4467/1/2680 1220/1/2675 1218/1/2674
f 4468/1/2683 4466/1/2679 1223/1/2681 1217/1/2673
f 4466/1/2679 4468/1/2683 1218/1/2674 1224/1/2682
f 4469/1/2684 4470/1/2685 1223/1/2681 1225/1/2686
f 4470/1/2685 4469/1/2684 1226/1/2687 1224/1/2682
f 4470/1/2685 4471/1/2688 1217/1/2673 1223/1/2681
f 4471/1/2688 4470/1/2685 1224/1/2682 1218/1/2674
f 4471/1/2688 4469/1/2684 1225/1/2686 1217/1/2673
f 4469/1/2684 4471/1/2688 1218/1/2674 1226/1/2687
f 4472/1/2689 4473/1/2690 1229/1/2691 1227/1/2692
f 4473/1/2690 4472/1/2689 1228/1/2693 1230/1/2694
f 4473/1/2690 4474/1/2695 1231/1/2696 1229/1/2691
f 4474/1/2695 4473/1/2690 1230/1/2694 1232/1/2697
f 4474/1/2695 4472/1/2689 1227/1/2692 1231/1/2696
f 4472/1/2689 4474/1/2695 1232/1/2697 1228/1/2693
f 4475/1/2698 4476/1/2699 1227/1/2692 1229/1/2691
f 4476/1/2699 4475/1/2698 1230/1/2694 1228/1/2693
f 4476/1/2699 4477/1/2700 1233/1/2701 1227/1/2692
f 4477/1/2700 4476/1/2699 1228/1/2693 1234/1/2702
f 4477/1/2700 4475/1/2698 1229/1/2691 1233/1/2701
f 4475/1/2698 4477/1/2700 1234/1/2702 1230/1/2694
f 4478/1/2703 4479/1/2704 1235/1/2705 1227/1/2692
f 4479/1/2704 4478/1/2703 1228/1/2693 1236/1/2706
f 4479/1/2704 4480/1/2707 1233/1/2701 1235/1/2705
f 4480/1/2707 4479/1/2704 1236/1/2706 1234/1/2702
f 4480/1/2707 4478/1/2703 1227/1/2692 1233/1/2701
f 4478/1/2703 4480/1/2707 1234/1/2702 1228/1/2693
f 4481/1/2708 4482/1/2709 1235/1/2705 1233/1/2701
f 4482/1/2709 4481/1/2708 1234/1/2702 1236/1/2706
f 4482/1/2709 4483/1/2710 1237/1/2711 1235/1/2705
f 4483/1/2710 4482/1/2709 1236/1/2706 1238/1/2712
f 4483/1/2710 4481/1/2708 1233/1/2701 1237/1/2711
f 4481/1/2708 4483/1/2710 1238/1/2712 1234/1/2702
f 4484/1/2713 4485/1/2714 1241/1/2715 1239/1/2716
f 4485/1/2714 4484/1/2713 1240/1/2717 1242/1/2718
f 4485/1/2714 4486/1/2719 1243/1/2720 1241/1/2715
f 4486/1/2719 4485/1/2714 1242/1/2718 1244/1/2721
f 4486/1/2719 4484/1/2713 1239/1/2716 1243/1/2720
f 4484/1/2713 4486/1/2719 1244/1/2721 1240/1/2717
f 4487/1/2722 4488/1/2723 1243/1/2720 1245/1/2724
f 4488/1/2723 4487/1/2722 1246/1/2725 1244/1/2721
f 4488/1/2723 4489/1/2726 1241/1/2715 1243/1/2720
f 4489/1/2726 4488/1/2723 1244/1/2721 1242/1/2718
f 4489/1/2726 4487/1/2722 1245/1/2724 1241/1/2715
f 4487/1/2722 4489/1/2726 1242/1/2718 1246/1/2725
f 4490/1/2727 4491/1/2728 1239/1/2716 1241/1/2715
f 4491/1/2728 4490/1/2727 1242/1/2718 1240/1/2717
f 4491/1/2728 4492/1/2729 1247/1/2730 1239/1/2716
f 4492/1/2729 4491/1/2728 1240/1/2717 1248/1/2731
f 4492/1/2729 4490/1/2727 1241/1/2715 1247/1/2730
f 4490/1/2727 4492/1/2729 1248/1/2731 1242/1/2718
f 4493/1/2732 4494/1/2733 1245/1/2724 1243/1/2720
f 4494/1/2733 4493/1/2732 1244/1/2721 1246/1/2725
f 4494/1/2733 4495/1/2734 1249/1/2735 1245/1/2724
f 4495/1/2734 4494/1/2733 1246/1/2725 1250/1/2736
f 4495/1/2734 4493/1/2732 1243/1/2720 1249/1/2735
f 4493/1/2732 4495/1/2734 1250/1/2736 1244/1/2721
f 4496/1/2737 4497/1/2738 1247/1/2730 1251/1/2739
f 4497/1/2738 4496/1/2737 1252/1/2740 1248/1/2731
f 4497/1/2738 4498/1/2741 1239/1/2716 1247/1/2730
f 4498/1/2741 4497/1/2738 1248/1/2731 1240/1/2717
f 4498/1/2741 4496/1/2737 1251/1/2739 1239/1/2716
f 4496/1/2737 4498/1/2741 1240/1/2717 1252/1/2740
f 4499/1/2742 4500/1/2743 1249/1/2735 1253/1/2744
f 4500/1/2743 4499/1/2742 1254/1/2745 1250/1/2736
f 4500/1/2743 4501/1/2746 1245/1/2724 1249/1/2735
f 4501/1/2746 4500/1/2743 1250/1/2736 1246/1/2725
f 4501/1/2746 4499/1/2742 1253/1/2744 1245/1/2724
f 4499/1/2742 4501/1/2746 1246/1/2725 1254/1/2745
f 4502/1/2747 4503/1/2748 1251/1/2739 1247/1/2730
f 4503/1/2748 4502/1/2747 1248/1/2731 1252/1/2740
f 4503/1/2748 4504/1/2749 1255/1/2750 1251/1/2739
f 4504/1/2749 4503/1/2748 1252/1/2740 1256/1/2751
f 4504/1/2749 4502/1/2747 1247/1/2730 1255/1/2750
f 4502/1/2747 4504/1/2749 1256/1/2751 1248/1/2731
f 4505/1/2752 4506/1/2753 1247/1/2730 1257/1/2754
f 4506/1/2753 4505/1/2752 1258/1/2755 1248/1/2731
f 4506/1/2753 4507/1/2756 1255/1/2750 1247/1/2730
f 4507/1/2756 4506/1/2753 1248/1/2731 1256/1/2751
f 4507/1/2756 4505/1/2752 1257/1/2754 1255/1/2750
f 4505/1/2752 4507/1/2756 1256/1/2751 1258/1/2755
f 4508/1/1992 4509/1/2757 1259/1/2758 1255/1/2750
f 4509/1/2757 4508/1/1992 1256/1/2751 1260/1/2759
f 4509/1/2757 4510/1/2760 1257/1/2754 1259/1/2758
f 4510/1/2760 4509/1/2757 1260/1/2759 1258/1/2755
f 4510/1/2760 4508/1/1992 1255/1/2750 1257/1/2754
f 4508/1/1992 4510/1/2760 1258/1/2755 1256/1/2751
f 4511/1/2761 4512/1/2762 1253/1/2744 1261/1/2763
f 4512/1/2762 4511/1/2761 1262/1/2764 1254/1/2745
f 4512/1/2762 4513/1/2765 1245/1/2724 1253/1/2744
f 4513/1/2765 4512/1/2762 1254/1/2745 1246/1/2725
f 4513/1/2765 4511/1/2761 1261/1/2763 1245/1/2724
f 4511/1/2761 4513/1/2765 1246/1/2725 1262/1/2764
f 4514/1/2766 4515/1/2767 1261/1/2763 1253/1/2744
f 4515/1/2767 4514/1/2766 1254/1/2745 1262/1/2764
f 4515/1/2767 4516/1/2768 1263/1/2769 1261/1/2763
f 4516/1/2768 4515/1/2767 1262/1/2764 1264/1/2770
f 4516/1/2768 4514/1/2766 1253/1/2744 1263/1/2769
f 4514/1/2766 4516/1/2768 1264/1/2770 1254/1/2745
f 4517/1/2771 4518/1/2772 1265/1/2773 1263/1/2769
f 4518/1/2772 4517/1/2771 1264/1/2770 1266/1/2774
f 4518/1/2772 4519/1/2775 1253/1/2744 1265/1/2773
f 4519/1/2775 4518/1/2772 1266/1/2774 1254/1/2745
f 4519/1/2775 4517/1/2771 1263/1/2769 1253/1/2744
f 4517/1/2771 4519/1/2775 1254/1/2745 1264/1/2770
f 4520/1/2776 4521/1/2777 1265/1/2773 1267/1/2778
f 4521/1/2777 4520/1/2776 1268/1/2779 1266/1/2774
f 4521/1/2777 4522/1/2780 1263/1/2769 1265/1/2773
f 4522/1/2780 4521/1/2777 1266/1/2774 1264/1/2770
f 4522/1/2780 4520/1/2776 1267/1/2778 1263/1/2769
f 4520/1/2776 4522/1/2780 1264/1/2770 1268/1/2779
f 4523/1/2781 4524/1/2782 1267/1/2778 1265/1/2773
f 4524/1/2782 4523/1/2781 1266/1/2774 1268/1/2779
f 4524/1/2782 4525/1/2783 1269/1/2784 1267/1/2778
f 4525/1/2783 4524/1/2782 1268/1/2779 1270/1/2785
f 4525/1/2783 4523/1/2781 1265/1/2773 1269/1/2784
f 4523/1/2781 4525/1/2783 1270/1/2785 1266/1/2774
f 4526/1/2786 4527/1/2787 1273/1/2788 1271/1/2789
f 4527/1/2787 4526/1/2786 1272/1/2790 1274/1/2791
f 4527/1/2787 4528/1/2792 1275/1/2793 1273/1/2788
f 4528/1/2792 4527/1/2787 1274/1/2791 1276/1/2794
f 4528/1/2792 4526/1/2786 1271/1/2789 1275/1/2793
f 4526/1/2786 4528/1/2792 1276/1/2794 1272/1/2790
f 4529/1/2795 4530/1/2796 1273/1/2788 1277/1/2797
f 4530/1/2796 4529/1/2795 1278/1/2798 1274/1/2791
f 4530/1/2796 4531/1/2799 1271/1/2789 1273/1/2788
f 4531/1/2799 4530/1/2796 1274/1/2791 1272/1/2790
f 4531/1/2799 4529/1/2795 1277/1/2797 1271/1/2789
f 4529/1/2795 4531/1/2799 1272/1/2790 1278/1/2798
f 4532/1/2800 4533/1/2801 1277/1/2797 1273/1/2788
f 4533/1/2801 4532/1/2800 1274/1/2791 1278/1/2798
f 4533/1/2801 4534/1/2802 1279/1/2803 1277/1/2797
f 4534/1/2802 4533/1/2801 1278/1/2798 1280/1/2804
f 4534/1/2802 4532/1/2800 1273/1/2788 1279/1/2803
f 4532/1/2800 4534/1/2802 1280/1/2804 1274/1/2791
f 4535/1/2805 4536/1/2806 1277/1/2797 1279/1/2803
f 4536/1/2806 4535/1/2805 1280/1/2804 1278/1/2798
f 4536/1/2806 4537/1/2807 1281/1/2808 1277/1/2797
f 4537/1/2807 4536/1/2806 1278/1/2798 1282/1/2809
f 4537/1/2807 4535/1/2805 1279/1/2803 1281/1/2808
f 4535/1/2805 4537/1/2807 1282/1/2809 1280/1/2804
f 4538/1/2810 4539/1/2811 1285/1/2812 1283/1/2813
f 4539/1/2811 4538/1/2810 1284/1/2814 1286/1/2815
f 4539/1/2811 4540/1/2816 1287/1/2817 1285/1/2812
f 4540/1/2816 4539/1/2811 1286/1/2815 1288/1/2818
f 4540/1/2816 4538/1/2810 1283/1/2813 1287/1/2817
f 4538/1/2810 4540/1/2816 1288/1/2818 1284/1/2814
f 4541/1/2819 4542/1/2820 1283/1/2813 1285/1/2812
f 4542/1/2820 4541/1/2819 1286/1/2815 1284/1/2814
f 4542/1/2820 4543/1/2821 1289/1/2822 1283/1/2813
f 4543/1/2821 4542/1/2820 1284/1/2814 1290/1/2823
f 4543/1/2821 4541/1/2819 1285/1/2812 1289/1/2822
f 4541/1/2819 4543/1/2821 1290/1/2823 1286/1/2815
f 4544/1/2824 4545/1/2825 1291/1/2826 1289/1/2822
f 4545/1/2825 4544/1/2824 1290/1/2823 1292/1/2827
f 4545/1/2825 4546/1/2828 1285/1/2812 1291/1/2826
f 4546/1/2828 4545/1/2825 1292/1/2827 1286/1/2815
f 4546/1/2828 4544/1/2824 1289/1/2822 1285/1/2812
f 4544/1/2824 4546/1/2828 1286/1/2815 1290/1/2823
f 4547/1/2829 4548/1/2830 1289/1/2822 1291/1/2826
f 4548/1/2830 4547/1/2829 1292/1/2827 1290/1/2823
f 4548/1/2830 4549/1/2831 1293/1/2832 1289/1/2822
f 4549/1/2831 4548/1/2830 1290/1/2823 1294/1/2833
f 4549/1/2831 4547/1/2829 1291/1/2826 1293/1/2832
f 4547/1/2829 4549/1/2831 1294/1/2833 1292/1/2827
f 4550/1/2834 4551/1/2835 1287/1/2817 1295/1/2836
f 4551/1/2835 4550/1/2834 1296/1/2837 1288/1/2818
f 4551/1/2835 4552/1/2838 1285/1/2812 1287/1/2817
f 4552/1/2838 4551/1/2835 1288/1/2818 1286/1/2815
f 4552/1/2838 4550/1/2834 1295/1/2836 1285/1/2812
f 4550/1/2834 4552/1/2838 1286/1/2815 1296/1/2837
f 4553/1/2839 4554/1/2840 1287/1/2817 1297/1/2841
f 4554/1/2840 4553/1/2839 1298/1/2842 1288/1/2818
f 4554/1/2840 4555/1/2843 1295/1/2836 1287/1/2817
f 4555/1/2843 4554/1/2840 1288/1/2818 1296/1/2837
f 4555/1/2843 4553/1/2839 1297/1/2841 1295/1/2836
f 4553/1/2839 4555/1/2843 1296/1/2837 1298/1/2842
f 4556/1/2844 4557/1/2845 1297/1/2841 1287/1/2817
f 4557/1/2845 4556/1/2844 1288/1/2818 1298/1/2842
f 4557/1/2845 4558/1/2846 1299/1/2847 1297/1/2841
f 4558/1/2846 4557/1/2845 1298/1/2842 1300/1/2848
f 4558/1/2846 4556/1/2844 1287/1/2817 1299/1/2847
f 4556/1/2844 4558/1/2846 1300/1/2848 1288/1/2818
f 4559/1/2849 4560/1/2850 1287/1/2817 1301/1/2851
f 4560/1/2850 4559/1/2849 1302/1/2852 1288/1/2818
f 4560/1/2850 4561/1/2853 1299/1/2847 1287/1/2817
f 4561/1/2853 4560/1/2850 1288/1/2818 1300/1/2848
f 4561/1/2853 4559/1/2849 1301/1/2851 1299/1/2847
f 4559/1/2849 4561/1/2853 1300/1/2848 1302/1/2852
f 4562/1/2854 4563/1/2855 1303/1/2856 1299/1/2847
f 4563/1/2855 4562/1/2854 1300/1/2848 1304/1/2857
f 4563/1/2855 4564/1/2858 1301/1/2851 1303/1/2856
f 4564/1/2858 4563/1/2855 1304/1/2857 1302/1/2852
f 4564/1/2858 4562/1/2854 1299/1/2847 1301/1/2851
f 4562/1/2854 4564/1/2858 1302/1/2852 1300/1/2848
f 4565/1/2859 4566/1/2860 1303/1/2856 1301/1/2851
f 4566/1/2860 4565/1/2859 1302/1/2852 1304/1/2857
f 4566/1/2860 4567/1/2861 1305/1/2862 1303/1/2856
f 4567/1/2861 4566/1/2860 1304/1/2857 1306/1/2863
f 4567/1/2861 4565/1/2859 1301/1/2851 1305/1/2862
f 4565/1/2859 4567/1/2861 1306/1/2863 1302/1/2852
f 4568/1/2864 4569/1/2865 1301/1/2851 1307/1/2866
f 4569/1/2865 4568/1/2864 1308/1/2867 1302/1/2852
f 4569/1/2865 4570/1/2868 1305/1/2862 1301/1/2851
f 4570/1/2868 4569/1/2865 1302/1/2852 1306/1/2863
f 4570/1/2868 4568/1/2864 1307/1/2866 1305/1/2862
f 4568/1/2864 4570/1/2868 1306/1/2863 1308/1/2867
f 4571/1/2869 4572/1/2870 1305/1/2862 1307/1/2866
f 4572/1/2870 4571/1/2869 1308/1/2867 1306/1/2863
f 4572/1/2870 4573/1/2871 1309/1/2872 1305/1/2862
f 4573/1/2871 4572/1/2870 1306/1/2863 1310/1/2873
f 4573/1/2871 4571/1/2869 1307/1/2866 1309/1/2872
f 4571/1/2869 4573/1/2871 1310/1/2873 1308/1/2867
f 4574/1/2874 4575/1/2875 1311/1/2876 1303/1/2856
f 4575/1/2875 4574/1/2874 1304/1/2857 1312/1/2877
f 4575/1/2875 4576/1/2878 1305/1/2862 1311/1/2876
f 4576/1/2878 4575/1/2875 1312/1/2877 1306/1/2863
f 4576/1/2878 4574/1/2874 1303/1/2856 1305/1/2862
f 4574/1/2874 4576/1/2878 1306/1/2863 1304/1/2857
f 4577/1/2879 4578/1/2880 1303/1/2856 1311/1/2876
f 4578/1/2880 4577/1/2879 1312/1/2877 1304/1/2857
f 4578/1/2880 4579/1/2881 1313/1/2882 1303/1/2856
f 4579/1/2881 4578/1/2880 1304/1/2857 1314/1/2883
f 4579/1/2881 4577/1/2879 1311/1/2876 1313/1/2882
f 4577/1/2879 4579/1/2881 1314/1/2883 1312/1/2877
f 4580/1/2884 4581/1/2885 1317/1/2886 1315/1/2887
f 4581/1/2885 4580/1/2884 1316/1/2888 1318/1/2889
f 4581/1/2885 4582/1/2890 1319/1/2891 1317/1/2886
f 4582/1/2890 4581/1/2885 1318/1/2889 1320/1/2892
f 4582/1/2890 4580/1/2884 1315/1/2887 1319/1/2891
f 4580/1/2884 4582/1/2890 1320/1/2892 1316/1/2888
f 4583/1/2893 4584/1/2894 1315/1/2887 1317/1/2886
f 4584/1/2894 4583/1/2893 1318/1/2889 1316/1/2888
f 4584/1/2894 4585/1/2895 1321/1/2896 1315/1/2887
f 4585/1/2895 4584/1/2894 1316/1/2888 1322/1/2897
f 4585/1/2895 4583/1/2893 1317/1/2886 1321/1/2896
f 4583/1/2893 4585/1/2895 1322/1/2897 1318/1/2889
f 4586/1/2898 4587/1/2899 1321/1/2896 1323/1/2900
f 4587/1/2899 4586/1/2898 1324/1/2901 1322/1/2897
f 4587/1/2899 4588/1/2902 1315/1/2887 1321/1/2896
f 4588/1/2902 4587/1/2899 1322/1/2897 1316/1/2888
f 4588/1/2902 4586/1/2898 1323/1/2900 1315/1/2887
f 4586/1/2898 4588/1/2902 1316/1/2888 1324/1/2901
f 4589/1/2903 4590/1/2904 1323/1/2900 1321/1/2896
f 4590/1/2904 4589/1/2903 1322/1/2897 1324/1/2901
f 4590/1/2904 4591/1/2905 1325/1/2906 1323/1/2900
f 4591/1/2905 4590/1/2904 1324/1/2901 1326/1/2907
f 4591/1/2905 4589/1/2903 1321/1/2896 1325/1/2906
f 4589/1/2903 4591/1/2905 1326/1/2907 1322/1/2897
f 4592/1/2908 4593/1/2909 1321/1/2896 1327/1/2910
f 4593/1/2909 4592/1/2908 1328/1/2911 1322/1/2897
f 4593/1/2909 4594/1/2912 1325/1/2906 1321/1/2896
f 4594/1/2912 4593/1/2909 1322/1/2897 1326/1/2907
f 4594/1/2912 4592/1/2908 1327/1/2910 1325/1/2906
f 4592/1/2908 4594/1/2912 1326/1/2907 1328/1/2911
f 4595/1/2913 4596/1/2914 1329/1/2915 1325/1/2906
f 4596/1/2914 4595/1/2913 1326/1/2907 1330/1/2916
f 4596/1/2914 4597/1/2917 1327/1/2910 1329/1/2915
f 4597/1/2917 4596/1/2914 1330/1/2916 1328/1/2911
f 4597/1/2917 4595/1/2913 1325/1/2906 1327/1/2910
f 4595/1/2913 4597/1/2917 1328/1/2911 1326/1/2907
f 4598/1/2918 4599/1/2919 1327/1/2910 1331/1/2920
f 4599/1/2919 4598/1/2918 1332/1/2921 1328/1/2911
f 4599/1/2919 4600/1/2922 1329/1/2915 1327/1/2910
f 4600/1/2922 4599/1/2919 1328/1/2911 1330/1/2916
f 4600/1/2922 4598/1/2918 1331/1/2920 1329/1/2915
f 4598/1/2918 4600/1/2922 1330/1/2916 1332/1/2921
f 4601/1/2923 4602/1/2924 1329/1/2915 1331/1/2920
f 4602/1/2924 4601/1/2923 1332/1/2921 1330/1/2916
f 4602/1/2924 4603/1/2925 1333/1/2926 1329/1/2915
f 4603/1/2925 4602/1/2924 1330/1/2916 1334/1/2927
f 4603/1/2925 4601/1/2923 1331/1/2920 1333/1/2926
f 4601/1/2923 4603/1/2925 1334/1/2927 1332/1/2921
f 4604/1/2928 4605/1/2929 1331/1/2920 1335/1/2930
f 4605/1/2929 4604/1/2928 1336/1/2931 1332/1/2921
f 4605/1/2929 4606/1/2932 1333/1/2926 1331/1/2920
f 4606/1/2932 4605/1/2929 1332/1/2921 1334/1/2927
f 4606/1/2932 4604/1/2928 1335/1/2930 1333/1/2926
f 4604/1/2928 4606/1/2932 1334/1/2927 1336/1/2931
f 4607/1/2933 4608/1/2934 1335/1/2930 1331/1/2920
f 4608/1/2934 4607/1/2933 1332/1/2921 1336/1/2931
f 4608/1/2934 4609/1/2935 1337/1/2936 1335/1/2930
f 4609/1/2935 4608/1/2934 1336/1/2931 1338/1/2937
f 4609/1/2935 4607/1/2933 1331/1/2920 1337/1/2936
f 4607/1/2933 4609/1/2935 1338/1/2937 1332/1/2921
f 4610/1/2938 4611/1/2939 1335/1/2930 1337/1/2936
f 4611/1/2939 4610/1/2938 1338/1/2937 1336/1/2931
f 4611/1/2939 4612/1/2940 1339/1/2941 1335/1/2930
f 4612/1/2940 4611/1/2939 1336/1/2931 1340/1/2942
f 4612/1/2940 4610/1/2938 1337/1/2936 1339/1/2941
f 4610/1/2938 4612/1/2940 1340/1/2942 1338/1/2937
f 4613/1/2943 4614/1/2944 1339/1/2941 1341/1/2945
f 4614/1/2944 4613/1/2943 1342/1/2946 1340/1/2942
f 4614/1/2944 4615/1/2947 1335/1/2930 1339/1/2941
f 4615/1/2947 4614/1/2944 1340/1/2942 1336/1/2931
f 4615/1/2947 4613/1/2943 1341/1/2945 1335/1/2930
f 4613/1/2943 4615/1/2947 1336/1/2931 1342/1/2946
f 4616/1/2948 4617/1/2949 1343/1/2950 1341/1/2945
f 4617/1/2949 4616/1/2948 1342/1/2946 1344/1/2951
f 4617/1/2949 4618/1/2952 1339/1/2941 1343/1/2950
f 4618/1/2952 4617/1/2949 1344/1/2951 1340/1/2942
f 4618/1/2952 4616/1/2948 1341/1/2945 1339/1/2941
f 4616/1/2948 4618/1/2952 1340/1/2942 1342/1/2946
f 4619/1/2953 4620/1/2954 1341/1/2945 1343/1/2950
f 4620/1/2954 4619/1/2953 1344/1/2951 1342/1/2946
f 4620/1/2954 4621/1/2955 1345/1/2956 1341/1/2945
f 4621/1/2955 4620/1/2954 1342/1/2946 1346/1/2957
f 4621/1/2955 4619/1/2953 1343/1/2950 1345/1/2956
f 4619/1/2953 4621/1/2955 1346/1/2957 1344/1/2951
f 4622/1/2958 4623/1/2959 1349/1/2960 1347/1/2961
f 4623/1/2959 4622/1/2958 1348/1/2962 1350/1/2963
f 4623/1/2959 4624/1/2964 1351/1/2965 1349/1/2960
f 4624/1/2964 4623/1/2959 1350/1/2963 1352/1/2966
f 4624/1/2964 4622/1/2958 1347/1/2961 1351/1/2965
f 4622/1/2958 4624/1/2964 1352/1/2966 1348/1/2962
f 4625/1/2967 4626/1/2968 1349/1/2960 1351/1/2965
f 4626/1/2968 4625/1/2967 1352/1/2966 1350/1/2963
f 4626/1/2968 4627/1/2969 1353/1/2970 1349/1/2960
f 4627/1/2969 4626/1/2968 1350/1/2963 1354/1/2971
f 4627/1/2969 4625/1/2967 1351/1/2965 1353/1/2970
f 4625/1/2967 4627/1/2969 1354/1/2971 1352/1/2966
f 4628/1/2972 4629/1/2973 1351/1/2965 1355/1/2974
f 4629/1/2973 4628/1/2972 1356/1/2975 1352/1/2966
f 4629/1/2973 4630/1/2976 1353/1/2970 1351/1/2965
f 4630/1/2976 4629/1/2973 1352/1/2966 1354/1/2971
f 4630/1/2976 4628/1/2972 1355/1/2974 1353/1/2970
f 4628/1/2972 4630/1/2976 1354/1/2971 1356/1/2975
f 4631/1/2977 4632/1/2978 1347/1/2961 1349/1/2960
f 4632/1/2978 4631/1/2977 1350/1/2963 1348/1/2962
f 4632/1/2978 4633/1/2979 1357/1/2980 1347/1/2961
f 4633/1/2979 4632/1/2978 1348/1/2962 1358/1/2981
f 4633/1/2979 4631/1/2977 1349/1/2960 1357/1/2980
f 4631/1/2977 4633/1/2979 1358/1/2981 1350/1/2963
f 4634/1/2982 4635/1/2983 1359/1/2984 1357/1/2980
f 4635/1/2983 4634/1/2982 1358/1/2981 1360/1/2985
f 4635/1/2983 4636/1/2986 1349/1/2960 1359/1/2984
f 4636/1/2986 4635/1/2983 1360/1/2985 1350/1/2963
f 4636/1/2986 4634/1/2982 1357/1/2980 1349/1/2960
f 4634/1/2982 4636/1/2986 1350/1/2963 1358/1/2981
f 4637/1/2987 4638/1/2988 1357/1/2980 1359/1/2984
f 4638/1/2988 4637/1/2987 1360/1/2985 1358/1/2981
f 4638/1/2988 4639/1/2989 1361/1/2990 1357/1/2980
f 4639/1/2989 4638/1/2988 1358/1/2981 1362/1/2991
f 4639/1/2989 4637/1/2987 1359/1/2984 1361/1/2990
f 4637/1/2987 4639/1/2989 1362/1/2991 1360/1/2985
f 4640/1/2992 4641/1/2993 1363/1/2994 1357/1/2980
f 4641/1/2993 4640/1/2992 1358/1/2981 1364/1/2995
f 4641/1/2993 4642/1/2996 1361/1/2990 1363/1/2994
f 4642/1/2996 4641/1/2993 1364/1/2995 1362/1/2991
f 4642/1/2996 4640/1/2992 1357/1/2980 1361/1/2990
f 4640/1/2992 4642/1/2996 1362/1/2991 1358/1/2981
f 4643/1/2997 4644/1/2998 1365/1/2999 1357/1/2980
f 4644/1/2998 4643/1/2997 1358/1/2981 1366/1/3000
f 4644/1/2998 4645/1/3001 1363/1/2994 1365/1/2999
f 4645/1/3001 4644/1/2998 1366/1/3000 1364/1/2995
f 4645/1/3001 4643/1/2997 1357/1/2980 1363/1/2994
f 4643/1/2997 4645/1/3001 1364/1/2995 1358/1/2981
f 4646/1/3002 4647/1/3003 1363/1/2994 1367/1/3004
f 4647/1/3003 4646/1/3002 1368/1/3005 1364/1/2995
f 4647/1/3003 4648/1/3006 1365/1/2999 1363/1/2994
f 4648/1/3006 4647/1/3003 1364/1/2995 1366/1/3000
f 4648/1/3006 4646/1/3002 1367/1/3004 1365/1/2999
f 4646/1/3002 4648/1/3006 1366/1/3000 1368/1/3005
f 4649/1/3007 4650/1/3008 1357/1/2980 1365/1/2999
f 4650/1/3008 4649/1/3007 1366/1/3000 1358/1/2981
f 4650/1/3008 4651/1/3009 1369/1/3010 1357/1/2980
f 4651/1/3009 4650/1/3008 1358/1/2981 1370/1/3011
f 4651/1/3009 4649/1/3007 1365/1/2999 1369/1/3010
f 4649/1/3007 4651/1/3009 1370/1/3011 1366/1/3000
f 4652/1/3012 4653/1/3013 1369/1/3010 1365/1/2999
f 4653/1/3013 4652/1/3012 1366/1/3000 1370/1/3011
f 4653/1/3013 4654/1/3014 1371/1/3015 1369/1/3010
f 4654/1/3014 4653/1/3013 1370/1/3011 1372/1/3016
f 4654/1/3014 4652/1/3012 1365/1/2999 1371/1/3015
f 4652/1/3012 4654/1/3014 1372/1/3016 1366/1/3000
f 4655/1/3017 4656/1/3018 1373/1/3019 1367/1/3004
f 4656/1/3018 4655/1/3017 1368/1/3005 1374/1/3020
f 4656/1/3018 4657/1/3021 1363/1/2994 1373/1/3019
f 4657/1/3021 4656/1/3018 1374/1/3020 1364/1/2995
f 4657/1/3021 4655/1/3017 1367/1/3004 1363/1/2994
f 4655/1/3017 4657/1/3021 1364/1/2995 1368/1/3005
f 4658/1/3022 4659/1/3023 1367/1/3004 1373/1/3019
f 4659/1/3023 4658/1/3022 1374/1/3020 1368/1/3005
f 4659/1/3023 4660/1/3024 1375/1/3025 1367/1/3004
f 4660/1/3024 4659/1/3023 1368/1/3005 1376/1/3026
f 4660/1/3024 4658/1/3022 1373/1/3019 1375/1/3025
f 4658/1/3022 4660/1/3024 1376/1/3026 1374/1/3020
f 4661/1/3027 4662/1/3028 1377/1/3029 1369/1/3010
f 4662/1/3028 4661/1/3027 1370/1/3011 1378/1/3030
f 4662/1/3028 4663/1/3031 1371/1/3015 1377/1/3029
f 4663/1/3031 4662/1/3028 1378/1/3030 1372/1/3016
f 4663/1/3031 4661/1/3027 1369/1/3010 1371/1/3015
f 4661/1/3027 4663/1/3031 1372/1/3016 1370/1/3011
f 4664/1/3032 4665/1/3033 1373/1/3019 1377/1/3029
f 4665/1/3033 4664/1/3032 1378/1/3030 1374/1/3020
f 4665/1/3033 4666/1/3034 1375/1/3025 1373/1/3019
f 4666/1/3034 4665/1/3033 1374/1/3020 1376/1/3026
f 4666/1/3034 4664/1/3032 1377/1/3029 1375/1/3025
f 4664/1/3032 4666/1/3034 1376/1/3026 1378/1/3030
f 4667/1/3035 4668/1/3036 1369/1/3010 1377/1/3029
f 4668/1/3036 4667/1/3035 1378/1/3030 1370/1/3011
f 4668/1/3036 4669/1/3037 1379/1/3038 1369/1/3010
f 4669/1/3037 4668/1/3036 1370/1/3011 1380/1/3039
f 4669/1/3037 4667/1/3035 1377/1/3029 1379/1/3038
f 4667/1/3035 4669/1/3037 1380/1/3039 1378/1/3030
f 4670/1/3040 4671/1/3041 1379/1/3038 1381/1/3042
f 4671/1/3041 4670/1/3040 1382/1/3043 1380/1/3039
f 4671/1/3041 4672/1/3044 1369/1/3010 1379/1/3038
f 4672/1/3044 4671/1/3041 1380/1/3039 1370/1/3011
f 4672/1/3044 4670/1/3040 1381/1/3042 1369/1/3010
f 4670/1/3040 4672/1/3044 1370/1/3011 1382/1/3043
f 4673/1/3045 4674/1/3046 1381/1/3042 1379/1/3038
f 4674/1/3046 4673/1/3045 1380/1/3039 1382/1/3043
f 4674/1/3046 4675/1/3047 1383/1/3048 1381/1/3042
f 4675/1/3047 4674/1/3046 1382/1/3043 1384/1/3049
f 4675/1/3047 4673/1/3045 1379/1/3038 1383/1/3048
f 4673/1/3045 4675/1/3047 1384/1/3049 1380/1/3039
f 4676/1/3050 4677/1/3051 1385/1/3052 1379/1/3038
f 4677/1/3051 4676/1/3050 1380/1/3039 1386/1/3053
f 4677/1/3051 4678/1/3054 1377/1/3029 1385/1/3052
f 4678/1/3054 4677/1/3051 1386/1/3053 1378/1/3030
f 4678/1/3054 4676/1/3050 1379/1/3038 1377/1/3029
f 4676/1/3050 4678/1/3054 1378/1/3030 1380/1/3039
f 4679/1/3055 4680/1/3056 1377/1/3029 1373/1/3019
f 4680/1/3056 4679/1/3055 1374/1/3020 1378/1/3030
f 4680/1/3056 4681/1/3057 1385/1/3052 1377/1/3029
f 4681/1/3057 4680/1/3056 1378/1/3030 1386/1/3053
f 4681/1/3057 4679/1/3055 1373/1/3019 1385/1/3052
f 4679/1/3055 4681/1/3057 1386/1/3053 1374/1/3020
f 4682/1/3058 4683/1/3059 1385/1/3052 1373/1/3019
f 4683/1/3059 4682/1/3058 1374/1/3020 1386/1/3053
f 4683/1/3059 4684/1/3060 1387/1/3061 1385/1/3052
f 4684/1/3060 4683/1/3059 1386/1/3053 1388/1/3062
f 4684/1/3060 4682/1/3058 1373/1/3019 1387/1/3061
f 4682/1/3058 4684/1/3060 1388/1/3062 1374/1/3020
f 4685/1/3063 4686/1/3064 1391/1/3065 1389/1/3066
f 4686/1/3064 4685/1/3063 1390/1/3067 1392/1/3068
f 4686/1/3064 4687/1/3069 1393/1/3070 1391/1/3065
f 4687/1/3069 4686/1/3064 1392/1/3068 1394/1/3071
f 4687/1/3069 4685/1/3063 1389/1/3066 1393/1/3070
f 4685/1/3063 4687/1/3069 1394/1/3071 1390/1/3067
f 4688/1/3072 4689/1/3073 1389/1/3066 1391/1/3065
f 4689/1/3073 4688/1/3072 1392/1/3068 1390/1/3067
f 4689/1/3073 4690/1/3074 1395/1/3075 1389/1/3066
f 4690/1/3074 4689/1/3073 1390/1/3067 1396/1/3076
f 4690/1/3074 4688/1/3072 1391/1/3065 1395/1/3075
f 4688/1/3072 4690/1/3074 1396/1/3076 1392/1/3068
f 4691/1/3077 4692/1/3078 1399/1/3079 1397/1/3080
f 4692/1/3078 4691/1/3077 1398/1/3081 1400/1/3082
f 4692/1/3078 4693/1/3083 1401/1/3084 1399/1/3079
f 4693/1/3083 4692/1/3078 1400/1/3082 1402/1/3085
f 4693/1/3083 4691/1/3077 1397/1/3080 1401/1/3084
f 4691/1/3077 4693/1/3083 1402/1/3085 1398/1/3081
f 4694/1/3086 4695/1/3087 1401/1/3084 1403/1/3088
f 4695/1/3087 4694/1/3086 1404/1/3089 1402/1/3085
f 4695/1/3087 4696/1/3090 1399/1/3079 1401/1/3084
f 4696/1/3090 4695/1/3087 1402/1/3085 1400/1/3082
f 4696/1/3090 4694/1/3086 1403/1/3088 1399/1/3079
f 4694/1/3086 4696/1/3090 1400/1/3082 1404/1/3089
f 4697/1/3091 4698/1/3092 1397/1/3080 1399/1/3079
f 4698/1/3092 4697/1/3091 1400/1/3082 1398/1/3081
f 4698/1/3092 4699/1/3093 1405/1/3094 1397/1/3080
f 4699/1/3093 4698/1/3092 1398/1/3081 1406/1/3095
f 4699/1/3093 4697/1/3091 1399/1/3079 1405/1/3094
f 4697/1/3091 4699/1/3093 1406/1/3095 1400/1/3082
f 4700/1/3096 4701/1/3097 1403/1/3088 1401/1/3084
f 4701/1/3097 4700/1/3096 1402/1/3085 1404/1/3089
f 4701/1/3097 4702/1/3098 1407/1/3099 1403/1/3088
f 4702/1/3098 4701/1/3097 1404/1/3089 1408/1/3100
f 4702/1/3098 4700/1/3096 1401/1/3084 1407/1/3099
f 4700/1/3096 4702/1/3098 1408/1/3100 1402/1/3085
f 4703/1/3101 4704/1/3102 1405/1/3094 1409/1/3103
f 4704/1/3102 4703/1/3101 1410/1/3104 1406/1/3095
f 4704/1/3102 4705/1/3105 1397/1/3080 1405/1/3094
f 4705/1/3105 4704/1/3102 1406/1/3095 1398/1/3081
f 4705/1/3105 4703/1/3101 1409/1/3103 1397/1/3080
f 4703/1/3101 4705/1/3105 1398/1/3081 1410/1/3104
f 4706/1/3106 4707/1/3107 1407/1/3099 1411/1/3108
f 4707/1/3107 4706/1/3106 1412/1/3109 1408/1/3100
f 4707/1/3107 4708/1/3110 1403/1/3088 1407/1/3099
f 4708/1/3110 4707/1/3107 1408/1/3100 1404/1/3089
f 4708/1/3110 4706/1/3106 1411/1/3108 1403/1/3088
f 4706/1/3106 4708/1/3110 1404/1/3089 1412/1/3109
f 4709/1/3111 4710/1/3112 1409/1/3103 1405/1/3094
f 4710/1/3112 4709/1/3111 1406/1/3095 1410/1/3104
f 4710/1/3112 4711/1/3113 1413/1/3114 1409/1/3103
f 4711/1/3113 4710/1/3112 1410/1/3104 1414/1/3115
f 4711/1/3113 4709/1/3111 1405/1/3094 1413/1/3114
f 4709/1/3111 4711/1/3113 1414/1/3115 1406/1/3095
f 4712/1/3116 4713/1/3117 1411/1/3108 1407/1/3099
f 4713/1/3117 4712/1/3116 1408/1/3100 1412/1/3109
f 4713/1/3117 4714/1/3118 1415/1/3119 1411/1/3108
f 4714/1/3118 4713/1/3117 1412/1/3109 1416/1/3120
f 4714/1/3118 4712/1/3116 1407/1/3099 1415/1/3119
f 4712/1/3116 4714/1/3118 1416/1/3120 1408/1/3100
f 4715/1/3121 4716/1/3122 1413/1/3114 1417/1/3123
f 4716/1/3122 4715/1/3121 1418/1/3124 1414/1/3115
f 4716/1/3122 4717/1/3125 1409/1/3103 1413/1/3114
f 4717/1/3125 4716/1/3122 1414/1/3115 1410/1/3104
f 4717/1/3125 4715/1/3121 1417/1/3123 1409/1/3103
f 4715/1/3121 4717/1/3125 1410/1/3104 1418/1/3124
f 4718/1/3126 4719/1/3127 1415/1/3119 1419/1/3128
f 4719/1/3127 4718/1/3126 1420/1/3129 1416/1/3120
f 4719/1/3127 4720/1/3130 1411/1/3108 1415/1/3119
f 4720/1/3130 4719/1/3127 1416/1/3120 1412/1/3109
f 4720/1/3130 4718/1/3126 1419/1/3128 1411/1/3108
f 4718/1/3126 4720/1/3130 1412/1/3109 1420/1/3129
f 4721/1/3131 4722/1/3132 1421/1/3133 1417/1/3123
f 4722/1/3132 4721/1/3131 1418/1/3124 1422/1/3134
f 4722/1/3132 4723/1/3135 1413/1/3114 1421/1/3133
f 4723/1/3135 4722/1/3132 1422/1/3134 1414/1/3115
f 4723/1/3135 4721/1/3131 1417/1/3123 1413/1/3114
f 4721/1/3131 4723/1/3135 1414/1/3115 1418/1/3124
f 4724/1/3136 4725/1/3137 1419/1/3128 1415/1/3119
f 4725/1/3137 4724/1/3136 1416/1/3120 1420/1/3129
f 4725/1/3137 4726/1/3138 1423/1/3139 1419/1/3128
f 4726/1/3138 4725/1/3137 1420/1/3129 1424/1/3140
f 4726/1/3138 4724/1/3136 1415/1/3119 1423/1/3139
f 4724/1/3136 4726/1/3138 1424/1/3140 1416/1/3120
f 4727/1/3141 4728/1/3142 1417/1/3123 1421/1/3133
f 4728/1/3142 4727/1/3141 1422/1/3134 1418/1/3124
f 4728/1/3142 4729/1/3143 1425/1/3144 1417/1/3123
f 4729/1/3143 4728/1/3142 1418/1/3124 1426/1/3145
f 4729/1/3143 4727/1/3141 1421/1/3133 1425/1/3144
f 4727/1/3141 4729/1/3143 1426/1/3145 1422/1/3134
f 4730/1/3146 4731/1/3147 1423/1/3139 1427/1/3148
f 4731/1/3147 4730/1/3146 1428/1/3149 1424/1/3140
f 4731/1/3147 4732/1/3150 1419/1/3128 1423/1/3139
f 4732/1/3150 4731/1/3147 1424/1/3140 1420/1/3129
f 4732/1/3150 4730/1/3146 1427/1/3148 1419/1/3128
f 4730/1/3146 4732/1/3150 1420/1/3129 1428/1/3149
f 4733/1/3151 4734/1/3152 1427/1/3148 1425/1/3144
f 4734/1/3152 4733/1/3151 1426/1/3145 1428/1/3149
f 4734/1/3152 4735/1/3153 1421/1/3133 1427/1/3148
f 4735/1/3153 4734/1/3152 1428/1/3149 1422/1/3134
f 4735/1/3153 4733/1/3151 1425/1/3144 1421/1/3133
f 4733/1/3151 4735/1/3153 1422/1/3134 1426/1/3145
f 4736/1/3154 4737/1/3155 1425/1/3144 1427/1/3148
f 4737/1/3155 4736/1/3154 1428/1/3149 1426/1/3145
f 4737/1/3155 4738/1/3156 1423/1/3139 1425/1/3144
f 4738/1/3156 4737/1/3155 1426/1/3145 1424/1/3140
f 4738/1/3156 4736/1/3154 1427/1/3148 1423/1/3139
f 4736/1/3154 4738/1/3156 1424/1/3140 1428/1/3149
f 4739/1/3157 4740/1/3158 1431/1/3159 1429/1/3160
f 4740/1/3158 4739/1/3157 1430/1/3161 1432/1/3162
f 4740/1/3158 4741/1/3163 1433/1/3164 1431/1/3159
f 4741/1/3163 4740/1/3158 1432/1/3162 1434/1/3165
f 4741/1/3163 4739/1/3157 1429/1/3160 1433/1/3164
f 4739/1/3157 4741/1/3163 1434/1/3165 1430/1/3161
f 4742/1/3166 4743/1/3167 1429/1/3160 1431/1/3159
f 4743/1/3167 4742/1/3166 1432/1/3162 1430/1/3161
f 4743/1/3167 4744/1/3168 1435/1/3169 1429/1/3160
f 4744/1/3168 4743/1/3167 1430/1/3161 1436/1/3170
f 4744/1/3168 4742/1/3166 1431/1/3159 1435/1/3169
f 4742/1/3166 4744/1/3168 1436/1/3170 1432/1/3162
f 4745/1/3171 4746/1/3172 1433/1/3164 1437/1/3173
f 4746/1/3172 4745/1/3171 1438/1/3174 1434/1/3165
f 4746/1/3172 4747/1/3175 1431/1/3159 1433/1/3164
f 4747/1/3175 4746/1/3172 1434/1/3165 1432/1/3162
f 4747/1/3175 4745/1/3171 1437/1/3173 1431/1/3159
f 4745/1/3171 4747/1/3175 1432/1/3162 1438/1/3174
f 4748/1/3176 4749/1/3177 1439/1/3178 1437/1/3173
f 4749/1/3177 4748/1/3176 1438/1/3174 1440/1/3179
f 4749/1/3177 4750/1/3180 1433/1/3164 1439/1/3178
f 4750/1/3180 4749/1/3177 1440/1/3179 1434/1/3165
f 4750/1/3180 4748/1/3176 1437/1/3173 1433/1/3164
f 4748/1/3176 4750/1/3180 1434/1/3165 1438/1/3174
f 4751/1/3181 4752/1/3182 1439/1/3178 1433/1/3164
f 4752/1/3182 4751/1/3181 1434/1/3165 1440/1/3179
f 4752/1/3182 4753/1/3183 1441/1/3184 1439/1/3178
f 4753/1/3183 4752/1/3182 1440/1/3179 1442/1/3185
f 4753/1/3183 4751/1/3181 1433/1/3164 1441/1/3184
f 4751/1/3181 4753/1/3183 1442/1/3185 1434/1/3165
f 4754/1/3186 4755/1/3187 1441/1/3184 1443/1/3188
f 4755/1/3187 4754/1/3186 1444/1/3189 1442/1/3185
f 4755/1/3187 4756/1/3190 1439/1/3178 1441/1/3184
f 4756/1/3190 4755/1/3187 1442/1/3185 1440/1/3179
f 4756/1/3190 4754/1/3186 1443/1/3188 1439/1/3178
f 4754/1/3186 4756/1/3190 1440/1/3179 1444/1/3189
f 4757/1/3191 4758/1/3192 1445/1/3193 1443/1/3188
f 4758/1/3192 4757/1/3191 1444/1/3189 1446/1/3194
f 4758/1/3192 4759/1/3195 1441/1/3184 1445/1/3193
f 4759/1/3195 4758/1/3192 1446/1/3194 1442/1/3185
f 4759/1/3195 4757/1/3191 1443/1/3188 1441/1/3184
f 4757/1/3191 4759/1/3195 1442/1/3185 1444/1/3189
f 4760/1/3196 4761/1/3197 1447/1/3198 1443/1/3188
f 4761/1/3197 4760/1/3196 1444/1/3189 1448/1/3199
f 4761/1/3197 4762/1/3200 1445/1/3193 1447/1/3198
f 4762/1/3200 4761/1/3197 1448/1/3199 1446/1/3194
f 4762/1/3200 4760/1/3196 1443/1/3188 1445/1/3193
f 4760/1/3196 4762/1/3200 1446/1/3194 1444/1/3189
f 4763/1/3201 4764/1/3202 1443/1/3188 1447/1/3198
f 4764/1/3202 4763/1/3201 1448/1/3199 1444/1/3189
f 4764/1/3202 4765/1/3203 1449/1/3204 1443/1/3188
f 4765/1/3203 4764/1/3202 1444/1/3189 1450/1/3205
f 4765/1/3203 4763/1/3201 1447/1/3198 1449/1/3204
f 4763/1/3201 4765/1/3203 1450/1/3205 1448/1/3199
f 4766/1/3206 4767/1/3207 1447/1/3198 1451/1/3208
f 4767/1/3207 4766/1/3206 1452/1/3209 1448/1/3199
f 4767/1/3207 4768/1/3210 1449/1/3204 1447/1/3198
f 4768/1/3210 4767/1/3207 1448/1/3199 1450/1/3205
f 4768/1/3210 4766/1/3206 1451/1/3208 1449/1/3204
f 4766/1/3206 4768/1/3210 1450/1/3205 1452/1/3209
f 4769/1/3211 4770/1/3212 1453/1/3213 1451/1/3208
f 4770/1/3212 4769/1/3211 1452/1/3209 1454/1/3214
f 4770/1/3212 4771/1/3215 1447/1/3198 1453/1/3213
f 4771/1/3215 4770/1/3212 1454/1/3214 1448/1/3199
f 4771/1/3215 4769/1/3211 1451/1/3208 1447/1/3198
f 4769/1/3211 4771/1/3215 1448/1/3199 1452/1/3209
f 4772/1/3216 4773/1/3217 1457/1/3218 1455/1/3219
f 4773/1/3217 4772/1/3216 1456/1/3220 1458/1/3221
f 4773/1/3217 4774/1/3222 1459/1/3223 1457/1/3218
f 4774/1/3222 4773/1/3217 1458/1/3221 1460/1/3224
f 4774/1/3222 4772/1/3216 1455/1/3219 1459/1/3223
f 4772/1/3216 4774/1/3222 1460/1/3224 1456/1/3220
f 4775/1/3225 4776/1/3226 1459/1/3223 1461/1/3227
f 4776/1/3226 4775/1/3225 1462/1/3228 1460/1/3224
f 4776/1/3226 4777/1/3229 1457/1/3218 1459/1/3223
f 4777/1/3229 4776/1/3226 1460/1/3224 1458/1/3221
f 4777/1/3229 4775/1/3225 1461/1/3227 1457/1/3218
f 4775/1/3225 4777/1/3229 1458/1/3221 1462/1/3228
f 4778/1/3230 4779/1/3231 1455/1/3219 1457/1/3218
f 4779/1/3231 4778/1/3230 1458/1/3221 1456/1/3220
f 4779/1/3231 4780/1/3232 1463/1/3233 1455/1/3219
f 4780/1/3232 4779/1/3231 1456/1/3220 1464/1/3234
f 4780/1/3232 4778/1/3230 1457/1/3218 1463/1/3233
f 4778/1/3230 4780/1/3232 1464/1/3234 1458/1/3221
f 4781/1/3235 4782/1/3236 1457/1/3218 1461/1/3227
f 4782/1/3236 4781/1/3235 1462/1/3228 1458/1/3221
f 4782/1/3236 4783/1/3237 1465/1/3238 1457/1/3218
f 4783/1/3237 4782/1/3236 1458/1/3221 1466/1/3239
f 4783/1/3237 4781/1/3235 1461/1/3227 1465/1/3238
f 4781/1/3235 4783/1/3237 1466/1/3239 1462/1/3228
f 4784/1/3240 4785/1/3241 1463/1/3233 1467/1/3242
f 4785/1/3241 4784/1/3240 1468/1/3243 1464/1/3234
f 4785/1/3241 4786/1/3244 1455/1/3219 1463/1/3233
f 4786/1/3244 4785/1/3241 1464/1/3234 1456/1/3220
f 4786/1/3244 4784/1/3240 1467/1/3242 1455/1/3219
f 4784/1/3240 4786/1/3244 1456/1/3220 1468/1/3243
f 4787/1/3245 4788/1/3246 1461/1/3227 1469/1/3247
f 4788/1/3246 4787/1/3245 1470/1/3248 1462/1/3228
f 4788/1/3246 4789/1/3249 1465/1/3238 1461/1/3227
f 4789/1/3249 4788/1/3246 1462/1/3228 1466/1/3239
f 4789/1/3249 4787/1/3245 1469/1/3247 1465/1/3238
f 4787/1/3245 4789/1/3249 1466/1/3239 1470/1/3248
f 4790/1/3250 4791/1/3251 1467/1/3242 1463/1/3233
f 4791/1/3251 4790/1/3250 1464/1/3234 1468/1/3243
f 4791/1/3251 4792/1/3252 1471/1/3253 1467/1/3242
f 4792/1/3252 4791/1/3251 1468/1/3243 1472/1/3254
f 4792/1/3252 4790/1/3250 1463/1/3233 1471/1/3253
f 4790/1/3250 4792/1/3252 1472/1/3254 1464/1/3234
f 4793/1/3255 4794/1/3256 1473/1/3257 1465/1/3238
f 4794/1/3256 4793/1/3255 1466/1/3239 1474/1/3258
f 4794/1/3256 4795/1/3259 1469/1/3247 1473/1/3257
f 4795/1/3259 4794/1/3256 1474/1/3258 1470/1/3248
f 4795/1/3259 4793/1/3255 1465/1/3238 1469/1/3247
f 4793/1/3255 4795/1/3259 1470/1/3248 1466/1/3239
f 4796/1/3260 4797/1/3261 1469/1/3247 1475/1/3262
f 4797/1/3261 4796/1/3260 1476/1/3263 1470/1/3248
f 4797/1/3261 4798/1/3264 1473/1/3257 1469/1/3247
f 4798/1/3264 4797/1/3261 1470/1/3248 1474/1/3258
f 4798/1/3264 4796/1/3260 1475/1/3262 1473/1/3257
f 4796/1/3260 4798/1/3264 1474/1/3258 1476/1/3263
f 4799/1/3265 4800/1/3266 1475/1/3262 1469/1/3247
f 4800/1/3266 4799/1/3265 1470/1/3248 1476/1/3263
f 4800/1/3266 4801/1/3267 1477/1/3268 1475/1/3262
f 4801/1/3267 4800/1/3266 1476/1/3263 1478/1/3269
f 4801/1/3267 4799/1/3265 1469/1/3247 1477/1/3268
f 4799/1/3265 4801/1/3267 1478/1/3269 1470/1/3248
f 4802/1/3270 4803/1/3271 1479/1/3272 1467/1/3242
f 4803/1/3271 4802/1/3270 1468/1/3243 1480/1/3273
f 4803/1/3271 4804/1/3274 1471/1/3253 1479/1/3272
f 4804/1/3274 4803/1/3271 1480/1/3273 1472/1/3254
f 4804/1/3274 4802/1/3270 1467/1/3242 1471/1/3253
f 4802/1/3270 4804/1/3274 1472/1/3254 1468/1/3243
f 4805/1/3275 4806/1/3276 1467/1/3242 1479/1/3272
f 4806/1/3276 4805/1/3275 1480/1/3273 1468/1/3243
f 4806/1/3276 4807/1/3277 1481/1/3278 1467/1/3242
f 4807/1/3277 4806/1/3276 1468/1/3243 1482/1/3279
f 4807/1/3277 4805/1/3275 1479/1/3272 1481/1/3278
f 4805/1/3275 4807/1/3277 1482/1/3279 1480/1/3273
f 4808/1/3280 4809/1/3281 1479/1/3272 1483/1/3282
f 4809/1/3281 4808/1/3280 1484/1/3283 1480/1/3273
f 4809/1/3281 4810/1/3284 1481/1/3278 1479/1/3272
f 4810/1/3284 4809/1/3281 1480/1/3273 1482/1/3279
f 4810/1/3284 4808/1/3280 1483/1/3282 1481/1/3278
f 4808/1/3280 4810/1/3284 1482/1/3279 1484/1/3283
f 4811/1/3285 4812/1/3286 1485/1/3287 1481/1/3278
f 4812/1/3286 4811/1/3285 1482/1/3279 1486/1/3288
f 4812/1/3286 4813/1/3289 1483/1/3282 1485/1/3287
f 4813/1/3289 4812/1/3286 1486/1/3288 1484/1/3283
f 4813/1/3289 4811/1/3285 1481/1/3278 1483/1/3282
f 4811/1/3285 4813/1/3289 1484/1/3283 1482/1/3279
f 4814/1/3290 4815/1/3291 1487/1/3292 1485/1/3287
f 4815/1/3291 4814/1/3290 1486/1/3288 1488/1/3293
f 4815/1/3291 4816/1/3294 1483/1/3282 1487/1/3292
f 4816/1/3294 4815/1/3291 1488/1/3293 1484/1/3283
f 4816/1/3294 4814/1/3290 1485/1/3287 1483/1/3282
f 4814/1/3290 4816/1/3294 1484/1/3283 1486/1/3288
f 4817/1/3295 4818/1/3296 1485/1/3287 1487/1/3292
f 4818/1/3296 4817/1/3295 1488/1/3293 1486/1/3288
f 4818/1/3296 4819/1/3297 1489/1/3298 1485/1/3287
f 4819/1/3297 4818/1/3296 1486/1/3288 1490/1/3299
f 4819/1/3297 4817/1/3295 1487/1/3292 1489/1/3298
f 4817/1/3295 4819/1/3297 1490/1/3299 1488/1/3293
f 4820/1/3300 4821/1/3301 1493/1/3302 1491/1/3303
f 4821/1/3301 4820/1/3300 1492/1/3304 1494/1/3305
f 4821/1/3301 4822/1/3306 1495/1/3307 1493/1/3302
f 4822/1/3306 4821/1/3301 1494/1/3305 1496/1/3308
f 4822/1/3306 4820/1/3300 1491/1/3303 1495/1/3307
f 4820/1/3300 4822/1/3306 1496/1/3308 1492/1/3304
f 4823/1/3309 4824/1/3310 1497/1/3311 1493/1/3302
f 4824/1/3310 4823/1/3309 1494/1/3305 1498/1/3312
f 4824/1/3310 4825/1/3313 1495/1/3307 1497/1/3311
f 4825/1/3313 4824/1/3310 1498/1/3312 1496/1/3308
f 4825/1/3313 4823/1/3309 1493/1/3302 1495/1/3307
f 4823/1/3309 4825/1/3313 1496/1/3308 1494/1/3305
f 4826/1/3314 4827/1/3315 1497/1/3311 1499/1/3316
f 4827/1/3315 4826/1/3314 1500/1/3317 1498/1/3312
f 4827/1/3315 4828/1/3318 1493/1/3302 1497/1/3311
f 4828/1/3318 4827/1/3315 1498/1/3312 1494/1/3305
f 4828/1/3318 4826/1/3314 1499/1/3316 1493/1/3302
f 4826/1/3314 4828/1/3318 1494/1/3305 1500/1/3317
f 4829/1/3319 4830/1/3320 1497/1/3311 1501/1/3321
f 4830/1/3320 4829/1/3319 1502/1/3322 1498/1/3312
f 4830/1/3320 4831/1/3323 1499/1/3316 1497/1/3311
f 4831/1/3323 4830/1/3320 1498/1/3312 1500/1/3317
f 4831/1/3323 4829/1/3319 1501/1/3321 1499/1/3316
f 4829/1/3319 4831/1/3323 1500/1/3317 1502/1/3322
f 4832/1/3324 4833/1/3325 1501/1/3321 1497/1/3311
f 4833/1/3325 4832/1/3324 1498/1/3312 1502/1/3322
f 4833/1/3325 4834/1/3326 1503/1/3327 1501/1/3321
f 4834/1/3326 4833/1/3325 1502/1/3322 1504/1/3328
f 4834/1/3326 4832/1/3324 1497/1/3311 1503/1/3327
f 4832/1/3324 4834/1/3326 1504/1/3328 1498/1/3312
f 4835/1/3329 4836/1/3330 1501/1/3321 1503/1/3327
f 4836/1/3330 4835/1/3329 1504/1/3328 1502/1/3322
f 4836/1/3330 4837/1/3331 1505/1/3332 1501/1/3321
f 4837/1/3331 4836/1/3330 1502/1/3322 1506/1/3333
f 4837/1/3331 4835/1/3329 1503/1/3327 1505/1/3332
f 4835/1/3329 4837/1/3331 1506/1/3333 1504/1/3328
f 4838/1/3334 4839/1/3335 1505/1/3332 1503/1/3327
f 4839/1/3335 4838/1/3334 1504/1/3328 1506/1/3333
f 4839/1/3335 4840/1/3336 1507/1/3337 1505/1/3332
f 4840/1/3336 4839/1/3335 1506/1/3333 1508/1/3338
f 4840/1/3336 4838/1/3334 1503/1/3327 1507/1/3337
f 4838/1/3334 4840/1/3336 1508/1/3338 1504/1/3328
f 4841/1/3339 4842/1/3340 1503/1/3327 1509/1/3341
f 4842/1/3340 4841/1/3339 1510/1/3342 1504/1/3328
f 4842/1/3340 4843/1/3343 1507/1/3337 1503/1/3327
f 4843/1/3343 4842/1/3340 1504/1/3328 1508/1/3338
f 4843/1/3343 4841/1/3339 1509/1/3341 1507/1/3337
f 4841/1/3339 4843/1/3343 1508/1/3338 1510/1/3342
f 4844/1/3344 4845/1/3345 1513/1/3346 1511/1/3347
f 4845/1/3345 4844/1/3344 1512/1/3348 1514/1/3349
f 4845/1/3345 4846/1/3350 1515/1/3351 1513/1/3346
f 4846/1/3350 4845/1/3345 1514/1/3349 1516/1/3352
f 4846/1/3350 4844/1/3344 1511/1/3347 1515/1/3351
f 4844/1/3344 4846/1/3350 1516/1/3352 1512/1/3348
f 4847/1/3353 4848/1/3354 1517/1/3355 1515/1/3351
f 4848/1/3354 4847/1/3353 1516/1/3352 1518/1/3356
f 4848/1/3354 4849/1/3357 1511/1/3347 1517/1/3355
f 4849/1/3357 4848/1/3354 1518/1/3356 1512/1/3348
f 4849/1/3357 4847/1/3353 1515/1/3351 1511/1/3347
f 4847/1/3353 4849/1/3357 1512/1/3348 1516/1/3352
f 4850/1/3358 4851/1/3359 1515/1/3351 1519/1/3360
f 4851/1/3359 4850/1/3358 1520/1/3361 1516/1/3352
f 4851/1/3359 4852/1/3362 1513/1/3346 1515/1/3351
f 4852/1/3362 4851/1/3359 1516/1/3352 1514/1/3349
f 4852/1/3362 4850/1/3358 1519/1/3360 1513/1/3346
f 4850/1/3358 4852/1/3362 1514/1/3349 1520/1/3361
f 4853/1/3363 4854/1/3364 1521/1/3365 1519/1/3360
f 4854/1/3364 4853/1/3363 1520/1/3361 1522/1/3366
f 4854/1/3364 4855/1/3367 1515/1/3351 1521/1/3365
f 4855/1/3367 4854/1/3364 1522/1/3366 1516/1/3352
f 4855/1/3367 4853/1/3363 1519/1/3360 1515/1/3351
f 4853/1/3363 4855/1/3367 1516/1/3352 1520/1/3361
f 4856/1/3368 4857/1/3369 1519/1/3360 1521/1/3365
f 4857/1/3369 4856/1/3368 1522/1/3366 1520/1/3361
f 4857/1/3369 4858/1/3370 1523/1/3371 1519/1/3360
f 4858/1/3370 4857/1/3369 1520/1/3361 1524/1/3372
f 4858/1/3370 4856/1/3368 1521/1/3365 1523/1/3371
f 4856/1/3368 4858/1/3370 1524/1/3372 1522/1/3366
f 4859/1/3373 4860/1/3374 1527/1/3375 1525/1/3376
f 4860/1/3374 4859/1/3373 1526/1/3377 1528/1/3378
f 4860/1/3374 4861/1/3379 1529/1/3380 1527/1/3375
f 4861/1/3379 4860/1/3374 1528/1/3378 1530/1/3381
f 4861/1/3379 4859/1/3373 1525/1/3376 1529/1/3380
f 4859/1/3373 4861/1/3379 1530/1/3381 1526/1/3377
f 4862/1/3382 4863/1/3383 1525/1/3376 1527/1/3375
f 4863/1/3383 4862/1/3382 1528/1/3378 1526/1/3377
f 4863/1/3383 4864/1/3384 1531/1/3385 1525/1/3376
f 4864/1/3384 4863/1/3383 1526/1/3377 1532/1/3386
f 4864/1/3384 4862/1/3382 1527/1/3375 1531/1/3385
f 4862/1/3382 4864/1/3384 1532/1/3386 1528/1/3378
f 4865/1/3387 4866/1/3388 1531/1/3385 1533/1/3389
f 4866/1/3388 4865/1/3387 1534/1/3390 1532/1/3386
f 4866/1/3388 4867/1/3391 1525/1/3376 1531/1/3385
f 4867/1/3391 4866/1/3388 1532/1/3386 1526/1/3377
f 4867/1/3391 4865/1/3387 1533/1/3389 1525/1/3376
f 4865/1/3387 4867/1/3391 1526/1/3377 1534/1/3390
f 4868/1/3392 4869/1/3393 1535/1/3394 1525/1/3376
f 4869/1/3393 4868/1/3392 1526/1/3377 1536/1/3395
f 4869/1/3393 4870/1/3396 1533/1/3389 1535/1/3394
f 4870/1/3396 4869/1/3393 1536/1/3395 1534/1/3390
f 4870/1/3396 4868/1/3392 1525/1/3376 1533/1/3389
f 4868/1/3392 4870/1/3396 1534/1/3390 1526/1/3377
f 4871/1/3397 4872/1/3398 1539/1/3399 1537/1/3400
f 4872/1/3398 4871/1/3397 1538/1/3401 1540/1/3402
f 4872/1/3398 4873/1/3403 1541/1/3404 1539/1/3399
f 4873/1/3403 4872/1/3398 1540/1/3402 1542/1/3405
f 4873/1/3403 4871/1/3397 1537/1/3400 1541/1/3404
f 4871/1/3397 4873/1/3403 1542/1/3405 1538/1/3401
f 4874/1/3406 4875/1/3407 1543/1/3408 1539/1/3399
f 4875/1/3407 4874/1/3406 1540/1/3402 1544/1/3409
f 4875/1/3407 4876/1/3410 1541/1/3404 1543/1/3408
f 4876/1/3410 4875/1/3407 1544/1/3409 1542/1/3405
f 4876/1/3410 4874/1/3406 1539/1/3399 1541/1/3404
f 4874/1/3406 4876/1/3410 1542/1/3405 1540/1/3402
f 4877/1/3411 4878/1/3412 1537/1/3400 1539/1/3399
f 4878/1/3412 4877/1/3411 1540/1/3402 1538/1/3401
f 4878/1/3412 4879/1/3413 1545/1/3414 1537/1/3400
f 4879/1/3413 4878/1/3412 1538/1/3401 1546/1/3415
f 4879/1/3413 4877/1/3411 1539/1/3399 1545/1/3414
f 4877/1/3411 4879/1/3413 1546/1/3415 1540/1/3402
f 4880/1/3416 4881/1/3417 1539/1/3399 1543/1/3408
f 4881/1/3417 4880/1/3416 1544/1/3409 1540/1/3402
f 4881/1/3417 4882/1/3418 1547/1/3419 1539/1/3399
f 4882/1/3418 4881/1/3417 1540/1/3402 1548/1/3420
f 4882/1/3418 4880/1/3416 1543/1/3408 1547/1/3419
f 4880/1/3416 4882/1/3418 1548/1/3420 1544/1/3409
f 4883/1/3421 4884/1/3422 1545/1/3414 1549/1/3423
f 4884/1/3422 4883/1/3421 1550/1/3424 1546/1/3415
f 4884/1/3422 4885/1/3425 1537/1/3400 1545/1/3414
f 4885/1/3425 4884/1/3422 1546/1/3415 1538/1/3401
f 4885/1/3425 4883/1/3421 1549/1/3423 1537/1/3400
f 4883/1/3421 4885/1/3425 1538/1/3401 1550/1/3424
f 4886/1/3426 4887/1/3427 1543/1/3408 1551/1/3428
f 4887/1/3427 4886/1/3426 1552/1/3429 1544/1/3409
f 4887/1/3427 4888/1/3430 1547/1/3419 1543/1/3408
f 4888/1/3430 4887/1/3427 1544/1/3409 1548/1/3420
f 4888/1/3430 4886/1/3426 1551/1/3428 1547/1/3419
f 4886/1/3426 4888/1/3430 1548/1/3420 1552/1/3429
f 4889/1/3431 4890/1/3432 1549/1/3423 1545/1/3414
f 4890/1/3432 4889/1/3431 1546/1/3415 1550/1/3424
f 4890/1/3432 4891/1/3433 1553/1/3434 1549/1/3423
f 4891/1/3433 4890/1/3432 1550/1/3424 1554/1/3435
f 4891/1/3433 4889/1/3431 1545/1/3414 1553/1/3434
f 4889/1/3431 4891/1/3433 1554/1/3435 1546/1/3415
f 4892/1/3436 4893/1/3437 1553/1/3434 1555/1/3438
f 4893/1/3437 4892/1/3436 1556/1/3439 1554/1/3435
f 4893/1/3437 4894/1/3440 1549/1/3423 1553/1/3434
f 4894/1/3440 4893/1/3437 1554/1/3435 1550/1/3424
f 4894/1/3440 4892/1/3436 1555/1/3438 1549/1/3423
f 4892/1/3436 4894/1/3440 1550/1/3424 1556/1/3439
f 4895/1/3441 4896/1/3442 1557/1/3443 1549/1/3423
f 4896/1/3442 4895/1/3441 1550/1/3424 1558/1/3444
f 4896/1/3442 4897/1/3445 1555/1/3438 1557/1/3443
f 4897/1/3445 4896/1/3442 1558/1/3444 1556/1/3439
f 4897/1/3445 4895/1/3441 1549/1/3423 1555/1/3438
f 4895/1/3441 4897/1/3445 1556/1/3439 1550/1/3424
f 4898/1/3446 4899/1/3447 1547/1/3419 1551/1/3428
f 4899/1/3447 4898/1/3446 1552/1/3429 1548/1/3420
f 4899/1/3447 4900/1/3448 1559/1/3449 1547/1/3419
f 4900/1/3448 4899/1/3447 1548/1/3420 1560/1/3450
f 4900/1/3448 4898/1/3446 1551/1/3428 1559/1/3449
f 4898/1/3446 4900/1/3448 1560/1/3450 1552/1/3429
f 4901/1/3451 4902/1/3452 1551/1/3428 1561/1/3453
f 4902/1/3452 4901/1/3451 1562/1/3454 1552/1/3429
f 4902/1/3452 4903/1/3455 1559/1/3449 1551/1/3428
f 4903/1/3455 4902/1/3452 1552/1/3429 1560/1/3450
f 4903/1/3455 4901/1/3451 1561/1/3453 1559/1/3449
f 4901/1/3451 4903/1/3455 1560/1/3450 1562/1/3454
f 4904/1/3456 4905/1/3457 1561/1/3453 1551/1/3428
f 4905/1/3457 4904/1/3456 1552/1/3429 1562/1/3454
f 4905/1/3457 4906/1/3458 1563/1/3459 1561/1/3453
f 4906/1/3458 4905/1/3457 1562/1/3454 1564/1/3460
f 4906/1/3458 4904/1/3456 1551/1/3428 1563/1/3459
f 4904/1/3456 4906/1/3458 1564/1/3460 1552/1/3429
f 4907/1/3461 4908/1/3462 1563/1/3459 1565/1/3463
f 4908/1/3462 4907/1/3461 1566/1/3464 1564/1/3460
f 4908/1/3462 4909/1/3465 1561/1/3453 1563/1/3459
f 4909/1/3465 4908/1/3462 1564/1/3460 1562/1/3454
f 4909/1/3465 4907/1/3461 1565/1/3463 1561/1/3453
f 4907/1/3461 4909/1/3465 1562/1/3454 1566/1/3464
f 4910/1/3466 4911/1/3467 1565/1/3463 1563/1/3459
f 4911/1/3467 4910/1/3466 1564/1/3460 1566/1/3464
f 4911/1/3467 4912/1/3468 1567/1/3469 1565/1/3463
f 4912/1/3468 4911/1/3467 1566/1/3464 1568/1/3470
f 4912/1/3468 4910/1/3466 1563/1/3459 1567/1/3469
f 4910/1/3466 4912/1/3468 1568/1/3470 1564/1/3460
f 4913/1/3471 4914/1/3472 1569/1/3473 1565/1/3463
f 4914/1/3472 4913/1/3471 1566/1/3464 1570/1/3474
f 4914/1/3472 4915/1/3475 1567/1/3469 1569/1/3473
f 4915/1/3475 4914/1/3472 1570/1/3474 1568/1/3470
f 4915/1/3475 4913/1/3471 1565/1/3463 1567/1/3469
f 4913/1/3471 4915/1/3475 1568/1/3470 1566/1/3464
f 4916/1/3476 4917/1/3477 1567/1/3469 1571/1/3478
f 4917/1/3477 4916/1/3476 1572/1/3479 1568/1/3470
f 4917/1/3477 4918/1/3480 1569/1/3473 1567/1/3469
f 4918/1/3480 4917/1/3477 1568/1/3470 1570/1/3474
f 4918/1/3480 4916/1/3476 1571/1/3478 1569/1/3473
f 4916/1/3476 4918/1/3480 1570/1/3474 1572/1/3479
f 4919/1/3481 4920/1/3482 1575/1/3483 1573/1/3484
f 4920/1/3482 4919/1/3481 1574/1/3485 1576/1/3486
f 4920/1/3482 4921/1/3487 1577/1/3488 1575/1/3483
f 4921/1/3487 4920/1/3482 1576/1/3486 1578/1/3489
f 4921/1/3487 4919/1/3481 1573/1/3484 1577/1/3488
f 4919/1/3481 4921/1/3487 1578/1/3489 1574/1/3485
f 4922/1/3490 4923/1/3491 1575/1/3483 1579/1/3492
f 4923/1/3491 4922/1/3490 1580/1/3493 1576/1/3486
f 4923/1/3491 4924/1/3494 1573/1/3484 1575/1/3483
f 4924/1/3494 4923/1/3491 1576/1/3486 1574/1/3485
f 4924/1/3494 4922/1/3490 1579/1/3492 1573/1/3484
f 4922/1/3490 4924/1/3494 1574/1/3485 1580/1/3493
f 4925/1/3495 4926/1/3496 1579/1/3492 1575/1/3483
f 4926/1/3496 4925/1/3495 1576/1/3486 1580/1/3493
f 4926/1/3496 4927/1/3497 1581/1/3498 1579/1/3492
f 4927/1/3497 4926/1/3496 1580/1/3493 1582/1/3499
f 4927/1/3497 4925/1/3495 1575/1/3483 1581/1/3498
f 4925/1/3495 4927/1/3497 1582/1/3499 1576/1/3486
f 4928/1/3500 4929/1/3501 1573/1/3484 1579/1/3492
f 4929/1/3501 4928/1/3500 1580/1/3493 1574/1/3485
f 4929/1/3501 4930/1/3502 1583/1/3503 1573/1/3484
f 4930/1/3502 4929/1/3501 1574/1/3485 1584/1/3504
f 4930/1/3502 4928/1/3500 1579/1/3492 1583/1/3503
f 4928/1/3500 4930/1/3502 1584/1/3504 1580/1/3493
f 4931/1/3505 4932/1/3506 1573/1/3484 1583/1/3503
f 4932/1/3506 4931/1/3505 1584/1/3504 1574/1/3485
f 4932/1/3506 4933/1/3507 1585/1/3508 1573/1/3484
f 4933/1/3507 4932/1/3506 1574/1/3485 1586/1/3509
f 4933/1/3507 4931/1/3505 1583/1/3503 1585/1/3508
f 4931/1/3505 4933/1/3507 1586/1/3509 1584/1/3504
f 4934/1/3510 4935/1/3511 1583/1/3503 1579/1/3492
f 4935/1/3511 4934/1/3510 1580/1/3493 1584/1/3504
f 4935/1/3511 4936/1/3512 1587/1/3513 1583/1/3503
f 4936/1/3512 4935/1/3511 1584/1/3504 1588/1/3514
f 4936/1/3512 4934/1/3510 1579/1/3492 1587/1/3513
f 4934/1/3510 4936/1/3512 1588/1/3514 1580/1/3493
f 4937/1/3515 4938/1/3516 1591/1/3517 1589/1/3518
f 4938/1/3516 4937/1/3515 1590/1/3519 1592/1/3520
f 4938/1/3516 4939/1/3521 1593/1/3522 1591/1/3517
f 4939/1/3521 4938/1/3516 1592/1/3520 1594/1/3523
f 4939/1/3521 4937/1/3515 1589/1/3518 1593/1/3522
f 4937/1/3515 4939/1/3521 1594/1/3523 1590/1/3519
f 4940/1/3524 4941/1/3525 1595/1/3526 1591/1/3517
f 4941/1/3525 4940/1/3524 1592/1/3520 1596/1/3527
f 4941/1/3525 4942/1/3528 1593/1/3522 1595/1/3526
f 4942/1/3528 4941/1/3525 1596/1/3527 1594/1/3523
f 4942/1/3528 4940/1/3524 1591/1/3517 1593/1/3522
f 4940/1/3524 4942/1/3528 1594/1/3523 1592/1/3520
f 4943/1/3529 4944/1/3530 1591/1/3517 1597/1/3531
f 4944/1/3530 4943/1/3529 1598/1/3532 1592/1/3520
f 4944/1/3530 4945/1/3533 1589/1/3518 1591/1/3517
f 4945/1/3533 4944/1/3530 1592/1/3520 1590/1/3519
f 4945/1/3533 4943/1/3529 1597/1/3531 1589/1/3518
f 4943/1/3529 4945/1/3533 1590/1/3519 1598/1/3532
f 4946/1/3534 4947/1/3535 1597/1/3531 1591/1/3517
f 4947/1/3535 4946/1/3534 1592/1/3520 1598/1/3532
f 4947/1/3535 4948/1/3536 1599/1/3537 1597/1/3531
f 4948/1/3536 4947/1/3535 1598/1/3532 1600/1/3538
f 4948/1/3536 4946/1/3534 1591/1/3517 1599/1/3537
f 4946/1/3534 4948/1/3536 1600/1/3538 1592/1/3520
f 4949/1/3539 4950/1/3540 1603/1/3541 1601/1/3542
f 4950/1/3540 4949/1/3539 1602/1/3543 1604/1/3544
f 4950/1/3540 4951/1/3545 1605/1/3546 1603/1/3541
f 4951/1/3545 4950/1/3540 1604/1/3544 1606/1/3547
f 4951/1/3545 4949/1/3539 1601/1/3542 1605/1/3546
f 4949/1/3539 4951/1/3545 1606/1/3547 1602/1/3543
f 4952/1/3548 4953/1/3549 1601/1/3542 1603/1/3541
f 4953/1/3549 4952/1/3548 1604/1/3544 1602/1/3543
f 4953/1/3549 4954/1/3550 1607/1/3551 1601/1/3542
f 4954/1/3550 4953/1/3549 1602/1/3543 1608/1/3552
f 4954/1/3550 4952/1/3548 1603/1/3541 1607/1/3551
f 4952/1/3548 4954/1/3550 1608/1/3552 1604/1/3544
f 4955/1/3553 4956/1/3554 1611/1/3555 1609/1/3556
f 4956/1/3554 4955/1/3553 1610/1/3557 1612/1/3558
f 4956/1/3554 4957/1/3559 1613/1/3560 1611/1/3555
f 4957/1/3559 4956/1/3554 1612/1/3558 1614/1/3561
f 4957/1/3559 4955/1/3553 1609/1/3556 1613/1/3560
f 4955/1/3553 4957/1/3559 1614/1/3561 1610/1/3557
f 4958/1/3562 4959/1/3563 1611/1/3555 1613/1/3560
f 4959/1/3563 4958/1/3562 1614/1/3561 1612/1/3558
f 4959/1/3563 4960/1/3564 1615/1/3565 1611/1/3555
f 4960/1/3564 4959/1/3563 1612/1/3558 1616/1/3566
f 4960/1/3564 4958/1/3562 1613/1/3560 1615/1/3565
f 4958/1/3562 4960/1/3564 1616/1/3566 1614/1/3561
f 4961/1/3567 4962/1/3568 1613/1/3560 1609/1/3556
f 4962/1/3568 4961/1/3567 1610/1/3557 1614/1/3561
f 4962/1/3568 4963/1/3569 1617/1/3570 1613/1/3560
f 4963/1/3569 4962/1/3568 1614/1/3561 1618/1/3571
f 4963/1/3569 4961/1/3567 1609/1/3556 1617/1/3570
f 4961/1/3567 4963/1/3569 1618/1/3571 1610/1/3557
f 4964/1/3572 4965/1/3573 1609/1/3556 1611/1/3555
f 4965/1/3573 4964/1/3572 1612/1/3558 1610/1/3557
f 4965/1/3573 4966/1/3574 1619/1/3575 1609/1/3556
f 4966/1/3574 4965/1/3573 1610/1/3557 1620/1/3576
f 4966/1/3574 4964/1/3572 1611/1/3555 1619/1/3575
f 4964/1/3572 4966/1/3574 1620/1/3576 1612/1/3558
f 4967/1/3577 4968/1/3578 1621/1/3579 1609/1/3556
f 4968/1/3578 4967/1/3577 1610/1/3557 1622/1/3580
f 4968/1/3578 4969/1/3581 1619/1/3575 1621/1/3579
f 4969/1/3581 4968/1/3578 1622/1/3580 1620/1/3576
f 4969/1/3581 4967/1/3577 1609/1/3556 1619/1/3575
f 4967/1/3577 4969/1/3581 1620/1/3576 1610/1/3557
f 4970/1/3582 4971/1/3583 1619/1/3575 1611/1/3555
f 4971/1/3583 4970/1/3582 1612/1/3558 1620/1/3576
f 4971/1/3583 4972/1/3584 1623/1/3585 1619/1/3575
f 4972/1/3584 4971/1/3583 1620/1/3576 1624/1/3586
f 4972/1/3584 4970/1/3582 1611/1/3555 1623/1/3585
f 4970/1/3582 4972/1/3584 1624/1/3586 1612/1/3558
f 4973/1/3587 4974/1/3588 1627/1/3589 1625/1/3590
f 4974/1/3588 4973/1/3587 1626/1/3591 1628/1/3592
f 4974/1/3588 4975/1/3593 1629/1/3594 1627/1/3589
f 4975/1/3593 4974/1/3588 1628/1/3592 1630/1/3595
f 4975/1/3593 4973/1/3587 1625/1/3590 1629/1/3594
f 4973/1/3587 4975/1/3593 1630/1/3595 1626/1/3591
f 4976/1/3596 4977/1/3597 1625/1/3590 1627/1/3589
f 4977/1/3597 4976/1/3596 1628/1/3592 1626/1/3591
f 4977/1/3597 4978/1/3598 1631/1/3599 1625/1/3590
f 4978/1/3598 4977/1/3597 1626/1/3591 1632/1/3600
f 4978/1/3598 4976/1/3596 1627/1/3589 1631/1/3599
f 4976/1/3596 4978/1/3598 1632/1/3600 1628/1/3592
f 4979/1/3601 4980/1/3602 1635/1/3603 1633/1/3604
f 4980/1/3602 4979/1/3601 1634/1/3605 1636/1/3606
f 4980/1/3602 4981/1/3607 1637/1/3608 1635/1/3603
f 4981/1/3607 4980/1/3602 1636/1/3606 1638/1/3609
f 4981/1/3607 4979/1/3601 1633/1/3604 1637/1/3608
f 4979/1/3601 4981/1/3607 1638/1/3609 1634/1/3605
f 4982/1/3610 4983/1/3611 1639/1/3612 1635/1/3603
f 4983/1/3611 4982/1/3610 1636/1/3606 1640/1/3613
f 4983/1/3611 4984/1/3614 1637/1/3608 1639/1/3612
f 4984/1/3614 4983/1/3611 1640/1/3613 1638/1/3609
f 4984/1/3614 4982/1/3610 1635/1/3603 1637/1/3608
f 4982/1/3610 4984/1/3614 1638/1/3609 1636/1/3606
f 4985/1/3615 4986/1/3616 1635/1/3603 1639/1/3612
f 4986/1/3616 4985/1/3615 1640/1/3613 1636/1/3606
f 4986/1/3616 4987/1/3617 1641/1/3618 1635/1/3603
f 4987/1/3617 4986/1/3616 1636/1/3606 1642/1/3619
f 4987/1/3617 4985/1/3615 1639/1/3612 1641/1/3618
f 4985/1/3615 4987/1/3617 1642/1/3619 1640/1/3613
f 4988/1/3620 4989/1/3621 1645/1/3622 1643/1/3623
f 4989/1/3621 4988/1/3620 1644/1/3624 1646/1/3625
f 4989/1/3621 4990/1/3626 1647/1/3627 1645/1/3622
f 4990/1/3626 4989/1/3621 1646/1/3625 1648/1/3628
f 4990/1/3626 4988/1/3620 1643/1/3623 1647/1/3627
f 4988/1/3620 4990/1/3626 1648/1/3628 1644/1/3624
f 4991/1/3629 4992/1/3630 1645/1/3622 1647/1/3627
f 4992/1/3630 4991/1/3629 1648/1/3628 1646/1/3625
f 4992/1/3630 4993/1/3631 1649/1/3632 1645/1/3622
f 4993/1/3631 4992/1/3630 1646/1/3625 1650/1/3633
f 4993/1/3631 4991/1/3629 1647/1/3627 1649/1/3632
f 4991/1/3629 4993/1/3631 1650/1/3633 1648/1/3628
f 4994/1/3634 4995/1/3635 1653/1/3636 1651/1/3637
f 4995/1/3635 4994/1/3634 1652/1/3638 1654/1/3639
f 4995/1/3635 4996/1/3640 1655/1/3641 1653/1/3636
f 4996/1/3640 4995/1/3635 1654/1/3639 1656/1/3642
f 4996/1/3640 4994/1/3634 1651/1/3637 1655/1/3641
f 4994/1/3634 4996/1/3640 1656/1/3642 1652/1/3638
f 4997/1/3643 4998/1/3644 1653/1/3636 1657/1/3645
f 4998/1/3644 4997/1/3643 1658/1/3646 1654/1/3639
f 4998/1/3644 4999/1/3647 1651/1/3637 1653/1/3636
f 4999/1/3647 4998/1/3644 1654/1/3639 1652/1/3638
f 4999/1/3647 4997/1/3643 1657/1/3645 1651/1/3637
f 4997/1/3643 4999/1/3647 1652/1/3638 1658/1/3646
f 5000/1/3648 5001/1/3649 1653/1/3636 1659/1/3650
f 5001/1/3649 5000/1/3648 1660/1/3651 1654/1/3639
f 5001/1/3649 5002/1/3652 1657/1/3645 1653/1/3636
f 5002/1/3652 5001/1/3649 1654/1/3639 1658/1/3646
f 5002/1/3652 5000/1/3648 1659/1/3650 1657/1/3645
f 5000/1/3648 5002/1/3652 1658/1/3646 1660/1/3651
f 5003/1/3653 5004/1/3654 1659/1/3650 1653/1/3636
f 5004/1/3654 5003/1/3653 1654/1/3639 1660/1/3651
f 5004/1/3654 5005/1/3655 1661/1/3656 1659/1/3650
f 5005/1/3655 5004/1/3654 1660/1/3651 1662/1/3657
f 5005/1/3655 5003/1/3653 1653/1/3636 1661/1/3656
f 5003/1/3653 5005/1/3655 1662/1/3657 1654/1/3639
f 5006/1/3658 5007/1/3659 1665/1/3660 1663/1/3661
f 5007/1/3659 5006/1/3658 1664/1/3662 1666/1/3663
f 5007/1/3659 5008/1/3664 1667/1/3665 1665/1/3660
f 5008/1/3664 5007/1/3659 1666/1/3663 1668/1/3666
f 5008/1/3664 5006/1/3658 1663/1/3661 1667/1/3665
f 5006/1/3658 5008/1/3664 1668/1/3666 1664/1/3662
f 5009/1/3667 5010/1/3668 1663/1/3661 1665/1/3660
f 5010/1/3668 5009/1/3667 1666/1/3663 1664/1/3662
f 5010/1/3668 5011/1/3669 1669/1/3670 1663/1/3661
f 5011/1/3669 5010/1/3668 1664/1/3662 1670/1/3671
f 5011/1/3669 5009/1/3667 1665/1/3660 1669/1/3670
f 5009/1/3667 5011/1/3669 1670/1/3671 1666/1/3663
f 5012/1/3658 5013/1/3672 1673/1/3660 1671/1/3661
f 5013/1/3672 5012/1/3658 1672/1/3662 1674/1/3663
f 5013/1/3672 5014/1/3673 1675/1/3674 1673/1/3660
f 5014/1/3673 5013/1/3672 1674/1/3663 1676/1/3675
f 5014/1/3673 5012/1/3658 1671/1/3661 1675/1/3674
f 5012/1/3658 5014/1/3673 1676/1/3675 1672/1/3662
f 5015/1/3667 5016/1/3676 1671/1/3661 1673/1/3660
f 5016/1/3676 5015/1/3667 1674/1/3663 1672/1/3662
f 5016/1/3676 5017/1/3677 1677/1/3678 1671/1/3661
f 5017/1/3677 5016/1/3676 1672/1/3662 1678/1/3679
f 5017/1/3677 5015/1/3667 1673/1/3660 1677/1/3678
f 5015/1/3667 5017/1/3677 1678/1/3679 1674/1/3663
f 5018/1/3680 5019/1/3681 1681/1/3682 1679/1/3683
f 5019/1/3681 5018/1/3680 1680/1/3684 1682/1/3685
f 5019/1/3681 5020/1/3686 1683/1/3687 1681/1/3682
f 5020/1/3686 5019/1/3681 1682/1/3685 1684/1/3688
f 5020/1/3686 5018/1/3680 1679/1/3683 1683/1/3687
f 5018/1/3680 5020/1/3686 1684/1/3688 1680/1/3684
f 5021/1/3689 5022/1/3690 1679/1/3683 1681/1/3682
f 5022/1/3690 5021/1/3689 1682/1/3685 1680/1/3684
f 5022/1/3690 5023/1/3691 1685/1/3692 1679/1/3683
f 5023/1/3691 5022/1/3690 1680/1/3684 1686/1/3693
f 5023/1/3691 5021/1/3689 1681/1/3682 1685/1/3692
f 5021/1/3689 5023/1/3691 1686/1/3693 1682/1/3685
f 5024/1/3694 5025/1/3695 1689/1/3696 1687/1/3697
f 5025/1/3695 5024/1/3694 1688/1/3698 1690/1/3699
f 5025/1/3695 5026/1/3700 1691/1/3701 1689/1/3696
f 5026/1/3700 5025/1/3695 1690/1/3699 1692/1/3702
f 5026/1/3700 5024/1/3694 1687/1/3697 1691/1/3701
f 5024/1/3694 5026/1/3700 1692/1/3702 1688/1/3698
f 5027/1/3703 5028/1/3704 1687/1/3697 1689/1/3696
f 5028/1/3704 5027/1/3703 1690/1/3699 1688/1/3698
f 5028/1/3704 5029/1/3705 1693/1/3706 1687/1/3697
f 5029/1/3705 5028/1/3704 1688/1/3698 1694/1/3707
f 5029/1/3705 5027/1/3703 1689/1/3696 1693/1/3706
f 5027/1/3703 5029/1/3705 1694/1/3707 1690/1/3699
f 5030/1/3708 5031/1/3709 1697/1/3710 1695/1/3711
f 5031/1/3709 5030/1/3708 1696/1/3712 1698/1/3713
f 5031/1/3709 5032/1/3714 1699/1/3715 1697/1/3710
f 5032/1/3714 5031/1/3709 1698/1/3713 1700/1/3716
f 5032/1/3714 5030/1/3708 1695/1/3711 1699/1/3715
f 5030/1/3708 5032/1/3714 1700/1/3716 1696/1/3712
f 5033/1/3717 5034/1/3718 1701/1/3719 1695/1/3711
f 5034/1/3718 5033/1/3717 1696/1/3712 1702/1/3720
f 5034/1/3718 5035/1/3721 1697/1/3710 1701/1/3719
f 5035/1/3721 5034/1/3718 1702/1/3720 1698/1/3713
f 5035/1/3721 5033/1/3717 1695/1/3711 1697/1/3710
f 5033/1/3717 5035/1/3721 1698/1/3713 1696/1/3712
f 5036/1/3722 5037/1/3723 1695/1/3711 1701/1/3719
f 5037/1/3723 5036/1/3722 1702/1/3720 1696/1/3712
f 5037/1/3723 5038/1/3724 1703/1/3725 1695/1/3711
f 5038/1/3724 5037/1/3723 1696/1/3712 1704/1/3726
f 5038/1/3724 5036/1/3722 1701/1/3719 1703/1/3725
f 5036/1/3722 5038/1/3724 1704/1/3726 1702/1/3720
f 5039/1/3727 5040/1/3728 1707/1/3729 1705/1/3730
f 5040/1/3728 5039/1/3727 1706/1/3731 1708/1/3732
f 5040/1/3728 5041/1/3733 1709/1/3734 1707/1/3729
f 5041/1/3733 5040/1/3728 1708/1/3732 1710/1/3735
f 5041/1/3733 5039/1/3727 1705/1/3730 1709/1/3734
f 5039/1/3727 5041/1/3733 1710/1/3735 1706/1/3731
f 5042/1/3736 5043/1/3737 1711/1/3738 1707/1/3729
f 5043/1/3737 5042/1/3736 1708/1/3732 1712/1/3739
f 5043/1/3737 5044/1/3740 1709/1/3734 1711/1/3738
f 5044/1/3740 5043/1/3737 1712/1/3739 1710/1/3735
f 5044/1/3740 5042/1/3736 1707/1/3729 1709/1/3734
f 5042/1/3736 5044/1/3740 1710/1/3735 1708/1/3732
f 5045/1/3741 5046/1/3742 1713/1/3743 1705/1/3730
f 5046/1/3742 5045/1/3741 1706/1/3731 1714/1/3744
f 5046/1/3742 5047/1/3745 1707/1/3729 1713/1/3743
f 5047/1/3745 5046/1/3742 1714/1/3744 1708/1/3732
f 5047/1/3745 5045/1/3741 1705/1/3730 1707/1/3729
f 5045/1/3741 5047/1/3745 1708/1/3732 1706/1/3731
f 5048/1/3746 5049/1/3747 1717/1/3748 1715/1/3749
f 5049/1/3747 5048/1/3746 1716/1/3750 1718/1/3751
f 5049/1/3747 5050/1/3752 1719/1/3753 1717/1/3748
f 5050/1/3752 5049/1/3747 1718/1/3751 1720/1/3754
f 5050/1/3752 5048/1/3746 1715/1/3749 1719/1/3753
f 5048/1/3746 5050/1/3752 1720/1/3754 1716/1/3750
f 5051/1/3755 5052/1/3756 1721/1/3757 1715/1/3749
f 5052/1/3756 5051/1/3755 1716/1/3750 1722/1/3758
f 5052/1/3756 5053/1/3759 1717/1/3748 1721/1/3757
f 5053/1/3759 5052/1/3756 1722/1/3758 1718/1/3751
f 5053/1/3759 5051/1/3755 1715/1/3749 1717/1/3748
f 5051/1/3755 5053/1/3759 1718/1/3751 1716/1/3750
f 5054/1/3760 5055/1/3761 1715/1/3749 1721/1/3757
f 5055/1/3761 5054/1/3760 1722/1/3758 1716/1/3750
f 5055/1/3761 5056/1/3762 1723/1/3763 1715/1/3749
f 5056/1/3762 5055/1/3761 1716/1/3750 1724/1/3764
f 5056/1/3762 5054/1/3760 1721/1/3757 1723/1/3763
f 5054/1/3760 5056/1/3762 1724/1/3764 1722/1/3758
f 5057/1/3765 5058/1/3766 1727/1/3767 1725/1/3768
f 5058/1/3766 5057/1/3765 1726/1/3769 1728/1/3770
f 5058/1/3766 5059/1/3771 1729/1/3772 1727/1/3767
f 5059/1/3771 5058/1/3766 1728/1/3770 1730/1/3773
f 5059/1/3771 5057/1/3765 1725/1/3768 1729/1/3772
f 5057/1/3765 5059/1/3771 1730/1/3773 1726/1/3769
f 5060/1/3774 5061/1/3775 1727/1/3767 1729/1/3772
f 5061/1/3775 5060/1/3774 1730/1/3773 1728/1/3770
f 5061/1/3775 5062/1/3776 1731/1/3777 1727/1/3767
f 5062/1/3776 5061/1/3775 1728/1/3770 1732/1/3778
f 5062/1/3776 5060/1/3774 1729/1/3772 1731/1/3777
f 5060/1/3774 5062/1/3776 1732/1/3778 1730/1/3773
f 5063/1/3779 5064/1/3780 1733/1/3781 1727/1/3767
f 5064/1/3780 5063/1/3779 1728/1/3770 1734/1/3782
f 5064/1/3780 5065/1/3783 1731/1/3777 1733/1/3781
f 5065/1/3783 5064/1/3780 1734/1/3782 1732/1/3778
f 5065/1/3783 5063/1/3779 1727/1/3767 1731/1/3777
f 5063/1/3779 5065/1/3783 1732/1/3778 1728/1/3770
f 5066/1/3784 5067/1/3785 1727/1/3767 1733/1/3781
f 5067/1/3785 5066/1/3784 1734/1/3782 1728/1/3770
f 5067/1/3785 5068/1/3786 1735/1/3787 1727/1/3767
f 5068/1/3786 5067/1/3785 1728/1/3770 1736/1/3788
f 5068/1/3786 5066/1/3784 1733/1/3781 1735/1/3787
f 5066/1/3784 5068/1/3786 1736/1/3788 1734/1/3782
f 5069/1/3789 5070/1/3790 1739/1/3791 1737/1/3792
f 5070/1/3790 5069/1/3789 1738/1/3793 1740/1/3794
f 5070/1/3790 5071/1/3795 1741/1/3796 1739/1/3791
f 5071/1/3795 5070/1/3790 1740/1/3794 1742/1/3797
f 5071/1/3795 5069/1/3789 1737/1/3792 1741/1/3796
f 5069/1/3789 5071/1/3795 1742/1/3797 1738/1/3793
f 5072/1/3798 5073/1/3799 1739/1/3791 1741/1/3796
f 5073/1/3799 5072/1/3798 1742/1/3797 1740/1/3794
f 5073/1/3799 5074/1/3800 1743/1/3801 1739/1/3791
f 5074/1/3800 5073/1/3799 1740/1/3794 1744/1/3802
f 5074/1/3800 5072/1/3798 1741/1/3796 1743/1/3801
f 5072/1/3798 5074/1/3800 1744/1/3802 1742/1/3797
f 5075/1/3803 5076/1/3804 1747/1/3805 1745/1/3806
f 5076/1/3804 5075/1/3803 1746/1/3807 1748/1/3808
f 5076/1/3804 5077/1/3809 1749/1/3810 1747/1/3805
f 5077/1/3809 5076/1/3804 1748/1/3808 1750/1/3811
f 5077/1/3809 5075/1/3803 1745/1/3806 1749/1/3810
f 5075/1/3803 5077/1/3809 1750/1/3811 1746/1/3807
f 5078/1/3812 5079/1/3813 1745/1/3806 1747/1/3805
f 5079/1/3813 5078/1/3812 1748/1/3808 1746/1/3807
f 5079/1/3813 5080/1/3814 1751/1/3815 1745/1/3806
f 5080/1/3814 5079/1/3813 1746/1/3807 1752/1/3816
f 5080/1/3814 5078/1/3812 1747/1/3805 1751/1/3815
f 5078/1/3812 5080/1/3814 1752/1/3816 1748/1/3808
f 5081/1/1992 5082/1/3817 1755/1/3818 1753/1/3819
f 5082/1/3817 5081/1/1992 1754/1/3820 1756/1/3821
f 5082/1/3817 5083/1/3822 1757/1/3823 1755/1/3818
f 5083/1/3822 5082/1/3817 1756/1/3821 1758/1/3824
f 5083/1/3822 5081/1/1992 1753/1/3819 1757/1/3823
f 5081/1/1992 5083/1/3822 1758/1/3824 1754/1/3820
f 5084/1/3825 5085/1/3826 1757/1/3823 1753/1/3819
f 5085/1/3826 5084/1/3825 1754/1/3820 1758/1/3824
f 5085/1/3826 5086/1/3827 1759/1/3828 1757/1/3823
f 5086/1/3827 5085/1/3826 1758/1/3824 1760/1/3829
f 5086/1/3827 5084/1/3825 1753/1/3819 1759/1/3828
f 5084/1/3825 5086/1/3827 1760/1/3829 1754/1/3820
f 5087/1/3830 5088/1/3831 1763/1/3832 1761/1/3833
f 5088/1/3831 5087/1/3830 1762/1/3834 1764/1/3835
f 5088/1/3831 5089/1/3836 1765/1/3837 1763/1/3832
f 5089/1/3836 5088/1/3831 1764/1/3835 1766/1/3838
f 5089/1/3836 5087/1/3830 1761/1/3833 1765/1/3837
f 5087/1/3830 5089/1/3836 1766/1/3838 1762/1/3834
f 5090/1/3839 5091/1/3840 1761/1/3833 1763/1/3832
f 5091/1/3840 5090/1/3839 1764/1/3835 1762/1/3834
f 5091/1/3840 5092/1/3841 1767/1/3842 1761/1/3833
f 5092/1/3841 5091/1/3840 1762/1/3834 1768/1/3843
f 5092/1/3841 5090/1/3839 1763/1/3832 1767/1/3842
f 5090/1/3839 5092/1/3841 1768/1/3843 1764/1/3835
f 5093/1/3844 5094/1/3845 1769/1/3846 1765/1/3837
f 5094/1/3845 5093/1/3844 1766/1/3838 1770/1/3847
f 5094/1/3845 5095/1/3848 1761/1/3833 1769/1/3846
f 5095/1/3848 5094/1/3845 1770/1/3847 1762/1/3834
f 5095/1/3848 5093/1/3844 1765/1/3837 1761/1/3833
f 5093/1/3844 5095/1/3848 1762/1/3834 1766/1/3838
f 5096/1/3849 5097/1/3850 1765/1/3837 1769/1/3846
f 5097/1/3850 5096/1/3849 1770/1/3847 1766/1/3838
f 5097/1/3850 5098/1/3851 1771/1/3852 1765/1/3837
f 5098/1/3851 5097/1/3850 1766/1/3838 1772/1/3853
f 5098/1/3851 5096/1/3849 1769/1/3846 1771/1/3852
f 5096/1/3849 5098/1/3851 1772/1/3853 1770/1/3847
f 5099/1/3854 5100/1/3855 1769/1/3846 1773/1/3856
f 5100/1/3855 5099/1/3854 1774/1/3857 1770/1/3847
f 5100/1/3855 5101/1/3858 1771/1/3852 1769/1/3846
f 5101/1/3858 5100/1/3855 1770/1/3847 1772/1/3853
f 5101/1/3858 5099/1/3854 1773/1/3856 1771/1/3852
f 5099/1/3854 5101/1/3858 1772/1/3853 1774/1/3857
f 5102/1/3859 5103/1/3860 1775/1/3861 1773/1/3856
f 5103/1/3860 5102/1/3859 1774/1/3857 1776/1/3862
f 5103/1/3860 5104/1/3863 1769/1/3846 1775/1/3861
f 5104/1/3863 5103/1/3860 1776/1/3862 1770/1/3847
f 5104/1/3863 5102/1/3859 1773/1/3856 1769/1/3846
f 5102/1/3859 5104/1/3863 1770/1/3847 1774/1/3857
f 5105/1/3864 5106/1/3865 1775/1/3861 1777/1/3866
f 5106/1/3865 5105/1/3864 1778/1/3867 1776/1/3862
f 5106/1/3865 5107/1/3868 1773/1/3856 1775/1/3861
f 5107/1/3868 5106/1/3865 1776/1/3862 1774/1/3857
f 5107/1/3868 5105/1/3864 1777/1/3866 1773/1/3856
f 5105/1/3864 5107/1/3868 1774/1/3857 1778/1/3867
f 5108/1/3869 5109/1/3870 1779/1/3871 1777/1/3866
f 5109/1/3870 5108/1/3869 1778/1/3867 1780/1/3872
f 5109/1/3870 5110/1/3873 1775/1/3861 1779/1/3871
f 5110/1/3873 5109/1/3870 1780/1/3872 1776/1/3862
f 5110/1/3873 5108/1/3869 1777/1/3866 1775/1/3861
f 5108/1/3869 5110/1/3873 1776/1/3862 1778/1/3867
f 5111/1/3874 5112/1/3875 1783/1/3876 1781/1/3877
f 5112/1/3875 5111/1/3874 1782/1/3878 1784/1/3879
f 5112/1/3875 5113/1/3880 1785/1/3881 1783/1/3876
f 5113/1/3880 5112/1/3875 1784/1/3879 1786/1/3882
f 5113/1/3880 5111/1/3874 1781/1/3877 1785/1/3881
f 5111/1/3874 5113/1/3880 1786/1/3882 1782/1/3878
f 5114/1/3883 5115/1/3884 1781/1/3877 1783/1/3876
f 5115/1/3884 5114/1/3883 1784/1/3879 1782/1/3878
f 5115/1/3884 5116/1/3885 1787/1/3886 1781/1/3877
f 5116/1/3885 5115/1/3884 1782/1/3878 1788/1/3887
f 5116/1/3885 5114/1/3883 1783/1/3876 1787/1/3886
f 5114/1/3883 5116/1/3885 1788/1/3887 1784/1/3879
f 5117/1/3888 5118/1/3889 1781/1/3877 1787/1/3886
f 5118/1/3889 5117/1/3888 1788/1/3887 1782/1/3878
f 5118/1/3889 5119/1/3890 1789/1/3891 1781/1/3877
f 5119/1/3890 5118/1/3889 1782/1/3878 1790/1/3892
f 5119/1/3890 5117/1/3888 1787/1/3886 1789/1/3891
f 5117/1/3888 5119/1/3890 1790/1/3892 1788/1/3887
f 5120/1/3893 5121/1/3894 1791/1/3895 1789/1/3891
f 5121/1/3894 5120/1/3893 1790/1/3892 1792/1/3896
f 5121/1/3894 5122/1/3897 1787/1/3886 1791/1/3895
f 5122/1/3897 5121/1/3894 1792/1/3896 1788/1/3887
f 5122/1/3897 5120/1/3893 1789/1/3891 1787/1/3886
f 5120/1/3893 5122/1/3897 1788/1/3887 1790/1/3892
f 5123/1/3898 5124/1/3899 1791/1/3895 1787/1/3886
f 5124/1/3899 5123/1/3898 1788/1/3887 1792/1/3896
f 5124/1/3899 5125/1/3900 1793/1/3901 1791/1/3895
f 5125/1/3900 5124/1/3899 1792/1/3896 1794/1/3902
f 5125/1/3900 5123/1/3898 1787/1/3886 1793/1/3901
f 5123/1/3898 5125/1/3900 1794/1/3902 1788/1/3887
f 5126/1/3903 5127/1/3904 1795/1/3905 1789/1/3891
f 5127/1/3904 5126/1/3903 1790/1/3892 1796/1/3906
f 5127/1/3904 5128/1/3907 1791/1/3895 1795/1/3905
f 5128/1/3907 5127/1/3904 1796/1/3906 1792/1/3896
f 5128/1/3907 5126/1/3903 1789/1/3891 1791/1/3895
f 5126/1/3903 5128/1/3907 1792/1/3896 1790/1/3892
f 5129/1/3908 5130/1/3909 1791/1/3895 1793/1/3901
f 5130/1/3909 5129/1/3908 1794/1/3902 1792/1/3896
f 5130/1/3909 5131/1/3910 1797/1/3911 1791/1/3895
f 5131/1/3910 5130/1/3909 1792/1/3896 1798/1/3912
f 5131/1/3910 5129/1/3908 1793/1/3901 1797/1/3911
f 5129/1/3908 5131/1/3910 1798/1/3912 1794/1/3902
f 5132/1/3913 5133/1/3914 1793/1/3901 1799/1/3915
f 5133/1/3914 5132/1/3913 1800/1/3916 1794/1/3902
f 5133/1/3914 5134/1/3917 1797/1/3911 1793/1/3901
f 5134/1/3917 5133/1/3914 1794/1/3902 1798/1/3912
f 5134/1/3917 5132/1/3913 1799/1/3915 1797/1/3911
f 5132/1/3913 5134/1/3917 1798/1/3912 1800/1/3916
f 5135/1/3918 5136/1/3919 1801/1/3920 1797/1/3911
f 5136/1/3919 5135/1/3918 1798/1/3912 1802/1/3921
f 5136/1/3919 5137/1/3922 1799/1/3915 1801/1/3920
f 5137/1/3922 5136/1/3919 1802/1/3921 1800/1/3916
f 5137/1/3922 5135/1/3918 1797/1/3911 1799/1/3915
f 5135/1/3918 5137/1/3922 1800/1/3916 1798/1/3912
f 5138/1/3923 5139/1/3924 1789/1/3891 1795/1/3905
f 5139/1/3924 5138/1/3923 1796/1/3906 1790/1/3892
f 5139/1/3924 5140/1/3925 1803/1/3926 1789/1/3891
f 5140/1/3925 5139/1/3924 1790/1/3892 1804/1/3927
f 5140/1/3925 5138/1/3923 1795/1/3905 1803/1/3926
f 5138/1/3923 5140/1/3925 1804/1/3927 1796/1/3906
f 5141/1/3928 5142/1/3929 1805/1/3930 1803/1/3926
f 5142/1/3929 5141/1/3928 1804/1/3927 1806/1/3931
f 5142/1/3929 5143/1/3932 1795/1/3905 1805/1/3930
f 5143/1/3932 5142/1/3929 1806/1/3931 1796/1/3906
f 5143/1/3932 5141/1/3928 1803/1/3926 1795/1/3905
f 5141/1/3928 5143/1/3932 1796/1/3906 1804/1/3927
f 5144/1/3933 5145/1/3934 1803/1/3926 1805/1/3930
f 5145/1/3934 5144/1/3933 1806/1/3931 1804/1/3927
f 5145/1/3934 5146/1/3935 1807/1/3936 1803/1/3926
f 5146/1/3935 5145/1/3934 1804/1/3927 1808/1/3937
f 5146/1/3935 5144/1/3933 1805/1/3930 1807/1/3936
f 5144/1/3933 5146/1/3935 1808/1/3937 1806/1/3931
f 5147/1/3938 5148/1/3939 1811/1/3940 1809/1/3941
f 5148/1/3939 5147/1/3938 1810/1/3942 1812/1/3943
f 5148/1/3939 5149/1/3944 1813/1/3945 1811/1/3940
f 5149/1/3944 5148/1/3939 1812/1/3943 1814/1/3946
f 5149/1/3944 5147/1/3938 1809/1/3941 1813/1/3945
f 5147/1/3938 5149/1/3944 1814/1/3946 1810/1/3942
f 5150/1/3947 5151/1/3948 1809/1/3941 1811/1/3940
f 5151/1/3948 5150/1/3947 1812/1/3943 1810/1/3942
f 5151/1/3948 5152/1/3949 1815/1/3950 1809/1/3941
f 5152/1/3949 5151/1/3948 1810/1/3942 1816/1/3951
f 5152/1/3949 5150/1/3947 1811/1/3940 1815/1/3950
f 5150/1/3947 5152/1/3949 1816/1/3951 1812/1/3943
f 5153/1/3952 5154/1/3953 1815/1/3950 1817/1/3954
f 5154/1/3953 5153/1/3952 1818/1/3955 1816/1/3951
f 5154/1/3953 5155/1/3956 1809/1/3941 1815/1/3950
f 5155/1/3956 5154/1/3953 1816/1/3951 1810/1/3942
f 5155/1/3956 5153/1/3952 1817/1/3954 1809/1/3941
f 5153/1/3952 5155/1/3956 1810/1/3942 1818/1/3955
f 5156/1/3957 5157/1/3958 1817/1/3954 1815/1/3950
f 5157/1/3958 5156/1/3957 1816/1/3951 1818/1/3955
f 5157/1/3958 5158/1/3959 1819/1/3960 1817/1/3954
f 5158/1/3959 5157/1/3958 1818/1/3955 1820/1/3961
f 5158/1/3959 5156/1/3957 1815/1/3950 1819/1/3960
f 5156/1/3957 5158/1/3959 1820/1/3961 1816/1/3951
f 5159/1/3962 5160/1/3963 1817/1/3954 1819/1/3960
f 5160/1/3963 5159/1/3962 1820/1/3961 1818/1/3955
f 5160/1/3963 5161/1/3964 1821/1/3965 1817/1/3954
f 5161/1/3964 5160/1/3963 1818/1/3955 1822/1/3966
f 5161/1/3964 5159/1/3962 1819/1/3960 1821/1/3965
f 5159/1/3962 5161/1/3964 1822/1/3966 1820/1/3961
f 5162/1/3967 5163/1/3968 1821/1/3965 1819/1/3960
f 5163/1/3968 5162/1/3967 1820/1/3961 1822/1/3966
f 5163/1/3968 5164/1/3969 1823/1/3970 1821/1/3965
f 5164/1/3969 5163/1/3968 1822/1/3966 1824/1/3971
f 5164/1/3969 5162/1/3967 1819/1/3960 1823/1/3970
f 5162/1/3967 5164/1/3969 1824/1/3971 1820/1/3961
f 5165/1/3972 5166/1/3973 1821/1/3965 1823/1/3970
f 5166/1/3973 5165/1/3972 1824/1/3971 1822/1/3966
f 5166/1/3973 5167/1/3974 1825/1/3975 1821/1/3965
f 5167/1/3974 5166/1/3973 1822/1/3966 1826/1/3976
f 5167/1/3974 5165/1/3972 1823/1/3970 1825/1/3975
f 5165/1/3972 5167/1/3974 1826/1/3976 1824/1/3971
f 5168/1/3977 5169/1/3978 1825/1/3975 1823/1/3970
f 5169/1/3978 5168/1/3977 1824/1/3971 1826/1/3976
f 5169/1/3978 5170/1/3979 1827/1/3980 1825/1/3975
f 5170/1/3979 5169/1/3978 1826/1/3976 1828/1/3981
f 5170/1/3979 5168/1/3977 1823/1/3970 1827/1/3980
f 5168/1/3977 5170/1/3979 1828/1/3981 1824/1/3971
f 5171/1/3982 5172/1/3983 1831/1/3984 1829/1/3985
f 5172/1/3983 5171/1/3982 1830/1/3986 1832/1/3987
f 5172/1/3983 5173/1/3988 1833/1/3989 1831/1/3984
f 5173/1/3988 5172/1/3983 1832/1/3987 1834/1/3990
f 5173/1/3988 5171/1/3982 1829/1/3985 1833/1/3989
f 5171/1/3982 5173/1/3988 1834/1/3990 1830/1/3986
f 5174/1/3991 5175/1/3992 1829/1/3985 1831/1/3984
f 5175/1/3992 5174/1/3991 1832/1/3987 1830/1/3986
f 5175/1/3992 5176/1/3993 1835/1/3994 1829/1/3985
f 5176/1/3993 5175/1/3992 1830/1/3986 1836/1/3995
f 5176/1/3993 5174/1/3991 1831/1/3984 1835/1/3994
f 5174/1/3991 5176/1/3993 1836/1/3995 1832/1/3987
f 5177/1/3996 5178/1/3997 1829/1/3985 1837/1/3998
f 5178/1/3997 5177/1/3996 1838/1/3999 1830/1/3986
f 5178/1/3997 5179/1/4000 1833/1/3989 1829/1/3985
f 5179/1/4000 5178/1/3997 1830/1/3986 1834/1/3990
f 5179/1/4000 5177/1/3996 1837/1/3998 1833/1/3989
f 5177/1/3996 5179/1/4000 1834/1/3990 1838/1/3999
f 5180/1/4001 5181/1/4002 1839/1/4003 1833/1/3989
f 5181/1/4002 5180/1/4001 1834/1/3990 1840/1/4004
f 5181/1/4002 5182/1/4005 1837/1/3998 1839/1/4003
f 5182/1/4005 5181/1/4002 1840/1/4004 1838/1/3999
f 5182/1/4005 5180/1/4001 1833/1/3989 1837/1/3998
f 5180/1/4001 5182/1/4005 1838/1/3999 1834/1/3990
f 5183/1/4006 5184/1/4007 1833/1/3989 1839/1/4003
f 5184/1/4007 5183/1/4006 1840/1/4004 1834/1/3990
f 5184/1/4007 5185/1/4008 1841/1/4009 1833/1/3989
f 5185/1/4008 5184/1/4007 1834/1/3990 1842/1/4010
f 5185/1/4008 5183/1/4006 1839/1/4003 1841/1/4009
f 5183/1/4006 5185/1/4008 1842/1/4010 1840/1/4004
f 5186/1/4011 5187/1/4012 1839/1/4003 1837/1/3998
f 5187/1/4012 5186/1/4011 1838/1/3999 1840/1/4004
f 5187/1/4012 5188/1/4013 1843/1/4014 1839/1/4003
f 5188/1/4013 5187/1/4012 1840/1/4004 1844/1/4015
f 5188/1/4013 5186/1/4011 1837/1/3998 1843/1/4014
f 5186/1/4011 5188/1/4013 1844/1/4015 1838/1/3999
f 5189/1/4016 5190/1/4017 1841/1/4009 1839/1/4003
f 5190/1/4017 5189/1/4016 1840/1/4004 1842/1/4010
f 5190/1/4017 5191/1/4018 1845/1/4019 1841/1/4009
f 5191/1/4018 5190/1/4017 1842/1/4010 1846/1/4020
f 5191/1/4018 5189/1/4016 1839/1/4003 1845/1/4019
f 5189/1/4016 5191/1/4018 1846/1/4020 1840/1/4004
f 5192/1/4021 5193/1/4022 1847/1/4023 1841/1/4009
f 5193/1/4022 5192/1/4021 1842/1/4010 1848/1/4024
f 5193/1/4022 5194/1/4025 1845/1/4019 1847/1/4023
f 5194/1/4025 5193/1/4022 1848/1/4024 1846/1/4020
f 5194/1/4025 5192/1/4021 1841/1/4009 1845/1/4019
f 5192/1/4021 5194/1/4025 1846/1/4020 1842/1/4010
f 5195/1/4026 5196/1/4027 1845/1/4019 1849/1/4028
f 5196/1/4027 5195/1/4026 1850/1/4029 1846/1/4020
f 5196/1/4027 5197/1/4030 1847/1/4023 1845/1/4019
f 5197/1/4030 5196/1/4027 1846/1/4020 1848/1/4024
f 5197/1/4030 5195/1/4026 1849/1/4028 1847/1/4023
f 5195/1/4026 5197/1/4030 1848/1/4024 1850/1/4029
f 5198/1/4031 5199/1/4032 1843/1/4014 1837/1/3998
f 5199/1/4032 5198/1/4031 1838/1/3999 1844/1/4015
f 5199/1/4032 5200/1/4033 1851/1/4034 1843/1/4014
f 5200/1/4033 5199/1/4032 1844/1/4015 1852/1/4035
f 5200/1/4033 5198/1/4031 1837/1/3998 1851/1/4034
f 5198/1/4031 5200/1/4033 1852/1/4035 1838/1/3999
f 5201/1/4036 5202/1/4037 1853/1/4038 1843/1/4014
f 5202/1/4037 5201/1/4036 1844/1/4015 1854/1/4039
f 5202/1/4037 5203/1/4040 1851/1/4034 1853/1/4038
f 5203/1/4040 5202/1/4037 1854/1/4039 1852/1/4035
f 5203/1/4040 5201/1/4036 1843/1/4014 1851/1/4034
f 5201/1/4036 5203/1/4040 1852/1/4035 1844/1/4015
f 5204/1/4041 5205/1/4042 1843/1/4014 1853/1/4038
f 5205/1/4042 5204/1/4041 1854/1/4039 1844/1/4015
f 5205/1/4042 5206/1/4043 1855/1/3619 1843/1/4014
f 5206/1/4043 5205/1/4042 1844/1/4015 1856/1/4044
f 5206/1/4043 5204/1/4041 1853/1/4038 1855/1/3619
f 5204/1/4041 5206/1/4043 1856/1/4044 1854/1/4039
f 5207/1/4045 5208/1/4046 1859/1/4047 1857/1/4048
f 5208/1/4046 5207/1/4045 1858/1/4049 1860/1/4050
f 5208/1/4046 5209/1/4051 1861/1/4052 1859/1/4047
f 5209/1/4051 5208/1/4046 1860/1/4050 1862/1/4053
f 5209/1/4051 5207/1/4045 1857/1/4048 1861/1/4052
f 5207/1/4045 5209/1/4051 1862/1/4053 1858/1/4049
f 5210/1/4054 5211/1/4055 1857/1/4048 1859/1/4047
f 5211/1/4055 5210/1/4054 1860/1/4050 1858/1/4049
f 5211/1/4055 5212/1/4056 1863/1/4057 1857/1/4048
f 5212/1/4056 5211/1/4055 1858/1/4049 1864/1/4058
f 5212/1/4056 5210/1/4054 1859/1/4047 1863/1/4057
f 5210/1/4054 5212/1/4056 1864/1/4058 1860/1/4050
f 5213/1/4059 5214/1/4060 1859/1/4047 1861/1/4052
f 5214/1/4060 5213/1/4059 1862/1/4053 1860/1/4050
f 5214/1/4060 5215/1/4061 1865/1/4062 1859/1/4047
f 5215/1/4061 5214/1/4060 1860/1/4050 1866/1/4063
f 5215/1/4061 5213/1/4059 1861/1/4052 1865/1/4062
f 5213/1/4059 5215/1/4061 1866/1/4063 1862/1/4053
f 5216/1/4064 5217/1/4065 1859/1/4047 1865/1/4062
f 5217/1/4065 5216/1/4064 1866/1/4063 1860/1/4050
f 5217/1/4065 5218/1/4066 1867/1/4067 1859/1/4047
f 5218/1/4066 5217/1/4065 1860/1/4050 1868/1/4068
f 5218/1/4066 5216/1/4064 1865/1/4062 1867/1/4067
f 5216/1/4064 5218/1/4066 1868/1/4068 1866/1/4063
f 5219/1/4069 5220/1/4070 1865/1/4062 1869/1/4071
f 5220/1/4070 5219/1/4069 1870/1/4072 1866/1/4063
f 5220/1/4070 5221/1/4073 1867/1/4067 1865/1/4062
f 5221/1/4073 5220/1/4070 1866/1/4063 1868/1/4068
f 5221/1/4073 5219/1/4069 1869/1/4071 1867/1/4067
f 5219/1/4069 5221/1/4073 1868/1/4068 1870/1/4072
f 5222/1/4074 5223/1/4075 1869/1/4071 1865/1/4062
f 5223/1/4075 5222/1/4074 1866/1/4063 1870/1/4072
f 5223/1/4075 5224/1/4076 1871/1/4077 1869/1/4071
f 5224/1/4076 5223/1/4075 1870/1/4072 1872/1/4078
f 5224/1/4076 5222/1/4074 1865/1/4062 1871/1/4077
f 5222/1/4074 5224/1/4076 1872/1/4078 1866/1/4063
f 5225/1/4079 5226/1/4080 1869/1/4071 1871/1/4077
f 5226/1/4080 5225/1/4079 1872/1/4078 1870/1/4072
f 5226/1/4080 5227/1/4081 1873/1/4082 1869/1/4071
f 5227/1/4081 5226/1/4080 1870/1/4072 1874/1/4083
f 5227/1/4081 5225/1/4079 1871/1/4077 1873/1/4082
f 5225/1/4079 5227/1/4081 1874/1/4083 1872/1/4078
f 5228/1/4084 5229/1/4085 1869/1/4071 1873/1/4082
f 5229/1/4085 5228/1/4084 1874/1/4083 1870/1/4072
f 5229/1/4085 5230/1/4086 1875/1/4087 1869/1/4071
f 5230/1/4086 5229/1/4085 1870/1/4072 1876/1/4088
f 5230/1/4086 5228/1/4084 1873/1/4082 1875/1/4087
f 5228/1/4084 5230/1/4086 1876/1/4088 1874/1/4083
f 5231/1/4089 5232/1/4090 1877/1/4091 1875/1/4087
f 5232/1/4090 5231/1/4089 1876/1/4088 1878/1/4092
f 5232/1/4090 5233/1/4093 1873/1/4082 1877/1/4091
f 5233/1/4093 5232/1/4090 1878/1/4092 1874/1/4083
f 5233/1/4093 5231/1/4089 1875/1/4087 1873/1/4082
f 5231/1/4089 5233/1/4093 1874/1/4083 1876/1/4088
f 5234/1/4094 5235/1/4095 1873/1/4082 1879/1/4096
f 5235/1/4095 5234/1/4094 1880/1/4097 1874/1/4083
f 5235/1/4095 5236/1/4098 1877/1/4091 1873/1/4082
f 5236/1/4098 5235/1/4095 1874/1/4083 1878/1/4092
f 5236/1/4098 5234/1/4094 1879/1/4096 1877/1/4091
f 5234/1/4094 5236/1/4098 1878/1/4092 1880/1/4097
f 5237/1/4099 5238/1/4100 1877/1/4091 1879/1/4096
f 5238/1/4100 5237/1/4099 1880/1/4097 1878/1/4092
f 5238/1/4100 5239/1/4101 1881/1/4102 1877/1/4091
f 5239/1/4101 5238/1/4100 1878/1/4092 1882/1/4103
f 5239/1/4101 5237/1/4099 1879/1/4096 1881/1/4102
f 5237/1/4099 5239/1/4101 1882/1/4103 1880/1/4097
f 5240/1/4104 5241/1/4105 1879/1/4096 1883/1/4106
f 5241/1/4105 5240/1/4104 1884/1/4107 1880/1/4097
f 5241/1/4105 5242/1/4108 1881/1/4102 1879/1/4096
f 5242/1/4108 5241/1/4105 1880/1/4097 1882/1/4103
f 5242/1/4108 5240/1/4104 1883/1/4106 1881/1/4102
f 5240/1/4104 5242/1/4108 1882/1/4103 1884/1/4107
f 5243/1/4109 5244/1/4110 1881/1/4102 1883/1/4106
f 5244/1/4110 5243/1/4109 1884/1/4107 1882/1/4103
f 5244/1/4110 5245/1/4111 1885/1/4112 1881/1/4102
f 5245/1/4111 5244/1/4110 1882/1/4103 1886/1/4113
f 5245/1/4111 5243/1/4109 1883/1/4106 1885/1/4112
f 5243/1/4109 5245/1/4111 1886/1/4113 1884/1/4107
f 5246/1/4114 5247/1/4115 1883/1/4106 1887/1/4116
f 5247/1/4115 5246/1/4114 1888/1/4117 1884/1/4107
f 5247/1/4115 5248/1/4118 1885/1/4112 1883/1/4106
f 5248/1/4118 5247/1/4115 1884/1/4107 1886/1/4113
f 5248/1/4118 5246/1/4114 1887/1/4116 1885/1/4112
f 5246/1/4114 5248/1/4118 1886/1/4113 1888/1/4117
f 5249/1/4119 5250/1/4120 1889/1/4121 1885/1/4112
f 5250/1/4120 5249/1/4119 1886/1/4113 1890/1/4122
f 5250/1/4120 5251/1/4123 1887/1/4116 1889/1/4121
f 5251/1/4123 5250/1/4120 1890/1/4122 1888/1/4117
f 5251/1/4123 5249/1/4119 1885/1/4112 1887/1/4116
f 5249/1/4119 5251/1/4123 1888/1/4117 1886/1/4113
f 5252/1/4124 5253/1/4125 1887/1/4116 1891/1/4126
f 5253/1/4125 5252/1/4124 1892/1/4127 1888/1/4117
f 5253/1/4125 5254/1/4128 1889/1/4121 1887/1/4116
f 5254/1/4128 5253/1/4125 1888/1/4117 1890/1/4122
f 5254/1/4128 5252/1/4124 1891/1/4126 1889/1/4121
f 5252/1/4124 5254/1/4128 1890/1/4122 1892/1/4127
f 5255/1/4129 5256/1/4130 1895/1/4131 1893/1/4132
f 5256/1/4130 5255/1/4129 1894/1/4133 1896/1/4134
f 5256/1/4130 5257/1/4135 1897/1/4136 1895/1/4131
f 5257/1/4135 5256/1/4130 1896/1/4134 1898/1/4137
f 5257/1/4135 5255/1/4129 1893/1/4132 1897/1/4136
f 5255/1/4129 5257/1/4135 1898/1/4137 1894/1/4133
f 5258/1/4138 5259/1/4139 1893/1/4132 1895/1/4131
f 5259/1/4139 5258/1/4138 1896/1/4134 1894/1/4133
f 5259/1/4139 5260/1/4140 1899/1/4141 1893/1/4132
f 5260/1/4140 5259/1/4139 1894/1/4133 1900/1/4142
f 5260/1/4140 5258/1/4138 1895/1/4131 1899/1/4141
f 5258/1/4138 5260/1/4140 1900/1/4142 1896/1/4134
f 5261/1/4143 5262/1/4144 1895/1/4131 1901/1/4145
f 5262/1/4144 5261/1/4143 1902/1/4146 1896/1/4134
f 5262/1/4144 5263/1/4147 1899/1/4141 1895/1/4131
f 5263/1/4147 5262/1/4144 1896/1/4134 1900/1/4142
f 5263/1/4147 5261/1/4143 1901/1/4145 1899/1/4141
f 5261/1/4143 5263/1/4147 1900/1/4142 1902/1/4146
f 5264/1/4148 5265/1/4149 1901/1/4145 1895/1/4131
f 5265/1/4149 5264/1/4148 1896/1/4134 1902/1/4146
f 5265/1/4149 5266/1/4150 1903/1/4151 1901/1/4145
f 5266/1/4150 5265/1/4149 1902/1/4146 1904/1/4152
f 5266/1/4150 5264/1/4148 1895/1/4131 1903/1/4151
f 5264/1/4148 5266/1/4150 1904/1/4152 1896/1/4134
f 5267/1/4153 5268/1/4154 1907/1/4155 1905/1/4156
f 5268/1/4154 5267/1/4153 1906/1/4157 1908/1/4158
f 5268/1/4154 5269/1/4159 1909/1/4160 1907/1/4155
f 5269/1/4159 5268/1/4154 1908/1/4158 1910/1/4161
f 5269/1/4159 5267/1/4153 1905/1/4156 1909/1/4160
f 5267/1/4153 5269/1/4159 1910/1/4161 1906/1/4157
f 5270/1/4162 5271/1/4163 1911/1/4164 1909/1/4160
f 5271/1/4163 5270/1/4162 1910/1/4161 1912/1/4165
f 5271/1/4163 5272/1/4166 1905/1/4156 1911/1/4164
f 5272/1/4166 5271/1/4163 1912/1/4165 1906/1/4157
f 5272/1/4166 5270/1/4162 1909/1/4160 1905/1/4156
f 5270/1/4162 5272/1/4166 1906/1/4157 1910/1/4161
f 5273/1/4167 5274/1/4168 1905/1/4156 1913/1/4169
f 5274/1/4168 5273/1/4167 1914/1/4170 1906/1/4157
f 5274/1/4168 5275/1/4171 1911/1/4164 1905/1/4156
f 5275/1/4171 5274/1/4168 1906/1/4157 1912/1/4165
f 5275/1/4171 5273/1/4167 1913/1/4169 1911/1/4164
f 5273/1/4167 5275/1/4171 1912/1/4165 1914/1/4170
f 5276/1/4172 5277/1/4173 1913/1/4169 1905/1/4156
f 5277/1/4173 5276/1/4172 1906/1/4157 1914/1/4170
f 5277/1/4173 5278/1/4174 1915/1/4175 1913/1/4169
f 5278/1/4174 5277/1/4173 1914/1/4170 1916/1/4176
f 5278/1/4174 5276/1/4172 1905/1/4156 1915/1/4175
f 5276/1/4172 5278/1/4174 1916/1/4176 1906/1/4157
f 5279/1/1992 5280/1/4177 1919/1/4178 1917/1/4179
f 5280/1/4177 5279/1/1992 1918/1/4180 1920/1/4181
f 5280/1/4177 5281/1/4182 1921/1/4183 1919/1/4178
f 5281/1/4182 5280/1/4177 1920/1/4181 1922/1/4184
f 5281/1/4182 5279/1/1992 1917/1/4179 1921/1/4183
f 5279/1/1992 5281/1/4182 1922/1/4184 1918/1/4180
f 5282/1/4185 5283/1/4186 1921/1/4183 1917/1/4179
f 5283/1/4186 5282/1/4185 1918/1/4180 1922/1/4184
f 5283/1/4186 5284/1/4187 1923/1/4188 1921/1/4183
f 5284/1/4187 5283/1/4186 1922/1/4184 1924/1/4189
f 5284/1/4187 5282/1/4185 1917/1/4179 1923/1/4188
f 5282/1/4185 5284/1/4187 1924/1/4189 1918/1/4180
f 5285/1/4190 5286/1/4191 1917/1/4179 1925/1/4192
f 5286/1/4191 5285/1/4190 1926/1/4193 1918/1/4180
f 5286/1/4191 5287/1/4194 1923/1/4188 1917/1/4179
f 5287/1/4194 5286/1/4191 1918/1/4180 1924/1/4189
f 5287/1/4194 5285/1/4190 1925/1/4192 1923/1/4188
f 5285/1/4190 5287/1/4194 1924/1/4189 1926/1/4193
f 5288/1/4195 5289/1/4196 1925/1/4192 1917/1/4179
f 5289/1/4196 5288/1/4195 1918/1/4180 1926/1/4193
f 5289/1/4196 5290/1/4197 1927/1/4198 1925/1/4192
f 5290/1/4197 5289/1/4196 1926/1/4193 1928/1/4199
f 5290/1/4197 5288/1/4195 1917/1/4179 1927/1/4198
f 5288/1/4195 5290/1/4197 1928/1/4199 1918/1/4180
f 5291/1/4200 5292/1/4201 1931/1/4202 1929/1/4203
f 5292/1/4201 5291/1/4200 1930/1/4204 1932/1/4205
f 5292/1/4201 5293/1/4206 1933/1/4207 1931/1/4202
f 5293/1/4206 5292/1/4201 1932/1/4205 1934/1/4208
f 5293/1/4206 5291/1/4200 1929/1/4203 1933/1/4207
f 5291/1/4200 5293/1/4206 1934/1/4208 1930/1/4204
f 5294/1/4209 5295/1/4210 1929/1/4203 1931/1/4202
f 5295/1/4210 5294/1/4209 1932/1/4205 1930/1/4204
f 5295/1/4210 5296/1/4211 1935/1/4212 1929/1/4203
f 5296/1/4211 5295/1/4210 1930/1/4204 1936/1/4213
f 5296/1/4211 5294/1/4209 1931/1/4202 1935/1/4212
f 5294/1/4209 5296/1/4211 1936/1/4213 1932/1/4205
f 5297/1/4214 5298/1/4215 1937/1/4216 1929/1/4203
f 5298/1/4215 5297/1/4214 1930/1/4204 1938/1/4217
f 5298/1/4215 5299/1/4218 1935/1/4212 1937/1/4216
f 5299/1/4218 5298/1/4215 1938/1/4217 1936/1/4213
f 5299/1/4218 5297/1/4214 1929/1/4203 1935/1/4212
f 5297/1/4214 5299/1/4218 1936/1/4213 1930/1/4204
f 5300/1/4219 5301/1/4220 1939/1/4221 1929/1/4203
f 5301/1/4220 5300/1/4219 1930/1/4204 1940/1/4222
f 5301/1/4220 5302/1/4223 1937/1/4216 1939/1/4221
f 5302/1/4223 5301/1/4220 1940/1/4222 1938/1/4217
f 5302/1/4223 5300/1/4219 1929/1/4203 1937/1/4216
f 5300/1/4219 5302/1/4223 1938/1/4217 1930/1/4204
f 5303/1/4224 5304/1/4225 1943/1/4226 1941/1/4227
f 5304/1/4225 5303/1/4224 1942/1/4228 1944/1/4229
f 5304/1/4225 5305/1/4230 1945/1/4231 1943/1/4226
f 5305/1/4230 5304/1/4225 1944/1/4229 1946/1/4232
f 5305/1/4230 5303/1/4224 1941/1/4227 1945/1/4231
f 5303/1/4224 5305/1/4230 1946/1/4232 1942/1/4228
f 5306/1/4233 5307/1/4234 1941/1/4227 1943/1/4226
f 5307/1/4234 5306/1/4233 1944/1/4229 1942/1/4228
f 5307/1/4234 5308/1/4235 1947/1/4236 1941/1/4227
f 5308/1/4235 5307/1/4234 1942/1/4228 1948/1/4237
f 5308/1/4235 5306/1/4233 1943/1/4226 1947/1/4236
f 5306/1/4233 5308/1/4235 1948/1/4237 1944/1/4229
f 5309/1/4238 5310/1/4239 1945/1/4231 1949/1/4240
f 5310/1/4239 5309/1/4238 1950/1/4241 1946/1/4232
f 5310/1/4239 5311/1/4242 1943/1/4226 1945/1/4231
f 5311/1/4242 5310/1/4239 1946/1/4232 1944/1/4229
f 5311/1/4242 5309/1/4238 1949/1/4240 1943/1/4226
f 5309/1/4238 5311/1/4242 1944/1/4229 1950/1/4241
f 5312/1/4243 5313/1/4244 1951/1/4245 1943/1/4226
f 5313/1/4244 5312/1/4243 1944/1/4229 1952/1/4246
f 5313/1/4244 5314/1/4247 1949/1/4240 1951/1/4245
f 5314/1/4247 5313/1/4244 1952/1/4246 1950/1/4241
f 5314/1/4247 5312/1/4243 1943/1/4226 1949/1/4240
f 5312/1/4243 5314/1/4247 1950/1/4241 1944/1/4229
f 5315/1/4248 5316/1/4249 1949/1/4240 1953/1/4250
f 5316/1/4249 5315/1/4248 1954/1/4251 1950/1/4241
f 5316/1/4249 5317/1/4252 1951/1/4245 1949/1/4240
f 5317/1/4252 5316/1/4249 1950/1/4241 1952/1/4246
f 5317/1/4252 5315/1/4248 1953/1/4250 1951/1/4245
f 5315/1/4248 5317/1/4252 1952/1/4246 1954/1/4251
f 5318/1/4253 5319/1/4254 1953/1/4250 1949/1/4240
f 5319/1/4254 5318/1/4253 1950/1/4241 1954/1/4251
f 5319/1/4254 5320/1/4255 1955/1/4256 1953/1/4250
f 5320/1/4255 5319/1/4254 1954/1/4251 1956/1/4257
f 5320/1/4255 5318/1/4253 1949/1/4240 1955/1/4256
f 5318/1/4253 5320/1/4255 1956/1/4257 1950/1/4241
f 5321/1/4258 5322/1/4259 1955/1/4256 1957/1/4260
f 5322/1/4259 5321/1/4258 1958/1/4261 1956/1/4257
f 5322/1/4259 5323/1/4262 1953/1/4250 1955/1/4256
f 5323/1/4262 5322/1/4259 1956/1/4257 1954/1/4251
f 5323/1/4262 5321/1/4258 1957/1/4260 1953/1/4250
f 5321/1/4258 5323/1/4262 1954/1/4251 1958/1/4261
f 5324/1/4263 5325/1/4264 1959/1/4265 1953/1/4250
f 5325/1/4264 5324/1/4263 1954/1/4251 1960/1/4266
f 5325/1/4264 5326/1/4267 1957/1/4260 1959/1/4265
f 5326/1/4267 5325/1/4264 1960/1/4266 1958/1/4261
f 5326/1/4267 5324/1/4263 1953/1/4250 1957/1/4260
f 5324/1/4263 5326/1/4267 1958/1/4261 1954/1/4251
f 5327/1/4268 5328/1/4269 1957/1/4260 1961/1/4270
f 5328/1/4269 5327/1/4268 1962/1/4271 1958/1/4261
f 5328/1/4269 5329/1/4272 1959/1/4265 1957/1/4260
f 5329/1/4272 5328/1/4269 1958/1/4261 1960/1/4266
f 5329/1/4272 5327/1/4268 1961/1/4270 1959/1/4265
f 5327/1/4268 5329/1/4272 1960/1/4266 1962/1/4271
f 5330/1/4273 5331/1/4274 1959/1/4265 1961/1/4270
f 5331/1/4274 5330/1/4273 1962/1/4271 1960/1/4266
f 5331/1/4274 5332/1/4275 1963/1/4276 1959/1/4265
f 5332/1/4275 5331/1/4274 1960/1/4266 1964/1/4277
f 5332/1/4275 5330/1/4273 1961/1/4270 1963/1/4276
f 5330/1/4273 5332/1/4275 1964/1/4277 1962/1/4271
f 5333/1/4278 5334/1/4279 1961/1/4270 1965/1/4280
f 5334/1/4279 5333/1/4278 1966/1/4281 1962/1/4271
f 5334/1/4279 5335/1/4282 1963/1/4276 1961/1/4270
f 5335/1/4282 5334/1/4279 1962/1/4271 1964/1/4277
f 5335/1/4282 5333/1/4278 1965/1/4280 1963/1/4276
f 5333/1/4278 5335/1/4282 1964/1/4277 1966/1/4281
f 5336/1/4283 5337/1/4284 1965/1/4280 1961/1/4270
f 5337/1/4284 5336/1/4283 1962/1/4271 1966/1/4281
f 5337/1/4284 5338/1/4285 1967/1/4286 1965/1/4280
f 5338/1/4285 5337/1/4284 1966/1/4281 1968/1/4287
f 5338/1/4285 5336/1/4283 1961/1/4270 1967/1/4286
f 5336/1/4283 5338/1/4285 1968/1/4287 1962/1/4271
f 5339/1/4288 5340/1/4289 1967/1/4286 1969/1/4290
f 5340/1/4289 5339/1/4288 1970/1/4291 1968/1/4287
f 5340/1/4289 5341/1/4292 1965/1/4280 1967/1/4286
f 5341/1/4292 5340/1/4289 1968/1/4287 1966/1/4281
f 5341/1/4292 5339/1/4288 1969/1/4290 1965/1/4280
f 5339/1/4288 5341/1/4292 1966/1/4281 1970/1/4291
f 5342/1/4293 5343/1/4294 1967/1/4286 1971/1/4295
f 5343/1/4294 5342/1/4293 1972/1/4296 1968/1/4287
f 5343/1/4294 5344/1/4297 1969/1/4290 1967/1/4286
f 5344/1/4297 5343/1/4294 1968/1/4287 1970/1/4291
f 5344/1/4297 5342/1/4293 1971/1/4295 1969/1/4290
f 5342/1/4293 5344/1/4297 1970/1/4291 1972/1/4296
f 5345/1/4298 5346/1/4299 1975/1/4300 1973/1/4301
f 5346/1/4299 5345/1/4298 1974/1/4302 1976/1/4303
f 5346/1/4299 5347/1/4304 1977/1/4305 1975/1/4300
f 5347/1/4304 5346/1/4299 1976/1/4303 1978/1/4306
f 5347/1/4304 5345/1/4298 1973/1/4301 1977/1/4305
f 5345/1/4298 5347/1/4304 1978/1/4306 1974/1/4302
f 5348/1/4307 5349/1/4308 1973/1/4301 1975/1/4300
f 5349/1/4308 5348/1/4307 1976/1/4303 1974/1/4302
f 5349/1/4308 5350/1/4309 1979/1/4310 1973/1/4301
f 5350/1/4309 5349/1/4308 1974/1/4302 1980/1/4311
f 5350/1/4309 5348/1/4307 1975/1/4300 1979/1/4310
f 5348/1/4307 5350/1/4309 1980/1/4311 1976/1/4303
f 5351/1/4312 5352/1/4313 1981/1/4314 1977/1/4305
f 5352/1/4313 5351/1/4312 1978/1/4306 1982/1/4315
f 5352/1/4313 5353/1/4316 1973/1/4301 1981/1/4314
f 5353/1/4316 5352/1/4313 1982/1/4315 1974/1/4302
f 5353/1/4316 5351/1/4312 1977/1/4305 1973/1/4301
f 5351/1/4312 5353/1/4316 1974/1/4302 1978/1/4306
f 5354/1/4317 5355/1/4318 1983/1/4319 1979/1/4310
f 5355/1/4318 5354/1/4317 1980/1/4311 1984/1/4320
f 5355/1/4318 5356/1/4321 1975/1/4300 1983/1/4319
f 5356/1/4321 5355/1/4318 1984/1/4320 1976/1/4303
f 5356/1/4321 5354/1/4317 1979/1/4310 1975/1/4300
f 5354/1/4317 5356/1/4321 1976/1/4303 1980/1/4311
f 5357/1/4322 5358/1/4323 1977/1/4305 1981/1/4314
f 5358/1/4323 5357/1/4322 1982/1/4315 1978/1/4306
f 5358/1/4323 5359/1/4324 1985/1/4325 1977/1/4305
f 5359/1/4324 5358/1/4323 1978/1/4306 1986/1/4326
f 5359/1/4324 5357/1/4322 1981/1/4314 1985/1/4325
f 5357/1/4322 5359/1/4324 1986/1/4326 1982/1/4315
f 5360/1/4327 5361/1/4328 1979/1/4310 1983/1/4319
f 5361/1/4328 5360/1/4327 1984/1/4320 1980/1/4311
f 5361/1/4328 5362/1/4329 1987/1/4330 1979/1/4310
f 5362/1/4329 5361/1/4328 1980/1/4311 1988/1/4331
f 5362/1/4329 5360/1/4327 1983/1/4319 1987/1/4330
f 5360/1/4327 5362/1/4329 1988/1/4331 1984/1/4320
f 5363/1/4332 5364/1/4333 1989/1/4334 1985/1/4325
f 5364/1/4333 5363/1/4332 1986/1/4326 1990/1/4335
f 5364/1/4333 5365/1/4336 1981/1/4314 1989/1/4334
f 5365/1/4336 5364/1/4333 1990/1/4335 1982/1/4315
f 5365/1/4336 5363/1/4332 1985/1/4325 1981/1/4314
f 5363/1/4332 5365/1/4336 1982/1/4315 1986/1/4326
f 5366/1/4337 5367/1/4338 1991/1/4339 1987/1/4330
f 5367/1/4338 5366/1/4337 1988/1/4331 1992/1/4340
f 5367/1/4338 5368/1/4341 1983/1/4319 1991/1/4339
f 5368/1/4341 5367/1/4338 1992/1/4340 1984/1/4320
f 5368/1/4341 5366/1/4337 1987/1/4330 1983/1/4319
f 5366/1/4337 5368/1/4341 1984/1/4320 1988/1/4331
f 5369/1/4342 5370/1/4343 1985/1/4325 1989/1/4334
f 5370/1/4343 5369/1/4342 1990/1/4335 1986/1/4326
f 5370/1/4343 5371/1/4344 1993/1/4345 1985/1/4325
f 5371/1/4344 5370/1/4343 1986/1/4326 1994/1/4346
f 5371/1/4344 5369/1/4342 1989/1/4334 1993/1/4345
f 5369/1/4342 5371/1/4344 1994/1/4346 1990/1/4335
f 5372/1/4347 5373/1/4348 1987/1/4330 1991/1/4339
f 5373/1/4348 5372/1/4347 1992/1/4340 1988/1/4331
f 5373/1/4348 5374/1/4349 1995/1/4350 1987/1/4330
f 5374/1/4349 5373/1/4348 1988/1/4331 1996/1/4351
f 5374/1/4349 5372/1/4347 1991/1/4339 1995/1/4350
f 5372/1/4347 5374/1/4349 1996/1/4351 1992/1/4340
f 5375/1/4352 5376/1/4353 1993/1/4345 1989/1/4334
f 5376/1/4353 5375/1/4352 1990/1/4335 1994/1/4346
f 5376/1/4353 5377/1/4354 1997/1/4355 1993/1/4345
f 5377/1/4354 5376/1/4353 1994/1/4346 1998/1/4356
f 5377/1/4354 5375/1/4352 1989/1/4334 1997/1/4355
f 5375/1/4352 5377/1/4354 1998/1/4356 1990/1/4335
f 5378/1/4357 5379/1/4358 1999/1/4359 1995/1/4350
f 5379/1/4358 5378/1/4357 1996/1/4351 2000/1/4360
f 5379/1/4358 5380/1/4361 1991/1/4339 1999/1/4359
f 5380/1/4361 5379/1/4358 2000/1/4360 1992/1/4340
f 5380/1/4361 5378/1/4357 1995/1/4350 1991/1/4339
f 5378/1/4357 5380/1/4361 1992/1/4340 1996/1/4351
f 5381/1/4362 5382/1/4363 1997/1/4355 2001/1/4364
f 5382/1/4363 5381/1/4362 2002/1/4365 1998/1/4356
f 5382/1/4363 5383/1/4366 1993/1/4345 1997/1/4355
f 5383/1/4366 5382/1/4363 1998/1/4356 1994/1/4346
f 5383/1/4366 5381/1/4362 2001/1/4364 1993/1/4345
f 5381/1/4362 5383/1/4366 1994/1/4346 2002/1/4365
f 5384/1/4367 5385/1/4368 1995/1/4350 1999/1/4359
f 5385/1/4368 5384/1/4367 2000/1/4360 1996/1/4351
f 5385/1/4368 5386/1/4369 2003/1/4370 1995/1/4350
f 5386/1/4369 5385/1/4368 1996/1/4351 2004/1/4371
f 5386/1/4369 5384/1/4367 1999/1/4359 2003/1/4370
f 5384/1/4367 5386/1/4369 2004/1/4371 2000/1/4360
f 5387/1/4372 5388/1/4373 2001/1/4364 1997/1/4355
f 5388/1/4373 5387/1/4372 1998/1/4356 2002/1/4365
f 5388/1/4373 5389/1/4374 2003/1/4370 2001/1/4364
f 5389/1/4374 5388/1/4373 2002/1/4365 2004/1/4371
f 5389/1/4374 5387/1/4372 1997/1/4355 2003/1/4370
f 5387/1/4372 5389/1/4374 2004/1/4371 1998/1/4356
f 5390/1/4375 5391/1/4376 2003/1/4370 1999/1/4359
f 5391/1/4376 5390/1/4375 2000/1/4360 2004/1/4371
f 5391/1/4376 5392/1/4377 2001/1/4364 2003/1/4370
f 5392/1/4377 5391/1/4376 2004/1/4371 2002/1/4365
f 5392/1/4377 5390/1/4375 1999/1/4359 2001/1/4364
f 5390/1/4375 5392/1/4377 2002/1/4365 2000/1/4360
f 5393/1/4378 5394/1/4379 2007/1/4380 2005/1/4381
f 5394/1/4379 5393/1/4378 2006/1/4382 2008/1/4383
f 5394/1/4379 5395/1/4384 2009/1/4385 2007/1/4380
f 5395/1/4384 5394/1/4379 2008/1/4383 2010/1/4386
f 5395/1/4384 5393/1/4378 2005/1/4381 2009/1/4385
f 5393/1/4378 5395/1/4384 2010/1/4386 2006/1/4382
f 5396/1/4387 5397/1/4388 2011/1/4389 2009/1/4385
f 5397/1/4388 5396/1/4387 2010/1/4386 2012/1/4390
f 5397/1/4388 5398/1/4391 2005/1/4381 2011/1/4389
f 5398/1/4391 5397/1/4388 2012/1/4390 2006/1/4382
f 5398/1/4391 5396/1/4387 2009/1/4385 2005/1/4381
f 5396/1/4387 5398/1/4391 2006/1/4382 2010/1/4386
f 5399/1/4392 5400/1/4393 2005/1/4381 2013/1/4394
f 5400/1/4393 5399/1/4392 2014/1/4395 2006/1/4382
f 5400/1/4393 5401/1/4396 2011/1/4389 2005/1/4381
f 5401/1/4396 5400/1/4393 2006/1/4382 2012/1/4390
f 5401/1/4396 5399/1/4392 2013/1/4394 2011/1/4389
f 5399/1/4392 5401/1/4396 2012/1/4390 2014/1/4395
f 5402/1/4397 5403/1/4398 2013/1/4394 2005/1/4381
f 5403/1/4398 5402/1/4397 2006/1/4382 2014/1/4395
f 5403/1/4398 5404/1/4399 2015/1/4400 2013/1/4394
f 5404/1/4399 5403/1/4398 2014/1/4395 2016/1/4401
f 5404/1/4399 5402/1/4397 2005/1/4381 2015/1/4400
f 5402/1/4397 5404/1/4399 2016/1/4401 2006/1/4382
f 5405/1/4402 5406/1/4403 2015/1/4400 2017/1/4404
f 5406/1/4403 5405/1/4402 2018/1/4405 2016/1/4401
f 5406/1/4403 5407/1/4406 2013/1/4394 2015/1/4400
f 5407/1/4406 5406/1/4403 2016/1/4401 2014/1/4395
f 5407/1/4406 5405/1/4402 2017/1/4404 2013/1/4394
f 5405/1/4402 5407/1/4406 2014/1/4395 2018/1/4405
f 5408/1/4407 5409/1/4408 2019/1/4409 2013/1/4394
f 5409/1/4408 5408/1/4407 2014/1/4395 2020/1/4410
f 5409/1/4408 5410/1/4411 2017/1/4404 2019/1/4409
f 5410/1/4411 5409/1/4408 2020/1/4410 2018/1/4405
f 5410/1/4411 5408/1/4407 2013/1/4394 2017/1/4404
f 5408/1/4407 5410/1/4411 2018/1/4405 2014/1/4395
f 5411/1/4412 5412/1/4413 2017/1/4404 2021/1/4414
f 5412/1/4413 5411/1/4412 2022/1/4415 2018/1/4405
f 5412/1/4413 5413/1/4416 2019/1/4409 2017/1/4404
f 5413/1/4416 5412/1/4413 2018/1/4405 2020/1/4410
f 5413/1/4416 5411/1/4412 2021/1/4414 2019/1/4409
f 5411/1/4412 5413/1/4416 2020/1/4410 2022/1/4415
f 5414/1/4417 5415/1/4418 2021/1/4414 2017/1/4404
f 5415/1/4418 5414/1/4417 2018/1/4405 2022/1/4415
f 5415/1/4418 5416/1/4419 2023/1/4420 2021/1/4414
f 5416/1/4419 5415/1/4418 2022/1/4415 2024/1/4421
f 5416/1/4419 5414/1/4417 2017/1/4404 2023/1/4420
f 5414/1/4417 5416/1/4419 2024/1/4421 2018/1/4405
f 5417/1/4422 5418/1/4423 2023/1/4420 2025/1/4424
f 5418/1/4423 5417/1/4422 2026/1/4425 2024/1/4421
f 5418/1/4423 5419/1/4426 2021/1/4414 2023/1/4420
f 5419/1/4426 5418/1/4423 2024/1/4421 2022/1/4415
f 5419/1/4426 5417/1/4422 2025/1/4424 2021/1/4414
f 5417/1/4422 5419/1/4426 2022/1/4415 2026/1/4425
f 5420/1/4427 5421/1/4428 2025/1/4424 2023/1/4420
f 5421/1/4428 5420/1/4427 2024/1/4421 2026/1/4425
f 5421/1/4428 5422/1/4429 2027/1/4430 2025/1/4424
f 5422/1/4429 5421/1/4428 2026/1/4425 2028/1/4431
f 5422/1/4429 5420/1/4427 2023/1/4420 2027/1/4430
f 5420/1/4427 5422/1/4429 2028/1/4431 2024/1/4421
f 5423/1/4432 5424/1/4433 2029/1/4434 2025/1/4424
f 5424/1/4433 5423/1/4432 2026/1/4425 2030/1/4435
f 5424/1/4433 5425/1/4436 2027/1/4430 2029/1/4434
f 5425/1/4436 5424/1/4433 2030/1/4435 2028/1/4431
f 5425/1/4436 5423/1/4432 2025/1/4424 2027/1/4430
f 5423/1/4432 5425/1/4436 2028/1/4431 2026/1/4425
f 5426/1/4437 5427/1/4438 2025/1/4424 2029/1/4434
f 5427/1/4438 5426/1/4437 2030/1/4435 2026/1/4425
f 5427/1/4438 5428/1/4439 2031/1/4440 2025/1/4424
f 5428/1/4439 5427/1/4438 2026/1/4425 2032/1/4441
f 5428/1/4439 5426/1/4437 2029/1/4434 2031/1/4440
f 5426/1/4437 5428/1/4439 2032/1/4441 2030/1/4435
f 5429/1/4442 5430/1/4443 2029/1/4434 2033/1/4444
f 5430/1/4443 5429/1/4442 2034/1/4445 2030/1/4435
f 5430/1/4443 5431/1/4446 2031/1/4440 2029/1/4434
f 5431/1/4446 5430/1/4443 2030/1/4435 2032/1/4441
f 5431/1/4446 5429/1/4442 2033/1/4444 2031/1/4440
f 5429/1/4442 5431/1/4446 2032/1/4441 2034/1/4445
f 5432/1/4447 5433/1/4448 2035/1/4449 2031/1/4440
f 5433/1/4448 5432/1/4447 2032/1/4441 2036/1/4450
f 5433/1/4448 5434/1/4451 2033/1/4444 2035/1/4449
f 5434/1/4451 5433/1/4448 2036/1/4450 2034/1/4445
f 5434/1/4451 5432/1/4447 2031/1/4440 2033/1/4444
f 5432/1/4447 5434/1/4451 2034/1/4445 2032/1/4441
f 5435/1/4452 5436/1/4453 2039/1/4454 2037/1/4455
f 5436/1/4453 5435/1/4452 2038/1/4456 2040/1/4457
f 5436/1/4453 5437/1/4458 2041/1/4459 2039/1/4454
f 5437/1/4458 5436/1/4453 2040/1/4457 2042/1/4460
f 5437/1/4458 5435/1/4452 2037/1/4455 2041/1/4459
f 5435/1/4452 5437/1/4458 2042/1/4460 2038/1/4456
f 5438/1/4461 5439/1/4462 2041/1/4459 2037/1/4455
f 5439/1/4462 5438/1/4461 2038/1/4456 2042/1/4460
f 5439/1/4462 5440/1/4463 2043/1/4464 2041/1/4459
f 5440/1/4463 5439/1/4462 2042/1/4460 2044/1/4465
f 5440/1/4463 5438/1/4461 2037/1/4455 2043/1/4464
f 5438/1/4461 5440/1/4463 2044/1/4465 2038/1/4456
f 5441/1/4466 5442/1/4467 2047/1/4468 2045/1/4469
f 5442/1/4467 5441/1/4466 2046/1/4470 2048/1/4471
f 5442/1/4467 5443/1/4472 2049/1/4473 2047/1/4468
f 5443/1/4472 5442/1/4467 2048/1/4471 2050/1/4474
f 5443/1/4472 5441/1/4466 2045/1/4469 2049/1/4473
f 5441/1/4466 5443/1/4472 2050/1/4474 2046/1/4470
f 5444/1/4475 5445/1/4476 2045/1/4469 2047/1/4468
f 5445/1/4476 5444/1/4475 2048/1/4471 2046/1/4470
f 5445/1/4476 5446/1/4477 2051/1/4478 2045/1/4469
f 5446/1/4477 5445/1/4476 2046/1/4470 2052/1/4479
f 5446/1/4477 5444/1/4475 2047/1/4468 2051/1/4478
f 5444/1/4475 5446/1/4477 2052/1/4479 2048/1/4471
f 5447/1/4480 5448/1/4481 2055/1/4482 2053/1/4483
f 5448/1/4481 5447/1/4480 2054/1/4484 2056/1/4485
f 5448/1/4481 5449/1/4486 2057/1/4487 2055/1/4482
f 5449/1/4486 5448/1/4481 2056/1/4485 2058/1/4488
f 5449/1/4486 5447/1/4480 2053/1/4483 2057/1/4487
f 5447/1/4480 5449/1/4486 2058/1/4488 2054/1/4484
f 5450/1/4489 5451/1/4490 2053/1/4483 2055/1/4482
f 5451/1/4490 5450/1/4489 2056/1/4485 2054/1/4484
f 5451/1/4490 5452/1/4491 2059/1/4492 2053/1/4483
f 5452/1/4491 5451/1/4490 2054/1/4484 2060/1/4493
f 5452/1/4491 5450/1/4489 2055/1/4482 2059/1/4492
f 5450/1/4489 5452/1/4491 2060/1/4493 2056/1/4485
f 5453/1/4494 5454/1/4495 2061/1/4496 2057/1/4487
f 5454/1/4495 5453/1/4494 2058/1/4488 2062/1/4497
f 5454/1/4495 5455/1/4498 2053/1/4483 2061/1/4496
f 5455/1/4498 5454/1/4495 2062/1/4497 2054/1/4484
f 5455/1/4498 5453/1/4494 2057/1/4487 2053/1/4483
f 5453/1/4494 5455/1/4498 2054/1/4484 2058/1/4488
f 5456/1/4499 5457/1/4500 2063/1/4501 2059/1/4492
f 5457/1/4500 5456/1/4499 2060/1/4493 2064/1/4502
f 5457/1/4500 5458/1/4503 2055/1/4482 2063/1/4501
f 5458/1/4503 5457/1/4500 2064/1/4502 2056/1/4485
f 5458/1/4503 5456/1/4499 2059/1/4492 2055/1/4482
f 5456/1/4499 5458/1/4503 2056/1/4485 2060/1/4493
f 5459/1/4504 5460/1/4505 2057/1/4487 2061/1/4496
f 5460/1/4505 5459/1/4504 2062/1/4497 2058/1/4488
f 5460/1/4505 5461/1/4506 2065/1/4507 2057/1/4487
f 5461/1/4506 5460/1/4505 2058/1/4488 2066/1/4508
f 5461/1/4506 5459/1/4504 2061/1/4496 2065/1/4507
f 5459/1/4504 5461/1/4506 2066/1/4508 2062/1/4497
f 5462/1/4509 5463/1/4510 2059/1/4492 2063/1/4501
f 5463/1/4510 5462/1/4509 2064/1/4502 2060/1/4493
f 5463/1/4510 5464/1/4511 2067/1/4512 2059/1/4492
f 5464/1/4511 5463/1/4510 2060/1/4493 2068/1/4513
f 5464/1/4511 5462/1/4509 2063/1/4501 2067/1/4512
f 5462/1/4509 5464/1/4511 2068/1/4513 2064/1/4502
f 5465/1/4514 5466/1/4515 2069/1/4516 2065/1/4507
f 5466/1/4515 5465/1/4514 2066/1/4508 2070/1/4517
f 5466/1/4515 5467/1/4518 2061/1/4496 2069/1/4516
f 5467/1/4518 5466/1/4515 2070/1/4517 2062/1/4497
f 5467/1/4518 5465/1/4514 2065/1/4507 2061/1/4496
f 5465/1/4514 5467/1/4518 2062/1/4497 2066/1/4508
f 5468/1/4519 5469/1/4520 2071/1/4521 2067/1/4512
f 5469/1/4520 5468/1/4519 2068/1/4513 2072/1/4522
f 5469/1/4520 5470/1/4523 2063/1/4501 2071/1/4521
f 5470/1/4523 5469/1/4520 2072/1/4522 2064/1/4502
f 5470/1/4523 5468/1/4519 2067/1/4512 2063/1/4501
f 5468/1/4519 5470/1/4523 2064/1/4502 2068/1/4513
f 5471/1/4524 5472/1/4525 2065/1/4507 2069/1/4516
f 5472/1/4525 5471/1/4524 2070/1/4517 2066/1/4508
f 5472/1/4525 5473/1/3146 2073/1/4526 2065/1/4507
f 5473/1/3146 5472/1/4525 2066/1/4508 2074/1/4527
f 5473/1/3146 5471/1/4524 2069/1/4516 2073/1/4526
f 5471/1/4524 5473/1/3146 2074/1/4527 2070/1/4517
f 5474/1/4528 5475/1/4529 2067/1/4512 2071/1/4521
f 5475/1/4529 5474/1/4528 2072/1/4522 2068/1/4513
f 5475/1/4529 5476/1/4349 2075/1/4530 2067/1/4512
f 5476/1/4349 5475/1/4529 2068/1/4513 2076/1/4531
f 5476/1/4349 5474/1/4528 2071/1/4521 2075/1/4530
f 5474/1/4528 5476/1/4349 2076/1/4531 2072/1/4522
f 5477/1/4532 5478/1/4533 2073/1/4526 2069/1/4516
f 5478/1/4533 5477/1/4532 2070/1/4517 2074/1/4527
f 5478/1/4533 5479/1/4534 2077/1/4535 2073/1/4526
f 5479/1/4534 5478/1/4533 2074/1/4527 2078/1/4536
f 5479/1/4534 5477/1/4532 2069/1/4516 2077/1/4535
f 5477/1/4532 5479/1/4534 2078/1/4536 2070/1/4517
f 5480/1/4537 5481/1/4538 2079/1/4539 2075/1/4530
f 5481/1/4538 5480/1/4537 2076/1/4531 2080/1/4540
f 5481/1/4538 5482/1/4541 2071/1/4521 2079/1/4539
f 5482/1/4541 5481/1/4538 2080/1/4540 2072/1/4522
f 5482/1/4541 5480/1/4537 2075/1/4530 2071/1/4521
f 5480/1/4537 5482/1/4541 2072/1/4522 2076/1/4531
f 5483/1/4542 5484/1/4543 2077/1/4535 2081/1/4544
f 5484/1/4543 5483/1/4542 2082/1/4545 2078/1/4536
f 5484/1/4543 5485/1/4546 2073/1/4526 2077/1/4535
f 5485/1/4546 5484/1/4543 2078/1/4536 2074/1/4527
f 5485/1/4546 5483/1/4542 2081/1/4544 2073/1/4526
f 5483/1/4542 5485/1/4546 2074/1/4527 2082/1/4545
f 5486/1/4547 5487/1/4548 2075/1/4530 2079/1/4539
f 5487/1/4548 5486/1/4547 2080/1/4540 2076/1/4531
f 5487/1/4548 5488/1/4549 2083/1/4550 2075/1/4530
f 5488/1/4549 5487/1/4548 2076/1/4531 2084/1/4551
f 5488/1/4549 5486/1/4547 2079/1/4539 2083/1/4550
f 5486/1/4547 5488/1/4549 2084/1/4551 2080/1/4540
f 5489/1/4552 5490/1/4553 2081/1/4544 2077/1/4535
f 5490/1/4553 5489/1/4552 2078/1/4536 2082/1/4545
f 5490/1/4553 5491/1/4554 2083/1/4550 2081/1/4544
f 5491/1/4554 5490/1/4553 2082/1/4545 2084/1/4551
f 5491/1/4554 5489/1/4552 2077/1/4535 2083/1/4550
f 5489/1/4552 5491/1/4554 2084/1/4551 2078/1/4536
f 5492/1/4375 5493/1/4555 2083/1/4550 2079/1/4539
f 5493/1/4555 5492/1/4375 2080/1/4540 2084/1/4551
f 5493/1/4555 5494/1/4556 2081/1/4544 2083/1/4550
f 5494/1/4556 5493/1/4555 2084/1/4551 2082/1/4545
f 5494/1/4556 5492/1/4375 2079/1/4539 2081/1/4544
f 5492/1/4375 5494/1/4556 2082/1/4545 2080/1/4540
f 5495/1/4557 5496/1/4558 2087/1/4559 2085/1/4560
f 5496/1/4558 5495/1/4557 2086/1/4561 2088/1/4562
f 5496/1/4558 5497/1/4563 2089/1/4564 2087/1/4559
f 5497/1/4563 5496/1/4558 2088/1/4562 2090/1/4565
f 5497/1/4563 5495/1/4557 2085/1/4560 2089/1/4564
f 5495/1/4557 5497/1/4563 2090/1/4565 2086/1/4561
f 5498/1/4566 5499/1/4567 2089/1/4564 2085/1/4560
f 5499/1/4567 5498/1/4566 2086/1/4561 2090/1/4565
f 5499/1/4567 5500/1/4568 2091/1/4569 2089/1/4564
f 5500/1/4568 5499/1/4567 2090/1/4565 2092/1/4570
f 5500/1/4568 5498/1/4566 2085/1/4560 2091/1/4569
f 5498/1/4566 5500/1/4568 2092/1/4570 2086/1/4561
f 5501/1/4571 5502/1/4572 2095/1/4573 2093/1/4574
f 5502/1/4572 5501/1/4571 2094/1/4575 2096/1/4576
f 5502/1/4572 5503/1/4577 2097/1/4578 2095/1/4573
f 5503/1/4577 5502/1/4572 2096/1/4576 2098/1/4579
f 5503/1/4577 5501/1/4571 2093/1/4574 2097/1/4578
f 5501/1/4571 5503/1/4577 2098/1/4579 2094/1/4575
f 5504/1/4580 5505/1/4581 2099/1/4582 2097/1/4578
f 5505/1/4581 5504/1/4580 2098/1/4579 2100/1/4583
f 5505/1/4581 5506/1/4584 2093/1/4574 2099/1/4582
f 5506/1/4584 5505/1/4581 2100/1/4583 2094/1/4575
f 5506/1/4584 5504/1/4580 2097/1/4578 2093/1/4574
f 5504/1/4580 5506/1/4584 2094/1/4575 2098/1/4579
f 5507/1/4511 5508/1/4585 2103/1/4586 2101/1/4587
f 5508/1/4585 5507/1/4511 2102/1/4588 2104/1/4589
f 5508/1/4585 5509/1/4590 2105/1/4591 2103/1/4586
f 5509/1/4590 5508/1/4585 2104/1/4589 2106/1/4592
f 5509/1/4590 5507/1/4511 2101/1/4587 2105/1/4591
f 5507/1/4511 5509/1/4590 2106/1/4592 2102/1/4588
f 5510/1/4593 5511/1/4594 2105/1/4591 2107/1/4595
f 5511/1/4594 5510/1/4593 2108/1/4596 2106/1/4592
f 5511/1/4594 5512/1/4597 2103/1/4586 2105/1/4591
f 5512/1/4597 5511/1/4594 2106/1/4592 2104/1/4589
f 5512/1/4597 5510/1/4593 2107/1/4595 2103/1/4586
f 5510/1/4593 5512/1/4597 2104/1/4589 2108/1/4596
f 5513/1/4598 5514/1/4599 2101/1/4587 2103/1/4586
f 5514/1/4599 5513/1/4598 2104/1/4589 2102/1/4588
f 5514/1/4599 5515/1/4600 2109/1/4601 2101/1/4587
f 5515/1/4600 5514/1/4599 2102/1/4588 2110/1/4602
f 5515/1/4600 5513/1/4598 2103/1/4586 2109/1/4601
f 5513/1/4598 5515/1/4600 2110/1/4602 2104/1/4589
f 5516/1/4603 5517/1/4604 2107/1/4595 2105/1/4591
f 5517/1/4604 5516/1/4603 2106/1/4592 2108/1/4596
f 5517/1/4604 5518/1/4605 2111/1/4606 2107/1/4595
f 5518/1/4605 5517/1/4604 2108/1/4596 2112/1/4607
f 5518/1/4605 5516/1/4603 2105/1/4591 2111/1/4606
f 5516/1/4603 5518/1/4605 2112/1/4607 2106/1/4592
f 5519/1/4608 5520/1/4609 2109/1/4601 2113/1/4610
f 5520/1/4609 5519/1/4608 2114/1/4611 2110/1/4602
f 5520/1/4609 5521/1/4612 2101/1/4587 2109/1/4601
f 5521/1/4612 5520/1/4609 2110/1/4602 2102/1/4588
f 5521/1/4612 5519/1/4608 2113/1/4610 2101/1/4587
f 5519/1/4608 5521/1/4612 2102/1/4588 2114/1/4611
f 5522/1/4613 5523/1/4614 2111/1/4606 2115/1/4615
f 5523/1/4614 5522/1/4613 2116/1/4616 2112/1/4607
f 5523/1/4614 5524/1/4617 2107/1/4595 2111/1/4606
f 5524/1/4617 5523/1/4614 2112/1/4607 2108/1/4596
f 5524/1/4617 5522/1/4613 2115/1/4615 2107/1/4595
f 5522/1/4613 5524/1/4617 2108/1/4596 2116/1/4616
f 5525/1/4618 5526/1/4619 2113/1/4610 2109/1/4601
f 5526/1/4619 5525/1/4618 2110/1/4602 2114/1/4611
f 5526/1/4619 5527/1/4620 2117/1/4621 2113/1/4610
f 5527/1/4620 5526/1/4619 2114/1/4611 2118/1/4622
f 5527/1/4620 5525/1/4618 2109/1/4601 2117/1/4621
f 5525/1/4618 5527/1/4620 2118/1/4622 2110/1/4602
f 5528/1/4498 5529/1/4623 2115/1/4615 2111/1/4606
f 5529/1/4623 5528/1/4498 2112/1/4607 2116/1/4616
f 5529/1/4623 5530/1/4624 2119/1/4625 2115/1/4615
f 5530/1/4624 5529/1/4623 2116/1/4616 2120/1/4626
f 5530/1/4624 5528/1/4498 2111/1/4606 2119/1/4625
f 5528/1/4498 5530/1/4624 2120/1/4626 2112/1/4607
f 5531/1/4627 5532/1/4628 2117/1/4621 2121/1/4629
f 5532/1/4628 5531/1/4627 2122/1/4630 2118/1/4622
f 5532/1/4628 5533/1/4631 2113/1/4610 2117/1/4621
f 5533/1/4631 5532/1/4628 2118/1/4622 2114/1/4611
f 5533/1/4631 5531/1/4627 2121/1/4629 2113/1/4610
f 5531/1/4627 5533/1/4631 2114/1/4611 2122/1/4630
f 5534/1/4632 5535/1/4633 2119/1/4625 2123/1/4634
f 5535/1/4633 5534/1/4632 2124/1/4635 2120/1/4626
f 5535/1/4633 5536/1/4636 2115/1/4615 2119/1/4625
f 5536/1/4636 5535/1/4633 2120/1/4626 2116/1/4616
f 5536/1/4636 5534/1/4632 2123/1/4634 2115/1/4615
f 5534/1/4632 5536/1/4636 2116/1/4616 2124/1/4635
f 5537/1/4637 5538/1/4638 2125/1/4639 2121/1/4629
f 5538/1/4638 5537/1/4637 2122/1/4630 2126/1/4640
f 5538/1/4638 5539/1/4641 2117/1/4621 2125/1/4639
f 5539/1/4641 5538/1/4638 2126/1/4640 2118/1/4622
f 5539/1/4641 5537/1/4637 2121/1/4629 2117/1/4621
f 5537/1/4637 5539/1/4641 2118/1/4622 2122/1/4630
f 5540/1/4642 5541/1/4643 2123/1/4634 2119/1/4625
f 5541/1/4643 5540/1/4642 2120/1/4626 2124/1/4635
f 5541/1/4643 5542/1/4644 2127/1/4645 2123/1/4634
f 5542/1/4644 5541/1/4643 2124/1/4635 2128/1/4646
f 5542/1/4644 5540/1/4642 2119/1/4625 2127/1/4645
f 5540/1/4642 5542/1/4644 2128/1/4646 2120/1/4626
f 5543/1/4647 5544/1/4648 2121/1/4629 2125/1/4639
f 5544/1/4648 5543/1/4647 2126/1/4640 2122/1/4630
f 5544/1/4648 5545/1/4649 2129/1/4650 2121/1/4629
f 5545/1/4649 5544/1/4648 2122/1/4630 2130/1/4651
f 5545/1/4649 5543/1/4647 2125/1/4639 2129/1/4650
f 5543/1/4647 5545/1/4649 2130/1/4651 2126/1/4640
f 5546/1/4344 5547/1/4652 2127/1/4645 2131/1/4653
f 5547/1/4652 5546/1/4344 2132/1/4654 2128/1/4646
f 5547/1/4652 5548/1/4655 2123/1/4634 2127/1/4645
f 5548/1/4655 5547/1/4652 2128/1/4646 2124/1/4635
f 5548/1/4655 5546/1/4344 2131/1/4653 2123/1/4634
f 5546/1/4344 5548/1/4655 2124/1/4635 2132/1/4654
f 5549/1/4656 5550/1/4657 2131/1/4653 2129/1/4650
f 5550/1/4657 5549/1/4656 2130/1/4651 2132/1/4654
f 5550/1/4657 5551/1/4658 2125/1/4639 2131/1/4653
f 5551/1/4658 5550/1/4657 2132/1/4654 2126/1/4640
f 5551/1/4658 5549/1/4656 2129/1/4650 2125/1/4639
f 5549/1/4656 5551/1/4658 2126/1/4640 2130/1/4651
f 5552/1/4659 5553/1/4660 2129/1/4650 2131/1/4653
f 5553/1/4660 5552/1/4659 2132/1/4654 2130/1/4651
f 5553/1/4660 5554/1/4661 2127/1/4645 2129/1/4650
f 5554/1/4661 5553/1/4660 2130/1/4651 2128/1/4646
f 5554/1/4661 5552/1/4659 2131/1/4653 2127/1/4645
f 5552/1/4659 5554/1/4661 2128/1/4646 2132/1/4654
f 5555/1/4662 5556/1/4663 2135/1/4664 2133/1/4665
f 5556/1/4663 5555/1/4662 2134/1/4666 2136/1/4667
f 5556/1/4663 5557/1/4668 2137/1/4669 2135/1/4664
f 5557/1/4668 5556/1/4663 2136/1/4667 2138/1/4670
f 5557/1/4668 5555/1/4662 2133/1/4665 2137/1/4669
f 5555/1/4662 5557/1/4668 2138/1/4670 2134/1/4666
f 5558/1/4671 5559/1/4672 2133/1/4665 2135/1/4664
f 5559/1/4672 5558/1/4671 2136/1/4667 2134/1/4666
f 5559/1/4672 5560/1/4673 2139/1/4674 2133/1/4665
f 5560/1/4673 5559/1/4672 2134/1/4666 2140/1/4675
f 5560/1/4673 5558/1/4671 2135/1/4664 2139/1/4674
f 5558/1/4671 5560/1/4673 2140/1/4675 2136/1/4667
f 5561/1/4676 5562/1/4677 2141/1/4678 2137/1/4669
f 5562/1/4677 5561/1/4676 2138/1/4670 2142/1/4679
f 5562/1/4677 5563/1/4680 2133/1/4665 2141/1/4678
f 5563/1/4680 5562/1/4677 2142/1/4679 2134/1/4666
f 5563/1/4680 5561/1/4676 2137/1/4669 2133/1/4665
f 5561/1/4676 5563/1/4680 2134/1/4666 2138/1/4670
f 5564/1/4681 5565/1/4682 2143/1/4683 2139/1/4674
f 5565/1/4682 5564/1/4681 2140/1/4675 2144/1/4684
f 5565/1/4682 5566/1/4685 2135/1/4664 2143/1/4683
f 5566/1/4685 5565/1/4682 2144/1/4684 2136/1/4667
f 5566/1/4685 5564/1/4681 2139/1/4674 2135/1/4664
f 5564/1/4681 5566/1/4685 2136/1/4667 2140/1/4675
f 5567/1/4686 5568/1/4687 2137/1/4669 2141/1/4678
f 5568/1/4687 5567/1/4686 2142/1/4679 2138/1/4670
f 5568/1/4687 5569/1/4688 2145/1/4689 2137/1/4669
f 5569/1/4688 5568/1/4687 2138/1/4670 2146/1/4690
f 5569/1/4688 5567/1/4686 2141/1/4678 2145/1/4689
f 5567/1/4686 5569/1/4688 2146/1/4690 2142/1/4679
f 5570/1/4691 5571/1/4692 2139/1/4674 2143/1/4683
f 5571/1/4692 5570/1/4691 2144/1/4684 2140/1/4675
f 5571/1/4692 5572/1/4693 2147/1/4694 2139/1/4674
f 5572/1/4693 5571/1/4692 2140/1/4675 2148/1/4695
f 5572/1/4693 5570/1/4691 2143/1/4683 2147/1/4694
f 5570/1/4691 5572/1/4693 2148/1/4695 2144/1/4684
f 5573/1/4696 5574/1/4697 2149/1/4698 2145/1/4689
f 5574/1/4697 5573/1/4696 2146/1/4690 2150/1/4699
f 5574/1/4697 5575/1/4700 2141/1/4678 2149/1/4698
f 5575/1/4700 5574/1/4697 2150/1/4699 2142/1/4679
f 5575/1/4700 5573/1/4696 2145/1/4689 2141/1/4678
f 5573/1/4696 5575/1/4700 2142/1/4679 2146/1/4690
f 5576/1/4701 5577/1/4702 2151/1/4703 2147/1/4694
f 5577/1/4702 5576/1/4701 2148/1/4695 2152/1/4704
f 5577/1/4702 5578/1/4705 2143/1/4683 2151/1/4703
f 5578/1/4705 5577/1/4702 2152/1/4704 2144/1/4684
f 5578/1/4705 5576/1/4701 2147/1/4694 2143/1/4683
f 5576/1/4701 5578/1/4705 2144/1/4684 2148/1/4695
f 5579/1/4706 5580/1/4707 2145/1/4689 2149/1/4698
f 5580/1/4707 5579/1/4706 2150/1/4699 2146/1/4690
f 5580/1/4707 5581/1/4708 2153/1/4709 2145/1/4689
f 5581/1/4708 5580/1/4707 2146/1/4690 2154/1/4710
f 5581/1/4708 5579/1/4706 2149/1/4698 2153/1/4709
f 5579/1/4706 5581/1/4708 2154/1/4710 2150/1/4699
f 5582/1/4711 5583/1/4712 2147/1/4694 2151/1/4703
f 5583/1/4712 5582/1/4711 2152/1/4704 2148/1/4695
f 5583/1/4712 5584/1/4713 2155/1/4714 2147/1/4694
f 5584/1/4713 5583/1/4712 2148/1/4695 2156/1/4715
f 5584/1/4713 5582/1/4711 2151/1/4703 2155/1/4714
f 5582/1/4711 5584/1/4713 2156/1/4715 2152/1/4704
f 5585/1/4716 5586/1/4717 2153/1/4709 2149/1/4698
f 5586/1/4717 5585/1/4716 2150/1/4699 2154/1/4710
f 5586/1/4717 5587/1/4718 2157/1/4719 2153/1/4709
f 5587/1/4718 5586/1/4717 2154/1/4710 2158/1/4720
f 5587/1/4718 5585/1/4716 2149/1/4698 2157/1/4719
f 5585/1/4716 5587/1/4718 2158/1/4720 2150/1/4699
f 5588/1/4721 5589/1/4722 2159/1/4723 2155/1/4714
f 5589/1/4722 5588/1/4721 2156/1/4715 2160/1/4724
f 5589/1/4722 5590/1/4725 2151/1/4703 2159/1/4723
f 5590/1/4725 5589/1/4722 2160/1/4724 2152/1/4704
f 5590/1/4725 5588/1/4721 2155/1/4714 2151/1/4703
f 5588/1/4721 5590/1/4725 2152/1/4704 2156/1/4715
f 5591/1/4726 5592/1/4727 2157/1/4719 2161/1/4728
f 5592/1/4727 5591/1/4726 2162/1/4729 2158/1/4720
f 5592/1/4727 5593/1/4730 2153/1/4709 2157/1/4719
f 5593/1/4730 5592/1/4727 2158/1/4720 2154/1/4710
f 5593/1/4730 5591/1/4726 2161/1/4728 2153/1/4709
f 5591/1/4726 5593/1/4730 2154/1/4710 2162/1/4729
f 5594/1/4731 5595/1/4732 2155/1/4714 2159/1/4723
f 5595/1/4732 5594/1/4731 2160/1/4724 2156/1/4715
f 5595/1/4732 5596/1/4733 2163/1/4734 2155/1/4714
f 5596/1/4733 5595/1/4732 2156/1/4715 2164/1/4735
f 5596/1/4733 5594/1/4731 2159/1/4723 2163/1/4734
f 5594/1/4731 5596/1/4733 2164/1/4735 2160/1/4724
f 5597/1/4736 5598/1/4737 2161/1/4728 2157/1/4719
f 5598/1/4737 5597/1/4736 2158/1/4720 2162/1/4729
f 5598/1/4737 5599/1/4738 2163/1/4734 2161/1/4728
f 5599/1/4738 5598/1/4737 2162/1/4729 2164/1/4735
f 5599/1/4738 5597/1/4736 2157/1/4719 2163/1/4734
f 5597/1/4736 5599/1/4738 2164/1/4735 2158/1/4720
f 5600/1/4739 5601/1/4740 2163/1/4734 2159/1/4723
f 5601/1/4740 5600/1/4739 2160/1/4724 2164/1/4735
f 5601/1/4740 5602/1/4741 2161/1/4728 2163/1/4734
f 5602/1/4741 5601/1/4740 2164/1/4735 2162/1/4729
f 5602/1/4741 5600/1/4739 2159/1/4723 2161/1/4728
f 5600/1/4739 5602/1/4741 2162/1/4729 2160/1/4724
f 5603/1/4742 5604/1/4743 2167/1/4744 2165/1/4745
f 5604/1/4743 5603/1/4742 2166/1/4746 2168/1/4747
f 5604/1/4743 5605/1/4748 2169/1/4749 2167/1/4744
f 5605/1/4748 5604/1/4743 2168/1/4747 2170/1/4750
f 5605/1/4748 5603/1/4742 2165/1/4745 2169/1/4749
f 5603/1/4742 5605/1/4748 2170/1/4750 2166/1/4746
f 5606/1/4751 5607/1/4752 2167/1/4744 2171/1/4753
f 5607/1/4752 5606/1/4751 2172/1/4754 2168/1/4747
f 5607/1/4752 5608/1/4755 2165/1/4745 2167/1/4744
f 5608/1/4755 5607/1/4752 2168/1/4747 2166/1/4746
f 5608/1/4755 5606/1/4751 2171/1/4753 2165/1/4745
f 5606/1/4751 5608/1/4755 2166/1/4746 2172/1/4754
f 5609/1/4756 5610/1/4757 2169/1/4749 2165/1/4745
f 5610/1/4757 5609/1/4756 2166/1/4746 2170/1/4750
f 5610/1/4757 5611/1/4758 2173/1/4759 2169/1/4749
f 5611/1/4758 5610/1/4757 2170/1/4750 2174/1/4760
f 5611/1/4758 5609/1/4756 2165/1/4745 2173/1/4759
f 5609/1/4756 5611/1/4758 2174/1/4760 2166/1/4746
f 5612/1/4761 5613/1/4762 2175/1/4763 2171/1/4753
f 5613/1/4762 5612/1/4761 2172/1/4754 2176/1/4764
f 5613/1/4762 5614/1/4765 2167/1/4744 2175/1/4763
f 5614/1/4765 5613/1/4762 2176/1/4764 2168/1/4747
f 5614/1/4765 5612/1/4761 2171/1/4753 2167/1/4744
f 5612/1/4761 5614/1/4765 2168/1/4747 2172/1/4754
f 5615/1/4766 5616/1/4767 2169/1/4749 2173/1/4759
f 5616/1/4767 5615/1/4766 2174/1/4760 2170/1/4750
f 5616/1/4767 5617/1/4768 2177/1/4769 2169/1/4749
f 5617/1/4768 5616/1/4767 2170/1/4750 2178/1/4770
f 5617/1/4768 5615/1/4766 2173/1/4759 2177/1/4769
f 5615/1/4766 5617/1/4768 2178/1/4770 2174/1/4760
f 5618/1/4771 5619/1/4772 2175/1/4763 2179/1/4773
f 5619/1/4772 5618/1/4771 2180/1/4774 2176/1/4764
f 5619/1/4772 5620/1/4775 2171/1/4753 2175/1/4763
f 5620/1/4775 5619/1/4772 2176/1/4764 2172/1/4754
f 5620/1/4775 5618/1/4771 2179/1/4773 2171/1/4753
f 5618/1/4771 5620/1/4775 2172/1/4754 2180/1/4774
f 5621/1/4776 5622/1/4777 2177/1/4769 2173/1/4759
f 5622/1/4777 5621/1/4776 2174/1/4760 2178/1/4770
f 5622/1/4777 5623/1/4778 2181/1/4779 2177/1/4769
f 5623/1/4778 5622/1/4777 2178/1/4770 2182/1/4780
f 5623/1/4778 5621/1/4776 2173/1/4759 2181/1/4779
f 5621/1/4776 5623/1/4778 2182/1/4780 2174/1/4760
f 5624/1/4781 5625/1/4782 2183/1/4783 2179/1/4773
f 5625/1/4782 5624/1/4781 2180/1/4774 2184/1/4784
f 5625/1/4782 5626/1/4785 2175/1/4763 2183/1/4783
f 5626/1/4785 5625/1/4782 2184/1/4784 2176/1/4764
f 5626/1/4785 5624/1/4781 2179/1/4773 2175/1/4763
f 5624/1/4781 5626/1/4785 2176/1/4764 2180/1/4774
f 5627/1/4786 5628/1/4787 2181/1/4779 2185/1/4788
f 5628/1/4787 5627/1/4786 2186/1/4789 2182/1/4780
f 5628/1/4787 5629/1/4790 2177/1/4769 2181/1/4779
f 5629/1/4790 5628/1/4787 2182/1/4780 2178/1/4770
f 5629/1/4790 5627/1/4786 2185/1/4788 2177/1/4769
f 5627/1/4786 5629/1/4790 2178/1/4770 2186/1/4789
f 5630/1/4791 5631/1/4792 2183/1/4783 2187/1/4793
f 5631/1/4792 5630/1/4791 2188/1/4794 2184/1/4784
f 5631/1/4792 5632/1/4795 2179/1/4773 2183/1/4783
f 5632/1/4795 5631/1/4792 2184/1/4784 2180/1/4774
f 5632/1/4795 5630/1/4791 2187/1/4793 2179/1/4773
f 5630/1/4791 5632/1/4795 2180/1/4774 2188/1/4794
f 5633/1/4796 5634/1/4797 2189/1/4798 2185/1/4788
f 5634/1/4797 5633/1/4796 2186/1/4789 2190/1/4799
f 5634/1/4797 5635/1/4800 2181/1/4779 2189/1/4798
f 5635/1/4800 5634/1/4797 2190/1/4799 2182/1/4780
f 5635/1/4800 5633/1/4796 2185/1/4788 2181/1/4779
f 5633/1/4796 5635/1/4800 2182/1/4780 2186/1/4789
f 5636/1/4801 5637/1/4802 2191/1/4803 2187/1/4793
f 5637/1/4802 5636/1/4801 2188/1/4794 2192/1/4804
f 5637/1/4802 5638/1/4805 2183/1/4783 2191/1/4803
f 5638/1/4805 5637/1/4802 2192/1/4804 2184/1/4784
f 5638/1/4805 5636/1/4801 2187/1/4793 2183/1/4783
f 5636/1/4801 5638/1/4805 2184/1/4784 2188/1/4794
f 5639/1/4806 5640/1/4807 2189/1/4798 2193/1/4808
f 5640/1/4807 5639/1/4806 2194/1/4809 2190/1/4799
f 5640/1/4807 5641/1/4810 2185/1/4788 2189/1/4798
f 5641/1/4810 5640/1/4807 2190/1/4799 2186/1/4789
f 5641/1/4810 5639/1/4806 2193/1/4808 2185/1/4788
f 5639/1/4806 5641/1/4810 2186/1/4789 2194/1/4809
f 5642/1/4811 5643/1/4812 2191/1/4803 2195/1/4813
f 5643/1/4812 5642/1/4811 2196/1/4814 2192/1/4804
f 5643/1/4812 5644/1/4815 2187/1/4793 2191/1/4803
f 5644/1/4815 5643/1/4812 2192/1/4804 2188/1/4794
f 5644/1/4815 5642/1/4811 2195/1/4813 2187/1/4793
f 5642/1/4811 5644/1/4815 2188/1/4794 2196/1/4814
f 5645/1/4816 5646/1/4817 2195/1/4813 2193/1/4808
f 5646/1/4817 5645/1/4816 2194/1/4809 2196/1/4814
f 5646/1/4817 5647/1/4818 2189/1/4798 2195/1/4813
f 5647/1/4818 5646/1/4817 2196/1/4814 2190/1/4799
f 5647/1/4818 5645/1/4816 2193/1/4808 2189/1/4798
f 5645/1/4816 5647/1/4818 2190/1/4799 2194/1/4809
f 5648/1/4819 5649/1/4820 2193/1/4808 2195/1/4813
f 5649/1/4820 5648/1/4819 2196/1/4814 2194/1/4809
f 5649/1/4820 5650/1/4821 2191/1/4803 2193/1/4808
f 5650/1/4821 5649/1/4820 2194/1/4809 2192/1/4804
f 5650/1/4821 5648/1/4819 2195/1/4813 2191/1/4803
f 5648/1/4819 5650/1/4821 2192/1/4804 2196/1/4814
f 5651/1/4822 5652/1/4823 2199/1/4824 2197/1/4825
f 5652/1/4823 5651/1/4822 2198/1/4826 2200/1/4827
f 5652/1/4823 5653/1/4828 2201/1/4829 2199/1/4824
f 5653/1/4828 5652/1/4823 2200/1/4827 2202/1/4830
f 5653/1/4828 5651/1/4822 2197/1/4825 2201/1/4829
f 5651/1/4822 5653/1/4828 2202/1/4830 2198/1/4826
f 5654/1/4831 5655/1/4832 2197/1/4825 2199/1/4824
f 5655/1/4832 5654/1/4831 2200/1/4827 2198/1/4826
f 5655/1/4832 5656/1/4833 2203/1/4834 2197/1/4825
f 5656/1/4833 5655/1/4832 2198/1/4826 2204/1/4835
f 5656/1/4833 5654/1/4831 2199/1/4824 2203/1/4834
f 5654/1/4831 5656/1/4833 2204/1/4835 2200/1/4827
f 5657/1/4836 5658/1/4837 2199/1/4824 2201/1/4829
f 5658/1/4837 5657/1/4836 2202/1/4830 2200/1/4827
f 5658/1/4837 5659/1/4838 2205/1/3645 2199/1/4824
f 5659/1/4838 5658/1/4837 2200/1/4827 2206/1/4839
f 5659/1/4838 5657/1/4836 2201/1/4829 2205/1/3645
f 5657/1/4836 5659/1/4838 2206/1/4839 2202/1/4830
f 5660/1/4840 5661/1/4841 2201/1/4829 2207/1/4842
f 5661/1/4841 5660/1/4840 2208/1/4843 2202/1/4830
f 5661/1/4841 5662/1/3652 2205/1/3645 2201/1/4829
f 5662/1/3652 5661/1/4841 2202/1/4830 2206/1/4839
f 5662/1/3652 5660/1/4840 2207/1/4842 2205/1/3645
f 5660/1/4840 5662/1/3652 2206/1/4839 2208/1/4843
f 5663/1/4844 5664/1/4845 2207/1/4842 2201/1/4829
f 5664/1/4845 5663/1/4844 2202/1/4830 2208/1/4843
f 5664/1/4845 5665/1/4846 2209/1/3656 2207/1/4842
f 5665/1/4846 5664/1/4845 2208/1/4843 2210/1/4847
f 5665/1/4846 5663/1/4844 2201/1/4829 2209/1/3656
f 5663/1/4844 5665/1/4846 2210/1/4847 2202/1/4830
f 5666/1/3680 5667/1/4848 2213/1/3682 2211/1/3683
f 5667/1/4848 5666/1/3680 2212/1/3684 2214/1/4849
f 5667/1/4848 5668/1/3686 2215/1/3687 2213/1/3682
f 5668/1/3686 5667/1/4848 2214/1/4849 2216/1/3688
f 5668/1/3686 5666/1/3680 2211/1/3683 2215/1/3687
f 5666/1/3680 5668/1/3686 2216/1/3688 2212/1/3684
f 5669/1/4850 5670/1/3690 2211/1/3683 2213/1/3682
f 5670/1/3690 5669/1/4850 2214/1/4849 2212/1/3684
f 5670/1/3690 5671/1/3691 2217/1/3692 2211/1/3683
f 5671/1/3691 5670/1/3690 2212/1/3684 2218/1/4851
f 5671/1/3691 5669/1/4850 2213/1/3682 2217/1/3692
f 5669/1/4850 5671/1/3691 2218/1/4851 2214/1/4849
f 5672/1/3505 5673/1/4852 2221/1/4853 2219/1/3503
f 5673/1/4852 5672/1/3505 2220/1/3504 2222/1/3485
f 5673/1/4852 5674/1/4854 2223/1/4855 2221/1/4853
f 5674/1/4854 5673/1/4852 2222/1/3485 2224/1/4856
f 5674/1/4854 5672/1/3505 2219/1/3503 2223/1/4855
f 5672/1/3505 5674/1/4854 2224/1/4856 2220/1/3504
f 5675/1/4857 5676/1/4858 2219/1/3503 2221/1/4853
f 5676/1/4858 5675/1/4857 2222/1/3485 2220/1/3504
f 5676/1/4858 5677/1/4859 2225/1/4860 2219/1/3503
f 5677/1/4859 5676/1/4858 2220/1/3504 2226/1/3493
f 5677/1/4859 5675/1/4857 2221/1/4853 2225/1/4860
f 5675/1/4857 5677/1/4859 2226/1/3493 2222/1/3485
f 5678/1/4861 5679/1/4862 2219/1/3503 2225/1/4860
f 5679/1/4862 5678/1/4861 2226/1/3493 2220/1/3504
f 5679/1/4862 5680/1/4863 2227/1/4864 2219/1/3503
f 5680/1/4863 5679/1/4862 2220/1/3504 2228/1/3514
f 5680/1/4863 5678/1/4861 2225/1/4860 2227/1/4864
f 5678/1/4861 5680/1/4863 2228/1/3514 2226/1/3493
f 5681/1/4865 5682/1/4866 2221/1/4853 2229/1/3483
f 5682/1/4866 5681/1/4865 2230/1/3486 2222/1/3485
f 5682/1/4866 5683/1/4867 2225/1/4860 2221/1/4853
f 5683/1/4867 5682/1/4866 2222/1/3485 2226/1/3493
f 5683/1/4867 5681/1/4865 2229/1/3483 2225/1/4860
f 5681/1/4865 5683/1/4867 2226/1/3493 2230/1/3486
f 5684/1/4868 5685/1/4869 2229/1/3483 2221/1/4853
f 5685/1/4869 5684/1/4868 2222/1/3485 2230/1/3486
f 5685/1/4869 5686/1/4870 2231/1/4871 2229/1/3483
f 5686/1/4870 5685/1/4869 2230/1/3486 2232/1/4872
f 5686/1/4870 5684/1/4868 2221/1/4853 2231/1/4871
f 5684/1/4868 5686/1/4870 2232/1/4872 2222/1/3485
f 5687/1/4873 5688/1/4874 2225/1/4860 2229/1/3483
f 5688/1/4874 5687/1/4873 2230/1/3486 2226/1/3493
f 5688/1/4874 5689/1/4875 2233/1/3498 2225/1/4860
f 5689/1/4875 5688/1/4874 2226/1/3493 2234/1/4876
f 5689/1/4875 5687/1/4873 2229/1/3483 2233/1/3498
f 5687/1/4873 5689/1/4875 2234/1/4876 2230/1/3486
f 5690/1/4877 5691/1/4878 2237/1/4879 2235/1/4880
f 5691/1/4878 5690/1/4877 2236/1/4881 2238/1/4882
f 5691/1/4878 5692/1/4883 2239/1/3787 2237/1/4879
f 5692/1/4883 5691/1/4878 2238/1/4882 2240/1/4884
f 5692/1/4883 5690/1/4877 2235/1/4880 2239/1/3787
f 5690/1/4877 5692/1/4883 2240/1/4884 2236/1/4881
f 5693/1/4885 5694/1/4886 2235/1/4880 2237/1/4879
f 5694/1/4886 5693/1/4885 2238/1/4882 2236/1/4881
f 5694/1/4886 5695/1/3783 2241/1/3777 2235/1/4880
f 5695/1/3783 5694/1/4886 2236/1/4881 2242/1/4887
f 5695/1/3783 5693/1/4885 2237/1/4879 2241/1/3777
f 5693/1/4885 5695/1/3783 2242/1/4887 2238/1/4882
f 5696/1/4888 5697/1/4889 2241/1/3777 2237/1/4879
f 5697/1/4889 5696/1/4888 2238/1/4882 2242/1/4887
f 5697/1/4889 5698/1/4890 2243/1/4891 2241/1/3777
f 5698/1/4890 5697/1/4889 2242/1/4887 2244/1/4892
f 5698/1/4890 5696/1/4888 2237/1/4879 2243/1/4891
f 5696/1/4888 5698/1/4890 2244/1/4892 2238/1/4882
f 5699/1/4893 5700/1/4894 2245/1/4895 2243/1/4891
f 5700/1/4894 5699/1/4893 2244/1/4892 2246/1/4896
f 5700/1/4894 5701/1/4897 2237/1/4879 2245/1/4895
f 5701/1/4897 5700/1/4894 2246/1/4896 2238/1/4882
f 5701/1/4897 5699/1/4893 2243/1/4891 2237/1/4879
f 5699/1/4893 5701/1/4897 2238/1/4882 2244/1/4892
f 5702/1/4898 5703/1/4899 2243/1/4891 2245/1/4895
f 5703/1/4899 5702/1/4898 2246/1/4896 2244/1/4892
f 5703/1/4899 5704/1/4900 2247/1/4901 2243/1/4891
f 5704/1/4900 5703/1/4899 2244/1/4892 2248/1/4902
f 5704/1/4900 5702/1/4898 2245/1/4895 2247/1/4901
f 5702/1/4898 5704/1/4900 2248/1/4902 2246/1/4896
f 5705/1/3789 5706/1/3790 2251/1/3791 2249/1/3792
f 5706/1/3790 5705/1/3789 2250/1/4903 2252/1/3794
f 5706/1/3790 5707/1/4904 2253/1/3796 2251/1/3791
f 5707/1/4904 5706/1/3790 2252/1/3794 2254/1/4905
f 5707/1/4904 5705/1/3789 2249/1/3792 2253/1/3796
f 5705/1/3789 5707/1/4904 2254/1/4905 2250/1/4903
f 5708/1/4906 5709/1/4907 2251/1/3791 2253/1/3796
f 5709/1/4907 5708/1/4906 2254/1/4905 2252/1/3794
f 5709/1/4907 5710/1/3800 2255/1/3801 2251/1/3791
f 5710/1/3800 5709/1/4907 2252/1/3794 2256/1/3802
f 5710/1/3800 5708/1/4906 2253/1/3796 2255/1/3801
f 5708/1/4906 5710/1/3800 2256/1/3802 2254/1/4905
f 5711/1/3572 5712/1/4908 2259/1/4909 2257/1/4910
f 5712/1/4908 5711/1/3572 2258/1/3558 2260/1/3557
f 5712/1/4908 5713/1/4911 2261/1/3575 2259/1/4909
f 5713/1/4911 5712/1/4908 2260/1/3557 2262/1/3576
f 5713/1/4911 5711/1/3572 2257/1/4910 2261/1/3575
f 5711/1/3572 5713/1/4911 2262/1/3576 2258/1/3558
f 5714/1/4912 5715/1/4913 2259/1/4909 2261/1/3575
f 5715/1/4913 5714/1/4912 2262/1/3576 2260/1/3557
f 5715/1/4913 5716/1/4914 2263/1/4915 2259/1/4909
f 5716/1/4914 5715/1/4913 2260/1/3557 2264/1/3580
f 5716/1/4914 5714/1/4912 2261/1/3575 2263/1/4915
f 5714/1/4912 5716/1/4914 2264/1/3580 2262/1/3576
f 5717/1/4916 5718/1/3583 2261/1/3575 2257/1/4910
f 5718/1/3583 5717/1/4916 2258/1/3558 2262/1/3576
f 5718/1/3583 5719/1/4917 2265/1/4918 2261/1/3575
f 5719/1/4917 5718/1/3583 2262/1/3576 2266/1/4919
f 5719/1/4917 5717/1/4916 2257/1/4910 2265/1/4918
f 5717/1/4916 5719/1/4917 2266/1/4919 2258/1/3558
f 5720/1/4920 5721/1/3559 2267/1/3560 2257/1/4910
f 5721/1/3559 5720/1/4920 2258/1/3558 2268/1/3561
f 5721/1/3559 5722/1/4921 2259/1/4909 2267/1/3560
f 5722/1/4921 5721/1/3559 2268/1/3561 2260/1/3557
f 5722/1/4921 5720/1/4920 2257/1/4910 2259/1/4909
f 5720/1/4920 5722/1/4921 2260/1/3557 2258/1/3558
f 5723/1/4922 5724/1/4923 2267/1/3560 2259/1/4909
f 5724/1/4923 5723/1/4922 2260/1/3557 2268/1/3561
f 5724/1/4923 5725/1/4924 2269/1/3570 2267/1/3560
f 5725/1/4924 5724/1/4923 2268/1/3561 2270/1/4925
f 5725/1/4924 5723/1/4922 2259/1/4909 2269/1/3570
f 5723/1/4922 5725/1/4924 2270/1/4925 2260/1/3557
f 5726/1/4926 5727/1/4927 2257/1/4910 2267/1/3560
f 5727/1/4927 5726/1/4926 2268/1/3561 2258/1/3558
f 5727/1/4927 5728/1/3601 2271/1/3565 2257/1/4910
f 5728/1/3601 5727/1/4927 2258/1/3558 2272/1/3566
f 5728/1/3601 5726/1/4926 2267/1/3560 2271/1/3565
f 5726/1/4926 5728/1/3601 2272/1/3566 2268/1/3561
f 5729/1/4928 5730/1/4929 2275/1/4930 2273/1/4931
f 5730/1/4929 5729/1/4928 2274/1/4932 2276/1/4933
f 5730/1/4929 5731/1/4934 2277/1/4935 2275/1/4930
f 5731/1/4934 5730/1/4929 2276/1/4933 2278/1/4936
f 5731/1/4934 5729/1/4928 2273/1/4931 2277/1/4935
f 5729/1/4928 5731/1/4934 2278/1/4936 2274/1/4932
f 5732/1/4937 5733/1/4938 2277/1/4935 2273/1/4931
f 5733/1/4938 5732/1/4937 2274/1/4932 2278/1/4936
f 5733/1/4938 5734/1/4939 2279/1/4940 2277/1/4935
f 5734/1/4939 5733/1/4938 2278/1/4936 2280/1/4941
f 5734/1/4939 5732/1/4937 2273/1/4931 2279/1/4940
f 5732/1/4937 5734/1/4939 2280/1/4941 2274/1/4932
f 5735/1/4942 5736/1/4943 2281/1/4944 2275/1/4930
f 5736/1/4943 5735/1/4942 2276/1/4933 2282/1/4945
f 5736/1/4943 5737/1/4946 2277/1/4935 2281/1/4944
f 5737/1/4946 5736/1/4943 2282/1/4945 2278/1/4936
f 5737/1/4946 5735/1/4942 2275/1/4930 2277/1/4935
f 5735/1/4942 5737/1/4946 2278/1/4936 2276/1/4933
f 5738/1/4947 5739/1/4948 2281/1/4944 2283/1/4949
f 5739/1/4948 5738/1/4947 2284/1/4950 2282/1/4945
f 5739/1/4948 5740/1/4951 2275/1/4930 2281/1/4944
f 5740/1/4951 5739/1/4948 2282/1/4945 2276/1/4933
f 5740/1/4951 5738/1/4947 2283/1/4949 2275/1/4930
f 5738/1/4947 5740/1/4951 2276/1/4933 2284/1/4950
f 5741/1/4952 5742/1/4953 2287/1/4954 2285/1/4955
f 5742/1/4953 5741/1/4952 2286/1/4956 2288/1/4957
f 5742/1/4953 5743/1/4958 2289/1/4959 2287/1/4954
f 5743/1/4958 5742/1/4953 2288/1/4957 2290/1/4960
f 5743/1/4958 5741/1/4952 2285/1/4955 2289/1/4959
f 5741/1/4952 5743/1/4958 2290/1/4960 2286/1/4956
f 5744/1/4961 5745/1/4962 2285/1/4955 2287/1/4954
f 5745/1/4962 5744/1/4961 2288/1/4957 2286/1/4956
f 5745/1/4962 5746/1/4963 2291/1/4964 2285/1/4955
f 5746/1/4963 5745/1/4962 2286/1/4956 2292/1/4965
f 5746/1/4963 5744/1/4961 2287/1/4954 2291/1/4964
f 5744/1/4961 5746/1/4963 2292/1/4965 2288/1/4957
f 5747/1/4966 5748/1/4967 2295/1/4968 2293/1/4969
f 5748/1/4967 5747/1/4966 2294/1/4970 2296/1/4971
f 5748/1/4967 5749/1/4972 2297/1/4973 2295/1/4968
f 5749/1/4972 5748/1/4967 2296/1/4971 2298/1/4974
f 5749/1/4972 5747/1/4966 2293/1/4969 2297/1/4973
f 5747/1/4966 5749/1/4972 2298/1/4974 2294/1/4970
f 5750/1/4975 5751/1/4976 2297/1/4973 2293/1/4969
f 5751/1/4976 5750/1/4975 2294/1/4970 2298/1/4974
f 5751/1/4976 5752/1/4977 2299/1/4978 2297/1/4973
f 5752/1/4977 5751/1/4976 2298/1/4974 2300/1/4979
f 5752/1/4977 5750/1/4975 2293/1/4969 2299/1/4978
f 5750/1/4975 5752/1/4977 2300/1/4979 2294/1/4970
f 5753/1/4980 5754/1/4981 2293/1/4969 2301/1/4982
f 5754/1/4981 5753/1/4980 2302/1/4983 2294/1/4970
f 5754/1/4981 5755/1/4984 2299/1/4978 2293/1/4969
f 5755/1/4984 5754/1/4981 2294/1/4970 2300/1/4979
f 5755/1/4984 5753/1/4980 2301/1/4982 2299/1/4978
f 5753/1/4980 5755/1/4984 2300/1/4979 2302/1/4983
f 5756/1/4985 5757/1/4986 2299/1/4978 2301/1/4982
f 5757/1/4986 5756/1/4985 2302/1/4983 2300/1/4979
f 5757/1/4986 5758/1/4987 2303/1/4988 2299/1/4978
f 5758/1/4987 5757/1/4986 2300/1/4979 2304/1/4989
f 5758/1/4987 5756/1/4985 2301/1/4982 2303/1/4988
f 5756/1/4985 5758/1/4987 2304/1/4989 2302/1/4983
f 5759/1/4990 5760/1/4991 2307/1/4992 2305/1/4993
f 5760/1/4991 5759/1/4990 2306/1/4994 2308/1/4995
f 5760/1/4991 5761/1/4996 2309/1/4997 2307/1/4992
f 5761/1/4996 5760/1/4991 2308/1/4995 2310/1/4998
f 5761/1/4996 5759/1/4990 2305/1/4993 2309/1/4997
f 5759/1/4990 5761/1/4996 2310/1/4998 2306/1/4994
f 5762/1/4999 5763/1/5000 2305/1/4993 2307/1/4992
f 5763/1/5000 5762/1/4999 2308/1/4995 2306/1/4994
f 5763/1/5000 5764/1/5001 2311/1/5002 2305/1/4993
f 5764/1/5001 5763/1/5000 2306/1/4994 2312/1/5003
f 5764/1/5001 5762/1/4999 2307/1/4992 2311/1/5002
f 5762/1/4999 5764/1/5001 2312/1/5003 2308/1/4995
f 5765/1/5004 5766/1/5005 2309/1/4997 2313/1/5006
f 5766/1/5005 5765/1/5004 2314/1/5007 2310/1/4998
f 5766/1/5005 5767/1/5008 2307/1/4992 2309/1/4997
f 5767/1/5008 5766/1/5005 2310/1/4998 2308/1/4995
f 5767/1/5008 5765/1/5004 2313/1/5006 2307/1/4992
f 5765/1/5004 5767/1/5008 2308/1/4995 2314/1/5007
f 5768/1/5009 5769/1/5010 2313/1/5006 2309/1/4997
f 5769/1/5010 5768/1/5009 2310/1/4998 2314/1/5007
f 5769/1/5010 5770/1/5011 2315/1/5012 2313/1/5006
f 5770/1/5011 5769/1/5010 2314/1/5007 2316/1/5013
f 5770/1/5011 5768/1/5009 2309/1/4997 2315/1/5012
f 5768/1/5009 5770/1/5011 2316/1/5013 2310/1/4998
f 5771/1/5014 5772/1/5015 2319/1/5016 2317/1/5017
f 5772/1/5015 5771/1/5014 2318/1/5018 2320/1/5019
f 5772/1/5015 5773/1/5020 2321/1/5021 2319/1/5016
f 5773/1/5020 5772/1/5015 2320/1/5019 2322/1/5022
f 5773/1/5020 5771/1/5014 2317/1/5017 2321/1/5021
f 5771/1/5014 5773/1/5020 2322/1/5022 2318/1/5018
f 5774/1/5023 5775/1/5024 2317/1/5017 2319/1/5016
f 5775/1/5024 5774/1/5023 2320/1/5019 2318/1/5018
f 5775/1/5024 5776/1/5025 2323/1/5026 2317/1/5017
f 5776/1/5025 5775/1/5024 2318/1/5018 2324/1/5027
f 5776/1/5025 5774/1/5023 2319/1/5016 2323/1/5026
f 5774/1/5023 5776/1/5025 2324/1/5027 2320/1/5019
f 5777/1/5028 5778/1/5029 2325/1/5030 2321/1/5021
f 5778/1/5029 5777/1/5028 2322/1/5022 2326/1/5031
f 5778/1/5029 5779/1/4498 2317/1/5017 2325/1/5030
f 5779/1/4498 5778/1/5029 2326/1/5031 2318/1/5018
f 5779/1/4498 5777/1/5028 2321/1/5021 2317/1/5017
f 5777/1/5028 5779/1/4498 2318/1/5018 2322/1/5022
f 5780/1/5032 5781/1/5033 2327/1/5034 2323/1/5026
f 5781/1/5033 5780/1/5032 2324/1/5027 2328/1/5035
f 5781/1/5033 5782/1/5036 2319/1/5016 2327/1/5034
f 5782/1/5036 5781/1/5033 2328/1/5035 2320/1/5019
f 5782/1/5036 5780/1/5032 2323/1/5026 2319/1/5016
f 5780/1/5032 5782/1/5036 2320/1/5019 2324/1/5027
f 5783/1/5037 5784/1/5038 2321/1/5021 2325/1/5030
f 5784/1/5038 5783/1/5037 2326/1/5031 2322/1/5022
f 5784/1/5038 5785/1/5039 2329/1/5040 2321/1/5021
f 5785/1/5039 5784/1/5038 2322/1/5022 2330/1/5041
f 5785/1/5039 5783/1/5037 2325/1/5030 2329/1/5040
f 5783/1/5037 5785/1/5039 2330/1/5041 2326/1/5031
f 5786/1/5042 5787/1/5043 2323/1/5026 2327/1/5034
f 5787/1/5043 5786/1/5042 2328/1/5035 2324/1/5027
f 5787/1/5043 5788/1/5044 2331/1/5045 2323/1/5026
f 5788/1/5044 5787/1/5043 2324/1/5027 2332/1/5046
f 5788/1/5044 5786/1/5042 2327/1/5034 2331/1/5045
f 5786/1/5042 5788/1/5044 2332/1/5046 2328/1/5035
f 5789/1/5047 5790/1/5048 2333/1/5049 2329/1/5040
f 5790/1/5048 5789/1/5047 2330/1/5041 2334/1/5050
f 5790/1/5048 5791/1/5051 2325/1/5030 2333/1/5049
f 5791/1/5051 5790/1/5048 2334/1/5050 2326/1/5031
f 5791/1/5051 5789/1/5047 2329/1/5040 2325/1/5030
f 5789/1/5047 5791/1/5051 2326/1/5031 2330/1/5041
f 5792/1/5052 5793/1/5053 2335/1/5054 2331/1/5045
f 5793/1/5053 5792/1/5052 2332/1/5046 2336/1/5055
f 5793/1/5053 5794/1/5056 2327/1/5034 2335/1/5054
f 5794/1/5056 5793/1/5053 2336/1/5055 2328/1/5035
f 5794/1/5056 5792/1/5052 2331/1/5045 2327/1/5034
f 5792/1/5052 5794/1/5056 2328/1/5035 2332/1/5046
f 5795/1/5057 5796/1/5058 2329/1/5040 2333/1/5049
f 5796/1/5058 5795/1/5057 2334/1/5050 2330/1/5041
f 5796/1/5058 5797/1/5059 2337/1/5060 2329/1/5040
f 5797/1/5059 5796/1/5058 2330/1/5041 2338/1/5061
f 5797/1/5059 5795/1/5057 2333/1/5049 2337/1/5060
f 5795/1/5057 5797/1/5059 2338/1/5061 2334/1/5050
f 5798/1/5062 5799/1/5063 2331/1/5045 2335/1/5054
f 5799/1/5063 5798/1/5062 2336/1/5055 2332/1/5046
f 5799/1/5063 5800/1/5064 2339/1/5065 2331/1/5045
f 5800/1/5064 5799/1/5063 2332/1/5046 2340/1/5066
f 5800/1/5064 5798/1/5062 2335/1/5054 2339/1/5065
f 5798/1/5062 5800/1/5064 2340/1/5066 2336/1/5055
f 5801/1/5067 5802/1/5068 2337/1/5060 2333/1/5049
f 5802/1/5068 5801/1/5067 2334/1/5050 2338/1/5061
f 5802/1/5068 5803/1/5069 2341/1/5070 2337/1/5060
f 5803/1/5069 5802/1/5068 2338/1/5061 2342/1/5071
f 5803/1/5069 5801/1/5067 2333/1/5049 2341/1/5070
f 5801/1/5067 5803/1/5069 2342/1/5071 2334/1/5050
f 5804/1/5072 5805/1/5073 2343/1/5074 2339/1/5065
f 5805/1/5073 5804/1/5072 2340/1/5066 2344/1/5075
f 5805/1/5073 5806/1/5076 2335/1/5054 2343/1/5074
f 5806/1/5076 5805/1/5073 2344/1/5075 2336/1/5055
f 5806/1/5076 5804/1/5072 2339/1/5065 2335/1/5054
f 5804/1/5072 5806/1/5076 2336/1/5055 2340/1/5066
f 5807/1/4542 5808/1/5077 2341/1/5070 2345/1/5078
f 5808/1/5077 5807/1/4542 2346/1/5079 2342/1/5071
f 5808/1/5077 5809/1/5080 2337/1/5060 2341/1/5070
f 5809/1/5080 5808/1/5077 2342/1/5071 2338/1/5061
f 5809/1/5080 5807/1/4542 2345/1/5078 2337/1/5060
f 5807/1/4542 5809/1/5080 2338/1/5061 2346/1/5079
f 5810/1/5081 5811/1/5082 2339/1/5065 2343/1/5074
f 5811/1/5082 5810/1/5081 2344/1/5075 2340/1/5066
f 5811/1/5082 5812/1/5083 2347/1/5084 2339/1/5065
f 5812/1/5083 5811/1/5082 2340/1/5066 2348/1/5085
f 5812/1/5083 5810/1/5081 2343/1/5074 2347/1/5084
f 5810/1/5081 5812/1/5083 2348/1/5085 2344/1/5075
f 5813/1/5086 5814/1/5087 2345/1/5078 2341/1/5070
f 5814/1/5087 5813/1/5086 2342/1/5071 2346/1/5079
f 5814/1/5087 5815/1/5088 2347/1/5084 2345/1/5078
f 5815/1/5088 5814/1/5087 2346/1/5079 2348/1/5085
f 5815/1/5088 5813/1/5086 2341/1/5070 2347/1/5084
f 5813/1/5086 5815/1/5088 2348/1/5085 2342/1/5071
f 5816/1/5089 5817/1/5090 2347/1/5084 2343/1/5074
f 5817/1/5090 5816/1/5089 2344/1/5075 2348/1/5085
f 5817/1/5090 5818/1/5091 2345/1/5078 2347/1/5084
f 5818/1/5091 5817/1/5090 2348/1/5085 2346/1/5079
f 5818/1/5091 5816/1/5089 2343/1/5074 2345/1/5078
f 5816/1/5089 5818/1/5091 2346/1/5079 2344/1/5075
f 5819/1/5092 5820/1/5093 2351/1/5094 2349/1/5095
f 5820/1/5093 5819/1/5092 2350/1/5096 2352/1/5097
f 5820/1/5093 5821/1/5098 2353/1/5099 2351/1/5094
f 5821/1/5098 5820/1/5093 2352/1/5097 2354/1/5100
f 5821/1/5098 5819/1/5092 2349/1/5095 2353/1/5099
f 5819/1/5092 5821/1/5098 2354/1/5100 2350/1/5096
f 5822/1/5101 5823/1/5102 2349/1/5095 2351/1/5094
f 5823/1/5102 5822/1/5101 2352/1/5097 2350/1/5096
f 5823/1/5102 5824/1/5103 2355/1/5104 2349/1/5095
f 5824/1/5103 5823/1/5102 2350/1/5096 2356/1/5105
f 5824/1/5103 5822/1/5101 2351/1/5094 2355/1/5104
f 5822/1/5101 5824/1/5103 2356/1/5105 2352/1/5097
f 5825/1/5106 5826/1/5107 2353/1/5099 2357/1/5108
f 5826/1/5107 5825/1/5106 2358/1/5109 2354/1/5100
f 5826/1/5107 5827/1/5110 2351/1/5094 2353/1/5099
f 5827/1/5110 5826/1/5107 2354/1/5100 2352/1/5097
f 5827/1/5110 5825/1/5106 2357/1/5108 2351/1/5094
f 5825/1/5106 5827/1/5110 2352/1/5097 2358/1/5109
f 5828/1/5111 5829/1/5112 2355/1/5104 2359/1/5113
f 5829/1/5112 5828/1/5111 2360/1/5114 2356/1/5105
f 5829/1/5112 5830/1/5115 2349/1/5095 2355/1/5104
f 5830/1/5115 5829/1/5112 2356/1/5105 2350/1/5096
f 5830/1/5115 5828/1/5111 2359/1/5113 2349/1/5095
f 5828/1/5111 5830/1/5115 2350/1/5096 2360/1/5114
f 5831/1/5116 5832/1/5117 2357/1/5108 2353/1/5099
f 5832/1/5117 5831/1/5116 2354/1/5100 2358/1/5109
f 5832/1/5117 5833/1/5118 2361/1/5119 2357/1/5108
f 5833/1/5118 5832/1/5117 2358/1/5109 2362/1/5120
f 5833/1/5118 5831/1/5116 2353/1/5099 2361/1/5119
f 5831/1/5116 5833/1/5118 2362/1/5120 2354/1/5100
f 5834/1/5121 5835/1/5122 2359/1/5113 2355/1/5104
f 5835/1/5122 5834/1/5121 2356/1/5105 2360/1/5114
f 5835/1/5122 5836/1/5123 2363/1/5124 2359/1/5113
f 5836/1/5123 5835/1/5122 2360/1/5114 2364/1/5125
f 5836/1/5123 5834/1/5121 2355/1/5104 2363/1/5124
f 5834/1/5121 5836/1/5123 2364/1/5125 2356/1/5105
f 5837/1/5126 5838/1/5127 2357/1/5108 2361/1/5119
f 5838/1/5127 5837/1/5126 2362/1/5120 2358/1/5109
f 5838/1/5127 5839/1/5128 2365/1/5129 2357/1/5108
f 5839/1/5128 5838/1/5127 2358/1/5109 2366/1/5130
f 5839/1/5128 5837/1/5126 2361/1/5119 2365/1/5129
f 5837/1/5126 5839/1/5128 2366/1/5130 2362/1/5120
f 5840/1/5131 5841/1/5132 2363/1/5124 2367/1/5133
f 5841/1/5132 5840/1/5131 2368/1/5134 2364/1/5125
f 5841/1/5132 5842/1/5135 2359/1/5113 2363/1/5124
f 5842/1/5135 5841/1/5132 2364/1/5125 2360/1/5114
f 5842/1/5135 5840/1/5131 2367/1/5133 2359/1/5113
f 5840/1/5131 5842/1/5135 2360/1/5114 2368/1/5134
f 5843/1/5136 5844/1/5137 2357/1/5108 2365/1/5129
f 5844/1/5137 5843/1/5136 2366/1/5130 2358/1/5109
f 5844/1/5137 5845/1/5138 2369/1/5139 2357/1/5108
f 5845/1/5138 5844/1/5137 2358/1/5109 2370/1/5140
f 5845/1/5138 5843/1/5136 2365/1/5129 2369/1/5139
f 5843/1/5136 5845/1/5138 2370/1/5140 2366/1/5130
f 5846/1/5141 5847/1/5142 2365/1/5129 2371/1/5143
f 5847/1/5142 5846/1/5141 2372/1/5144 2366/1/5130
f 5847/1/5142 5848/1/5145 2369/1/5139 2365/1/5129
f 5848/1/5145 5847/1/5142 2366/1/5130 2370/1/5140
f 5848/1/5145 5846/1/5141 2371/1/5143 2369/1/5139
f 5846/1/5141 5848/1/5145 2370/1/5140 2372/1/5144
f 5849/1/5146 5850/1/5147 2369/1/5139 2371/1/5143
f 5850/1/5147 5849/1/5146 2372/1/5144 2370/1/5140
f 5850/1/5147 5851/1/5148 2373/1/5149 2369/1/5139
f 5851/1/5148 5850/1/5147 2370/1/5140 2374/1/5150
f 5851/1/5148 5849/1/5146 2371/1/5143 2373/1/5149
f 5849/1/5146 5851/1/5148 2374/1/5150 2372/1/5144
f 5852/1/5151 5853/1/5152 2367/1/5133 2363/1/5124
f 5853/1/5152 5852/1/5151 2364/1/5125 2368/1/5134
f 5853/1/5152 5854/1/5153 2375/1/5154 2367/1/5133
f 5854/1/5153 5853/1/5152 2368/1/5134 2376/1/5155
f 5854/1/5153 5852/1/5151 2363/1/5124 2375/1/5154
f 5852/1/5151 5854/1/5153 2376/1/5155 2364/1/5125
f 5855/1/5156 5856/1/5157 2377/1/5158 2367/1/5133
f 5856/1/5157 5855/1/5156 2368/1/5134 2378/1/5159
f 5856/1/5157 5857/1/5160 2375/1/5154 2377/1/5158
f 5857/1/5160 5856/1/5157 2378/1/5159 2376/1/5155
f 5857/1/5160 5855/1/5156 2367/1/5133 2375/1/5154
f 5855/1/5156 5857/1/5160 2376/1/5155 2368/1/5134
f 5858/1/5161 5859/1/5162 2379/1/5163 2367/1/5133
f 5859/1/5162 5858/1/5161 2368/1/5134 2380/1/5164
f 5859/1/5162 5860/1/5165 2377/1/5158 2379/1/5163
f 5860/1/5165 5859/1/5162 2380/1/5164 2378/1/5159
f 5860/1/5165 5858/1/5161 2367/1/5133 2377/1/5158
f 5858/1/5161 5860/1/5165 2378/1/5159 2368/1/5134
f 5861/1/5166 5862/1/5167 2383/1/5168 2381/1/5169
f 5862/1/5167 5861/1/5166 2382/1/5170 2384/1/5171
f 5862/1/5167 5863/1/5172 2385/1/5173 2383/1/5168
f 5863/1/5172 5862/1/5167 2384/1/5171 2386/1/5174
f 5863/1/5172 5861/1/5166 2381/1/5169 2385/1/5173
f 5861/1/5166 5863/1/5172 2386/1/5174 2382/1/5170
f 5864/1/5175 5865/1/5176 2381/1/5169 2383/1/5168
f 5865/1/5176 5864/1/5175 2384/1/5171 2382/1/5170
f 5865/1/5176 5866/1/5177 2387/1/5178 2381/1/5169
f 5866/1/5177 5865/1/5176 2382/1/5170 2388/1/5179
f 5866/1/5177 5864/1/5175 2383/1/5168 2387/1/5178
f 5864/1/5175 5866/1/5177 2388/1/5179 2384/1/5171
f 5867/1/5180 5868/1/5181 2391/1/5182 2389/1/5183
f 5868/1/5181 5867/1/5180 2390/1/5184 2392/1/5185
f 5868/1/5181 5869/1/5186 2393/1/5187 2391/1/5182
f 5869/1/5186 5868/1/5181 2392/1/5185 2394/1/5188
f 5869/1/5186 5867/1/5180 2389/1/5183 2393/1/5187
f 5867/1/5180 5869/1/5186 2394/1/5188 2390/1/5184
f 5870/1/5189 5871/1/5190 2389/1/5183 2391/1/5182
f 5871/1/5190 5870/1/5189 2392/1/5185 2390/1/5184
f 5871/1/5190 5872/1/5191 2395/1/5192 2389/1/5183
f 5872/1/5191 5871/1/5190 2390/1/5184 2396/1/5193
f 5872/1/5191 5870/1/5189 2391/1/5182 2395/1/5192
f 5870/1/5189 5872/1/5191 2396/1/5193 2392/1/5185
f 5873/1/5194 5874/1/5195 2393/1/5187 2397/1/5196
f 5874/1/5195 5873/1/5194 2398/1/5197 2394/1/5188
f 5874/1/5195 5875/1/5198 2391/1/5182 2393/1/5187
f 5875/1/5198 5874/1/5195 2394/1/5188 2392/1/5185
f 5875/1/5198 5873/1/5194 2397/1/5196 2391/1/5182
f 5873/1/5194 5875/1/5198 2392/1/5185 2398/1/5197
f 5876/1/5199 5877/1/5200 2397/1/5196 2393/1/5187
f 5877/1/5200 5876/1/5199 2394/1/5188 2398/1/5197
f 5877/1/5200 5878/1/5201 2399/1/5202 2397/1/5196
f 5878/1/5201 5877/1/5200 2398/1/5197 2400/1/5203
f 5878/1/5201 5876/1/5199 2393/1/5187 2399/1/5202
f 5876/1/5199 5878/1/5201 2400/1/5203 2394/1/5188
f 5879/1/5204 5880/1/5205 2401/1/5206 2397/1/5196
f 5880/1/5205 5879/1/5204 2398/1/5197 2402/1/5207
f 5880/1/5205 5881/1/5208 2399/1/5202 2401/1/5206
f 5881/1/5208 5880/1/5205 2402/1/5207 2400/1/5203
f 5881/1/5208 5879/1/5204 2397/1/5196 2399/1/5202
f 5879/1/5204 5881/1/5208 2400/1/5203 2398/1/5197
f 5882/1/5209 5883/1/5210 2403/1/5211 2397/1/5196
f 5883/1/5210 5882/1/5209 2398/1/5197 2404/1/5212
f 5883/1/5210 5884/1/5213 2401/1/5206 2403/1/5211
f 5884/1/5213 5883/1/5210 2404/1/5212 2402/1/5207
f 5884/1/5213 5882/1/5209 2397/1/5196 2401/1/5206
f 5882/1/5209 5884/1/5213 2402/1/5207 2398/1/5197
f 5885/1/5214 5886/1/5215 2401/1/5206 2405/1/5216
f 5886/1/5215 5885/1/5214 2406/1/5217 2402/1/5207
f 5886/1/5215 5887/1/5218 2403/1/5211 2401/1/5206
f 5887/1/5218 5886/1/5215 2402/1/5207 2404/1/5212
f 5887/1/5218 5885/1/5214 2405/1/5216 2403/1/5211
f 5885/1/5214 5887/1/5218 2404/1/5212 2406/1/5217
f 5888/1/5219 5889/1/5220 2405/1/5216 2401/1/5206
f 5889/1/5220 5888/1/5219 2402/1/5207 2406/1/5217
f 5889/1/5220 5890/1/5221 2407/1/5222 2405/1/5216
f 5890/1/5221 5889/1/5220 2406/1/5217 2408/1/5223
f 5890/1/5221 5888/1/5219 2401/1/5206 2407/1/5222
f 5888/1/5219 5890/1/5221 2408/1/5223 2402/1/5207
f 5891/1/5224 5892/1/5225 2407/1/5222 2409/1/5226
f 5892/1/5225 5891/1/5224 2410/1/5227 2408/1/5223
f 5892/1/5225 5893/1/5228 2405/1/5216 2407/1/5222
f 5893/1/5228 5892/1/5225 2408/1/5223 2406/1/5217
f 5893/1/5228 5891/1/5224 2409/1/5226 2405/1/5216
f 5891/1/5224 5893/1/5228 2406/1/5217 2410/1/5227
f 5894/1/5229 5895/1/5230 2405/1/5216 2409/1/5226
f 5895/1/5230 5894/1/5229 2410/1/5227 2406/1/5217
f 5895/1/5230 5896/1/5231 2411/1/5232 2405/1/5216
f 5896/1/5231 5895/1/5230 2406/1/5217 2412/1/5233
f 5896/1/5231 5894/1/5229 2409/1/5226 2411/1/5232
f 5894/1/5229 5896/1/5231 2412/1/5233 2410/1/5227
f 5897/1/5234 5898/1/5235 2409/1/5226 2413/1/5236
f 5898/1/5235 5897/1/5234 2414/1/5237 2410/1/5227
f 5898/1/5235 5899/1/5238 2411/1/5232 2409/1/5226
f 5899/1/5238 5898/1/5235 2410/1/5227 2412/1/5233
f 5899/1/5238 5897/1/5234 2413/1/5236 2411/1/5232
f 5897/1/5234 5899/1/5238 2412/1/5233 2414/1/5237
f 5900/1/5239 5901/1/5240 2411/1/5232 2413/1/5236
f 5901/1/5240 5900/1/5239 2414/1/5237 2412/1/5233
f 5901/1/5240 5902/1/5241 2415/1/5242 2411/1/5232
f 5902/1/5241 5901/1/5240 2412/1/5233 2416/1/5243
f 5902/1/5241 5900/1/5239 2413/1/5236 2415/1/5242
f 5900/1/5239 5902/1/5241 2416/1/5243 2414/1/5237
f 5903/1/5244 5904/1/5245 2413/1/5236 2417/1/5246
f 5904/1/5245 5903/1/5244 2418/1/5247 2414/1/5237
f 5904/1/5245 5905/1/5248 2415/1/5242 2413/1/5236
f 5905/1/5248 5904/1/5245 2414/1/5237 2416/1/5243
f 5905/1/5248 5903/1/5244 2417/1/5246 2415/1/5242
f 5903/1/5244 5905/1/5248 2416/1/5243 2418/1/5247
f 5906/1/5249 5907/1/5250 2417/1/5246 2413/1/5236
f 5907/1/5250 5906/1/5249 2414/1/5237 2418/1/5247
f 5907/1/5250 5908/1/5251 2419/1/5252 2417/1/5246
f 5908/1/5251 5907/1/5250 2418/1/5247 2420/1/5253
f 5908/1/5251 5906/1/5249 2413/1/5236 2419/1/5252
f 5906/1/5249 5908/1/5251 2420/1/5253 2414/1/5237
f 5909/1/5254 5910/1/5255 2419/1/5252 2421/1/5256
f 5910/1/5255 5909/1/5254 2422/1/5257 2420/1/5253
f 5910/1/5255 5911/1/5258 2417/1/5246 2419/1/5252
f 5911/1/5258 5910/1/5255 2420/1/5253 2418/1/5247
f 5911/1/5258 5909/1/5254 2421/1/5256 2417/1/5246
f 5909/1/5254 5911/1/5258 2418/1/5247 2422/1/5257
f 5912/1/5259 5913/1/5260 2423/1/5261 2417/1/5246
f 5913/1/5260 5912/1/5259 2418/1/5247 2424/1/5262
f 5913/1/5260 5914/1/5263 2421/1/5256 2423/1/5261
f 5914/1/5263 5913/1/5260 2424/1/5262 2422/1/5257
f 5914/1/5263 5912/1/5259 2417/1/5246 2421/1/5256
f 5912/1/5259 5914/1/5263 2422/1/5257 2418/1/5247
f 5915/1/5264 5916/1/5265 2425/1/5266 2423/1/5261
f 5916/1/5265 5915/1/5264 2424/1/5262 2426/1/5267
f 5916/1/5265 5917/1/5268 2421/1/5256 2425/1/5266
f 5917/1/5268 5916/1/5265 2426/1/5267 2422/1/5257
f 5917/1/5268 5915/1/5264 2423/1/5261 2421/1/5256
f 5915/1/5264 5917/1/5268 2422/1/5257 2424/1/5262
f 5918/1/5269 5919/1/5270 2423/1/5261 2425/1/5266
f 5919/1/5270 5918/1/5269 2426/1/5267 2424/1/5262
f 5919/1/5270 5920/1/5271 2427/1/5272 2423/1/5261
f 5920/1/5271 5919/1/5270 2424/1/5262 2428/1/5273
f 5920/1/5271 5918/1/5269 2425/1/5266 2427/1/5272
f 5918/1/5269 5920/1/5271 2428/1/5273 2426/1/5267
f 5921/1/5274 5922/1/5275 2425/1/5266 2429/1/5276
f 5922/1/5275 5921/1/5274 2430/1/5277 2426/1/5267
f 5922/1/5275 5923/1/5278 2427/1/5272 2425/1/5266
f 5923/1/5278 5922/1/5275 2426/1/5267 2428/1/5273
f 5923/1/5278 5921/1/5274 2429/1/5276 2427/1/5272
f 5921/1/5274 5923/1/5278 2428/1/5273 2430/1/5277
f 5924/1/5279 5925/1/5280 2427/1/5272 2429/1/5276
f 5925/1/5280 5924/1/5279 2430/1/5277 2428/1/5273
f 5925/1/5280 5926/1/5281 2431/1/5282 2427/1/5272
f 5926/1/5281 5925/1/5280 2428/1/5273 2432/1/5283
f 5926/1/5281 5924/1/5279 2429/1/5276 2431/1/5282
f 5924/1/5279 5926/1/5281 2432/1/5283 2430/1/5277
f 5927/1/5284 5928/1/5285 2433/1/5286 2431/1/5282
f 5928/1/5285 5927/1/5284 2432/1/5283 2434/1/5287
f 5928/1/5285 5929/1/5288 2429/1/5276 2433/1/5286
f 5929/1/5288 5928/1/5285 2434/1/5287 2430/1/5277
f 5929/1/5288 5927/1/5284 2431/1/5282 2429/1/5276
f 5927/1/5284 5929/1/5288 2430/1/5277 2432/1/5283
f 5930/1/5289 5931/1/5290 2431/1/5282 2433/1/5286
f 5931/1/5290 5930/1/5289 2434/1/5287 2432/1/5283
f 5931/1/5290 5932/1/5291 2435/1/5292 2431/1/5282
f 5932/1/5291 5931/1/5290 2432/1/5283 2436/1/5293
f 5932/1/5291 5930/1/5289 2433/1/5286 2435/1/5292
f 5930/1/5289 5932/1/5291 2436/1/5293 2434/1/5287
f 5933/1/5294 5934/1/5295 2433/1/5286 2437/1/5296
f 5934/1/5295 5933/1/5294 2438/1/5297 2434/1/5287
f 5934/1/5295 5935/1/5298 2435/1/5292 2433/1/5286
f 5935/1/5298 5934/1/5295 2434/1/5287 2436/1/5293
f 5935/1/5298 5933/1/5294 2437/1/5296 2435/1/5292
f 5933/1/5294 5935/1/5298 2436/1/5293 2438/1/5297
f 5936/1/5299 5937/1/5300 2437/1/5296 2433/1/5286
f 5937/1/5300 5936/1/5299 2434/1/5287 2438/1/5297
f 5937/1/5300 5938/1/5301 2439/1/5302 2437/1/5296
f 5938/1/5301 5937/1/5300 2438/1/5297 2440/1/5303
f 5938/1/5301 5936/1/5299 2433/1/5286 2439/1/5302
f 5936/1/5299 5938/1/5301 2440/1/5303 2434/1/5287
f 5939/1/5304 5940/1/5305 2439/1/5302 2441/1/5306
f 5940/1/5305 5939/1/5304 2442/1/5307 2440/1/5303
f 5940/1/5305 5941/1/5308 2437/1/5296 2439/1/5302
f 5941/1/5308 5940/1/5305 2440/1/5303 2438/1/5297
f 5941/1/5308 5939/1/5304 2441/1/5306 2437/1/5296
f 5939/1/5304 5941/1/5308 2438/1/5297 2442/1/5307
f 5942/1/5309 5943/1/5310 2437/1/5296 2441/1/5306
f 5943/1/5310 5942/1/5309 2442/1/5307 2438/1/5297
f 5943/1/5310 5944/1/5311 2443/1/5312 2437/1/5296
f 5944/1/5311 5943/1/5310 2438/1/5297 2444/1/5313
f 5944/1/5311 5942/1/5309 2441/1/5306 2443/1/5312
f 5942/1/5309 5944/1/5311 2444/1/5313 2442/1/5307
f 5945/1/5314 5946/1/5315 2447/1/5316 2445/1/5317
f 5946/1/5315 5945/1/5314 2446/1/5318 2448/1/5319
f 5946/1/5315 5947/1/5320 2449/1/5321 2447/1/5316
f 5947/1/5320 5946/1/5315 2448/1/5319 2450/1/5322
f 5947/1/5320 5945/1/5314 2445/1/5317 2449/1/5321
f 5945/1/5314 5947/1/5320 2450/1/5322 2446/1/5318
f 5948/1/5323 5949/1/5324 2451/1/5325 2445/1/5317
f 5949/1/5324 5948/1/5323 2446/1/5318 2452/1/5326
f 5949/1/5324 5950/1/5327 2447/1/5316 2451/1/5325
f 5950/1/5327 5949/1/5324 2452/1/5326 2448/1/5319
f 5950/1/5327 5948/1/5323 2445/1/5317 2447/1/5316
f 5948/1/5323 5950/1/5327 2448/1/5319 2446/1/5318
f 5951/1/5328 5952/1/5329 2445/1/5317 2451/1/5325
f 5952/1/5329 5951/1/5328 2452/1/5326 2446/1/5318
f 5952/1/5329 5953/1/5330 2453/1/5331 2445/1/5317
f 5953/1/5330 5952/1/5329 2446/1/5318 2454/1/5332
f 5953/1/5330 5951/1/5328 2451/1/5325 2453/1/5331
f 5951/1/5328 5953/1/5330 2454/1/5332 2452/1/5326
f 5954/1/5333 5955/1/5334 2447/1/5316 2449/1/5321
f 5955/1/5334 5954/1/5333 2450/1/5322 2448/1/5319
f 5955/1/5334 5956/1/5335 2455/1/5336 2447/1/5316
f 5956/1/5335 5955/1/5334 2448/1/5319 2456/1/5337
f 5956/1/5335 5954/1/5333 2449/1/5321 2455/1/5336
f 5954/1/5333 5956/1/5335 2456/1/5337 2450/1/5322
f 5957/1/5338 5958/1/5339 2449/1/5321 2457/1/5340
f 5958/1/5339 5957/1/5338 2458/1/5341 2450/1/5322
f 5958/1/5339 5959/1/5342 2455/1/5336 2449/1/5321
f 5959/1/5342 5958/1/5339 2450/1/5322 2456/1/5337
f 5959/1/5342 5957/1/5338 2457/1/5340 2455/1/5336
f 5957/1/5338 5959/1/5342 2456/1/5337 2458/1/5341
f 5960/1/5343 5961/1/5344 2457/1/5340 2449/1/5321
f 5961/1/5344 5960/1/5343 2450/1/5322 2458/1/5341
f 5961/1/5344 5962/1/5345 2459/1/5346 2457/1/5340
f 5962/1/5345 5961/1/5344 2458/1/5341 2460/1/5347
f 5962/1/5345 5960/1/5343 2449/1/5321 2459/1/5346
f 5960/1/5343 5962/1/5345 2460/1/5347 2450/1/5322
f 5963/1/5348 5964/1/5349 2459/1/5346 2461/1/5350
f 5964/1/5349 5963/1/5348 2462/1/5351 2460/1/5347
f 5964/1/5349 5965/1/5352 2457/1/5340 2459/1/5346
f 5965/1/5352 5964/1/5349 2460/1/5347 2458/1/5341
f 5965/1/5352 5963/1/5348 2461/1/5350 2457/1/5340
f 5963/1/5348 5965/1/5352 2458/1/5341 2462/1/5351
f 5966/1/5353 5967/1/5354 2463/1/5355 2457/1/5340
f 5967/1/5354 5966/1/5353 2458/1/5341 2464/1/5356
f 5967/1/5354 5968/1/5357 2461/1/5350 2463/1/5355
f 5968/1/5357 5967/1/5354 2464/1/5356 2462/1/5351
f 5968/1/5357 5966/1/5353 2457/1/5340 2461/1/5350
f 5966/1/5353 5968/1/5357 2462/1/5351 2458/1/5341
f 5969/1/5358 5970/1/5359 2461/1/5350 2465/1/5360
f 5970/1/5359 5969/1/5358 2466/1/5361 2462/1/5351
f 5970/1/5359 5971/1/5362 2463/1/5355 2461/1/5350
f 5971/1/5362 5970/1/5359 2462/1/5351 2464/1/5356
f 5971/1/5362 5969/1/5358 2465/1/5360 2463/1/5355
f 5969/1/5358 5971/1/5362 2464/1/5356 2466/1/5361
f 5972/1/5363 5973/1/5364 2465/1/5360 2461/1/5350
f 5973/1/5364 5972/1/5363 2462/1/5351 2466/1/5361
f 5973/1/5364 5974/1/5365 2467/1/5366 2465/1/5360
f 5974/1/5365 5973/1/5364 2466/1/5361 2468/1/5367
f 5974/1/5365 5972/1/5363 2461/1/5350 2467/1/5366
f 5972/1/5363 5974/1/5365 2468/1/5367 2462/1/5351
f 5975/1/5368 5976/1/5369 2467/1/5366 2469/1/5370
f 5976/1/5369 5975/1/5368 2470/1/5371 2468/1/5367
f 5976/1/5369 5977/1/5372 2465/1/5360 2467/1/5366
f 5977/1/5372 5976/1/5369 2468/1/5367 2466/1/5361
f 5977/1/5372 5975/1/5368 2469/1/5370 2465/1/5360
f 5975/1/5368 5977/1/5372 2466/1/5361 2470/1/5371
f 5978/1/5373 5979/1/5374 2465/1/5360 2469/1/5370
f 5979/1/5374 5978/1/5373 2470/1/5371 2466/1/5361
f 5979/1/5374 5980/1/5375 2471/1/5376 2465/1/5360
f 5980/1/5375 5979/1/5374 2466/1/5361 2472/1/5377
f 5980/1/5375 5978/1/5373 2469/1/5370 2471/1/5376
f 5978/1/5373 5980/1/5375 2472/1/5377 2470/1/5371
f 5981/1/5378 5982/1/5379 2469/1/5370 2473/1/5380
f 5982/1/5379 5981/1/5378 2474/1/5381 2470/1/5371
f 5982/1/5379 5983/1/5382 2471/1/5376 2469/1/5370
f 5983/1/5382 5982/1/5379 2470/1/5371 2472/1/5377
f 5983/1/5382 5981/1/5378 2473/1/5380 2471/1/5376
f 5981/1/5378 5983/1/5382 2472/1/5377 2474/1/5381
f 5984/1/5383 5985/1/5384 2475/1/5385 2471/1/5376
f 5985/1/5384 5984/1/5383 2472/1/5377 2476/1/5386
f 5985/1/5384 5986/1/5387 2473/1/5380 2475/1/5385
f 5986/1/5387 5985/1/5384 2476/1/5386 2474/1/5381
f 5986/1/5387 5984/1/5383 2471/1/5376 2473/1/5380
f 5984/1/5383 5986/1/5387 2474/1/5381 2472/1/5377
f 5987/1/5388 5988/1/5389 2473/1/5380 2477/1/5390
f 5988/1/5389 5987/1/5388 2478/1/5391 2474/1/5381
f 5988/1/5389 5989/1/5392 2475/1/5385 2473/1/5380
f 5989/1/5392 5988/1/5389 2474/1/5381 2476/1/5386
f 5989/1/5392 5987/1/5388 2477/1/5390 2475/1/5385
f 5987/1/5388 5989/1/5392 2476/1/5386 2478/1/5391
f 5990/1/5393 5991/1/5394 2477/1/5390 2473/1/5380
f 5991/1/5394 5990/1/5393 2474/1/5381 2478/1/5391
f 5991/1/5394 5992/1/5395 2479/1/5396 2477/1/5390
f 5992/1/5395 5991/1/5394 2478/1/5391 2480/1/5397
f 5992/1/5395 5990/1/5393 2473/1/5380 2479/1/5396
f 5990/1/5393 5992/1/5395 2480/1/5397 2474/1/5381
f 5993/1/5398 5994/1/5399 2479/1/5396 2481/1/5400
f 5994/1/5399 5993/1/5398 2482/1/5401 2480/1/5397
f 5994/1/5399 5995/1/5402 2477/1/5390 2479/1/5396
f 5995/1/5402 5994/1/5399 2480/1/5397 2478/1/5391
f 5995/1/5402 5993/1/5398 2481/1/5400 2477/1/5390
f 5993/1/5398 5995/1/5402 2478/1/5391 2482/1/5401
f 5996/1/5403 5997/1/5404 2481/1/5400 2479/1/5396
f 5997/1/5404 5996/1/5403 2480/1/5397 2482/1/5401
f 5997/1/5404 5998/1/5405 2483/1/5406 2481/1/5400
f 5998/1/5405 5997/1/5404 2482/1/5401 2484/1/5407
f 5998/1/5405 5996/1/5403 2479/1/5396 2483/1/5406
f 5996/1/5403 5998/1/5405 2484/1/5407 2480/1/5397
f 5999/1/5408 6000/1/5409 2483/1/5406 2485/1/5410
f 6000/1/5409 5999/1/5408 2486/1/5411 2484/1/5407
f 6000/1/5409 6001/1/5412 2481/1/5400 2483/1/5406
f 6001/1/5412 6000/1/5409 2484/1/5407 2482/1/5401
f 6001/1/5412 5999/1/5408 2485/1/5410 2481/1/5400
f 5999/1/5408 6001/1/5412 2482/1/5401 2486/1/5411
f 6002/1/5413 6003/1/5414 2481/1/5400 2485/1/5410
f 6003/1/5414 6002/1/5413 2486/1/5411 2482/1/5401
f 6003/1/5414 6004/1/5415 2487/1/5416 2481/1/5400
f 6004/1/5415 6003/1/5414 2482/1/5401 2488/1/5417
f 6004/1/5415 6002/1/5413 2485/1/5410 2487/1/5416
f 6002/1/5413 6004/1/5415 2488/1/5417 2486/1/5411
f 6005/1/5418 6006/1/5419 2485/1/5410 2489/1/5420
f 6006/1/5419 6005/1/5418 2490/1/5421 2486/1/5411
f 6006/1/5419 6007/1/5422 2487/1/5416 2485/1/5410
f 6007/1/5422 6006/1/5419 2486/1/5411 2488/1/5417
f 6007/1/5422 6005/1/5418 2489/1/5420 2487/1/5416
f 6005/1/5418 6007/1/5422 2488/1/5417 2490/1/5421
f 6008/1/5423 6009/1/5424 2487/1/5416 2489/1/5420
f 6009/1/5424 6008/1/5423 2490/1/5421 2488/1/5417
f 6009/1/5424 6010/1/5425 2491/1/5426 2487/1/5416
f 6010/1/5425 6009/1/5424 2488/1/5417 2492/1/5427
f 6010/1/5425 6008/1/5423 2489/1/5420 2491/1/5426
f 6008/1/5423 6010/1/5425 2492/1/5427 2490/1/5421
f 6011/1/5428 6012/1/5429 2489/1/5420 2493/1/5430
f 6012/1/5429 6011/1/5428 2494/1/5431 2490/1/5421
f 6012/1/5429 6013/1/5432 2491/1/5426 2489/1/5420
f 6013/1/5432 6012/1/5429 2490/1/5421 2492/1/5427
f 6013/1/5432 6011/1/5428 2493/1/5430 2491/1/5426
f 6011/1/5428 6013/1/5432 2492/1/5427 2494/1/5431
f 6014/1/5433 6015/1/5434 2491/1/5426 2493/1/5430
f 6015/1/5434 6014/1/5433 2494/1/5431 2492/1/5427
f 6015/1/5434 6016/1/5435 2495/1/5436 2491/1/5426
f 6016/1/5435 6015/1/5434 2492/1/5427 2496/1/5437
f 6016/1/5435 6014/1/5433 2493/1/5430 2495/1/5436
f 6014/1/5433 6016/1/5435 2496/1/5437 2494/1/5431
f 6017/1/5438 6018/1/5439 2493/1/5430 2497/1/5440
f 6018/1/5439 6017/1/5438 2498/1/5441 2494/1/5431
f 6018/1/5439 6019/1/5442 2495/1/5436 2493/1/5430
f 6019/1/5442 6018/1/5439 2494/1/5431 2496/1/5437
f 6019/1/5442 6017/1/5438 2497/1/5440 2495/1/5436
f 6017/1/5438 6019/1/5442 2496/1/5437 2498/1/5441
f 6020/1/5443 6021/1/5444 2497/1/5440 2493/1/5430
f 6021/1/5444 6020/1/5443 2494/1/5431 2498/1/5441
f 6021/1/5444 6022/1/5445 2499/1/5446 2497/1/5440
f 6022/1/5445 6021/1/5444 2498/1/5441 2500/1/5447
f 6022/1/5445 6020/1/5443 2493/1/5430 2499/1/5446
f 6020/1/5443 6022/1/5445 2500/1/5447 2494/1/5431
f 6023/1/5448 6024/1/5449 2503/1/5450 2501/1/5451
f 6024/1/5449 6023/1/5448 2502/1/5452 2504/1/5453
f 6024/1/5449 6025/1/5454 2505/1/5455 2503/1/5450
f 6025/1/5454 6024/1/5449 2504/1/5453 2506/1/5456
f 6025/1/5454 6023/1/5448 2501/1/5451 2505/1/5455
f 6023/1/5448 6025/1/5454 2506/1/5456 2502/1/5452
f 6026/1/5457 6027/1/5458 2505/1/5455 2501/1/5451
f 6027/1/5458 6026/1/5457 2502/1/5452 2506/1/5456
f 6027/1/5458 6028/1/5459 2507/1/5460 2505/1/5455
f 6028/1/5459 6027/1/5458 2506/1/5456 2508/1/5461
f 6028/1/5459 6026/1/5457 2501/1/5451 2507/1/5460
f 6026/1/5457 6028/1/5459 2508/1/5461 2502/1/5452
f 6029/1/5462 6030/1/5463 2503/1/5450 2509/1/5464
f 6030/1/5463 6029/1/5462 2510/1/5465 2504/1/5453
f 6030/1/5463 6031/1/5466 2501/1/5451 2503/1/5450
f 6031/1/5466 6030/1/5463 2504/1/5453 2502/1/5452
f 6031/1/5466 6029/1/5462 2509/1/5464 2501/1/5451
f 6029/1/5462 6031/1/5466 2502/1/5452 2510/1/5465
f 6032/1/5467 6033/1/5468 2509/1/5464 2503/1/5450
f 6033/1/5468 6032/1/5467 2504/1/5453 2510/1/5465
f 6033/1/5468 6034/1/5469 2511/1/5470 2509/1/5464
f 6034/1/5469 6033/1/5468 2510/1/5465 2512/1/5471
f 6034/1/5469 6032/1/5467 2503/1/5450 2511/1/5470
f 6032/1/5467 6034/1/5469 2512/1/5471 2504/1/5453
f 6035/1/5472 6036/1/5473 2515/1/5474 2513/1/5475
f 6036/1/5473 6035/1/5472 2514/1/5476 2516/1/5477
f 6036/1/5473 6037/1/5478 2517/1/5479 2515/1/5474
f 6037/1/5478 6036/1/5473 2516/1/5477 2518/1/5480
f 6037/1/5478 6035/1/5472 2513/1/5475 2517/1/5479
f 6035/1/5472 6037/1/5478 2518/1/5480 2514/1/5476
f 6038/1/5481 6039/1/5482 2513/1/5475 2515/1/5474
f 6039/1/5482 6038/1/5481 2516/1/5477 2514/1/5476
f 6039/1/5482 6040/1/5483 2519/1/5484 2513/1/5475
f 6040/1/5483 6039/1/5482 2514/1/5476 2520/1/5485
f 6040/1/5483 6038/1/5481 2515/1/5474 2519/1/5484
f 6038/1/5481 6040/1/5483 2520/1/5485 2516/1/5477
f 6041/1/5486 6042/1/5487 2523/1/5488 2521/1/5489
f 6042/1/5487 6041/1/5486 2522/1/5490 2524/1/5491
f 6042/1/5487 6043/1/5492 2525/1/5474 2523/1/5488
f 6043/1/5492 6042/1/5487 2524/1/5491 2526/1/5493
f 6043/1/5492 6041/1/5486 2521/1/5489 2525/1/5474
f 6041/1/5486 6043/1/5492 2526/1/5493 2522/1/5490
f 6044/1/5494 6045/1/5483 2527/1/5495 2523/1/5488
f 6045/1/5483 6044/1/5494 2524/1/5491 2528/1/5496
f 6045/1/5483 6046/1/5497 2525/1/5474 2527/1/5495
f 6046/1/5497 6045/1/5483 2528/1/5496 2526/1/5493
f 6046/1/5497 6044/1/5494 2523/1/5488 2525/1/5474
f 6044/1/5494 6046/1/5497 2526/1/5493 2524/1/5491
f 6047/1/5498 6048/1/5499 2531/1/5500 2529/1/5501
f 6048/1/5499 6047/1/5498 2530/1/5502 2532/1/5503
f 6048/1/5499 6049/1/5504 2533/1/5505 2531/1/5500
f 6049/1/5504 6048/1/5499 2532/1/5503 2534/1/5506
f 6049/1/5504 6047/1/5498 2529/1/5501 2533/1/5505
f 6047/1/5498 6049/1/5504 2534/1/5506 2530/1/5502
f 6050/1/5507 6051/1/5508 2533/1/5505 2529/1/5501
f 6051/1/5508 6050/1/5507 2530/1/5502 2534/1/5506
f 6051/1/5508 6052/1/5509 2535/1/5510 2533/1/5505
f 6052/1/5509 6051/1/5508 2534/1/5506 2536/1/5511
f 6052/1/5509 6050/1/5507 2529/1/5501 2535/1/5510
f 6050/1/5507 6052/1/5509 2536/1/5511 2530/1/5502
f 6053/1/5512 6054/1/5513 2535/1/5510 2529/1/5501
f 6054/1/5513 6053/1/5512 2530/1/5502 2536/1/5511
f 6054/1/5513 6055/1/5514 2537/1/5515 2535/1/5510
f 6055/1/5514 6054/1/5513 2536/1/5511 2538/1/5516
f 6055/1/5514 6053/1/5512 2529/1/5501 2537/1/5515
f 6053/1/5512 6055/1/5514 2538/1/5516 2530/1/5502
f 6056/1/5517 6057/1/5518 2535/1/5510 2537/1/5515
f 6057/1/5518 6056/1/5517 2538/1/5516 2536/1/5511
f 6057/1/5518 6058/1/5519 2539/1/5520 2535/1/5510
f 6058/1/5519 6057/1/5518 2536/1/5511 2540/1/5521
f 6058/1/5519 6056/1/5517 2537/1/5515 2539/1/5520
f 6056/1/5517 6058/1/5519 2540/1/5521 2538/1/5516
f 6059/1/5522 6060/1/5523 2543/1/5524 2541/1/5525
f 6060/1/5523 6059/1/5522 2542/1/5526 2544/1/5527
f 6060/1/5523 6061/1/5528 2545/1/5529 2543/1/5524
f 6061/1/5528 6060/1/5523 2544/1/5527 2546/1/5530
f 6061/1/5528 6059/1/5522 2541/1/5525 2545/1/5529
f 6059/1/5522 6061/1/5528 2546/1/5530 2542/1/5526
f 6062/1/5531 6063/1/5532 2545/1/5529 2541/1/5525
f 6063/1/5532 6062/1/5531 2542/1/5526 2546/1/5530
f 6063/1/5532 6064/1/5533 2547/1/5534 2545/1/5529
f 6064/1/5533 6063/1/5532 2546/1/5530 2548/1/5535
f 6064/1/5533 6062/1/5531 2541/1/5525 2547/1/5534
f 6062/1/5531 6064/1/5533 2548/1/5535 2542/1/5526
f 6065/1/5536 6066/1/5537 2551/1/5524 2549/1/5525
f 6066/1/5537 6065/1/5536 2550/1/5526 2552/1/5527
f 6066/1/5537 6067/1/5528 2553/1/5529 2551/1/5524
f 6067/1/5528 6066/1/5537 2552/1/5527 2554/1/5530
f 6067/1/5528 6065/1/5536 2549/1/5525 2553/1/5529
f 6065/1/5536 6067/1/5528 2554/1/5530 2550/1/5526
f 6068/1/5531 6069/1/5538 2553/1/5529 2549/1/5525
f 6069/1/5538 6068/1/5531 2550/1/5526 2554/1/5530
f 6069/1/5538 6070/1/5539 2555/1/5534 2553/1/5529
f 6070/1/5539 6069/1/5538 2554/1/5530 2556/1/5535
f 6070/1/5539 6068/1/5531 2549/1/5525 2555/1/5534
f 6068/1/5531 6070/1/5539 2556/1/5535 2550/1/5526
f 6071/1/5540 6072/1/5541 2559/1/5542 2557/1/5543
f 6072/1/5541 6071/1/5540 2558/1/5544 2560/1/5545
f 6072/1/5541 6073/1/5546 2561/1/5547 2559/1/5542
f 6073/1/5546 6072/1/5541 2560/1/5545 2562/1/5548
f 6073/1/5546 6071/1/5540 2557/1/5543 2561/1/5547
f 6071/1/5540 6073/1/5546 2562/1/5548 2558/1/5544
f 6074/1/5549 6075/1/5550 2557/1/5543 2559/1/5542
f 6075/1/5550 6074/1/5549 2560/1/5545 2558/1/5544
f 6075/1/5550 6076/1/5551 2563/1/5552 2557/1/5543
f 6076/1/5551 6075/1/5550 2558/1/5544 2564/1/5553
f 6076/1/5551 6074/1/5549 2559/1/5542 2563/1/5552
f 6074/1/5549 6076/1/5551 2564/1/5553 2560/1/5545
f 6077/1/5554 6078/1/5555 2567/1/5542 2565/1/5543
f 6078/1/5555 6077/1/5554 2566/1/5544 2568/1/5545
f 6078/1/5555 6079/1/5556 2569/1/5547 2567/1/5542
f 6079/1/5556 6078/1/5555 2568/1/5545 2570/1/5557
f 6079/1/5556 6077/1/5554 2565/1/5543 2569/1/5547
f 6077/1/5554 6079/1/5556 2570/1/5557 2566/1/5544
f 6080/1/5549 6081/1/5558 2565/1/5543 2567/1/5542
f 6081/1/5558 6080/1/5549 2568/1/5545 2566/1/5544
f 6081/1/5558 6082/1/5559 2571/1/5560 2565/1/5543
f 6082/1/5559 6081/1/5558 2566/1/5544 2572/1/5553
f 6082/1/5559 6080/1/5549 2567/1/5542 2571/1/5560
f 6080/1/5549 6082/1/5559 2572/1/5553 2568/1/5545
f 6083/1/5561 6084/1/5562 2575/1/5563 2573/1/5564
f 6084/1/5562 6083/1/5561 2574/1/5565 2576/1/5566
f 6084/1/5562 6085/1/5567 2577/1/5568 2575/1/5563
f 6085/1/5567 6084/1/5562 2576/1/5566 2578/1/5569
f 6085/1/5567 6083/1/5561 2573/1/5564 2577/1/5568
f 6083/1/5561 6085/1/5567 2578/1/5569 2574/1/5565
f 6086/1/5570 6087/1/5571 2579/1/5572 2577/1/5568
f 6087/1/5571 6086/1/5570 2578/1/5569 2580/1/5573
f 6087/1/5571 6088/1/5574 2573/1/5564 2579/1/5572
f 6088/1/5574 6087/1/5571 2580/1/5573 2574/1/5565
f 6088/1/5574 6086/1/5570 2577/1/5568 2573/1/5564
f 6086/1/5570 6088/1/5574 2574/1/5565 2578/1/5569
f 6089/1/5575 6090/1/5576 2573/1/5564 2581/1/5577
f 6090/1/5576 6089/1/5575 2582/1/5578 2574/1/5565
f 6090/1/5576 6091/1/5579 2579/1/5572 2573/1/5564
f 6091/1/5579 6090/1/5576 2574/1/5565 2580/1/5573
f 6091/1/5579 6089/1/5575 2581/1/5577 2579/1/5572
f 6089/1/5575 6091/1/5579 2580/1/5573 2582/1/5578
f 6092/1/5580 6093/1/5581 2581/1/5577 2573/1/5564
f 6093/1/5581 6092/1/5580 2574/1/5565 2582/1/5578
f 6093/1/5581 6094/1/5582 2583/1/5583 2581/1/5577
f 6094/1/5582 6093/1/5581 2582/1/5578 2584/1/5584
f 6094/1/5582 6092/1/5580 2573/1/5564 2583/1/5583
f 6092/1/5580 6094/1/5582 2584/1/5584 2574/1/5565
f 6095/1/5585 6096/1/5586 2583/1/5583 2585/1/5587
f 6096/1/5586 6095/1/5585 2586/1/5588 2584/1/5584
f 6096/1/5586 6097/1/5589 2581/1/5577 2583/1/5583
f 6097/1/5589 6096/1/5586 2584/1/5584 2582/1/5578
f 6097/1/5589 6095/1/5585 2585/1/5587 2581/1/5577
f 6095/1/5585 6097/1/5589 2582/1/5578 2586/1/5588
f 6098/1/5590 6099/1/5591 2585/1/5587 2583/1/5583
f 6099/1/5591 6098/1/5590 2584/1/5584 2586/1/5588
f 6099/1/5591 6100/1/5592 2587/1/5593 2585/1/5587
f 6100/1/5592 6099/1/5591 2586/1/5588 2588/1/5594
f 6100/1/5592 6098/1/5590 2583/1/5583 2587/1/5593
f 6098/1/5590 6100/1/5592 2588/1/5594 2584/1/5584
f 6101/1/5595 6102/1/5596 2591/1/5597 2589/1/5598
f 6102/1/5596 6101/1/5595 2590/1/5599 2592/1/5600
f 6102/1/5596 6103/1/5601 2593/1/5602 2591/1/5597
f 6103/1/5601 6102/1/5596 2592/1/5600 2594/1/5603
f 6103/1/5601 6101/1/5595 2589/1/5598 2593/1/5602
f 6101/1/5595 6103/1/5601 2594/1/5603 2590/1/5599
f 6104/1/5604 6105/1/5605 2589/1/5598 2591/1/5597
f 6105/1/5605 6104/1/5604 2592/1/5600 2590/1/5599
f 6105/1/5605 6106/1/5606 2595/1/5607 2589/1/5598
f 6106/1/5606 6105/1/5605 2590/1/5599 2596/1/5608
f 6106/1/5606 6104/1/5604 2591/1/5597 2595/1/5607
f 6104/1/5604 6106/1/5606 2596/1/5608 2592/1/5600
f 6107/1/5609 6108/1/5610 2597/1/5611 2591/1/5597
f 6108/1/5610 6107/1/5609 2592/1/5600 2598/1/5612
f 6108/1/5610 6109/1/5613 2593/1/5602 2597/1/5611
f 6109/1/5613 6108/1/5610 2598/1/5612 2594/1/5603
f 6109/1/5613 6107/1/5609 2591/1/5597 2593/1/5602
f 6107/1/5609 6109/1/5613 2594/1/5603 2592/1/5600
f 6110/1/5614 6111/1/5615 2597/1/5611 2599/1/5616
f 6111/1/5615 6110/1/5614 2600/1/5617 2598/1/5612
f 6111/1/5615 6112/1/5618 2591/1/5597 2597/1/5611
f 6112/1/5618 6111/1/5615 2598/1/5612 2592/1/5600
f 6112/1/5618 6110/1/5614 2599/1/5616 2591/1/5597
f 6110/1/5614 6112/1/5618 2592/1/5600 2600/1/5617
f 6113/1/5619 6114/1/5620 2601/1/5621 2599/1/5616
f 6114/1/5620 6113/1/5619 2600/1/5617 2602/1/5622
f 6114/1/5620 6115/1/5623 2597/1/5611 2601/1/5621
f 6115/1/5623 6114/1/5620 2602/1/5622 2598/1/5612
f 6115/1/5623 6113/1/5619 2599/1/5616 2597/1/5611
f 6113/1/5619 6115/1/5623 2598/1/5612 2600/1/5617
f 6116/1/5624 6117/1/5625 2603/1/5626 2599/1/5616
f 6117/1/5625 6116/1/5624 2600/1/5617 2604/1/5627
f 6117/1/5625 6118/1/5628 2601/1/5621 2603/1/5626
f 6118/1/5628 6117/1/5625 2604/1/5627 2602/1/5622
f 6118/1/5628 6116/1/5624 2599/1/5616 2601/1/5621
f 6116/1/5624 6118/1/5628 2602/1/5622 2600/1/5617
f 6119/1/5629 6120/1/5630 2607/1/5631 2605/1/5632
f 6120/1/5630 6119/1/5629 2606/1/5633 2608/1/5634
f 6120/1/5630 6121/1/5635 2609/1/5636 2607/1/5631
f 6121/1/5635 6120/1/5630 2608/1/5634 2610/1/5637
f 6121/1/5635 6119/1/5629 2605/1/5632 2609/1/5636
f 6119/1/5629 6121/1/5635 2610/1/5637 2606/1/5633
f 6122/1/5638 6123/1/5639 2609/1/5636 2611/1/5640
f 6123/1/5639 6122/1/5638 2612/1/5641 2610/1/5637
f 6123/1/5639 6124/1/5642 2607/1/5631 2609/1/5636
f 6124/1/5642 6123/1/5639 2610/1/5637 2608/1/5634
f 6124/1/5642 6122/1/5638 2611/1/5640 2607/1/5631
f 6122/1/5638 6124/1/5642 2608/1/5634 2612/1/5641
f 6125/1/5643 6126/1/5644 2605/1/5632 2613/1/5645
f 6126/1/5644 6125/1/5643 2614/1/5646 2606/1/5633
f 6126/1/5644 6127/1/5647 2609/1/5636 2605/1/5632
f 6127/1/5647 6126/1/5644 2606/1/5633 2610/1/5637
f 6127/1/5647 6125/1/5643 2613/1/5645 2609/1/5636
f 6125/1/5643 6127/1/5647 2610/1/5637 2614/1/5646
f 6128/1/5648 6129/1/5649 2609/1/5636 2613/1/5645
f 6129/1/5649 6128/1/5648 2614/1/5646 2610/1/5637
f 6129/1/5649 6130/1/5650 2615/1/5651 2609/1/5636
f 6130/1/5650 6129/1/5649 2610/1/5637 2616/1/5652
f 6130/1/5650 6128/1/5648 2613/1/5645 2615/1/5651
f 6128/1/5648 6130/1/5650 2616/1/5652 2614/1/5646
f 6131/1/5653 6132/1/5654 2617/1/5655 2613/1/5645
f 6132/1/5654 6131/1/5653 2614/1/5646 2618/1/5656
f 6132/1/5654 6133/1/5657 2605/1/5632 2617/1/5655
f 6133/1/5657 6132/1/5654 2618/1/5656 2606/1/5633
f 6133/1/5657 6131/1/5653 2613/1/5645 2605/1/5632
f 6131/1/5653 6133/1/5657 2606/1/5633 2614/1/5646
f 6134/1/5658 6135/1/5659 2617/1/5655 2605/1/5632
f 6135/1/5659 6134/1/5658 2606/1/5633 2618/1/5656
f 6135/1/5659 6136/1/5660 2619/1/5661 2617/1/5655
f 6136/1/5660 6135/1/5659 2618/1/5656 2620/1/5662
f 6136/1/5660 6134/1/5658 2605/1/5632 2619/1/5661
f 6134/1/5658 6136/1/5660 2620/1/5662 2606/1/5633
f 6137/1/5663 6138/1/5664 2623/1/5665 2621/1/5666
f 6138/1/5664 6137/1/5663 2622/1/5667 2624/1/5668
f 6138/1/5664 6139/1/5669 2625/1/5670 2623/1/5665
f 6139/1/5669 6138/1/5664 2624/1/5668 2626/1/5671
f 6139/1/5669 6137/1/5663 2621/1/5666 2625/1/5670
f 6137/1/5663 6139/1/5669 2626/1/5671 2622/1/5667
f 6140/1/5672 6141/1/5673 2625/1/5670 2621/1/5666
f 6141/1/5673 6140/1/5672 2622/1/5667 2626/1/5671
f 6141/1/5673 6142/1/5674 2627/1/5675 2625/1/5670
f 6142/1/5674 6141/1/5673 2626/1/5671 2628/1/5676
f 6142/1/5674 6140/1/5672 2621/1/5666 2627/1/5675
f 6140/1/5672 6142/1/5674 2628/1/5676 2622/1/5667
f 6143/1/5677 6144/1/5678 2631/1/5679 2629/1/5680
f 6144/1/5678 6143/1/5677 2630/1/5681 2632/1/5682
f 6144/1/5678 6145/1/5683 2633/1/5684 2631/1/5679
f 6145/1/5683 6144/1/5678 2632/1/5682 2634/1/5685
f 6145/1/5683 6143/1/5677 2629/1/5680 2633/1/5684
f 6143/1/5677 6145/1/5683 2634/1/5685 2630/1/5681
f 6146/1/5686 6147/1/5687 2633/1/5684 2635/1/5688
f 6147/1/5687 6146/1/5686 2636/1/5689 2634/1/5685
f 6147/1/5687 6148/1/5690 2631/1/5679 2633/1/5684
f 6148/1/5690 6147/1/5687 2634/1/5685 2632/1/5682
f 6148/1/5690 6146/1/5686 2635/1/5688 2631/1/5679
f 6146/1/5686 6148/1/5690 2632/1/5682 2636/1/5689
f 6149/1/5691 6150/1/5692 2639/1/5693 2637/1/5694
f 6150/1/5692 6149/1/5691 2638/1/5695 2640/1/5696
f 6150/1/5692 6151/1/5697 2641/1/5698 2639/1/5693
f 6151/1/5697 6150/1/5692 2640/1/5696 2642/1/5699
f 6151/1/5697 6149/1/5691 2637/1/5694 2641/1/5698
f 6149/1/5691 6151/1/5697 2642/1/5699 2638/1/5695
f 6152/1/1992 6153/1/5700 2643/1/5701 2641/1/5698
f 6153/1/5700 6152/1/1992 2642/1/5699 2644/1/5702
f 6153/1/5700 6154/1/5703 2637/1/5694 2643/1/5701
f 6154/1/5703 6153/1/5700 2644/1/5702 2638/1/5695
f 6154/1/5703 6152/1/1992 2641/1/5698 2637/1/5694
f 6152/1/1992 6154/1/5703 2638/1/5695 2642/1/5699
f 6155/1/5704 6156/1/5705 2647/1/5706 2645/1/5707
f 6156/1/5705 6155/1/5704 2646/1/5708 2648/1/5709
f 6156/1/5705 6157/1/5710 2649/1/5711 2647/1/5706
f 6157/1/5710 6156/1/5705 2648/1/5709 2650/1/5712
f 6157/1/5710 6155/1/5704 2645/1/5707 2649/1/5711
f 6155/1/5704 6157/1/5710 2650/1/5712 2646/1/5708
f 6158/1/5713 6159/1/5714 2645/1/5707 2647/1/5706
f 6159/1/5714 6158/1/5713 2648/1/5709 2646/1/5708
f 6159/1/5714 6160/1/5715 2651/1/5716 2645/1/5707
f 6160/1/5715 6159/1/5714 2646/1/5708 2652/1/5717
f 6160/1/5715 6158/1/5713 2647/1/5706 2651/1/5716
f 6158/1/5713 6160/1/5715 2652/1/5717 2648/1/5709
f 6161/1/5718 6162/1/5719 2653/1/5720 2649/1/5711
f 6162/1/5719 6161/1/5718 2650/1/5712 2654/1/5721
f 6162/1/5719 6163/1/5722 2645/1/5707 2653/1/5720
f 6163/1/5722 6162/1/5719 2654/1/5721 2646/1/5708
f 6163/1/5722 6161/1/5718 2649/1/5711 2645/1/5707
f 6161/1/5718 6163/1/5722 2646/1/5708 2650/1/5712
f 6164/1/5723 6165/1/5724 2655/1/5725 2649/1/5711
f 6165/1/5724 6164/1/5723 2650/1/5712 2656/1/5726
f 6165/1/5724 6166/1/5727 2653/1/5720 2655/1/5725
f 6166/1/5727 6165/1/5724 2656/1/5726 2654/1/5721
f 6166/1/5727 6164/1/5723 2649/1/5711 2653/1/5720
f 6164/1/5723 6166/1/5727 2654/1/5721 2650/1/5712
f 6167/1/5728 6168/1/5162 2657/1/5729 2649/1/5711
f 6168/1/5162 6167/1/5728 2650/1/5712 2658/1/5730
f 6168/1/5162 6169/1/5731 2655/1/5725 2657/1/5729
f 6169/1/5731 6168/1/5162 2658/1/5730 2656/1/5726
f 6169/1/5731 6167/1/5728 2649/1/5711 2655/1/5725
f 6167/1/5728 6169/1/5731 2656/1/5726 2650/1/5712
f 6170/1/5732 6171/1/5733 2647/1/5706 2659/1/5734
f 6171/1/5733 6170/1/5732 2660/1/5735 2648/1/5709
f 6171/1/5733 6172/1/5736 2651/1/5716 2647/1/5706
f 6172/1/5736 6171/1/5733 2648/1/5709 2652/1/5717
f 6172/1/5736 6170/1/5732 2659/1/5734 2651/1/5716
f 6170/1/5732 6172/1/5736 2652/1/5717 2660/1/5735
f 6173/1/5737 6174/1/5738 2651/1/5716 2659/1/5734
f 6174/1/5738 6173/1/5737 2660/1/5735 2652/1/5717
f 6174/1/5738 6175/1/5739 2661/1/5740 2651/1/5716
f 6175/1/5739 6174/1/5738 2652/1/5717 2662/1/5741
f 6175/1/5739 6173/1/5737 2659/1/5734 2661/1/5740
f 6173/1/5737 6175/1/5739 2662/1/5741 2660/1/5735
f 6176/1/5742 6177/1/5743 2659/1/5734 2663/1/5744
f 6177/1/5743 6176/1/5742 2664/1/5745 2660/1/5735
f 6177/1/5743 6178/1/5746 2661/1/5740 2659/1/5734
f 6178/1/5746 6177/1/5743 2660/1/5735 2662/1/5741
f 6178/1/5746 6176/1/5742 2663/1/5744 2661/1/5740
f 6176/1/5742 6178/1/5746 2662/1/5741 2664/1/5745
f 6179/1/5747 6180/1/5748 2661/1/5740 2663/1/5744
f 6180/1/5748 6179/1/5747 2664/1/5745 2662/1/5741
f 6180/1/5748 6181/1/5749 2665/1/5750 2661/1/5740
f 6181/1/5749 6180/1/5748 2662/1/5741 2666/1/5751
f 6181/1/5749 6179/1/5747 2663/1/5744 2665/1/5750
f 6179/1/5747 6181/1/5749 2666/1/5751 2664/1/5745
f 6182/1/5752 6183/1/5753 2667/1/5754 2665/1/5750
f 6183/1/5753 6182/1/5752 2666/1/5751 2668/1/5755
f 6183/1/5753 6184/1/5756 2663/1/5744 2667/1/5754
f 6184/1/5756 6183/1/5753 2668/1/5755 2664/1/5745
f 6184/1/5756 6182/1/5752 2665/1/5750 2663/1/5744
f 6182/1/5752 6184/1/5756 2664/1/5745 2666/1/5751
f 6185/1/5757 6186/1/5758 2665/1/5750 2667/1/5754
f 6186/1/5758 6185/1/5757 2668/1/5755 2666/1/5751
f 6186/1/5758 6187/1/5759 2669/1/5760 2665/1/5750
f 6187/1/5759 6186/1/5758 2666/1/5751 2670/1/5761
f 6187/1/5759 6185/1/5757 2667/1/5754 2669/1/5760
f 6185/1/5757 6187/1/5759 2670/1/5761 2668/1/5755
f 6188/1/5762 6189/1/5763 2671/1/5764 2669/1/5760
f 6189/1/5763 6188/1/5762 2670/1/5761 2672/1/5765
f 6189/1/5763 6190/1/5766 2667/1/5754 2671/1/5764
f 6190/1/5766 6189/1/5763 2672/1/5765 2668/1/5755
f 6190/1/5766 6188/1/5762 2669/1/5760 2667/1/5754
f 6188/1/5762 6190/1/5766 2668/1/5755 2670/1/5761
f 6191/1/5767 6192/1/5768 2669/1/5760 2671/1/5764
f 6192/1/5768 6191/1/5767 2672/1/5765 2670/1/5761
f 6192/1/5768 6193/1/5769 2673/1/5770 2669/1/5760
f 6193/1/5769 6192/1/5768 2670/1/5761 2674/1/5771
f 6193/1/5769 6191/1/5767 2671/1/5764 2673/1/5770
f 6191/1/5767 6193/1/5769 2674/1/5771 2672/1/5765
f 6194/1/5772 6195/1/5773 2675/1/5774 2673/1/5770
f 6195/1/5773 6194/1/5772 2674/1/5771 2676/1/5775
f 6195/1/5773 6196/1/5776 2671/1/5764 2675/1/5774
f 6196/1/5776 6195/1/5773 2676/1/5775 2672/1/5765
f 6196/1/5776 6194/1/5772 2673/1/5770 2671/1/5764
f 6194/1/5772 6196/1/5776 2672/1/5765 2674/1/5771
f 6197/1/5777 6198/1/5778 2673/1/5770 2675/1/5774
f 6198/1/5778 6197/1/5777 2676/1/5775 2674/1/5771
f 6198/1/5778 6199/1/5779 2677/1/5780 2673/1/5770
f 6199/1/5779 6198/1/5778 2674/1/5771 2678/1/5781
f 6199/1/5779 6197/1/5777 2675/1/5774 2677/1/5780
f 6197/1/5777 6199/1/5779 2678/1/5781 2676/1/5775
f 6200/1/5782 6201/1/5783 2679/1/5784 2677/1/5780
f 6201/1/5783 6200/1/5782 2678/1/5781 2680/1/5785
f 6201/1/5783 6202/1/5786 2675/1/5774 2679/1/5784
f 6202/1/5786 6201/1/5783 2680/1/5785 2676/1/5775
f 6202/1/5786 6200/1/5782 2677/1/5780 2675/1/5774
f 6200/1/5782 6202/1/5786 2676/1/5775 2678/1/5781
f 6203/1/5787 6204/1/5788 2677/1/5780 2679/1/5784
f 6204/1/5788 6203/1/5787 2680/1/5785 2678/1/5781
f 6204/1/5788 6205/1/5789 2681/1/5790 2677/1/5780
f 6205/1/5789 6204/1/5788 2678/1/5781 2682/1/5791
f 6205/1/5789 6203/1/5787 2679/1/5784 2681/1/5790
f 6203/1/5787 6205/1/5789 2682/1/5791 2680/1/5785
f 6206/1/5792 6207/1/5793 2679/1/5784 2683/1/5794
f 6207/1/5793 6206/1/5792 2684/1/5795 2680/1/5785
f 6207/1/5793 6208/1/5796 2681/1/5790 2679/1/5784
f 6208/1/5796 6207/1/5793 2680/1/5785 2682/1/5791
f 6208/1/5796 6206/1/5792 2683/1/5794 2681/1/5790
f 6206/1/5792 6208/1/5796 2682/1/5791 2684/1/5795
f 6209/1/5797 6210/1/5798 2681/1/5790 2683/1/5794
f 6210/1/5798 6209/1/5797 2684/1/5795 2682/1/5791
f 6210/1/5798 6211/1/5799 2685/1/5800 2681/1/5790
f 6211/1/5799 6210/1/5798 2682/1/5791 2686/1/5801
f 6211/1/5799 6209/1/5797 2683/1/5794 2685/1/5800
f 6209/1/5797 6211/1/5799 2686/1/5801 2684/1/5795
f 6212/1/5802 6213/1/5803 2687/1/5804 2685/1/5800
f 6213/1/5803 6212/1/5802 2686/1/5801 2688/1/5805
f 6213/1/5803 6214/1/5806 2683/1/5794 2687/1/5804
f 6214/1/5806 6213/1/5803 2688/1/5805 2684/1/5795
f 6214/1/5806 6212/1/5802 2685/1/5800 2683/1/5794
f 6212/1/5802 6214/1/5806 2684/1/5795 2686/1/5801
f 6215/1/5807 6216/1/5808 2685/1/5800 2687/1/5804
f 6216/1/5808 6215/1/5807 2688/1/5805 2686/1/5801
f 6216/1/5808 6217/1/5809 2689/1/5810 2685/1/5800
f 6217/1/5809 6216/1/5808 2686/1/5801 2690/1/5811
f 6217/1/5809 6215/1/5807 2687/1/5804 2689/1/5810
f 6215/1/5807 6217/1/5809 2690/1/5811 2688/1/5805
f 6218/1/5812 6219/1/5813 2691/1/5814 2689/1/5810
f 6219/1/5813 6218/1/5812 2690/1/5811 2692/1/5815
f 6219/1/5813 6220/1/5816 2687/1/5804 2691/1/5814
f 6220/1/5816 6219/1/5813 2692/1/5815 2688/1/5805
f 6220/1/5816 6218/1/5812 2689/1/5810 2687/1/5804
f 6218/1/5812 6220/1/5816 2688/1/5805 2690/1/5811
f 6221/1/5817 6222/1/5818 2689/1/5810 2691/1/5814
f 6222/1/5818 6221/1/5817 2692/1/5815 2690/1/5811
f 6222/1/5818 6223/1/5819 2693/1/5820 2689/1/5810
f 6223/1/5819 6222/1/5818 2690/1/5811 2694/1/5821
f 6223/1/5819 6221/1/5817 2691/1/5814 2693/1/5820
f 6221/1/5817 6223/1/5819 2694/1/5821 2692/1/5815
f 6224/1/5822 6225/1/5823 2695/1/5824 2693/1/5820
f 6225/1/5823 6224/1/5822 2694/1/5821 2696/1/5825
f 6225/1/5823 6226/1/5826 2691/1/5814 2695/1/5824
f 6226/1/5826 6225/1/5823 2696/1/5825 2692/1/5815
f 6226/1/5826 6224/1/5822 2693/1/5820 2691/1/5814
f 6224/1/5822 6226/1/5826 2692/1/5815 2694/1/5821
f 6227/1/5827 6228/1/5828 2693/1/5820 2695/1/5824
f 6228/1/5828 6227/1/5827 2696/1/5825 2694/1/5821
f 6228/1/5828 6229/1/5829 2697/1/5830 2693/1/5820
f 6229/1/5829 6228/1/5828 2694/1/5821 2698/1/5831
f 6229/1/5829 6227/1/5827 2695/1/5824 2697/1/5830
f 6227/1/5827 6229/1/5829 2698/1/5831 2696/1/5825
f 6230/1/5832 6231/1/5833 2693/1/5820 2697/1/5830
f 6231/1/5833 6230/1/5832 2698/1/5831 2694/1/5821
f 6231/1/5833 6232/1/5148 2699/1/5834 2693/1/5820
f 6232/1/5148 6231/1/5833 2694/1/5821 2700/1/5835
f 6232/1/5148 6230/1/5832 2697/1/5830 2699/1/5834
f 6230/1/5832 6232/1/5148 2700/1/5835 2698/1/5831
f 6233/1/5836 6234/1/5837 2703/1/5838 2701/1/5839
f 6234/1/5837 6233/1/5836 2702/1/5840 2704/1/5841
f 6234/1/5837 6235/1/5842 2705/1/5843 2703/1/5838
f 6235/1/5842 6234/1/5837 2704/1/5841 2706/1/5844
f 6235/1/5842 6233/1/5836 2701/1/5839 2705/1/5843
f 6233/1/5836 6235/1/5842 2706/1/5844 2702/1/5840
f 6236/1/5845 6237/1/5846 2703/1/5838 2705/1/5843
f 6237/1/5846 6236/1/5845 2706/1/5844 2704/1/5841
f 6237/1/5846 6238/1/5847 2707/1/5848 2703/1/5838
f 6238/1/5847 6237/1/5846 2704/1/5841 2708/1/5849
f 6238/1/5847 6236/1/5845 2705/1/5843 2707/1/5848
f 6236/1/5845 6238/1/5847 2708/1/5849 2706/1/5844
f 6239/1/5850 6240/1/5851 2711/1/5852 2709/1/5853
f 6240/1/5851 6239/1/5850 2710/1/5854 2712/1/5855
f 6240/1/5851 6241/1/5856 2713/1/5857 2711/1/5852
f 6241/1/5856 6240/1/5851 2712/1/5855 2714/1/5858
f 6241/1/5856 6239/1/5850 2709/1/5853 2713/1/5857
f 6239/1/5850 6241/1/5856 2714/1/5858 2710/1/5854
f 6242/1/5859 6243/1/5860 2709/1/5853 2711/1/5852
f 6243/1/5860 6242/1/5859 2712/1/5855 2710/1/5854
f 6243/1/5860 6244/1/5861 2715/1/5862 2709/1/5853
f 6244/1/5861 6243/1/5860 2710/1/5854 2716/1/5863
f 6244/1/5861 6242/1/5859 2711/1/5852 2715/1/5862
f 6242/1/5859 6244/1/5861 2716/1/5863 2712/1/5855
f 6245/1/5864 6246/1/5865 2719/1/5866 2717/1/5867
f 6246/1/5865 6245/1/5864 2718/1/5868 2720/1/5869
f 6246/1/5865 6247/1/5870 2721/1/5871 2719/1/5866
f 6247/1/5870 6246/1/5865 2720/1/5869 2722/1/5872
f 6247/1/5870 6245/1/5864 2717/1/5867 2721/1/5871
f 6245/1/5864 6247/1/5870 2722/1/5872 2718/1/5868
f 6248/1/5873 6249/1/5874 2717/1/5867 2719/1/5866
f 6249/1/5874 6248/1/5873 2720/1/5869 2718/1/5868
f 6249/1/5874 6250/1/5875 2723/1/5876 2717/1/5867
f 6250/1/5875 6249/1/5874 2718/1/5868 2724/1/5877
f 6250/1/5875 6248/1/5873 2719/1/5866 2723/1/5876
f 6248/1/5873 6250/1/5875 2724/1/5877 2720/1/5869
f 6251/1/5878 6252/1/5879 2727/1/5880 2725/1/5881
f 6252/1/5879 6251/1/5878 2726/1/5882 2728/1/5883
f 6252/1/5879 6253/1/5884 2729/1/5885 2727/1/5880
f 6253/1/5884 6252/1/5879 2728/1/5883 2730/1/5886
f 6253/1/5884 6251/1/5878 2725/1/5881 2729/1/5885
f 6251/1/5878 6253/1/5884 2730/1/5886 2726/1/5882
f 6254/1/5887 6255/1/5888 2727/1/5880 2729/1/5885
f 6255/1/5888 6254/1/5887 2730/1/5886 2728/1/5883
f 6255/1/5888 6256/1/5889 2731/1/5890 2727/1/5880
f 6256/1/5889 6255/1/5888 2728/1/5883 2732/1/5891
f 6256/1/5889 6254/1/5887 2729/1/5885 2731/1/5890
f 6254/1/5887 6256/1/5889 2732/1/5891 2730/1/5886
f 6257/1/5892 6258/1/5893 2735/1/5894 2733/1/5895
f 6258/1/5893 6257/1/5892 2734/1/5896 2736/1/5897
f 6258/1/5893 6259/1/5898 2737/1/5899 2735/1/5894
f 6259/1/5898 6258/1/5893 2736/1/5897 2738/1/5900
f 6259/1/5898 6257/1/5892 2733/1/5895 2737/1/5899
f 6257/1/5892 6259/1/5898 2738/1/5900 2734/1/5896
f 6260/1/5901 6261/1/5902 2739/1/5903 2733/1/5895
f 6261/1/5902 6260/1/5901 2734/1/5896 2740/1/5904
f 6261/1/5902 6262/1/5905 2735/1/5894 2739/1/5903
f 6262/1/5905 6261/1/5902 2740/1/5904 2736/1/5897
f 6262/1/5905 6260/1/5901 2733/1/5895 2735/1/5894
f 6260/1/5901 6262/1/5905 2736/1/5897 2734/1/5896
f 6263/1/5906 6264/1/5907 2739/1/5903 2741/1/5908
f 6264/1/5907 6263/1/5906 2742/1/5909 2740/1/5904
f 6264/1/5907 6265/1/5910 2733/1/5895 2739/1/5903
f 6265/1/5910 6264/1/5907 2740/1/5904 2734/1/5896
f 6265/1/5910 6263/1/5906 2741/1/5908 2733/1/5895
f 6263/1/5906 6265/1/5910 2734/1/5896 2742/1/5909
f 6266/1/5911 6267/1/5912 2735/1/5894 2737/1/5899
f 6267/1/5912 6266/1/5911 2738/1/5900 2736/1/5897
f 6267/1/5912 6268/1/5913 2743/1/5914 2735/1/5894
f 6268/1/5913 6267/1/5912 2736/1/5897 2744/1/5915
f 6268/1/5913 6266/1/5911 2737/1/5899 2743/1/5914
f 6266/1/5911 6268/1/5913 2744/1/5915 2738/1/5900
f 6269/1/5916 6270/1/5917 2745/1/5918 2743/1/5914
f 6270/1/5917 6269/1/5916 2744/1/5915 2746/1/5919
f 6270/1/5917 6271/1/5920 2737/1/5899 2745/1/5918
f 6271/1/5920 6270/1/5917 2746/1/5919 2738/1/5900
f 6271/1/5920 6269/1/5916 2743/1/5914 2737/1/5899
f 6269/1/5916 6271/1/5920 2738/1/5900 2744/1/5915
f 6272/1/5921 6273/1/5922 2737/1/5899 2747/1/5923
f 6273/1/5922 6272/1/5921 2748/1/5924 2738/1/5900
f 6273/1/5922 6274/1/5925 2745/1/5918 2737/1/5899
f 6274/1/5925 6273/1/5922 2738/1/5900 2746/1/5919
f 6274/1/5925 6272/1/5921 2747/1/5923 2745/1/5918
f 6272/1/5921 6274/1/5925 2746/1/5919 2748/1/5924
f 6275/1/5926 6276/1/5927 2751/1/5928 2749/1/5929
f 6276/1/5927 6275/1/5926 2750/1/5930 2752/1/5931
f 6276/1/5927 6277/1/5932 2753/1/5933 2751/1/5928
f 6277/1/5932 6276/1/5927 2752/1/5931 2754/1/5934
f 6277/1/5932 6275/1/5926 2749/1/5929 2753/1/5933
f 6275/1/5926 6277/1/5932 2754/1/5934 2750/1/5930
f 6278/1/5935 6279/1/5936 2755/1/5937 2751/1/5928
f 6279/1/5936 6278/1/5935 2752/1/5931 2756/1/5938
f 6279/1/5936 6280/1/5939 2753/1/5933 2755/1/5937
f 6280/1/5939 6279/1/5936 2756/1/5938 2754/1/5934
f 6280/1/5939 6278/1/5935 2751/1/5928 2753/1/5933
f 6278/1/5935 6280/1/5939 2754/1/5934 2752/1/5931
f 6281/1/5940 6282/1/5941 2757/1/5942 2755/1/5937
f 6282/1/5941 6281/1/5940 2756/1/5938 2758/1/5943
f 6282/1/5941 6283/1/5944 2753/1/5933 2757/1/5942
f 6283/1/5944 6282/1/5941 2758/1/5943 2754/1/5934
f 6283/1/5944 6281/1/5940 2755/1/5937 2753/1/5933
f 6281/1/5940 6283/1/5944 2754/1/5934 2756/1/5938
f 6284/1/5945 6285/1/5946 2759/1/5947 2755/1/5937
f 6285/1/5946 6284/1/5945 2756/1/5938 2760/1/5948
f 6285/1/5946 6286/1/5949 2757/1/5942 2759/1/5947
f 6286/1/5949 6285/1/5946 2760/1/5948 2758/1/5943
f 6286/1/5949 6284/1/5945 2755/1/5937 2757/1/5942
f 6284/1/5945 6286/1/5949 2758/1/5943 2756/1/5938
f 6287/1/5950 6288/1/5951 2757/1/5942 2761/1/5952
f 6288/1/5951 6287/1/5950 2762/1/5953 2758/1/5943
f 6288/1/5951 6289/1/5954 2759/1/5947 2757/1/5942
f 6289/1/5954 6288/1/5951 2758/1/5943 2760/1/5948
f 6289/1/5954 6287/1/5950 2761/1/5952 2759/1/5947
f 6287/1/5950 6289/1/5954 2760/1/5948 2762/1/5953
f 6290/1/5955 6291/1/5956 2761/1/5952 2757/1/5942
f 6291/1/5956 6290/1/5955 2758/1/5943 2762/1/5953
f 6291/1/5956 6292/1/5957 2763/1/5958 2761/1/5952
f 6292/1/5957 6291/1/5956 2762/1/5953 2764/1/5959
f 6292/1/5957 6290/1/5955 2757/1/5942 2763/1/5958
f 6290/1/5955 6292/1/5957 2764/1/5959 2758/1/5943
f 6293/1/5960 6294/1/5961 2767/1/5962 2765/1/5963
f 6294/1/5961 6293/1/5960 2766/1/5964 2768/1/5965
f 6294/1/5961 6295/1/5966 2769/1/5967 2767/1/5962
f 6295/1/5966 6294/1/5961 2768/1/5965 2770/1/5968
f 6295/1/5966 6293/1/5960 2765/1/5963 2769/1/5967
f 6293/1/5960 6295/1/5966 2770/1/5968 2766/1/5964
f 6296/1/5969 6297/1/5970 2765/1/5963 2767/1/5962
f 6297/1/5970 6296/1/5969 2768/1/5965 2766/1/5964
f 6297/1/5970 6298/1/5971 2771/1/5972 2765/1/5963
f 6298/1/5971 6297/1/5970 2766/1/5964 2772/1/5973
f 6298/1/5971 6296/1/5969 2767/1/5962 2771/1/5972
f 6296/1/5969 6298/1/5971 2772/1/5973 2768/1/5965
f 6299/1/5974 6300/1/5975 2775/1/5976 2773/1/5977
f 6300/1/5975 6299/1/5974 2774/1/5978 2776/1/5979
f 6300/1/5975 6301/1/5980 2777/1/5981 2775/1/5976
f 6301/1/5980 6300/1/5975 2776/1/5979 2778/1/5982
f 6301/1/5980 6299/1/5974 2773/1/5977 2777/1/5981
f 6299/1/5974 6301/1/5980 2778/1/5982 2774/1/5978
f 6302/1/5983 6303/1/5984 2773/1/5977 2775/1/5976
f 6303/1/5984 6302/1/5983 2776/1/5979 2774/1/5978
f 6303/1/5984 6304/1/5985 2779/1/5986 2773/1/5977
f 6304/1/5985 6303/1/5984 2774/1/5978 2780/1/5987
f 6304/1/5985 6302/1/5983 2775/1/5976 2779/1/5986
f 6302/1/5983 6304/1/5985 2780/1/5987 2776/1/5979
f 6305/1/5988 6306/1/5989 2783/1/5990 2781/1/5991
f 6306/1/5989 6305/1/5988 2782/1/5992 2784/1/5993
f 6306/1/5989 6307/1/5994 2785/1/5995 2783/1/5990
f 6307/1/5994 6306/1/5989 2784/1/5993 2786/1/5996
f 6307/1/5994 6305/1/5988 2781/1/5991 2785/1/5995
f 6305/1/5988 6307/1/5994 2786/1/5996 2782/1/5992
f 6308/1/5997 6309/1/5998 2781/1/5991 2783/1/5990
f 6309/1/5998 6308/1/5997 2784/1/5993 2782/1/5992
f 6309/1/5998 6310/1/5999 2787/1/6000 2781/1/5991
f 6310/1/5999 6309/1/5998 2782/1/5992 2788/1/6001
f 6310/1/5999 6308/1/5997 2783/1/5990 2787/1/6000
f 6308/1/5997 6310/1/5999 2788/1/6001 2784/1/5993
f 6311/1/6002 6312/1/6003 2791/1/6004 2789/1/6005
f 6312/1/6003 6311/1/6002 2790/1/6006 2792/1/6007
f 6312/1/6003 6313/1/6008 2793/1/6009 2791/1/6004
f 6313/1/6008 6312/1/6003 2792/1/6007 2794/1/6010
f 6313/1/6008 6311/1/6002 2789/1/6005 2793/1/6009
f 6311/1/6002 6313/1/6008 2794/1/6010 2790/1/6006
f 6314/1/6011 6315/1/6012 2789/1/6005 2791/1/6004
f 6315/1/6012 6314/1/6011 2792/1/6007 2790/1/6006
f 6315/1/6012 6316/1/6013 2795/1/6014 2789/1/6005
f 6316/1/6013 6315/1/6012 2790/1/6006 2796/1/6015
f 6316/1/6013 6314/1/6011 2791/1/6004 2795/1/6014
f 6314/1/6011 6316/1/6013 2796/1/6015 2792/1/6007
f 6317/1/6016 6318/1/6017 2799/1/6018 2797/1/6019
f 6318/1/6017 6317/1/6016 2798/1/6020 2800/1/6021
f 6318/1/6017 6319/1/6022 2801/1/6023 2799/1/6018
f 6319/1/6022 6318/1/6017 2800/1/6021 2802/1/6024
f 6319/1/6022 6317/1/6016 2797/1/6019 2801/1/6023
f 6317/1/6016 6319/1/6022 2802/1/6024 2798/1/6020
f 6320/1/6025 6321/1/6026 2801/1/6023 2797/1/6019
f 6321/1/6026 6320/1/6025 2798/1/6020 2802/1/6024
f 6321/1/6026 6322/1/6027 2803/1/6028 2801/1/6023
f 6322/1/6027 6321/1/6026 2802/1/6024 2804/1/6029
f 6322/1/6027 6320/1/6025 2797/1/6019 2803/1/6028
f 6320/1/6025 6322/1/6027 2804/1/6029 2798/1/6020
f 6323/1/6030 6324/1/6031 2807/1/6032 2805/1/6033
f 6324/1/6031 6323/1/6030 2806/1/6034 2808/1/6035
f 6324/1/6031 6325/1/6036 2809/1/6037 2807/1/6032
f 6325/1/6036 6324/1/6031 2808/1/6035 2810/1/6038
f 6325/1/6036 6323/1/6030 2805/1/6033 2809/1/6037
f 6323/1/6030 6325/1/6036 2810/1/6038 2806/1/6034
f 6326/1/6039 6327/1/6040 2805/1/6033 2807/1/6032
f 6327/1/6040 6326/1/6039 2808/1/6035 2806/1/6034
f 6327/1/6040 6328/1/6041 2811/1/6042 2805/1/6033
f 6328/1/6041 6327/1/6040 2806/1/6034 2812/1/6043
f 6328/1/6041 6326/1/6039 2807/1/6032 2811/1/6042
f 6326/1/6039 6328/1/6041 2812/1/6043 2808/1/6035
f 6329/1/6044 6330/1/6045 2813/1/6046 2809/1/6037
f 6330/1/6045 6329/1/6044 2810/1/6038 2814/1/6047
f 6330/1/6045 6331/1/6048 2805/1/6033 2813/1/6046
f 6331/1/6048 6330/1/6045 2814/1/6047 2806/1/6034
f 6331/1/6048 6329/1/6044 2809/1/6037 2805/1/6033
f 6329/1/6044 6331/1/6048 2806/1/6034 2810/1/6038
f 6332/1/6049 6333/1/6050 2815/1/6051 2809/1/6037
f 6333/1/6050 6332/1/6049 2810/1/6038 2816/1/6052
f 6333/1/6050 6334/1/6053 2813/1/6046 2815/1/6051
f 6334/1/6053 6333/1/6050 2816/1/6052 2814/1/6047
f 6334/1/6053 6332/1/6049 2809/1/6037 2813/1/6046
f 6332/1/6049 6334/1/6053 2814/1/6047 2810/1/6038
f 6335/1/6054 6336/1/6055 2817/1/6056 2815/1/6051
f 6336/1/6055 6335/1/6054 2816/1/6052 2818/1/6057
f 6336/1/6055 6337/1/6058 2813/1/6046 2817/1/6056
f 6337/1/6058 6336/1/6055 2818/1/6057 2814/1/6047
f 6337/1/6058 6335/1/6054 2815/1/6051 2813/1/6046
f 6335/1/6054 6337/1/6058 2814/1/6047 2816/1/6052
f 6338/1/6059 6339/1/6060 2819/1/6061 2815/1/6051
f 6339/1/6060 6338/1/6059 2816/1/6052 2820/1/6062
f 6339/1/6060 6340/1/6063 2817/1/6056 2819/1/6061
f 6340/1/6063 6339/1/6060 2820/1/6062 2818/1/6057
f 6340/1/6063 6338/1/6059 2815/1/6051 2817/1/6056
f 6338/1/6059 6340/1/6063 2818/1/6057 2816/1/6052
f 6341/1/6064 6342/1/6065 2817/1/6056 2821/1/6066
f 6342/1/6065 6341/1/6064 2822/1/6067 2818/1/6057
f 6342/1/6065 6343/1/6068 2819/1/6061 2817/1/6056
f 6343/1/6068 6342/1/6065 2818/1/6057 2820/1/6062
f 6343/1/6068 6341/1/6064 2821/1/6066 2819/1/6061
f 6341/1/6064 6343/1/6068 2820/1/6062 2822/1/6067
f 6344/1/6069 6345/1/6070 2821/1/6066 2817/1/6056
f 6345/1/6070 6344/1/6069 2818/1/6057 2822/1/6067
f 6345/1/6070 6346/1/6071 2823/1/6072 2821/1/6066
f 6346/1/6071 6345/1/6070 2822/1/6067 2824/1/6073
f 6346/1/6071 6344/1/6069 2817/1/6056 2823/1/6072
f 6344/1/6069 6346/1/6071 2824/1/6073 2818/1/6057
f 6347/1/6074 6348/1/6075 2827/1/6076 2825/1/6077
f 6348/1/6075 6347/1/6074 2826/1/6078 2828/1/6079
f 6348/1/6075 6349/1/6080 2829/1/6081 2827/1/6076
f 6349/1/6080 6348/1/6075 2828/1/6079 2830/1/6082
f 6349/1/6080 6347/1/6074 2825/1/6077 2829/1/6081
f 6347/1/6074 6349/1/6080 2830/1/6082 2826/1/6078
f 6350/1/6083 6351/1/6084 2825/1/6077 2827/1/6076
f 6351/1/6084 6350/1/6083 2828/1/6079 2826/1/6078
f 6351/1/6084 6352/1/6085 2831/1/6086 2825/1/6077
f 6352/1/6085 6351/1/6084 2826/1/6078 2832/1/6087
f 6352/1/6085 6350/1/6083 2827/1/6076 2831/1/6086
f 6350/1/6083 6352/1/6085 2832/1/6087 2828/1/6079
f 6353/1/6088 6354/1/6089 2829/1/6081 2825/1/6077
f 6354/1/6089 6353/1/6088 2826/1/6078 2830/1/6082
f 6354/1/6089 6355/1/6090 2833/1/6091 2829/1/6081
f 6355/1/6090 6354/1/6089 2830/1/6082 2834/1/6092
f 6355/1/6090 6353/1/6088 2825/1/6077 2833/1/6091
f 6353/1/6088 6355/1/6090 2834/1/6092 2826/1/6078
f 6356/1/6093 6357/1/6094 2833/1/6091 2825/1/6077
f 6357/1/6094 6356/1/6093 2826/1/6078 2834/1/6092
f 6357/1/6094 6358/1/6095 2835/1/6096 2833/1/6091
f 6358/1/6095 6357/1/6094 2834/1/6092 2836/1/6097
f 6358/1/6095 6356/1/6093 2825/1/6077 2835/1/6096
f 6356/1/6093 6358/1/6095 2836/1/6097 2826/1/6078
f 6359/1/6098 6360/1/6099 2839/1/6100 2837/1/6101
f 6360/1/6099 6359/1/6098 2838/1/6102 2840/1/6103
f 6360/1/6099 6361/1/6104 2841/1/6105 2839/1/6100
f 6361/1/6104 6360/1/6099 2840/1/6103 2842/1/6106
f 6361/1/6104 6359/1/6098 2837/1/6101 2841/1/6105
f 6359/1/6098 6361/1/6104 2842/1/6106 2838/1/6102
f 6362/1/6107 6363/1/6108 2837/1/6101 2839/1/6100
f 6363/1/6108 6362/1/6107 2840/1/6103 2838/1/6102
f 6363/1/6108 6364/1/6109 2843/1/6110 2837/1/6101
f 6364/1/6109 6363/1/6108 2838/1/6102 2844/1/6111
f 6364/1/6109 6362/1/6107 2839/1/6100 2843/1/6110
f 6362/1/6107 6364/1/6109 2844/1/6111 2840/1/6103
f 6365/1/6112 6366/1/6113 2839/1/6100 2845/1/6114
f 6366/1/6113 6365/1/6112 2846/1/6115 2840/1/6103
f 6366/1/6113 6367/1/6116 2843/1/6110 2839/1/6100
f 6367/1/6116 6366/1/6113 2840/1/6103 2844/1/6111
f 6367/1/6116 6365/1/6112 2845/1/6114 2843/1/6110
f 6365/1/6112 6367/1/6116 2844/1/6111 2846/1/6115
f 6368/1/6117 6369/1/6118 2845/1/6114 2839/1/6100
f 6369/1/6118 6368/1/6117 2840/1/6103 2846/1/6115
f 6369/1/6118 6370/1/6119 2847/1/6120 2845/1/6114
f 6370/1/6119 6369/1/6118 2846/1/6115 2848/1/6121
f 6370/1/6119 6368/1/6117 2839/1/6100 2847/1/6120
f 6368/1/6117 6370/1/6119 2848/1/6121 2840/1/6103
f 6371/1/6122 6372/1/6123 2847/1/6120 2849/1/6124
f 6372/1/6123 6371/1/6122 2850/1/6125 2848/1/6121
f 6372/1/6123 6373/1/6126 2845/1/6114 2847/1/6120
f 6373/1/6126 6372/1/6123 2848/1/6121 2846/1/6115
f 6373/1/6126 6371/1/6122 2849/1/6124 2845/1/6114
f 6371/1/6122 6373/1/6126 2846/1/6115 2850/1/6125
f 6374/1/6127 6375/1/6128 2849/1/6124 2847/1/6120
f 6375/1/6128 6374/1/6127 2848/1/6121 2850/1/6125
f 6375/1/6128 6376/1/6129 2851/1/6130 2849/1/6124
f 6376/1/6129 6375/1/6128 2850/1/6125 2852/1/6131
f 6376/1/6129 6374/1/6127 2847/1/6120 2851/1/6130
f 6374/1/6127 6376/1/6129 2852/1/6131 2848/1/6121
f 6377/1/6132 6378/1/6133 2853/1/6134 2849/1/6124
f 6378/1/6133 6377/1/6132 2850/1/6125 2854/1/6135
f 6378/1/6133 6379/1/6136 2851/1/6130 2853/1/6134
f 6379/1/6136 6378/1/6133 2854/1/6135 2852/1/6131
f 6379/1/6136 6377/1/6132 2849/1/6124 2851/1/6130
f 6377/1/6132 6379/1/6136 2852/1/6131 2850/1/6125
f 6380/1/6137 6381/1/6138 2853/1/6134 2855/1/6139
f 6381/1/6138 6380/1/6137 2856/1/6140 2854/1/6135
f 6381/1/6138 6382/1/6141 2849/1/6124 2853/1/6134
f 6382/1/6141 6381/1/6138 2854/1/6135 2850/1/6125
f 6382/1/6141 6380/1/6137 2855/1/6139 2849/1/6124
f 6380/1/6137 6382/1/6141 2850/1/6125 2856/1/6140
f 6383/1/6142 6384/1/6143 2857/1/6144 2845/1/6114
f 6384/1/6143 6383/1/6142 2846/1/6115 2858/1/6145
f 6384/1/6143 6385/1/6146 2849/1/6124 2857/1/6144
f 6385/1/6146 6384/1/6143 2858/1/6145 2850/1/6125
f 6385/1/6146 6383/1/6142 2845/1/6114 2849/1/6124
f 6383/1/6142 6385/1/6146 2850/1/6125 2846/1/6115
f 6386/1/6147 6387/1/6148 2845/1/6114 2857/1/6144
f 6387/1/6148 6386/1/6147 2858/1/6145 2846/1/6115
f 6387/1/6148 6388/1/6149 2859/1/6150 2845/1/6114
f 6388/1/6149 6387/1/6148 2846/1/6115 2860/1/6151
f 6388/1/6149 6386/1/6147 2857/1/6144 2859/1/6150
f 6386/1/6147 6388/1/6149 2860/1/6151 2858/1/6145
f 6389/1/6152 6390/1/6153 2861/1/6154 2859/1/6150
f 6390/1/6153 6389/1/6152 2860/1/6151 2862/1/6155
f 6390/1/6153 6391/1/6156 2857/1/6144 2861/1/6154
f 6391/1/6156 6390/1/6153 2862/1/6155 2858/1/6145
f 6391/1/6156 6389/1/6152 2859/1/6150 2857/1/6144
f 6389/1/6152 6391/1/6156 2858/1/6145 2860/1/6151
f 6392/1/6157 6393/1/6158 2863/1/6159 2859/1/6150
f 6393/1/6158 6392/1/6157 2860/1/6151 2864/1/6160
f 6393/1/6158 6394/1/6161 2861/1/6154 2863/1/6159
f 6394/1/6161 6393/1/6158 2864/1/6160 2862/1/6155
f 6394/1/6161 6392/1/6157 2859/1/6150 2861/1/6154
f 6392/1/6157 6394/1/6161 2862/1/6155 2860/1/6151
f 6395/1/6162 6396/1/6163 2867/1/6164 2865/1/6165
f 6396/1/6163 6395/1/6162 2866/1/6166 2868/1/6167
f 6396/1/6163 6397/1/6168 2869/1/6169 2867/1/6164
f 6397/1/6168 6396/1/6163 2868/1/6167 2870/1/6170
f 6397/1/6168 6395/1/6162 2865/1/6165 2869/1/6169
f 6395/1/6162 6397/1/6168 2870/1/6170 2866/1/6166
f 6398/1/6171 6399/1/6172 2865/1/6165 2867/1/6164
f 6399/1/6172 6398/1/6171 2868/1/6167 2866/1/6166
f 6399/1/6172 6400/1/6173 2871/1/6174 2865/1/6165
f 6400/1/6173 6399/1/6172 2866/1/6166 2872/1/6175
f 6400/1/6173 6398/1/6171 2867/1/6164 2871/1/6174
f 6398/1/6171 6400/1/6173 2872/1/6175 2868/1/6167
f 6401/1/6176 6402/1/6177 2875/1/6178 2873/1/6179
f 6402/1/6177 6401/1/6176 2874/1/6180 2876/1/6181
f 6402/1/6177 6403/1/6182 2877/1/6183 2875/1/6178
f 6403/1/6182 6402/1/6177 2876/1/6181 2878/1/6184
f 6403/1/6182 6401/1/6176 2873/1/6179 2877/1/6183
f 6401/1/6176 6403/1/6182 2878/1/6184 2874/1/6180
f 6404/1/6185 6405/1/6186 2873/1/6179 2879/1/6187
f 6405/1/6186 6404/1/6185 2880/1/6188 2874/1/6180
f 6405/1/6186 6406/1/6189 2877/1/6183 2873/1/6179
f 6406/1/6189 6405/1/6186 2874/1/6180 2878/1/6184
f 6406/1/6189 6404/1/6185 2879/1/6187 2877/1/6183
f 6404/1/6185 6406/1/6189 2878/1/6184 2880/1/6188
f 6407/1/6190 6408/1/6191 2881/1/6192 2873/1/6179
f 6408/1/6191 6407/1/6190 2874/1/6180 2882/1/6193
f 6408/1/6191 6409/1/6194 2875/1/6178 2881/1/6192
f 6409/1/6194 6408/1/6191 2882/1/6193 2876/1/6181
f 6409/1/6194 6407/1/6190 2873/1/6179 2875/1/6178
f 6407/1/6190 6409/1/6194 2876/1/6181 2874/1/6180
f 6410/1/6195 6411/1/6196 2879/1/6187 2873/1/6179
f 6411/1/6196 6410/1/6195 2874/1/6180 2880/1/6188
f 6411/1/6196 6412/1/6197 2883/1/6198 2879/1/6187
f 6412/1/6197 6411/1/6196 2880/1/6188 2884/1/6199
f 6412/1/6197 6410/1/6195 2873/1/6179 2883/1/6198
f 6410/1/6195 6412/1/6197 2884/1/6199 2874/1/6180
f 6413/1/6200 6414/1/6201 2875/1/6178 2885/1/6202
f 6414/1/6201 6413/1/6200 2886/1/6203 2876/1/6181
f 6414/1/6201 6415/1/6204 2881/1/6192 2875/1/6178
f 6415/1/6204 6414/1/6201 2876/1/6181 2882/1/6193
f 6415/1/6204 6413/1/6200 2885/1/6202 2881/1/6192
f 6413/1/6200 6415/1/6204 2882/1/6193 2886/1/6203
f 6416/1/6205 6417/1/6206 2883/1/6198 2887/1/6207
f 6417/1/6206 6416/1/6205 2888/1/6208 2884/1/6199
f 6417/1/6206 6418/1/6209 2879/1/6187 2883/1/6198
f 6418/1/6209 6417/1/6206 2884/1/6199 2880/1/6188
f 6418/1/6209 6416/1/6205 2887/1/6207 2879/1/6187
f 6416/1/6205 6418/1/6209 2880/1/6188 2888/1/6208
f 6419/1/6210 6420/1/6211 2885/1/6202 2875/1/6178
f 6420/1/6211 6419/1/6210 2876/1/6181 2886/1/6203
f 6420/1/6211 6421/1/6212 2889/1/6213 2885/1/6202
f 6421/1/6212 6420/1/6211 2886/1/6203 2890/1/6214
f 6421/1/6212 6419/1/6210 2875/1/6178 2889/1/6213
f 6419/1/6210 6421/1/6212 2890/1/6214 2876/1/6181
f 6422/1/6215 6423/1/6216 2891/1/6217 2879/1/6187
f 6423/1/6216 6422/1/6215 2880/1/6188 2892/1/6218
f 6423/1/6216 6424/1/6219 2887/1/6207 2891/1/6217
f 6424/1/6219 6423/1/6216 2892/1/6218 2888/1/6208
f 6424/1/6219 6422/1/6215 2879/1/6187 2887/1/6207
f 6422/1/6215 6424/1/6219 2888/1/6208 2880/1/6188
f 6425/1/6220 6426/1/6221 2889/1/6213 2893/1/6222
f 6426/1/6221 6425/1/6220 2894/1/6223 2890/1/6214
f 6426/1/6221 6427/1/6224 2885/1/6202 2889/1/6213
f 6427/1/6224 6426/1/6221 2890/1/6214 2886/1/6203
f 6427/1/6224 6425/1/6220 2893/1/6222 2885/1/6202
f 6425/1/6220 6427/1/6224 2886/1/6203 2894/1/6223
f 6428/1/6225 6429/1/6226 2887/1/6207 2895/1/6227
f 6429/1/6226 6428/1/6225 2896/1/6228 2888/1/6208
f 6429/1/6226 6430/1/6229 2891/1/6217 2887/1/6207
f 6430/1/6229 6429/1/6226 2888/1/6208 2892/1/6218
f 6430/1/6229 6428/1/6225 2895/1/6227 2891/1/6217
f 6428/1/6225 6430/1/6229 2892/1/6218 2896/1/6228
f 6431/1/6230 6432/1/6231 2897/1/6232 2885/1/6202
f 6432/1/6231 6431/1/6230 2886/1/6203 2898/1/6233
f 6432/1/6231 6433/1/6234 2893/1/6222 2897/1/6232
f 6433/1/6234 6432/1/6231 2898/1/6233 2894/1/6223
f 6433/1/6234 6431/1/6230 2885/1/6202 2893/1/6222
f 6431/1/6230 6433/1/6234 2894/1/6223 2886/1/6203
f 6434/1/6235 6435/1/6236 2895/1/6227 2887/1/6207
f 6435/1/6236 6434/1/6235 2888/1/6208 2896/1/6228
f 6435/1/6236 6436/1/6237 2899/1/6238 2895/1/6227
f 6436/1/6237 6435/1/6236 2896/1/6228 2900/1/6239
f 6436/1/6237 6434/1/6235 2887/1/6207 2899/1/6238
f 6434/1/6235 6436/1/6237 2900/1/6239 2888/1/6208
f 6437/1/6240 6438/1/6241 2893/1/6222 2901/1/6242
f 6438/1/6241 6437/1/6240 2902/1/6243 2894/1/6223
f 6438/1/6241 6439/1/6244 2897/1/6232 2893/1/6222
f 6439/1/6244 6438/1/6241 2894/1/6223 2898/1/6233
f 6439/1/6244 6437/1/6240 2901/1/6242 2897/1/6232
f 6437/1/6240 6439/1/6244 2898/1/6233 2902/1/6243
f 6440/1/6245 6441/1/6246 2899/1/6238 2901/1/6242
f 6441/1/6246 6440/1/6245 2902/1/6243 2900/1/6239
f 6441/1/6246 6442/1/6247 2895/1/6227 2899/1/6238
f 6442/1/6247 6441/1/6246 2900/1/6239 2896/1/6228
f 6442/1/6247 6440/1/6245 2901/1/6242 2895/1/6227
f 6440/1/6245 6442/1/6247 2896/1/6228 2902/1/6243
f 6443/1/6248 6444/1/6249 2901/1/6242 2893/1/6222
f 6444/1/6249 6443/1/6248 2894/1/6223 2902/1/6243
f 6444/1/6249 6445/1/6250 2903/1/6251 2901/1/6242
f 6445/1/6250 6444/1/6249 2902/1/6243 2904/1/6252
f 6445/1/6250 6443/1/6248 2893/1/6222 2903/1/6251
f 6443/1/6248 6445/1/6250 2904/1/6252 2894/1/6223
f 6446/1/6253 6447/1/6254 2903/1/6251 2895/1/6227
f 6447/1/6254 6446/1/6253 2896/1/6228 2904/1/6252
f 6447/1/6254 6448/1/6255 2901/1/6242 2903/1/6251
f 6448/1/6255 6447/1/6254 2904/1/6252 2902/1/6243
f 6448/1/6255 6446/1/6253 2895/1/6227 2901/1/6242
f 6446/1/6253 6448/1/6255 2902/1/6243 2896/1/6228
f 6449/1/6256 6450/1/6257 2907/1/6258 2905/1/6259
f 6450/1/6257 6449/1/6256 2906/1/6180 2908/1/6260
f 6450/1/6257 6451/1/6261 2909/1/6262 2907/1/6258
f 6451/1/6261 6450/1/6257 2908/1/6260 2910/1/6263
f 6451/1/6261 6449/1/6256 2905/1/6259 2909/1/6262
f 6449/1/6256 6451/1/6261 2910/1/6263 2906/1/6180
f 6452/1/6264 6453/1/6265 2905/1/6259 2911/1/6266
f 6453/1/6265 6452/1/6264 2912/1/6267 2906/1/6180
f 6453/1/6265 6454/1/6268 2909/1/6262 2905/1/6259
f 6454/1/6268 6453/1/6265 2906/1/6180 2910/1/6263
f 6454/1/6268 6452/1/6264 2911/1/6266 2909/1/6262
f 6452/1/6264 6454/1/6268 2910/1/6263 2912/1/6267
f 6455/1/6269 6456/1/6270 2913/1/6271 2905/1/6259
f 6456/1/6270 6455/1/6269 2906/1/6180 2914/1/6272
f 6456/1/6270 6457/1/6273 2907/1/6258 2913/1/6271
f 6457/1/6273 6456/1/6270 2914/1/6272 2908/1/6260
f 6457/1/6273 6455/1/6269 2905/1/6259 2907/1/6258
f 6455/1/6269 6457/1/6273 2908/1/6260 2906/1/6180
f 6458/1/6274 6459/1/6275 2911/1/6266 2905/1/6259
f 6459/1/6275 6458/1/6274 2906/1/6180 2912/1/6267
f 6459/1/6275 6460/1/6276 2915/1/6277 2911/1/6266
f 6460/1/6276 6459/1/6275 2912/1/6267 2916/1/6278
f 6460/1/6276 6458/1/6274 2905/1/6259 2915/1/6277
f 6458/1/6274 6460/1/6276 2916/1/6278 2906/1/6180
f 6461/1/6279 6462/1/6280 2907/1/6258 2917/1/6281
f 6462/1/6280 6461/1/6279 2918/1/6282 2908/1/6260
f 6462/1/6280 6463/1/6283 2913/1/6271 2907/1/6258
f 6463/1/6283 6462/1/6280 2908/1/6260 2914/1/6272
f 6463/1/6283 6461/1/6279 2917/1/6281 2913/1/6271
f 6461/1/6279 6463/1/6283 2914/1/6272 2918/1/6282
f 6464/1/6284 6465/1/6285 2915/1/6277 2919/1/6286
f 6465/1/6285 6464/1/6284 2920/1/6287 2916/1/6278
f 6465/1/6285 6466/1/6288 2911/1/6266 2915/1/6277
f 6466/1/6288 6465/1/6285 2916/1/6278 2912/1/6267
f 6466/1/6288 6464/1/6284 2919/1/6286 2911/1/6266
f 6464/1/6284 6466/1/6288 2912/1/6267 2920/1/6287
f 6467/1/6289 6468/1/6290 2917/1/6281 2907/1/6258
f 6468/1/6290 6467/1/6289 2908/1/6260 2918/1/6282
f 6468/1/6290 6469/1/6291 2921/1/6292 2917/1/6281
f 6469/1/6291 6468/1/6290 2918/1/6282 2922/1/6293
f 6469/1/6291 6467/1/6289 2907/1/6258 2921/1/6292
f 6467/1/6289 6469/1/6291 2922/1/6293 2908/1/6260
f 6470/1/6294 6471/1/6295 2923/1/6296 2911/1/6266
f 6471/1/6295 6470/1/6294 2912/1/6267 2924/1/6297
f 6471/1/6295 6472/1/6298 2919/1/6286 2923/1/6296
f 6472/1/6298 6471/1/6295 2924/1/6297 2920/1/6287
f 6472/1/6298 6470/1/6294 2911/1/6266 2919/1/6286
f 6470/1/6294 6472/1/6298 2920/1/6287 2912/1/6267
f 6473/1/6299 6474/1/6300 2921/1/6292 2925/1/6301
f 6474/1/6300 6473/1/6299 2926/1/6302 2922/1/6293
f 6474/1/6300 6475/1/6303 2917/1/6281 2921/1/6292
f 6475/1/6303 6474/1/6300 2922/1/6293 2918/1/6282
f 6475/1/6303 6473/1/6299 2925/1/6301 2917/1/6281
f 6473/1/6299 6475/1/6303 2918/1/6282 2926/1/6302
f 6476/1/6304 6477/1/6305 2919/1/6286 2927/1/6306
f 6477/1/6305 6476/1/6304 2928/1/6307 2920/1/6287
f 6477/1/6305 6478/1/6308 2923/1/6296 2919/1/6286
f 6478/1/6308 6477/1/6305 2920/1/6287 2924/1/6297
f 6478/1/6308 6476/1/6304 2927/1/6306 2923/1/6296
f 6476/1/6304 6478/1/6308 2924/1/6297 2928/1/6307
f 6479/1/6309 6480/1/6310 2929/1/6311 2917/1/6281
f 6480/1/6310 6479/1/6309 2918/1/6282 2930/1/6312
f 6480/1/6310 6481/1/6313 2925/1/6301 2929/1/6311
f 6481/1/6313 6480/1/6310 2930/1/6312 2926/1/6302
f 6481/1/6313 6479/1/6309 2917/1/6281 2925/1/6301
f 6479/1/6309 6481/1/6313 2926/1/6302 2918/1/6282
f 6482/1/6314 6483/1/6315 2927/1/6306 2919/1/6286
f 6483/1/6315 6482/1/6314 2920/1/6287 2928/1/6307
f 6483/1/6315 6484/1/6316 2931/1/6317 2927/1/6306
f 6484/1/6316 6483/1/6315 2928/1/6307 2932/1/6318
f 6484/1/6316 6482/1/6314 2919/1/6286 2931/1/6317
f 6482/1/6314 6484/1/6316 2932/1/6318 2920/1/6287
f 6485/1/6319 6486/1/6320 2925/1/6301 2933/1/6321
f 6486/1/6320 6485/1/6319 2934/1/6322 2926/1/6302
f 6486/1/6320 6487/1/6323 2929/1/6311 2925/1/6301
f 6487/1/6323 6486/1/6320 2926/1/6302 2930/1/6312
f 6487/1/6323 6485/1/6319 2933/1/6321 2929/1/6311
f 6485/1/6319 6487/1/6323 2930/1/6312 2934/1/6322
f 6488/1/6324 6489/1/6325 2931/1/6317 2933/1/6321
f 6489/1/6325 6488/1/6324 2934/1/6322 2932/1/6318
f 6489/1/6325 6490/1/6326 2927/1/6306 2931/1/6317
f 6490/1/6326 6489/1/6325 2932/1/6318 2928/1/6307
f 6490/1/6326 6488/1/6324 2933/1/6321 2927/1/6306
f 6488/1/6324 6490/1/6326 2928/1/6307 2934/1/6322
f 6491/1/6327 6492/1/6328 2933/1/6321 2925/1/6301
f 6492/1/6328 6491/1/6327 2926/1/6302 2934/1/6322
f 6492/1/6328 6493/1/6329 2935/1/6330 2933/1/6321
f 6493/1/6329 6492/1/6328 2934/1/6322 2936/1/6331
f 6493/1/6329 6491/1/6327 2925/1/6301 2935/1/6330
f 6491/1/6327 6493/1/6329 2936/1/6331 2926/1/6302
f 6494/1/6332 6495/1/6333 2935/1/6330 2927/1/6306
f 6495/1/6333 6494/1/6332 2928/1/6307 2936/1/6331
f 6495/1/6333 6496/1/6334 2933/1/6321 2935/1/6330
f 6496/1/6334 6495/1/6333 2936/1/6331 2934/1/6322
f 6496/1/6334 6494/1/6332 2927/1/6306 2933/1/6321
f 6494/1/6332 6496/1/6334 2934/1/6322 2928/1/6307
f 6497/1/6335 6498/1/6336 2939/1/6337 2937/1/6338
f 6498/1/6336 6497/1/6335 2938/1/6339 2940/1/6340
f 6498/1/6336 6499/1/6341 2941/1/6342 2939/1/6337
f 6499/1/6341 6498/1/6336 2940/1/6340 2942/1/6343
f 6499/1/6341 6497/1/6335 2937/1/6338 2941/1/6342
f 6497/1/6335 6499/1/6341 2942/1/6343 2938/1/6339
f 6500/1/6344 6501/1/6345 2941/1/6342 2937/1/6338
f 6501/1/6345 6500/1/6344 2938/1/6339 2942/1/6343
f 6501/1/6345 6502/1/6346 2943/1/6347 2941/1/6342
f 6502/1/6346 6501/1/6345 2942/1/6343 2944/1/6348
f 6502/1/6346 6500/1/6344 2937/1/6338 2943/1/6347
f 6500/1/6344 6502/1/6346 2944/1/6348 2938/1/6339
o Cube
v 6.232280 2.512342 0.003412
v 6.232274 2.512336 0.003418
v 6.232280 2.519265 0.003412
v 6.232274 2.519271 0.003418
v 6.232280 2.512342 -0.003465
v 6.232274 2.512336 -0.003471
v 6.232280 2.519265 -0.003465
v 6.232274 2.519271 -0.003471
v 6.241038 2.512342 0.003412
v 6.241045 2.512336 0.003418
v 6.241038 2.519265 0.003412
v 6.241045 2.519271 0.003418
v 6.241038 2.512342 -0.003465
v 6.241045 2.512336 -0.003471
v 6.241038 2.519265 -0.003465
v 6.241045 2.519271 -0.003471
v 6.232277 2.512345 0.003409
v 6.232277 2.519262 0.003409
v 6.232277 2.519262 -0.003463
v 6.232277 2.512345 -0.003463
v 6.232283 2.512345 -0.003468
v 6.232283 2.519262 -0.003468
v 6.241035 2.519262 -0.003468
v 6.241035 2.512345 -0.003468
v 6.241041 2.512345 -0.003463
v 6.241041 2.519262 -0.003463
v 6.241041 2.519262 0.003409
v 6.241041 2.512345 0.003409
v 6.241035 2.512345 0.003415
v 6.241035 2.519262 0.003415
v 6.232283 2.519262 0.003415
v 6.232283 2.512345 0.003415
v 6.232283 2.512339 -0.003463
v 6.241035 2.512339 -0.003463
v 6.241035 2.512339 0.003409
v 6.232283 2.512339 0.003409
v 6.241035 2.519268 -0.003463
v 6.232283 2.519268 -0.003463
v 6.232283 2.519268 0.003409
v 6.241035 2.519268 0.003409
vn -0.4742 0.6161 -0.6290
vn -0.4742 -0.6161 -0.6290
vn 0.5694 -0.5832 -0.5794
vn 0.5684 0.5821 -0.5815
vn -0.5798 -0.5811 0.5711
vn -0.5771 0.5784 0.5765
vn -0.4742 -0.6160 0.6290
vn 0.5694 -0.5832 0.5794
vn -0.5771 0.5784 -0.5765
vn -0.4742 0.6160 0.6290
vn 0.5684 0.5821 0.5815
vn -0.5798 -0.5811 -0.5711
vn 0.6313 0.6191 -0.4671
vn 0.6198 -0.6250 -0.4746
vn -0.6198 -0.6250 -0.4746
vn -0.5694 -0.5832 0.5794
vn 0.5771 0.5784 -0.5765
vn -0.6313 0.6191 -0.4671
vn -0.5684 0.5821 0.5815
vn 0.5798 -0.5811 -0.5711
vn 0.4742 0.6160 0.6290
vn 0.4742 -0.6160 0.6290
vn 0.4742 -0.6161 -0.6290
vn -0.5694 -0.5832 -0.5794
vn 0.5771 0.5784 0.5765
vn 0.4742 0.6161 -0.6290
vn -0.5684 0.5821 -0.5815
vn 0.5798 -0.5811 0.5711
vn -0.6313 0.6191 0.4671
vn -0.6197 -0.6250 0.4746
vn 0.6197 -0.6250 0.4746
vn 0.6313 0.6191 0.4671
vn 0.6178 -0.4542 0.6419
vn -0.6178 -0.4542 0.6419
vn -0.6178 -0.4542 -0.6419
vn 0.6178 -0.4542 -0.6419
vn -0.6136 0.4687 0.6354
vn 0.6136 0.4687 0.6354
vn 0.6136 0.4687 -0.6354
vn -0.6136 0.4687 -0.6354
vt 0.375000 0.000000
vt 0.625000 0.000000
vt 0.625000 0.250000
vt 0.375000 0.250000
vt 0.625000 0.500000
vt 0.375000 0.500000
vt 0.625000 0.750000
vt 0.375000 0.750000
vt 0.625000 1.000000
vt 0.375000 1.000000
vt 0.125000 0.500000
vt 0.125000 0.750000
vt 0.875000 0.500000
vt 0.875000 0.750000
s 1
f 6519/2/6349 6520/3/6350 6505/3/6351 6503/2/6352
f 6520/3/6350 6519/2/6349 6504/2/6353 6506/3/6354
f 6520/3/6350 6521/4/6355 6509/4/6356 6505/3/6351
f 6521/4/6355 6520/3/6350 6506/3/6354 6510/4/6357
f 6521/4/6355 6522/5/6358 6507/5/6359 6509/4/6356
f 6522/5/6358 6521/4/6355 6510/4/6357 6508/5/6360
f 6522/5/6358 6519/2/6349 6503/2/6352 6507/5/6359
f 6519/2/6349 6522/5/6358 6508/5/6360 6504/2/6353
f 6523/5/6361 6524/4/6362 6509/4/6356 6507/5/6359
f 6524/4/6362 6523/5/6361 6508/5/6360 6510/4/6357
f 6524/4/6362 6525/6/6363 6517/6/6364 6509/4/6356
f 6525/6/6363 6524/4/6362 6510/4/6357 6518/6/6365
f 6525/6/6363 6526/7/6366 6515/7/6367 6517/6/6364
f 6526/7/6366 6525/6/6363 6518/6/6365 6516/7/6368
f 6526/7/6366 6523/5/6361 6507/5/6359 6515/7/6367
f 6523/5/6361 6526/7/6366 6516/7/6368 6508/5/6360
f 6527/7/6369 6528/6/6370 6517/6/6364 6515/7/6367
f 6528/6/6370 6527/7/6369 6516/7/6368 6518/6/6365
f 6528/6/6370 6529/8/6371 6513/8/6372 6517/6/6364
f 6529/8/6371 6528/6/6370 6518/6/6365 6514/8/6373
f 6529/8/6371 6530/9/6374 6511/9/6375 6513/8/6372
f 6530/9/6374 6529/8/6371 6514/8/6373 6512/9/6376
f 6530/9/6374 6527/7/6369 6515/7/6367 6511/9/6375
f 6527/7/6369 6530/9/6374 6512/9/6376 6516/7/6368
f 6531/9/6377 6532/8/6378 6513/8/6372 6511/9/6375
f 6532/8/6378 6531/9/6377 6512/9/6376 6514/8/6373
f 6532/8/6378 6533/10/6379 6505/10/6351 6513/8/6372
f 6533/10/6379 6532/8/6378 6514/8/6373 6506/10/6354
f 6533/10/6379 6534/11/6380 6503/11/6352 6505/10/6351
f 6534/11/6380 6533/10/6379 6506/10/6354 6504/11/6353
f 6534/11/6380 6531/9/6377 6511/9/6375 6503/11/6352
f 6531/9/6377 6534/11/6380 6504/11/6353 6512/9/6376
f 6535/12/6381 6536/7/6382 6515/7/6367 6507/12/6359
f 6536/7/6382 6535/12/6381 6508/12/6360 6516/7/6368
f 6536/7/6382 6537/9/6383 6511/9/6375 6515/7/6367
f 6537/9/6383 6536/7/6382 6516/7/6368 6512/9/6376
f 6537/9/6383 6538/13/6384 6503/13/6352 6511/9/6375
f 6538/13/6384 6537/9/6383 6512/9/6376 6504/13/6353
f 6538/13/6384 6535/12/6381 6507/12/6359 6503/13/6352
f 6535/12/6381 6538/13/6384 6504/13/6353 6508/12/6360
f 6539/6/6385 6540/14/6386 6509/14/6356 6517/6/6364
f 6540/14/6386 6539/6/6385 6518/6/6365 6510/14/6357
f 6540/14/6386 6541/15/6387 6505/15/6351 6509/14/6356
f 6541/15/6387 6540/14/6386 6510/14/6357 6506/15/6354
f 6541/15/6387 6542/8/6388 6513/8/6372 6505/15/6351
f 6542/8/6388 6541/15/6387 6506/15/6354 6514/8/6373
f 6542/8/6388 6539/6/6385 6517/6/6364 6513/8/6372
f 6539/6/6385 6542/8/6388 6514/8/6373 6518/6/6365
