# Blender 5.2.0 LTS
# www.blender.org
o Cube
v 6.232280 2.512342 0.003412
v 6.232274 2.512336 0.003418
v 6.232280 2.519265 0.003412
v 6.232274 2.519271 0.003418
v 6.232280 2.512342 -0.003465
v 6.232274 2.512336 -0.003471
v 6.232280 2.519265 -0.003465
v 6.232274 2.519271 -0.003471
v 6.241038 2.512342 0.003412
v 6.241045 2.512336 0.003418
v 6.241038 2.519265 0.003412
v 6.241045 2.519271 0.003418
v 6.241038 2.512342 -0.003465
v 6.241045 2.512336 -0.003471
v 6.241038 2.519265 -0.003465
v 6.241045 2.519271 -0.003471
v 6.232277 2.512345 0.003409
v 6.232277 2.519262 0.003409
v 6.232277 2.519262 -0.003463
v 6.232277 2.512345 -0.003463
v 6.232283 2.512345 -0.003468
v 6.232283 2.519262 -0.003468
v 6.241035 2.519262 -0.003468
v 6.241035 2.512345 -0.003468
v 6.241041 2.512345 -0.003463
v 6.241041 2.519262 -0.003463
v 6.241041 2.519262 0.003409
v 6.241041 2.512345 0.003409
v 6.241035 2.512345 0.003415
v 6.241035 2.519262 0.003415
v 6.232283 2.519262 0.003415
v 6.232283 2.512345 0.003415
v 6.232283 2.512339 -0.003463
v 6.241035 2.512339 -0.003463
v 6.241035 2.512339 0.003409
v 6.232283 2.512339 0.003409
v 6.241035 2.519268 -0.003463
v 6.232283 2.519268 -0.003463
v 6.232283 2.519268 0.003409
v 6.241035 2.519268 0.003409
vn -0.4742 0.6161 -0.6290
vn -0.4742 -0.6161 -0.6290
vn 0.5694 -0.5832 -0.5794
vn 0.5684 0.5821 -0.5815
vn -0.5798 -0.5811 0.5711
vn -0.5771 0.5784 0.5765
vn -0.4742 -0.6160 0.6290
vn 0.5694 -0.5832 0.5794
vn -0.5771 0.5784 -0.5765
vn -0.4742 0.6160 0.6290
vn 0.5684 0.5821 0.5815
vn -0.5798 -0.5811 -0.5711
vn 0.6313 0.6191 -0.4671
vn 0.6198 -0.6250 -0.4746
vn -0.6198 -0.6250 -0.4746
vn -0.5694 -0.5832 0.5794
vn 0.5771 0.5784 -0.5765
vn -0.6313 0.6191 -0.4671
vn -0.5684 0.5821 0.5815
vn 0.5798 -0.5811 -0.5711
vn 0.4742 0.6160 0.6290
vn 0.4742 -0.6160 0.6290
vn 0.4742 -0.6161 -0.6290
vn -0.5694 -0.5832 -0.5794
vn 0.5771 0.5784 0.5765
vn 0.4742 0.6161 -0.6290
vn -0.5684 0.5821 -0.5815
vn 0.5798 -0.5811 0.5711
vn -0.6313 0.6191 0.4671
vn -0.6197 -0.6250 0.4746
vn 0.6197 -0.6250 0.4746
vn 0.6313 0.6191 0.4671
vn 0.6178 -0.4542 0.6419
vn -0.6178 -0.4542 0.6419
vn -0.6178 -0.4542 -0.6419
vn 0.6178 -0.4542 -0.6419
vn -0.6136 0.4687 0.6354
vn 0.6136 0.4687 0.6354
vn 0.6136 0.4687 -0.6354
vn -0.6136 0.4687 -0.6354
vt 0.375000 0.000000
vt 0.625000 0.000000
vt 0.625000 0.250000
vt 0.375000 0.250000
vt 0.625000 0.500000
vt 0.375000 0.500000
vt 0.625000 0.750000
vt 0.375000 0.750000
vt 0.625000 1.000000
vt 0.375000 1.000000
vt 0.125000 0.500000
vt 0.125000 0.750000
vt 0.875000 0.500000
vt 0.875000 0.750000
s 1
f 17/1/1 18/2/2 3/2/3 1/1/4
f 18/2/2 17/1/1 2/1/5 4/2/6
f 18/2/2 19/3/7 7/3/8 3/2/3
f 19/3/7 18/2/2 4/2/6 8/3/9
f 19/3/7 20/4/10 5/4/11 7/3/8
f 20/4/10 19/3/7 8/3/9 6/4/12
f 20/4/10 17/1/1 1/1/4 5/4/11
f 17/1/1 20/4/10 6/4/12 2/1/5
f 21/4/13 22/3/14 7/3/8 5/4/11
f 22/3/14 21/4/13 6/4/12 8/3/9
f 22/3/14 23/5/15 15/5/16 7/3/8
f 23/5/15 22/3/14 8/3/9 16/5/17
f 23/5/15 24/6/18 13/6/19 15/5/16
f 24/6/18 23/5/15 16/5/17 14/6/20
f 24/6/18 21/4/13 5/4/11 13/6/19
f 21/4/13 24/6/18 14/6/20 6/4/12
f 25/6/21 26/5/22 15/5/16 13/6/19
f 26/5/22 25/6/21 14/6/20 16/5/17
f 26/5/22 27/7/23 11/7/24 15/5/16
f 27/7/23 26/5/22 16/5/17 12/7/25
f 27/7/23 28/8/26 9/8/27 11/7/24
f 28/8/26 27/7/23 12/7/25 10/8/28
f 28/8/26 25/6/21 13/6/19 9/8/27
f 25/6/21 28/8/26 10/8/28 14/6/20
f 29/8/29 30/7/30 11/7/24 9/8/27
f 30/7/30 29/8/29 10/8/28 12/7/25
f 30/7/30 31/9/31 3/9/3 11/7/24
f 31/9/31 30/7/30 12/7/25 4/9/6
f 31/9/31 32/10/32 1/10/4 3/9/3
f 32/10/32 31/9/31 4/9/6 2/10/5
f 32/10/32 29/8/29 9/8/27 1/10/4
f 29/8/29 32/10/32 2/10/5 10/8/28
f 33/11/33 34/6/34 13/6/19 5/11/11
f 34/6/34 33/11/33 6/11/12 14/6/20
f 34/6/34 35/8/35 9/8/27 13/6/19
f 35/8/35 34/6/34 14/6/20 10/8/28
f 35/8/35 36/12/36 1/12/4 9/8/27
f 36/12/36 35/8/35 10/8/28 2/12/5
f 36/12/36 33/11/33 5/11/11 1/12/4
f 33/11/33 36/12/36 2/12/5 6/11/12
f 37/5/37 38/13/38 7/13/8 15/5/16
f 38/13/38 37/5/37 16/5/17 8/13/9
f 38/13/38 39/14/39 3/14/3 7/13/8
f 39/14/39 38/13/38 8/13/9 4/14/6
f 39/14/39 40/7/40 11/7/24 3/14/3
f 40/7/40 39/14/39 4/14/6 12/7/25
f 40/7/40 37/5/37 15/5/16 11/7/24
f 37/5/37 40/7/40 12/7/25 16/5/17
o 112741123615460.001
v 0.419235 0.025843 0.047601
v 0.419235 0.025843 0.047637
v 0.409548 0.016157 0.047603
v 0.409548 0.016157 0.047635
v 0.416398 0.018994 0.047608
v 0.416398 0.018994 0.047630
v 0.399863 0.025843 0.047601
v 0.399863 0.025843 0.047637
v 0.402699 0.018994 0.047608
v 0.402699 0.018994 0.047630
v 0.409548 0.035529 0.047603
v 0.409548 0.035529 0.047635
v 0.416398 0.032692 0.047608
v 0.416398 0.032692 0.047630
v 0.402699 0.032692 0.047608
v 0.402699 0.032692 0.047630
v 0.397899 0.014193 0.027168
v 0.397867 0.014161 0.027182
v 0.402716 0.019011 0.047611
v 0.402682 0.018977 0.047627
v 0.393078 0.025843 0.027166
v 0.393024 0.025843 0.027184
v 0.409548 0.009373 0.027166
v 0.409548 0.009319 0.027184
v 0.399880 0.025843 0.047613
v 0.399846 0.025843 0.047625
v 0.409548 0.016174 0.047613
v 0.409548 0.016140 0.047625
v 0.402716 0.032675 0.047611
v 0.402682 0.032709 0.047627
v 0.416381 0.019011 0.047611
v 0.416415 0.018977 0.047627
v 0.397899 0.037492 0.027168
v 0.397867 0.037524 0.027182
v 0.421198 0.014193 0.027168
v 0.421230 0.014161 0.027182
v 0.409548 0.042313 0.027166
v 0.409548 0.042367 0.027184
v 0.426019 0.025843 0.027166
v 0.426073 0.025843 0.027184
v 0.409548 0.035512 0.047613
v 0.409548 0.035546 0.047625
v 0.419218 0.025843 0.047613
v 0.419252 0.025843 0.047625
v 0.416381 0.032675 0.047611
v 0.416415 0.032709 0.047627
v 0.421198 0.037492 0.027168
v 0.421230 0.037524 0.027182
v 0.425877 0.042172 -0.018382
v 0.425877 0.042172 -0.018434
v 0.409548 0.058627 -0.018376
v 0.409548 0.058627 -0.018440
v 0.432731 0.049025 -0.018377
v 0.432731 0.049025 -0.018439
v 0.409548 0.048935 -0.018385
v 0.409548 0.048935 -0.018431
v 0.432641 0.025843 -0.018381
v 0.432641 0.025843 -0.018435
v 0.393219 0.042172 -0.018382
v 0.393219 0.042172 -0.018434
v 0.442333 0.025843 -0.018378
v 0.442333 0.025843 -0.018438
v 0.386366 0.049025 -0.018377
v 0.386366 0.049025 -0.018439
v 0.432731 0.002661 -0.018377
v 0.432731 0.002661 -0.018439
v 0.386455 0.025843 -0.018381
v 0.386455 0.025843 -0.018435
v 0.425877 0.009514 -0.018382
v 0.425877 0.009514 -0.018434
v 0.376763 0.025843 -0.018378
v 0.376763 0.025843 -0.018438
v 0.409548 -0.006942 -0.018376
v 0.409548 -0.006942 -0.018440
v 0.386366 0.002661 -0.018377
v 0.386366 0.002661 -0.018439
v 0.409548 0.002751 -0.018385
v 0.409548 0.002751 -0.018431
v 0.393219 0.009514 -0.018382
v 0.393219 0.009514 -0.018434
v 0.432498 0.025843 0.027153
v 0.432498 0.025843 0.027197
v 0.425776 0.042071 0.027154
v 0.425776 0.042071 0.027196
v 0.421214 0.037508 0.027156
v 0.421214 0.037508 0.027194
v 0.409548 0.048792 0.027153
v 0.409548 0.048792 0.027197
v 0.426046 0.025843 0.027157
v 0.426046 0.025843 0.027193
v 0.409548 0.042340 0.027157
v 0.409548 0.042340 0.027193
v 0.425776 0.009615 0.027153
v 0.425776 0.009615 0.027197
v 0.393321 0.042071 0.027153
v 0.393321 0.042071 0.027197
v 0.421214 0.014177 0.027157
v 0.421214 0.014177 0.027193
v 0.397883 0.037508 0.027157
v 0.397883 0.037508 0.027193
v 0.409548 0.002894 0.027153
v 0.409548 0.002894 0.027197
v 0.386599 0.025843 0.027153
v 0.386599 0.025843 0.027197
v 0.409548 0.009346 0.027159
v 0.409548 0.009346 0.027191
v 0.393051 0.025843 0.027157
v 0.393051 0.025843 0.027193
v 0.397883 0.014177 0.027157
v 0.397883 0.014177 0.027193
v 0.393321 0.009615 0.027153
v 0.393321 0.009615 0.027197
v 0.425763 0.042058 0.027153
v 0.425789 0.042084 0.027197
v 0.409548 0.058605 0.018697
v 0.409548 0.058649 0.018749
v 0.409548 0.048776 0.027157
v 0.409548 0.048808 0.027193
v 0.393334 0.042058 0.027154
v 0.393308 0.042084 0.027196
v 0.432716 0.049010 0.018699
v 0.432746 0.049040 0.018747
v 0.386381 0.049010 0.018698
v 0.386351 0.049040 0.018748
v 0.442312 0.025843 0.018698
v 0.442354 0.025843 0.018748
v 0.386618 0.025843 0.027153
v 0.386580 0.025843 0.027197
v 0.432480 0.025843 0.027154
v 0.432516 0.025843 0.027196
v 0.376784 0.025843 0.018699
v 0.376742 0.025843 0.018747
v 0.432715 0.002677 0.018697
v 0.432747 0.002645 0.018749
v 0.386381 0.002676 0.018698
v 0.386351 0.002646 0.018748
v 0.425765 0.009626 0.027157
v 0.425787 0.009604 0.027193
v 0.393334 0.009628 0.027154
v 0.393308 0.009602 0.027196
v 0.409548 0.002912 0.027154
v 0.409548 0.002876 0.027196
v 0.409548 -0.006921 0.018698
v 0.409548 -0.006963 0.018748
v 0.386401 0.002696 -0.018408
v 0.386331 0.002626 -0.018408
v 0.409548 -0.006892 -0.018408
v 0.409548 -0.006992 -0.018408
v 0.386401 0.002696 0.018723
v 0.386331 0.002626 0.018723
v 0.409548 -0.006892 0.018723
v 0.409548 -0.006992 0.018723
v 0.376813 0.025843 0.018723
v 0.376713 0.025843 0.018723
v 0.432696 0.002696 -0.018408
v 0.432766 0.002626 -0.018408
v 0.376813 0.025843 -0.018408
v 0.376713 0.025843 -0.018408
v 0.432696 0.002696 0.018723
v 0.432766 0.002626 0.018723
v 0.386401 0.048990 0.018723
v 0.386331 0.049060 0.018723
v 0.442283 0.025843 -0.018408
v 0.442383 0.025843 -0.018408
v 0.386401 0.048990 -0.018408
v 0.386331 0.049060 -0.018408
v 0.442283 0.025843 0.018723
v 0.442383 0.025843 0.018723
v 0.409548 0.058577 0.018723
v 0.409548 0.058677 0.018723
v 0.432696 0.048990 -0.018408
v 0.432766 0.049060 -0.018408
v 0.409548 0.058577 -0.018408
v 0.409548 0.058677 -0.018408
v 0.432696 0.048990 0.018723
v 0.432766 0.049060 0.018723
v 0.409548 0.002788 -0.047619
v 0.409548 0.002714 -0.047619
v 0.409548 0.002788 -0.018408
v 0.409548 0.002714 -0.018408
v 0.393245 0.009540 -0.047619
v 0.393193 0.009488 -0.047619
v 0.393245 0.009540 -0.018408
v 0.393193 0.009488 -0.018408
v 0.425851 0.009540 -0.018408
v 0.425903 0.009488 -0.018408
v 0.386492 0.025843 -0.047619
v 0.386418 0.025843 -0.047619
v 0.425851 0.009540 -0.047619
v 0.425903 0.009488 -0.047619
v 0.386492 0.025843 -0.018408
v 0.386418 0.025843 -0.018408
v 0.432604 0.025843 -0.018408
v 0.432678 0.025843 -0.018408
v 0.393245 0.042146 -0.047619
v 0.393193 0.042198 -0.047619
v 0.432604 0.025843 -0.047619
v 0.432678 0.025843 -0.047619
v 0.393245 0.042146 -0.018408
v 0.393193 0.042198 -0.018408
v 0.425851 0.042146 -0.018408
v 0.425903 0.042198 -0.018408
v 0.409548 0.048898 -0.047619
v 0.409548 0.048972 -0.047619
v 0.425851 0.042146 -0.047619
v 0.425903 0.042198 -0.047619
v 0.409548 0.048898 -0.018408
v 0.409548 0.048972 -0.018408
v 0.419182 0.025764 0.047619
v 0.409615 0.016202 0.047619
v 0.416389 0.019003 0.047619
v 0.419190 0.025825 0.047619
v 0.399908 0.025825 0.047619
v 0.409548 0.016179 0.047619
v 0.409481 0.016202 0.047619
v 0.399916 0.025764 0.047619
v 0.402708 0.019003 0.047619
v 0.399908 0.025861 0.047619
v 0.419190 0.025861 0.047619
v 0.409548 0.035507 0.047619
v 0.409615 0.035484 0.047619
v 0.419182 0.025922 0.047619
v 0.416389 0.032683 0.047619
v 0.399916 0.025922 0.047619
v 0.409481 0.035484 0.047619
v 0.402708 0.032683 0.047619
v 0.397879 0.014204 0.027197
v 0.402669 0.018997 0.047533
v 0.393076 0.025805 0.027202
v 0.409510 0.009371 0.027202
v 0.402702 0.018964 0.047533
v 0.397910 0.014173 0.027197
v 0.393117 0.025817 0.027339
v 0.402677 0.019028 0.047595
v 0.399864 0.025826 0.047602
v 0.402733 0.018972 0.047595
v 0.409522 0.009412 0.027339
v 0.409531 0.016158 0.047602
v 0.402677 0.032658 0.047595
v 0.393117 0.025869 0.027339
v 0.399864 0.025860 0.047602
v 0.409574 0.009412 0.027339
v 0.416364 0.018972 0.047595
v 0.409565 0.016158 0.047602
v 0.393076 0.025881 0.027202
v 0.402669 0.032689 0.047533
v 0.397879 0.037481 0.027197
v 0.416395 0.018964 0.047533
v 0.409586 0.009371 0.027202
v 0.421187 0.014173 0.027197
v 0.402702 0.032722 0.047533
v 0.409510 0.042315 0.027202
v 0.397910 0.037512 0.027197
v 0.426021 0.025805 0.027202
v 0.416428 0.018997 0.047533
v 0.421218 0.014204 0.027197
v 0.409522 0.042274 0.027339
v 0.402733 0.032714 0.047595
v 0.409531 0.035528 0.047602
v 0.416420 0.019028 0.047595
v 0.425980 0.025817 0.027339
v 0.419234 0.025826 0.047602
v 0.416364 0.032714 0.047595
v 0.409574 0.042274 0.027339
v 0.409565 0.035528 0.047602
v 0.425980 0.025869 0.027339
v 0.416420 0.032658 0.047595
v 0.419234 0.025860 0.047602
v 0.409586 0.042315 0.027202
v 0.416395 0.032722 0.047533
v 0.421187 0.037512 0.027197
v 0.421218 0.037481 0.027197
v 0.416428 0.032689 0.047533
v 0.426021 0.025881 0.027202
v 0.425877 0.042208 -0.018408
v 0.409682 0.058537 -0.018408
v 0.432676 0.049014 -0.018408
v 0.409580 0.058550 -0.018408
v 0.425769 0.042244 -0.018408
v 0.409571 0.048950 -0.018408
v 0.432700 0.048950 -0.018408
v 0.432614 0.025980 -0.018408
v 0.425907 0.042166 -0.018408
v 0.393327 0.042244 -0.018408
v 0.409516 0.058550 -0.018408
v 0.409525 0.048950 -0.018408
v 0.432762 0.048870 -0.018408
v 0.442288 0.025873 -0.018408
v 0.432669 0.025870 -0.018408
v 0.409414 0.058537 -0.018408
v 0.393219 0.042208 -0.018408
v 0.386421 0.049014 -0.018408
v 0.432762 0.002816 -0.018408
v 0.432669 0.025816 -0.018408
v 0.442288 0.025813 -0.018408
v 0.386482 0.025980 -0.018408
v 0.386397 0.048950 -0.018408
v 0.393189 0.042166 -0.018408
v 0.432614 0.025706 -0.018408
v 0.432700 0.002736 -0.018408
v 0.425907 0.009520 -0.018408
v 0.386335 0.048870 -0.018408
v 0.386427 0.025870 -0.018408
v 0.376808 0.025873 -0.018408
v 0.409682 -0.006852 -0.018408
v 0.425877 0.009478 -0.018408
v 0.432676 0.002672 -0.018408
v 0.386427 0.025816 -0.018408
v 0.386335 0.002816 -0.018408
v 0.376808 0.025813 -0.018408
v 0.425769 0.009442 -0.018408
v 0.409580 -0.006865 -0.018408
v 0.409571 0.002736 -0.018408
v 0.386397 0.002736 -0.018408
v 0.386482 0.025706 -0.018408
v 0.393189 0.009520 -0.018408
v 0.393327 0.009442 -0.018408
v 0.409525 0.002736 -0.018408
v 0.409516 -0.006865 -0.018408
v 0.409414 -0.006852 -0.018408
v 0.386421 0.002672 -0.018408
v 0.393219 0.009478 -0.018408
v 0.432434 0.025940 0.027175
v 0.425769 0.042034 0.027175
v 0.421241 0.037508 0.027175
v 0.409645 0.048728 0.027175
v 0.421214 0.037535 0.027175
v 0.425739 0.042064 0.027175
v 0.432447 0.025865 0.027175
v 0.421271 0.037422 0.027175
v 0.426058 0.025861 0.027175
v 0.421128 0.037565 0.027175
v 0.409570 0.048741 0.027175
v 0.409566 0.042352 0.027175
v 0.425800 0.009729 0.027175
v 0.432466 0.025821 0.027175
v 0.426064 0.025825 0.027175
v 0.393435 0.042095 0.027175
v 0.409530 0.042358 0.027175
v 0.409526 0.048760 0.027175
v 0.425755 0.009666 0.027175
v 0.426026 0.025749 0.027175
v 0.421235 0.014181 0.027175
v 0.409454 0.042320 0.027175
v 0.393372 0.042050 0.027175
v 0.397887 0.037529 0.027175
v 0.421214 0.014152 0.027175
v 0.409647 0.002959 0.027175
v 0.425738 0.009623 0.027175
v 0.386663 0.025940 0.027175
v 0.397858 0.037508 0.027175
v 0.393329 0.042033 0.027175
v 0.409570 0.002946 0.027175
v 0.421134 0.014124 0.027175
v 0.409564 0.009335 0.027175
v 0.397830 0.037428 0.027175
v 0.386650 0.025865 0.027175
v 0.393039 0.025861 0.027175
v 0.397963 0.014124 0.027175
v 0.409526 0.002946 0.027175
v 0.409532 0.009335 0.027175
v 0.393297 0.009729 0.027175
v 0.393033 0.025825 0.027175
v 0.386631 0.025821 0.027175
v 0.409449 0.002959 0.027175
v 0.397883 0.014152 0.027175
v 0.393359 0.009623 0.027175
v 0.393071 0.025749 0.027175
v 0.393342 0.009666 0.027175
v 0.397862 0.014181 0.027175
v 0.425684 0.042132 0.027155
v 0.409581 0.058556 0.018772
v 0.409571 0.048801 0.027159
v 0.393407 0.042128 0.027156
v 0.409525 0.048801 0.027159
v 0.409515 0.058556 0.018772
v 0.409654 0.058556 0.018746
v 0.425772 0.042107 0.027145
v 0.432683 0.049020 0.018745
v 0.409442 0.058556 0.018746
v 0.386416 0.049020 0.018745
v 0.393324 0.042105 0.027147
v 0.442264 0.025947 0.018745
v 0.432726 0.048977 0.018745
v 0.425812 0.042067 0.027145
v 0.386392 0.048954 0.018771
v 0.386621 0.025951 0.027155
v 0.393295 0.042060 0.027156
v 0.442264 0.025875 0.018771
v 0.425837 0.041979 0.027155
v 0.432509 0.025869 0.027156
v 0.386576 0.025871 0.027145
v 0.386342 0.048903 0.018745
v 0.376801 0.025873 0.018745
v 0.432756 0.002786 0.018746
v 0.442294 0.025811 0.018745
v 0.432520 0.025817 0.027147
v 0.386342 0.002783 0.018745
v 0.386576 0.025815 0.027145
v 0.376801 0.025813 0.018745
v 0.432704 0.002734 0.018772
v 0.432478 0.025742 0.027156
v 0.425799 0.009625 0.027159
v 0.386621 0.025735 0.027155
v 0.386392 0.002732 0.018771
v 0.393295 0.009626 0.027156
v 0.409649 0.002914 0.027156
v 0.432658 0.002688 0.018772
v 0.425766 0.009592 0.027159
v 0.409444 -0.006873 0.018745
v 0.393324 0.009581 0.027147
v 0.386416 0.002666 0.018745
v 0.432606 0.002636 0.018746
v 0.409574 0.002872 0.027147
v 0.409580 -0.006903 0.018745
v 0.393407 0.009558 0.027156
v 0.409516 -0.006873 0.018771
v 0.409522 0.002883 0.027156
v 0.386412 0.002642 -0.018358
v 0.409462 -0.006906 -0.018358
v 0.386412 0.002642 0.018561
v 0.409502 -0.006923 -0.018246
v 0.409502 -0.006923 0.018673
v 0.386452 0.002625 0.018673
v 0.386347 0.002707 -0.018246
v 0.386347 0.002707 0.018673
v 0.376799 0.025757 0.018673
v 0.409594 -0.006923 -0.018358
v 0.432645 0.002625 -0.018358
v 0.409594 -0.006923 0.018561
v 0.376782 0.025797 -0.018358
v 0.386330 0.002747 -0.018358
v 0.376782 0.025797 0.018561
v 0.432685 0.002642 -0.018246
v 0.432685 0.002642 0.018673
v 0.409634 -0.006906 0.018673
v 0.376782 0.025889 -0.018246
v 0.376782 0.025889 0.018673
v 0.386330 0.048939 0.018673
v 0.432750 0.002707 -0.018358
v 0.442297 0.025757 -0.018358
v 0.432750 0.002707 0.018561
v 0.386347 0.048979 -0.018358
v 0.376799 0.025929 -0.018358
v 0.386347 0.048979 0.018561
v 0.442314 0.025797 -0.018246
v 0.442314 0.025797 0.018673
v 0.432767 0.002747 0.018673
v 0.386412 0.049044 -0.018246
v 0.386412 0.049044 0.018673
v 0.409462 0.058591 0.018673
v 0.442314 0.025889 -0.018358
v 0.432767 0.048939 -0.018358
v 0.442314 0.025889 0.018561
v 0.409502 0.058608 -0.018358
v 0.386452 0.049061 -0.018358
v 0.409502 0.058608 0.018561
v 0.432750 0.048979 -0.018246
v 0.432750 0.048979 0.018673
v 0.442297 0.025929 0.018673
v 0.409594 0.058608 -0.018246
v 0.409594 0.058608 0.018673
v 0.432645 0.049061 0.018673
v 0.432685 0.049044 -0.018358
v 0.409634 0.058591 -0.018358
v 0.432685 0.049044 0.018561
v 0.409514 0.002765 -0.047582
v 0.409514 0.002765 -0.018541
v 0.393280 0.009489 -0.047582
v 0.393253 0.009500 -0.047486
v 0.409487 0.002776 -0.018445
v 0.393253 0.009500 -0.018445
v 0.409582 0.002765 -0.047486
v 0.425816 0.009489 -0.018445
v 0.409582 0.002765 -0.018445
v 0.393205 0.009548 -0.047582
v 0.393205 0.009548 -0.018541
v 0.386480 0.025782 -0.047582
v 0.425843 0.009500 -0.047582
v 0.425843 0.009500 -0.018541
v 0.409609 0.002776 -0.047582
v 0.386469 0.025809 -0.047486
v 0.393194 0.009575 -0.018445
v 0.386469 0.025809 -0.018445
v 0.425891 0.009548 -0.047486
v 0.432616 0.025782 -0.018445
v 0.425891 0.009548 -0.018445
v 0.386469 0.025877 -0.047582
v 0.386469 0.025877 -0.018541
v 0.393194 0.042111 -0.047582
v 0.432627 0.025809 -0.047582
v 0.432627 0.025809 -0.018541
v 0.425902 0.009575 -0.047582
v 0.393205 0.042138 -0.047486
v 0.386480 0.025904 -0.018445
v 0.393205 0.042138 -0.018445
v 0.432627 0.025877 -0.047486
v 0.425902 0.042111 -0.018445
v 0.432627 0.025877 -0.018445
v 0.393253 0.042186 -0.047582
v 0.393253 0.042186 -0.018541
v 0.409487 0.048910 -0.047582
v 0.425891 0.042138 -0.047582
v 0.425891 0.042138 -0.018541
v 0.432616 0.025904 -0.047582
v 0.409514 0.048921 -0.047486
v 0.393280 0.042197 -0.018445
v 0.409514 0.048921 -0.018445
v 0.425843 0.042186 -0.047486
v 0.409609 0.048910 -0.018445
v 0.425843 0.042186 -0.018445
v 0.409582 0.048921 -0.047582
v 0.409582 0.048921 -0.018541
v 0.425816 0.042197 -0.047582
vn -0.5510 -0.8345 0.0003
vn 0.8336 0.5524 -0.0004
vn -0.0005 0.4389 -0.8985
vn -0.2598 -0.0005 -0.9657
vn -0.2597 0.0004 0.9657
vn 0.0005 0.4391 0.8984
vn -0.7071 0.7071 -0.0010
vn -0.4794 0.4784 -0.7358
vn -0.4788 0.4793 0.7356
vn -0.9240 -0.3824 0.0001
vn 0.9235 -0.3837 -0.0003
vn 0.2606 -0.0005 -0.9654
vn 0.2606 0.0004 0.9654
vn -0.0005 1.0000 -0.0007
vn -0.8330 0.5533 -0.0006
vn 0.5510 -0.8345 0.0001
vn 0.7071 0.7071 0.0006
vn 0.4794 0.4792 -0.7352
vn 0.4797 0.4793 0.7350
vn 0.9239 0.3827 0.0005
vn -0.9238 0.3829 -0.0007
vn -0.0000 -1.0000 -0.0004
vn -0.0004 -0.4384 -0.8988
vn 0.0004 -0.4382 0.8989
vn 0.8333 -0.5528 -0.0000
vn -0.5503 0.8349 -0.0008
vn -0.7070 -0.7072 -0.0006
vn -0.4788 -0.4786 -0.7359
vn -0.4787 -0.4785 0.7361
vn 0.5518 0.8340 0.0005
vn -0.8333 -0.5529 -0.0006
vn 0.7071 -0.7071 -0.0005
vn 0.4789 -0.4794 -0.7354
vn 0.4795 -0.4784 0.7357
vn -0.2505 0.7105 0.6576
vn -0.6394 -0.0630 -0.7663
vn 0.5797 0.5795 -0.5728
vn 0.6984 0.6983 0.1569
vn -0.5088 -0.5088 0.6945
vn -0.7015 -0.7011 0.1283
vn 0.4444 -0.7315 0.5171
vn 1.0000 -0.0003 -0.0018
vn -0.8318 0.0005 0.5550
vn -0.7311 0.4444 0.5178
vn -0.0624 -0.6401 -0.7658
vn -0.0002 1.0000 -0.0019
vn 0.0006 -0.8318 0.5551
vn 0.7104 -0.2508 0.6576
vn -0.0840 -0.3552 0.9310
vn -0.5011 0.7083 -0.4972
vn -0.0932 -0.7601 -0.6431
vn 0.6939 -0.0003 -0.7201
vn -0.9925 0.0004 -0.1225
vn 0.7074 -0.5026 -0.4970
vn -0.3563 -0.0890 0.9301
vn -0.7599 -0.0937 -0.6432
vn 0.0002 0.6939 -0.7200
vn 0.0002 -0.9925 -0.1221
vn -0.5013 -0.7082 -0.4971
vn -0.0843 0.3553 0.9310
vn 0.5796 -0.5796 -0.5728
vn -0.7015 0.7010 0.1282
vn -0.0930 0.7596 -0.6437
vn 0.3575 -0.0870 0.9298
vn -0.7078 -0.5023 -0.4968
vn -0.5796 0.5795 -0.5729
vn 0.7014 -0.7011 0.1284
vn 0.7601 -0.0936 -0.6431
vn 0.4443 0.7312 0.5176
vn -0.6391 0.0630 -0.7665
vn -0.2504 -0.7105 0.6576
vn 0.6984 -0.6983 0.1569
vn -0.5088 0.5088 0.6945
vn 0.0634 -0.6395 -0.7662
vn 0.7315 0.4448 0.5167
vn -0.7104 -0.2508 0.6576
vn -0.6984 0.6983 0.1569
vn 0.5087 -0.5088 0.6945
vn -0.0631 0.6394 -0.7663
vn -0.7313 -0.4447 0.5171
vn -0.0000 -1.0000 -0.0016
vn -0.0002 0.8318 0.5551
vn 0.7105 0.2508 0.6575
vn -0.4446 -0.7312 0.5173
vn 0.6389 -0.0618 -0.7668
vn -1.0000 -0.0000 -0.0017
vn 0.8317 0.0001 0.5552
vn 0.2505 0.7106 0.6576
vn -0.3584 0.0881 0.9294
vn 0.7075 0.5022 -0.4973
vn -0.7599 0.0939 -0.6432
vn -0.0001 -0.6939 -0.7200
vn -0.0001 0.9925 -0.1221
vn 0.5016 0.7079 -0.4972
vn 0.0847 -0.3567 0.9304
vn 0.0932 -0.7599 -0.6434
vn -0.6940 -0.0000 -0.7200
vn 0.9925 -0.0000 -0.1224
vn -0.7078 0.5021 -0.4970
vn 0.3561 0.0861 0.9305
vn -0.5795 -0.5797 -0.5728
vn 0.7014 0.7011 0.1284
vn 0.7599 0.0937 -0.6432
vn 0.0848 0.3566 0.9304
vn 0.5016 -0.7079 -0.4972
vn 0.0932 0.7599 -0.6434
vn 0.7313 -0.4445 0.5173
vn 0.0624 0.6400 -0.7659
vn -0.7105 0.2507 0.6575
vn -0.6984 -0.6983 0.1569
vn 0.5088 0.5085 0.6947
vn 0.2502 -0.7108 0.6573
vn 0.6385 0.0609 -0.7672
vn -0.4448 0.7312 0.5172
vn 0.0026 1.0000 0.0004
vn 0.8300 -0.5577 0.0008
vn -0.0003 -0.2597 0.9657
vn 0.3412 0.2025 0.9179
vn 0.3412 0.2026 -0.9179
vn 0.0003 -0.2596 -0.9657
vn -0.9807 -0.1956 0.0006
vn -0.2877 -0.1927 0.9381
vn -0.2877 -0.1926 -0.9382
vn 0.3805 -0.9248 -0.0001
vn -0.8309 0.5564 -0.0010
vn 0.8312 0.5559 0.0001
vn -0.0006 0.4191 0.9079
vn 0.0006 0.4192 -0.9079
vn -0.3849 -0.9230 -0.0003
vn -0.1941 0.9810 -0.0000
vn 0.3546 -0.0006 0.9350
vn 0.3546 0.0006 -0.9350
vn 0.9807 -0.1954 -0.0008
vn 0.8306 0.5569 0.0003
vn -0.3799 -0.9250 0.0003
vn -0.3414 0.2015 0.9181
vn -0.3403 0.2027 -0.9182
vn -0.8320 0.5548 -0.0002
vn 0.1929 -0.9812 -0.0003
vn -0.8317 0.5553 0.0008
vn -0.4191 -0.0004 0.9079
vn -0.4191 0.0004 -0.9079
vn 0.7088 0.7054 -0.0000
vn -0.8298 -0.5580 -0.0005
vn -0.0023 1.0000 0.0007
vn 0.9807 -0.1956 0.0007
vn 0.2877 -0.1935 0.9380
vn 0.2885 -0.1926 -0.9379
vn 0.1916 0.9815 0.0002
vn 0.7078 -0.7064 -0.0004
vn -0.2886 0.1926 0.9379
vn -0.2877 0.1935 -0.9380
vn -0.8317 -0.5553 0.0005
vn 0.1928 0.9812 0.0002
vn 0.3851 -0.9229 0.0004
vn -0.3536 -0.0006 0.9354
vn -0.3536 0.0006 -0.9354
vn -0.9807 -0.1957 0.0005
vn -0.1949 -0.9808 0.0003
vn -0.3855 0.9227 0.0009
vn 0.9808 0.1950 0.0006
vn 0.3402 -0.2027 0.9183
vn 0.3413 -0.2015 -0.9181
vn -0.1918 -0.9814 -0.0003
vn -0.7083 0.7059 0.0009
vn 0.8320 0.5548 0.0005
vn 0.4199 -0.0005 0.9076
vn 0.4198 0.0005 -0.9076
vn 0.8299 0.5579 -0.0002
vn 0.0015 -1.0000 0.0004
vn -0.0003 0.2605 0.9655
vn 0.0003 0.2606 -0.9654
vn -0.9807 0.1955 0.0007
vn -0.7078 -0.7064 -0.0002
vn -0.1925 0.9813 -0.0004
vn 0.2885 0.1935 0.9377
vn 0.2886 0.1935 -0.9377
vn 0.8313 -0.5558 0.0002
vn -0.8310 -0.5563 -0.0002
vn 0.3793 0.9253 0.0007
vn 0.8317 -0.5553 0.0007
vn -0.0007 -0.4183 0.9083
vn 0.0007 -0.4182 -0.9084
vn 0.3857 0.9226 0.0003
vn 0.1935 -0.9811 0.0004
vn -0.9807 0.1953 0.0008
vn -0.3403 -0.2017 0.9184
vn -0.3403 -0.2015 -0.9185
vn 0.8316 -0.5553 0.0003
vn -0.8317 -0.5553 0.0004
vn -0.3803 0.9248 0.0004
vn -0.8299 0.5579 -0.0007
vn 0.9807 0.1956 -0.0006
vn -0.0018 -1.0000 0.0003
vn -0.5484 0.8362 -0.0001
vn -0.1952 -0.9808 -0.0003
vn -0.2963 -0.2962 -0.9080
vn -0.3428 -0.0667 -0.9371
vn -0.3427 -0.0658 0.9371
vn -0.2962 -0.2961 0.9080
vn 1.0000 -0.0083 0.0007
vn 0.2541 0.2541 -0.9332
vn 0.2541 0.2542 0.9332
vn 0.8356 -0.5494 0.0002
vn -0.0084 1.0000 0.0004
vn -0.0668 -0.3429 -0.9370
vn -0.0658 -0.3428 0.9371
vn -0.9807 -0.1953 -0.0006
vn -0.9207 0.3903 -0.0001
vn 0.5478 -0.8366 0.0008
vn 0.5559 0.8312 -0.0000
vn 0.3869 0.0940 -0.9173
vn 0.3869 0.0952 0.9172
vn -0.8365 0.5480 -0.0001
vn 0.3902 -0.9207 -0.0005
vn 0.8313 0.5559 0.0001
vn 0.0941 0.3869 -0.9173
vn 0.0952 0.3870 0.9171
vn 0.2032 0.9791 -0.0002
vn -0.8317 -0.5553 -0.0005
vn -0.2900 0.1954 -0.9369
vn -0.2891 0.1963 0.9370
vn 0.7006 -0.7136 0.0004
vn 0.9795 0.2014 -0.0000
vn -0.7138 0.7004 -0.0000
vn 0.1953 -0.2900 -0.9369
vn 0.1962 -0.2891 0.9370
vn -0.5554 -0.8316 -0.0004
vn -0.3746 0.9272 -0.0003
vn -0.2033 -0.9791 0.0005
vn 0.9808 0.1949 -0.0006
vn 0.3397 -0.2068 -0.9175
vn 0.3408 -0.2057 0.9174
vn -0.9790 -0.2038 -0.0006
vn 0.9268 -0.3757 -0.0006
vn 0.1949 0.9808 -0.0009
vn -0.2068 0.3396 -0.9176
vn -0.2057 0.3408 0.9174
vn -0.0094 -1.0000 0.0007
vn 0.8349 0.5504 -0.0005
vn -0.0004 0.2664 -0.9639
vn 0.0005 0.2665 0.9638
vn -0.9807 0.1956 -0.0007
vn 0.5500 0.8352 0.0003
vn -1.0000 -0.0089 -0.0006
vn 0.3436 -0.0667 -0.9367
vn 0.3436 -0.0658 0.9368
vn 0.1958 -0.9806 -0.0004
vn 0.3898 0.9209 -0.0009
vn -0.8367 -0.5477 -0.0005
vn 0.8317 -0.5553 -0.0006
vn -0.0005 -0.4183 -0.9083
vn 0.0005 -0.4182 0.9083
vn -0.5492 -0.8357 -0.0002
vn 0.9211 0.3892 -0.0004
vn -0.5554 0.8316 -0.0010
vn -0.3860 0.0940 -0.9177
vn -0.3860 0.0953 0.9176
vn 0.8367 -0.5477 0.0001
vn -0.3899 0.9209 -0.0005
vn -0.3398 -0.2058 -0.9177
vn -0.3398 -0.2057 0.9177
vn -0.8317 -0.5552 -0.0005
vn -0.2032 0.9791 -0.0003
vn -0.7010 -0.7131 -0.0005
vn 0.2899 0.1962 -0.9367
vn 0.2900 0.1962 0.9367
vn 0.8314 -0.5557 -0.0002
vn -0.8355 0.5495 -0.0008
vn 0.0087 -1.0000 -0.0004
vn 0.9807 0.1955 0.0006
vn 0.2020 -0.9794 0.0004
vn 0.3753 0.9269 0.0005
vn -0.9807 0.1953 -0.0008
vn -0.8153 0.5553 -0.1639
vn 0.3974 -0.6731 0.6236
vn -0.0008 -0.8322 -0.5544
vn -0.2347 -0.2347 -0.9433
vn 0.5929 0.5928 0.5451
vn 0.0011 0.4617 0.8870
vn 0.8071 0.3867 -0.4461
vn -0.0002 -0.2462 -0.9692
vn 0.0002 0.9100 0.4146
vn 0.8164 0.5527 -0.1673
vn -0.8070 0.3872 -0.4459
vn 0.1058 -0.2985 -0.9485
vn -0.6782 0.5541 0.4827
vn -0.3971 -0.6745 0.6224
vn 0.8217 -0.5387 0.1859
vn -0.0475 0.8582 -0.5112
vn -0.8822 -0.0271 0.4701
vn -0.6502 -0.6502 -0.3929
vn 0.1901 0.1901 0.9632
vn -0.8235 -0.5351 0.1886
vn 0.8823 -0.0274 0.4698
vn 0.6862 -0.5538 -0.4716
vn -0.2212 0.3005 0.9278
vn 0.0471 0.8591 -0.5096
vn -0.5390 0.8217 0.1851
vn -0.0271 -0.8822 0.4701
vn -0.8767 -0.0937 -0.4718
vn 0.3688 -0.0561 0.9278
vn 0.8580 -0.0475 -0.5114
vn 0.1933 -0.7561 0.6253
vn 0.1826 0.9695 -0.1637
vn 0.3321 -0.0000 -0.9433
vn -0.8385 -0.0000 0.5449
vn -0.8444 -0.2968 -0.4460
vn -0.6714 0.3984 0.6249
vn 0.5564 -0.8146 -0.1639
vn 0.3870 0.8070 -0.4460
vn -0.2858 0.1363 -0.9486
vn 0.8714 0.0878 0.4826
vn -0.5732 0.6403 -0.5114
vn -0.1997 -0.9622 0.1852
vn 0.6431 0.6048 0.4698
vn 0.9194 -0.0002 -0.3933
vn -0.2694 0.0003 0.9630
vn 0.2032 0.9609 0.1884
vn -0.6430 -0.6048 0.4698
vn -0.5884 0.5884 -0.5546
vn 0.3263 -0.3263 0.8872
vn 0.5743 -0.6408 -0.5095
vn -0.1998 0.9622 0.1851
vn -0.5733 -0.6403 -0.5112
vn 0.6862 0.5538 -0.4717
vn -0.2211 -0.3005 0.9278
vn 0.6430 -0.6048 0.4698
vn -0.1966 0.7570 0.6231
vn -0.1864 -0.9680 -0.1678
vn 0.8443 0.2970 -0.4460
vn -0.1741 0.1740 -0.9692
vn 0.6435 -0.6436 0.4144
vn 0.1825 -0.9695 -0.1637
vn 0.1933 0.7560 0.6253
vn -0.8444 0.2968 -0.4460
vn 0.1059 0.2986 -0.9485
vn -0.6783 -0.5542 0.4824
vn 0.9681 0.1866 -0.1673
vn -0.7574 0.1964 0.6228
vn -0.1365 0.2855 -0.9486
vn -0.0876 -0.8714 0.4827
vn -0.2969 -0.8443 -0.4460
vn -0.8228 0.5364 0.1878
vn 0.0473 -0.8588 -0.5101
vn 0.0934 0.8766 -0.4722
vn 0.0566 -0.3683 0.9280
vn 0.8823 0.0274 0.4698
vn -0.9607 -0.2035 0.1889
vn 0.6406 -0.5743 -0.5097
vn 0.6047 0.6431 0.4699
vn 0.8159 -0.5538 -0.1664
vn -0.3975 0.6735 0.6232
vn -0.8072 -0.3868 -0.4459
vn 0.5915 -0.4308 0.6816
vn -0.8302 0.3077 0.4648
vn 0.1255 0.9181 0.3760
vn 0.7381 0.5604 0.3757
vn -0.6467 -0.6950 0.3144
vn 0.0347 -0.9485 0.3148
vn 0.1651 -0.4283 -0.8884
vn 0.5601 0.7383 -0.3758
vn -0.6950 -0.6466 -0.3144
vn -0.4209 -0.1858 0.8879
vn -0.7232 0.1137 -0.6813
vn -0.1262 0.9182 -0.3754
vn -0.0336 -0.9488 -0.3140
vn 0.8043 -0.3691 -0.4657
vn -0.4285 0.1657 0.8882
vn -0.4309 0.5915 -0.6815
vn 0.3081 -0.8298 -0.4653
vn 0.9183 0.1256 -0.3755
vn -0.9488 0.0348 -0.3141
vn 0.7227 0.1144 0.6817
vn -0.8043 -0.3694 0.4655
vn -0.5602 0.7383 0.3757
vn 0.6949 -0.6467 0.3145
vn 0.4207 -0.1860 -0.8879
vn 0.1126 -0.7233 0.6812
vn -0.3693 0.8044 0.4654
vn 0.9179 -0.1263 0.3761
vn -0.9485 -0.0337 0.3149
vn -0.1869 -0.4209 -0.8876
vn -0.1653 -0.4279 0.8886
vn -0.5914 -0.4309 -0.6816
vn -0.7381 0.5603 -0.3759
vn 0.6467 -0.6950 -0.3143
vn 0.8296 0.3084 -0.4654
vn -0.1864 0.4189 0.8887
vn 0.1141 0.7230 -0.6814
vn -0.3692 -0.8045 -0.4653
vn 0.7381 -0.5603 -0.3758
vn -0.6467 0.6949 -0.3144
vn 0.4310 0.5914 0.6815
vn -0.3077 -0.8302 0.4649
vn -0.9180 0.1257 0.3762
vn 0.9485 0.0347 0.3149
vn 0.4290 0.1650 -0.8881
vn -0.4308 -0.5916 0.6815
vn 0.3079 0.8295 0.4659
vn 0.5601 -0.7383 0.3757
vn -0.6950 0.6466 0.3145
vn -0.4283 -0.1651 -0.8884
vn 0.1867 -0.4210 0.8876
vn -0.1133 -0.7232 -0.6812
vn -0.9182 -0.1263 -0.3755
vn 0.9488 -0.0335 -0.3140
vn 0.3695 0.8042 -0.4655
vn 0.1651 0.4283 0.8884
vn 0.5914 0.4309 -0.6815
vn -0.8299 -0.3081 -0.4652
vn 0.1257 -0.9183 -0.3754
vn 0.0347 0.9488 -0.3141
vn -0.1140 0.7228 0.6816
vn 0.3694 -0.8043 0.4654
vn -0.7381 -0.5604 0.3758
vn 0.6466 0.6950 0.3145
vn 0.1870 0.4206 -0.8878
vn -0.7233 -0.1129 0.6813
vn 0.8044 0.3690 0.4656
vn -0.1262 -0.9179 0.3761
vn -0.0337 0.9486 0.3148
vn -0.4210 0.1862 -0.8877
vn 0.4286 -0.1642 0.8885
vn 0.4311 -0.5913 -0.6816
vn -0.5601 -0.7382 -0.3758
vn 0.6949 0.6467 -0.3144
vn -0.3082 0.8298 -0.4652
vn 0.4199 0.1868 0.8882
vn 0.7230 -0.1141 -0.6814
vn -0.8042 0.3695 -0.4655
vn -0.5915 0.4308 0.6816
vn 0.8294 -0.3081 0.4660
vn -0.1652 0.4279 -0.8886
vn -0.7231 0.1138 0.6813
vn -0.4107 -0.2173 -0.8855
vn 0.1208 0.9185 -0.3765
vn -0.1214 0.9181 0.3772
vn -0.0279 -0.9476 0.3184
vn 0.0291 -0.9478 -0.3176
vn 0.7932 -0.3648 0.4876
vn 0.5636 0.7351 0.3768
vn -0.6902 -0.6499 0.3180
vn 0.1355 -0.4431 0.8862
vn -0.8193 0.3027 -0.4869
vn 0.5915 -0.4311 -0.6814
vn 0.7349 0.5637 -0.3769
vn -0.6500 -0.6903 -0.3178
vn 0.4085 -0.2163 0.8867
vn -0.7932 -0.3654 -0.4872
vn -0.5637 0.7349 -0.3769
vn 0.6903 -0.6499 -0.3180
vn 0.7230 0.1143 -0.6813
vn -0.4310 0.5916 0.6813
vn -0.4431 0.1356 -0.8862
vn 0.3025 -0.8196 0.4865
vn 0.9182 0.1207 0.3772
vn -0.9476 0.0289 0.3183
vn -0.5915 -0.4309 0.6815
vn -0.1350 -0.4421 -0.8867
vn -0.7350 0.5638 0.3768
vn 0.6501 -0.6901 0.3180
vn 0.8189 0.3031 0.4874
vn -0.2182 -0.4100 0.8856
vn -0.3656 0.7931 -0.4873
vn 0.1136 -0.7232 -0.6813
vn 0.9184 -0.1215 -0.3765
vn -0.9479 -0.0278 -0.3175
vn 0.4426 0.1361 0.8863
vn -0.3031 -0.8191 -0.4871
vn -0.9185 0.1207 -0.3765
vn 0.9478 0.0290 -0.3176
vn 0.4310 0.5916 -0.6814
vn 0.1129 0.7231 0.6815
vn -0.2176 0.4100 -0.8857
vn -0.3655 -0.7931 0.4872
vn 0.7350 -0.5637 0.3768
vn -0.6500 0.6903 0.3180
vn -0.1137 -0.7230 0.6814
vn 0.2180 -0.4097 -0.8858
vn -0.9181 -0.1215 0.3772
vn 0.9476 -0.0279 0.3183
vn 0.3652 0.7933 0.4871
vn -0.4422 -0.1367 0.8865
vn 0.3035 0.8188 -0.4872
vn -0.4310 -0.5915 -0.6814
vn 0.5637 -0.7349 -0.3770
vn -0.6902 0.6500 -0.3179
vn 0.2164 0.4076 0.8872
vn 0.3653 -0.7933 -0.4870
vn -0.7349 -0.5637 -0.3769
vn 0.6501 0.6902 -0.3180
vn -0.1142 0.7229 -0.6814
vn 0.5915 0.4313 0.6812
vn 0.1355 0.4439 -0.8858
vn -0.8197 -0.3024 0.4864
vn 0.1207 -0.9182 0.3772
vn 0.0290 0.9475 0.3185
vn 0.4309 -0.5916 0.6814
vn 0.4424 -0.1360 -0.8865
vn -0.5638 -0.7349 0.3768
vn 0.6903 0.6498 0.3181
vn -0.3030 0.8187 0.4877
vn -0.4095 0.2171 0.8861
vn 0.7933 0.3652 -0.4872
vn -0.7232 -0.1137 -0.6813
vn -0.1213 -0.9184 -0.3766
vn -0.0278 0.9478 -0.3175
vn -0.1353 0.4421 0.8867
vn 0.8190 -0.3035 -0.4869
vn -0.5914 0.4311 -0.6815
vn 0.7230 -0.1133 0.6814
vn 0.4097 0.2174 -0.8859
vn -0.7931 0.3656 0.4872
vt 0.000000 0.000000
s 1
f 249/15/41 250/15/42 43/15/43 41/15/44
f 250/15/42 249/15/41 42/15/45 44/15/46
f 250/15/42 251/15/47 45/15/48 43/15/43
f 251/15/47 250/15/42 44/15/46 46/15/49
f 251/15/47 249/15/41 41/15/44 45/15/48
f 249/15/41 251/15/47 46/15/49 42/15/45
f 252/15/50 253/15/51 47/15/52 41/15/44
f 253/15/51 252/15/50 42/15/45 48/15/53
f 253/15/51 254/15/54 43/15/43 47/15/52
f 254/15/54 253/15/51 48/15/53 44/15/46
f 254/15/54 252/15/50 41/15/44 43/15/43
f 252/15/50 254/15/54 44/15/46 42/15/45
f 255/15/55 256/15/56 47/15/52 43/15/43
f 256/15/56 255/15/55 44/15/46 48/15/53
f 256/15/56 257/15/57 49/15/58 47/15/52
f 257/15/57 256/15/56 48/15/53 50/15/59
f 257/15/57 255/15/55 43/15/43 49/15/58
f 255/15/55 257/15/57 50/15/59 44/15/46
f 258/15/60 259/15/61 41/15/44 47/15/52
f 259/15/61 258/15/60 48/15/53 42/15/45
f 259/15/61 260/15/62 51/15/63 41/15/44
f 260/15/62 259/15/61 42/15/45 52/15/64
f 260/15/62 258/15/60 47/15/52 51/15/63
f 258/15/60 260/15/62 52/15/64 48/15/53
f 261/15/65 262/15/66 41/15/44 51/15/63
f 262/15/66 261/15/65 52/15/64 42/15/45
f 262/15/66 263/15/67 53/15/68 41/15/44
f 263/15/67 262/15/66 42/15/45 54/15/69
f 263/15/67 261/15/65 51/15/63 53/15/68
f 261/15/65 263/15/67 54/15/69 52/15/64
f 264/15/70 265/15/71 51/15/63 47/15/52
f 265/15/71 264/15/70 48/15/53 52/15/64
f 265/15/71 266/15/72 55/15/73 51/15/63
f 266/15/72 265/15/71 52/15/64 56/15/74
f 266/15/72 264/15/70 47/15/52 55/15/73
f 264/15/70 266/15/72 56/15/74 48/15/53
f 267/15/75 268/15/76 59/15/77 57/15/78
f 268/15/76 267/15/75 58/15/79 60/15/80
f 268/15/76 269/15/81 61/15/82 59/15/77
f 269/15/81 268/15/76 60/15/80 62/15/83
f 269/15/81 267/15/75 57/15/78 61/15/82
f 267/15/75 269/15/81 62/15/83 58/15/79
f 270/15/84 271/15/85 59/15/77 63/15/86
f 271/15/85 270/15/84 64/15/87 60/15/80
f 271/15/85 272/15/88 57/15/78 59/15/77
f 272/15/88 271/15/85 60/15/80 58/15/79
f 272/15/88 270/15/84 63/15/86 57/15/78
f 270/15/84 272/15/88 58/15/79 64/15/87
f 273/15/89 274/15/90 59/15/77 61/15/82
f 274/15/90 273/15/89 62/15/83 60/15/80
f 274/15/90 275/15/91 65/15/92 59/15/77
f 275/15/91 274/15/90 60/15/80 66/15/93
f 275/15/91 273/15/89 61/15/82 65/15/92
f 273/15/89 275/15/91 66/15/93 62/15/83
f 276/15/94 277/15/95 63/15/86 59/15/77
f 277/15/95 276/15/94 60/15/80 64/15/87
f 277/15/95 278/15/96 67/15/97 63/15/86
f 278/15/96 277/15/95 64/15/87 68/15/98
f 278/15/96 276/15/94 59/15/77 67/15/97
f 276/15/94 278/15/96 68/15/98 60/15/80
f 279/15/99 280/15/100 61/15/82 69/15/101
f 280/15/100 279/15/99 70/15/102 62/15/83
f 280/15/100 281/15/103 65/15/92 61/15/82
f 281/15/103 280/15/100 62/15/83 66/15/93
f 281/15/103 279/15/99 69/15/101 65/15/92
f 279/15/99 281/15/103 66/15/93 70/15/102
f 282/15/104 283/15/105 71/15/106 63/15/86
f 283/15/105 282/15/104 64/15/87 72/15/107
f 283/15/105 284/15/108 67/15/97 71/15/106
f 284/15/108 283/15/105 72/15/107 68/15/98
f 284/15/108 282/15/104 63/15/86 67/15/97
f 282/15/104 284/15/108 68/15/98 64/15/87
f 285/15/109 286/15/110 69/15/101 61/15/82
f 286/15/110 285/15/109 62/15/83 70/15/102
f 286/15/110 287/15/111 73/15/112 69/15/101
f 287/15/111 286/15/110 70/15/102 74/15/113
f 287/15/111 285/15/109 61/15/82 73/15/112
f 285/15/109 287/15/111 74/15/113 62/15/83
f 288/15/114 289/15/115 63/15/86 71/15/106
f 289/15/115 288/15/114 72/15/107 64/15/87
f 289/15/115 290/15/116 75/15/117 63/15/86
f 290/15/116 289/15/115 64/15/87 76/15/118
f 290/15/116 288/15/114 71/15/106 75/15/117
f 288/15/114 290/15/116 76/15/118 72/15/107
f 291/15/119 292/15/120 77/15/121 69/15/101
f 292/15/120 291/15/119 70/15/102 78/15/122
f 292/15/120 293/15/123 73/15/112 77/15/121
f 293/15/123 292/15/120 78/15/122 74/15/113
f 293/15/123 291/15/119 69/15/101 73/15/112
f 291/15/119 293/15/123 74/15/113 70/15/102
f 294/15/124 295/15/125 71/15/106 79/15/126
f 295/15/125 294/15/124 80/15/127 72/15/107
f 295/15/125 296/15/128 75/15/117 71/15/106
f 296/15/128 295/15/125 72/15/107 76/15/118
f 296/15/128 294/15/124 79/15/126 75/15/117
f 294/15/124 296/15/128 76/15/118 80/15/127
f 297/15/129 298/15/130 69/15/101 77/15/121
f 298/15/130 297/15/129 78/15/122 70/15/102
f 298/15/130 299/15/131 81/15/132 69/15/101
f 299/15/131 298/15/130 70/15/102 82/15/133
f 299/15/131 297/15/129 77/15/121 81/15/132
f 297/15/129 299/15/131 82/15/133 78/15/122
f 300/15/134 301/15/135 79/15/126 71/15/106
f 301/15/135 300/15/134 72/15/107 80/15/127
f 301/15/135 302/15/136 83/15/137 79/15/126
f 302/15/136 301/15/135 80/15/127 84/15/138
f 302/15/136 300/15/134 71/15/106 83/15/137
f 300/15/134 302/15/136 84/15/138 72/15/107
f 303/15/139 304/15/140 77/15/121 85/15/141
f 304/15/140 303/15/139 86/15/142 78/15/122
f 304/15/140 305/15/143 81/15/132 77/15/121
f 305/15/143 304/15/140 78/15/122 82/15/133
f 305/15/143 303/15/139 85/15/141 81/15/132
f 303/15/139 305/15/143 82/15/133 86/15/142
f 306/15/144 307/15/145 85/15/141 79/15/126
f 307/15/145 306/15/144 80/15/127 86/15/142
f 307/15/145 308/15/146 83/15/137 85/15/141
f 308/15/146 307/15/145 86/15/142 84/15/138
f 308/15/146 306/15/144 79/15/126 83/15/137
f 306/15/144 308/15/146 84/15/138 80/15/127
f 309/15/147 310/15/148 85/15/141 77/15/121
f 310/15/148 309/15/147 78/15/122 86/15/142
f 310/15/148 311/15/149 87/15/150 85/15/141
f 311/15/149 310/15/148 86/15/142 88/15/151
f 311/15/149 309/15/147 77/15/121 87/15/150
f 309/15/147 311/15/149 88/15/151 78/15/122
f 312/15/152 313/15/153 85/15/141 87/15/150
f 313/15/153 312/15/152 88/15/151 86/15/142
f 313/15/153 314/15/154 79/15/126 85/15/141
f 314/15/154 313/15/153 86/15/142 80/15/127
f 314/15/154 312/15/152 87/15/150 79/15/126
f 312/15/152 314/15/154 80/15/127 88/15/151
f 315/15/155 316/15/156 91/15/157 89/15/158
f 316/15/156 315/15/155 90/15/159 92/15/160
f 316/15/156 317/15/161 93/15/162 91/15/157
f 317/15/161 316/15/156 92/15/160 94/15/163
f 317/15/161 315/15/155 89/15/158 93/15/162
f 315/15/155 317/15/161 94/15/163 90/15/159
f 318/15/164 319/15/165 89/15/158 91/15/157
f 319/15/165 318/15/164 92/15/160 90/15/159
f 319/15/165 320/15/166 95/15/167 89/15/158
f 320/15/166 319/15/165 90/15/159 96/15/168
f 320/15/166 318/15/164 91/15/157 95/15/167
f 318/15/164 320/15/166 96/15/168 92/15/160
f 321/15/169 322/15/170 97/15/171 93/15/162
f 322/15/170 321/15/169 94/15/163 98/15/172
f 322/15/170 323/15/173 89/15/158 97/15/171
f 323/15/173 322/15/170 98/15/172 90/15/159
f 323/15/173 321/15/169 93/15/162 89/15/158
f 321/15/169 323/15/173 90/15/159 94/15/163
f 324/15/174 325/15/175 91/15/157 99/15/176
f 325/15/175 324/15/174 100/15/177 92/15/160
f 325/15/175 326/15/178 95/15/167 91/15/157
f 326/15/178 325/15/175 92/15/160 96/15/168
f 326/15/178 324/15/174 99/15/176 95/15/167
f 324/15/174 326/15/178 96/15/168 100/15/177
f 327/15/179 328/15/180 101/15/181 93/15/162
f 328/15/180 327/15/179 94/15/163 102/15/182
f 328/15/180 329/15/183 97/15/171 101/15/181
f 329/15/183 328/15/180 102/15/182 98/15/172
f 329/15/183 327/15/179 93/15/162 97/15/171
f 327/15/179 329/15/183 98/15/172 94/15/163
f 330/15/184 331/15/185 99/15/176 91/15/157
f 331/15/185 330/15/184 92/15/160 100/15/177
f 331/15/185 332/15/186 103/15/187 99/15/176
f 332/15/186 331/15/185 100/15/177 104/15/188
f 332/15/186 330/15/184 91/15/157 103/15/187
f 330/15/184 332/15/186 104/15/188 92/15/160
f 333/15/189 334/15/190 97/15/171 105/15/191
f 334/15/190 333/15/189 106/15/192 98/15/172
f 334/15/190 335/15/193 101/15/181 97/15/171
f 335/15/193 334/15/190 98/15/172 102/15/182
f 335/15/193 333/15/189 105/15/191 101/15/181
f 333/15/189 335/15/193 102/15/182 106/15/192
f 336/15/194 337/15/195 103/15/187 107/15/196
f 337/15/195 336/15/194 108/15/197 104/15/188
f 337/15/195 338/15/198 99/15/176 103/15/187
f 338/15/198 337/15/195 104/15/188 100/15/177
f 338/15/198 336/15/194 107/15/196 99/15/176
f 336/15/194 338/15/198 100/15/177 108/15/197
f 339/15/199 340/15/200 105/15/191 97/15/171
f 340/15/200 339/15/199 98/15/172 106/15/192
f 340/15/200 341/15/201 109/15/202 105/15/191
f 341/15/201 340/15/200 106/15/192 110/15/203
f 341/15/201 339/15/199 97/15/171 109/15/202
f 339/15/199 341/15/201 110/15/203 98/15/172
f 342/15/204 343/15/205 107/15/196 103/15/187
f 343/15/205 342/15/204 104/15/188 108/15/197
f 343/15/205 344/15/206 111/15/207 107/15/196
f 344/15/206 343/15/205 108/15/197 112/15/208
f 344/15/206 342/15/204 103/15/187 111/15/207
f 342/15/204 344/15/206 112/15/208 104/15/188
f 345/15/209 346/15/210 109/15/202 113/15/211
f 346/15/210 345/15/209 114/15/212 110/15/203
f 346/15/210 347/15/213 105/15/191 109/15/202
f 347/15/213 346/15/210 110/15/203 106/15/192
f 347/15/213 345/15/209 113/15/211 105/15/191
f 345/15/209 347/15/213 106/15/192 114/15/212
f 348/15/214 349/15/215 115/15/216 107/15/196
f 349/15/215 348/15/214 108/15/197 116/15/217
f 349/15/215 350/15/218 111/15/207 115/15/216
f 350/15/218 349/15/215 116/15/217 112/15/208
f 350/15/218 348/15/214 107/15/196 111/15/207
f 348/15/214 350/15/218 112/15/208 108/15/197
f 351/15/219 352/15/220 113/15/211 109/15/202
f 352/15/220 351/15/219 110/15/203 114/15/212
f 352/15/220 353/15/221 117/15/222 113/15/211
f 353/15/221 352/15/220 114/15/212 118/15/223
f 353/15/221 351/15/219 109/15/202 117/15/222
f 351/15/219 353/15/221 118/15/223 110/15/203
f 354/15/224 355/15/225 107/15/196 115/15/216
f 355/15/225 354/15/224 116/15/217 108/15/197
f 355/15/225 356/15/226 119/15/227 107/15/196
f 356/15/226 355/15/225 108/15/197 120/15/228
f 356/15/226 354/15/224 115/15/216 119/15/227
f 354/15/224 356/15/226 120/15/228 116/15/217
f 357/15/229 358/15/230 117/15/222 119/15/227
f 358/15/230 357/15/229 120/15/228 118/15/223
f 358/15/230 359/15/231 113/15/211 117/15/222
f 359/15/231 358/15/230 118/15/223 114/15/212
f 359/15/231 357/15/229 119/15/227 113/15/211
f 357/15/229 359/15/231 114/15/212 120/15/228
f 360/15/232 361/15/233 115/15/216 113/15/211
f 361/15/233 360/15/232 114/15/212 116/15/217
f 361/15/233 362/15/234 119/15/227 115/15/216
f 362/15/234 361/15/233 116/15/217 120/15/228
f 362/15/234 360/15/232 113/15/211 119/15/227
f 360/15/232 362/15/234 120/15/228 114/15/212
f 363/15/235 364/15/236 123/15/237 121/15/238
f 364/15/236 363/15/235 122/15/239 124/15/240
f 364/15/236 365/15/241 125/15/242 123/15/237
f 365/15/241 364/15/236 124/15/240 126/15/243
f 365/15/241 363/15/235 121/15/238 125/15/242
f 363/15/235 365/15/241 126/15/243 122/15/239
f 366/15/244 367/15/245 125/15/242 127/15/246
f 367/15/245 366/15/244 128/15/247 126/15/243
f 367/15/245 368/15/248 123/15/237 125/15/242
f 368/15/248 367/15/245 126/15/243 124/15/240
f 368/15/248 366/15/244 127/15/246 123/15/237
f 366/15/244 368/15/248 124/15/240 128/15/247
f 369/15/249 370/15/250 125/15/242 121/15/238
f 370/15/250 369/15/249 122/15/239 126/15/243
f 370/15/250 371/15/251 129/15/252 125/15/242
f 371/15/251 370/15/250 126/15/243 130/15/253
f 371/15/251 369/15/249 121/15/238 129/15/252
f 369/15/249 371/15/251 130/15/253 122/15/239
f 372/15/254 373/15/255 127/15/246 125/15/242
f 373/15/255 372/15/254 126/15/243 128/15/247
f 373/15/255 374/15/256 131/15/257 127/15/246
f 374/15/256 373/15/255 128/15/247 132/15/258
f 374/15/256 372/15/254 125/15/242 131/15/257
f 372/15/254 374/15/256 132/15/258 126/15/243
f 375/15/259 376/15/260 121/15/238 133/15/261
f 376/15/260 375/15/259 134/15/262 122/15/239
f 376/15/260 377/15/263 129/15/252 121/15/238
f 377/15/263 376/15/260 122/15/239 130/15/253
f 377/15/263 375/15/259 133/15/261 129/15/252
f 375/15/259 377/15/263 130/15/253 134/15/262
f 378/15/264 379/15/265 131/15/257 135/15/266
f 379/15/265 378/15/264 136/15/267 132/15/258
f 379/15/265 380/15/268 127/15/246 131/15/257
f 380/15/268 379/15/265 132/15/258 128/15/247
f 380/15/268 378/15/264 135/15/266 127/15/246
f 378/15/264 380/15/268 128/15/247 136/15/267
f 381/15/269 382/15/270 129/15/252 133/15/261
f 382/15/270 381/15/269 134/15/262 130/15/253
f 382/15/270 383/15/271 137/15/272 129/15/252
f 383/15/271 382/15/270 130/15/253 138/15/273
f 383/15/271 381/15/269 133/15/261 137/15/272
f 381/15/269 383/15/271 138/15/273 134/15/262
f 384/15/274 385/15/275 135/15/266 131/15/257
f 385/15/275 384/15/274 132/15/258 136/15/267
f 385/15/275 386/15/276 139/15/277 135/15/266
f 386/15/276 385/15/275 136/15/267 140/15/278
f 386/15/276 384/15/274 131/15/257 139/15/277
f 384/15/274 386/15/276 140/15/278 132/15/258
f 387/15/279 388/15/280 141/15/281 137/15/272
f 388/15/280 387/15/279 138/15/273 142/15/282
f 388/15/280 389/15/283 133/15/261 141/15/281
f 389/15/283 388/15/280 142/15/282 134/15/262
f 389/15/283 387/15/279 137/15/272 133/15/261
f 387/15/279 389/15/283 134/15/262 138/15/273
f 390/15/284 391/15/285 139/15/277 143/15/286
f 391/15/285 390/15/284 144/15/287 140/15/278
f 391/15/285 392/15/288 135/15/266 139/15/277
f 392/15/288 391/15/285 140/15/278 136/15/267
f 392/15/288 390/15/284 143/15/286 135/15/266
f 390/15/284 392/15/288 136/15/267 144/15/287
f 393/15/289 394/15/290 137/15/272 141/15/281
f 394/15/290 393/15/289 142/15/282 138/15/273
f 394/15/290 395/15/291 145/15/292 137/15/272
f 395/15/291 394/15/290 138/15/273 146/15/293
f 395/15/291 393/15/289 141/15/281 145/15/292
f 393/15/289 395/15/291 146/15/293 142/15/282
f 396/15/294 397/15/295 143/15/286 139/15/277
f 397/15/295 396/15/294 140/15/278 144/15/287
f 397/15/295 398/15/296 147/15/297 143/15/286
f 398/15/296 397/15/295 144/15/287 148/15/298
f 398/15/296 396/15/294 139/15/277 147/15/297
f 396/15/294 398/15/296 148/15/298 140/15/278
f 399/15/299 400/15/300 141/15/281 149/15/301
f 400/15/300 399/15/299 150/15/302 142/15/282
f 400/15/300 401/15/303 145/15/292 141/15/281
f 401/15/303 400/15/300 142/15/282 146/15/293
f 401/15/303 399/15/299 149/15/301 145/15/292
f 399/15/299 401/15/303 146/15/293 150/15/302
f 402/15/304 403/15/305 147/15/297 151/15/306
f 403/15/305 402/15/304 152/15/307 148/15/298
f 403/15/305 404/15/308 143/15/286 147/15/297
f 404/15/308 403/15/305 148/15/298 144/15/287
f 404/15/308 402/15/304 151/15/306 143/15/286
f 402/15/304 404/15/308 144/15/287 152/15/307
f 405/15/309 406/15/310 149/15/301 141/15/281
f 406/15/310 405/15/309 142/15/282 150/15/302
f 406/15/310 407/15/311 151/15/306 149/15/301
f 407/15/311 406/15/310 150/15/302 152/15/307
f 407/15/311 405/15/309 141/15/281 151/15/306
f 405/15/309 407/15/311 152/15/307 142/15/282
f 408/15/312 409/15/313 151/15/306 147/15/297
f 409/15/313 408/15/312 148/15/298 152/15/307
f 409/15/313 410/15/314 149/15/301 151/15/306
f 410/15/314 409/15/313 152/15/307 150/15/302
f 410/15/314 408/15/312 147/15/297 149/15/301
f 408/15/312 410/15/314 150/15/302 148/15/298
f 411/15/315 412/15/316 155/15/317 153/15/318
f 412/15/316 411/15/315 154/15/319 156/15/320
f 412/15/316 413/15/321 157/15/322 155/15/317
f 413/15/321 412/15/316 156/15/320 158/15/323
f 413/15/321 411/15/315 153/15/318 157/15/322
f 411/15/315 413/15/321 158/15/323 154/15/319
f 414/15/324 415/15/325 157/15/322 159/15/326
f 415/15/325 414/15/324 160/15/327 158/15/323
f 415/15/325 416/15/328 155/15/317 157/15/322
f 416/15/328 415/15/325 158/15/323 156/15/320
f 416/15/328 414/15/324 159/15/326 155/15/317
f 414/15/324 416/15/328 156/15/320 160/15/327
f 417/15/329 418/15/330 153/15/318 155/15/317
f 418/15/330 417/15/329 156/15/320 154/15/319
f 418/15/330 419/15/331 161/15/332 153/15/318
f 419/15/331 418/15/330 154/15/319 162/15/333
f 419/15/331 417/15/329 155/15/317 161/15/332
f 417/15/329 419/15/331 162/15/333 156/15/320
f 420/15/334 421/15/335 163/15/336 155/15/317
f 421/15/335 420/15/334 156/15/320 164/15/337
f 421/15/335 422/15/338 159/15/326 163/15/336
f 422/15/338 421/15/335 164/15/337 160/15/327
f 422/15/338 420/15/334 155/15/317 159/15/326
f 420/15/334 422/15/338 160/15/327 156/15/320
f 423/15/339 424/15/340 161/15/332 165/15/341
f 424/15/340 423/15/339 166/15/342 162/15/333
f 424/15/340 425/15/343 153/15/318 161/15/332
f 425/15/343 424/15/340 162/15/333 154/15/319
f 425/15/343 423/15/339 165/15/341 153/15/318
f 423/15/339 425/15/343 154/15/319 166/15/342
f 426/15/344 427/15/345 167/15/346 163/15/336
f 427/15/345 426/15/344 164/15/337 168/15/347
f 427/15/345 428/15/348 159/15/326 167/15/346
f 428/15/348 427/15/345 168/15/347 160/15/327
f 428/15/348 426/15/344 163/15/336 159/15/326
f 426/15/344 428/15/348 160/15/327 164/15/337
f 429/15/349 430/15/350 153/15/318 165/15/341
f 430/15/350 429/15/349 166/15/342 154/15/319
f 430/15/350 431/15/351 169/15/352 153/15/318
f 431/15/351 430/15/350 154/15/319 170/15/353
f 431/15/351 429/15/349 165/15/341 169/15/352
f 429/15/349 431/15/351 170/15/353 166/15/342
f 432/15/354 433/15/355 163/15/336 167/15/346
f 433/15/355 432/15/354 168/15/347 164/15/337
f 433/15/355 434/15/356 171/15/357 163/15/336
f 434/15/356 433/15/355 164/15/337 172/15/358
f 434/15/356 432/15/354 167/15/346 171/15/357
f 432/15/354 434/15/356 172/15/358 168/15/347
f 435/15/359 436/15/360 165/15/341 173/15/361
f 436/15/360 435/15/359 174/15/362 166/15/342
f 436/15/360 437/15/363 169/15/352 165/15/341
f 437/15/363 436/15/360 166/15/342 170/15/353
f 437/15/363 435/15/359 173/15/361 169/15/352
f 435/15/359 437/15/363 170/15/353 174/15/362
f 438/15/364 439/15/365 167/15/346 175/15/366
f 439/15/365 438/15/364 176/15/367 168/15/347
f 439/15/365 440/15/368 171/15/357 167/15/346
f 440/15/368 439/15/365 168/15/347 172/15/358
f 440/15/368 438/15/364 175/15/366 171/15/357
f 438/15/364 440/15/368 172/15/358 176/15/367
f 441/15/369 442/15/370 169/15/352 173/15/361
f 442/15/370 441/15/369 174/15/362 170/15/353
f 442/15/370 443/15/371 177/15/372 169/15/352
f 443/15/371 442/15/370 170/15/353 178/15/373
f 443/15/371 441/15/369 173/15/361 177/15/372
f 441/15/369 443/15/371 178/15/373 174/15/362
f 444/15/374 445/15/375 175/15/366 167/15/346
f 445/15/375 444/15/374 168/15/347 176/15/367
f 445/15/375 446/15/376 179/15/377 175/15/366
f 446/15/376 445/15/375 176/15/367 180/15/378
f 446/15/376 444/15/374 167/15/346 179/15/377
f 444/15/374 446/15/376 180/15/378 168/15/347
f 447/15/379 448/15/380 173/15/361 181/15/381
f 448/15/380 447/15/379 182/15/382 174/15/362
f 448/15/380 449/15/383 177/15/372 173/15/361
f 449/15/383 448/15/380 174/15/362 178/15/373
f 449/15/383 447/15/379 181/15/381 177/15/372
f 447/15/379 449/15/383 178/15/373 182/15/382
f 450/15/384 451/15/385 179/15/377 183/15/386
f 451/15/385 450/15/384 184/15/387 180/15/378
f 451/15/385 452/15/388 175/15/366 179/15/377
f 452/15/388 451/15/385 180/15/378 176/15/367
f 452/15/388 450/15/384 183/15/386 175/15/366
f 450/15/384 452/15/388 176/15/367 184/15/387
f 453/15/389 454/15/390 181/15/381 173/15/361
f 454/15/390 453/15/389 174/15/362 182/15/382
f 454/15/390 455/15/391 183/15/386 181/15/381
f 455/15/391 454/15/390 182/15/382 184/15/387
f 455/15/391 453/15/389 173/15/361 183/15/386
f 453/15/389 455/15/391 184/15/387 174/15/362
f 456/15/392 457/15/393 183/15/386 179/15/377
f 457/15/393 456/15/392 180/15/378 184/15/387
f 457/15/393 458/15/394 181/15/381 183/15/386
f 458/15/394 457/15/393 184/15/387 182/15/382
f 458/15/394 456/15/392 179/15/377 181/15/381
f 456/15/392 458/15/394 182/15/382 180/15/378
f 459/15/395 460/15/396 187/15/397 185/15/398
f 460/15/396 459/15/395 186/15/399 188/15/400
f 460/15/396 461/15/401 189/15/402 187/15/397
f 461/15/401 460/15/396 188/15/400 190/15/403
f 461/15/401 459/15/395 185/15/398 189/15/402
f 459/15/395 461/15/401 190/15/403 186/15/399
f 462/15/404 463/15/405 191/15/406 187/15/397
f 463/15/405 462/15/404 188/15/400 192/15/407
f 463/15/405 464/15/408 189/15/402 191/15/406
f 464/15/408 463/15/405 192/15/407 190/15/403
f 464/15/408 462/15/404 187/15/397 189/15/402
f 462/15/404 464/15/408 190/15/403 188/15/400
f 465/15/409 466/15/410 189/15/402 185/15/398
f 466/15/410 465/15/409 186/15/399 190/15/403
f 466/15/410 467/15/411 193/15/412 189/15/402
f 467/15/411 466/15/410 190/15/403 194/15/413
f 467/15/411 465/15/409 185/15/398 193/15/412
f 465/15/409 467/15/411 194/15/413 186/15/399
f 468/15/414 469/15/415 195/15/416 187/15/397
f 469/15/415 468/15/414 188/15/400 196/15/417
f 469/15/415 470/15/418 191/15/406 195/15/416
f 470/15/418 469/15/415 196/15/417 192/15/407
f 470/15/418 468/15/414 187/15/397 191/15/406
f 468/15/414 470/15/418 192/15/407 188/15/400
f 471/15/419 472/15/420 185/15/398 197/15/421
f 472/15/420 471/15/419 198/15/422 186/15/399
f 472/15/420 473/15/423 193/15/412 185/15/398
f 473/15/423 472/15/420 186/15/399 194/15/413
f 473/15/423 471/15/419 197/15/421 193/15/412
f 471/15/419 473/15/423 194/15/413 198/15/422
f 474/15/424 475/15/425 199/15/426 195/15/416
f 475/15/425 474/15/424 196/15/417 200/15/427
f 475/15/425 476/15/428 191/15/406 199/15/426
f 476/15/428 475/15/425 200/15/427 192/15/407
f 476/15/428 474/15/424 195/15/416 191/15/406
f 474/15/424 476/15/428 192/15/407 196/15/417
f 477/15/429 478/15/430 193/15/412 197/15/421
f 478/15/430 477/15/429 198/15/422 194/15/413
f 478/15/430 479/15/431 201/15/432 193/15/412
f 479/15/431 478/15/430 194/15/413 202/15/433
f 479/15/431 477/15/429 197/15/421 201/15/432
f 477/15/429 479/15/431 202/15/433 198/15/422
f 480/15/434 481/15/435 203/15/436 195/15/416
f 481/15/435 480/15/434 196/15/417 204/15/437
f 481/15/435 482/15/438 199/15/426 203/15/436
f 482/15/438 481/15/435 204/15/437 200/15/427
f 482/15/438 480/15/434 195/15/416 199/15/426
f 480/15/434 482/15/438 200/15/427 196/15/417
f 483/15/439 484/15/440 197/15/421 205/15/441
f 484/15/440 483/15/439 206/15/442 198/15/422
f 484/15/440 485/15/443 201/15/432 197/15/421
f 485/15/443 484/15/440 198/15/422 202/15/433
f 485/15/443 483/15/439 205/15/441 201/15/432
f 483/15/439 485/15/443 202/15/433 206/15/442
f 486/15/444 487/15/445 207/15/446 203/15/436
f 487/15/445 486/15/444 204/15/437 208/15/447
f 487/15/445 488/15/448 199/15/426 207/15/446
f 488/15/448 487/15/445 208/15/447 200/15/427
f 488/15/448 486/15/444 203/15/436 199/15/426
f 486/15/444 488/15/448 200/15/427 204/15/437
f 489/15/449 490/15/450 201/15/432 205/15/441
f 490/15/450 489/15/449 206/15/442 202/15/433
f 490/15/450 491/15/451 209/15/452 201/15/432
f 491/15/451 490/15/450 202/15/433 210/15/453
f 491/15/451 489/15/449 205/15/441 209/15/452
f 489/15/449 491/15/451 210/15/453 206/15/442
f 492/15/454 493/15/455 211/15/456 203/15/436
f 493/15/455 492/15/454 204/15/437 212/15/457
f 493/15/455 494/15/458 207/15/446 211/15/456
f 494/15/458 493/15/455 212/15/457 208/15/447
f 494/15/458 492/15/454 203/15/436 207/15/446
f 492/15/454 494/15/458 208/15/447 204/15/437
f 495/15/459 496/15/460 205/15/441 213/15/461
f 496/15/460 495/15/459 214/15/462 206/15/442
f 496/15/460 497/15/463 209/15/452 205/15/441
f 497/15/463 496/15/460 206/15/442 210/15/453
f 497/15/463 495/15/459 213/15/461 209/15/452
f 495/15/459 497/15/463 210/15/453 214/15/462
f 498/15/464 499/15/465 215/15/466 211/15/456
f 499/15/465 498/15/464 212/15/457 216/15/467
f 499/15/465 500/15/468 207/15/446 215/15/466
f 500/15/468 499/15/465 216/15/467 208/15/447
f 500/15/468 498/15/464 211/15/456 207/15/446
f 498/15/464 500/15/468 208/15/447 212/15/457
f 501/15/469 502/15/470 209/15/452 213/15/461
f 502/15/470 501/15/469 214/15/462 210/15/453
f 502/15/470 503/15/471 215/15/466 209/15/452
f 503/15/471 502/15/470 210/15/453 216/15/467
f 503/15/471 501/15/469 213/15/461 215/15/466
f 501/15/469 503/15/471 216/15/467 214/15/462
f 504/15/472 505/15/473 213/15/461 211/15/456
f 505/15/473 504/15/472 212/15/457 214/15/462
f 505/15/473 506/15/474 215/15/466 213/15/461
f 506/15/474 505/15/473 214/15/462 216/15/467
f 506/15/474 504/15/472 211/15/456 215/15/466
f 504/15/472 506/15/474 216/15/467 212/15/457
f 507/15/475 508/15/476 219/15/477 217/15/478
f 508/15/476 507/15/475 218/15/479 220/15/480
f 508/15/476 509/15/481 221/15/482 219/15/477
f 509/15/481 508/15/476 220/15/480 222/15/483
f 509/15/481 507/15/475 217/15/478 221/15/482
f 507/15/475 509/15/481 222/15/483 218/15/479
f 510/15/484 511/15/485 219/15/477 221/15/482
f 511/15/485 510/15/484 222/15/483 220/15/480
f 511/15/485 512/15/486 223/15/487 219/15/477
f 512/15/486 511/15/485 220/15/480 224/15/488
f 512/15/486 510/15/484 221/15/482 223/15/487
f 510/15/484 512/15/486 224/15/488 222/15/483
f 513/15/489 514/15/490 225/15/491 217/15/478
f 514/15/490 513/15/489 218/15/479 226/15/492
f 514/15/490 515/15/493 219/15/477 225/15/491
f 515/15/493 514/15/490 226/15/492 220/15/480
f 515/15/493 513/15/489 217/15/478 219/15/477
f 513/15/489 515/15/493 220/15/480 218/15/479
f 516/15/494 517/15/495 223/15/487 221/15/482
f 517/15/495 516/15/494 222/15/483 224/15/488
f 517/15/495 518/15/496 227/15/497 223/15/487
f 518/15/496 517/15/495 224/15/488 228/15/498
f 518/15/496 516/15/494 221/15/482 227/15/497
f 516/15/494 518/15/496 228/15/498 222/15/483
f 519/15/499 520/15/500 225/15/491 229/15/501
f 520/15/500 519/15/499 230/15/502 226/15/492
f 520/15/500 521/15/503 217/15/478 225/15/491
f 521/15/503 520/15/500 226/15/492 218/15/479
f 521/15/503 519/15/499 229/15/501 217/15/478
f 519/15/499 521/15/503 218/15/479 230/15/502
f 522/15/504 523/15/505 223/15/487 227/15/497
f 523/15/505 522/15/504 228/15/498 224/15/488
f 523/15/505 524/15/506 231/15/507 223/15/487
f 524/15/506 523/15/505 224/15/488 232/15/508
f 524/15/506 522/15/504 227/15/497 231/15/507
f 522/15/504 524/15/506 232/15/508 228/15/498
f 525/15/509 526/15/510 233/15/511 229/15/501
f 526/15/510 525/15/509 230/15/502 234/15/512
f 526/15/510 527/15/513 225/15/491 233/15/511
f 527/15/513 526/15/510 234/15/512 226/15/492
f 527/15/513 525/15/509 229/15/501 225/15/491
f 525/15/509 527/15/513 226/15/492 230/15/502
f 528/15/514 529/15/515 231/15/507 227/15/497
f 529/15/515 528/15/514 228/15/498 232/15/508
f 529/15/515 530/15/516 235/15/517 231/15/507
f 530/15/516 529/15/515 232/15/508 236/15/518
f 530/15/516 528/15/514 227/15/497 235/15/517
f 528/15/514 530/15/516 236/15/518 228/15/498
f 531/15/519 532/15/520 233/15/511 237/15/521
f 532/15/520 531/15/519 238/15/522 234/15/512
f 532/15/520 533/15/523 229/15/501 233/15/511
f 533/15/523 532/15/520 234/15/512 230/15/502
f 533/15/523 531/15/519 237/15/521 229/15/501
f 531/15/519 533/15/523 230/15/502 238/15/522
f 534/15/524 535/15/525 231/15/507 235/15/517
f 535/15/525 534/15/524 236/15/518 232/15/508
f 535/15/525 536/15/526 239/15/527 231/15/507
f 536/15/526 535/15/525 232/15/508 240/15/528
f 536/15/526 534/15/524 235/15/517 239/15/527
f 534/15/524 536/15/526 240/15/528 236/15/518
f 537/15/529 538/15/530 241/15/531 237/15/521
f 538/15/530 537/15/529 238/15/522 242/15/532
f 538/15/530 539/15/533 233/15/511 241/15/531
f 539/15/533 538/15/530 242/15/532 234/15/512
f 539/15/533 537/15/529 237/15/521 233/15/511
f 537/15/529 539/15/533 234/15/512 238/15/522
f 540/15/534 541/15/535 239/15/527 235/15/517
f 541/15/535 540/15/534 236/15/518 240/15/528
f 541/15/535 542/15/536 243/15/537 239/15/527
f 542/15/536 541/15/535 240/15/528 244/15/538
f 542/15/536 540/15/534 235/15/517 243/15/537
f 540/15/534 542/15/536 244/15/538 236/15/518
f 543/15/539 544/15/540 241/15/531 245/15/541
f 544/15/540 543/15/539 246/15/542 242/15/532
f 544/15/540 545/15/543 237/15/521 241/15/531
f 545/15/543 544/15/540 242/15/532 238/15/522
f 545/15/543 543/15/539 245/15/541 237/15/521
f 543/15/539 545/15/543 238/15/522 246/15/542
f 546/15/544 547/15/545 239/15/527 243/15/537
f 547/15/545 546/15/544 244/15/538 240/15/528
f 547/15/545 548/15/546 247/15/547 239/15/527
f 548/15/546 547/15/545 240/15/528 248/15/548
f 548/15/546 546/15/544 243/15/537 247/15/547
f 546/15/544 548/15/546 248/15/548 244/15/538
f 549/15/549 550/15/550 247/15/547 245/15/541
f 550/15/550 549/15/549 246/15/542 248/15/548
f 550/15/550 551/15/551 241/15/531 247/15/547
f 551/15/551 550/15/550 248/15/548 242/15/532
f 551/15/551 549/15/549 245/15/541 241/15/531
f 549/15/549 551/15/551 242/15/532 246/15/542
f 552/15/552 553/15/553 247/15/547 243/15/537
f 553/15/553 552/15/552 244/15/538 248/15/548
f 553/15/553 554/15/554 245/15/541 247/15/547
f 554/15/554 553/15/553 248/15/548 246/15/542
f 554/15/554 552/15/552 243/15/537 245/15/541
f 552/15/552 554/15/554 246/15/542 244/15/538
o 117623717483653
v 0.173735 0.208912 -0.067178
v 0.173735 0.209366 -0.067178
v 0.430298 0.208912 0.066987
v 0.430298 0.209366 0.066987
v 0.430298 0.208944 -0.067178
v 0.430298 0.209334 -0.067178
v 0.173735 0.208944 0.066987
v 0.173735 0.209334 0.066987
v 0.430157 0.209153 -0.067178
v 0.430439 0.209125 -0.067178
v 0.418662 0.094571 0.066987
v 0.418920 0.094523 0.066987
v 0.418665 0.094571 -0.067178
v 0.418917 0.094523 -0.067178
v 0.430174 0.209151 0.066987
v 0.430422 0.209127 0.066987
v 0.392286 -0.000017 0.066987
v 0.392510 -0.000089 0.066987
v 0.392289 -0.000018 -0.067178
v 0.392507 -0.000088 -0.067178
v 0.367753 -0.067874 0.066987
v 0.367983 -0.067992 0.066987
v 0.367741 -0.067867 -0.067178
v 0.367995 -0.067999 -0.067178
v 0.279402 -0.198924 0.066987
v 0.279650 -0.199142 0.066987
v 0.279401 -0.198924 -0.067178
v 0.279651 -0.199142 -0.067178
v 0.161042 -0.307922 0.066987
v 0.161290 -0.308044 0.066987
v 0.161057 -0.307929 -0.067178
v 0.161275 -0.308037 -0.067178
v 0.164160 -0.356312 0.066987
v 0.164376 -0.356298 0.066987
v 0.164177 -0.356311 -0.067178
v 0.164359 -0.356299 -0.067178
v -0.091375 -0.427463 -0.042947
v -0.091479 -0.427567 -0.042947
v -0.091368 -0.427456 0.042754
v -0.091486 -0.427574 0.042754
v -0.134134 -0.384690 -0.042947
v -0.134252 -0.384808 -0.042947
v -0.134141 -0.384697 0.042754
v -0.134245 -0.384801 0.042754
v -0.085319 -0.421181 -0.058681
v -0.085377 -0.421239 -0.058727
v -0.134164 -0.384720 -0.042924
v -0.134222 -0.384778 -0.042970
v -0.127865 -0.378645 -0.058685
v -0.127913 -0.378693 -0.058723
v -0.091403 -0.427491 -0.042928
v -0.091451 -0.427539 -0.042966
v -0.134164 -0.384720 0.042731
v -0.134222 -0.384778 0.042777
v -0.091403 -0.427491 0.042735
v -0.091451 -0.427539 0.042773
v -0.085319 -0.421181 0.058487
v -0.085377 -0.421239 0.058533
v -0.127865 -0.378645 0.058491
v -0.127913 -0.378693 0.058529
v -0.010771 -0.422836 -0.042916
v -0.010765 -0.422944 -0.042956
v -0.085351 -0.421159 -0.058685
v -0.085345 -0.421261 -0.058723
v -0.016113 -0.417251 -0.058681
v -0.016109 -0.417333 -0.058711
v -0.091430 -0.427469 -0.042930
v -0.091424 -0.427561 -0.042964
v -0.016113 -0.417251 0.058487
v -0.016109 -0.417333 0.058517
v -0.085351 -0.421159 0.058491
v -0.085345 -0.421261 0.058529
v -0.010771 -0.422836 0.042722
v -0.010765 -0.422944 0.042762
v -0.091430 -0.427469 0.042737
v -0.091424 -0.427561 0.042771
v 0.134040 -0.379197 0.066987
v 0.134166 -0.379363 0.066987
v 0.134051 -0.379212 -0.067178
v 0.134155 -0.379348 -0.067178
v 0.164205 -0.356222 -0.067178
v 0.164331 -0.356388 -0.067178
v 0.164216 -0.356237 0.066987
v 0.164320 -0.356373 0.066987
v 0.112747 -0.384223 -0.058689
v 0.112789 -0.384265 -0.058719
v 0.140216 -0.356759 -0.058691
v 0.140252 -0.356795 -0.058715
v 0.145816 -0.362102 -0.042933
v 0.145858 -0.362144 -0.042963
v 0.118096 -0.389828 -0.042934
v 0.118132 -0.389864 -0.042959
v 0.145816 -0.362102 0.042739
v 0.145858 -0.362144 0.042769
v 0.112747 -0.384223 0.058495
v 0.112789 -0.384265 0.058525
v 0.118096 -0.389828 0.042742
v 0.118132 -0.389864 0.042767
v 0.140216 -0.356759 0.058498
v 0.140252 -0.356795 0.058522
v 0.145793 -0.362079 -0.042948
v 0.145881 -0.362167 -0.042948
v 0.145785 -0.362071 0.042754
v 0.145889 -0.362175 0.042754
v 0.118062 -0.389794 -0.042947
v 0.118166 -0.389898 -0.042947
v 0.118070 -0.389802 0.042754
v 0.118158 -0.389890 0.042754
v -0.091432 -0.427432 -0.042947
v -0.091422 -0.427598 -0.042947
v -0.010773 -0.422795 -0.042936
v -0.010763 -0.422985 -0.042936
v -0.091432 -0.427420 0.042754
v -0.091422 -0.427610 0.042754
v -0.010773 -0.422807 0.042742
v -0.010763 -0.422973 0.042742
v -0.129515 -0.304092 -0.042916
v -0.129623 -0.304086 -0.042956
v -0.127838 -0.378672 -0.058685
v -0.127940 -0.378666 -0.058723
v -0.134147 -0.384752 -0.042930
v -0.134239 -0.384746 -0.042964
v -0.123929 -0.309435 -0.058681
v -0.124011 -0.309431 -0.058711
v -0.129515 -0.304092 0.042722
v -0.129623 -0.304086 0.042762
v -0.127838 -0.378672 0.058491
v -0.127940 -0.378666 0.058529
v -0.123929 -0.309435 0.058487
v -0.124011 -0.309431 0.058517
v -0.134147 -0.384752 0.042737
v -0.134239 -0.384746 0.042771
v -0.088895 -0.158424 -0.067178
v -0.089021 -0.158258 -0.067178
v -0.058731 -0.135450 0.066987
v -0.058857 -0.135284 0.066987
v -0.058742 -0.135435 -0.067178
v -0.058846 -0.135299 -0.067178
v -0.088906 -0.158409 0.066987
v -0.089010 -0.158273 0.066987
v -0.090901 -0.180575 -0.058688
v -0.090943 -0.180533 -0.058718
v -0.068781 -0.147506 -0.042933
v -0.068823 -0.147464 -0.042963
v -0.063436 -0.153106 -0.058691
v -0.063472 -0.153070 -0.058715
v -0.096507 -0.175225 -0.042934
v -0.096543 -0.175189 -0.042960
v -0.096507 -0.175225 0.042741
v -0.096543 -0.175189 0.042767
v -0.090901 -0.180575 0.058495
v -0.090943 -0.180533 0.058525
v -0.068781 -0.147506 0.042739
v -0.068823 -0.147464 0.042769
v -0.063436 -0.153106 0.058498
v -0.063472 -0.153070 0.058522
v -0.134098 -0.384754 -0.042947
v -0.134288 -0.384744 -0.042947
v -0.129474 -0.304094 0.042742
v -0.129664 -0.304084 0.042742
v -0.129486 -0.304094 -0.042936
v -0.129652 -0.304084 -0.042936
v -0.134110 -0.384754 0.042754
v -0.134276 -0.384744 0.042754
v -0.096473 -0.175259 0.042754
v -0.096577 -0.175155 0.042754
v -0.068750 -0.147537 -0.042948
v -0.068854 -0.147433 -0.042948
v -0.096481 -0.175251 -0.042947
v -0.096569 -0.175163 -0.042947
v -0.068758 -0.147529 0.042754
v -0.068846 -0.147441 0.042754
v 0.118111 -0.389792 -0.042927
v 0.118117 -0.389900 -0.042967
v 0.044400 -0.388412 -0.058683
v 0.044406 -0.388512 -0.058721
v 0.112766 -0.384204 -0.058689
v 0.112770 -0.384284 -0.058719
v 0.038327 -0.394723 -0.042925
v 0.038333 -0.394815 -0.042959
v 0.112766 -0.384204 0.058495
v 0.112770 -0.384284 0.058525
v 0.044400 -0.388412 0.058490
v 0.044406 -0.388512 0.058528
v 0.118111 -0.389792 0.042734
v 0.118117 -0.389900 0.042774
v 0.038327 -0.394723 0.042732
v 0.038333 -0.394815 0.042766
v 0.038325 -0.394686 -0.042942
v 0.038335 -0.394852 -0.042942
v 0.118108 -0.389752 -0.042947
v 0.118120 -0.389940 -0.042947
v 0.038324 -0.394675 0.042749
v 0.038336 -0.394863 0.042749
v 0.118109 -0.389763 0.042754
v 0.118119 -0.389929 0.042754
v -0.096471 -0.175210 -0.042927
v -0.096579 -0.175204 -0.042967
v -0.095090 -0.248921 -0.058683
v -0.095190 -0.248915 -0.058721
v -0.101402 -0.254995 -0.042925
v -0.101494 -0.254989 -0.042959
v -0.090882 -0.180556 -0.058688
v -0.090962 -0.180552 -0.058718
v -0.096471 -0.175210 0.042734
v -0.096579 -0.175204 0.042774
v -0.095090 -0.248921 0.058490
v -0.095190 -0.248915 0.058528
v -0.090882 -0.180556 0.058495
v -0.090962 -0.180552 0.058525
v -0.101402 -0.254995 0.042732
v -0.101494 -0.254989 0.042766
v 0.027877 -0.384149 -0.042946
v 0.027887 -0.384181 -0.042960
v 0.022707 -0.378193 -0.058920
v 0.022713 -0.378219 -0.058932
v 0.033693 -0.377452 -0.058919
v 0.033689 -0.377478 -0.058931
v 0.022707 -0.378193 0.058726
v 0.022713 -0.378219 0.058738
v 0.027877 -0.384149 0.042752
v 0.027887 -0.384181 0.042766
v 0.033693 -0.377452 0.058725
v 0.033689 -0.377478 0.058737
v -0.101354 -0.254998 -0.042942
v -0.101542 -0.254986 -0.042942
v -0.096431 -0.175213 0.042754
v -0.096619 -0.175201 0.042754
v -0.096442 -0.175212 -0.042947
v -0.096608 -0.175202 -0.042947
v -0.101365 -0.254997 0.042749
v -0.101531 -0.254987 0.042749
v -0.084873 -0.270619 -0.058920
v -0.084895 -0.270605 -0.058932
v -0.090828 -0.265448 -0.042945
v -0.090858 -0.265434 -0.042961
v -0.084132 -0.259625 -0.058918
v -0.084154 -0.259637 -0.058932
v -0.090828 -0.265448 0.042751
v -0.090858 -0.265434 0.042767
v -0.084873 -0.270619 0.058726
v -0.084895 -0.270605 0.058738
v -0.084132 -0.259625 0.058724
v -0.084154 -0.259637 0.058738
v -0.016139 -0.417265 -0.058677
v -0.016083 -0.417319 -0.058715
v 0.022701 -0.378174 -0.058911
v 0.022719 -0.378238 -0.058941
v 0.027869 -0.384128 -0.042935
v 0.027895 -0.384202 -0.042971
v -0.010791 -0.422867 -0.042920
v -0.010745 -0.422913 -0.042952
v 0.027869 -0.384128 0.042741
v 0.027895 -0.384202 0.042777
v -0.016139 -0.417265 0.058483
v -0.016083 -0.417319 0.058521
v -0.010791 -0.422867 0.042726
v -0.010745 -0.422913 0.042758
v 0.022701 -0.378174 0.058717
v 0.022719 -0.378238 0.058747
v 0.027815 -0.384185 -0.042953
v 0.027949 -0.384145 -0.042953
v 0.027805 -0.384188 0.042759
v 0.027959 -0.384142 0.042759
v -0.010825 -0.422833 -0.042936
v -0.010711 -0.422947 -0.042936
v -0.010818 -0.422840 0.042742
v -0.010718 -0.422940 0.042742
v -0.084130 -0.259624 -0.058917
v -0.084156 -0.259638 -0.058933
v -0.090777 -0.265550 -0.042921
v -0.090807 -0.265564 -0.042939
v -0.095128 -0.248906 -0.058693
v -0.095152 -0.248930 -0.058711
v -0.101438 -0.254982 -0.042934
v -0.101458 -0.255002 -0.042950
v -0.090777 -0.265550 0.042727
v -0.090807 -0.265564 0.042745
v -0.095128 -0.248906 0.058500
v -0.095152 -0.248930 0.058518
v -0.101438 -0.254982 0.042741
v -0.101458 -0.255002 0.042757
v -0.084130 -0.259624 0.058723
v -0.084156 -0.259638 0.058739
v 0.044415 -0.388450 -0.058693
v 0.044391 -0.388474 -0.058711
v 0.027768 -0.384097 -0.042922
v 0.027760 -0.384129 -0.042938
v 0.033693 -0.377450 -0.058918
v 0.033689 -0.377480 -0.058932
v 0.038340 -0.394759 -0.042934
v 0.038320 -0.394779 -0.042950
v 0.038340 -0.394759 0.042741
v 0.038320 -0.394779 0.042757
v 0.044415 -0.388450 0.058500
v 0.044391 -0.388474 0.058518
v 0.027768 -0.384097 0.042728
v 0.027760 -0.384129 0.042744
v 0.033693 -0.377450 0.058724
v 0.033689 -0.377480 0.058738
v 0.173843 0.209125 -0.067178
v 0.173627 0.209153 -0.067178
v 0.163203 0.125833 -0.067178
v 0.162985 0.125879 -0.067178
v 0.173859 0.209123 0.066987
v 0.173611 0.209155 0.066987
v 0.163202 0.125833 0.066987
v 0.162986 0.125879 0.066987
v 0.142738 0.057423 -0.067178
v 0.142546 0.057487 -0.067178
v 0.142736 0.057424 0.066987
v 0.142548 0.057486 0.066987
v 0.126280 0.012460 -0.067178
v 0.126084 0.012566 -0.067178
v 0.126289 0.012455 0.066987
v 0.126075 0.012571 0.066987
v 0.054662 -0.086804 -0.067178
v 0.054472 -0.086618 -0.067178
v 0.054659 -0.086801 0.066987
v 0.054475 -0.086621 0.066987
v -0.017884 -0.144989 -0.067178
v -0.017904 -0.144773 -0.067178
v -0.017885 -0.144983 0.066987
v -0.017903 -0.144779 0.066987
v -0.058818 -0.135470 -0.067178
v -0.058770 -0.135264 -0.067178
v -0.058814 -0.135453 0.066987
v -0.058774 -0.135281 0.066987
v -0.123943 -0.309461 -0.058677
v -0.123997 -0.309405 -0.058715
v -0.090808 -0.265459 -0.042934
v -0.090878 -0.265423 -0.042972
v -0.084856 -0.270629 -0.058910
v -0.084912 -0.270595 -0.058942
v -0.129546 -0.304112 -0.042920
v -0.129592 -0.304066 -0.042952
v -0.090808 -0.265459 0.042740
v -0.090878 -0.265423 0.042778
v -0.129546 -0.304112 0.042726
v -0.129592 -0.304066 0.042758
v -0.123943 -0.309461 0.058483
v -0.123997 -0.309406 0.058521
v -0.084856 -0.270629 0.058716
v -0.084912 -0.270595 0.058748
v 0.080880 -0.350463 -0.042937
v 0.080880 -0.350577 -0.042937
v 0.080678 -0.350464 0.042749
v 0.080678 -0.350578 0.042749
v 0.080678 -0.350478 -0.042942
v 0.080678 -0.350564 -0.042942
v 0.080880 -0.350477 0.042743
v 0.080880 -0.350563 0.042743
v -0.090812 -0.265498 -0.042930
v -0.090772 -0.265616 -0.042930
v -0.101404 -0.254948 0.042749
v -0.101492 -0.255036 0.042749
v -0.101413 -0.254956 -0.042942
v -0.101483 -0.255028 -0.042942
v -0.090808 -0.265509 0.042736
v -0.090776 -0.265605 0.042736
v 0.038366 -0.394734 -0.042942
v 0.038294 -0.394804 -0.042942
v 0.038391 -0.394708 0.042749
v 0.038269 -0.394830 0.042749
v 0.027763 -0.384164 -0.042930
v 0.027765 -0.384062 -0.042930
v 0.027762 -0.384182 -0.042930
v 0.027766 -0.384044 -0.042930
v 0.038366 -0.394733 0.042749
v 0.038294 -0.394805 0.042749
v 0.027763 -0.384163 0.042736
v 0.027765 -0.384063 0.042736
v 0.027763 -0.384156 0.042736
v 0.027765 -0.384070 0.042736
v 0.027827 -0.384182 0.042759
v 0.027937 -0.384148 0.042759
v 0.027841 -0.384177 -0.042953
v 0.027923 -0.384153 -0.042953
v -0.129512 -0.304146 -0.042936
v -0.129626 -0.304032 -0.042936
v -0.090838 -0.265522 0.042759
v -0.090848 -0.265360 0.042759
v -0.090839 -0.265511 -0.042953
v -0.090847 -0.265371 -0.042953
v -0.129519 -0.304139 0.042742
v -0.129619 -0.304039 0.042742
v -0.057141 -0.212442 -0.042937
v -0.057255 -0.212442 -0.042937
v -0.057142 -0.212644 0.042749
v -0.057256 -0.212644 0.042749
v -0.057155 -0.212442 0.042743
v -0.057241 -0.212442 0.042743
v -0.057156 -0.212644 -0.042942
v -0.057242 -0.212644 -0.042942
v 0.418791 0.094547 0.066802
v 0.418791 0.094547 0.067172
v 0.173735 0.209139 0.066783
v 0.173735 0.209139 0.067191
v 0.163094 0.125856 0.066818
v 0.163094 0.125856 0.067156
v 0.430298 0.209139 0.066801
v 0.430298 0.209139 0.067173
v 0.392398 -0.000053 0.066815
v 0.392398 -0.000053 0.067159
v 0.142642 0.057455 0.066829
v 0.142642 0.057455 0.067145
v 0.367868 -0.067933 0.066801
v 0.367868 -0.067933 0.067173
v 0.126182 0.012513 0.066815
v 0.126182 0.012513 0.067159
v 0.279526 -0.199033 0.066779
v 0.279526 -0.199033 0.067195
v 0.054567 -0.086711 0.066809
v 0.054567 -0.086711 0.067165
v 0.161166 -0.307983 0.066771
v 0.161166 -0.307983 0.067203
v -0.017894 -0.144881 0.066819
v -0.017894 -0.144881 0.067155
v 0.164268 -0.356305 -0.066964
v 0.164268 -0.356305 -0.067392
v -0.058794 -0.135367 -0.067000
v -0.058794 -0.135367 -0.067356
v -0.017894 -0.144881 -0.066990
v -0.017894 -0.144881 -0.067366
v 0.161166 -0.307983 -0.067033
v 0.161166 -0.307983 -0.067323
v -0.017894 -0.144881 0.066799
v -0.017894 -0.144881 0.067175
v 0.164268 -0.356305 0.066773
v 0.164268 -0.356305 0.067201
v 0.161166 -0.307983 0.066842
v 0.161166 -0.307983 0.067132
v -0.058794 -0.135367 0.066809
v -0.058794 -0.135367 0.067165
v 0.134103 -0.379280 -0.066957
v 0.134103 -0.379280 -0.067399
v -0.088958 -0.158341 -0.067002
v -0.088958 -0.158341 -0.067354
v -0.058794 -0.135367 -0.066957
v -0.058794 -0.135367 -0.067399
v 0.164268 -0.356305 -0.067002
v 0.164268 -0.356305 -0.067354
v -0.058794 -0.135367 0.066766
v -0.058794 -0.135367 0.067208
v 0.134103 -0.379280 0.066766
v 0.134103 -0.379280 0.067208
v 0.164268 -0.356305 0.066811
v 0.164268 -0.356305 0.067163
v -0.088958 -0.158341 0.066811
v -0.088958 -0.158341 0.067163
v 0.142642 0.057455 -0.067020
v 0.142642 0.057455 -0.067336
v 0.392398 -0.000053 -0.067006
v 0.392398 -0.000053 -0.067350
v 0.367868 -0.067933 -0.066992
v 0.367868 -0.067933 -0.067364
v 0.163094 0.125856 -0.067009
v 0.163094 0.125856 -0.067347
v 0.126182 0.012513 -0.067006
v 0.126182 0.012513 -0.067350
v 0.418791 0.094547 -0.066993
v 0.418791 0.094547 -0.067363
v 0.173735 0.209139 -0.066974
v 0.173735 0.209139 -0.067382
v 0.430298 0.209139 -0.066992
v 0.430298 0.209139 -0.067364
v 0.279526 -0.199033 -0.066970
v 0.279526 -0.199033 -0.067386
v 0.054567 -0.086711 -0.067000
v 0.054567 -0.086711 -0.067356
v 0.161166 -0.307983 -0.066962
v 0.161166 -0.307983 -0.067394
v -0.017894 -0.144881 -0.067010
v -0.017894 -0.144881 -0.067346
v -0.054786 -0.389909 0.058689
v -0.054786 -0.389909 0.058757
v -0.016111 -0.417292 0.058450
v -0.016111 -0.417292 0.058554
v -0.043022 -0.389531 0.058715
v -0.043022 -0.389531 0.058765
v -0.085348 -0.421210 0.058453
v -0.085348 -0.421210 0.058567
v -0.016111 -0.417292 -0.058644
v -0.016111 -0.417292 -0.058748
v -0.054786 -0.389909 -0.058883
v -0.054786 -0.389909 -0.058951
v -0.043022 -0.389531 -0.058909
v -0.043022 -0.389531 -0.058959
v -0.085348 -0.421210 -0.058647
v -0.085348 -0.421210 -0.058761
v -0.036541 -0.180848 0.058691
v -0.036541 -0.180848 0.058779
v -0.063454 -0.153088 0.058471
v -0.063454 -0.153088 0.058549
v -0.090922 -0.180554 0.058466
v -0.090922 -0.180554 0.058554
v -0.063158 -0.207477 0.058692
v -0.063158 -0.207477 0.058768
v -0.090922 -0.180554 -0.058659
v -0.090922 -0.180554 -0.058747
v -0.036541 -0.180848 -0.058884
v -0.036541 -0.180848 -0.058972
v -0.063158 -0.207477 -0.058886
v -0.063158 -0.207477 -0.058962
v -0.063454 -0.153088 -0.058664
v -0.063454 -0.153088 -0.058742
v 0.112474 -0.329862 0.058690
v 0.112474 -0.329862 0.058778
v 0.112768 -0.384244 0.058466
v 0.112768 -0.384244 0.058554
v 0.140234 -0.356777 0.058471
v 0.140234 -0.356777 0.058549
v 0.085845 -0.356481 0.058692
v 0.085845 -0.356481 0.058768
v 0.112474 -0.329862 -0.058885
v 0.112474 -0.329862 -0.058973
v 0.112768 -0.384244 -0.058660
v 0.112768 -0.384244 -0.058748
v 0.085845 -0.356481 -0.058886
v 0.085845 -0.356481 -0.058962
v 0.140234 -0.356777 -0.058664
v 0.140234 -0.356777 -0.058742
v -0.085348 -0.421210 0.058451
v -0.085348 -0.421210 0.058569
v -0.096587 -0.348107 0.058664
v -0.096587 -0.348107 0.058782
v -0.127889 -0.378669 0.058458
v -0.127889 -0.378669 0.058562
v -0.054786 -0.389909 0.058672
v -0.054786 -0.389909 0.058774
v -0.085348 -0.421210 -0.058645
v -0.085348 -0.421210 -0.058763
v -0.096587 -0.348107 -0.058858
v -0.096587 -0.348107 -0.058976
v -0.054786 -0.389909 -0.058866
v -0.054786 -0.389909 -0.058968
v -0.127889 -0.378669 -0.058652
v -0.127889 -0.378669 -0.058756
v 0.074948 -0.357165 0.058696
v 0.074948 -0.357165 0.058764
v 0.112768 -0.384244 0.058459
v 0.112768 -0.384244 0.058561
v 0.085845 -0.356481 0.058705
v 0.085845 -0.356481 0.058755
v 0.044403 -0.388462 0.058453
v 0.044403 -0.388462 0.058565
v -0.063843 -0.218373 -0.058889
v -0.063843 -0.218373 -0.058957
v -0.090922 -0.180554 -0.058652
v -0.090922 -0.180554 -0.058754
v -0.063158 -0.207477 -0.058899
v -0.063158 -0.207477 -0.058949
v -0.095140 -0.248918 -0.058646
v -0.095140 -0.248918 -0.058758
v -0.090922 -0.180554 0.058459
v -0.090922 -0.180554 0.058561
v -0.063843 -0.218373 0.058696
v -0.063843 -0.218373 0.058764
v -0.063158 -0.207477 0.058705
v -0.063158 -0.207477 0.058755
v -0.095140 -0.248918 0.058453
v -0.095140 -0.248918 0.058565
v 0.112768 -0.384244 -0.058653
v 0.112768 -0.384244 -0.058755
v 0.074948 -0.357165 -0.058889
v 0.074948 -0.357165 -0.058957
v 0.085845 -0.356481 -0.058899
v 0.085845 -0.356481 -0.058949
v 0.044403 -0.388462 -0.058646
v 0.044403 -0.388462 -0.058758
v -0.096587 -0.348107 -0.058883
v -0.096587 -0.348107 -0.058951
v -0.123970 -0.309433 -0.058644
v -0.123970 -0.309433 -0.058748
v -0.096210 -0.336344 -0.058909
v -0.096210 -0.336344 -0.058959
v -0.127889 -0.378669 -0.058647
v -0.127889 -0.378669 -0.058761
v -0.123970 -0.309433 0.058450
v -0.123970 -0.309433 0.058554
v -0.096587 -0.348107 0.058689
v -0.096587 -0.348107 0.058757
v -0.096210 -0.336344 0.058715
v -0.096210 -0.336344 0.058765
v -0.127889 -0.378669 0.058453
v -0.127889 -0.378669 0.058567
v -0.084884 -0.270612 0.058679
v -0.084884 -0.270612 0.058786
v -0.096210 -0.336344 0.058687
v -0.096210 -0.336344 0.058794
v -0.057119 -0.297534 0.058457
v -0.057119 -0.297534 0.058551
v -0.123970 -0.309433 0.058455
v -0.123970 -0.309433 0.058549
v -0.084884 -0.270612 -0.058872
v -0.084884 -0.270612 -0.058979
v -0.096210 -0.336344 -0.058880
v -0.096210 -0.336344 -0.058987
v -0.123970 -0.309433 -0.058649
v -0.123970 -0.309433 -0.058743
v -0.057119 -0.297534 -0.058651
v -0.057119 -0.297534 -0.058745
v -0.004213 -0.350440 0.058457
v -0.004213 -0.350440 0.058551
v -0.043022 -0.389531 0.058687
v -0.043022 -0.389531 0.058794
v 0.022710 -0.378206 0.058679
v 0.022710 -0.378206 0.058786
v -0.016111 -0.417292 0.058455
v -0.016111 -0.417292 0.058549
v -0.043022 -0.389531 -0.058880
v -0.043022 -0.389531 -0.058987
v 0.022710 -0.378206 -0.058872
v 0.022710 -0.378206 -0.058979
v -0.016111 -0.417292 -0.058649
v -0.016111 -0.417292 -0.058743
v -0.004213 -0.350440 -0.058651
v -0.004213 -0.350440 -0.058745
v -0.084143 -0.259631 0.058696
v -0.084143 -0.259631 0.058766
v -0.063843 -0.218373 0.058695
v -0.063843 -0.218373 0.058765
v -0.095140 -0.248918 0.058479
v -0.095140 -0.248918 0.058539
v -0.052846 -0.229088 0.058479
v -0.052846 -0.229088 0.058539
v -0.084143 -0.259631 -0.058890
v -0.084143 -0.259631 -0.058960
v -0.063843 -0.218373 -0.058888
v -0.063843 -0.218373 -0.058958
v -0.052846 -0.229088 -0.058672
v -0.052846 -0.229088 -0.058732
v -0.095140 -0.248918 -0.058672
v -0.095140 -0.248918 -0.058732
v 0.033691 -0.377465 0.058696
v 0.033691 -0.377465 0.058766
v 0.074948 -0.357165 0.058695
v 0.074948 -0.357165 0.058765
v 0.064234 -0.346169 0.058479
v 0.064234 -0.346169 0.058539
v 0.044403 -0.388462 0.058479
v 0.044403 -0.388462 0.058539
v 0.074948 -0.357165 -0.058888
v 0.074948 -0.357165 -0.058958
v 0.044403 -0.388462 -0.058672
v 0.044403 -0.388462 -0.058732
v 0.033691 -0.377465 -0.058890
v 0.033691 -0.377465 -0.058960
v 0.064234 -0.346169 -0.058672
v 0.064234 -0.346169 -0.058732
v -0.052846 -0.229088 -0.058646
v -0.052846 -0.229088 -0.058758
v -0.057119 -0.297534 -0.058647
v -0.057119 -0.297534 -0.058749
v -0.084143 -0.259631 -0.058891
v -0.084143 -0.259631 -0.058959
v -0.084884 -0.270612 -0.058901
v -0.084884 -0.270612 -0.058951
v -0.057119 -0.297534 0.058453
v -0.057119 -0.297534 0.058555
v -0.084143 -0.259631 0.058697
v -0.084143 -0.259631 0.058765
v -0.084884 -0.270612 0.058707
v -0.084884 -0.270612 0.058757
v -0.052846 -0.229088 0.058453
v -0.052846 -0.229088 0.058565
v 0.033691 -0.377465 -0.058891
v 0.033691 -0.377465 -0.058959
v -0.004213 -0.350440 -0.058647
v -0.004213 -0.350440 -0.058749
v 0.064234 -0.346169 -0.058646
v 0.064234 -0.346169 -0.058758
v 0.022710 -0.378206 -0.058901
v 0.022710 -0.378206 -0.058951
v 0.033691 -0.377465 0.058697
v 0.033691 -0.377465 0.058765
v 0.064234 -0.346169 0.058453
v 0.064234 -0.346169 0.058565
v -0.004213 -0.350440 0.058453
v -0.004213 -0.350440 0.058555
v 0.022710 -0.378206 0.058707
v 0.022710 -0.378206 0.058757
v -0.063853 -0.218383 -0.058915
v -0.063833 -0.218363 -0.058931
v -0.057210 -0.212454 -0.042928
v -0.057186 -0.212430 -0.042946
v -0.052862 -0.229094 -0.058693
v -0.052830 -0.229082 -0.058711
v -0.046553 -0.223020 -0.042934
v -0.046527 -0.223006 -0.042950
v -0.057210 -0.212454 0.042734
v -0.057186 -0.212430 0.042752
v -0.052862 -0.229094 0.058500
v -0.052830 -0.229082 0.058518
v -0.046553 -0.223020 0.042740
v -0.046527 -0.223006 0.042756
v -0.063853 -0.218383 0.058722
v -0.063833 -0.218363 0.058738
v 0.064230 -0.346186 -0.058694
v 0.064238 -0.346152 -0.058710
v 0.080868 -0.350532 -0.042928
v 0.080892 -0.350508 -0.042946
v 0.074938 -0.357175 -0.058915
v 0.074958 -0.357155 -0.058931
v 0.070305 -0.339876 -0.042935
v 0.070311 -0.339846 -0.042949
v 0.070305 -0.339876 0.042741
v 0.070311 -0.339846 0.042755
v 0.064230 -0.346186 0.058501
v 0.064238 -0.346152 0.058517
v 0.080868 -0.350532 0.042734
v 0.080892 -0.350508 0.042752
v 0.074938 -0.357175 0.058722
v 0.074958 -0.357155 0.058738
v -0.088773 -0.158154 -0.067178
v -0.089143 -0.158528 -0.067178
v 0.134261 -0.379121 -0.067178
v 0.133945 -0.379439 -0.067178
v 0.134288 -0.379093 0.066987
v 0.133918 -0.379467 0.066987
v -0.088800 -0.158182 0.066987
v -0.089116 -0.158500 0.066987
v -0.057155 -0.297518 -0.058680
v -0.057083 -0.297550 -0.058716
v -0.090243 -0.341437 -0.042919
v -0.090189 -0.341491 -0.042957
v -0.096233 -0.336321 -0.058918
v -0.096187 -0.336367 -0.058950
v -0.051546 -0.302859 -0.042924
v -0.051490 -0.302893 -0.042956
v -0.090243 -0.341437 0.042726
v -0.090189 -0.341491 0.042764
v -0.051546 -0.302859 0.042730
v -0.051490 -0.302893 0.042762
v -0.057155 -0.297518 0.058486
v -0.057083 -0.297550 0.058522
v -0.096233 -0.336321 0.058724
v -0.096187 -0.336367 0.058756
v -0.004201 -0.350478 -0.058680
v -0.004225 -0.350402 -0.058715
v -0.042999 -0.389554 -0.058918
v -0.043045 -0.389508 -0.058950
v -0.048115 -0.383565 -0.042919
v -0.048169 -0.383511 -0.042957
v -0.009546 -0.344871 -0.042926
v -0.009562 -0.344807 -0.042954
v -0.048115 -0.383565 0.042726
v -0.048169 -0.383511 0.042764
v -0.004201 -0.350478 0.058487
v -0.004225 -0.350402 0.058522
v -0.009546 -0.344871 0.042732
v -0.009562 -0.344807 0.042760
v -0.042999 -0.389554 0.058724
v -0.043045 -0.389508 0.058756
v -0.057242 -0.212486 0.042743
v -0.057154 -0.212398 0.042743
v -0.046597 -0.223039 -0.042942
v -0.046483 -0.222987 -0.042942
v -0.057233 -0.212478 -0.042937
v -0.057163 -0.212406 -0.042937
v -0.046586 -0.223034 0.042748
v -0.046494 -0.222992 0.042748
v 0.070299 -0.339910 -0.042942
v 0.070317 -0.339812 -0.042942
v 0.070296 -0.339922 0.042748
v 0.070320 -0.339800 0.042748
v 0.080836 -0.350564 -0.042937
v 0.080924 -0.350476 -0.042937
v 0.080844 -0.350555 0.042743
v 0.080916 -0.350485 0.042743
v -0.051580 -0.302844 -0.042940
v -0.051456 -0.302908 -0.042940
v -0.051590 -0.302839 0.042746
v -0.051446 -0.302913 0.042746
v -0.090273 -0.341407 -0.042938
v -0.090159 -0.341521 -0.042938
v -0.090266 -0.341414 0.042745
v -0.090166 -0.341514 0.042745
v -0.048085 -0.383595 0.042745
v -0.048199 -0.383481 0.042745
v -0.009532 -0.344917 -0.042940
v -0.009576 -0.344761 -0.042940
v -0.048092 -0.383588 -0.042938
v -0.048192 -0.383488 -0.042938
v -0.009535 -0.344906 0.042746
v -0.009573 -0.344772 0.042746
v -0.046577 -0.223034 -0.042919
v -0.046503 -0.222992 -0.042965
v -0.051562 -0.302849 -0.042915
v -0.051474 -0.302903 -0.042965
v -0.052892 -0.229104 -0.058678
v -0.052800 -0.229072 -0.058726
v -0.057155 -0.297518 -0.058680
v -0.057083 -0.297549 -0.058716
v -0.052892 -0.229104 0.058485
v -0.052800 -0.229072 0.058533
v -0.051562 -0.302849 0.042721
v -0.051474 -0.302903 0.042771
v -0.046577 -0.223034 0.042725
v -0.046503 -0.222992 0.042771
v -0.057155 -0.297518 0.058486
v -0.057083 -0.297549 0.058522
v -0.009541 -0.344890 -0.042917
v -0.009567 -0.344788 -0.042963
v 0.064224 -0.346217 -0.058679
v 0.064244 -0.346121 -0.058725
v -0.004201 -0.350478 -0.058681
v -0.004225 -0.350402 -0.058715
v 0.070300 -0.339905 -0.042921
v 0.070316 -0.339817 -0.042963
v -0.009541 -0.344890 0.042723
v -0.009567 -0.344788 0.042769
v 0.064224 -0.346217 0.058486
v 0.064244 -0.346121 0.058532
v 0.070300 -0.339905 0.042727
v 0.070316 -0.339817 0.042769
v -0.004201 -0.350478 0.058487
v -0.004225 -0.350402 0.058521
v -0.057215 -0.212441 -0.042930
v -0.057181 -0.212443 -0.042944
v -0.063857 -0.218372 -0.058918
v -0.063829 -0.218374 -0.058928
v -0.063171 -0.207476 -0.058919
v -0.063145 -0.207478 -0.058929
v -0.063857 -0.218372 0.058725
v -0.063829 -0.218374 0.058735
v -0.057215 -0.212441 0.042736
v -0.057181 -0.212443 0.042750
v -0.063171 -0.207476 0.058725
v -0.063145 -0.207478 0.058735
v -0.063178 -0.207457 -0.058910
v -0.063138 -0.207497 -0.058938
v -0.036559 -0.180830 -0.058916
v -0.036523 -0.180866 -0.058940
v -0.031434 -0.186810 -0.042926
v -0.031394 -0.186850 -0.042954
v -0.057216 -0.212627 -0.042930
v -0.057182 -0.212661 -0.042954
v -0.031434 -0.186810 0.042732
v -0.031394 -0.186850 0.042760
v -0.063178 -0.207457 0.058716
v -0.063138 -0.207497 0.058744
v -0.057216 -0.212627 0.042737
v -0.057182 -0.212661 0.042761
v -0.036559 -0.180830 0.058723
v -0.036523 -0.180866 0.058747
v 0.080881 -0.350537 0.042736
v 0.080879 -0.350503 0.042750
v 0.074949 -0.357179 0.058725
v 0.074947 -0.357151 0.058735
v 0.085846 -0.356494 0.058725
v 0.085844 -0.356468 0.058735
v 0.074949 -0.357179 -0.058918
v 0.074947 -0.357151 -0.058928
v 0.080881 -0.350537 -0.042930
v 0.080879 -0.350503 -0.042944
v 0.085846 -0.356494 -0.058919
v 0.085844 -0.356468 -0.058929
v -0.051602 -0.302832 -0.042940
v -0.051434 -0.302920 -0.042940
v -0.046626 -0.223052 0.042748
v -0.046454 -0.222974 0.042748
v -0.051591 -0.302838 0.042746
v -0.051445 -0.302914 0.042746
v -0.046615 -0.223048 -0.042942
v -0.046465 -0.222978 -0.042942
v 0.085865 -0.356501 -0.058910
v 0.085825 -0.356461 -0.058938
v 0.106511 -0.324757 -0.042926
v 0.106471 -0.324717 -0.042954
v 0.112492 -0.329880 -0.058917
v 0.112456 -0.329844 -0.058941
v 0.080695 -0.350538 -0.042930
v 0.080661 -0.350504 -0.042954
v 0.080695 -0.350538 0.042737
v 0.080661 -0.350504 0.042761
v 0.085865 -0.356501 0.058716
v 0.085825 -0.356461 0.058744
v 0.106511 -0.324757 0.042732
v 0.106471 -0.324717 0.042760
v 0.112492 -0.329880 0.058722
v 0.112456 -0.329844 0.058746
v -0.009528 -0.344930 -0.042940
v -0.009580 -0.344748 -0.042940
v 0.070290 -0.339954 0.042748
v 0.070326 -0.339768 0.042748
v 0.070293 -0.339942 -0.042942
v 0.070323 -0.339780 -0.042942
v -0.009531 -0.344919 0.042746
v -0.009577 -0.344759 0.042746
v -0.089978 -0.342130 -0.042935
v -0.089954 -0.342130 -0.042945
v -0.096601 -0.348107 -0.058911
v -0.096573 -0.348107 -0.058922
v -0.096225 -0.336344 -0.058928
v -0.096195 -0.336344 -0.058940
v -0.090225 -0.341464 -0.042935
v -0.090207 -0.341464 -0.042941
v -0.089978 -0.342130 0.042741
v -0.089954 -0.342130 0.042751
v -0.096225 -0.336344 0.058734
v -0.096195 -0.336344 0.058746
v -0.096601 -0.348107 0.058718
v -0.096573 -0.348107 0.058729
v -0.090225 -0.341464 0.042742
v -0.090207 -0.341464 0.042748
v -0.031465 -0.186779 -0.042940
v -0.031363 -0.186881 -0.042940
v -0.057250 -0.212593 0.042749
v -0.057148 -0.212695 0.042749
v -0.057242 -0.212601 -0.042942
v -0.057156 -0.212687 -0.042942
v -0.031457 -0.186787 0.042746
v -0.031371 -0.186873 0.042746
v -0.043022 -0.389546 0.058734
v -0.043022 -0.389516 0.058746
v -0.048809 -0.383299 0.042741
v -0.048809 -0.383276 0.042751
v -0.054786 -0.389923 0.058718
v -0.054786 -0.389895 0.058729
v -0.048142 -0.383547 0.042742
v -0.048142 -0.383529 0.042748
v -0.096616 -0.348136 -0.058894
v -0.096558 -0.348078 -0.058940
v -0.048837 -0.383316 -0.042918
v -0.048781 -0.383260 -0.042962
v -0.054810 -0.389933 -0.058898
v -0.054762 -0.389885 -0.058936
v -0.089990 -0.342154 -0.042921
v -0.089942 -0.342106 -0.042959
v -0.048837 -0.383316 0.042724
v -0.048781 -0.383260 0.042768
v -0.089990 -0.342154 0.042727
v -0.089942 -0.342106 0.042765
v -0.096616 -0.348136 0.058700
v -0.096558 -0.348078 0.058746
v -0.054810 -0.389933 0.058704
v -0.054762 -0.389885 0.058742
v -0.043022 -0.389546 -0.058928
v -0.043022 -0.389516 -0.058940
v -0.048809 -0.383299 -0.042935
v -0.048809 -0.383276 -0.042945
v -0.048142 -0.383547 -0.042935
v -0.048142 -0.383529 -0.042941
v -0.054786 -0.389923 -0.058911
v -0.054786 -0.389895 -0.058922
v -0.090810 -0.265503 -0.042930
v -0.090774 -0.265611 -0.042930
v -0.090839 -0.265498 0.042759
v -0.090847 -0.265384 0.042759
v -0.090806 -0.265516 0.042736
v -0.090778 -0.265598 0.042736
v -0.090840 -0.265484 -0.042953
v -0.090846 -0.265398 -0.042953
v 0.080721 -0.350564 -0.042942
v 0.080635 -0.350478 -0.042942
v 0.080729 -0.350572 0.042749
v 0.080627 -0.350470 0.042749
v 0.106542 -0.324788 -0.042940
v 0.106440 -0.324686 -0.042940
v 0.106534 -0.324780 0.042746
v 0.106448 -0.324694 0.042746
v -0.090020 -0.342150 0.042746
v -0.089912 -0.342110 0.042746
v -0.090006 -0.342145 -0.042940
v -0.089926 -0.342115 -0.042940
v -0.090270 -0.341484 -0.042938
v -0.090162 -0.341444 -0.042938
v -0.090256 -0.341479 0.042745
v -0.090176 -0.341449 0.042745
v -0.090017 -0.342181 -0.042940
v -0.089915 -0.342079 -0.042940
v -0.090024 -0.342188 0.042746
v -0.089908 -0.342072 0.042746
v -0.048867 -0.383346 -0.042940
v -0.048751 -0.383230 -0.042940
v -0.048860 -0.383339 0.042746
v -0.048758 -0.383237 0.042746
v -0.048829 -0.383342 -0.042940
v -0.048789 -0.383234 -0.042940
v -0.048162 -0.383592 0.042745
v -0.048122 -0.383484 0.042745
v -0.048157 -0.383578 -0.042938
v -0.048127 -0.383498 -0.042938
v -0.048824 -0.383328 0.042746
v -0.048794 -0.383248 0.042746
v 0.174658 0.209139 -0.066951
v 0.430071 0.209139 0.066613
v 0.430103 0.209139 -0.066983
v 0.429375 0.209139 0.066760
v 0.173962 0.209139 -0.066804
v 0.173930 0.209139 0.066792
v 0.430267 0.208831 -0.067036
v 0.418804 0.094677 0.066633
v 0.418804 0.094675 -0.067050
v 0.418819 0.094831 0.066856
v 0.430284 0.208998 -0.066794
v 0.430286 0.209015 0.066862
v 0.392460 0.000171 0.066869
v 0.418756 0.094423 -0.066785
v 0.418756 0.094421 0.066856
v 0.418723 0.094303 -0.067050
v 0.392430 0.000060 0.066627
v 0.392429 0.000057 -0.067064
v 0.367941 -0.067730 0.066858
v 0.392359 -0.000160 -0.066725
v 0.392358 -0.000164 0.066869
v 0.392333 -0.000233 -0.067064
v 0.367912 -0.067811 0.066474
v 0.367917 -0.067799 -0.067035
v 0.279777 -0.198660 0.066822
v 0.367788 -0.068052 -0.066869
v 0.367796 -0.068040 0.066858
v 0.367650 -0.068256 -0.067035
v 0.279618 -0.198896 0.066630
v 0.279619 -0.198896 -0.067012
v 0.161447 -0.307725 0.066849
v 0.279404 -0.199145 -0.066824
v 0.279405 -0.199145 0.066822
v 0.279190 -0.199343 -0.067012
v 0.161268 -0.307889 0.066692
v 0.161255 -0.307901 -0.067056
v 0.161174 -0.308104 -0.066483
v 0.161175 -0.308121 0.066849
v 0.164258 -0.356151 0.066879
v 0.164261 -0.356197 0.066367
v 0.164262 -0.356214 -0.067087
v 0.161177 -0.308156 -0.067056
v -0.091479 -0.427463 -0.042874
v -0.091486 -0.427456 0.042490
v -0.134079 -0.384863 -0.042863
v -0.134134 -0.384808 -0.042683
v -0.091541 -0.427401 0.042670
v -0.134141 -0.384801 0.042681
v -0.085592 -0.420999 -0.058663
v -0.134137 -0.384761 -0.043002
v -0.127875 -0.378710 -0.058670
v -0.133949 -0.384961 -0.042988
v -0.085403 -0.421199 -0.058649
v -0.091442 -0.427474 -0.042981
v -0.133949 -0.384961 0.042795
v -0.091442 -0.427474 0.042788
v -0.085403 -0.421199 0.058455
v -0.134137 -0.384761 0.042810
v -0.085592 -0.420999 0.058469
v -0.127875 -0.378710 0.058476
v -0.010854 -0.422867 -0.043010
v -0.084859 -0.421201 -0.058653
v -0.016142 -0.417309 -0.058655
v -0.085313 -0.421230 -0.058644
v -0.011289 -0.422899 -0.042990
v -0.091356 -0.427493 -0.042993
v -0.016142 -0.417309 0.058461
v -0.084859 -0.421201 0.058459
v -0.010854 -0.422867 0.042816
v -0.091356 -0.427493 0.042800
v -0.011289 -0.422899 0.042797
v -0.085313 -0.421230 0.058450
v 0.134186 -0.379217 0.066238
v 0.134171 -0.379228 -0.067092
v 0.164159 -0.356388 -0.067074
v 0.164185 -0.356368 -0.066429
v 0.164200 -0.356357 0.066901
v 0.134212 -0.379197 0.066883
v 0.112887 -0.384145 -0.058674
v 0.140223 -0.356806 -0.058678
v 0.145797 -0.362131 -0.042994
v 0.145717 -0.362222 -0.042978
v 0.118125 -0.389817 -0.042972
v 0.112807 -0.384237 -0.058658
v 0.145717 -0.362222 0.042784
v 0.112807 -0.384237 0.058464
v 0.118125 -0.389817 0.042780
v 0.112887 -0.384145 0.058480
v 0.145797 -0.362131 0.042800
v 0.140223 -0.356806 0.058485
v 0.145793 -0.362167 -0.042886
v 0.145785 -0.362175 0.042419
v 0.118194 -0.389766 -0.042874
v 0.118166 -0.389794 -0.042612
v 0.145757 -0.362203 0.042681
v 0.118158 -0.389802 0.042692
v -0.091344 -0.427510 -0.042864
v -0.010987 -0.422903 -0.042841
v -0.091332 -0.427510 0.042515
v -0.010863 -0.422895 -0.042697
v -0.010851 -0.422895 0.042659
v -0.091208 -0.427502 0.042659
v -0.129578 -0.304610 -0.042991
v -0.127909 -0.378634 -0.058644
v -0.134171 -0.384678 -0.042993
v -0.127880 -0.378180 -0.058653
v -0.129546 -0.304175 -0.043010
v -0.123987 -0.309464 -0.058655
v -0.129546 -0.304175 0.042816
v -0.127880 -0.378180 0.058459
v -0.123987 -0.309464 0.058461
v -0.127909 -0.378634 0.058450
v -0.129578 -0.304610 0.042797
v -0.134171 -0.384678 0.042800
v -0.088849 -0.158258 -0.067074
v -0.058877 -0.135430 0.066238
v -0.058862 -0.135419 -0.067092
v -0.058903 -0.135450 0.066883
v -0.088875 -0.158278 -0.066429
v -0.088890 -0.158289 0.066901
v -0.090823 -0.180435 -0.058673
v -0.068810 -0.147525 -0.042994
v -0.063483 -0.153099 -0.058678
v -0.068901 -0.147605 -0.042978
v -0.090915 -0.180515 -0.058657
v -0.096496 -0.175196 -0.042972
v -0.096496 -0.175196 0.042779
v -0.090915 -0.180515 0.058464
v -0.068901 -0.147605 0.042784
v -0.068810 -0.147525 0.042800
v -0.090823 -0.180435 0.058480
v -0.063483 -0.153099 0.058485
v -0.134180 -0.384530 -0.042852
v -0.129574 -0.304184 0.042503
v -0.129574 -0.304172 -0.042853
v -0.129582 -0.304308 0.042647
v -0.134188 -0.384654 -0.042708
v -0.134188 -0.384666 0.042671
v -0.096473 -0.175155 0.042419
v -0.068882 -0.147565 -0.042875
v -0.096481 -0.175163 -0.042885
v -0.068854 -0.147537 -0.042613
v -0.096445 -0.175127 0.042681
v -0.068846 -0.147529 0.042692
v 0.118029 -0.389824 -0.043020
v 0.044881 -0.388452 -0.058651
v 0.112737 -0.384261 -0.058664
v 0.044438 -0.388482 -0.058643
v 0.117604 -0.389857 -0.043001
v 0.038400 -0.394747 -0.042988
v 0.112737 -0.384261 0.058470
v 0.044881 -0.388452 0.058459
v 0.118029 -0.389824 0.042827
v 0.038400 -0.394747 0.042795
v 0.117604 -0.389857 0.042808
v 0.044438 -0.388482 0.058450
v 0.038413 -0.394764 -0.042859
v 0.117898 -0.389859 -0.042853
v 0.038424 -0.394763 0.042510
v 0.118020 -0.389852 -0.042708
v 0.118031 -0.389851 0.042671
v 0.038546 -0.394756 0.042655
v -0.096536 -0.175717 -0.043001
v -0.095160 -0.248883 -0.058643
v -0.101426 -0.254922 -0.042988
v -0.095130 -0.248440 -0.058651
v -0.096503 -0.175292 -0.043020
v -0.090939 -0.180585 -0.058663
v -0.096503 -0.175292 0.042827
v -0.095130 -0.248440 0.058459
v -0.090939 -0.180585 0.058470
v -0.095160 -0.248883 0.058450
v -0.096536 -0.175717 0.042808
v -0.101426 -0.254922 0.042795
v 0.027883 -0.384143 -0.043008
v 0.022729 -0.378210 -0.058913
v 0.033671 -0.377472 -0.058911
v 0.022729 -0.378210 0.058719
v 0.027883 -0.384143 0.042814
v 0.033671 -0.377472 0.058717
v -0.101435 -0.254776 -0.042848
v -0.096531 -0.175301 0.042515
v -0.096530 -0.175290 -0.042864
v -0.096538 -0.175423 0.042660
v -0.101442 -0.254898 -0.042703
v -0.101443 -0.254909 0.042666
v -0.084888 -0.270593 -0.058913
v -0.090821 -0.265440 -0.043008
v -0.084150 -0.259652 -0.058911
v -0.090821 -0.265440 0.042814
v -0.084888 -0.270593 0.058719
v -0.084150 -0.259652 0.058717
v -0.015906 -0.417113 -0.058658
v 0.022695 -0.378244 -0.058893
v 0.027834 -0.384176 -0.043006
v 0.027674 -0.384347 -0.042992
v -0.010753 -0.422853 -0.042968
v -0.016062 -0.417280 -0.058643
v 0.027674 -0.384347 0.042798
v -0.016062 -0.417280 0.058449
v -0.010753 -0.422853 0.042774
v -0.015906 -0.417113 0.058464
v 0.027834 -0.384176 0.042812
v 0.022695 -0.378244 0.058699
v 0.027832 -0.384215 -0.042883
v 0.027825 -0.384222 0.042483
v -0.010664 -0.422786 -0.042855
v -0.010711 -0.422833 -0.042660
v 0.027778 -0.384269 0.042678
v -0.010718 -0.422840 0.042672
v -0.084161 -0.259625 -0.058910
v -0.090787 -0.265527 -0.042974
v -0.095118 -0.248952 -0.058686
v -0.090814 -0.265522 -0.042947
v -0.101430 -0.254998 -0.042956
v -0.095145 -0.248949 -0.058656
v -0.090814 -0.265522 0.042753
v -0.095145 -0.248949 0.058463
v -0.101430 -0.254998 0.042763
v -0.095118 -0.248952 0.058493
v -0.090787 -0.265527 0.042781
v -0.084161 -0.259625 0.058716
v 0.044369 -0.388440 -0.058686
v 0.027794 -0.384108 -0.042974
v 0.033697 -0.377483 -0.058910
v 0.027799 -0.384135 -0.042947
v 0.044372 -0.388467 -0.058656
v 0.038324 -0.394752 -0.042956
v 0.038324 -0.394752 0.042763
v 0.044372 -0.388467 0.058463
v 0.027799 -0.384135 0.042753
v 0.027794 -0.384108 0.042781
v 0.044369 -0.388440 0.058493
v 0.033697 -0.377483 0.058716
v 0.173721 0.209031 -0.067069
v 0.163120 0.126056 -0.067066
v 0.173719 0.209015 0.066550
v 0.163108 0.125967 -0.066788
v 0.163108 0.125965 0.066877
v 0.173706 0.208914 0.066862
v 0.163062 0.125750 0.066545
v 0.163062 0.125749 -0.067066
v 0.142690 0.057617 -0.067077
v 0.142671 0.057552 -0.066772
v 0.142670 0.057550 0.066888
v 0.163041 0.125680 0.066877
v 0.142608 0.057362 0.066415
v 0.142607 0.057360 -0.067077
v 0.126236 0.012662 -0.067066
v 0.126220 0.012618 -0.066532
v 0.126224 0.012627 0.066866
v 0.142594 0.057323 0.066888
v 0.126117 0.012422 -0.067066
v 0.054743 -0.086467 -0.067045
v 0.126111 0.012414 0.066674
v 0.054645 -0.086603 -0.066835
v 0.054642 -0.086607 0.066859
v 0.126021 0.012290 0.066866
v 0.054467 -0.086791 0.066577
v 0.054463 -0.086794 -0.067045
v -0.017733 -0.144752 -0.067070
v -0.017810 -0.144813 -0.066832
v -0.017814 -0.144817 0.066885
v 0.054376 -0.086864 0.066859
v -0.058654 -0.135400 -0.067072
v -0.017994 -0.144858 0.066317
v -0.017999 -0.144857 -0.067070
v -0.018030 -0.144849 0.066885
v -0.058691 -0.135391 -0.066487
v -0.058708 -0.135387 0.066899
v -0.123791 -0.309228 -0.058658
v -0.090854 -0.265489 -0.043006
v -0.084922 -0.270627 -0.058893
v -0.091025 -0.265649 -0.042992
v -0.123958 -0.309384 -0.058643
v -0.129532 -0.304074 -0.042968
v -0.091025 -0.265649 0.042798
v -0.129532 -0.304074 0.042774
v -0.123958 -0.309384 0.058449
v -0.090854 -0.265489 0.042812
v -0.123791 -0.309228 0.058464
v -0.084922 -0.270627 0.058699
v 0.080823 -0.350520 -0.042881
v 0.080736 -0.350521 -0.005773
v 0.080721 -0.350521 -0.042898
v 0.080735 -0.350521 0.042690
v 0.080822 -0.350520 0.005582
v 0.080837 -0.350520 0.042701
v -0.090845 -0.265505 -0.042867
v -0.101404 -0.255036 0.042029
v -0.101412 -0.255027 -0.042892
v -0.101395 -0.255044 0.042686
v -0.090836 -0.265513 -0.042210
v -0.090828 -0.265522 0.042686
v 0.038295 -0.394733 -0.042892
v 0.038269 -0.394708 0.041756
v 0.027807 -0.384156 -0.042879
v 0.027812 -0.384162 -0.042138
v 0.038287 -0.394726 0.042698
v 0.027799 -0.384149 0.042686
v 0.027824 -0.384139 0.048561
v 0.027803 -0.384130 0.042700
v 0.027830 -0.384142 0.042691
v 0.027832 -0.384143 -0.033246
v 0.027843 -0.384148 -0.042902
v 0.027827 -0.384141 -0.042872
v -0.129465 -0.303985 -0.042855
v -0.090900 -0.265498 0.042483
v -0.090893 -0.265491 -0.042883
v -0.090947 -0.265545 0.042678
v -0.129512 -0.304032 -0.042660
v -0.129519 -0.304039 0.042672
v -0.057198 -0.212500 0.005582
v -0.057199 -0.212587 0.042690
v -0.057198 -0.212485 0.042701
v -0.057199 -0.212586 -0.005773
v -0.057198 -0.212499 -0.042881
v -0.057199 -0.212601 -0.042898
v 0.417657 0.094873 0.066987
v 0.173902 0.208836 0.066987
v 0.163283 0.126003 0.066987
v 0.174651 0.208935 0.066987
v 0.418633 0.094826 0.066987
v 0.430093 0.208953 0.066987
v 0.163943 0.125582 0.066987
v 0.392291 0.000202 0.066987
v 0.418555 0.094389 0.066987
v 0.391228 0.000393 0.066987
v 0.163196 0.125608 0.066987
v 0.142842 0.057571 0.066987
v 0.143695 0.057050 0.066987
v 0.367768 -0.067665 0.066987
v 0.392170 -0.000177 0.066987
v 0.366044 -0.067130 0.066987
v 0.142727 0.057227 0.066987
v 0.126404 0.012620 0.066987
v 0.126634 0.012182 0.066987
v 0.279520 -0.198670 0.066987
v 0.367577 -0.068032 0.066987
v 0.278860 -0.198468 0.066987
v 0.126182 0.012220 0.066987
v 0.054834 -0.086645 0.066987
v 0.054954 -0.087103 0.066987
v 0.161234 -0.307626 0.066987
v 0.279163 -0.199084 0.066987
v 0.160487 -0.307072 0.066987
v 0.054504 -0.086990 0.066987
v -0.017636 -0.144889 0.066987
v 0.160574 -0.352345 -0.067178
v -0.058222 -0.135683 -0.067178
v -0.017996 -0.145050 -0.067178
v 0.164014 -0.355682 -0.067178
v -0.015725 -0.147110 -0.067178
v 0.161025 -0.308051 -0.067178
v -0.015725 -0.147110 0.066987
v 0.164014 -0.355682 0.066987
v 0.161025 -0.308051 0.066987
v 0.160574 -0.352345 0.066987
v -0.017996 -0.145050 0.066987
v -0.058222 -0.135683 0.066987
v 0.131668 -0.376557 -0.067178
v -0.088690 -0.158358 -0.067178
v -0.058833 -0.135674 -0.067178
v 0.134142 -0.378973 -0.067178
v -0.056359 -0.138090 -0.067178
v 0.164000 -0.356288 -0.067178
v -0.056359 -0.138090 0.066987
v 0.134142 -0.378973 0.066987
v 0.164000 -0.356288 0.066987
v 0.131668 -0.376557 0.066987
v -0.058833 -0.135674 0.066987
v -0.088690 -0.158358 0.066987
v 0.143695 0.057050 -0.067178
v 0.392170 -0.000177 -0.067178
v 0.367768 -0.067665 -0.067178
v 0.391228 0.000393 -0.067178
v 0.142842 0.057571 -0.067178
v 0.163196 0.125608 -0.067178
v 0.366044 -0.067130 -0.067178
v 0.126404 0.012620 -0.067178
v 0.142727 0.057227 -0.067178
v 0.163943 0.125582 -0.067178
v 0.418555 0.094389 -0.067178
v 0.392291 0.000202 -0.067178
v 0.173902 0.208836 -0.067178
v 0.417657 0.094873 -0.067178
v 0.163283 0.126003 -0.067178
v 0.174651 0.208935 -0.067178
v 0.430093 0.208953 -0.067178
v 0.418633 0.094826 -0.067178
v 0.126634 0.012182 -0.067178
v 0.367577 -0.068032 -0.067178
v 0.279520 -0.198670 -0.067178
v 0.278860 -0.198468 -0.067178
v 0.054834 -0.086645 -0.067178
v 0.126182 0.012220 -0.067178
v 0.279163 -0.199084 -0.067178
v 0.161234 -0.307626 -0.067178
v 0.054954 -0.087103 -0.067178
v 0.160487 -0.307072 -0.067178
v -0.017636 -0.144889 -0.067178
v 0.054504 -0.086990 -0.067178
v -0.054683 -0.389940 0.058723
v -0.016537 -0.416927 0.058505
v -0.043032 -0.389557 0.058740
v -0.085206 -0.421145 0.058510
v -0.016262 -0.417249 0.058502
v -0.054782 -0.389954 0.058723
v -0.016537 -0.416927 -0.058699
v -0.054683 -0.389940 -0.058917
v -0.043032 -0.389557 -0.058934
v -0.054782 -0.389954 -0.058917
v -0.016262 -0.417249 -0.058696
v -0.085206 -0.421145 -0.058704
v -0.036644 -0.180804 0.058734
v -0.063454 -0.153143 0.058510
v -0.090816 -0.180511 0.058510
v -0.090813 -0.180599 0.058511
v -0.063158 -0.207423 0.058730
v -0.036646 -0.180891 0.058735
v -0.090813 -0.180599 -0.058704
v -0.036646 -0.180891 -0.058928
v -0.063158 -0.207423 -0.058924
v -0.036644 -0.180804 -0.058927
v -0.090816 -0.180511 -0.058703
v -0.063454 -0.153143 -0.058703
v 0.112518 -0.329965 0.058733
v 0.112811 -0.384138 0.058510
v 0.140179 -0.356777 0.058510
v 0.112723 -0.384135 0.058511
v 0.112431 -0.329967 0.058734
v 0.085899 -0.356481 0.058730
v 0.112431 -0.329967 -0.058929
v 0.112723 -0.384135 -0.058705
v 0.085899 -0.356481 -0.058924
v 0.112811 -0.384138 -0.058704
v 0.112518 -0.329965 -0.058928
v 0.140179 -0.356777 -0.058703
v -0.085434 -0.421040 0.058510
v -0.096628 -0.348229 0.058722
v -0.127815 -0.378669 0.058510
v -0.096501 -0.348276 0.058723
v -0.085307 -0.421084 0.058511
v -0.054858 -0.389909 0.058723
v -0.085307 -0.421084 -0.058705
v -0.096501 -0.348276 -0.058917
v -0.054858 -0.389909 -0.058917
v -0.096628 -0.348229 -0.058916
v -0.085434 -0.421040 -0.058704
v -0.127815 -0.378669 -0.058704
v 0.075045 -0.357193 0.058730
v 0.112335 -0.383871 0.058513
v 0.085835 -0.356506 0.058730
v 0.044545 -0.388397 0.058509
v 0.112621 -0.384202 0.058510
v 0.074952 -0.357209 0.058730
v -0.063871 -0.218276 -0.058923
v -0.090549 -0.180987 -0.058706
v -0.063183 -0.207487 -0.058924
v -0.095075 -0.248776 -0.058702
v -0.090880 -0.180701 -0.058703
v -0.063887 -0.218369 -0.058923
v -0.090549 -0.180987 0.058513
v -0.063871 -0.218276 0.058730
v -0.063183 -0.207487 0.058730
v -0.063887 -0.218369 0.058730
v -0.090880 -0.180701 0.058510
v -0.095075 -0.248776 0.058509
v 0.112335 -0.383871 -0.058707
v 0.075045 -0.357193 -0.058923
v 0.085835 -0.356506 -0.058924
v 0.074952 -0.357209 -0.058923
v 0.112621 -0.384202 -0.058704
v 0.044545 -0.388397 -0.058702
v -0.096618 -0.348004 -0.058917
v -0.123605 -0.309859 -0.058699
v -0.096236 -0.336354 -0.058934
v -0.127824 -0.378527 -0.058704
v -0.123927 -0.309584 -0.058696
v -0.096632 -0.348103 -0.058917
v -0.123605 -0.309859 0.058505
v -0.096618 -0.348004 0.058723
v -0.096236 -0.336354 0.058740
v -0.096632 -0.348103 0.058723
v -0.123927 -0.309584 0.058502
v -0.127824 -0.378527 0.058510
v -0.084849 -0.270721 0.058732
v -0.096129 -0.336188 0.058740
v -0.057186 -0.297534 0.058504
v -0.096246 -0.336235 0.058740
v -0.084965 -0.270768 0.058732
v -0.123903 -0.309433 0.058503
v -0.084965 -0.270768 -0.058926
v -0.096246 -0.336235 -0.058934
v -0.123903 -0.309433 -0.058696
v -0.096129 -0.336188 -0.058934
v -0.084849 -0.270721 -0.058926
v -0.057186 -0.297534 -0.058698
v -0.004213 -0.350507 0.058505
v -0.042866 -0.389450 0.058740
v 0.022601 -0.378171 0.058732
v -0.042913 -0.389566 0.058740
v -0.016111 -0.417225 0.058503
v 0.022554 -0.378287 0.058732
v -0.042913 -0.389566 -0.058934
v 0.022554 -0.378287 -0.058926
v -0.016111 -0.417225 -0.058696
v 0.022601 -0.378171 -0.058926
v -0.042866 -0.389450 -0.058934
v -0.004213 -0.350507 -0.058698
v -0.084153 -0.259572 0.058730
v -0.063964 -0.218540 0.058729
v -0.095098 -0.248918 0.058510
v -0.063833 -0.218432 0.058729
v -0.084022 -0.259464 0.058730
v -0.052888 -0.229088 0.058510
v -0.084022 -0.259464 -0.058924
v -0.063833 -0.218432 -0.058922
v -0.052888 -0.229088 -0.058703
v -0.063964 -0.218540 -0.058922
v -0.084153 -0.259572 -0.058924
v -0.095098 -0.248918 -0.058703
v 0.033858 -0.377344 0.058730
v 0.074889 -0.357155 0.058729
v 0.064234 -0.346211 0.058510
v 0.074781 -0.357286 0.058729
v 0.033750 -0.377475 0.058730
v 0.044403 -0.388420 0.058510
v 0.074781 -0.357286 -0.058922
v 0.044403 -0.388420 -0.058703
v 0.033750 -0.377475 -0.058924
v 0.033858 -0.377344 -0.058924
v 0.064234 -0.346211 -0.058703
v 0.074889 -0.357155 -0.058922
v -0.052911 -0.229230 -0.058702
v -0.057161 -0.297387 -0.058698
v -0.084099 -0.259635 -0.058925
v -0.084116 -0.259728 -0.058925
v -0.057488 -0.297105 -0.058701
v -0.084858 -0.270602 -0.058926
v -0.057488 -0.297105 0.058507
v -0.084116 -0.259728 0.058731
v -0.084858 -0.270602 0.058732
v -0.084099 -0.259635 0.058731
v -0.057161 -0.297387 0.058504
v -0.052911 -0.229230 0.058509
v 0.033687 -0.377421 -0.058925
v -0.004066 -0.350482 -0.058698
v 0.064092 -0.346234 -0.058702
v -0.003784 -0.350809 -0.058701
v 0.033595 -0.377438 -0.058925
v 0.022720 -0.378180 -0.058926
v 0.033687 -0.377421 0.058731
v 0.064092 -0.346234 0.058509
v -0.004066 -0.350482 0.058504
v 0.033595 -0.377438 0.058731
v -0.003784 -0.350809 0.058507
v 0.022720 -0.378180 0.058732
v -0.063825 -0.218379 -0.058908
v -0.057203 -0.212472 -0.042981
v -0.052868 -0.229054 -0.058686
v -0.057176 -0.212477 -0.042954
v -0.046558 -0.223007 -0.042956
v -0.052841 -0.229057 -0.058656
v -0.057176 -0.212477 0.042760
v -0.052841 -0.229057 0.058463
v -0.046558 -0.223007 0.042762
v -0.052868 -0.229054 0.058493
v -0.057203 -0.212472 0.042788
v -0.063825 -0.218379 0.058715
v 0.064268 -0.346191 -0.058686
v 0.080850 -0.350525 -0.042981
v 0.074942 -0.357147 -0.058908
v 0.080845 -0.350498 -0.042953
v 0.064265 -0.346164 -0.058656
v 0.070314 -0.339879 -0.042956
v 0.070314 -0.339879 0.042762
v 0.064265 -0.346164 0.058463
v 0.080845 -0.350498 0.042760
v 0.080850 -0.350525 0.042788
v 0.064268 -0.346191 0.058493
v 0.074942 -0.357147 0.058715
v -0.088045 -0.159246 -0.066915
v 0.133944 -0.379122 -0.066954
v 0.133916 -0.379095 0.066588
v -0.088771 -0.158526 -0.066779
v 0.133190 -0.378375 0.066724
v -0.088799 -0.158499 0.066763
v -0.057298 -0.297739 -0.058660
v -0.090205 -0.341417 -0.042991
v -0.096172 -0.336329 -0.058901
v -0.090035 -0.341256 -0.042977
v -0.057131 -0.297583 -0.058645
v -0.051555 -0.302891 -0.042972
v -0.090035 -0.341256 0.042784
v -0.051555 -0.302891 0.042778
v -0.057131 -0.297583 0.058451
v -0.090205 -0.341417 0.042798
v -0.057298 -0.297739 0.058466
v -0.096172 -0.336329 0.058707
v -0.004418 -0.350619 -0.058660
v -0.043007 -0.389493 -0.058901
v -0.048095 -0.383527 -0.042991
v -0.047934 -0.383357 -0.042977
v -0.009569 -0.344876 -0.042972
v -0.004262 -0.350452 -0.058645
v -0.047934 -0.383357 0.042784
v -0.004262 -0.350452 0.058451
v -0.009569 -0.344876 0.042778
v -0.004418 -0.350619 0.058466
v -0.048095 -0.383527 0.042798
v -0.043007 -0.389493 0.058707
v -0.057154 -0.212486 0.042023
v -0.046593 -0.222961 -0.042879
v -0.057162 -0.212477 -0.042887
v -0.046584 -0.222969 -0.042222
v -0.057145 -0.212494 0.042680
v -0.046576 -0.222978 0.042698
v 0.070343 -0.339897 -0.042892
v 0.070352 -0.339905 0.042028
v 0.080828 -0.350467 -0.042874
v 0.080836 -0.350476 -0.042217
v 0.070360 -0.339914 0.042685
v 0.080845 -0.350484 0.042693
v -0.051568 -0.302926 -0.042870
v -0.051575 -0.302933 0.042470
v -0.090112 -0.341360 -0.042857
v -0.090159 -0.341407 -0.042662
v -0.051622 -0.302980 0.042665
v -0.090166 -0.341414 0.042675
v -0.048085 -0.383481 0.042469
v -0.009658 -0.344943 -0.042859
v -0.048092 -0.383488 -0.042868
v -0.009611 -0.344896 -0.042664
v -0.048038 -0.383434 0.042664
v -0.009604 -0.344889 0.042676
v -0.046562 -0.223083 -0.042988
v -0.051506 -0.302365 -0.042994
v -0.052826 -0.229123 -0.058643
v -0.052857 -0.229566 -0.058651
v -0.051540 -0.302791 -0.043013
v -0.057102 -0.297503 -0.058658
v -0.052826 -0.229123 0.058450
v -0.051506 -0.302365 0.042800
v -0.046562 -0.223083 0.042794
v -0.051540 -0.302791 0.042819
v -0.052857 -0.229567 0.058458
v -0.057102 -0.297503 0.058464
v -0.009469 -0.344861 -0.043013
v 0.063755 -0.346180 -0.058651
v -0.004182 -0.350423 -0.058658
v 0.064199 -0.346149 -0.058643
v -0.009043 -0.344827 -0.042994
v 0.070238 -0.339883 -0.042988
v -0.009043 -0.344827 0.042800
v 0.064199 -0.346149 0.058450
v 0.070238 -0.339883 0.042794
v 0.063755 -0.346180 0.058458
v -0.009469 -0.344861 0.042819
v -0.004182 -0.350423 0.058464
v -0.057220 -0.212443 -0.042992
v -0.063836 -0.218352 -0.058909
v -0.063154 -0.207496 -0.058911
v -0.063836 -0.218352 0.058716
v -0.057220 -0.212443 0.042799
v -0.063154 -0.207496 0.058717
v -0.063048 -0.207387 -0.058895
v -0.036553 -0.180877 -0.058903
v -0.031451 -0.186836 -0.042985
v -0.031523 -0.186919 -0.042969
v -0.057189 -0.212617 -0.042966
v -0.063118 -0.207469 -0.058877
v -0.031523 -0.186919 0.042775
v -0.063118 -0.207469 0.058683
v -0.057189 -0.212617 0.042773
v -0.063048 -0.207387 0.058701
v -0.031451 -0.186836 0.042791
v -0.036553 -0.180877 0.058710
v 0.080879 -0.350542 0.042799
v 0.074969 -0.357158 0.058716
v 0.085826 -0.356477 0.058717
v 0.074969 -0.357158 -0.058909
v 0.080879 -0.350542 -0.042992
v 0.085826 -0.356477 -0.058911
v -0.051512 -0.302782 -0.042701
v -0.046554 -0.223230 0.042654
v -0.051513 -0.302793 0.042663
v -0.046546 -0.223107 0.042509
v -0.051504 -0.302659 -0.042846
v -0.046545 -0.223096 -0.042859
v 0.085935 -0.356371 -0.058895
v 0.106485 -0.324774 -0.042985
v 0.112445 -0.329874 -0.058904
v 0.106402 -0.324846 -0.042969
v 0.085853 -0.356441 -0.058877
v 0.080705 -0.350511 -0.042966
v 0.080705 -0.350511 0.042773
v 0.085853 -0.356441 0.058683
v 0.106402 -0.324846 0.042775
v 0.106485 -0.324774 0.042791
v 0.085935 -0.356371 0.058701
v 0.112445 -0.329874 0.058709
v -0.009337 -0.344826 -0.042846
v 0.070214 -0.339867 0.042509
v 0.070225 -0.339866 -0.042859
v 0.070091 -0.339875 0.042654
v -0.009460 -0.344833 -0.042701
v -0.009471 -0.344834 0.042663
v -0.089980 -0.342130 -0.042976
v -0.096581 -0.348086 -0.058903
v -0.096205 -0.336366 -0.058919
v -0.095911 -0.336610 -0.058153
v -0.090216 -0.341471 -0.042947
v -0.089975 -0.342113 -0.042952
v -0.089980 -0.342130 0.042782
v -0.096205 -0.336366 0.058725
v -0.096581 -0.348086 0.058709
v -0.095911 -0.336610 0.057959
v -0.089975 -0.342113 0.042758
v -0.090216 -0.341471 0.042754
v -0.031491 -0.186907 -0.042868
v -0.057148 -0.212593 0.042397
v -0.057156 -0.212601 -0.042881
v -0.057122 -0.212567 0.042677
v -0.031465 -0.186881 -0.042588
v -0.031457 -0.186873 0.042685
v -0.043044 -0.389526 0.058725
v -0.048809 -0.383302 0.042782
v -0.054765 -0.389903 0.058709
v -0.048792 -0.383297 0.042758
v -0.043288 -0.389233 0.057960
v -0.048149 -0.383538 0.042754
v -0.096356 -0.348306 -0.058877
v -0.048862 -0.383278 -0.042994
v -0.054801 -0.389868 -0.058883
v -0.049038 -0.383090 -0.042980
v -0.096531 -0.348119 -0.058862
v -0.089953 -0.342170 -0.042973
v -0.049038 -0.383090 0.042786
v -0.089953 -0.342170 0.042779
v -0.096531 -0.348119 0.058668
v -0.048862 -0.383278 0.042800
v -0.096356 -0.348306 0.058683
v -0.054801 -0.389868 0.058689
v -0.043288 -0.389233 -0.058154
v -0.048792 -0.383297 -0.042952
v -0.048149 -0.383538 -0.042947
v -0.048809 -0.383302 -0.042975
v -0.043044 -0.389526 -0.058919
v -0.054765 -0.389903 -0.058903
v -0.090813 -0.265509 0.034389
v -0.090820 -0.265493 0.042691
v -0.090809 -0.265518 0.042700
v -0.090822 -0.265490 -0.034581
v -0.090815 -0.265505 -0.042882
v -0.090826 -0.265480 -0.042902
v 0.080721 -0.350478 -0.042881
v 0.080729 -0.350470 0.042397
v 0.106414 -0.324814 -0.042868
v 0.106440 -0.324788 -0.042588
v 0.080755 -0.350444 0.042677
v 0.106448 -0.324780 0.042685
v -0.089986 -0.342076 0.028927
v -0.089981 -0.342090 -0.042897
v -0.090196 -0.341518 -0.042881
v -0.090196 -0.341518 -0.029119
v -0.090201 -0.341504 0.042702
v -0.089986 -0.342076 0.042689
v -0.089915 -0.342181 -0.042868
v -0.089908 -0.342188 0.042478
v -0.048919 -0.383178 -0.042857
v -0.048867 -0.383230 -0.042672
v -0.089856 -0.342240 0.042664
v -0.048860 -0.383237 0.042674
v -0.048755 -0.383308 -0.042882
v -0.048196 -0.383518 0.028945
v -0.048182 -0.383523 -0.042895
v -0.048196 -0.383518 0.042688
v -0.048755 -0.383308 -0.029139
v -0.048769 -0.383303 0.042703
vn 0.9711 0.0001 0.2388
vn -0.5177 -0.0006 -0.8555
vn -0.2370 -0.9254 -0.2959
vn 0.2377 -0.9254 0.2950
vn 0.2370 0.9254 0.2959
vn -0.2377 0.9254 -0.2950
vn -0.7072 0.0003 0.7070
vn -0.4084 -0.8164 0.4083
vn -0.4086 0.8162 0.4085
vn -0.9710 -0.0002 -0.2389
vn 0.5178 -0.0008 0.8555
vn 0.7072 -0.0003 -0.7071
vn 0.4080 -0.8168 -0.4079
vn 0.4078 0.8170 -0.4077
vn -0.1102 -0.9020 0.4173
vn 0.0757 0.3412 -0.9369
vn -0.9351 0.0751 -0.3465
vn -0.9614 -0.1454 0.2337
vn 0.9115 -0.3448 0.2245
vn 0.9053 -0.2592 -0.3365
vn 0.1070 0.7003 0.7058
vn -0.8992 0.2658 0.3476
vn 0.9365 -0.0982 0.3365
vn 0.1166 0.9009 -0.4180
vn -0.0126 -0.3489 0.9371
vn -0.0711 -0.7038 -0.7068
vn -0.8536 -0.3241 -0.4079
vn 0.7721 -0.4878 -0.4074
vn 0.2316 0.8607 -0.4534
vn -0.0330 -0.3131 0.9492
vn -0.9179 0.1974 -0.3441
vn 0.8693 -0.3625 -0.3360
vn -0.1558 -0.6907 -0.7061
vn -0.2209 -0.8639 0.4527
vn 0.1295 0.2876 -0.9490
vn 0.2054 0.6776 0.7062
vn -0.8644 0.3596 0.3515
vn 0.9110 -0.2286 0.3433
vn 0.3219 0.7928 -0.5175
vn -0.0055 -0.2606 0.9654
vn -0.8643 0.3568 -0.3545
vn 0.8063 -0.4833 -0.3411
vn -0.2265 -0.6708 -0.7062
vn -0.3089 -0.8007 0.5133
vn 0.1608 0.2034 -0.9658
vn 0.2870 0.6496 0.7040
vn -0.7694 0.5267 0.3614
vn 0.8722 -0.3520 0.3396
vn 0.5355 0.7673 -0.3529
vn -0.1757 -0.3900 0.9039
vn -0.7724 0.5270 -0.3545
vn 0.6446 -0.6865 -0.3365
vn -0.3595 -0.6117 -0.7046
vn -0.5211 -0.7782 0.3505
vn 0.2910 0.3140 -0.9037
vn 0.4334 0.5631 0.7036
vn -0.6337 0.6923 0.3453
vn 0.7654 -0.5397 0.3506
vn 0.5992 0.6821 -0.4192
vn -0.3382 -0.2772 0.8993
vn -0.8458 0.4011 -0.3518
vn 0.7650 -0.5244 -0.3739
vn -0.4999 -0.5105 -0.6997
vn -0.6114 -0.7125 0.3444
vn 0.1258 0.4431 -0.8876
vn 0.3269 0.6448 0.6909
vn -0.8023 0.4619 0.3781
vn 0.8566 -0.3364 0.3914
vn -0.2926 -0.1396 0.9460
vn -0.2784 -0.6859 -0.6723
vn 0.0564 0.8235 -0.5645
vn -0.9179 0.3206 -0.2337
vn 0.9087 0.3224 -0.2652
vn -0.3526 0.2135 -0.9111
vn -0.0467 0.7199 0.6925
vn -0.8515 0.3517 0.3890
vn 0.7994 0.4575 0.3895
vn -0.1944 -0.8079 0.5564
vn -0.4996 0.4997 0.7076
vn -0.2135 0.2140 -0.9532
vn 0.4764 0.8493 -0.2272
vn 0.2884 0.8662 0.4082
vn -0.8659 -0.2886 0.4086
vn -0.8496 -0.4762 -0.2266
vn 0.6282 -0.6275 0.4599
vn 0.8498 0.4757 0.2272
vn -0.4760 -0.8495 0.2276
vn 0.2142 -0.2141 0.9530
vn -0.6278 0.6279 -0.4599
vn 0.5001 -0.4999 -0.7071
vn 0.8659 0.2890 -0.4083
vn -0.2891 -0.8662 -0.4077
vn -0.7493 0.6502 0.1258
vn 0.6994 -0.1500 -0.6989
vn 0.8706 0.4731 0.1351
vn 0.2339 0.6308 0.7398
vn -0.8711 -0.4741 -0.1285
vn -0.2371 -0.6347 -0.7355
vn 0.2540 -0.7418 0.6207
vn 0.6511 0.0747 0.7554
vn -0.3569 -0.9334 -0.0369
vn 0.7494 -0.6502 -0.1254
vn -0.6961 0.1433 0.7035
vn -0.2606 0.7440 -0.6152
vn 0.3555 0.9337 0.0432
vn -0.6554 -0.0773 -0.7513
vn 0.7494 -0.6502 0.1252
vn -0.2606 0.7442 0.6151
vn 0.3555 0.9337 -0.0435
vn 0.8705 0.4732 -0.1352
vn -0.2371 -0.6345 0.7356
vn -0.6554 -0.0773 0.7513
vn -0.6962 0.1433 -0.7034
vn 0.2339 0.6308 -0.7399
vn -0.8710 -0.4741 0.1287
vn 0.6995 -0.1501 0.6987
vn -0.7492 0.6502 -0.1257
vn 0.2540 -0.7418 -0.6206
vn 0.6510 0.0745 -0.7554
vn -0.3568 -0.9334 0.0370
vn -0.7427 0.1980 -0.6397
vn 0.9947 0.0184 0.1008
vn 0.2355 0.6240 0.7451
vn -0.3486 0.9340 0.0783
vn -0.2507 -0.7846 -0.5671
vn 0.3235 -0.9328 0.1589
vn -0.5812 -0.3135 0.7510
vn -0.4041 0.5339 0.7427
vn -0.3216 -0.9267 0.1944
vn 0.4902 -0.2835 0.8242
vn -0.9943 -0.0181 -0.1047
vn 0.8110 0.2477 -0.5300
vn 0.3524 0.9347 0.0453
vn 0.4462 -0.6920 -0.5675
vn -0.5822 -0.3145 -0.7498
vn 0.9944 0.0196 -0.1034
vn 0.2355 0.6240 -0.7451
vn -0.4043 0.5339 -0.7426
vn -0.3216 -0.9266 -0.1948
vn 0.3236 -0.9327 -0.1592
vn -0.7425 0.1988 0.6397
vn -0.3486 0.9340 -0.0785
vn -0.2507 -0.7846 0.5670
vn 0.8120 0.2455 0.5295
vn -0.9943 -0.0176 0.1050
vn 0.3525 0.9347 -0.0450
vn 0.4463 -0.6919 0.5676
vn 0.4897 -0.2813 -0.8253
vn 0.1082 0.0821 -0.9907
vn 0.5623 0.4285 0.7073
vn -0.1703 0.8969 0.4082
vn -0.2618 0.9218 -0.2858
vn 0.8193 -0.4973 -0.2853
vn 0.8194 -0.4023 0.4084
vn -0.6351 -0.4828 0.6030
vn -0.8195 0.4968 0.2856
vn 0.2615 -0.9218 0.2862
vn -0.1082 -0.0822 0.9907
vn -0.5623 -0.4284 -0.7073
vn -0.8193 0.4024 -0.4084
vn 0.1703 -0.8969 -0.4081
vn 0.6344 0.4835 -0.6031
vn 0.7570 0.6262 0.1864
vn -0.2758 -0.7193 0.6376
vn -0.6771 0.1006 0.7289
vn -0.3093 0.6580 0.6865
vn 0.8543 -0.5052 -0.1223
vn 0.3576 -0.9338 0.0098
vn -0.6476 -0.1262 -0.7514
vn -0.8541 0.5038 0.1292
vn 0.3126 -0.6621 -0.6811
vn -0.7563 -0.6264 -0.1888
vn 0.2833 0.7218 -0.6314
vn -0.3562 0.9344 -0.0024
vn 0.6820 -0.1039 -0.7239
vn 0.6431 0.1180 0.7566
vn -0.7563 -0.6264 0.1887
vn 0.6433 0.1179 -0.7565
vn -0.3091 0.6581 -0.6865
vn -0.8540 0.5040 -0.1291
vn 0.3125 -0.6622 0.6811
vn 0.8544 -0.5051 0.1220
vn 0.2833 0.7219 0.6314
vn -0.3562 0.9344 0.0024
vn 0.6820 -0.1038 0.7239
vn 0.7566 0.6264 -0.1874
vn -0.6477 -0.1260 0.7514
vn -0.2759 -0.7191 -0.6378
vn -0.6772 0.1008 -0.7289
vn 0.3576 -0.9338 -0.0101
vn -0.5000 -0.4997 0.7073
vn -0.1504 -0.1503 -0.9771
vn -0.8682 0.4310 -0.2460
vn -0.8660 0.2890 0.4081
vn 0.2888 -0.8660 0.4083
vn 0.4309 -0.8683 -0.2458
vn 0.5946 0.5955 0.5402
vn -0.4306 0.8684 0.2459
vn 0.8682 -0.4308 0.2463
vn 0.1507 0.1510 0.9770
vn -0.5950 -0.5951 -0.5402
vn 0.4998 0.5001 -0.7072
vn -0.2891 0.8659 -0.4083
vn 0.8661 -0.2890 -0.4079
vn 0.7059 0.0407 0.7072
vn -0.9168 -0.0518 0.3960
vn -0.2933 0.9273 0.2327
vn 0.3607 0.8387 0.4081
vn 0.4542 -0.7918 0.4083
vn -0.1851 -0.9547 0.2331
vn 0.3684 0.0211 -0.9294
vn 0.1849 0.9549 -0.2325
vn 0.2929 -0.9274 -0.2327
vn -0.3679 -0.0208 0.9296
vn -0.7060 -0.0403 -0.7070
vn -0.4543 0.7919 -0.4080
vn -0.3608 -0.8385 -0.4083
vn 0.9167 0.0530 -0.3961
vn -0.0175 -0.9945 -0.1037
vn -0.2815 0.4895 0.8253
vn 0.6240 0.2354 0.7451
vn 0.9339 -0.3487 0.0785
vn -0.7845 -0.2507 -0.5672
vn -0.9328 0.3235 0.1592
vn 0.2480 0.8110 -0.5299
vn 0.9349 0.3521 0.0454
vn -0.6920 0.4462 -0.5675
vn 0.0191 0.9945 0.1034
vn 0.1988 -0.7423 -0.6399
vn -0.3135 -0.5812 0.7510
vn 0.5338 -0.4042 0.7427
vn -0.9266 -0.3217 0.1947
vn 0.1979 -0.7426 0.6398
vn 0.0200 0.9947 -0.1013
vn 0.6240 0.2355 -0.7451
vn 0.9340 -0.3486 -0.0784
vn -0.7846 -0.2507 0.5671
vn -0.9328 0.3234 -0.1592
vn -0.3135 -0.5812 -0.7509
vn 0.5339 -0.4042 -0.7427
vn -0.9266 -0.3217 -0.1947
vn -0.2835 0.4900 -0.8243
vn -0.0169 -0.9945 0.1033
vn 0.2478 0.8110 0.5300
vn 0.9348 0.3523 -0.0454
vn -0.6920 0.4462 0.5675
vn 0.6346 0.4834 0.6031
vn -0.1084 -0.0825 -0.9907
vn 0.2616 -0.9219 -0.2857
vn 0.8193 -0.4972 0.2857
vn -0.2616 0.9219 0.2857
vn -0.8193 0.4972 -0.2857
vn -0.5623 -0.4283 0.7073
vn 0.1703 -0.8969 0.4082
vn -0.8193 0.4025 0.4082
vn -0.6346 -0.4833 -0.6031
vn 0.1084 0.0824 0.9907
vn 0.5623 0.4284 -0.7073
vn 0.8193 -0.4025 -0.4083
vn -0.1703 0.8969 -0.4082
vn 0.6259 0.7570 0.1878
vn -0.1258 -0.6479 -0.7513
vn 0.5041 -0.8539 0.1294
vn 0.6581 -0.3089 0.6866
vn -0.5052 0.8544 -0.1220
vn -0.6621 0.3125 -0.6811
vn -0.7193 -0.2757 0.6377
vn 0.1008 -0.6771 0.7289
vn -0.9338 0.3577 0.0097
vn -0.6264 -0.7564 -0.1881
vn 0.1180 0.6437 0.7562
vn 0.7219 0.2834 -0.6313
vn 0.9345 -0.3560 -0.0022
vn -0.1039 0.6821 -0.7239
vn 0.7220 0.2834 0.6312
vn 0.1180 0.6437 -0.7562
vn 0.6581 -0.3089 -0.6866
vn 0.9345 -0.3561 0.0021
vn -0.1038 0.6821 0.7239
vn -0.5051 0.8544 0.1220
vn -0.6261 -0.7567 0.1879
vn 0.5041 -0.8539 -0.1294
vn -0.6621 0.3124 0.6812
vn -0.1257 -0.6480 0.7512
vn 0.6260 0.7568 -0.1880
vn -0.7192 -0.2759 -0.6377
vn 0.1008 -0.6771 -0.7289
vn -0.9338 0.3576 -0.0098
vn 0.0527 0.9165 0.3966
vn -0.0210 -0.3682 -0.9295
vn 0.9275 -0.2926 -0.2327
vn 0.9548 0.1853 0.2326
vn -0.9273 0.2928 0.2332
vn -0.9549 -0.1850 -0.2322
vn -0.0399 -0.7061 0.7070
vn 0.7917 -0.4545 0.4081
vn -0.8384 -0.3608 0.4086
vn -0.0526 -0.9165 -0.3965
vn 0.0220 0.3682 0.9295
vn 0.0407 0.7058 -0.7072
vn 0.8387 0.3605 -0.4082
vn -0.7921 0.4541 -0.4079
vn 0.1506 0.1506 -0.9771
vn -0.5951 -0.5951 0.5401
vn 0.4309 -0.8683 0.2459
vn 0.8681 -0.4312 -0.2459
vn -0.4310 0.8683 -0.2455
vn -0.8683 0.4309 0.2459
vn 0.4999 0.4999 0.7072
vn 0.8660 -0.2888 0.4082
vn -0.2889 0.8660 0.4082
vn -0.1504 -0.1502 0.9772
vn 0.5952 0.5949 -0.5402
vn -0.4997 -0.5002 -0.7072
vn 0.2891 -0.8658 -0.4083
vn -0.8661 0.2891 -0.4077
vn -0.7419 0.1956 -0.6414
vn 0.9943 0.0234 0.1036
vn 0.2306 0.6266 0.7444
vn -0.3521 0.9326 0.0790
vn -0.2461 -0.7857 -0.5675
vn 0.3265 -0.9320 0.1576
vn -0.5802 -0.3171 0.7502
vn -0.4073 0.5308 0.7432
vn -0.3180 -0.9280 0.1941
vn 0.4892 -0.2809 0.8257
vn -0.9943 -0.0209 -0.1041
vn 0.8102 0.2503 -0.5300
vn 0.3493 0.9359 0.0453
vn 0.4491 -0.6899 -0.5677
vn -0.5807 -0.3179 -0.7495
vn 0.9943 0.0232 -0.1036
vn 0.2306 0.6266 -0.7444
vn -0.4072 0.5306 -0.7434
vn -0.3179 -0.9281 -0.1938
vn 0.3264 -0.9320 -0.1575
vn -0.7420 0.1953 0.6413
vn -0.3524 0.9325 -0.0789
vn -0.2465 -0.7854 0.5678
vn 0.8107 0.2494 0.5297
vn -0.9944 -0.0222 0.1038
vn 0.3493 0.9359 -0.0453
vn 0.4491 -0.6900 0.5676
vn 0.4886 -0.2805 -0.8262
vn 0.7053 0.0439 0.7075
vn -0.9154 -0.0561 0.3986
vn -0.2980 0.9260 0.2318
vn 0.3573 0.8400 0.4083
vn 0.4580 -0.7895 0.4085
vn -0.1812 -0.9556 0.2325
vn 0.3657 0.0230 -0.9305
vn 0.1812 0.9556 -0.2325
vn 0.2980 -0.9260 -0.2318
vn -0.3653 -0.0224 0.9306
vn -0.7057 -0.0432 -0.7071
vn -0.4576 0.7900 -0.4080
vn -0.3568 -0.8404 -0.4080
vn 0.9153 0.0573 -0.3987
vn -0.0218 -0.9943 -0.1039
vn -0.2807 0.4885 0.8261
vn 0.6264 0.2306 0.7446
vn 0.9325 -0.3524 0.0790
vn -0.7853 -0.2466 -0.5679
vn -0.9320 0.3265 0.1577
vn 0.2502 0.8103 -0.5300
vn 0.9359 0.3494 0.0453
vn -0.6900 0.4491 -0.5676
vn 0.0223 0.9944 0.1034
vn 0.1954 -0.7420 -0.6413
vn -0.3174 -0.5801 0.7501
vn 0.5305 -0.4072 0.7435
vn -0.9281 -0.3180 0.1937
vn 0.1958 -0.7419 0.6412
vn 0.0227 0.9944 -0.1030
vn 0.6265 0.2306 -0.7445
vn 0.9326 -0.3520 -0.0794
vn -0.7856 -0.2461 0.5677
vn -0.9320 0.3264 -0.1577
vn -0.3176 -0.5801 -0.7501
vn 0.5304 -0.4073 -0.7435
vn -0.9281 -0.3179 -0.1937
vn -0.2810 0.4891 -0.8257
vn -0.0223 -0.9943 0.1045
vn 0.2497 0.8103 0.5301
vn 0.9359 0.3493 -0.0450
vn -0.6901 0.4492 0.5674
vn -0.1898 0.4041 -0.8948
vn 0.7529 0.0772 0.6536
vn 0.3236 0.6317 0.7044
vn -0.2116 0.9762 0.0471
vn 0.2049 -0.7148 -0.6686
vn 0.6070 -0.7938 -0.0366
vn -0.7715 -0.0785 0.6314
vn -0.4540 0.5761 0.6797
vn -0.4544 -0.8867 -0.0856
vn 0.6825 -0.1729 -0.7101
vn -0.0256 0.7122 0.7015
vn -0.2115 0.9762 -0.0471
vn 0.3236 0.6317 -0.7044
vn 0.6070 -0.7938 0.0366
vn 0.2049 -0.7148 0.6686
vn -0.7714 -0.0784 -0.6315
vn -0.4541 0.5760 -0.6797
vn -0.4545 -0.8866 0.0855
vn 0.0572 0.9157 0.3977
vn -0.0220 -0.3657 -0.9305
vn 0.9263 -0.2972 -0.2317
vn 0.9554 0.1821 0.2326
vn -0.9257 0.2982 0.2328
vn -0.9559 -0.1809 -0.2315
vn -0.0428 -0.7058 0.7071
vn 0.7899 -0.4580 0.4078
vn -0.8401 -0.3567 0.4086
vn -0.0570 -0.9150 -0.3994
vn 0.0223 0.3661 0.9303
vn 0.0445 0.7058 -0.7070
vn 0.8401 0.3566 -0.4086
vn -0.7899 0.4581 -0.4077
vn -0.2381 0.4989 0.8333
vn 0.9080 -0.0074 -0.4188
vn 0.9507 -0.3065 0.0470
vn 0.5095 0.2719 0.8164
vn -0.6710 0.7358 -0.0915
vn -0.6705 0.2702 -0.6910
vn 0.1615 -0.5902 0.7909
vn 0.4504 -0.3942 0.8011
vn -0.7770 -0.6087 -0.1604
vn 0.4500 -0.1980 0.8708
vn 0.3576 0.5933 -0.7212
vn 0.5094 0.2720 -0.8164
vn 0.9507 -0.3065 -0.0469
vn -0.6704 0.2702 0.6911
vn -0.6709 0.7359 0.0913
vn 0.1616 -0.5902 -0.7909
vn 0.4505 -0.3941 -0.8011
vn -0.7770 -0.6087 0.1604
vn 0.8026 0.5913 0.0784
vn -0.5483 -0.1314 0.8259
vn -0.4333 0.0439 0.9002
vn -0.2801 0.6707 0.6868
vn 0.8698 -0.4859 -0.0855
vn -0.0134 -0.9984 0.0558
vn -0.8441 0.3324 -0.4206
vn -0.8169 0.5397 -0.2035
vn -0.0553 -0.7639 -0.6430
vn -0.5492 -0.8235 0.1422
vn 0.2906 0.7263 -0.6229
vn -0.3586 0.9334 0.0117
vn 0.6881 -0.1107 -0.7171
vn 0.6566 0.1872 0.7307
vn -0.6588 -0.5841 0.4742
vn 0.6562 0.1874 -0.7309
vn -0.2801 0.6705 -0.6870
vn -0.8169 0.5397 0.2035
vn -0.0553 -0.7639 0.6430
vn 0.8700 -0.4856 0.0854
vn 0.2904 0.7266 0.6227
vn -0.3587 0.9334 -0.0120
vn 0.6882 -0.1108 0.7170
vn 0.8024 0.5915 -0.0794
vn -0.8441 0.3324 0.4206
vn -0.5482 -0.1314 -0.8260
vn -0.4333 0.0439 -0.9002
vn -0.0134 -0.9984 -0.0558
vn 0.0346 0.1752 0.9839
vn 0.3594 -0.9080 0.2154
vn -0.6171 0.5183 0.5920
vn -0.8244 0.5045 -0.2566
vn 0.9915 0.0336 0.1253
vn 0.9988 0.0226 -0.0437
vn 0.4773 0.7536 0.4520
vn -0.5586 0.7977 0.2273
vn 0.8910 -0.4333 0.1353
vn 0.5379 0.1279 0.8332
vn -0.6251 -0.4703 0.6230
vn 0.5450 0.5465 -0.6358
vn -0.3247 0.8870 -0.3282
vn 0.8878 -0.3231 -0.3278
vn -0.6075 0.1142 0.7860
vn 0.3919 0.6996 -0.5975
vn 0.5243 0.8510 0.0315
vn 0.0599 0.5298 0.8460
vn -0.9870 -0.1604 -0.0041
vn -0.7712 -0.1070 -0.6275
vn 0.4596 -0.8221 0.3361
vn 0.6979 0.3177 0.6418
vn -0.4966 -0.8323 -0.2461
vn -0.6092 0.7873 -0.0947
vn 0.7482 -0.2608 -0.6100
vn 0.9316 0.3600 0.0510
vn -0.0775 -0.6589 -0.7482
vn -0.0309 -0.5153 0.8564
vn -0.3150 0.7555 0.5745
vn -0.0309 -0.5152 -0.8565
vn 0.6979 0.3178 -0.6418
vn 0.5242 0.8510 -0.0316
vn -0.7712 -0.1069 0.6275
vn -0.4966 -0.8324 0.2459
vn 0.7482 -0.2607 0.6101
vn 0.9316 0.3600 -0.0510
vn -0.0774 -0.6589 0.7482
vn 0.4597 -0.8218 -0.3367
vn 0.3917 0.6998 0.5974
vn -0.4664 0.4391 -0.7679
vn 0.0598 0.5299 -0.8460
vn -0.9871 -0.1603 0.0038
vn -0.8463 0.4388 0.3021
vn 0.7094 0.6154 -0.3436
vn 0.8255 0.5508 -0.1232
vn 0.3186 0.7124 0.6253
vn -0.8231 -0.5108 -0.2483
vn 0.0444 -0.8147 -0.5781
vn 0.5214 -0.0437 0.8522
vn 0.3425 0.0073 0.9395
vn 0.0546 -0.9983 0.0213
vn 0.6709 -0.2266 -0.7061
vn -0.4940 0.0195 0.8692
vn -0.2689 0.7517 -0.6022
vn 0.3609 0.9304 0.0637
vn -0.6643 -0.0849 -0.7426
vn -0.2684 0.7520 0.6021
vn -0.4942 0.0192 -0.8691
vn 0.3183 0.7125 -0.6254
vn 0.3609 0.9304 -0.0643
vn -0.6642 -0.0846 0.7427
vn -0.8231 -0.5109 0.2482
vn 0.9950 0.0291 0.0958
vn 0.8255 0.5508 0.1230
vn 0.0445 -0.8146 0.5783
vn 0.7471 -0.2397 0.6200
vn -0.8464 0.4390 -0.3017
vn 0.5215 -0.0437 -0.8521
vn 0.3425 0.0072 -0.9395
vn 0.0547 -0.9983 -0.0213
vn -0.0897 -0.7016 0.7069
vn 0.1357 0.8640 0.4848
vn 0.9023 -0.2654 0.3398
vn 0.7583 -0.5085 0.4078
vn -0.8617 -0.3016 0.4081
vn -0.9304 0.1123 0.3490
vn -0.0050 -0.2785 -0.9604
vn 0.8889 -0.3987 -0.2256
vn -0.9611 -0.1490 -0.2327
vn 0.0800 0.2668 0.9604
vn 0.1261 0.6965 -0.7064
vn 0.9294 -0.1356 -0.3433
vn -0.8963 0.2687 -0.3529
vn -0.1274 -0.8656 -0.4842
vn -0.0125 -0.2478 -0.9687
vn -0.1683 -0.6883 0.7056
vn 0.2373 0.8233 0.5156
vn 0.8688 -0.3554 0.3448
vn -0.9093 0.2240 0.3506
vn 0.1238 0.2168 0.9683
vn 0.2159 0.6737 -0.7068
vn 0.8957 -0.2583 -0.3620
vn -0.8627 0.3484 -0.3666
vn -0.2266 -0.8270 -0.5145
vn 0.0614 -0.2090 -0.9760
vn -0.2312 -0.6700 0.7055
vn 0.3255 0.7500 0.5759
vn 0.8007 -0.4784 0.3605
vn -0.8413 0.3910 0.3731
vn 0.1698 0.1120 0.9791
vn 0.3103 0.6382 -0.7046
vn 0.8636 -0.3807 -0.3307
vn -0.7627 0.5411 -0.3541
vn -0.3022 -0.7595 -0.5760
vn -0.3743 -0.6109 0.6976
vn 0.5631 0.7205 0.4047
vn 0.6141 -0.7198 0.3236
vn -0.7419 0.5762 0.3428
vn -0.1234 -0.3583 -0.9254
vn 0.2812 0.2283 0.9321
vn 0.4780 0.5252 -0.7041
vn 0.7111 -0.6281 -0.3159
vn -0.5828 0.7326 -0.3516
vn -0.5258 -0.7486 -0.4039
vn -0.1254 -0.3805 -0.9163
vn -0.5182 -0.5055 0.6899
vn 0.8336 0.3025 0.4621
vn -0.0331 -0.9337 0.3566
vn -0.2069 0.9068 0.3672
vn 0.3023 -0.0674 0.9508
vn 0.7441 0.0804 -0.6632
vn 0.0227 -0.9235 -0.3830
vn -0.0205 0.9222 -0.3861
vn -0.7258 -0.5101 -0.4615
vn 0.7985 -0.1215 0.5895
vn -0.2045 -0.3900 -0.8978
vn 0.1632 -0.9506 0.2640
vn 0.5027 0.8180 0.2796
vn -0.7096 -0.1450 0.6895
vn -0.7008 0.0914 -0.7074
vn 0.1185 -0.2731 0.9547
vn 0.6935 -0.1612 -0.7022
vn 0.2107 -0.8912 -0.4016
vn 0.5824 0.7068 -0.4016
vn 0.6009 0.7902 0.1207
vn 0.1624 -0.8227 -0.5448
vn 0.5153 -0.8491 -0.1162
vn 0.6645 -0.2751 0.6948
vn -0.4843 0.8710 -0.0826
vn -0.7372 0.0453 -0.6741
vn -0.4705 -0.4599 0.7531
vn 0.0929 -0.5763 0.8119
vn -0.9849 0.1695 0.0352
vn -0.5776 -0.7224 -0.3801
vn 0.1773 0.6574 0.7323
vn 0.7246 0.2859 -0.6271
vn 0.9337 -0.3580 0.0046
vn -0.1061 0.6848 -0.7209
vn -0.7591 -0.6444 -0.0923
vn 0.7243 0.2859 0.6273
vn 0.9337 -0.3579 -0.0044
vn 0.5153 -0.8491 0.1164
vn -0.7373 0.0454 0.6740
vn -0.1061 0.6848 0.7210
vn 0.1767 0.6579 -0.7321
vn 0.6647 -0.2752 -0.6946
vn -0.4847 0.8708 0.0825
vn -0.3163 -0.8049 0.5022
vn 0.6009 0.7904 -0.1195
vn -0.4707 -0.4599 -0.7530
vn 0.0928 -0.5765 -0.8118
vn -0.9849 0.1696 -0.0351
vn -0.7646 -0.0032 0.6445
vn -0.9992 -0.0060 -0.0400
vn 0.4363 0.8116 -0.3886
vn -0.4616 0.7993 0.3848
vn -0.4539 -0.8035 0.3851
vn 0.4440 -0.8077 -0.3878
vn 0.6203 0.0037 0.7843
vn 0.3230 0.8493 0.4175
vn 0.3304 -0.8461 0.4183
vn 0.7477 0.0029 -0.6641
vn 0.9991 0.0067 0.0413
vn -0.6443 -0.0028 -0.7648
vn -0.3504 0.8394 -0.4155
vn -0.3428 -0.8431 -0.4143
vn 0.1643 -0.0145 0.9863
vn -0.1540 -0.8340 -0.5298
vn 0.8143 0.5134 -0.2710
vn 0.5323 0.7214 -0.4430
vn -0.0820 -0.9928 0.0870
vn -0.3028 -0.9194 -0.2512
vn 0.5533 -0.5476 0.6277
vn 0.8880 0.3303 0.3200
vn -0.3230 -0.8904 0.3207
vn 0.6670 -0.4142 -0.6194
vn -0.5288 -0.5725 -0.6266
vn -0.7011 0.5404 0.4653
vn 0.5120 0.8158 0.2689
vn 0.0735 -0.9903 -0.1182
vn -0.6920 0.6981 0.1837
vn -0.7493 0.6406 -0.1680
vn 0.5749 0.8170 -0.0456
vn 0.3824 0.9212 0.0711
vn -0.9244 -0.3745 0.0722
vn -0.8656 -0.5000 -0.0278
vn -0.7038 0.3179 -0.6353
vn -0.4676 -0.1531 -0.8706
vn -0.3339 0.9425 -0.0114
vn 0.6454 -0.3308 0.6885
vn -0.0971 0.1002 -0.9902
vn 0.7040 0.7067 -0.0704
vn 0.2946 -0.9487 -0.1147
vn 0.3179 0.9481 -0.0013
vn -0.7176 -0.6930 -0.0694
vn 0.4961 -0.4558 0.7390
vn -0.2142 -0.5342 0.8178
vn 0.2884 0.9566 0.0431
vn 0.9032 0.2041 -0.3776
vn 0.1301 -0.4187 -0.8987
vn -0.1698 -0.9849 -0.0340
vn 0.2926 -0.9525 -0.0846
vn 0.5659 0.7910 0.2327
vn 0.3200 0.9114 -0.2588
vn -0.0000 -0.0000 -0.0000
vn -0.6881 -0.7067 0.1643
vn 0.8365 0.5149 -0.1874
vn 0.4855 0.4317 -0.7602
vn -0.5428 -0.3086 0.7811
vn -0.2735 -0.9139 -0.3001
vn 0.8807 0.4224 0.2145
vn 0.7987 -0.5988 0.0591
vn 0.7202 0.5119 0.4683
vn -0.9351 0.1025 -0.3393
vn 0.5321 -0.7785 0.3328
vn 0.8149 -0.5270 0.2413
vn -0.4319 0.8850 0.1740
vn -0.3505 0.9307 -0.1052
vn -0.5368 -0.8264 0.1699
vn 0.4024 -0.9154 -0.0124
vn -0.3986 0.8869 0.2336
vn -0.2286 -0.3213 -0.9190
vn 0.0883 0.4227 0.9020
vn 0.5196 0.5182 -0.6794
vn 0.8756 -0.3061 -0.3736
vn -0.3043 0.8763 -0.3735
vn 0.0036 0.9992 0.0402
vn 0.0039 0.7482 -0.6634
vn 0.8117 0.4363 -0.3883
vn 0.7993 -0.4616 0.3848
vn -0.8036 -0.4538 0.3851
vn -0.8076 0.4441 -0.3881
vn -0.0027 -0.6443 -0.7648
vn 0.8395 -0.3505 -0.4152
vn -0.8430 -0.3427 -0.4145
vn -0.0043 -0.9991 -0.0412
vn -0.0040 -0.7644 0.6447
vn 0.0039 0.6203 0.7843
vn 0.8494 0.3228 0.4175
vn -0.8460 0.3306 0.4183
vn -0.9613 0.2756 0.0004
vn 0.4819 -0.8762 -0.0008
vn 0.2396 -0.3503 -0.9055
vn -0.3630 0.0428 -0.9308
vn -0.3633 0.0417 0.9307
vn 0.2388 -0.3511 0.9054
vn 0.7896 0.6137 -0.0003
vn 0.3525 -0.0438 -0.9348
vn 0.3522 -0.0451 0.9348
vn 0.9761 -0.2175 0.0001
vn -0.4934 0.8698 -0.0002
vn -0.7417 -0.6707 0.0003
vn -0.4133 -0.3739 -0.8303
vn -0.4135 -0.3742 0.8301
vn 0.9514 -0.3079 0.0002
vn -0.3874 0.9219 -0.0003
vn -0.3601 0.1001 -0.9275
vn -0.3606 0.0989 0.9275
vn -0.8321 -0.5546 -0.0007
vn -0.9343 0.3565 0.0004
vn 0.3792 -0.9253 -0.0009
vn 0.8644 0.5028 -0.0003
vn 0.3576 -0.1045 -0.9280
vn 0.3572 -0.1058 0.9280
vn 0.9332 -0.3593 0.0001
vn -0.3500 0.9367 -0.0005
vn -0.3421 0.1904 -0.9202
vn -0.3427 0.1893 0.9202
vn -0.8784 -0.4778 -0.0008
vn -0.9147 0.4041 0.0001
vn 0.3487 -0.9373 -0.0009
vn 0.9007 0.4344 -0.0003
vn 0.3044 -0.1126 -0.9459
vn 0.3037 -0.1139 0.9459
vn 0.8063 -0.5916 -0.0000
vn -0.0171 0.9999 -0.0004
vn -0.2508 0.2189 -0.9430
vn -0.2518 0.2179 0.9429
vn -0.9467 -0.3220 -0.0010
vn -0.7622 0.6473 -0.0000
vn 0.0010 -1.0000 -0.0010
vn 0.9710 0.2391 -0.0003
vn 0.2355 -0.2093 -0.9491
vn 0.2344 -0.2104 0.9491
vn 0.7017 -0.7125 -0.0002
vn 0.1878 0.9822 -0.0004
vn 0.0506 0.4301 -0.9014
vn 0.0498 0.4299 0.9015
vn -0.9902 -0.1399 -0.0010
vn -0.5972 0.8021 -0.0000
vn -0.2208 -0.9753 -0.0010
vn 0.9995 -0.0313 -0.0004
vn 0.5444 -0.0167 -0.8387
vn 0.5441 -0.0173 0.8388
vn -0.6837 0.7297 -0.0000
vn 0.8745 -0.4850 0.0006
vn 0.2298 -0.1269 0.9649
vn -0.1036 0.2554 0.9613
vn -0.1046 0.2549 -0.9613
vn 0.2293 -0.1278 -0.9649
vn -0.5172 -0.8558 -0.0002
vn -0.3428 -0.5720 0.7452
vn -0.3433 -0.5722 -0.7448
vn -0.3756 0.9268 -0.0001
vn 0.7044 -0.7098 -0.0006
vn -0.9018 -0.4321 -0.0001
vn -0.6125 -0.2937 0.7339
vn -0.6127 -0.2942 -0.7335
vn 0.7045 -0.7097 -0.0003
vn -0.3749 0.9270 -0.0005
vn -0.1036 0.2554 -0.9613
vn -0.3428 -0.5720 -0.7452
vn -0.3433 -0.5722 0.7448
vn -0.1046 0.2549 0.9613
vn -0.9018 -0.4321 0.0001
vn -0.6125 -0.2937 -0.7339
vn -0.6127 -0.2942 0.7335
vn -0.6827 0.7307 -0.0000
vn -0.5172 -0.8558 0.0002
vn 0.8745 -0.4850 -0.0006
vn 0.2298 -0.1269 -0.9649
vn 0.2293 -0.1278 0.9649
vn -0.6713 0.7412 -0.0001
vn 0.9978 -0.0659 0.0004
vn 0.5467 -0.0359 0.8366
vn 0.0666 0.5460 0.8351
vn 0.0659 0.5457 -0.8354
vn 0.5464 -0.0366 -0.8367
vn -0.1255 -0.9921 0.0010
vn -0.0659 -0.5464 0.8349
vn -0.0666 -0.5467 -0.8347
vn 0.1251 0.9921 -0.0004
vn 0.6709 -0.7416 0.0007
vn -0.9978 0.0659 0.0010
vn -0.5470 0.0367 0.8363
vn -0.5473 0.0359 -0.8362
vn 0.6701 -0.7422 -0.0004
vn 0.1258 0.9921 -0.0003
vn 0.0666 0.5460 -0.8351
vn -0.0659 -0.5464 -0.8349
vn -0.0666 -0.5467 0.8347
vn 0.0659 0.5457 0.8354
vn -0.9978 0.0659 -0.0010
vn -0.5470 0.0367 -0.8363
vn -0.5473 0.0359 0.8362
vn -0.6703 0.7421 0.0002
vn -0.1255 -0.9921 -0.0009
vn 0.9978 -0.0659 -0.0004
vn 0.5467 -0.0359 -0.8366
vn 0.5464 -0.0366 0.8367
vn 0.9337 -0.3581 -0.0001
vn -0.8785 -0.4778 0.0008
vn -0.3601 0.1001 0.9275
vn 0.3576 -0.1045 0.9280
vn 0.3572 -0.1058 -0.9280
vn -0.3606 0.0989 -0.9275
vn -0.3500 0.9367 0.0005
vn -0.3421 0.1904 0.9202
vn -0.3427 0.1893 -0.9202
vn -0.9346 0.3557 0.0006
vn 0.8644 0.5028 0.0003
vn 0.3793 -0.9253 0.0009
vn 0.3525 -0.0438 0.9348
vn 0.3522 -0.0451 -0.9348
vn -0.9152 0.4030 0.0004
vn 0.9007 0.4344 0.0003
vn 0.3044 -0.1126 0.9459
vn 0.3037 -0.1139 -0.9459
vn 0.3486 -0.9373 0.0009
vn 0.9518 -0.3066 -0.0002
vn -0.8321 -0.5546 0.0007
vn -0.3630 0.0428 0.9308
vn -0.3633 0.0417 -0.9307
vn -0.3875 0.9219 0.0003
vn 0.4825 -0.8759 0.0001
vn -0.9612 0.2758 0.0005
vn 0.2396 -0.3503 0.9055
vn 0.2388 -0.3511 -0.9054
vn 0.7896 0.6137 0.0003
vn 0.9764 -0.2162 -0.0001
vn -0.7417 -0.6707 -0.0003
vn -0.4133 -0.3739 0.8303
vn -0.4135 -0.3742 -0.8301
vn -0.4934 0.8698 0.0002
vn 0.8071 -0.5905 -0.0000
vn -0.9467 -0.3220 0.0010
vn -0.0171 0.9999 0.0004
vn -0.2508 0.2189 0.9429
vn -0.2518 0.2179 -0.9429
vn -0.7631 0.6463 -0.0000
vn 0.9710 0.2391 0.0003
vn 0.2355 -0.2093 0.9491
vn 0.2344 -0.2104 -0.9491
vn 0.0010 -1.0000 0.0010
vn -0.9901 -0.1406 0.0003
vn 0.1878 0.9822 0.0004
vn 0.0506 0.4301 0.9014
vn 0.0498 0.4299 -0.9015
vn 0.7022 -0.7119 0.0007
vn -0.5983 0.8013 -0.0000
vn 0.9995 -0.0313 0.0004
vn 0.5444 -0.0167 0.8387
vn 0.5441 -0.0173 -0.8388
vn -0.2208 -0.9753 0.0010
vn 0.9576 -0.2880 -0.0013
vn -0.7536 0.6574 0.0055
vn -0.2531 0.0891 -0.9633
vn 0.1211 -0.4754 -0.8714
vn 0.1218 -0.4887 0.8639
vn -0.2525 0.0744 0.9647
vn -0.3746 -0.9271 -0.0110
vn -0.2515 -0.6164 -0.7462
vn -0.2517 -0.6292 0.7353
vn 0.9101 0.4144 0.0029
vn -0.9609 0.2769 0.0023
vn 0.3094 0.1482 -0.9393
vn 0.3103 0.1343 0.9411
vn 0.0907 -0.9958 -0.0080
vn -0.7546 0.6561 -0.0072
vn 0.9577 -0.2877 0.0016
vn 0.1211 -0.4754 0.8714
vn -0.2531 0.0893 0.9633
vn -0.2528 0.0745 -0.9647
vn 0.1217 -0.4888 -0.8638
vn -0.3746 -0.9271 0.0109
vn -0.2516 -0.6165 0.7461
vn -0.2517 -0.6292 -0.7353
vn 0.0911 -0.9958 0.0076
vn -0.9608 0.2771 -0.0021
vn 0.9099 0.4148 -0.0027
vn 0.3094 0.1483 0.9393
vn 0.3103 0.1345 -0.9411
vn -0.9197 0.3925 -0.0057
vn -0.0077 -1.0000 0.0037
vn -0.0009 -0.5773 -0.8165
vn -0.3317 -0.0011 -0.9434
vn -0.3394 0.0068 0.9406
vn -0.0080 -0.5705 0.8213
vn 0.9248 0.3804 0.0017
vn 0.3348 0.0005 -0.9423
vn 0.3270 0.0087 0.9450
vn 0.9255 -0.3786 0.0056
vn -0.0075 1.0000 -0.0045
vn -0.0010 0.5770 -0.8167
vn -0.0080 0.5835 0.8121
vn -0.9247 -0.3806 -0.0019
vn 0.9258 -0.3779 -0.0057
vn -0.9248 -0.3806 0.0024
vn -0.3319 -0.0012 0.9433
vn 0.3348 0.0006 0.9423
vn 0.3270 0.0087 -0.9450
vn -0.3396 0.0069 -0.9405
vn -0.0077 1.0000 0.0040
vn -0.0011 0.5768 0.8169
vn -0.0079 0.5834 -0.8122
vn -0.9199 0.3920 0.0057
vn 0.9248 0.3804 -0.0015
vn -0.0078 -1.0000 -0.0042
vn -0.0011 -0.5776 0.8163
vn -0.0079 -0.5708 -0.8210
vn 0.3921 -0.9199 -0.0052
vn 0.3806 0.9248 0.0016
vn 0.0007 0.3348 -0.9423
vn -0.0013 -0.3319 -0.9433
vn 0.0069 -0.3396 0.9405
vn 0.0087 0.3270 0.9450
vn -1.0000 -0.0079 0.0041
vn -0.5776 -0.0011 -0.8163
vn -0.5708 -0.0078 0.8210
vn -0.3778 0.9259 0.0057
vn -0.3806 -0.9247 -0.0029
vn 1.0000 -0.0072 -0.0046
vn 0.5771 -0.0009 -0.8167
vn 0.5837 -0.0080 0.8119
vn -0.3801 -0.9250 0.0025
vn -0.3780 0.9258 -0.0054
vn 0.0007 0.3348 0.9423
vn -0.0014 -0.3320 0.9433
vn 0.0070 -0.3397 -0.9405
vn 0.0087 0.3270 -0.9450
vn 1.0000 -0.0071 0.0045
vn 0.5772 -0.0008 0.8166
vn 0.5838 -0.0080 -0.8119
vn 0.3801 0.9249 -0.0019
vn 0.3921 -0.9199 0.0056
vn -1.0000 -0.0080 -0.0042
vn -0.5777 -0.0012 0.8162
vn -0.5708 -0.0078 -0.8210
vn -0.4522 0.8919 0.0014
vn -0.3169 -0.9484 -0.0044
vn -0.0234 -0.3436 -0.9388
vn 0.0238 0.3453 -0.9382
vn 0.0173 0.3388 0.9407
vn -0.0298 -0.3501 0.9362
vn 1.0000 -0.0061 0.0033
vn 0.5777 -0.0007 -0.8163
vn 0.5721 -0.0064 0.8201
vn 0.4523 -0.8919 -0.0014
vn 0.3058 0.9521 0.0043
vn -1.0000 -0.0060 -0.0034
vn -0.5767 -0.0006 -0.8169
vn -0.5823 -0.0062 0.8130
vn 0.3057 0.9521 -0.0043
vn 0.4522 -0.8919 0.0014
vn -0.0234 -0.3436 0.9388
vn 0.0238 0.3453 0.9382
vn 0.0173 0.3388 -0.9407
vn -0.0298 -0.3501 -0.9362
vn -1.0000 -0.0060 0.0034
vn -0.5767 -0.0006 0.8169
vn -0.5822 -0.0061 -0.8130
vn -0.3169 -0.9485 0.0045
vn -0.4521 0.8920 -0.0014
vn 1.0000 -0.0061 -0.0033
vn 0.5777 -0.0007 0.8163
vn 0.5722 -0.0064 -0.8201
vn 0.9613 -0.2755 -0.0023
vn -0.7520 0.6591 0.0076
vn -0.2578 0.0899 -0.9620
vn 0.1273 -0.4697 -0.8736
vn 0.1279 -0.4829 0.8663
vn -0.2570 0.0756 0.9634
vn -0.3602 -0.9329 -0.0066
vn -0.2422 -0.6206 -0.7458
vn -0.2413 -0.6314 0.7369
vn 0.9088 0.4171 0.0027
vn -0.9609 0.2769 0.0018
vn 0.3073 0.1484 -0.9400
vn 0.3080 0.1345 0.9418
vn 0.0881 -0.9961 -0.0075
vn -0.2755 0.9613 0.0024
vn 0.6588 -0.7523 -0.0052
vn 0.0899 -0.2579 0.9620
vn -0.4698 0.1271 0.8736
vn -0.4829 0.1279 -0.8663
vn 0.0755 -0.2571 -0.9634
vn -0.9328 -0.3602 0.0069
vn -0.6203 -0.2420 0.7461
vn -0.6315 -0.2414 -0.7368
vn 0.4173 0.9087 -0.0025
vn 0.2768 -0.9609 -0.0024
vn 0.1486 0.3071 0.9400
vn 0.1344 0.3081 -0.9418
vn -0.9961 0.0880 0.0076
vn 0.6586 -0.7525 0.0058
vn -0.2755 0.9613 -0.0026
vn -0.4698 0.1271 -0.8736
vn 0.0900 -0.2579 -0.9620
vn 0.0755 -0.2571 0.9634
vn -0.4829 0.1279 0.8663
vn -0.9329 -0.3602 -0.0068
vn -0.6204 -0.2420 -0.7460
vn -0.6315 -0.2413 0.7369
vn -0.9961 0.0880 -0.0076
vn 0.2770 -0.9609 0.0025
vn 0.4174 0.9087 0.0026
vn 0.1487 0.3072 -0.9400
vn 0.1344 0.3081 0.9418
vn -0.7514 0.6598 -0.0066
vn 0.9614 -0.2752 0.0020
vn 0.1273 -0.4697 0.8736
vn -0.2577 0.0899 0.9620
vn -0.2570 0.0756 -0.9634
vn 0.1278 -0.4828 -0.8663
vn -0.3602 -0.9329 0.0066
vn -0.2421 -0.6205 0.7459
vn -0.2414 -0.6313 -0.7370
vn 0.0881 -0.9961 0.0075
vn -0.9609 0.2769 -0.0018
vn 0.9088 0.4171 -0.0027
vn 0.3072 0.1483 0.9400
vn 0.3080 0.1345 -0.9418
vn -0.2875 0.9578 0.0024
vn 0.6583 -0.7527 -0.0059
vn 0.0892 -0.2531 0.9633
vn -0.4752 0.1211 0.8715
vn -0.4888 0.1218 -0.8639
vn 0.0747 -0.2525 -0.9647
vn -0.9271 -0.3746 0.0109
vn -0.6163 -0.2517 0.7462
vn -0.6294 -0.2516 -0.7353
vn 0.4150 0.9098 -0.0027
vn 0.2773 -0.9608 -0.0020
vn 0.1484 0.3092 0.9393
vn 0.1346 0.3102 -0.9411
vn -0.9959 0.0906 0.0078
vn 0.6578 -0.7531 0.0063
vn -0.2873 0.9578 -0.0026
vn -0.4752 0.1211 -0.8715
vn 0.0893 -0.2531 -0.9633
vn 0.0747 -0.2525 0.9647
vn -0.4888 0.1218 0.8639
vn -0.9271 -0.3746 -0.0109
vn -0.6164 -0.2517 -0.7461
vn -0.6294 -0.2516 0.7352
vn -0.9958 0.0910 -0.0075
vn 0.2773 -0.9608 0.0021
vn 0.4149 0.9099 0.0027
vn 0.1484 0.3092 -0.9393
vn 0.1346 0.3102 0.9411
vn 0.3054 -0.9522 -0.0019
vn 0.4620 0.8868 -0.0048
vn -0.0296 0.3506 -0.9361
vn 0.0248 -0.3509 -0.9361
vn 0.0337 -0.3509 0.9358
vn -0.0289 0.3507 0.9360
vn -0.9999 -0.0088 0.0100
vn -0.5822 -0.0036 -0.8130
vn -0.5737 -0.0034 0.8191
vn -0.3092 0.9510 -0.0000
vn -0.4617 -0.8870 -0.0049
vn 0.9999 0.0097 0.0082
vn 0.5815 0.0036 -0.8135
vn 0.5744 0.0035 0.8185
vn -0.4575 -0.8892 0.0002
vn -0.3102 0.9507 0.0013
vn -0.0296 0.3506 0.9361
vn 0.0247 -0.3510 0.9361
vn 0.0337 -0.3508 -0.9358
vn -0.0289 0.3508 -0.9360
vn 0.9999 0.0097 -0.0082
vn 0.5815 0.0036 0.8135
vn 0.5745 0.0035 -0.8185
vn 0.4611 0.8874 0.0037
vn 0.3100 -0.9507 0.0064
vn -0.9999 -0.0121 -0.0076
vn -0.5822 -0.0042 0.8130
vn -0.5736 -0.0027 -0.8191
vn -0.0054 -1.0000 0.0066
vn 0.8869 0.4620 -0.0023
vn 0.3507 -0.0293 -0.9360
vn -0.0032 -0.5793 -0.8151
vn -0.0034 -0.5701 0.8216
vn 0.3507 -0.0290 0.9360
vn -0.9506 0.3105 -0.0028
vn -0.3511 0.0268 -0.9360
vn -0.3506 0.0317 0.9360
vn 0.9502 -0.3115 -0.0008
vn 0.0098 0.9999 0.0087
vn 0.0034 0.5817 -0.8134
vn 0.0036 0.5741 0.8188
vn -0.8869 -0.4619 -0.0023
vn 0.9510 -0.3092 0.0008
vn -0.8869 -0.4619 0.0023
vn -0.3512 0.0268 0.9359
vn 0.3508 -0.0293 0.9360
vn 0.3507 -0.0290 -0.9360
vn -0.3506 0.0318 -0.9360
vn 0.0098 0.9999 -0.0087
vn 0.0034 0.5817 0.8134
vn 0.0037 0.5741 -0.8188
vn -0.9511 0.3087 0.0006
vn 0.8869 0.4620 0.0020
vn -0.0076 -1.0000 -0.0053
vn -0.0032 -0.5794 0.8151
vn -0.0034 -0.5698 -0.8218
vn -0.1550 0.9879 -0.0028
vn -0.5877 -0.8090 -0.0060
vn 0.0479 -0.4248 -0.9040
vn -0.0523 0.4245 -0.9039
vn -0.0451 0.4287 0.9023
vn 0.0495 -0.4301 0.9014
vn 0.9999 0.0147 -0.0025
vn 0.5878 0.0004 -0.8090
vn 0.5736 0.0003 0.8192
vn 0.1610 -0.9869 -0.0049
vn 0.5873 0.8092 -0.0161
vn -0.9999 -0.0154 0.0029
vn -0.5886 0.0004 -0.8084
vn -0.5728 -0.0011 0.8197
vn 0.5753 0.8179 0.0011
vn 0.1701 -0.9853 0.0142
vn 0.0479 -0.4248 0.9040
vn -0.0524 0.4244 0.9040
vn -0.0451 0.4287 -0.9023
vn 0.0495 -0.4301 -0.9014
vn -0.9999 -0.0155 -0.0031
vn -0.5886 0.0004 0.8084
vn -0.5727 -0.0011 -0.8197
vn -0.5804 -0.8143 -0.0028
vn -0.1702 0.9852 0.0182
vn 0.9999 0.0148 0.0026
vn 0.5878 0.0004 0.8090
vn 0.5736 0.0003 -0.8191
vn 0.8159 0.5782 0.0009
vn -0.9853 0.1704 -0.0129
vn -0.4251 0.0478 -0.9039
vn 0.4246 -0.0504 -0.9040
vn 0.4288 -0.0471 0.9022
vn -0.4296 0.0495 0.9017
vn -0.0059 -1.0000 -0.0021
vn 0.0002 -0.5853 -0.8108
vn -0.0010 -0.5689 0.8224
vn -0.8142 -0.5806 0.0004
vn 0.9854 -0.1698 -0.0155
vn 0.0149 0.9999 -0.0023
vn 0.0008 0.5879 -0.8089
vn 0.0003 0.5734 0.8193
vn -0.8037 -0.5950 -0.0002
vn 0.0149 0.9999 0.0024
vn 0.0008 0.5880 0.8089
vn -0.4251 0.0478 0.9039
vn -0.4296 0.0495 -0.9017
vn 0.0004 0.5734 -0.8193
vn 0.9853 -0.1698 0.0156
vn 0.4245 -0.0504 0.9040
vn 0.4288 -0.0471 -0.9022
vn 0.8018 0.5976 -0.0006
vn -0.0059 -1.0000 0.0020
vn 0.0003 -0.5854 0.8108
vn -0.0010 -0.5689 -0.8224
vn -0.9853 0.1704 0.0130
vn -0.4112 -0.9116 0.0001
vn -0.2758 0.9612 0.0075
vn -0.0860 0.2615 0.9614
vn -0.1448 -0.3105 0.9395
vn -0.1401 -0.3083 -0.9409
vn -0.0809 0.2576 -0.9629
vn 0.9960 -0.0890 0.0067
vn 0.4698 -0.1274 0.8736
vn 0.4805 -0.1291 -0.8674
vn 0.2732 -0.9619 0.0041
vn -0.6583 0.7527 0.0023
vn 0.9336 0.3582 0.0072
vn 0.6206 0.2405 0.7464
vn 0.6304 0.2392 -0.7385
vn -0.6515 0.7586 0.0034
vn 0.2722 -0.9622 -0.0059
vn 0.4699 -0.1274 -0.8735
vn -0.0854 0.2609 -0.9616
vn -0.0808 0.2568 0.9631
vn 0.4806 -0.1290 0.8674
vn 0.9336 0.3582 -0.0072
vn 0.6205 0.2404 -0.7464
vn 0.6304 0.2392 0.7385
vn 0.9959 -0.0902 -0.0051
vn -0.2755 0.9613 -0.0070
vn -0.4177 -0.9085 -0.0074
vn -0.1448 -0.3104 -0.9395
vn -0.1401 -0.3083 0.9409
vn -0.0935 0.9956 0.0057
vn 0.9612 -0.2757 -0.0005
vn 0.2586 -0.0882 0.9619
vn -0.1256 0.4678 0.8748
vn -0.1290 0.4787 -0.8685
vn 0.2562 -0.0771 -0.9636
vn -0.9087 -0.4176 -0.0002
vn -0.3083 -0.1472 0.9398
vn -0.3078 -0.1362 -0.9417
vn 0.7533 -0.6577 -0.0031
vn -0.9624 0.2716 0.0061
vn 0.3581 0.9336 0.0102
vn 0.2387 0.6191 0.7482
vn 0.2395 0.6280 -0.7405
vn -0.0846 0.9964 -0.0057
vn -0.9087 -0.4176 0.0002
vn -0.3082 -0.1472 -0.9399
vn -0.1256 0.4678 -0.8748
vn -0.1290 0.4787 0.8685
vn -0.3078 -0.1362 0.9417
vn 0.9612 -0.2757 0.0005
vn 0.2586 -0.0882 -0.9619
vn 0.2562 -0.0771 0.9636
vn -0.9612 0.2757 -0.0019
vn 0.7517 -0.6595 0.0009
vn 0.3581 0.9336 -0.0101
vn 0.2388 0.6191 -0.7481
vn 0.2395 0.6280 0.7404
vn 0.7504 -0.2657 0.6052
vn -0.0100 -0.4973 -0.8675
vn -0.5129 -0.8256 0.2355
vn -0.0893 -0.6632 0.7431
vn 0.9285 0.3655 -0.0652
vn 0.6991 0.3185 -0.6401
vn -0.7151 0.5771 0.3945
vn -0.7802 -0.4885 0.3907
vn 0.7373 0.5895 -0.3300
vn 0.4323 -0.8358 -0.3384
vn -0.8216 0.2244 -0.5240
vn -0.9345 -0.3116 0.1720
vn 0.3253 0.5596 -0.7622
vn -0.2264 0.5506 0.8035
vn 0.4324 -0.8356 0.3388
vn -0.2262 0.5504 -0.8037
vn -0.7802 -0.4885 -0.3908
vn -0.5129 -0.8256 -0.2353
vn 0.6992 0.3185 0.6401
vn 0.7374 0.5894 0.3300
vn -0.8214 0.2244 0.5243
vn -0.9346 -0.3116 -0.1716
vn 0.3255 0.5596 0.7622
vn -0.2211 0.7413 -0.6337
vn -0.0099 -0.4973 0.8675
vn 0.7504 -0.2657 -0.6052
vn -0.0892 -0.6631 -0.7432
vn 0.9285 0.3655 0.0652
vn 0.6906 -0.1635 0.7046
vn -0.4872 0.0177 -0.8731
vn -0.8196 -0.5202 0.2402
vn -0.5226 -0.7945 0.3092
vn 0.4798 0.8082 -0.3416
vn 0.3214 0.7088 -0.6279
vn -0.2710 0.7521 0.6007
vn -0.6668 -0.0943 0.7392
vn 0.3657 0.9279 -0.0727
vn -0.8494 0.4279 -0.3088
vn 0.8159 -0.2458 0.5234
vn 0.3186 -0.9189 -0.2326
vn -0.3165 -0.8743 0.3680
vn 0.3909 0.5837 -0.7117
vn -0.1193 -0.4544 0.8827
vn 0.8161 -0.2457 -0.5232
vn -0.5225 -0.7946 -0.3091
vn -0.3166 -0.8743 -0.3680
vn 0.3908 0.5839 0.7116
vn 0.4797 0.8083 0.3415
vn -0.8494 0.4281 0.3086
vn -0.8195 -0.5204 -0.2401
vn 0.3215 0.7090 0.6276
vn -0.4868 0.0183 0.8733
vn 0.5107 -0.7895 -0.3404
vn -0.2712 0.7519 -0.6009
vn -0.6666 -0.0940 -0.7394
vn 0.3655 0.9280 0.0727
vn 0.6960 -0.6897 0.1997
vn -0.5024 0.4977 0.7070
vn 0.2847 0.8675 0.4080
vn 0.8223 0.4732 0.3160
vn -0.4654 -0.8266 0.3165
vn -0.8647 -0.2929 0.4081
vn -0.3911 0.3877 -0.8347
vn 0.4659 0.8265 -0.3160
vn -0.8222 -0.4737 -0.3156
vn 0.3916 -0.3878 0.8344
vn -0.6957 0.6899 -0.2001
vn 0.5024 -0.4978 -0.7070
vn 0.8647 0.2929 -0.4081
vn -0.2847 -0.8675 -0.4080
vn -0.5520 -0.7195 0.4214
vn 0.1719 0.6516 -0.7388
vn -0.4863 0.8709 0.0717
vn -0.7553 0.3991 0.5199
vn 0.7147 -0.6776 -0.1732
vn 0.6615 -0.2729 -0.6985
vn 0.7281 0.2950 0.6187
vn -0.1135 0.6912 0.7137
vn 0.9333 -0.3588 -0.0168
vn 0.5855 0.8003 -0.1290
vn -0.3878 -0.5630 0.7299
vn -0.7971 -0.2432 -0.5527
vn -0.9403 0.3194 0.1176
vn 0.3286 -0.5990 -0.7302
vn 0.5856 0.8003 0.1290
vn -0.7971 -0.2431 0.5528
vn -0.9403 0.3195 -0.1175
vn -0.4863 0.8708 -0.0716
vn 0.6615 -0.2729 0.6985
vn 0.3286 -0.5991 0.7302
vn -0.3878 -0.5630 -0.7298
vn -0.7554 0.3990 -0.5198
vn 0.7148 -0.6776 0.1731
vn 0.1718 0.6516 0.7389
vn -0.8190 -0.5517 -0.1579
vn 0.7278 0.2952 -0.6190
vn -0.1137 0.6912 -0.7136
vn 0.9332 -0.3589 0.0168
vn -0.5224 -0.8455 -0.1107
vn 0.2987 0.7295 0.6153
vn 0.6940 -0.1170 0.7104
vn 0.4193 -0.7768 0.4699
vn -0.5860 0.7865 -0.1950
vn -0.3595 0.9329 -0.0217
vn 0.6510 0.1794 -0.7376
vn 0.8704 -0.4867 0.0744
vn -0.2770 0.6662 -0.6924
vn 0.8052 0.5874 -0.0810
vn -0.2817 -0.9034 -0.3233
vn 0.3274 -0.9006 0.2859
vn -0.4661 0.5491 -0.6937
vn -0.5985 -0.4496 0.6631
vn 0.8055 0.5870 0.0814
vn -0.5980 -0.4497 -0.6635
vn 0.4194 -0.7768 -0.4697
vn 0.8702 -0.4870 -0.0744
vn -0.2772 0.6664 0.6922
vn -0.5861 0.7865 0.1948
vn -0.2820 -0.9033 0.3234
vn 0.3274 -0.9008 -0.2854
vn -0.4661 0.5492 0.6937
vn -0.6765 -0.5502 -0.4895
vn 0.6505 0.1797 0.7380
vn 0.2986 0.7296 -0.6152
vn 0.6939 -0.1169 -0.7105
vn -0.3595 0.9329 0.0220
vn 0.4122 0.2205 -0.8840
vn -0.7555 0.3854 0.5298
vn -0.9064 -0.4120 0.0938
vn -0.3918 -0.8626 -0.3201
vn 0.8949 0.3161 -0.3149
vn 0.6249 0.7356 0.2616
vn 0.5059 -0.5028 0.7009
vn -0.2895 -0.8698 0.3995
vn 0.8671 0.2968 0.4001
vn 0.0006 0.2028 0.9792
vn 0.4957 -0.5870 -0.6400
vn -0.6943 0.4027 -0.5964
vn -0.9215 -0.3294 -0.2059
vn 0.6153 0.7123 -0.3376
vn 0.1797 -0.0839 0.9801
vn 0.6972 0.6873 -0.2040
vn -0.4612 -0.8844 0.0715
vn -0.3770 -0.9240 0.0637
vn 0.5229 0.8081 0.2712
vn 0.5740 0.7930 -0.2042
vn -0.6163 0.4654 0.6353
vn -0.8490 -0.4277 0.3102
vn 0.3017 0.9044 0.3017
vn 0.2850 0.5932 0.7529
vn 0.3610 -0.8834 -0.2988
vn -0.5110 0.5152 -0.6881
vn -0.8743 -0.2972 -0.3837
vn 0.3043 0.8719 -0.3837
vn -0.2593 -0.3772 0.8891
vn -0.3796 -0.2657 -0.8862
vn -0.8642 0.5031 0.0070
vn -0.9184 0.3183 0.2348
vn 0.5711 -0.7422 0.3506
vn 0.6973 -0.6925 -0.1850
vn 0.5727 0.6657 0.4784
vn -0.4884 0.8389 0.2402
vn 0.8686 -0.4486 0.2105
vn 0.2878 0.1282 0.9491
vn -0.7785 -0.4747 -0.4107
vn 0.5037 0.5026 -0.7026
vn -0.2908 0.8681 -0.4022
vn 0.8675 -0.2933 -0.4017
vn 0.0983 0.3526 -0.9306
vn -0.4096 -0.8749 0.2584
vn 0.5213 -0.8371 -0.1658
vn 0.8276 -0.5060 -0.2432
vn -0.4397 0.8770 -0.1937
vn -0.5438 0.8260 0.1483
vn 0.5083 0.5097 0.6942
vn 0.8714 -0.2958 0.3914
vn -0.2982 0.8706 0.3914
vn -0.3655 -0.4914 0.7905
vn 0.6928 0.5431 -0.4745
vn -0.4277 -0.7768 -0.4622
vn 0.3536 -0.9279 -0.1179
vn -0.6021 0.7412 -0.2967
vn -0.0631 -0.9978 -0.0224
vn -0.1699 0.9126 0.3720
vn -0.8550 0.3078 0.4173
vn -0.8521 -0.2987 0.4298
vn 0.7670 0.0380 -0.6405
vn 0.7822 -0.1584 -0.6025
vn 0.0969 -0.6095 0.7869
vn -0.7681 -0.2373 0.5947
vn 0.9933 0.0228 -0.1133
vn 0.2588 -0.8892 0.3774
vn -0.3053 0.8941 -0.3276
vn 0.1531 0.6631 0.7327
vn -0.6392 0.4551 0.6199
vn 0.9996 -0.0119 -0.0254
vn 0.2870 -0.8022 -0.5236
vn -0.1690 0.9125 -0.3726
vn -0.8550 0.3078 -0.4173
vn -0.7681 -0.2373 -0.5947
vn 0.9933 0.0229 0.1133
vn 0.7822 -0.1584 0.6025
vn -0.3670 -0.9258 0.0908
vn -0.8520 -0.2988 -0.4298
vn 0.7670 0.0380 0.6405
vn -0.0201 0.9637 0.2662
vn -0.2988 -0.8623 -0.4089
vn 0.1531 0.6631 -0.7327
vn -0.6393 0.4551 -0.6199
vn 0.9996 -0.0120 0.0254
vn 0.8542 -0.0833 -0.5133
vn -0.9592 -0.2426 0.1454
vn -0.2311 -0.7380 0.6340
vn 0.3547 -0.9092 0.2181
vn 0.0762 0.7987 -0.5969
vn -0.1102 0.9938 -0.0113
vn 0.6233 0.1748 0.7622
vn 0.4341 -0.6223 0.6513
vn 0.1097 0.9928 0.0490
vn -0.7199 0.2888 0.6312
vn 0.9870 -0.1537 -0.0477
vn -0.8288 -0.3590 -0.4292
vn -0.3608 -0.9110 0.1996
vn -0.2456 0.7449 -0.6203
vn 0.9577 -0.0476 0.2837
vn -0.5320 0.1208 -0.8381
vn -0.2310 -0.7381 -0.6339
vn 0.3547 -0.9092 -0.2180
vn 0.0762 0.7987 0.5969
vn -0.1102 0.9938 0.0113
vn -0.8288 -0.3591 0.4291
vn -0.3608 -0.9110 -0.1997
vn -0.2457 0.7449 0.6203
vn -0.9413 0.0240 -0.3368
vn 0.7744 -0.2787 0.5680
vn 0.6232 0.1747 -0.7623
vn 0.4342 -0.6223 -0.6513
vn 0.1097 0.9927 -0.0492
vn -0.3670 -0.0248 -0.9299
vn 0.2587 0.8060 0.5324
vn -0.6789 0.4504 0.5798
vn -0.9956 0.0505 0.0792
vn 0.7830 -0.0640 -0.6187
vn 0.9360 0.3478 -0.0533
vn 0.1695 -0.8051 0.5684
vn -0.7037 -0.3686 0.6074
vn 0.8824 -0.4702 -0.0165
vn 0.2609 0.8047 -0.5333
vn -0.3686 -0.0228 0.9293
vn -0.9956 0.0506 -0.0792
vn -0.6789 0.4503 -0.5800
vn 0.9361 0.3478 0.0532
vn 0.7830 -0.0640 0.6187
vn 0.1695 -0.8050 -0.5685
vn -0.7036 -0.3686 -0.6075
vn 0.8824 -0.4703 0.0165
vn 0.7588 0.6204 0.1984
vn -0.2920 -0.7248 0.6240
vn -0.6874 0.1075 0.7183
vn -0.3235 0.6669 0.6712
vn 0.8501 -0.5064 -0.1447
vn 0.3547 -0.9350 -0.0066
vn -0.6331 -0.0990 -0.7677
vn -0.8518 0.5096 0.1210
vn 0.3127 -0.6546 -0.6883
vn -0.7584 -0.6207 -0.1990
vn 0.2675 0.7168 -0.6439
vn -0.3598 0.9329 -0.0164
vn 0.6719 -0.0982 -0.7341
vn 0.6470 0.1244 0.7523
vn -0.7584 -0.6207 0.1989
vn 0.6469 0.1244 -0.7524
vn -0.3235 0.6669 -0.6712
vn -0.8518 0.5097 -0.1211
vn 0.3130 -0.6545 0.6882
vn 0.8501 -0.5064 0.1447
vn 0.2675 0.7168 0.6439
vn -0.3599 0.9329 0.0164
vn 0.6719 -0.0982 0.7341
vn 0.7592 0.6198 -0.1986
vn -0.6327 -0.0993 0.7680
vn -0.2919 -0.7249 -0.6239
vn -0.6874 0.1075 -0.7183
vn 0.3548 -0.9349 0.0067
vn -0.0254 -0.3665 0.9301
vn 0.8059 0.2588 -0.5325
vn 0.4502 -0.6790 -0.5799
vn 0.0503 -0.9956 -0.0792
vn -0.0639 0.7830 0.6187
vn 0.3475 0.9361 0.0537
vn -0.8055 0.1699 -0.5678
vn -0.3689 -0.7035 -0.6075
vn -0.4700 0.8825 0.0170
vn 0.8047 0.2608 0.5333
vn -0.0237 -0.3684 -0.9294
vn 0.0502 -0.9956 0.0795
vn 0.4500 -0.6791 0.5800
vn 0.3474 0.9362 -0.0539
vn -0.0640 0.7829 -0.6188
vn -0.8054 0.1698 0.5679
vn -0.3688 -0.7037 0.6073
vn -0.4699 0.8825 -0.0170
vn 0.0534 0.6723 0.7384
vn -0.4729 -0.8472 -0.2419
vn -0.9831 -0.1022 0.1518
vn -0.9685 0.2325 -0.0893
vn 0.9718 -0.1908 0.1384
vn 0.9807 0.1465 -0.1295
vn -0.1635 0.8339 -0.5272
vn -0.8706 0.4701 -0.1449
vn 0.9494 -0.0629 -0.3079
vn -0.0740 -0.6991 -0.7111
vn -0.3334 0.8963 0.2923
vn -0.2873 -0.8402 0.4600
vn -0.9307 -0.3502 0.1061
vn 0.9560 0.0269 0.2922
vn 0.6204 0.7586 0.1989
vn -0.0993 -0.6330 -0.7678
vn 0.5097 -0.8518 0.1213
vn 0.6667 -0.3235 0.6714
vn -0.5061 0.8502 -0.1449
vn -0.6545 0.3129 -0.6883
vn -0.7253 -0.2916 0.6236
vn 0.1073 -0.6878 0.7179
vn -0.9349 0.3548 -0.0065
vn -0.6204 -0.7587 -0.1985
vn 0.1244 0.6472 0.7521
vn 0.7171 0.2673 -0.6436
vn 0.9328 -0.3600 -0.0163
vn -0.0978 0.6719 -0.7342
vn 0.7164 0.2674 0.6444
vn 0.1247 0.6469 -0.7523
vn 0.6669 -0.3236 -0.6712
vn 0.9328 -0.3599 0.0166
vn -0.0977 0.6719 0.7342
vn -0.5064 0.8501 0.1448
vn -0.6201 -0.7590 0.1985
vn 0.5098 -0.8517 -0.1215
vn -0.6545 0.3128 0.6883
vn -0.0992 -0.6331 0.7677
vn 0.6203 0.7588 -0.1986
vn -0.7250 -0.2919 -0.6238
vn 0.1076 -0.6876 -0.7181
vn -0.9349 0.3548 0.0070
vn 0.8076 0.0548 0.5871
vn -0.4765 -0.0870 -0.8749
vn -0.1511 -0.9875 -0.0455
vn 0.2740 -0.9589 0.0741
vn -0.0032 0.9820 0.1888
vn -0.0847 0.9791 -0.1851
vn -0.7322 -0.1954 0.6525
vn -0.3712 -0.8906 0.2629
vn -0.2333 0.9030 0.3608
vn -0.7883 -0.0383 -0.6141
vn 0.4600 -0.0112 0.8879
vn 0.7416 -0.0840 -0.6656
vn 0.4775 -0.8323 -0.2815
vn 0.1537 0.9177 -0.3664
vn -0.3688 -0.2241 -0.9021
vn 0.2371 0.7986 0.5531
vn -0.6741 0.4356 0.5966
vn -0.9797 0.1563 0.1256
vn 0.7674 0.2180 -0.6030
vn 0.9167 0.3967 -0.0473
vn 0.1908 -0.8149 0.5473
vn -0.7108 -0.3886 0.5864
vn 0.9094 -0.4129 -0.0510
vn 0.3834 -0.2068 0.9002
vn -0.3260 -0.3012 -0.8961
vn -0.6704 -0.5256 -0.5237
vn 0.5233 -0.4485 -0.7246
vn -0.4782 0.7807 -0.4024
vn -0.3571 0.2153 0.9089
vn 0.1907 -0.8149 -0.5474
vn -0.7109 -0.3885 -0.5863
vn -0.9797 0.1562 -0.1257
vn 0.7674 0.2178 0.6030
vn 0.9094 -0.4128 0.0510
vn 0.2370 0.7987 -0.5531
vn -0.6741 0.4356 -0.5965
vn 0.9167 0.3967 0.0473
vn 0.3829 -0.1804 -0.9060
vn -0.4781 0.7809 0.4020
vn -0.3246 -0.3014 0.8965
vn -0.6704 -0.5261 0.5232
vn 0.5229 -0.4488 0.7247
vn -0.5895 -0.5902 0.5515
vn 0.1407 0.1412 -0.9799
vn -0.4239 0.8701 -0.2514
vn -0.8709 0.4224 0.2511
vn 0.4236 -0.8702 0.2515
vn 0.8709 -0.4227 -0.2508
vn 0.4996 0.5006 0.7070
vn -0.2892 0.8659 0.4082
vn 0.8661 -0.2882 0.4085
vn 0.5895 0.5899 -0.5518
vn -0.1413 -0.1408 0.9799
vn -0.4998 -0.5001 -0.7072
vn -0.8660 0.2886 -0.4083
vn 0.2897 -0.8659 -0.4078
vn -0.8087 0.2024 -0.5523
vn -0.0025 -0.5657 0.8246
vn 0.1562 -0.9796 -0.1265
vn -0.3880 -0.7113 -0.5861
vn -0.4133 0.9092 0.0509
vn 0.2176 0.7677 0.6028
vn 0.7981 0.2365 -0.5542
vn 0.4355 -0.6744 -0.5963
vn 0.3968 0.9167 0.0466
vn 0.6424 -0.3264 0.6933
vn -0.1829 0.3682 -0.9116
vn -0.3031 -0.3261 0.8954
vn -0.5262 -0.6716 0.5216
vn -0.4490 0.5226 0.7248
vn 0.7506 -0.6477 0.1307
vn -0.6916 0.1317 -0.7102
vn -0.8690 -0.4779 0.1280
vn -0.2446 -0.6373 0.7308
vn 0.8677 0.4752 -0.1459
vn 0.2355 0.6265 -0.7430
vn -0.2659 0.7468 0.6096
vn -0.6587 -0.0792 0.7482
vn 0.3543 0.9338 -0.0507
vn -0.7506 0.6478 -0.1303
vn 0.7007 -0.1511 0.6973
vn 0.2474 -0.7405 -0.6249
vn -0.3584 -0.9330 0.0322
vn 0.6466 0.0717 -0.7595
vn -0.7508 0.6476 0.1301
vn 0.2476 -0.7403 0.6251
vn -0.3582 -0.9331 -0.0321
vn -0.8689 -0.4781 -0.1280
vn 0.2357 0.6267 0.7428
vn 0.6464 0.0715 0.7596
vn 0.7007 -0.1511 -0.6973
vn -0.2447 -0.6373 -0.7308
vn 0.8677 0.4752 0.1458
vn -0.6918 0.1321 0.7100
vn 0.7507 -0.6476 -0.1307
vn -0.2659 0.7468 -0.6096
vn -0.6587 -0.0792 -0.7482
vn 0.3543 0.9338 0.0506
vn -0.2077 0.3654 0.9074
vn 0.7815 -0.4776 -0.4014
vn 0.1564 -0.9797 0.1256
vn -0.3881 -0.7114 0.5859
vn -0.4132 0.9092 -0.0509
vn 0.2180 0.7676 -0.6027
vn -0.3022 -0.3268 -0.8955
vn -0.5254 -0.6712 -0.5230
vn -0.4486 0.5230 -0.7247
vn 0.2150 -0.3574 -0.9089
vn -0.8148 0.1894 0.5479
vn 0.7980 0.2368 0.5541
vn 0.4355 -0.6745 0.5962
vn 0.3966 0.9168 -0.0466
vn -0.0553 0.0677 0.9962
vn 0.1395 -0.4914 0.8597
vn 0.0310 -0.5883 0.8080
vn 0.1942 -0.4186 -0.8872
vn 0.3197 -0.9471 -0.0272
vn 0.1016 0.9941 -0.0377
vn 0.1829 -0.0787 0.9800
vn 0.1621 -0.4414 0.8826
vn 0.2988 -0.9539 0.0290
vn 0.2368 -0.2500 -0.9388
vn 0.1577 -0.0496 -0.9862
vn 0.1477 -0.4958 -0.8558
vn 0.0845 -0.5459 -0.8335
vn 0.0830 0.9959 0.0369
vn 0.5001 0.4997 0.7073
vn 0.8703 -0.4236 -0.2512
vn 0.8658 -0.2894 0.4082
vn -0.2884 0.8661 0.4082
vn -0.4226 0.8708 -0.2512
vn -0.5904 -0.5895 0.5512
vn 0.4226 -0.8708 0.2512
vn -0.8703 0.4236 0.2512
vn -0.1407 -0.1408 0.9800
vn 0.5904 0.5895 -0.5512
vn -0.4998 -0.5000 -0.7072
vn 0.2888 -0.8661 -0.4079
vn -0.8658 0.2896 -0.4080
vn 0.2793 -0.7709 -0.5725
vn -0.2429 0.6476 0.7222
vn -0.9082 0.0768 0.4114
vn -0.9111 0.1026 -0.3991
vn 0.6183 0.6775 -0.3983
vn 0.6328 0.6559 0.4116
vn 0.2530 -0.6758 0.6923
vn -0.6174 -0.6786 0.3979
vn 0.9112 -0.1040 0.3986
vn -0.2919 0.7649 0.5742
vn 0.2434 -0.6492 -0.7206
vn -0.6326 -0.6566 -0.4107
vn 0.9086 -0.0777 -0.4105
vn -0.2539 0.6739 -0.6938
vn 0.4996 -0.4999 0.7075
vn 0.2077 -0.2078 -0.9559
vn -0.4730 -0.8512 -0.2275
vn -0.2886 -0.8662 0.4080
vn 0.8659 0.2886 0.4086
vn 0.8515 0.4727 -0.2272
vn -0.6254 0.6245 0.4678
vn -0.8517 -0.4721 0.2275
vn 0.4725 0.8513 0.2281
vn -0.2084 0.2080 0.9557
vn 0.6244 -0.6254 -0.4679
vn -0.5000 0.5000 -0.7071
vn -0.8660 -0.2888 -0.4082
vn 0.2888 0.8660 -0.4082
vn 0.6739 -0.2533 0.6940
vn 0.7809 -0.2872 -0.5547
vn -0.6777 -0.6181 -0.3984
vn 0.1032 -0.9113 0.3987
vn 0.6766 0.6188 0.3990
vn -0.1044 0.9113 -0.3983
vn -0.6499 0.2429 0.7202
vn -0.6569 -0.6324 0.4105
vn -0.0790 0.9082 0.4111
vn -0.6753 0.2532 -0.6927
vn -0.7812 0.2864 0.5547
vn 0.6480 -0.2435 -0.7216
vn 0.0771 -0.9084 -0.4110
vn 0.6556 0.6337 -0.4106
vt 0.375000 0.750000
vt 0.375000 0.250000
vt 0.375000 1.000000
vt 0.375000 0.500000
vt 0.375000 0.000000
vt 0.375000 0.534077
vt 0.375000 0.715923
vt 0.125000 0.534077
vt 0.125000 0.715923
vt 0.125000 0.500000
vt 0.125000 0.750000
vt 0.625000 0.500000
vt 0.590923 0.500000
vt 0.590923 0.750000
vt 0.625000 0.750000
vt 0.590923 0.250000
vt 0.625000 0.250000
vt 0.625000 1.000000
vt 0.590923 1.000000
vt 0.875000 0.534077
vt 0.875000 0.715923
vt 0.625000 0.534077
vt 0.625000 0.715923
vt 0.409077 0.750000
vt 0.409077 0.500000
vt 0.409077 1.000000
vt 0.409077 0.250000
s 1
f 1541/16/555 1542/17/556 557/17/557 555/16/558
f 1542/17/556 1541/16/555 556/16/559 558/17/560
f 1542/17/556 1543/18/561 559/18/562 557/17/557
f 1543/18/561 1542/17/556 558/17/560 560/18/563
f 1543/18/561 1541/16/555 555/16/558 559/18/562
f 1541/16/555 1543/18/561 560/18/563 556/16/559
f 1544/17/564 1545/16/565 555/16/558 557/17/557
f 1545/16/565 1544/17/564 558/17/560 556/16/559
f 1545/16/565 1546/19/566 561/19/567 555/16/558
f 1546/19/566 1545/16/565 556/16/559 562/19/568
f 1546/19/566 1544/17/564 557/17/557 561/19/567
f 1544/17/564 1546/19/566 562/19/568 558/17/560
f 1547/20/569 1548/17/570 565/17/571 563/20/572
f 1548/17/570 1547/20/569 564/20/573 566/17/574
f 1548/17/570 1549/20/575 567/20/576 565/17/571
f 1549/20/575 1548/17/570 566/17/574 568/20/577
f 1549/20/575 1547/20/569 563/20/572 567/20/576
f 1547/20/569 1549/20/575 568/20/577 564/20/573
f 1550/17/578 1551/20/579 563/20/572 565/17/571
f 1551/20/579 1550/17/578 566/17/574 564/20/573
f 1551/20/579 1552/17/580 569/17/581 563/20/572
f 1552/17/580 1551/20/579 564/20/573 570/17/582
f 1552/17/580 1550/17/578 565/17/571 569/17/581
f 1550/17/578 1552/17/580 570/17/582 566/17/574
f 1553/17/583 1554/20/584 567/20/576 571/17/585
f 1554/20/584 1553/17/583 572/17/586 568/20/577
f 1554/20/584 1555/17/587 565/17/571 567/20/576
f 1555/17/587 1554/20/584 568/20/577 566/17/574
f 1555/17/587 1553/17/583 571/17/585 565/17/571
f 1553/17/583 1555/17/587 566/17/574 572/17/586
f 1556/20/588 1557/17/589 571/17/585 567/20/576
f 1557/17/589 1556/20/588 568/20/577 572/17/586
f 1557/17/589 1558/20/590 573/20/591 571/17/585
f 1558/20/590 1557/17/589 572/17/586 574/20/592
f 1558/20/590 1556/20/588 567/20/576 573/20/591
f 1556/20/588 1558/20/590 574/20/592 568/20/577
f 1559/17/593 1560/20/594 573/20/591 575/17/595
f 1560/20/594 1559/17/593 576/17/596 574/20/592
f 1560/20/594 1561/17/597 571/17/585 573/20/591
f 1561/17/597 1560/20/594 574/20/592 572/17/586
f 1561/17/597 1559/17/593 575/17/595 571/17/585
f 1559/17/593 1561/17/597 572/17/586 576/17/596
f 1562/20/598 1563/17/599 575/17/595 573/20/591
f 1563/17/599 1562/20/598 574/20/592 576/17/596
f 1563/17/599 1564/20/600 577/20/601 575/17/595
f 1564/20/600 1563/17/599 576/17/596 578/20/602
f 1564/20/600 1562/20/598 573/20/591 577/20/601
f 1562/20/598 1564/20/600 578/20/602 574/20/592
f 1565/17/603 1566/20/604 577/20/601 579/17/605
f 1566/20/604 1565/17/603 580/17/606 578/20/602
f 1566/20/604 1567/17/607 575/17/595 577/20/601
f 1567/17/607 1566/20/604 578/20/602 576/17/596
f 1567/17/607 1565/17/603 579/17/605 575/17/595
f 1565/17/603 1567/17/607 576/17/596 580/17/606
f 1568/20/608 1569/17/609 579/17/605 577/20/601
f 1569/17/609 1568/20/608 578/20/602 580/17/606
f 1569/17/609 1570/20/610 581/20/611 579/17/605
f 1570/20/610 1569/17/609 580/17/606 582/20/612
f 1570/20/610 1568/20/608 577/20/601 581/20/611
f 1568/20/608 1570/20/610 582/20/612 578/20/602
f 1571/17/613 1572/20/614 581/20/611 583/17/615
f 1572/20/614 1571/17/613 584/17/616 582/20/612
f 1572/20/614 1573/17/617 579/17/605 581/20/611
f 1573/17/617 1572/20/614 582/20/612 580/17/606
f 1573/17/617 1571/17/613 583/17/615 579/17/605
f 1571/17/613 1573/17/617 580/17/606 584/17/616
f 1574/20/618 1575/17/619 583/17/615 581/20/611
f 1575/17/619 1574/20/618 582/20/612 584/17/616
f 1575/17/619 1576/20/620 585/20/621 583/17/615
f 1576/20/620 1575/17/619 584/17/616 586/20/622
f 1576/20/620 1574/20/618 581/20/611 585/20/621
f 1574/20/618 1576/20/620 586/20/622 582/20/612
f 1577/20/623 1578/17/624 583/17/615 585/20/621
f 1578/17/624 1577/20/623 586/20/622 584/17/616
f 1578/17/624 1579/17/625 587/17/626 583/17/615
f 1579/17/625 1578/17/624 584/17/616 588/17/627
f 1579/17/625 1577/20/623 585/20/621 587/17/626
f 1577/20/623 1579/17/625 588/17/627 586/20/622
f 1580/17/628 1581/20/629 589/20/630 587/17/626
f 1581/20/629 1580/17/628 588/17/627 590/20/631
f 1581/20/629 1582/20/632 585/20/621 589/20/630
f 1582/20/632 1581/20/629 590/20/631 586/20/622
f 1582/20/632 1580/17/628 587/17/626 585/20/621
f 1580/17/628 1582/20/632 586/20/622 588/17/627
f 1583/21/633 1584/22/634 593/22/635 591/21/636
f 1584/22/634 1583/21/633 592/21/637 594/22/638
f 1584/22/634 1585/23/639 595/23/640 593/22/635
f 1585/23/639 1584/22/634 594/22/638 596/23/641
f 1585/23/639 1583/21/633 591/21/636 595/23/640
f 1583/21/633 1585/23/639 596/23/641 592/21/637
f 1586/23/642 1587/22/643 593/22/635 595/23/640
f 1587/22/643 1586/23/642 596/23/641 594/22/638
f 1587/22/643 1588/24/644 597/24/645 593/22/635
f 1588/24/644 1587/22/643 594/22/638 598/24/646
f 1588/24/644 1586/23/642 595/23/640 597/24/645
f 1586/23/642 1588/24/644 598/24/646 596/23/641
f 1589/19/647 1590/23/648 601/23/649 599/19/650
f 1590/23/648 1589/19/647 600/19/651 602/23/652
f 1590/23/648 1591/25/653 603/25/654 601/23/649
f 1591/25/653 1590/23/648 602/23/652 604/25/655
f 1591/25/653 1589/19/647 599/19/650 603/25/654
f 1589/19/647 1591/25/653 604/25/655 600/19/651
f 1592/23/656 1593/19/657 599/19/650 601/23/649
f 1593/19/657 1592/23/656 602/23/652 600/19/651
f 1593/19/657 1594/21/658 605/21/659 599/19/650
f 1594/21/658 1593/19/657 600/19/651 606/21/660
f 1594/21/658 1592/23/656 601/23/649 605/21/659
f 1592/23/656 1594/21/658 606/21/660 602/23/652
f 1595/24/661 1596/22/662 609/22/663 607/24/664
f 1596/22/662 1595/24/661 608/24/665 610/22/666
f 1596/22/662 1597/16/667 611/16/668 609/22/663
f 1597/16/667 1596/22/662 610/22/666 612/16/669
f 1597/16/667 1595/24/661 607/24/664 611/16/668
f 1595/24/661 1597/16/667 612/16/669 608/24/665
f 1598/24/670 1599/16/671 611/16/668 607/24/664
f 1599/16/671 1598/24/670 608/24/665 612/16/669
f 1599/16/671 1600/26/672 613/26/673 611/16/668
f 1600/26/672 1599/16/671 612/16/669 614/26/674
f 1600/26/672 1598/24/670 607/24/664 613/26/673
f 1598/24/670 1600/26/672 614/26/674 608/24/665
f 1601/27/675 1602/19/676 617/19/677 615/27/678
f 1602/19/676 1601/27/675 616/27/679 618/19/680
f 1602/19/676 1603/28/681 619/28/682 617/19/677
f 1603/28/681 1602/19/676 618/19/680 620/28/683
f 1603/28/681 1601/27/675 615/27/678 619/28/682
f 1601/27/675 1603/28/681 620/28/683 616/27/679
f 1604/19/684 1605/27/685 615/27/678 617/19/677
f 1605/27/685 1604/19/684 618/19/680 616/27/679
f 1605/27/685 1606/21/686 621/21/687 615/27/678
f 1606/21/686 1605/27/685 616/27/679 622/21/688
f 1606/21/686 1604/19/684 617/19/677 621/21/687
f 1604/19/684 1606/21/686 622/21/688 618/19/680
f 1607/29/689 1608/16/690 625/16/691 623/29/692
f 1608/16/690 1607/29/689 624/29/693 626/16/694
f 1608/16/690 1609/30/695 627/30/696 625/16/691
f 1609/30/695 1608/16/690 626/16/694 628/30/697
f 1609/30/695 1607/29/689 623/29/692 627/30/696
f 1607/29/689 1609/30/695 628/30/697 624/29/693
f 1610/22/698 1611/30/699 627/30/696 629/22/700
f 1611/30/699 1610/22/698 630/22/701 628/30/697
f 1611/30/699 1612/16/702 625/16/691 627/30/696
f 1612/16/702 1611/30/699 628/30/697 626/16/694
f 1612/16/702 1610/22/698 629/22/700 625/16/691
f 1610/22/698 1612/16/702 626/16/694 630/22/701
f 1613/17/703 1614/20/704 633/20/705 631/17/706
f 1614/20/704 1613/17/703 632/17/707 634/20/708
f 1614/20/704 1615/20/709 635/20/710 633/20/705
f 1615/20/709 1614/20/704 634/20/708 636/20/711
f 1615/20/709 1613/17/703 631/17/706 635/20/710
f 1613/17/703 1615/20/709 636/20/711 632/17/707
f 1616/20/712 1617/17/713 637/17/714 635/20/710
f 1617/17/713 1616/20/712 636/20/711 638/17/715
f 1617/17/713 1618/17/716 631/17/706 637/17/714
f 1618/17/716 1617/17/713 638/17/715 632/17/707
f 1618/17/716 1616/20/712 635/20/710 631/17/706
f 1616/20/712 1618/17/716 632/17/707 636/20/711
f 1619/28/717 1620/31/718 641/31/719 639/28/720
f 1620/31/718 1619/28/717 640/28/721 642/31/722
f 1620/31/718 1621/32/723 643/32/724 641/31/719
f 1621/32/723 1620/31/718 642/31/722 644/32/725
f 1621/32/723 1619/28/717 639/28/720 643/32/724
f 1619/28/717 1621/32/723 644/32/725 640/28/721
f 1622/32/726 1623/27/727 645/27/728 643/32/724
f 1623/27/727 1622/32/726 644/32/725 646/27/729
f 1623/27/727 1624/28/730 639/28/720 645/27/728
f 1624/28/730 1623/27/727 646/27/729 640/28/721
f 1624/28/730 1622/32/726 643/32/724 639/28/720
f 1622/32/726 1624/28/730 640/28/721 644/32/725
f 1625/33/731 1626/29/732 649/29/733 647/33/734
f 1626/29/732 1625/33/731 648/33/735 650/29/736
f 1626/29/732 1627/30/737 651/30/738 649/29/733
f 1627/30/737 1626/29/732 650/29/736 652/30/739
f 1627/30/737 1625/33/731 647/33/734 651/30/738
f 1625/33/731 1627/30/737 652/30/739 648/33/735
f 1628/29/740 1629/33/741 647/33/734 649/29/733
f 1629/33/741 1628/29/740 650/29/736 648/33/735
f 1629/33/741 1630/34/742 653/34/743 647/33/734
f 1630/34/742 1629/33/741 648/33/735 654/34/744
f 1630/34/742 1628/29/740 649/29/733 653/34/743
f 1628/29/740 1630/34/742 654/34/744 650/29/736
f 1631/35/745 1632/36/746 657/36/747 655/35/748
f 1632/36/746 1631/35/745 656/35/749 658/36/750
f 1632/36/746 1633/37/751 659/37/752 657/36/747
f 1633/37/751 1632/36/746 658/36/750 660/37/753
f 1633/37/751 1631/35/745 655/35/748 659/37/752
f 1631/35/745 1633/37/751 660/37/753 656/35/749
f 1634/37/754 1635/36/755 657/36/747 659/37/752
f 1635/36/755 1634/37/754 660/37/753 658/36/750
f 1635/36/755 1636/38/756 661/38/757 657/36/747
f 1636/38/756 1635/36/755 658/36/750 662/38/758
f 1636/38/756 1634/37/754 659/37/752 661/38/757
f 1634/37/754 1636/38/756 662/38/758 660/37/753
f 1637/21/759 1638/37/760 665/37/761 663/21/762
f 1638/37/760 1637/21/759 664/21/763 666/37/764
f 1638/37/760 1639/22/765 667/22/766 665/37/761
f 1639/22/765 1638/37/760 666/37/764 668/22/767
f 1639/22/765 1637/21/759 663/21/762 667/22/766
f 1637/21/759 1639/22/765 668/22/767 664/21/763
f 1640/37/768 1641/38/769 669/38/770 665/37/761
f 1641/38/769 1640/37/768 666/37/764 670/38/771
f 1641/38/769 1642/22/772 667/22/766 669/38/770
f 1642/22/772 1641/38/769 670/38/771 668/22/767
f 1642/22/772 1640/37/768 665/37/761 667/22/766
f 1640/37/768 1642/22/772 668/22/767 666/37/764
f 1643/21/773 1644/25/774 673/25/775 671/21/776
f 1644/25/774 1643/21/773 672/21/777 674/25/778
f 1644/25/774 1645/23/779 675/23/780 673/25/775
f 1645/23/779 1644/25/774 674/25/778 676/23/781
f 1645/23/779 1643/21/773 671/21/776 675/23/780
f 1643/21/773 1645/23/779 676/23/781 672/21/777
f 1646/25/782 1647/21/783 671/21/776 673/25/775
f 1647/21/783 1646/25/782 674/25/778 672/21/777
f 1647/21/783 1648/19/784 677/19/785 671/21/776
f 1648/19/784 1647/21/783 672/21/777 678/19/786
f 1648/19/784 1646/25/782 673/25/775 677/19/785
f 1646/25/782 1648/19/784 678/19/786 674/25/778
f 1649/22/787 1650/26/788 681/26/789 679/22/790
f 1650/26/788 1649/22/787 680/22/791 682/26/792
f 1650/26/788 1651/16/793 683/16/794 681/26/789
f 1651/16/793 1650/26/788 682/26/792 684/16/795
f 1651/16/793 1649/22/787 679/22/790 683/16/794
f 1649/22/787 1651/16/793 684/16/795 680/22/791
f 1652/26/796 1653/22/797 679/22/790 681/26/789
f 1653/22/797 1652/26/796 682/26/792 680/22/791
f 1653/22/797 1654/24/798 685/24/799 679/22/790
f 1654/24/798 1653/22/797 680/22/791 686/24/800
f 1654/24/798 1652/26/796 681/26/789 685/24/799
f 1652/26/796 1654/24/798 686/24/800 682/26/792
f 1655/16/801 1656/19/802 689/19/803 687/16/804
f 1656/19/802 1655/16/801 688/16/805 690/19/806
f 1656/19/802 1657/16/807 691/16/808 689/19/803
f 1657/16/807 1656/19/802 690/19/806 692/16/809
f 1657/16/807 1655/16/801 687/16/804 691/16/808
f 1655/16/801 1657/16/807 692/16/809 688/16/805
f 1658/19/810 1659/16/811 687/16/804 689/19/803
f 1659/16/811 1658/19/810 690/19/806 688/16/805
f 1659/16/811 1660/19/812 693/19/813 687/16/804
f 1660/19/812 1659/16/811 688/16/805 694/19/814
f 1660/19/812 1658/19/810 689/19/803 693/19/813
f 1658/19/810 1660/19/812 694/19/814 690/19/806
f 1661/19/815 1662/23/816 697/23/817 695/19/818
f 1662/23/816 1661/19/815 696/19/819 698/23/820
f 1662/23/816 1663/25/821 699/25/822 697/23/817
f 1663/25/821 1662/23/816 698/23/820 700/25/823
f 1663/25/821 1661/19/815 695/19/818 699/25/822
f 1661/19/815 1663/25/821 700/25/823 696/19/819
f 1664/23/824 1665/19/825 695/19/818 697/23/817
f 1665/19/825 1664/23/824 698/23/820 696/19/819
f 1665/19/825 1666/21/826 701/21/827 695/19/818
f 1666/21/826 1665/19/825 696/19/819 702/21/828
f 1666/21/826 1664/23/824 697/23/817 701/21/827
f 1664/23/824 1666/21/826 702/21/828 698/23/820
f 1667/22/829 1668/16/830 705/16/831 703/22/832
f 1668/16/830 1667/22/829 704/22/833 706/16/834
f 1668/16/830 1669/24/835 707/24/836 705/16/831
f 1669/24/835 1668/16/830 706/16/834 708/24/837
f 1669/24/835 1667/22/829 703/22/832 707/24/836
f 1667/22/829 1669/24/835 708/24/837 704/22/833
f 1670/24/838 1671/16/839 705/16/831 707/24/836
f 1671/16/839 1670/24/838 708/24/837 706/16/834
f 1671/16/839 1672/26/840 709/26/841 705/16/831
f 1672/26/840 1671/16/839 706/16/834 710/26/842
f 1672/26/840 1670/24/838 707/24/836 709/26/841
f 1670/24/838 1672/26/840 710/26/842 708/24/837
f 1673/23/843 1674/22/844 713/22/845 711/23/846
f 1674/22/844 1673/23/843 712/23/847 714/22/848
f 1674/22/844 1675/21/849 715/21/850 713/22/845
f 1675/21/849 1674/22/844 714/22/848 716/21/851
f 1675/21/849 1673/23/843 711/23/846 715/21/850
f 1673/23/843 1675/21/849 716/21/851 712/23/847
f 1676/22/852 1677/23/853 711/23/846 713/22/845
f 1677/23/853 1676/22/852 714/22/848 712/23/847
f 1677/23/853 1678/24/854 717/24/855 711/23/846
f 1678/24/854 1677/23/853 712/23/847 718/24/856
f 1678/24/854 1676/22/852 713/22/845 717/24/855
f 1676/22/852 1678/24/854 718/24/856 714/22/848
f 1679/22/857 1680/23/858 721/23/859 719/22/860
f 1680/23/858 1679/22/857 720/22/861 722/23/862
f 1680/23/858 1681/21/863 723/21/864 721/23/859
f 1681/21/863 1680/23/858 722/23/862 724/21/865
f 1681/21/863 1679/22/857 719/22/860 723/21/864
f 1679/22/857 1681/21/863 724/21/865 720/22/861
f 1682/23/866 1683/22/867 719/22/860 721/23/859
f 1683/22/867 1682/23/866 722/23/862 720/22/861
f 1683/22/867 1684/24/868 725/24/869 719/22/860
f 1684/24/868 1683/22/867 720/22/861 726/24/870
f 1684/24/868 1682/23/866 721/23/859 725/24/869
f 1682/23/866 1684/24/868 726/24/870 722/23/862
f 1685/27/871 1686/19/872 729/19/873 727/27/874
f 1686/19/872 1685/27/871 728/27/875 730/19/876
f 1686/19/872 1687/28/877 731/28/878 729/19/873
f 1687/28/877 1686/19/872 730/19/876 732/28/879
f 1687/28/877 1685/27/871 727/27/874 731/28/878
f 1685/27/871 1687/28/877 732/28/879 728/27/875
f 1688/19/880 1689/27/881 727/27/874 729/19/873
f 1689/27/881 1688/19/880 730/19/876 728/27/875
f 1689/27/881 1690/21/882 733/21/883 727/27/874
f 1690/21/882 1689/27/881 728/27/875 734/21/884
f 1690/21/882 1688/19/880 729/19/873 733/21/883
f 1688/19/880 1690/21/882 734/21/884 730/19/876
f 1691/29/885 1692/16/886 737/16/887 735/29/888
f 1692/16/886 1691/29/885 736/29/889 738/16/890
f 1692/16/886 1693/30/891 739/30/892 737/16/887
f 1693/30/891 1692/16/886 738/16/890 740/30/893
f 1693/30/891 1691/29/885 735/29/888 739/30/892
f 1691/29/885 1693/30/891 740/30/893 736/29/889
f 1694/22/894 1695/30/895 739/30/892 741/22/896
f 1695/30/895 1694/22/894 742/22/897 740/30/893
f 1695/30/895 1696/16/898 737/16/887 739/30/892
f 1696/16/898 1695/30/895 740/30/893 738/16/890
f 1696/16/898 1694/22/894 741/22/896 737/16/887
f 1694/22/894 1696/16/898 738/16/890 742/22/897
f 1697/21/899 1698/37/900 745/37/901 743/21/902
f 1698/37/900 1697/21/899 744/21/903 746/37/904
f 1698/37/900 1699/22/905 747/22/906 745/37/901
f 1699/22/905 1698/37/900 746/37/904 748/22/907
f 1699/22/905 1697/21/899 743/21/902 747/22/906
f 1697/21/899 1699/22/905 748/22/907 744/21/903
f 1700/37/908 1701/38/909 749/38/910 745/37/901
f 1701/38/909 1700/37/908 746/37/904 750/38/911
f 1701/38/909 1702/22/912 747/22/906 749/38/910
f 1702/22/912 1701/38/909 750/38/911 748/22/907
f 1702/22/912 1700/37/908 745/37/901 747/22/906
f 1700/37/908 1702/22/912 748/22/907 746/37/904
f 1703/21/913 1704/25/914 753/25/915 751/21/916
f 1704/25/914 1703/21/913 752/21/917 754/25/918
f 1704/25/914 1705/23/919 755/23/920 753/25/915
f 1705/23/919 1704/25/914 754/25/918 756/23/921
f 1705/23/919 1703/21/913 751/21/916 755/23/920
f 1703/21/913 1705/23/919 756/23/921 752/21/917
f 1706/25/922 1707/21/923 751/21/916 753/25/915
f 1707/21/923 1706/25/922 754/25/918 752/21/917
f 1707/21/923 1708/19/924 757/19/925 751/21/916
f 1708/19/924 1707/21/923 752/21/917 758/19/926
f 1708/19/924 1706/25/922 753/25/915 757/19/925
f 1706/25/922 1708/19/924 758/19/926 754/25/918
f 1709/22/927 1710/26/928 761/26/929 759/22/930
f 1710/26/928 1709/22/927 760/22/931 762/26/932
f 1710/26/928 1711/16/933 763/16/934 761/26/929
f 1711/16/933 1710/26/928 762/26/932 764/16/935
f 1711/16/933 1709/22/927 759/22/930 763/16/934
f 1709/22/927 1711/16/933 764/16/935 760/22/931
f 1712/26/936 1713/22/937 759/22/930 761/26/929
f 1713/22/937 1712/26/936 762/26/932 760/22/931
f 1713/22/937 1714/24/938 765/24/939 759/22/930
f 1714/24/938 1713/22/937 760/22/931 766/24/940
f 1714/24/938 1712/26/936 761/26/929 765/24/939
f 1712/26/936 1714/24/938 766/24/940 762/26/932
f 1715/32/941 1716/31/942 769/31/943 767/32/944
f 1716/31/942 1715/32/941 768/32/945 770/31/946
f 1716/31/942 1717/25/947 771/25/948 769/31/943
f 1717/25/947 1716/31/942 770/31/946 772/25/949
f 1717/25/947 1715/32/941 767/32/944 771/25/948
f 1715/32/941 1717/25/947 772/25/949 768/32/945
f 1718/34/950 1719/33/951 775/33/952 773/34/953
f 1719/33/951 1718/34/950 774/34/954 776/33/955
f 1719/33/951 1720/26/956 777/26/957 775/33/952
f 1720/26/956 1719/33/951 776/33/955 778/26/958
f 1720/26/956 1718/34/950 773/34/953 777/26/957
f 1718/34/950 1720/26/956 778/26/958 774/34/954
f 1721/23/959 1722/22/960 781/22/961 779/23/962
f 1722/22/960 1721/23/959 780/23/963 782/22/964
f 1722/22/960 1723/21/965 783/21/966 781/22/961
f 1723/21/965 1722/22/960 782/22/964 784/21/967
f 1723/21/965 1721/23/959 779/23/962 783/21/966
f 1721/23/959 1723/21/965 784/21/967 780/23/963
f 1724/22/968 1725/23/969 779/23/962 781/22/961
f 1725/23/969 1724/22/968 782/22/964 780/23/963
f 1725/23/969 1726/24/970 785/24/971 779/23/962
f 1726/24/970 1725/23/969 780/23/963 786/24/972
f 1726/24/970 1724/22/968 781/22/961 785/24/971
f 1724/22/968 1726/24/970 786/24/972 782/22/964
f 1727/25/973 1728/23/974 789/23/975 787/25/976
f 1728/23/974 1727/25/973 788/25/977 790/23/978
f 1728/23/974 1729/19/979 791/19/980 789/23/975
f 1729/19/979 1728/23/974 790/23/978 792/19/981
f 1729/19/979 1727/25/973 787/25/976 791/19/980
f 1727/25/973 1729/19/979 792/19/981 788/25/977
f 1730/24/982 1731/26/983 795/26/984 793/24/985
f 1731/26/983 1730/24/982 794/24/986 796/26/987
f 1731/26/983 1732/16/988 797/16/989 795/26/984
f 1732/16/988 1731/26/983 796/26/987 798/16/990
f 1732/16/988 1730/24/982 793/24/985 797/16/989
f 1730/24/982 1732/16/988 798/16/990 794/24/986
f 1733/28/991 1734/31/992 801/31/993 799/28/994
f 1734/31/992 1733/28/991 800/28/995 802/31/996
f 1734/31/992 1735/32/997 803/32/998 801/31/993
f 1735/32/997 1734/31/992 802/31/996 804/32/999
f 1735/32/997 1733/28/991 799/28/994 803/32/998
f 1733/28/991 1735/32/997 804/32/999 800/28/995
f 1736/32/1000 1737/27/1001 805/27/1002 803/32/998
f 1737/27/1001 1736/32/1000 804/32/999 806/27/1003
f 1737/27/1001 1738/28/1004 799/28/994 805/27/1002
f 1738/28/1004 1737/27/1001 806/27/1003 800/28/995
f 1738/28/1004 1736/32/1000 803/32/998 799/28/994
f 1736/32/1000 1738/28/1004 800/28/995 804/32/999
f 1739/33/1005 1740/29/1006 809/29/1007 807/33/1008
f 1740/29/1006 1739/33/1005 808/33/1009 810/29/1010
f 1740/29/1006 1741/30/1011 811/30/1012 809/29/1007
f 1741/30/1011 1740/29/1006 810/29/1010 812/30/1013
f 1741/30/1011 1739/33/1005 807/33/1008 811/30/1012
f 1739/33/1005 1741/30/1011 812/30/1013 808/33/1009
f 1742/29/1014 1743/33/1015 807/33/1008 809/29/1007
f 1743/33/1015 1742/29/1014 810/29/1010 808/33/1009
f 1743/33/1015 1744/34/1016 813/34/1017 807/33/1008
f 1744/34/1016 1743/33/1015 808/33/1009 814/34/1018
f 1744/34/1016 1742/29/1014 809/29/1007 813/34/1017
f 1742/29/1014 1744/34/1016 814/34/1018 810/29/1010
f 1745/35/1019 1746/36/1020 817/36/1021 815/35/1022
f 1746/36/1020 1745/35/1019 816/35/1023 818/36/1024
f 1746/36/1020 1747/37/1025 819/37/1026 817/36/1021
f 1747/37/1025 1746/36/1020 818/36/1024 820/37/1027
f 1747/37/1025 1745/35/1019 815/35/1022 819/37/1026
f 1745/35/1019 1747/37/1025 820/37/1027 816/35/1023
f 1748/37/1028 1749/36/1029 817/36/1021 819/37/1026
f 1749/36/1029 1748/37/1028 820/37/1027 818/36/1024
f 1749/36/1029 1750/38/1030 821/38/1031 817/36/1021
f 1750/38/1030 1749/36/1029 818/36/1024 822/38/1032
f 1750/38/1030 1748/37/1028 819/37/1026 821/38/1031
f 1748/37/1028 1750/38/1030 822/38/1032 820/37/1027
f 1751/19/1033 1752/21/1034 825/21/1035 823/19/1036
f 1752/21/1034 1751/19/1033 824/19/1037 826/21/1038
f 1752/21/1034 1753/25/1039 827/25/1040 825/21/1035
f 1753/25/1039 1752/21/1034 826/21/1038 828/25/1041
f 1753/25/1039 1751/19/1033 823/19/1036 827/25/1040
f 1751/19/1033 1753/25/1039 828/25/1041 824/19/1037
f 1754/21/1042 1755/23/1043 829/23/1044 825/21/1035
f 1755/23/1043 1754/21/1042 826/21/1038 830/23/1045
f 1755/23/1043 1756/25/1046 827/25/1040 829/23/1044
f 1756/25/1046 1755/23/1043 830/23/1045 828/25/1041
f 1756/25/1046 1754/21/1042 825/21/1035 827/25/1040
f 1754/21/1042 1756/25/1046 828/25/1041 826/21/1038
f 1757/22/1047 1758/26/1048 833/26/1049 831/22/1050
f 1758/26/1048 1757/22/1047 832/22/1051 834/26/1052
f 1758/26/1048 1759/24/1053 835/24/1054 833/26/1049
f 1759/24/1053 1758/26/1048 834/26/1052 836/24/1055
f 1759/24/1053 1757/22/1047 831/22/1050 835/24/1054
f 1757/22/1047 1759/24/1053 836/24/1055 832/22/1051
f 1760/26/1056 1761/22/1057 831/22/1050 833/26/1049
f 1761/22/1057 1760/26/1056 834/26/1052 832/22/1051
f 1761/22/1057 1762/16/1058 837/16/1059 831/22/1050
f 1762/16/1058 1761/22/1057 832/22/1051 838/16/1060
f 1762/16/1058 1760/26/1056 833/26/1049 837/16/1059
f 1760/26/1056 1762/16/1058 838/16/1060 834/26/1052
f 1763/19/1061 1764/23/1062 841/23/1063 839/19/1064
f 1764/23/1062 1763/19/1061 840/19/1065 842/23/1066
f 1764/23/1062 1765/25/1067 843/25/1068 841/23/1063
f 1765/25/1067 1764/23/1062 842/23/1066 844/25/1069
f 1765/25/1067 1763/19/1061 839/19/1064 843/25/1068
f 1763/19/1061 1765/25/1067 844/25/1069 840/19/1065
f 1766/23/1070 1767/19/1071 839/19/1064 841/23/1063
f 1767/19/1071 1766/23/1070 842/23/1066 840/19/1065
f 1767/19/1071 1768/21/1072 845/21/1073 839/19/1064
f 1768/21/1072 1767/19/1071 840/19/1065 846/21/1074
f 1768/21/1072 1766/23/1070 841/23/1063 845/21/1073
f 1766/23/1070 1768/21/1072 846/21/1074 842/23/1066
f 1769/22/1075 1770/16/1076 849/16/1077 847/22/1078
f 1770/16/1076 1769/22/1075 848/22/1079 850/16/1080
f 1770/16/1076 1771/24/1081 851/24/1082 849/16/1077
f 1771/24/1081 1770/16/1076 850/16/1080 852/24/1083
f 1771/24/1081 1769/22/1075 847/22/1078 851/24/1082
f 1769/22/1075 1771/24/1081 852/24/1083 848/22/1079
f 1772/24/1084 1773/16/1085 849/16/1077 851/24/1082
f 1773/16/1085 1772/24/1084 852/24/1083 850/16/1080
f 1773/16/1085 1774/26/1086 853/26/1087 849/16/1077
f 1774/26/1086 1773/16/1085 850/16/1080 854/26/1088
f 1774/26/1086 1772/24/1084 851/24/1082 853/26/1087
f 1772/24/1084 1774/26/1086 854/26/1088 852/24/1083
f 1775/16/1089 1776/16/1090 857/16/1091 855/16/1092
f 1776/16/1090 1775/16/1089 856/16/1093 858/16/1094
f 1776/16/1090 1777/19/1095 859/19/1096 857/16/1091
f 1777/19/1095 1776/16/1090 858/16/1094 860/19/1097
f 1777/19/1095 1775/16/1089 855/16/1092 859/19/1096
f 1775/16/1089 1777/19/1095 860/19/1097 856/16/1093
f 1778/16/1098 1779/19/1099 861/19/1100 857/16/1091
f 1779/19/1099 1778/16/1098 858/16/1094 862/19/1101
f 1779/19/1099 1780/19/1102 859/19/1096 861/19/1100
f 1780/19/1102 1779/19/1099 862/19/1101 860/19/1097
f 1780/19/1102 1778/16/1098 857/16/1091 859/19/1096
f 1778/16/1098 1780/19/1102 860/19/1097 858/16/1094
f 1781/19/1103 1782/16/1104 857/16/1091 861/19/1100
f 1782/16/1104 1781/19/1103 862/19/1101 858/16/1094
f 1782/16/1104 1783/16/1105 863/16/1106 857/16/1091
f 1783/16/1105 1782/16/1104 858/16/1094 864/16/1107
f 1783/16/1105 1781/19/1103 861/19/1100 863/16/1106
f 1781/19/1103 1783/16/1105 864/16/1107 862/19/1101
f 1784/16/1108 1785/19/1109 865/19/1110 863/16/1106
f 1785/19/1109 1784/16/1108 864/16/1107 866/19/1111
f 1785/19/1109 1786/19/1112 861/19/1100 865/19/1110
f 1786/19/1112 1785/19/1109 866/19/1111 862/19/1101
f 1786/19/1112 1784/16/1108 863/16/1106 861/19/1100
f 1784/16/1108 1786/19/1112 862/19/1101 864/16/1107
f 1787/19/1113 1788/16/1114 863/16/1106 865/19/1110
f 1788/16/1114 1787/19/1113 866/19/1111 864/16/1107
f 1788/16/1114 1789/16/1115 867/16/1116 863/16/1106
f 1789/16/1115 1788/16/1114 864/16/1107 868/16/1117
f 1789/16/1115 1787/19/1113 865/19/1110 867/16/1116
f 1787/19/1113 1789/16/1115 868/16/1117 866/19/1111
f 1790/16/1118 1791/19/1119 869/19/1120 867/16/1116
f 1791/19/1119 1790/16/1118 868/16/1117 870/19/1121
f 1791/19/1119 1792/19/1122 865/19/1110 869/19/1120
f 1792/19/1122 1791/19/1119 870/19/1121 866/19/1111
f 1792/19/1122 1790/16/1118 867/16/1116 865/19/1110
f 1790/16/1118 1792/19/1122 866/19/1111 868/16/1117
f 1793/16/1123 1794/16/1124 871/16/1125 867/16/1116
f 1794/16/1124 1793/16/1123 868/16/1117 872/16/1126
f 1794/16/1124 1795/19/1127 869/19/1120 871/16/1125
f 1795/19/1127 1794/16/1124 872/16/1126 870/19/1121
f 1795/19/1127 1793/16/1123 867/16/1116 869/19/1120
f 1793/16/1123 1795/19/1127 870/19/1121 868/16/1117
f 1796/16/1128 1797/19/1129 873/19/1130 871/16/1125
f 1797/19/1129 1796/16/1128 872/16/1126 874/19/1131
f 1797/19/1129 1798/19/1132 869/19/1120 873/19/1130
f 1798/19/1132 1797/19/1129 874/19/1131 870/19/1121
f 1798/19/1132 1796/16/1128 871/16/1125 869/19/1120
f 1796/16/1128 1798/19/1132 870/19/1121 872/16/1126
f 1799/19/1133 1800/16/1134 871/16/1125 873/19/1130
f 1800/16/1134 1799/19/1133 874/19/1131 872/16/1126
f 1800/16/1134 1801/16/1135 875/16/1136 871/16/1125
f 1801/16/1135 1800/16/1134 872/16/1126 876/16/1137
f 1801/16/1135 1799/19/1133 873/19/1130 875/16/1136
f 1799/19/1133 1801/16/1135 876/16/1137 874/19/1131
f 1802/16/1138 1803/19/1139 877/19/1140 875/16/1136
f 1803/19/1139 1802/16/1138 876/16/1137 878/19/1141
f 1803/19/1139 1804/19/1142 873/19/1130 877/19/1140
f 1804/19/1142 1803/19/1139 878/19/1141 874/19/1131
f 1804/19/1142 1802/16/1138 875/16/1136 873/19/1130
f 1802/16/1138 1804/19/1142 874/19/1131 876/16/1137
f 1805/16/1143 1806/19/1144 877/19/1140 879/16/1145
f 1806/19/1144 1805/16/1143 880/16/1146 878/19/1141
f 1806/19/1144 1807/16/1147 875/16/1136 877/19/1140
f 1807/16/1147 1806/19/1144 878/19/1141 876/16/1137
f 1807/16/1147 1805/16/1143 879/16/1145 875/16/1136
f 1805/16/1143 1807/16/1147 876/16/1137 880/16/1146
f 1808/19/1148 1809/16/1149 879/16/1145 877/19/1140
f 1809/16/1149 1808/19/1148 878/19/1141 880/16/1146
f 1809/16/1149 1810/19/1150 881/19/1151 879/16/1145
f 1810/19/1150 1809/16/1149 880/16/1146 882/19/1152
f 1810/19/1150 1808/19/1148 877/19/1140 881/19/1151
f 1808/19/1148 1810/19/1150 882/19/1152 878/19/1141
f 1811/19/1153 1812/23/1154 885/23/1155 883/19/1156
f 1812/23/1154 1811/19/1153 884/19/1157 886/23/1158
f 1812/23/1154 1813/25/1159 887/25/1160 885/23/1155
f 1813/25/1159 1812/23/1154 886/23/1158 888/25/1161
f 1813/25/1159 1811/19/1153 883/19/1156 887/25/1160
f 1811/19/1153 1813/25/1159 888/25/1161 884/19/1157
f 1814/23/1162 1815/19/1163 883/19/1156 885/23/1155
f 1815/19/1163 1814/23/1162 886/23/1158 884/19/1157
f 1815/19/1163 1816/21/1164 889/21/1165 883/19/1156
f 1816/21/1164 1815/19/1163 884/19/1157 890/21/1166
f 1816/21/1164 1814/23/1162 885/23/1155 889/21/1165
f 1814/23/1162 1816/21/1164 890/21/1166 886/23/1158
f 1817/24/1167 1818/22/1168 893/22/1169 891/24/1170
f 1818/22/1168 1817/24/1167 892/24/1171 894/22/1172
f 1818/22/1168 1819/16/1173 895/16/1174 893/22/1169
f 1819/16/1173 1818/22/1168 894/22/1172 896/16/1175
f 1819/16/1173 1817/24/1167 891/24/1170 895/16/1174
f 1817/24/1167 1819/16/1173 896/16/1175 892/24/1171
f 1820/24/1176 1821/16/1177 895/16/1174 891/24/1170
f 1821/16/1177 1820/24/1176 892/24/1171 896/16/1175
f 1821/16/1177 1822/26/1178 897/26/1179 895/16/1174
f 1822/26/1178 1821/16/1177 896/16/1175 898/26/1180
f 1822/26/1178 1820/24/1176 891/24/1170 897/26/1179
f 1820/24/1176 1822/26/1178 898/26/1180 892/24/1171
f 1823/37/1181 1824/22/1182 901/22/1183 899/37/1184
f 1824/22/1182 1823/37/1181 900/37/1185 902/22/1186
f 1824/22/1182 1825/21/1187 903/21/1188 901/22/1183
f 1825/21/1187 1824/22/1182 902/22/1186 904/21/1189
f 1825/21/1187 1823/37/1181 899/37/1184 903/21/1188
f 1823/37/1181 1825/21/1187 904/21/1189 900/37/1185
f 1826/22/1190 1827/37/1191 899/37/1184 901/22/1183
f 1827/37/1191 1826/22/1190 902/22/1186 900/37/1185
f 1827/37/1191 1828/38/1192 905/38/1193 899/37/1184
f 1828/38/1192 1827/37/1191 900/37/1185 906/38/1194
f 1828/38/1192 1826/22/1190 901/22/1183 905/38/1193
f 1826/22/1190 1828/38/1192 906/38/1194 902/22/1186
f 1829/21/1195 1830/24/1196 909/24/1197 907/21/1198
f 1830/24/1196 1829/21/1195 908/21/1199 910/24/1200
f 1830/24/1196 1831/23/1201 911/23/1202 909/24/1197
f 1831/23/1201 1830/24/1196 910/24/1200 912/23/1203
f 1831/23/1201 1829/21/1195 907/21/1198 911/23/1202
f 1829/21/1195 1831/23/1201 912/23/1203 908/21/1199
f 1832/24/1204 1833/21/1205 907/21/1198 909/24/1197
f 1833/21/1205 1832/24/1204 910/24/1200 908/21/1199
f 1833/21/1205 1834/22/1206 913/22/1207 907/21/1198
f 1834/22/1206 1833/21/1205 908/21/1199 914/22/1208
f 1834/22/1206 1832/24/1204 909/24/1197 913/22/1207
f 1832/24/1204 1834/22/1206 914/22/1208 910/24/1200
f 1835/21/1209 1836/22/1210 917/22/1211 915/21/1212
f 1836/22/1210 1835/21/1209 916/21/1213 918/22/1214
f 1836/22/1210 1837/23/1215 919/23/1216 917/22/1211
f 1837/23/1215 1836/22/1210 918/22/1214 920/23/1217
f 1837/23/1215 1835/21/1209 915/21/1212 919/23/1216
f 1835/21/1209 1837/23/1215 920/23/1217 916/21/1213
f 1838/23/1218 1839/22/1219 923/22/1220 921/23/1221
f 1839/22/1219 1838/23/1218 922/23/1222 924/22/1223
f 1839/22/1219 1840/24/1224 925/24/1225 923/22/1220
f 1840/24/1224 1839/22/1219 924/22/1223 926/24/1226
f 1840/24/1224 1838/23/1218 921/23/1221 925/24/1225
f 1838/23/1218 1840/24/1224 926/24/1226 922/23/1222
f 1841/23/1227 1842/24/1228 927/24/1229 921/23/1230
f 1842/24/1228 1841/23/1227 922/23/1231 928/24/1232
f 1842/24/1228 1843/36/1233 929/36/1234 927/24/1229
f 1843/36/1233 1842/24/1228 928/24/1232 930/36/1235
f 1843/36/1233 1841/23/1227 921/23/1230 929/36/1234
f 1841/23/1227 1843/36/1233 930/36/1235 922/23/1231
f 1844/36/1236 1845/35/1237 931/35/1238 929/36/1234
f 1845/35/1237 1844/36/1236 930/36/1235 932/35/1239
f 1845/35/1237 1846/23/1240 921/23/1230 931/35/1238
f 1846/23/1240 1845/35/1237 932/35/1239 922/23/1231
f 1846/23/1240 1844/36/1236 929/36/1234 921/23/1230
f 1844/36/1236 1846/23/1240 922/23/1231 930/36/1235
f 1847/21/1241 1848/24/1242 935/24/1243 933/21/1244
f 1848/24/1242 1847/21/1241 934/21/1245 936/24/1246
f 1848/24/1242 1849/23/1247 937/23/1248 935/24/1243
f 1849/23/1247 1848/24/1242 936/24/1246 938/23/1249
f 1849/23/1247 1847/21/1241 933/21/1244 937/23/1248
f 1847/21/1241 1849/23/1247 938/23/1249 934/21/1245
f 1850/24/1250 1851/21/1251 933/21/1244 935/24/1243
f 1851/21/1251 1850/24/1250 936/24/1246 934/21/1245
f 1851/21/1251 1852/22/1252 939/22/1253 933/21/1244
f 1852/22/1252 1851/21/1251 934/21/1245 940/22/1254
f 1852/22/1252 1850/24/1250 935/24/1243 939/22/1253
f 1850/24/1250 1852/22/1252 940/22/1254 936/24/1246
f 1853/35/1255 1854/38/1256 943/38/1257 941/35/1258
f 1854/38/1256 1853/35/1255 942/35/1259 944/38/1260
f 1854/38/1256 1855/36/1261 945/36/1262 943/38/1257
f 1855/36/1261 1854/38/1256 944/38/1260 946/36/1263
f 1855/36/1261 1853/35/1255 941/35/1258 945/36/1262
f 1853/35/1255 1855/36/1261 946/36/1263 942/35/1259
f 1856/38/1264 1857/35/1265 941/35/1258 943/38/1257
f 1857/35/1265 1856/38/1264 944/38/1260 942/35/1259
f 1857/35/1265 1858/37/1266 947/37/1267 941/35/1258
f 1858/37/1266 1857/35/1265 942/35/1259 948/37/1268
f 1858/37/1266 1856/38/1264 943/38/1257 947/37/1267
f 1856/38/1264 1858/37/1266 948/37/1268 944/38/1260
f 1859/17/1269 1860/19/1270 951/19/1271 949/17/1272
f 1860/19/1270 1859/17/1269 950/17/1273 952/19/1274
f 1860/19/1270 1861/19/1275 953/19/1276 951/19/1271
f 1861/19/1275 1860/19/1270 952/19/1274 954/19/1277
f 1861/19/1275 1859/17/1269 949/17/1272 953/19/1276
f 1859/17/1269 1861/19/1275 954/19/1277 950/17/1273
f 1862/19/1278 1863/17/1279 949/17/1272 951/19/1271
f 1863/17/1279 1862/19/1278 952/19/1274 950/17/1273
f 1863/17/1279 1864/17/1280 955/17/1281 949/17/1272
f 1864/17/1280 1863/17/1279 950/17/1273 956/17/1282
f 1864/17/1280 1862/19/1278 951/19/1271 955/17/1281
f 1862/19/1278 1864/17/1280 956/17/1282 952/19/1274
f 1865/19/1283 1866/17/1284 957/17/1285 953/19/1276
f 1866/17/1284 1865/19/1283 954/19/1277 958/17/1286
f 1866/17/1284 1867/17/1287 949/17/1272 957/17/1285
f 1867/17/1287 1866/17/1284 958/17/1286 950/17/1273
f 1867/17/1287 1865/19/1283 953/19/1276 949/17/1272
f 1865/19/1283 1867/17/1287 950/17/1273 954/19/1277
f 1868/17/1288 1869/19/1289 953/19/1276 957/17/1285
f 1869/19/1289 1868/17/1288 958/17/1286 954/19/1277
f 1869/19/1289 1870/19/1290 959/19/1291 953/19/1276
f 1870/19/1290 1869/19/1289 954/19/1277 960/19/1292
f 1870/19/1290 1868/17/1288 957/17/1285 959/19/1291
f 1868/17/1288 1870/19/1290 960/19/1292 958/17/1286
f 1871/19/1293 1872/17/1294 961/17/1295 959/19/1291
f 1872/17/1294 1871/19/1293 960/19/1292 962/17/1296
f 1872/17/1294 1873/17/1297 957/17/1285 961/17/1295
f 1873/17/1297 1872/17/1294 962/17/1296 958/17/1286
f 1873/17/1297 1871/19/1293 959/19/1291 957/17/1285
f 1871/19/1293 1873/17/1297 958/17/1286 960/19/1292
f 1874/17/1298 1875/19/1299 959/19/1291 961/17/1295
f 1875/19/1299 1874/17/1298 962/17/1296 960/19/1292
f 1875/19/1299 1876/19/1300 963/19/1301 959/19/1291
f 1876/19/1300 1875/19/1299 960/19/1292 964/19/1302
f 1876/19/1300 1874/17/1298 961/17/1295 963/19/1301
f 1874/17/1298 1876/19/1300 964/19/1302 962/17/1296
f 1877/19/1303 1878/17/1304 965/17/1305 963/19/1301
f 1878/17/1304 1877/19/1303 964/19/1302 966/17/1306
f 1878/17/1304 1879/17/1307 961/17/1295 965/17/1305
f 1879/17/1307 1878/17/1304 966/17/1306 962/17/1296
f 1879/17/1307 1877/19/1303 963/19/1301 961/17/1295
f 1877/19/1303 1879/17/1307 962/17/1296 964/19/1302
f 1880/17/1308 1881/19/1309 963/19/1301 965/17/1305
f 1881/19/1309 1880/17/1308 966/17/1306 964/19/1302
f 1881/19/1309 1882/19/1310 967/19/1311 963/19/1301
f 1882/19/1310 1881/19/1309 964/19/1302 968/19/1312
f 1882/19/1310 1880/17/1308 965/17/1305 967/19/1311
f 1880/17/1308 1882/19/1310 968/19/1312 966/17/1306
f 1883/19/1313 1884/17/1314 969/17/1315 967/19/1311
f 1884/17/1314 1883/19/1313 968/19/1312 970/17/1316
f 1884/17/1314 1885/17/1317 965/17/1305 969/17/1315
f 1885/17/1317 1884/17/1314 970/17/1316 966/17/1306
f 1885/17/1317 1883/19/1313 967/19/1311 965/17/1305
f 1883/19/1313 1885/17/1317 966/17/1306 968/19/1312
f 1886/17/1318 1887/19/1319 967/19/1311 969/17/1315
f 1887/19/1319 1886/17/1318 970/17/1316 968/19/1312
f 1887/19/1319 1888/19/1320 971/19/1321 967/19/1311
f 1888/19/1320 1887/19/1319 968/19/1312 972/19/1322
f 1888/19/1320 1886/17/1318 969/17/1315 971/19/1321
f 1886/17/1318 1888/19/1320 972/19/1322 970/17/1316
f 1889/18/1323 1890/16/1324 975/16/1325 973/18/1326
f 1890/16/1324 1889/18/1323 974/18/1327 976/16/1328
f 1890/16/1324 1891/16/1329 977/16/1330 975/16/1325
f 1891/16/1329 1890/16/1324 976/16/1328 978/16/1331
f 1891/16/1329 1889/18/1323 973/18/1326 977/16/1330
f 1889/18/1323 1891/16/1329 978/16/1331 974/18/1327
f 1892/18/1332 1893/16/1333 977/16/1330 973/18/1326
f 1893/16/1333 1892/18/1332 974/18/1327 978/16/1331
f 1893/16/1333 1894/18/1334 979/18/1335 977/16/1330
f 1894/18/1334 1893/16/1333 978/16/1331 980/18/1336
f 1894/18/1334 1892/18/1332 973/18/1326 979/18/1335
f 1892/18/1332 1894/18/1334 980/18/1336 974/18/1327
f 1895/19/1337 1896/17/1338 983/17/1339 981/19/1340
f 1896/17/1338 1895/19/1337 982/19/1341 984/17/1342
f 1896/17/1338 1897/17/1343 985/17/1344 983/17/1339
f 1897/17/1343 1896/17/1338 984/17/1342 986/17/1345
f 1897/17/1343 1895/19/1337 981/19/1340 985/17/1344
f 1895/19/1337 1897/17/1343 986/17/1345 982/19/1341
f 1898/17/1346 1899/19/1347 981/19/1340 983/17/1339
f 1899/19/1347 1898/17/1346 984/17/1342 982/19/1341
f 1899/19/1347 1900/19/1348 987/19/1349 981/19/1340
f 1900/19/1348 1899/19/1347 982/19/1341 988/19/1350
f 1900/19/1348 1898/17/1346 983/17/1339 987/19/1349
f 1898/17/1346 1900/19/1348 988/19/1350 984/17/1342
f 1901/18/1351 1902/16/1352 991/16/1353 989/18/1354
f 1902/16/1352 1901/18/1351 990/18/1355 992/16/1356
f 1902/16/1352 1903/16/1357 993/16/1358 991/16/1353
f 1903/16/1357 1902/16/1352 992/16/1356 994/16/1359
f 1903/16/1357 1901/18/1351 989/18/1354 993/16/1358
f 1901/18/1351 1903/16/1357 994/16/1359 990/18/1355
f 1904/18/1360 1905/16/1361 993/16/1358 989/18/1354
f 1905/16/1361 1904/18/1360 990/18/1355 994/16/1359
f 1905/16/1361 1906/18/1362 995/18/1363 993/16/1358
f 1906/18/1362 1905/16/1361 994/16/1359 996/18/1364
f 1906/18/1362 1904/18/1360 989/18/1354 995/18/1363
f 1904/18/1360 1906/18/1362 996/18/1364 990/18/1355
f 1907/19/1365 1908/17/1366 999/17/1367 997/19/1368
f 1908/17/1366 1907/19/1365 998/19/1369 1000/17/1370
f 1908/17/1366 1909/17/1371 1001/17/1372 999/17/1367
f 1909/17/1371 1908/17/1366 1000/17/1370 1002/17/1373
f 1909/17/1371 1907/19/1365 997/19/1368 1001/17/1372
f 1907/19/1365 1909/17/1371 1002/17/1373 998/19/1369
f 1910/17/1374 1911/19/1375 997/19/1368 999/17/1367
f 1911/19/1375 1910/17/1374 1000/17/1370 998/19/1369
f 1911/19/1375 1912/19/1376 1003/19/1377 997/19/1368
f 1912/19/1376 1911/19/1375 998/19/1369 1004/19/1378
f 1912/19/1376 1910/17/1374 999/17/1367 1003/19/1377
f 1910/17/1374 1912/19/1376 1004/19/1378 1000/17/1370
f 1913/16/1379 1914/18/1380 1007/18/1381 1005/16/1382
f 1914/18/1380 1913/16/1379 1006/16/1383 1008/18/1384
f 1914/18/1380 1915/18/1385 1009/18/1386 1007/18/1381
f 1915/18/1385 1914/18/1380 1008/18/1384 1010/18/1387
f 1915/18/1385 1913/16/1379 1005/16/1382 1009/18/1386
f 1913/16/1379 1915/18/1385 1010/18/1387 1006/16/1383
f 1916/18/1388 1917/16/1389 1005/16/1382 1007/18/1381
f 1917/16/1389 1916/18/1388 1008/18/1384 1006/16/1383
f 1917/16/1389 1918/16/1390 1011/16/1391 1005/16/1382
f 1918/16/1390 1917/16/1389 1006/16/1383 1012/16/1392
f 1918/16/1390 1916/18/1388 1007/18/1381 1011/16/1391
f 1916/18/1388 1918/16/1390 1012/16/1392 1008/18/1384
f 1919/18/1393 1920/16/1394 1013/16/1395 1009/18/1386
f 1920/16/1394 1919/18/1393 1010/18/1387 1014/16/1396
f 1920/16/1394 1921/16/1397 1005/16/1382 1013/16/1395
f 1921/16/1397 1920/16/1394 1014/16/1396 1006/16/1383
f 1921/16/1397 1919/18/1393 1009/18/1386 1005/16/1382
f 1919/18/1393 1921/16/1397 1006/16/1383 1010/18/1387
f 1922/16/1398 1923/18/1399 1015/18/1400 1011/16/1391
f 1923/18/1399 1922/16/1398 1012/16/1392 1016/18/1401
f 1923/18/1399 1924/18/1402 1007/18/1381 1015/18/1400
f 1924/18/1402 1923/18/1399 1016/18/1401 1008/18/1384
f 1924/18/1402 1922/16/1398 1011/16/1391 1007/18/1381
f 1922/16/1398 1924/18/1402 1008/18/1384 1012/16/1392
f 1925/16/1403 1926/18/1404 1015/18/1400 1017/16/1405
f 1926/18/1404 1925/16/1403 1018/16/1406 1016/18/1401
f 1926/18/1404 1927/16/1407 1011/16/1391 1015/18/1400
f 1927/16/1407 1926/18/1404 1016/18/1401 1012/16/1392
f 1927/16/1407 1925/16/1403 1017/16/1405 1011/16/1391
f 1925/16/1403 1927/16/1407 1012/16/1392 1018/16/1406
f 1928/16/1408 1929/18/1409 1019/18/1410 1017/16/1405
f 1929/18/1409 1928/16/1408 1018/16/1406 1020/18/1411
f 1929/18/1409 1930/18/1412 1015/18/1400 1019/18/1410
f 1930/18/1412 1929/18/1409 1020/18/1411 1016/18/1401
f 1930/18/1412 1928/16/1408 1017/16/1405 1015/18/1400
f 1928/16/1408 1930/18/1412 1016/18/1401 1018/16/1406
f 1931/16/1413 1932/18/1414 1009/18/1386 1013/16/1395
f 1932/18/1414 1931/16/1413 1014/16/1396 1010/18/1387
f 1932/18/1414 1933/18/1415 1021/18/1416 1009/18/1386
f 1933/18/1415 1932/18/1414 1010/18/1387 1022/18/1417
f 1933/18/1415 1931/16/1413 1013/16/1395 1021/18/1416
f 1931/16/1413 1933/18/1415 1022/18/1417 1014/16/1396
f 1934/18/1418 1935/16/1419 1023/16/1420 1021/18/1416
f 1935/16/1419 1934/18/1418 1022/18/1417 1024/16/1421
f 1935/16/1419 1936/16/1422 1013/16/1395 1023/16/1420
f 1936/16/1422 1935/16/1419 1024/16/1421 1014/16/1396
f 1936/16/1422 1934/18/1418 1021/18/1416 1013/16/1395
f 1934/18/1418 1936/16/1422 1014/16/1396 1022/18/1417
f 1937/18/1423 1938/18/1424 1025/18/1425 1021/18/1416
f 1938/18/1424 1937/18/1423 1022/18/1417 1026/18/1426
f 1938/18/1424 1939/16/1427 1023/16/1420 1025/18/1425
f 1939/16/1427 1938/18/1424 1026/18/1426 1024/16/1421
f 1939/16/1427 1937/18/1423 1021/18/1416 1023/16/1420
f 1937/18/1423 1939/16/1427 1024/16/1421 1022/18/1417
f 1940/18/1428 1941/16/1429 1027/16/1430 1025/18/1425
f 1941/16/1429 1940/18/1428 1026/18/1426 1028/16/1431
f 1941/16/1429 1942/16/1432 1023/16/1420 1027/16/1430
f 1942/16/1432 1941/16/1429 1028/16/1431 1024/16/1421
f 1942/16/1432 1940/18/1428 1025/18/1425 1023/16/1420
f 1940/18/1428 1942/16/1432 1024/16/1421 1026/18/1426
f 1943/29/1433 1944/29/1434 1031/29/1435 1029/29/1436
f 1944/29/1434 1943/29/1433 1030/29/1437 1032/29/1438
f 1944/29/1434 1945/39/1439 1033/39/1440 1031/29/1435
f 1945/39/1439 1944/29/1434 1032/29/1438 1034/39/1441
f 1945/39/1439 1943/29/1433 1029/29/1436 1033/39/1440
f 1943/29/1433 1945/39/1439 1034/39/1441 1030/29/1437
f 1946/39/1442 1947/29/1443 1031/29/1435 1035/39/1444
f 1947/29/1443 1946/39/1442 1036/39/1445 1032/29/1438
f 1947/29/1443 1948/29/1446 1029/29/1436 1031/29/1435
f 1948/29/1446 1947/29/1443 1032/29/1438 1030/29/1437
f 1948/29/1446 1946/39/1442 1035/39/1444 1029/29/1436
f 1946/39/1442 1948/29/1446 1030/29/1437 1036/39/1445
f 1949/28/1447 1950/28/1448 1039/28/1449 1037/28/1450
f 1950/28/1448 1949/28/1447 1038/28/1451 1040/28/1452
f 1950/28/1448 1951/40/1453 1041/40/1454 1039/28/1449
f 1951/40/1453 1950/28/1448 1040/28/1452 1042/40/1455
f 1951/40/1453 1949/28/1447 1037/28/1450 1041/40/1454
f 1949/28/1447 1951/40/1453 1042/40/1455 1038/28/1451
f 1952/28/1456 1953/28/1457 1037/28/1450 1039/28/1449
f 1953/28/1457 1952/28/1456 1040/28/1452 1038/28/1451
f 1953/28/1457 1954/40/1458 1043/40/1459 1037/28/1450
f 1954/40/1458 1953/28/1457 1038/28/1451 1044/40/1460
f 1954/40/1458 1952/28/1456 1039/28/1449 1043/40/1459
f 1952/28/1456 1954/40/1458 1044/40/1460 1040/28/1452
f 1955/34/1461 1956/41/1462 1047/41/1463 1045/34/1464
f 1956/41/1462 1955/34/1461 1046/34/1465 1048/41/1466
f 1956/41/1462 1957/39/1467 1049/39/1468 1047/41/1463
f 1957/39/1467 1956/41/1462 1048/41/1466 1050/39/1469
f 1957/39/1467 1955/34/1461 1045/34/1464 1049/39/1468
f 1955/34/1461 1957/39/1467 1050/39/1469 1046/34/1465
f 1958/39/1470 1959/29/1471 1051/29/1472 1049/39/1468
f 1959/29/1471 1958/39/1470 1050/39/1469 1052/29/1473
f 1959/29/1471 1960/34/1474 1045/34/1464 1051/29/1472
f 1960/34/1474 1959/29/1471 1052/29/1473 1046/34/1465
f 1960/34/1474 1958/39/1470 1049/39/1468 1045/34/1464
f 1958/39/1470 1960/34/1474 1046/34/1465 1050/39/1469
f 1961/40/1475 1962/31/1476 1055/31/1477 1053/40/1478
f 1962/31/1476 1961/40/1475 1054/40/1479 1056/31/1480
f 1962/31/1476 1963/28/1481 1057/28/1482 1055/31/1477
f 1963/28/1481 1962/31/1476 1056/31/1480 1058/28/1483
f 1963/28/1481 1961/40/1475 1053/40/1478 1057/28/1482
f 1961/40/1475 1963/28/1481 1058/28/1483 1054/40/1479
f 1964/31/1484 1965/40/1485 1053/40/1478 1055/31/1477
f 1965/40/1485 1964/31/1484 1056/31/1480 1054/40/1479
f 1965/40/1485 1966/42/1486 1059/42/1487 1053/40/1478
f 1966/42/1486 1965/40/1485 1054/40/1479 1060/42/1488
f 1966/42/1486 1964/31/1484 1055/31/1477 1059/42/1487
f 1964/31/1484 1966/42/1486 1060/42/1488 1056/31/1480
f 1967/41/1489 1968/29/1490 1063/29/1491 1061/41/1492
f 1968/29/1490 1967/41/1489 1062/41/1493 1064/29/1494
f 1968/29/1490 1969/34/1495 1065/34/1496 1063/29/1491
f 1969/34/1495 1968/29/1490 1064/29/1494 1066/34/1497
f 1969/34/1495 1967/41/1489 1061/41/1492 1065/34/1496
f 1967/41/1489 1969/34/1495 1066/34/1497 1062/41/1493
f 1970/29/1498 1971/41/1499 1061/41/1492 1063/29/1491
f 1971/41/1499 1970/29/1498 1064/29/1494 1062/41/1493
f 1971/41/1499 1972/39/1500 1067/39/1501 1061/41/1492
f 1972/39/1500 1971/41/1499 1062/41/1493 1068/39/1502
f 1972/39/1500 1970/29/1498 1063/29/1491 1067/39/1501
f 1970/29/1498 1972/39/1500 1068/39/1502 1064/29/1494
f 1973/42/1503 1974/28/1504 1071/28/1505 1069/42/1506
f 1974/28/1504 1973/42/1503 1070/42/1507 1072/28/1508
f 1974/28/1504 1975/40/1509 1073/40/1510 1071/28/1505
f 1975/40/1509 1974/28/1504 1072/28/1508 1074/40/1511
f 1975/40/1509 1973/42/1503 1069/42/1506 1073/40/1510
f 1973/42/1503 1975/40/1509 1074/40/1511 1070/42/1507
f 1976/28/1512 1977/42/1513 1069/42/1506 1071/28/1505
f 1977/42/1513 1976/28/1512 1072/28/1508 1070/42/1507
f 1977/42/1513 1978/31/1514 1075/31/1515 1069/42/1506
f 1978/31/1514 1977/42/1513 1070/42/1507 1076/31/1516
f 1978/31/1514 1976/28/1512 1071/28/1505 1075/31/1515
f 1976/28/1512 1978/31/1514 1076/31/1516 1072/28/1508
f 1979/39/1517 1980/34/1518 1079/34/1519 1077/39/1520
f 1980/34/1518 1979/39/1517 1078/39/1521 1080/34/1522
f 1980/34/1518 1981/41/1523 1081/41/1524 1079/34/1519
f 1981/41/1523 1980/34/1518 1080/34/1522 1082/41/1525
f 1981/41/1523 1979/39/1517 1077/39/1520 1081/41/1524
f 1979/39/1517 1981/41/1523 1082/41/1525 1078/39/1521
f 1982/34/1526 1983/39/1527 1077/39/1520 1079/34/1519
f 1983/39/1527 1982/34/1526 1080/34/1522 1078/39/1521
f 1983/39/1527 1984/29/1528 1083/29/1529 1077/39/1520
f 1984/29/1528 1983/39/1527 1078/39/1521 1084/29/1530
f 1984/29/1528 1982/34/1526 1079/34/1519 1083/29/1529
f 1982/34/1526 1984/29/1528 1084/29/1530 1080/34/1522
f 1985/40/1531 1986/31/1532 1087/31/1533 1085/40/1534
f 1986/31/1532 1985/40/1531 1086/40/1535 1088/31/1536
f 1986/31/1532 1987/28/1537 1089/28/1538 1087/31/1533
f 1987/28/1537 1986/31/1532 1088/31/1536 1090/28/1539
f 1987/28/1537 1985/40/1531 1085/40/1534 1089/28/1538
f 1985/40/1531 1987/28/1537 1090/28/1539 1086/40/1535
f 1988/31/1540 1989/40/1541 1085/40/1534 1087/31/1533
f 1989/40/1541 1988/31/1540 1088/31/1536 1086/40/1535
f 1989/40/1541 1990/42/1542 1091/42/1543 1085/40/1534
f 1990/42/1542 1989/40/1541 1086/40/1535 1092/42/1544
f 1990/42/1542 1988/31/1540 1087/31/1533 1091/42/1543
f 1988/31/1540 1990/42/1542 1092/42/1544 1088/31/1536
f 1991/29/1545 1992/29/1546 1095/29/1547 1093/29/1548
f 1992/29/1546 1991/29/1545 1094/29/1549 1096/29/1550
f 1992/29/1546 1993/39/1551 1097/39/1552 1095/29/1547
f 1993/39/1551 1992/29/1546 1096/29/1550 1098/39/1553
f 1993/39/1551 1991/29/1545 1093/29/1548 1097/39/1552
f 1991/29/1545 1993/39/1551 1098/39/1553 1094/29/1549
f 1994/39/1554 1995/29/1555 1095/29/1547 1099/39/1556
f 1995/29/1555 1994/39/1554 1100/39/1557 1096/29/1550
f 1995/29/1555 1996/29/1558 1093/29/1548 1095/29/1547
f 1996/29/1558 1995/29/1555 1096/29/1550 1094/29/1549
f 1996/29/1558 1994/39/1554 1099/39/1556 1093/29/1548
f 1994/39/1554 1996/29/1558 1094/29/1549 1100/39/1557
f 1997/31/1559 1998/40/1560 1103/40/1561 1101/31/1562
f 1998/40/1560 1997/31/1559 1102/31/1563 1104/40/1564
f 1998/40/1560 1999/28/1565 1105/28/1566 1103/40/1561
f 1999/28/1565 1998/40/1560 1104/40/1564 1106/28/1567
f 1999/28/1565 1997/31/1559 1101/31/1562 1105/28/1566
f 1997/31/1559 1999/28/1565 1106/28/1567 1102/31/1563
f 2000/42/1568 2001/40/1569 1103/40/1561 1107/42/1570
f 2001/40/1569 2000/42/1568 1108/42/1571 1104/40/1564
f 2001/40/1569 2002/31/1572 1101/31/1562 1103/40/1561
f 2002/31/1572 2001/40/1569 1104/40/1564 1102/31/1563
f 2002/31/1572 2000/42/1568 1107/42/1570 1101/31/1562
f 2000/42/1568 2002/31/1572 1102/31/1563 1108/42/1571
f 2003/39/1573 2004/34/1574 1111/34/1575 1109/39/1576
f 2004/34/1574 2003/39/1573 1110/39/1577 1112/34/1578
f 2004/34/1574 2005/29/1579 1113/29/1580 1111/34/1575
f 2005/29/1579 2004/34/1574 1112/34/1578 1114/29/1581
f 2005/29/1579 2003/39/1573 1109/39/1576 1113/29/1580
f 2003/39/1573 2005/29/1579 1114/29/1581 1110/39/1577
f 2006/34/1582 2007/39/1583 1109/39/1576 1111/34/1575
f 2007/39/1583 2006/34/1582 1112/34/1578 1110/39/1577
f 2007/39/1583 2008/41/1584 1115/41/1585 1109/39/1576
f 2008/41/1584 2007/39/1583 1110/39/1577 1116/41/1586
f 2008/41/1584 2006/34/1582 1111/34/1575 1115/41/1585
f 2006/34/1582 2008/41/1584 1116/41/1586 1112/34/1578
f 2009/28/1587 2010/28/1588 1119/28/1589 1117/28/1590
f 2010/28/1588 2009/28/1587 1118/28/1591 1120/28/1592
f 2010/28/1588 2011/40/1593 1121/40/1594 1119/28/1589
f 2011/40/1593 2010/28/1588 1120/28/1592 1122/40/1595
f 2011/40/1593 2009/28/1587 1117/28/1590 1121/40/1594
f 2009/28/1587 2011/40/1593 1122/40/1595 1118/28/1591
f 2012/28/1596 2013/28/1597 1117/28/1590 1119/28/1589
f 2013/28/1597 2012/28/1596 1120/28/1592 1118/28/1591
f 2013/28/1597 2014/40/1598 1123/40/1599 1117/28/1590
f 2014/40/1598 2013/28/1597 1118/28/1591 1124/40/1600
f 2014/40/1598 2012/28/1596 1119/28/1589 1123/40/1599
f 2012/28/1596 2014/40/1598 1124/40/1600 1120/28/1592
f 2015/31/1601 2016/40/1602 1127/40/1603 1125/31/1604
f 2016/40/1602 2015/31/1601 1126/31/1605 1128/40/1606
f 2016/40/1602 2017/28/1607 1129/28/1608 1127/40/1603
f 2017/28/1607 2016/40/1602 1128/40/1606 1130/28/1609
f 2017/28/1607 2015/31/1601 1125/31/1604 1129/28/1608
f 2015/31/1601 2017/28/1607 1130/28/1609 1126/31/1605
f 2018/42/1610 2019/40/1611 1127/40/1603 1131/42/1612
f 2019/40/1611 2018/42/1610 1132/42/1613 1128/40/1606
f 2019/40/1611 2020/31/1614 1125/31/1604 1127/40/1603
f 2020/31/1614 2019/40/1611 1128/40/1606 1126/31/1605
f 2020/31/1614 2018/42/1610 1131/42/1612 1125/31/1604
f 2018/42/1610 2020/31/1614 1126/31/1605 1132/42/1613
f 2021/39/1615 2022/34/1616 1135/34/1617 1133/39/1618
f 2022/34/1616 2021/39/1615 1134/39/1619 1136/34/1620
f 2022/34/1616 2023/29/1621 1137/29/1622 1135/34/1617
f 2023/29/1621 2022/34/1616 1136/34/1620 1138/29/1623
f 2023/29/1621 2021/39/1615 1133/39/1618 1137/29/1622
f 2021/39/1615 2023/29/1621 1138/29/1623 1134/39/1619
f 2024/34/1624 2025/39/1625 1133/39/1618 1135/34/1617
f 2025/39/1625 2024/34/1624 1136/34/1620 1134/39/1619
f 2025/39/1625 2026/41/1626 1139/41/1627 1133/39/1618
f 2026/41/1626 2025/39/1625 1134/39/1619 1140/41/1628
f 2026/41/1626 2024/34/1624 1135/34/1617 1139/41/1627
f 2024/34/1624 2026/41/1626 1140/41/1628 1136/34/1620
f 2027/41/1629 2028/29/1630 1143/29/1631 1141/41/1632
f 2028/29/1630 2027/41/1629 1142/41/1633 1144/29/1634
f 2028/29/1630 2029/34/1635 1145/34/1636 1143/29/1631
f 2029/34/1635 2028/29/1630 1144/29/1634 1146/34/1637
f 2029/34/1635 2027/41/1629 1141/41/1632 1145/34/1636
f 2027/41/1629 2029/34/1635 1146/34/1637 1142/41/1633
f 2030/29/1638 2031/41/1639 1141/41/1632 1143/29/1631
f 2031/41/1639 2030/29/1638 1144/29/1634 1142/41/1633
f 2031/41/1639 2032/39/1640 1147/39/1641 1141/41/1632
f 2032/39/1640 2031/41/1639 1142/41/1633 1148/39/1642
f 2032/39/1640 2030/29/1638 1143/29/1631 1147/39/1641
f 2030/29/1638 2032/39/1640 1148/39/1642 1144/29/1634
f 2033/42/1643 2034/28/1644 1151/28/1645 1149/42/1646
f 2034/28/1644 2033/42/1643 1150/42/1647 1152/28/1648
f 2034/28/1644 2035/40/1649 1153/40/1650 1151/28/1645
f 2035/40/1649 2034/28/1644 1152/28/1648 1154/40/1651
f 2035/40/1649 2033/42/1643 1149/42/1646 1153/40/1650
f 2033/42/1643 2035/40/1649 1154/40/1651 1150/42/1647
f 2036/28/1652 2037/42/1653 1149/42/1646 1151/28/1645
f 2037/42/1653 2036/28/1652 1152/28/1648 1150/42/1647
f 2037/42/1653 2038/31/1654 1155/31/1655 1149/42/1646
f 2038/31/1654 2037/42/1653 1150/42/1647 1156/31/1656
f 2038/31/1654 2036/28/1652 1151/28/1645 1155/31/1655
f 2036/28/1652 2038/31/1654 1156/31/1656 1152/28/1648
f 2039/41/1657 2040/39/1658 1159/39/1659 1157/41/1660
f 2040/39/1658 2039/41/1657 1158/41/1661 1160/39/1662
f 2040/39/1658 2041/34/1663 1161/34/1664 1159/39/1659
f 2041/34/1663 2040/39/1658 1160/39/1662 1162/34/1665
f 2041/34/1663 2039/41/1657 1157/41/1660 1161/34/1664
f 2039/41/1657 2041/34/1663 1162/34/1665 1158/41/1661
f 2042/39/1666 2043/29/1667 1163/29/1668 1159/39/1659
f 2043/29/1667 2042/39/1666 1160/39/1662 1164/29/1669
f 2043/29/1667 2044/34/1670 1161/34/1664 1163/29/1668
f 2044/34/1670 2043/29/1667 1164/29/1669 1162/34/1665
f 2044/34/1670 2042/39/1666 1159/39/1659 1161/34/1664
f 2042/39/1666 2044/34/1670 1162/34/1665 1160/39/1662
f 2045/40/1671 2046/31/1672 1167/31/1673 1165/40/1674
f 2046/31/1672 2045/40/1671 1166/40/1675 1168/31/1676
f 2046/31/1672 2047/28/1677 1169/28/1678 1167/31/1673
f 2047/28/1677 2046/31/1672 1168/31/1676 1170/28/1679
f 2047/28/1677 2045/40/1671 1165/40/1674 1169/28/1678
f 2045/40/1671 2047/28/1677 1170/28/1679 1166/40/1675
f 2048/31/1680 2049/40/1681 1165/40/1674 1167/31/1673
f 2049/40/1681 2048/31/1680 1168/31/1676 1166/40/1675
f 2049/40/1681 2050/42/1682 1171/42/1683 1165/40/1674
f 2050/42/1682 2049/40/1681 1166/40/1675 1172/42/1684
f 2050/42/1682 2048/31/1680 1167/31/1673 1171/42/1683
f 2048/31/1680 2050/42/1682 1172/42/1684 1168/31/1676
f 2051/39/1685 2052/34/1686 1175/34/1687 1173/39/1688
f 2052/34/1686 2051/39/1685 1174/39/1689 1176/34/1690
f 2052/34/1686 2053/41/1691 1177/41/1692 1175/34/1687
f 2053/41/1691 2052/34/1686 1176/34/1690 1178/41/1693
f 2053/41/1691 2051/39/1685 1173/39/1688 1177/41/1692
f 2051/39/1685 2053/41/1691 1178/41/1693 1174/39/1689
f 2054/34/1694 2055/39/1695 1173/39/1688 1175/34/1687
f 2055/39/1695 2054/34/1694 1176/34/1690 1174/39/1689
f 2055/39/1695 2056/29/1696 1179/29/1697 1173/39/1688
f 2056/29/1696 2055/39/1695 1174/39/1689 1180/29/1698
f 2056/29/1696 2054/34/1694 1175/34/1687 1179/29/1697
f 2054/34/1694 2056/29/1696 1180/29/1698 1176/34/1690
f 2057/40/1699 2058/31/1700 1183/31/1701 1181/40/1702
f 2058/31/1700 2057/40/1699 1182/40/1703 1184/31/1704
f 2058/31/1700 2059/28/1705 1185/28/1706 1183/31/1701
f 2059/28/1705 2058/31/1700 1184/31/1704 1186/28/1707
f 2059/28/1705 2057/40/1699 1181/40/1702 1185/28/1706
f 2057/40/1699 2059/28/1705 1186/28/1707 1182/40/1703
f 2060/31/1708 2061/40/1709 1181/40/1702 1183/31/1701
f 2061/40/1709 2060/31/1708 1184/31/1704 1182/40/1703
f 2061/40/1709 2062/42/1710 1187/42/1711 1181/40/1702
f 2062/42/1710 2061/40/1709 1182/40/1703 1188/42/1712
f 2062/42/1710 2060/31/1708 1183/31/1701 1187/42/1711
f 2060/31/1708 2062/42/1710 1188/42/1712 1184/31/1704
f 2063/41/1713 2064/29/1714 1191/29/1715 1189/41/1716
f 2064/29/1714 2063/41/1713 1190/41/1717 1192/29/1718
f 2064/29/1714 2065/34/1719 1193/34/1720 1191/29/1715
f 2065/34/1719 2064/29/1714 1192/29/1718 1194/34/1721
f 2065/34/1719 2063/41/1713 1189/41/1716 1193/34/1720
f 2063/41/1713 2065/34/1719 1194/34/1721 1190/41/1717
f 2066/29/1722 2067/41/1723 1189/41/1716 1191/29/1715
f 2067/41/1723 2066/29/1722 1192/29/1718 1190/41/1717
f 2067/41/1723 2068/39/1724 1195/39/1725 1189/41/1716
f 2068/39/1724 2067/41/1723 1190/41/1717 1196/39/1726
f 2068/39/1724 2066/29/1722 1191/29/1715 1195/39/1725
f 2066/29/1722 2068/39/1724 1196/39/1726 1192/29/1718
f 2069/28/1727 2070/40/1728 1199/40/1729 1197/28/1730
f 2070/40/1728 2069/28/1727 1198/28/1731 1200/40/1732
f 2070/40/1728 2071/42/1733 1201/42/1734 1199/40/1729
f 2071/42/1733 2070/40/1728 1200/40/1732 1202/42/1735
f 2071/42/1733 2069/28/1727 1197/28/1730 1201/42/1734
f 2069/28/1727 2071/42/1733 1202/42/1735 1198/28/1731
f 2072/42/1736 2073/31/1737 1203/31/1738 1201/42/1734
f 2073/31/1737 2072/42/1736 1202/42/1735 1204/31/1739
f 2073/31/1737 2074/28/1740 1197/28/1730 1203/31/1738
f 2074/28/1740 2073/31/1737 1204/31/1739 1198/28/1731
f 2074/28/1740 2072/42/1736 1201/42/1734 1197/28/1730
f 2072/42/1736 2074/28/1740 1198/28/1731 1202/42/1735
f 2075/28/1741 2076/31/1742 1207/31/1743 1205/28/1744
f 2076/31/1742 2075/28/1741 1206/28/1745 1208/31/1746
f 2076/31/1742 2077/40/1747 1209/40/1748 1207/31/1743
f 2077/40/1747 2076/31/1742 1208/31/1746 1210/40/1749
f 2077/40/1747 2075/28/1741 1205/28/1744 1209/40/1748
f 2075/28/1741 2077/40/1747 1210/40/1749 1206/28/1745
f 2078/40/1750 2079/31/1751 1207/31/1743 1209/40/1748
f 2079/31/1751 2078/40/1750 1210/40/1749 1208/31/1746
f 2079/31/1751 2080/42/1752 1211/42/1753 1207/31/1743
f 2080/42/1752 2079/31/1751 1208/31/1746 1212/42/1754
f 2080/42/1752 2078/40/1750 1209/40/1748 1211/42/1753
f 2078/40/1750 2080/42/1752 1212/42/1754 1210/40/1749
f 2081/34/1755 2082/39/1756 1215/39/1757 1213/34/1758
f 2082/39/1756 2081/34/1755 1214/34/1759 1216/39/1760
f 2082/39/1756 2083/41/1761 1217/41/1762 1215/39/1757
f 2083/41/1761 2082/39/1756 1216/39/1760 1218/41/1763
f 2083/41/1761 2081/34/1755 1213/34/1758 1217/41/1762
f 2081/34/1755 2083/41/1761 1218/41/1763 1214/34/1759
f 2084/39/1764 2085/34/1765 1213/34/1758 1215/39/1757
f 2085/34/1765 2084/39/1764 1216/39/1760 1214/34/1759
f 2085/34/1765 2086/29/1766 1219/29/1767 1213/34/1758
f 2086/29/1766 2085/34/1765 1214/34/1759 1220/29/1768
f 2086/29/1766 2084/39/1764 1215/39/1757 1219/29/1767
f 2084/39/1764 2086/29/1766 1220/29/1768 1216/39/1760
f 2087/42/1769 2088/42/1770 1223/42/1771 1221/42/1772
f 2088/42/1770 2087/42/1769 1222/42/1773 1224/42/1774
f 2088/42/1770 2089/31/1775 1225/31/1776 1223/42/1771
f 2089/31/1775 2088/42/1770 1224/42/1774 1226/31/1777
f 2089/31/1775 2087/42/1769 1221/42/1772 1225/31/1776
f 2087/42/1769 2089/31/1775 1226/31/1777 1222/42/1773
f 2090/42/1778 2091/42/1779 1221/42/1772 1223/42/1771
f 2091/42/1779 2090/42/1778 1224/42/1774 1222/42/1773
f 2091/42/1779 2092/31/1780 1227/31/1781 1221/42/1772
f 2092/31/1780 2091/42/1779 1222/42/1773 1228/31/1782
f 2092/31/1780 2090/42/1778 1223/42/1771 1227/31/1781
f 2090/42/1778 2092/31/1780 1228/31/1782 1224/42/1774
f 2093/41/1783 2094/34/1784 1231/34/1785 1229/41/1786
f 2094/34/1784 2093/41/1783 1230/41/1787 1232/34/1788
f 2094/34/1784 2095/41/1789 1233/41/1790 1231/34/1785
f 2095/41/1789 2094/34/1784 1232/34/1788 1234/41/1791
f 2095/41/1789 2093/41/1783 1229/41/1786 1233/41/1790
f 2093/41/1783 2095/41/1789 1234/41/1791 1230/41/1787
f 2096/41/1792 2097/41/1793 1233/41/1790 1229/41/1786
f 2097/41/1793 2096/41/1792 1230/41/1787 1234/41/1791
f 2097/41/1793 2098/34/1794 1235/34/1795 1233/41/1790
f 2098/34/1794 2097/41/1793 1234/41/1791 1236/34/1796
f 2098/34/1794 2096/41/1792 1229/41/1786 1235/34/1795
f 2096/41/1792 2098/34/1794 1236/34/1796 1230/41/1787
f 2099/31/1797 2100/32/1798 1239/32/1799 1237/31/1800
f 2100/32/1798 2099/31/1797 1238/31/1801 1240/32/1802
f 2100/32/1798 2101/28/1803 1241/28/1804 1239/32/1799
f 2101/28/1803 2100/32/1798 1240/32/1802 1242/28/1805
f 2101/28/1803 2099/31/1797 1237/31/1800 1241/28/1804
f 2099/31/1797 2101/28/1803 1242/28/1805 1238/31/1801
f 2102/32/1806 2103/27/1807 1243/27/1808 1239/32/1799
f 2103/27/1807 2102/32/1806 1240/32/1802 1244/27/1809
f 2103/27/1807 2104/28/1810 1241/28/1804 1243/27/1808
f 2104/28/1810 2103/27/1807 1244/27/1809 1242/28/1805
f 2104/28/1810 2102/32/1806 1239/32/1799 1241/28/1804
f 2102/32/1806 2104/28/1810 1242/28/1805 1240/32/1802
f 2105/33/1811 2106/29/1812 1247/29/1813 1245/33/1814
f 2106/29/1812 2105/33/1811 1246/33/1815 1248/29/1816
f 2106/29/1812 2107/30/1817 1249/30/1818 1247/29/1813
f 2107/30/1817 2106/29/1812 1248/29/1816 1250/30/1819
f 2107/30/1817 2105/33/1811 1245/33/1814 1249/30/1818
f 2105/33/1811 2107/30/1817 1250/30/1819 1246/33/1815
f 2108/29/1820 2109/33/1821 1245/33/1814 1247/29/1813
f 2109/33/1821 2108/29/1820 1248/29/1816 1246/33/1815
f 2109/33/1821 2110/34/1822 1251/34/1823 1245/33/1814
f 2110/34/1822 2109/33/1821 1246/33/1815 1252/34/1824
f 2110/34/1822 2108/29/1820 1247/29/1813 1251/34/1823
f 2108/29/1820 2110/34/1822 1252/34/1824 1248/29/1816
f 2111/31/1825 2112/27/1826 1255/27/1827 1253/31/1828
f 2112/27/1826 2111/31/1825 1254/31/1829 1256/27/1830
f 2112/27/1826 2113/28/1831 1257/28/1832 1255/27/1827
f 2113/28/1831 2112/27/1826 1256/27/1830 1258/28/1833
f 2113/28/1831 2111/31/1825 1253/31/1828 1257/28/1832
f 2111/31/1825 2113/28/1831 1258/28/1833 1254/31/1829
f 2114/27/1834 2115/31/1835 1253/31/1828 1255/27/1827
f 2115/31/1835 2114/27/1834 1256/27/1830 1254/31/1829
f 2115/31/1835 2116/32/1836 1259/32/1837 1253/31/1828
f 2116/32/1836 2115/31/1835 1254/31/1829 1260/32/1838
f 2116/32/1836 2114/27/1834 1255/27/1827 1259/32/1837
f 2114/27/1834 2116/32/1836 1260/32/1838 1256/27/1830
f 2117/33/1839 2118/34/1840 1263/34/1841 1261/33/1842
f 2118/34/1840 2117/33/1839 1262/33/1843 1264/34/1844
f 2118/34/1840 2119/30/1845 1265/30/1846 1263/34/1841
f 2119/30/1845 2118/34/1840 1264/34/1844 1266/30/1847
f 2119/30/1845 2117/33/1839 1261/33/1842 1265/30/1846
f 2117/33/1839 2119/30/1845 1266/30/1847 1262/33/1843
f 2120/30/1848 2121/34/1849 1263/34/1841 1265/30/1846
f 2121/34/1849 2120/30/1848 1266/30/1847 1264/34/1844
f 2121/34/1849 2122/29/1850 1267/29/1851 1263/34/1841
f 2122/29/1850 2121/34/1849 1264/34/1844 1268/29/1852
f 2122/29/1850 2120/30/1848 1265/30/1846 1267/29/1851
f 2120/30/1848 2122/29/1850 1268/29/1852 1266/30/1847
f 2123/16/1853 2124/26/1854 1271/26/1855 1269/16/1856
f 2124/26/1854 2123/16/1853 1270/16/1857 1272/26/1858
f 2124/26/1854 2125/25/1859 1273/25/1860 1271/26/1855
f 2125/25/1859 2124/26/1854 1272/26/1858 1274/25/1861
f 2125/25/1859 2123/16/1853 1269/16/1856 1273/25/1860
f 2123/16/1853 2125/25/1859 1274/25/1861 1270/16/1857
f 2126/16/1862 2127/25/1863 1273/25/1860 1269/16/1856
f 2127/25/1863 2126/16/1862 1270/16/1857 1274/25/1861
f 2127/25/1863 2128/19/1864 1275/19/1865 1273/25/1860
f 2128/19/1864 2127/25/1863 1274/25/1861 1276/19/1866
f 2128/19/1864 2126/16/1862 1269/16/1856 1275/19/1865
f 2126/16/1862 2128/19/1864 1276/19/1866 1270/16/1857
f 2129/31/1867 2130/27/1868 1279/27/1869 1277/31/1870
f 2130/27/1868 2129/31/1867 1278/31/1871 1280/27/1872
f 2130/27/1868 2131/28/1873 1281/28/1874 1279/27/1869
f 2131/28/1873 2130/27/1868 1280/27/1872 1282/28/1875
f 2131/28/1873 2129/31/1867 1277/31/1870 1281/28/1874
f 2129/31/1867 2131/28/1873 1282/28/1875 1278/31/1871
f 2132/27/1876 2133/31/1877 1277/31/1870 1279/27/1869
f 2133/31/1877 2132/27/1876 1280/27/1872 1278/31/1871
f 2133/31/1877 2134/32/1878 1283/32/1879 1277/31/1870
f 2134/32/1878 2133/31/1877 1278/31/1871 1284/32/1880
f 2134/32/1878 2132/27/1876 1279/27/1869 1283/32/1879
f 2132/27/1876 2134/32/1878 1284/32/1880 1280/27/1872
f 2135/30/1881 2136/33/1882 1287/33/1883 1285/30/1884
f 2136/33/1882 2135/30/1881 1286/30/1885 1288/33/1886
f 2136/33/1882 2137/34/1887 1289/34/1888 1287/33/1883
f 2137/34/1887 2136/33/1882 1288/33/1886 1290/34/1889
f 2137/34/1887 2135/30/1881 1285/30/1884 1289/34/1888
f 2135/30/1881 2137/34/1887 1290/34/1889 1286/30/1885
f 2138/30/1890 2139/34/1891 1289/34/1888 1285/30/1884
f 2139/34/1891 2138/30/1890 1286/30/1885 1290/34/1889
f 2139/34/1891 2140/29/1892 1291/29/1893 1289/34/1888
f 2140/29/1892 2139/34/1891 1290/34/1889 1292/29/1894
f 2140/29/1892 2138/30/1890 1285/30/1884 1291/29/1893
f 2138/30/1890 2140/29/1892 1292/29/1894 1286/30/1885
f 2141/25/1895 2142/19/1896 1295/19/1897 1293/25/1898
f 2142/19/1896 2141/25/1895 1294/25/1899 1296/19/1900
f 2142/19/1896 2143/21/1901 1297/21/1902 1295/19/1897
f 2143/21/1901 2142/19/1896 1296/19/1900 1298/21/1903
f 2143/21/1901 2141/25/1895 1293/25/1898 1297/21/1902
f 2141/25/1895 2143/21/1901 1298/21/1903 1294/25/1899
f 2144/21/1904 2145/23/1905 1299/23/1906 1297/21/1902
f 2145/23/1905 2144/21/1904 1298/21/1903 1300/23/1907
f 2145/23/1905 2146/25/1908 1293/25/1898 1299/23/1906
f 2146/25/1908 2145/23/1905 1300/23/1907 1294/25/1899
f 2146/25/1908 2144/21/1904 1297/21/1902 1293/25/1898
f 2144/21/1904 2146/25/1908 1294/25/1899 1298/21/1903
f 2147/22/1909 2148/26/1910 1303/26/1911 1301/22/1912
f 2148/26/1910 2147/22/1909 1302/22/1913 1304/26/1914
f 2148/26/1910 2149/24/1915 1305/24/1916 1303/26/1911
f 2149/24/1915 2148/26/1910 1304/26/1914 1306/24/1917
f 2149/24/1915 2147/22/1909 1301/22/1912 1305/24/1916
f 2147/22/1909 2149/24/1915 1306/24/1917 1302/22/1913
f 2150/26/1918 2151/22/1919 1301/22/1912 1303/26/1911
f 2151/22/1919 2150/26/1918 1304/26/1914 1302/22/1913
f 2151/22/1919 2152/16/1920 1307/16/1921 1301/22/1912
f 2152/16/1920 2151/22/1919 1302/22/1913 1308/16/1922
f 2152/16/1920 2150/26/1918 1303/26/1911 1307/16/1921
f 2150/26/1918 2152/16/1920 1308/16/1922 1304/26/1914
f 2153/36/1923 2154/37/1924 1311/37/1925 1309/36/1926
f 2154/37/1924 2153/36/1923 1310/36/1927 1312/37/1928
f 2154/37/1924 2155/35/1929 1313/35/1930 1311/37/1925
f 2155/35/1929 2154/37/1924 1312/37/1928 1314/35/1931
f 2155/35/1929 2153/36/1923 1309/36/1926 1313/35/1930
f 2153/36/1923 2155/35/1929 1314/35/1931 1310/36/1927
f 2156/37/1932 2157/36/1933 1309/36/1926 1311/37/1925
f 2157/36/1933 2156/37/1932 1312/37/1928 1310/36/1927
f 2157/36/1933 2158/38/1934 1315/38/1935 1309/36/1926
f 2158/38/1934 2157/36/1933 1310/36/1927 1316/38/1936
f 2158/38/1934 2156/37/1932 1311/37/1925 1315/38/1935
f 2156/37/1932 2158/38/1934 1316/38/1936 1312/37/1928
f 2159/35/1937 2160/36/1938 1319/36/1939 1317/35/1940
f 2160/36/1938 2159/35/1937 1318/35/1941 1320/36/1942
f 2160/36/1938 2161/37/1943 1321/37/1944 1319/36/1939
f 2161/37/1943 2160/36/1938 1320/36/1942 1322/37/1945
f 2161/37/1943 2159/35/1937 1317/35/1940 1321/37/1944
f 2159/35/1937 2161/37/1943 1322/37/1945 1318/35/1941
f 2162/37/1946 2163/36/1947 1319/36/1939 1321/37/1944
f 2163/36/1947 2162/37/1946 1322/37/1945 1320/36/1942
f 2163/36/1947 2164/38/1948 1323/38/1949 1319/36/1939
f 2164/38/1948 2163/36/1947 1320/36/1942 1324/38/1950
f 2164/38/1948 2162/37/1946 1321/37/1944 1323/38/1949
f 2162/37/1946 2164/38/1948 1324/38/1950 1322/37/1945
f 2165/35/1951 2166/36/1952 1327/36/1953 1325/35/1954
f 2166/36/1952 2165/35/1951 1326/35/1955 1328/36/1956
f 2166/36/1952 2167/37/1957 1329/37/1958 1327/36/1953
f 2167/37/1957 2166/36/1952 1328/36/1956 1330/37/1959
f 2167/37/1957 2165/35/1951 1325/35/1954 1329/37/1958
f 2165/35/1951 2167/37/1957 1330/37/1959 1326/35/1955
f 2168/37/1960 2169/36/1961 1327/36/1953 1329/37/1958
f 2169/36/1961 2168/37/1960 1330/37/1959 1328/36/1956
f 2169/36/1961 2170/38/1962 1331/38/1963 1327/36/1953
f 2170/38/1962 2169/36/1961 1328/36/1956 1332/38/1964
f 2170/38/1962 2168/37/1960 1329/37/1958 1331/38/1963
f 2168/37/1960 2170/38/1962 1332/38/1964 1330/37/1959
f 2171/22/1965 2172/23/1966 1335/23/1967 1333/22/1968
f 2172/23/1966 2171/22/1965 1334/22/1969 1336/23/1970
f 2172/23/1966 2173/21/1971 1337/21/1972 1335/23/1967
f 2173/21/1971 2172/23/1966 1336/23/1970 1338/21/1973
f 2173/21/1971 2171/22/1965 1333/22/1968 1337/21/1972
f 2171/22/1965 2173/21/1971 1338/21/1973 1334/22/1969
f 2174/23/1974 2175/22/1975 1333/22/1968 1335/23/1967
f 2175/22/1975 2174/23/1974 1336/23/1970 1334/22/1969
f 2175/22/1975 2176/24/1976 1339/24/1977 1333/22/1968
f 2176/24/1976 2175/22/1975 1334/22/1969 1340/24/1978
f 2176/24/1976 2174/23/1974 1335/23/1967 1339/24/1977
f 2174/23/1974 2176/24/1976 1340/24/1978 1336/23/1970
f 2177/27/1979 2178/32/1980 1343/32/1981 1341/27/1982
f 2178/32/1980 2177/27/1979 1342/27/1983 1344/32/1984
f 2178/32/1980 2179/28/1985 1345/28/1986 1343/32/1981
f 2179/28/1985 2178/32/1980 1344/32/1984 1346/28/1987
f 2179/28/1985 2177/27/1979 1341/27/1982 1345/28/1986
f 2177/27/1979 2179/28/1985 1346/28/1987 1342/27/1983
f 2180/28/1988 2181/32/1989 1343/32/1981 1345/28/1986
f 2181/32/1989 2180/28/1988 1346/28/1987 1344/32/1984
f 2181/32/1989 2182/31/1990 1347/31/1991 1343/32/1981
f 2182/31/1990 2181/32/1989 1344/32/1984 1348/31/1992
f 2182/31/1990 2180/28/1988 1345/28/1986 1347/31/1991
f 2180/28/1988 2182/31/1990 1348/31/1992 1346/28/1987
f 2183/29/1993 2184/33/1994 1351/33/1995 1349/29/1996
f 2184/33/1994 2183/29/1993 1350/29/1997 1352/33/1998
f 2184/33/1994 2185/30/1999 1353/30/2000 1351/33/1995
f 2185/30/1999 2184/33/1994 1352/33/1998 1354/30/2001
f 2185/30/1999 2183/29/1993 1349/29/1996 1353/30/2000
f 2183/29/1993 2185/30/1999 1354/30/2001 1350/29/1997
f 2186/33/2002 2187/29/2003 1349/29/1996 1351/33/1995
f 2187/29/2003 2186/33/2002 1352/33/1998 1350/29/1997
f 2187/29/2003 2188/34/2004 1355/34/2005 1349/29/1996
f 2188/34/2004 2187/29/2003 1350/29/1997 1356/34/2006
f 2188/34/2004 2186/33/2002 1351/33/1995 1355/34/2005
f 2186/33/2002 2188/34/2004 1356/34/2006 1352/33/1998
f 2189/23/2007 2190/31/2008 1359/31/2009 1357/23/2010
f 2190/31/2008 2189/23/2007 1358/23/2011 1360/31/2012
f 2190/31/2008 2191/25/2013 1361/25/2014 1359/31/2009
f 2191/25/2013 2190/31/2008 1360/31/2012 1362/25/2015
f 2191/25/2013 2189/23/2007 1357/23/2010 1361/25/2014
f 2189/23/2007 2191/25/2013 1362/25/2015 1358/23/2011
f 2192/31/2016 2193/23/2017 1357/23/2010 1359/31/2009
f 2193/23/2017 2192/31/2016 1360/31/2012 1358/23/2011
f 2193/23/2017 2194/32/2018 1363/32/2019 1357/23/2010
f 2194/32/2018 2193/23/2017 1358/23/2011 1364/32/2020
f 2194/32/2018 2192/31/2016 1359/31/2009 1363/32/2019
f 2192/31/2016 2194/32/2018 1364/32/2020 1360/31/2012
f 2195/24/2021 2196/34/2022 1367/34/2023 1365/24/2024
f 2196/34/2022 2195/24/2021 1366/24/2025 1368/34/2026
f 2196/34/2022 2197/33/2027 1369/33/2028 1367/34/2023
f 2197/33/2027 2196/34/2022 1368/34/2026 1370/33/2029
f 2197/33/2027 2195/24/2021 1365/24/2024 1369/33/2028
f 2195/24/2021 2197/33/2027 1370/33/2029 1366/24/2025
f 2198/34/2030 2199/24/2031 1365/24/2024 1367/34/2023
f 2199/24/2031 2198/34/2030 1368/34/2026 1366/24/2025
f 2199/24/2031 2200/26/2032 1371/26/2033 1365/24/2024
f 2200/26/2032 2199/24/2031 1366/24/2025 1372/26/2034
f 2200/26/2032 2198/34/2030 1367/34/2023 1371/26/2033
f 2198/34/2030 2200/26/2032 1372/26/2034 1368/34/2026
f 2201/32/2035 2202/31/2036 1375/31/2037 1373/32/2038
f 2202/31/2036 2201/32/2035 1374/32/2039 1376/31/2040
f 2202/31/2036 2203/28/2041 1377/28/2042 1375/31/2037
f 2203/28/2041 2202/31/2036 1376/31/2040 1378/28/2043
f 2203/28/2041 2201/32/2035 1373/32/2038 1377/28/2042
f 2201/32/2035 2203/28/2041 1378/28/2043 1374/32/2039
f 2204/34/2044 2205/33/2045 1381/33/2046 1379/34/2047
f 2205/33/2045 2204/34/2044 1380/34/2048 1382/33/2049
f 2205/33/2045 2206/29/2050 1383/29/2051 1381/33/2046
f 2206/29/2050 2205/33/2045 1382/33/2049 1384/29/2052
f 2206/29/2050 2204/34/2044 1379/34/2047 1383/29/2051
f 2204/34/2044 2206/29/2050 1384/29/2052 1380/34/2048
f 2207/28/2053 2208/31/2054 1387/31/2055 1385/28/2056
f 2208/31/2054 2207/28/2053 1386/28/2057 1388/31/2058
f 2208/31/2054 2209/32/2059 1389/32/2060 1387/31/2055
f 2209/32/2059 2208/31/2054 1388/31/2058 1390/32/2061
f 2209/32/2059 2207/28/2053 1385/28/2056 1389/32/2060
f 2207/28/2053 2209/32/2059 1390/32/2061 1386/28/2057
f 2210/32/2062 2211/27/2063 1391/27/2064 1389/32/2060
f 2211/27/2063 2210/32/2062 1390/32/2061 1392/27/2065
f 2211/27/2063 2212/28/2066 1385/28/2056 1391/27/2064
f 2212/28/2066 2211/27/2063 1392/27/2065 1386/28/2057
f 2212/28/2066 2210/32/2062 1389/32/2060 1385/28/2056
f 2210/32/2062 2212/28/2066 1386/28/2057 1390/32/2061
f 2213/33/2067 2214/29/2068 1395/29/2069 1393/33/2070
f 2214/29/2068 2213/33/2067 1394/33/2071 1396/29/2072
f 2214/29/2068 2215/30/2073 1397/30/2074 1395/29/2069
f 2215/30/2073 2214/29/2068 1396/29/2072 1398/30/2075
f 2215/30/2073 2213/33/2067 1393/33/2070 1397/30/2074
f 2213/33/2067 2215/30/2073 1398/30/2075 1394/33/2071
f 2216/29/2076 2217/33/2077 1393/33/2070 1395/29/2069
f 2217/33/2077 2216/29/2076 1396/29/2072 1394/33/2071
f 2217/33/2077 2218/34/2078 1399/34/2079 1393/33/2070
f 2218/34/2078 2217/33/2077 1394/33/2071 1400/34/2080
f 2218/34/2078 2216/29/2076 1395/29/2069 1399/34/2079
f 2216/29/2076 2218/34/2078 1400/34/2080 1396/29/2072
f 2219/30/2081 2220/29/2082 1403/29/2083 1401/30/2084
f 2220/29/2082 2219/30/2081 1402/30/2085 1404/29/2086
f 2220/29/2082 2221/16/2087 1405/16/2088 1403/29/2083
f 2221/16/2087 2220/29/2082 1404/29/2086 1406/16/2089
f 2221/16/2087 2219/30/2081 1401/30/2084 1405/16/2088
f 2219/30/2081 2221/16/2087 1406/16/2089 1402/30/2085
f 2222/28/2090 2223/27/2091 1409/27/2092 1407/28/2093
f 2223/27/2091 2222/28/2090 1408/28/2094 1410/27/2095
f 2223/27/2091 2224/19/2096 1411/19/2097 1409/27/2092
f 2224/19/2096 2223/27/2091 1410/27/2095 1412/19/2098
f 2224/19/2096 2222/28/2090 1407/28/2093 1411/19/2097
f 2222/28/2090 2224/19/2096 1412/19/2098 1408/28/2094
f 2225/35/2099 2226/38/2100 1415/38/2101 1413/35/2102
f 2226/38/2100 2225/35/2099 1414/35/2103 1416/38/2104
f 2226/38/2100 2227/36/2105 1417/36/2106 1415/38/2101
f 2227/36/2105 2226/38/2100 1416/38/2104 1418/36/2107
f 2227/36/2105 2225/35/2099 1413/35/2102 1417/36/2106
f 2225/35/2099 2227/36/2105 1418/36/2107 1414/35/2103
f 2228/38/2108 2229/35/2109 1413/35/2102 1415/38/2101
f 2229/35/2109 2228/38/2108 1416/38/2104 1414/35/2103
f 2229/35/2109 2230/37/2110 1419/37/2111 1413/35/2102
f 2230/37/2110 2229/35/2109 1414/35/2103 1420/37/2112
f 2230/37/2110 2228/38/2108 1415/38/2101 1419/37/2111
f 2228/38/2108 2230/37/2110 1420/37/2112 1416/38/2104
f 2231/19/2113 2232/23/2114 1423/23/2115 1421/19/2116
f 2232/23/2114 2231/19/2113 1422/19/2117 1424/23/2118
f 2232/23/2114 2233/25/2119 1425/25/2120 1423/23/2115
f 2233/25/2119 2232/23/2114 1424/23/2118 1426/25/2121
f 2233/25/2119 2231/19/2113 1421/19/2116 1425/25/2120
f 2231/19/2113 2233/25/2119 1426/25/2121 1422/19/2117
f 2234/23/2122 2235/19/2123 1421/19/2116 1423/23/2115
f 2235/19/2123 2234/23/2122 1424/23/2118 1422/19/2117
f 2235/19/2123 2236/21/2124 1427/21/2125 1421/19/2116
f 2236/21/2124 2235/19/2123 1422/19/2117 1428/21/2126
f 2236/21/2124 2234/23/2122 1423/23/2115 1427/21/2125
f 2234/23/2122 2236/21/2124 1428/21/2126 1424/23/2118
f 2237/22/2127 2238/16/2128 1431/16/2129 1429/22/2130
f 2238/16/2128 2237/22/2127 1430/22/2131 1432/16/2132
f 2238/16/2128 2239/24/2133 1433/24/2134 1431/16/2129
f 2239/24/2133 2238/16/2128 1432/16/2132 1434/24/2135
f 2239/24/2133 2237/22/2127 1429/22/2130 1433/24/2134
f 2237/22/2127 2239/24/2133 1434/24/2135 1430/22/2131
f 2240/24/2136 2241/16/2137 1431/16/2129 1433/24/2134
f 2241/16/2137 2240/24/2136 1434/24/2135 1432/16/2132
f 2241/16/2137 2242/26/2138 1435/26/2139 1431/16/2129
f 2242/26/2138 2241/16/2137 1432/16/2132 1436/26/2140
f 2242/26/2138 2240/24/2136 1433/24/2134 1435/26/2139
f 2240/24/2136 2242/26/2138 1436/26/2140 1434/24/2135
f 2243/23/2141 2244/36/2142 1439/36/2143 1437/23/2144
f 2244/36/2142 2243/23/2141 1438/23/2145 1440/36/2146
f 2244/36/2142 2245/35/2147 1441/35/2148 1439/36/2143
f 2245/35/2147 2244/36/2142 1440/36/2146 1442/35/2149
f 2245/35/2147 2243/23/2141 1437/23/2144 1441/35/2148
f 2243/23/2141 2245/35/2147 1442/35/2149 1438/23/2145
f 2246/36/2150 2247/23/2151 1437/23/2144 1439/36/2143
f 2247/23/2151 2246/36/2150 1440/36/2146 1438/23/2145
f 2247/23/2151 2248/24/2152 1443/24/2153 1437/23/2144
f 2248/24/2152 2247/23/2151 1438/23/2145 1444/24/2154
f 2248/24/2152 2246/36/2150 1439/36/2143 1443/24/2153
f 2246/36/2150 2248/24/2152 1444/24/2154 1440/36/2146
f 2249/32/2155 2250/31/2156 1447/31/2157 1445/32/2158
f 2250/31/2156 2249/32/2155 1446/32/2159 1448/31/2160
f 2250/31/2156 2251/28/2161 1449/28/2162 1447/31/2157
f 2251/28/2161 2250/31/2156 1448/31/2160 1450/28/2163
f 2251/28/2161 2249/32/2155 1445/32/2158 1449/28/2162
f 2249/32/2155 2251/28/2161 1450/28/2163 1446/32/2159
f 2252/28/2164 2253/27/2165 1451/27/2166 1449/28/2162
f 2253/27/2165 2252/28/2164 1450/28/2163 1452/27/2167
f 2253/27/2165 2254/32/2168 1445/32/2158 1451/27/2166
f 2254/32/2168 2253/27/2165 1452/27/2167 1446/32/2159
f 2254/32/2168 2252/28/2164 1449/28/2162 1445/32/2158
f 2252/28/2164 2254/32/2168 1446/32/2159 1450/28/2163
f 2255/33/2169 2256/29/2170 1455/29/2171 1453/33/2172
f 2256/29/2170 2255/33/2169 1454/33/2173 1456/29/2174
f 2256/29/2170 2257/34/2175 1457/34/2176 1455/29/2171
f 2257/34/2175 2256/29/2170 1456/29/2174 1458/34/2177
f 2257/34/2175 2255/33/2169 1453/33/2172 1457/34/2176
f 2255/33/2169 2257/34/2175 1458/34/2177 1454/33/2173
f 2258/29/2178 2259/33/2179 1453/33/2172 1455/29/2171
f 2259/33/2179 2258/29/2178 1456/29/2174 1454/33/2173
f 2259/33/2179 2260/30/2180 1459/30/2181 1453/33/2172
f 2260/30/2180 2259/33/2179 1454/33/2173 1460/30/2182
f 2260/30/2180 2258/29/2178 1455/29/2171 1459/30/2181
f 2258/29/2178 2260/30/2180 1460/30/2182 1456/29/2174
f 2261/35/2183 2262/38/2184 1463/38/2185 1461/35/2186
f 2262/38/2184 2261/35/2183 1462/35/2187 1464/38/2188
f 2262/38/2184 2263/37/2189 1465/37/2190 1463/38/2185
f 2263/37/2189 2262/38/2184 1464/38/2188 1466/37/2191
f 2263/37/2189 2261/35/2183 1461/35/2186 1465/37/2190
f 2261/35/2183 2263/37/2189 1466/37/2191 1462/35/2187
f 2264/38/2192 2265/35/2193 1461/35/2186 1463/38/2185
f 2265/35/2193 2264/38/2192 1464/38/2188 1462/35/2187
f 2265/35/2193 2266/36/2194 1467/36/2195 1461/35/2186
f 2266/36/2194 2265/35/2193 1462/35/2187 1468/36/2196
f 2266/36/2194 2264/38/2192 1463/38/2185 1467/36/2195
f 2264/38/2192 2266/36/2194 1468/36/2196 1464/38/2188
f 2267/16/2197 2268/30/2198 1471/30/2199 1469/16/2200
f 2268/30/2198 2267/16/2197 1470/16/2201 1472/30/2202
f 2268/30/2198 2269/29/2203 1473/29/2204 1471/30/2199
f 2269/29/2203 2268/30/2198 1472/30/2202 1474/29/2205
f 2269/29/2203 2267/16/2197 1469/16/2200 1473/29/2204
f 2267/16/2197 2269/29/2203 1474/29/2205 1470/16/2201
f 2270/30/2206 2271/16/2207 1469/16/2200 1471/30/2199
f 2271/16/2207 2270/30/2206 1472/30/2202 1470/16/2201
f 2271/16/2207 2272/22/2208 1475/22/2209 1469/16/2200
f 2272/22/2208 2271/16/2207 1470/16/2201 1476/22/2210
f 2272/22/2208 2270/30/2206 1471/30/2199 1475/22/2209
f 2270/30/2206 2272/22/2208 1476/22/2210 1472/30/2202
f 2273/31/2211 2274/27/2212 1479/27/2213 1477/31/2214
f 2274/27/2212 2273/31/2211 1478/31/2215 1480/27/2216
f 2274/27/2212 2275/28/2217 1481/28/2218 1479/27/2213
f 2275/28/2217 2274/27/2212 1480/27/2216 1482/28/2219
f 2275/28/2217 2273/31/2211 1477/31/2214 1481/28/2218
f 2273/31/2211 2275/28/2217 1482/28/2219 1478/31/2215
f 2276/27/2220 2277/31/2221 1477/31/2214 1479/27/2213
f 2277/31/2221 2276/27/2220 1480/27/2216 1478/31/2215
f 2277/31/2221 2278/32/2222 1483/32/2223 1477/31/2214
f 2278/32/2222 2277/31/2221 1478/31/2215 1484/32/2224
f 2278/32/2222 2276/27/2220 1479/27/2213 1483/32/2223
f 2276/27/2220 2278/32/2222 1484/32/2224 1480/27/2216
f 2279/30/2225 2280/33/2226 1487/33/2227 1485/30/2228
f 2280/33/2226 2279/30/2225 1486/30/2229 1488/33/2230
f 2280/33/2226 2281/34/2231 1489/34/2232 1487/33/2227
f 2281/34/2231 2280/33/2226 1488/33/2230 1490/34/2233
f 2281/34/2231 2279/30/2225 1485/30/2228 1489/34/2232
f 2279/30/2225 2281/34/2231 1490/34/2233 1486/30/2229
f 2282/30/2234 2283/34/2235 1489/34/2232 1485/30/2228
f 2283/34/2235 2282/30/2234 1486/30/2229 1490/34/2233
f 2283/34/2235 2284/29/2236 1491/29/2237 1489/34/2232
f 2284/29/2236 2283/34/2235 1490/34/2233 1492/29/2238
f 2284/29/2236 2282/30/2234 1485/30/2228 1491/29/2237
f 2282/30/2234 2284/29/2236 1492/29/2238 1486/30/2229
f 2285/19/2239 2286/27/2240 1495/27/2241 1493/19/2242
f 2286/27/2240 2285/19/2239 1494/19/2243 1496/27/2244
f 2286/27/2240 2287/21/2245 1497/21/2246 1495/27/2241
f 2287/21/2245 2286/27/2240 1496/27/2244 1498/21/2247
f 2287/21/2245 2285/19/2239 1493/19/2242 1497/21/2246
f 2285/19/2239 2287/21/2245 1498/21/2247 1494/19/2243
f 2288/27/2248 2289/19/2249 1493/19/2242 1495/27/2241
f 2289/19/2249 2288/27/2248 1496/27/2244 1494/19/2243
f 2289/19/2249 2290/28/2250 1499/28/2251 1493/19/2242
f 2290/28/2250 2289/19/2249 1494/19/2243 1500/28/2252
f 2290/28/2250 2288/27/2248 1495/27/2241 1499/28/2251
f 2288/27/2248 2290/28/2250 1500/28/2252 1496/27/2244
f 2291/21/2253 2292/24/2254 1503/24/2255 1501/21/2256
f 2292/24/2254 2291/21/2253 1502/21/2257 1504/24/2258
f 2292/24/2254 2293/22/2259 1505/22/2260 1503/24/2255
f 2293/22/2259 2292/24/2254 1504/24/2258 1506/22/2261
f 2293/22/2259 2291/21/2253 1501/21/2256 1505/22/2260
f 2291/21/2253 2293/22/2259 1506/22/2261 1502/21/2257
f 2294/24/2262 2295/21/2263 1501/21/2256 1503/24/2255
f 2295/21/2263 2294/24/2262 1504/24/2258 1502/21/2257
f 2295/21/2263 2296/23/2264 1507/23/2265 1501/21/2256
f 2296/23/2264 2295/21/2263 1502/21/2257 1508/23/2266
f 2296/23/2264 2294/24/2262 1503/24/2255 1507/23/2265
f 2294/24/2262 2296/23/2264 1508/23/2266 1504/24/2258
f 2297/21/2267 2298/22/2184 1511/22/2268 1509/21/2269
f 2298/22/2184 2297/21/2267 1510/21/2270 1512/22/2271
f 2298/22/2184 2299/23/2272 1513/23/2273 1511/22/2268
f 2299/23/2272 2298/22/2184 1512/22/2271 1514/23/2274
f 2299/23/2272 2297/21/2267 1509/21/2269 1513/23/2273
f 2297/21/2267 2299/23/2272 1514/23/2274 1510/21/2270
f 2300/23/2275 2301/22/2276 1511/22/2268 1513/23/2273
f 2301/22/2276 2300/23/2275 1514/23/2274 1512/22/2271
f 2301/22/2276 2302/24/2277 1515/24/2278 1511/22/2268
f 2302/24/2277 2301/22/2276 1512/22/2271 1516/24/2279
f 2302/24/2277 2300/23/2275 1513/23/2273 1515/24/2278
f 2300/23/2275 2302/24/2277 1516/24/2279 1514/23/2274
f 2303/36/2280 2304/35/2281 1519/35/2282 1517/36/2283
f 2304/35/2281 2303/36/2280 1518/36/2284 1520/35/2285
f 2304/35/2281 2305/37/2286 1521/37/2287 1519/35/2282
f 2305/37/2286 2304/35/2281 1520/35/2285 1522/37/2288
f 2305/37/2286 2303/36/2280 1517/36/2283 1521/37/2287
f 2303/36/2280 2305/37/2286 1522/37/2288 1518/36/2284
f 2306/37/2289 2307/38/2290 1523/38/2291 1521/37/2287
f 2307/38/2290 2306/37/2289 1522/37/2288 1524/38/2292
f 2307/38/2290 2308/36/2293 1517/36/2283 1523/38/2291
f 2308/36/2293 2307/38/2290 1524/38/2292 1518/36/2284
f 2308/36/2293 2306/37/2289 1521/37/2287 1517/36/2283
f 2306/37/2289 2308/36/2293 1518/36/2284 1522/37/2288
f 2309/35/2294 2310/36/2295 1527/36/2296 1525/35/2297
f 2310/36/2295 2309/35/2294 1526/35/2298 1528/36/2299
f 2310/36/2295 2311/37/2300 1529/37/2301 1527/36/2296
f 2311/37/2300 2310/36/2295 1528/36/2299 1530/37/2302
f 2311/37/2300 2309/35/2294 1525/35/2297 1529/37/2301
f 2309/35/2294 2311/37/2300 1530/37/2302 1526/35/2298
f 2312/37/2303 2313/36/2304 1527/36/2296 1529/37/2301
f 2313/36/2304 2312/37/2303 1530/37/2302 1528/36/2299
f 2313/36/2304 2314/38/2305 1531/38/2306 1527/36/2296
f 2314/38/2305 2313/36/2304 1528/36/2299 1532/38/2307
f 2314/38/2305 2312/37/2303 1529/37/2301 1531/38/2306
f 2312/37/2303 2314/38/2305 1532/38/2307 1530/37/2302
f 2315/37/2308 2316/22/2309 1535/22/2310 1533/37/2311
f 2316/22/2309 2315/37/2308 1534/37/2312 1536/22/2313
f 2316/22/2309 2317/21/2314 1537/21/2315 1535/22/2310
f 2317/21/2314 2316/22/2309 1536/22/2313 1538/21/2316
f 2317/21/2314 2315/37/2308 1533/37/2311 1537/21/2315
f 2315/37/2308 2317/21/2314 1538/21/2316 1534/37/2312
f 2318/22/2317 2319/37/2318 1533/37/2311 1535/22/2310
f 2319/37/2318 2318/22/2317 1536/22/2313 1534/37/2312
f 2319/37/2318 2320/38/2319 1539/38/2320 1533/37/2311
f 2320/38/2319 2319/37/2318 1534/37/2312 1540/38/2321
f 2320/38/2319 2318/22/2317 1535/22/2310 1539/38/2320
f 2318/22/2317 2320/38/2319 1540/38/2321 1536/22/2313
o 122951013021207
v 0.054178 -0.163412 -0.069250
v 0.054062 -0.163526 -0.069250
v 0.054192 -0.163398 0.069059
v 0.054048 -0.163540 0.069059
v 0.037303 -0.146179 -0.069250
v 0.037159 -0.146321 -0.069250
v 0.037289 -0.146193 0.069059
v 0.037173 -0.146307 0.069059
v 0.099913 -0.201892 -0.069250
v 0.099797 -0.202006 -0.069250
v 0.099927 -0.201878 0.069059
v 0.099783 -0.202020 0.069059
v 0.083038 -0.184658 -0.069250
v 0.082894 -0.184800 -0.069250
v 0.083024 -0.184672 0.069059
v 0.082908 -0.184786 0.069059
v 0.158897 -0.248516 -0.069250
v 0.158781 -0.248630 -0.069250
v 0.158911 -0.248502 0.069059
v 0.158767 -0.248644 0.069059
v 0.142022 -0.231282 -0.069250
v 0.141878 -0.231424 -0.069250
v 0.142008 -0.231296 0.069059
v 0.141892 -0.231410 0.069059
v 0.280429 0.195564 -0.069250
v 0.280429 0.195726 -0.069250
v 0.280429 0.195544 0.069059
v 0.280429 0.195746 0.069059
v 0.304548 0.195544 -0.069250
v 0.304548 0.195746 -0.069250
v 0.304548 0.195564 0.069059
v 0.304548 0.195726 0.069059
v 0.360786 0.194972 -0.069250
v 0.360786 0.195134 -0.069250
v 0.360786 0.194952 0.069059
v 0.360786 0.195154 0.069059
v 0.384905 0.194952 -0.069250
v 0.384905 0.195154 -0.069250
v 0.384905 0.194972 0.069059
v 0.384905 0.195134 0.069059
v 0.208325 0.194972 -0.069250
v 0.208325 0.195134 -0.069250
v 0.208325 0.194952 0.069059
v 0.208325 0.195154 0.069059
v 0.232442 0.194952 -0.069250
v 0.232442 0.195154 -0.069250
v 0.232442 0.194972 0.069059
v 0.232442 0.195134 0.069059
v 0.384792 0.195061 -0.069250
v 0.385018 0.195045 -0.069250
v 0.384775 0.195062 0.069059
v 0.385035 0.195044 0.069059
v 0.378593 0.106879 -0.069250
v 0.378831 0.106831 -0.069250
v 0.378593 0.106879 0.069059
v 0.378831 0.106831 0.069059
v 0.349727 0.018955 -0.069250
v 0.349941 0.018869 -0.069250
v 0.349730 0.018953 0.069059
v 0.349938 0.018871 0.069059
v 0.322973 -0.038452 -0.069250
v 0.323189 -0.038572 -0.069250
v 0.322964 -0.038446 0.069059
v 0.323198 -0.038578 0.069059
v 0.246219 -0.154995 -0.069250
v 0.246455 -0.155183 -0.069250
v 0.246221 -0.154997 0.069059
v 0.246453 -0.155181 0.069059
v 0.158728 -0.248469 -0.069250
v 0.158950 -0.248677 -0.069250
v 0.158742 -0.248482 0.069059
v 0.158936 -0.248664 0.069059
v 0.203173 0.129503 -0.069250
v 0.202957 0.129539 -0.069250
v 0.203172 0.129504 0.069059
v 0.202958 0.129538 0.069059
v 0.208444 0.195043 -0.069250
v 0.208206 0.195063 -0.069250
v 0.208427 0.195045 0.069059
v 0.208223 0.195061 0.069059
v 0.185042 0.056860 0.069059
v 0.184848 0.056938 0.069059
v 0.185040 0.056861 -0.069250
v 0.184850 0.056937 -0.069250
v 0.162256 0.015175 0.069059
v 0.162062 0.015287 0.069059
v 0.162263 0.015171 -0.069250
v 0.162055 0.015291 -0.069250
v 0.101823 -0.082568 0.069059
v 0.101619 -0.082404 0.069059
v 0.101820 -0.082566 -0.069250
v 0.101622 -0.082406 -0.069250
v 0.037323 -0.146343 0.069059
v 0.037139 -0.146157 0.069059
v 0.037312 -0.146331 -0.069250
v 0.037150 -0.146169 -0.069250
v 0.280429 0.195645 0.068999
v 0.280429 0.195645 0.069119
v 0.275171 0.120420 0.068992
v 0.275171 0.120420 0.069126
v 0.299074 0.117198 0.068992
v 0.299074 0.117198 0.069126
v 0.304548 0.195645 0.069008
v 0.304548 0.195645 0.069110
v 0.273503 0.035976 0.068997
v 0.273503 0.035976 0.069121
v 0.249910 0.040990 0.069005
v 0.249910 0.040990 0.069113
v 0.252302 -0.015893 0.068992
v 0.252302 -0.015893 0.069126
v 0.229449 -0.008179 0.068977
v 0.229449 -0.008179 0.069141
v 0.181254 -0.124405 0.068961
v 0.181254 -0.124405 0.069157
v 0.159645 -0.113692 0.068969
v 0.159645 -0.113692 0.069149
v 0.099855 -0.201949 0.068978
v 0.099855 -0.201949 0.069140
v 0.082966 -0.184729 0.068995
v 0.082966 -0.184729 0.069123
v 0.280429 0.195645 -0.069190
v 0.280429 0.195645 -0.069310
v 0.299074 0.117198 -0.069183
v 0.299074 0.117198 -0.069317
v 0.275171 0.120420 -0.069183
v 0.275171 0.120420 -0.069317
v 0.304548 0.195645 -0.069199
v 0.304548 0.195645 -0.069301
v 0.273503 0.035976 -0.069188
v 0.273503 0.035976 -0.069312
v 0.249910 0.040990 -0.069196
v 0.249910 0.040990 -0.069304
v 0.252302 -0.015893 -0.069183
v 0.252302 -0.015893 -0.069317
v 0.229449 -0.008179 -0.069168
v 0.229449 -0.008179 -0.069332
v 0.181254 -0.124405 -0.069152
v 0.181254 -0.124405 -0.069348
v 0.159645 -0.113692 -0.069160
v 0.159645 -0.113692 -0.069340
v 0.099855 -0.201949 -0.069169
v 0.099855 -0.201949 -0.069331
v 0.082966 -0.184729 -0.069186
v 0.082966 -0.184729 -0.069314
v 0.360786 0.195053 0.068992
v 0.360786 0.195053 0.069126
v 0.354730 0.109431 0.068986
v 0.354730 0.109431 0.069132
v 0.378712 0.106855 0.068985
v 0.378712 0.106855 0.069133
v 0.384905 0.195053 0.069003
v 0.384905 0.195053 0.069115
v 0.349834 0.018912 0.068991
v 0.349834 0.018912 0.069127
v 0.326242 0.023929 0.069000
v 0.326242 0.023929 0.069118
v 0.323081 -0.038512 0.068987
v 0.323081 -0.038512 0.069131
v 0.300305 -0.030573 0.068970
v 0.300305 -0.030573 0.069148
v 0.246337 -0.155089 0.068952
v 0.246337 -0.155089 0.069166
v 0.225030 -0.143785 0.068958
v 0.225030 -0.143785 0.069160
v 0.158839 -0.248573 0.068967
v 0.158839 -0.248573 0.069151
v 0.141950 -0.231353 0.068987
v 0.141950 -0.231353 0.069131
v 0.378712 0.106855 -0.069176
v 0.378712 0.106855 -0.069324
v 0.360786 0.195053 -0.069183
v 0.360786 0.195053 -0.069317
v 0.384905 0.195053 -0.069194
v 0.384905 0.195053 -0.069306
v 0.354730 0.109431 -0.069177
v 0.354730 0.109431 -0.069323
v 0.349834 0.018912 -0.069182
v 0.349834 0.018912 -0.069318
v 0.326242 0.023929 -0.069191
v 0.326242 0.023929 -0.069309
v 0.323081 -0.038512 -0.069178
v 0.323081 -0.038512 -0.069322
v 0.300305 -0.030573 -0.069161
v 0.300305 -0.030573 -0.069339
v 0.246337 -0.155089 -0.069143
v 0.246337 -0.155089 -0.069357
v 0.225030 -0.143785 -0.069149
v 0.225030 -0.143785 -0.069351
v 0.158839 -0.248573 -0.069158
v 0.158839 -0.248573 -0.069342
v 0.141950 -0.231353 -0.069178
v 0.141950 -0.231353 -0.069322
v 0.208325 0.195053 0.069005
v 0.208325 0.195053 0.069113
v 0.203065 0.129521 0.068998
v 0.203065 0.129521 0.069120
v 0.226969 0.126299 0.068999
v 0.226969 0.126299 0.069119
v 0.232442 0.195053 0.069012
v 0.232442 0.195053 0.069106
v 0.208465 0.051558 0.069002
v 0.208465 0.051558 0.069116
v 0.184945 0.056899 0.069010
v 0.184945 0.056899 0.069108
v 0.184853 0.007063 0.068998
v 0.184853 0.007063 0.069120
v 0.162159 0.015231 0.068983
v 0.162159 0.015231 0.069135
v 0.123145 -0.093564 0.068970
v 0.123145 -0.093564 0.069148
v 0.101721 -0.082486 0.068978
v 0.101721 -0.082486 0.069140
v 0.054120 -0.163469 0.068987
v 0.054120 -0.163469 0.069131
v 0.037231 -0.146250 0.069002
v 0.037231 -0.146250 0.069116
v 0.208325 0.195053 -0.069196
v 0.208325 0.195053 -0.069304
v 0.226969 0.126299 -0.069190
v 0.226969 0.126299 -0.069310
v 0.203065 0.129521 -0.069189
v 0.203065 0.129521 -0.069311
v 0.232442 0.195053 -0.069203
v 0.232442 0.195053 -0.069297
v 0.208465 0.051558 -0.069193
v 0.208465 0.051558 -0.069307
v 0.184945 0.056899 -0.069201
v 0.184945 0.056899 -0.069299
v 0.184853 0.007063 -0.069189
v 0.184853 0.007063 -0.069311
v 0.162159 0.015231 -0.069174
v 0.162159 0.015231 -0.069326
v 0.123145 -0.093564 -0.069161
v 0.123145 -0.093564 -0.069339
v 0.101721 -0.082486 -0.069169
v 0.101721 -0.082486 -0.069331
v 0.054120 -0.163469 -0.069178
v 0.054120 -0.163469 -0.069322
v 0.037231 -0.146250 -0.069193
v 0.037231 -0.146250 -0.069307
v 0.275284 0.120398 -0.069250
v 0.275058 0.120442 -0.069250
v 0.275283 0.120398 0.069059
v 0.275059 0.120442 0.069059
v 0.280552 0.195636 -0.069250
v 0.280306 0.195654 -0.069250
v 0.280536 0.195638 0.069059
v 0.280322 0.195652 0.069059
v 0.250012 0.040952 0.069059
v 0.249808 0.041028 0.069059
v 0.250009 0.040954 -0.069250
v 0.249811 0.041026 -0.069250
v 0.229552 -0.008234 0.069059
v 0.229346 -0.008124 0.069059
v 0.229560 -0.008239 -0.069250
v 0.229338 -0.008119 -0.069250
v 0.159750 -0.113783 0.069059
v 0.159540 -0.113601 0.069059
v 0.159748 -0.113781 -0.069250
v 0.159542 -0.113603 -0.069250
v 0.083060 -0.184831 0.069059
v 0.082872 -0.184627 0.069059
v 0.083049 -0.184818 -0.069250
v 0.082883 -0.184640 -0.069250
v 0.304440 0.195653 -0.069250
v 0.304656 0.195637 -0.069250
v 0.304423 0.195654 0.069059
v 0.304673 0.195636 0.069059
v 0.298961 0.117220 -0.069250
v 0.299187 0.117176 -0.069250
v 0.298960 0.117220 0.069059
v 0.299188 0.117176 0.069059
v 0.273399 0.036014 -0.069250
v 0.273607 0.035938 -0.069250
v 0.273402 0.036012 0.069059
v 0.273604 0.035940 0.069059
v 0.252198 -0.015838 -0.069250
v 0.252406 -0.015948 -0.069250
v 0.252189 -0.015833 0.069059
v 0.252415 -0.015953 0.069059
v 0.181145 -0.124313 -0.069250
v 0.181363 -0.124497 -0.069250
v 0.181148 -0.124315 0.069059
v 0.181360 -0.124495 0.069059
v 0.099756 -0.201845 -0.069250
v 0.099954 -0.202053 -0.069250
v 0.099769 -0.201858 0.069059
v 0.099941 -0.202040 0.069059
v 0.232339 0.195061 -0.069250
v 0.232545 0.195045 -0.069250
v 0.232322 0.195063 0.069059
v 0.232562 0.195043 0.069059
v 0.226861 0.126317 -0.069250
v 0.227077 0.126281 -0.069250
v 0.226860 0.126317 0.069059
v 0.227078 0.126281 0.069059
v 0.208366 0.051596 -0.069250
v 0.208564 0.051520 -0.069250
v 0.208369 0.051595 0.069059
v 0.208561 0.051521 0.069059
v 0.184754 0.007119 -0.069250
v 0.184952 0.007007 -0.069250
v 0.184747 0.007124 0.069059
v 0.184959 0.007002 0.069059
v 0.123040 -0.093480 -0.069250
v 0.123250 -0.093648 -0.069250
v 0.123043 -0.093482 0.069059
v 0.123247 -0.093646 0.069059
v 0.054024 -0.163374 -0.069250
v 0.054216 -0.163564 -0.069250
v 0.054036 -0.163386 0.069059
v 0.054204 -0.163552 0.069059
v 0.360915 0.195044 -0.069250
v 0.360657 0.195062 -0.069250
v 0.354847 0.109407 -0.069250
v 0.354613 0.109455 -0.069250
v 0.354847 0.109407 0.069059
v 0.354613 0.109455 0.069059
v 0.360898 0.195045 0.069059
v 0.360674 0.195061 0.069059
v 0.326347 0.023886 0.069059
v 0.326137 0.023972 0.069059
v 0.326344 0.023888 -0.069250
v 0.326140 0.023970 -0.069250
v 0.300410 -0.030633 0.069059
v 0.300200 -0.030513 0.069059
v 0.300420 -0.030638 -0.069250
v 0.300190 -0.030508 -0.069250
v 0.225145 -0.143877 0.069059
v 0.224915 -0.143693 0.069059
v 0.225143 -0.143876 -0.069250
v 0.224917 -0.143694 -0.069250
v 0.142057 -0.231455 0.069059
v 0.141843 -0.231251 0.069059
v 0.142044 -0.231442 -0.069250
v 0.141856 -0.231264 -0.069250
v 0.054063 -0.163411 -0.069169
v 0.054049 -0.163397 0.067893
v 0.037315 -0.146336 -0.069149
v 0.037302 -0.146322 -0.068084
v 0.054036 -0.163383 0.068958
v 0.037288 -0.146308 0.068978
v 0.099798 -0.201891 -0.069169
v 0.099784 -0.201877 0.067893
v 0.083050 -0.184815 -0.069149
v 0.083037 -0.184801 -0.068084
v 0.099771 -0.201863 0.068958
v 0.083023 -0.184787 0.068978
v 0.158782 -0.248515 -0.069169
v 0.158768 -0.248501 0.067893
v 0.142034 -0.231439 -0.069149
v 0.142021 -0.231425 -0.068084
v 0.158755 -0.248487 0.068958
v 0.142007 -0.231411 0.068978
v 0.280510 0.195645 -0.069169
v 0.280530 0.195645 0.067893
v 0.304428 0.195645 -0.069149
v 0.304447 0.195645 -0.068084
v 0.280549 0.195645 0.068958
v 0.304467 0.195645 0.068978
v 0.360867 0.195053 -0.069169
v 0.360887 0.195053 0.067893
v 0.384785 0.195053 -0.069149
v 0.384804 0.195053 -0.068084
v 0.360906 0.195053 0.068958
v 0.384824 0.195053 0.068978
v 0.208406 0.195053 -0.069169
v 0.208426 0.195053 0.067892
v 0.232322 0.195053 -0.069149
v 0.232341 0.195053 -0.068084
v 0.208445 0.195053 0.068958
v 0.232361 0.195053 0.068978
v 0.384897 0.194940 -0.069137
v 0.384896 0.194923 0.068613
v 0.378727 0.107075 -0.069129
v 0.378720 0.106976 -0.068837
v 0.384888 0.194816 0.068929
v 0.378720 0.106976 0.068938
v 0.378674 0.106740 -0.069129
v 0.378674 0.106740 0.068659
v 0.349901 0.019117 -0.069135
v 0.349870 0.019021 -0.068871
v 0.378641 0.106639 0.068938
v 0.349869 0.019018 0.068947
v 0.349785 0.018808 -0.069135
v 0.349787 0.018811 0.068547
v 0.323162 -0.038338 -0.069127
v 0.323133 -0.038400 -0.068685
v 0.349761 0.018754 0.068947
v 0.323138 -0.038390 0.068925
v 0.323013 -0.038615 -0.069127
v 0.323007 -0.038624 0.068737
v 0.246538 -0.154783 -0.069099
v 0.246420 -0.154963 -0.068889
v 0.322901 -0.038785 0.068925
v 0.246419 -0.154965 0.068910
v 0.246235 -0.155198 0.068680
v 0.159076 -0.248320 -0.069098
v 0.246234 -0.155199 -0.069099
v 0.158943 -0.248462 -0.068863
v 0.246105 -0.155337 0.068910
v 0.158930 -0.248476 0.068926
v 0.203074 0.129630 -0.069141
v 0.203074 0.129629 0.068580
v 0.208310 0.194865 -0.069131
v 0.208315 0.194934 -0.068722
v 0.203079 0.129691 0.068951
v 0.208317 0.194951 0.068957
v 0.203039 0.129415 -0.068819
v 0.184987 0.057069 0.068955
v 0.203039 0.129416 0.068951
v 0.184970 0.056998 -0.069148
v 0.184970 0.057000 0.068646
v 0.203021 0.129343 -0.069141
v 0.184896 0.056810 -0.068641
v 0.162234 0.015368 0.068947
v 0.184895 0.056807 0.068955
v 0.162217 0.015336 -0.069130
v 0.162213 0.015329 0.068390
v 0.184877 0.056774 -0.069148
v 0.162096 0.015129 -0.068917
v 0.101868 -0.082249 0.068928
v 0.162100 0.015136 0.068947
v 0.162024 0.015013 -0.069130
v 0.101788 -0.082378 -0.069123
v 0.101790 -0.082375 0.068697
v 0.101630 -0.082576 -0.068824
v 0.037404 -0.146079 0.068928
v 0.101628 -0.082578 0.068928
v 0.037312 -0.146169 -0.069135
v 0.037324 -0.146158 0.068619
v 0.101553 -0.082652 -0.069123
v 0.280461 0.195249 0.069059
v 0.275242 0.120478 0.069059
v 0.298986 0.117278 0.069059
v 0.299038 0.117641 0.069059
v 0.304493 0.195594 0.069059
v 0.280505 0.195585 0.069059
v 0.273574 0.036410 0.069059
v 0.298986 0.117142 0.069059
v 0.275236 0.120344 0.069059
v 0.275095 0.119961 0.069059
v 0.249980 0.041031 0.069059
v 0.273442 0.036053 0.069059
v 0.252356 -0.015585 0.069059
v 0.273417 0.035930 0.069059
v 0.249967 0.040922 0.069059
v 0.249866 0.040743 0.069059
v 0.229559 -0.008129 0.069059
v 0.252231 -0.015799 0.069059
v 0.229496 -0.008282 0.069059
v 0.181746 -0.123475 0.069059
v 0.252199 -0.015929 0.069059
v 0.229044 -0.008941 0.069059
v 0.159777 -0.113656 0.069059
v 0.181204 -0.124271 0.069059
v 0.159676 -0.113808 0.069059
v 0.100345 -0.201370 0.069059
v 0.181085 -0.124431 0.069059
v 0.099843 -0.201822 0.069059
v 0.159127 -0.114295 0.069059
v 0.083058 -0.184731 0.069059
v 0.280461 0.195249 -0.069250
v 0.298986 0.117278 -0.069250
v 0.275242 0.120478 -0.069250
v 0.299038 0.117641 -0.069250
v 0.280505 0.195585 -0.069250
v 0.304493 0.195594 -0.069250
v 0.273574 0.036410 -0.069250
v 0.275236 0.120344 -0.069250
v 0.298986 0.117142 -0.069250
v 0.275095 0.119961 -0.069250
v 0.273442 0.036053 -0.069250
v 0.249980 0.041031 -0.069250
v 0.252356 -0.015585 -0.069250
v 0.249967 0.040922 -0.069250
v 0.273417 0.035930 -0.069250
v 0.249866 0.040742 -0.069250
v 0.252231 -0.015799 -0.069250
v 0.229559 -0.008129 -0.069250
v 0.181746 -0.123475 -0.069250
v 0.229496 -0.008282 -0.069250
v 0.252199 -0.015929 -0.069250
v 0.229044 -0.008941 -0.069250
v 0.181204 -0.124271 -0.069250
v 0.159777 -0.113656 -0.069250
v 0.100345 -0.201370 -0.069250
v 0.159676 -0.113808 -0.069250
v 0.181085 -0.124431 -0.069250
v 0.159127 -0.114295 -0.069250
v 0.099843 -0.201822 -0.069250
v 0.083058 -0.184731 -0.069250
v 0.360818 0.194561 0.069059
v 0.354807 0.109496 0.069059
v 0.378620 0.106939 0.069059
v 0.378676 0.107401 0.069059
v 0.384845 0.194997 0.069059
v 0.360868 0.194986 0.069059
v 0.349929 0.019419 0.069059
v 0.378613 0.106791 0.069059
v 0.354798 0.109351 0.069059
v 0.354628 0.108896 0.069059
v 0.326319 0.023973 0.069059
v 0.349771 0.018995 0.069059
v 0.323172 -0.038145 0.069059
v 0.349737 0.018864 0.069059
v 0.326298 0.023857 0.069059
v 0.326168 0.023635 0.069059
v 0.300428 -0.030522 0.069059
v 0.323014 -0.038412 0.069059
v 0.300354 -0.030684 0.069059
v 0.246924 -0.154002 0.069059
v 0.322969 -0.038550 0.069059
v 0.299826 -0.031454 0.069059
v 0.225176 -0.143748 0.069059
v 0.246285 -0.154940 0.069059
v 0.225065 -0.143918 0.069059
v 0.159435 -0.247801 0.069059
v 0.246164 -0.155118 0.069059
v 0.158823 -0.248426 0.069059
v 0.224394 -0.144602 0.069059
v 0.142051 -0.231352 0.069059
v 0.378676 0.107401 -0.069250
v 0.360868 0.194986 -0.069250
v 0.384845 0.194997 -0.069250
v 0.360818 0.194561 -0.069250
v 0.378620 0.106939 -0.069250
v 0.354807 0.109496 -0.069250
v 0.349929 0.019419 -0.069250
v 0.354798 0.109351 -0.069250
v 0.378613 0.106791 -0.069250
v 0.354628 0.108896 -0.069250
v 0.349771 0.018995 -0.069250
v 0.326319 0.023973 -0.069250
v 0.323172 -0.038145 -0.069250
v 0.326298 0.023857 -0.069250
v 0.349737 0.018863 -0.069250
v 0.326168 0.023635 -0.069250
v 0.323014 -0.038412 -0.069250
v 0.300428 -0.030522 -0.069250
v 0.246924 -0.154002 -0.069250
v 0.300354 -0.030684 -0.069250
v 0.322969 -0.038550 -0.069250
v 0.299826 -0.031454 -0.069250
v 0.246285 -0.154940 -0.069250
v 0.225176 -0.143748 -0.069250
v 0.159435 -0.247801 -0.069250
v 0.225065 -0.143918 -0.069250
v 0.246164 -0.155118 -0.069250
v 0.224394 -0.144602 -0.069250
v 0.158823 -0.248426 -0.069250
v 0.142051 -0.231352 -0.069250
v 0.208354 0.194741 0.069059
v 0.203130 0.129573 0.069059
v 0.226887 0.126371 0.069059
v 0.226936 0.126650 0.069059
v 0.232392 0.195006 0.069059
v 0.208395 0.194999 0.069059
v 0.208497 0.051926 0.069059
v 0.226894 0.126248 0.069059
v 0.203131 0.129451 0.069059
v 0.203031 0.129134 0.069059
v 0.185005 0.056936 0.069059
v 0.208402 0.051631 0.069059
v 0.184914 0.007307 0.069059
v 0.208379 0.051519 0.069059
v 0.184994 0.056838 0.069059
v 0.184896 0.056706 0.069059
v 0.162268 0.015272 0.069059
v 0.184793 0.007149 0.069059
v 0.162205 0.015134 0.069059
v 0.123520 -0.092783 0.069059
v 0.184762 0.007031 0.069059
v 0.161846 0.014581 0.069059
v 0.101836 -0.082454 0.069059
v 0.123096 -0.093438 0.069059
v 0.101752 -0.082593 0.069059
v 0.054476 -0.163006 0.069059
v 0.122997 -0.093588 0.069059
v 0.054106 -0.163351 0.069059
v 0.101337 -0.082979 0.069059
v 0.037312 -0.146251 0.069059
v 0.208354 0.194741 -0.069250
v 0.226887 0.126371 -0.069250
v 0.203130 0.129573 -0.069250
v 0.226936 0.126650 -0.069250
v 0.208395 0.194999 -0.069250
v 0.232392 0.195006 -0.069250
v 0.208497 0.051926 -0.069250
v 0.203131 0.129451 -0.069250
v 0.226894 0.126248 -0.069250
v 0.203031 0.129134 -0.069250
v 0.208402 0.051631 -0.069250
v 0.185005 0.056936 -0.069250
v 0.184914 0.007307 -0.069250
v 0.184994 0.056838 -0.069250
v 0.208379 0.051519 -0.069250
v 0.184896 0.056706 -0.069250
v 0.184793 0.007149 -0.069250
v 0.162268 0.015272 -0.069250
v 0.123520 -0.092783 -0.069250
v 0.162205 0.015134 -0.069250
v 0.184762 0.007031 -0.069250
v 0.161846 0.014581 -0.069250
v 0.123096 -0.093438 -0.069250
v 0.101836 -0.082454 -0.069250
v 0.054476 -0.163006 -0.069250
v 0.101752 -0.082593 -0.069250
v 0.122997 -0.093588 -0.069250
v 0.101337 -0.082979 -0.069250
v 0.054106 -0.163351 -0.069250
v 0.037312 -0.146251 -0.069250
v 0.275179 0.120534 -0.069135
v 0.275179 0.120533 0.068613
v 0.280414 0.195437 -0.069126
v 0.280420 0.195522 -0.068765
v 0.275184 0.120611 0.068945
v 0.280422 0.195538 0.068952
v 0.275136 0.120311 -0.068838
v 0.249969 0.041174 0.068950
v 0.275137 0.120312 0.068945
v 0.249942 0.041091 -0.069144
v 0.249943 0.041094 0.068667
v 0.275109 0.120227 -0.069135
v 0.249869 0.040892 -0.068681
v 0.229514 -0.008022 0.068942
v 0.249868 0.040889 0.068950
v 0.229498 -0.008062 -0.069124
v 0.229494 -0.008071 0.068432
v 0.249851 0.040848 -0.069144
v 0.229379 -0.008284 -0.068925
v 0.159819 -0.113428 0.068920
v 0.229385 -0.008276 0.068942
v 0.229291 -0.008418 -0.069124
v 0.159720 -0.113579 -0.069114
v 0.159722 -0.113576 0.068701
v 0.159545 -0.113784 -0.068845
v 0.083170 -0.184540 0.068920
v 0.159543 -0.113787 0.068920
v 0.083055 -0.184646 -0.069129
v 0.083068 -0.184635 0.068645
v 0.159445 -0.113877 -0.069114
v 0.304540 0.195537 -0.069142
v 0.304539 0.195520 0.068585
v 0.299088 0.117396 -0.069135
v 0.299082 0.117313 -0.068814
v 0.304533 0.195430 0.068934
v 0.299082 0.117314 0.068943
v 0.299039 0.117088 -0.069135
v 0.299039 0.117087 0.068649
v 0.273562 0.036165 -0.069140
v 0.273536 0.036081 -0.068860
v 0.299012 0.117000 0.068943
v 0.273535 0.036078 0.068952
v 0.273462 0.035877 0.068509
v 0.252368 -0.015730 -0.069132
v 0.273461 0.035874 -0.069140
v 0.252347 -0.015783 -0.068643
v 0.273443 0.035829 0.068952
v 0.252351 -0.015774 0.068931
v 0.252237 -0.015992 -0.069132
v 0.252232 -0.016000 0.068734
v 0.181434 -0.124130 -0.069107
v 0.181332 -0.124286 -0.068890
v 0.252140 -0.016141 0.068931
v 0.181331 -0.124288 0.068919
v 0.181151 -0.124503 -0.069107
v 0.181153 -0.124501 0.068666
v 0.100073 -0.201742 -0.069107
v 0.099959 -0.201850 -0.068847
v 0.181041 -0.124607 0.068919
v 0.099946 -0.201863 0.068934
v 0.232434 0.194950 -0.069146
v 0.232432 0.194933 0.068547
v 0.226983 0.126476 -0.069140
v 0.226978 0.126408 -0.068784
v 0.232427 0.194859 0.068938
v 0.226978 0.126409 0.068948
v 0.226943 0.126192 -0.069140
v 0.226942 0.126192 0.068633
v 0.208508 0.051733 -0.069144
v 0.208490 0.051661 -0.068842
v 0.226924 0.126116 0.068948
v 0.208490 0.051658 0.068956
v 0.208415 0.051464 -0.069144
v 0.208417 0.051467 0.068474
v 0.184929 0.007206 -0.069137
v 0.184906 0.007163 -0.068607
v 0.208396 0.051428 0.068956
v 0.184910 0.007171 0.068937
v 0.184794 0.006966 -0.069137
v 0.184789 0.006959 0.068728
v 0.123297 -0.093316 -0.069116
v 0.123215 -0.093450 -0.068886
v 0.184715 0.006837 0.068937
v 0.123214 -0.093452 0.068928
v 0.123051 -0.093659 -0.069116
v 0.123053 -0.093657 0.068648
v 0.054304 -0.163282 -0.069115
v 0.054215 -0.163373 -0.068826
v 0.122967 -0.093745 0.068928
v 0.054203 -0.163385 0.068941
v 0.360770 0.194822 -0.069121
v 0.354738 0.109551 -0.069130
v 0.354738 0.109550 0.068641
v 0.360777 0.194924 -0.068798
v 0.354745 0.109645 0.068940
v 0.360778 0.194941 0.068947
v 0.354692 0.109317 -0.068847
v 0.326308 0.024128 0.068946
v 0.354692 0.109318 0.068940
v 0.354660 0.109221 -0.069130
v 0.326277 0.024033 -0.069140
v 0.326278 0.024037 0.068677
v 0.326195 0.023830 -0.068723
v 0.300385 -0.030406 0.068938
v 0.326193 0.023827 0.068946
v 0.300362 -0.030454 -0.069118
v 0.300357 -0.030463 0.068477
v 0.326170 0.023777 -0.069140
v 0.300232 -0.030683 -0.068927
v 0.225224 -0.143493 0.068912
v 0.300238 -0.030674 0.068938
v 0.300130 -0.030835 -0.069118
v 0.225110 -0.143665 -0.069105
v 0.225112 -0.143662 0.068699
v 0.224930 -0.143890 -0.068864
v 0.142173 -0.231118 0.068911
v 0.224929 -0.143892 0.068912
v 0.224811 -0.144016 -0.069105
v 0.142039 -0.231259 -0.069120
v 0.142052 -0.231246 0.068666
vn -0.4945 0.5044 0.7078
vn -0.0585 0.0594 -0.9965
vn 0.3562 0.8763 -0.3243
vn 0.2975 0.8631 0.4082
vn -0.8685 -0.2808 0.4085
vn -0.8831 -0.3392 -0.3242
vn 0.5366 -0.5464 0.6430
vn 0.8831 0.3390 0.3243
vn -0.3561 -0.8763 0.3245
vn 0.0587 -0.0598 0.9965
vn -0.5363 0.5467 -0.6430
vn 0.4951 -0.5042 -0.7075
vn 0.8685 0.2812 -0.4082
vn -0.2978 -0.8631 -0.4079
vn -0.4944 0.5044 0.7079
vn -0.0586 0.0593 -0.9965
vn 0.3564 0.8762 -0.3243
vn 0.2974 0.8631 0.4081
vn -0.8684 -0.2808 0.4087
vn -0.8831 -0.3393 -0.3240
vn 0.5369 -0.5462 0.6430
vn 0.8833 0.3387 0.3242
vn -0.3560 -0.8762 0.3248
vn 0.0593 -0.0600 0.9964
vn -0.5361 0.5469 -0.6431
vn 0.4951 -0.5042 -0.7076
vn 0.8684 0.2812 -0.4083
vn -0.2979 -0.8631 -0.4078
vn -0.4943 0.5045 0.7079
vn -0.0585 0.0609 -0.9964
vn 0.3565 0.8762 -0.3244
vn -0.8684 -0.2806 0.4088
vn -0.8832 -0.3393 -0.3239
vn 0.5369 -0.5461 0.6430
vn 0.8833 0.3388 0.3242
vn -0.3560 -0.8762 0.3249
vn 0.0593 -0.0598 0.9964
vn -0.5360 0.5469 -0.6431
vn 0.8684 0.2812 -0.4084
vn -0.2979 -0.8631 -0.4077
vn 0.7062 -0.0002 0.7080
vn 0.0841 -0.0005 -0.9965
vn 0.3760 -0.8680 -0.3243
vn 0.4080 -0.8167 0.4082
vn 0.4076 0.8166 0.4087
vn 0.3763 0.8681 -0.3239
vn -0.7658 -0.0007 0.6431
vn -0.3764 -0.8679 0.3242
vn -0.3762 0.8678 0.3247
vn -0.0827 -0.0004 0.9966
vn 0.7659 -0.0003 -0.6430
vn -0.7067 -0.0004 -0.7076
vn -0.4073 -0.8169 -0.4083
vn -0.4076 0.8171 -0.4078
vn 0.7063 -0.0002 0.7080
vn 0.0845 -0.0000 -0.9964
vn 0.4080 -0.8166 0.4082
vn 0.3762 0.8681 -0.3239
vn -0.3765 -0.8679 0.3242
vn -0.0834 -0.0004 0.9965
vn 0.7658 -0.0003 -0.6430
vn 0.7063 -0.0001 0.7079
vn 0.0832 0.0001 -0.9965
vn 0.3759 -0.8680 -0.3244
vn 0.4077 0.8166 0.4087
vn -0.7658 -0.0007 0.6430
vn -0.3766 -0.8678 0.3243
vn -0.3763 0.8677 0.3247
vn -0.0840 0.0002 0.9965
vn 0.7658 -0.0003 -0.6431
vn -0.7067 -0.0003 -0.7075
vn -0.4074 -0.8168 -0.4084
vn -0.4076 0.8170 -0.4079
vn -0.0504 -0.7064 0.7060
vn 0.0251 -0.2852 -0.9581
vn -0.9520 -0.1967 -0.2346
vn -0.8435 -0.3500 0.4073
vn 0.7861 -0.4646 0.4077
vn 0.9105 -0.3491 -0.2217
vn 0.0962 0.8730 0.4781
vn -0.9314 0.0955 0.3512
vn 0.9070 -0.2515 0.3377
vn 0.0890 0.2769 0.9568
vn -0.0885 -0.8729 -0.4798
vn 0.1010 0.7017 -0.7053
vn -0.8956 0.2733 -0.3509
vn 0.9351 -0.1161 -0.3348
vn -0.1701 -0.6862 0.7073
vn -0.0145 -0.3020 -0.9532
vn 0.2653 0.8418 0.4700
vn -0.9007 0.2600 0.3481
vn 0.8459 -0.4136 0.3367
vn 0.1647 0.2555 0.9527
vn -0.2547 -0.8450 -0.4703
vn 0.2442 0.6647 -0.7060
vn -0.8402 0.4081 -0.3571
vn 0.8888 -0.2973 -0.3489
vn -0.2751 -0.6510 0.7075
vn -0.0180 -0.2282 -0.9735
vn 0.3641 0.7596 0.5390
vn -0.8450 0.3968 0.3585
vn 0.7895 -0.5042 0.3501
vn 0.1607 0.1640 0.9733
vn -0.3570 -0.7620 -0.5403
vn 0.3261 0.6285 -0.7061
vn -0.7583 0.5495 -0.3508
vn 0.8610 -0.3808 -0.3371
vn -0.3621 -0.6063 0.7081
vn -0.1686 -0.3505 -0.9213
vn 0.5161 0.7680 0.3791
vn -0.7946 0.4950 0.3515
vn 0.6766 -0.6537 0.3390
vn 0.2598 0.2953 0.9194
vn -0.5116 -0.7704 -0.3805
vn 0.4175 0.5723 -0.7058
vn -0.6654 0.6608 -0.3473
vn 0.7886 -0.5140 -0.3374
vn -0.2247 -0.2949 -0.9287
vn 0.6125 0.6819 0.3997
vn -0.5270 0.8163 0.2363
vn 0.8558 -0.4646 0.2276
vn -0.4610 -0.5363 0.7070
vn 0.2648 0.2532 0.9305
vn -0.6114 -0.6830 -0.3997
vn 0.4832 0.5167 -0.7068
vn -0.3177 0.8560 -0.4079
vn 0.8754 -0.2603 -0.4074
vn 0.0914 0.7018 0.7065
vn 0.0722 0.2143 -0.9741
vn 0.9145 -0.2071 -0.3476
vn 0.9351 -0.0951 0.3415
vn -0.9060 0.2316 0.3543
vn -0.9306 0.0833 -0.3563
vn -0.0841 -0.8413 0.5339
vn 0.8909 -0.3856 0.2399
vn -0.9433 -0.2226 0.2461
vn 0.0224 -0.2235 0.9744
vn 0.0917 0.8408 -0.5336
vn -0.0567 -0.7051 -0.7068
vn 0.7815 -0.4721 -0.4078
vn -0.8469 -0.3414 -0.4077
vn 0.0416 -0.2667 0.9629
vn 0.2349 0.8265 -0.5116
vn 0.8510 -0.4001 -0.3402
vn -0.8955 0.2670 -0.3562
vn -0.1370 -0.6953 -0.7055
vn 0.2247 0.6681 0.7093
vn 0.1783 0.2084 -0.9617
vn 0.8780 -0.3122 0.3628
vn -0.8388 0.3944 0.3754
vn -0.2106 -0.8333 0.5112
vn 0.0234 -0.2036 0.9788
vn 0.3768 0.7217 -0.5807
vn 0.7848 -0.5010 -0.3647
vn -0.8292 0.4205 -0.3682
vn -0.2872 -0.6478 -0.7056
vn 0.3498 0.6155 0.7062
vn 0.1720 0.0985 -0.9802
vn 0.8537 -0.3983 0.3356
vn -0.7569 0.5549 0.3451
vn -0.3599 -0.7309 0.5798
vn -0.1365 -0.3174 0.9384
vn 0.5134 0.7461 -0.4241
vn 0.6761 -0.6562 -0.3350
vn -0.7873 0.5087 -0.3485
vn -0.3626 -0.6081 -0.7063
vn -0.4949 -0.7582 0.4246
vn 0.4260 0.5656 0.7061
vn 0.7724 -0.5381 0.3375
vn -0.6672 0.6573 0.3504
vn 0.2429 0.2477 -0.9379
vn -0.1702 -0.2466 0.9541
vn 0.6089 0.6354 -0.4748
vn 0.8559 -0.4669 -0.2224
vn -0.4720 0.8502 -0.2332
vn -0.4620 -0.5369 -0.7059
vn 0.5031 0.4972 0.7069
vn 0.2320 0.1745 -0.9569
vn 0.8648 -0.2939 0.4072
vn -0.2842 0.8677 0.4078
vn -0.5955 -0.6490 0.4735
vn 0.0817 -0.9967 -0.0002
vn 0.7753 0.6315 -0.0000
vn 0.4114 -0.0130 -0.9114
vn 0.3473 -0.2994 -0.8887
vn 0.3473 -0.2994 0.8887
vn 0.4114 -0.0130 0.9114
vn -0.7414 0.6711 -0.0000
vn -0.3960 0.0117 -0.9182
vn -0.3961 0.0117 0.9182
vn -0.0813 0.9967 0.0001
vn -0.7313 -0.6821 -0.0000
vn -0.4118 -0.3842 -0.8263
vn -0.4118 -0.3842 0.8263
vn 0.7848 -0.6197 -0.0000
vn 0.1618 0.9868 -0.0000
vn -0.8442 -0.5361 -0.0000
vn -0.3929 0.0939 -0.9148
vn -0.3929 0.0939 0.9148
vn 0.6508 -0.7592 -0.0000
vn -0.1641 -0.9864 -0.0002
vn 0.8643 0.5030 -0.0000
vn 0.3809 -0.0665 -0.9222
vn 0.3809 -0.0665 0.9222
vn -0.6218 0.7832 -0.0000
vn 0.1721 0.9851 -0.0000
vn -0.8840 -0.4675 -0.0000
vn -0.3560 0.1199 -0.9268
vn -0.3560 0.1199 0.9268
vn 0.6455 -0.7638 -0.0000
vn -0.1745 -0.9847 -0.0000
vn 0.9109 0.4125 -0.0000
vn 0.3837 -0.1807 -0.9056
vn 0.3837 -0.1808 0.9056
vn -0.5997 0.8003 -0.0000
vn 0.4136 -0.9104 -0.0000
vn 0.4690 0.8832 0.0001
vn -0.3258 0.2644 -0.9077
vn -0.3258 0.2644 0.9077
vn -0.9449 -0.3273 -0.0000
vn -0.4704 -0.8825 -0.0000
vn 0.9656 0.2602 -0.0000
vn 0.3302 -0.2627 -0.9066
vn 0.3302 -0.2627 0.9066
vn -0.3514 0.9362 -0.0000
vn 0.2545 -0.9671 -0.0000
vn 0.6458 0.7635 -0.0000
vn -0.0338 0.4806 -0.8763
vn -0.0338 0.4806 0.8763
vn -0.9888 -0.1496 -0.0000
vn -0.0905 0.9959 -0.0000
vn -0.6530 -0.7574 -0.0000
vn 0.9997 -0.0234 -0.0000
vn 0.5712 -0.0133 -0.8207
vn 0.5712 -0.0133 0.8207
vn 0.0816 -0.9967 -0.0002
vn -0.3960 0.0117 0.9182
vn -0.3961 0.0117 -0.9182
vn -0.0813 0.9967 0.0002
vn 0.1617 0.9868 0.0001
vn -0.1642 -0.9864 -0.0001
vn 0.1720 0.9851 0.0001
vn 0.6454 -0.7638 0.0001
vn -0.3559 0.1199 0.9268
vn -0.1745 -0.9846 -0.0000
vn -0.5997 0.8002 -0.0000
vn 0.3837 -0.1807 0.9056
vn 0.3837 -0.1808 -0.9056
vn 0.4690 0.8832 -0.0001
vn 0.4137 -0.9104 -0.0000
vn -0.4704 -0.8824 0.0002
vn 0.2546 -0.9671 -0.0000
vn 0.0648 -0.9979 0.0001
vn 0.7670 0.6417 -0.0000
vn 0.4124 -0.0275 -0.9106
vn 0.3551 -0.3103 -0.8818
vn 0.3551 -0.3103 0.8818
vn 0.4124 -0.0275 0.9106
vn -0.7394 0.6733 -0.0000
vn -0.3988 0.0267 -0.9167
vn -0.3988 0.0267 0.9167
vn -0.0641 0.9979 0.0001
vn -0.4117 -0.3841 -0.8264
vn -0.4117 -0.3841 0.8264
vn 0.7746 -0.6325 -0.0000
vn 0.1844 0.9828 -0.0001
vn -0.8402 -0.5423 -0.0000
vn -0.3896 0.1165 -0.9136
vn -0.3896 0.1165 0.9136
vn 0.6479 -0.7617 -0.0000
vn -0.1876 -0.9823 0.0001
vn 0.8677 0.4970 -0.0000
vn 0.3825 -0.0919 -0.9194
vn 0.3825 -0.0919 0.9194
vn -0.6082 0.7938 -0.0000
vn 0.2403 0.9707 -0.0001
vn -0.8950 -0.4461 -0.0000
vn -0.3585 0.1398 -0.9230
vn -0.3585 0.1398 0.9230
vn 0.6092 -0.7930 -0.0000
vn -0.2440 -0.9698 -0.0000
vn 0.9229 0.3850 -0.0000
vn 0.3778 -0.1979 -0.9045
vn 0.3778 -0.1979 0.9045
vn -0.5579 0.8299 -0.0000
vn 0.4019 -0.9157 -0.0000
vn 0.4782 0.8783 -0.0002
vn -0.3384 0.2505 -0.9070
vn -0.3384 0.2505 0.9070
vn -0.9469 -0.3216 -0.0000
vn -0.4784 -0.8782 -0.0000
vn 0.9693 0.2457 -0.0000
vn 0.3420 -0.2504 -0.9057
vn 0.3420 -0.2504 0.9057
vn -0.3309 0.9437 -0.0000
vn 0.2567 -0.9665 -0.0000
vn 0.6112 0.7915 -0.0000
vn -0.0433 0.4768 -0.8780
vn -0.0433 0.4768 0.8780
vn -0.9864 -0.1644 -0.0000
vn -0.1065 0.9943 -0.0000
vn -0.6161 -0.7876 -0.0000
vn 1.0000 0.0089 -0.0000
vn 0.5837 0.0053 -0.8120
vn 0.5836 0.0053 0.8120
vn 0.0648 -0.9979 -0.0001
vn 0.1844 0.9829 -0.0001
vn -0.1876 -0.9823 -0.0001
vn 0.3826 -0.0919 0.9194
vn 0.2402 0.9707 -0.0001
vn -0.2439 -0.9698 -0.0000
vn 0.4779 0.8784 0.0001
vn -0.4781 -0.8783 0.0001
vn 0.6112 0.7915 0.0001
vn -0.6162 -0.7876 0.0001
vn 0.5837 0.0053 0.8120
vn 0.0925 -0.9957 -0.0001
vn 0.7786 0.6275 -0.0000
vn 0.4087 0.0079 -0.9126
vn 0.3376 -0.2902 -0.8954
vn 0.3375 -0.2902 0.8955
vn 0.4087 0.0079 0.9126
vn -0.7518 0.6594 -0.0000
vn -0.3949 -0.0111 -0.9186
vn -0.3949 -0.0111 0.9187
vn -0.0919 0.9958 0.0002
vn -0.7345 -0.6786 -0.0000
vn -0.4122 -0.3809 -0.8276
vn -0.4122 -0.3809 0.8277
vn 0.7944 -0.6074 -0.0000
vn 0.0867 0.9962 0.0002
vn -0.8270 -0.5623 -0.0000
vn -0.3808 0.0953 -0.9197
vn -0.3808 0.0953 0.9197
vn 0.6838 -0.7297 -0.0000
vn -0.0885 -0.9961 -0.0002
vn 0.8516 0.5242 -0.0000
vn 0.3766 -0.0647 -0.9241
vn 0.3766 -0.0647 0.9241
vn -0.6508 0.7593 -0.0000
vn 0.2419 0.9703 -0.0000
vn -0.9091 -0.4165 -0.0000
vn -0.3512 0.1263 -0.9277
vn -0.3512 0.1263 0.9278
vn 0.6230 -0.7822 -0.0000
vn -0.2480 -0.9688 -0.0000
vn 0.9351 0.3544 -0.0000
vn 0.3738 -0.1927 -0.9073
vn 0.3738 -0.1927 0.9073
vn -0.5739 0.8190 -0.0000
vn 0.4267 -0.9044 -0.0000
vn 0.4341 0.9009 0.0001
vn -0.3364 0.2399 -0.9106
vn -0.3365 0.2399 0.9106
vn -0.9433 -0.3319 -0.0000
vn -0.4350 -0.9005 -0.0001
vn 0.9638 0.2668 -0.0000
vn 0.3427 -0.2343 -0.9098
vn 0.3427 -0.2343 0.9098
vn -0.3662 0.9305 -0.0000
vn 0.2772 -0.9608 -0.0000
vn 0.6088 0.7933 -0.0001
vn -0.0430 0.4577 -0.8881
vn -0.0430 0.4577 0.8881
vn -0.9877 -0.1563 -0.0000
vn -0.1223 0.9925 -0.0000
vn -0.6156 -0.7880 -0.0000
vn 1.0000 -0.0072 -0.0000
vn 0.5777 -0.0041 -0.8162
vn 0.5777 -0.0041 0.8162
vn 0.0924 -0.9957 0.0001
vn -0.3949 -0.0111 0.9186
vn 0.0866 0.9962 -0.0002
vn -0.0883 -0.9961 -0.0000
vn -0.3512 0.1263 0.9277
vn -0.2481 -0.9687 -0.0000
vn -0.5739 0.8189 -0.0000
vn 0.4340 0.9009 0.0001
vn -0.3365 0.2399 -0.9106
vn -0.4349 -0.9005 -0.0000
vn -0.6156 -0.7881 -0.0002
vn 0.5777 -0.0041 -0.8163
vn 0.1004 0.6995 0.7076
vn 0.0931 0.2397 -0.9664
vn 0.9090 -0.2390 -0.3414
vn 0.9338 -0.1160 0.3386
vn -0.8980 0.2624 0.3531
vn -0.9298 0.1001 -0.3541
vn -0.0852 -0.8562 0.5096
vn 0.9019 -0.3658 0.2296
vn -0.9467 -0.2145 0.2402
vn 0.0339 -0.2520 0.9671
vn 0.0981 0.8548 -0.5095
vn -0.0488 -0.7061 -0.7064
vn 0.7866 -0.4638 -0.4075
vn -0.8436 -0.3503 -0.4070
vn -0.0073 -0.2812 0.9596
vn 0.2526 0.8333 -0.4918
vn 0.8576 -0.3869 -0.3389
vn -0.9055 0.2431 -0.3478
vn -0.1639 -0.6894 -0.7055
vn 0.2317 0.6685 0.7067
vn 0.1512 0.2354 -0.9601
vn 0.8901 -0.2811 0.3587
vn -0.8515 0.3767 0.3647
vn -0.2359 -0.8390 0.4903
vn 0.0195 -0.2086 0.9778
vn 0.3411 0.7509 -0.5655
vn 0.8010 -0.4809 -0.3566
vn -0.8458 0.3880 -0.3662
vn -0.2542 -0.6605 -0.7065
vn 0.3089 0.6338 0.7091
vn 0.1633 0.1298 -0.9780
vn 0.8659 -0.3725 0.3340
vn -0.7673 0.5361 0.3519
vn -0.3249 -0.7582 0.5653
vn -0.1397 -0.3487 0.9268
vn 0.5315 0.7452 -0.4028
vn 0.6531 -0.6794 -0.3344
vn -0.7729 0.5287 -0.3509
vn -0.3539 -0.6141 -0.7055
vn -0.5101 -0.7621 0.3988
vn 0.4450 0.5512 0.7058
vn 0.7590 -0.5580 0.3356
vn -0.6403 0.6844 0.3488
vn 0.2755 0.2514 -0.9278
vn -0.2048 -0.2608 0.9434
vn 0.6404 0.6259 -0.4452
vn 0.8323 -0.5085 -0.2206
vn -0.4566 0.8589 -0.2320
vn -0.4785 -0.5223 -0.7059
vn 0.5191 0.4809 0.7066
vn 0.2574 0.1920 -0.9470
vn 0.8546 -0.3220 0.4074
vn -0.2559 0.8766 0.4075
vn -0.6266 -0.6406 0.4439
vn -0.0492 -0.7057 0.7068
vn 0.0310 -0.2604 -0.9650
vn -0.9484 -0.2099 -0.2378
vn -0.8435 -0.3504 0.4071
vn 0.7867 -0.4637 0.4075
vn 0.9047 -0.3605 -0.2270
vn 0.0931 0.8605 0.5009
vn -0.9304 0.0959 0.3537
vn 0.9091 -0.2393 0.3410
vn 0.0881 0.2514 0.9639
vn -0.0851 -0.8604 -0.5024
vn 0.0983 0.7019 -0.7055
vn -0.8989 0.2615 -0.3516
vn 0.9347 -0.1126 -0.3372
vn -0.1639 -0.6879 0.7071
vn -0.0103 -0.2827 -0.9592
vn 0.2493 0.8368 0.4875
vn -0.9071 0.2372 0.3476
vn 0.8592 -0.3833 0.3389
vn 0.1479 0.2412 0.9591
vn -0.2389 -0.8402 -0.4869
vn 0.2293 0.6697 -0.7063
vn -0.8537 0.3748 -0.3615
vn 0.8936 -0.2742 -0.3553
vn 0.0134 -0.2148 -0.9766
vn 0.3309 0.7616 0.5573
vn -0.8496 0.3809 0.3649
vn 0.8031 -0.4785 0.3550
vn -0.2514 -0.6615 0.7065
vn 0.1580 0.1469 0.9764
vn -0.3232 -0.7636 -0.5589
vn 0.3037 0.6402 -0.7056
vn -0.7704 0.5320 -0.3514
vn 0.8687 -0.3663 -0.3335
vn -0.3525 -0.6113 0.7086
vn -0.1427 -0.3486 -0.9263
vn 0.5122 0.7624 0.3955
vn -0.7787 0.5193 0.3521
vn 0.6597 -0.6723 0.3359
vn 0.2703 0.2736 0.9231
vn -0.5083 -0.7641 -0.3972
vn 0.4251 0.5682 -0.7046
vn -0.6460 0.6795 -0.3477
vn 0.7677 -0.5464 -0.3347
vn -0.4754 -0.5164 0.7123
vn -0.2133 -0.2625 -0.9411
vn 0.6374 0.6399 0.4293
vn -0.4735 0.8494 0.2332
vn 0.8355 -0.5029 0.2216
vn 0.2640 0.2100 0.9414
vn -0.6378 -0.6400 -0.4284
vn 0.5124 0.4880 -0.7066
vn -0.2680 0.8730 -0.4075
vn 0.8590 -0.3100 -0.4074
vn -0.0563 -0.7046 0.7073
vn 0.0197 -0.2322 -0.9725
vn -0.9452 -0.2178 -0.2431
vn -0.8466 -0.3424 0.4075
vn 0.7817 -0.4715 0.4083
vn 0.8943 -0.3800 -0.2363
vn 0.0907 0.8463 0.5249
vn -0.9314 0.0800 0.3551
vn 0.9145 -0.2091 0.3464
vn 0.0709 0.2240 0.9720
vn -0.0846 -0.8463 -0.5259
vn 0.0906 0.7020 -0.7064
vn -0.9065 0.2321 -0.3527
vn 0.9359 -0.0926 -0.3398
vn -0.1356 -0.6951 0.7060
vn 0.0350 -0.2706 -0.9621
vn 0.2225 0.8338 0.5052
vn -0.8982 0.2582 0.3558
vn 0.8537 -0.3942 0.3403
vn 0.1671 0.2226 0.9605
vn -0.2101 -0.8363 -0.5065
vn 0.2188 0.6747 -0.7049
vn -0.8425 0.3900 -0.3715
vn 0.8832 -0.3021 -0.3588
vn -0.2844 -0.6454 0.7089
vn 0.0174 -0.2062 -0.9784
vn 0.3720 0.7301 0.5732
vn -0.8347 0.4118 0.3658
vn 0.7885 -0.4976 0.3615
vn 0.1703 0.1105 0.9792
vn -0.3645 -0.7342 -0.5728
vn 0.3434 0.6191 -0.7062
vn -0.7606 0.5499 -0.3452
vn 0.8573 -0.3906 -0.3352
vn -0.3587 -0.6103 0.7063
vn -0.1391 -0.3226 -0.9363
vn 0.4957 0.7620 0.4167
vn -0.7921 0.5004 0.3494
vn 0.6810 -0.6505 0.3362
vn 0.2397 0.2680 0.9331
vn -0.4920 -0.7634 -0.4186
vn 0.4079 0.5802 -0.7050
vn -0.6710 0.6545 -0.3483
vn 0.7804 -0.5277 -0.3354
vn -0.4596 -0.5309 0.7120
vn -0.1810 -0.2493 -0.9513
vn 0.6078 0.6484 0.4584
vn -0.4889 0.8409 0.2321
vn 0.8572 -0.4650 0.2212
vn 0.2392 0.1928 0.9516
vn -0.6076 -0.6493 -0.4575
vn 0.4969 0.5038 -0.7066
vn -0.2950 0.8643 -0.4075
vn 0.8682 -0.2840 -0.4070
vn -0.0886 -0.8697 0.4856
vn 0.1075 0.6998 0.7062
vn 0.9342 -0.1197 0.3361
vn 0.9087 -0.3529 0.2231
vn -0.9512 -0.1996 0.2354
vn -0.8948 0.2741 0.3524
vn 0.0929 0.2671 -0.9592
vn 0.9071 -0.2519 -0.3373
vn -0.9311 0.0991 -0.3511
vn 0.0280 -0.2793 0.9598
vn 0.1021 0.8685 -0.4850
vn -0.0496 -0.7061 -0.7063
vn 0.7864 -0.4645 -0.4073
vn -0.8440 -0.3495 -0.4069
vn -0.0102 -0.2994 0.9541
vn 0.2711 0.8364 -0.4764
vn 0.8442 -0.4175 -0.3361
vn -0.8988 0.2669 -0.3477
vn -0.1707 -0.6881 -0.7052
vn -0.2557 -0.8428 0.4735
vn 0.2507 0.6616 0.7067
vn 0.8850 -0.3048 0.3520
vn -0.8377 0.4106 0.3601
vn 0.1681 0.2465 -0.9545
vn -0.0132 -0.2219 0.9750
vn 0.3717 0.7498 -0.5475
vn 0.7871 -0.5069 -0.3514
vn -0.8409 0.4044 -0.3596
vn -0.2794 -0.6502 -0.7065
vn 0.3310 0.6237 0.7081
vn 0.1624 0.1495 -0.9753
vn 0.8581 -0.3871 0.3375
vn -0.7551 0.5538 0.3509
vn -0.3574 -0.7570 0.5470
vn -0.1667 -0.3474 0.9228
vn 0.5268 0.7571 -0.3864
vn 0.6731 -0.6581 -0.3374
vn -0.7914 0.5012 -0.3499
vn -0.3648 -0.6067 -0.7063
vn -0.5135 -0.7673 0.3842
vn 0.4283 0.5631 0.7068
vn 0.7838 -0.5213 0.3375
vn -0.6625 0.6637 0.3473
vn 0.2604 0.2816 -0.9235
vn -0.2179 -0.2838 0.9338
vn 0.6137 0.6725 -0.4137
vn 0.8551 -0.4672 -0.2248
vn -0.5190 0.8223 -0.2334
vn -0.4571 -0.5403 -0.7064
vn -0.6110 -0.6780 0.4085
vn 0.4870 0.5131 0.7068
vn 0.8735 -0.2661 0.4077
vn -0.3116 0.8582 0.4078
vn 0.2580 0.2403 -0.9358
vt 0.000000 0.000000
s 1
f 2657/43/2322 2658/43/2323 2323/43/2324 2321/43/2325
f 2658/43/2323 2657/43/2322 2322/43/2326 2324/43/2327
f 2658/43/2323 2659/43/2328 2325/43/2329 2323/43/2324
f 2659/43/2328 2658/43/2323 2324/43/2327 2326/43/2330
f 2659/43/2328 2657/43/2322 2321/43/2325 2325/43/2329
f 2657/43/2322 2659/43/2328 2326/43/2330 2322/43/2326
f 2660/43/2331 2661/43/2332 2323/43/2324 2325/43/2329
f 2661/43/2332 2660/43/2331 2326/43/2330 2324/43/2327
f 2661/43/2332 2662/43/2333 2327/43/2334 2323/43/2324
f 2662/43/2333 2661/43/2332 2324/43/2327 2328/43/2335
f 2662/43/2333 2660/43/2331 2325/43/2329 2327/43/2334
f 2660/43/2331 2662/43/2333 2328/43/2335 2326/43/2330
f 2663/43/2336 2664/43/2337 2331/43/2338 2329/43/2339
f 2664/43/2337 2663/43/2336 2330/43/2340 2332/43/2341
f 2664/43/2337 2665/43/2342 2333/43/2343 2331/43/2338
f 2665/43/2342 2664/43/2337 2332/43/2341 2334/43/2344
f 2665/43/2342 2663/43/2336 2329/43/2339 2333/43/2343
f 2663/43/2336 2665/43/2342 2334/43/2344 2330/43/2340
f 2666/43/2345 2667/43/2346 2331/43/2338 2333/43/2343
f 2667/43/2346 2666/43/2345 2334/43/2344 2332/43/2341
f 2667/43/2346 2668/43/2347 2335/43/2348 2331/43/2338
f 2668/43/2347 2667/43/2346 2332/43/2341 2336/43/2349
f 2668/43/2347 2666/43/2345 2333/43/2343 2335/43/2348
f 2666/43/2345 2668/43/2347 2336/43/2349 2334/43/2344
f 2669/43/2350 2670/43/2351 2339/43/2352 2337/43/2339
f 2670/43/2351 2669/43/2350 2338/43/2353 2340/43/2354
f 2670/43/2351 2671/43/2355 2341/43/2356 2339/43/2352
f 2671/43/2355 2670/43/2351 2340/43/2354 2342/43/2357
f 2671/43/2355 2669/43/2350 2337/43/2339 2341/43/2356
f 2669/43/2350 2671/43/2355 2342/43/2357 2338/43/2353
f 2672/43/2358 2673/43/2359 2339/43/2352 2341/43/2356
f 2673/43/2359 2672/43/2358 2342/43/2357 2340/43/2354
f 2673/43/2359 2674/43/2333 2343/43/2360 2339/43/2352
f 2674/43/2333 2673/43/2359 2340/43/2354 2344/43/2361
f 2674/43/2333 2672/43/2358 2341/43/2356 2343/43/2360
f 2672/43/2358 2674/43/2333 2344/43/2361 2342/43/2357
f 2675/43/2362 2676/43/2363 2347/43/2364 2345/43/2365
f 2676/43/2363 2675/43/2362 2346/43/2366 2348/43/2367
f 2676/43/2363 2677/43/2368 2349/43/2369 2347/43/2364
f 2677/43/2368 2676/43/2363 2348/43/2367 2350/43/2370
f 2677/43/2368 2675/43/2362 2345/43/2365 2349/43/2369
f 2675/43/2362 2677/43/2368 2350/43/2370 2346/43/2366
f 2678/43/2371 2679/43/2372 2347/43/2364 2349/43/2369
f 2679/43/2372 2678/43/2371 2350/43/2370 2348/43/2367
f 2679/43/2372 2680/43/2373 2351/43/2374 2347/43/2364
f 2680/43/2373 2679/43/2372 2348/43/2367 2352/43/2375
f 2680/43/2373 2678/43/2371 2349/43/2369 2351/43/2374
f 2678/43/2371 2680/43/2373 2352/43/2375 2350/43/2370
f 2681/43/2376 2682/43/2377 2355/43/2364 2353/43/2378
f 2682/43/2377 2681/43/2376 2354/43/2366 2356/43/2379
f 2682/43/2377 2683/43/2368 2357/43/2380 2355/43/2364
f 2683/43/2368 2682/43/2377 2356/43/2379 2358/43/2370
f 2683/43/2368 2681/43/2376 2353/43/2378 2357/43/2380
f 2681/43/2376 2683/43/2368 2358/43/2370 2354/43/2366
f 2684/43/2381 2685/43/2382 2355/43/2364 2357/43/2380
f 2685/43/2382 2684/43/2381 2358/43/2370 2356/43/2379
f 2685/43/2382 2686/43/2373 2359/43/2374 2355/43/2364
f 2686/43/2373 2685/43/2382 2356/43/2379 2360/43/2375
f 2686/43/2373 2684/43/2381 2357/43/2380 2359/43/2374
f 2684/43/2381 2686/43/2373 2360/43/2375 2358/43/2370
f 2687/43/2383 2688/43/2384 2363/43/2385 2361/43/2365
f 2688/43/2384 2687/43/2383 2362/43/2386 2364/43/2379
f 2688/43/2384 2689/43/2387 2365/43/2388 2363/43/2385
f 2689/43/2387 2688/43/2384 2364/43/2379 2366/43/2389
f 2689/43/2387 2687/43/2383 2361/43/2365 2365/43/2388
f 2687/43/2383 2689/43/2387 2366/43/2389 2362/43/2386
f 2690/43/2390 2691/43/2391 2363/43/2385 2365/43/2388
f 2691/43/2391 2690/43/2390 2366/43/2389 2364/43/2379
f 2691/43/2391 2692/43/2392 2367/43/2393 2363/43/2385
f 2692/43/2392 2691/43/2391 2364/43/2379 2368/43/2394
f 2692/43/2392 2690/43/2390 2365/43/2388 2367/43/2393
f 2690/43/2390 2692/43/2392 2368/43/2394 2366/43/2389
f 2693/43/2395 2694/43/2396 2371/43/2397 2369/43/2398
f 2694/43/2396 2693/43/2395 2370/43/2399 2372/43/2400
f 2694/43/2396 2695/43/2401 2373/43/2402 2371/43/2397
f 2695/43/2401 2694/43/2396 2372/43/2400 2374/43/2403
f 2695/43/2401 2693/43/2395 2369/43/2398 2373/43/2402
f 2693/43/2395 2695/43/2401 2374/43/2403 2370/43/2399
f 2696/43/2404 2697/43/2405 2371/43/2397 2373/43/2402
f 2697/43/2405 2696/43/2404 2374/43/2403 2372/43/2400
f 2697/43/2405 2698/43/2406 2375/43/2407 2371/43/2397
f 2698/43/2406 2697/43/2405 2372/43/2400 2376/43/2408
f 2698/43/2406 2696/43/2404 2373/43/2402 2375/43/2407
f 2696/43/2404 2698/43/2406 2376/43/2408 2374/43/2403
f 2699/43/2409 2700/43/2410 2375/43/2407 2373/43/2402
f 2700/43/2410 2699/43/2409 2374/43/2403 2376/43/2408
f 2700/43/2410 2701/43/2411 2377/43/2412 2375/43/2407
f 2701/43/2411 2700/43/2410 2376/43/2408 2378/43/2413
f 2701/43/2411 2699/43/2409 2373/43/2402 2377/43/2412
f 2699/43/2409 2701/43/2411 2378/43/2413 2374/43/2403
f 2702/43/2414 2703/43/2415 2375/43/2407 2377/43/2412
f 2703/43/2415 2702/43/2414 2378/43/2413 2376/43/2408
f 2703/43/2415 2704/43/2416 2379/43/2417 2375/43/2407
f 2704/43/2416 2703/43/2415 2376/43/2408 2380/43/2418
f 2704/43/2416 2702/43/2414 2377/43/2412 2379/43/2417
f 2702/43/2414 2704/43/2416 2380/43/2418 2378/43/2413
f 2705/43/2419 2706/43/2420 2379/43/2417 2377/43/2412
f 2706/43/2420 2705/43/2419 2378/43/2413 2380/43/2418
f 2706/43/2420 2707/43/2421 2381/43/2422 2379/43/2417
f 2707/43/2421 2706/43/2420 2380/43/2418 2382/43/2423
f 2707/43/2421 2705/43/2419 2377/43/2412 2381/43/2422
f 2705/43/2419 2707/43/2421 2382/43/2423 2378/43/2413
f 2708/43/2424 2709/43/2425 2379/43/2417 2381/43/2422
f 2709/43/2425 2708/43/2424 2382/43/2423 2380/43/2418
f 2709/43/2425 2710/43/2426 2383/43/2427 2379/43/2417
f 2710/43/2426 2709/43/2425 2380/43/2418 2384/43/2428
f 2710/43/2426 2708/43/2424 2381/43/2422 2383/43/2427
f 2708/43/2424 2710/43/2426 2384/43/2428 2382/43/2423
f 2711/43/2429 2712/43/2430 2383/43/2427 2381/43/2422
f 2712/43/2430 2711/43/2429 2382/43/2423 2384/43/2428
f 2712/43/2430 2713/43/2431 2385/43/2432 2383/43/2427
f 2713/43/2431 2712/43/2430 2384/43/2428 2386/43/2433
f 2713/43/2431 2711/43/2429 2381/43/2422 2385/43/2432
f 2711/43/2429 2713/43/2431 2386/43/2433 2382/43/2423
f 2714/43/2434 2715/43/2435 2383/43/2427 2385/43/2432
f 2715/43/2435 2714/43/2434 2386/43/2433 2384/43/2428
f 2715/43/2435 2716/43/2436 2387/43/2437 2383/43/2427
f 2716/43/2436 2715/43/2435 2384/43/2428 2388/43/2438
f 2716/43/2436 2714/43/2434 2385/43/2432 2387/43/2437
f 2714/43/2434 2716/43/2436 2388/43/2438 2386/43/2433
f 2717/43/2439 2718/43/2440 2389/43/2441 2387/43/2437
f 2718/43/2440 2717/43/2439 2388/43/2438 2390/43/2442
f 2718/43/2440 2719/43/2443 2385/43/2432 2389/43/2441
f 2719/43/2443 2718/43/2440 2390/43/2442 2386/43/2433
f 2719/43/2443 2717/43/2439 2387/43/2437 2385/43/2432
f 2717/43/2439 2719/43/2443 2386/43/2433 2388/43/2438
f 2720/43/2444 2721/43/2445 2387/43/2437 2389/43/2441
f 2721/43/2445 2720/43/2444 2390/43/2442 2388/43/2438
f 2721/43/2445 2722/43/2446 2391/43/2447 2387/43/2437
f 2722/43/2446 2721/43/2445 2388/43/2438 2392/43/2448
f 2722/43/2446 2720/43/2444 2389/43/2441 2391/43/2447
f 2720/43/2444 2722/43/2446 2392/43/2448 2390/43/2442
f 2723/43/2449 2724/43/2450 2395/43/2451 2393/43/2452
f 2724/43/2450 2723/43/2449 2394/43/2453 2396/43/2454
f 2724/43/2450 2725/43/2455 2397/43/2456 2395/43/2451
f 2725/43/2455 2724/43/2450 2396/43/2454 2398/43/2457
f 2725/43/2455 2723/43/2449 2393/43/2452 2397/43/2456
f 2723/43/2449 2725/43/2455 2398/43/2457 2394/43/2453
f 2726/43/2458 2727/43/2459 2395/43/2451 2397/43/2456
f 2727/43/2459 2726/43/2458 2398/43/2457 2396/43/2454
f 2727/43/2459 2728/43/2460 2399/43/2461 2395/43/2451
f 2728/43/2460 2727/43/2459 2396/43/2454 2400/43/2462
f 2728/43/2460 2726/43/2458 2397/43/2456 2399/43/2461
f 2726/43/2458 2728/43/2460 2400/43/2462 2398/43/2457
f 2729/43/2463 2730/43/2464 2401/43/2465 2393/43/2452
f 2730/43/2464 2729/43/2463 2394/43/2453 2402/43/2466
f 2730/43/2464 2731/43/2467 2395/43/2451 2401/43/2465
f 2731/43/2467 2730/43/2464 2402/43/2466 2396/43/2454
f 2731/43/2467 2729/43/2463 2393/43/2452 2395/43/2451
f 2729/43/2463 2731/43/2467 2396/43/2454 2394/43/2453
f 2732/43/2468 2733/43/2469 2401/43/2465 2403/43/2470
f 2733/43/2469 2732/43/2468 2404/43/2471 2402/43/2466
f 2733/43/2469 2734/43/2472 2393/43/2452 2401/43/2465
f 2734/43/2472 2733/43/2469 2402/43/2466 2394/43/2453
f 2734/43/2472 2732/43/2468 2403/43/2470 2393/43/2452
f 2732/43/2468 2734/43/2472 2394/43/2453 2404/43/2471
f 2735/43/2473 2736/43/2474 2405/43/2475 2403/43/2470
f 2736/43/2474 2735/43/2473 2404/43/2471 2406/43/2476
f 2736/43/2474 2737/43/2477 2401/43/2465 2405/43/2475
f 2737/43/2477 2736/43/2474 2406/43/2476 2402/43/2466
f 2737/43/2477 2735/43/2473 2403/43/2470 2401/43/2465
f 2735/43/2473 2737/43/2477 2402/43/2466 2404/43/2471
f 2738/43/2478 2739/43/2479 2405/43/2475 2407/43/2480
f 2739/43/2479 2738/43/2478 2408/43/2481 2406/43/2476
f 2739/43/2479 2740/43/2482 2403/43/2470 2405/43/2475
f 2740/43/2482 2739/43/2479 2406/43/2476 2404/43/2471
f 2740/43/2482 2738/43/2478 2407/43/2480 2403/43/2470
f 2738/43/2478 2740/43/2482 2404/43/2471 2408/43/2481
f 2741/43/2483 2742/43/2484 2409/43/2485 2407/43/2480
f 2742/43/2484 2741/43/2483 2408/43/2481 2410/43/2486
f 2742/43/2484 2743/43/2487 2405/43/2475 2409/43/2485
f 2743/43/2487 2742/43/2484 2410/43/2486 2406/43/2476
f 2743/43/2487 2741/43/2483 2407/43/2480 2405/43/2475
f 2741/43/2483 2743/43/2487 2406/43/2476 2408/43/2481
f 2744/43/2488 2745/43/2489 2411/43/2490 2407/43/2480
f 2745/43/2489 2744/43/2488 2408/43/2481 2412/43/2491
f 2745/43/2489 2746/43/2492 2409/43/2485 2411/43/2490
f 2746/43/2492 2745/43/2489 2412/43/2491 2410/43/2486
f 2746/43/2492 2744/43/2488 2407/43/2480 2409/43/2485
f 2744/43/2488 2746/43/2492 2410/43/2486 2408/43/2481
f 2747/43/2493 2748/43/2494 2413/43/2495 2411/43/2490
f 2748/43/2494 2747/43/2493 2412/43/2491 2414/43/2496
f 2748/43/2494 2749/43/2497 2409/43/2485 2413/43/2495
f 2749/43/2497 2748/43/2494 2414/43/2496 2410/43/2486
f 2749/43/2497 2747/43/2493 2411/43/2490 2409/43/2485
f 2747/43/2493 2749/43/2497 2410/43/2486 2412/43/2491
f 2750/43/2498 2751/43/2499 2413/43/2495 2415/43/2500
f 2751/43/2499 2750/43/2498 2416/43/2501 2414/43/2496
f 2751/43/2499 2752/43/2502 2411/43/2490 2413/43/2495
f 2752/43/2502 2751/43/2499 2414/43/2496 2412/43/2491
f 2752/43/2502 2750/43/2498 2415/43/2500 2411/43/2490
f 2750/43/2498 2752/43/2502 2412/43/2491 2416/43/2501
f 2753/43/2503 2754/43/2504 2419/43/2505 2417/43/2506
f 2754/43/2504 2753/43/2503 2418/43/2507 2420/43/2508
f 2754/43/2504 2755/43/2509 2421/43/2510 2419/43/2505
f 2755/43/2509 2754/43/2504 2420/43/2508 2422/43/2511
f 2755/43/2509 2753/43/2503 2417/43/2506 2421/43/2510
f 2753/43/2503 2755/43/2509 2422/43/2511 2418/43/2507
f 2756/43/2512 2757/43/2513 2423/43/2514 2421/43/2510
f 2757/43/2513 2756/43/2512 2422/43/2511 2424/43/2515
f 2757/43/2513 2758/43/2516 2417/43/2506 2423/43/2514
f 2758/43/2516 2757/43/2513 2424/43/2515 2418/43/2507
f 2758/43/2516 2756/43/2512 2421/43/2510 2417/43/2506
f 2756/43/2512 2758/43/2516 2418/43/2507 2422/43/2511
f 2759/43/2517 2760/43/2518 2421/43/2510 2425/43/2519
f 2760/43/2518 2759/43/2517 2426/43/2520 2422/43/2511
f 2760/43/2518 2761/43/2521 2419/43/2505 2421/43/2510
f 2761/43/2521 2760/43/2518 2422/43/2511 2420/43/2508
f 2761/43/2521 2759/43/2517 2425/43/2519 2419/43/2505
f 2759/43/2517 2761/43/2521 2420/43/2508 2426/43/2520
f 2762/43/2522 2763/43/2523 2427/43/2524 2419/43/2505
f 2763/43/2523 2762/43/2522 2420/43/2508 2428/43/2525
f 2763/43/2523 2764/43/2526 2425/43/2519 2427/43/2524
f 2764/43/2526 2763/43/2523 2428/43/2525 2426/43/2520
f 2764/43/2526 2762/43/2522 2419/43/2505 2425/43/2519
f 2762/43/2522 2764/43/2526 2426/43/2520 2420/43/2508
f 2765/43/2527 2766/43/2528 2425/43/2519 2429/43/2529
f 2766/43/2528 2765/43/2527 2430/43/2530 2426/43/2520
f 2766/43/2528 2767/43/2531 2427/43/2524 2425/43/2519
f 2767/43/2531 2766/43/2528 2426/43/2520 2428/43/2525
f 2767/43/2531 2765/43/2527 2429/43/2529 2427/43/2524
f 2765/43/2527 2767/43/2531 2428/43/2525 2430/43/2530
f 2768/43/2532 2769/43/2533 2431/43/2534 2427/43/2524
f 2769/43/2533 2768/43/2532 2428/43/2525 2432/43/2535
f 2769/43/2533 2770/43/2536 2429/43/2529 2431/43/2534
f 2770/43/2536 2769/43/2533 2432/43/2535 2430/43/2530
f 2770/43/2536 2768/43/2532 2427/43/2524 2429/43/2529
f 2768/43/2532 2770/43/2536 2430/43/2530 2428/43/2525
f 2771/43/2537 2772/43/2538 2433/43/2539 2431/43/2534
f 2772/43/2538 2771/43/2537 2432/43/2535 2434/43/2540
f 2772/43/2538 2773/43/2541 2429/43/2529 2433/43/2539
f 2773/43/2541 2772/43/2538 2434/43/2540 2430/43/2530
f 2773/43/2541 2771/43/2537 2431/43/2534 2429/43/2529
f 2771/43/2537 2773/43/2541 2430/43/2530 2432/43/2535
f 2774/43/2542 2775/43/2543 2435/43/2544 2431/43/2534
f 2775/43/2543 2774/43/2542 2432/43/2535 2436/43/2545
f 2775/43/2543 2776/43/2546 2433/43/2539 2435/43/2544
f 2776/43/2546 2775/43/2543 2436/43/2545 2434/43/2540
f 2776/43/2546 2774/43/2542 2431/43/2534 2433/43/2539
f 2774/43/2542 2776/43/2546 2434/43/2540 2432/43/2535
f 2777/43/2547 2778/43/2548 2437/43/2549 2435/43/2544
f 2778/43/2548 2777/43/2547 2436/43/2545 2438/43/2550
f 2778/43/2548 2779/43/2551 2433/43/2539 2437/43/2549
f 2779/43/2551 2778/43/2548 2438/43/2550 2434/43/2540
f 2779/43/2551 2777/43/2547 2435/43/2544 2433/43/2539
f 2777/43/2547 2779/43/2551 2434/43/2540 2436/43/2545
f 2780/43/2552 2781/43/2553 2435/43/2544 2437/43/2549
f 2781/43/2553 2780/43/2552 2438/43/2550 2436/43/2545
f 2781/43/2553 2782/43/2554 2439/43/2555 2435/43/2544
f 2782/43/2554 2781/43/2553 2436/43/2545 2440/43/2556
f 2782/43/2554 2780/43/2552 2437/43/2549 2439/43/2555
f 2780/43/2552 2782/43/2554 2440/43/2556 2438/43/2550
f 2783/43/2557 2784/43/2509 2443/43/2558 2441/43/2507
f 2784/43/2509 2783/43/2557 2442/43/2506 2444/43/2559
f 2784/43/2509 2785/43/2504 2445/43/2508 2443/43/2558
f 2785/43/2504 2784/43/2509 2444/43/2559 2446/43/2505
f 2785/43/2504 2783/43/2557 2441/43/2507 2445/43/2508
f 2783/43/2557 2785/43/2504 2446/43/2505 2442/43/2506
f 2786/43/2560 2787/43/2516 2441/43/2507 2443/43/2558
f 2787/43/2516 2786/43/2560 2444/43/2559 2442/43/2506
f 2787/43/2516 2788/43/2513 2447/43/2515 2441/43/2507
f 2788/43/2513 2787/43/2516 2442/43/2506 2448/43/2514
f 2788/43/2513 2786/43/2560 2443/43/2558 2447/43/2515
f 2786/43/2560 2788/43/2513 2448/43/2514 2444/43/2559
f 2789/43/2561 2790/43/2521 2445/43/2508 2449/43/2520
f 2790/43/2521 2789/43/2561 2450/43/2519 2446/43/2505
f 2790/43/2521 2791/43/2518 2443/43/2558 2445/43/2508
f 2791/43/2518 2790/43/2521 2446/43/2505 2444/43/2559
f 2791/43/2518 2789/43/2561 2449/43/2520 2443/43/2558
f 2789/43/2561 2791/43/2518 2444/43/2559 2450/43/2519
f 2792/43/2562 2793/43/2526 2449/43/2520 2445/43/2508
f 2793/43/2526 2792/43/2562 2446/43/2505 2450/43/2519
f 2793/43/2526 2794/43/2523 2451/43/2525 2449/43/2520
f 2794/43/2523 2793/43/2526 2450/43/2519 2452/43/2524
f 2794/43/2523 2792/43/2562 2445/43/2508 2451/43/2525
f 2792/43/2562 2794/43/2523 2452/43/2524 2446/43/2505
f 2795/43/2563 2796/43/2564 2451/43/2525 2453/43/2565
f 2796/43/2564 2795/43/2563 2454/43/2529 2452/43/2524
f 2796/43/2564 2797/43/2528 2449/43/2520 2451/43/2525
f 2797/43/2528 2796/43/2564 2452/43/2524 2450/43/2519
f 2797/43/2528 2795/43/2563 2453/43/2565 2449/43/2520
f 2795/43/2563 2797/43/2528 2450/43/2519 2454/43/2529
f 2798/43/2566 2799/43/2567 2453/43/2565 2451/43/2525
f 2799/43/2567 2798/43/2566 2452/43/2524 2454/43/2529
f 2799/43/2567 2800/43/2533 2455/43/2568 2453/43/2565
f 2800/43/2533 2799/43/2567 2454/43/2529 2456/43/2569
f 2800/43/2533 2798/43/2566 2451/43/2525 2455/43/2568
f 2798/43/2566 2800/43/2533 2456/43/2569 2452/43/2524
f 2801/43/2570 2802/43/2571 2455/43/2568 2457/43/2540
f 2802/43/2571 2801/43/2570 2458/43/2539 2456/43/2569
f 2802/43/2571 2803/43/2541 2453/43/2565 2455/43/2568
f 2803/43/2541 2802/43/2571 2456/43/2569 2454/43/2529
f 2803/43/2541 2801/43/2570 2457/43/2540 2453/43/2565
f 2801/43/2570 2803/43/2541 2454/43/2529 2458/43/2539
f 2804/43/2572 2805/43/2546 2457/43/2540 2455/43/2568
f 2805/43/2546 2804/43/2572 2456/43/2569 2458/43/2539
f 2805/43/2546 2806/43/2543 2459/43/2545 2457/43/2540
f 2806/43/2543 2805/43/2546 2458/43/2539 2460/43/2544
f 2806/43/2543 2804/43/2572 2455/43/2568 2459/43/2545
f 2804/43/2572 2806/43/2543 2460/43/2544 2456/43/2569
f 2807/43/2548 2808/43/2573 2459/43/2545 2461/43/2550
f 2808/43/2573 2807/43/2548 2462/43/2549 2460/43/2544
f 2808/43/2573 2809/43/2551 2457/43/2540 2459/43/2545
f 2809/43/2551 2808/43/2573 2460/43/2544 2458/43/2539
f 2809/43/2551 2807/43/2548 2461/43/2550 2457/43/2540
f 2807/43/2548 2809/43/2551 2458/43/2539 2462/43/2549
f 2810/43/2553 2811/43/2552 2461/43/2550 2459/43/2545
f 2811/43/2552 2810/43/2553 2460/43/2544 2462/43/2549
f 2811/43/2552 2812/43/2554 2463/43/2556 2461/43/2550
f 2812/43/2554 2811/43/2552 2462/43/2549 2464/43/2555
f 2812/43/2554 2810/43/2553 2459/43/2545 2463/43/2556
f 2810/43/2553 2812/43/2554 2464/43/2555 2460/43/2544
f 2813/43/2574 2814/43/2575 2467/43/2576 2465/43/2577
f 2814/43/2575 2813/43/2574 2466/43/2578 2468/43/2579
f 2814/43/2575 2815/43/2580 2469/43/2581 2467/43/2576
f 2815/43/2580 2814/43/2575 2468/43/2579 2470/43/2582
f 2815/43/2580 2813/43/2574 2465/43/2577 2469/43/2581
f 2813/43/2574 2815/43/2580 2470/43/2582 2466/43/2578
f 2816/43/2583 2817/43/2513 2471/43/2584 2469/43/2581
f 2817/43/2513 2816/43/2583 2470/43/2582 2472/43/2585
f 2817/43/2513 2818/43/2586 2465/43/2577 2471/43/2584
f 2818/43/2586 2817/43/2513 2472/43/2585 2466/43/2578
f 2818/43/2586 2816/43/2583 2469/43/2581 2465/43/2577
f 2816/43/2583 2818/43/2586 2466/43/2578 2470/43/2582
f 2819/43/2587 2820/43/2588 2469/43/2581 2473/43/2589
f 2820/43/2588 2819/43/2587 2474/43/2590 2470/43/2582
f 2820/43/2588 2821/43/2591 2467/43/2576 2469/43/2581
f 2821/43/2591 2820/43/2588 2470/43/2582 2468/43/2579
f 2821/43/2591 2819/43/2587 2473/43/2589 2467/43/2576
f 2819/43/2587 2821/43/2591 2468/43/2579 2474/43/2590
f 2822/43/2592 2823/43/2593 2475/43/2594 2467/43/2576
f 2823/43/2593 2822/43/2592 2468/43/2579 2476/43/2595
f 2823/43/2593 2824/43/2596 2473/43/2589 2475/43/2594
f 2824/43/2596 2823/43/2593 2476/43/2595 2474/43/2590
f 2824/43/2596 2822/43/2592 2467/43/2576 2473/43/2589
f 2822/43/2592 2824/43/2596 2474/43/2590 2468/43/2579
f 2825/43/2597 2826/43/2598 2473/43/2589 2477/43/2599
f 2826/43/2598 2825/43/2597 2478/43/2600 2474/43/2590
f 2826/43/2598 2827/43/2601 2475/43/2594 2473/43/2589
f 2827/43/2601 2826/43/2598 2474/43/2590 2476/43/2595
f 2827/43/2601 2825/43/2597 2477/43/2599 2475/43/2594
f 2825/43/2597 2827/43/2601 2476/43/2595 2478/43/2600
f 2828/43/2602 2829/43/2603 2479/43/2604 2475/43/2594
f 2829/43/2603 2828/43/2602 2476/43/2595 2480/43/2605
f 2829/43/2603 2830/43/2606 2477/43/2599 2479/43/2604
f 2830/43/2606 2829/43/2603 2480/43/2605 2478/43/2600
f 2830/43/2606 2828/43/2602 2475/43/2594 2477/43/2599
f 2828/43/2602 2830/43/2606 2478/43/2600 2476/43/2595
f 2831/43/2607 2832/43/2608 2481/43/2609 2479/43/2604
f 2832/43/2608 2831/43/2607 2480/43/2605 2482/43/2610
f 2832/43/2608 2833/43/2611 2477/43/2599 2481/43/2609
f 2833/43/2611 2832/43/2608 2482/43/2610 2478/43/2600
f 2833/43/2611 2831/43/2607 2479/43/2604 2477/43/2599
f 2831/43/2607 2833/43/2611 2478/43/2600 2480/43/2605
f 2834/43/2612 2835/43/2613 2483/43/2614 2479/43/2604
f 2835/43/2613 2834/43/2612 2480/43/2605 2484/43/2615
f 2835/43/2613 2836/43/2616 2481/43/2609 2483/43/2614
f 2836/43/2616 2835/43/2613 2484/43/2615 2482/43/2610
f 2836/43/2616 2834/43/2612 2479/43/2604 2481/43/2609
f 2834/43/2612 2836/43/2616 2482/43/2610 2480/43/2605
f 2837/43/2617 2838/43/2618 2485/43/2619 2483/43/2614
f 2838/43/2618 2837/43/2617 2484/43/2615 2486/43/2620
f 2838/43/2618 2839/43/2621 2481/43/2609 2485/43/2619
f 2839/43/2621 2838/43/2618 2486/43/2620 2482/43/2610
f 2839/43/2621 2837/43/2617 2483/43/2614 2481/43/2609
f 2837/43/2617 2839/43/2621 2482/43/2610 2484/43/2615
f 2840/43/2622 2841/43/2623 2483/43/2614 2485/43/2619
f 2841/43/2623 2840/43/2622 2486/43/2620 2484/43/2615
f 2841/43/2623 2842/43/2624 2487/43/2625 2483/43/2614
f 2842/43/2624 2841/43/2623 2484/43/2615 2488/43/2626
f 2842/43/2624 2840/43/2622 2485/43/2619 2487/43/2625
f 2840/43/2622 2842/43/2624 2488/43/2626 2486/43/2620
f 2843/43/2583 2844/43/2586 2491/43/2578 2489/43/2582
f 2844/43/2586 2843/43/2583 2490/43/2581 2492/43/2577
f 2844/43/2586 2845/43/2513 2493/43/2585 2491/43/2578
f 2845/43/2513 2844/43/2586 2492/43/2577 2494/43/2584
f 2845/43/2513 2843/43/2583 2489/43/2582 2493/43/2585
f 2843/43/2583 2845/43/2513 2494/43/2584 2490/43/2581
f 2846/43/2627 2847/43/2580 2489/43/2582 2491/43/2578
f 2847/43/2580 2846/43/2627 2492/43/2577 2490/43/2581
f 2847/43/2580 2848/43/2575 2495/43/2579 2489/43/2582
f 2848/43/2575 2847/43/2580 2490/43/2581 2496/43/2576
f 2848/43/2575 2846/43/2627 2491/43/2578 2495/43/2579
f 2846/43/2627 2848/43/2575 2496/43/2576 2492/43/2577
f 2849/43/2628 2850/43/2591 2495/43/2579 2497/43/2590
f 2850/43/2591 2849/43/2628 2498/43/2589 2496/43/2576
f 2850/43/2591 2851/43/2588 2489/43/2582 2495/43/2579
f 2851/43/2588 2850/43/2591 2496/43/2576 2490/43/2581
f 2851/43/2588 2849/43/2628 2497/43/2590 2489/43/2582
f 2849/43/2628 2851/43/2588 2490/43/2581 2498/43/2589
f 2852/43/2629 2853/43/2596 2497/43/2590 2495/43/2579
f 2853/43/2596 2852/43/2629 2496/43/2576 2498/43/2589
f 2853/43/2596 2854/43/2593 2499/43/2630 2497/43/2590
f 2854/43/2593 2853/43/2596 2498/43/2589 2500/43/2594
f 2854/43/2593 2852/43/2629 2495/43/2579 2499/43/2630
f 2852/43/2629 2854/43/2593 2500/43/2594 2496/43/2576
f 2855/43/2631 2856/43/2601 2499/43/2630 2501/43/2600
f 2856/43/2601 2855/43/2631 2502/43/2599 2500/43/2594
f 2856/43/2601 2857/43/2598 2497/43/2590 2499/43/2630
f 2857/43/2598 2856/43/2601 2500/43/2594 2498/43/2589
f 2857/43/2598 2855/43/2631 2501/43/2600 2497/43/2590
f 2855/43/2631 2857/43/2598 2498/43/2589 2502/43/2599
f 2858/43/2632 2859/43/2606 2501/43/2600 2499/43/2630
f 2859/43/2606 2858/43/2632 2500/43/2594 2502/43/2599
f 2859/43/2606 2860/43/2603 2503/43/2605 2501/43/2600
f 2860/43/2603 2859/43/2606 2502/43/2599 2504/43/2604
f 2860/43/2603 2858/43/2632 2499/43/2630 2503/43/2605
f 2858/43/2632 2860/43/2603 2504/43/2604 2500/43/2594
f 2861/43/2633 2862/43/2607 2503/43/2605 2505/43/2610
f 2862/43/2607 2861/43/2633 2506/43/2609 2504/43/2604
f 2862/43/2607 2863/43/2611 2501/43/2600 2503/43/2605
f 2863/43/2611 2862/43/2607 2504/43/2604 2502/43/2599
f 2863/43/2611 2861/43/2633 2505/43/2610 2501/43/2600
f 2861/43/2633 2863/43/2611 2502/43/2599 2506/43/2609
f 2864/43/2634 2865/43/2616 2505/43/2610 2503/43/2605
f 2865/43/2616 2864/43/2634 2504/43/2604 2506/43/2609
f 2865/43/2616 2866/43/2613 2507/43/2615 2505/43/2610
f 2866/43/2613 2865/43/2616 2506/43/2609 2508/43/2614
f 2866/43/2613 2864/43/2634 2503/43/2605 2507/43/2615
f 2864/43/2634 2866/43/2613 2508/43/2614 2504/43/2604
f 2867/43/2635 2868/43/2617 2507/43/2615 2509/43/2620
f 2868/43/2617 2867/43/2635 2510/43/2619 2508/43/2614
f 2868/43/2617 2869/43/2621 2505/43/2610 2507/43/2615
f 2869/43/2621 2868/43/2617 2508/43/2614 2506/43/2609
f 2869/43/2621 2867/43/2635 2509/43/2620 2505/43/2610
f 2867/43/2635 2869/43/2621 2506/43/2609 2510/43/2619
f 2870/43/2636 2871/43/2622 2509/43/2620 2507/43/2615
f 2871/43/2622 2870/43/2636 2508/43/2614 2510/43/2619
f 2871/43/2622 2872/43/2624 2511/43/2637 2509/43/2620
f 2872/43/2624 2871/43/2622 2510/43/2619 2512/43/2625
f 2872/43/2624 2870/43/2636 2507/43/2615 2511/43/2637
f 2870/43/2636 2872/43/2624 2512/43/2625 2508/43/2614
f 2873/43/2638 2874/43/2639 2515/43/2640 2513/43/2641
f 2874/43/2639 2873/43/2638 2514/43/2642 2516/43/2643
f 2874/43/2639 2875/43/2644 2517/43/2645 2515/43/2640
f 2875/43/2644 2874/43/2639 2516/43/2643 2518/43/2646
f 2875/43/2644 2873/43/2638 2513/43/2641 2517/43/2645
f 2873/43/2638 2875/43/2644 2518/43/2646 2514/43/2642
f 2876/43/2647 2877/43/2648 2519/43/2649 2517/43/2645
f 2877/43/2648 2876/43/2647 2518/43/2646 2520/43/2650
f 2877/43/2648 2878/43/2651 2513/43/2641 2519/43/2649
f 2878/43/2651 2877/43/2648 2520/43/2650 2514/43/2642
f 2878/43/2651 2876/43/2647 2517/43/2645 2513/43/2641
f 2876/43/2647 2878/43/2651 2514/43/2642 2518/43/2646
f 2879/43/2652 2880/43/2653 2517/43/2645 2521/43/2654
f 2880/43/2653 2879/43/2652 2522/43/2655 2518/43/2646
f 2880/43/2653 2881/43/2656 2515/43/2640 2517/43/2645
f 2881/43/2656 2880/43/2653 2518/43/2646 2516/43/2643
f 2881/43/2656 2879/43/2652 2521/43/2654 2515/43/2640
f 2879/43/2652 2881/43/2656 2516/43/2643 2522/43/2655
f 2882/43/2657 2883/43/2658 2523/43/2659 2515/43/2640
f 2883/43/2658 2882/43/2657 2516/43/2643 2524/43/2660
f 2883/43/2658 2884/43/2661 2521/43/2654 2523/43/2659
f 2884/43/2661 2883/43/2658 2524/43/2660 2522/43/2655
f 2884/43/2661 2882/43/2657 2515/43/2640 2521/43/2654
f 2882/43/2657 2884/43/2661 2522/43/2655 2516/43/2643
f 2885/43/2662 2886/43/2663 2521/43/2654 2525/43/2664
f 2886/43/2663 2885/43/2662 2526/43/2665 2522/43/2655
f 2886/43/2663 2887/43/2666 2523/43/2659 2521/43/2654
f 2887/43/2666 2886/43/2663 2522/43/2655 2524/43/2660
f 2887/43/2666 2885/43/2662 2525/43/2664 2523/43/2659
f 2885/43/2662 2887/43/2666 2524/43/2660 2526/43/2665
f 2888/43/2667 2889/43/2668 2527/43/2669 2523/43/2659
f 2889/43/2668 2888/43/2667 2524/43/2660 2528/43/2670
f 2889/43/2668 2890/43/2671 2525/43/2664 2527/43/2669
f 2890/43/2671 2889/43/2668 2528/43/2670 2526/43/2665
f 2890/43/2671 2888/43/2667 2523/43/2659 2525/43/2664
f 2888/43/2667 2890/43/2671 2526/43/2665 2524/43/2660
f 2891/43/2672 2892/43/2673 2529/43/2674 2527/43/2669
f 2892/43/2673 2891/43/2672 2528/43/2670 2530/43/2675
f 2892/43/2673 2893/43/2676 2525/43/2664 2529/43/2674
f 2893/43/2676 2892/43/2673 2530/43/2675 2526/43/2665
f 2893/43/2676 2891/43/2672 2527/43/2669 2525/43/2664
f 2891/43/2672 2893/43/2676 2526/43/2665 2528/43/2670
f 2894/43/2677 2895/43/2678 2531/43/2679 2527/43/2669
f 2895/43/2678 2894/43/2677 2528/43/2670 2532/43/2680
f 2895/43/2678 2896/43/2681 2529/43/2674 2531/43/2679
f 2896/43/2681 2895/43/2678 2532/43/2680 2530/43/2675
f 2896/43/2681 2894/43/2677 2527/43/2669 2529/43/2674
f 2894/43/2677 2896/43/2681 2530/43/2675 2528/43/2670
f 2897/43/2682 2898/43/2683 2533/43/2684 2531/43/2679
f 2898/43/2683 2897/43/2682 2532/43/2680 2534/43/2685
f 2898/43/2683 2899/43/2686 2529/43/2674 2533/43/2684
f 2899/43/2686 2898/43/2683 2534/43/2685 2530/43/2675
f 2899/43/2686 2897/43/2682 2531/43/2679 2529/43/2674
f 2897/43/2682 2899/43/2686 2530/43/2675 2532/43/2680
f 2900/43/2687 2901/43/2688 2531/43/2679 2533/43/2684
f 2901/43/2688 2900/43/2687 2534/43/2685 2532/43/2680
f 2901/43/2688 2902/43/2689 2535/43/2690 2531/43/2679
f 2902/43/2689 2901/43/2688 2532/43/2680 2536/43/2691
f 2902/43/2689 2900/43/2687 2533/43/2684 2535/43/2690
f 2900/43/2687 2902/43/2689 2536/43/2691 2534/43/2685
f 2903/43/2692 2904/43/2644 2539/43/2693 2537/43/2642
f 2904/43/2644 2903/43/2692 2538/43/2641 2540/43/2645
f 2904/43/2644 2905/43/2639 2541/43/2643 2539/43/2693
f 2905/43/2639 2904/43/2644 2540/43/2645 2542/43/2640
f 2905/43/2639 2903/43/2692 2537/43/2642 2541/43/2643
f 2903/43/2692 2905/43/2639 2542/43/2640 2538/43/2641
f 2906/43/2647 2907/43/2651 2537/43/2642 2539/43/2693
f 2907/43/2651 2906/43/2647 2540/43/2645 2538/43/2641
f 2907/43/2651 2908/43/2648 2543/43/2650 2537/43/2642
f 2908/43/2648 2907/43/2651 2538/43/2641 2544/43/2649
f 2908/43/2648 2906/43/2647 2539/43/2693 2543/43/2650
f 2906/43/2647 2908/43/2648 2544/43/2649 2540/43/2645
f 2909/43/2694 2910/43/2656 2541/43/2643 2545/43/2655
f 2910/43/2656 2909/43/2694 2546/43/2654 2542/43/2640
f 2910/43/2656 2911/43/2653 2539/43/2693 2541/43/2643
f 2911/43/2653 2910/43/2656 2542/43/2640 2540/43/2645
f 2911/43/2653 2909/43/2694 2545/43/2655 2539/43/2693
f 2909/43/2694 2911/43/2653 2540/43/2645 2546/43/2654
f 2912/43/2695 2913/43/2661 2545/43/2655 2541/43/2643
f 2913/43/2661 2912/43/2695 2542/43/2640 2546/43/2654
f 2913/43/2661 2914/43/2658 2547/43/2660 2545/43/2655
f 2914/43/2658 2913/43/2661 2546/43/2654 2548/43/2659
f 2914/43/2658 2912/43/2695 2541/43/2643 2547/43/2660
f 2912/43/2695 2914/43/2658 2548/43/2659 2542/43/2640
f 2915/43/2662 2916/43/2666 2547/43/2660 2549/43/2696
f 2916/43/2666 2915/43/2662 2550/43/2664 2548/43/2659
f 2916/43/2666 2917/43/2663 2545/43/2655 2547/43/2660
f 2917/43/2663 2916/43/2666 2548/43/2659 2546/43/2654
f 2917/43/2663 2915/43/2662 2549/43/2696 2545/43/2655
f 2915/43/2662 2917/43/2663 2546/43/2654 2550/43/2664
f 2918/43/2697 2919/43/2698 2549/43/2696 2547/43/2660
f 2919/43/2698 2918/43/2697 2548/43/2659 2550/43/2664
f 2919/43/2698 2920/43/2668 2551/43/2670 2549/43/2696
f 2920/43/2668 2919/43/2698 2550/43/2664 2552/43/2669
f 2920/43/2668 2918/43/2697 2547/43/2660 2551/43/2670
f 2918/43/2697 2920/43/2668 2552/43/2669 2548/43/2659
f 2921/43/2699 2922/43/2672 2551/43/2670 2553/43/2675
f 2922/43/2672 2921/43/2699 2554/43/2700 2552/43/2669
f 2922/43/2672 2923/43/2676 2549/43/2696 2551/43/2670
f 2923/43/2676 2922/43/2672 2552/43/2669 2550/43/2664
f 2923/43/2676 2921/43/2699 2553/43/2675 2549/43/2696
f 2921/43/2699 2923/43/2676 2550/43/2664 2554/43/2700
f 2924/43/2701 2925/43/2681 2553/43/2675 2551/43/2670
f 2925/43/2681 2924/43/2701 2552/43/2669 2554/43/2700
f 2925/43/2681 2926/43/2678 2555/43/2680 2553/43/2675
f 2926/43/2678 2925/43/2681 2554/43/2700 2556/43/2679
f 2926/43/2678 2924/43/2701 2551/43/2670 2555/43/2680
f 2924/43/2701 2926/43/2678 2556/43/2679 2552/43/2669
f 2927/43/2683 2928/43/2682 2555/43/2680 2557/43/2685
f 2928/43/2682 2927/43/2683 2558/43/2684 2556/43/2679
f 2928/43/2682 2929/43/2686 2553/43/2675 2555/43/2680
f 2929/43/2686 2928/43/2682 2556/43/2679 2554/43/2700
f 2929/43/2686 2927/43/2683 2557/43/2685 2553/43/2675
f 2927/43/2683 2929/43/2686 2554/43/2700 2558/43/2684
f 2930/43/2702 2931/43/2687 2557/43/2685 2555/43/2680
f 2931/43/2687 2930/43/2702 2556/43/2679 2558/43/2684
f 2931/43/2687 2932/43/2689 2559/43/2691 2557/43/2685
f 2932/43/2689 2931/43/2687 2558/43/2684 2560/43/2703
f 2932/43/2689 2930/43/2702 2555/43/2680 2559/43/2691
f 2930/43/2702 2932/43/2689 2560/43/2703 2556/43/2679
f 2933/43/2704 2934/43/2705 2563/43/2706 2561/43/2707
f 2934/43/2705 2933/43/2704 2562/43/2708 2564/43/2709
f 2934/43/2705 2935/43/2710 2565/43/2711 2563/43/2706
f 2935/43/2710 2934/43/2705 2564/43/2709 2566/43/2712
f 2935/43/2710 2933/43/2704 2561/43/2707 2565/43/2711
f 2933/43/2704 2935/43/2710 2566/43/2712 2562/43/2708
f 2936/43/2713 2937/43/2714 2563/43/2706 2565/43/2711
f 2937/43/2714 2936/43/2713 2566/43/2712 2564/43/2709
f 2937/43/2714 2938/43/2715 2567/43/2716 2563/43/2706
f 2938/43/2715 2937/43/2714 2564/43/2709 2568/43/2717
f 2938/43/2715 2936/43/2713 2565/43/2711 2567/43/2716
f 2936/43/2713 2938/43/2715 2568/43/2717 2566/43/2712
f 2939/43/2718 2940/43/2719 2569/43/2720 2561/43/2707
f 2940/43/2719 2939/43/2718 2562/43/2708 2570/43/2721
f 2940/43/2719 2941/43/2722 2563/43/2706 2569/43/2720
f 2941/43/2722 2940/43/2719 2570/43/2721 2564/43/2709
f 2941/43/2722 2939/43/2718 2561/43/2707 2563/43/2706
f 2939/43/2718 2941/43/2722 2564/43/2709 2562/43/2708
f 2942/43/2723 2943/43/2724 2569/43/2720 2571/43/2725
f 2943/43/2724 2942/43/2723 2572/43/2726 2570/43/2721
f 2943/43/2724 2944/43/2727 2561/43/2707 2569/43/2720
f 2944/43/2727 2943/43/2724 2570/43/2721 2562/43/2708
f 2944/43/2727 2942/43/2723 2571/43/2725 2561/43/2707
f 2942/43/2723 2944/43/2727 2562/43/2708 2572/43/2726
f 2945/43/2728 2946/43/2729 2573/43/2730 2571/43/2725
f 2946/43/2729 2945/43/2728 2572/43/2726 2574/43/2731
f 2946/43/2729 2947/43/2732 2569/43/2720 2573/43/2730
f 2947/43/2732 2946/43/2729 2574/43/2731 2570/43/2721
f 2947/43/2732 2945/43/2728 2571/43/2725 2569/43/2720
f 2945/43/2728 2947/43/2732 2570/43/2721 2572/43/2726
f 2948/43/2733 2949/43/2734 2573/43/2730 2575/43/2735
f 2949/43/2734 2948/43/2733 2576/43/2736 2574/43/2731
f 2949/43/2734 2950/43/2737 2571/43/2725 2573/43/2730
f 2950/43/2737 2949/43/2734 2574/43/2731 2572/43/2726
f 2950/43/2737 2948/43/2733 2575/43/2735 2571/43/2725
f 2948/43/2733 2950/43/2737 2572/43/2726 2576/43/2736
f 2951/43/2738 2952/43/2739 2577/43/2740 2575/43/2735
f 2952/43/2739 2951/43/2738 2576/43/2736 2578/43/2741
f 2952/43/2739 2953/43/2742 2573/43/2730 2577/43/2740
f 2953/43/2742 2952/43/2739 2578/43/2741 2574/43/2731
f 2953/43/2742 2951/43/2738 2575/43/2735 2573/43/2730
f 2951/43/2738 2953/43/2742 2574/43/2731 2576/43/2736
f 2954/43/2743 2955/43/2744 2579/43/2745 2575/43/2735
f 2955/43/2744 2954/43/2743 2576/43/2736 2580/43/2746
f 2955/43/2744 2956/43/2747 2577/43/2740 2579/43/2745
f 2956/43/2747 2955/43/2744 2580/43/2746 2578/43/2741
f 2956/43/2747 2954/43/2743 2575/43/2735 2577/43/2740
f 2954/43/2743 2956/43/2747 2578/43/2741 2576/43/2736
f 2957/43/2748 2958/43/2749 2581/43/2750 2579/43/2745
f 2958/43/2749 2957/43/2748 2580/43/2746 2582/43/2751
f 2958/43/2749 2959/43/2752 2577/43/2740 2581/43/2750
f 2959/43/2752 2958/43/2749 2582/43/2751 2578/43/2741
f 2959/43/2752 2957/43/2748 2579/43/2745 2577/43/2740
f 2957/43/2748 2959/43/2752 2578/43/2741 2580/43/2746
f 2960/43/2753 2961/43/2754 2581/43/2750 2583/43/2755
f 2961/43/2754 2960/43/2753 2584/43/2756 2582/43/2751
f 2961/43/2754 2962/43/2757 2579/43/2745 2581/43/2750
f 2962/43/2757 2961/43/2754 2582/43/2751 2580/43/2746
f 2962/43/2757 2960/43/2753 2583/43/2755 2579/43/2745
f 2960/43/2753 2962/43/2757 2580/43/2746 2584/43/2756
f 2963/43/2758 2964/43/2759 2587/43/2760 2585/43/2761
f 2964/43/2759 2963/43/2758 2586/43/2762 2588/43/2763
f 2964/43/2759 2965/43/2764 2589/43/2765 2587/43/2760
f 2965/43/2764 2964/43/2759 2588/43/2763 2590/43/2766
f 2965/43/2764 2963/43/2758 2585/43/2761 2589/43/2765
f 2963/43/2758 2965/43/2764 2590/43/2766 2586/43/2762
f 2966/43/2767 2967/43/2768 2587/43/2760 2589/43/2765
f 2967/43/2768 2966/43/2767 2590/43/2766 2588/43/2763
f 2967/43/2768 2968/43/2769 2591/43/2770 2587/43/2760
f 2968/43/2769 2967/43/2768 2588/43/2763 2592/43/2771
f 2968/43/2769 2966/43/2767 2589/43/2765 2591/43/2770
f 2966/43/2767 2968/43/2769 2592/43/2771 2590/43/2766
f 2969/43/2772 2970/43/2773 2591/43/2770 2589/43/2765
f 2970/43/2773 2969/43/2772 2590/43/2766 2592/43/2771
f 2970/43/2773 2971/43/2774 2593/43/2775 2591/43/2770
f 2971/43/2774 2970/43/2773 2592/43/2771 2594/43/2776
f 2971/43/2774 2969/43/2772 2589/43/2765 2593/43/2775
f 2969/43/2772 2971/43/2774 2594/43/2776 2590/43/2766
f 2972/43/2777 2973/43/2778 2591/43/2770 2593/43/2775
f 2973/43/2778 2972/43/2777 2594/43/2776 2592/43/2771
f 2973/43/2778 2974/43/2779 2595/43/2780 2591/43/2770
f 2974/43/2779 2973/43/2778 2592/43/2771 2596/43/2781
f 2974/43/2779 2972/43/2777 2593/43/2775 2595/43/2780
f 2972/43/2777 2974/43/2779 2596/43/2781 2594/43/2776
f 2975/43/2782 2976/43/2783 2597/43/2784 2595/43/2780
f 2976/43/2783 2975/43/2782 2596/43/2781 2598/43/2785
f 2976/43/2783 2977/43/2786 2593/43/2775 2597/43/2784
f 2977/43/2786 2976/43/2783 2598/43/2785 2594/43/2776
f 2977/43/2786 2975/43/2782 2595/43/2780 2593/43/2775
f 2975/43/2782 2977/43/2786 2594/43/2776 2596/43/2781
f 2978/43/2787 2979/43/2788 2595/43/2780 2597/43/2784
f 2979/43/2788 2978/43/2787 2598/43/2785 2596/43/2781
f 2979/43/2788 2980/43/2789 2599/43/2790 2595/43/2780
f 2980/43/2789 2979/43/2788 2596/43/2781 2600/43/2791
f 2980/43/2789 2978/43/2787 2597/43/2784 2599/43/2790
f 2978/43/2787 2980/43/2789 2600/43/2791 2598/43/2785
f 2981/43/2792 2982/43/2793 2599/43/2790 2597/43/2784
f 2982/43/2793 2981/43/2792 2598/43/2785 2600/43/2791
f 2982/43/2793 2983/43/2794 2601/43/2795 2599/43/2790
f 2983/43/2794 2982/43/2793 2600/43/2791 2602/43/2796
f 2983/43/2794 2981/43/2792 2597/43/2784 2601/43/2795
f 2981/43/2792 2983/43/2794 2602/43/2796 2598/43/2785
f 2984/43/2797 2985/43/2798 2599/43/2790 2601/43/2795
f 2985/43/2798 2984/43/2797 2602/43/2796 2600/43/2791
f 2985/43/2798 2986/43/2799 2603/43/2800 2599/43/2790
f 2986/43/2799 2985/43/2798 2600/43/2791 2604/43/2801
f 2986/43/2799 2984/43/2797 2601/43/2795 2603/43/2800
f 2984/43/2797 2986/43/2799 2604/43/2801 2602/43/2796
f 2987/43/2802 2988/43/2803 2603/43/2800 2601/43/2795
f 2988/43/2803 2987/43/2802 2602/43/2796 2604/43/2801
f 2988/43/2803 2989/43/2804 2605/43/2805 2603/43/2800
f 2989/43/2804 2988/43/2803 2604/43/2801 2606/43/2806
f 2989/43/2804 2987/43/2802 2601/43/2795 2605/43/2805
f 2987/43/2802 2989/43/2804 2606/43/2806 2602/43/2796
f 2990/43/2807 2991/43/2808 2603/43/2800 2605/43/2805
f 2991/43/2808 2990/43/2807 2606/43/2806 2604/43/2801
f 2991/43/2808 2992/43/2809 2607/43/2810 2603/43/2800
f 2992/43/2809 2991/43/2808 2604/43/2801 2608/43/2811
f 2992/43/2809 2990/43/2807 2605/43/2805 2607/43/2810
f 2990/43/2807 2992/43/2809 2608/43/2811 2606/43/2806
f 2993/43/2812 2994/43/2813 2611/43/2814 2609/43/2815
f 2994/43/2813 2993/43/2812 2610/43/2816 2612/43/2817
f 2994/43/2813 2995/43/2818 2613/43/2819 2611/43/2814
f 2995/43/2818 2994/43/2813 2612/43/2817 2614/43/2820
f 2995/43/2818 2993/43/2812 2609/43/2815 2613/43/2819
f 2993/43/2812 2995/43/2818 2614/43/2820 2610/43/2816
f 2996/43/2821 2997/43/2822 2611/43/2814 2613/43/2819
f 2997/43/2822 2996/43/2821 2614/43/2820 2612/43/2817
f 2997/43/2822 2998/43/2823 2615/43/2824 2611/43/2814
f 2998/43/2823 2997/43/2822 2612/43/2817 2616/43/2825
f 2998/43/2823 2996/43/2821 2613/43/2819 2615/43/2824
f 2996/43/2821 2998/43/2823 2616/43/2825 2614/43/2820
f 2999/43/2826 3000/43/2827 2615/43/2824 2613/43/2819
f 3000/43/2827 2999/43/2826 2614/43/2820 2616/43/2825
f 3000/43/2827 3001/43/2828 2617/43/2829 2615/43/2824
f 3001/43/2828 3000/43/2827 2616/43/2825 2618/43/2830
f 3001/43/2828 2999/43/2826 2613/43/2819 2617/43/2829
f 2999/43/2826 3001/43/2828 2618/43/2830 2614/43/2820
f 3002/43/2831 3003/43/2832 2615/43/2824 2617/43/2829
f 3003/43/2832 3002/43/2831 2618/43/2830 2616/43/2825
f 3003/43/2832 3004/43/2833 2619/43/2834 2615/43/2824
f 3004/43/2833 3003/43/2832 2616/43/2825 2620/43/2835
f 3004/43/2833 3002/43/2831 2617/43/2829 2619/43/2834
f 3002/43/2831 3004/43/2833 2620/43/2835 2618/43/2830
f 3005/43/2836 3006/43/2837 2619/43/2834 2617/43/2829
f 3006/43/2837 3005/43/2836 2618/43/2830 2620/43/2835
f 3006/43/2837 3007/43/2838 2621/43/2839 2619/43/2834
f 3007/43/2838 3006/43/2837 2620/43/2835 2622/43/2840
f 3007/43/2838 3005/43/2836 2617/43/2829 2621/43/2839
f 3005/43/2836 3007/43/2838 2622/43/2840 2618/43/2830
f 3008/43/2841 3009/43/2842 2619/43/2834 2621/43/2839
f 3009/43/2842 3008/43/2841 2622/43/2840 2620/43/2835
f 3009/43/2842 3010/43/2843 2623/43/2844 2619/43/2834
f 3010/43/2843 3009/43/2842 2620/43/2835 2624/43/2845
f 3010/43/2843 3008/43/2841 2621/43/2839 2623/43/2844
f 3008/43/2841 3010/43/2843 2624/43/2845 2622/43/2840
f 3011/43/2846 3012/43/2847 2623/43/2844 2621/43/2839
f 3012/43/2847 3011/43/2846 2622/43/2840 2624/43/2845
f 3012/43/2847 3013/43/2848 2625/43/2849 2623/43/2844
f 3013/43/2848 3012/43/2847 2624/43/2845 2626/43/2850
f 3013/43/2848 3011/43/2846 2621/43/2839 2625/43/2849
f 3011/43/2846 3013/43/2848 2626/43/2850 2622/43/2840
f 3014/43/2851 3015/43/2852 2623/43/2844 2625/43/2849
f 3015/43/2852 3014/43/2851 2626/43/2850 2624/43/2845
f 3015/43/2852 3016/43/2853 2627/43/2854 2623/43/2844
f 3016/43/2853 3015/43/2852 2624/43/2845 2628/43/2855
f 3016/43/2853 3014/43/2851 2625/43/2849 2627/43/2854
f 3014/43/2851 3016/43/2853 2628/43/2855 2626/43/2850
f 3017/43/2856 3018/43/2857 2627/43/2854 2625/43/2849
f 3018/43/2857 3017/43/2856 2626/43/2850 2628/43/2855
f 3018/43/2857 3019/43/2858 2629/43/2859 2627/43/2854
f 3019/43/2858 3018/43/2857 2628/43/2855 2630/43/2860
f 3019/43/2858 3017/43/2856 2625/43/2849 2629/43/2859
f 3017/43/2856 3019/43/2858 2630/43/2860 2626/43/2850
f 3020/43/2861 3021/43/2862 2627/43/2854 2629/43/2859
f 3021/43/2862 3020/43/2861 2630/43/2860 2628/43/2855
f 3021/43/2862 3022/43/2863 2631/43/2864 2627/43/2854
f 3022/43/2863 3021/43/2862 2628/43/2855 2632/43/2865
f 3022/43/2863 3020/43/2861 2629/43/2859 2631/43/2864
f 3020/43/2861 3022/43/2863 2632/43/2865 2630/43/2860
f 3023/43/2866 3024/43/2867 2635/43/2868 2633/43/2869
f 3024/43/2867 3023/43/2866 2634/43/2870 2636/43/2871
f 3024/43/2867 3025/43/2872 2637/43/2873 2635/43/2868
f 3025/43/2872 3024/43/2867 2636/43/2871 2638/43/2874
f 3025/43/2872 3023/43/2866 2633/43/2869 2637/43/2873
f 3023/43/2866 3025/43/2872 2638/43/2874 2634/43/2870
f 3026/43/2875 3027/43/2876 2637/43/2873 2633/43/2869
f 3027/43/2876 3026/43/2875 2634/43/2870 2638/43/2874
f 3027/43/2876 3028/43/2877 2639/43/2878 2637/43/2873
f 3028/43/2877 3027/43/2876 2638/43/2874 2640/43/2879
f 3028/43/2877 3026/43/2875 2633/43/2869 2639/43/2878
f 3026/43/2875 3028/43/2877 2640/43/2879 2634/43/2870
f 3029/43/2880 3030/43/2881 2641/43/2882 2635/43/2868
f 3030/43/2881 3029/43/2880 2636/43/2871 2642/43/2883
f 3030/43/2881 3031/43/2884 2637/43/2873 2641/43/2882
f 3031/43/2884 3030/43/2881 2642/43/2883 2638/43/2874
f 3031/43/2884 3029/43/2880 2635/43/2868 2637/43/2873
f 3029/43/2880 3031/43/2884 2638/43/2874 2636/43/2871
f 3032/43/2885 3033/43/2886 2643/43/2887 2635/43/2868
f 3033/43/2886 3032/43/2885 2636/43/2871 2644/43/2888
f 3033/43/2886 3034/43/2889 2641/43/2882 2643/43/2887
f 3034/43/2889 3033/43/2886 2644/43/2888 2642/43/2883
f 3034/43/2889 3032/43/2885 2635/43/2868 2641/43/2882
f 3032/43/2885 3034/43/2889 2642/43/2883 2636/43/2871
f 3035/43/2890 3036/43/2891 2645/43/2892 2643/43/2887
f 3036/43/2891 3035/43/2890 2644/43/2888 2646/43/2893
f 3036/43/2891 3037/43/2894 2641/43/2882 2645/43/2892
f 3037/43/2894 3036/43/2891 2646/43/2893 2642/43/2883
f 3037/43/2894 3035/43/2890 2643/43/2887 2641/43/2882
f 3035/43/2890 3037/43/2894 2642/43/2883 2644/43/2888
f 3038/43/2895 3039/43/2896 2645/43/2892 2647/43/2897
f 3039/43/2896 3038/43/2895 2648/43/2898 2646/43/2893
f 3039/43/2896 3040/43/2899 2643/43/2887 2645/43/2892
f 3040/43/2899 3039/43/2896 2646/43/2893 2644/43/2888
f 3040/43/2899 3038/43/2895 2647/43/2897 2643/43/2887
f 3038/43/2895 3040/43/2899 2644/43/2888 2648/43/2898
f 3041/43/2900 3042/43/2901 2649/43/2902 2647/43/2897
f 3042/43/2901 3041/43/2900 2648/43/2898 2650/43/2903
f 3042/43/2901 3043/43/2904 2645/43/2892 2649/43/2902
f 3043/43/2904 3042/43/2901 2650/43/2903 2646/43/2893
f 3043/43/2904 3041/43/2900 2647/43/2897 2645/43/2892
f 3041/43/2900 3043/43/2904 2646/43/2893 2648/43/2898
f 3044/43/2905 3045/43/2906 2651/43/2907 2647/43/2897
f 3045/43/2906 3044/43/2905 2648/43/2898 2652/43/2908
f 3045/43/2906 3046/43/2909 2649/43/2902 2651/43/2907
f 3046/43/2909 3045/43/2906 2652/43/2908 2650/43/2903
f 3046/43/2909 3044/43/2905 2647/43/2897 2649/43/2902
f 3044/43/2905 3046/43/2909 2650/43/2903 2648/43/2898
f 3047/43/2910 3048/43/2911 2653/43/2912 2651/43/2907
f 3048/43/2911 3047/43/2910 2652/43/2908 2654/43/2913
f 3048/43/2911 3049/43/2914 2649/43/2902 2653/43/2912
f 3049/43/2914 3048/43/2911 2654/43/2913 2650/43/2903
f 3049/43/2914 3047/43/2910 2651/43/2907 2649/43/2902
f 3047/43/2910 3049/43/2914 2650/43/2903 2652/43/2908
f 3050/43/2915 3051/43/2916 2655/43/2917 2651/43/2907
f 3051/43/2916 3050/43/2915 2652/43/2908 2656/43/2918
f 3051/43/2916 3052/43/2919 2653/43/2912 2655/43/2917
f 3052/43/2919 3051/43/2916 2656/43/2918 2654/43/2913
f 3052/43/2919 3050/43/2915 2651/43/2907 2653/43/2912
f 3050/43/2915 3052/43/2919 2654/43/2913 2652/43/2908
