# Blender 5.2.0 LTS
# www.blender.org
o bubblehandgunslide
v 0.400404 0.116869 0.002694
v 0.400458 0.116885 0.002694
v 0.414202 0.070110 -0.022501
v 0.414276 0.070132 -0.022501
v 0.400410 0.116871 -0.002909
v 0.400452 0.116883 -0.002909
v 0.414204 0.070111 0.022702
v 0.414274 0.070131 0.022702
v 0.443056 0.071904 0.063900
v 0.443174 0.071992 0.063900
v 0.463647 0.044198 -0.064103
v 0.463783 0.044243 -0.064103
v 0.443066 0.071912 -0.064103
v 0.443164 0.071984 -0.064103
v 0.463643 0.044197 0.063900
v 0.463787 0.044245 0.063900
v 0.463635 -0.042687 -0.064103
v 0.463795 -0.042687 -0.064103
v 0.463653 -0.042687 0.063900
v 0.463777 -0.042687 0.063900
v 0.463656 -0.074691 0.063900
v 0.463774 -0.074779 0.063900
v 0.463667 -0.074699 -0.064103
v 0.463763 -0.074771 -0.064103
v 0.438426 -0.082443 0.063900
v 0.438524 -0.082515 0.063900
v 0.438416 -0.082435 -0.064103
v 0.438534 -0.082523 -0.064103
v 0.438415 -0.116920 0.063900
v 0.438536 -0.116920 0.063900
v 0.438415 -0.116920 -0.064103
v 0.438535 -0.116920 -0.064103
v 0.438407 -0.144616 0.063900
v 0.438543 -0.144662 0.063900
v 0.438420 -0.144621 -0.064103
v 0.438530 -0.144657 -0.064103
v -0.225242 0.044221 -0.064103
v -0.225124 0.044221 -0.064103
v -0.225242 0.044221 0.063900
v -0.225124 0.044221 0.063900
v -0.225248 0.015871 -0.064103
v -0.225118 0.015931 -0.064103
v -0.225255 0.071948 0.063900
v -0.225111 0.071948 0.063900
v -0.225241 0.071948 -0.064103
v -0.225125 0.071948 -0.064103
v -0.225236 0.015877 0.063900
v -0.225130 0.015925 0.063900
v -0.243077 0.100540 0.018698
v -0.243027 0.100550 0.018698
v -0.243075 0.100538 0.046298
v -0.243029 0.100552 0.046298
v -0.243078 0.069000 0.018698
v -0.243026 0.069000 0.018698
v -0.243074 0.069000 0.046298
v -0.243030 0.069000 0.046298
v -0.243079 0.069000 -0.018509
v -0.243025 0.069000 -0.018509
v -0.255375 0.120310 0.018698
v -0.255339 0.120332 0.018698
v -0.255373 0.120311 0.046298
v -0.255341 0.120331 0.046298
v -0.243076 0.100541 -0.018509
v -0.243028 0.100549 -0.018509
v -0.243077 0.069000 -0.046109
v -0.243027 0.069000 -0.046109
v -0.243072 0.100539 -0.046109
v -0.243032 0.100551 -0.046109
v -0.255375 0.120310 -0.046109
v -0.255339 0.120332 -0.046109
v -0.255373 0.120311 -0.018509
v -0.255341 0.120331 -0.018509
v 0.400431 0.116852 -0.002909
v 0.400431 0.116902 -0.002909
v 0.353071 0.116857 -0.002909
v 0.353071 0.116897 -0.002909
v 0.353071 0.116852 0.002694
v 0.353071 0.116902 0.002694
v 0.400431 0.116857 0.002694
v 0.400431 0.116897 0.002694
v -0.243052 0.100499 -0.018509
v -0.243052 0.100591 -0.018509
v -0.312025 0.100505 -0.018509
v -0.312025 0.100585 -0.018509
v -0.312025 0.100499 0.018698
v -0.312025 0.100591 0.018698
v -0.243052 0.100505 0.018698
v -0.243052 0.100585 0.018698
v -0.299722 0.125482 0.018698
v -0.299716 0.125536 0.018698
v -0.299723 0.125478 0.046298
v -0.299715 0.125540 0.046298
v -0.255361 0.120290 0.018698
v -0.255353 0.120352 0.018698
v -0.255360 0.120294 0.046298
v -0.255354 0.120348 0.046298
v -0.299722 0.125482 -0.046109
v -0.299716 0.125536 -0.046109
v -0.299723 0.125478 -0.018509
v -0.299715 0.125540 -0.018509
v -0.255361 0.120290 -0.046109
v -0.255353 0.120352 -0.046109
v -0.255360 0.120294 -0.018509
v -0.255354 0.120348 -0.018509
v -0.225183 0.071864 -0.064103
v -0.225183 0.072032 -0.064103
v -0.321183 0.071852 -0.064103
v -0.321183 0.072044 -0.064103
v -0.225183 0.071852 0.063900
v -0.225183 0.072044 0.063900
v -0.321183 0.071864 0.063900
v -0.321183 0.072032 0.063900
v 0.190819 0.071782 -0.064103
v 0.190819 0.072114 -0.064103
v 0.443115 0.071782 0.063900
v 0.443115 0.072114 0.063900
v 0.443115 0.071805 -0.064103
v 0.443115 0.072091 -0.064103
v 0.190819 0.071805 0.063900
v 0.190819 0.072091 0.063900
v -0.225257 0.015867 -0.064103
v -0.225109 0.015935 -0.064103
v -0.225247 0.015872 0.063900
v -0.225119 0.015930 0.063900
v -0.181249 -0.022604 0.063900
v -0.181161 -0.022370 0.063900
v -0.181242 -0.022586 -0.064103
v -0.181168 -0.022388 -0.064103
v 0.054817 -0.022623 -0.064103
v 0.054817 -0.022351 -0.064103
v 0.054817 -0.022602 0.063900
v 0.054817 -0.022372 0.063900
v 0.146870 -0.022568 -0.064103
v 0.146808 -0.022406 -0.064103
v 0.146864 -0.022552 0.063900
v 0.146814 -0.022422 0.063900
v 0.190893 0.015867 0.063900
v 0.190745 0.015935 0.063900
v 0.190883 0.015872 -0.064103
v 0.190755 0.015930 -0.064103
v 0.190819 0.015901 0.063792
v 0.190819 0.015901 0.064008
v 0.134767 -0.042687 0.063717
v 0.134767 -0.042687 0.064083
v 0.463715 -0.042687 0.063764
v 0.463715 -0.042687 0.064036
v 0.463715 0.044221 0.063775
v 0.463715 0.044221 0.064025
v 0.190819 0.044221 0.063791
v 0.190819 0.044221 0.064009
v 0.443115 0.071948 0.063765
v 0.443115 0.071948 0.064035
v 0.190819 0.071948 0.063795
v 0.190819 0.071948 0.064005
v 0.146839 -0.022487 0.063857
v 0.146839 -0.022487 0.063943
v 0.054817 -0.022487 0.063797
v 0.054817 -0.022487 0.064003
v -0.181205 -0.022487 0.063750
v -0.181205 -0.022487 0.064050
v 0.463715 -0.074735 0.063747
v 0.463715 -0.074735 0.064053
v -0.367436 -0.042687 0.063755
v -0.367436 -0.042687 0.064045
v -0.225183 0.015901 0.063834
v -0.225183 0.015901 0.063966
v -0.363310 -0.074735 0.063643
v -0.363310 -0.074735 0.064157
v -0.335583 0.044221 0.063835
v -0.335583 0.044221 0.063965
v 0.134767 -0.074735 0.063734
v 0.134767 -0.074735 0.064066
v -0.225183 0.044221 0.063850
v -0.225183 0.044221 0.063950
v -0.321183 0.071948 0.063843
v -0.321183 0.071948 0.063957
v -0.225183 0.071948 0.063854
v -0.225183 0.071948 0.063946
v 0.160007 -0.082479 0.063779
v 0.160007 -0.082479 0.064021
v 0.438475 -0.082479 0.063787
v 0.438475 -0.082479 0.064013
v 0.176379 -0.116919 0.063789
v 0.176379 -0.116919 0.064011
v 0.438475 -0.116920 0.063790
v 0.438475 -0.116920 0.064010
v 0.176379 -0.144609 0.063778
v 0.176379 -0.144669 0.064022
v 0.438475 -0.144619 0.063817
v 0.438475 -0.144659 0.063983
v 0.405111 -0.176168 0.038197
v 0.405111 -0.176318 0.038383
v 0.209739 -0.176185 0.038218
v 0.209739 -0.176301 0.038362
v -0.243052 0.100545 0.046267
v -0.243052 0.100545 0.046329
v -0.312025 0.100545 0.046258
v -0.312025 0.100545 0.046338
v -0.243052 0.069000 0.046254
v -0.243052 0.069000 0.046342
v -0.312025 0.069000 0.046260
v -0.312025 0.069000 0.046336
v -0.255357 0.120321 0.046266
v -0.255357 0.120321 0.046330
v -0.299719 0.125509 0.046271
v -0.299719 0.125509 0.046325
v 0.326347 0.070100 0.022652
v 0.326347 0.070142 0.022752
v 0.414239 0.070099 0.022651
v 0.414239 0.070143 0.022753
v 0.353071 0.116859 0.002652
v 0.353071 0.116895 0.002736
v 0.400431 0.116862 0.002659
v 0.400431 0.116892 0.002728
v -0.312025 0.100545 -0.018548
v -0.312025 0.100545 -0.018470
v -0.243052 0.100545 -0.018544
v -0.243052 0.100545 -0.018474
v -0.255357 0.120321 -0.018541
v -0.255357 0.120321 -0.018477
v -0.299719 0.125509 -0.018536
v -0.299719 0.125509 -0.018482
v -0.335513 0.044190 -0.064103
v -0.335653 0.044252 -0.064103
v -0.335517 0.044192 0.063900
v -0.335649 0.044250 0.063900
v -0.321119 0.071914 -0.064103
v -0.321247 0.071982 -0.064103
v -0.321130 0.071920 0.063900
v -0.321236 0.071976 0.063900
v -0.367355 -0.042696 0.063900
v -0.367517 -0.042678 0.063900
v -0.367373 -0.042694 -0.064103
v -0.367499 -0.042680 -0.064103
v -0.363238 -0.074726 -0.064103
v -0.363383 -0.074744 -0.064103
v -0.363250 -0.074727 0.063900
v -0.363370 -0.074743 0.063900
v -0.312000 0.100539 -0.046109
v -0.312050 0.100551 -0.046109
v -0.312003 0.069000 -0.046109
v -0.312047 0.069000 -0.046109
v -0.311999 0.069000 -0.018509
v -0.312051 0.069000 -0.018509
v -0.311999 0.100541 -0.018509
v -0.312051 0.100549 -0.018509
v -0.311998 0.069000 0.018698
v -0.312052 0.069000 0.018698
v -0.299698 0.125499 -0.018509
v -0.299740 0.125519 -0.018509
v -0.299700 0.125500 -0.046109
v -0.299738 0.125518 -0.046109
v -0.312000 0.100541 0.018698
v -0.312050 0.100549 0.018698
v -0.312000 0.069000 0.046298
v -0.312050 0.069000 0.046298
v -0.312004 0.100540 0.046298
v -0.312046 0.100550 0.046298
v -0.299698 0.125499 0.046298
v -0.299740 0.125519 0.046298
v -0.299700 0.125500 0.018698
v -0.299738 0.125518 0.018698
v 0.176434 -0.144621 0.063900
v 0.176324 -0.144657 0.063900
v 0.176447 -0.144616 -0.064103
v 0.176311 -0.144662 -0.064103
v 0.176451 -0.116919 0.063900
v 0.176307 -0.116919 0.063900
v 0.176437 -0.116919 -0.064103
v 0.176321 -0.116919 -0.064103
v 0.160048 -0.082432 -0.064103
v 0.159966 -0.082526 -0.064103
v 0.160056 -0.082422 0.063900
v 0.159958 -0.082536 0.063900
v 0.176447 -0.116887 -0.064103
v 0.176311 -0.116951 -0.064103
v 0.176435 -0.116892 0.063900
v 0.176323 -0.116946 0.063900
v 0.190884 0.015871 0.063900
v 0.190754 0.015931 0.063900
v 0.190872 0.015877 -0.064103
v 0.190766 0.015925 -0.064103
v 0.190886 0.044221 -0.064103
v 0.190752 0.044221 -0.064103
v 0.190865 0.044221 0.063900
v 0.190773 0.044221 0.063900
v 0.190891 0.071948 0.063900
v 0.190747 0.071948 0.063900
v 0.190877 0.071948 -0.064103
v 0.190761 0.071948 -0.064103
v 0.326382 0.070101 -0.022501
v 0.326312 0.070141 -0.022501
v 0.353098 0.116862 0.002694
v 0.353044 0.116892 0.002694
v 0.353091 0.116865 -0.002909
v 0.353051 0.116889 -0.002909
v 0.326380 0.070102 0.022702
v 0.326314 0.070140 0.022702
v 0.463669 -0.074700 0.063900
v 0.463761 -0.074770 0.063900
v 0.463658 -0.074692 -0.064103
v 0.463772 -0.074778 -0.064103
v 0.438418 -0.082436 0.063900
v 0.438532 -0.082522 0.063900
v 0.438429 -0.082444 -0.064103
v 0.438521 -0.082514 -0.064103
v 0.438411 -0.144618 0.063900
v 0.438539 -0.144660 0.063900
v 0.438406 -0.144616 -0.064103
v 0.438544 -0.144662 -0.064103
v 0.405076 -0.176169 0.038290
v 0.405146 -0.176317 0.038290
v 0.405068 -0.176152 -0.038504
v 0.405154 -0.176334 -0.038504
v 0.209782 -0.176152 0.038290
v 0.209696 -0.176334 0.038290
v 0.209774 -0.176169 -0.038504
v 0.209704 -0.176317 -0.038504
v 0.176448 -0.144616 0.063900
v 0.176310 -0.144662 0.063900
v 0.176443 -0.144618 -0.064103
v 0.176315 -0.144660 -0.064103
v -0.363310 -0.074450 -0.064103
v -0.363310 -0.075020 -0.064103
v 0.134791 -0.074574 -0.064103
v 0.134743 -0.074896 -0.064103
v 0.134796 -0.074543 0.063900
v 0.134738 -0.074927 0.063900
v -0.363310 -0.074500 0.063900
v -0.363310 -0.074970 0.063900
v 0.160054 -0.082425 -0.064103
v 0.159960 -0.082533 -0.064103
v 0.160045 -0.082435 0.063900
v 0.159969 -0.082523 0.063900
v 0.326347 0.070179 -0.022501
v 0.326347 0.070063 -0.022501
v 0.414239 0.070171 -0.022501
v 0.414239 0.070071 -0.022501
v 0.414239 0.070179 0.022702
v 0.414239 0.070063 0.022702
v 0.326347 0.070171 0.022702
v 0.326347 0.070071 0.022702
v -0.321183 0.071948 -0.064046
v -0.321183 0.071948 -0.064160
v -0.225183 0.071948 -0.064057
v -0.225183 0.071948 -0.064149
v -0.225183 0.044221 -0.064053
v -0.225183 0.044221 -0.064153
v -0.335583 0.044221 -0.064038
v -0.335583 0.044221 -0.064168
v -0.225183 0.015901 -0.064037
v -0.225183 0.015901 -0.064169
v -0.367436 -0.042687 -0.063958
v -0.367436 -0.042687 -0.064248
v -0.181205 -0.022487 -0.063953
v -0.181205 -0.022487 -0.064253
v 0.134767 -0.042687 -0.063928
v 0.134767 -0.042687 -0.064278
v -0.363310 -0.074735 -0.063846
v -0.363310 -0.074735 -0.064360
v 0.054817 -0.022487 -0.064000
v 0.054817 -0.022487 -0.064206
v 0.146839 -0.022487 -0.064060
v 0.146839 -0.022487 -0.064146
v 0.134767 -0.074735 -0.063921
v 0.134767 -0.074735 -0.064285
v 0.190819 0.015901 -0.063995
v 0.190819 0.015901 -0.064211
v 0.463715 -0.042687 -0.063944
v 0.463715 -0.042687 -0.064262
v 0.463715 -0.074735 -0.063973
v 0.463715 -0.074735 -0.064233
v 0.463715 0.044221 -0.063978
v 0.463715 0.044221 -0.064228
v 0.160007 -0.082479 -0.063982
v 0.160007 -0.082479 -0.064224
v 0.190819 0.044221 -0.063994
v 0.190819 0.044221 -0.064212
v 0.443115 0.071948 -0.063968
v 0.443115 0.071948 -0.064238
v 0.190819 0.071948 -0.063998
v 0.190819 0.071948 -0.064208
v 0.438475 -0.082479 -0.063990
v 0.438475 -0.082479 -0.064216
v 0.176379 -0.116919 -0.063975
v 0.176379 -0.116919 -0.064231
v 0.438475 -0.116920 -0.064022
v 0.438475 -0.116920 -0.064184
v 0.438475 -0.144612 -0.063993
v 0.438475 -0.144666 -0.064213
v 0.176379 -0.144613 -0.063998
v 0.176379 -0.144665 -0.064208
v 0.405111 -0.176168 -0.038411
v 0.405111 -0.176318 -0.038597
v 0.209739 -0.176185 -0.038432
v 0.209739 -0.176301 -0.038576
v -0.243052 0.100545 -0.046072
v -0.243052 0.100545 -0.046146
v -0.312025 0.069000 -0.046065
v -0.312025 0.069000 -0.046153
v -0.312025 0.100545 -0.046074
v -0.312025 0.100545 -0.046144
v -0.243052 0.069000 -0.046071
v -0.243052 0.069000 -0.046147
v -0.255357 0.120321 -0.046077
v -0.255357 0.120321 -0.046141
v -0.299719 0.125509 -0.046082
v -0.299719 0.125509 -0.046136
v 0.414239 0.070099 -0.022450
v 0.414239 0.070143 -0.022552
v 0.353071 0.116859 -0.002867
v 0.353071 0.116895 -0.002951
v 0.400431 0.116862 -0.002875
v 0.400431 0.116892 -0.002943
v 0.326347 0.070100 -0.022451
v 0.326347 0.070142 -0.022551
v -0.312025 0.100545 0.018737
v -0.312025 0.100545 0.018659
v -0.255357 0.120321 0.018730
v -0.255357 0.120321 0.018666
v -0.243052 0.100545 0.018733
v -0.243052 0.100545 0.018663
v -0.299719 0.125509 0.018725
v -0.299719 0.125509 0.018671
v 0.287134 -0.068764 -0.069706
v 0.287280 -0.068764 -0.069706
v 0.287121 -0.068764 0.069491
v 0.287293 -0.068764 0.069491
v 0.287121 -0.123331 -0.069706
v 0.287293 -0.123331 -0.069706
v 0.287134 -0.123331 0.069491
v 0.287280 -0.123331 0.069491
v 0.277823 -0.068820 -0.069706
v 0.277823 -0.068708 -0.069706
v 0.277823 -0.068836 0.069491
v 0.277823 -0.068692 0.069491
v 0.287207 -0.068836 -0.069706
v 0.287207 -0.068692 -0.069706
v 0.287207 -0.068820 0.069491
v 0.287207 -0.068708 0.069491
v 0.277823 -0.068764 0.069461
v 0.277823 -0.068764 0.069521
v 0.277823 -0.123331 0.069467
v 0.277823 -0.123331 0.069515
v 0.287207 -0.123331 0.069461
v 0.287207 -0.123331 0.069521
v 0.287207 -0.068764 0.069467
v 0.287207 -0.068764 0.069515
v 0.277896 -0.123331 -0.069706
v 0.277750 -0.123331 -0.069706
v 0.277909 -0.123331 0.069491
v 0.277737 -0.123331 0.069491
v 0.277909 -0.068764 -0.069706
v 0.277737 -0.068764 -0.069706
v 0.277896 -0.068764 0.069491
v 0.277750 -0.068764 0.069491
v 0.287207 -0.123275 -0.069706
v 0.287207 -0.123387 -0.069706
v 0.287207 -0.123259 0.069491
v 0.287207 -0.123403 0.069491
v 0.277823 -0.123259 -0.069706
v 0.277823 -0.123403 -0.069706
v 0.277823 -0.123275 0.069491
v 0.277823 -0.123387 0.069491
v 0.287207 -0.068764 -0.069676
v 0.287207 -0.068764 -0.069736
v 0.277823 -0.123331 -0.069676
v 0.277823 -0.123331 -0.069736
v 0.277823 -0.068764 -0.069682
v 0.277823 -0.068764 -0.069730
v 0.287207 -0.123331 -0.069682
v 0.287207 -0.123331 -0.069730
v -0.204212 0.023421 0.029879
v -0.204242 0.023421 0.029905
v -0.194833 0.047795 0.030684
v -0.194853 0.047815 0.030710
v -0.203317 -0.000953 0.020692
v -0.203345 -0.000973 0.020708
v -0.177670 0.065649 0.022285
v -0.177682 0.065697 0.022313
v -0.183240 0.029953 0.044274
v -0.183254 0.029959 0.044318
v -0.187484 0.005581 0.039080
v -0.187498 0.005565 0.039112
v -0.164940 -0.007491 0.037074
v -0.164938 -0.007523 0.037114
v -0.157592 0.034737 0.045867
v -0.157580 0.034751 0.045923
v -0.142639 -0.012272 0.024284
v -0.142609 -0.012318 0.024318
v -0.134150 0.036490 0.034277
v -0.134114 0.036504 0.034319
v -0.205100 0.054332 -0.009703
v -0.205142 0.054366 -0.009713
v -0.210662 0.041264 0.011892
v -0.210704 0.041282 0.011904
v -0.194833 0.047795 0.030684
v -0.194853 0.047815 0.030710
v -0.177670 0.065650 0.022286
v -0.177682 0.065696 0.022312
v -0.157592 0.034737 0.045865
v -0.157580 0.034751 0.045925
v -0.157339 0.072180 0.007094
v -0.157327 0.072246 0.007108
v -0.189014 0.059119 -0.029689
v -0.189038 0.059155 -0.029717
v -0.134148 0.036490 0.034279
v -0.134116 0.036504 0.034317
v -0.119203 0.034737 0.013084
v -0.119147 0.034751 0.013106
v -0.166709 0.054332 -0.042486
v -0.166713 0.054366 -0.042530
v -0.139280 0.065650 -0.010499
v -0.139252 0.065696 -0.010505
v -0.144168 0.041264 -0.044881
v -0.144150 0.041282 -0.044921
v -0.128333 0.047794 -0.026094
v -0.128305 0.047814 -0.026110
v -0.205101 0.054333 -0.009704
v -0.205141 0.054365 -0.009712
v -0.214904 0.016892 0.007098
v -0.214950 0.016886 0.007104
v -0.210666 0.041265 0.011893
v -0.210700 0.041281 0.011903
v -0.204212 0.023421 0.029879
v -0.204242 0.023421 0.029905
v -0.194833 0.047795 0.030684
v -0.194853 0.047815 0.030710
v -0.203317 -0.000953 0.020692
v -0.203345 -0.000973 0.020708
v -0.192370 -0.018803 0.005095
v -0.192398 -0.018851 0.005103
v -0.212449 0.012108 -0.018499
v -0.212501 0.012094 -0.018519
v -0.189011 0.059114 -0.029686
v -0.189041 0.059160 -0.029720
v -0.197500 0.010356 -0.039680
v -0.197536 0.010342 -0.039722
v -0.189011 0.059114 -0.029686
v -0.189041 0.059160 -0.029721
v -0.197500 0.010356 -0.039680
v -0.197536 0.010342 -0.039722
v -0.174059 0.012108 -0.051282
v -0.174071 0.012094 -0.051338
v -0.153980 -0.018803 -0.027687
v -0.153968 -0.018851 -0.027715
v -0.166710 0.054333 -0.042488
v -0.166712 0.054365 -0.042528
v -0.148410 0.016892 -0.049689
v -0.148396 0.016886 -0.049733
v -0.136818 -0.000952 -0.036087
v -0.136798 -0.000974 -0.036113
v -0.144166 0.041265 -0.044885
v -0.144152 0.041281 -0.044917
v -0.127438 0.023421 -0.035696
v -0.127408 0.023421 -0.035722
v -0.128333 0.047794 -0.026094
v -0.128305 0.047814 -0.026110
v -0.203317 -0.000953 0.020692
v -0.203345 -0.000973 0.020708
v -0.187482 0.005582 0.039076
v -0.187500 0.005564 0.039116
v -0.192370 -0.018804 0.005096
v -0.192398 -0.018850 0.005102
v -0.212447 0.012108 -0.018498
v -0.212503 0.012094 -0.018520
v -0.164941 -0.007490 0.037072
v -0.164937 -0.007524 0.037116
v -0.197502 0.010356 -0.039682
v -0.197534 0.010342 -0.039720
v -0.174311 -0.025335 -0.012496
v -0.174323 -0.025401 -0.012510
v -0.142636 -0.012277 0.024287
v -0.142612 -0.012313 0.024315
v -0.126550 -0.007490 0.004288
v -0.126508 -0.007524 0.004298
v -0.174059 0.012108 -0.051280
v -0.174071 0.012094 -0.051340
v -0.153980 -0.018804 -0.027688
v -0.153968 -0.018850 -0.027714
v -0.136818 -0.000953 -0.036088
v -0.136798 -0.000973 -0.036112
v -0.120988 0.005582 -0.017698
v -0.120946 0.005564 -0.017710
v -0.142639 -0.012272 0.024284
v -0.142609 -0.012318 0.024318
v -0.134150 0.036490 0.034277
v -0.134114 0.036504 0.034319
v -0.119201 0.034737 0.013085
v -0.119149 0.034751 0.013105
v -0.126549 -0.007491 0.004289
v -0.126509 -0.007523 0.004297
v -0.136818 -0.000953 -0.036088
v -0.136798 -0.000973 -0.036112
v -0.139280 0.065649 -0.010498
v -0.139252 0.065697 -0.010506
v -0.127438 0.023421 -0.035696
v -0.127408 0.023421 -0.035722
v -0.120984 0.005581 -0.017699
v -0.120950 0.005565 -0.017709
v -0.128333 0.047794 -0.026094
v -0.128305 0.047814 -0.026110
v -0.116746 0.029953 -0.012500
v -0.116700 0.029959 -0.012506
v 0.067972 0.023421 -0.035696
v 0.068002 0.023421 -0.035722
v 0.058593 0.047794 -0.036087
v 0.058613 0.047814 -0.036113
v 0.067077 -0.000953 -0.026094
v 0.067105 -0.000973 -0.026110
v 0.041430 0.065649 -0.027687
v 0.041442 0.065697 -0.027715
v 0.047000 0.029953 -0.049689
v 0.047014 0.029959 -0.049733
v 0.051245 0.005581 -0.044885
v 0.051259 0.005565 -0.044917
v 0.028700 -0.007491 -0.042488
v 0.028698 -0.007523 -0.042528
v 0.021352 0.034737 -0.051282
v 0.021340 0.034751 -0.051338
v 0.006399 -0.012273 -0.029685
v 0.006369 -0.012319 -0.029721
v -0.002089 0.036490 -0.039680
v -0.002125 0.036504 -0.039722
v 0.068860 0.054332 0.004288
v 0.068902 0.054366 0.004298
v 0.074422 0.041264 -0.017698
v 0.074464 0.041282 -0.017710
v 0.058593 0.047794 -0.036088
v 0.058613 0.047814 -0.036112
v 0.041430 0.065650 -0.027688
v 0.041442 0.065696 -0.027714
v 0.021352 0.034737 -0.051280
v 0.021340 0.034751 -0.051340
v 0.021099 0.072180 -0.012496
v 0.021087 0.072246 -0.012510
v 0.052774 0.059119 0.024287
v 0.052798 0.059155 0.024315
v -0.002091 0.036490 -0.039682
v -0.002123 0.036504 -0.039720
v -0.017037 0.034737 -0.018498
v -0.017093 0.034751 -0.018520
v 0.030469 0.054332 0.037072
v 0.030473 0.054366 0.037116
v 0.003040 0.065650 0.005096
v 0.003012 0.065696 0.005102
v 0.007929 0.041264 0.039076
v 0.007911 0.041282 0.039116
v -0.007907 0.047794 0.020692
v -0.007935 0.047814 0.020708
v 0.068861 0.054333 0.004289
v 0.068901 0.054365 0.004297
v 0.078664 0.016892 -0.012500
v 0.078710 0.016886 -0.012506
v 0.074426 0.041265 -0.017699
v 0.074460 0.041281 -0.017709
v 0.067972 0.023421 -0.035696
v 0.068002 0.023421 -0.035722
v 0.058593 0.047794 -0.036088
v 0.058613 0.047814 -0.036112
v 0.067077 -0.000953 -0.026094
v 0.067105 -0.000974 -0.026110
v 0.056131 -0.018803 -0.010498
v 0.056159 -0.018851 -0.010506
v 0.076210 0.012108 0.013085
v 0.076262 0.012094 0.013105
v 0.052771 0.059114 0.024284
v 0.052801 0.059160 0.024318
v 0.061260 0.010356 0.034277
v 0.061296 0.010342 0.034319
v 0.052771 0.059114 0.024283
v 0.052801 0.059160 0.024318
v 0.061260 0.010356 0.034277
v 0.061296 0.010342 0.034319
v 0.037819 0.012108 0.045867
v 0.037831 0.012094 0.045923
v 0.017740 -0.018803 0.022285
v 0.017728 -0.018851 0.022313
v 0.030470 0.054333 0.037074
v 0.030472 0.054365 0.037114
v 0.012170 0.016892 0.044274
v 0.012156 0.016886 0.044318
v 0.000578 -0.000952 0.030684
v 0.000558 -0.000974 0.030710
v 0.007927 0.041265 0.039080
v 0.007913 0.041281 0.039112
v -0.008802 0.023421 0.029879
v -0.008832 0.023421 0.029905
v -0.007907 0.047794 0.020692
v -0.007935 0.047814 0.020708
v 0.067077 -0.000953 -0.026094
v 0.067105 -0.000973 -0.026110
v 0.051243 0.005582 -0.044881
v 0.051261 0.005564 -0.044921
v 0.056131 -0.018804 -0.010499
v 0.056159 -0.018850 -0.010505
v 0.076208 0.012108 0.013084
v 0.076264 0.012094 0.013106
v 0.028701 -0.007490 -0.042486
v 0.028697 -0.007524 -0.042530
v 0.061262 0.010356 0.034279
v 0.061294 0.010342 0.034317
v 0.038071 -0.025335 0.007094
v 0.038083 -0.025401 0.007108
v 0.006396 -0.012278 -0.029689
v 0.006372 -0.012314 -0.029717
v -0.009690 -0.007490 -0.009703
v -0.009732 -0.007524 -0.009713
v 0.037819 0.012108 0.045865
v 0.037831 0.012094 0.045925
v 0.017740 -0.018804 0.022286
v 0.017728 -0.018850 0.022312
v 0.000578 -0.000952 0.030684
v 0.000558 -0.000974 0.030709
v -0.015251 0.005582 0.011892
v -0.015293 0.005564 0.011904
v 0.006399 -0.012273 -0.029686
v 0.006369 -0.012319 -0.029720
v -0.002089 0.036490 -0.039680
v -0.002125 0.036504 -0.039722
v -0.017039 0.034737 -0.018499
v -0.017091 0.034751 -0.018519
v -0.009691 -0.007491 -0.009704
v -0.009731 -0.007523 -0.009712
v 0.000578 -0.000952 0.030685
v 0.000558 -0.000974 0.030709
v 0.003040 0.065649 0.005095
v 0.003012 0.065697 0.005103
v -0.008802 0.023421 0.029879
v -0.008832 0.023421 0.029905
v -0.015255 0.005581 0.011893
v -0.015289 0.005565 0.011903
v -0.007907 0.047794 0.020692
v -0.007935 0.047814 0.020708
v -0.019493 0.029953 0.007098
v -0.019539 0.029959 0.007104
v -0.099208 0.023421 -0.041285
v -0.099234 0.023421 -0.041315
v -0.099784 0.047794 -0.031695
v -0.099810 0.047814 -0.031715
v -0.089854 -0.000953 -0.040090
v -0.089870 -0.000973 -0.040118
v -0.091413 0.065649 -0.014499
v -0.091440 0.065697 -0.014511
v -0.113347 0.029953 -0.020101
v -0.113391 0.029959 -0.020115
v -0.108385 0.005581 -0.024496
v -0.108417 0.005565 -0.024510
v -0.106314 -0.007491 -0.001701
v -0.106354 -0.007523 -0.001699
v -0.114913 0.034737 0.005484
v -0.114969 0.034751 0.005496
v -0.093548 -0.012272 0.020282
v -0.093582 -0.012318 0.020312
v -0.103483 0.036490 0.029080
v -0.103525 0.036504 0.029116
v -0.059310 0.054331 -0.042085
v -0.059300 0.054366 -0.042127
v -0.081252 0.041264 -0.047688
v -0.081264 0.041282 -0.047730
v -0.099784 0.047794 -0.031695
v -0.099810 0.047814 -0.031715
v -0.091414 0.065650 -0.014499
v -0.091440 0.065696 -0.014511
v -0.114911 0.034737 0.005484
v -0.114971 0.034751 0.005496
v -0.076343 0.072180 0.005887
v -0.076357 0.072246 0.005899
v -0.039271 0.059119 -0.026090
v -0.039243 0.059155 -0.026114
v -0.103485 0.036490 0.029082
v -0.103523 0.036504 0.029114
v -0.082112 0.034737 0.043865
v -0.082134 0.034751 0.043921
v -0.026509 0.054331 -0.003700
v -0.026465 0.054367 -0.003704
v -0.058612 0.065650 0.023884
v -0.058606 0.065696 0.023912
v -0.024441 0.041264 0.019092
v -0.024401 0.041282 0.019110
v -0.042968 0.047794 0.034687
v -0.042952 0.047814 0.034715
v -0.059309 0.054333 -0.042086
v -0.059301 0.054365 -0.042126
v -0.076288 0.016892 -0.051677
v -0.076294 0.016886 -0.051723
v -0.081253 0.041265 -0.047692
v -0.081263 0.041281 -0.047726
v -0.099208 0.023421 -0.041285
v -0.099234 0.023421 -0.041315
v -0.099784 0.047794 -0.031695
v -0.099810 0.047814 -0.031715
v -0.089854 -0.000953 -0.040090
v -0.089870 -0.000973 -0.040118
v -0.074209 -0.018803 -0.029286
v -0.074217 -0.018851 -0.029314
v -0.050709 0.012108 -0.049282
v -0.050689 0.012094 -0.049334
v -0.039274 0.059114 -0.026087
v -0.039240 0.059160 -0.026117
v -0.029338 0.010356 -0.034483
v -0.029296 0.010342 -0.034519
v -0.039274 0.059114 -0.026087
v -0.039240 0.059160 -0.026117
v -0.029338 0.010356 -0.034483
v -0.029296 0.010342 -0.034519
v -0.017909 0.012108 -0.010898
v -0.017853 0.012094 -0.010910
v -0.041408 -0.018803 0.009085
v -0.041382 -0.018851 0.009097
v -0.026507 0.054333 -0.003701
v -0.026467 0.054365 -0.003703
v -0.019475 0.016892 0.014687
v -0.019431 0.016886 0.014701
v -0.033038 -0.000952 0.026280
v -0.033012 -0.000974 0.026300
v -0.024437 0.041265 0.019094
v -0.024405 0.041281 0.019108
v -0.033613 0.023421 0.035480
v -0.033587 0.023421 0.035510
v -0.042968 0.047794 0.034687
v -0.042952 0.047814 0.034715
v -0.089854 -0.000953 -0.040090
v -0.089870 -0.000973 -0.040118
v -0.108381 0.005582 -0.024494
v -0.108421 0.005564 -0.024512
v -0.074210 -0.018804 -0.029286
v -0.074216 -0.018850 -0.029314
v -0.050710 0.012108 -0.049280
v -0.050688 0.012094 -0.049336
v -0.106312 -0.007489 -0.001702
v -0.106356 -0.007525 -0.001698
v -0.029336 0.010356 -0.034485
v -0.029298 0.010342 -0.034517
v -0.056479 -0.025335 -0.011301
v -0.056465 -0.025401 -0.011313
v -0.093551 -0.012277 0.020285
v -0.093579 -0.012313 0.020309
v -0.073512 -0.007489 0.036669
v -0.073522 -0.007525 0.036713
v -0.017911 0.012108 -0.010898
v -0.017851 0.012094 -0.010910
v -0.041408 -0.018804 0.009085
v -0.041382 -0.018850 0.009097
v -0.033037 -0.000952 0.026280
v -0.033013 -0.000974 0.026300
v -0.051570 0.005582 0.042273
v -0.051558 0.005564 0.042315
v -0.093547 -0.012272 0.020282
v -0.093583 -0.012318 0.020312
v -0.103483 0.036490 0.029080
v -0.103525 0.036504 0.029116
v -0.082113 0.034737 0.043867
v -0.082133 0.034751 0.043919
v -0.073513 -0.007491 0.036671
v -0.073521 -0.007523 0.036711
v -0.033037 -0.000953 0.026280
v -0.033013 -0.000973 0.026300
v -0.058613 0.065649 0.023884
v -0.058605 0.065697 0.023912
v -0.033613 0.023421 0.035480
v -0.033587 0.023421 0.035510
v -0.051569 0.005581 0.042277
v -0.051559 0.005565 0.042311
v -0.042968 0.047794 0.034687
v -0.042952 0.047814 0.034715
v -0.056534 0.029953 0.046275
v -0.056528 0.029959 0.046321
v 0.440051 -0.083263 -0.067704
v 0.440171 -0.083263 -0.067704
v 0.440036 -0.083263 0.067501
v 0.440186 -0.083263 0.067501
v 0.440036 -0.108827 -0.067704
v 0.440186 -0.108827 -0.067704
v 0.440051 -0.108827 0.067501
v 0.440171 -0.108827 0.067501
v -0.266586 0.111372 -0.023307
v -0.266568 0.111398 -0.023307
v -0.266588 0.111370 -0.050101
v -0.266566 0.111400 -0.050101
v -0.260576 0.096857 -0.023307
v -0.260542 0.096857 -0.023307
v -0.260576 0.096857 -0.050101
v -0.260542 0.096857 -0.050101
v -0.266588 0.082344 -0.023307
v -0.266566 0.082314 -0.023307
v -0.266586 0.082342 -0.050101
v -0.266568 0.082316 -0.050101
v -0.266586 0.111372 0.050289
v -0.266568 0.111398 0.050289
v -0.266588 0.111370 0.023495
v -0.266566 0.111400 0.023495
v -0.260575 0.096857 0.050289
v -0.260541 0.096857 0.050289
v -0.260575 0.096857 0.023495
v -0.260541 0.096857 0.023495
v -0.266588 0.082344 0.050289
v -0.266566 0.082314 0.050289
v -0.266586 0.082342 0.023495
v -0.266568 0.082316 0.023495
v 0.252143 -0.065867 0.067095
v 0.252167 -0.065899 0.067103
v 0.250453 -0.064177 0.079095
v 0.250473 -0.064205 0.079101
v 0.237245 -0.096047 0.079093
v 0.237289 -0.096047 0.079103
v 0.239644 -0.096047 0.067095
v 0.239682 -0.096047 0.067103
v 0.252143 -0.126224 0.067095
v 0.252167 -0.126192 0.067103
v 0.250453 -0.127914 0.079095
v 0.250473 -0.127886 0.079101
v 0.252143 -0.126223 -0.067297
v 0.252167 -0.126193 -0.067305
v 0.250453 -0.127914 -0.078907
v 0.250473 -0.127886 -0.078913
v 0.237245 -0.096047 -0.078905
v 0.237289 -0.096047 -0.078915
v 0.239644 -0.096047 -0.067297
v 0.239682 -0.096047 -0.067305
v 0.252143 -0.065868 -0.067297
v 0.252167 -0.065898 -0.067305
v 0.250453 -0.064177 -0.078907
v 0.250473 -0.064205 -0.078913
v -0.211012 0.062456 0.059896
v -0.211004 0.062410 0.059896
v -0.211011 0.062452 0.071896
v -0.211005 0.062414 0.071896
v -0.211028 0.023085 0.071896
v -0.210988 0.023109 0.071896
v -0.211025 0.023087 0.059494
v -0.210991 0.023107 0.059494
v -0.211028 0.023085 -0.072110
v -0.210988 0.023109 -0.072110
v -0.211027 0.062433 -0.072110
v -0.210989 0.062433 -0.072110
v -0.211046 0.062433 -0.059708
v -0.210970 0.062433 -0.059708
v -0.211025 0.023087 -0.059305
v -0.210991 0.023107 -0.059305
v -0.211079 0.062433 0.059896
v -0.210937 0.062433 0.059896
v -0.211069 0.023061 -0.059305
v -0.210947 0.023133 -0.059305
v -0.211059 0.023067 0.059494
v -0.210957 0.023127 0.059494
v 0.327777 -0.050602 0.079098
v 0.327869 -0.050476 0.079098
v 0.327768 -0.050614 -0.078910
v 0.327878 -0.050464 -0.078910
v 0.346592 -0.096047 0.079098
v 0.346750 -0.096047 0.079098
v 0.346592 -0.096047 -0.078910
v 0.346750 -0.096047 -0.078910
v 0.327768 -0.141476 0.079098
v 0.327878 -0.141626 0.079098
v 0.327777 -0.141488 -0.078910
v 0.327869 -0.141614 -0.078910
v 0.190721 0.015953 -0.072110
v 0.190877 0.015863 -0.072110
v 0.190732 0.015946 0.071896
v 0.190866 0.015870 0.071896
v 0.190709 0.076385 0.071896
v 0.190889 0.076385 0.071896
v 0.190722 0.076385 -0.072110
v 0.190876 0.076385 -0.072110
v -0.212520 0.076378 -0.059708
v -0.212394 0.076392 -0.059708
v -0.211071 0.062426 0.059896
v -0.210945 0.062440 0.059896
v -0.211058 0.062428 -0.059708
v -0.210958 0.062438 -0.059708
v -0.212507 0.076380 0.059896
v -0.212407 0.076390 0.059896
v -0.237459 0.056830 -0.066105
v -0.237303 0.056764 -0.066105
v -0.237470 0.056835 0.065890
v -0.237292 0.056759 0.065890
v -0.274540 -0.029193 -0.066105
v -0.274362 -0.029269 -0.066105
v -0.274528 -0.029198 0.065890
v -0.274372 -0.029264 0.065890
v -0.283156 0.056830 -0.066105
v -0.283000 0.056764 -0.066105
v -0.283167 0.056835 0.065890
v -0.282989 0.056759 0.065890
v -0.320236 -0.029193 -0.066105
v -0.320058 -0.029269 -0.066105
v -0.320225 -0.029198 0.065890
v -0.320069 -0.029264 0.065890
v -0.266588 0.111370 -0.023307
v -0.266566 0.111400 -0.023307
v -0.266586 0.111372 -0.050101
v -0.266568 0.111398 -0.050101
v -0.281105 0.117384 -0.050101
v -0.281105 0.117418 -0.050101
v -0.281105 0.117384 -0.023307
v -0.281105 0.117418 -0.023307
v -0.295623 0.111370 -0.050101
v -0.295645 0.111400 -0.050101
v -0.295625 0.111372 -0.023307
v -0.295643 0.111398 -0.023307
v -0.281105 0.117384 0.050289
v -0.281105 0.117418 0.050289
v -0.281105 0.117384 0.023495
v -0.281105 0.117418 0.023495
v -0.295622 0.111370 0.023495
v -0.295644 0.111400 0.023495
v -0.266588 0.111370 0.050289
v -0.266566 0.111400 0.050289
v -0.295624 0.111372 0.050289
v -0.295642 0.111398 0.050289
v -0.266586 0.111372 0.023495
v -0.266568 0.111398 0.023495
v 0.190799 0.076241 -0.072110
v 0.190799 0.076529 -0.072110
v -0.225201 0.076218 -0.072110
v -0.225201 0.076552 -0.072110
v 0.178055 0.076225 -0.059708
v 0.178055 0.076545 -0.059708
v 0.190799 0.076252 0.071896
v 0.190799 0.076518 0.071896
v -0.212457 0.076253 -0.059708
v -0.212457 0.076517 -0.059708
v 0.178055 0.076210 0.059896
v 0.178055 0.076560 0.059896
v -0.212457 0.076261 0.059896
v -0.212457 0.076509 0.059896
v -0.225201 0.076201 0.071896
v -0.225201 0.076569 0.071896
v 0.252143 -0.126224 0.067095
v 0.252167 -0.126192 0.067103
v 0.312491 -0.126224 0.067095
v 0.312467 -0.126192 0.067103
v 0.250453 -0.127914 0.079095
v 0.250473 -0.127886 0.079101
v 0.314181 -0.127914 0.079095
v 0.314161 -0.127886 0.079101
v 0.282315 -0.141118 0.079093
v 0.282315 -0.141074 0.079103
v 0.282315 -0.138719 0.067095
v 0.282315 -0.138681 0.067103
v 0.252143 -0.126223 -0.067297
v 0.252167 -0.126193 -0.067305
v 0.282315 -0.141118 -0.078905
v 0.282315 -0.141074 -0.078915
v 0.250453 -0.127914 -0.078907
v 0.250473 -0.127886 -0.078913
v 0.282315 -0.138719 -0.067297
v 0.282315 -0.138681 -0.067305
v 0.312491 -0.126223 -0.067297
v 0.312467 -0.126193 -0.067305
v 0.314181 -0.127914 -0.078907
v 0.314161 -0.127886 -0.078913
v -0.259087 0.056732 0.065890
v -0.259139 0.056862 0.065890
v -0.245278 0.062363 -0.066105
v -0.245276 0.062471 -0.066105
v -0.259092 0.056746 -0.066105
v -0.259134 0.056848 -0.066105
v -0.245278 0.062363 0.065890
v -0.245276 0.062471 0.065890
v -0.237421 0.056741 -0.066105
v -0.237341 0.056853 -0.066105
v -0.237412 0.056754 0.065890
v -0.237350 0.056840 0.065890
v -0.290975 0.062363 -0.066105
v -0.290973 0.062471 -0.066105
v -0.290975 0.062363 0.065890
v -0.290973 0.062471 0.065890
v -0.283118 0.056741 -0.066105
v -0.283038 0.056853 -0.066105
v -0.283109 0.056754 0.065890
v -0.283047 0.056840 0.065890
v -0.304783 0.056732 0.065890
v -0.304835 0.056862 0.065890
v -0.304788 0.056746 -0.066105
v -0.304830 0.056848 -0.066105
v 0.176622 0.023085 0.071896
v 0.176584 0.023107 0.071896
v 0.176626 0.023082 0.059494
v 0.176580 0.023110 0.059494
v 0.140874 -0.006637 0.071896
v 0.140844 -0.006417 0.071896
v 0.140872 -0.006620 0.059091
v 0.140846 -0.006434 0.059091
v -0.211027 0.023086 0.071896
v -0.210989 0.023108 0.071896
v -0.175279 -0.006656 0.059091
v -0.175245 -0.006398 0.059091
v -0.211031 0.023083 0.059494
v -0.210985 0.023111 0.059494
v -0.175273 -0.006606 0.071896
v -0.175251 -0.006448 0.071896
v -0.211027 0.023086 -0.072110
v -0.210989 0.023108 -0.072110
v -0.211031 0.023083 -0.059305
v -0.210985 0.023111 -0.059305
v -0.175277 -0.006637 -0.072110
v -0.175247 -0.006417 -0.072110
v -0.175275 -0.006620 -0.059305
v -0.175249 -0.006434 -0.059305
v 0.140876 -0.006656 -0.059305
v 0.140842 -0.006398 -0.059305
v 0.140870 -0.006606 -0.072110
v 0.140848 -0.006448 -0.072110
v 0.176626 0.023082 -0.059305
v 0.176580 0.023110 -0.059305
v 0.176622 0.023085 -0.072110
v 0.176584 0.023107 -0.072110
v -0.211071 0.023060 -0.059305
v -0.210945 0.023134 -0.059305
v -0.211061 0.023065 0.059494
v -0.210955 0.023129 0.059494
v -0.175277 -0.006640 0.059091
v -0.175247 -0.006414 0.059091
v -0.175283 -0.006679 -0.059305
v -0.175241 -0.006375 -0.059305
v 0.140878 -0.006668 0.059091
v 0.140840 -0.006386 0.059091
v 0.140875 -0.006646 -0.059305
v 0.140843 -0.006408 -0.059305
v 0.176666 0.023059 -0.059305
v 0.176540 0.023133 -0.059305
v 0.176656 0.023064 0.059494
v 0.176550 0.023128 0.059494
v 0.236866 -0.050614 -0.078910
v 0.236756 -0.050464 -0.078910
v 0.282315 -0.031771 0.079098
v 0.282315 -0.031613 0.079098
v 0.282315 -0.031771 -0.078910
v 0.282315 -0.031613 -0.078910
v 0.327768 -0.050614 0.079098
v 0.327878 -0.050464 0.079098
v 0.236857 -0.050602 0.079098
v 0.236765 -0.050476 0.079098
v 0.327777 -0.050602 -0.078910
v 0.327869 -0.050476 -0.078910
v 0.440111 -0.083367 -0.067704
v 0.440111 -0.083159 -0.067704
v 0.332283 -0.083354 -0.067704
v 0.332283 -0.083172 -0.067704
v 0.332283 -0.083367 0.067501
v 0.332283 -0.083159 0.067501
v 0.440111 -0.083354 0.067501
v 0.440111 -0.083172 0.067501
v 0.236811 -0.141551 0.079067
v 0.236811 -0.141551 0.079129
v 0.237267 -0.096047 0.079071
v 0.237267 -0.096047 0.079125
v 0.217963 -0.096047 0.079069
v 0.217963 -0.096047 0.079127
v 0.236811 -0.050539 0.079067
v 0.236811 -0.050539 0.079129
v 0.250463 -0.127900 0.079073
v 0.250463 -0.127900 0.079123
v 0.250463 -0.064191 0.079073
v 0.250463 -0.064191 0.079123
v 0.282315 -0.160399 0.079067
v 0.282315 -0.160399 0.079129
v 0.282315 -0.031692 0.079067
v 0.282315 -0.031692 0.079129
v 0.282315 -0.141096 0.079076
v 0.282315 -0.141096 0.079120
v 0.282315 -0.050995 0.079076
v 0.282315 -0.050995 0.079120
v 0.314171 -0.127900 0.079073
v 0.314171 -0.127900 0.079123
v 0.314171 -0.064191 0.079073
v 0.314171 -0.064191 0.079123
v 0.327823 -0.141551 0.079067
v 0.327823 -0.141551 0.079129
v 0.327823 -0.050539 0.079067
v 0.327823 -0.050539 0.079129
v 0.327363 -0.096047 0.079071
v 0.327363 -0.096047 0.079125
v 0.346671 -0.096047 0.079069
v 0.346671 -0.096047 0.079127
v -0.225201 0.076385 0.071728
v -0.225201 0.076385 0.072064
v 0.176603 0.062433 0.071761
v 0.176603 0.062433 0.072031
v 0.190799 0.076385 0.071772
v 0.190799 0.076385 0.072020
v 0.190799 0.015908 0.071862
v 0.190799 0.015908 0.071930
v -0.211008 0.062433 0.071803
v -0.211008 0.062433 0.071989
v 0.176603 0.023096 0.071867
v 0.176603 0.023096 0.071925
v -0.225201 0.015908 0.071862
v -0.225201 0.015908 0.071930
v 0.146819 -0.022479 0.071810
v 0.146819 -0.022479 0.071982
v -0.211008 0.023097 0.071867
v -0.211008 0.023097 0.071925
v 0.140859 -0.006527 0.071764
v 0.140859 -0.006527 0.072028
v -0.181224 -0.022479 0.071779
v -0.181224 -0.022479 0.072013
v -0.175262 -0.006527 0.071801
v -0.175262 -0.006527 0.071991
v 0.282315 -0.050999 0.067866
v 0.282315 -0.050999 0.067918
v 0.250463 -0.064191 0.067849
v 0.250463 -0.064191 0.067935
v 0.314171 -0.064191 0.067855
v 0.314171 -0.064191 0.067929
v 0.314171 -0.127900 0.067849
v 0.314171 -0.127900 0.067935
v 0.327363 -0.096047 0.067866
v 0.327363 -0.096047 0.067918
v 0.250463 -0.127900 0.067855
v 0.250463 -0.127900 0.067929
v 0.237267 -0.096047 0.067866
v 0.237267 -0.096047 0.067918
v 0.282315 -0.141096 0.067866
v 0.282315 -0.141096 0.067918
v 0.440111 -0.083263 0.067451
v 0.440111 -0.083263 0.067551
v 0.332283 -0.083263 0.067440
v 0.332283 -0.083263 0.067562
v 0.440111 -0.108827 0.067440
v 0.440111 -0.108827 0.067562
v 0.332283 -0.108827 0.067451
v 0.332283 -0.108827 0.067551
v -0.259113 0.056797 0.065849
v -0.259113 0.056797 0.065931
v -0.237381 0.056797 0.065859
v -0.237381 0.056797 0.065921
v -0.245277 0.062417 0.065881
v -0.245277 0.062417 0.065899
v -0.274450 -0.029231 0.065849
v -0.274450 -0.029231 0.065931
v -0.296182 -0.029231 0.065859
v -0.296182 -0.029231 0.065921
v -0.289334 -0.035443 0.065880
v -0.289334 -0.035443 0.065900
v -0.304809 0.056797 0.065849
v -0.304809 0.056797 0.065931
v -0.283078 0.056797 0.065859
v -0.283078 0.056797 0.065921
v -0.290974 0.062417 0.065881
v -0.290974 0.062417 0.065899
v -0.320147 -0.029231 0.065849
v -0.320147 -0.029231 0.065931
v -0.341878 -0.029231 0.065859
v -0.341878 -0.029231 0.065921
v -0.335030 -0.035443 0.065880
v -0.335030 -0.035443 0.065900
v -0.266577 0.082329 0.050272
v -0.266577 0.082329 0.050306
v -0.295633 0.082329 0.050269
v -0.295633 0.082329 0.050309
v -0.281105 0.076308 0.050277
v -0.281105 0.076308 0.050301
v -0.266577 0.111385 0.050269
v -0.266577 0.111385 0.050309
v -0.260558 0.096857 0.050277
v -0.260558 0.096857 0.050301
v -0.295633 0.111385 0.050272
v -0.295633 0.111385 0.050306
v -0.281105 0.117401 0.050277
v -0.281105 0.117401 0.050301
v -0.301651 0.096857 0.050277
v -0.301651 0.096857 0.050301
v -0.266577 0.082329 -0.023324
v -0.266577 0.082329 -0.023290
v -0.295634 0.082329 -0.023327
v -0.295634 0.082329 -0.023287
v -0.281105 0.076308 -0.023319
v -0.281105 0.076308 -0.023295
v -0.266577 0.111385 -0.023327
v -0.266577 0.111385 -0.023287
v -0.260559 0.096857 -0.023319
v -0.260559 0.096857 -0.023295
v -0.295634 0.111385 -0.023324
v -0.295634 0.111385 -0.023290
v -0.301651 0.096857 -0.023319
v -0.301651 0.096857 -0.023295
v -0.281105 0.117401 -0.023319
v -0.281105 0.117401 -0.023295
v -0.211008 0.062433 -0.059906
v -0.211008 0.062433 -0.059510
v 0.176603 0.062433 -0.059859
v 0.176603 0.062433 -0.059557
v 0.178055 0.076385 -0.059906
v 0.178055 0.076385 -0.059510
v -0.212457 0.076385 -0.059860
v -0.212457 0.076385 -0.059556
v -0.304720 0.056759 -0.066105
v -0.304898 0.056835 -0.066105
v -0.341800 -0.029264 -0.066105
v -0.341956 -0.029198 -0.066105
v -0.341789 -0.029269 0.065890
v -0.341967 -0.029193 0.065890
v -0.304731 0.056764 0.065890
v -0.304887 0.056830 0.065890
v -0.259024 0.056759 -0.066105
v -0.259202 0.056835 -0.066105
v -0.296104 -0.029264 -0.066105
v -0.296260 -0.029198 -0.066105
v -0.296093 -0.029269 0.065890
v -0.296271 -0.029193 0.065890
v -0.259035 0.056764 0.065890
v -0.259191 0.056830 0.065890
v -0.295625 0.111372 -0.050101
v -0.295643 0.111398 -0.050101
v -0.295623 0.111370 -0.023307
v -0.295645 0.111400 -0.023307
v -0.301634 0.096857 -0.050101
v -0.301668 0.096857 -0.050101
v -0.301634 0.096857 -0.023307
v -0.301668 0.096857 -0.023307
v -0.295623 0.082344 -0.050101
v -0.295645 0.082314 -0.050101
v -0.295625 0.082342 -0.023307
v -0.295643 0.082316 -0.023307
v -0.295624 0.111372 0.023495
v -0.295642 0.111398 0.023495
v -0.295622 0.111370 0.050289
v -0.295644 0.111400 0.050289
v -0.301634 0.096857 0.023495
v -0.301668 0.096857 0.023495
v -0.301634 0.096857 0.050289
v -0.301668 0.096857 0.050289
v -0.295622 0.082344 0.023495
v -0.295644 0.082314 0.023495
v -0.295624 0.082342 0.050289
v -0.295642 0.082316 0.050289
v 0.312491 -0.065867 0.067095
v 0.312467 -0.065899 0.067103
v 0.314181 -0.064177 0.079095
v 0.314161 -0.064205 0.079101
v 0.327385 -0.096047 0.079093
v 0.327341 -0.096047 0.079103
v 0.324990 -0.096047 0.067095
v 0.324952 -0.096047 0.067103
v 0.312491 -0.126224 0.067095
v 0.312467 -0.126192 0.067103
v 0.314181 -0.127914 0.079095
v 0.314161 -0.127886 0.079101
v 0.312491 -0.126223 -0.067297
v 0.312467 -0.126193 -0.067305
v 0.314181 -0.127914 -0.078907
v 0.314161 -0.127886 -0.078913
v 0.327385 -0.096047 -0.078905
v 0.327341 -0.096047 -0.078915
v 0.324990 -0.096047 -0.067297
v 0.324952 -0.096047 -0.067305
v 0.312491 -0.065868 -0.067297
v 0.312467 -0.065898 -0.067305
v 0.314181 -0.064177 -0.078907
v 0.314161 -0.064205 -0.078913
v 0.176607 0.062456 0.059896
v 0.176599 0.062410 0.059896
v 0.176623 0.023084 0.071896
v 0.176583 0.023108 0.071896
v 0.176606 0.062452 0.071896
v 0.176600 0.062414 0.071896
v 0.176620 0.023086 0.059494
v 0.176586 0.023106 0.059494
v 0.176620 0.023086 -0.059305
v 0.176586 0.023106 -0.059305
v 0.176623 0.023084 -0.072110
v 0.176583 0.023108 -0.072110
v 0.176607 0.062456 -0.059708
v 0.176599 0.062410 -0.059708
v 0.176606 0.062452 -0.072110
v 0.176600 0.062414 -0.072110
v 0.176654 0.023066 -0.059305
v 0.176552 0.023126 -0.059305
v 0.176664 0.023060 0.059494
v 0.176542 0.023132 0.059494
v 0.176674 0.062433 -0.059708
v 0.176532 0.062433 -0.059708
v 0.176663 0.062433 0.059896
v 0.176543 0.062433 0.059896
v 0.236857 -0.050602 -0.078910
v 0.236765 -0.050476 -0.078910
v 0.236866 -0.050614 0.079098
v 0.236756 -0.050464 0.079098
v 0.218042 -0.096047 -0.078910
v 0.217884 -0.096047 -0.078910
v 0.218042 -0.096047 0.079098
v 0.217884 -0.096047 0.079098
v 0.236866 -0.141476 -0.078910
v 0.236756 -0.141626 -0.078910
v 0.236857 -0.141488 0.079098
v 0.236765 -0.141614 0.079098
v -0.225134 0.015946 -0.072110
v -0.225268 0.015870 -0.072110
v -0.225123 0.015953 0.071896
v -0.225279 0.015863 0.071896
v -0.225111 0.076385 -0.072110
v -0.225291 0.076385 -0.072110
v -0.225124 0.076385 0.071896
v -0.225278 0.076385 0.071896
v 0.176666 0.062426 0.059896
v 0.176540 0.062440 0.059896
v 0.178118 0.076378 -0.059708
v 0.177992 0.076392 -0.059708
v 0.176653 0.062428 -0.059708
v 0.176553 0.062438 -0.059708
v 0.178105 0.076380 0.059896
v 0.178005 0.076390 0.059896
v 0.332343 -0.108827 -0.067704
v 0.332223 -0.108827 -0.067704
v 0.332358 -0.108827 0.067501
v 0.332208 -0.108827 0.067501
v 0.332358 -0.083263 -0.067704
v 0.332208 -0.083263 -0.067704
v 0.332343 -0.083263 0.067501
v 0.332223 -0.083263 0.067501
v -0.266586 0.082342 -0.023307
v -0.266568 0.082316 -0.023307
v -0.266588 0.082344 -0.050101
v -0.266566 0.082314 -0.050101
v -0.281105 0.076325 -0.023307
v -0.281105 0.076291 -0.023307
v -0.281105 0.076325 -0.050101
v -0.281105 0.076291 -0.050101
v -0.295625 0.082342 -0.050101
v -0.295643 0.082316 -0.050101
v -0.295623 0.082344 -0.023307
v -0.295645 0.082314 -0.023307
v 0.332283 -0.108723 -0.067704
v 0.332283 -0.108931 -0.067704
v 0.440111 -0.108736 -0.067704
v 0.440111 -0.108918 -0.067704
v 0.440111 -0.108723 0.067501
v 0.440111 -0.108931 0.067501
v 0.332283 -0.108736 0.067501
v 0.332283 -0.108918 0.067501
v -0.295624 0.082342 0.023495
v -0.295642 0.082316 0.023495
v -0.266586 0.082342 0.050289
v -0.266568 0.082316 0.050289
v -0.295622 0.082344 0.050289
v -0.295644 0.082314 0.050289
v -0.266588 0.082344 0.023495
v -0.266566 0.082314 0.023495
v -0.281105 0.076325 0.023495
v -0.281105 0.076291 0.023495
v -0.281105 0.076325 0.050289
v -0.281105 0.076291 0.050289
v 0.252143 -0.065867 0.067095
v 0.252167 -0.065899 0.067103
v 0.282315 -0.053372 0.067095
v 0.282315 -0.053410 0.067103
v 0.282315 -0.050973 0.079093
v 0.282315 -0.051017 0.079103
v 0.312491 -0.065867 0.067095
v 0.312467 -0.065899 0.067103
v 0.250453 -0.064177 0.079095
v 0.250473 -0.064205 0.079101
v 0.314181 -0.064177 0.079095
v 0.314161 -0.064205 0.079101
v 0.252143 -0.065868 -0.067297
v 0.252167 -0.065898 -0.067305
v 0.250453 -0.064177 -0.078907
v 0.250473 -0.064205 -0.078913
v 0.282315 -0.050973 -0.078905
v 0.282315 -0.051017 -0.078915
v 0.282315 -0.053372 -0.067297
v 0.282315 -0.053410 -0.067305
v 0.312491 -0.065868 -0.067297
v 0.312467 -0.065898 -0.067305
v 0.314181 -0.064177 -0.078907
v 0.314161 -0.064205 -0.078913
v 0.176628 0.062581 0.059896
v 0.176578 0.062285 0.059896
v 0.176636 0.062627 0.071896
v 0.176570 0.062239 0.071896
v -0.211041 0.062627 0.059896
v -0.210975 0.062239 0.059896
v -0.211033 0.062581 0.071896
v -0.210983 0.062285 0.071896
v -0.274478 -0.029166 -0.066105
v -0.274424 -0.029296 -0.066105
v -0.289333 -0.035380 0.065890
v -0.289335 -0.035506 0.065890
v -0.289333 -0.035404 -0.066105
v -0.289335 -0.035482 -0.066105
v -0.274471 -0.029180 0.065890
v -0.274429 -0.029282 0.065890
v -0.296136 -0.029180 -0.066105
v -0.296228 -0.029282 -0.066105
v -0.296146 -0.029192 0.065890
v -0.296218 -0.029270 0.065890
v -0.335029 -0.035389 -0.066105
v -0.335031 -0.035497 -0.066105
v -0.335029 -0.035389 0.065890
v -0.335031 -0.035497 0.065890
v -0.341832 -0.029180 -0.066105
v -0.341924 -0.029282 -0.066105
v -0.341842 -0.029192 0.065890
v -0.341914 -0.029270 0.065890
v -0.320174 -0.029166 0.065890
v -0.320120 -0.029296 0.065890
v -0.320168 -0.029180 -0.066105
v -0.320126 -0.029282 -0.066105
v 0.176636 0.062627 -0.059708
v 0.176570 0.062239 -0.059708
v 0.176628 0.062581 -0.072110
v 0.176578 0.062285 -0.072110
v -0.211008 0.062630 -0.072110
v -0.211008 0.062236 -0.072110
v -0.211008 0.062583 -0.059708
v -0.211008 0.062283 -0.059708
v 0.236857 -0.141488 -0.078910
v 0.236765 -0.141614 -0.078910
v 0.327777 -0.141488 0.079098
v 0.327869 -0.141614 0.079098
v 0.236866 -0.141476 0.079098
v 0.236756 -0.141626 0.079098
v 0.327768 -0.141476 -0.078910
v 0.327878 -0.141626 -0.078910
v 0.282315 -0.160320 -0.078910
v 0.282315 -0.160478 -0.078910
v 0.282315 -0.160320 0.079098
v 0.282315 -0.160478 0.079098
v -0.225135 0.015946 -0.072110
v -0.225267 0.015870 -0.072110
v -0.225123 0.015952 0.071896
v -0.225279 0.015864 0.071896
v -0.181203 -0.022324 -0.072110
v -0.181245 -0.022634 -0.072110
v -0.181206 -0.022348 0.071896
v -0.181242 -0.022610 0.071896
v 0.146798 -0.022324 0.071896
v 0.146840 -0.022634 0.071896
v 0.146801 -0.022348 -0.072110
v 0.146837 -0.022610 -0.072110
v 0.190721 0.015952 -0.072110
v 0.190877 0.015864 -0.072110
v 0.190733 0.015946 0.071896
v 0.190865 0.015870 0.071896
v 0.314171 -0.127900 -0.078885
v 0.314171 -0.127900 -0.078935
v 0.282315 -0.160399 -0.078879
v 0.282315 -0.160399 -0.078941
v 0.282315 -0.141096 -0.078888
v 0.282315 -0.141096 -0.078932
v 0.250463 -0.127900 -0.078885
v 0.250463 -0.127900 -0.078935
v 0.327823 -0.141551 -0.078879
v 0.327823 -0.141551 -0.078941
v 0.236811 -0.141551 -0.078879
v 0.236811 -0.141551 -0.078941
v 0.327363 -0.096047 -0.078883
v 0.327363 -0.096047 -0.078937
v 0.237267 -0.096047 -0.078883
v 0.237267 -0.096047 -0.078937
v 0.346671 -0.096047 -0.078881
v 0.346671 -0.096047 -0.078939
v 0.217963 -0.096047 -0.078881
v 0.217963 -0.096047 -0.078939
v 0.327823 -0.050539 -0.078879
v 0.327823 -0.050539 -0.078941
v 0.236811 -0.050539 -0.078879
v 0.236811 -0.050539 -0.078941
v 0.314171 -0.064191 -0.078885
v 0.314171 -0.064191 -0.078935
v 0.250463 -0.064191 -0.078885
v 0.250463 -0.064191 -0.078935
v 0.282315 -0.031692 -0.078879
v 0.282315 -0.031692 -0.078941
v 0.282315 -0.050995 -0.078888
v 0.282315 -0.050995 -0.078932
v 0.176603 0.062433 -0.071975
v 0.176603 0.062433 -0.072245
v -0.211008 0.062433 -0.072017
v -0.211008 0.062433 -0.072203
v -0.225201 0.076385 -0.071942
v -0.225201 0.076385 -0.072278
v -0.225201 0.015908 -0.072076
v -0.225201 0.015908 -0.072144
v 0.190799 0.076385 -0.071986
v 0.190799 0.076385 -0.072234
v -0.211008 0.023097 -0.072081
v -0.211008 0.023097 -0.072139
v 0.190799 0.015908 -0.072076
v 0.190799 0.015908 -0.072144
v -0.181224 -0.022479 -0.071993
v -0.181224 -0.022479 -0.072227
v 0.176603 0.023096 -0.072081
v 0.176603 0.023096 -0.072139
v -0.175262 -0.006527 -0.072015
v -0.175262 -0.006527 -0.072205
v 0.146819 -0.022479 -0.072024
v 0.146819 -0.022479 -0.072196
v 0.140859 -0.006527 -0.071978
v 0.140859 -0.006527 -0.072242
v 0.314171 -0.127900 -0.068064
v 0.314171 -0.127900 -0.068150
v 0.250463 -0.064191 -0.068064
v 0.250463 -0.064191 -0.068150
v 0.314171 -0.064191 -0.068070
v 0.314171 -0.064191 -0.068144
v 0.282315 -0.050999 -0.068081
v 0.282315 -0.050999 -0.068133
v 0.327363 -0.096047 -0.068081
v 0.327363 -0.096047 -0.068133
v 0.250463 -0.127900 -0.068070
v 0.250463 -0.127900 -0.068144
v 0.237267 -0.096047 -0.068081
v 0.237267 -0.096047 -0.068133
v 0.282315 -0.141096 -0.068081
v 0.282315 -0.141096 -0.068133
v 0.440111 -0.083263 -0.067643
v 0.440111 -0.083263 -0.067765
v 0.332283 -0.108827 -0.067643
v 0.332283 -0.108827 -0.067765
v 0.332283 -0.083263 -0.067654
v 0.332283 -0.083263 -0.067754
v 0.440111 -0.108827 -0.067654
v 0.440111 -0.108827 -0.067754
v -0.341878 -0.029231 -0.066074
v -0.341878 -0.029231 -0.066136
v -0.320147 -0.029231 -0.066064
v -0.320147 -0.029231 -0.066146
v -0.335030 -0.035443 -0.066095
v -0.335030 -0.035443 -0.066115
v -0.304809 0.056797 -0.066064
v -0.304809 0.056797 -0.066146
v -0.283078 0.056797 -0.066074
v -0.283078 0.056797 -0.066136
v -0.290974 0.062417 -0.066096
v -0.290974 0.062417 -0.066114
v -0.296182 -0.029231 -0.066074
v -0.296182 -0.029231 -0.066136
v -0.274451 -0.029231 -0.066064
v -0.274451 -0.029231 -0.066146
v -0.289334 -0.035443 -0.066095
v -0.289334 -0.035443 -0.066115
v -0.259113 0.056797 -0.066064
v -0.259113 0.056797 -0.066146
v -0.237381 0.056797 -0.066074
v -0.237381 0.056797 -0.066136
v -0.245277 0.062417 -0.066096
v -0.245277 0.062417 -0.066114
v -0.281105 0.076308 -0.050089
v -0.281105 0.076308 -0.050113
v -0.295634 0.082329 -0.050081
v -0.295634 0.082329 -0.050121
v -0.266577 0.082329 -0.050084
v -0.266577 0.082329 -0.050118
v -0.266577 0.111385 -0.050081
v -0.266577 0.111385 -0.050121
v -0.260559 0.096857 -0.050089
v -0.260559 0.096857 -0.050113
v -0.295634 0.111385 -0.050084
v -0.295634 0.111385 -0.050118
v -0.281105 0.117401 -0.050089
v -0.281105 0.117401 -0.050113
v -0.301651 0.096857 -0.050089
v -0.301651 0.096857 -0.050113
v -0.281105 0.076308 0.023507
v -0.281105 0.076308 0.023483
v -0.295633 0.082329 0.023515
v -0.295633 0.082329 0.023475
v -0.266577 0.082329 0.023512
v -0.266577 0.082329 0.023478
v -0.266577 0.111385 0.023515
v -0.266577 0.111385 0.023475
v -0.260558 0.096857 0.023507
v -0.260558 0.096857 0.023483
v -0.295633 0.111385 0.023512
v -0.295633 0.111385 0.023478
v -0.281105 0.117401 0.023507
v -0.281105 0.117401 0.023483
v -0.301651 0.096857 0.023507
v -0.301651 0.096857 0.023483
v 0.176603 0.062433 0.060047
v 0.176603 0.062433 0.059745
v -0.211008 0.062433 0.060094
v -0.211008 0.062433 0.059698
v 0.178055 0.076385 0.060094
v 0.178055 0.076385 0.059698
v -0.212457 0.076385 0.060048
v -0.212457 0.076385 0.059744
v 0.161798 0.023421 0.035480
v 0.161824 0.023421 0.035510
v 0.162374 0.047794 0.026280
v 0.162400 0.047814 0.026300
v 0.152443 -0.000953 0.034687
v 0.152459 -0.000973 0.034715
v 0.154002 0.065649 0.009085
v 0.154029 0.065697 0.009097
v 0.175937 0.029953 0.014687
v 0.175981 0.029959 0.014701
v 0.170975 0.005581 0.019094
v 0.171007 0.005565 0.019108
v 0.168903 -0.007491 -0.003701
v 0.168943 -0.007523 -0.003703
v 0.177503 0.034737 -0.010898
v 0.177559 0.034751 -0.010910
v 0.156138 -0.012273 -0.026087
v 0.156172 -0.012319 -0.026117
v 0.166070 0.036490 -0.034483
v 0.166112 0.036504 -0.034519
v 0.121900 0.054331 0.036669
v 0.121890 0.054367 0.036713
v 0.143841 0.041264 0.042273
v 0.143853 0.041282 0.042315
v 0.162374 0.047794 0.026280
v 0.162400 0.047814 0.026300
v 0.154002 0.065650 0.009085
v 0.154028 0.065696 0.009097
v 0.177501 0.034737 -0.010898
v 0.177561 0.034751 -0.010910
v 0.138932 0.072180 -0.011301
v 0.138946 0.072246 -0.011313
v 0.101857 0.059119 0.020285
v 0.101829 0.059155 0.020309
v 0.166072 0.036490 -0.034485
v 0.166110 0.036504 -0.034517
v 0.144700 0.034737 -0.049280
v 0.144722 0.034751 -0.049336
v 0.089097 0.054331 -0.001702
v 0.089053 0.054367 -0.001698
v 0.121198 0.065650 -0.029286
v 0.121192 0.065696 -0.029314
v 0.087029 0.041264 -0.024494
v 0.086989 0.041282 -0.024512
v 0.105555 0.047794 -0.040090
v 0.105539 0.047814 -0.040118
v 0.121900 0.054333 0.036671
v 0.121891 0.054365 0.036711
v 0.138876 0.016892 0.046275
v 0.138882 0.016886 0.046321
v 0.143842 0.041265 0.042277
v 0.143852 0.041281 0.042311
v 0.161798 0.023421 0.035480
v 0.161824 0.023421 0.035510
v 0.162374 0.047794 0.026280
v 0.162400 0.047814 0.026300
v 0.152443 -0.000953 0.034687
v 0.152459 -0.000973 0.034715
v 0.136799 -0.018803 0.023884
v 0.136807 -0.018851 0.023912
v 0.113297 0.012108 0.043867
v 0.113277 0.012094 0.043919
v 0.101861 0.059114 0.020282
v 0.101825 0.059160 0.020312
v 0.091927 0.010356 0.029080
v 0.091885 0.010342 0.029116
v 0.101860 0.059114 0.020282
v 0.101826 0.059160 0.020312
v 0.091927 0.010356 0.029080
v 0.091885 0.010342 0.029116
v 0.080497 0.012108 0.005484
v 0.080441 0.012094 0.005496
v 0.103996 -0.018803 -0.014499
v 0.103970 -0.018851 -0.014511
v 0.089095 0.054333 -0.001701
v 0.089055 0.054365 -0.001699
v 0.082063 0.016892 -0.020101
v 0.082019 0.016886 -0.020115
v 0.095626 -0.000952 -0.031695
v 0.095600 -0.000974 -0.031715
v 0.087025 0.041265 -0.024496
v 0.086993 0.041281 -0.024510
v 0.096201 0.023421 -0.041285
v 0.096175 0.023421 -0.041315
v 0.105555 0.047794 -0.040090
v 0.105539 0.047814 -0.040118
v 0.152443 -0.000953 0.034687
v 0.152459 -0.000973 0.034715
v 0.170971 0.005582 0.019092
v 0.171011 0.005564 0.019110
v 0.136800 -0.018804 0.023884
v 0.136806 -0.018850 0.023912
v 0.113298 0.012108 0.043865
v 0.113276 0.012094 0.043921
v 0.168901 -0.007489 -0.003700
v 0.168945 -0.007525 -0.003704
v 0.091925 0.010356 0.029082
v 0.091887 0.010342 0.029114
v 0.119066 -0.025335 0.005887
v 0.119052 -0.025401 0.005899
v 0.156141 -0.012278 -0.026090
v 0.156169 -0.012314 -0.026114
v 0.136098 -0.007490 -0.042085
v 0.136108 -0.007525 -0.042127
v 0.080499 0.012108 0.005484
v 0.080439 0.012094 0.005496
v 0.103996 -0.018804 -0.014499
v 0.103970 -0.018850 -0.014511
v 0.095625 -0.000952 -0.031695
v 0.095601 -0.000974 -0.031715
v 0.114157 0.005582 -0.047688
v 0.114145 0.005564 -0.047730
v 0.156138 -0.012273 -0.026087
v 0.156172 -0.012319 -0.026117
v 0.166070 0.036490 -0.034483
v 0.166112 0.036504 -0.034519
v 0.144701 0.034737 -0.049282
v 0.144721 0.034751 -0.049334
v 0.136099 -0.007491 -0.042086
v 0.136107 -0.007523 -0.042126
v 0.095625 -0.000952 -0.031695
v 0.095601 -0.000974 -0.031715
v 0.121199 0.065649 -0.029286
v 0.121191 0.065697 -0.029314
v 0.096201 0.023421 -0.041285
v 0.096175 0.023421 -0.041315
v 0.114156 0.005581 -0.047692
v 0.114146 0.005565 -0.047726
v 0.105555 0.047794 -0.040090
v 0.105539 0.047814 -0.040118
v 0.119122 0.029953 -0.051677
v 0.119116 0.029959 -0.051723
v 0.301350 -0.078457 -0.096900
v 0.301368 -0.078439 -0.096906
v 0.301350 -0.116519 -0.096900
v 0.301368 -0.116537 -0.096906
v 0.302479 -0.077328 -0.088905
v 0.302495 -0.077312 -0.088909
v 0.302479 -0.117648 -0.088905
v 0.302495 -0.117664 -0.088909
v 0.310829 -0.097487 -0.088904
v 0.310857 -0.097487 -0.088910
v 0.309235 -0.097487 -0.096901
v 0.309259 -0.097487 -0.096905
v 0.263288 -0.078457 -0.096900
v 0.263270 -0.078439 -0.096906
v 0.262159 -0.077328 -0.088905
v 0.262143 -0.077312 -0.088909
v 0.282319 -0.068977 -0.088904
v 0.282319 -0.068949 -0.088910
v 0.282319 -0.070571 -0.096901
v 0.282319 -0.070547 -0.096905
v 0.301350 -0.078457 -0.096900
v 0.301368 -0.078439 -0.096906
v 0.302479 -0.077328 -0.088905
v 0.302495 -0.077312 -0.088909
v 0.263288 -0.078457 -0.096900
v 0.263270 -0.078439 -0.096906
v 0.255403 -0.097487 -0.096901
v 0.255379 -0.097487 -0.096905
v 0.253809 -0.097487 -0.088904
v 0.253781 -0.097487 -0.088910
v 0.263288 -0.116519 -0.096900
v 0.263270 -0.116537 -0.096906
v 0.262159 -0.077328 -0.088905
v 0.262143 -0.077312 -0.088909
v 0.262159 -0.117648 -0.088905
v 0.262143 -0.117664 -0.088909
v 0.263288 -0.116519 -0.096900
v 0.263270 -0.116537 -0.096906
v 0.262159 -0.117648 -0.088905
v 0.262143 -0.117664 -0.088909
v 0.282319 -0.125997 -0.088904
v 0.282319 -0.126025 -0.088910
v 0.282319 -0.124403 -0.096901
v 0.282319 -0.124427 -0.096905
v 0.301350 -0.116519 -0.096900
v 0.301368 -0.116537 -0.096906
v 0.302479 -0.117648 -0.088905
v 0.302495 -0.117664 -0.088909
v 0.297151 -0.112319 -0.108494
v 0.297167 -0.112335 -0.108506
v 0.303297 -0.097487 -0.108495
v 0.303317 -0.097487 -0.108505
v 0.309234 -0.097487 -0.096493
v 0.309260 -0.097487 -0.096507
v 0.297151 -0.082656 -0.108494
v 0.297167 -0.082640 -0.108506
v 0.301351 -0.116520 -0.096494
v 0.301367 -0.116536 -0.096506
v 0.301351 -0.078456 -0.096494
v 0.301367 -0.078440 -0.096506
v 0.302474 -0.077333 -0.088904
v 0.302500 -0.077307 -0.088910
v 0.304719 -0.075092 -0.066505
v 0.304743 -0.075068 -0.066509
v 0.313991 -0.097487 -0.066504
v 0.314031 -0.097487 -0.066510
v 0.310827 -0.097487 -0.088905
v 0.310859 -0.097487 -0.088909
v 0.302474 -0.117643 -0.088904
v 0.302500 -0.117669 -0.088910
v 0.304719 -0.119888 -0.066505
v 0.304743 -0.119912 -0.066509
v 0.297151 -0.082656 -0.108494
v 0.297167 -0.082640 -0.108506
v 0.301351 -0.078456 -0.096494
v 0.301367 -0.078440 -0.096506
v 0.282319 -0.070572 -0.096493
v 0.282319 -0.070546 -0.096507
v 0.282319 -0.076510 -0.108495
v 0.282319 -0.076490 -0.108505
v 0.267487 -0.082656 -0.108494
v 0.267471 -0.082640 -0.108506
v 0.263287 -0.078456 -0.096494
v 0.263271 -0.078440 -0.096506
v 0.262164 -0.077333 -0.088904
v 0.262138 -0.077307 -0.088910
v 0.282319 -0.065816 -0.066504
v 0.282319 -0.065776 -0.066510
v 0.282319 -0.068979 -0.088905
v 0.282319 -0.068947 -0.088909
v 0.302474 -0.077333 -0.088904
v 0.302500 -0.077307 -0.088910
v 0.259923 -0.075092 -0.066505
v 0.259899 -0.075068 -0.066509
v 0.304719 -0.075092 -0.066505
v 0.304743 -0.075068 -0.066509
v 0.267487 -0.112319 -0.108494
v 0.267471 -0.112335 -0.108506
v 0.267487 -0.082656 -0.108494
v 0.267471 -0.082640 -0.108506
v 0.263287 -0.116520 -0.096494
v 0.263271 -0.116536 -0.096506
v 0.263287 -0.078456 -0.096494
v 0.263271 -0.078440 -0.096506
v 0.255404 -0.097487 -0.096493
v 0.255378 -0.097487 -0.096507
v 0.261341 -0.097487 -0.108495
v 0.261321 -0.097487 -0.108505
v 0.262164 -0.077333 -0.088904
v 0.262138 -0.077307 -0.088910
v 0.259923 -0.075092 -0.066505
v 0.259899 -0.075068 -0.066509
v 0.250647 -0.097487 -0.066504
v 0.250607 -0.097487 -0.066510
v 0.253811 -0.097487 -0.088905
v 0.253779 -0.097487 -0.088909
v 0.262164 -0.117643 -0.088904
v 0.262138 -0.117669 -0.088910
v 0.259923 -0.119888 -0.066505
v 0.259899 -0.119912 -0.066509
v 0.297151 -0.112319 -0.108494
v 0.297167 -0.112335 -0.108506
v 0.301351 -0.116520 -0.096494
v 0.301367 -0.116536 -0.096506
v 0.282319 -0.124402 -0.096493
v 0.282319 -0.124428 -0.096507
v 0.282319 -0.118466 -0.108495
v 0.282319 -0.118486 -0.108505
v 0.267487 -0.112319 -0.108494
v 0.267471 -0.112335 -0.108506
v 0.263287 -0.116520 -0.096494
v 0.263271 -0.116536 -0.096506
v 0.262164 -0.117643 -0.088904
v 0.262138 -0.117669 -0.088910
v 0.302474 -0.117643 -0.088904
v 0.302500 -0.117669 -0.088910
v 0.259923 -0.119888 -0.066505
v 0.259899 -0.119912 -0.066509
v 0.304719 -0.119888 -0.066505
v 0.304743 -0.119912 -0.066509
v 0.282319 -0.129159 -0.066504
v 0.282319 -0.129199 -0.066510
v 0.282319 -0.125995 -0.088905
v 0.282319 -0.126027 -0.088909
v 0.297159 -0.112327 -0.108480
v 0.297159 -0.112327 -0.108520
v 0.267479 -0.082648 -0.108480
v 0.267479 -0.082648 -0.108520
v 0.297159 -0.082648 -0.108483
v 0.297159 -0.082648 -0.108517
v 0.282319 -0.076500 -0.108488
v 0.282319 -0.076500 -0.108512
v 0.303307 -0.097487 -0.108488
v 0.303307 -0.097487 -0.108512
v 0.267479 -0.112327 -0.108483
v 0.267479 -0.112327 -0.108517
v 0.261331 -0.097487 -0.108488
v 0.261331 -0.097487 -0.108512
v 0.282319 -0.118476 -0.108488
v 0.282319 -0.118476 -0.108512
v 0.400439 0.116850 0.002648
v 0.414032 0.070823 -0.022166
v 0.400437 0.116856 -0.002894
v 0.414228 0.070158 -0.022438
v 0.400450 0.116812 0.002691
v 0.414229 0.070156 0.022647
v 0.443159 0.071889 0.063343
v 0.463659 0.044296 -0.064031
v 0.443151 0.071899 -0.064042
v 0.463672 0.044278 -0.063563
v 0.443172 0.071871 0.063826
v 0.463670 0.044282 0.063824
v 0.463715 0.044145 0.063653
v 0.463715 -0.042536 -0.064023
v 0.463715 0.044149 -0.064031
v 0.463715 -0.042607 -0.063843
v 0.463715 0.044078 0.063824
v 0.463715 -0.042625 0.063838
v 0.463715 -0.042767 -0.063454
v 0.463715 -0.042749 0.063838
v 0.463715 -0.074641 0.063827
v 0.463715 -0.074662 0.063308
v 0.463715 -0.074675 -0.064043
v 0.463715 -0.042790 -0.064023
v 0.438475 -0.082553 -0.063545
v 0.438475 -0.082540 0.063839
v 0.438475 -0.116841 0.063840
v 0.438475 -0.116859 0.063442
v 0.438475 -0.116860 -0.064043
v 0.438475 -0.082575 -0.064029
v 0.438475 -0.116980 -0.063540
v 0.438475 -0.116981 0.063840
v 0.438475 -0.144550 0.063828
v 0.438475 -0.144567 0.063230
v 0.438475 -0.144581 -0.064045
v 0.438475 -0.116995 -0.064043
v -0.225183 0.044162 -0.064044
v -0.225183 0.044162 0.063359
v -0.225183 0.015990 -0.064031
v -0.225183 0.044280 0.063841
v -0.225183 0.044280 -0.063551
v -0.225183 0.071859 0.063828
v -0.225183 0.071890 -0.064045
v -0.225183 0.071876 0.063231
v -0.225183 0.044294 -0.064044
v -0.225183 0.015973 -0.063446
v -0.225183 0.044147 0.063841
v -0.225183 0.015960 0.063841
v -0.243052 0.100520 0.018723
v -0.243052 0.100521 0.046245
v -0.243052 0.069069 0.018724
v -0.243052 0.069026 0.018755
v -0.243052 0.100481 0.046274
v -0.243052 0.069022 0.046276
v -0.243052 0.069027 -0.018435
v -0.243052 0.100490 0.018673
v -0.243052 0.069026 0.018672
v -0.255332 0.120281 0.018720
v -0.243065 0.100565 0.046232
v -0.243065 0.100566 0.018723
v -0.243079 0.100589 0.046274
v -0.255345 0.120303 0.018757
v -0.255347 0.120305 0.046279
v -0.243052 0.100520 0.018629
v -0.243052 0.069059 -0.018482
v -0.243052 0.100520 -0.018484
v -0.243052 0.069025 -0.046053
v -0.243052 0.100479 -0.018534
v -0.243052 0.069027 -0.018536
v -0.243052 0.100524 -0.046088
v -0.243052 0.100520 -0.018563
v -0.243052 0.069067 -0.046084
v -0.255332 0.120281 -0.046087
v -0.243065 0.100566 -0.018577
v -0.243063 0.100562 -0.046088
v -0.243080 0.100590 -0.018534
v -0.255345 0.120303 -0.046050
v -0.255347 0.120305 -0.018528
v 0.400004 0.116877 -0.002884
v 0.353091 0.116877 -0.002889
v 0.353096 0.116877 0.002666
v 0.400406 0.116877 -0.002881
v 0.353498 0.116877 0.002669
v 0.400411 0.116877 0.002674
v -0.243235 0.100545 -0.018463
v -0.311985 0.100545 -0.018469
v -0.311979 0.100545 0.018621
v -0.243098 0.100545 -0.018432
v -0.311842 0.100545 0.018652
v -0.243092 0.100545 0.018658
v -0.299692 0.125506 0.018725
v -0.299688 0.125505 0.046242
v -0.255466 0.120334 0.018729
v -0.255388 0.120325 0.018754
v -0.299610 0.125496 0.046267
v -0.255384 0.120324 0.046271
v -0.299692 0.125506 -0.046082
v -0.299688 0.125505 -0.018565
v -0.255466 0.120334 -0.046078
v -0.255388 0.120325 -0.046053
v -0.299610 0.125496 -0.018540
v -0.255384 0.120324 -0.018536
v -0.225267 0.071948 -0.064019
v -0.320991 0.071948 -0.064007
v -0.225279 0.071948 0.063612
v -0.321087 0.071948 -0.063815
v -0.321099 0.071948 0.063816
v -0.225375 0.071948 0.063804
v 0.191512 0.071948 -0.063937
v 0.442949 0.071948 0.063630
v 0.442972 0.071948 -0.063960
v 0.442422 0.071948 0.063734
v 0.190985 0.071948 -0.063833
v 0.190962 0.071948 0.063757
v -0.181351 -0.022359 0.063775
v -0.225121 0.015847 -0.063727
v -0.225130 0.015855 0.063830
v -0.225087 0.015817 -0.064021
v -0.181299 -0.022405 0.063326
v -0.181285 -0.022418 -0.063997
v 0.054282 -0.022487 -0.063967
v -0.181099 -0.022487 -0.063997
v -0.181080 -0.022487 0.063690
v 0.054702 -0.022487 0.063785
v 0.054681 -0.022487 -0.063875
v -0.180713 -0.022487 0.063775
v 0.054953 -0.022487 -0.063967
v 0.054932 -0.022487 0.063543
v 0.146670 -0.022487 -0.064016
v 0.146752 -0.022487 -0.063834
v 0.055041 -0.022487 0.063785
v 0.146769 -0.022487 0.063830
v 0.146904 -0.022430 -0.063705
v 0.146891 -0.022441 0.063830
v 0.190723 0.015817 0.063818
v 0.190757 0.015847 0.063524
v 0.190766 0.015855 -0.064033
v 0.146940 -0.022399 -0.064016
v 0.190855 0.015783 0.063900
v 0.135195 -0.042504 0.063900
v 0.462431 -0.042551 0.063900
v 0.463590 0.044082 0.063900
v 0.191508 0.015864 0.063900
v 0.463579 -0.042518 0.063900
v 0.190927 0.016021 0.063900
v 0.461292 0.044096 0.063900
v 0.190928 0.044112 0.063900
v 0.443053 0.071805 0.063900
v 0.192813 0.044330 0.063900
v 0.463466 0.044346 0.063900
v 0.190928 0.044343 0.063900
v 0.440648 0.071813 0.063900
v 0.190924 0.071843 0.063900
v 0.135757 -0.041388 0.063900
v 0.189078 0.014238 0.063900
v 0.146873 -0.022515 0.063900
v 0.146762 -0.022530 0.063900
v 0.055642 -0.022590 0.063900
v 0.134680 -0.042476 0.063900
v -0.176517 -0.022637 0.063900
v 0.132795 -0.042377 0.063900
v 0.054804 -0.022590 0.063900
v 0.138533 -0.042870 0.063900
v 0.463562 -0.074566 0.063900
v 0.463579 -0.042823 0.063900
v 0.129035 -0.042504 0.063900
v -0.181202 -0.022637 0.063900
v -0.364750 -0.042542 0.063900
v -0.366437 -0.042433 0.063900
v -0.181561 -0.022375 0.063900
v -0.225196 0.015824 0.063900
v -0.363086 -0.074463 0.063900
v 0.129072 -0.042870 0.063900
v -0.367271 -0.042832 0.063900
v -0.225393 0.015886 0.063900
v -0.335542 0.044143 0.063900
v -0.367186 -0.042427 0.063900
v -0.355302 -0.074478 0.063900
v 0.134601 -0.074569 0.063900
v 0.134584 -0.042882 0.063900
v 0.460561 -0.074582 0.063900
v 0.134950 -0.042889 0.063900
v 0.134933 -0.074569 0.063900
v -0.335066 0.044156 0.063900
v -0.225249 0.015987 0.063900
v -0.225233 0.044171 0.063900
v -0.225536 0.044271 0.063900
v -0.321154 0.071881 0.063900
v -0.335476 0.044286 0.063900
v -0.320782 0.071891 0.063900
v -0.225233 0.044287 0.063900
v -0.225229 0.071902 0.063900
v 0.451692 -0.074888 0.063900
v 0.135874 -0.074901 0.063900
v 0.160024 -0.082357 0.063900
v 0.462600 -0.074917 0.063900
v 0.169521 -0.082358 0.063900
v 0.438458 -0.082366 0.063900
v 0.436745 -0.082592 0.063900
v 0.160199 -0.082600 0.063900
v 0.176445 -0.116798 0.063900
v 0.178077 -0.116808 0.063900
v 0.438365 -0.116810 0.063900
v 0.438362 -0.082608 0.063900
v 0.176505 -0.144499 0.063900
v 0.436385 -0.117030 0.063900
v 0.176490 -0.117030 0.063900
v 0.178764 -0.144513 0.063900
v 0.438389 -0.144553 0.063900
v 0.438365 -0.117042 0.063900
v 0.177804 -0.144737 0.063821
v 0.405063 -0.176142 0.038372
v 0.438294 -0.144706 0.063846
v 0.403750 -0.176150 0.038366
v 0.176692 -0.144781 0.063785
v 0.209783 -0.176171 0.038349
v -0.243083 0.100514 0.046298
v -0.311843 0.100505 0.046298
v -0.243096 0.069069 0.046298
v -0.311987 0.069038 0.046298
v -0.243254 0.069044 0.046298
v -0.311985 0.100483 0.046298
v -0.311791 0.100585 0.046298
v -0.243108 0.100576 0.046298
v -0.255371 0.120282 0.046298
v -0.311947 0.100614 0.046298
v -0.255499 0.120305 0.046298
v -0.299703 0.125480 0.046298
v 0.326437 0.070171 0.022681
v 0.414087 0.070172 0.022680
v 0.353085 0.116811 0.002722
v 0.414140 0.070262 0.022642
v 0.400402 0.116843 0.002709
v 0.353199 0.116835 0.002712
v -0.311794 0.100584 -0.018509
v -0.243114 0.100580 -0.018509
v -0.255371 0.120282 -0.018509
v -0.311947 0.100614 -0.018509
v -0.255499 0.120305 -0.018509
v -0.299703 0.125480 -0.018509
v -0.335548 0.044289 -0.064026
v -0.335550 0.044285 0.063302
v -0.321226 0.071866 -0.064030
v -0.321217 0.071883 -0.063498
v -0.335541 0.044302 0.063828
v -0.321211 0.071895 0.063840
v -0.335609 0.044149 -0.063866
v -0.367381 -0.042537 0.063819
v -0.335608 0.044153 0.063828
v -0.335635 0.044080 -0.064026
v -0.367414 -0.042628 -0.064040
v -0.367408 -0.042611 0.063648
v -0.363322 -0.074642 -0.064030
v -0.367426 -0.042768 0.063245
v -0.367428 -0.042750 -0.064040
v -0.367423 -0.042791 0.063819
v -0.363319 -0.074663 -0.063515
v -0.363318 -0.074675 0.063840
v -0.312025 0.100478 -0.046084
v -0.312025 0.069022 -0.046087
v -0.312025 0.069026 -0.018566
v -0.312025 0.100520 -0.046053
v -0.312025 0.069069 -0.018535
v -0.312025 0.100519 -0.018535
v -0.312025 0.100489 -0.018483
v -0.312025 0.069026 -0.018483
v -0.312025 0.069027 0.018624
v -0.312014 0.100568 -0.046048
v -0.312014 0.100568 -0.018535
v -0.299744 0.125457 -0.018533
v -0.299728 0.125490 -0.046088
v -0.311998 0.100600 -0.046084
v -0.299729 0.125488 -0.018566
v -0.312025 0.100519 -0.018438
v -0.312025 0.069059 0.018671
v -0.312025 0.100519 0.018672
v -0.312025 0.100477 0.018724
v -0.312025 0.069027 0.018725
v -0.312025 0.069025 0.046242
v -0.312025 0.100519 0.018755
v -0.312025 0.069067 0.046273
v -0.312025 0.100523 0.046276
v -0.312014 0.100568 0.018760
v -0.312015 0.100565 0.046276
v -0.299744 0.125457 0.046274
v -0.299728 0.125490 0.018719
v -0.311997 0.100601 0.018724
v -0.299729 0.125488 0.046241
v 0.176379 -0.117008 0.063828
v 0.176379 -0.144567 -0.063433
v 0.176379 -0.144581 0.063842
v 0.176379 -0.144550 -0.064031
v 0.176379 -0.116991 0.063230
v 0.176379 -0.116977 -0.064045
v 0.176336 -0.116828 -0.064028
v 0.160039 -0.082547 0.063386
v 0.160034 -0.082535 -0.064041
v 0.160050 -0.082570 0.063825
v 0.176347 -0.116851 -0.063589
v 0.176352 -0.116863 0.063838
v 0.190819 0.015973 0.063243
v 0.190819 0.044138 -0.064036
v 0.190819 0.015960 -0.064044
v 0.190819 0.044154 -0.063491
v 0.190819 0.015990 0.063828
v 0.190819 0.044175 0.063854
v 0.190819 0.071859 0.063828
v 0.190819 0.044288 -0.063478
v 0.190819 0.044267 0.063854
v 0.190819 0.044304 -0.064036
v 0.190819 0.071876 0.063231
v 0.190819 0.071890 -0.064045
v 0.326766 0.070854 -0.022151
v 0.353056 0.116850 0.002646
v 0.353059 0.116857 -0.002892
v 0.353032 0.116808 0.002691
v 0.326367 0.070156 -0.022437
v 0.326366 0.070154 0.022647
v 0.463647 -0.074756 -0.063405
v 0.463660 -0.074752 0.063842
v 0.438559 -0.082453 0.063829
v 0.438543 -0.082458 0.063202
v 0.438530 -0.082462 -0.064045
v 0.463631 -0.074761 -0.064032
v 0.438422 -0.144689 -0.063761
v 0.438426 -0.144686 0.063785
v 0.405188 -0.176170 0.038255
v 0.405171 -0.176187 0.037907
v 0.405184 -0.176174 -0.038445
v 0.438361 -0.144747 -0.063932
v 0.210268 -0.176243 0.038190
v 0.405011 -0.176243 -0.038357
v 0.405029 -0.176243 0.038208
v 0.404582 -0.176243 -0.038404
v 0.209839 -0.176243 0.038143
v 0.209821 -0.176243 -0.038422
v 0.176493 -0.144747 0.063729
v 0.209680 -0.176187 -0.038121
v 0.209666 -0.176174 0.038231
v 0.209662 -0.176170 -0.038469
v 0.176432 -0.144689 0.063558
v 0.176428 -0.144686 -0.063988
v -0.361055 -0.074735 -0.063818
v 0.134604 -0.074735 -0.063940
v 0.134572 -0.074735 0.063649
v -0.363025 -0.074735 -0.063735
v 0.133228 -0.074735 0.063705
v -0.363075 -0.074735 0.063665
v 0.159923 -0.082453 -0.064032
v 0.134953 -0.074792 0.061993
v 0.134923 -0.074783 -0.063940
v 0.134995 -0.074805 0.063705
v 0.159939 -0.082458 -0.063405
v 0.159952 -0.082462 0.063842
v 0.326587 0.070121 -0.022443
v 0.414189 0.070121 -0.022451
v 0.414181 0.070121 0.022607
v 0.326405 0.070121 -0.022406
v 0.413999 0.070121 0.022644
v 0.326397 0.070121 0.022652
v -0.320782 0.071891 -0.064103
v -0.225229 0.071902 -0.064103
v -0.225233 0.044287 -0.064103
v -0.225536 0.044271 -0.064103
v -0.335476 0.044286 -0.064103
v -0.321154 0.071881 -0.064103
v -0.225249 0.015987 -0.064103
v -0.335066 0.044156 -0.064103
v -0.225233 0.044171 -0.064103
v -0.225393 0.015886 -0.064103
v -0.367186 -0.042427 -0.064103
v -0.335542 0.044143 -0.064103
v -0.366437 -0.042433 -0.064103
v -0.225196 0.015824 -0.064103
v -0.181561 -0.022375 -0.064103
v 0.129289 -0.042512 -0.064103
v -0.364750 -0.042542 -0.064103
v -0.181202 -0.022637 -0.064103
v 0.129324 -0.042862 -0.064103
v -0.363086 -0.074463 -0.064103
v -0.367271 -0.042832 -0.064103
v 0.132882 -0.042391 -0.064103
v -0.176517 -0.022637 -0.064103
v 0.054804 -0.022590 -0.064103
v 0.134684 -0.042486 -0.064103
v 0.055642 -0.022590 -0.064103
v 0.146762 -0.022530 -0.064103
v -0.355302 -0.074478 -0.064103
v 0.134592 -0.042874 -0.064103
v 0.134585 -0.074553 -0.064103
v 0.189078 0.014238 -0.064103
v 0.135713 -0.041445 -0.064103
v 0.146873 -0.022515 -0.064103
v 0.460451 -0.042846 -0.064103
v 0.134949 -0.074534 -0.064103
v 0.134942 -0.042862 -0.064103
v 0.135176 -0.042512 -0.064103
v 0.190855 0.015783 -0.064103
v 0.462220 -0.042528 -0.064103
v 0.138520 -0.074553 -0.064103
v 0.463556 -0.042862 -0.064103
v 0.463585 -0.074605 -0.064103
v 0.191508 0.015864 -0.064103
v 0.463590 0.044082 -0.064103
v 0.463556 -0.042491 -0.064103
v 0.453548 -0.074865 -0.064103
v 0.160024 -0.082357 -0.064103
v 0.135983 -0.074917 -0.064103
v 0.461292 0.044096 -0.064103
v 0.190927 0.016021 -0.064103
v 0.190928 0.044112 -0.064103
v 0.463466 0.044346 -0.064103
v 0.192813 0.044330 -0.064103
v 0.443053 0.071805 -0.064103
v 0.190924 0.071843 -0.064103
v 0.440648 0.071813 -0.064103
v 0.190928 0.044343 -0.064103
v 0.169521 -0.082358 -0.064103
v 0.462772 -0.074889 -0.064103
v 0.438458 -0.082366 -0.064103
v 0.436745 -0.082592 -0.064103
v 0.176455 -0.116780 -0.064103
v 0.160199 -0.082600 -0.064103
v 0.178341 -0.116791 -0.064103
v 0.438362 -0.082608 -0.064103
v 0.438394 -0.116839 -0.064103
v 0.178814 -0.117047 -0.064103
v 0.438394 -0.117001 -0.064103
v 0.438361 -0.144513 -0.064103
v 0.176507 -0.117062 -0.064103
v 0.436320 -0.144525 -0.064103
v 0.176487 -0.144531 -0.064103
v 0.177601 -0.144723 -0.064035
v 0.438235 -0.144727 -0.064031
v 0.405063 -0.176142 -0.038586
v 0.176647 -0.144761 -0.064004
v 0.403750 -0.176150 -0.038580
v 0.209783 -0.176171 -0.038563
v -0.243224 0.100508 -0.046109
v -0.311981 0.069069 -0.046109
v -0.311990 0.100510 -0.046109
v -0.311823 0.069044 -0.046109
v -0.243089 0.100487 -0.046109
v -0.243090 0.069038 -0.046109
v -0.311817 0.100580 -0.046109
v -0.255371 0.120282 -0.046109
v -0.243119 0.100582 -0.046109
v -0.255499 0.120305 -0.046109
v -0.311955 0.100607 -0.046109
v -0.299703 0.125480 -0.046109
v 0.414140 0.070262 -0.022442
v 0.353199 0.116835 -0.002927
v 0.400402 0.116842 -0.002923
v 0.353085 0.116811 -0.002937
v 0.414087 0.070172 -0.022480
v 0.326437 0.070171 -0.022480
v -0.311794 0.100584 0.018698
v -0.255371 0.120282 0.018698
v -0.243114 0.100580 0.018698
v -0.255499 0.120305 0.018698
v -0.311947 0.100614 0.018698
v -0.299703 0.125480 0.018698
v 0.297179 -0.112292 -0.108488
v 0.303308 -0.097498 -0.108490
v 0.309226 -0.097501 -0.096530
v 0.297179 -0.082683 -0.108488
v 0.309226 -0.097473 -0.096530
v 0.303308 -0.097476 -0.108490
v 0.309223 -0.097528 -0.096514
v 0.301360 -0.116512 -0.096512
v 0.297171 -0.112322 -0.108479
v 0.309223 -0.097447 -0.096514
v 0.297171 -0.082653 -0.108479
v 0.301360 -0.078464 -0.096512
v 0.313989 -0.097442 -0.066527
v 0.302499 -0.077333 -0.088864
v 0.304736 -0.075098 -0.066524
v 0.302507 -0.077362 -0.088888
v 0.313996 -0.097468 -0.066558
v 0.310839 -0.097472 -0.088891
v 0.313996 -0.097506 -0.066558
v 0.302507 -0.117614 -0.088888
v 0.310839 -0.097502 -0.088891
v 0.302499 -0.117643 -0.088864
v 0.313990 -0.097532 -0.066527
v 0.304736 -0.119882 -0.066524
v 0.282360 -0.070583 -0.096514
v 0.301343 -0.078447 -0.096512
v 0.297154 -0.082636 -0.108479
v 0.297124 -0.082628 -0.108488
v 0.282330 -0.076499 -0.108490
v 0.282333 -0.070580 -0.096530
v 0.267514 -0.082628 -0.108488
v 0.282305 -0.070580 -0.096530
v 0.282308 -0.076499 -0.108490
v 0.282279 -0.070583 -0.096514
v 0.267484 -0.082636 -0.108479
v 0.263295 -0.078447 -0.096512
v 0.262193 -0.077300 -0.088888
v 0.282300 -0.065811 -0.066558
v 0.282304 -0.068967 -0.088891
v 0.282338 -0.065811 -0.066558
v 0.302445 -0.077300 -0.088888
v 0.282334 -0.068967 -0.088891
v 0.282274 -0.065818 -0.066527
v 0.262164 -0.077308 -0.088864
v 0.259929 -0.075075 -0.066524
v 0.302474 -0.077308 -0.088864
v 0.282364 -0.065818 -0.066527
v 0.304713 -0.075075 -0.066524
v 0.255415 -0.097528 -0.096514
v 0.267467 -0.112322 -0.108479
v 0.263278 -0.116512 -0.096512
v 0.255415 -0.097447 -0.096514
v 0.263278 -0.078464 -0.096512
v 0.267467 -0.082653 -0.108479
v 0.267459 -0.112292 -0.108488
v 0.255412 -0.097501 -0.096530
v 0.261330 -0.097498 -0.108490
v 0.267459 -0.082683 -0.108488
v 0.261330 -0.097476 -0.108490
v 0.255412 -0.097473 -0.096530
v 0.262139 -0.077333 -0.088864
v 0.250649 -0.097442 -0.066527
v 0.259906 -0.075098 -0.066524
v 0.250642 -0.097468 -0.066558
v 0.262131 -0.077362 -0.088888
v 0.253799 -0.097472 -0.088891
v 0.262131 -0.117614 -0.088888
v 0.250642 -0.097506 -0.066558
v 0.253799 -0.097502 -0.088891
v 0.250649 -0.097532 -0.066527
v 0.262139 -0.117643 -0.088864
v 0.259906 -0.119882 -0.066524
v 0.282360 -0.124391 -0.096514
v 0.297154 -0.112339 -0.108479
v 0.301343 -0.116529 -0.096512
v 0.297124 -0.112347 -0.108488
v 0.282333 -0.124394 -0.096530
v 0.282330 -0.118477 -0.108490
v 0.267514 -0.112347 -0.108488
v 0.282308 -0.118477 -0.108490
v 0.282305 -0.124394 -0.096530
v 0.282279 -0.124391 -0.096514
v 0.263295 -0.116529 -0.096512
v 0.267484 -0.112339 -0.108479
v 0.262164 -0.117668 -0.088864
v 0.282274 -0.129157 -0.066527
v 0.259929 -0.119905 -0.066524
v 0.282364 -0.129157 -0.066527
v 0.302474 -0.117668 -0.088864
v 0.304713 -0.119905 -0.066524
v 0.282300 -0.129164 -0.066558
v 0.262193 -0.117676 -0.088888
v 0.282304 -0.126007 -0.088891
v 0.302445 -0.117676 -0.088888
v 0.282338 -0.129164 -0.066558
v 0.282334 -0.126007 -0.088891
v 0.297139 -0.112279 -0.108500
v 0.267527 -0.082668 -0.108500
v 0.297142 -0.082665 -0.108500
v 0.297073 -0.082631 -0.108500
v 0.267580 -0.082628 -0.108500
v 0.282319 -0.076513 -0.108500
v 0.297179 -0.112226 -0.108500
v 0.297176 -0.082734 -0.108500
v 0.303294 -0.097487 -0.108500
v 0.297111 -0.112307 -0.108500
v 0.267496 -0.112310 -0.108500
v 0.267499 -0.082696 -0.108500
v 0.267459 -0.082749 -0.108500
v 0.267462 -0.112241 -0.108500
v 0.261344 -0.097487 -0.108500
v 0.267565 -0.112344 -0.108500
v 0.297058 -0.112347 -0.108500
v 0.282319 -0.118463 -0.108500
v 0.287207 -0.068837 -0.069633
v 0.287207 -0.068850 0.069037
v 0.287207 -0.123205 -0.069620
v 0.287207 -0.123245 -0.069252
v 0.287207 -0.068890 0.069405
v 0.287207 -0.123258 0.069418
v 0.277879 -0.068764 -0.069650
v 0.277895 -0.068764 0.067352
v 0.287130 -0.068764 -0.069634
v 0.287135 -0.068764 -0.067567
v 0.277900 -0.068764 0.069419
v 0.287151 -0.068764 0.069435
v 0.277853 -0.069113 0.069491
v 0.277847 -0.123307 0.069491
v 0.287172 -0.123301 0.069491
v 0.287177 -0.122982 0.069491
v 0.287183 -0.068788 0.069491
v 0.277858 -0.068794 0.069491
v 0.277823 -0.123258 -0.069633
v 0.277823 -0.123245 0.069037
v 0.277823 -0.068890 -0.069620
v 0.277823 -0.068850 -0.069252
v 0.277823 -0.123205 0.069405
v 0.277823 -0.068837 0.069418
v 0.287151 -0.123331 -0.069650
v 0.287135 -0.123331 0.067352
v 0.277900 -0.123331 -0.069634
v 0.277895 -0.123331 -0.067567
v 0.287130 -0.123331 0.069419
v 0.277879 -0.123331 0.069435
v 0.287172 -0.068794 -0.069706
v 0.277853 -0.122982 -0.069706
v 0.277847 -0.068788 -0.069706
v 0.277858 -0.123301 -0.069706
v 0.287177 -0.069113 -0.069706
v 0.287183 -0.123307 -0.069706
v -0.204200 0.023448 0.029905
v -0.183281 0.029968 0.044267
v -0.194841 0.047769 0.030708
v -0.177716 0.065596 0.022341
v -0.194820 0.047805 0.030702
v -0.183260 0.030019 0.044253
v -0.204211 0.023383 0.029892
v -0.203318 -0.000937 0.020724
v -0.187519 0.005582 0.039072
v -0.204194 0.023411 0.029913
v -0.187501 0.005609 0.039093
v -0.183273 0.029923 0.044276
v -0.164999 -0.007443 0.037105
v -0.183236 0.029881 0.044281
v -0.187470 0.005583 0.039099
v -0.177660 0.065598 0.022350
v -0.183220 0.029981 0.044285
v -0.157631 0.034760 0.045876
v -0.183213 0.029939 0.044293
v -0.164951 -0.007424 0.037111
v -0.157622 0.034708 0.045887
v -0.142670 -0.012252 0.024337
v -0.157579 0.034633 0.045859
v -0.164912 -0.007487 0.037086
v -0.157549 0.034719 0.045869
v -0.142631 -0.012171 0.024341
v -0.134163 0.036467 0.034305
v -0.177746 0.065612 0.022303
v -0.210626 0.041307 0.011938
v -0.194842 0.047814 0.030675
v -0.210659 0.041299 0.011884
v -0.177743 0.065633 0.022252
v -0.205109 0.054342 -0.009661
v -0.157404 0.072188 0.007112
v -0.205033 0.054383 -0.009648
v -0.177672 0.065673 0.022263
v -0.157366 0.072173 0.007157
v -0.177642 0.065660 0.022298
v -0.157615 0.034834 0.045814
v -0.205076 0.054365 -0.009722
v -0.157442 0.072171 0.007026
v -0.189026 0.059139 -0.029664
v -0.157556 0.034769 0.045856
v -0.134167 0.036514 0.034296
v -0.157300 0.072113 0.007191
v -0.119218 0.034769 0.013118
v -0.157249 0.072112 0.007148
v -0.134129 0.036514 0.034263
v -0.188988 0.059139 -0.029697
v -0.157390 0.072171 0.006983
v -0.166731 0.054365 -0.042465
v -0.157311 0.072188 0.007033
v -0.139302 0.065673 -0.010504
v -0.166664 0.054383 -0.042412
v -0.157273 0.072172 0.007077
v -0.119250 0.034834 0.013053
v -0.139272 0.065660 -0.010469
v -0.166666 0.054342 -0.042489
v -0.139301 0.065634 -0.010575
v -0.144177 0.041299 -0.044879
v -0.139251 0.065612 -0.010571
v -0.128341 0.047813 -0.026105
v -0.144129 0.041307 -0.044838
v -0.205142 0.054284 -0.009651
v -0.214911 0.016965 0.007092
v -0.210682 0.041263 0.011877
v -0.204242 0.023431 0.029856
v -0.210681 0.041237 0.011909
v -0.214912 0.016921 0.007129
v -0.204224 0.023458 0.029877
v -0.194865 0.047779 0.030680
v -0.210664 0.041264 0.011929
v -0.204236 0.023394 0.029864
v -0.214904 0.016877 0.007139
v -0.203342 -0.000927 0.020696
v -0.214887 0.016826 0.007121
v -0.192432 -0.018750 0.005131
v -0.203332 -0.000963 0.020676
v -0.214919 0.016906 0.007068
v -0.205139 0.054266 -0.009699
v -0.212473 0.012137 -0.018472
v -0.214912 0.016864 0.007076
v -0.212464 0.012085 -0.018462
v -0.192432 -0.018752 0.005075
v -0.189068 0.059094 -0.029664
v -0.212439 0.012212 -0.018509
v -0.205109 0.054329 -0.009733
v -0.212444 0.012126 -0.018541
v -0.189067 0.059012 -0.029702
v -0.197530 0.010379 -0.039672
v -0.189019 0.059013 -0.029743
v -0.174102 0.012126 -0.051284
v -0.197487 0.010379 -0.039708
v -0.174072 0.012212 -0.051274
v -0.188980 0.059094 -0.029739
v -0.166738 0.054329 -0.042500
v -0.148430 0.016864 -0.049700
v -0.153990 -0.018752 -0.027752
v -0.174020 0.012085 -0.051291
v -0.166699 0.054266 -0.042525
v -0.148437 0.016906 -0.049708
v -0.174029 0.012137 -0.051302
v -0.153934 -0.018750 -0.027743
v -0.148390 0.016826 -0.049668
v -0.136831 -0.000963 -0.036105
v -0.148414 0.016964 -0.049696
v -0.166651 0.054284 -0.042520
v -0.144180 0.041263 -0.044903
v -0.148369 0.016877 -0.049682
v -0.127450 0.023394 -0.035722
v -0.136810 -0.000927 -0.036112
v -0.144149 0.041237 -0.044897
v -0.127457 0.023431 -0.035730
v -0.148377 0.016922 -0.049692
v -0.128332 0.047778 -0.026127
v -0.127439 0.023458 -0.035709
v -0.144131 0.041264 -0.044877
v -0.192399 -0.018765 0.005168
v -0.187521 0.005539 0.039034
v -0.203309 -0.000972 0.020703
v -0.187473 0.005547 0.039075
v -0.192349 -0.018788 0.005171
v -0.164984 -0.007500 0.037074
v -0.212400 0.012011 -0.018467
v -0.174377 -0.025327 -0.012479
v -0.192378 -0.018814 0.005066
v -0.174339 -0.025343 -0.012435
v -0.164986 -0.007541 0.036998
v -0.192348 -0.018827 0.005101
v -0.197521 0.010332 -0.039666
v -0.174401 -0.025267 -0.012550
v -0.212432 0.012076 -0.018532
v -0.164919 -0.007523 0.037051
v -0.174260 -0.025326 -0.012385
v -0.142662 -0.012297 0.024295
v -0.142624 -0.012297 0.024262
v -0.174208 -0.025326 -0.012428
v -0.126574 -0.007523 0.004307
v -0.174095 0.012076 -0.051271
v -0.174350 -0.025268 -0.012593
v -0.197483 0.010332 -0.039699
v -0.153978 -0.018827 -0.027665
v -0.126617 -0.007541 0.004232
v -0.174246 -0.025343 -0.012514
v -0.174284 -0.025328 -0.012559
v -0.174036 0.012011 -0.051229
v -0.154008 -0.018814 -0.027700
v -0.121024 0.005539 -0.017743
v -0.153903 -0.018765 -0.027705
v -0.136809 -0.000972 -0.036078
v -0.126541 -0.007500 0.004246
v -0.153908 -0.018788 -0.027655
v -0.120991 0.005547 -0.017689
v -0.134120 0.036467 0.034269
v -0.142583 -0.012170 0.024300
v -0.119206 0.034719 0.013127
v -0.142582 -0.012252 0.024262
v -0.126541 -0.007487 0.004318
v -0.119211 0.034633 0.013095
v -0.136786 -0.000937 -0.036084
v -0.127426 0.023383 -0.035693
v -0.120986 0.005582 -0.017735
v -0.120969 0.005609 -0.017715
v -0.127408 0.023411 -0.035672
v -0.116738 0.029923 -0.012532
v -0.116746 0.029968 -0.012541
v -0.127414 0.023448 -0.035680
v -0.128308 0.047768 -0.026098
v -0.126508 -0.007443 0.004236
v -0.120968 0.005583 -0.017683
v -0.116739 0.029881 -0.012495
v -0.139218 0.065596 -0.010534
v -0.116763 0.030019 -0.012523
v -0.128318 0.047804 -0.026078
v -0.119177 0.034708 0.013058
v -0.126511 -0.007424 0.004284
v -0.116731 0.029939 -0.012470
v -0.116738 0.029981 -0.012478
v -0.139218 0.065598 -0.010478
v -0.119186 0.034760 0.013048
v 0.067960 0.023448 -0.035722
v 0.047041 0.029968 -0.049682
v 0.058601 0.047768 -0.036112
v 0.041476 0.065596 -0.027743
v 0.058580 0.047804 -0.036105
v 0.047020 0.030019 -0.049668
v 0.067971 0.023384 -0.035709
v 0.067078 -0.000937 -0.026127
v 0.051280 0.005582 -0.044877
v 0.067954 0.023411 -0.035730
v 0.051262 0.005609 -0.044897
v 0.047033 0.029923 -0.049692
v 0.028759 -0.007442 -0.042520
v 0.046996 0.029881 -0.049696
v 0.051231 0.005583 -0.044903
v 0.041420 0.065598 -0.027752
v 0.046980 0.029981 -0.049700
v 0.021391 0.034760 -0.051291
v 0.046973 0.029939 -0.049708
v 0.028711 -0.007424 -0.042525
v 0.021382 0.034708 -0.051302
v 0.006430 -0.012253 -0.029739
v 0.021339 0.034633 -0.051274
v 0.028672 -0.007487 -0.042500
v 0.021309 0.034719 -0.051284
v 0.006391 -0.012172 -0.029743
v -0.002076 0.036467 -0.039708
v 0.041507 0.065611 -0.027705
v 0.074386 0.041307 -0.017743
v 0.058602 0.047813 -0.036078
v 0.074419 0.041299 -0.017689
v 0.041502 0.065634 -0.027655
v 0.068869 0.054342 0.004246
v 0.021164 0.072188 -0.012514
v 0.068793 0.054383 0.004232
v 0.041432 0.065673 -0.027665
v 0.021126 0.072173 -0.012559
v 0.041402 0.065660 -0.027700
v 0.021375 0.034834 -0.051229
v 0.068836 0.054365 0.004307
v 0.021202 0.072171 -0.012428
v 0.052786 0.059139 0.024262
v 0.021316 0.034769 -0.051271
v -0.002072 0.036514 -0.039699
v 0.021060 0.072113 -0.012593
v -0.017022 0.034769 -0.018532
v 0.021009 0.072112 -0.012550
v -0.002110 0.036514 -0.039666
v 0.052748 0.059139 0.024295
v 0.021150 0.072171 -0.012385
v 0.030491 0.054365 0.037051
v 0.021071 0.072188 -0.012435
v 0.003062 0.065673 0.005101
v 0.030424 0.054383 0.036998
v 0.021033 0.072172 -0.012479
v -0.016990 0.034834 -0.018467
v 0.003032 0.065660 0.005066
v 0.030426 0.054342 0.037074
v 0.003061 0.065634 0.005171
v 0.007938 0.041299 0.039075
v 0.003011 0.065611 0.005167
v -0.007899 0.047813 0.020703
v 0.007890 0.041307 0.039034
v 0.068901 0.054285 0.004236
v 0.078671 0.016964 -0.012495
v 0.074442 0.041263 -0.017683
v 0.068002 0.023431 -0.035672
v 0.074441 0.041237 -0.017715
v 0.078672 0.016922 -0.012532
v 0.067984 0.023459 -0.035693
v 0.058625 0.047778 -0.036084
v 0.074424 0.041264 -0.017735
v 0.067996 0.023394 -0.035680
v 0.078664 0.016877 -0.012541
v 0.067102 -0.000927 -0.026098
v 0.078647 0.016826 -0.012523
v 0.056193 -0.018750 -0.010534
v 0.067092 -0.000963 -0.026078
v 0.078679 0.016906 -0.012470
v 0.068899 0.054266 0.004284
v 0.076234 0.012137 0.013058
v 0.078672 0.016864 -0.012478
v 0.076225 0.012085 0.013048
v 0.056193 -0.018752 -0.010478
v 0.052828 0.059094 0.024262
v 0.076200 0.012212 0.013095
v 0.068869 0.054329 0.004318
v 0.076205 0.012126 0.013127
v 0.052827 0.059012 0.024300
v 0.061290 0.010379 0.034269
v 0.052779 0.059013 0.024341
v 0.037862 0.012126 0.045869
v 0.061247 0.010379 0.034305
v 0.037832 0.012212 0.045859
v 0.052740 0.059094 0.024337
v 0.030498 0.054329 0.037086
v 0.012190 0.016864 0.044285
v 0.017750 -0.018752 0.022350
v 0.037780 0.012085 0.045876
v 0.030459 0.054266 0.037111
v 0.012197 0.016906 0.044293
v 0.037789 0.012137 0.045887
v 0.017694 -0.018750 0.022341
v 0.012150 0.016826 0.044253
v 0.000591 -0.000963 0.030702
v 0.012174 0.016964 0.044281
v 0.030411 0.054285 0.037105
v 0.007941 0.041263 0.039099
v 0.012129 0.016877 0.044267
v -0.008790 0.023394 0.029905
v 0.000570 -0.000927 0.030708
v 0.007910 0.041237 0.039093
v -0.008784 0.023431 0.029913
v 0.012137 0.016922 0.044276
v -0.007908 0.047778 0.020724
v -0.008801 0.023459 0.029892
v 0.007892 0.041264 0.039072
v 0.056160 -0.018766 -0.010571
v 0.051282 0.005539 -0.044838
v 0.067069 -0.000972 -0.026105
v 0.051234 0.005547 -0.044879
v 0.056110 -0.018788 -0.010575
v 0.028744 -0.007500 -0.042489
v 0.076161 0.012011 0.013053
v 0.038137 -0.025327 0.007077
v 0.056139 -0.018814 -0.010469
v 0.038099 -0.025343 0.007033
v 0.028746 -0.007541 -0.042412
v 0.056109 -0.018827 -0.010504
v 0.061281 0.010332 0.034263
v 0.038161 -0.025267 0.007148
v 0.076193 0.012076 0.013118
v 0.028679 -0.007523 -0.042465
v 0.038020 -0.025326 0.006983
v 0.006422 -0.012298 -0.029697
v 0.006384 -0.012298 -0.029664
v 0.037968 -0.025326 0.007026
v -0.009666 -0.007523 -0.009722
v 0.037855 0.012076 0.045856
v 0.038110 -0.025268 0.007191
v 0.061243 0.010332 0.034296
v 0.017738 -0.018827 0.022263
v -0.009623 -0.007541 -0.009648
v 0.038006 -0.025343 0.007112
v 0.038044 -0.025328 0.007157
v 0.037796 0.012011 0.045814
v 0.017768 -0.018814 0.022298
v -0.015215 0.005539 0.011938
v 0.017664 -0.018766 0.022303
v 0.000569 -0.000972 0.030675
v -0.009699 -0.007500 -0.009661
v 0.017667 -0.018787 0.022252
v -0.015248 0.005547 0.011884
v -0.002119 0.036467 -0.039672
v 0.006343 -0.012171 -0.029702
v -0.017034 0.034719 -0.018541
v 0.006342 -0.012253 -0.029664
v -0.009699 -0.007487 -0.009733
v -0.017029 0.034633 -0.018509
v 0.000546 -0.000937 0.030680
v -0.008814 0.023384 0.029877
v -0.015253 0.005582 0.011929
v -0.015270 0.005609 0.011909
v -0.008832 0.023411 0.029856
v -0.019501 0.029924 0.007129
v -0.019493 0.029968 0.007139
v -0.008826 0.023448 0.029864
v -0.007932 0.047768 0.020696
v -0.009732 -0.007442 -0.009651
v -0.015271 0.005583 0.011877
v -0.019500 0.029880 0.007092
v 0.002978 0.065596 0.005131
v -0.019476 0.030019 0.007121
v -0.007922 0.047804 0.020676
v -0.017063 0.034708 -0.018472
v -0.009729 -0.007424 -0.009699
v -0.019508 0.029939 0.007068
v -0.019501 0.029981 0.007076
v 0.002978 0.065598 0.005075
v -0.017054 0.034760 -0.018462
v -0.099234 0.023448 -0.041273
v -0.113340 0.029968 -0.020142
v -0.099808 0.047768 -0.031703
v -0.091469 0.065596 -0.014545
v -0.099802 0.047803 -0.031682
v -0.113326 0.030019 -0.020121
v -0.099221 0.023383 -0.041284
v -0.089886 -0.000937 -0.040091
v -0.108377 0.005582 -0.024531
v -0.099242 0.023411 -0.041266
v -0.108398 0.005609 -0.024513
v -0.113349 0.029923 -0.020134
v -0.106345 -0.007443 -0.001760
v -0.113354 0.029882 -0.020098
v -0.108403 0.005583 -0.024482
v -0.091478 0.065598 -0.014489
v -0.113358 0.029981 -0.020081
v -0.114922 0.034760 0.005445
v -0.113366 0.029939 -0.020074
v -0.106350 -0.007424 -0.001712
v -0.114933 0.034708 0.005454
v -0.093601 -0.012252 0.020252
v -0.114905 0.034632 0.005497
v -0.106326 -0.007487 -0.001673
v -0.114915 0.034719 0.005527
v -0.093605 -0.012171 0.020290
v -0.103511 0.036467 0.029067
v -0.091431 0.065611 -0.014576
v -0.081298 0.041307 -0.047651
v -0.099775 0.047813 -0.031704
v -0.081243 0.041299 -0.047685
v -0.091381 0.065634 -0.014572
v -0.059352 0.054342 -0.042094
v -0.076361 0.072188 0.005821
v -0.059366 0.054383 -0.042017
v -0.091391 0.065673 -0.014501
v -0.076406 0.072172 0.005859
v -0.091426 0.065660 -0.014471
v -0.114861 0.034834 0.005461
v -0.059291 0.054365 -0.042061
v -0.076274 0.072171 0.005783
v -0.039296 0.059139 -0.026102
v -0.114903 0.034769 0.005520
v -0.103501 0.036514 0.029063
v -0.076440 0.072113 0.005925
v -0.082147 0.034769 0.043851
v -0.076396 0.072112 0.005977
v -0.103469 0.036514 0.029101
v -0.039263 0.059139 -0.026063
v -0.076231 0.072171 0.005835
v -0.026530 0.054365 -0.003722
v -0.076281 0.072188 0.005915
v -0.058608 0.065673 0.023862
v -0.026584 0.054384 -0.003655
v -0.076326 0.072172 0.005953
v -0.082082 0.034834 0.043818
v -0.058643 0.065660 0.023892
v -0.026507 0.054342 -0.003657
v -0.058537 0.065634 0.023863
v -0.024442 0.041299 0.019083
v -0.058539 0.065611 0.023913
v -0.042957 0.047813 0.034680
v -0.024484 0.041307 0.019131
v -0.059363 0.054285 -0.042126
v -0.076283 0.016964 -0.051684
v -0.081237 0.041263 -0.047708
v -0.099185 0.023431 -0.041315
v -0.081269 0.041237 -0.047707
v -0.076320 0.016921 -0.051685
v -0.099206 0.023458 -0.041297
v -0.099780 0.047778 -0.031727
v -0.081289 0.041264 -0.047690
v -0.099192 0.023394 -0.041308
v -0.076329 0.016877 -0.051677
v -0.089858 -0.000927 -0.040115
v -0.076311 0.016826 -0.051660
v -0.074245 -0.018750 -0.029347
v -0.089838 -0.000963 -0.040105
v -0.076258 0.016906 -0.051692
v -0.059314 0.054266 -0.042124
v -0.050735 0.012137 -0.049306
v -0.076266 0.016864 -0.051685
v -0.050746 0.012085 -0.049297
v -0.074189 -0.018752 -0.029348
v -0.039297 0.059094 -0.026144
v -0.050698 0.012212 -0.049272
v -0.059280 0.054329 -0.042094
v -0.050667 0.012126 -0.049277
v -0.039258 0.059012 -0.026143
v -0.029346 0.010379 -0.034513
v -0.039217 0.059013 -0.026094
v -0.017907 0.012126 -0.010941
v -0.029310 0.010379 -0.034470
v -0.017917 0.012212 -0.010911
v -0.039221 0.059094 -0.026056
v -0.026495 0.054328 -0.003729
v -0.019464 0.016864 0.014667
v -0.041344 -0.018752 0.009075
v -0.017900 0.012085 -0.010859
v -0.026471 0.054266 -0.003690
v -0.019456 0.016906 0.014660
v -0.017889 0.012137 -0.010868
v -0.041353 -0.018750 0.009131
v -0.019496 0.016826 0.014707
v -0.033020 -0.000962 0.026267
v -0.019468 0.016963 0.014684
v -0.026476 0.054285 -0.003642
v -0.024419 0.041263 0.019080
v -0.019482 0.016877 0.014728
v -0.033587 0.023394 0.035468
v -0.033014 -0.000927 0.026288
v -0.024424 0.041237 0.019111
v -0.033579 0.023431 0.035462
v -0.019473 0.016922 0.014720
v -0.042936 0.047778 0.034688
v -0.033600 0.023458 0.035480
v -0.024445 0.041264 0.019128
v -0.074283 -0.018765 -0.029315
v -0.108338 0.005539 -0.024533
v -0.089865 -0.000972 -0.040083
v -0.108380 0.005547 -0.024485
v -0.074285 -0.018788 -0.029265
v -0.106314 -0.007500 -0.001745
v -0.050740 0.012011 -0.049233
v -0.056496 -0.025327 -0.011367
v -0.074179 -0.018814 -0.029294
v -0.056541 -0.025343 -0.011329
v -0.106237 -0.007541 -0.001747
v -0.074214 -0.018827 -0.029264
v -0.029352 0.010332 -0.034504
v -0.056426 -0.025267 -0.011391
v -0.050675 0.012076 -0.049266
v -0.106291 -0.007523 -0.001680
v -0.056592 -0.025325 -0.011249
v -0.093559 -0.012297 0.020259
v -0.093526 -0.012297 0.020297
v -0.056547 -0.025326 -0.011199
v -0.073531 -0.007523 0.036645
v -0.017919 0.012076 -0.010934
v -0.056382 -0.025268 -0.011339
v -0.029320 0.010332 -0.034466
v -0.041431 -0.018827 0.009087
v -0.073456 -0.007542 0.036602
v -0.056461 -0.025343 -0.011235
v -0.056417 -0.025327 -0.011273
v -0.017961 0.012011 -0.010875
v -0.041396 -0.018814 0.009057
v -0.051524 0.005539 0.042236
v -0.041391 -0.018765 0.009162
v -0.033047 -0.000972 0.026289
v -0.073470 -0.007500 0.036678
v -0.041441 -0.018788 0.009158
v -0.051579 0.005547 0.042270
v -0.103475 0.036467 0.029109
v -0.093564 -0.012170 0.020339
v -0.082155 0.034719 0.043862
v -0.093525 -0.012252 0.020340
v -0.073542 -0.007486 0.036679
v -0.082124 0.034634 0.043857
v -0.033042 -0.000937 0.026312
v -0.033615 0.023384 0.035493
v -0.051533 0.005582 0.042274
v -0.051553 0.005609 0.042292
v -0.033636 0.023411 0.035511
v -0.056502 0.029924 0.046283
v -0.056493 0.029968 0.046275
v -0.033629 0.023448 0.035504
v -0.042964 0.047768 0.034712
v -0.073459 -0.007443 0.036712
v -0.051585 0.005583 0.042293
v -0.056539 0.029881 0.046282
v -0.058577 0.065596 0.023945
v -0.056511 0.030019 0.046258
v -0.042984 0.047804 0.034702
v -0.082087 0.034708 0.043891
v -0.073508 -0.007424 0.036709
v -0.056564 0.029939 0.046290
v -0.056556 0.029981 0.046283
v -0.058633 0.065598 0.023946
v -0.082076 0.034760 0.043882
v 0.440111 -0.083323 -0.067644
v 0.440111 -0.083338 0.066705
v 0.440111 -0.108737 -0.067629
v 0.440111 -0.108752 -0.066908
v 0.440111 -0.083353 0.067426
v 0.440111 -0.108767 0.067441
v -0.266570 0.111368 -0.050033
v -0.266571 0.111370 -0.023323
v -0.260570 0.096884 -0.023324
v -0.260565 0.096872 -0.023369
v -0.260565 0.096872 -0.050084
v -0.266565 0.111355 -0.050083
v -0.260565 0.096842 -0.050039
v -0.260565 0.096842 -0.023324
v -0.266565 0.082359 -0.023325
v -0.266570 0.082346 -0.023375
v -0.266571 0.082344 -0.050085
v -0.260570 0.096830 -0.050084
v -0.266570 0.111368 0.023563
v -0.266571 0.111370 0.050273
v -0.260569 0.096884 0.050272
v -0.260564 0.096872 0.050227
v -0.260564 0.096872 0.023512
v -0.266565 0.111355 0.023513
v -0.260564 0.096842 0.023557
v -0.260564 0.096842 0.050272
v -0.266565 0.082359 0.050271
v -0.266570 0.082346 0.050221
v -0.266571 0.082344 0.023511
v -0.260569 0.096830 0.023512
v 0.237321 -0.095928 0.079075
v 0.252143 -0.065898 0.067127
v 0.250459 -0.064210 0.079081
v 0.252108 -0.065987 0.067119
v 0.237282 -0.096026 0.079065
v 0.239667 -0.096029 0.067118
v 0.252108 -0.126104 0.067119
v 0.239667 -0.096065 0.067118
v 0.237282 -0.096068 0.079065
v 0.252143 -0.126193 0.067127
v 0.237321 -0.096165 0.079075
v 0.250459 -0.127881 0.079081
v 0.237322 -0.096169 -0.078888
v 0.252143 -0.126193 -0.067328
v 0.250459 -0.127881 -0.078893
v 0.252107 -0.126101 -0.067321
v 0.237282 -0.096068 -0.078877
v 0.239666 -0.096065 -0.067320
v 0.237282 -0.096026 -0.078877
v 0.252107 -0.065990 -0.067321
v 0.239666 -0.096029 -0.067320
v 0.237322 -0.095925 -0.078888
v 0.250459 -0.064210 -0.078893
v 0.252143 -0.065898 -0.067328
v -0.211008 0.023253 0.071873
v -0.211008 0.062410 0.059927
v -0.211008 0.062414 0.071877
v -0.211008 0.062283 0.059918
v -0.211008 0.023120 0.071865
v -0.211008 0.023116 0.059514
v -0.211008 0.023249 -0.072087
v -0.211008 0.062414 -0.072091
v -0.211008 0.062395 -0.059760
v -0.211008 0.023120 -0.072078
v -0.211008 0.062195 -0.059743
v -0.211008 0.023117 -0.059325
v -0.211008 0.062362 0.059454
v -0.211008 0.023195 -0.059235
v -0.211008 0.062395 -0.059670
v -0.211008 0.023168 -0.058864
v -0.211008 0.062334 0.059824
v -0.211008 0.023156 0.059435
v 0.346630 -0.095948 0.079019
v 0.327859 -0.050625 -0.078298
v 0.327853 -0.050611 0.079020
v 0.327871 -0.050656 -0.078817
v 0.346641 -0.095974 0.078578
v 0.346641 -0.095974 -0.078831
v 0.327871 -0.141434 0.079005
v 0.346641 -0.096120 -0.078390
v 0.346641 -0.096120 0.079019
v 0.346630 -0.096146 -0.078831
v 0.327859 -0.141465 0.078486
v 0.327853 -0.141479 -0.078832
v 0.190799 0.015998 -0.071662
v 0.190799 0.076249 0.071806
v 0.190799 0.015985 0.071819
v 0.190799 0.076295 0.071448
v 0.190799 0.016044 -0.072020
v 0.190799 0.076308 -0.072033
v -0.212450 0.076314 -0.059644
v -0.211015 0.062496 0.058809
v -0.211013 0.062483 -0.059658
v -0.211015 0.062504 0.059832
v -0.212450 0.076322 -0.058621
v -0.212452 0.076335 0.059846
v -0.237414 0.056719 -0.066020
v -0.237419 0.056708 0.065586
v -0.274377 -0.029059 -0.066008
v -0.274413 -0.029142 -0.065801
v -0.237455 0.056625 0.065793
v -0.274417 -0.029153 0.065805
v -0.283112 0.056719 -0.066020
v -0.283116 0.056708 0.065586
v -0.320073 -0.029059 -0.066008
v -0.320109 -0.029142 -0.065801
v -0.283152 0.056625 0.065793
v -0.320114 -0.029153 0.065805
v -0.266594 0.111392 -0.023375
v -0.266592 0.111391 -0.050085
v -0.281078 0.117390 -0.050084
v -0.281090 0.117395 -0.050039
v -0.281090 0.117395 -0.023324
v -0.266607 0.111397 -0.023325
v -0.281120 0.117395 -0.023369
v -0.281120 0.117395 -0.050084
v -0.295604 0.111397 -0.050083
v -0.295617 0.111392 -0.050033
v -0.295619 0.111391 -0.023323
v -0.281132 0.117390 -0.023324
v -0.281120 0.117395 0.050227
v -0.281120 0.117395 0.023512
v -0.295603 0.111397 0.023513
v -0.281090 0.117395 0.023557
v -0.281090 0.117395 0.050272
v -0.266607 0.111397 0.050271
v -0.295616 0.111392 0.023563
v -0.295618 0.111391 0.050273
v -0.281132 0.117390 0.050272
v -0.266594 0.111392 0.050221
v -0.266592 0.111391 0.023511
v -0.281078 0.117390 0.023512
v 0.190443 0.076385 -0.071966
v -0.214333 0.076385 -0.071943
v 0.177992 0.076385 -0.059870
v 0.190666 0.076385 0.069141
v 0.190655 0.076385 -0.071768
v 0.178221 0.076385 -0.059647
v 0.167678 0.076385 -0.059868
v -0.224776 0.076385 -0.071930
v -0.212403 0.076385 -0.059840
v 0.190632 0.076385 0.071556
v 0.178215 0.076385 -0.056405
v 0.178230 0.076385 0.059821
v -0.224991 0.076385 -0.071672
v -0.212581 0.076385 0.057325
v -0.212589 0.076385 -0.059652
v 0.177988 0.076385 0.060073
v -0.212837 0.076385 0.071712
v 0.190464 0.076385 0.071763
v -0.225034 0.076385 -0.068641
v -0.225017 0.076385 0.071470
v -0.212586 0.076385 0.059847
v -0.224722 0.076385 0.071698
v 0.166319 0.076385 0.060071
v -0.212408 0.076385 0.060020
v 0.282196 -0.141042 0.079075
v 0.252170 -0.126220 0.067127
v 0.250482 -0.127904 0.079081
v 0.312464 -0.126220 0.067127
v 0.282433 -0.141042 0.079075
v 0.314152 -0.127904 0.079081
v 0.252259 -0.126255 0.067119
v 0.282294 -0.141081 0.079065
v 0.282297 -0.138696 0.067118
v 0.312375 -0.126255 0.067119
v 0.282333 -0.138696 0.067118
v 0.282336 -0.141081 0.079065
v 0.252170 -0.126220 -0.067328
v 0.282193 -0.141041 -0.078888
v 0.250482 -0.127904 -0.078893
v 0.282294 -0.141081 -0.078877
v 0.252262 -0.126256 -0.067321
v 0.282297 -0.138697 -0.067320
v 0.312372 -0.126256 -0.067321
v 0.282336 -0.141081 -0.078877
v 0.282333 -0.138697 -0.067320
v 0.282437 -0.141041 -0.078888
v 0.312464 -0.126220 -0.067328
v 0.314152 -0.127904 -0.078893
v -0.259048 0.056823 0.064650
v -0.245333 0.062394 -0.066051
v -0.259062 0.056818 -0.066050
v -0.245327 0.062397 -0.065143
v -0.259040 0.056826 0.065820
v -0.245327 0.062397 0.065836
v -0.245233 0.062386 -0.066051
v -0.245233 0.062386 0.064412
v -0.237441 0.056840 -0.066037
v -0.237437 0.056837 -0.064236
v -0.245229 0.062383 0.065836
v -0.237424 0.056828 0.065837
v -0.290930 0.062386 -0.066051
v -0.290930 0.062386 0.064412
v -0.283138 0.056840 -0.066037
v -0.283134 0.056837 -0.064236
v -0.290926 0.062383 0.065836
v -0.283121 0.056828 0.065837
v -0.291024 0.062397 -0.065142
v -0.304736 0.056826 0.065820
v -0.291024 0.062397 0.065836
v -0.304758 0.056818 -0.066050
v -0.304744 0.056823 0.064650
v -0.291030 0.062394 -0.066051
v 0.176582 0.023079 0.059529
v 0.141510 -0.005988 0.071785
v 0.176586 0.023082 0.071874
v 0.140944 -0.006456 0.071751
v 0.176451 0.022970 0.059519
v 0.140931 -0.006467 0.059186
v -0.168855 -0.006527 0.059221
v 0.140748 -0.006527 0.071780
v 0.140765 -0.006527 0.059185
v 0.135378 -0.006527 0.071785
v -0.175132 -0.006527 0.059226
v -0.175183 -0.006527 0.071817
v -0.175728 -0.006141 0.071817
v -0.210987 0.023080 0.059529
v -0.210991 0.023083 0.071874
v -0.210856 0.022971 0.059519
v -0.175323 -0.006476 0.071793
v -0.175362 -0.006444 0.059222
v -0.210987 0.023080 -0.059340
v -0.175893 -0.006004 -0.071999
v -0.210991 0.023083 -0.072088
v -0.175347 -0.006456 -0.071964
v -0.210855 0.022970 -0.059332
v -0.175334 -0.006467 -0.059399
v -0.175168 -0.006527 -0.059399
v 0.134452 -0.006527 -0.059435
v -0.175151 -0.006527 -0.071994
v 0.140780 -0.006527 -0.072031
v -0.169780 -0.006527 -0.071999
v 0.140729 -0.006527 -0.059440
v 0.140959 -0.006444 -0.059435
v 0.176450 0.022969 -0.059332
v 0.140920 -0.006476 -0.072006
v 0.176586 0.023082 -0.072088
v 0.141311 -0.006153 -0.072031
v 0.176582 0.023079 -0.059340
v -0.175390 -0.006421 0.058978
v -0.210952 0.023050 -0.058918
v -0.210960 0.023057 0.059432
v -0.210925 0.023029 -0.059232
v -0.175350 -0.006454 0.058488
v -0.175380 -0.006429 -0.059152
v 0.140076 -0.006527 0.058949
v -0.175109 -0.006527 -0.059084
v -0.175148 -0.006527 0.058977
v -0.174415 -0.006527 -0.059152
v 0.140717 -0.006527 0.058886
v 0.140739 -0.006527 -0.059185
v 0.140968 -0.006436 0.058341
v 0.176520 0.023028 -0.059232
v 0.140952 -0.006450 -0.059185
v 0.176547 0.023049 -0.058918
v 0.141019 -0.006395 0.058951
v 0.176555 0.023056 0.059432
v 0.236928 -0.050491 -0.078817
v 0.282242 -0.031722 0.078578
v 0.282242 -0.031722 -0.078831
v 0.327706 -0.050491 0.079005
v 0.282388 -0.031722 -0.078390
v 0.282388 -0.031722 0.079019
v 0.282216 -0.031733 0.079019
v 0.236897 -0.050503 -0.078298
v 0.236883 -0.050509 0.079020
v 0.282414 -0.031733 -0.078831
v 0.327737 -0.050503 0.078486
v 0.327751 -0.050509 -0.078832
v 0.439895 -0.083263 -0.067600
v 0.332374 -0.083263 -0.067613
v 0.332387 -0.083263 0.067204
v 0.440007 -0.083263 -0.067407
v 0.332499 -0.083263 0.067397
v 0.440020 -0.083263 0.067410
v 0.236782 -0.141401 0.079098
v 0.237240 -0.096074 0.079098
v 0.218007 -0.096076 0.079098
v 0.237240 -0.096020 0.079098
v 0.236782 -0.050689 0.079098
v 0.218007 -0.096018 0.079098
v 0.237293 -0.096179 0.079098
v 0.236842 -0.141476 0.079098
v 0.250433 -0.127894 0.079098
v 0.236842 -0.050614 0.079098
v 0.237293 -0.095915 0.079098
v 0.250433 -0.064197 0.079098
v 0.282185 -0.160311 0.079098
v 0.250463 -0.127936 0.079098
v 0.236865 -0.141540 0.079098
v 0.282185 -0.031780 0.079098
v 0.236865 -0.050550 0.079098
v 0.250463 -0.064155 0.079098
v 0.250567 -0.127970 0.079098
v 0.282284 -0.160322 0.079098
v 0.282293 -0.141111 0.079098
v 0.250567 -0.064121 0.079098
v 0.282293 -0.050980 0.079098
v 0.282284 -0.031769 0.079098
v 0.282346 -0.160322 0.079098
v 0.314067 -0.127970 0.079098
v 0.282337 -0.141111 0.079098
v 0.314067 -0.064121 0.079098
v 0.282346 -0.031769 0.079098
v 0.282337 -0.050980 0.079098
v 0.314171 -0.127936 0.079098
v 0.282445 -0.160311 0.079098
v 0.327769 -0.141540 0.079098
v 0.282445 -0.031780 0.079098
v 0.314171 -0.064155 0.079098
v 0.327769 -0.050550 0.079098
v 0.327792 -0.141476 0.079098
v 0.327337 -0.096179 0.079098
v 0.314201 -0.127894 0.079098
v 0.327337 -0.095915 0.079098
v 0.327792 -0.050614 0.079098
v 0.314201 -0.064197 0.079098
v 0.327852 -0.141401 0.079098
v 0.346627 -0.096076 0.079098
v 0.327390 -0.096074 0.079098
v 0.327852 -0.050689 0.079098
v 0.327390 -0.096020 0.079098
v 0.346627 -0.096018 0.079098
v -0.215495 0.076217 0.071896
v 0.176550 0.062570 0.071896
v 0.190496 0.076261 0.071896
v 0.190765 0.016139 0.071896
v 0.190675 0.076089 0.071896
v 0.176756 0.062394 0.071896
v 0.168846 0.062568 0.071896
v -0.224774 0.076202 0.071896
v -0.210970 0.062526 0.071896
v 0.190743 0.015975 0.071896
v 0.176738 0.061530 0.071896
v 0.176632 0.023114 0.071896
v -0.225167 0.016139 0.071896
v -0.211113 0.062406 0.071896
v -0.225033 0.075983 0.071896
v 0.176613 0.023058 0.071896
v 0.147231 -0.022005 0.071896
v 0.190738 0.015900 0.071896
v -0.211101 0.061810 0.071896
v -0.225145 0.015975 0.071896
v -0.211037 0.023115 0.071896
v 0.146840 -0.022290 0.071896
v 0.176473 0.022950 0.071896
v 0.141015 -0.006569 0.071896
v -0.181786 -0.021833 0.071896
v -0.211018 0.023059 0.071896
v -0.225140 0.015900 0.071896
v 0.140769 -0.006663 0.071896
v -0.176494 -0.022362 0.071896
v 0.146695 -0.022393 0.071896
v -0.210878 0.022951 0.071896
v -0.181253 -0.022221 0.071896
v -0.175375 -0.006557 0.071896
v -0.181052 -0.022353 0.071896
v 0.135540 -0.006659 0.071896
v -0.175196 -0.006622 0.071896
v 0.282315 -0.051027 0.067892
v 0.250679 -0.064148 0.067892
v 0.313986 -0.064154 0.067892
v 0.314128 -0.127796 0.067892
v 0.314134 -0.064228 0.067892
v 0.250567 -0.064234 0.067892
v 0.314208 -0.064376 0.067892
v 0.314214 -0.127684 0.067892
v 0.327335 -0.096047 0.067892
v 0.314067 -0.127857 0.067892
v 0.250506 -0.064295 0.067892
v 0.250500 -0.127863 0.067892
v 0.250426 -0.127715 0.067892
v 0.250420 -0.064407 0.067892
v 0.237295 -0.096047 0.067892
v 0.313955 -0.127943 0.067892
v 0.250648 -0.127937 0.067892
v 0.282315 -0.141068 0.067892
v 0.440061 -0.083313 0.067501
v 0.332805 -0.083324 0.067501
v 0.440050 -0.108750 0.067501
v 0.332333 -0.108777 0.067501
v 0.439589 -0.108766 0.067501
v 0.332344 -0.083340 0.067501
v -0.258904 0.056838 0.065890
v -0.237479 0.056828 0.065890
v -0.245278 0.062407 0.065890
v -0.237429 0.056766 0.065890
v -0.259079 0.056756 0.065890
v -0.274347 -0.028889 0.065890
v -0.296135 -0.029200 0.065890
v -0.274484 -0.029190 0.065890
v -0.259215 0.056457 0.065890
v -0.274655 -0.029272 0.065890
v -0.296101 -0.029262 0.065890
v -0.289332 -0.035432 0.065890
v -0.304600 0.056838 0.065890
v -0.283176 0.056828 0.065890
v -0.290975 0.062407 0.065890
v -0.283126 0.056766 0.065890
v -0.304775 0.056756 0.065890
v -0.320044 -0.028889 0.065890
v -0.341831 -0.029200 0.065890
v -0.320181 -0.029190 0.065890
v -0.304911 0.056457 0.065890
v -0.320352 -0.029272 0.065890
v -0.341797 -0.029262 0.065890
v -0.335028 -0.035432 0.065890
v -0.266661 0.082312 0.050289
v -0.295535 0.082309 0.050289
v -0.281105 0.076321 0.050289
v -0.295586 0.082349 0.050289
v -0.266594 0.082346 0.050289
v -0.266597 0.111338 0.050289
v -0.266557 0.111287 0.050289
v -0.266560 0.082413 0.050289
v -0.260571 0.096857 0.050289
v -0.295613 0.082376 0.050289
v -0.266624 0.111365 0.050289
v -0.295616 0.111368 0.050289
v -0.295549 0.111402 0.050289
v -0.266676 0.111405 0.050289
v -0.281105 0.117388 0.050289
v -0.295653 0.082428 0.050289
v -0.295650 0.111301 0.050289
v -0.301638 0.096857 0.050289
v -0.266661 0.082312 -0.023307
v -0.295536 0.082309 -0.023307
v -0.281105 0.076321 -0.023307
v -0.295587 0.082349 -0.023307
v -0.266594 0.082346 -0.023307
v -0.266597 0.111338 -0.023307
v -0.266557 0.111286 -0.023307
v -0.266560 0.082413 -0.023307
v -0.260572 0.096857 -0.023307
v -0.295617 0.111368 -0.023307
v -0.295614 0.082376 -0.023307
v -0.266624 0.111365 -0.023307
v -0.295654 0.082428 -0.023307
v -0.295651 0.111301 -0.023307
v -0.301638 0.096857 -0.023307
v -0.295550 0.111402 -0.023307
v -0.266676 0.111405 -0.023307
v -0.281105 0.117388 -0.023307
v -0.199976 0.062631 -0.059708
v 0.176467 0.062584 -0.059708
v 0.177834 0.076178 -0.059708
v -0.210830 0.062637 -0.059708
v 0.166983 0.076187 -0.059708
v -0.212289 0.076233 -0.059708
v -0.304883 0.056625 -0.066008
v -0.341844 -0.029153 -0.066020
v -0.341840 -0.029142 0.065586
v -0.304847 0.056708 -0.065801
v -0.341804 -0.029059 0.065793
v -0.304843 0.056719 0.065805
v -0.259187 0.056625 -0.066008
v -0.296149 -0.029153 -0.066020
v -0.296144 -0.029142 0.065586
v -0.259151 0.056708 -0.065801
v -0.296108 -0.029059 0.065793
v -0.259147 0.056719 0.065805
v -0.295641 0.111368 -0.023375
v -0.295640 0.111370 -0.050085
v -0.301640 0.096884 -0.050084
v -0.301645 0.096872 -0.050039
v -0.301645 0.096872 -0.023324
v -0.295646 0.111355 -0.023325
v -0.301645 0.096842 -0.023369
v -0.301645 0.096842 -0.050084
v -0.295646 0.082359 -0.050083
v -0.295641 0.082346 -0.050033
v -0.295640 0.082344 -0.023323
v -0.301640 0.096830 -0.023324
v -0.295640 0.111368 0.050221
v -0.295639 0.111370 0.023511
v -0.301640 0.096884 0.023512
v -0.301645 0.096872 0.023557
v -0.301645 0.096872 0.050272
v -0.295645 0.111355 0.050271
v -0.301645 0.096842 0.050227
v -0.301645 0.096842 0.023512
v -0.295645 0.082359 0.023513
v -0.295640 0.082346 0.023563
v -0.295639 0.082344 0.050273
v -0.301640 0.096830 0.050272
v 0.312491 -0.065898 0.067127
v 0.327309 -0.095928 0.079075
v 0.314175 -0.064210 0.079081
v 0.312526 -0.065987 0.067119
v 0.324967 -0.096029 0.067118
v 0.327348 -0.096026 0.079065
v 0.312526 -0.126104 0.067119
v 0.327348 -0.096068 0.079065
v 0.324967 -0.096065 0.067118
v 0.327309 -0.096165 0.079075
v 0.312491 -0.126193 0.067127
v 0.314175 -0.127881 0.079081
v 0.327308 -0.096169 -0.078888
v 0.314175 -0.127881 -0.078893
v 0.312491 -0.126193 -0.067328
v 0.327348 -0.096068 -0.078877
v 0.312527 -0.126101 -0.067321
v 0.324968 -0.096065 -0.067320
v 0.312527 -0.065990 -0.067321
v 0.327348 -0.096026 -0.078877
v 0.324968 -0.096029 -0.067320
v 0.327308 -0.095925 -0.078888
v 0.312491 -0.065898 -0.067328
v 0.314175 -0.064210 -0.078893
v 0.176603 0.062410 0.059927
v 0.176603 0.023252 0.071873
v 0.176603 0.062414 0.071877
v 0.176603 0.023119 0.071865
v 0.176603 0.062283 0.059918
v 0.176603 0.023115 0.059514
v 0.176603 0.023116 -0.059325
v 0.176603 0.062287 -0.059730
v 0.176603 0.023119 -0.072078
v 0.176603 0.062414 -0.072091
v 0.176603 0.023248 -0.072087
v 0.176603 0.062410 -0.059740
v 0.176603 0.023167 0.059053
v 0.176603 0.062334 -0.059636
v 0.176603 0.023155 -0.059246
v 0.176603 0.062362 -0.059266
v 0.176603 0.023194 0.059424
v 0.176603 0.062373 0.059836
v 0.218004 -0.095948 -0.078831
v 0.236775 -0.050625 0.078486
v 0.236781 -0.050611 -0.078832
v 0.236763 -0.050656 0.079005
v 0.217993 -0.095974 -0.078390
v 0.217993 -0.095974 0.079019
v 0.236763 -0.141434 -0.078817
v 0.217993 -0.096120 0.078578
v 0.217993 -0.096120 -0.078831
v 0.218004 -0.096146 0.079019
v 0.236775 -0.141465 -0.078298
v 0.236781 -0.141479 0.079020
v -0.225201 0.015985 -0.072033
v -0.225201 0.015998 0.071448
v -0.225201 0.076249 -0.072020
v -0.225201 0.076295 -0.071662
v -0.225201 0.016044 0.071806
v -0.225201 0.076308 0.071819
v 0.176610 0.062496 0.058809
v 0.178048 0.076314 -0.059644
v 0.176608 0.062483 -0.059658
v 0.178048 0.076322 -0.058621
v 0.176610 0.062504 0.059832
v 0.178050 0.076335 0.059846
v 0.332283 -0.108767 -0.067644
v 0.332283 -0.108752 0.066705
v 0.332283 -0.083353 -0.067629
v 0.332283 -0.083338 -0.066908
v 0.332283 -0.108737 0.067426
v 0.332283 -0.083323 0.067441
v -0.266594 0.082322 -0.050033
v -0.266592 0.082323 -0.023323
v -0.281078 0.076319 -0.023324
v -0.281090 0.076314 -0.023369
v -0.281090 0.076314 -0.050084
v -0.266607 0.082317 -0.050083
v -0.281120 0.076314 -0.050039
v -0.281120 0.076314 -0.023324
v -0.295604 0.082317 -0.023325
v -0.295617 0.082322 -0.023375
v -0.295619 0.082323 -0.050085
v -0.281132 0.076319 -0.050084
v 0.332499 -0.108827 -0.067600
v 0.440020 -0.108827 -0.067613
v 0.440007 -0.108827 0.067204
v 0.332387 -0.108827 -0.067407
v 0.439895 -0.108827 0.067397
v 0.332374 -0.108827 0.067410
v -0.295616 0.082322 0.050221
v -0.295618 0.082323 0.023511
v -0.281132 0.076319 0.023512
v -0.266594 0.082322 0.023563
v -0.266592 0.082323 0.050273
v -0.281078 0.076319 0.050272
v -0.281120 0.076314 0.023557
v -0.281120 0.076314 0.050272
v -0.295603 0.082317 0.050271
v -0.281090 0.076314 0.050227
v -0.281090 0.076314 0.023512
v -0.266607 0.082317 0.023513
v 0.252259 -0.065836 0.067119
v 0.282297 -0.053395 0.067118
v 0.282294 -0.051010 0.079065
v 0.312375 -0.065836 0.067119
v 0.282336 -0.051010 0.079065
v 0.282333 -0.053395 0.067118
v 0.252170 -0.065871 0.067127
v 0.282196 -0.051049 0.079075
v 0.250482 -0.064187 0.079081
v 0.282433 -0.051049 0.079075
v 0.312464 -0.065871 0.067127
v 0.314152 -0.064187 0.079081
v 0.282193 -0.051050 -0.078888
v 0.252170 -0.065871 -0.067328
v 0.250482 -0.064187 -0.078893
v 0.252262 -0.065835 -0.067321
v 0.282294 -0.051010 -0.078877
v 0.282297 -0.053394 -0.067320
v 0.282336 -0.051010 -0.078877
v 0.312372 -0.065835 -0.067321
v 0.282333 -0.053394 -0.067320
v 0.282437 -0.051050 -0.078888
v 0.314152 -0.064187 -0.078893
v 0.312464 -0.065871 -0.067328
v -0.198288 0.062433 0.060093
v 0.176453 0.062433 0.060046
v 0.176406 0.062433 0.071693
v -0.210811 0.062433 0.060099
v 0.163883 0.062433 0.071699
v -0.210858 0.062433 0.071746
v -0.274524 -0.029262 -0.066035
v -0.289275 -0.035419 0.064848
v -0.289298 -0.035428 -0.066066
v -0.289268 -0.035415 0.065827
v -0.274516 -0.029258 -0.064950
v -0.274501 -0.029252 0.065834
v -0.289381 -0.035400 0.064078
v -0.296128 -0.029280 -0.066037
v -0.289363 -0.035417 -0.066066
v -0.296131 -0.029277 -0.064150
v -0.289384 -0.035397 0.065827
v -0.296143 -0.029267 0.065837
v -0.335070 -0.035406 -0.066051
v -0.335070 -0.035407 0.064337
v -0.341824 -0.029280 -0.066037
v -0.341827 -0.029277 -0.064150
v -0.335073 -0.035404 0.065836
v -0.341839 -0.029267 0.065837
v -0.334980 -0.035422 -0.065211
v -0.320220 -0.029262 0.065820
v -0.334980 -0.035422 0.065836
v -0.320198 -0.029252 -0.066049
v -0.320212 -0.029258 0.064735
v -0.334973 -0.035419 -0.066051
v -0.198694 0.062433 -0.071913
v 0.176453 0.062433 -0.071960
v 0.176406 0.062433 -0.059911
v -0.210811 0.062433 -0.071907
v 0.164289 0.062433 -0.059905
v -0.210858 0.062433 -0.059858
v 0.282216 -0.160358 -0.078831
v 0.236897 -0.141587 0.078486
v 0.236883 -0.141581 -0.078832
v 0.282414 -0.160358 0.079019
v 0.327737 -0.141587 -0.078298
v 0.327751 -0.141581 0.079020
v 0.236928 -0.141599 0.079005
v 0.282242 -0.160369 -0.078390
v 0.282242 -0.160369 0.079019
v 0.327706 -0.141599 -0.078817
v 0.282388 -0.160369 0.078578
v 0.282388 -0.160369 -0.078831
v -0.225134 0.015849 0.071437
v -0.225144 0.015858 -0.072034
v -0.181399 -0.022326 -0.071953
v -0.181342 -0.022376 -0.071307
v -0.181324 -0.022392 0.071763
v -0.225101 0.015821 0.071807
v -0.181067 -0.022479 -0.071870
v 0.146073 -0.022479 0.071739
v -0.181091 -0.022479 0.071763
v -0.180478 -0.022479 -0.071953
v 0.146686 -0.022479 -0.071977
v 0.146662 -0.022479 0.071656
v 0.190699 0.015821 -0.072021
v 0.146937 -0.022376 0.071093
v 0.146919 -0.022392 -0.071977
v 0.146994 -0.022326 0.071739
v 0.190732 0.015849 -0.071651
v 0.190742 0.015858 0.071820
v 0.314067 -0.127970 -0.078910
v 0.282346 -0.160322 -0.078910
v 0.282337 -0.141111 -0.078910
v 0.250567 -0.127970 -0.078910
v 0.282293 -0.141111 -0.078910
v 0.282284 -0.160322 -0.078910
v 0.282445 -0.160311 -0.078910
v 0.314171 -0.127936 -0.078910
v 0.327769 -0.141540 -0.078910
v 0.282185 -0.160311 -0.078910
v 0.236865 -0.141540 -0.078910
v 0.250463 -0.127936 -0.078910
v 0.327337 -0.096179 -0.078910
v 0.327792 -0.141476 -0.078910
v 0.314201 -0.127894 -0.078910
v 0.236842 -0.141476 -0.078910
v 0.237293 -0.096179 -0.078910
v 0.250433 -0.127894 -0.078910
v 0.327852 -0.141401 -0.078910
v 0.327390 -0.096074 -0.078910
v 0.346627 -0.096076 -0.078910
v 0.237240 -0.096074 -0.078910
v 0.236782 -0.141401 -0.078910
v 0.218007 -0.096076 -0.078910
v 0.327852 -0.050689 -0.078910
v 0.346627 -0.096018 -0.078910
v 0.327390 -0.096020 -0.078910
v 0.236782 -0.050689 -0.078910
v 0.237240 -0.096020 -0.078910
v 0.218007 -0.096018 -0.078910
v 0.327792 -0.050614 -0.078910
v 0.327337 -0.095915 -0.078910
v 0.314201 -0.064197 -0.078910
v 0.237293 -0.095915 -0.078910
v 0.236842 -0.050614 -0.078910
v 0.250433 -0.064197 -0.078910
v 0.314171 -0.064155 -0.078910
v 0.282445 -0.031780 -0.078910
v 0.327769 -0.050550 -0.078910
v 0.282185 -0.031780 -0.078910
v 0.250463 -0.064155 -0.078910
v 0.236865 -0.050550 -0.078910
v 0.282346 -0.031769 -0.078910
v 0.314067 -0.064121 -0.078910
v 0.282337 -0.050980 -0.078910
v 0.250567 -0.064121 -0.078910
v 0.282284 -0.031769 -0.078910
v 0.282293 -0.050980 -0.078910
v 0.168846 0.062568 -0.072110
v -0.210970 0.062526 -0.072110
v -0.224774 0.076202 -0.072110
v -0.211113 0.062406 -0.072110
v -0.225167 0.016139 -0.072110
v -0.225033 0.075983 -0.072110
v -0.215495 0.076217 -0.072110
v 0.190496 0.076261 -0.072110
v 0.176550 0.062570 -0.072110
v -0.225145 0.015975 -0.072110
v -0.211101 0.061810 -0.072110
v -0.211037 0.023115 -0.072110
v 0.190765 0.016139 -0.072110
v 0.176756 0.062394 -0.072110
v 0.190675 0.076089 -0.072110
v -0.181786 -0.021833 -0.072110
v -0.225140 0.015900 -0.072110
v -0.211018 0.023059 -0.072110
v 0.176738 0.061530 -0.072110
v 0.190743 0.015975 -0.072110
v 0.176632 0.023114 -0.072110
v -0.210878 0.022951 -0.072110
v -0.175375 -0.006557 -0.072110
v -0.181253 -0.022221 -0.072110
v 0.147231 -0.022005 -0.072110
v 0.176613 0.023058 -0.072110
v 0.190738 0.015900 -0.072110
v 0.135540 -0.006659 -0.072110
v -0.181052 -0.022353 -0.072110
v -0.175196 -0.006622 -0.072110
v 0.176473 0.022950 -0.072110
v 0.146840 -0.022290 -0.072110
v 0.141015 -0.006569 -0.072110
v 0.146695 -0.022393 -0.072110
v -0.176494 -0.022362 -0.072110
v 0.140769 -0.006663 -0.072110
v 0.314128 -0.127796 -0.068107
v 0.250567 -0.064234 -0.068107
v 0.314134 -0.064228 -0.068107
v 0.313986 -0.064154 -0.068107
v 0.250679 -0.064148 -0.068107
v 0.282315 -0.051027 -0.068107
v 0.314214 -0.127684 -0.068107
v 0.314208 -0.064376 -0.068107
v 0.327335 -0.096047 -0.068107
v 0.314067 -0.127857 -0.068107
v 0.250500 -0.127863 -0.068107
v 0.250506 -0.064295 -0.068107
v 0.250420 -0.064407 -0.068107
v 0.250426 -0.127715 -0.068107
v 0.237295 -0.096047 -0.068107
v 0.250648 -0.127937 -0.068107
v 0.313955 -0.127943 -0.068107
v 0.282315 -0.141068 -0.068107
v 0.439589 -0.083324 -0.067704
v 0.332344 -0.108750 -0.067704
v 0.332333 -0.083313 -0.067704
v 0.332805 -0.108766 -0.067704
v 0.440050 -0.083340 -0.067704
v 0.440061 -0.108777 -0.067704
v -0.341797 -0.029262 -0.066105
v -0.320352 -0.029272 -0.066105
v -0.335028 -0.035432 -0.066105
v -0.320181 -0.029190 -0.066105
v -0.341831 -0.029200 -0.066105
v -0.304911 0.056457 -0.066105
v -0.320044 -0.028889 -0.066105
v -0.304775 0.056756 -0.066105
v -0.283126 0.056766 -0.066105
v -0.283176 0.056828 -0.066105
v -0.304600 0.056838 -0.066105
v -0.290975 0.062407 -0.066105
v -0.296101 -0.029262 -0.066105
v -0.274656 -0.029272 -0.066105
v -0.289332 -0.035432 -0.066105
v -0.274485 -0.029190 -0.066105
v -0.296135 -0.029200 -0.066105
v -0.259215 0.056457 -0.066105
v -0.274348 -0.028889 -0.066105
v -0.259079 0.056756 -0.066105
v -0.237429 0.056766 -0.066105
v -0.237479 0.056828 -0.066105
v -0.258904 0.056838 -0.066105
v -0.245278 0.062407 -0.066105
v -0.281105 0.076321 -0.050101
v -0.295536 0.082309 -0.050101
v -0.266661 0.082312 -0.050101
v -0.266597 0.111338 -0.050101
v -0.266594 0.082346 -0.050101
v -0.295587 0.082349 -0.050101
v -0.266560 0.082413 -0.050101
v -0.266557 0.111286 -0.050101
v -0.260572 0.096857 -0.050101
v -0.295614 0.082376 -0.050101
v -0.295617 0.111368 -0.050101
v -0.266624 0.111365 -0.050101
v -0.266676 0.111405 -0.050101
v -0.295550 0.111402 -0.050101
v -0.281105 0.117388 -0.050101
v -0.295651 0.111301 -0.050101
v -0.295654 0.082428 -0.050101
v -0.301638 0.096857 -0.050101
v -0.281105 0.076321 0.023495
v -0.295535 0.082309 0.023495
v -0.266661 0.082312 0.023495
v -0.266597 0.111338 0.023495
v -0.266594 0.082346 0.023495
v -0.295586 0.082349 0.023495
v -0.266560 0.082413 0.023495
v -0.266557 0.111286 0.023495
v -0.260571 0.096857 0.023495
v -0.295613 0.082376 0.023495
v -0.295616 0.111368 0.023495
v -0.266624 0.111365 0.023495
v -0.266676 0.111405 0.023495
v -0.295549 0.111402 0.023495
v -0.281105 0.117388 0.023495
v -0.295650 0.111301 0.023495
v -0.295653 0.082428 0.023495
v -0.301638 0.096857 0.023495
v 0.176467 0.062584 0.059896
v -0.199976 0.062631 0.059896
v 0.177834 0.076178 0.059896
v -0.212289 0.076233 0.059896
v 0.166983 0.076187 0.059896
v -0.210830 0.062637 0.059896
v 0.310810 -0.097415 -0.088921
v 0.301366 -0.078457 -0.096885
v 0.302490 -0.077332 -0.088918
v 0.301366 -0.116519 -0.096885
v 0.310810 -0.097559 -0.088921
v 0.302490 -0.117644 -0.088918
v 0.301388 -0.078511 -0.096890
v 0.310833 -0.097473 -0.088928
v 0.309245 -0.097476 -0.096891
v 0.301388 -0.116465 -0.096890
v 0.309245 -0.097498 -0.096891
v 0.310833 -0.097501 -0.088928
v 0.282247 -0.068996 -0.088921
v 0.263288 -0.078441 -0.096885
v 0.262163 -0.077317 -0.088918
v 0.263342 -0.078419 -0.096890
v 0.282305 -0.068973 -0.088928
v 0.282308 -0.070561 -0.096891
v 0.301296 -0.078419 -0.096890
v 0.282330 -0.070561 -0.096891
v 0.282333 -0.068973 -0.088928
v 0.301350 -0.078441 -0.096885
v 0.282391 -0.068996 -0.088921
v 0.302475 -0.077317 -0.088918
v 0.263250 -0.078511 -0.096890
v 0.255393 -0.097476 -0.096891
v 0.253805 -0.097473 -0.088928
v 0.263250 -0.116465 -0.096890
v 0.253805 -0.097501 -0.088928
v 0.255393 -0.097498 -0.096891
v 0.263272 -0.078457 -0.096885
v 0.253828 -0.097415 -0.088921
v 0.262148 -0.077332 -0.088918
v 0.253828 -0.097559 -0.088921
v 0.263272 -0.116519 -0.096885
v 0.262148 -0.117644 -0.088918
v 0.263288 -0.116535 -0.096885
v 0.282247 -0.125978 -0.088921
v 0.262163 -0.117659 -0.088918
v 0.263342 -0.116557 -0.096890
v 0.282308 -0.124413 -0.096891
v 0.282305 -0.126001 -0.088928
v 0.301296 -0.116557 -0.096890
v 0.282333 -0.126001 -0.088928
v 0.282330 -0.124413 -0.096891
v 0.282391 -0.125978 -0.088921
v 0.301350 -0.116535 -0.096885
v 0.302475 -0.117659 -0.088918
v 0.161824 0.023448 0.035468
v 0.175930 0.029968 0.014728
v 0.162398 0.047768 0.026288
v 0.154057 0.065596 0.009131
v 0.162392 0.047803 0.026267
v 0.175916 0.030019 0.014707
v 0.161811 0.023384 0.035480
v 0.152475 -0.000937 0.034688
v 0.170967 0.005582 0.019128
v 0.161832 0.023411 0.035462
v 0.170988 0.005609 0.019111
v 0.175939 0.029923 0.014720
v 0.168934 -0.007443 -0.003642
v 0.175944 0.029882 0.014684
v 0.170993 0.005583 0.019080
v 0.154066 0.065598 0.009075
v 0.175948 0.029981 0.014667
v 0.177512 0.034760 -0.010859
v 0.175956 0.029939 0.014660
v 0.168939 -0.007424 -0.003690
v 0.177523 0.034708 -0.010868
v 0.156191 -0.012253 -0.026056
v 0.177495 0.034633 -0.010911
v 0.168915 -0.007486 -0.003729
v 0.177505 0.034719 -0.010941
v 0.156195 -0.012172 -0.026094
v 0.166098 0.036467 -0.034470
v 0.154019 0.065611 0.009162
v 0.143887 0.041307 0.042236
v 0.162365 0.047813 0.026289
v 0.143832 0.041299 0.042270
v 0.153969 0.065634 0.009158
v 0.121942 0.054342 0.036678
v 0.138950 0.072188 -0.011235
v 0.121956 0.054384 0.036602
v 0.153979 0.065673 0.009087
v 0.138994 0.072172 -0.011273
v 0.154014 0.065660 0.009057
v 0.177451 0.034834 -0.010875
v 0.121881 0.054365 0.036645
v 0.138864 0.072171 -0.011199
v 0.101882 0.059139 0.020297
v 0.177493 0.034769 -0.010934
v 0.166088 0.036514 -0.034466
v 0.139029 0.072113 -0.011339
v 0.144735 0.034769 -0.049266
v 0.138985 0.072112 -0.011391
v 0.166056 0.036514 -0.034504
v 0.101849 0.059139 0.020259
v 0.138819 0.072170 -0.011249
v 0.089118 0.054365 -0.001680
v 0.138870 0.072188 -0.011329
v 0.121194 0.065673 -0.029264
v 0.089172 0.054384 -0.001747
v 0.138915 0.072172 -0.011367
v 0.144670 0.034834 -0.049233
v 0.121229 0.065660 -0.029294
v 0.089095 0.054342 -0.001745
v 0.121123 0.065634 -0.029265
v 0.087030 0.041299 -0.024485
v 0.121125 0.065611 -0.029315
v 0.105544 0.047813 -0.040083
v 0.087072 0.041307 -0.024533
v 0.121953 0.054285 0.036712
v 0.138871 0.016964 0.046282
v 0.143826 0.041263 0.042293
v 0.161775 0.023431 0.035511
v 0.143858 0.041237 0.042292
v 0.138908 0.016921 0.046283
v 0.161796 0.023458 0.035493
v 0.162370 0.047778 0.026312
v 0.143878 0.041264 0.042274
v 0.161782 0.023394 0.035504
v 0.138917 0.016877 0.046275
v 0.152447 -0.000927 0.034712
v 0.138899 0.016826 0.046258
v 0.136835 -0.018750 0.023945
v 0.152427 -0.000963 0.034702
v 0.138846 0.016906 0.046290
v 0.121904 0.054266 0.036709
v 0.113323 0.012137 0.043891
v 0.138854 0.016864 0.046283
v 0.113334 0.012085 0.043882
v 0.136779 -0.018752 0.023946
v 0.101883 0.059094 0.020340
v 0.113286 0.012211 0.043857
v 0.121870 0.054328 0.036679
v 0.113255 0.012126 0.043862
v 0.101844 0.059012 0.020339
v 0.091935 0.010379 0.029109
v 0.101803 0.059013 0.020290
v 0.080495 0.012126 0.005527
v 0.091899 0.010379 0.029067
v 0.080505 0.012213 0.005497
v 0.101807 0.059094 0.020252
v 0.089083 0.054329 -0.001673
v 0.082052 0.016864 -0.020081
v 0.103932 -0.018752 -0.014489
v 0.080488 0.012085 0.005445
v 0.089059 0.054266 -0.001712
v 0.082044 0.016906 -0.020074
v 0.080477 0.012137 0.005454
v 0.103941 -0.018750 -0.014545
v 0.082084 0.016826 -0.020121
v 0.095608 -0.000962 -0.031682
v 0.082056 0.016963 -0.020098
v 0.089064 0.054285 -0.001760
v 0.087007 0.041263 -0.024482
v 0.082070 0.016877 -0.020142
v 0.096175 0.023394 -0.041273
v 0.095602 -0.000927 -0.031703
v 0.087012 0.041237 -0.024513
v 0.096167 0.023431 -0.041266
v 0.082061 0.016922 -0.020134
v 0.105523 0.047778 -0.040091
v 0.096188 0.023459 -0.041284
v 0.087033 0.041264 -0.024531
v 0.136873 -0.018765 0.023913
v 0.170928 0.005539 0.019131
v 0.152454 -0.000972 0.034680
v 0.170970 0.005547 0.019083
v 0.136875 -0.018788 0.023863
v 0.168903 -0.007500 -0.003657
v 0.113328 0.012011 0.043818
v 0.119083 -0.025327 0.005953
v 0.136769 -0.018814 0.023892
v 0.119128 -0.025343 0.005915
v 0.168826 -0.007542 -0.003655
v 0.136804 -0.018827 0.023862
v 0.091941 0.010332 0.029101
v 0.119013 -0.025267 0.005977
v 0.113263 0.012076 0.043851
v 0.168880 -0.007523 -0.003722
v 0.119178 -0.025326 0.005835
v 0.156149 -0.012298 -0.026063
v 0.156116 -0.012298 -0.026102
v 0.119135 -0.025326 0.005783
v 0.136117 -0.007523 -0.042061
v 0.080507 0.012076 0.005520
v 0.118969 -0.025268 0.005925
v 0.091909 0.010332 0.029063
v 0.104019 -0.018827 -0.014501
v 0.136042 -0.007541 -0.042017
v 0.119048 -0.025343 0.005821
v 0.119003 -0.025327 0.005859
v 0.080549 0.012011 0.005461
v 0.103984 -0.018814 -0.014471
v 0.114111 0.005539 -0.047651
v 0.103979 -0.018765 -0.014576
v 0.095635 -0.000972 -0.031704
v 0.136056 -0.007500 -0.042094
v 0.104029 -0.018788 -0.014572
v 0.114166 0.005547 -0.047685
v 0.166062 0.036467 -0.034513
v 0.156154 -0.012171 -0.026143
v 0.144743 0.034719 -0.049277
v 0.156115 -0.012253 -0.026144
v 0.136128 -0.007487 -0.042094
v 0.144712 0.034633 -0.049272
v 0.095630 -0.000937 -0.031727
v 0.096203 0.023384 -0.041297
v 0.114120 0.005582 -0.047690
v 0.114140 0.005609 -0.047707
v 0.096224 0.023411 -0.041315
v 0.119090 0.029924 -0.051685
v 0.119081 0.029968 -0.051677
v 0.096217 0.023448 -0.041308
v 0.105551 0.047768 -0.040115
v 0.136045 -0.007443 -0.042126
v 0.114172 0.005583 -0.047708
v 0.119127 0.029881 -0.051684
v 0.121163 0.065596 -0.029347
v 0.119099 0.030019 -0.051660
v 0.105571 0.047804 -0.040105
v 0.144675 0.034708 -0.049306
v 0.136094 -0.007424 -0.042124
v 0.119152 0.029939 -0.051692
v 0.119144 0.029981 -0.051685
v 0.121219 0.065598 -0.029348
v 0.144664 0.034760 -0.049297
vn 0.1469 -0.4987 -0.8542
vn -0.2590 0.8767 0.4053
vn -0.9292 -0.0389 0.3675
vn -0.7958 -0.5589 -0.2332
vn 0.9717 -0.0370 -0.2332
vn 0.8010 0.4725 0.3677
vn 0.2343 -0.7952 0.5592
vn -0.5896 -0.7249 0.3562
vn 0.8886 -0.2889 0.3561
vn -0.1474 0.4982 0.8544
vn 0.2830 -0.9581 -0.0437
vn -0.1578 0.5338 -0.8308
vn -0.9147 0.0120 -0.4039
vn 0.7612 0.5073 -0.4040
vn 0.3155 0.0335 -0.9483
vn -0.4034 0.6912 0.5996
vn -0.8492 -0.3407 0.4035
vn -0.5385 -0.7914 -0.2894
vn 0.9357 0.2167 -0.2784
vn 0.8847 0.2781 0.3742
vn 0.4239 -0.5720 0.7023
vn -0.4158 -0.8164 0.4008
vn 0.9011 0.1638 0.4014
vn 0.1816 0.2812 0.9423
vn 0.4231 -0.6744 -0.6051
vn -0.3102 0.6484 -0.6953
vn -0.9100 -0.1898 -0.3685
vn 0.8769 0.3484 -0.3312
vn 0.1695 -0.2897 -0.9420
vn -0.0677 0.8825 0.4655
vn -0.9616 -0.0239 0.2733
vn 0.9650 -0.0647 0.2540
vn 0.1373 -0.7050 0.6957
vn 0.1074 0.3082 0.9452
vn 0.0942 -0.8829 -0.4601
vn 0.0001 0.7122 -0.7020
vn -0.9038 0.0001 -0.4280
vn 0.9038 -0.0000 -0.4280
vn 0.4867 -0.2413 0.8396
vn 0.0001 -0.7279 -0.6857
vn -0.3774 0.8986 -0.2240
vn -0.9513 0.2734 0.1420
vn 0.9602 -0.2200 -0.1720
vn 0.0194 0.0019 -0.9998
vn -0.2399 0.9237 0.2987
vn -0.9229 0.3827 0.0424
vn 0.9327 -0.2501 0.2598
vn -0.1139 -0.7864 0.6072
vn 0.0605 0.0106 0.9981
vn -0.7969 -0.3027 -0.5227
vn -0.6299 -0.2067 -0.7487
vn -0.6924 -0.2344 0.6824
vn 0.6196 -0.7410 0.2590
vn 0.5096 -0.7904 -0.3400
vn 0.1326 0.7913 -0.5969
vn -0.9318 -0.0042 -0.3629
vn 0.9284 -0.0764 -0.3636
vn -0.5136 0.2490 -0.8211
vn -0.0000 0.7283 0.6852
vn -0.9279 0.0482 0.3698
vn 0.9280 0.0105 0.3723
vn -0.7372 -0.4477 0.5060
vn 0.3689 -0.1428 0.9184
vn -0.0000 -0.7120 -0.7022
vn -0.2278 0.8106 -0.5395
vn -0.9310 0.3518 -0.0974
vn 0.9628 0.0904 -0.2545
vn 0.0389 0.0102 -0.9992
vn -0.1863 0.7634 0.6185
vn -0.8766 0.4249 0.2258
vn 0.9324 0.1039 0.3463
vn -0.0670 -0.7776 0.6252
vn -0.0001 -0.7161 0.6980
vn -0.4570 -0.1723 -0.8726
vn -0.9229 0.0060 -0.3851
vn -0.9233 -0.0282 0.3830
vn 0.9233 -0.0281 0.3830
vn 0.9226 0.0565 -0.3816
vn -0.5336 0.6101 0.5858
vn -0.7674 0.2936 0.5701
vn 0.7042 0.6449 0.2970
vn -0.0000 0.7069 -0.7073
vn 0.0005 0.1055 0.9944
vn 0.0001 -0.7786 -0.6275
vn -0.8779 -0.3666 -0.3080
vn 0.8780 -0.3664 -0.3080
vn 0.0001 -0.7071 0.7071
vn -0.0000 -0.1063 -0.9943
vn -0.8165 -0.4082 0.4082
vn 0.8166 -0.4081 0.4082
vn -0.0001 0.7783 0.6278
vn -0.0328 0.2078 0.9776
vn 0.0897 -0.7784 -0.6213
vn -0.5867 0.5085 -0.6303
vn -0.7134 0.2804 -0.6422
vn 0.6084 0.6970 -0.3795
vn 0.0961 -0.7047 0.7029
vn 0.0953 -0.4156 -0.9046
vn -0.9309 -0.2507 -0.2657
vn -0.9328 -0.2623 0.2471
vn 0.9748 0.0599 0.2149
vn 0.9348 0.2708 -0.2299
vn -0.0620 0.9323 0.3564
vn -0.9383 0.3350 -0.0856
vn 0.9326 0.3465 -0.1011
vn 0.0525 0.4210 0.9055
vn 0.0809 -0.9345 -0.3468
vn -0.0001 0.7108 -0.7034
vn -0.8194 0.4074 -0.4033
vn 0.8193 0.4076 -0.4033
vn 0.0480 0.3484 0.9361
vn 0.0548 -0.9071 -0.4174
vn -0.9343 0.3433 -0.0963
vn 0.9291 0.3543 -0.1065
vn -0.0000 0.7086 -0.7056
vn 0.4246 -0.8066 0.4112
vn -0.0389 0.3716 -0.9276
vn -0.6825 -0.6904 0.2400
vn 0.9403 0.2707 0.2062
vn -0.2506 0.6785 0.6906
vn -0.4041 0.8144 -0.4166
vn 0.2525 -0.2582 0.9325
vn 0.3738 -0.6047 -0.7033
vn -0.4807 -0.7784 -0.4037
vn 0.9111 0.0859 -0.4032
vn 0.0891 -0.3431 -0.9351
vn -0.0396 0.9069 0.4195
vn 0.0787 -0.7071 0.7027
vn -0.9398 -0.3408 -0.0248
vn 0.9995 0.0313 -0.0057
vn 0.0355 0.4166 0.9084
vn 0.0554 -0.9346 -0.3513
vn -0.9422 0.2203 0.2526
vn 0.9432 0.2382 0.2315
vn -0.0000 0.7086 -0.7057
vn 0.1010 -0.7070 0.7000
vn 0.1075 -0.4081 -0.9066
vn -0.8537 -0.2329 0.4658
vn 0.8655 0.2357 0.4419
vn -0.0420 0.9378 0.3446
vn 0.4008 -0.8106 0.4269
vn -0.0612 0.3705 -0.9268
vn -0.6861 -0.6838 0.2483
vn 0.9429 0.2641 0.2027
vn -0.2552 0.6692 0.6979
vn -0.3790 0.8295 -0.4101
vn 0.2804 -0.2514 0.9264
vn 0.3756 -0.6075 -0.6999
vn -0.4830 -0.7792 -0.3994
vn 0.9129 0.0877 -0.3987
vn -0.9985 0.0007 0.0544
vn 0.7076 -0.0001 0.7067
vn 0.4080 -0.8170 0.4076
vn -0.3487 -0.8529 0.3885
vn -0.3487 0.8530 0.3884
vn 0.4080 0.8169 0.4077
vn 0.6636 0.0001 -0.7481
vn 0.3483 -0.8531 -0.3885
vn 0.3482 0.8532 -0.3883
vn -0.6640 0.0001 0.7477
vn 0.9985 0.0007 -0.0544
vn -0.7079 -0.0001 -0.7063
vn -0.4084 -0.8167 -0.4076
vn -0.4084 0.8167 -0.4077
vn -0.9697 -0.0000 0.2443
vn 0.7071 -0.0000 0.7071
vn 0.4081 -0.8166 0.4081
vn -0.2358 -0.9268 0.2922
vn -0.2358 0.9268 0.2922
vn 0.4081 0.8166 0.4081
vn 0.5121 -0.0000 -0.8589
vn 0.2356 -0.9269 -0.2922
vn 0.2356 0.9269 -0.2922
vn -0.5126 -0.0000 0.8586
vn 0.9696 -0.0000 -0.2445
vn -0.7073 -0.0000 -0.7069
vn -0.4084 -0.8165 -0.4081
vn -0.4084 0.8165 -0.4081
vn 0.7010 -0.0824 0.7084
vn 0.4834 -0.0587 -0.8734
vn 0.1203 -0.9526 -0.2794
vn 0.3105 -0.8579 0.4095
vn 0.5018 0.7626 0.4082
vn 0.3384 0.8990 -0.2778
vn -0.9557 0.1108 0.2726
vn -0.3369 -0.9002 0.2761
vn -0.1183 0.9534 0.2776
vn -0.4853 0.0572 0.8725
vn 0.9551 -0.1153 -0.2731
vn -0.7025 0.0807 -0.7070
vn -0.5006 -0.7640 -0.4070
vn -0.3088 0.8592 -0.4079
vn 0.7007 -0.0823 0.7087
vn 0.4830 -0.0586 -0.8736
vn 0.1202 -0.9526 -0.2793
vn 0.3103 -0.8580 0.4095
vn 0.5016 0.7628 0.4081
vn 0.3383 0.8991 -0.2777
vn -0.9556 0.1108 0.2729
vn -0.3367 -0.9002 0.2761
vn -0.1185 0.9534 0.2777
vn -0.4852 0.0566 0.8726
vn 0.9552 -0.1150 -0.2728
vn -0.7026 0.0805 -0.7071
vn -0.5004 -0.7641 -0.4070
vn -0.3090 0.8591 -0.4080
vn -0.7071 -0.0000 0.7071
vn 0.8946 -0.0000 0.4470
vn 0.2582 -0.9391 0.2270
vn -0.4081 -0.8166 0.4082
vn -0.4081 0.8166 0.4082
vn 0.2582 0.9391 0.2270
vn -0.3158 -0.0000 -0.9488
vn -0.2581 -0.9391 -0.2270
vn -0.2581 0.9391 -0.2270
vn 0.3165 -0.0000 0.9486
vn 0.7071 -0.0000 -0.7071
vn 0.4083 -0.8165 -0.4082
vn 0.4083 0.8165 -0.4082
vn -0.8944 -0.0000 -0.4472
vn 0.9727 -0.0000 0.2323
vn -0.5232 -0.0000 -0.8522
vn -0.2392 -0.9239 -0.2987
vn 0.2392 -0.9239 0.2986
vn 0.2391 0.9239 0.2986
vn -0.2392 0.9239 -0.2987
vn -0.7073 -0.0000 0.7070
vn -0.4083 -0.8165 0.4081
vn -0.4083 0.8165 0.4082
vn -0.9726 -0.0000 -0.2324
vn 0.5231 -0.0000 0.8523
vn 0.7072 -0.0000 -0.7071
vn 0.4082 -0.8166 -0.4081
vn 0.4082 0.8166 -0.4081
vn -0.6672 0.5144 -0.5387
vn -0.4340 -0.6968 0.5711
vn -0.3070 -0.8016 0.5130
vn -0.3908 -0.8843 -0.2557
vn 0.3194 0.8945 -0.3128
vn 0.9416 0.2141 0.2601
vn 0.0061 -0.7818 -0.6235
vn -0.2604 -0.7263 -0.6361
vn 0.9278 0.0055 -0.3731
vn 0.4027 -0.3573 0.8427
vn -0.4279 -0.1057 -0.8976
vn -0.6413 0.3483 0.6837
vn -0.3214 -0.8398 0.4376
vn 0.3147 0.8260 0.4676
vn -0.9659 0.0819 0.2457
vn 0.7033 -0.1586 0.6930
vn 0.0926 -0.9295 0.3570
vn 0.1018 0.9219 0.3737
vn 0.5094 -0.1592 -0.8457
vn -0.7133 -0.0000 -0.7009
vn -0.5218 -0.0391 0.8522
vn -0.0731 -0.9420 -0.3274
vn -0.0967 0.9352 -0.3407
vn 0.9655 -0.1034 -0.2391
vn 0.7119 -0.0000 0.7023
vn 0.3235 -0.0997 -0.9409
vn -0.8870 -0.0997 0.4509
vn 0.3824 -0.8973 0.2208
vn -0.3368 0.8981 0.2829
vn -0.3018 -0.1984 0.9325
vn 0.8882 0.0676 -0.4544
vn -0.7025 -0.1582 -0.6939
vn 0.3215 -0.8397 -0.4377
vn -0.3149 0.8258 -0.4678
vn 0.4586 -0.1469 0.8764
vn 0.6416 0.3483 -0.6834
vn -0.2300 -0.8053 -0.5464
vn 0.3178 -0.7939 -0.5184
vn -0.9459 0.2026 -0.2536
vn 0.0223 -0.0946 -0.9953
vn -0.0067 -0.7825 0.6226
vn 0.2603 -0.7266 0.6358
vn -0.9280 0.0054 0.3725
vn 0.6519 0.5343 0.5380
vn 0.2940 -0.9558 -0.0000
vn 0.9190 0.3943 -0.0000
vn -0.0407 -0.0009 -0.9992
vn 0.2909 -0.2146 -0.9324
vn 0.2909 -0.2146 0.9324
vn -0.0407 -0.0009 0.9992
vn -0.9942 0.1080 -0.0000
vn -0.3903 -0.0276 -0.9203
vn -0.3903 -0.0276 0.9203
vn -0.6697 -0.7426 -0.0000
vn 0.9985 -0.0539 -0.0000
vn -0.3744 -0.1855 -0.9085
vn -0.3744 -0.1854 0.9085
vn -0.6285 0.7778 -0.0000
vn 0.6697 0.7426 -0.0000
vn -0.9986 -0.0520 -0.0000
vn 0.7072 -0.7071 -0.0000
vn 0.4153 -0.0135 -0.9096
vn 0.4153 -0.0135 0.9096
vn -0.3995 -0.9167 -0.0000
vn 0.9986 0.0528 -0.0000
vn -0.2548 -0.5788 -0.7746
vn -0.2548 -0.5788 0.7746
vn -0.8935 0.4491 -0.0000
vn 0.6674 0.7447 -0.0000
vn -0.9986 -0.0535 -0.0000
vn 0.7073 -0.7069 -0.0000
vn 0.4082 -0.4079 -0.8167
vn 0.4082 -0.4079 0.8167
vn 0.5155 0.8569 -0.0000
vn -0.8005 -0.5993 -0.0001
vn 0.7685 -0.6398 -0.0000
vn 0.3150 -0.4209 -0.8507
vn 0.3150 -0.4209 0.8507
vn -0.8721 -0.4892 -0.0000
vn 0.9940 -0.1097 -0.0000
vn -0.0723 -0.6580 -0.7495
vn -0.0723 -0.6580 0.7495
vn -0.3788 0.9255 -0.0000
vn 1.0000 0.0050 -0.0000
vn -0.9842 0.1771 -0.0000
vn -0.0693 -0.5612 -0.8248
vn -0.0693 -0.5612 0.8248
vn -0.1237 -0.9923 -0.0000
vn 0.9990 -0.0448 -0.0000
vn -0.6718 0.7407 -0.0000
vn -0.3273 0.3333 -0.8842
vn -0.3273 0.3333 0.8842
vn -0.7076 -0.7066 -0.0000
vn -0.9992 0.0409 -0.0000
vn 0.0221 -0.9998 -0.0000
vn 0.9987 0.0501 -0.0000
vn 0.3406 -0.1181 -0.9328
vn 0.3406 -0.1181 0.9328
vn 0.9678 0.2516 -0.0000
vn -0.9532 0.3023 -0.0000
vn -0.1634 -0.9866 -0.0000
vn -0.2376 -0.2243 -0.9451
vn -0.2376 -0.2243 0.9451
vn 0.6338 0.7735 -0.0000
vn -1.0000 -0.0069 -0.0000
vn 0.3638 0.4431 -0.8194
vn 0.3638 0.4431 0.8194
vn 0.7525 -0.6585 -0.0000
vn -0.9976 -0.0695 -0.0000
vn 0.4657 -0.8849 -0.0000
vn 0.3312 -0.2271 -0.9158
vn 0.3312 -0.2271 0.9158
vn 0.6925 0.7214 -0.0000
vn 0.9997 0.0260 -0.0001
vn -0.7079 0.7063 -0.0000
vn 0.0132 0.4083 -0.9128
vn 0.0132 0.4083 0.9127
vn -0.6842 -0.7293 -0.0000
vn -0.9989 0.0461 -0.0000
vn 0.6716 -0.7410 -0.0000
vn 0.7073 0.7069 -0.0000
vn 0.9923 -0.1237 -0.0000
vn -0.6126 0.7904 -0.0000
vn -0.7074 -0.7068 -0.0000
vn -0.3760 -0.0382 -0.9258
vn -0.3760 -0.0382 0.9258
vn -0.9901 0.1406 -0.0000
vn 0.3945 -0.9189 -0.0000
vn 0.2323 -0.5010 -0.8337
vn 0.2323 -0.5010 0.8337
vn 0.8545 0.5194 -0.0000
vn 0.9902 -0.1395 -0.0000
vn -0.6009 0.7993 -0.0000
vn -0.7072 -0.7070 -0.0000
vn -0.4082 -0.4081 -0.8166
vn -0.4082 -0.4081 0.8166
vn -0.9912 -0.1320 -0.0000
vn 0.9865 -0.1635 -0.0000
vn 0.1365 0.9906 -0.0000
vn 0.2041 0.4710 -0.8582
vn 0.2041 0.4710 0.8582
vn -0.9836 -0.1801 0.0001
vn 0.9975 -0.0713 -0.0000
vn -0.1489 0.9889 -0.0000
vn -0.2246 0.3640 -0.9039
vn -0.2246 0.3639 0.9039
vn -0.9978 -0.0664 -0.0000
vn 0.8452 -0.5345 -0.0000
vn 0.4779 0.8784 -0.0000
vn 0.3847 0.1282 -0.9141
vn 0.3847 0.1282 0.9141
vn 0.9979 0.0652 -0.0000
vn -0.7071 0.7071 -0.0000
vn -0.4113 0.0279 -0.9111
vn -0.4182 -0.0005 0.9084
vn -0.6594 -0.7518 -0.0000
vn 0.6657 0.7432 0.0664
vn -0.8534 -0.0886 0.5137
vn 0.3536 0.4447 -0.8229
vn 0.3232 -0.0204 0.9461
vn 0.7046 -0.7096 -0.0000
vn 0.8803 0.0285 0.4736
vn -0.7015 0.7056 0.1005
vn -0.4390 0.4402 -0.7833
vn -0.3942 -0.0204 0.9188
vn -0.6675 -0.7432 -0.0469
vn 0.8377 -0.3817 0.3907
vn -0.3460 0.7851 0.5137
vn -0.2051 0.9205 -0.3325
vn -0.2249 0.0181 0.9742
vn -0.8826 -0.4580 -0.1056
vn -0.8383 -0.2022 0.5064
vn 0.8538 -0.4402 -0.2780
vn 0.4234 0.7299 0.5366
vn 0.2564 0.9372 -0.2366
vn 0.3034 0.0283 0.9525
vn 0.9772 -0.2124 -0.0000
vn 0.2491 -0.1126 -0.9619
vn -0.4179 -0.1761 -0.8913
vn -0.4179 -0.1761 0.8913
vn 0.2490 -0.1126 0.9619
vn -0.5401 0.8416 -0.0000
vn -0.2459 0.3094 -0.9186
vn -0.2459 0.3094 0.9186
vn 0.7071 0.7071 -0.0000
vn -0.9772 0.2125 -0.0000
vn 0.4082 0.4081 -0.8166
vn 0.4082 0.4081 0.8166
vn 0.5403 -0.8415 -0.0000
vn 0.9858 0.1677 -0.0000
vn -0.8741 0.4857 -0.0000
vn -0.3327 -0.9430 -0.0000
vn -0.2131 -0.4855 -0.8479
vn -0.2131 -0.4855 0.8479
vn 0.7485 0.6632 -0.0000
vn -0.9941 -0.1085 -0.0000
vn 0.4780 -0.8784 -0.0000
vn 0.3024 -0.5554 -0.7746
vn 0.3024 -0.5554 0.7746
vn 0.8561 0.4751 -0.2031
vn -0.9404 0.3127 -0.1340
vn -0.2348 -0.2173 -0.9474
vn 0.3928 -0.1309 -0.9103
vn 0.3931 0.5677 0.7234
vn -0.2351 0.5348 0.8116
vn 0.1959 -0.9016 0.3856
vn 0.1744 -0.7181 -0.6737
vn 0.1742 -0.0087 0.9847
vn -0.5398 0.7739 -0.3312
vn -0.6078 -0.7303 0.3118
vn -0.3781 -0.7620 -0.5258
vn -0.3777 -0.1467 0.9142
vn 0.9408 -0.3118 0.1333
vn 0.9859 0.1675 -0.0000
vn -0.3818 0.2123 -0.8996
vn 0.2359 0.1743 -0.9560
vn 0.2359 0.1743 0.9560
vn -0.3818 0.2123 0.8996
vn 0.7484 0.6633 -0.0000
vn -0.9941 -0.1086 -0.0000
vn 0.4779 -0.8784 -0.0000
vn 0.3023 -0.5554 -0.7747
vn 0.3023 -0.5554 0.7747
vn 0.3010 0.6399 0.7071
vn -0.0092 0.1398 -0.9901
vn 0.8295 -0.4042 -0.3854
vn 0.8932 -0.2834 0.3492
vn -0.8328 0.4436 0.3313
vn -0.8576 0.3468 -0.3798
vn -0.3500 -0.7043 0.6176
vn 0.6252 -0.7214 0.2978
vn -0.9513 0.0827 0.2969
vn -0.1153 -0.0763 0.9904
vn 0.3475 0.7061 -0.6169
vn -0.3249 -0.6281 -0.7071
vn 0.5371 -0.7390 -0.4068
vn -0.9130 0.0165 -0.4076
vn -0.2145 -0.2588 0.9418
vn 0.2499 0.8564 -0.4518
vn 0.9417 -0.1629 -0.2944
vn -0.9627 0.0609 -0.2636
vn -0.2692 -0.6573 -0.7040
vn -0.2730 -0.8482 0.4538
vn 0.1467 0.6984 0.7006
vn 0.8812 -0.0980 0.4624
vn -0.8916 0.0991 0.4418
vn -0.0245 0.3364 -0.9414
vn -0.0514 0.7873 0.6144
vn -0.2175 -0.1440 -0.9654
vn 0.8479 0.4385 0.2979
vn -0.9184 0.2706 0.2886
vn -0.0110 -0.7131 0.7009
vn 0.0314 -0.7920 -0.6097
vn -0.2546 0.1092 0.9609
vn -0.0883 0.7043 -0.7044
vn 0.7599 0.5082 -0.4053
vn -0.8637 0.3009 -0.4044
vn -0.0687 -0.9350 0.3478
vn -0.0000 0.7097 0.7045
vn 0.8184 0.4078 0.4049
vn 0.9408 -0.2118 0.2646
vn -0.9470 0.2186 0.2353
vn -0.8184 0.4078 0.4049
vn -0.0445 0.4186 -0.9071
vn 0.9377 0.3364 0.0871
vn -0.9330 0.3458 0.1001
vn -0.0780 -0.4154 0.9063
vn 0.0524 0.9334 -0.3550
vn -0.0788 -0.7042 -0.7056
vn 0.9418 -0.2313 -0.2441
vn -0.9756 0.0347 -0.2169
vn -0.0466 -0.9065 0.4197
vn -0.0003 0.7081 0.7061
vn -0.0409 0.3475 -0.9368
vn 0.9338 0.3444 0.0973
vn -0.9295 0.3534 0.1058
vn 0.0538 0.3961 0.9166
vn 0.2057 0.6884 -0.6956
vn -0.3587 -0.8560 -0.3722
vn 0.7488 -0.6150 -0.2471
vn -0.9565 0.1934 -0.2186
vn -0.3136 -0.6379 0.7034
vn 0.3446 0.8596 0.3774
vn 0.5538 -0.7271 0.4057
vn -0.9143 -0.0053 0.4049
vn -0.2185 -0.3282 -0.9190
vn -0.0741 -0.3434 0.9363
vn 0.0328 0.9071 -0.4195
vn -0.0654 -0.7077 -0.7035
vn 0.9499 -0.3114 0.0268
vn -0.9999 -0.0024 0.0112
vn -0.0448 -0.9350 0.3517
vn -0.0000 0.7080 0.7062
vn -0.0299 0.4156 -0.9091
vn 0.9421 0.2218 -0.2516
vn -0.9430 0.2369 -0.2339
vn -0.0867 -0.4092 0.9083
vn 0.0353 0.9373 -0.3467
vn -0.0828 -0.7075 -0.7019
vn 0.8660 -0.1929 -0.4613
vn -0.8758 0.1947 -0.4417
vn 0.0704 0.3969 0.9152
vn 0.2105 0.6813 -0.7011
vn -0.3393 -0.8586 -0.3844
vn 0.7507 -0.6102 -0.2531
vn -0.9582 0.1890 -0.2149
vn -0.3142 -0.6399 0.7013
vn 0.3214 0.8703 0.3733
vn 0.5557 -0.7275 0.4024
vn -0.9156 -0.0041 0.4021
vn -0.2369 -0.3246 -0.9157
vn 0.0618 -0.7778 -0.6254
vn -0.6438 0.0955 0.7592
vn 0.9322 0.3486 0.0971
vn 0.8944 -0.3253 -0.3069
vn -0.8665 -0.3996 -0.2991
vn -0.9626 0.0944 0.2539
vn 0.1865 0.7625 -0.6195
vn 0.8765 0.4247 -0.2267
vn -0.9321 0.1038 -0.3469
vn -0.0487 0.5364 0.8425
vn -0.3418 -0.1417 -0.9290
vn -0.0001 -0.7120 0.7022
vn 0.8205 -0.4070 0.4014
vn -0.8206 -0.4069 0.4013
vn -0.4168 0.6867 0.5956
vn 0.6527 0.2698 -0.7080
vn 0.8338 0.0788 -0.5464
vn 0.6326 0.7286 0.2626
vn -0.9509 -0.1275 0.2821
vn -0.3897 -0.8782 -0.2772
vn 0.7375 -0.2246 0.6369
vn 0.7707 0.0505 0.6352
vn -0.2596 -0.8866 0.3827
vn 0.2518 -0.4279 -0.8680
vn 0.2051 0.3073 0.9292
vn -0.3060 0.6468 -0.6986
vn 0.5690 0.7209 -0.3956
vn -0.9179 0.0115 -0.3966
vn 0.0563 0.2021 -0.9777
vn -0.0845 -0.7786 0.6218
vn 0.9454 -0.0213 0.3252
vn 0.7673 0.2967 -0.5685
vn -0.7061 0.6432 -0.2961
vn -0.9455 0.0274 0.3244
vn 0.5864 0.5077 0.6312
vn 0.7130 0.2804 0.6426
vn -0.6081 0.6968 0.3803
vn 0.4361 -0.1695 0.8838
vn 0.5298 0.6144 -0.5847
vn 0.0002 -0.7170 -0.6971
vn 0.8983 -0.0000 -0.4394
vn -0.8982 -0.0001 -0.4395
vn 0.0001 -0.7788 -0.6272
vn 0.0008 0.1041 0.9946
vn 0.8780 -0.3665 -0.3078
vn -0.8780 -0.3666 -0.3078
vn -0.0000 0.7067 -0.7075
vn -0.0000 0.7785 0.6276
vn -0.0003 -0.1056 -0.9944
vn -0.0000 -0.7069 0.7073
vn 0.8166 -0.4080 0.4082
vn -0.8166 -0.4080 0.4082
vn 0.4595 0.8069 0.3712
vn -0.2657 -0.4654 -0.8443
vn 0.6492 -0.7195 -0.2466
vn 0.8965 -0.2355 0.3752
vn -0.6575 0.6537 0.3747
vn -0.9492 0.1948 -0.2472
vn -0.4065 -0.7118 0.5728
vn 0.4154 -0.8346 0.3618
vn -0.9299 -0.0647 0.3620
vn -0.4962 -0.8672 -0.0421
vn 0.2672 0.4657 0.8436
vn 0.2842 0.4951 -0.8210
vn 0.8942 -0.1851 -0.4076
vn -0.6130 0.6771 -0.4071
vn 0.3732 0.3159 0.8723
vn -0.9634 -0.0786 -0.2562
vn -0.6321 0.7748 0.0124
vn -0.6022 0.7860 -0.1400
vn 0.5600 -0.8091 0.1783
vn 0.5144 -0.8233 -0.2399
vn 0.1394 0.9015 -0.4098
vn -0.0214 0.7200 -0.6937
vn 0.9144 -0.3218 -0.2457
vn -0.3838 -0.3089 -0.8702
vn 0.0874 0.8685 0.4880
vn 0.0110 0.6788 0.7343
vn 0.9111 -0.2666 0.3144
vn -0.9815 -0.1239 0.1463
vn 0.0203 -0.0602 0.9980
vn -0.6407 -0.4845 -0.5957
vn -0.8898 0.4371 -0.1313
vn -0.8295 0.5487 -0.1040
vn 0.8414 -0.5299 0.1063
vn 0.8043 -0.5376 -0.2532
vn 0.6940 0.6472 -0.3155
vn -0.3553 0.8747 -0.3295
vn 0.5344 -0.7853 -0.3126
vn 0.4728 -0.1225 -0.8726
vn 0.7053 0.5088 0.4936
vn -0.1376 0.9199 0.3671
vn 0.5780 -0.7355 0.3535
vn -0.8147 -0.2535 0.5215
vn 0.9823 -0.0144 -0.1870
vn -0.5792 -0.2237 0.7839
vn 0.1374 0.9200 -0.3671
vn -0.5781 -0.7354 -0.3535
vn -0.7155 -0.1923 -0.6716
vn -0.9823 -0.0140 0.1868
vn 0.5789 -0.2235 -0.7842
vn 0.7154 -0.1921 0.6718
vn 0.3553 0.8747 0.3296
vn -0.5346 -0.7851 0.3127
vn 0.2042 -0.1526 -0.9670
vn -0.4787 -0.1177 0.8700
vn 0.8295 0.5487 0.1040
vn -0.8415 -0.5298 -0.1062
vn -0.7054 0.5088 -0.4935
vn -0.6980 0.6430 0.3152
vn -0.3085 -0.8120 -0.4954
vn 0.6408 -0.4837 0.5961
vn 0.8898 0.4371 0.1312
vn -0.8043 -0.5376 0.2533
vn 0.9917 -0.0301 0.1253
vn -0.7065 0.0653 0.7047
vn 0.1355 0.8885 0.4384
vn 0.2944 0.8884 0.3521
vn 0.2934 -0.8859 0.3593
vn -0.1330 -0.8826 0.4510
vn -0.6122 0.0655 -0.7880
vn 0.1902 0.9194 -0.3441
vn -0.1128 -0.9256 -0.3612
vn 0.6137 0.0061 0.7895
vn -0.9917 0.0350 -0.1237
vn 0.7081 -0.0000 -0.7061
vn 0.4082 0.8172 -0.4069
vn 0.4082 -0.8172 -0.4069
vn -0.4196 0.1431 0.8964
vn 0.2644 0.2814 -0.9225
vn -0.1087 0.8234 0.5569
vn -0.7898 -0.5269 0.3139
vn 0.7012 -0.1469 0.6976
vn 0.7472 -0.2158 -0.6286
vn 0.2831 0.8944 0.3464
vn -0.3239 0.6951 -0.6418
vn -0.0606 0.7682 -0.6374
vn -0.8378 -0.3872 -0.3849
vn 0.9719 0.0001 0.2352
vn -0.7070 -0.0000 0.7072
vn -0.4081 0.8167 0.4081
vn 0.2385 0.9245 0.2972
vn 0.2385 -0.9245 0.2972
vn -0.4081 -0.8167 0.4081
vn -0.5205 -0.0000 -0.8538
vn -0.2383 0.9246 -0.2971
vn -0.2383 -0.9246 -0.2971
vn 0.5210 -0.0000 0.8536
vn -0.9720 0.0001 -0.2349
vn 0.7073 -0.0000 -0.7069
vn 0.4084 0.8165 -0.4081
vn 0.4084 -0.8164 -0.4082
vn 0.9902 -0.1396 -0.0000
vn 0.3406 -0.1182 0.9328
vn 0.3406 -0.1182 -0.9328
vn -0.0693 -0.5613 0.8247
vn -0.0693 -0.5613 -0.8247
vn -0.9992 0.0388 -0.0000
vn 0.9987 0.0509 -0.0000
vn -0.0245 -0.0073 0.9997
vn -0.0245 -0.0073 -0.9997
vn -1.0000 -0.0081 -0.0000
vn 0.3638 0.4431 0.8193
vn 0.3638 0.4431 -0.8193
vn 0.7525 -0.6586 -0.0000
vn -0.9847 0.1744 -0.0000
vn 1.0000 0.0034 -0.0000
vn -0.0723 -0.6582 0.7494
vn -0.0723 -0.6582 -0.7494
vn -0.3790 0.9254 -0.0000
vn 0.9939 -0.1102 -0.0000
vn -0.8721 -0.4894 -0.0000
vn 0.3153 -0.4213 0.8503
vn 0.3153 -0.4213 -0.8503
vn 0.9994 0.0349 0.0001
vn -0.6847 -0.7289 -0.0000
vn -0.7074 0.7068 -0.0000
vn -0.0143 0.3960 0.9181
vn -0.0143 0.3961 -0.9181
vn -0.8003 -0.5996 -0.0000
vn 0.5213 0.8534 -0.0000
vn 0.2909 -0.2145 0.9324
vn 0.2909 -0.2145 -0.9324
vn 0.7685 -0.6399 -0.0000
vn -0.9989 -0.0476 -0.0000
vn 0.6717 0.7408 -0.0000
vn -0.3608 -0.0161 0.9325
vn -0.3608 -0.0161 -0.9325
vn 0.9191 0.3941 -0.0000
vn -0.9941 0.1086 -0.0000
vn 0.9991 0.0423 -0.0000
vn -0.6716 -0.7410 -0.0000
vn -0.7077 0.7065 -0.0000
vn -0.3718 0.3486 0.8604
vn -0.3719 0.3486 -0.8603
vn 0.9986 -0.0536 -0.0000
vn -0.6698 -0.7425 -0.0000
vn -0.3745 -0.1854 0.9085
vn -0.3744 -0.1854 -0.9085
vn -0.6283 0.7780 -0.0000
vn -0.9919 -0.1273 -0.0000
vn 0.1366 0.9906 -0.0000
vn 0.2042 0.4712 0.8581
vn 0.2042 0.4712 -0.8581
vn 0.9847 -0.1740 -0.0000
vn 0.9997 -0.0238 -0.0000
vn -0.9859 -0.1676 0.0001
vn -0.1486 0.9889 -0.0000
vn -0.2245 0.3645 0.9037
vn -0.2245 0.3645 -0.9037
vn -0.9979 -0.0643 -0.0000
vn 0.4777 0.8785 -0.0000
vn 0.3528 0.1505 0.9235
vn 0.3582 0.1307 -0.9244
vn 0.8454 -0.5341 -0.0000
vn 0.9982 0.0603 -0.0000
vn -0.6590 -0.7522 -0.0000
vn -0.4448 0.0001 0.8956
vn -0.4448 0.0001 -0.8956
vn 0.8809 -0.0835 -0.4660
vn -0.7049 -0.7093 -0.0000
vn -0.6634 0.7459 -0.0589
vn -0.3973 0.4125 0.8197
vn -0.3584 -0.0160 -0.9334
vn 0.6673 -0.7437 0.0413
vn -0.8505 0.0268 -0.5253
vn 0.7011 0.7060 -0.1007
vn 0.3939 0.4716 0.7890
vn 0.3618 -0.0222 -0.9320
vn 0.8191 -0.3955 -0.4155
vn -0.8829 -0.4551 0.1154
vn -0.3448 0.7860 -0.5132
vn -0.2009 0.9211 0.3334
vn -0.2275 0.0167 -0.9736
vn 0.8565 -0.4349 0.2780
vn -0.8561 -0.1811 -0.4840
vn 0.4233 0.7284 -0.5387
vn 0.2583 0.9373 0.2341
vn 0.3021 0.0267 -0.9529
vn -0.9771 -0.2129 -0.0000
vn 0.5404 0.8414 -0.0000
vn 0.2459 0.3094 0.9186
vn -0.3108 -0.1063 0.9445
vn -0.3108 -0.1063 -0.9445
vn 0.2460 0.3094 -0.9186
vn 0.7072 -0.7070 -0.0000
vn 0.3556 -0.1813 0.9169
vn 0.3556 -0.1813 -0.9169
vn 0.9772 0.2125 -0.0000
vn -0.5404 -0.8414 -0.0000
vn -0.4082 0.4081 0.8166
vn -0.4082 0.4081 -0.8166
vn 0.9858 0.1680 -0.0000
vn -0.3328 -0.9430 -0.0000
vn -0.2131 -0.4854 0.8479
vn -0.2131 -0.4854 -0.8479
vn -0.8740 0.4860 -0.0000
vn -0.9941 -0.1088 -0.0000
vn 0.7487 0.6630 -0.0000
vn 0.3023 -0.5555 0.7746
vn 0.3024 -0.5555 -0.7746
vn -0.5472 0.7707 0.3265
vn 0.9408 -0.3148 -0.1256
vn 0.1689 -0.7129 0.6807
vn -0.2406 -0.2119 0.9472
vn -0.2350 0.5344 -0.8119
vn 0.1737 -0.0089 -0.9848
vn -0.6072 -0.7344 -0.3031
vn -0.3739 -0.7592 0.5327
vn -0.3766 -0.1458 -0.9148
vn 0.2028 -0.9015 -0.3824
vn -0.9407 0.3096 0.1388
vn 0.8563 0.4727 0.2083
vn 0.3969 -0.1272 0.9090
vn 0.3932 0.5667 -0.7240
vn 0.3613 0.9315 -0.0423
vn 0.1788 -0.7743 0.6070
vn -0.5891 -0.0000 0.8081
vn -0.7298 0.4943 0.4723
vn 0.8550 -0.4556 -0.2479
vn 0.9999 -0.0000 -0.0147
vn -0.3487 -0.4431 -0.8259
vn -0.9851 -0.0001 0.1720
vn 0.7809 0.0001 -0.6246
vn 0.5360 -0.6277 0.5646
vn -0.3485 0.4438 -0.8256
vn -0.7298 -0.4942 0.4724
vn 0.8550 0.4555 -0.2481
vn 0.1789 0.7744 0.6069
vn -0.4605 -0.8406 -0.2852
vn -0.0447 0.9242 -0.3792
vn -0.6416 0.7187 0.2681
vn 0.6928 -0.2037 -0.6918
vn 0.4467 0.4229 0.7884
vn -0.4623 0.8380 -0.2898
vn 0.4461 -0.4233 0.7886
vn -0.0450 -0.9244 -0.3789
vn -0.6415 -0.7186 0.2685
vn 0.6928 0.2031 -0.6919
vn -0.3730 0.8486 -0.3750
vn 0.3637 -0.5688 0.7377
vn -0.8397 -0.5360 0.0877
vn -0.9885 -0.0000 -0.1510
vn 0.9422 0.0001 -0.3349
vn 0.8748 0.4841 0.0173
vn 0.0556 -0.8633 -0.5015
vn -0.6778 -0.7347 -0.0291
vn 0.8402 0.3108 -0.4444
vn 0.3565 -0.6234 0.6959
vn -0.0271 0.4519 -0.8917
vn -0.0221 0.7404 0.6718
vn -0.8111 -0.0000 0.5848
vn 0.9541 -0.0000 0.2996
vn -0.0267 -0.4519 -0.8917
vn 0.0506 0.9390 0.3401
vn -0.8397 0.5360 0.0877
vn 0.8748 -0.4842 0.0175
vn -0.0222 -0.7404 0.6718
vn 0.3822 0.5711 0.7265
vn -0.3709 -0.8489 -0.3766
vn 0.0558 0.8634 -0.5013
vn -0.6779 0.7346 -0.0292
vn 0.8402 -0.3110 -0.4443
vn 0.8402 -0.4615 -0.2850
vn -0.9241 -0.0438 -0.3795
vn -0.7191 -0.6412 0.2679
vn 0.0001 -0.9851 0.1718
vn -0.0000 0.7811 -0.6244
vn 0.2043 0.6926 -0.6918
vn -0.4228 0.4471 0.7883
vn -0.4946 -0.7297 0.4721
vn 0.4561 0.8547 -0.2477
vn -0.9314 0.3616 -0.0413
vn 0.7742 0.1789 0.6072
vn 0.0001 -0.5891 0.8081
vn -0.0000 0.9999 -0.0145
vn 0.4443 -0.3474 -0.8258
vn 0.6270 0.5360 0.5653
vn -0.4438 -0.3480 -0.8258
vn 0.4944 -0.7299 0.4720
vn -0.4560 0.8548 -0.2479
vn -0.7742 0.1787 0.6072
vn -0.8381 -0.4623 -0.2895
vn 0.4227 0.4467 0.7885
vn 0.9240 -0.0447 -0.3798
vn 0.7187 -0.6416 0.2679
vn -0.2043 0.6927 -0.6917
vn 0.6229 0.3563 0.6964
vn -0.4531 -0.0264 -0.8911
vn -0.0000 -0.9885 -0.1510
vn 0.5363 -0.8395 0.0876
vn -0.4848 0.8744 0.0175
vn -0.0000 0.9423 -0.3347
vn -0.7405 -0.0224 0.6717
vn -0.0003 -0.8111 0.5850
vn -0.0001 0.9540 0.2999
vn 0.4527 -0.0270 -0.8912
vn -0.9384 0.0504 0.3420
vn -0.5361 -0.8396 0.0878
vn 0.4849 0.8744 0.0176
vn 0.7403 -0.0225 0.6719
vn -0.8489 -0.3721 -0.3754
vn 0.5686 0.3670 0.7362
vn 0.8630 0.0568 -0.5020
vn 0.7350 -0.6774 -0.0296
vn -0.3119 0.8399 -0.4443
vn -0.5703 0.3826 0.7269
vn 0.8488 -0.3713 -0.3763
vn -0.8631 0.0569 -0.5018
vn -0.7349 -0.6775 -0.0294
vn 0.3120 0.8398 -0.4442
vn 0.4626 -0.8379 -0.2898
vn -0.4476 0.4232 0.7878
vn 0.7296 0.4949 0.4720
vn 0.9851 0.0002 0.1720
vn -0.7809 -0.0002 -0.6246
vn -0.8545 -0.4565 -0.2478
vn 0.0444 0.9239 -0.3802
vn 0.6415 0.7190 0.2674
vn -0.6926 -0.2048 -0.6916
vn 0.4609 0.8403 -0.2853
vn 0.0444 -0.9237 -0.3805
vn 0.6414 -0.7191 0.2673
vn -0.6924 0.2054 -0.6917
vn -0.4482 -0.4228 0.7876
vn 0.7298 -0.4946 0.4720
vn -0.8544 0.4567 -0.2479
vn -0.5360 0.6277 0.5645
vn 0.3491 -0.4429 -0.8258
vn -0.1786 -0.7742 0.6073
vn 0.5891 0.0002 0.8080
vn -0.9999 -0.0000 -0.0147
vn -0.3613 -0.9315 -0.0422
vn -0.1789 0.7744 0.6069
vn 0.3488 0.4435 -0.8256
vn -0.3823 -0.5710 0.7266
vn 0.3714 0.8488 -0.3764
vn 0.9885 -0.0000 -0.1512
vn 0.8396 -0.5361 0.0878
vn -0.8747 0.4844 0.0174
vn -0.9423 -0.0000 -0.3348
vn -0.0560 -0.8629 -0.5022
vn 0.6774 -0.7351 -0.0293
vn -0.8402 0.3111 -0.4442
vn 0.0266 0.4523 -0.8915
vn -0.0511 -0.9391 0.3399
vn 0.0220 0.7404 0.6718
vn 0.8111 -0.0000 0.5849
vn -0.9540 -0.0000 0.2997
vn -0.3564 0.6232 0.6961
vn 0.0267 -0.4521 -0.8916
vn 0.8395 0.5362 0.0877
vn -0.8745 -0.4846 0.0176
vn 0.0221 -0.7404 0.6718
vn 0.3725 -0.8489 -0.3750
vn -0.3650 0.5684 0.7374
vn -0.0561 0.8628 -0.5024
vn 0.6775 0.7350 -0.0292
vn -0.8400 -0.3116 -0.4441
vn 0.8377 0.4630 -0.2896
vn -0.4229 -0.4472 0.7881
vn -0.4945 0.7298 0.4721
vn 0.0001 0.9851 0.1721
vn -0.0000 -0.7810 -0.6245
vn 0.4561 -0.8546 -0.2481
vn -0.9241 0.0440 -0.3795
vn -0.7189 0.6413 0.2681
vn 0.2042 -0.6926 -0.6918
vn -0.6271 -0.5360 0.5652
vn 0.4440 0.3484 -0.8255
vn 0.7742 -0.1787 0.6072
vn 0.0001 0.5892 0.8080
vn -0.0000 -0.9999 -0.0147
vn 0.9313 -0.3619 -0.0411
vn -0.7742 -0.1785 0.6072
vn 0.4943 0.7300 0.4720
vn -0.4560 -0.8547 -0.2481
vn -0.4435 0.3489 -0.8255
vn -0.8403 0.4615 -0.2844
vn 0.9241 0.0449 -0.3795
vn 0.7185 0.6416 0.2686
vn -0.2042 -0.6926 -0.6918
vn 0.4228 -0.4468 0.7884
vn 0.5708 -0.3824 0.7267
vn -0.8489 0.3712 -0.3764
vn -0.0001 0.9886 -0.1508
vn 0.5360 0.8396 0.0876
vn -0.4848 -0.8744 0.0175
vn -0.0000 -0.9424 -0.3346
vn 0.8628 -0.0558 -0.5024
vn 0.7347 0.6778 -0.0292
vn -0.3119 -0.8399 -0.4442
vn 0.8490 0.3725 -0.3749
vn -0.5681 -0.3657 0.7372
vn -0.5361 0.8396 0.0877
vn 0.4850 -0.8744 0.0176
vn -0.8631 -0.0566 -0.5018
vn -0.7348 0.6777 -0.0292
vn 0.3121 -0.8398 -0.4442
vn -0.4535 0.0266 -0.8908
vn 0.9386 -0.0504 0.3412
vn -0.7405 0.0222 0.6717
vn -0.0002 0.8110 0.5851
vn -0.0001 -0.9539 0.3001
vn -0.6226 -0.3562 0.6968
vn 0.4527 0.0272 -0.8912
vn 0.7403 0.0223 0.6719
vn -0.3823 0.9240 -0.0001
vn 0.9240 -0.3824 -0.0000
vn 0.1842 -0.1841 0.9655
vn -0.1842 0.1841 0.9655
vn -0.1842 0.1841 -0.9655
vn 0.1842 -0.1841 -0.9655
vn -0.7070 -0.7072 -0.0001
vn -0.3104 -0.3102 0.8985
vn -0.3103 -0.3102 -0.8986
vn -0.9806 0.1961 -0.0000
vn 0.9804 0.1968 0.0001
vn 0.0002 -1.0000 -0.0000
vn 0.0001 -0.6782 0.7349
vn 0.0001 -0.6782 -0.7349
vn 0.1975 0.9803 -0.0003
vn 0.1965 -0.9805 -0.0003
vn -1.0000 -0.0000 -0.0001
vn -0.6781 -0.0000 0.7349
vn -0.6779 -0.0000 -0.7351
vn -0.9240 0.3824 0.0001
vn 0.7070 0.7072 0.0001
vn 0.3103 0.3102 0.8986
vn 0.3104 0.3102 -0.8986
vn 0.3823 -0.9241 0.0003
vn -0.1967 -0.9805 -0.0000
vn -0.1963 0.9805 0.0003
vn 1.0000 -0.0001 0.0001
vn 0.6780 -0.0000 0.7351
vn 0.6781 -0.0001 -0.7350
vn 0.9804 -0.1968 -0.0000
vn -0.9804 -0.1968 0.0001
vn -0.0002 1.0000 -0.0000
vn -0.0001 0.6781 0.7350
vn -0.0002 0.6781 -0.7350
vn 0.0002 -0.7070 0.7072
vn 0.0007 -0.1854 -0.9827
vn -0.9102 -0.3243 -0.2578
vn -0.8165 -0.4083 0.4083
vn 0.9102 -0.3242 -0.2578
vn -0.0000 0.8262 0.5633
vn -0.9102 0.3243 0.2578
vn 0.9102 0.3242 0.2578
vn 0.0007 0.1854 0.9827
vn -0.0000 -0.8262 -0.5633
vn 0.0002 0.7070 -0.7072
vn -0.8165 0.4083 -0.4083
vn 0.8166 0.4080 -0.4082
vn 0.7060 -0.0000 0.7082
vn 0.0191 -0.0000 -0.9998
vn 0.3985 -0.8380 -0.3727
vn 0.4070 -0.8171 0.4084
vn 0.4070 0.8171 0.4084
vn 0.3985 0.8380 -0.3727
vn -0.7314 -0.0000 0.6820
vn -0.3985 -0.8380 0.3727
vn -0.3985 0.8380 0.3727
vn -0.0160 -0.0000 0.9999
vn 0.7314 -0.0000 -0.6820
vn -0.7060 -0.0000 -0.7083
vn -0.4069 -0.8171 -0.4084
vn -0.4069 0.8171 -0.4084
vn 0.0831 -0.9965 0.0002
vn 0.7066 0.7076 -0.0000
vn 0.4079 0.4084 -0.8166
vn 0.3767 -0.3253 -0.8673
vn 0.3767 -0.3253 0.8673
vn 0.4079 0.4084 0.8166
vn -0.7649 0.6442 -0.0000
vn -0.3768 0.3255 -0.8672
vn -0.3768 0.3254 0.8673
vn -0.0832 0.9965 0.0002
vn -0.7068 -0.7074 -0.0000
vn -0.4079 -0.4082 -0.8167
vn -0.4079 -0.4082 0.8167
vn 0.7650 -0.6440 -0.0000
vn 0.0001 0.7070 0.7072
vn 0.0002 0.1854 -0.9827
vn 0.9102 0.3242 -0.2578
vn 0.8166 0.4081 0.4083
vn -0.8165 0.4082 0.4083
vn -0.9102 0.3242 -0.2578
vn -0.0000 -0.8262 0.5633
vn 0.9102 -0.3242 0.2578
vn -0.9102 -0.3242 0.2578
vn 0.0002 -0.1854 0.9827
vn -0.0000 0.8262 -0.5633
vn 0.0001 -0.7070 -0.7072
vn 0.8166 -0.4081 -0.4083
vn -0.8165 -0.4082 -0.4083
vn -0.7059 -0.0000 0.7083
vn -0.0160 -0.0000 -0.9999
vn -0.3985 0.8380 -0.3727
vn -0.4069 0.8171 0.4084
vn -0.4069 -0.8171 0.4084
vn -0.3985 -0.8380 -0.3727
vn 0.7313 -0.0000 0.6820
vn 0.3985 0.8380 0.3727
vn 0.3985 -0.8380 0.3727
vn 0.0191 -0.0000 0.9998
vn -0.7313 -0.0000 -0.6820
vn 0.7060 -0.0000 -0.7082
vn 0.4070 0.8170 -0.4084
vn 0.4070 -0.8170 -0.4084
vn -0.7650 -0.6441 0.0001
vn 0.0822 0.9966 0.0006
vn 0.3767 0.3254 0.8673
vn -0.3767 -0.3253 0.8674
vn -0.3767 -0.3253 -0.8673
vn 0.3768 0.3254 -0.8673
vn 0.7067 -0.7075 -0.0000
vn 0.4078 -0.4082 0.8168
vn 0.4078 -0.4082 -0.8167
vn 0.7649 0.6442 0.0001
vn -0.0821 -0.9966 0.0006
vn -0.7066 0.7076 -0.0000
vn -0.4078 0.4084 0.8167
vn -0.4078 0.4084 -0.8167
vn 0.6590 0.5566 0.5059
vn -0.8389 0.3031 -0.4522
vn 0.3338 -0.1305 -0.9336
vn 0.7370 0.0100 -0.6758
vn -0.5454 -0.0744 0.8349
vn -0.2600 0.1474 0.9543
vn 0.0857 -0.9719 0.2191
vn 0.6076 -0.4309 -0.6672
vn -0.2117 0.4176 0.8836
vn -0.6941 -0.6752 0.2496
vn 0.9847 -0.0738 0.1577
vn 0.2750 -0.4103 -0.8695
vn -0.2311 0.6968 0.6790
vn -0.1639 0.9105 -0.3797
vn 0.1877 -0.9809 -0.0517
vn 0.4321 0.7533 0.4958
vn 0.7174 0.4563 -0.5264
vn -0.6209 -0.2554 0.7411
vn -0.7553 0.2515 -0.6052
vn 0.5187 0.3048 -0.7988
vn -0.3086 -0.1536 0.9387
vn 0.7123 -0.4214 0.5612
vn -0.3006 0.9508 -0.0748
vn -0.6649 -0.7037 -0.2506
vn -0.3819 0.9157 0.1250
vn 0.1641 -0.9864 0.0029
vn -0.0666 0.2344 -0.9699
vn 0.2483 -0.3940 0.8849
vn 0.8964 0.4111 0.1656
vn -0.2010 -0.8715 0.4474
vn 0.6317 0.7698 -0.0912
vn -0.8392 0.4267 -0.3372
vn -0.1502 -0.0313 -0.9882
vn 0.0787 0.0779 0.9939
vn 0.8522 -0.4966 0.1648
vn -0.1013 0.9948 0.0021
vn -0.6298 -0.7711 -0.0942
vn -0.2394 0.9122 0.3326
vn 0.3960 -0.9098 -0.1241
vn -0.2881 0.2243 -0.9309
vn 0.3886 -0.5317 0.7525
vn 0.6386 0.7245 -0.2594
vn 0.6367 -0.7090 -0.3034
vn -0.0695 0.4179 0.9058
vn -0.6199 -0.7631 -0.1831
vn -0.5487 -0.0142 -0.8359
vn 0.4069 -0.0944 0.9086
vn -0.8652 -0.5001 -0.0355
vn 0.8536 0.4892 0.1790
vn 0.6848 -0.6547 -0.3199
vn 0.3604 -0.8073 -0.4673
vn -0.0751 0.9456 0.3165
vn -0.6859 0.6976 0.2070
vn 0.1342 0.1792 -0.9746
vn 0.5421 -0.4852 -0.6861
vn -0.5822 0.7953 0.1690
vn 0.7117 0.6983 0.0764
vn -0.8034 -0.3334 -0.4934
vn 0.4674 -0.1517 0.8709
vn 0.4223 -0.8993 -0.1139
vn -0.6079 0.7940 -0.0064
vn -0.9956 -0.0493 0.0795
vn 0.7724 0.6331 0.0513
vn -0.1695 -0.9657 -0.1966
vn 0.1653 0.9665 0.1962
vn -0.0104 0.1518 -0.9884
vn -0.2966 -0.3369 0.8936
vn 0.9594 -0.2457 0.1382
vn 0.4366 0.7733 -0.4597
vn -0.3264 -0.6870 -0.6492
vn 0.3393 0.4887 0.8038
vn 0.8940 0.4122 0.1755
vn -0.8527 -0.0421 -0.5208
vn 0.2716 -0.0183 0.9622
vn 0.2086 -0.9467 0.2454
vn -0.2688 0.9105 -0.3143
vn 0.8672 0.1766 -0.4656
vn -0.8333 0.4388 -0.3364
vn -0.4868 -0.6651 -0.5663
vn 0.5316 0.5796 0.6177
vn 0.2882 -0.5108 0.8100
vn -0.7081 0.7021 -0.0751
vn 0.7534 -0.5103 0.4146
vn -0.5929 -0.6842 -0.4246
vn 0.7395 0.4887 0.4629
vn -0.2047 0.4427 -0.8730
vn 0.7756 0.3085 0.5507
vn -0.3847 -0.0473 -0.9218
vn -0.1043 0.2640 0.9589
vn -0.1764 -0.9005 0.3975
vn 0.0848 0.7951 -0.6005
vn 0.2324 -0.0490 -0.9714
vn -0.9744 0.1536 -0.1641
vn -0.5199 -0.8061 0.2827
vn 0.3223 0.9463 -0.0237
vn -0.0659 0.6394 0.7661
vn 0.9290 -0.3384 -0.1502
vn -0.5063 0.7834 0.3605
vn -0.0129 -0.2438 0.9697
vn 0.7564 0.2152 0.6177
vn -0.3635 -0.3277 -0.8720
vn -0.3880 0.5308 0.7534
vn -0.4244 -0.6592 0.6208
vn 0.3152 0.6957 -0.6455
vn 0.2772 -0.5284 -0.8025
vn -0.9812 0.1915 -0.0248
vn -0.7712 -0.4762 0.4224
vn 0.2544 0.7938 -0.5524
vn 0.0259 0.5047 0.8629
vn -0.1757 -0.9187 0.3538
vn 0.0186 0.9851 -0.1709
vn 0.9747 0.1356 -0.1779
vn 0.9488 -0.2264 0.2205
vn -0.8363 0.3941 -0.3811
vn -0.9837 -0.1477 0.1022
vn -0.0094 -0.4170 -0.9089
vn 0.8740 -0.2953 -0.3858
vn -0.9762 0.1551 0.1513
vn -0.4400 0.4234 -0.7919
vn 0.0316 -0.9494 0.3126
vn 0.7872 -0.0113 -0.6166
vn -0.9089 0.0752 0.4102
vn 0.1389 0.7109 0.6895
vn 0.0860 0.9817 -0.1702
vn -0.4253 -0.7471 -0.5108
vn 0.6340 -0.4523 -0.6272
vn -0.8277 0.2565 0.4992
vn 0.4821 -0.2557 0.8380
vn -0.3928 -0.5589 -0.7303
vn 0.3134 -0.2977 0.9017
vn -0.2042 0.9709 -0.1252
vn 0.7580 0.4304 -0.4901
vn -0.9027 -0.4242 0.0720
vn 0.3531 -0.9085 0.2237
vn -0.6051 0.7785 -0.1665
vn 0.9036 0.4070 -0.1340
vn -0.7053 -0.6986 0.1209
vn 0.0018 0.0794 -0.9968
vn -0.0235 0.4970 -0.8674
vn -0.0084 -0.9961 0.0875
vn -0.0078 0.7687 0.6396
vn 0.9524 0.0319 0.3032
vn -0.9685 -0.0769 -0.2367
vn 0.1944 -0.7685 -0.6096
vn 0.1990 -0.4278 0.8817
vn -0.2812 0.9153 -0.2882
vn -0.3636 -0.9138 0.1811
vn 0.1785 0.9122 -0.3687
vn 0.8748 -0.2224 0.4305
vn -0.6827 0.5314 -0.5015
vn 0.3601 -0.7240 -0.5883
vn 0.3986 0.7100 -0.5805
vn -0.9045 -0.4218 -0.0633
vn 0.0834 0.7661 0.6373
vn 0.7407 0.0168 0.6717
vn -0.8368 0.0948 -0.5393
vn 0.4699 -0.8336 -0.2904
vn -0.6555 0.6519 0.3811
vn 0.1503 0.0315 0.9881
vn 0.2884 -0.2246 0.9308
vn -0.3888 0.5317 -0.7524
vn -0.0786 -0.0780 -0.9938
vn 0.6195 0.7634 0.1829
vn 0.5491 0.0145 0.8357
vn -0.4069 0.0945 -0.9086
vn -0.2525 0.9238 0.2879
vn 0.2794 -0.9085 -0.3108
vn -0.6350 -0.7264 0.2630
vn 0.0720 -0.2269 0.9713
vn -0.2490 0.3950 -0.8843
vn -0.6316 -0.7705 0.0863
vn -0.2388 0.9140 -0.3278
vn -0.2750 0.4110 0.8691
vn -0.3270 0.1404 0.9345
vn 0.2617 -0.1457 -0.9541
vn 0.2311 -0.6969 -0.6789
vn 0.8391 -0.4269 0.3372
vn 0.4646 -0.8747 -0.1380
vn -0.8541 0.4926 -0.1670
vn 0.6298 0.7710 0.0944
vn 0.0221 0.8899 -0.4555
vn 0.1687 -0.9084 0.3825
vn -0.9846 0.0800 -0.1554
vn -0.6015 0.4331 0.6713
vn 0.2095 -0.4258 -0.8802
vn -0.1677 0.9857 -0.0136
vn 0.2847 -0.9172 -0.2786
vn -0.8976 -0.4154 -0.1476
vn -0.5204 -0.2961 0.8010
vn 0.3134 0.1536 -0.9371
vn 0.8413 -0.3060 0.4456
vn -0.6737 -0.6729 -0.3055
vn -0.7310 -0.0121 0.6822
vn 0.5499 0.0762 -0.8317
vn -0.0883 0.9705 -0.2242
vn 0.4863 -0.8714 0.0649
vn -0.8346 0.2439 -0.4940
vn 0.6631 0.7093 0.2393
vn -0.0515 -0.8457 -0.5311
vn -0.3983 0.9171 0.0194
vn -0.7233 -0.4663 0.5093
vn 0.6222 0.2530 -0.7409
vn 0.7475 -0.2532 0.6141
vn -0.1035 0.5019 0.8587
vn -0.0414 -0.4863 -0.8728
vn 0.4252 0.6534 -0.6263
vn 0.5205 0.8056 -0.2831
vn -0.3217 -0.9466 0.0232
vn -0.3134 -0.6976 0.6444
vn 0.9831 -0.1815 0.0235
vn 0.7654 0.4819 -0.4265
vn -0.2526 -0.7962 0.5498
vn 0.0428 -0.7012 -0.7117
vn 0.3584 0.3345 0.8716
vn -0.7888 0.1483 -0.5965
vn 0.1749 0.8994 -0.4006
vn -0.0826 -0.7959 0.5997
vn 0.8534 -0.5192 0.0460
vn -0.9303 0.3343 0.1508
vn 0.1696 0.9659 0.1957
vn 0.5926 0.6845 0.4246
vn -0.7395 -0.4888 -0.4629
vn -0.1650 -0.9669 -0.1946
vn 0.0128 0.2440 -0.9697
vn -0.2332 0.0449 0.9714
vn 0.0647 -0.6389 -0.7666
vn 0.9745 -0.1534 0.1640
vn 0.2493 -0.7279 0.6387
vn -0.7509 0.5136 -0.4152
vn 0.4867 0.6653 0.5662
vn -0.5314 -0.5796 -0.6178
vn 0.8624 -0.5060 -0.0141
vn -0.0367 -0.4134 -0.9098
vn 0.3883 0.0487 0.9202
vn -0.9083 0.0136 -0.4181
vn -0.2087 0.9466 -0.2456
vn 0.2688 -0.9105 0.3143
vn -0.4266 -0.3087 -0.8501
vn 0.8515 0.0457 0.5224
vn -0.9627 -0.2667 -0.0463
vn -0.4207 0.9000 0.1142
vn 0.6075 -0.7943 0.0080
vn -0.0387 -0.7002 0.7129
vn -0.2913 0.5129 -0.8075
vn 0.3264 0.6870 0.6492
vn -0.3393 -0.4887 -0.8038
vn 0.8330 -0.4392 0.3365
vn 0.1209 -0.2006 0.9722
vn -0.7729 -0.6325 -0.0508
vn -0.3600 0.8076 0.4671
vn 0.0754 -0.9457 -0.3162
vn 0.9956 0.0455 -0.0819
vn 0.2962 0.3330 -0.8952
vn -0.4367 -0.7749 0.4569
vn -0.9594 0.2457 -0.1383
vn -0.8187 -0.5588 -0.1319
vn 0.8923 0.4493 0.0444
vn -0.6820 0.6581 0.3190
vn 0.6865 -0.6976 -0.2052
vn -0.1257 -0.1834 0.9750
vn -0.5357 0.4814 0.6938
vn 0.5800 -0.7984 -0.1619
vn -0.4975 -0.2162 -0.8401
vn 0.8036 0.3367 0.4907
vn -0.8019 -0.5344 0.2671
vn -0.0427 -0.9653 -0.2578
vn 0.9045 0.4221 0.0613
vn -0.8749 0.2223 -0.4303
vn -0.7406 -0.0173 -0.6717
vn 0.8368 -0.0946 0.5392
vn 0.6826 -0.5317 0.5014
vn -0.4794 -0.6518 0.5877
vn -0.9524 -0.0318 -0.3032
vn 0.9685 0.0768 0.2367
vn 0.6176 0.1851 -0.7644
vn -0.3593 0.7236 0.5894
vn -0.9491 0.2262 -0.2192
vn 0.8370 -0.3942 0.3797
vn -0.1784 -0.9122 0.3688
vn 0.5038 0.8552 0.1218
vn -0.0733 -0.9194 0.3865
vn -0.7839 0.0085 0.6208
vn -0.6244 0.4640 0.6283
vn 0.8273 -0.2584 -0.4988
vn 0.9113 -0.0754 -0.4047
vn -0.4832 0.2492 -0.8393
vn -0.8748 0.2984 0.3818
vn 0.9756 -0.1551 -0.1551
vn 0.0162 0.8745 -0.4848
vn 0.3608 -0.2461 0.8996
vn -0.1390 -0.7032 -0.6973
vn -0.9754 -0.1330 0.1758
vn 0.9838 0.1457 -0.1049
vn -0.3112 0.3010 -0.9014
vn 0.2055 0.6699 0.7134
vn 0.2026 -0.9711 0.1258
vn -0.7596 -0.4278 0.4899
vn 0.9064 0.4157 -0.0754
vn 0.1978 0.4872 -0.8506
vn 0.0150 0.4125 0.9108
vn -0.0249 -0.9867 0.1609
vn 0.4510 -0.8911 0.0515
vn -0.3507 0.9099 -0.2214
vn -0.9037 -0.4067 0.1338
vn 0.7055 0.6983 -0.1207
vn -0.0025 -0.0754 0.9972
vn 0.0902 -0.8533 -0.5135
vn 0.0097 0.9961 -0.0877
vn 0.0241 -0.4967 0.8676
vn -0.1911 0.7722 0.6060
vn 0.2815 -0.9165 0.2844
vn -0.1987 0.4276 -0.8819
vn -0.6627 0.5607 -0.4964
vn 0.8425 0.2976 0.4490
vn -0.3270 -0.1302 0.9360
vn -0.7344 0.0097 0.6787
vn 0.5449 -0.0762 -0.8350
vn 0.2584 0.1437 -0.9553
vn -0.0907 -0.9702 -0.2246
vn -0.6048 -0.4301 0.6703
vn 0.2113 0.4197 -0.8827
vn 0.6937 -0.6753 -0.2503
vn -0.9849 -0.0754 -0.1555
vn -0.2748 -0.4109 0.8693
vn 0.2310 0.6968 -0.6790
vn 0.1679 0.9080 0.3839
vn -0.1872 -0.9804 0.0617
vn -0.4234 0.7463 -0.5137
vn -0.7204 0.4660 0.5137
vn 0.6210 -0.2582 -0.7400
vn 0.7493 0.2521 0.6124
vn -0.5200 0.2960 0.8012
vn 0.3132 -0.1536 -0.9372
vn -0.7143 -0.4213 -0.5588
vn 0.2969 0.9514 0.0821
vn 0.6606 -0.7107 0.2417
vn 0.3792 0.9175 -0.1199
vn -0.1713 -0.9851 -0.0130
vn 0.0721 0.2268 0.9713
vn -0.2490 -0.3950 -0.8843
vn -0.8976 0.4154 -0.1475
vn 0.2009 -0.8713 -0.4478
vn -0.6269 0.7737 0.0919
vn 0.8392 0.4268 0.3371
vn 0.1503 -0.0315 0.9881
vn -0.0786 0.0779 -0.9939
vn -0.8548 -0.4940 -0.1590
vn 0.0986 0.9951 0.0031
vn 0.6298 -0.7710 0.0943
vn 0.2395 0.9120 -0.3329
vn -0.3960 -0.9100 0.1231
vn 0.2885 0.2246 0.9308
vn -0.3887 -0.5317 -0.7525
vn -0.6349 0.7264 0.2631
vn -0.6367 -0.7087 0.3037
vn 0.0706 0.4184 -0.9055
vn 0.6201 -0.7630 0.1828
vn 0.5490 -0.0144 0.8357
vn -0.4069 -0.0945 -0.9086
vn 0.8656 -0.4998 0.0297
vn -0.8556 0.4896 -0.1681
vn -0.6822 -0.6578 0.3192
vn -0.3600 -0.8076 0.4670
vn 0.0754 0.9457 -0.3163
vn 0.6867 0.6973 -0.2055
vn -0.1299 0.1822 0.9746
vn -0.5384 -0.4823 0.6911
vn 0.5831 0.7951 -0.1664
vn -0.7133 0.6974 -0.0694
vn 0.8037 -0.3366 0.4907
vn -0.4701 -0.1474 -0.8702
vn -0.4207 -0.9000 0.1143
vn 0.6076 0.7942 0.0079
vn 0.9956 -0.0494 -0.0794
vn -0.7736 0.6317 -0.0506
vn 0.1693 -0.9658 0.1966
vn -0.1653 0.9665 -0.1962
vn 0.0106 0.1515 0.9884
vn 0.2969 -0.3369 -0.8935
vn -0.9594 -0.2458 -0.1382
vn -0.4369 0.7751 0.4563
vn 0.3264 -0.6871 0.6491
vn -0.3392 0.4887 -0.8038
vn -0.8941 0.4119 -0.1761
vn 0.8527 -0.0421 0.5206
vn -0.2721 -0.0178 -0.9621
vn -0.2088 -0.9466 -0.2455
vn 0.2689 0.9105 0.3142
vn -0.8670 0.1767 0.4660
vn 0.8331 0.4389 0.3365
vn 0.4867 -0.6653 0.5661
vn -0.5315 0.5797 -0.6177
vn -0.2884 -0.5105 -0.8101
vn 0.7081 0.7021 0.0754
vn -0.7533 -0.5102 -0.4151
vn 0.5927 -0.6844 0.4246
vn -0.7395 0.4888 -0.4628
vn 0.2047 0.4424 0.8732
vn -0.7754 0.3086 -0.5509
vn 0.3845 -0.0474 0.9219
vn 0.1053 0.2649 -0.9585
vn 0.1749 -0.8994 -0.4007
vn -0.0825 0.7960 0.5997
vn -0.2326 -0.0491 0.9713
vn 0.9744 0.1535 0.1641
vn 0.5204 -0.8056 -0.2832
vn -0.3217 0.9466 0.0232
vn 0.0648 0.6385 -0.7669
vn -0.9290 -0.3383 0.1499
vn 0.5062 0.7835 -0.3604
vn 0.0130 -0.2437 -0.9698
vn -0.7547 0.2160 -0.6195
vn 0.3594 -0.3337 0.8715
vn 0.3937 0.5371 -0.7460
vn 0.4254 -0.6529 -0.6267
vn -0.3134 0.6973 0.6446
vn -0.2766 -0.5287 0.8025
vn 0.9833 0.1808 0.0190
vn 0.7634 -0.4826 -0.4294
vn -0.2573 0.7931 0.5521
vn -0.0389 0.4953 -0.8679
vn 0.1783 -0.9180 -0.3541
vn -0.0250 0.9867 0.1608
vn -0.9744 0.1369 0.1782
vn -0.9491 -0.2262 -0.2192
vn 0.8370 0.3940 0.3797
vn 0.9840 -0.1463 -0.1013
vn 0.0150 -0.4124 0.9109
vn -0.8746 -0.2985 0.3820
vn 0.9756 0.1551 -0.1553
vn 0.4381 0.4248 0.7922
vn -0.0300 -0.9520 -0.3047
vn -0.7868 -0.0109 0.6171
vn 0.9089 0.0755 -0.4102
vn -0.1390 0.7028 -0.6976
vn -0.0862 0.9803 0.1778
vn 0.4369 -0.7475 0.5003
vn -0.6204 -0.4646 0.6318
vn 0.8284 0.2533 -0.4997
vn -0.4849 -0.2504 -0.8380
vn 0.3912 -0.5522 0.7363
vn -0.3140 -0.3021 -0.9001
vn 0.2029 0.9714 0.1234
vn -0.7602 0.4309 0.4863
vn 0.9036 -0.4218 -0.0743
vn -0.3529 -0.9092 -0.2212
vn 0.6051 0.7785 0.1669
vn -0.9036 0.4068 0.1341
vn 0.7053 -0.6985 -0.1208
vn -0.0024 0.0803 0.9968
vn 0.0251 0.4995 0.8660
vn 0.0099 -0.9961 -0.0880
vn 0.0081 0.7689 -0.6393
vn -0.9524 0.0319 -0.3032
vn 0.9685 -0.0768 0.2368
vn -0.1918 -0.7681 0.6109
vn -0.1988 -0.4278 -0.8817
vn 0.2812 0.9161 0.2859
vn 0.3635 -0.9138 -0.1813
vn -0.1785 0.9122 0.3688
vn -0.8749 -0.2223 -0.4303
vn 0.6828 0.5314 0.5015
vn -0.3592 -0.7238 0.5891
vn -0.3983 0.7100 0.5807
vn 0.9046 -0.4215 0.0638
vn -0.0834 0.7661 -0.6373
vn -0.7406 0.0172 -0.6717
vn 0.8368 0.0947 0.5392
vn -0.4700 -0.8336 0.2902
vn 0.6556 0.6517 -0.3814
vn -0.1501 0.0313 -0.9882
vn -0.2883 -0.2244 -0.9309
vn 0.3887 0.5316 0.7525
vn 0.0787 -0.0779 0.9938
vn -0.6199 0.7630 -0.1831
vn -0.5487 0.0143 -0.8359
vn 0.4069 0.0944 0.9086
vn 0.2525 0.9238 -0.2879
vn -0.2789 -0.9087 0.3107
vn 0.6385 -0.7246 -0.2593
vn -0.0667 -0.2344 -0.9699
vn 0.2483 0.3940 0.8849
vn 0.6319 -0.7695 -0.0926
vn 0.2389 0.9142 0.3272
vn 0.2750 0.4107 -0.8693
vn 0.3324 0.1295 -0.9342
vn -0.2596 -0.1467 0.9545
vn -0.2311 -0.6968 0.6790
vn -0.8392 -0.4267 -0.3372
vn -0.4611 -0.8760 0.1416
vn 0.8518 0.4977 0.1637
vn -0.6297 0.7711 -0.0944
vn -0.0219 0.8902 0.4551
vn -0.1632 -0.9099 -0.3815
vn 0.9843 0.0785 0.1578
vn 0.6043 0.4340 -0.6682
vn -0.2100 -0.4238 0.8811
vn 0.1644 0.9864 0.0021
vn -0.2978 -0.9154 0.2709
vn 0.8963 -0.4114 0.1654
vn 0.5189 -0.3048 -0.7987
vn -0.3088 0.1536 0.9386
vn -0.8386 -0.3028 -0.4529
vn 0.6717 -0.6699 0.3163
vn 0.7338 -0.0125 -0.6793
vn -0.5504 0.0745 0.8316
vn 0.0831 0.9723 0.2187
vn -0.4826 -0.8740 -0.0575
vn 0.8314 0.2466 0.4980
vn -0.6651 0.7032 -0.2512
vn 0.0484 -0.8567 0.5135
vn 0.3987 0.9170 -0.0100
vn 0.7203 -0.4571 -0.5218
vn -0.6219 0.2504 0.7420
vn -0.7536 -0.2527 -0.6068
vn 0.1046 0.5002 -0.8596
vn 0.0271 -0.4979 0.8668
vn -0.4241 0.6595 0.6206
vn -0.5199 0.8061 0.2827
vn 0.3222 -0.9464 -0.0236
vn 0.3149 -0.6960 -0.6453
vn -0.9809 -0.1925 -0.0294
vn -0.7733 0.4757 0.4193
vn 0.2496 -0.7971 -0.5499
vn -0.0369 -0.6939 0.7191
vn -0.3622 0.3294 -0.8720
vn 0.7898 0.1491 0.5949
vn -0.1764 0.9005 0.3975
vn 0.0849 -0.7951 -0.6005
vn -0.8534 -0.5193 -0.0459
vn 0.9304 0.3340 -0.1508
vn -0.1697 0.9659 -0.1958
vn -0.5928 0.6843 -0.4246
vn 0.7395 -0.4888 0.4628
vn 0.1649 -0.9669 0.1947
vn -0.0128 0.2437 0.9698
vn 0.2335 0.0450 -0.9713
vn -0.0661 -0.6393 0.7661
vn -0.9744 -0.1536 -0.1640
vn -0.2493 -0.7280 -0.6387
vn 0.7506 0.5140 0.4152
vn -0.4867 0.6652 -0.5662
vn 0.5314 -0.5797 0.6177
vn -0.8623 -0.5062 0.0143
vn 0.0379 -0.4128 0.9101
vn -0.3884 0.0485 -0.9202
vn 0.9084 0.0138 0.4179
vn 0.2086 0.9467 0.2453
vn -0.2688 -0.9105 -0.3143
vn 0.4265 -0.3086 0.8502
vn -0.8513 0.0458 -0.5227
vn 0.9625 -0.2673 0.0458
vn 0.4224 0.8992 -0.1139
vn -0.6079 -0.7940 -0.0064
vn 0.0388 -0.7003 -0.7128
vn 0.2914 0.5128 0.8075
vn -0.3263 0.6869 -0.6494
vn 0.3393 -0.4887 0.8038
vn -0.8331 -0.4390 -0.3365
vn -0.1208 -0.2007 -0.9722
vn 0.7733 -0.6319 0.0517
vn 0.3603 0.8073 -0.4673
vn -0.0751 -0.9456 0.3165
vn -0.9956 0.0455 0.0818
vn -0.2962 0.3329 0.8952
vn 0.4364 -0.7744 -0.4581
vn 0.9594 0.2458 0.1382
vn 0.8171 -0.5585 0.1431
vn -0.8891 0.4550 -0.0494
vn 0.6848 0.6549 -0.3198
vn -0.6857 -0.6979 0.2067
vn 0.1298 -0.1801 -0.9750
vn 0.5396 0.4842 -0.6888
vn -0.5790 -0.7985 0.1648
vn 0.4946 -0.2140 0.8424
vn -0.8035 0.3344 -0.4925
vn 0.8017 -0.5371 -0.2624
vn 0.0427 -0.9652 0.2578
vn -0.9045 0.4214 -0.0654
vn 0.8748 0.2223 0.4305
vn 0.7405 -0.0173 0.6718
vn -0.8368 -0.0948 -0.5393
vn -0.6826 -0.5314 -0.5016
vn 0.4798 -0.6517 -0.5875
vn 0.9524 -0.0319 0.3032
vn -0.9685 0.0768 -0.2368
vn -0.6179 0.1853 0.7641
vn 0.3600 0.7241 -0.5884
vn 0.9488 0.2265 0.2204
vn -0.8363 -0.3942 -0.3810
vn 0.1780 -0.9122 -0.3690
vn -0.4953 0.8590 -0.1295
vn 0.0747 -0.9209 -0.3826
vn 0.7844 0.0089 -0.6202
vn 0.6379 0.4519 -0.6237
vn -0.8264 -0.2623 0.4983
vn -0.9114 -0.0752 0.4045
vn 0.4802 0.2537 0.8397
vn 0.8742 0.2953 -0.3855
vn -0.9762 -0.1556 0.1510
vn -0.0135 0.8703 0.4924
vn -0.3627 -0.2454 -0.8990
vn 0.1395 -0.7113 0.6889
vn 0.9752 -0.1299 -0.1790
vn -0.9840 0.1440 0.1049
vn 0.3105 0.2994 0.9022
vn -0.2053 0.6753 -0.7084
vn -0.2041 -0.9706 -0.1278
vn 0.7576 -0.4272 -0.4935
vn -0.9054 0.4182 0.0731
vn -0.1982 0.4920 0.8477
vn -0.0094 0.4167 -0.9090
vn 0.0192 -0.9851 -0.1709
vn -0.4510 -0.8910 -0.0513
vn 0.3510 0.9092 0.2241
vn 0.9037 -0.4067 -0.1338
vn -0.7054 0.6984 0.1207
vn 0.0018 -0.0750 -0.9972
vn -0.0902 -0.8533 0.5135
vn -0.0086 0.9960 0.0884
vn -0.0253 -0.4944 -0.8689
vn 0.1883 0.7727 -0.6062
vn -0.2813 -0.9164 -0.2847
vn 0.1988 0.4278 0.8817
vn -0.4995 0.5548 0.6653
vn 0.4489 0.2996 -0.8419
vn 0.9359 -0.1298 0.3275
vn 0.6791 0.0109 0.7340
vn -0.8350 -0.0747 -0.5451
vn -0.9552 0.1439 -0.2586
vn -0.2209 -0.9712 0.0890
vn 0.6718 -0.4302 0.6030
vn -0.8833 0.4176 -0.2132
vn -0.2482 -0.6748 -0.6950
vn -0.1558 -0.0764 0.9848
vn 0.8699 -0.4092 0.2753
vn -0.6790 0.6969 -0.2310
vn 0.3830 0.9085 -0.1670
vn 0.0573 -0.9796 0.1927
vn -0.5110 0.7500 0.4199
vn 0.5108 0.4699 0.7199
vn -0.7414 -0.2543 -0.6210
vn 0.6111 0.2486 -0.7515
vn 0.8012 0.3003 0.5175
vn -0.9372 -0.1537 -0.3131
vn -0.5575 -0.4228 0.7144
vn 0.0780 0.9521 -0.2958
vn 0.2436 -0.7069 -0.6641
vn -0.1175 0.9170 -0.3813
vn -0.0088 -0.9859 0.1674
vn 0.9721 0.2236 -0.0713
vn -0.8848 -0.3946 0.2479
vn -0.1594 0.4138 0.8963
vn -0.4456 -0.8721 -0.2022
vn 0.0913 0.7732 0.6276
vn 0.3364 0.4269 -0.8394
vn 0.9883 -0.0325 -0.1493
vn -0.9938 0.0776 0.0794
vn -0.1609 -0.4928 0.8551
vn 0.0064 0.9951 -0.0983
vn 0.0932 -0.7709 -0.6301
vn -0.3267 0.9151 -0.2363
vn 0.1152 -0.9101 0.3981
vn 0.9332 0.2177 -0.2859
vn -0.7521 -0.5315 0.3896
vn 0.2668 0.7282 0.6313
vn 0.3007 -0.7104 0.6363
vn -0.8999 0.4236 -0.1041
vn 0.1885 -0.7618 -0.6198
vn 0.8402 -0.0081 -0.5423
vn -0.9087 -0.0919 0.4071
vn 0.0314 -0.4983 -0.8664
vn -0.1649 0.4946 0.8534
vn 0.3196 -0.6587 0.6811
vn 0.4692 -0.8064 0.3599
vn -0.3159 0.9458 -0.0753
vn -0.2054 0.6975 -0.6865
vn 0.9741 0.1854 0.1295
vn 0.6931 -0.4805 0.5373
vn -0.1658 0.7958 -0.5824
vn -0.0730 0.6952 0.7151
vn 0.4922 -0.3329 -0.8043
vn -0.8692 -0.1485 0.4716
vn 0.1163 -0.9009 0.4183
vn 0.0083 0.7945 -0.6072
vn -0.0735 -0.0484 -0.9961
vn -0.0511 0.6496 0.7586
vn 0.1975 -0.9651 -0.1722
vn -0.1960 0.9666 0.1653
vn 0.9882 0.1527 -0.0080
vn -0.8922 -0.3359 -0.3018
vn -0.1417 -0.2461 0.9588
vn 0.4693 0.7692 0.4337
vn 0.6556 -0.6820 -0.3241
vn -0.8033 0.4892 0.3398
vn -0.1785 0.4105 0.8942
vn 0.5192 -0.0398 -0.8537
vn -0.9610 -0.0189 0.2759
vn -0.2433 -0.9477 0.2068
vn 0.3147 0.9102 -0.2691
vn 0.4598 0.1807 0.8694
vn 0.3367 0.4399 -0.8326
vn 0.5688 -0.6613 -0.4890
vn -0.6174 0.5801 0.5313
vn -0.8107 -0.5101 0.2873
vn 0.0674 0.7043 -0.7067
vn -0.4102 -0.5115 0.7551
vn 0.4233 -0.6795 -0.5992
vn -0.4630 0.4892 0.7391
vn 0.8728 0.4428 -0.2054
vn -0.5532 0.3066 0.7746
vn 0.9217 -0.0431 -0.3856
vn -0.9596 0.2611 -0.1046
vn -0.3969 -0.9007 -0.1766
vn 0.5995 0.7963 0.0813
vn 0.9718 -0.0475 0.2308
vn 0.1605 0.1544 -0.9749
vn -0.2828 -0.8044 -0.5224
vn 0.0230 0.9468 0.3211
vn -0.7576 0.6497 -0.0626
vn 0.1521 -0.3394 0.9283
vn -0.3539 0.7734 -0.5258
vn -0.9697 -0.2443 -0.0096
vn -0.6213 0.2166 0.7530
vn 0.8720 -0.3320 -0.3598
vn -0.7486 0.5330 -0.3944
vn -0.6245 -0.6553 -0.4249
vn 0.6451 0.6973 0.3124
vn 0.8039 -0.5273 0.2750
vn 0.0232 0.1889 -0.9817
vn -0.4236 -0.4765 -0.7704
vn 0.5522 0.7942 0.2537
vn -0.8641 0.5025 0.0278
vn -0.3565 -0.9190 -0.1682
vn 0.1709 0.9850 0.0223
vn 0.1769 0.1425 0.9739
vn -0.2231 -0.2161 0.9505
vn 0.3799 0.3944 -0.8368
vn -0.1017 -0.1457 -0.9841
vn 0.9078 -0.4194 -0.0050
vn 0.3835 -0.2900 0.8768
vn -0.1562 0.1555 -0.9754
vn 0.7931 0.4252 -0.4361
vn -0.3063 -0.9513 0.0356
vn 0.6139 -0.0115 0.7893
vn -0.4096 0.0757 -0.9091
vn -0.6926 0.7081 0.1375
vn 0.1731 0.9806 0.0922
vn 0.5017 -0.7434 -0.4423
vn 0.6323 -0.4647 0.6198
vn -0.4996 0.2563 -0.8275
vn -0.8349 -0.2533 0.4887
vn 0.7356 -0.5578 -0.3844
vn -0.9001 -0.3004 0.3155
vn 0.1279 0.9697 -0.2082
vn 0.4868 0.4304 0.7601
vn -0.0730 -0.4242 -0.9026
vn -0.2183 -0.9094 0.3542
vn 0.1667 0.7775 -0.6064
vn 0.1353 0.4034 0.9050
vn -0.1213 -0.6981 -0.7056
vn 0.9967 0.0813 -0.0001
vn 0.8661 0.4992 -0.0262
vn -0.0912 -0.9958 -0.0010
vn -0.6402 0.7682 -0.0081
vn -0.3014 0.0315 0.9530
vn 0.2382 -0.0765 -0.9682
vn 0.6138 -0.7662 0.1901
vn -0.8819 -0.4276 0.1987
vn 0.2808 0.9185 -0.2785
vn -0.1847 -0.9165 -0.3548
vn 0.3693 0.9111 0.1831
vn -0.4243 -0.2124 0.8803
vn 0.5015 0.5319 -0.6823
vn 0.5820 -0.7286 0.3610
vn 0.5837 0.7100 0.3940
vn 0.0574 -0.4178 -0.9067
vn -0.6396 0.7639 0.0852
vn -0.6669 0.0159 0.7450
vn 0.5384 0.0936 -0.8375
vn 0.2828 -0.8323 0.4768
vn -0.3773 0.6503 -0.6594
vn -0.9881 0.0327 0.1501
vn -0.9349 -0.2155 0.2819
vn 0.7519 0.5322 -0.3891
vn 0.9938 -0.0779 -0.0792
vn -0.1856 0.7606 0.6221
vn -0.8392 0.0132 0.5437
vn 0.9091 0.0936 -0.4060
vn -0.2849 0.9236 -0.2564
vn 0.3077 -0.9118 0.2719
vn -0.2627 -0.7292 -0.6318
vn -0.9722 -0.2235 0.0704
vn 0.8851 0.3944 -0.2472
vn -0.0885 -0.7693 -0.6327
vn 0.3260 0.9142 -0.2408
vn -0.8698 0.4093 -0.2755
vn -0.9344 0.1361 -0.3292
vn 0.9544 -0.1460 0.2605
vn 0.6789 -0.6969 0.2312
vn -0.3357 -0.4270 0.8397
vn 0.1334 -0.8743 0.4668
vn 0.1678 0.4939 -0.8532
vn -0.0923 0.7708 0.6303
vn 0.4537 0.8909 0.0222
vn -0.3809 -0.9096 0.1662
vn 0.1566 0.0803 -0.9844
vn -0.6698 0.4329 -0.6034
vn 0.8805 -0.4256 0.2090
vn 0.0070 0.9868 -0.1621
vn 0.2711 -0.9170 0.2926
vn 0.1573 -0.4143 -0.8964
vn -0.8026 -0.2953 -0.5182
vn 0.9374 0.1542 0.3123
vn -0.4497 -0.3044 0.8397
vn 0.3132 -0.6744 -0.6687
vn -0.6757 -0.0109 -0.7371
vn 0.8322 0.0747 0.5495
vn 0.2213 0.9713 -0.0871
vn -0.0632 -0.8756 0.4789
vn 0.4996 0.2471 -0.8303
vn -0.2439 0.7040 0.6670
vn 0.5200 -0.8527 -0.0510
vn -0.0126 0.9204 -0.3908
vn -0.5155 -0.4591 -0.7236
vn 0.7397 0.2520 0.6240
vn -0.6142 -0.2567 0.7463
vn -0.8596 0.5001 -0.1044
vn 0.8669 -0.4977 -0.0280
vn 0.6243 0.6556 0.4248
vn 0.2828 0.8044 0.5225
vn -0.0229 -0.9468 -0.3210
vn -0.6449 -0.6976 -0.3122
vn -0.0273 -0.1898 0.9814
vn 0.4208 0.4757 0.7724
vn -0.5498 -0.7973 -0.2489
vn 0.7146 -0.6982 0.0438
vn -0.8718 0.3323 0.3599
vn 0.5983 0.1460 -0.7878
vn 0.3978 0.9003 0.1768
vn -0.6001 -0.7956 -0.0828
vn -0.0409 -0.5236 0.8510
vn -0.1570 0.3352 -0.9290
vn -0.1963 0.9654 0.1716
vn -0.4233 0.6795 0.5992
vn 0.4631 -0.4892 -0.7391
vn 0.1942 -0.9668 -0.1660
vn 0.9696 0.2443 0.0092
vn -0.9728 0.0423 -0.2276
vn 0.7570 -0.6504 0.0626
vn -0.1604 -0.1545 0.9749
vn -0.6383 -0.7282 0.2497
vn 0.4144 0.5142 -0.7510
vn -0.5689 0.6612 0.4890
vn 0.6175 -0.5801 -0.5312
vn 0.0228 -0.5074 0.8614
vn 0.9106 -0.4111 -0.0425
vn -0.9216 0.0465 0.3854
vn 0.4184 0.0177 -0.9081
vn 0.2423 0.9479 -0.2067
vn -0.3147 -0.9104 0.2686
vn 0.8522 -0.3077 -0.4231
vn -0.5277 0.0437 0.8483
vn 0.0513 -0.2652 -0.9628
vn -0.1146 0.8999 -0.4207
vn -0.0068 -0.7939 0.6080
vn -0.7101 -0.7027 -0.0455
vn 0.8073 0.5153 -0.2876
vn -0.6555 0.6821 0.3241
vn 0.8033 -0.4891 -0.3397
vn -0.3365 -0.4396 0.8328
vn -0.9723 -0.2018 0.1178
vn 0.0524 -0.6490 -0.7590
vn -0.4692 0.8064 -0.3599
vn 0.3158 -0.9458 0.0753
vn 0.0795 0.0463 0.9958
vn 0.8948 0.3327 0.2978
vn -0.4696 -0.7691 -0.4335
vn 0.1416 0.2461 -0.9588
vn 0.1334 -0.5555 -0.8207
vn -0.0452 0.4511 0.8913
vn -0.3194 0.6590 -0.6809
vn 0.2053 -0.6978 0.6863
vn -0.9745 -0.1864 -0.1252
vn -0.6955 0.4800 -0.5346
vn 0.1615 -0.7990 0.5793
vn 0.8400 -0.2152 -0.4982
vn -0.4917 0.3335 0.8043
vn -0.2646 -0.5321 -0.8042
vn 0.2550 -0.9655 -0.0537
vn -0.0459 0.4181 0.9072
vn 0.4273 0.2200 -0.8769
vn 0.6651 -0.0095 -0.7467
vn -0.5391 -0.0944 0.8370
vn -0.5026 -0.5325 0.6811
vn -0.5892 -0.6520 -0.4771
vn 0.3015 -0.0296 -0.9530
vn -0.2368 0.0767 0.9685
vn 0.7619 0.1808 0.6220
vn -0.5801 0.7275 -0.3664
vn 0.2242 0.2171 -0.9501
vn -0.3797 -0.3943 0.8368
vn -0.3700 -0.9094 -0.1900
vn -0.1241 0.8598 0.4953
vn -0.3816 -0.9222 -0.0629
vn -0.6306 0.0046 -0.7761
vn -0.6293 0.4565 -0.6290
vn 0.5002 -0.2582 0.8265
vn 0.4047 -0.0758 0.9113
vn 0.8337 0.2536 -0.4906
vn -0.3845 0.2846 -0.8782
vn 0.1535 -0.1552 0.9759
vn 0.4935 0.8697 0.0014
vn -0.8952 -0.2435 0.3733
vn 0.6910 -0.7092 -0.1397
vn -0.1776 -0.1318 -0.9752
vn 0.1067 0.1428 0.9840
vn 0.9028 0.2981 -0.3099
vn -0.7070 0.6741 0.2139
vn -0.1242 -0.9711 0.2038
vn -0.4946 -0.4283 -0.7563
vn 0.0741 0.4165 0.9061
vn 0.8532 0.4838 0.1948
vn -0.9075 0.4200 0.0027
vn -0.1726 -0.9848 -0.0186
vn -0.0502 -0.8924 0.4485
vn 0.2232 0.9084 -0.3535
vn -0.1351 -0.4032 -0.9051
vn 0.1213 0.6981 0.7057
vn -0.9972 -0.0746 0.0029
vn 0.5114 -0.8545 0.0910
vn 0.0908 0.9959 0.0006
vn -0.8705 -0.4914 0.0254
vn -0.6050 0.7741 -0.1866
vn -0.2837 -0.9177 0.2781
vn 0.8818 0.4273 -0.1997
vn -0.0002 -0.7068 0.7074
vn -0.0026 -0.0923 -0.9957
vn -0.8716 -0.3727 -0.3184
vn -0.8168 -0.4077 0.4082
vn 0.8166 -0.4080 0.4083
vn 0.8715 -0.3729 -0.3185
vn -0.0001 0.7703 0.6377
vn -0.8716 0.3727 0.3184
vn 0.8715 0.3729 0.3185
vn -0.0026 0.0923 0.9957
vn -0.0001 -0.7703 -0.6377
vn -0.0002 0.7068 -0.7074
vn -0.8168 0.4077 -0.4082
vn 0.8166 0.4080 -0.4083
vn -0.0080 0.0017 1.0000
vn 0.1180 -0.9094 -0.3987
vn -0.6920 -0.7181 -0.0736
vn -0.8167 -0.5445 -0.1911
vn 0.8153 0.5654 0.1248
vn 0.8201 0.5007 -0.2770
vn -0.3367 0.8016 -0.4940
vn -0.9197 -0.1283 -0.3710
vn 0.9518 -0.0197 -0.3061
vn 0.2693 0.4539 -0.8494
vn -0.1135 0.7309 0.6730
vn -0.9197 0.1283 0.3711
vn 0.9518 0.0197 0.3062
vn -0.0628 -0.9626 0.2636
vn 0.2696 -0.4543 0.8491
vn -0.1134 -0.7308 -0.6731
vn -0.0627 0.9625 -0.2639
vn -0.8167 0.5445 0.1910
vn 0.8151 -0.5656 -0.1248
vn -0.0081 -0.0017 -1.0000
vn 0.1181 0.9094 0.3988
vn -0.6919 0.7182 0.0739
vn 0.8201 -0.5007 0.2771
vn -0.3366 -0.8016 0.4941
vn -0.0079 0.0017 1.0000
vn 0.1180 -0.9094 -0.3988
vn -0.6919 -0.7182 -0.0737
vn -0.8166 -0.5447 -0.1909
vn 0.8146 0.5664 0.1247
vn -0.3370 0.8013 -0.4943
vn -0.9197 -0.1286 -0.3710
vn 0.9518 -0.0193 -0.3061
vn 0.2702 0.4561 -0.8479
vn -0.1133 0.7309 0.6730
vn -0.9197 0.1284 0.3711
vn 0.9518 0.0195 0.3060
vn -0.0619 -0.9623 0.2647
vn 0.2706 -0.4558 0.8479
vn -0.1132 -0.7309 -0.6731
vn -0.0621 0.9623 -0.2648
vn -0.8166 0.5446 0.1910
vn 0.8147 -0.5663 -0.1248
vn -0.0078 -0.0016 -1.0000
vn -0.6920 0.7182 0.0737
vn 0.8201 -0.5006 0.2770
vn -0.3368 -0.8016 0.4941
vn 0.4088 0.8990 -0.1573
vn -0.7854 0.1119 0.6088
vn -0.8526 0.1613 0.4970
vn -0.8895 -0.0000 -0.4570
vn 0.9851 -0.0000 -0.1721
vn 0.3258 -0.7988 0.5058
vn -0.7215 -0.1510 -0.6758
vn -0.5925 -0.0189 -0.8053
vn 0.2855 -0.9409 -0.1825
vn -0.2211 -0.7699 0.5986
vn 0.1799 0.5942 -0.7839
vn -0.0051 0.7506 0.6607
vn -0.9683 -0.0000 0.2497
vn 0.7749 -0.0000 0.6321
vn -0.3831 0.8597 -0.3377
vn -0.0052 -0.7507 0.6606
vn -0.8528 -0.1612 0.4967
vn 0.3260 0.7987 0.5058
vn 0.1799 -0.5946 -0.7837
vn -0.5945 0.7175 0.3630
vn 0.3971 -0.9059 -0.1475
vn -0.7212 0.1511 -0.6761
vn -0.5924 0.0190 -0.8054
vn 0.2855 0.9409 -0.1824
vn 0.4083 -0.9014 0.1441
vn -0.7990 -0.0995 -0.5930
vn -0.8535 -0.1668 -0.4937
vn -0.8807 -0.0000 0.4736
vn 0.9845 -0.0000 0.1754
vn 0.3227 0.7991 -0.5072
vn -0.7207 0.1529 0.6762
vn -0.5891 0.0251 0.8077
vn 0.2845 0.9412 0.1823
vn -0.2413 0.7619 -0.6010
vn 0.1919 -0.5965 0.7793
vn -0.0154 -0.7520 -0.6590
vn -0.9719 -0.0000 -0.2354
vn 0.7755 -0.0000 -0.6314
vn 0.1979 0.5986 0.7762
vn -0.8104 -0.5574 -0.1805
vn -0.8535 0.1668 -0.4938
vn 0.3226 -0.7992 -0.5072
vn -0.0154 0.7520 -0.6590
vn 0.4073 0.9031 0.1361
vn -0.7204 -0.1527 0.6766
vn -0.5892 -0.0252 0.8076
vn 0.2846 -0.9411 0.1825
vn -0.7988 0.0997 -0.5933
vn -0.4501 0.8437 -0.2924
vn -0.8454 0.4978 -0.1935
vn -0.1210 -0.0152 0.9925
vn -0.7839 0.1924 -0.5904
vn 0.7095 0.6681 -0.2242
vn 0.2793 -0.9543 0.1063
vn -0.8589 0.4963 0.1264
vn -0.0944 -0.0054 -0.9955
vn 0.2920 -0.9435 -0.1569
vn 0.3021 -0.2216 0.9272
vn -0.7701 0.5380 -0.3428
vn -0.7582 0.5696 0.3174
vn -0.7411 0.2444 0.6254
vn 0.5985 0.7704 0.2196
vn 0.2798 0.9243 -0.2594
vn -0.0001 -0.7222 0.6917
vn -0.8276 -0.4055 0.3882
vn -0.7261 0.1787 0.6639
vn 0.6881 0.6450 0.3324
vn 0.8275 -0.4057 0.3882
vn -0.0245 -0.6052 -0.7957
vn -0.9073 -0.2784 -0.3150
vn 0.8992 -0.2724 -0.3425
vn -0.0372 0.9223 0.3848
vn 0.0959 -0.9834 -0.1540
vn -0.7015 0.3997 -0.5900
vn -0.6732 0.2365 -0.7007
vn 0.5573 0.7444 -0.3679
vn -0.3571 -0.2277 -0.9059
vn -0.6415 0.5704 0.5129
vn -0.7467 0.2574 0.6134
vn -0.8907 -0.3829 -0.2452
vn 0.9238 -0.2681 -0.2735
vn 0.6790 0.6900 0.2505
vn -0.0001 -0.7211 0.6928
vn -0.8309 -0.4013 0.3855
vn 0.8308 -0.4013 0.3856
vn 0.0604 0.3337 0.9407
vn 0.1048 -0.8054 -0.5834
vn -0.6980 0.3960 -0.5966
vn -0.6706 0.2490 -0.6988
vn 0.5511 0.7522 -0.3613
vn -0.3156 0.7440 -0.5889
vn 0.9423 0.1173 0.3136
vn -0.7951 -0.5939 -0.1224
vn -0.9157 -0.1045 -0.3880
vn 0.9382 0.0106 -0.3459
vn 0.8520 0.4965 0.1659
vn 0.1184 -0.9097 -0.3980
vn -0.6922 -0.7180 -0.0736
vn 0.8202 0.5006 -0.2768
vn 0.1547 -0.3416 0.9270
vn 0.5045 0.4561 -0.7331
vn -0.1136 0.7309 0.6729
vn -0.9157 0.1045 0.3880
vn 0.9382 -0.0106 0.3459
vn 0.1547 0.3416 -0.9270
vn 0.5046 -0.4561 0.7331
vn -0.7951 0.5940 0.1224
vn 0.8521 -0.4964 -0.1660
vn -0.1136 -0.7309 -0.6729
vn -0.3155 -0.7441 0.5889
vn 0.9423 -0.1173 -0.3136
vn 0.1185 0.9097 0.3979
vn -0.6922 0.7180 0.0735
vn 0.8203 -0.5005 0.2768
vn -0.0955 0.4323 0.8967
vn -0.1043 -0.8305 -0.5471
vn -0.9313 -0.2569 -0.2582
vn -0.9555 0.2657 -0.1278
vn 0.9733 -0.1611 0.1637
vn 0.9054 -0.3614 -0.2228
vn -0.2474 0.8583 -0.4495
vn -0.9072 0.4058 -0.1112
vn 0.9491 -0.1130 -0.2940
vn 0.2779 -0.2524 -0.9269
vn -0.3341 0.8899 0.3106
vn -0.0000 -0.7205 0.6934
vn -0.8264 -0.4057 0.3904
vn 0.8264 -0.4057 0.3904
vn 0.0771 -0.7433 0.6645
vn -0.0039 0.0535 -0.9986
vn -0.8884 0.2985 -0.3487
vn -0.8079 -0.4746 0.3494
vn 0.8882 -0.2989 0.3490
vn 0.8083 0.4742 -0.3490
vn -0.0730 0.7028 0.7076
vn -0.8545 0.3212 0.4082
vn 0.7706 0.4894 0.4083
vn -0.0769 0.7432 -0.6646
vn 0.0070 -0.0520 0.9986
vn 0.0723 -0.7028 -0.7077
vn -0.7702 -0.4896 -0.4086
vn 0.8544 -0.3213 -0.4084
vn -0.2778 -0.6479 0.7093
vn -0.1225 -0.2778 -0.9528
vn -0.9658 0.1290 -0.2247
vn -0.9122 -0.0519 0.4065
vn 0.5907 -0.6963 0.4078
vn 0.7585 -0.6108 -0.2270
vn 0.3473 0.8179 0.4588
vn -0.7565 0.6124 0.2295
vn 0.9657 -0.1261 0.2271
vn 0.1203 0.2818 0.9519
vn -0.3530 -0.8154 -0.4589
vn 0.2756 0.6511 -0.7071
vn -0.5883 0.6971 -0.4099
vn 0.9112 0.0547 -0.4083
vn -0.2779 -0.6477 0.7094
vn -0.1225 -0.2776 -0.9529
vn -0.9658 0.1291 -0.2247
vn -0.9122 -0.0517 0.4065
vn 0.7586 -0.6107 -0.2269
vn 0.3474 0.8178 0.4588
vn -0.7565 0.6124 0.2294
vn 0.9656 -0.1262 0.2271
vn 0.1208 0.2815 0.9519
vn -0.3529 -0.8154 -0.4588
vn 0.2758 0.6510 -0.7072
vn -0.5882 0.6971 -0.4099
vn 0.9112 0.0544 -0.4083
vn -0.0682 0.1511 -0.9862
vn -0.7427 0.1560 0.6512
vn -0.7236 -0.6385 0.2620
vn -0.5893 -0.8057 -0.0592
vn 0.2843 0.9421 -0.1778
vn 0.1756 0.9173 0.3573
vn 0.8255 -0.2776 0.4914
vn -0.1138 -0.9171 0.3819
vn -0.0315 0.9443 0.3275
vn 0.3705 0.1938 0.9084
vn 0.7180 -0.1132 -0.6868
vn 0.1139 -0.9171 -0.3819
vn 0.0316 0.9443 -0.3275
vn -0.8842 0.1040 -0.4554
vn -0.3710 0.1934 -0.9083
vn -0.7180 -0.1132 0.6868
vn 0.8840 0.1038 0.4558
vn 0.5893 -0.8058 0.0591
vn -0.2843 0.9421 0.1778
vn 0.0690 0.1526 0.9859
vn 0.7428 0.1563 -0.6510
vn 0.7239 -0.6382 -0.2621
vn -0.1756 0.9173 -0.3574
vn -0.8253 -0.2776 -0.4918
vn -0.3701 0.1951 -0.9083
vn -0.1139 -0.9172 0.3819
vn 0.1140 -0.9171 -0.3820
vn 0.0314 0.9443 -0.3275
vn 0.8843 0.1046 0.4551
vn 0.5895 -0.8056 0.0590
vn -0.2845 0.9420 0.1779
vn 0.0674 0.1490 0.9865
vn 0.7427 0.1556 -0.6513
vn 0.7234 -0.6388 -0.2619
vn -0.1756 0.9173 -0.3573
vn -0.8253 -0.2783 -0.4913
vn -0.7428 0.1560 0.6511
vn -0.9273 -0.0000 0.3743
vn 1.0000 -0.0002 -0.0056
vn 0.2149 -0.9560 0.1999
vn -0.2339 -0.9430 0.2368
vn -0.2339 0.9430 0.2368
vn 0.2149 0.9560 0.1999
vn -0.3618 -0.0000 -0.9323
vn 0.2258 -0.9401 -0.2554
vn 0.2258 0.9401 -0.2554
vn -0.0420 -0.0000 -0.9991
vn -0.3882 -0.0000 0.9216
vn -0.2228 -0.9539 -0.2012
vn -0.2228 0.9539 -0.2012
vn 0.9391 -0.0000 0.3436
vn -0.9992 0.0008 0.0390
vn 0.9191 -0.0000 0.3940
vn 0.3774 -0.0000 -0.9260
vn -0.2326 -0.9433 -0.2368
vn -0.2326 0.9433 -0.2368
vn -0.4362 -0.0000 -0.8998
vn 0.0645 -0.0000 0.9979
vn 0.9185 -0.0000 -0.3954
vn 0.2391 -0.9417 0.2369
vn 0.2391 0.9417 0.2369
vn 0.4373 -0.0000 0.8993
vn -0.0367 -0.0000 -0.9993
vn -0.2132 -0.9417 0.2604
vn -0.2132 0.9417 0.2604
vn -0.9209 -0.0000 0.3898
vn -0.3539 -0.0000 0.9353
vn 0.9988 -0.0009 0.0491
vn 0.2223 -0.9453 -0.2387
vn 0.2223 0.9453 -0.2387
vn -0.9318 -0.0000 -0.3629
vn 0.0754 -0.0000 0.9972
vn 0.4018 -0.0000 -0.9157
vn -0.9354 -0.0000 -0.3536
vn 0.9213 -0.0000 -0.3888
vn -0.9964 0.0008 -0.0843
vn 0.3706 -0.0000 0.9288
vn -0.9102 0.3656 -0.1945
vn 0.1800 -0.6394 0.7475
vn -0.1285 -0.9304 0.3433
vn 0.0001 -0.8818 -0.4716
vn 0.0001 0.9835 -0.1808
vn 0.6974 0.4825 0.5299
vn 0.5731 -0.4256 -0.7003
vn 0.0550 -0.7750 -0.6295
vn 0.8292 0.5172 -0.2121
vn -0.5905 -0.5492 0.5913
vn 0.9173 0.3514 -0.1873
vn 0.1283 -0.9304 0.3433
vn -0.6973 0.4828 0.5298
vn -0.5733 -0.4249 -0.7006
vn -0.0554 -0.7749 -0.6296
vn -0.8290 0.5175 -0.2121
vn 0.8311 -0.3512 0.4312
vn -0.5747 0.1912 -0.7957
vn -0.7416 -0.0048 0.6708
vn 0.0001 -0.9640 0.2660
vn -0.0000 0.7669 0.6418
vn -0.8868 -0.4544 -0.0842
vn 0.7418 -0.0046 0.6706
vn 0.5750 0.1909 -0.7956
vn 0.6036 -0.5327 -0.5932
vn -0.9162 0.3567 0.1825
vn -0.0000 -0.8731 0.4876
vn -0.1324 -0.9309 -0.3405
vn 0.6980 0.4798 -0.5317
vn -0.0000 0.9829 0.1843
vn 0.5745 -0.4239 0.7002
vn 0.0607 -0.7725 0.6321
vn 0.8299 0.5163 0.2116
vn -0.5800 0.2085 0.7875
vn 0.7675 -0.6108 -0.1945
vn -0.7430 -0.0148 -0.6692
vn -0.0001 -0.9678 -0.2518
vn -0.0000 0.7677 -0.6408
vn -0.8231 -0.3753 -0.4262
vn 0.5776 0.2024 0.7908
vn 0.1323 -0.9309 -0.3406
vn -0.6981 0.4794 -0.5319
vn 0.7430 -0.0151 -0.6691
vn 0.9136 0.3617 0.1859
vn -0.1961 -0.6540 -0.7307
vn -0.5745 -0.4242 0.7000
vn -0.0608 -0.7723 0.6323
vn -0.8302 0.5158 0.2117
vn -0.0933 0.6094 -0.7874
vn -0.7197 -0.2802 0.6353
vn -0.0010 -0.8962 0.4437
vn 0.6465 -0.6819 -0.3421
vn 0.0777 0.9361 -0.3432
vn -0.0216 0.8983 0.4388
vn 0.6618 0.2685 0.6999
vn 0.6863 -0.6086 0.3982
vn 0.0672 0.9147 0.3984
vn -0.2627 0.6061 0.7507
vn 0.7157 0.2214 -0.6624
vn -0.7136 -0.1945 -0.6730
vn -0.0922 -0.8876 -0.4513
vn 0.0208 0.8852 -0.4647
vn 0.6569 -0.1774 0.7328
vn 0.5069 0.8114 -0.2909
vn -0.6537 0.3471 0.6725
vn -0.7741 -0.5312 0.3444
vn 0.1197 0.9279 0.3530
vn 0.2989 0.8206 0.4871
vn 0.6717 -0.4017 -0.6224
vn -0.5915 0.4176 -0.6897
vn -0.8117 -0.4410 -0.3830
vn 0.1550 0.9098 -0.3851
vn 0.6569 -0.1775 0.7328
vn 0.5069 0.8112 -0.2916
vn -0.0922 -0.8876 -0.4514
vn -0.0214 0.8984 0.4388
vn -0.6537 0.3472 0.6724
vn 0.2980 0.8208 0.4874
vn 0.6717 -0.4015 -0.6226
vn -0.5916 0.4175 -0.6898
vn -0.8116 -0.4412 -0.3830
vn 0.1550 0.9097 -0.3851
vn -0.2636 0.6073 0.7495
vn 0.7157 0.2214 -0.6623
vn 0.6466 -0.6818 -0.3421
vn 0.0777 0.9360 -0.3432
vn -0.7138 -0.1943 -0.6728
vn 0.6619 0.2691 0.6997
vn -0.0871 0.6127 -0.7855
vn 0.6866 -0.6081 0.3985
vn 0.0677 0.9147 0.3985
vn -0.7195 -0.2802 0.6355
vn -0.6040 -0.6228 0.4972
vn 0.9663 0.2403 -0.0928
vn -0.0506 -0.9145 -0.4013
vn 0.3419 -0.7838 0.5184
vn -0.9017 0.2471 0.3547
vn -0.1780 0.9061 -0.3837
vn -0.1551 -0.7650 -0.6251
vn 0.2456 -0.7795 -0.5763
vn -0.9272 0.1001 -0.3610
vn 0.7142 0.4023 -0.5727
vn -0.9717 -0.1755 0.1583
vn 0.7691 0.0111 0.6390
vn -0.0110 -0.8950 0.4460
vn -0.1042 0.9025 0.4178
vn 0.9687 0.0342 0.2460
vn -0.6404 -0.3214 -0.6976
vn 0.0073 -0.8957 0.4446
vn 0.0910 0.9045 0.4167
vn -0.6593 -0.3127 0.6838
vn -0.9751 0.0193 -0.2211
vn 0.6391 -0.3176 0.7004
vn 0.6588 -0.3185 -0.6816
vn 0.0595 -0.9128 -0.4040
vn 0.1869 0.9028 -0.3874
vn -0.7210 0.6328 -0.2823
vn 0.0557 -0.7247 0.6868
vn -0.3389 -0.7828 0.5219
vn 0.9018 0.2452 0.3558
vn 0.1536 -0.7632 -0.6277
vn -0.2445 -0.7787 -0.5778
vn 0.9263 0.0987 -0.3635
vn 0.6627 -0.6568 0.3598
vn -0.7004 -0.0405 -0.7126
vn -0.7692 0.0045 0.6390
vn 0.6021 -0.6217 -0.5009
vn -0.9663 0.2381 0.0975
vn 0.0513 -0.9151 0.4000
vn -0.3438 -0.7834 -0.5177
vn 0.8999 0.2489 -0.3579
vn 0.1801 0.9062 0.3827
vn 0.1548 -0.7650 0.6252
vn -0.2455 -0.7794 0.5764
vn 0.9271 0.0999 0.3612
vn -0.7118 0.4014 0.5764
vn 0.9719 -0.1740 -0.1586
vn -0.7716 0.0111 -0.6360
vn 0.0094 -0.8936 -0.4488
vn 0.1005 0.9032 -0.4172
vn 0.8672 -0.0409 -0.4963
vn -0.9672 -0.2028 0.1531
vn -0.0060 -0.8955 -0.4450
vn -0.0878 0.9057 -0.4146
vn 0.6404 -0.3217 0.6975
vn -0.8704 -0.0403 0.4908
vn 0.9594 -0.0668 -0.2739
vn -0.0601 -0.9133 0.4028
vn -0.1889 0.9028 0.3864
vn -0.6387 -0.3183 -0.7005
vn 0.7814 0.4259 -0.4561
vn -0.9551 -0.2762 0.1072
vn 0.3431 -0.7816 -0.5210
vn -0.9006 0.2487 -0.3565
vn 0.6980 -0.0422 0.7149
vn -0.6544 -0.6550 0.3778
vn 0.9595 0.2632 0.1006
vn 0.2445 -0.7787 0.5779
vn -0.9263 0.0987 0.3635
vn -0.0584 -0.7307 -0.6802
vn -0.5699 0.3737 -0.7318
vn -0.3635 -0.7613 0.5369
vn -0.2656 -0.8519 0.4514
vn -0.0115 -0.9272 -0.3744
vn 0.2055 0.9145 -0.3484
vn 0.9106 0.3156 0.2667
vn 0.1478 -0.7579 -0.6354
vn -0.2451 -0.7761 -0.5811
vn 0.9229 0.0988 -0.3721
vn 0.4673 -0.3599 0.8075
vn -0.5632 -0.4158 -0.7140
vn -0.7696 0.0059 0.6385
vn -0.0621 -0.9202 0.3865
vn 0.0134 0.9279 0.3726
vn -0.9099 0.0010 -0.4148
vn 0.5219 -0.3197 0.7908
vn 0.0750 -0.9496 -0.3043
vn -0.1166 0.9467 -0.3002
vn 0.6622 -0.3096 -0.6824
vn 0.9083 0.0028 0.4182
vn -0.5227 -0.3168 -0.7915
vn -0.6576 -0.3134 0.6851
vn -0.0100 -0.8921 0.4518
vn -0.0999 0.9019 0.4203
vn 0.3720 0.0324 -0.9277
vn -0.4065 -0.6924 0.5961
vn 0.2563 -0.8562 0.4486
vn -0.9068 0.3225 0.2714
vn 0.7671 0.0100 0.6414
vn -0.0544 -0.4430 0.8949
vn 0.8216 0.1760 -0.5422
vn -0.1488 -0.7582 -0.6348
vn 0.2477 -0.7759 -0.5802
vn -0.9240 0.1011 -0.3689
vn 0.5908 0.2457 0.7685
vn -0.3365 0.4102 -0.8476
vn 0.0843 -0.9110 -0.4037
vn 0.6325 -0.7668 0.1096
vn -0.2070 0.9517 0.2268
vn 0.0012 0.9314 -0.3641
vn -0.7176 -0.1133 0.6872
vn -0.0842 -0.9110 0.4037
vn -0.0010 0.9314 0.3641
vn -0.5908 0.2457 -0.7685
vn 0.3374 0.4100 0.8474
vn -0.6325 -0.7668 -0.1096
vn 0.2070 0.9517 -0.2268
vn 0.7177 -0.1134 -0.6870
vn -0.7673 -0.2600 -0.5863
vn -0.0120 0.6657 0.7461
vn 0.7426 0.1560 -0.6513
vn 0.7238 -0.6383 -0.2621
vn -0.1755 0.9174 -0.3573
vn 0.7673 -0.2602 0.5862
vn 0.0132 0.6649 -0.7468
vn -0.7426 0.1558 0.6514
vn -0.7238 -0.6384 0.2620
vn 0.1756 0.9174 0.3573
vn -0.9011 -0.0000 0.4337
vn 0.4083 -0.8165 0.4082
vn -0.2525 -0.9405 0.2275
vn -0.2525 0.9405 0.2275
vn 0.4083 0.8165 0.4082
vn 0.3303 -0.0000 -0.9439
vn 0.2525 -0.9405 -0.2275
vn 0.2525 0.9405 -0.2275
vn -0.3303 -0.0000 0.9439
vn 0.9010 -0.0000 -0.4338
vn -0.7071 -0.0000 -0.7071
vn -0.4082 -0.8165 -0.4082
vn -0.4082 0.8166 -0.4082
vn -0.1899 0.9818 -0.0000
vn -0.7105 -0.7037 -0.0000
vn -0.3528 -0.0000 -0.9357
vn 0.2876 0.1921 -0.9383
vn 0.2877 0.1921 0.9383
vn -0.3528 -0.0000 0.9357
vn 0.8315 -0.5556 -0.0000
vn 0.4194 -0.0000 -0.9078
vn 0.4195 -0.0000 0.9078
vn -0.7106 0.7036 -0.0000
vn -0.1899 -0.9818 -0.0003
vn 0.2876 -0.1922 -0.9383
vn 0.2876 -0.1922 0.9383
vn 0.8315 0.5555 -0.0001
vn 0.1910 -0.9816 -0.0003
vn 0.3883 0.9215 -0.0002
vn -0.9808 0.1951 -0.0001
vn -0.3410 -0.2011 -0.9183
vn -0.3411 -0.2011 0.9183
vn 0.3880 -0.9216 -0.0000
vn 0.1908 0.9816 -0.0000
vn -0.9808 -0.1952 -0.0001
vn -0.3412 0.2009 -0.9183
vn -0.3412 0.2009 0.9183
vn -0.8290 0.5592 -0.0001
vn -0.0049 -1.0000 -0.0001
vn -0.0000 0.2580 -0.9661
vn -0.0000 0.2580 0.9661
vn 0.9808 0.1949 -0.0000
vn -0.8286 -0.5599 0.0001
vn 0.9807 -0.1953 -0.0000
vn -0.0000 -0.2581 -0.9661
vn -0.0000 -0.2581 0.9661
vn -0.0050 1.0000 -0.0000
vn 0.8286 -0.5598 0.0001
vn -0.3779 0.9259 0.0002
vn -0.8316 -0.5553 0.0001
vn -0.0000 -0.4191 -0.9079
vn -0.0000 -0.4191 0.9079
vn 0.8290 0.5593 -0.0000
vn -0.8317 0.5553 -0.0000
vn -0.0000 0.4192 -0.9079
vn -0.0000 0.4192 0.9079
vn -0.3776 -0.9260 -0.0000
vn 0.3781 0.9258 0.0002
vn -0.8283 -0.5603 0.0001
vn 0.3411 -0.2010 -0.9183
vn 0.3412 -0.2010 0.9182
vn 0.8316 -0.5554 0.0001
vn -0.8287 0.5596 -0.0000
vn 0.3776 -0.9260 -0.0000
vn 0.3412 0.2009 -0.9183
vn 0.3413 0.2009 0.9182
vn 0.8316 0.5553 -0.0000
vn 0.0048 -1.0000 -0.0001
vn 0.8290 0.5593 -0.0001
vn -0.9808 0.1949 -0.0000
vn -0.2876 0.1921 -0.9383
vn -0.2876 0.1921 0.9383
vn 0.8285 -0.5600 0.0001
vn 0.0050 1.0000 -0.0000
vn -0.9807 -0.1953 -0.0000
vn -0.2876 -0.1922 -0.9383
vn -0.2876 -0.1922 0.9383
vn -0.3879 0.9217 -0.0001
vn -0.1901 -0.9818 -0.0000
vn 0.3528 -0.0000 -0.9357
vn 0.3528 -0.0000 0.9357
vn 0.9808 0.1952 -0.0000
vn -0.1901 0.9818 -0.0000
vn -0.3878 -0.9218 -0.0000
vn 0.9808 -0.1953 -0.0001
vn 0.1889 0.9820 -0.0000
vn -0.8315 -0.5555 -0.0000
vn -0.4195 -0.0000 -0.9078
vn -0.4195 -0.0000 0.9077
vn 0.7104 -0.7038 -0.0000
vn 0.1890 -0.9820 -0.0001
vn 0.7105 0.7037 -0.0000
vn -0.8316 0.5554 -0.0000
vn 1.0000 -0.0095 -0.0000
vn -0.3626 0.9320 -0.0000
vn 0.1915 0.2862 -0.9388
vn 0.2215 -0.2364 -0.9461
vn 0.2215 -0.2364 0.9461
vn 0.1915 0.2862 0.9388
vn -0.9266 -0.3761 -0.0000
vn -0.2340 -0.2365 -0.9430
vn -0.2340 -0.2365 0.9430
vn -0.1426 0.9898 -0.0000
vn -0.3846 -0.9231 -0.0000
vn -0.3465 0.0861 -0.9341
vn -0.3464 0.0861 0.9341
vn 0.9690 -0.2471 -0.0000
vn -0.9979 -0.0655 -0.0000
vn 0.9155 -0.4022 -0.0000
vn 0.3805 0.9248 -0.0000
vn -0.1816 0.2897 -0.9397
vn -0.1816 0.2898 0.9397
vn -0.6407 0.7678 -0.0000
vn 0.1394 -0.9902 0.0001
vn 0.8516 0.5242 -0.0000
vn 0.3889 -0.0886 -0.9170
vn 0.3889 -0.0886 0.9170
vn 0.1428 0.9898 0.0002
vn -0.9687 -0.2484 -0.0000
vn 0.3468 0.0860 -0.9340
vn 0.3467 0.0860 0.9340
vn 0.3895 -0.9210 -0.0000
vn 0.2579 -0.9662 -0.0000
vn 0.6545 0.7561 0.0002
vn -0.1834 0.3204 -0.9293
vn -0.1834 0.3204 0.9293
vn -0.9922 -0.1248 -0.0000
vn -0.1422 -0.9898 0.0001
vn 0.6423 0.7665 -0.0000
vn -0.8518 0.5238 -0.0000
vn -0.3893 -0.0880 -0.9169
vn -0.3893 -0.0880 0.9169
vn 0.1137 0.9935 -0.0000
vn -0.6634 -0.7483 0.0001
vn 0.9661 -0.2581 -0.0000
vn 0.1567 -0.3945 -0.9055
vn 0.1567 -0.3945 0.9055
vn -0.6541 0.7564 -0.0001
vn -0.2575 -0.9663 -0.0000
vn 0.1665 0.3171 -0.9337
vn 0.1664 0.3171 0.9337
vn 0.9921 -0.1255 -0.0000
vn -0.5481 -0.8364 -0.0000
vn 1.0000 -0.0064 -0.0000
vn -0.8232 0.5678 -0.0000
vn 0.6640 -0.7478 0.0001
vn -0.1103 0.9939 0.0001
vn -0.9666 -0.2564 -0.0000
vn -0.1418 -0.4003 -0.9054
vn -0.1418 -0.4002 0.9054
vn 0.8067 0.5909 -0.0000
vn -1.0000 -0.0065 -0.0000
vn 0.5710 -0.8210 -0.0000
vn 0.0001 -1.0000 -0.0000
vn 0.9803 0.1974 -0.0000
vn 0.0001 -0.6781 -0.7349
vn -0.0000 -0.6781 0.7349
vn 0.1841 -0.1841 0.9655
vn -0.9805 0.1968 -0.0000
vn -0.3103 -0.3104 -0.8985
vn -0.3104 -0.3104 0.8985
vn -0.3826 0.9239 -0.0000
vn -0.7071 -0.7071 -0.0000
vn -0.1841 0.1842 -0.9655
vn -0.1842 0.1842 0.9655
vn 0.9239 -0.3827 -0.0000
vn 0.1968 -0.9804 -0.0000
vn 0.1973 0.9804 -0.0001
vn -1.0000 0.0001 -0.0001
vn -0.6780 0.0001 -0.7350
vn -0.6782 0.0001 0.7349
vn -0.9239 0.3826 -0.0000
vn 0.3825 -0.9239 -0.0000
vn 0.3103 0.3104 -0.8985
vn 0.3103 0.3104 0.8985
vn -0.1971 0.9804 -0.0001
vn -0.1971 -0.9804 -0.0001
vn 1.0000 -0.0000 -0.0000
vn 0.6781 -0.0000 -0.7350
vn 0.6781 -0.0000 0.7350
vn -0.9806 -0.1962 -0.0000
vn 0.9806 -0.1960 -0.0000
vn -0.0001 1.0000 -0.0000
vn -0.0001 0.6781 -0.7349
vn -0.0000 0.6781 0.7349
vn -0.7073 -0.7069 -0.0000
vn 0.9933 -0.1153 -0.0000
vn 0.3007 -0.3614 -0.8826
vn -0.4082 -0.4080 -0.8166
vn -0.4082 -0.4080 0.8166
vn 0.3007 -0.3615 0.8826
vn -0.6199 0.7847 -0.0000
vn -0.3007 0.3614 -0.8826
vn -0.3007 0.3614 0.8826
vn 0.7074 0.7068 -0.0000
vn -0.9934 0.1149 -0.0000
vn 0.4082 0.4080 -0.8167
vn 0.4082 0.4080 0.8167
vn 0.6199 -0.7847 -0.0000
vn 0.9791 0.2036 -0.0000
vn -0.9507 0.3100 -0.0000
vn -0.3653 -0.1455 -0.9194
vn 0.3295 -0.3653 -0.8706
vn 0.3295 -0.3653 0.8706
vn -0.3653 -0.1455 0.9194
vn -0.1167 -0.9932 -0.0000
vn -0.0765 -0.6517 -0.7546
vn -0.0765 -0.6517 0.7546
vn -0.8352 -0.5500 -0.0000
vn 0.6423 -0.7665 -0.0000
vn 0.2881 0.9576 -0.0000
vn -0.3297 0.3636 -0.8712
vn -0.3297 0.3636 0.8712
vn 0.8352 0.5500 -0.0000
vn -0.6423 0.7664 -0.0000
vn 0.3761 0.1180 -0.9191
vn 0.3760 0.1180 0.9191
vn -0.2885 -0.9575 -0.0000
vn -0.9784 -0.2068 -0.0000
vn 0.9312 -0.3644 -0.0000
vn 0.1708 0.9853 -0.0000
vn 0.1095 0.6328 -0.7665
vn 0.1094 0.6328 0.7665
vn 0.9790 0.2038 -0.0000
vn -0.0765 -0.6516 -0.7547
vn -0.0765 -0.6516 0.7547
vn -0.8351 -0.5500 -0.0000
vn 0.2885 0.9575 -0.0000
vn 0.3760 0.1180 -0.9191
vn -0.2888 -0.9574 -0.0000
vn -0.9783 -0.2070 -0.0000
vn 0.1095 0.6328 -0.7666
vn 0.1095 0.6328 0.7666
vn -0.9805 -0.1963 -0.0000
vn 0.9802 -0.1978 -0.0000
vn 0.1842 0.1840 -0.9655
vn -0.3103 0.3104 -0.8985
vn -0.3103 0.3104 0.8985
vn 0.1842 0.1840 0.9655
vn -0.0000 1.0000 -0.0000
vn -0.0001 0.6780 -0.7350
vn -0.0000 0.6780 0.7350
vn 0.9240 0.3825 -0.0000
vn -0.7073 0.7069 -0.0000
vn -0.3825 -0.9240 -0.0001
vn -0.1842 -0.1841 -0.9655
vn -0.1842 -0.1842 0.9655
vn 0.1965 -0.9805 -0.0000
vn 0.1975 0.9803 -0.0000
vn -1.0000 -0.0002 0.0001
vn -0.6782 -0.0001 -0.7349
vn -0.6781 -0.0001 0.7350
vn 0.3825 0.9240 -0.0001
vn -0.9238 -0.3828 -0.0000
vn 0.3103 -0.3105 -0.8985
vn 0.3104 -0.3105 0.8985
vn 0.9807 0.1956 -0.0000
vn -0.9805 0.1967 0.0001
vn -0.0000 -1.0000 -0.0000
vn -0.0001 -0.6783 -0.7348
vn -0.0000 -0.6783 0.7348
vn -0.1968 0.9805 -0.0000
vn -0.1973 -0.9803 -0.0002
vn 1.0000 0.0001 -0.0000
vn 0.6782 0.0001 -0.7349
vn 0.6782 0.0001 0.7349
vn -0.0000 0.6780 -0.7350
vn -0.3825 -0.9240 -0.0000
vn -0.1842 -0.1841 0.9655
vn 0.1966 -0.9805 -0.0001
vn 0.1972 0.9804 -0.0000
vn -1.0000 -0.0001 -0.0000
vn -0.6782 -0.0001 0.7349
vn 0.3825 0.9240 -0.0000
vn -0.9239 -0.3828 -0.0000
vn -0.1968 0.9804 -0.0000
vn -0.1968 -0.9804 0.0001
vn 0.6782 -0.0000 0.7349
vn 0.9804 0.1968 -0.0000
vn -0.9803 0.1973 -0.0000
vn -0.0001 -1.0000 -0.0000
vn -0.0001 -0.6782 -0.7349
vn -0.0001 -0.6782 0.7349
vn 0.9993 -0.0363 -0.0000
vn -0.6716 0.7409 -0.0000
vn -0.3997 0.4405 -0.8039
vn 0.3802 0.4392 -0.8140
vn 0.3802 0.4392 0.8140
vn -0.3997 0.4405 0.8039
vn -0.7289 -0.6846 -0.0000
vn -0.3924 -0.3688 -0.8426
vn -0.3924 -0.3688 0.8426
vn 0.6545 0.7561 -0.0000
vn -0.9994 0.0335 -0.0000
vn 0.7448 -0.6672 -0.0000
vn 0.4136 -0.3699 -0.8319
vn 0.4136 -0.3699 0.8319
vn -0.3508 -0.8178 0.4562
vn 0.2816 0.6486 0.7071
vn 0.9122 0.0518 0.4065
vn 0.7564 -0.6125 0.2295
vn -0.9656 0.1262 0.2271
vn -0.5907 0.6963 0.4078
vn 0.1223 0.2779 -0.9528
vn 0.9659 -0.1290 -0.2247
vn -0.7586 0.6107 -0.2269
vn -0.1209 -0.2815 0.9519
vn 0.3527 0.8155 -0.4588
vn -0.2758 -0.6511 -0.7071
vn 0.5882 -0.6971 -0.4099
vn -0.9112 -0.0546 -0.4083
vn -0.3506 -0.8179 0.4561
vn 0.2815 0.6486 0.7071
vn 0.9122 0.0519 0.4065
vn 0.7565 -0.6124 0.2294
vn 0.1223 0.2781 -0.9527
vn 0.9658 -0.1290 -0.2248
vn -0.7586 0.6108 -0.2269
vn -0.1208 -0.2818 0.9519
vn 0.3529 0.8154 -0.4589
vn -0.2758 -0.6510 -0.7072
vn -0.9112 -0.0544 -0.4083
vn 0.0075 0.0016 -1.0000
vn -0.1186 -0.9094 0.3988
vn 0.6919 -0.7182 0.0740
vn 0.8168 -0.5446 0.1906
vn -0.8153 0.5653 -0.1249
vn -0.8199 0.5011 0.2768
vn 0.3359 0.8019 0.4940
vn 0.9198 -0.1283 0.3708
vn -0.9517 -0.0197 0.3063
vn -0.2706 0.4526 0.8497
vn 0.1135 0.7307 -0.6732
vn 0.9198 0.1283 -0.3709
vn -0.9518 0.0196 -0.3062
vn 0.0635 -0.9627 -0.2629
vn -0.2706 -0.4536 -0.8491
vn 0.1136 -0.7307 0.6732
vn 0.0632 0.9626 0.2634
vn 0.8168 0.5446 -0.1907
vn -0.8150 -0.5658 0.1248
vn 0.0075 -0.0016 1.0000
vn -0.1188 0.9094 -0.3986
vn 0.6919 0.7182 -0.0742
vn -0.8199 -0.5011 -0.2768
vn 0.3358 -0.8020 -0.4940
vn 0.0081 0.0017 -1.0000
vn -0.1183 -0.9094 0.3988
vn 0.6919 -0.7182 0.0737
vn 0.8165 -0.5448 0.1909
vn -0.8147 0.5664 -0.1247
vn -0.8199 0.5011 0.2770
vn 0.3373 0.8012 0.4943
vn 0.9198 -0.1282 0.3709
vn -0.9518 -0.0193 0.3062
vn -0.2708 0.4548 0.8484
vn 0.1133 0.7308 -0.6731
vn 0.9197 0.1287 -0.3710
vn -0.9518 0.0193 -0.3062
vn 0.0620 -0.9624 -0.2643
vn -0.2700 -0.4536 -0.8493
vn 0.1138 -0.7304 0.6734
vn 0.0621 0.9624 0.2643
vn 0.8165 0.5449 -0.1908
vn -0.8147 -0.5664 0.1247
vn 0.0080 -0.0017 1.0000
vn -0.1185 0.9093 -0.3989
vn 0.6918 0.7183 -0.0740
vn -0.8199 -0.5011 -0.2769
vn 0.3371 -0.8012 -0.4945
vn 0.5946 -0.7173 0.3631
vn -0.3960 0.9064 -0.1470
vn 0.8897 -0.0002 -0.4565
vn 0.8527 0.1611 0.4969
vn -0.3258 -0.7986 0.5060
vn -0.9851 -0.0002 -0.1722
vn 0.7212 -0.1509 -0.6761
vn 0.5925 -0.0190 -0.8054
vn -0.2856 -0.9408 -0.1823
vn 0.3820 -0.8601 -0.3379
vn 0.0049 0.7504 0.6610
vn 0.9681 -0.0001 0.2504
vn -0.7746 -0.0003 0.6325
vn -0.1794 0.5937 -0.7844
vn 0.2200 0.7700 0.5989
vn -0.1791 -0.5946 -0.7839
vn 0.8527 -0.1612 0.4969
vn -0.3258 0.7986 0.5060
vn 0.0050 -0.7507 0.6607
vn -0.4078 -0.8994 -0.1576
vn 0.7851 -0.1122 0.6091
vn 0.7212 0.1510 -0.6760
vn 0.5924 0.0189 -0.8054
vn -0.2856 0.9409 -0.1823
vn -0.4077 -0.9030 0.1354
vn 0.7207 0.1530 0.6762
vn 0.5891 0.0255 0.8077
vn 0.8809 -0.0000 0.4732
vn -0.9845 -0.0000 0.1754
vn -0.2845 0.9412 0.1823
vn 0.7990 -0.0994 -0.5931
vn 0.8535 -0.1664 -0.4938
vn -0.3225 0.7992 -0.5072
vn -0.1988 -0.5983 0.7762
vn 0.8117 0.5576 -0.1739
vn 0.0144 -0.7518 -0.6592
vn 0.9717 -0.0000 -0.2361
vn -0.7756 -0.0000 -0.6312
vn 0.2413 -0.7632 -0.5994
vn -0.1924 0.5960 0.7795
vn 0.8535 0.1664 -0.4938
vn -0.3227 -0.7992 -0.5070
vn 0.0143 0.7518 -0.6592
vn -0.4094 0.9008 0.1444
vn 0.7988 0.0993 -0.5934
vn 0.7202 -0.1528 0.6767
vn 0.5890 -0.0255 0.8077
vn -0.2845 -0.9411 0.1825
vn -0.5535 -0.8327 -0.0150
vn 0.0842 0.6916 -0.7173
vn 0.7842 0.1928 -0.5898
vn 0.1220 -0.0052 0.9925
vn -0.2828 -0.9543 0.0969
vn -0.7096 0.6676 -0.2253
vn 0.8588 0.4965 0.1262
vn 0.0942 -0.0054 -0.9955
vn -0.2920 -0.9434 -0.1570
vn -0.0473 0.9682 -0.2455
vn 0.6102 -0.0710 -0.7890
vn 0.7568 0.5700 0.3199
vn 0.7420 0.2406 0.6257
vn -0.6011 0.7699 0.2144
vn 0.0240 0.9984 -0.0506
vn 0.6670 -0.0711 0.7416
vn 0.1224 -0.0152 -0.9924
vn 0.7410 0.2448 -0.6254
vn -0.5984 0.7705 -0.2197
vn -0.2805 -0.9540 -0.1058
vn 0.7705 0.5380 0.3418
vn 0.7848 0.1916 0.5894
vn -0.7118 0.6659 0.2235
vn -0.4720 -0.8089 -0.3506
vn 0.1239 0.6978 0.7055
vn 0.0943 -0.0054 0.9955
vn -0.2918 -0.9435 0.1568
vn 0.8448 0.4976 0.1969
vn -0.0607 0.3338 -0.9407
vn -0.1048 -0.8054 0.5834
vn 0.8907 -0.3829 0.2452
vn 0.7453 0.2573 -0.6151
vn -0.6784 0.6893 -0.2542
vn -0.9237 -0.2682 0.2735
vn 0.6980 0.3961 0.5966
vn 0.6706 0.2491 0.6988
vn -0.5511 0.7522 0.3613
vn 0.3578 -0.2290 0.9053
vn 0.6393 0.5641 -0.5225
vn 0.0001 -0.7182 -0.6959
vn 0.8285 -0.4022 -0.3897
vn -0.8284 -0.4023 -0.3897
vn 0.3155 0.7441 0.5889
vn -0.9423 0.1187 -0.3131
vn 0.7951 -0.5940 0.1223
vn 0.9157 -0.1045 0.3880
vn -0.9383 0.0106 0.3458
vn -0.8518 0.4969 -0.1659
vn -0.1186 -0.9096 0.3981
vn 0.6922 -0.7180 0.0735
vn -0.8200 0.5009 0.2768
vn -0.1547 -0.3415 -0.9271
vn -0.5050 0.4570 0.7322
vn 0.1134 0.7310 -0.6729
vn 0.9157 0.1045 -0.3880
vn -0.9382 -0.0106 -0.3458
vn -0.1547 0.3416 0.9270
vn -0.5049 -0.4568 -0.7324
vn 0.7951 0.5940 -0.1223
vn -0.8519 -0.4968 0.1659
vn 0.1134 -0.7310 0.6729
vn 0.3155 -0.7441 -0.5889
vn -0.9422 -0.1193 0.3131
vn -0.1187 0.9096 -0.3982
vn 0.6921 0.7180 -0.0736
vn -0.8200 -0.5010 -0.2768
vn -0.0822 0.2581 0.9626
vn -0.7350 0.3286 -0.5931
vn 0.9555 0.2658 0.1278
vn 0.9072 0.4057 0.1111
vn -0.9491 -0.1130 0.2940
vn -0.9733 -0.1611 -0.1637
vn 0.1043 -0.8305 0.5471
vn 0.9313 -0.2569 0.2582
vn -0.9054 -0.3614 0.2228
vn -0.2780 -0.2528 0.9267
vn 0.3341 0.8899 -0.3106
vn -0.0000 -0.7206 -0.6934
vn 0.8264 -0.4057 -0.3904
vn -0.8264 -0.4058 -0.3904
vn 0.0050 0.0542 -0.9985
vn -0.0763 -0.7437 0.6641
vn 0.8078 -0.4747 0.3495
vn 0.8885 0.2983 -0.3486
vn -0.8083 0.4742 -0.3490
vn -0.8881 -0.2989 0.3491
vn 0.0736 0.7027 0.7076
vn 0.8548 0.3209 0.4079
vn -0.7707 0.4893 0.4082
vn -0.0056 -0.0548 0.9985
vn 0.0779 0.7435 -0.6641
vn -0.0720 -0.7029 -0.7076
vn 0.7701 -0.4898 -0.4088
vn -0.8543 -0.3215 -0.4084
vn -0.0000 0.7068 0.7074
vn -0.0000 0.0907 -0.9959
vn 0.8715 0.3728 -0.3185
vn 0.8167 0.4078 0.4083
vn -0.8167 0.4078 0.4083
vn -0.8715 0.3728 -0.3185
vn -0.0000 -0.7703 0.6377
vn 0.8715 -0.3728 0.3185
vn -0.8715 -0.3728 0.3185
vn -0.0000 -0.0907 0.9959
vn -0.0000 0.7703 -0.6377
vn -0.0000 -0.7068 -0.7074
vn 0.8167 -0.4078 -0.4083
vn -0.8167 -0.4078 -0.4083
vn -0.0684 -0.1512 0.9861
vn -0.7426 -0.1564 -0.6512
vn -0.7238 0.6383 -0.2623
vn -0.5895 0.8056 0.0592
vn 0.2842 -0.9421 0.1779
vn 0.1756 -0.9174 -0.3572
vn 0.8255 0.2776 -0.4914
vn -0.1136 0.9173 -0.3817
vn -0.0313 -0.9443 -0.3276
vn 0.3711 -0.1930 -0.9083
vn 0.7180 0.1138 0.6867
vn 0.1139 0.9172 0.3818
vn 0.0317 -0.9443 0.3276
vn -0.8842 -0.1035 0.4554
vn -0.3698 -0.1928 0.9089
vn -0.7177 0.1138 -0.6870
vn 0.8842 -0.1032 -0.4555
vn 0.5894 0.8057 -0.0592
vn -0.2842 -0.9421 -0.1778
vn 0.0691 -0.1527 -0.9859
vn 0.7426 -0.1568 0.6511
vn 0.7240 0.6379 0.2625
vn -0.1756 -0.9174 0.3572
vn -0.8255 0.2772 0.4917
vn 0.9010 -0.0000 0.4338
vn -0.4082 0.8165 0.4082
vn 0.2525 0.9405 0.2275
vn 0.2525 -0.9405 0.2275
vn -0.4082 -0.8166 0.4082
vn -0.3303 -0.0000 -0.9439
vn -0.2525 0.9405 -0.2275
vn -0.2525 -0.9405 -0.2275
vn 0.3303 -0.0000 0.9439
vn -0.9011 -0.0000 -0.4337
vn 0.0682 -0.1508 -0.9862
vn 0.7426 -0.1570 0.6510
vn 0.7240 0.6379 0.2626
vn 0.5899 0.8053 -0.0593
vn -0.2844 -0.9420 -0.1780
vn -0.1756 -0.9174 0.3571
vn -0.8256 0.2779 0.4910
vn 0.1140 0.9171 0.3819
vn 0.0314 -0.9443 0.3276
vn -0.0685 -0.1512 0.9861
vn -0.7237 0.6383 -0.2623
vn -0.5894 0.8056 0.0592
vn 0.1755 -0.9174 -0.3572
vn -0.1138 0.9172 -0.3818
vn -0.0315 -0.9443 -0.3276
vn -0.3699 -0.1947 0.9085
vn -0.7179 0.1136 -0.6869
vn 0.8842 -0.1045 -0.4553
vn -0.8843 -0.1035 0.4554
vn 0.8868 0.4549 -0.0821
vn -0.7417 0.0049 0.6707
vn 0.0001 0.9640 0.2658
vn -0.1285 0.9304 0.3432
vn 0.6974 -0.4826 0.5299
vn 0.0001 -0.7668 0.6418
vn -0.5749 -0.1914 -0.7956
vn 0.0001 0.8818 -0.4716
vn -0.0000 -0.9836 -0.1806
vn -0.8310 0.3510 0.4316
vn 0.5752 -0.1910 -0.7954
vn 0.1284 0.9304 0.3433
vn -0.6973 -0.4829 0.5297
vn 0.7419 0.0048 0.6705
vn 0.5904 0.5495 0.5911
vn -0.9173 -0.3504 -0.1891
vn 0.5730 0.4255 -0.7005
vn 0.0552 0.7749 -0.6296
vn 0.8291 -0.5172 -0.2123
vn 0.9095 -0.3664 -0.1963
vn -0.1807 0.6391 0.7476
vn -0.5731 0.4250 -0.7006
vn -0.0555 0.7748 -0.6297
vn -0.8290 -0.5175 -0.2123
vn -0.9134 -0.3631 0.1840
vn 0.1959 0.6534 -0.7312
vn -0.1323 0.9309 -0.3405
vn -0.0001 0.8730 0.4878
vn -0.0000 -0.9829 0.1842
vn 0.6980 -0.4797 -0.5317
vn 0.5749 0.4236 0.7001
vn 0.0608 0.7723 0.6324
vn 0.8299 -0.5163 0.2114
vn 0.8228 0.3760 -0.4262
vn -0.5777 -0.2028 0.7907
vn -0.7430 0.0147 -0.6691
vn -0.0001 0.9678 -0.2519
vn -0.0000 -0.7678 -0.6407
vn 0.5797 -0.2084 0.7877
vn -0.7689 0.6109 -0.1886
vn 0.1323 0.9308 -0.3406
vn -0.6981 -0.4794 -0.5318
vn 0.7430 0.0148 -0.6691
vn 0.9152 -0.3622 0.1765
vn -0.5748 0.4241 0.6999
vn -0.0607 0.7723 0.6324
vn -0.8301 -0.5160 0.2114
vn -0.1958 0.6538 -0.7309
vn 0.9941 0.0009 0.1088
vn -0.6786 0.2442 0.6927
vn -0.3643 0.7875 0.4971
vn 0.3503 0.7964 0.4930
vn 0.5159 -0.7544 0.4059
vn -0.5374 -0.7410 0.4025
vn -0.6622 0.2439 -0.7085
vn -0.3502 0.7964 -0.4930
vn -0.5158 -0.7545 -0.4058
vn 0.8096 0.0581 0.5841
vn -0.9753 0.0324 0.2185
vn 0.6787 0.2442 -0.6927
vn 0.3644 0.7875 -0.4971
vn 0.5375 -0.7410 -0.4025
vn -0.7167 -0.2225 0.6609
vn 0.2992 -0.7122 -0.6350
vn 0.0784 0.9071 -0.4136
vn -0.6486 0.6816 0.3388
vn -0.0706 -0.9380 0.3394
vn -0.0072 -0.8939 -0.4482
vn 0.7092 0.2369 0.6640
vn 0.0689 0.8744 0.4803
vn 0.0340 -0.8733 0.4860
vn 0.6396 0.1718 -0.7493
vn 0.1029 -0.6204 0.7775
vn -0.6600 -0.2748 -0.6992
vn -0.6921 0.6030 -0.3968
vn -0.0571 -0.9160 -0.3971
vn -0.5582 -0.7015 -0.4431
vn 0.6198 -0.4008 0.6747
vn 0.8200 0.4567 0.3450
vn -0.2111 -0.9118 0.3522
vn -0.7194 0.3570 0.5958
vn -0.3794 -0.8437 0.3799
vn -0.6503 0.4966 -0.5749
vn 0.5449 -0.4914 -0.6794
vn 0.8596 0.3481 -0.3740
vn -0.2615 -0.8902 -0.3731
vn -0.6299 0.2077 0.7484
vn -0.6044 -0.7776 -0.1732
vn 0.1235 0.8841 -0.4507
vn 0.0246 0.8973 0.4407
vn 0.0355 -0.8927 0.4493
vn -0.0146 -0.8724 -0.4887
vn 0.6179 -0.4107 0.6704
vn 0.8241 0.4526 0.3406
vn -0.2201 -0.9116 0.3470
vn -0.3636 -0.8377 0.4075
vn -0.6413 0.5012 -0.5809
vn 0.5437 -0.4903 -0.6812
vn 0.8592 0.3464 -0.3765
vn -0.2599 -0.8895 -0.3757
vn 0.2603 -0.5508 0.7931
vn -0.7170 -0.2271 -0.6590
vn -0.6512 0.6797 -0.3375
vn -0.0657 -0.9388 -0.3382
vn 0.7106 0.2427 -0.6605
vn -0.6585 -0.2754 0.7004
vn 0.0880 -0.5920 -0.8012
vn -0.6923 0.6023 0.3973
vn -0.0575 -0.9156 0.3979
vn 0.7131 0.3298 0.6186
vn 0.9984 -0.0411 -0.0377
vn -0.6769 0.2439 0.6945
vn -0.3645 0.7864 0.4987
vn 0.3900 0.8279 0.4032
vn 0.3901 -0.8272 0.4044
vn -0.5376 -0.7399 0.4045
vn -0.6605 0.2428 -0.7104
vn -0.3500 0.7955 -0.4947
vn -0.5155 -0.7542 -0.4068
vn 0.6950 0.0009 0.7190
vn -0.9702 0.1333 0.2021
vn 0.7109 -0.0000 -0.7033
vn 0.4085 0.8187 -0.4035
vn 0.4085 -0.8187 -0.4035
vn -0.7672 0.2601 0.5863
vn -0.0117 -0.6657 -0.7462
vn 0.6325 0.7668 -0.1096
vn 0.0843 0.9110 0.4037
vn 0.0012 -0.9314 0.3641
vn -0.2070 -0.9517 -0.2268
vn 0.7426 -0.1560 0.6513
vn 0.7238 0.6383 0.2620
vn -0.1755 -0.9174 0.3573
vn 0.7673 0.2601 -0.5862
vn 0.0131 -0.6648 0.7469
vn -0.6325 0.7668 0.1096
vn -0.0842 0.9110 -0.4037
vn -0.0010 -0.9314 -0.3640
vn 0.2070 -0.9517 0.2268
vn -0.7426 -0.1557 -0.6514
vn -0.7237 0.6385 -0.2619
vn 0.1755 -0.9174 -0.3573
vn 0.5907 -0.2457 -0.7685
vn -0.3365 -0.4102 0.8476
vn -0.7176 0.1133 -0.6872
vn -0.5908 -0.2457 0.7685
vn 0.3375 -0.4097 -0.8475
vn 0.7177 0.1133 0.6870
vn -0.1049 -0.3385 -0.9351
vn 0.7176 -0.3880 0.5784
vn 0.9008 0.3950 0.1805
vn 0.7987 0.6017 -0.0079
vn -0.5743 -0.8024 -0.1622
vn -0.5569 -0.7664 0.3201
vn -0.6491 0.6093 0.4555
vn 0.1730 0.9373 0.3024
vn -0.1478 -0.9452 0.2912
vn -0.3094 -0.1309 0.9419
vn -0.6712 0.4625 -0.5793
vn 0.1579 0.8881 -0.4317
vn -0.0574 -0.8899 -0.4526
vn 0.8588 -0.2302 -0.4577
vn 0.7032 -0.0466 0.7094
vn -0.9625 0.1882 -0.1955
vn -0.1730 0.9373 -0.3024
vn 0.1480 -0.9452 -0.2912
vn 0.7164 0.1460 -0.6822
vn 0.9999 -0.0003 0.0108
vn -0.7164 0.1460 0.6822
vn -0.1578 0.8881 0.4317
vn 0.0573 -0.8899 0.4526
vn -0.5667 0.1292 -0.8137
vn -0.4705 -0.3717 0.8003
vn 0.6167 -0.2655 -0.7411
vn -0.7987 0.6017 0.0079
vn 0.5743 -0.8024 0.1622
vn 0.6712 0.4625 0.5793
vn 0.6065 0.3925 -0.6914
vn 0.2840 -0.8092 0.5143
vn -0.7176 -0.3879 -0.5784
vn -0.9007 0.3951 -0.1805
vn 0.5569 -0.7664 -0.3201
vn -0.8283 -0.5603 -0.0000
vn 0.3781 0.9258 -0.0001
vn 0.3411 -0.2011 0.9183
vn 0.3412 -0.2010 -0.9183
vn 0.8316 -0.5554 -0.0000
vn 0.8286 -0.5598 -0.0000
vn -0.8316 -0.5553 -0.0000
vn -0.3411 -0.2011 -0.9183
vn -0.3779 0.9259 -0.0001
vn 0.8290 0.5593 0.0001
vn 0.0048 -1.0000 -0.0000
vn -0.9808 0.1950 -0.0000
vn -0.8290 0.5592 0.0001
vn 0.2876 0.1921 0.9383
vn -0.0048 -1.0000 -0.0000
vn -0.1900 -0.9818 -0.0000
vn -0.3875 0.9218 -0.0000
vn 0.3527 -0.0000 0.9357
vn 0.3527 -0.0000 -0.9357
vn 0.3880 0.9216 -0.0001
vn 0.1908 -0.9816 -0.0003
vn -0.3527 -0.0000 -0.9357
vn -0.9808 0.1951 -0.0000
vn 0.1890 0.9820 -0.0003
vn -0.8315 -0.5555 -0.0001
vn -0.4195 -0.0000 0.9078
vn -0.4194 -0.0000 -0.9078
vn -0.1900 0.9818 -0.0001
vn 0.8314 -0.5556 -0.0000
vn 0.4194 -0.0000 0.9078
vn 0.4193 -0.0000 -0.9078
vn -0.8315 0.5555 -0.0000
vn 0.7104 0.7038 -0.0000
vn -0.1898 -0.9818 -0.0003
vn -0.7105 0.7037 -0.0001
vn 0.8315 0.5555 -0.0000
vn -0.3873 -0.9219 0.0001
vn -0.1897 0.9819 0.0003
vn 0.9808 -0.1952 -0.0000
vn 0.3412 0.2010 0.9183
vn 0.3412 0.2010 -0.9183
vn 0.1908 0.9816 0.0002
vn 0.3879 -0.9217 0.0001
vn -0.9808 -0.1952 0.0001
vn -0.3411 0.2009 0.9183
vn -0.3411 0.2010 -0.9183
vn 0.0046 1.0000 -0.0000
vn 0.8284 -0.5602 -0.0002
vn -0.8285 -0.5600 -0.0002
vn -0.0048 1.0000 -0.0000
vn 0.3778 -0.9259 -0.0001
vn -0.8286 0.5598 -0.0000
vn 0.8290 0.5592 0.0001
vn -0.3777 -0.9259 -0.0000
vn -0.8316 0.5553 -0.0000
vn -0.1816 0.2897 0.9397
vn 0.2216 -0.2364 0.9460
vn 0.1428 0.9897 -0.0001
vn 0.3896 -0.9210 -0.0000
vn -0.0000 -0.0000 -0.0000
vn -0.1427 0.9898 0.0001
vn -0.3846 -0.9231 0.0001
vn -0.6541 0.7564 -0.0000
vn 0.1665 0.3171 0.9337
vn 0.1394 -0.9902 -0.0000
vn 0.6640 -0.7478 -0.0000
vn -0.1418 -0.4003 0.9054
vn -0.1418 -0.4002 -0.9054
vn -0.1102 0.9939 -0.0000
vn 0.6545 0.7561 -0.0001
vn 0.2580 -0.9662 -0.0000
vn -0.6634 -0.7483 -0.0000
vn -0.3827 0.9239 -0.0000
vn -0.1842 0.1842 -0.9655
vn 0.1842 -0.1842 -0.9655
vn -0.3104 -0.3104 -0.8985
vn -0.9805 0.1967 -0.0000
vn -0.0000 -0.6781 -0.7349
vn 0.1973 0.9803 -0.0002
vn 0.1969 -0.9804 -0.0001
vn -1.0000 0.0001 -0.0000
vn -0.6781 0.0001 -0.7349
vn 0.7072 0.7070 -0.0000
vn 0.3104 0.3104 0.8985
vn 0.3826 -0.9239 -0.0000
vn -0.1974 -0.9803 -0.0001
vn -0.1967 0.9805 -0.0001
vn 1.0000 -0.0000 -0.0001
vn -0.0000 0.6781 -0.7349
vn -0.9933 -0.1153 -0.0000
vn 0.6199 0.7847 -0.0000
vn 0.3007 0.3614 0.8826
vn -0.3007 -0.3614 0.8826
vn -0.3007 -0.3615 -0.8826
vn 0.3007 0.3614 -0.8826
vn 0.4082 -0.4080 0.8166
vn 0.4082 -0.4080 -0.8166
vn 0.9934 0.1149 -0.0000
vn -0.6199 -0.7847 -0.0000
vn -0.4082 0.4080 0.8167
vn -0.4082 0.4080 -0.8167
vn 0.1707 0.9853 -0.0000
vn 0.1094 0.6328 0.7666
vn 0.1094 0.6328 -0.7666
vn 0.8351 0.5500 -0.0000
vn -0.2890 -0.9573 -0.0001
vn 0.2888 0.9574 -0.0003
vn -0.8351 -0.5501 -0.0000
vn -0.9508 0.3100 -0.0000
vn -0.1168 -0.9932 -0.0000
vn -0.0766 -0.6516 0.7547
vn -0.0766 -0.6516 -0.7547
vn -0.9784 -0.2069 -0.0000
vn -0.2890 -0.9573 0.0001
vn 0.2886 0.9574 -0.0006
vn -0.8352 -0.5500 -0.0001
vn -0.3654 -0.1455 0.9194
vn -0.3653 -0.1455 -0.9195
vn -0.0766 -0.6517 0.7546
vn -0.0766 -0.6517 -0.7546
vn -0.3104 0.3104 -0.8985
vn -0.3825 -0.9240 0.0001
vn -1.0000 -0.0001 -0.0001
vn -0.6781 -0.0001 -0.7350
vn 0.3825 0.9240 0.0001
vn 0.3103 -0.3105 0.8985
vn 0.3104 -0.3105 -0.8985
vn -0.0000 -0.6782 0.7349
vn -0.0000 -0.6782 -0.7349
vn -0.1969 -0.9804 -0.0000
vn -0.1969 0.9804 -0.0001
vn 0.1974 0.9803 -0.0000
vn 0.1962 -0.9806 -0.0000
vn -1.0000 -0.0002 -0.0000
vn -0.9804 0.1968 -0.0000
vn 0.9807 0.1957 -0.0000
vn -0.0000 -0.6783 -0.7348
vn -0.1971 -0.9804 -0.0000
vn -0.1965 0.9805 -0.0000
vn -0.3859 0.9046 -0.1813
vn 0.2491 -0.6507 0.7173
vn -0.7722 -0.5730 0.2745
vn -0.9830 -0.0000 -0.1835
vn 0.8806 -0.0000 -0.4738
vn 0.8800 0.4725 0.0481
vn 0.0359 -0.8763 -0.4805
vn -0.6777 -0.7349 0.0260
vn 0.8180 0.2981 -0.4919
vn 0.4832 0.6936 0.5343
vn -0.3839 -0.9052 -0.1822
vn -0.7722 0.5730 0.2746
vn 0.8800 -0.4725 0.0479
vn 0.0355 0.8763 -0.4805
vn -0.6778 0.7348 0.0263
vn 0.8181 -0.2981 -0.4918
vn 0.4063 -0.7437 0.5309
vn -0.1903 0.5769 -0.7944
vn 0.0136 0.7467 0.6650
vn -0.7775 -0.0000 0.6288
vn 0.9698 -0.0000 0.2440
vn 0.3335 0.9214 -0.1996
vn 0.0135 -0.7467 0.6650
vn -0.1903 -0.5769 -0.7944
vn -0.9047 -0.3857 -0.1809
vn 0.6512 0.2500 0.7166
vn 0.5733 -0.7720 0.2746
vn 0.0002 -0.9830 -0.1837
vn -0.0002 0.8807 -0.4737
vn -0.4727 0.8799 0.0483
vn 0.8766 0.0375 -0.4798
vn 0.7354 -0.6771 0.0257
vn -0.2975 0.8186 -0.4913
vn 0.7441 0.4063 0.5303
vn -0.5760 -0.1910 -0.7948
vn -0.7468 0.0129 0.6649
vn 0.0002 -0.7776 0.6288
vn -0.0002 0.9697 0.2441
vn -0.9215 0.3331 -0.1996
vn 0.7468 0.0137 0.6649
vn -0.5733 -0.7720 0.2745
vn 0.4725 0.8800 0.0484
vn 0.5765 -0.1898 -0.7948
vn -0.6940 0.4833 0.5337
vn 0.9046 -0.3851 -0.1827
vn -0.8766 0.0374 -0.4798
vn -0.7355 -0.6771 0.0257
vn 0.2973 0.8186 -0.4915
vn -0.3342 -0.9211 -0.2000
vn -0.0136 0.7467 0.6650
vn 0.7775 -0.0000 0.6289
vn 0.7722 -0.5730 0.2745
vn -0.8800 0.4726 0.0480
vn -0.9698 -0.0000 0.2440
vn 0.1903 0.5766 -0.7946
vn 0.9830 -0.0000 -0.1835
vn -0.8806 -0.0000 -0.4738
vn -0.4065 0.7437 0.5307
vn 0.1903 -0.5766 -0.7946
vn 0.7721 0.5730 0.2746
vn -0.8800 -0.4726 0.0479
vn -0.0136 -0.7467 0.6650
vn -0.4832 -0.6936 0.5343
vn 0.3848 0.9046 -0.1834
vn -0.0359 -0.8763 -0.4805
vn 0.6776 -0.7349 0.0260
vn -0.8180 0.2981 -0.4920
vn 0.3850 -0.9051 -0.1804
vn -0.2487 0.6503 0.7178
vn -0.0355 0.8763 -0.4805
vn 0.6778 0.7347 0.0263
vn -0.8181 -0.2981 -0.4918
vn 0.6939 -0.4833 0.5339
vn -0.9051 0.3838 -0.1831
vn 0.0002 0.9830 -0.1836
vn 0.5732 0.7720 0.2747
vn -0.4727 -0.8799 0.0485
vn -0.0002 -0.8806 -0.4738
vn 0.8766 -0.0377 -0.4798
vn 0.7355 0.6771 0.0255
vn -0.2976 -0.8186 -0.4913
vn 0.9211 -0.3341 -0.1996
vn -0.7467 -0.0129 0.6651
vn 0.0002 0.7776 0.6287
vn -0.0003 -0.9697 0.2444
vn -0.5760 0.1912 -0.7948
vn -0.7426 -0.4072 0.5317
vn 0.5765 0.1900 -0.7947
vn -0.5732 0.7720 0.2746
vn 0.4725 -0.8800 0.0485
vn 0.7465 -0.0133 0.6652
vn 0.9050 0.3849 -0.1812
vn -0.6512 -0.2497 0.7166
vn -0.8766 -0.0376 -0.4798
vn -0.7354 0.6771 0.0254
vn 0.2974 -0.8186 -0.4914
vn 0.5000 0.5642 -0.6570
vn -0.4503 0.2992 0.8412
vn -0.9342 -0.1310 -0.3318
vn -0.6721 0.0084 -0.7404
vn 0.8355 -0.0747 0.5444
vn 0.9549 0.1461 0.2583
vn 0.2214 -0.9711 -0.0890
vn -0.6686 -0.4299 -0.6067
vn 0.8829 0.4196 0.2107
vn 0.2480 -0.6748 0.6951
vn 0.1567 -0.0753 -0.9848
vn -0.8699 -0.4093 -0.2752
vn 0.6788 0.6971 0.2310
vn -0.3806 0.9097 0.1663
vn -0.0539 -0.9815 -0.1839
vn 0.5038 0.7522 -0.4248
vn -0.5201 0.4584 -0.7207
vn 0.7387 -0.2573 0.6229
vn -0.6127 0.2555 0.7479
vn -0.8029 0.2951 -0.5180
vn 0.9375 -0.1543 0.3120
vn 0.5640 -0.4205 -0.7107
vn -0.0799 0.9529 0.2926
vn -0.2447 -0.7054 0.6653
vn 0.1177 0.9170 0.3812
vn 0.0075 -0.9863 -0.1646
vn -0.9722 0.2235 0.0703
vn 0.8851 -0.3944 -0.2472
vn 0.1570 0.4141 -0.8966
vn 0.4456 -0.8721 0.2023
vn -0.0900 0.7718 -0.6294
vn -0.3358 0.4268 0.8397
vn -0.9881 -0.0328 0.1501
vn 0.9938 0.0780 -0.0793
vn 0.1637 -0.4927 -0.8547
vn -0.0060 0.9952 0.0975
vn -0.0922 -0.7710 0.6302
vn 0.3245 0.9144 0.2421
vn -0.1310 -0.9089 -0.3958
vn -0.9349 0.2156 0.2819
vn 0.7518 -0.5324 -0.3890
vn -0.2624 0.7293 -0.6319
vn -0.2990 -0.7078 -0.6400
vn 0.9074 0.4136 0.0751
vn -0.1853 -0.7607 0.6221
vn -0.8391 -0.0133 0.5438
vn 0.9090 -0.0935 -0.4061
vn -0.0309 -0.4985 0.8663
vn 0.1659 0.4932 -0.8539
vn -0.3196 -0.6587 -0.6811
vn -0.4692 -0.8064 -0.3599
vn 0.3159 0.9458 0.0753
vn 0.2054 0.6975 0.6865
vn -0.9741 0.1854 -0.1295
vn -0.6929 -0.4809 -0.5372
vn 0.1658 0.7959 0.5823
vn 0.0729 0.6952 -0.7151
vn -0.4925 -0.3328 0.8042
vn 0.8697 -0.1476 -0.4710
vn -0.1147 -0.8999 -0.4207
vn -0.0068 0.7939 0.6080
vn 0.0736 -0.0485 0.9961
vn 0.0519 0.6487 -0.7593
vn -0.1974 -0.9651 0.1720
vn 0.1962 0.9666 -0.1651
vn -0.9883 0.1526 0.0077
vn 0.8922 -0.3359 0.3021
vn 0.1417 -0.2460 -0.9589
vn -0.4683 0.7697 -0.4339
vn -0.6552 -0.6823 0.3242
vn 0.8033 0.4892 -0.3397
vn 0.1809 0.4097 -0.8941
vn -0.5225 -0.0420 0.8516
vn 0.9628 -0.0174 -0.2695
vn 0.2424 -0.9479 -0.2068
vn -0.3147 0.9104 0.2686
vn -0.4600 0.1803 -0.8694
vn -0.3364 0.4390 0.8331
vn -0.5687 -0.6615 0.4889
vn 0.6174 0.5801 -0.5313
vn 0.8108 -0.5101 -0.2871
vn -0.0674 0.7043 0.7067
vn 0.4105 -0.5118 -0.7547
vn -0.4233 -0.6796 0.5991
vn 0.4631 0.4891 -0.7391
vn -0.8728 0.4428 0.2053
vn 0.5524 0.3078 -0.7747
vn -0.9231 -0.0410 0.3824
vn 0.9596 0.2633 0.0994
vn 0.3978 -0.9003 0.1767
vn -0.6001 0.7956 -0.0827
vn -0.9719 -0.0475 -0.2304
vn -0.1601 0.1543 0.9750
vn 0.2827 -0.8045 0.5223
vn -0.0229 0.9468 -0.3210
vn 0.7566 0.6509 0.0625
vn -0.1524 -0.3393 -0.9282
vn 0.3538 0.7729 0.5268
vn 0.9697 -0.2443 0.0091
vn 0.6213 0.2166 -0.7531
vn -0.8719 -0.3317 0.3603
vn 0.7485 0.5329 0.3945
vn 0.6245 -0.6554 0.4249
vn -0.6450 0.6973 -0.3125
vn -0.8038 -0.5274 -0.2753
vn -0.0229 0.1889 0.9817
vn 0.4237 -0.4767 0.7702
vn -0.5522 0.7941 -0.2537
vn 0.8646 0.5018 -0.0281
vn 0.3562 -0.9191 0.1682
vn -0.1725 0.9848 -0.0186
vn -0.1781 0.1409 -0.9739
vn 0.2241 -0.2171 -0.9501
vn -0.3798 0.3943 0.8369
vn 0.1010 -0.1473 0.9839
vn -0.9075 -0.4200 0.0028
vn -0.3847 -0.2847 -0.8781
vn 0.1536 0.1551 0.9759
vn -0.7905 0.4161 0.4494
vn 0.3085 -0.9502 -0.0441
vn -0.6268 -0.0070 -0.7792
vn 0.4101 0.0759 0.9089
vn 0.6913 0.7090 -0.1395
vn -0.1792 0.9810 -0.0742
vn -0.5022 -0.7506 0.4295
vn -0.6329 -0.4569 -0.6250
vn 0.5012 0.2529 0.8276
vn 0.8322 -0.2544 -0.4926
vn -0.7282 -0.5607 0.3941
vn 0.9012 -0.2966 -0.3160
vn -0.1225 0.9713 0.2041
vn -0.4912 0.4314 -0.7567
vn 0.0728 -0.4225 0.9034
vn 0.2219 -0.9080 -0.3553
vn -0.1670 0.7773 0.6066
vn -0.1353 0.4033 -0.9050
vn 0.1213 -0.6980 0.7058
vn -0.9969 0.0791 0.0028
vn -0.8678 0.4964 0.0235
vn 0.0911 -0.9958 0.0008
vn 0.6399 0.7684 0.0069
vn 0.3016 0.0294 -0.9530
vn -0.2369 -0.0767 0.9685
vn -0.6121 -0.7666 -0.1940
vn 0.8819 -0.4271 -0.1997
vn -0.2789 0.9191 0.2784
vn 0.1850 -0.9139 0.3614
vn -0.3696 0.9094 -0.1909
vn 0.4273 -0.2200 -0.8769
vn -0.5026 0.5325 0.6811
vn -0.5800 -0.7276 -0.3663
vn -0.5821 0.7095 -0.3971
vn -0.0470 -0.4180 0.9072
vn 0.6389 0.7633 -0.0957
vn 0.6651 0.0095 -0.7467
vn -0.5392 0.0943 0.8369
vn -0.2852 -0.8353 -0.4701
vn 0.3798 0.6520 0.6562
vn 0.9883 0.0325 -0.1493
vn 0.9332 -0.2177 -0.2859
vn -0.7521 0.5315 0.3896
vn -0.9938 -0.0775 0.0794
vn 0.1884 0.7618 -0.6198
vn 0.8402 0.0081 -0.5423
vn -0.9087 0.0918 0.4071
vn 0.2844 0.9250 0.2520
vn -0.3062 -0.9119 -0.2734
vn 0.2670 -0.7280 0.6314
vn 0.9721 -0.2236 -0.0712
vn -0.8848 0.3945 0.2478
vn 0.0864 -0.7705 0.6315
vn -0.3260 0.9142 0.2407
vn 0.8698 0.4093 0.2755
vn 0.9346 0.1386 0.3276
vn -0.9542 -0.1456 -0.2614
vn -0.6789 -0.6969 -0.2312
vn 0.3362 -0.4271 -0.8394
vn -0.1330 -0.8741 -0.4673
vn -0.1677 0.4915 0.8546
vn 0.0932 0.7709 -0.6301
vn -0.4537 0.8909 -0.0223
vn 0.3823 -0.9086 -0.1680
vn -0.1557 0.0811 0.9845
vn 0.6728 0.4333 0.5996
vn -0.8808 -0.4237 -0.2115
vn -0.0095 0.9865 0.1634
vn -0.2722 -0.9169 -0.2918
vn -0.1593 -0.4137 0.8964
vn 0.8011 -0.3003 0.5178
vn -0.9371 0.1535 -0.3134
vn 0.4454 -0.3069 -0.8411
vn -0.3089 -0.6685 0.6765
vn 0.6826 -0.0132 0.7307
vn -0.8317 0.0747 -0.5501
vn -0.2207 0.9715 0.0866
vn 0.0599 -0.8737 -0.4828
vn -0.4928 0.2442 0.8352
vn 0.2414 0.7055 -0.6663
vn -0.5274 -0.8485 0.0438
vn 0.0142 0.9152 0.4028
vn 0.5061 -0.4706 0.7228
vn -0.7423 0.2490 -0.6221
vn 0.6124 -0.2501 -0.7499
vn 0.8597 0.5000 0.1042
vn -0.8666 -0.4982 0.0278
vn -0.6245 0.6554 -0.4248
vn -0.2827 0.8044 -0.5226
vn 0.0230 -0.9468 0.3209
vn 0.6449 -0.6976 0.3123
vn 0.0275 -0.1899 -0.9814
vn -0.4206 0.4755 -0.7726
vn 0.5499 -0.7974 0.2488
vn -0.7146 -0.6982 -0.0437
vn 0.8718 0.3322 -0.3600
vn -0.5986 0.1454 0.7878
vn -0.3970 0.9006 -0.1767
vn 0.5995 -0.7962 0.0815
vn 0.0407 -0.5235 -0.8511
vn 0.1571 0.3351 0.9290
vn 0.1964 0.9654 -0.1718
vn 0.4233 0.6796 -0.5991
vn -0.4630 -0.4892 0.7391
vn -0.1940 -0.9668 0.1661
vn -0.9697 0.2443 -0.0093
vn 0.9728 0.0422 0.2278
vn -0.7566 -0.6508 -0.0633
vn 0.1604 -0.1546 -0.9749
vn 0.6382 -0.7281 -0.2499
vn -0.4143 0.5137 0.7513
vn 0.5689 0.6613 -0.4889
vn -0.6175 -0.5801 0.5312
vn -0.0225 -0.5077 -0.8612
vn -0.9104 -0.4119 0.0395
vn 0.9202 0.0482 -0.3885
vn -0.4214 0.0139 0.9068
vn -0.2433 0.9477 0.2068
vn 0.3148 -0.9102 -0.2691
vn -0.8489 -0.3067 0.4305
vn 0.5245 0.0417 -0.8504
vn -0.0462 -0.2630 0.9637
vn 0.1164 0.9009 0.4182
vn 0.0084 -0.7946 -0.6071
vn 0.7101 -0.7027 0.0455
vn -0.8071 0.5156 0.2875
vn 0.6555 0.6821 -0.3241
vn -0.8033 -0.4892 0.3397
vn 0.3365 -0.4394 -0.8329
vn 0.9723 -0.2018 -0.1179
vn -0.0514 -0.6501 0.7581
vn 0.4691 0.8064 0.3599
vn -0.3158 -0.9458 -0.0753
vn -0.0797 0.0465 -0.9957
vn -0.8948 0.3327 -0.2977
vn 0.4696 -0.7691 0.4336
vn -0.1415 0.2459 0.9589
vn -0.1335 -0.5556 0.8207
vn 0.0451 0.4514 -0.8912
vn 0.3195 0.6590 0.6809
vn -0.2053 -0.6978 -0.6863
vn 0.9744 -0.1864 0.1254
vn 0.6955 0.4800 0.5347
vn -0.1615 -0.7990 -0.5793
vn -0.8392 -0.2155 0.4993
vn 0.4916 0.3336 -0.8044
vn 0.2650 -0.5321 0.8041
vn -0.2566 -0.9656 0.0429
vn 0.0543 0.4179 -0.9069
vn -0.4243 0.2124 0.8803
vn -0.6670 -0.0159 0.7449
vn 0.5384 -0.0936 -0.8375
vn 0.5015 -0.5320 -0.6823
vn 0.5909 -0.6508 0.4767
vn -0.3014 -0.0314 0.9530
vn 0.2382 0.0765 -0.9682
vn -0.7698 0.1814 -0.6119
vn 0.5823 0.7284 0.3611
vn -0.2231 0.2162 0.9505
vn 0.3798 -0.3944 -0.8368
vn 0.3693 -0.9112 0.1824
vn 0.1275 0.8511 -0.5092
vn 0.3842 -0.9198 0.0794
vn 0.6177 0.0092 0.7863
vn 0.6288 0.4642 0.6238
vn -0.4987 -0.2614 -0.8264
vn -0.4042 -0.0756 -0.9116
vn -0.8362 0.2521 0.4870
vn 0.3832 0.2900 0.8770
vn -0.1560 -0.1556 -0.9754
vn -0.4913 0.8709 -0.0112
vn 0.9015 -0.2441 -0.3575
vn -0.6922 -0.7085 0.1375
vn 0.1717 -0.1366 0.9756
vn -0.1081 0.1456 -0.9834
vn -0.9026 0.2980 0.3107
vn 0.7112 0.6748 -0.1969
vn 0.1303 -0.9694 -0.2080
vn 0.4902 -0.4274 0.7596
vn -0.0742 0.4182 -0.9053
vn -0.8530 0.4841 -0.1952
vn 0.9078 0.4194 -0.0050
vn 0.1706 -0.9851 0.0226
vn 0.0501 -0.8924 -0.4485
vn -0.2193 0.9096 0.3528
vn 0.1352 -0.4031 0.9051
vn -0.1214 0.6980 -0.7058
vn 0.9970 -0.0769 -0.0000
vn -0.5123 -0.8539 -0.0917
vn -0.0883 0.9961 -0.0009
vn 0.8686 -0.4949 -0.0244
vn 0.6050 0.7731 0.1905
vn 0.2795 -0.9189 -0.2785
vn -0.8820 0.4274 0.1987
vt 35.999100 1.044450
vt 36.007099 1.029840
vt 36.000900 1.044450
vt 35.992901 1.029840
vt 35.980000 1.030410
vt 36.020000 1.021750
vt 36.020000 1.030410
vt 35.980000 1.021750
vt 36.020000 0.994588
vt 35.980000 0.994588
vt 35.980000 0.984573
vt 36.020000 0.984573
vt 36.020000 0.982153
vt 35.980000 0.982153
vt 35.980000 0.971390
vt 36.020000 0.971390
vt 35.980000 0.962728
vt 36.020000 0.962728
vt 36.020000 1.012900
vt 35.980000 1.012900
vt 35.994202 1.039350
vt 35.985600 1.039350
vt 35.994202 1.029490
vt 35.985600 1.029490
vt 36.005798 1.029490
vt 35.994202 1.045530
vt 35.985600 1.045530
vt 36.005798 1.039350
vt 36.014400 1.029490
vt 36.014400 1.039350
vt 36.014400 1.045530
vt 36.005798 1.045530
vt 35.889900 0.999126
vt 35.904701 0.999126
vt 35.904701 1.000870
vt 35.889900 1.000870
vt 36.091000 0.994204
vt 36.112598 0.994204
vt 36.112598 1.005800
vt 36.091000 1.005800
vt 36.108700 1.005800
vt 36.108700 1.014440
vt 36.094799 1.005800
vt 36.094799 1.014440
vt 36.108700 0.985555
vt 36.108700 0.994204
vt 36.094799 0.985555
vt 36.094799 0.994204
vt 36.085400 0.980000
vt 36.115398 0.980000
vt 36.085400 1.020000
vt 36.115398 1.020000
vt 35.955399 0.980000
vt 35.876598 1.020000
vt 35.876598 0.980000
vt 35.955399 1.020000
vt 36.071701 1.020000
vt 36.071701 0.980000
vt 35.997898 0.980000
vt 35.997898 1.020000
vt 35.969200 0.980000
vt 35.969200 1.020000
vt 36.044601 1.012900
vt 36.027100 0.994588
vt 36.129902 0.994588
vt 36.129902 1.021750
vt 36.044601 1.021750
vt 36.123402 1.030410
vt 36.044601 1.030410
vt 36.030800 1.000900
vt 36.002102 1.000900
vt 35.928299 1.000900
vt 36.129902 0.984573
vt 35.870098 0.994588
vt 35.914600 1.012900
vt 35.871399 0.984573
vt 35.880100 1.021750
vt 36.027100 0.984573
vt 35.914600 1.021750
vt 35.884602 1.030410
vt 35.914600 1.030410
vt 36.035000 0.982153
vt 36.122002 0.982153
vt 36.040100 0.971390
vt 36.122002 0.971390
vt 36.040100 0.962728
vt 36.122002 0.962728
vt 36.111599 0.952851
vt 36.050499 0.952851
vt 35.909000 1.039350
vt 35.887402 1.039350
vt 35.909000 1.029490
vt 35.887402 1.029490
vt 35.905201 1.045530
vt 35.891300 1.047150
vt 36.086899 1.029840
vt 36.114399 1.029840
vt 36.095299 1.044450
vt 36.110100 1.044450
vt 35.994202 1.047150
vt 35.985600 1.047150
vt 36.014400 1.047150
vt 36.005798 1.047150
vt 36.129902 0.980000
vt 36.129902 1.020000
vt 36.122002 1.020000
vt 36.122002 0.980000
vt 36.111599 1.012000
vt 36.111599 0.988000
vt 36.050499 1.012000
vt 36.050499 0.988000
vt 36.040100 1.020000
vt 36.040100 0.980000
vt 35.871399 0.980000
vt 36.027100 0.980000
vt 36.027100 1.020000
vt 35.871399 1.020000
vt 36.035000 0.980000
vt 36.035000 1.020000
vt 36.086899 0.992935
vt 36.114399 0.992935
vt 36.114399 1.007060
vt 36.086899 1.007060
vt 36.115398 1.030410
vt 36.085400 1.030410
vt 36.085400 1.021750
vt 36.119900 1.021750
vt 36.085400 1.012900
vt 36.071701 1.000900
vt 35.972900 0.994588
vt 36.128601 0.984573
vt 35.997898 1.000900
vt 35.969200 1.000900
vt 35.972900 0.984573
vt 35.955399 1.012900
vt 35.870098 0.984573
vt 35.870098 1.021750
vt 35.965000 0.982153
vt 35.955399 1.021750
vt 35.876598 1.030410
vt 35.955399 1.030410
vt 35.877998 0.982153
vt 35.959900 0.971390
vt 35.877998 0.971390
vt 35.877998 0.962728
vt 35.959900 0.962728
vt 35.888401 0.952851
vt 35.949501 0.952851
vt 36.091000 1.039350
vt 36.112598 1.029490
vt 36.112598 1.039350
vt 36.091000 1.029490
vt 36.094799 1.045530
vt 36.108700 1.047150
vt 35.885601 1.029840
vt 35.904701 1.044450
vt 35.889900 1.044450
vt 35.913101 1.029840
vt 16.006599 -61.004601
vt 16.006599 -61.000000
vt 16.002800 -61.000000
vt 16.006599 -60.995399
vt 16.002800 -61.006001
vt 16.002800 -60.993999
vt 15.993400 -61.000000
vt 16.000401 -60.993698
vt 15.993400 -60.993000
vt 16.000401 -61.000000
vt 16.000401 -61.006302
vt 15.993400 -61.007000
vt 16.000000 -61.002800
vt 15.994100 -61.002800
vt 15.995400 -61.006599
vt 16.000000 -61.006599
vt 16.004601 -61.006599
vt 16.006001 -61.002800
vt 16.006300 -61.000401
vt 16.000000 -60.993401
vt 16.000000 -61.000401
vt 15.993700 -61.000401
vt 16.007000 -60.993401
vt 15.993000 -60.993401
vt 15.997200 -61.000000
vt 15.993400 -61.004601
vt 15.997200 -61.006001
vt 15.997200 -60.993999
vt 15.993400 -60.995399
vt 15.999600 -60.993698
vt 16.006599 -60.993000
vt 15.999600 -61.000000
vt 15.999600 -61.006302
vt 16.006599 -61.007000
vt 15.995400 -61.004601
vt 16.004601 -60.995399
vt 15.995400 -60.995399
vt 16.004601 -61.004601
vt 2.021730 -34.991501
vt 1.978270 -34.991501
vt 2.021730 -35.008499
vt 1.978270 -35.008499
vt 2.001470 -35.021702
vt 2.001470 -34.978298
vt 1.998530 -35.021702
vt 1.998530 -34.978298
vt 1.998530 -34.991501
vt 1.998530 -35.008499
vt 2.001470 -35.008499
vt 2.001470 -34.991501
vt 59.987999 -61.000000
vt 59.994598 -60.998001
vt 59.990898 -60.992401
vt 59.996300 -60.986801
vt 59.988300 -61.007599
vt 59.993198 -61.005600
vt 60.000301 -61.009701
vt 60.002602 -60.996498
vt 60.007301 -61.011200
vt 60.009899 -60.995899
vt 59.992199 -60.996300
vt 59.995399 -60.986000
vt 59.989601 -60.990898
vt 60.002201 -60.987701
vt 59.996899 -61.002701
vt 59.984798 -61.002602
vt 60.008499 -60.992699
vt 59.988400 -61.009899
vt 59.995098 -61.014599
vt 60.012501 -60.999699
vt 60.002399 -61.008301
vt 60.013100 -61.006802
vt 60.007301 -61.011700
vt 59.997799 -60.990299
vt 60.003101 -61.001999
vt 60.004601 -60.994400
vt 60.010300 -61.000000
vt 60.010399 -60.992401
vt 60.007301 -61.007599
vt 60.002399 -61.013199
vt 59.995098 -61.003502
vt 59.991501 -60.988800
vt 59.988400 -61.004101
vt 60.007301 -60.988800
vt 60.002602 -61.003502
vt 60.009899 -61.004101
vt 60.000301 -60.990299
vt 59.994598 -61.001999
vt 59.996300 -61.013199
vt 59.990898 -61.007599
vt 59.993198 -60.994400
vt 59.988300 -60.992401
vt 60.002399 -60.991699
vt 60.013100 -60.993198
vt 60.007301 -60.988300
vt 60.012501 -61.000301
vt 59.995098 -60.985401
vt 59.996899 -60.997299
vt 59.988400 -60.990101
vt 60.008499 -61.007301
vt 60.002201 -61.012299
vt 59.984798 -60.997398
vt 59.992199 -61.003700
vt 59.995399 -61.014000
vt 59.989601 -61.009102
vt 59.988400 -60.995899
vt 59.991501 -61.011200
vt 59.995098 -60.996498
vt 59.997799 -61.009701
vt 60.010399 -61.007599
vt 60.004601 -61.005600
vt 60.003101 -60.998001
vt 60.007301 -60.992401
vt 60.002399 -60.986801
vt 37.987999 -43.000000
vt 37.994598 -42.998001
vt 37.990898 -42.992401
vt 37.996300 -42.986801
vt 37.988300 -43.007599
vt 37.993198 -43.005600
vt 38.000301 -43.009701
vt 38.002602 -42.996498
vt 38.007301 -43.011200
vt 38.009899 -42.995899
vt 37.992199 -42.996300
vt 37.995399 -42.986000
vt 37.989601 -42.990898
vt 38.002201 -42.987701
vt 37.996899 -43.002701
vt 37.984798 -43.002602
vt 38.008499 -42.992699
vt 37.988400 -43.009899
vt 37.995098 -43.014599
vt 38.012501 -42.999699
vt 38.002399 -43.008301
vt 38.013100 -43.006802
vt 38.007301 -43.011700
vt 37.997799 -42.990299
vt 38.003101 -43.001999
vt 38.004601 -42.994400
vt 38.010300 -43.000000
vt 38.010399 -42.992401
vt 38.007301 -43.007599
vt 38.002399 -43.013199
vt 37.995098 -43.003502
vt 37.991501 -42.988800
vt 37.988400 -43.004101
vt 38.007301 -42.988800
vt 38.002602 -43.003502
vt 38.009899 -43.004101
vt 38.000301 -42.990299
vt 37.994598 -43.001999
vt 37.996300 -43.013199
vt 37.990898 -43.007599
vt 37.993198 -42.994400
vt 37.988300 -42.992401
vt 38.002399 -42.991699
vt 38.013100 -42.993198
vt 38.007301 -42.988300
vt 38.012501 -43.000301
vt 37.995098 -42.985401
vt 37.996899 -42.997299
vt 37.988400 -42.990101
vt 38.008499 -43.007301
vt 38.002201 -43.012299
vt 37.984798 -42.997398
vt 37.992199 -43.003700
vt 37.995399 -43.014000
vt 37.989601 -43.009102
vt 37.988400 -42.995899
vt 37.991501 -43.011200
vt 37.995098 -42.996498
vt 37.997799 -43.009701
vt 38.010399 -43.007599
vt 38.004601 -43.005600
vt 38.003101 -42.998001
vt 38.007301 -42.992401
vt 38.002399 -42.986801
vt 55.987999 -57.000000
vt 55.994598 -56.998001
vt 55.990898 -56.992401
vt 55.996300 -56.986801
vt 55.988300 -57.007599
vt 55.993198 -57.005600
vt 56.000301 -57.009701
vt 56.002602 -56.996498
vt 56.007301 -57.011200
vt 56.009899 -56.995899
vt 55.992199 -56.996300
vt 55.995399 -56.986000
vt 55.989601 -56.990898
vt 56.002201 -56.987701
vt 55.996899 -57.002701
vt 55.984798 -57.002602
vt 56.008499 -56.992699
vt 55.988400 -57.009899
vt 55.995098 -57.014599
vt 56.012501 -56.999699
vt 56.002399 -57.008301
vt 56.013100 -57.006802
vt 56.007301 -57.011700
vt 55.997799 -56.990299
vt 56.003101 -57.001999
vt 56.004601 -56.994400
vt 56.010300 -57.000000
vt 56.010399 -56.992401
vt 56.007301 -57.007599
vt 56.002399 -57.013199
vt 55.995098 -57.003502
vt 55.991501 -56.988800
vt 55.988400 -57.004101
vt 56.007301 -56.988800
vt 56.002602 -57.003502
vt 56.009899 -57.004101
vt 56.000301 -56.990299
vt 55.994598 -57.001999
vt 55.996300 -57.013199
vt 55.990898 -57.007599
vt 55.993198 -56.994400
vt 55.988300 -56.992401
vt 56.002399 -56.991699
vt 56.013100 -56.993198
vt 56.007301 -56.988300
vt 56.012501 -57.000301
vt 55.995098 -56.985401
vt 55.996899 -56.997299
vt 55.988400 -56.990101
vt 56.008499 -57.007301
vt 56.002201 -57.012299
vt 55.984798 -56.997398
vt 55.992199 -57.003700
vt 55.995399 -57.014000
vt 55.989601 -57.009102
vt 55.988400 -56.995899
vt 55.991501 -57.011200
vt 55.995098 -56.996498
vt 55.997799 -57.009701
vt 56.010399 -57.007599
vt 56.004601 -57.005600
vt 56.003101 -56.998001
vt 56.007301 -56.992401
vt 56.002399 -56.986801
vt 42.021099 -35.019299
vt 41.978901 -35.019299
vt 42.021099 -35.027302
vt 41.978901 -35.027302
vt 42.015701 -34.958500
vt 42.007301 -34.958500
vt 42.007301 -34.963001
vt 42.015701 -34.963001
vt 42.007301 -34.967602
vt 42.015701 -34.967602
vt 41.992699 -34.958500
vt 41.984299 -34.958500
vt 41.984299 -34.963001
vt 41.992699 -34.963001
vt 41.984299 -34.967602
vt 41.992699 -34.967602
vt 41.975300 -35.023300
vt 41.979000 -35.013901
vt 41.975300 -35.013302
vt 41.979000 -35.023300
vt 41.979000 -35.032700
vt 41.975300 -35.033199
vt 42.024700 -35.023300
vt 42.021000 -35.032700
vt 42.024700 -35.033199
vt 42.021000 -35.023300
vt 42.021000 -35.013901
vt 42.024700 -35.013302
vt 41.977501 -34.986099
vt 41.981300 -34.973801
vt 41.977501 -34.973801
vt 41.981400 -34.986099
vt 42.022499 -34.986099
vt 42.022499 -34.973801
vt 42.018700 -34.973801
vt 42.018600 -34.986099
vt 42.024700 -35.009102
vt 41.975300 -35.009102
vt 41.975300 -35.037498
vt 42.024700 -35.037498
vt 42.022499 -34.988300
vt 41.977501 -34.969398
vt 41.977501 -34.988300
vt 42.022499 -34.969398
vt 42.018700 -34.969398
vt 41.981300 -34.969398
vt 42.020599 -34.975498
vt 41.979401 -34.975498
vt 42.020599 -35.002399
vt 41.979401 -35.002399
vt 42.098701 -35.007301
vt 42.098701 -35.015701
vt 42.103199 -35.015701
vt 42.103199 -35.007301
vt 42.107700 -35.015701
vt 42.107700 -35.007301
vt 42.103199 -34.984299
vt 42.103199 -34.992699
vt 42.107700 -34.992699
vt 42.098701 -34.984299
vt 42.107700 -34.984299
vt 42.098701 -34.992699
vt 41.955700 -35.022499
vt 42.085701 -35.022499
vt 41.959702 -35.018700
vt 41.955700 -34.977501
vt 42.081699 -35.018700
vt 41.959702 -34.981300
vt 42.081699 -34.981300
vt 42.085701 -34.977501
vt 41.927101 -34.975300
vt 41.936600 -34.979000
vt 41.937099 -34.975300
vt 41.917702 -34.979000
vt 41.917198 -34.975300
vt 41.927101 -34.979000
vt 41.936600 -35.021000
vt 41.927101 -35.024700
vt 41.937099 -35.024700
vt 41.927101 -35.021000
vt 41.917702 -35.021000
vt 41.917198 -35.024700
vt 42.096298 -34.979401
vt 42.091999 -35.020599
vt 42.096298 -35.020599
vt 42.091999 -34.979401
vt 42.089500 -35.020599
vt 42.089500 -34.979401
vt 42.106300 -35.020599
vt 42.106300 -34.979401
vt 42.103802 -35.020599
vt 42.103802 -34.979401
vt 42.110600 -34.979401
vt 42.110600 -35.020599
vt 41.960201 -34.981400
vt 41.971298 -34.977501
vt 41.960201 -34.977501
vt 41.971298 -34.981499
vt 42.070099 -34.981499
vt 42.070099 -34.977501
vt 42.081299 -34.981400
vt 42.081299 -34.977501
vt 42.081299 -35.018600
vt 42.070099 -35.022499
vt 42.081299 -35.022499
vt 42.070099 -35.018501
vt 41.971298 -35.018501
vt 41.971298 -35.022499
vt 41.960201 -35.018600
vt 41.960201 -35.022499
vt 41.941299 -35.024700
vt 41.912899 -34.975300
vt 41.941299 -34.975300
vt 41.912899 -35.024700
vt 41.877800 -35.021099
vt 41.911499 -35.021099
vt 41.911499 -34.978901
vt 41.877800 -34.978901
vt 42.058701 -35.037498
vt 42.058800 -35.023300
vt 42.052799 -35.023300
vt 42.058701 -35.009102
vt 42.062901 -35.033199
vt 42.062901 -35.013302
vt 42.072899 -35.043400
vt 42.072899 -35.003201
vt 42.072899 -35.037399
vt 42.072899 -35.009201
vt 42.082802 -35.033199
vt 42.082802 -35.013302
vt 42.087101 -35.037498
vt 42.087101 -35.009102
vt 42.087002 -35.023300
vt 42.092999 -35.023300
vt 41.914299 -34.969398
vt 42.039799 -34.973801
vt 42.044300 -34.969398
vt 42.044300 -34.988300
vt 41.918701 -34.973801
vt 42.039799 -34.986099
vt 41.914299 -34.988300
vt 42.030499 -35.000301
vt 41.918701 -34.986099
vt 42.028702 -34.995300
vt 41.928001 -35.000301
vt 41.929901 -34.995300
vt 42.122200 -35.019299
vt 42.088501 -35.019299
vt 42.122200 -35.027302
vt 42.088501 -35.027302
vt 41.903702 -34.975498
vt 41.910500 -34.975498
vt 41.908001 -34.973801
vt 41.898899 -35.002399
vt 41.892101 -35.002399
vt 41.894199 -35.004398
vt 41.889400 -34.975498
vt 41.896198 -34.975498
vt 41.893700 -34.973801
vt 41.884602 -35.002399
vt 41.877800 -35.002399
vt 41.880001 -35.004398
vt 41.901299 -34.967602
vt 41.892300 -34.967602
vt 41.896801 -34.969398
vt 41.901299 -34.958500
vt 41.903198 -34.963001
vt 41.892300 -34.958500
vt 41.896801 -34.956600
vt 41.890400 -34.963001
vt 42.040298 -34.969398
vt 41.918301 -34.969398
vt 41.901299 -35.015701
vt 41.901299 -35.007301
vt 41.896801 -35.007301
vt 41.896801 -35.015701
vt 41.892300 -35.007301
vt 41.892300 -35.015701
vt 42.088501 -35.021099
vt 42.122200 -35.021099
vt 42.122200 -34.978901
vt 42.088501 -34.978901
vt 41.892300 -34.984299
vt 41.892300 -34.992699
vt 41.896801 -34.992699
vt 41.901299 -34.992699
vt 41.901299 -34.984299
vt 41.896801 -34.984299
vt 42.063400 -34.979000
vt 42.072899 -34.979000
vt 42.072899 -34.975300
vt 42.082298 -34.979000
vt 42.062901 -34.975300
vt 42.082802 -34.975300
vt 42.072899 -35.024700
vt 42.063400 -35.021000
vt 42.062901 -35.024700
vt 42.072899 -35.021000
vt 42.082298 -35.021000
vt 42.082802 -35.024700
vt 41.918701 -34.981300
vt 42.039799 -34.981300
vt 42.039799 -34.977501
vt 41.918701 -34.977501
vt 41.898899 -35.020599
vt 41.894199 -34.979401
vt 41.894199 -35.020599
vt 41.898899 -34.979401
vt 41.892101 -35.020599
vt 41.892101 -34.979401
vt 41.880001 -35.020599
vt 41.880001 -34.979401
vt 41.877800 -35.020599
vt 41.877800 -34.979401
vt 41.884602 -34.979401
vt 41.884602 -35.020599
vt 41.918701 -35.022499
vt 42.039799 -35.022499
vt 42.039799 -35.018700
vt 41.918701 -35.018700
vt 42.058701 -34.975300
vt 42.058701 -35.024700
vt 42.087101 -35.024700
vt 42.087101 -34.975300
vt 41.914299 -34.977501
vt 41.914299 -35.022499
vt 41.928001 -35.022499
vt 41.928001 -34.977501
vt 42.030499 -34.977501
vt 42.030499 -35.022499
vt 42.044300 -35.022499
vt 42.044300 -34.977501
vt 41.917198 -35.033199
vt 41.927101 -35.043400
vt 41.927101 -35.037399
vt 41.937099 -35.033199
vt 41.912899 -35.037498
vt 41.941299 -35.037498
vt 41.912998 -35.023300
vt 41.941200 -35.023300
vt 41.907001 -35.023300
vt 41.947201 -35.023300
vt 41.912899 -35.009102
vt 41.941299 -35.009102
vt 41.917198 -35.013302
vt 41.937099 -35.013302
vt 41.927101 -35.003201
vt 41.927101 -35.009201
vt 41.960201 -34.973801
vt 42.081299 -34.973801
vt 42.085701 -34.969398
vt 42.085701 -34.988300
vt 41.955700 -34.969398
vt 42.081299 -34.986099
vt 41.955700 -34.988300
vt 42.071999 -35.000301
vt 41.960201 -34.986099
vt 42.070099 -34.995300
vt 41.969501 -35.000301
vt 41.971298 -34.995300
vt 41.877800 -35.019299
vt 41.911499 -35.027302
vt 41.911499 -35.019299
vt 41.877800 -35.027302
vt 42.122200 -35.002399
vt 42.115398 -35.002399
vt 42.119999 -35.004398
vt 42.110600 -34.975498
vt 42.103802 -34.975498
vt 42.106300 -34.973801
vt 42.107899 -35.002399
vt 42.101101 -35.002399
vt 42.105801 -35.004398
vt 42.096298 -34.975498
vt 42.089500 -34.975498
vt 42.091999 -34.973801
vt 42.103199 -34.969398
vt 42.107700 -34.967602
vt 42.098701 -34.967602
vt 42.098701 -34.958500
vt 42.096802 -34.963001
vt 42.107700 -34.958500
vt 42.103199 -34.956600
vt 42.109600 -34.963001
vt 41.959702 -34.969398
vt 42.081699 -34.969398
vt 11.998800 -39.000000
vt 12.001200 -38.993999
vt 11.998800 -38.993698
vt 12.001200 -39.006001
vt 11.998800 -39.006302
vt 12.001200 -39.000000
vt 12.000000 -38.998798
vt 12.005900 -39.001202
vt 12.006300 -38.998798
vt 12.000000 -39.001202
vt 11.994100 -39.001202
vt 11.993700 -38.998798
vt 11.998800 -38.993999
vt 11.998800 -39.006001
vt 12.001200 -38.993698
vt 12.001200 -39.006302
vt 61.987999 -53.000000
vt 61.994598 -52.998001
vt 61.990898 -52.992401
vt 61.996300 -52.986801
vt 61.988300 -53.007599
vt 61.993198 -53.005600
vt 62.000301 -53.009701
vt 62.002602 -52.996498
vt 62.007301 -53.011200
vt 62.009899 -52.995899
vt 61.992199 -52.996300
vt 61.995399 -52.986000
vt 61.989601 -52.990898
vt 62.002201 -52.987701
vt 61.996899 -53.002701
vt 61.984798 -53.002602
vt 62.008499 -52.992699
vt 61.988400 -53.009899
vt 61.995098 -53.014599
vt 62.012501 -52.999699
vt 62.002399 -53.008301
vt 62.013100 -53.006802
vt 62.007301 -53.011700
vt 61.997799 -52.990299
vt 62.003101 -53.001999
vt 62.004601 -52.994400
vt 62.010300 -53.000000
vt 62.010399 -52.992401
vt 62.007301 -53.007599
vt 62.002399 -53.013199
vt 61.995098 -53.003502
vt 61.991501 -52.988800
vt 61.988400 -53.004101
vt 62.007301 -52.988800
vt 62.002602 -53.003502
vt 62.009899 -53.004101
vt 62.000301 -52.990299
vt 61.994598 -53.001999
vt 61.996300 -53.013199
vt 61.990898 -53.007599
vt 61.993198 -52.994400
vt 61.988300 -52.992401
vt 62.002399 -52.991699
vt 62.013100 -52.993198
vt 62.007301 -52.988300
vt 62.012501 -53.000301
vt 61.995098 -52.985401
vt 61.996899 -52.997299
vt 61.988400 -52.990101
vt 62.008499 -53.007301
vt 62.002201 -53.012299
vt 61.984798 -52.997398
vt 61.992199 -53.003700
vt 61.995399 -53.014000
vt 61.989601 -53.009102
vt 61.988400 -52.995899
vt 61.991501 -53.011200
vt 61.995098 -52.996498
vt 61.997799 -53.009701
vt 62.010399 -53.007599
vt 62.004601 -53.005600
vt 62.003101 -52.998001
vt 62.007301 -52.992401
vt 62.002399 -52.986801
s 1
f 1975/1/1 1976/2/2 3/2/3 1/1/4
f 1976/2/2 1975/1/1 2/1/5 4/2/6
f 1976/2/2 1977/3/7 5/3/8 3/2/3
f 1977/3/7 1976/2/2 4/2/6 6/3/9
f 1977/3/7 1975/1/1 1/1/4 5/3/8
f 1975/1/1 1977/3/7 6/3/9 2/1/5
f 1978/2/10 1979/1/11 1/1/4 3/2/3
f 1979/1/11 1978/2/10 4/2/6 2/1/5
f 1979/1/11 1980/4/12 7/4/13 1/1/4
f 1980/4/12 1979/1/11 2/1/5 8/4/14
f 1980/4/12 1978/2/10 3/2/3 7/4/13
f 1978/2/10 1980/4/12 8/4/14 4/2/6
f 1981/5/15 1982/6/16 11/6/17 9/5/18
f 1982/6/16 1981/5/15 10/5/19 12/6/20
f 1982/6/16 1983/7/21 13/7/22 11/6/17
f 1983/7/21 1982/6/16 12/6/20 14/7/23
f 1983/7/21 1981/5/15 9/5/18 13/7/22
f 1981/5/15 1983/7/21 14/7/23 10/5/19
f 1984/6/24 1985/5/25 9/5/18 11/6/17
f 1985/5/25 1984/6/24 12/6/20 10/5/19
f 1985/5/25 1986/8/26 15/8/27 9/5/18
f 1986/8/26 1985/5/25 10/5/19 16/8/28
f 1986/8/26 1984/6/24 11/6/17 15/8/27
f 1984/6/24 1986/8/26 16/8/28 12/6/20
f 1987/8/29 1988/9/30 17/9/31 15/8/27
f 1988/9/30 1987/8/29 16/8/28 18/9/32
f 1988/9/30 1989/6/33 11/6/17 17/9/31
f 1989/6/33 1988/9/30 18/9/32 12/6/20
f 1989/6/33 1987/8/29 15/8/27 11/6/17
f 1987/8/29 1989/6/33 12/6/20 16/8/28
f 1990/9/34 1991/8/35 15/8/27 17/9/31
f 1991/8/35 1990/9/34 18/9/32 16/8/28
f 1991/8/35 1992/10/36 19/10/37 15/8/27
f 1992/10/36 1991/8/35 16/8/28 20/10/38
f 1992/10/36 1990/9/34 17/9/31 19/10/37
f 1990/9/34 1992/10/36 20/10/38 18/9/32
f 1993/9/39 1994/10/40 19/10/37 17/9/31
f 1994/10/40 1993/9/39 18/9/32 20/10/38
f 1994/10/40 1995/11/41 21/11/42 19/10/37
f 1995/11/41 1994/10/40 20/10/38 22/11/43
f 1995/11/41 1993/9/39 17/9/31 21/11/42
f 1993/9/39 1995/11/41 22/11/43 18/9/32
f 1996/11/44 1997/12/45 23/12/46 21/11/42
f 1997/12/45 1996/11/44 22/11/43 24/12/47
f 1997/12/45 1998/9/48 17/9/31 23/12/46
f 1998/9/48 1997/12/45 24/12/47 18/9/32
f 1998/9/48 1996/11/44 21/11/42 17/9/31
f 1996/11/44 1998/9/48 18/9/32 22/11/43
f 1999/13/49 2000/14/50 25/14/51 27/13/52
f 2000/14/50 1999/13/49 28/13/53 26/14/54
f 2000/14/50 2001/15/55 29/15/56 25/14/51
f 2001/15/55 2000/14/50 26/14/54 30/15/57
f 2001/15/55 1999/13/49 27/13/52 29/15/56
f 1999/13/49 2001/15/55 30/15/57 28/13/53
f 2002/15/58 2003/16/59 31/16/60 29/15/56
f 2003/16/59 2002/15/58 30/15/57 32/16/61
f 2003/16/59 2004/13/62 27/13/52 31/16/60
f 2004/13/62 2003/16/59 32/16/61 28/13/53
f 2004/13/62 2002/15/58 29/15/56 27/13/52
f 2002/15/58 2004/13/62 28/13/53 30/15/57
f 2005/16/63 2006/15/64 29/15/56 31/16/60
f 2006/15/64 2005/16/63 32/16/61 30/15/57
f 2006/15/64 2007/17/65 33/17/66 29/15/56
f 2007/17/65 2006/15/64 30/15/57 34/17/67
f 2007/17/65 2005/16/63 31/16/60 33/17/66
f 2005/16/63 2007/17/65 34/17/67 32/16/61
f 2008/17/68 2009/18/69 35/18/70 33/17/66
f 2009/18/69 2008/17/68 34/17/67 36/18/71
f 2009/18/69 2010/16/72 31/16/60 35/18/70
f 2010/16/72 2009/18/69 36/18/71 32/16/61
f 2010/16/72 2008/17/68 33/17/66 31/16/60
f 2008/17/68 2010/16/72 32/16/61 34/17/67
f 2011/6/73 2012/8/74 39/8/75 37/6/76
f 2012/8/74 2011/6/73 38/6/77 40/8/78
f 2012/8/74 2013/19/79 41/19/80 39/8/75
f 2013/19/79 2012/8/74 40/8/78 42/19/81
f 2013/19/79 2011/6/73 37/6/76 41/19/80
f 2011/6/73 2013/19/79 42/19/81 38/6/77
f 2014/8/82 2015/6/83 37/6/76 39/8/75
f 2015/6/83 2014/8/82 40/8/78 38/6/77
f 2015/6/83 2016/5/84 43/5/85 37/6/76
f 2016/5/84 2015/6/83 38/6/77 44/5/86
f 2016/5/84 2014/8/82 39/8/75 43/5/85
f 2014/8/82 2016/5/84 44/5/86 40/8/78
f 2017/7/87 2018/5/88 43/5/85 45/7/89
f 2018/5/88 2017/7/87 46/7/90 44/5/86
f 2018/5/88 2019/6/91 37/6/76 43/5/85
f 2019/6/91 2018/5/88 44/5/86 38/6/77
f 2019/6/91 2017/7/87 45/7/89 37/6/76
f 2017/7/87 2019/6/91 38/6/77 46/7/90
f 2020/19/92 2021/8/93 39/8/75 41/19/80
f 2021/8/93 2020/19/92 42/19/81 40/8/78
f 2021/8/93 2022/20/94 47/20/95 39/8/75
f 2022/20/94 2021/8/93 40/8/78 48/20/96
f 2022/20/94 2020/19/92 41/19/80 47/20/95
f 2020/19/92 2022/20/94 48/20/96 42/19/81
f 2023/21/97 2024/22/98 51/22/99 49/21/100
f 2024/22/98 2023/21/97 50/21/101 52/22/102
f 2024/22/98 2025/23/103 53/23/104 51/22/99
f 2025/23/103 2024/22/98 52/22/102 54/23/105
f 2025/23/103 2023/21/97 49/21/100 53/23/104
f 2023/21/97 2025/23/103 54/23/105 50/21/101
f 2026/23/106 2027/22/107 51/22/99 53/23/104
f 2027/22/107 2026/23/106 54/23/105 52/22/102
f 2027/22/107 2028/24/108 55/24/109 51/22/99
f 2028/24/108 2027/22/107 52/22/102 56/24/110
f 2028/24/108 2026/23/106 53/23/104 55/24/109
f 2026/23/106 2028/24/108 56/24/110 54/23/105
f 2029/25/111 2030/21/112 49/21/100 57/25/113
f 2030/21/112 2029/25/111 58/25/114 50/21/101
f 2030/21/112 2031/23/115 53/23/104 49/21/100
f 2031/23/115 2030/21/112 50/21/101 54/23/105
f 2031/23/115 2029/25/111 57/25/113 53/23/104
f 2029/25/111 2031/23/115 54/23/105 58/25/114
f 2032/26/116 2033/22/117 51/22/99 59/26/118
f 2033/22/117 2032/26/116 60/26/119 52/22/102
f 2033/22/117 2034/21/120 49/21/100 51/22/99
f 2034/21/120 2033/22/117 52/22/102 50/21/101
f 2034/21/120 2032/26/116 59/26/118 49/21/100
f 2032/26/116 2034/21/120 50/21/101 60/26/119
f 2035/22/121 2036/26/122 59/26/118 51/22/99
f 2036/26/122 2035/22/121 52/22/102 60/26/119
f 2036/26/122 2037/27/123 61/27/124 59/26/118
f 2037/27/123 2036/26/122 60/26/119 62/27/125
f 2037/27/123 2035/22/121 51/22/99 61/27/124
f 2035/22/121 2037/27/123 62/27/125 52/22/102
f 2038/21/126 2039/25/127 57/25/113 49/21/100
f 2039/25/127 2038/21/126 50/21/101 58/25/114
f 2039/25/127 2040/28/128 63/28/129 57/25/113
f 2040/28/128 2039/25/127 58/25/114 64/28/130
f 2040/28/128 2038/21/126 49/21/100 63/28/129
f 2038/21/126 2040/28/128 64/28/130 50/21/101
f 2041/29/131 2042/28/132 63/28/129 65/29/133
f 2042/28/132 2041/29/131 66/29/134 64/28/130
f 2042/28/132 2043/25/135 57/25/113 63/28/129
f 2043/25/135 2042/28/132 64/28/130 58/25/114
f 2043/25/135 2041/29/131 65/29/133 57/25/113
f 2041/29/131 2043/25/135 58/25/114 66/29/134
f 2044/30/136 2045/28/137 63/28/129 67/30/138
f 2045/28/137 2044/30/136 68/30/139 64/28/130
f 2045/28/137 2046/29/140 65/29/133 63/28/129
f 2046/29/140 2045/28/137 64/28/130 66/29/134
f 2046/29/140 2044/30/136 67/30/138 65/29/133
f 2044/30/136 2046/29/140 66/29/134 68/30/139
f 2047/31/141 2048/28/142 63/28/129 69/31/143
f 2048/28/142 2047/31/141 70/31/144 64/28/130
f 2048/28/142 2049/30/145 67/30/138 63/28/129
f 2049/30/145 2048/28/142 64/28/130 68/30/139
f 2049/30/145 2047/31/141 69/31/143 67/30/138
f 2047/31/141 2049/30/145 68/30/139 70/31/144
f 2050/28/146 2051/31/147 69/31/143 63/28/129
f 2051/31/147 2050/28/146 64/28/130 70/31/144
f 2051/31/147 2052/32/148 71/32/149 69/31/143
f 2052/32/148 2051/31/147 70/31/144 72/32/150
f 2052/32/148 2050/28/146 63/28/129 71/32/149
f 2050/28/146 2052/32/148 72/32/150 64/28/130
f 2053/33/151 2054/34/152 75/34/153 73/33/154
f 2054/34/152 2053/33/151 74/33/155 76/34/156
f 2054/34/152 2055/35/157 77/35/158 75/34/153
f 2055/35/157 2054/34/152 76/34/156 78/35/159
f 2055/35/157 2053/33/151 73/33/154 77/35/158
f 2053/33/151 2055/35/157 78/35/159 74/33/155
f 2056/33/160 2057/35/161 77/35/158 73/33/154
f 2057/35/161 2056/33/160 74/33/155 78/35/159
f 2057/35/161 2058/36/162 79/36/163 77/35/158
f 2058/36/162 2057/35/161 78/35/159 80/36/164
f 2058/36/162 2056/33/160 73/33/154 79/36/163
f 2056/33/160 2058/36/162 80/36/164 74/33/155
f 2059/37/165 2060/38/166 83/38/167 81/37/168
f 2060/38/166 2059/37/165 82/37/169 84/38/170
f 2060/38/166 2061/39/171 85/39/172 83/38/167
f 2061/39/171 2060/38/166 84/38/170 86/39/173
f 2061/39/171 2059/37/165 81/37/168 85/39/172
f 2059/37/165 2061/39/171 86/39/173 82/37/169
f 2062/37/174 2063/39/175 85/39/172 81/37/168
f 2063/39/175 2062/37/174 82/37/169 86/39/173
f 2063/39/175 2064/40/176 87/40/177 85/39/172
f 2064/40/176 2063/39/175 86/39/173 88/40/178
f 2064/40/176 2062/37/174 81/37/168 87/40/177
f 2062/37/174 2064/40/176 88/40/178 82/37/169
f 2065/41/179 2066/42/180 91/42/181 89/41/182
f 2066/42/180 2065/41/179 90/41/183 92/42/184
f 2066/42/180 2067/43/185 93/43/186 91/42/181
f 2067/43/185 2066/42/180 92/42/184 94/43/187
f 2067/43/185 2065/41/179 89/41/182 93/43/186
f 2065/41/179 2067/43/185 94/43/187 90/41/183
f 2068/43/188 2069/42/189 91/42/181 93/43/186
f 2069/42/189 2068/43/188 94/43/187 92/42/184
f 2069/42/189 2070/44/190 95/44/191 91/42/181
f 2070/44/190 2069/42/189 92/42/184 96/44/192
f 2070/44/190 2068/43/188 93/43/186 95/44/191
f 2068/43/188 2070/44/190 96/44/192 94/43/187
f 2071/45/193 2072/46/194 99/46/195 97/45/196
f 2072/46/194 2071/45/193 98/45/197 100/46/198
f 2072/46/194 2073/47/199 101/47/200 99/46/195
f 2073/47/199 2072/46/194 100/46/198 102/47/201
f 2073/47/199 2071/45/193 97/45/196 101/47/200
f 2071/45/193 2073/47/199 102/47/201 98/45/197
f 2074/47/202 2075/46/203 99/46/195 101/47/200
f 2075/46/203 2074/47/202 102/47/201 100/46/198
f 2075/46/203 2076/48/204 103/48/205 99/46/195
f 2076/48/204 2075/46/203 100/46/198 104/48/206
f 2076/48/204 2074/47/202 101/47/200 103/48/205
f 2074/47/202 2076/48/204 104/48/206 102/47/201
f 2077/49/207 2078/50/208 107/50/209 105/49/210
f 2078/50/208 2077/49/207 106/49/211 108/50/212
f 2078/50/208 2079/51/213 109/51/214 107/50/209
f 2079/51/213 2078/50/208 108/50/212 110/51/215
f 2079/51/213 2077/49/207 105/49/210 109/51/214
f 2077/49/207 2079/51/213 110/51/215 106/49/211
f 2080/50/216 2081/52/217 111/52/218 107/50/209
f 2081/52/217 2080/50/216 108/50/212 112/52/219
f 2081/52/217 2082/51/220 109/51/214 111/52/218
f 2082/51/220 2081/52/217 112/52/219 110/51/215
f 2082/51/220 2080/50/216 107/50/209 109/51/214
f 2080/50/216 2082/51/220 110/51/215 108/50/212
f 2083/53/221 2084/54/222 115/54/223 113/53/224
f 2084/54/222 2083/53/221 114/53/225 116/54/226
f 2084/54/222 2085/55/227 117/55/228 115/54/223
f 2085/55/227 2084/54/222 116/54/226 118/55/229
f 2085/55/227 2083/53/221 113/53/224 117/55/228
f 2083/53/221 2085/55/227 118/55/229 114/53/225
f 2086/54/230 2087/53/231 113/53/224 115/54/223
f 2087/53/231 2086/54/230 116/54/226 114/53/225
f 2087/53/231 2088/56/232 119/56/233 113/53/224
f 2088/56/232 2087/53/231 114/53/225 120/56/234
f 2088/56/232 2086/54/230 115/54/223 119/56/233
f 2086/54/230 2088/56/232 120/56/234 116/54/226
f 2089/57/235 2090/49/236 121/49/237 125/57/238
f 2090/49/236 2089/57/235 126/57/239 122/49/240
f 2090/49/236 2091/51/241 123/51/242 121/49/237
f 2091/51/241 2090/49/236 122/49/240 124/51/243
f 2091/51/241 2089/57/235 125/57/238 123/51/242
f 2089/57/235 2091/51/241 124/51/243 126/57/239
f 2092/49/244 2093/57/245 125/57/238 121/49/237
f 2093/57/245 2092/49/244 122/49/240 126/57/239
f 2093/57/245 2094/58/246 127/58/247 125/57/238
f 2094/58/246 2093/57/245 126/57/239 128/58/248
f 2094/58/246 2092/49/244 121/49/237 127/58/247
f 2092/49/244 2094/58/246 128/58/248 122/49/240
f 2095/59/249 2096/58/250 127/58/247 129/59/251
f 2096/58/250 2095/59/249 130/59/252 128/58/248
f 2096/58/250 2097/57/253 125/57/238 127/58/247
f 2097/57/253 2096/58/250 128/58/248 126/57/239
f 2097/57/253 2095/59/249 129/59/251 125/57/238
f 2095/59/249 2097/57/253 126/57/239 130/59/252
f 2098/60/254 2099/59/255 129/59/251 131/60/256
f 2099/59/255 2098/60/254 132/60/257 130/59/252
f 2099/59/255 2100/57/258 125/57/238 129/59/251
f 2100/57/258 2099/59/255 130/59/252 126/57/239
f 2100/57/258 2098/60/254 131/60/256 125/57/238
f 2098/60/254 2100/57/258 126/57/239 132/60/257
f 2101/59/259 2102/60/260 131/60/256 129/59/251
f 2102/60/260 2101/59/259 130/59/252 132/60/257
f 2102/60/260 2103/61/261 133/61/262 131/60/256
f 2103/61/261 2102/60/260 132/60/257 134/61/263
f 2103/61/261 2101/59/259 129/59/251 133/61/262
f 2101/59/259 2103/61/261 134/61/263 130/59/252
f 2104/61/264 2105/60/265 131/60/256 133/61/262
f 2105/60/265 2104/61/264 134/61/263 132/60/257
f 2105/60/265 2106/62/266 135/62/267 131/60/256
f 2106/62/266 2105/60/265 132/60/257 136/62/268
f 2106/62/266 2104/61/264 133/61/262 135/62/267
f 2104/61/264 2106/62/266 136/62/268 134/61/263
f 2107/61/269 2108/62/270 135/62/267 133/61/262
f 2108/62/270 2107/61/269 134/61/263 136/62/268
f 2108/62/270 2109/56/271 137/56/272 135/62/267
f 2109/56/271 2108/62/270 136/62/268 138/56/273
f 2109/56/271 2107/61/269 133/61/262 137/56/272
f 2107/61/269 2109/56/271 138/56/273 134/61/263
f 2110/56/274 2111/53/275 139/53/276 137/56/272
f 2111/53/275 2110/56/274 138/56/273 140/53/277
f 2111/53/275 2112/61/278 133/61/262 139/53/276
f 2112/61/278 2111/53/275 140/53/277 134/61/263
f 2112/61/278 2110/56/274 137/56/272 133/61/262
f 2110/56/274 2112/61/278 134/61/263 138/56/273
f 2113/63/279 2114/64/280 143/64/281 141/63/282
f 2114/64/280 2113/63/279 142/63/283 144/64/284
f 2114/64/280 2115/65/285 145/65/286 143/64/281
f 2115/65/285 2114/64/280 144/64/284 146/65/287
f 2115/65/285 2113/63/279 141/63/282 145/65/286
f 2113/63/279 2115/65/285 146/65/287 142/63/283
f 2116/66/288 2117/63/289 141/63/282 147/66/290
f 2117/63/289 2116/66/288 148/66/291 142/63/283
f 2117/63/289 2118/65/292 145/65/286 141/63/282
f 2118/65/292 2117/63/289 142/63/283 146/65/287
f 2118/65/292 2116/66/288 147/66/290 145/65/286
f 2116/66/288 2118/65/292 146/65/287 148/66/291
f 2119/63/293 2120/66/294 147/66/290 141/63/282
f 2120/66/294 2119/63/293 142/63/283 148/66/291
f 2120/66/294 2121/67/295 149/67/296 147/66/290
f 2121/67/295 2120/66/294 148/66/291 150/67/297
f 2121/67/295 2119/63/293 141/63/282 149/67/296
f 2119/63/293 2121/67/295 150/67/297 142/63/283
f 2122/68/298 2123/67/299 149/67/296 151/68/300
f 2123/67/299 2122/68/298 152/68/301 150/67/297
f 2123/67/299 2124/66/302 147/66/290 149/67/296
f 2124/66/302 2123/67/299 150/67/297 148/66/291
f 2124/66/302 2122/68/298 151/68/300 147/66/290
f 2122/68/298 2124/66/302 148/66/291 152/68/301
f 2125/67/303 2126/68/304 151/68/300 149/67/296
f 2126/68/304 2125/67/303 150/67/297 152/68/301
f 2126/68/304 2127/69/305 153/69/306 151/68/300
f 2127/69/305 2126/68/304 152/68/301 154/69/307
f 2127/69/305 2125/67/303 149/67/296 153/69/306
f 2125/67/303 2127/69/305 154/69/307 150/67/297
f 2128/64/308 2129/63/309 141/63/282 143/64/281
f 2129/63/309 2128/64/308 144/64/284 142/63/283
f 2129/63/309 2130/70/310 155/70/311 141/63/282
f 2130/70/310 2129/63/309 142/63/283 156/70/312
f 2130/70/310 2128/64/308 143/64/281 155/70/311
f 2128/64/308 2130/70/310 156/70/312 144/64/284
f 2131/70/313 2132/71/314 157/71/315 155/70/311
f 2132/71/314 2131/70/313 156/70/312 158/71/316
f 2132/71/314 2133/64/317 143/64/281 157/71/315
f 2133/64/317 2132/71/314 158/71/316 144/64/284
f 2133/64/317 2131/70/313 155/70/311 143/64/281
f 2131/70/313 2133/64/317 144/64/284 156/70/312
f 2134/72/318 2135/64/319 143/64/281 159/72/320
f 2135/64/319 2134/72/318 160/72/321 144/64/284
f 2135/64/319 2136/71/322 157/71/315 143/64/281
f 2136/71/322 2135/64/319 144/64/284 158/71/316
f 2136/71/322 2134/72/318 159/72/320 157/71/315
f 2134/72/318 2136/71/322 158/71/316 160/72/321
f 2137/64/323 2138/73/324 161/73/325 143/64/281
f 2138/73/324 2137/64/323 144/64/284 162/73/326
f 2138/73/324 2139/65/327 145/65/286 161/73/325
f 2139/65/327 2138/73/324 162/73/326 146/65/287
f 2139/65/327 2137/64/323 143/64/281 145/65/286
f 2137/64/323 2139/65/327 146/65/287 144/64/284
f 2140/64/328 2141/72/329 159/72/320 143/64/281
f 2141/72/329 2140/64/328 144/64/284 160/72/321
f 2141/72/329 2142/74/330 163/74/331 159/72/320
f 2142/74/330 2141/72/329 160/72/321 164/74/332
f 2142/74/330 2140/64/328 143/64/281 163/74/331
f 2140/64/328 2142/74/330 164/74/332 144/64/284
f 2143/74/333 2144/72/334 159/72/320 163/74/331
f 2144/72/334 2143/74/333 164/74/332 160/72/321
f 2144/72/334 2145/75/335 165/75/336 159/72/320
f 2145/75/335 2144/72/334 160/72/321 166/75/337
f 2145/75/335 2143/74/333 163/74/331 165/75/336
f 2143/74/333 2145/75/335 166/75/337 164/74/332
f 2146/76/338 2147/64/339 143/64/281 167/76/340
f 2147/64/339 2146/76/338 168/76/341 144/64/284
f 2147/64/339 2148/74/342 163/74/331 143/64/281
f 2148/74/342 2147/64/339 144/64/284 164/74/332
f 2148/74/342 2146/76/338 167/76/340 163/74/331
f 2146/76/338 2148/74/342 164/74/332 168/76/341
f 2149/75/343 2150/77/344 169/77/345 165/75/336
f 2150/77/344 2149/75/343 166/75/337 170/77/346
f 2150/77/344 2151/74/347 163/74/331 169/77/345
f 2151/74/347 2150/77/344 170/77/346 164/74/332
f 2151/74/347 2149/75/343 165/75/336 163/74/331
f 2149/75/343 2151/74/347 164/74/332 166/75/337
f 2152/76/348 2153/78/349 171/78/350 167/76/340
f 2153/78/349 2152/76/348 168/76/341 172/78/351
f 2153/78/349 2154/64/352 143/64/281 171/78/350
f 2154/64/352 2153/78/349 172/78/351 144/64/284
f 2154/64/352 2152/76/348 167/76/340 143/64/281
f 2152/76/348 2154/64/352 144/64/284 168/76/341
f 2155/73/353 2156/64/354 143/64/281 161/73/325
f 2156/64/354 2155/73/353 162/73/326 144/64/284
f 2156/64/354 2157/78/355 171/78/350 143/64/281
f 2157/78/355 2156/64/354 144/64/284 172/78/351
f 2157/78/355 2155/73/353 161/73/325 171/78/350
f 2155/73/353 2157/78/355 172/78/351 162/73/326
f 2158/77/356 2159/75/357 165/75/336 169/77/345
f 2159/75/357 2158/77/356 170/77/346 166/75/337
f 2159/75/357 2160/79/358 173/79/359 165/75/336
f 2160/79/358 2159/75/357 166/75/337 174/79/360
f 2160/79/358 2158/77/356 169/77/345 173/79/359
f 2158/77/356 2160/79/358 174/79/360 170/77/346
f 2161/79/361 2162/80/362 175/80/363 173/79/359
f 2162/80/362 2161/79/361 174/79/360 176/80/364
f 2162/80/362 2163/77/365 169/77/345 175/80/363
f 2163/77/365 2162/80/362 176/80/364 170/77/346
f 2163/77/365 2161/79/361 173/79/359 169/77/345
f 2161/79/361 2163/77/365 170/77/346 174/79/360
f 2164/80/366 2165/79/367 173/79/359 175/80/363
f 2165/79/367 2164/80/366 176/80/364 174/79/360
f 2165/79/367 2166/81/368 177/81/369 173/79/359
f 2166/81/368 2165/79/367 174/79/360 178/81/370
f 2166/81/368 2164/80/366 175/80/363 177/81/369
f 2164/80/366 2166/81/368 178/81/370 176/80/364
f 2167/73/371 2168/78/372 171/78/350 161/73/325
f 2168/78/372 2167/73/371 162/73/326 172/78/351
f 2168/78/372 2169/82/373 179/82/374 171/78/350
f 2169/82/373 2168/78/372 172/78/351 180/82/375
f 2169/82/373 2167/73/371 161/73/325 179/82/374
f 2167/73/371 2169/82/373 180/82/375 162/73/326
f 2170/73/376 2171/82/377 179/82/374 161/73/325
f 2171/82/377 2170/73/376 162/73/326 180/82/375
f 2171/82/377 2172/83/378 181/83/379 179/82/374
f 2172/83/378 2171/82/377 180/82/375 182/83/380
f 2172/83/378 2170/73/376 161/73/325 181/83/379
f 2170/73/376 2172/83/378 182/83/380 162/73/326
f 2173/83/381 2174/82/382 179/82/374 181/83/379
f 2174/82/382 2173/83/381 182/83/380 180/82/375
f 2174/82/382 2175/84/383 183/84/384 179/82/374
f 2175/84/383 2174/82/382 180/82/375 184/84/385
f 2175/84/383 2173/83/381 181/83/379 183/84/384
f 2173/83/381 2175/84/383 184/84/385 182/83/380
f 2176/84/386 2177/85/387 185/85/388 183/84/384
f 2177/85/387 2176/84/386 184/84/385 186/85/389
f 2177/85/387 2178/83/390 181/83/379 185/85/388
f 2178/83/390 2177/85/387 186/85/389 182/83/380
f 2178/83/390 2176/84/386 183/84/384 181/83/379
f 2176/84/386 2178/83/390 182/83/380 184/84/385
f 2179/86/391 2180/85/392 185/85/388 187/86/393
f 2180/85/392 2179/86/391 188/86/394 186/85/389
f 2180/85/392 2181/84/395 183/84/384 185/85/388
f 2181/84/395 2180/85/392 186/85/389 184/84/385
f 2181/84/395 2179/86/391 187/86/393 183/84/384
f 2179/86/391 2181/84/395 184/84/385 188/86/394
f 2182/86/396 2183/87/397 189/87/398 187/86/393
f 2183/87/397 2182/86/396 188/86/394 190/87/399
f 2183/87/397 2184/85/400 185/85/388 189/87/398
f 2184/85/400 2183/87/397 190/87/399 186/85/389
f 2184/85/400 2182/86/396 187/86/393 185/85/388
f 2182/86/396 2184/85/400 186/85/389 188/86/394
f 2185/86/401 2186/88/402 191/88/403 187/86/393
f 2186/88/402 2185/86/401 188/86/394 192/88/404
f 2186/88/402 2187/87/405 189/87/398 191/88/403
f 2187/87/405 2186/88/402 192/88/404 190/87/399
f 2187/87/405 2185/86/401 187/86/393 189/87/398
f 2185/86/401 2187/87/405 190/87/399 188/86/394
f 2188/88/406 2189/86/407 187/86/393 191/88/403
f 2189/86/407 2188/88/406 192/88/404 188/86/394
f 2189/86/407 2190/89/408 193/89/409 187/86/393
f 2190/89/408 2189/86/407 188/86/394 194/89/410
f 2190/89/408 2188/88/406 191/88/403 193/89/409
f 2188/88/406 2190/89/408 194/89/410 192/88/404
f 2191/90/368 2192/91/411 197/91/412 195/90/413
f 2192/91/411 2191/90/368 196/90/414 198/91/415
f 2192/91/411 2193/92/416 199/92/417 197/91/412
f 2193/92/416 2192/91/411 198/91/415 200/92/418
f 2193/92/416 2191/90/368 195/90/413 199/92/417
f 2191/90/368 2193/92/416 200/92/418 196/90/414
f 2194/93/419 2195/92/420 199/92/417 201/93/421
f 2195/92/420 2194/93/419 202/93/422 200/92/418
f 2195/92/420 2196/91/423 197/91/412 199/92/417
f 2196/91/423 2195/92/420 200/92/418 198/91/415
f 2196/91/423 2194/93/419 201/93/421 197/91/412
f 2194/93/419 2196/91/423 198/91/415 202/93/422
f 2197/91/424 2198/90/425 195/90/413 197/91/412
f 2198/90/425 2197/91/424 198/91/415 196/90/414
f 2198/90/425 2199/94/426 203/94/427 195/90/413
f 2199/94/426 2198/90/425 196/90/414 204/94/428
f 2199/94/426 2197/91/424 197/91/412 203/94/427
f 2197/91/424 2199/94/426 204/94/428 198/91/415
f 2200/91/429 2201/94/430 203/94/427 197/91/412
f 2201/94/430 2200/91/429 198/91/415 204/94/428
f 2201/94/430 2202/95/431 205/95/432 203/94/427
f 2202/95/431 2201/94/430 204/94/428 206/95/433
f 2202/95/431 2200/91/429 197/91/412 205/95/432
f 2200/91/429 2202/95/431 206/95/433 198/91/415
f 2203/96/434 2204/97/435 209/97/436 207/96/437
f 2204/97/435 2203/96/434 208/96/438 210/97/439
f 2204/97/435 2205/98/440 211/98/441 209/97/436
f 2205/98/440 2204/97/435 210/97/439 212/98/442
f 2205/98/440 2203/96/434 207/96/437 211/98/441
f 2203/96/434 2205/98/440 212/98/442 208/96/438
f 2206/97/443 2207/99/444 213/99/445 209/97/436
f 2207/99/444 2206/97/443 210/97/439 214/99/446
f 2207/99/444 2208/98/447 211/98/441 213/99/445
f 2208/98/447 2207/99/444 214/99/446 212/98/442
f 2208/98/447 2206/97/443 209/97/436 211/98/441
f 2206/97/443 2208/98/447 212/98/442 210/97/439
f 2209/91/448 2210/90/425 217/90/449 215/91/450
f 2210/90/425 2209/91/448 216/91/451 218/90/452
f 2210/90/425 2211/94/426 219/94/427 217/90/449
f 2211/94/426 2210/90/425 218/90/452 220/94/428
f 2211/94/426 2209/91/448 215/91/450 219/94/427
f 2209/91/448 2211/94/426 220/94/428 216/91/451
f 2212/91/453 2213/94/454 219/94/427 215/91/450
f 2213/94/454 2212/91/453 216/91/451 220/94/428
f 2213/94/454 2214/95/455 221/95/456 219/94/427
f 2214/95/455 2213/94/454 220/94/428 222/95/457
f 2214/95/455 2212/91/453 215/91/450 221/95/456
f 2212/91/453 2214/95/455 222/95/457 216/91/451
f 2215/8/458 2216/6/459 225/6/460 223/8/461
f 2216/6/459 2215/8/458 224/8/462 226/6/463
f 2216/6/459 2217/5/464 227/5/465 225/6/460
f 2217/5/464 2216/6/459 226/6/463 228/5/466
f 2217/5/464 2215/8/458 223/8/461 227/5/465
f 2215/8/458 2217/5/464 228/5/466 224/8/462
f 2218/5/467 2219/6/468 225/6/460 227/5/465
f 2219/6/468 2218/5/467 228/5/466 226/6/463
f 2219/6/468 2220/7/469 229/7/470 225/6/460
f 2220/7/469 2219/6/468 226/6/463 230/7/471
f 2220/7/469 2218/5/467 227/5/465 229/7/470
f 2218/5/467 2220/7/469 230/7/471 228/5/466
f 2221/8/472 2222/9/473 231/9/474 223/8/461
f 2222/9/473 2221/8/472 224/8/462 232/9/475
f 2222/9/473 2223/6/476 225/6/460 231/9/474
f 2223/6/476 2222/9/473 232/9/475 226/6/463
f 2223/6/476 2221/8/472 223/8/461 225/6/460
f 2221/8/472 2223/6/476 226/6/463 224/8/462
f 2224/8/477 2225/10/478 233/10/479 223/8/461
f 2225/10/478 2224/8/477 224/8/462 234/10/480
f 2225/10/478 2226/9/481 231/9/474 233/10/479
f 2226/9/481 2225/10/478 234/10/480 232/9/475
f 2226/9/481 2224/8/477 223/8/461 231/9/474
f 2224/8/477 2226/9/481 232/9/475 224/8/462
f 2227/11/482 2228/9/483 231/9/474 235/11/484
f 2228/9/483 2227/11/482 236/11/485 232/9/475
f 2228/9/483 2229/10/486 233/10/479 231/9/474
f 2229/10/486 2228/9/483 232/9/475 234/10/480
f 2229/10/486 2227/11/482 235/11/484 233/10/479
f 2227/11/482 2229/10/486 234/10/480 236/11/485
f 2230/9/487 2231/11/488 235/11/484 231/9/474
f 2231/11/488 2230/9/487 232/9/475 236/11/485
f 2231/11/488 2232/12/489 237/12/490 235/11/484
f 2232/12/489 2231/11/488 236/11/485 238/12/491
f 2232/12/489 2230/9/487 231/9/474 237/12/490
f 2230/9/487 2232/12/489 238/12/491 232/9/475
f 2233/22/492 2234/24/493 241/24/494 239/22/495
f 2234/24/493 2233/22/492 240/22/496 242/24/497
f 2234/24/493 2235/23/498 243/23/499 241/24/494
f 2235/23/498 2234/24/493 242/24/497 244/23/500
f 2235/23/498 2233/22/492 239/22/495 243/23/499
f 2233/22/492 2235/23/498 244/23/500 240/22/496
f 2236/22/501 2237/23/502 243/23/499 239/22/495
f 2237/23/502 2236/22/501 240/22/496 244/23/500
f 2237/23/502 2238/21/503 245/21/504 243/23/499
f 2238/21/503 2237/23/502 244/23/500 246/21/505
f 2238/21/503 2236/22/501 239/22/495 245/21/504
f 2236/22/501 2238/21/503 246/21/505 240/22/496
f 2239/21/506 2240/23/507 243/23/499 245/21/504
f 2240/23/507 2239/21/506 246/21/505 244/23/500
f 2240/23/507 2241/25/508 247/25/509 243/23/499
f 2241/25/508 2240/23/507 244/23/500 248/25/510
f 2241/25/508 2239/21/506 245/21/504 247/25/509
f 2239/21/506 2241/25/508 248/25/510 246/21/505
f 2242/22/511 2243/21/512 245/21/504 239/22/495
f 2243/21/512 2242/22/511 240/22/496 246/21/505
f 2243/21/512 2244/100/513 249/100/514 245/21/504
f 2244/100/513 2243/21/512 246/21/505 250/100/515
f 2244/100/513 2242/22/511 239/22/495 249/100/514
f 2242/22/511 2244/100/513 250/100/515 240/22/496
f 2245/101/516 2246/22/517 239/22/495 251/101/518
f 2246/22/517 2245/101/516 252/101/519 240/22/496
f 2246/22/517 2247/100/520 249/100/514 239/22/495
f 2247/100/520 2246/22/517 240/22/496 250/100/515
f 2247/100/520 2245/101/516 251/101/518 249/100/514
f 2245/101/516 2247/100/520 250/100/515 252/101/519
f 2248/21/521 2249/25/522 247/25/509 245/21/504
f 2249/25/522 2248/21/521 246/21/505 248/25/510
f 2249/25/522 2250/28/523 253/28/524 247/25/509
f 2250/28/523 2249/25/522 248/25/510 254/28/525
f 2250/28/523 2248/21/521 245/21/504 253/28/524
f 2248/21/521 2250/28/523 254/28/525 246/21/505
f 2251/28/526 2252/25/527 247/25/509 253/28/524
f 2252/25/527 2251/28/526 254/28/525 248/25/510
f 2252/25/527 2253/29/528 255/29/529 247/25/509
f 2253/29/528 2252/25/527 248/25/510 256/29/530
f 2253/29/528 2251/28/526 253/28/524 255/29/529
f 2251/28/526 2253/29/528 256/29/530 254/28/525
f 2254/28/531 2255/29/532 255/29/529 253/28/524
f 2255/29/532 2254/28/531 254/28/525 256/29/530
f 2255/29/532 2256/30/533 257/30/534 255/29/529
f 2256/30/533 2255/29/532 256/29/530 258/30/535
f 2256/30/533 2254/28/531 253/28/524 257/30/534
f 2254/28/531 2256/30/533 258/30/535 254/28/525
f 2257/28/536 2258/30/537 257/30/534 253/28/524
f 2258/30/537 2257/28/536 254/28/525 258/30/535
f 2258/30/537 2259/102/538 259/102/539 257/30/534
f 2259/102/538 2258/30/537 258/30/535 260/102/540
f 2259/102/538 2257/28/536 253/28/524 259/102/539
f 2257/28/536 2259/102/538 260/102/540 254/28/525
f 2260/103/541 2261/28/542 253/28/524 261/103/543
f 2261/28/542 2260/103/541 262/103/544 254/28/525
f 2261/28/542 2262/102/545 259/102/539 253/28/524
f 2262/102/545 2261/28/542 254/28/525 260/102/540
f 2262/102/545 2260/103/541 261/103/543 259/102/539
f 2260/103/541 2262/102/545 260/102/540 262/103/544
f 2263/16/546 2264/17/547 265/17/548 267/16/549
f 2264/17/547 2263/16/546 268/16/550 266/17/551
f 2264/17/547 2265/18/552 263/18/553 265/17/548
f 2265/18/552 2264/17/547 266/17/551 264/18/554
f 2265/18/552 2263/16/546 267/16/549 263/18/553
f 2263/16/546 2265/18/552 264/18/554 268/16/550
f 2266/17/555 2267/16/556 267/16/549 265/17/548
f 2267/16/556 2266/17/555 266/17/551 268/16/550
f 2267/16/556 2268/15/557 269/15/558 267/16/549
f 2268/15/557 2267/16/556 268/16/550 270/15/559
f 2268/15/557 2266/17/555 265/17/548 269/15/558
f 2266/17/555 2268/15/557 270/15/559 266/17/551
f 2269/15/560 2270/13/561 273/13/562 275/15/563
f 2270/13/561 2269/15/560 276/15/564 274/13/565
f 2270/13/561 2271/14/566 271/14/567 273/13/562
f 2271/14/566 2270/13/561 274/13/565 272/14/568
f 2271/14/566 2269/15/560 275/15/563 271/14/567
f 2269/15/560 2271/14/566 272/14/568 276/15/564
f 2272/13/569 2273/15/570 275/15/563 273/13/562
f 2273/15/570 2272/13/569 274/13/565 276/15/564
f 2273/15/570 2274/16/571 277/16/572 275/15/563
f 2274/16/571 2273/15/570 276/15/564 278/16/573
f 2274/16/571 2272/13/569 273/13/562 277/16/572
f 2272/13/569 2274/16/571 278/16/573 274/13/565
f 2275/19/574 2276/8/575 283/8/576 279/19/577
f 2276/8/575 2275/19/574 280/19/578 284/8/579
f 2276/8/575 2277/20/580 281/20/581 283/8/576
f 2277/20/580 2276/8/575 284/8/579 282/20/582
f 2277/20/580 2275/19/574 279/19/577 281/20/581
f 2275/19/574 2277/20/580 282/20/582 280/19/578
f 2278/8/583 2279/19/584 279/19/577 283/8/576
f 2279/19/584 2278/8/583 284/8/579 280/19/578
f 2279/19/584 2280/6/585 285/6/586 279/19/577
f 2280/6/585 2279/19/584 280/19/578 286/6/587
f 2280/6/585 2278/8/583 283/8/576 285/6/586
f 2278/8/583 2280/6/585 286/6/587 284/8/579
f 2281/7/588 2282/8/589 283/8/576 287/7/590
f 2282/8/589 2281/7/588 288/7/591 284/8/579
f 2282/8/589 2283/6/592 285/6/586 283/8/576
f 2283/6/592 2282/8/589 284/8/579 286/6/587
f 2283/6/592 2281/7/588 287/7/590 285/6/586
f 2281/7/588 2283/6/592 286/6/587 288/7/591
f 2284/8/593 2285/7/594 287/7/590 283/8/576
f 2285/7/594 2284/8/593 284/8/579 288/7/591
f 2285/7/594 2286/5/595 289/5/596 287/7/590
f 2286/5/595 2285/7/594 288/7/591 290/5/597
f 2286/5/595 2284/8/593 283/8/576 289/5/596
f 2284/8/593 2286/5/595 290/5/597 284/8/579
f 2287/4/598 2288/3/599 293/3/600 291/4/601
f 2288/3/599 2287/4/598 292/4/602 294/3/603
f 2288/3/599 2289/1/604 295/1/605 293/3/600
f 2289/1/604 2288/3/599 294/3/603 296/1/606
f 2289/1/604 2287/4/598 291/4/601 295/1/605
f 2287/4/598 2289/1/604 296/1/606 292/4/602
f 2290/3/607 2291/4/608 291/4/601 293/3/600
f 2291/4/608 2290/3/607 294/3/603 292/4/602
f 2291/4/608 2292/2/609 297/2/610 291/4/601
f 2292/2/609 2291/4/608 292/4/602 298/2/611
f 2292/2/609 2290/3/607 293/3/600 297/2/610
f 2290/3/607 2292/2/609 298/2/611 294/3/603
f 2293/104/612 2294/105/613 299/105/614 301/104/615
f 2294/105/613 2293/104/612 302/104/616 300/105/617
f 2294/105/613 2295/106/618 303/106/619 299/105/614
f 2295/106/618 2294/105/613 300/105/617 304/106/620
f 2295/106/618 2293/104/612 301/104/615 303/106/619
f 2293/104/612 2295/106/618 304/106/620 302/104/616
f 2296/106/621 2297/107/622 305/107/623 303/106/619
f 2297/107/622 2296/106/621 304/106/620 306/107/624
f 2297/107/622 2298/104/625 301/104/615 305/107/623
f 2298/104/625 2297/107/622 306/107/624 302/104/616
f 2298/104/625 2296/106/621 303/106/619 301/104/615
f 2296/106/621 2298/104/625 302/104/616 304/106/620
f 2299/107/626 2300/106/627 307/106/628 309/107/629
f 2300/106/627 2299/107/626 310/107/630 308/106/631
f 2300/106/627 2301/108/632 311/108/633 307/106/628
f 2301/108/632 2300/106/627 308/106/631 312/108/634
f 2301/108/632 2299/107/626 309/107/629 311/108/633
f 2299/107/626 2301/108/632 312/108/634 310/107/630
f 2302/108/635 2303/109/636 313/109/637 311/108/633
f 2303/109/636 2302/108/635 312/108/634 314/109/638
f 2303/109/636 2304/107/639 309/107/629 313/109/637
f 2304/107/639 2303/109/636 314/109/638 310/107/630
f 2304/107/639 2302/108/635 311/108/633 309/107/629
f 2302/108/635 2304/107/639 310/107/630 312/108/634
f 2305/110/640 2306/109/641 313/109/637 315/110/642
f 2306/109/641 2305/110/640 316/110/643 314/109/638
f 2306/109/641 2307/108/644 311/108/633 313/109/637
f 2307/108/644 2306/109/641 314/109/638 312/108/634
f 2307/108/644 2305/110/640 315/110/642 311/108/633
f 2305/110/640 2307/108/644 312/108/634 316/110/643
f 2308/109/645 2309/110/646 315/110/642 313/109/637
f 2309/110/646 2308/109/645 314/109/638 316/110/643
f 2309/110/646 2310/111/647 317/111/648 315/110/642
f 2310/111/647 2309/110/646 316/110/643 318/111/649
f 2310/111/647 2308/109/645 313/109/637 317/111/648
f 2308/109/645 2310/111/647 318/111/649 314/109/638
f 2311/112/650 2312/111/651 317/111/648 319/112/652
f 2312/111/651 2311/112/650 320/112/653 318/111/649
f 2312/111/651 2313/110/654 315/110/642 317/111/648
f 2313/110/654 2312/111/651 318/111/649 316/110/643
f 2313/110/654 2311/112/650 319/112/652 315/110/642
f 2311/112/650 2313/110/654 316/110/643 320/112/653
f 2314/111/655 2315/112/656 319/112/652 317/111/648
f 2315/112/656 2314/111/655 318/111/649 320/112/653
f 2315/112/656 2316/113/657 321/113/658 319/112/652
f 2316/113/657 2315/112/656 320/112/653 322/113/659
f 2316/113/657 2314/111/655 317/111/648 321/113/658
f 2314/111/655 2316/113/657 322/113/659 318/111/649
f 2317/114/660 2318/115/661 325/115/662 323/114/663
f 2318/115/661 2317/114/660 324/114/664 326/115/665
f 2318/115/661 2319/116/666 327/116/667 325/115/662
f 2319/116/666 2318/115/661 326/115/665 328/116/668
f 2319/116/666 2317/114/660 323/114/663 327/116/667
f 2317/114/660 2319/116/666 328/116/668 324/114/664
f 2320/114/669 2321/116/670 327/116/667 323/114/663
f 2321/116/670 2320/114/669 324/114/664 328/116/668
f 2321/116/670 2322/117/671 329/117/672 327/116/667
f 2322/117/671 2321/116/670 328/116/668 330/117/673
f 2322/117/671 2320/114/669 323/114/663 329/117/672
f 2320/114/669 2322/117/671 330/117/673 324/114/664
f 2323/118/674 2324/116/675 327/116/667 331/118/676
f 2324/116/675 2323/118/674 332/118/677 328/116/668
f 2324/116/675 2325/115/678 325/115/662 327/116/667
f 2325/115/678 2324/116/675 328/116/668 326/115/665
f 2325/115/678 2323/118/674 331/118/676 325/115/662
f 2323/118/674 2325/115/678 326/115/665 332/118/677
f 2326/116/679 2327/118/680 331/118/676 327/116/667
f 2327/118/680 2326/116/679 328/116/668 332/118/677
f 2327/118/680 2328/119/681 333/119/682 331/118/676
f 2328/119/681 2327/118/680 332/118/677 334/119/683
f 2328/119/681 2326/116/679 327/116/667 333/119/682
f 2326/116/679 2328/119/681 334/119/683 328/116/668
f 2329/120/684 2330/121/685 337/121/686 335/120/687
f 2330/121/685 2329/120/684 336/120/688 338/121/689
f 2330/121/685 2331/122/690 339/122/691 337/121/686
f 2331/122/690 2330/121/685 338/121/689 340/122/692
f 2331/122/690 2329/120/684 335/120/687 339/122/691
f 2329/120/684 2331/122/690 340/122/692 336/120/688
f 2332/120/693 2333/122/694 339/122/691 335/120/687
f 2333/122/694 2332/120/693 336/120/688 340/122/692
f 2333/122/694 2334/123/695 341/123/696 339/122/691
f 2334/123/695 2333/122/694 340/122/692 342/123/697
f 2334/123/695 2332/120/693 335/120/687 341/123/696
f 2332/120/693 2334/123/695 342/123/697 336/120/688
f 2335/124/698 2336/125/368 345/125/370 343/124/364
f 2336/125/368 2335/124/698 344/124/363 346/125/369
f 2336/125/368 2337/126/367 347/126/360 345/125/370
f 2337/126/367 2336/125/368 346/125/369 348/126/359
f 2337/126/367 2335/124/698 343/124/364 347/126/360
f 2335/124/698 2337/126/367 348/126/359 344/124/363
f 2338/126/361 2339/127/365 349/127/346 347/126/360
f 2339/127/365 2338/126/361 348/126/359 350/127/345
f 2339/127/365 2340/124/362 343/124/364 349/127/346
f 2340/124/362 2339/127/365 350/127/345 344/124/363
f 2340/124/362 2338/126/361 347/126/360 343/124/364
f 2338/126/361 2340/124/362 344/124/363 348/126/359
f 2341/128/357 2342/127/356 349/127/346 351/128/337
f 2342/127/356 2341/128/357 352/128/336 350/127/345
f 2342/127/356 2343/126/358 347/126/360 349/127/346
f 2343/126/358 2342/127/356 350/127/345 348/126/359
f 2343/126/358 2341/128/357 351/128/337 347/126/360
f 2341/128/357 2343/126/358 348/126/359 352/128/336
f 2344/128/343 2345/65/347 353/65/699 351/128/337
f 2345/65/347 2344/128/343 352/128/336 354/65/700
f 2345/65/347 2346/127/344 349/127/346 353/65/699
f 2346/127/344 2345/65/347 354/65/700 350/127/345
f 2346/127/344 2344/128/343 351/128/337 349/127/346
f 2344/128/343 2346/127/344 350/127/345 352/128/336
f 2347/65/333 2348/128/335 351/128/337 353/65/699
f 2348/128/335 2347/65/333 354/65/700 352/128/336
f 2348/128/335 2349/129/334 355/129/701 351/128/337
f 2349/129/334 2348/128/335 352/128/336 356/129/702
f 2349/129/334 2347/65/333 353/65/699 355/129/701
f 2347/65/333 2349/129/334 356/129/702 354/65/700
f 2350/130/703 2351/65/704 353/65/699 357/130/705
f 2351/65/704 2350/130/703 358/130/706 354/65/700
f 2351/65/704 2352/129/329 355/129/701 353/65/699
f 2352/129/329 2351/65/704 354/65/700 356/129/702
f 2352/129/329 2350/130/703 357/130/705 355/129/701
f 2350/130/703 2352/129/329 356/129/702 358/130/706
f 2353/130/707 2354/131/338 359/131/708 357/130/705
f 2354/131/338 2353/130/707 358/130/706 360/131/709
f 2354/131/338 2355/65/710 353/65/699 359/131/708
f 2355/65/710 2354/131/338 360/131/709 354/65/700
f 2355/65/710 2353/130/707 357/130/705 353/65/699
f 2353/130/707 2355/65/710 354/65/700 358/130/706
f 2356/130/711 2357/129/712 355/129/701 357/130/705
f 2357/129/712 2356/130/711 358/130/706 356/129/702
f 2357/129/712 2358/132/322 361/132/713 355/129/701
f 2358/132/322 2357/129/712 356/129/702 362/132/714
f 2358/132/322 2356/130/711 357/130/705 361/132/713
f 2356/130/711 2358/132/322 362/132/714 358/130/706
f 2359/130/715 2360/132/716 361/132/713 357/130/705
f 2360/132/716 2359/130/715 358/130/706 362/132/714
f 2360/132/716 2361/133/717 363/133/718 361/132/713
f 2361/133/717 2360/132/716 362/132/714 364/133/719
f 2361/133/717 2359/130/715 357/130/705 363/133/718
f 2359/130/715 2361/133/717 364/133/719 358/130/706
f 2362/131/720 2363/130/721 357/130/705 359/131/708
f 2363/130/721 2362/131/720 360/131/709 358/130/706
f 2363/130/721 2364/134/722 365/134/723 357/130/705
f 2364/134/722 2363/130/721 358/130/706 366/134/724
f 2364/134/722 2362/131/720 359/131/708 365/134/723
f 2362/131/720 2364/134/722 366/134/724 360/131/709
f 2365/135/725 2366/130/726 357/130/705 367/135/727
f 2366/130/726 2365/135/725 368/135/728 358/130/706
f 2366/130/726 2367/133/729 363/133/718 357/130/705
f 2367/133/729 2366/130/726 358/130/706 364/133/719
f 2367/133/729 2365/135/725 367/135/727 363/133/718
f 2365/135/725 2367/133/729 364/133/719 368/135/728
f 2368/74/730 2369/134/731 365/134/723 369/74/732
f 2369/134/731 2368/74/730 370/74/733 366/134/724
f 2369/134/731 2370/130/295 357/130/705 365/134/723
f 2370/130/295 2369/134/731 366/134/724 358/130/706
f 2370/130/295 2368/74/730 369/74/732 357/130/705
f 2368/74/730 2370/130/295 358/130/706 370/74/733
f 2371/130/734 2372/135/279 367/135/727 357/130/705
f 2372/135/279 2371/130/734 358/130/706 368/135/728
f 2372/135/279 2373/74/735 369/74/732 367/135/727
f 2373/74/735 2372/135/279 368/135/728 370/74/733
f 2373/74/735 2371/130/734 357/130/705 369/74/732
f 2371/130/734 2373/74/735 370/74/733 358/130/706
f 2374/134/736 2375/74/737 369/74/732 365/134/723
f 2375/74/737 2374/134/736 366/134/724 370/74/733
f 2375/74/737 2376/136/738 371/136/739 369/74/732
f 2376/136/738 2375/74/737 370/74/733 372/136/740
f 2376/136/738 2374/134/736 365/134/723 371/136/739
f 2374/134/736 2376/136/738 372/136/740 366/134/724
f 2377/135/741 2378/137/742 373/137/743 367/135/727
f 2378/137/742 2377/135/741 368/135/728 374/137/744
f 2378/137/742 2379/74/745 369/74/732 373/137/743
f 2379/74/745 2378/137/742 374/137/744 370/74/733
f 2379/74/745 2377/135/741 367/135/727 369/74/732
f 2377/135/741 2379/74/745 370/74/733 368/135/728
f 2380/136/746 2381/138/747 375/138/748 371/136/739
f 2381/138/747 2380/136/746 372/136/740 376/138/749
f 2381/138/747 2382/134/750 365/134/723 375/138/748
f 2382/134/750 2381/138/747 376/138/749 366/134/724
f 2382/134/750 2380/136/746 371/136/739 365/134/723
f 2380/136/746 2382/134/750 366/134/724 372/136/740
f 2383/137/294 2384/135/293 367/135/727 373/137/743
f 2384/135/293 2383/137/294 374/137/744 368/135/728
f 2384/135/293 2385/139/295 377/139/297 367/135/727
f 2385/139/295 2384/135/293 368/135/728 378/139/296
f 2385/139/295 2383/137/294 373/137/743 377/139/297
f 2383/137/294 2385/139/295 378/139/296 374/137/744
f 2386/137/302 2387/139/299 377/139/297 373/137/743
f 2387/139/299 2386/137/302 374/137/744 378/139/296
f 2387/139/299 2388/140/298 379/140/301 377/139/297
f 2388/140/298 2387/139/299 378/139/296 380/140/300
f 2388/140/298 2386/137/302 373/137/743 379/140/301
f 2386/137/302 2388/140/298 380/140/300 374/137/744
f 2389/141/305 2390/140/304 379/140/301 381/141/307
f 2390/140/304 2389/141/305 382/141/306 380/140/300
f 2390/140/304 2391/139/303 377/139/297 379/140/301
f 2391/139/303 2390/140/304 380/140/300 378/139/296
f 2391/139/303 2389/141/305 381/141/307 377/139/297
f 2389/141/305 2391/139/303 378/139/296 382/141/306
f 2392/138/751 2393/136/752 371/136/739 375/138/748
f 2393/136/752 2392/138/751 376/138/749 372/136/740
f 2393/136/752 2394/142/753 383/142/754 371/136/739
f 2394/142/753 2393/136/752 372/136/740 384/142/755
f 2394/142/753 2392/138/751 375/138/748 383/142/754
f 2392/138/751 2394/142/753 384/142/755 376/138/749
f 2395/142/756 2396/143/757 385/143/758 383/142/754
f 2396/143/757 2395/142/756 384/142/755 386/143/759
f 2396/143/757 2397/138/760 375/138/748 385/143/758
f 2397/138/760 2396/143/757 386/143/759 376/138/749
f 2397/138/760 2395/142/756 383/142/754 375/138/748
f 2395/142/756 2397/138/760 376/138/749 384/142/755
f 2398/143/761 2399/142/762 383/142/754 385/143/758
f 2399/142/762 2398/143/761 386/143/759 384/142/755
f 2399/142/762 2400/144/738 387/144/763 383/142/754
f 2400/144/738 2399/142/762 384/142/755 388/144/764
f 2400/144/738 2398/143/761 385/143/758 387/144/763
f 2398/143/761 2400/144/738 388/144/764 386/143/759
f 2401/143/765 2402/144/766 387/144/763 385/143/758
f 2402/144/766 2401/143/765 386/143/759 388/144/764
f 2402/144/766 2403/145/767 389/145/768 387/144/763
f 2403/145/767 2402/144/766 388/144/764 390/145/769
f 2403/145/767 2401/143/765 385/143/758 389/145/768
f 2401/143/765 2403/145/767 390/145/769 386/143/759
f 2404/143/770 2405/145/771 389/145/768 385/143/758
f 2405/145/771 2404/143/770 386/143/759 390/145/769
f 2405/145/771 2406/146/772 391/146/773 389/145/768
f 2406/146/772 2405/145/771 390/145/769 392/146/774
f 2406/146/772 2404/143/770 385/143/758 391/146/773
f 2404/143/770 2406/146/772 392/146/774 386/143/759
f 2407/146/775 2408/145/776 389/145/768 391/146/773
f 2408/145/776 2407/146/775 392/146/774 390/145/769
f 2408/145/776 2409/147/777 393/147/778 389/145/768
f 2409/147/777 2408/145/776 390/145/769 394/147/779
f 2409/147/777 2407/146/775 391/146/773 393/147/778
f 2407/146/775 2409/147/777 394/147/779 392/146/774
f 2410/146/780 2411/147/781 393/147/778 391/146/773
f 2411/147/781 2410/146/780 392/146/774 394/147/779
f 2411/147/781 2412/148/782 395/148/783 393/147/778
f 2412/148/782 2411/147/781 394/147/779 396/148/784
f 2412/148/782 2410/146/780 391/146/773 395/148/783
f 2410/146/780 2412/148/782 396/148/784 392/146/774
f 2413/149/785 2414/150/786 399/150/787 397/149/788
f 2414/150/786 2413/149/785 398/149/789 400/150/790
f 2414/150/786 2415/151/791 401/151/792 399/150/787
f 2415/151/791 2414/150/786 400/150/790 402/151/793
f 2415/151/791 2413/149/785 397/149/788 401/151/792
f 2413/149/785 2415/151/791 402/151/793 398/149/789
f 2416/150/794 2417/149/795 397/149/788 399/150/787
f 2417/149/795 2416/150/794 400/150/790 398/149/789
f 2417/149/795 2418/152/387 403/152/796 397/149/788
f 2418/152/387 2417/149/795 398/149/789 404/152/797
f 2418/152/387 2416/150/794 399/150/787 403/152/796
f 2416/150/794 2418/152/387 404/152/797 400/150/790
f 2419/151/798 2420/153/799 405/153/800 401/151/792
f 2420/153/799 2419/151/798 402/151/793 406/153/801
f 2420/153/799 2421/149/802 397/149/788 405/153/800
f 2421/149/802 2420/153/799 406/153/801 398/149/789
f 2421/149/802 2419/151/798 401/151/792 397/149/788
f 2419/151/798 2421/149/802 398/149/789 402/151/793
f 2422/153/803 2423/151/804 401/151/792 405/153/800
f 2423/151/804 2422/153/803 406/153/801 402/151/793
f 2423/151/804 2424/154/455 407/154/805 401/151/792
f 2424/154/455 2423/151/804 402/151/793 408/154/806
f 2424/154/455 2422/153/803 405/153/800 407/154/805
f 2422/153/803 2424/154/455 408/154/806 406/153/801
f 2425/155/807 2426/156/808 411/156/809 409/155/810
f 2426/156/808 2425/155/807 410/155/811 412/156/812
f 2426/156/808 2427/157/813 413/157/814 411/156/809
f 2427/157/813 2426/156/808 412/156/812 414/157/815
f 2427/157/813 2425/155/807 409/155/810 413/157/814
f 2425/155/807 2427/157/813 414/157/815 410/155/811
f 2428/156/816 2429/155/817 409/155/810 411/156/809
f 2429/155/817 2428/156/816 412/156/812 410/155/811
f 2429/155/817 2430/158/818 415/158/819 409/155/810
f 2430/158/818 2429/155/817 410/155/811 416/158/820
f 2430/158/818 2428/156/816 411/156/809 415/158/819
f 2428/156/816 2430/158/818 416/158/820 412/156/812
f 2431/151/448 2432/153/426 419/153/428 417/151/451
f 2432/153/426 2431/151/448 418/151/450 420/153/427
f 2432/153/426 2433/149/425 421/149/452 419/153/428
f 2433/149/425 2432/153/426 420/153/427 422/149/449
f 2433/149/425 2431/151/448 417/151/451 421/149/452
f 2431/151/448 2433/149/425 422/149/449 418/151/450
f 2434/153/454 2435/151/453 417/151/451 419/153/428
f 2435/151/453 2434/153/454 420/153/427 418/151/450
f 2435/151/453 2436/154/455 423/154/457 417/151/451
f 2436/154/455 2435/151/453 418/151/450 424/154/456
f 2436/154/455 2434/153/454 419/153/428 423/154/457
f 2434/153/454 2436/154/455 424/154/456 420/153/427
f 2437/159/821 2438/160/822 1865/160/823 1863/159/824
f 2438/160/822 2437/159/821 1864/159/825 1866/160/826
f 2438/160/822 2439/161/827 1867/161/828 1865/160/823
f 2439/161/827 2438/160/822 1866/160/826 1868/161/829
f 2439/161/827 2437/159/821 1863/159/824 1867/161/828
f 2437/159/821 2439/161/827 1868/161/829 1864/159/825
f 2440/162/830 2441/161/831 1867/161/828 1869/162/832
f 2441/161/831 2440/162/830 1870/162/833 1868/161/829
f 2441/161/831 2442/160/834 1865/160/823 1867/161/828
f 2442/160/834 2441/161/831 1868/161/829 1866/160/826
f 2442/160/834 2440/162/830 1869/162/832 1865/160/823
f 2440/162/830 2442/160/834 1866/160/826 1870/162/833
f 2443/161/835 2444/163/836 1871/163/837 1867/161/828
f 2444/163/836 2443/161/835 1868/161/829 1872/163/838
f 2444/163/836 2445/159/839 1863/159/824 1871/163/837
f 2445/159/839 2444/163/836 1872/163/838 1864/159/825
f 2445/159/839 2443/161/835 1867/161/828 1863/159/824
f 2443/161/835 2445/159/839 1864/159/825 1868/161/829
f 2446/161/840 2447/162/841 1869/162/832 1867/161/828
f 2447/162/841 2446/161/840 1868/161/829 1870/162/833
f 2447/162/841 2448/164/842 1873/164/843 1869/162/832
f 2448/164/842 2447/162/841 1870/162/833 1874/164/844
f 2448/164/842 2446/161/840 1867/161/828 1873/164/843
f 2446/161/840 2448/164/842 1874/164/844 1868/161/829
f 2449/165/845 2450/166/846 1875/166/847 1879/165/848
f 2450/166/846 2449/165/845 1880/165/849 1876/166/850
f 2450/166/846 2451/167/851 1877/167/852 1875/166/847
f 2451/167/851 2450/166/846 1876/166/850 1878/167/853
f 2451/167/851 2449/165/845 1879/165/848 1877/167/852
f 2449/165/845 2451/167/851 1878/167/853 1880/165/849
f 2452/166/854 2453/165/855 1879/165/848 1875/166/847
f 2453/165/855 2452/166/854 1876/166/850 1880/165/849
f 2453/165/855 2454/168/856 1881/168/857 1879/165/848
f 2454/168/856 2453/165/855 1880/165/849 1882/168/858
f 2454/168/856 2452/166/854 1875/166/847 1881/168/857
f 2452/166/854 2454/168/856 1882/168/858 1876/166/850
f 2455/165/859 2456/169/860 1883/169/861 1879/165/848
f 2456/169/860 2455/165/859 1880/165/849 1884/169/862
f 2456/169/860 2457/168/863 1881/168/857 1883/169/861
f 2457/168/863 2456/169/860 1884/169/862 1882/168/858
f 2457/168/863 2455/165/859 1879/165/848 1881/168/857
f 2455/165/859 2457/168/863 1882/168/858 1880/165/849
f 2458/169/864 2459/165/865 1879/165/848 1883/169/861
f 2459/165/865 2458/169/864 1884/169/862 1880/165/849
f 2459/165/865 2460/170/866 1885/170/867 1879/165/848
f 2460/170/866 2459/165/865 1880/165/849 1886/170/868
f 2460/170/866 2458/169/864 1883/169/861 1885/170/867
f 2458/169/864 2460/170/866 1886/170/868 1884/169/862
f 2461/171/869 2462/172/870 1889/172/871 1891/171/872
f 2462/172/870 2461/171/869 1892/171/873 1890/172/874
f 2462/172/870 2463/173/875 1887/173/876 1889/172/871
f 2463/173/875 2462/172/870 1890/172/874 1888/173/877
f 2463/173/875 2461/171/869 1891/171/872 1887/173/876
f 2461/171/869 2463/173/875 1888/173/877 1892/171/873
f 2464/173/878 2465/174/879 1893/174/880 1887/173/876
f 2465/174/879 2464/173/878 1888/173/877 1894/174/881
f 2465/174/879 2466/171/882 1891/171/872 1893/174/880
f 2466/171/882 2465/174/879 1894/174/881 1892/171/873
f 2466/171/882 2464/173/878 1887/173/876 1891/171/872
f 2464/173/878 2466/171/882 1892/171/873 1888/173/877
f 2467/175/883 2468/171/884 1891/171/872 1895/175/885
f 2468/171/884 2467/175/883 1896/175/886 1892/171/873
f 2468/171/884 2469/174/887 1893/174/880 1891/171/872
f 2469/174/887 2468/171/884 1892/171/873 1894/174/881
f 2469/174/887 2467/175/883 1895/175/885 1893/174/880
f 2467/175/883 2469/174/887 1894/174/881 1896/175/886
f 2470/171/888 2471/175/889 1895/175/885 1891/171/872
f 2471/175/889 2470/171/888 1892/171/873 1896/175/886
f 2471/175/889 2472/176/890 1897/176/891 1895/175/885
f 2472/176/890 2471/175/889 1896/175/886 1898/176/892
f 2472/176/890 2470/171/888 1891/171/872 1897/176/891
f 2470/171/888 2472/176/890 1898/176/892 1892/171/873
f 2473/177/893 2474/178/894 1901/178/895 1899/177/896
f 2474/178/894 2473/177/893 1900/177/897 1902/178/898
f 2474/178/894 2475/179/899 1903/179/900 1901/178/895
f 2475/179/899 2474/178/894 1902/178/898 1904/179/901
f 2475/179/899 2473/177/893 1899/177/896 1903/179/900
f 2473/177/893 2475/179/899 1904/179/901 1900/177/897
f 2476/178/902 2477/180/903 1905/180/904 1901/178/895
f 2477/180/903 2476/178/902 1902/178/898 1906/180/905
f 2477/180/903 2478/179/906 1903/179/900 1905/180/904
f 2478/179/906 2477/180/903 1906/180/905 1904/179/901
f 2478/179/906 2476/178/902 1901/178/895 1903/179/900
f 2476/178/902 2478/179/906 1904/179/901 1902/178/898
f 2479/178/907 2480/177/908 1899/177/896 1901/178/895
f 2480/177/908 2479/178/907 1902/178/898 1900/177/897
f 2480/177/908 2481/181/909 1907/181/910 1899/177/896
f 2481/181/909 2480/177/908 1900/177/897 1908/181/911
f 2481/181/909 2479/178/907 1901/178/895 1907/181/910
f 2479/178/907 2481/181/909 1908/181/911 1902/178/898
f 2482/180/912 2483/178/913 1901/178/895 1905/180/904
f 2483/178/913 2482/180/912 1906/180/905 1902/178/898
f 2483/178/913 2484/182/914 1909/182/915 1901/178/895
f 2484/182/914 2483/178/913 1902/178/898 1910/182/916
f 2484/182/914 2482/180/912 1905/180/904 1909/182/915
f 2482/180/912 2484/182/914 1910/182/916 1906/180/905
f 2485/183/917 2486/184/918 1911/184/919 1919/183/920
f 2486/184/918 2485/183/917 1920/183/921 1912/184/922
f 2486/184/918 2487/185/923 1915/185/924 1911/184/919
f 2487/185/923 2486/184/918 1912/184/922 1916/185/925
f 2487/185/923 2485/183/917 1919/183/920 1915/185/924
f 2485/183/917 2487/185/923 1916/185/925 1920/183/921
f 2488/183/926 2489/186/927 1917/186/928 1919/183/920
f 2489/186/927 2488/183/926 1920/183/921 1918/186/929
f 2489/186/927 2490/187/930 1913/187/931 1917/186/928
f 2490/187/930 2489/186/927 1918/186/929 1914/187/932
f 2490/187/930 2488/183/926 1919/183/920 1913/187/931
f 2488/183/926 2490/187/930 1914/187/932 1920/183/921
f 2491/184/933 2492/183/934 1919/183/920 1911/184/919
f 2492/183/934 2491/184/933 1912/184/922 1920/183/921
f 2492/183/934 2493/165/935 1921/165/936 1919/183/920
f 2493/165/935 2492/183/934 1920/183/921 1922/165/937
f 2493/165/935 2491/184/933 1911/184/919 1921/165/936
f 2491/184/933 2493/165/935 1922/165/937 1912/184/922
f 2494/187/938 2495/165/939 1921/165/936 1913/187/931
f 2495/165/939 2494/187/938 1914/187/932 1922/165/937
f 2495/165/939 2496/183/940 1919/183/920 1921/165/936
f 2496/183/940 2495/165/939 1922/165/937 1920/183/921
f 2496/183/940 2494/187/938 1913/187/931 1919/183/920
f 2494/187/938 2496/183/940 1920/183/921 1914/187/932
f 2497/188/941 2498/160/942 1927/160/943 1923/188/944
f 2498/160/942 2497/188/941 1924/188/945 1928/160/946
f 2498/160/942 2499/189/947 1925/189/948 1927/160/943
f 2499/189/947 2498/160/942 1928/160/946 1926/189/949
f 2499/189/947 2497/188/941 1923/188/944 1925/189/948
f 2497/188/941 2499/189/947 1926/189/949 1924/188/945
f 2500/160/950 2501/188/951 1923/188/944 1927/160/943
f 2501/188/951 2500/160/950 1928/160/946 1924/188/945
f 2501/188/951 2502/190/952 1929/190/953 1923/188/944
f 2502/190/952 2501/188/951 1924/188/945 1930/190/954
f 2502/190/952 2500/160/950 1927/160/943 1929/190/953
f 2500/160/950 2502/190/952 1930/190/954 1928/160/946
f 2503/191/955 2504/160/956 1927/160/943 1931/191/957
f 2504/160/956 2503/191/955 1932/191/958 1928/160/946
f 2504/160/956 2505/190/959 1929/190/953 1927/160/943
f 2505/190/959 2504/160/956 1928/160/946 1930/190/954
f 2505/190/959 2503/191/955 1931/191/957 1929/190/953
f 2503/191/955 2505/190/959 1930/190/954 1932/191/958
f 2506/160/960 2507/191/961 1931/191/957 1927/160/943
f 2507/191/961 2506/160/960 1928/160/946 1932/191/958
f 2507/191/961 2508/192/962 1933/192/963 1931/191/957
f 2508/192/962 2507/191/961 1932/191/958 1934/192/964
f 2508/192/962 2506/160/960 1927/160/943 1933/192/963
f 2506/160/960 2508/192/962 1934/192/964 1928/160/946
f 2509/171/965 2510/175/966 1935/175/967 1939/171/968
f 2510/175/966 2509/171/965 1940/171/969 1936/175/970
f 2510/175/966 2511/176/971 1937/176/972 1935/175/967
f 2511/176/971 2510/175/966 1936/175/970 1938/176/973
f 2511/176/971 2509/171/965 1939/171/968 1937/176/972
f 2509/171/965 2511/176/971 1938/176/973 1940/171/969
f 2512/175/974 2513/171/975 1939/171/968 1935/175/967
f 2513/171/975 2512/175/974 1936/175/970 1940/171/969
f 2513/171/975 2514/174/976 1941/174/977 1939/171/968
f 2514/174/976 2513/171/975 1940/171/969 1942/174/978
f 2514/174/976 2512/175/974 1935/175/967 1941/174/977
f 2512/175/974 2514/174/976 1942/174/978 1936/175/970
f 2515/173/979 2516/174/980 1941/174/977 1943/173/981
f 2516/174/980 2515/173/979 1944/173/982 1942/174/978
f 2516/174/980 2517/171/983 1939/171/968 1941/174/977
f 2517/171/983 2516/174/980 1942/174/978 1940/171/969
f 2517/171/983 2515/173/979 1943/173/981 1939/171/968
f 2515/173/979 2517/171/983 1940/171/969 1944/173/982
f 2518/171/984 2519/172/985 1945/172/986 1939/171/968
f 2519/172/985 2518/171/984 1940/171/969 1946/172/987
f 2519/172/985 2520/173/988 1943/173/981 1945/172/986
f 2520/173/988 2519/172/985 1946/172/987 1944/173/982
f 2520/173/988 2518/171/984 1939/171/968 1943/173/981
f 2518/171/984 2520/173/988 1944/173/982 1940/171/969
f 2521/180/989 2522/178/990 1955/178/991 1947/180/992
f 2522/178/990 2521/180/989 1948/180/993 1956/178/994
f 2522/178/990 2523/182/995 1951/182/996 1955/178/991
f 2523/182/995 2522/178/990 1956/178/994 1952/182/997
f 2523/182/995 2521/180/989 1947/180/992 1951/182/996
f 2521/180/989 2523/182/995 1952/182/997 1948/180/993
f 2524/178/998 2525/177/999 1949/177/1000 1955/178/991
f 2525/177/999 2524/178/998 1956/178/994 1950/177/1001
f 2525/177/999 2526/181/1002 1953/181/1003 1949/177/1000
f 2526/181/1002 2525/177/999 1950/177/1001 1954/181/1004
f 2526/181/1002 2524/178/998 1955/178/991 1953/181/1003
f 2524/178/998 2526/181/1002 1954/181/1004 1956/178/994
f 2527/178/1005 2528/180/1006 1947/180/992 1955/178/991
f 2528/180/1006 2527/178/1005 1956/178/994 1948/180/993
f 2528/180/1006 2529/179/1007 1957/179/1008 1947/180/992
f 2529/179/1007 2528/180/1006 1948/180/993 1958/179/1009
f 2529/179/1007 2527/178/1005 1955/178/991 1957/179/1008
f 2527/178/1005 2529/179/1007 1958/179/1009 1956/178/994
f 2530/177/1010 2531/178/1011 1955/178/991 1949/177/1000
f 2531/178/1011 2530/177/1010 1950/177/1001 1956/178/994
f 2531/178/1011 2532/179/1012 1957/179/1008 1955/178/991
f 2532/179/1012 2531/178/1011 1956/178/994 1958/179/1009
f 2532/179/1012 2530/177/1010 1949/177/1000 1957/179/1008
f 2530/177/1010 2532/179/1012 1958/179/1009 1950/177/1001
f 2533/193/1013 2534/194/1014 1961/194/1015 1959/193/1016
f 2534/194/1014 2533/193/1013 1960/193/1017 1962/194/1018
f 2534/194/1014 2535/195/1019 1963/195/1020 1961/194/1015
f 2535/195/1019 2534/194/1014 1962/194/1018 1964/195/1021
f 2535/195/1019 2533/193/1013 1959/193/1016 1963/195/1020
f 2533/193/1013 2535/195/1019 1964/195/1021 1960/193/1017
f 2536/195/1022 2537/194/1023 1961/194/1015 1963/195/1020
f 2537/194/1023 2536/195/1022 1964/195/1021 1962/194/1018
f 2537/194/1023 2538/178/1024 1965/178/1025 1961/194/1015
f 2538/178/1024 2537/194/1023 1962/194/1018 1966/178/1026
f 2538/178/1024 2536/195/1022 1963/195/1020 1965/178/1025
f 2536/195/1022 2538/178/1024 1966/178/1026 1964/195/1021
f 2539/193/1027 2540/195/1028 1963/195/1020 1959/193/1016
f 2540/195/1028 2539/193/1027 1960/193/1017 1964/195/1021
f 2540/195/1028 2541/165/1029 1967/165/1030 1963/195/1020
f 2541/165/1029 2540/195/1028 1964/195/1021 1968/165/1031
f 2541/165/1029 2539/193/1027 1959/193/1016 1967/165/1030
f 2539/193/1027 2541/165/1029 1968/165/1031 1960/193/1017
f 2542/193/1032 2543/196/1033 1969/196/1034 1959/193/1016
f 2543/196/1033 2542/193/1032 1960/193/1017 1970/196/1035
f 2543/196/1033 2544/194/1036 1961/194/1015 1969/196/1034
f 2544/194/1036 2543/196/1033 1970/196/1035 1962/194/1018
f 2544/194/1036 2542/193/1032 1959/193/1016 1961/194/1015
f 2542/193/1032 2544/194/1036 1962/194/1018 1960/193/1017
f 2545/194/1037 2546/196/1038 1969/196/1034 1961/194/1015
f 2546/196/1038 2545/194/1037 1962/194/1018 1970/196/1035
f 2546/196/1038 2547/160/1039 1971/160/1040 1969/196/1034
f 2547/160/1039 2546/196/1038 1970/196/1035 1972/160/1041
f 2547/160/1039 2545/194/1037 1961/194/1015 1971/160/1040
f 2545/194/1037 2547/160/1039 1972/160/1041 1962/194/1018
f 2548/196/1042 2549/193/1043 1959/193/1016 1969/196/1034
f 2549/193/1043 2548/196/1042 1970/196/1035 1960/193/1017
f 2549/193/1043 2550/174/1044 1973/174/1045 1959/193/1016
f 2550/174/1044 2549/193/1043 1960/193/1017 1974/174/1046
f 2550/174/1044 2548/196/1042 1969/196/1034 1973/174/1045
f 2548/196/1042 2550/174/1044 1974/174/1046 1970/196/1035
f 2551/197/1047 2552/198/1048 427/198/1049 425/197/1050
f 2552/198/1048 2551/197/1047 426/197/596 428/198/1051
f 2552/198/1048 2553/199/1052 429/199/1053 427/198/1049
f 2553/199/1052 2552/198/1048 428/198/1051 430/199/1054
f 2553/199/1052 2551/197/1047 425/197/1050 429/199/1053
f 2551/197/1047 2553/199/1052 430/199/1054 426/197/596
f 2554/199/1055 2555/198/1056 427/198/1049 429/199/1053
f 2555/198/1056 2554/199/1055 430/199/1054 428/198/1051
f 2555/198/1056 2556/200/1057 431/200/1058 427/198/1049
f 2556/200/1057 2555/198/1056 428/198/1051 432/200/1059
f 2556/200/1057 2554/199/1055 429/199/1053 431/200/1058
f 2554/199/1055 2556/200/1057 432/200/1059 430/199/1054
f 2557/201/1060 2558/202/1061 435/202/1062 433/201/1063
f 2558/202/1061 2557/201/1060 434/201/1064 436/202/1065
f 2558/202/1061 2559/203/1066 437/203/1067 435/202/1062
f 2559/203/1066 2558/202/1061 436/202/1065 438/203/1068
f 2559/203/1066 2557/201/1060 433/201/1063 437/203/1067
f 2557/201/1060 2559/203/1066 438/203/1068 434/201/1064
f 2560/203/1069 2561/202/1070 435/202/1062 437/203/1067
f 2561/202/1070 2560/203/1069 438/203/1068 436/202/1065
f 2561/202/1070 2562/204/1071 439/204/1072 435/202/1062
f 2562/204/1071 2561/202/1070 436/202/1065 440/204/1073
f 2562/204/1071 2560/203/1069 437/203/1067 439/204/1072
f 2560/203/1069 2562/204/1071 440/204/1073 438/203/1068
f 2563/205/1074 2564/206/1075 443/206/1076 441/205/1077
f 2564/206/1075 2563/205/1074 442/205/1078 444/206/1079
f 2564/206/1075 2565/207/1080 445/207/1081 443/206/1076
f 2565/207/1080 2564/206/1075 444/206/1079 446/207/1082
f 2565/207/1080 2563/205/1074 441/205/1077 445/207/1081
f 2563/205/1074 2565/207/1080 446/207/1082 442/205/1078
f 2566/207/1083 2567/208/1084 447/208/1085 445/207/1081
f 2567/208/1084 2566/207/1083 446/207/1082 448/208/1086
f 2567/208/1084 2568/205/1087 441/205/1077 447/208/1085
f 2568/205/1087 2567/208/1084 448/208/1086 442/205/1078
f 2568/205/1087 2566/207/1083 445/207/1081 441/205/1077
f 2566/207/1083 2568/205/1087 442/205/1078 446/207/1082
f 2569/200/1088 2570/199/1089 451/199/1090 449/200/1091
f 2570/199/1089 2569/200/1088 450/200/1092 452/199/1093
f 2570/199/1089 2571/198/1094 453/198/1095 451/199/1090
f 2571/198/1094 2570/199/1089 452/199/1093 454/198/1096
f 2571/198/1094 2569/200/1088 449/200/1091 453/198/1095
f 2569/200/1088 2571/198/1094 454/198/1096 450/200/1092
f 2572/198/1097 2573/199/1098 451/199/1090 453/198/1095
f 2573/199/1098 2572/198/1097 454/198/1096 452/199/1093
f 2573/199/1098 2574/197/1099 455/197/1100 451/199/1090
f 2574/197/1099 2573/199/1098 452/199/1093 456/197/1101
f 2574/197/1099 2572/198/1097 453/198/1095 455/197/1100
f 2572/198/1097 2574/197/1099 456/197/1101 454/198/1096
f 2575/201/1102 2576/202/1103 459/202/1104 457/201/1105
f 2576/202/1103 2575/201/1102 458/201/1106 460/202/1107
f 2576/202/1103 2577/203/1108 461/203/1109 459/202/1104
f 2577/203/1108 2576/202/1103 460/202/1107 462/203/1110
f 2577/203/1108 2575/201/1102 457/201/1105 461/203/1109
f 2575/201/1102 2577/203/1108 462/203/1110 458/201/1106
f 2578/203/1111 2579/202/1112 459/202/1104 461/203/1109
f 2579/202/1112 2578/203/1111 462/203/1110 460/202/1107
f 2579/202/1112 2580/204/1113 463/204/1114 459/202/1104
f 2580/204/1113 2579/202/1112 460/202/1107 464/204/1115
f 2580/204/1113 2578/203/1111 461/203/1109 463/204/1114
f 2578/203/1111 2580/204/1113 464/204/1115 462/203/1110
f 2581/205/1116 2582/207/1117 467/207/1118 465/205/1119
f 2582/207/1117 2581/205/1116 466/205/1120 468/207/1121
f 2582/207/1117 2583/208/1122 469/208/1123 467/207/1118
f 2583/208/1122 2582/207/1117 468/207/1121 470/208/1124
f 2583/208/1122 2581/205/1116 465/205/1119 469/208/1123
f 2581/205/1116 2583/208/1122 470/208/1124 466/205/1120
f 2584/207/1125 2585/205/1126 465/205/1119 467/207/1118
f 2585/205/1126 2584/207/1125 468/207/1121 466/205/1120
f 2585/205/1126 2586/206/1127 471/206/1128 465/205/1119
f 2586/206/1127 2585/205/1126 466/205/1120 472/206/1129
f 2586/206/1127 2584/207/1125 467/207/1118 471/206/1128
f 2584/207/1125 2586/206/1127 472/206/1129 468/207/1121
f 2587/209/1130 2588/210/1131 481/210/1132 473/209/1133
f 2588/210/1131 2587/209/1130 474/209/1134 482/210/1135
f 2588/210/1131 2589/211/1136 475/211/1137 481/210/1132
f 2589/211/1136 2588/210/1131 482/210/1135 476/211/1138
f 2589/211/1136 2587/209/1130 473/209/1133 475/211/1137
f 2587/209/1130 2589/211/1136 476/211/1138 474/209/1134
f 2590/212/1139 2591/211/1140 475/211/1137 479/212/1141
f 2591/211/1140 2590/212/1139 480/212/1142 476/211/1138
f 2591/211/1140 2592/210/1143 481/210/1132 475/211/1137
f 2592/210/1143 2591/211/1140 476/211/1138 482/210/1135
f 2592/210/1143 2590/212/1139 479/212/1141 481/210/1132
f 2590/212/1139 2592/210/1143 482/210/1135 480/212/1142
f 2593/209/1144 2594/213/1145 477/213/1146 473/209/1133
f 2594/213/1145 2593/209/1144 474/209/1134 478/213/1147
f 2594/213/1145 2595/214/1148 483/214/1149 477/213/1146
f 2595/214/1148 2594/213/1145 478/213/1147 484/214/1150
f 2595/214/1148 2593/209/1144 473/209/1133 483/214/1149
f 2593/209/1144 2595/214/1148 484/214/1150 474/209/1134
f 2596/209/1151 2597/214/1152 483/214/1149 473/209/1133
f 2597/214/1152 2596/209/1151 474/209/1134 484/214/1150
f 2597/214/1152 2598/210/1153 481/210/1132 483/214/1149
f 2598/210/1153 2597/214/1152 484/214/1150 482/210/1135
f 2598/210/1153 2596/209/1151 473/209/1133 481/210/1132
f 2596/209/1151 2598/210/1153 482/210/1135 474/209/1134
f 2599/215/1154 2600/210/1155 481/210/1132 485/215/1156
f 2600/210/1155 2599/215/1154 486/215/1157 482/210/1135
f 2600/210/1155 2601/214/1158 483/214/1149 481/210/1132
f 2601/214/1158 2600/210/1155 482/210/1135 484/214/1150
f 2601/214/1158 2599/215/1154 485/215/1156 483/214/1149
f 2599/215/1154 2601/214/1158 484/214/1150 486/215/1157
f 2602/212/1159 2603/210/1160 481/210/1132 479/212/1141
f 2603/210/1160 2602/212/1159 480/212/1142 482/210/1135
f 2603/210/1160 2604/216/1161 487/216/1162 481/210/1132
f 2604/216/1161 2603/210/1160 482/210/1135 488/216/1163
f 2604/216/1161 2602/212/1159 479/212/1141 487/216/1162
f 2602/212/1159 2604/216/1161 488/216/1163 480/212/1142
f 2605/210/1164 2606/215/1165 485/215/1156 481/210/1132
f 2606/215/1165 2605/210/1164 482/210/1135 486/215/1157
f 2606/215/1165 2607/216/1166 487/216/1162 485/215/1156
f 2607/216/1166 2606/215/1165 486/215/1157 488/216/1163
f 2607/216/1166 2605/210/1164 481/210/1132 487/216/1162
f 2605/210/1164 2607/216/1166 488/216/1163 482/210/1135
f 2608/217/1167 2609/216/1168 487/216/1162 489/217/1169
f 2609/216/1168 2608/217/1167 490/217/1170 488/216/1163
f 2609/216/1168 2610/215/1171 485/215/1156 487/216/1162
f 2610/215/1171 2609/216/1168 488/216/1163 486/215/1157
f 2610/215/1171 2608/217/1167 489/217/1169 485/215/1156
f 2608/217/1167 2610/215/1171 486/215/1157 490/217/1170
f 2611/216/1172 2612/217/1173 489/217/1169 487/216/1162
f 2612/217/1173 2611/216/1172 488/216/1163 490/217/1170
f 2612/217/1173 2613/218/1174 491/218/1175 489/217/1169
f 2613/218/1174 2612/217/1173 490/217/1170 492/218/1176
f 2613/218/1174 2611/216/1172 487/216/1162 491/218/1175
f 2611/216/1172 2613/218/1174 492/218/1176 488/216/1163
f 2614/219/1177 2615/220/1178 495/220/1179 499/219/1180
f 2615/220/1178 2614/219/1177 500/219/1181 496/220/1182
f 2615/220/1178 2616/221/1183 497/221/1184 495/220/1179
f 2616/221/1183 2615/220/1178 496/220/1182 498/221/1185
f 2616/221/1183 2614/219/1177 499/219/1180 497/221/1184
f 2614/219/1177 2616/221/1183 498/221/1185 500/219/1181
f 2617/220/1186 2618/219/1187 499/219/1180 495/220/1179
f 2618/219/1187 2617/220/1186 496/220/1182 500/219/1181
f 2618/219/1187 2619/222/1188 493/222/1189 499/219/1180
f 2619/222/1188 2618/219/1187 500/219/1181 494/222/1190
f 2619/222/1188 2617/220/1186 495/220/1179 493/222/1189
f 2617/220/1186 2619/222/1188 494/222/1190 496/220/1182
f 2620/223/1191 2621/222/1192 493/222/1189 503/223/1193
f 2621/222/1192 2620/223/1191 504/223/1194 494/222/1190
f 2621/222/1192 2622/219/1195 499/219/1180 493/222/1189
f 2622/219/1195 2621/222/1192 494/222/1190 500/219/1181
f 2622/219/1195 2620/223/1191 503/223/1193 499/219/1180
f 2620/223/1191 2622/219/1195 500/219/1181 504/223/1194
f 2623/223/1196 2624/219/1197 499/219/1180 503/223/1193
f 2624/219/1197 2623/223/1196 504/223/1194 500/219/1181
f 2624/219/1197 2625/224/1198 501/224/1199 499/219/1180
f 2625/224/1198 2624/219/1197 500/219/1181 502/224/1200
f 2625/224/1198 2623/223/1196 503/223/1193 501/224/1199
f 2623/223/1196 2625/224/1198 502/224/1200 504/223/1194
f 2626/222/1201 2627/223/1202 503/223/1193 493/222/1189
f 2627/223/1202 2626/222/1201 494/222/1190 504/223/1194
f 2627/223/1202 2628/225/1203 505/225/1204 503/223/1193
f 2628/225/1203 2627/223/1202 504/223/1194 506/225/1205
f 2628/225/1203 2626/222/1201 493/222/1189 505/225/1204
f 2626/222/1201 2628/225/1203 506/225/1205 494/222/1190
f 2629/224/1206 2630/226/1207 507/226/1208 501/224/1199
f 2630/226/1207 2629/224/1206 502/224/1200 508/226/1209
f 2630/226/1207 2631/223/1210 503/223/1193 507/226/1208
f 2631/223/1210 2630/226/1207 508/226/1209 504/223/1194
f 2631/223/1210 2629/224/1206 501/224/1199 503/223/1193
f 2629/224/1206 2631/223/1210 504/223/1194 502/224/1200
f 2632/227/1211 2633/223/1212 503/223/1193 509/227/1213
f 2633/223/1212 2632/227/1211 510/227/1214 504/223/1194
f 2633/223/1212 2634/226/1215 507/226/1208 503/223/1193
f 2634/226/1215 2633/223/1212 504/223/1194 508/226/1209
f 2634/226/1215 2632/227/1211 509/227/1213 507/226/1208
f 2632/227/1211 2634/226/1215 508/226/1209 510/227/1214
f 2635/225/1216 2636/223/1217 503/223/1193 505/225/1204
f 2636/223/1217 2635/225/1216 506/225/1205 504/223/1194
f 2636/223/1217 2637/228/1218 511/228/1219 503/223/1193
f 2637/228/1218 2636/223/1217 504/223/1194 512/228/1220
f 2637/228/1218 2635/225/1216 505/225/1204 511/228/1219
f 2635/225/1216 2637/228/1218 512/228/1220 506/225/1205
f 2638/223/1221 2639/229/1222 513/229/1223 503/223/1193
f 2639/229/1222 2638/223/1221 504/223/1194 514/229/1224
f 2639/229/1222 2640/228/1225 511/228/1219 513/229/1223
f 2640/228/1225 2639/229/1222 514/229/1224 512/228/1220
f 2640/228/1225 2638/223/1221 503/223/1193 511/228/1219
f 2638/223/1221 2640/228/1225 512/228/1220 504/223/1194
f 2641/223/1226 2642/227/1227 509/227/1213 503/223/1193
f 2642/227/1227 2641/223/1226 504/223/1194 510/227/1214
f 2642/227/1227 2643/229/1228 513/229/1223 509/227/1213
f 2643/229/1228 2642/227/1227 510/227/1214 514/229/1224
f 2643/229/1228 2641/223/1226 503/223/1193 513/229/1223
f 2641/223/1226 2643/229/1228 514/229/1224 504/223/1194
f 2644/228/1229 2645/229/1230 513/229/1223 511/228/1219
f 2645/229/1230 2644/228/1229 512/228/1220 514/229/1224
f 2645/229/1230 2646/230/1231 515/230/1232 513/229/1223
f 2646/230/1231 2645/229/1230 514/229/1224 516/230/1233
f 2646/230/1231 2644/228/1229 511/228/1219 515/230/1232
f 2644/228/1229 2646/230/1231 516/230/1233 512/228/1220
f 2647/229/1234 2648/231/1235 517/231/1236 513/229/1223
f 2648/231/1235 2647/229/1234 514/229/1224 518/231/1237
f 2648/231/1235 2649/230/1238 515/230/1232 517/231/1236
f 2649/230/1238 2648/231/1235 518/231/1237 516/230/1233
f 2649/230/1238 2647/229/1234 513/229/1223 515/230/1232
f 2647/229/1234 2649/230/1238 516/230/1233 514/229/1224
f 2650/232/1239 2651/233/1240 521/233/1241 519/232/1242
f 2651/233/1240 2650/232/1239 520/232/1243 522/233/1244
f 2651/233/1240 2652/234/1245 523/234/1246 521/233/1241
f 2652/234/1245 2651/233/1240 522/233/1244 524/234/1247
f 2652/234/1245 2650/232/1239 519/232/1242 523/234/1246
f 2650/232/1239 2652/234/1245 524/234/1247 520/232/1243
f 2653/235/1248 2654/234/1249 523/234/1246 525/235/1250
f 2654/234/1249 2653/235/1248 526/235/1251 524/234/1247
f 2654/234/1249 2655/233/1252 521/233/1241 523/234/1246
f 2655/233/1252 2654/234/1249 524/234/1247 522/233/1244
f 2655/233/1252 2653/235/1248 525/235/1250 521/233/1241
f 2653/235/1248 2655/233/1252 522/233/1244 526/235/1251
f 2656/235/1253 2657/236/1254 527/236/1255 525/235/1250
f 2657/236/1254 2656/235/1253 526/235/1251 528/236/1256
f 2657/236/1254 2658/234/1257 523/234/1246 527/236/1255
f 2658/234/1257 2657/236/1254 528/236/1256 524/234/1247
f 2658/234/1257 2656/235/1253 525/235/1250 523/234/1246
f 2656/235/1253 2658/234/1257 524/234/1247 526/235/1251
f 2659/235/1258 2660/233/1259 521/233/1241 525/235/1250
f 2660/233/1259 2659/235/1258 526/235/1251 522/233/1244
f 2660/233/1259 2661/237/1260 529/237/1261 521/233/1241
f 2661/237/1260 2660/233/1259 522/233/1244 530/237/1262
f 2661/237/1260 2659/235/1258 525/235/1250 529/237/1261
f 2659/235/1258 2661/237/1260 530/237/1262 526/235/1251
f 2662/233/1263 2663/238/1264 531/238/1265 521/233/1241
f 2663/238/1264 2662/233/1263 522/233/1244 532/238/1266
f 2663/238/1264 2664/237/1267 529/237/1261 531/238/1265
f 2664/237/1267 2663/238/1264 532/238/1266 530/237/1262
f 2664/237/1267 2662/233/1263 521/233/1241 529/237/1261
f 2662/233/1263 2664/237/1267 530/237/1262 522/233/1244
f 2665/233/1268 2666/232/1269 519/232/1242 521/233/1241
f 2666/232/1269 2665/233/1268 522/233/1244 520/232/1243
f 2666/232/1269 2667/239/1270 533/239/1271 519/232/1242
f 2667/239/1270 2666/232/1269 520/232/1243 534/239/1272
f 2667/239/1270 2665/233/1268 521/233/1241 533/239/1271
f 2665/233/1268 2667/239/1270 534/239/1272 522/233/1244
f 2668/233/1273 2669/239/1274 533/239/1271 521/233/1241
f 2669/239/1274 2668/233/1273 522/233/1244 534/239/1272
f 2669/239/1274 2670/238/1275 531/238/1265 533/239/1271
f 2670/238/1275 2669/239/1274 534/239/1272 532/238/1266
f 2670/238/1275 2668/233/1273 521/233/1241 531/238/1265
f 2668/233/1273 2670/238/1275 532/238/1266 522/233/1244
f 2671/240/1276 2672/239/1277 533/239/1271 535/240/1278
f 2672/239/1277 2671/240/1276 536/240/1279 534/239/1272
f 2672/239/1277 2673/232/1280 519/232/1242 533/239/1271
f 2673/232/1280 2672/239/1277 534/239/1272 520/232/1243
f 2673/232/1280 2671/240/1276 535/240/1278 519/232/1242
f 2671/240/1276 2673/232/1280 520/232/1243 536/240/1279
f 2674/239/1281 2675/240/1282 535/240/1278 533/239/1271
f 2675/240/1282 2674/239/1281 534/239/1272 536/240/1279
f 2675/240/1282 2676/241/1283 537/241/1284 535/240/1278
f 2676/241/1283 2675/240/1282 536/240/1279 538/241/1285
f 2676/241/1283 2674/239/1281 533/239/1271 537/241/1284
f 2674/239/1281 2676/241/1283 538/241/1285 534/239/1272
f 2677/242/1286 2678/243/1287 543/243/1288 539/242/1289
f 2678/243/1287 2677/242/1286 540/242/1290 544/243/1291
f 2678/243/1287 2679/244/1292 541/244/1293 543/243/1288
f 2679/244/1292 2678/243/1287 544/243/1291 542/244/1294
f 2679/244/1292 2677/242/1286 539/242/1289 541/244/1293
f 2677/242/1286 2679/244/1292 542/244/1294 540/242/1290
f 2680/243/1295 2681/242/1296 539/242/1289 543/243/1288
f 2681/242/1296 2680/243/1295 544/243/1291 540/242/1290
f 2681/242/1296 2682/245/1297 547/245/1298 539/242/1289
f 2682/245/1297 2681/242/1296 540/242/1290 548/245/1299
f 2682/245/1297 2680/243/1295 543/243/1288 547/245/1298
f 2680/243/1295 2682/245/1297 548/245/1299 544/243/1291
f 2683/246/1300 2684/247/1301 545/247/1302 549/246/1303
f 2684/247/1301 2683/246/1300 550/246/1304 546/247/1305
f 2684/247/1301 2685/243/1306 543/243/1288 545/247/1302
f 2685/243/1306 2684/247/1301 546/247/1305 544/243/1291
f 2685/243/1306 2683/246/1300 549/246/1303 543/243/1288
f 2683/246/1300 2685/243/1306 544/243/1291 550/246/1304
f 2686/245/1307 2687/246/1308 549/246/1303 547/245/1298
f 2687/246/1308 2686/245/1307 548/245/1299 550/246/1304
f 2687/246/1308 2688/243/1309 543/243/1288 549/246/1303
f 2688/243/1309 2687/246/1308 550/246/1304 544/243/1291
f 2688/243/1309 2686/245/1307 547/245/1298 543/243/1288
f 2686/245/1307 2688/243/1309 544/243/1291 548/245/1299
f 2689/247/1310 2690/246/1311 549/246/1303 545/247/1302
f 2690/246/1311 2689/247/1310 546/247/1305 550/246/1304
f 2690/246/1311 2691/248/1312 551/248/1313 549/246/1303
f 2691/248/1312 2690/246/1311 550/246/1304 552/248/1314
f 2691/248/1312 2689/247/1310 545/247/1302 551/248/1313
f 2689/247/1310 2691/248/1312 552/248/1314 546/247/1305
f 2692/246/1315 2693/245/1316 547/245/1298 549/246/1303
f 2693/245/1316 2692/246/1315 550/246/1304 548/245/1299
f 2693/245/1316 2694/249/1317 553/249/1318 547/245/1298
f 2694/249/1317 2693/245/1316 548/245/1299 554/249/1319
f 2694/249/1317 2692/246/1315 549/246/1303 553/249/1318
f 2692/246/1315 2694/249/1317 554/249/1319 550/246/1304
f 2695/246/1320 2696/209/1321 555/209/1322 549/246/1303
f 2696/209/1321 2695/246/1320 550/246/1304 556/209/1323
f 2696/209/1321 2697/248/1324 551/248/1313 555/209/1322
f 2697/248/1324 2696/209/1321 556/209/1323 552/248/1314
f 2697/248/1324 2695/246/1320 549/246/1303 551/248/1313
f 2695/246/1320 2697/248/1324 552/248/1314 550/246/1304
f 2698/249/1325 2699/209/1326 555/209/1322 553/249/1318
f 2699/209/1326 2698/249/1325 554/249/1319 556/209/1323
f 2699/209/1326 2700/246/1327 549/246/1303 555/209/1322
f 2700/246/1327 2699/209/1326 556/209/1323 550/246/1304
f 2700/246/1327 2698/249/1325 553/249/1318 549/246/1303
f 2698/249/1325 2700/246/1327 550/246/1304 554/249/1319
f 2701/250/1328 2702/209/1329 555/209/1322 557/250/1330
f 2702/209/1329 2701/250/1328 558/250/1331 556/209/1323
f 2702/209/1329 2703/249/1332 553/249/1318 555/209/1322
f 2703/249/1332 2702/209/1329 556/209/1323 554/249/1319
f 2703/249/1332 2701/250/1328 557/250/1330 553/249/1318
f 2701/250/1328 2703/249/1332 554/249/1319 558/250/1331
f 2704/251/1333 2705/252/1334 561/252/1335 563/251/1336
f 2705/252/1334 2704/251/1333 564/251/1337 562/252/1338
f 2705/252/1334 2706/253/1339 559/253/1340 561/252/1335
f 2706/253/1339 2705/252/1334 562/252/1338 560/253/1341
f 2706/253/1339 2704/251/1333 563/251/1336 559/253/1340
f 2704/251/1333 2706/253/1339 560/253/1341 564/251/1337
f 2707/252/1342 2708/251/1343 563/251/1336 561/252/1335
f 2708/251/1343 2707/252/1342 562/252/1338 564/251/1337
f 2708/251/1343 2709/254/1344 567/254/1345 563/251/1336
f 2709/254/1344 2708/251/1343 564/251/1337 568/254/1346
f 2709/254/1344 2707/252/1342 561/252/1335 567/254/1345
f 2707/252/1342 2709/254/1344 568/254/1346 562/252/1338
f 2710/255/1347 2711/256/1348 571/256/1349 565/255/1350
f 2711/256/1348 2710/255/1347 566/255/1351 572/256/1352
f 2711/256/1348 2712/251/1353 563/251/1336 571/256/1349
f 2712/251/1353 2711/256/1348 572/256/1352 564/251/1337
f 2712/251/1353 2710/255/1347 565/255/1350 563/251/1336
f 2710/255/1347 2712/251/1353 564/251/1337 566/255/1351
f 2713/256/1354 2714/254/1355 567/254/1345 571/256/1349
f 2714/254/1355 2713/256/1354 572/256/1352 568/254/1346
f 2714/254/1355 2715/251/1356 563/251/1336 567/254/1345
f 2715/251/1356 2714/254/1355 568/254/1346 564/251/1337
f 2715/251/1356 2713/256/1354 571/256/1349 563/251/1336
f 2713/256/1354 2715/251/1356 564/251/1337 572/256/1352
f 2716/257/1357 2717/256/1358 571/256/1349 569/257/1359
f 2717/256/1358 2716/257/1357 570/257/1360 572/256/1352
f 2717/256/1358 2718/255/1361 565/255/1350 571/256/1349
f 2718/255/1361 2717/256/1358 572/256/1352 566/255/1351
f 2718/255/1361 2716/257/1357 569/257/1359 565/255/1350
f 2716/257/1357 2718/255/1361 566/255/1351 570/257/1360
f 2719/254/1362 2720/256/1363 571/256/1349 567/254/1345
f 2720/256/1363 2719/254/1362 568/254/1346 572/256/1352
f 2720/256/1363 2721/258/1364 573/258/1365 571/256/1349
f 2721/258/1364 2720/256/1363 572/256/1352 574/258/1366
f 2721/258/1364 2719/254/1362 567/254/1345 573/258/1365
f 2719/254/1362 2721/258/1364 574/258/1366 568/254/1346
f 2722/258/1367 2723/256/1368 571/256/1349 573/258/1365
f 2723/256/1368 2722/258/1367 574/258/1366 572/256/1352
f 2723/256/1368 2724/259/1369 575/259/1370 571/256/1349
f 2724/259/1369 2723/256/1368 572/256/1352 576/259/1371
f 2724/259/1369 2722/258/1367 573/258/1365 575/259/1370
f 2722/258/1367 2724/259/1369 576/259/1371 574/258/1366
f 2725/260/1372 2726/256/1373 571/256/1349 577/260/1374
f 2726/256/1373 2725/260/1372 578/260/1375 572/256/1352
f 2726/256/1373 2727/257/1376 569/257/1359 571/256/1349
f 2727/257/1376 2726/256/1373 572/256/1352 570/257/1360
f 2727/257/1376 2725/260/1372 577/260/1374 569/257/1359
f 2725/260/1372 2727/257/1376 570/257/1360 578/260/1375
f 2728/261/1377 2729/259/1378 575/259/1370 579/261/1379
f 2729/259/1378 2728/261/1377 580/261/1380 576/259/1371
f 2729/259/1378 2730/256/1381 571/256/1349 575/259/1370
f 2730/256/1381 2729/259/1378 576/259/1371 572/256/1352
f 2730/256/1381 2728/261/1377 579/261/1379 571/256/1349
f 2728/261/1377 2730/256/1381 572/256/1352 580/261/1380
f 2731/256/1382 2732/260/1383 577/260/1374 571/256/1349
f 2732/260/1383 2731/256/1382 572/256/1352 578/260/1375
f 2732/260/1383 2733/261/1384 579/261/1379 577/260/1374
f 2733/261/1384 2732/260/1383 578/260/1375 580/261/1380
f 2733/261/1384 2731/256/1382 571/256/1349 579/261/1379
f 2731/256/1382 2733/261/1384 580/261/1380 572/256/1352
f 2734/262/1385 2735/261/1386 579/261/1379 583/262/1387
f 2735/261/1386 2734/262/1385 584/262/1388 580/261/1380
f 2735/261/1386 2736/263/1389 581/263/1390 579/261/1379
f 2736/263/1389 2735/261/1386 580/261/1380 582/263/1391
f 2736/263/1389 2734/262/1385 583/262/1387 581/263/1390
f 2734/262/1385 2736/263/1389 582/263/1391 584/262/1388
f 2737/259/1392 2738/261/1393 579/261/1379 575/259/1370
f 2738/261/1393 2737/259/1392 576/259/1371 580/261/1380
f 2738/261/1393 2739/262/1394 583/262/1387 579/261/1379
f 2739/262/1394 2738/261/1393 580/261/1380 584/262/1388
f 2739/262/1394 2737/259/1392 575/259/1370 583/262/1387
f 2737/259/1392 2739/262/1394 584/262/1388 576/259/1371
f 2740/264/1395 2741/265/1396 585/265/1397 587/264/1398
f 2741/265/1396 2740/264/1395 588/264/1399 586/265/1400
f 2741/265/1396 2742/266/1401 589/266/1402 585/265/1397
f 2742/266/1401 2741/265/1396 586/265/1400 590/266/1403
f 2742/266/1401 2740/264/1395 587/264/1398 589/266/1402
f 2740/264/1395 2742/266/1401 590/266/1403 588/264/1399
f 2743/265/1404 2744/267/1405 591/267/1406 585/265/1397
f 2744/267/1405 2743/265/1404 586/265/1400 592/267/1407
f 2744/267/1405 2745/266/1408 589/266/1402 591/267/1406
f 2745/266/1408 2744/267/1405 592/267/1407 590/266/1403
f 2745/266/1408 2743/265/1404 585/265/1397 589/266/1402
f 2743/265/1404 2745/266/1408 590/266/1403 586/265/1400
f 2746/268/1409 2747/235/1410 597/235/1411 593/268/1412
f 2747/235/1410 2746/268/1409 594/268/1413 598/235/1414
f 2747/235/1410 2748/269/1415 599/269/1416 597/235/1411
f 2748/269/1415 2747/235/1410 598/235/1414 600/269/1417
f 2748/269/1415 2746/268/1409 593/268/1412 599/269/1416
f 2746/268/1409 2748/269/1415 600/269/1417 594/268/1413
f 2749/269/1418 2750/235/1419 597/235/1411 599/269/1416
f 2750/235/1419 2749/269/1418 600/269/1417 598/235/1414
f 2750/235/1419 2751/270/1420 603/270/1421 597/235/1411
f 2751/270/1420 2750/235/1419 598/235/1414 604/270/1422
f 2751/270/1420 2749/269/1418 599/269/1416 603/270/1421
f 2749/269/1418 2751/270/1420 604/270/1422 600/269/1417
f 2752/270/1423 2753/235/1424 597/235/1411 603/270/1421
f 2753/235/1424 2752/270/1423 604/270/1422 598/235/1414
f 2753/235/1424 2754/271/1425 601/271/1426 597/235/1411
f 2754/271/1425 2753/235/1424 598/235/1414 602/271/1427
f 2754/271/1425 2752/270/1423 603/270/1421 601/271/1426
f 2752/270/1423 2754/271/1425 602/271/1427 604/270/1422
f 2755/267/1428 2756/269/1429 599/269/1416 591/267/1406
f 2756/269/1429 2755/267/1428 592/267/1407 600/269/1417
f 2756/269/1429 2757/270/1430 603/270/1421 599/269/1416
f 2757/270/1430 2756/269/1429 600/269/1417 604/270/1422
f 2757/270/1430 2755/267/1428 591/267/1406 603/270/1421
f 2755/267/1428 2757/270/1430 604/270/1422 592/267/1407
f 2758/272/1431 2759/270/1432 603/270/1421 595/272/1433
f 2759/270/1432 2758/272/1431 596/272/1434 604/270/1422
f 2759/270/1432 2760/271/1435 601/271/1426 603/270/1421
f 2760/271/1435 2759/270/1432 604/270/1422 602/271/1427
f 2760/271/1435 2758/272/1431 595/272/1433 601/271/1426
f 2758/272/1431 2760/271/1435 602/271/1427 596/272/1434
f 2761/266/1436 2762/267/1437 591/267/1406 589/266/1402
f 2762/267/1437 2761/266/1436 590/266/1403 592/267/1407
f 2762/267/1437 2763/270/1438 603/270/1421 591/267/1406
f 2763/270/1438 2762/267/1437 592/267/1407 604/270/1422
f 2763/270/1438 2761/266/1436 589/266/1402 603/270/1421
f 2761/266/1436 2763/270/1438 604/270/1422 590/266/1403
f 2764/270/1439 2765/272/1440 595/272/1433 603/270/1421
f 2765/272/1440 2764/270/1439 604/270/1422 596/272/1434
f 2765/272/1440 2766/266/1441 589/266/1402 595/272/1433
f 2766/266/1441 2765/272/1440 596/272/1434 590/266/1403
f 2766/266/1441 2764/270/1439 603/270/1421 589/266/1402
f 2764/270/1439 2766/266/1441 590/266/1403 604/270/1422
f 2767/273/1442 2768/274/1443 613/274/1444 605/273/1445
f 2768/274/1443 2767/273/1442 606/273/1446 614/274/1447
f 2768/274/1443 2769/275/1448 607/275/1449 613/274/1444
f 2769/275/1448 2768/274/1443 614/274/1447 608/275/1450
f 2769/275/1448 2767/273/1442 605/273/1445 607/275/1449
f 2767/273/1442 2769/275/1448 608/275/1450 606/273/1446
f 2770/276/1451 2771/275/1452 607/275/1449 611/276/1453
f 2771/275/1452 2770/276/1451 612/276/1454 608/275/1450
f 2771/275/1452 2772/274/1455 613/274/1444 607/275/1449
f 2772/274/1455 2771/275/1452 608/275/1450 614/274/1447
f 2772/274/1455 2770/276/1451 611/276/1453 613/274/1444
f 2770/276/1451 2772/274/1455 614/274/1447 612/276/1454
f 2773/273/1456 2774/277/1457 609/277/1458 605/273/1445
f 2774/277/1457 2773/273/1456 606/273/1446 610/277/1459
f 2774/277/1457 2775/278/1460 615/278/1461 609/277/1458
f 2775/278/1460 2774/277/1457 610/277/1459 616/278/1462
f 2775/278/1460 2773/273/1456 605/273/1445 615/278/1461
f 2773/273/1456 2775/278/1460 616/278/1462 606/273/1446
f 2776/273/1463 2777/278/1464 615/278/1461 605/273/1445
f 2777/278/1464 2776/273/1463 606/273/1446 616/278/1462
f 2777/278/1464 2778/274/1465 613/274/1444 615/278/1461
f 2778/274/1465 2777/278/1464 616/278/1462 614/274/1447
f 2778/274/1465 2776/273/1463 605/273/1445 613/274/1444
f 2776/273/1463 2778/274/1465 614/274/1447 606/273/1446
f 2779/279/1466 2780/274/1467 613/274/1444 617/279/1468
f 2780/274/1467 2779/279/1466 618/279/1469 614/274/1447
f 2780/274/1467 2781/278/1470 615/278/1461 613/274/1444
f 2781/278/1470 2780/274/1467 614/274/1447 616/278/1462
f 2781/278/1470 2779/279/1466 617/279/1468 615/278/1461
f 2779/279/1466 2781/278/1470 616/278/1462 618/279/1469
f 2782/276/1471 2783/274/1472 613/274/1444 611/276/1453
f 2783/274/1472 2782/276/1471 612/276/1454 614/274/1447
f 2783/274/1472 2784/280/1473 619/280/1474 613/274/1444
f 2784/280/1473 2783/274/1472 614/274/1447 620/280/1475
f 2784/280/1473 2782/276/1471 611/276/1453 619/280/1474
f 2782/276/1471 2784/280/1473 620/280/1475 612/276/1454
f 2785/274/1476 2786/279/1477 617/279/1468 613/274/1444
f 2786/279/1477 2785/274/1476 614/274/1447 618/279/1469
f 2786/279/1477 2787/280/1478 619/280/1474 617/279/1468
f 2787/280/1478 2786/279/1477 618/279/1469 620/280/1475
f 2787/280/1478 2785/274/1476 613/274/1444 619/280/1474
f 2785/274/1476 2787/280/1478 620/280/1475 614/274/1447
f 2788/281/1479 2789/280/1480 619/280/1474 621/281/1481
f 2789/280/1480 2788/281/1479 622/281/1482 620/280/1475
f 2789/280/1480 2790/279/1483 617/279/1468 619/280/1474
f 2790/279/1483 2789/280/1480 620/280/1475 618/279/1469
f 2790/279/1483 2788/281/1479 621/281/1481 617/279/1468
f 2788/281/1479 2790/279/1483 618/279/1469 622/281/1482
f 2791/280/1484 2792/281/1485 621/281/1481 619/280/1474
f 2792/281/1485 2791/280/1484 620/280/1475 622/281/1482
f 2792/281/1485 2793/282/1486 623/282/1487 621/281/1481
f 2793/282/1486 2792/281/1485 622/281/1482 624/282/1488
f 2793/282/1486 2791/280/1484 619/280/1474 623/282/1487
f 2791/280/1484 2793/282/1486 624/282/1488 620/280/1475
f 2794/283/1489 2795/284/1490 627/284/1491 631/283/1492
f 2795/284/1490 2794/283/1489 632/283/1493 628/284/1494
f 2795/284/1490 2796/285/1495 629/285/1496 627/284/1491
f 2796/285/1495 2795/284/1490 628/284/1494 630/285/1497
f 2796/285/1495 2794/283/1489 631/283/1492 629/285/1496
f 2794/283/1489 2796/285/1495 630/285/1497 632/283/1493
f 2797/284/1498 2798/283/1499 631/283/1492 627/284/1491
f 2798/283/1499 2797/284/1498 628/284/1494 632/283/1493
f 2798/283/1499 2799/286/1500 625/286/1501 631/283/1492
f 2799/286/1500 2798/283/1499 632/283/1493 626/286/1502
f 2799/286/1500 2797/284/1498 627/284/1491 625/286/1501
f 2797/284/1498 2799/286/1500 626/286/1502 628/284/1494
f 2800/287/1503 2801/286/1504 625/286/1501 635/287/1505
f 2801/286/1504 2800/287/1503 636/287/1506 626/286/1502
f 2801/286/1504 2802/283/1507 631/283/1492 625/286/1501
f 2802/283/1507 2801/286/1504 626/286/1502 632/283/1493
f 2802/283/1507 2800/287/1503 635/287/1505 631/283/1492
f 2800/287/1503 2802/283/1507 632/283/1493 636/287/1506
f 2803/287/1508 2804/283/1509 631/283/1492 635/287/1505
f 2804/283/1509 2803/287/1508 636/287/1506 632/283/1493
f 2804/283/1509 2805/288/1510 633/288/1511 631/283/1492
f 2805/288/1510 2804/283/1509 632/283/1493 634/288/1512
f 2805/288/1510 2803/287/1508 635/287/1505 633/288/1511
f 2803/287/1508 2805/288/1510 634/288/1512 636/287/1506
f 2806/286/1513 2807/287/1514 635/287/1505 625/286/1501
f 2807/287/1514 2806/286/1513 626/286/1502 636/287/1506
f 2807/287/1514 2808/289/1515 637/289/1516 635/287/1505
f 2808/289/1515 2807/287/1514 636/287/1506 638/289/1517
f 2808/289/1515 2806/286/1513 625/286/1501 637/289/1516
f 2806/286/1513 2808/289/1515 638/289/1517 626/286/1502
f 2809/288/1518 2810/290/1519 639/290/1520 633/288/1511
f 2810/290/1519 2809/288/1518 634/288/1512 640/290/1521
f 2810/290/1519 2811/287/1522 635/287/1505 639/290/1520
f 2811/287/1522 2810/290/1519 640/290/1521 636/287/1506
f 2811/287/1522 2809/288/1518 633/288/1511 635/287/1505
f 2809/288/1518 2811/287/1522 636/287/1506 634/288/1512
f 2812/291/1523 2813/287/1524 635/287/1505 641/291/1525
f 2813/287/1524 2812/291/1523 642/291/1526 636/287/1506
f 2813/287/1524 2814/290/1527 639/290/1520 635/287/1505
f 2814/290/1527 2813/287/1524 636/287/1506 640/290/1521
f 2814/290/1527 2812/291/1523 641/291/1525 639/290/1520
f 2812/291/1523 2814/290/1527 640/290/1521 642/291/1526
f 2815/289/1528 2816/287/1529 635/287/1505 637/289/1516
f 2816/287/1529 2815/289/1528 638/289/1517 636/287/1506
f 2816/287/1529 2817/292/1530 643/292/1531 635/287/1505
f 2817/292/1530 2816/287/1529 636/287/1506 644/292/1532
f 2817/292/1530 2815/289/1528 637/289/1516 643/292/1531
f 2815/289/1528 2817/292/1530 644/292/1532 638/289/1517
f 2818/287/1533 2819/293/1534 645/293/1535 635/287/1505
f 2819/293/1534 2818/287/1533 636/287/1506 646/293/1536
f 2819/293/1534 2820/292/1537 643/292/1531 645/293/1535
f 2820/292/1537 2819/293/1534 646/293/1536 644/292/1532
f 2820/292/1537 2818/287/1533 635/287/1505 643/292/1531
f 2818/287/1533 2820/292/1537 644/292/1532 636/287/1506
f 2821/287/1538 2822/291/1539 641/291/1525 635/287/1505
f 2822/291/1539 2821/287/1538 636/287/1506 642/291/1526
f 2822/291/1539 2823/293/1540 645/293/1535 641/291/1525
f 2823/293/1540 2822/291/1539 642/291/1526 646/293/1536
f 2823/293/1540 2821/287/1538 635/287/1505 645/293/1535
f 2821/287/1538 2823/293/1540 646/293/1536 636/287/1506
f 2824/292/1541 2825/293/1542 645/293/1535 643/292/1531
f 2825/293/1542 2824/292/1541 644/292/1532 646/293/1536
f 2825/293/1542 2826/294/1543 647/294/1544 645/293/1535
f 2826/294/1543 2825/293/1542 646/293/1536 648/294/1545
f 2826/294/1543 2824/292/1541 643/292/1531 647/294/1544
f 2824/292/1541 2826/294/1543 648/294/1545 644/292/1532
f 2827/293/1546 2828/295/1547 649/295/1548 645/293/1535
f 2828/295/1547 2827/293/1546 646/293/1536 650/295/1549
f 2828/295/1547 2829/294/1550 647/294/1544 649/295/1548
f 2829/294/1550 2828/295/1547 650/295/1549 648/294/1545
f 2829/294/1550 2827/293/1546 645/293/1535 647/294/1544
f 2827/293/1546 2829/294/1550 648/294/1545 646/293/1536
f 2830/296/1551 2831/297/1552 653/297/1553 651/296/1554
f 2831/297/1552 2830/296/1551 652/296/1555 654/297/1556
f 2831/297/1552 2832/298/1557 655/298/1558 653/297/1553
f 2832/298/1557 2831/297/1552 654/297/1556 656/298/1559
f 2832/298/1557 2830/296/1551 651/296/1554 655/298/1558
f 2830/296/1551 2832/298/1557 656/298/1559 652/296/1555
f 2833/299/1560 2834/298/1561 655/298/1558 657/299/1562
f 2834/298/1561 2833/299/1560 658/299/1563 656/298/1559
f 2834/298/1561 2835/297/1564 653/297/1553 655/298/1558
f 2835/297/1564 2834/298/1561 656/298/1559 654/297/1556
f 2835/297/1564 2833/299/1560 657/299/1562 653/297/1553
f 2833/299/1560 2835/297/1564 654/297/1556 658/299/1563
f 2836/299/1565 2837/300/1566 659/300/1567 657/299/1562
f 2837/300/1566 2836/299/1565 658/299/1563 660/300/1568
f 2837/300/1566 2838/298/1569 655/298/1558 659/300/1567
f 2838/298/1569 2837/300/1566 660/300/1568 656/298/1559
f 2838/298/1569 2836/299/1565 657/299/1562 655/298/1558
f 2836/299/1565 2838/298/1569 656/298/1559 658/299/1563
f 2839/299/1570 2840/297/1571 653/297/1553 657/299/1562
f 2840/297/1571 2839/299/1570 658/299/1563 654/297/1556
f 2840/297/1571 2841/301/1572 661/301/1573 653/297/1553
f 2841/301/1572 2840/297/1571 654/297/1556 662/301/1574
f 2841/301/1572 2839/299/1570 657/299/1562 661/301/1573
f 2839/299/1570 2841/301/1572 662/301/1574 658/299/1563
f 2842/297/1575 2843/302/1576 663/302/1577 653/297/1553
f 2843/302/1576 2842/297/1575 654/297/1556 664/302/1578
f 2843/302/1576 2844/301/1579 661/301/1573 663/302/1577
f 2844/301/1579 2843/302/1576 664/302/1578 662/301/1574
f 2844/301/1579 2842/297/1575 653/297/1553 661/301/1573
f 2842/297/1575 2844/301/1579 662/301/1574 654/297/1556
f 2845/297/1580 2846/296/1581 651/296/1554 653/297/1553
f 2846/296/1581 2845/297/1580 654/297/1556 652/296/1555
f 2846/296/1581 2847/303/1582 665/303/1583 651/296/1554
f 2847/303/1582 2846/296/1581 652/296/1555 666/303/1584
f 2847/303/1582 2845/297/1580 653/297/1553 665/303/1583
f 2845/297/1580 2847/303/1582 666/303/1584 654/297/1556
f 2848/297/1585 2849/303/1586 665/303/1583 653/297/1553
f 2849/303/1586 2848/297/1585 654/297/1556 666/303/1584
f 2849/303/1586 2850/302/1587 663/302/1577 665/303/1583
f 2850/302/1587 2849/303/1586 666/303/1584 664/302/1578
f 2850/302/1587 2848/297/1585 653/297/1553 663/302/1577
f 2848/297/1585 2850/302/1587 664/302/1578 654/297/1556
f 2851/304/1588 2852/303/1589 665/303/1583 667/304/1590
f 2852/303/1589 2851/304/1588 668/304/1591 666/303/1584
f 2852/303/1589 2853/296/1592 651/296/1554 665/303/1583
f 2853/296/1592 2852/303/1589 666/303/1584 652/296/1555
f 2853/296/1592 2851/304/1588 667/304/1590 651/296/1554
f 2851/304/1588 2853/296/1592 652/296/1555 668/304/1591
f 2854/303/1593 2855/304/1594 667/304/1590 665/303/1583
f 2855/304/1594 2854/303/1593 666/303/1584 668/304/1591
f 2855/304/1594 2856/305/1595 669/305/1596 667/304/1590
f 2856/305/1595 2855/304/1594 668/304/1591 670/305/1597
f 2856/305/1595 2854/303/1593 665/303/1583 669/305/1596
f 2854/303/1593 2856/305/1595 670/305/1597 666/303/1584
f 2857/306/1598 2858/307/1599 675/307/1600 671/306/1601
f 2858/307/1599 2857/306/1598 672/306/1602 676/307/1603
f 2858/307/1599 2859/308/1604 673/308/1605 675/307/1600
f 2859/308/1604 2858/307/1599 676/307/1603 674/308/1606
f 2859/308/1604 2857/306/1598 671/306/1601 673/308/1605
f 2857/306/1598 2859/308/1604 674/308/1606 672/306/1602
f 2860/307/1607 2861/306/1608 671/306/1601 675/307/1600
f 2861/306/1608 2860/307/1607 676/307/1603 672/306/1602
f 2861/306/1608 2862/309/1609 679/309/1610 671/306/1601
f 2862/309/1609 2861/306/1608 672/306/1602 680/309/1611
f 2862/309/1609 2860/307/1607 675/307/1600 679/309/1610
f 2860/307/1607 2862/309/1609 680/309/1611 676/307/1603
f 2863/310/1612 2864/311/1613 677/311/1614 681/310/1615
f 2864/311/1613 2863/310/1612 682/310/1616 678/311/1617
f 2864/311/1613 2865/307/1618 675/307/1600 677/311/1614
f 2865/307/1618 2864/311/1613 678/311/1617 676/307/1603
f 2865/307/1618 2863/310/1612 681/310/1615 675/307/1600
f 2863/310/1612 2865/307/1618 676/307/1603 682/310/1616
f 2866/309/1619 2867/310/1620 681/310/1615 679/309/1610
f 2867/310/1620 2866/309/1619 680/309/1611 682/310/1616
f 2867/310/1620 2868/307/1621 675/307/1600 681/310/1615
f 2868/307/1621 2867/310/1620 682/310/1616 676/307/1603
f 2868/307/1621 2866/309/1619 679/309/1610 675/307/1600
f 2866/309/1619 2868/307/1621 676/307/1603 680/309/1611
f 2869/311/1622 2870/310/1623 681/310/1615 677/311/1614
f 2870/310/1623 2869/311/1622 678/311/1617 682/310/1616
f 2870/310/1623 2871/312/1624 683/312/1625 681/310/1615
f 2871/312/1624 2870/310/1623 682/310/1616 684/312/1626
f 2871/312/1624 2869/311/1622 677/311/1614 683/312/1625
f 2869/311/1622 2871/312/1624 684/312/1626 678/311/1617
f 2872/310/1627 2873/309/1628 679/309/1610 681/310/1615
f 2873/309/1628 2872/310/1627 682/310/1616 680/309/1611
f 2873/309/1628 2874/313/1629 685/313/1630 679/309/1610
f 2874/313/1629 2873/309/1628 680/309/1611 686/313/1631
f 2874/313/1629 2872/310/1627 681/310/1615 685/313/1630
f 2872/310/1627 2874/313/1629 686/313/1631 682/310/1616
f 2875/310/1632 2876/273/1633 687/273/1634 681/310/1615
f 2876/273/1633 2875/310/1632 682/310/1616 688/273/1635
f 2876/273/1633 2877/312/1636 683/312/1625 687/273/1634
f 2877/312/1636 2876/273/1633 688/273/1635 684/312/1626
f 2877/312/1636 2875/310/1632 681/310/1615 683/312/1625
f 2875/310/1632 2877/312/1636 684/312/1626 682/310/1616
f 2878/313/1637 2879/273/1638 687/273/1634 685/313/1630
f 2879/273/1638 2878/313/1637 686/313/1631 688/273/1635
f 2879/273/1638 2880/310/1639 681/310/1615 687/273/1634
f 2880/310/1639 2879/273/1638 688/273/1635 682/310/1616
f 2880/310/1639 2878/313/1637 685/313/1630 681/310/1615
f 2878/313/1637 2880/310/1639 682/310/1616 686/313/1631
f 2881/314/1640 2882/273/1641 687/273/1634 689/314/1642
f 2882/273/1641 2881/314/1640 690/314/1643 688/273/1635
f 2882/273/1641 2883/313/1644 685/313/1630 687/273/1634
f 2883/313/1644 2882/273/1641 688/273/1635 686/313/1631
f 2883/313/1644 2881/314/1640 689/314/1642 685/313/1630
f 2881/314/1640 2883/313/1644 686/313/1631 690/314/1643
f 2884/315/1645 2885/316/1646 693/316/1647 695/315/1648
f 2885/316/1646 2884/315/1645 696/315/1649 694/316/1650
f 2885/316/1646 2886/317/1651 691/317/1652 693/316/1647
f 2886/317/1651 2885/316/1646 694/316/1650 692/317/1653
f 2886/317/1651 2884/315/1645 695/315/1648 691/317/1652
f 2884/315/1645 2886/317/1651 692/317/1653 696/315/1649
f 2887/316/1654 2888/315/1655 695/315/1648 693/316/1647
f 2888/315/1655 2887/316/1654 694/316/1650 696/315/1649
f 2888/315/1655 2889/318/1656 699/318/1657 695/315/1648
f 2889/318/1656 2888/315/1655 696/315/1649 700/318/1658
f 2889/318/1656 2887/316/1654 693/316/1647 699/318/1657
f 2887/316/1654 2889/318/1656 700/318/1658 694/316/1650
f 2890/319/1659 2891/320/1660 703/320/1661 697/319/1662
f 2891/320/1660 2890/319/1659 698/319/1663 704/320/1664
f 2891/320/1660 2892/315/1665 695/315/1648 703/320/1661
f 2892/315/1665 2891/320/1660 704/320/1664 696/315/1649
f 2892/315/1665 2890/319/1659 697/319/1662 695/315/1648
f 2890/319/1659 2892/315/1665 696/315/1649 698/319/1663
f 2893/320/1666 2894/318/1667 699/318/1657 703/320/1661
f 2894/318/1667 2893/320/1666 704/320/1664 700/318/1658
f 2894/318/1667 2895/315/1668 695/315/1648 699/318/1657
f 2895/315/1668 2894/318/1667 700/318/1658 696/315/1649
f 2895/315/1668 2893/320/1666 703/320/1661 695/315/1648
f 2893/320/1666 2895/315/1668 696/315/1649 704/320/1664
f 2896/321/1669 2897/320/1670 703/320/1661 701/321/1671
f 2897/320/1670 2896/321/1669 702/321/1672 704/320/1664
f 2897/320/1670 2898/319/1673 697/319/1662 703/320/1661
f 2898/319/1673 2897/320/1670 704/320/1664 698/319/1663
f 2898/319/1673 2896/321/1669 701/321/1671 697/319/1662
f 2896/321/1669 2898/319/1673 698/319/1663 702/321/1672
f 2899/318/1674 2900/320/1675 703/320/1661 699/318/1657
f 2900/320/1675 2899/318/1674 700/318/1658 704/320/1664
f 2900/320/1675 2901/322/1676 705/322/1677 703/320/1661
f 2901/322/1676 2900/320/1675 704/320/1664 706/322/1678
f 2901/322/1676 2899/318/1674 699/318/1657 705/322/1677
f 2899/318/1674 2901/322/1676 706/322/1678 700/318/1658
f 2902/322/1679 2903/320/1680 703/320/1661 705/322/1677
f 2903/320/1680 2902/322/1679 706/322/1678 704/320/1664
f 2903/320/1680 2904/323/1681 707/323/1682 703/320/1661
f 2904/323/1681 2903/320/1680 704/320/1664 708/323/1683
f 2904/323/1681 2902/322/1679 705/322/1677 707/323/1682
f 2902/322/1679 2904/323/1681 708/323/1683 706/322/1678
f 2905/324/1684 2906/320/1685 703/320/1661 709/324/1686
f 2906/320/1685 2905/324/1684 710/324/1687 704/320/1664
f 2906/320/1685 2907/321/1688 701/321/1671 703/320/1661
f 2907/321/1688 2906/320/1685 704/320/1664 702/321/1672
f 2907/321/1688 2905/324/1684 709/324/1686 701/321/1671
f 2905/324/1684 2907/321/1688 702/321/1672 710/324/1687
f 2908/325/1689 2909/323/1690 707/323/1682 711/325/1691
f 2909/323/1690 2908/325/1689 712/325/1692 708/323/1683
f 2909/323/1690 2910/320/1693 703/320/1661 707/323/1682
f 2910/320/1693 2909/323/1690 708/323/1683 704/320/1664
f 2910/320/1693 2908/325/1689 711/325/1691 703/320/1661
f 2908/325/1689 2910/320/1693 704/320/1664 712/325/1692
f 2911/320/1694 2912/324/1695 709/324/1686 703/320/1661
f 2912/324/1695 2911/320/1694 704/320/1664 710/324/1687
f 2912/324/1695 2913/325/1696 711/325/1691 709/324/1686
f 2913/325/1696 2912/324/1695 710/324/1687 712/325/1692
f 2913/325/1696 2911/320/1694 703/320/1661 711/325/1691
f 2911/320/1694 2913/325/1696 712/325/1692 704/320/1664
f 2914/326/1697 2915/325/1698 711/325/1691 715/326/1699
f 2915/325/1698 2914/326/1697 716/326/1700 712/325/1692
f 2915/325/1698 2916/327/1701 713/327/1702 711/325/1691
f 2916/327/1701 2915/325/1698 712/325/1692 714/327/1703
f 2916/327/1701 2914/326/1697 715/326/1699 713/327/1702
f 2914/326/1697 2916/327/1701 714/327/1703 716/326/1700
f 2917/323/1704 2918/325/1705 711/325/1691 707/323/1682
f 2918/325/1705 2917/323/1704 708/323/1683 712/325/1692
f 2918/325/1705 2919/326/1706 715/326/1699 711/325/1691
f 2919/326/1706 2918/325/1705 712/325/1692 716/326/1700
f 2919/326/1706 2917/323/1704 707/323/1682 715/326/1699
f 2917/323/1704 2919/326/1706 716/326/1700 708/323/1683
f 2920/328/1707 2921/329/1708 717/329/1709 719/328/1710
f 2921/329/1708 2920/328/1707 720/328/1711 718/329/1712
f 2921/329/1708 2922/330/1713 721/330/1714 717/329/1709
f 2922/330/1713 2921/329/1708 718/329/1712 722/330/1715
f 2922/330/1713 2920/328/1707 719/328/1710 721/330/1714
f 2920/328/1707 2922/330/1713 722/330/1715 720/328/1711
f 2923/329/1716 2924/331/1717 723/331/1718 717/329/1709
f 2924/331/1717 2923/329/1716 718/329/1712 724/331/1719
f 2924/331/1717 2925/330/1720 721/330/1714 723/331/1718
f 2925/330/1720 2924/331/1717 724/331/1719 722/330/1715
f 2925/330/1720 2923/329/1716 717/329/1709 721/330/1714
f 2923/329/1716 2925/330/1720 722/330/1715 718/329/1712
f 2926/332/1721 2927/299/1722 729/299/1723 725/332/1724
f 2927/299/1722 2926/332/1721 726/332/1725 730/299/1726
f 2927/299/1722 2928/333/1727 731/333/1728 729/299/1723
f 2928/333/1727 2927/299/1722 730/299/1726 732/333/1729
f 2928/333/1727 2926/332/1721 725/332/1724 731/333/1728
f 2926/332/1721 2928/333/1727 732/333/1729 726/332/1725
f 2929/333/1730 2930/299/1731 729/299/1723 731/333/1728
f 2930/299/1731 2929/333/1730 732/333/1729 730/299/1726
f 2930/299/1731 2931/334/1732 735/334/1733 729/299/1723
f 2931/334/1732 2930/299/1731 730/299/1726 736/334/1734
f 2931/334/1732 2929/333/1730 731/333/1728 735/334/1733
f 2929/333/1730 2931/334/1732 736/334/1734 732/333/1729
f 2932/334/1735 2933/299/1736 729/299/1723 735/334/1733
f 2933/299/1736 2932/334/1735 736/334/1734 730/299/1726
f 2933/299/1736 2934/335/1737 733/335/1738 729/299/1723
f 2934/335/1737 2933/299/1736 730/299/1726 734/335/1739
f 2934/335/1737 2932/334/1735 735/334/1733 733/335/1738
f 2932/334/1735 2934/335/1737 734/335/1739 736/334/1734
f 2935/331/1740 2936/333/1741 731/333/1728 723/331/1718
f 2936/333/1741 2935/331/1740 724/331/1719 732/333/1729
f 2936/333/1741 2937/334/1742 735/334/1733 731/333/1728
f 2937/334/1742 2936/333/1741 732/333/1729 736/334/1734
f 2937/334/1742 2935/331/1740 723/331/1718 735/334/1733
f 2935/331/1740 2937/334/1742 736/334/1734 724/331/1719
f 2938/336/1743 2939/334/1744 735/334/1733 727/336/1745
f 2939/334/1744 2938/336/1743 728/336/1746 736/334/1734
f 2939/334/1744 2940/335/1747 733/335/1738 735/334/1733
f 2940/335/1747 2939/334/1744 736/334/1734 734/335/1739
f 2940/335/1747 2938/336/1743 727/336/1745 733/335/1738
f 2938/336/1743 2940/335/1747 734/335/1739 728/336/1746
f 2941/330/1748 2942/331/1749 723/331/1718 721/330/1714
f 2942/331/1749 2941/330/1748 722/330/1715 724/331/1719
f 2942/331/1749 2943/334/1750 735/334/1733 723/331/1718
f 2943/334/1750 2942/331/1749 724/331/1719 736/334/1734
f 2943/334/1750 2941/330/1748 721/330/1714 735/334/1733
f 2941/330/1748 2943/334/1750 736/334/1734 722/330/1715
f 2944/334/1751 2945/336/1752 727/336/1745 735/334/1733
f 2945/336/1752 2944/334/1751 736/334/1734 728/336/1746
f 2945/336/1752 2946/330/1753 721/330/1714 727/336/1745
f 2946/330/1753 2945/336/1752 728/336/1746 722/330/1715
f 2946/330/1753 2944/334/1751 735/334/1733 721/330/1714
f 2944/334/1751 2946/330/1753 722/330/1715 736/334/1734
f 2947/337/1754 2948/338/1755 745/338/1756 737/337/1757
f 2948/338/1755 2947/337/1754 738/337/1758 746/338/1759
f 2948/338/1755 2949/339/1760 739/339/1761 745/338/1756
f 2949/339/1760 2948/338/1755 746/338/1759 740/339/1762
f 2949/339/1760 2947/337/1754 737/337/1757 739/339/1761
f 2947/337/1754 2949/339/1760 740/339/1762 738/337/1758
f 2950/340/1763 2951/339/1764 739/339/1761 743/340/1765
f 2951/339/1764 2950/340/1763 744/340/1766 740/339/1762
f 2951/339/1764 2952/338/1767 745/338/1756 739/339/1761
f 2952/338/1767 2951/339/1764 740/339/1762 746/338/1759
f 2952/338/1767 2950/340/1763 743/340/1765 745/338/1756
f 2950/340/1763 2952/338/1767 746/338/1759 744/340/1766
f 2953/337/1768 2954/341/1769 741/341/1770 737/337/1757
f 2954/341/1769 2953/337/1768 738/337/1758 742/341/1771
f 2954/341/1769 2955/342/1772 747/342/1773 741/341/1770
f 2955/342/1772 2954/341/1769 742/341/1771 748/342/1774
f 2955/342/1772 2953/337/1768 737/337/1757 747/342/1773
f 2953/337/1768 2955/342/1772 748/342/1774 738/337/1758
f 2956/337/1775 2957/342/1776 747/342/1773 737/337/1757
f 2957/342/1776 2956/337/1775 738/337/1758 748/342/1774
f 2957/342/1776 2958/338/1777 745/338/1756 747/342/1773
f 2958/338/1777 2957/342/1776 748/342/1774 746/338/1759
f 2958/338/1777 2956/337/1775 737/337/1757 745/338/1756
f 2956/337/1775 2958/338/1777 746/338/1759 738/337/1758
f 2959/343/1778 2960/338/1779 745/338/1756 749/343/1780
f 2960/338/1779 2959/343/1778 750/343/1781 746/338/1759
f 2960/338/1779 2961/342/1782 747/342/1773 745/338/1756
f 2961/342/1782 2960/338/1779 746/338/1759 748/342/1774
f 2961/342/1782 2959/343/1778 749/343/1780 747/342/1773
f 2959/343/1778 2961/342/1782 748/342/1774 750/343/1781
f 2962/340/1783 2963/338/1784 745/338/1756 743/340/1765
f 2963/338/1784 2962/340/1783 744/340/1766 746/338/1759
f 2963/338/1784 2964/344/1785 751/344/1786 745/338/1756
f 2964/344/1785 2963/338/1784 746/338/1759 752/344/1787
f 2964/344/1785 2962/340/1783 743/340/1765 751/344/1786
f 2962/340/1783 2964/344/1785 752/344/1787 744/340/1766
f 2965/338/1788 2966/343/1789 749/343/1780 745/338/1756
f 2966/343/1789 2965/338/1788 746/338/1759 750/343/1781
f 2966/343/1789 2967/344/1790 751/344/1786 749/343/1780
f 2967/344/1790 2966/343/1789 750/343/1781 752/344/1787
f 2967/344/1790 2965/338/1788 745/338/1756 751/344/1786
f 2965/338/1788 2967/344/1790 752/344/1787 746/338/1759
f 2968/345/1791 2969/344/1792 751/344/1786 753/345/1793
f 2969/344/1792 2968/345/1791 754/345/1794 752/344/1787
f 2969/344/1792 2970/343/1795 749/343/1780 751/344/1786
f 2970/343/1795 2969/344/1792 752/344/1787 750/343/1781
f 2970/343/1795 2968/345/1791 753/345/1793 749/343/1780
f 2968/345/1791 2970/343/1795 750/343/1781 754/345/1794
f 2971/344/1796 2972/345/1797 753/345/1793 751/344/1786
f 2972/345/1797 2971/344/1796 752/344/1787 754/345/1794
f 2972/345/1797 2973/346/1798 755/346/1799 753/345/1793
f 2973/346/1798 2972/345/1797 754/345/1794 756/346/1800
f 2973/346/1798 2971/344/1796 751/344/1786 755/346/1799
f 2971/344/1796 2973/346/1798 756/346/1800 752/344/1787
f 2974/347/1801 2975/348/1802 759/348/1803 763/347/1804
f 2975/348/1802 2974/347/1801 764/347/1805 760/348/1806
f 2975/348/1802 2976/349/1807 761/349/1808 759/348/1803
f 2976/349/1807 2975/348/1802 760/348/1806 762/349/1809
f 2976/349/1807 2974/347/1801 763/347/1804 761/349/1808
f 2974/347/1801 2976/349/1807 762/349/1809 764/347/1805
f 2977/348/1810 2978/347/1811 763/347/1804 759/348/1803
f 2978/347/1811 2977/348/1810 760/348/1806 764/347/1805
f 2978/347/1811 2979/350/1812 757/350/1813 763/347/1804
f 2979/350/1812 2978/347/1811 764/347/1805 758/350/1814
f 2979/350/1812 2977/348/1810 759/348/1803 757/350/1813
f 2977/348/1810 2979/350/1812 758/350/1814 760/348/1806
f 2980/351/1815 2981/350/1816 757/350/1813 767/351/1817
f 2981/350/1816 2980/351/1815 768/351/1818 758/350/1814
f 2981/350/1816 2982/347/1819 763/347/1804 757/350/1813
f 2982/347/1819 2981/350/1816 758/350/1814 764/347/1805
f 2982/347/1819 2980/351/1815 767/351/1817 763/347/1804
f 2980/351/1815 2982/347/1819 764/347/1805 768/351/1818
f 2983/351/1820 2984/347/1821 763/347/1804 767/351/1817
f 2984/347/1821 2983/351/1820 768/351/1818 764/347/1805
f 2984/347/1821 2985/352/1822 765/352/1823 763/347/1804
f 2985/352/1822 2984/347/1821 764/347/1805 766/352/1824
f 2985/352/1822 2983/351/1820 767/351/1817 765/352/1823
f 2983/351/1820 2985/352/1822 766/352/1824 768/351/1818
f 2986/350/1825 2987/351/1826 767/351/1817 757/350/1813
f 2987/351/1826 2986/350/1825 758/350/1814 768/351/1818
f 2987/351/1826 2988/353/1827 769/353/1828 767/351/1817
f 2988/353/1827 2987/351/1826 768/351/1818 770/353/1829
f 2988/353/1827 2986/350/1825 757/350/1813 769/353/1828
f 2986/350/1825 2988/353/1827 770/353/1829 758/350/1814
f 2989/352/1830 2990/354/1831 771/354/1832 765/352/1823
f 2990/354/1831 2989/352/1830 766/352/1824 772/354/1833
f 2990/354/1831 2991/351/1834 767/351/1817 771/354/1832
f 2991/351/1834 2990/354/1831 772/354/1833 768/351/1818
f 2991/351/1834 2989/352/1830 765/352/1823 767/351/1817
f 2989/352/1830 2991/351/1834 768/351/1818 766/352/1824
f 2992/355/1835 2993/351/1836 767/351/1817 773/355/1837
f 2993/351/1836 2992/355/1835 774/355/1838 768/351/1818
f 2993/351/1836 2994/354/1839 771/354/1832 767/351/1817
f 2994/354/1839 2993/351/1836 768/351/1818 772/354/1833
f 2994/354/1839 2992/355/1835 773/355/1837 771/354/1832
f 2992/355/1835 2994/354/1839 772/354/1833 774/355/1838
f 2995/353/1840 2996/351/1841 767/351/1817 769/353/1828
f 2996/351/1841 2995/353/1840 770/353/1829 768/351/1818
f 2996/351/1841 2997/356/1842 775/356/1843 767/351/1817
f 2997/356/1842 2996/351/1841 768/351/1818 776/356/1844
f 2997/356/1842 2995/353/1840 769/353/1828 775/356/1843
f 2995/353/1840 2997/356/1842 776/356/1844 770/353/1829
f 2998/351/1845 2999/357/1846 777/357/1847 767/351/1817
f 2999/357/1846 2998/351/1845 768/351/1818 778/357/1848
f 2999/357/1846 3000/356/1849 775/356/1843 777/357/1847
f 3000/356/1849 2999/357/1846 778/357/1848 776/356/1844
f 3000/356/1849 2998/351/1845 767/351/1817 775/356/1843
f 2998/351/1845 3000/356/1849 776/356/1844 768/351/1818
f 3001/351/1850 3002/355/1851 773/355/1837 767/351/1817
f 3002/355/1851 3001/351/1850 768/351/1818 774/355/1838
f 3002/355/1851 3003/357/1852 777/357/1847 773/355/1837
f 3003/357/1852 3002/355/1851 774/355/1838 778/357/1848
f 3003/357/1852 3001/351/1850 767/351/1817 777/357/1847
f 3001/351/1850 3003/357/1852 778/357/1848 768/351/1818
f 3004/356/1853 3005/357/1854 777/357/1847 775/356/1843
f 3005/357/1854 3004/356/1853 776/356/1844 778/357/1848
f 3005/357/1854 3006/358/1855 779/358/1856 777/357/1847
f 3006/358/1855 3005/357/1854 778/357/1848 780/358/1857
f 3006/358/1855 3004/356/1853 775/356/1843 779/358/1856
f 3004/356/1853 3006/358/1855 780/358/1857 776/356/1844
f 3007/357/1858 3008/359/1859 781/359/1860 777/357/1847
f 3008/359/1859 3007/357/1858 778/357/1848 782/359/1861
f 3008/359/1859 3009/358/1862 779/358/1856 781/359/1860
f 3009/358/1862 3008/359/1859 782/359/1861 780/358/1857
f 3009/358/1862 3007/357/1858 777/357/1847 779/358/1856
f 3007/357/1858 3009/358/1862 780/358/1857 778/357/1848
f 3010/360/1863 3011/361/1864 785/361/1865 783/360/1866
f 3011/361/1864 3010/360/1863 784/360/1867 786/361/1868
f 3011/361/1864 3012/362/1869 787/362/1870 785/361/1865
f 3012/362/1869 3011/361/1864 786/361/1868 788/362/1871
f 3012/362/1869 3010/360/1863 783/360/1866 787/362/1870
f 3010/360/1863 3012/362/1869 788/362/1871 784/360/1867
f 3013/363/1872 3014/362/1873 787/362/1870 789/363/1874
f 3014/362/1873 3013/363/1872 790/363/1875 788/362/1871
f 3014/362/1873 3015/361/1876 785/361/1865 787/362/1870
f 3015/361/1876 3014/362/1873 788/362/1871 786/361/1868
f 3015/361/1876 3013/363/1872 789/363/1874 785/361/1865
f 3013/363/1872 3015/361/1876 786/361/1868 790/363/1875
f 3016/363/1877 3017/364/1878 791/364/1879 789/363/1874
f 3017/364/1878 3016/363/1877 790/363/1875 792/364/1880
f 3017/364/1878 3018/362/1881 787/362/1870 791/364/1879
f 3018/362/1881 3017/364/1878 792/364/1880 788/362/1871
f 3018/362/1881 3016/363/1877 789/363/1874 787/362/1870
f 3016/363/1877 3018/362/1881 788/362/1871 790/363/1875
f 3019/363/1882 3020/361/1883 785/361/1865 789/363/1874
f 3020/361/1883 3019/363/1882 790/363/1875 786/361/1868
f 3020/361/1883 3021/365/1884 793/365/1885 785/361/1865
f 3021/365/1884 3020/361/1883 786/361/1868 794/365/1886
f 3021/365/1884 3019/363/1882 789/363/1874 793/365/1885
f 3019/363/1882 3021/365/1884 794/365/1886 790/363/1875
f 3022/361/1887 3023/366/1888 795/366/1889 785/361/1865
f 3023/366/1888 3022/361/1887 786/361/1868 796/366/1890
f 3023/366/1888 3024/365/1891 793/365/1885 795/366/1889
f 3024/365/1891 3023/366/1888 796/366/1890 794/365/1886
f 3024/365/1891 3022/361/1887 785/361/1865 793/365/1885
f 3022/361/1887 3024/365/1891 794/365/1886 786/361/1868
f 3025/361/1892 3026/360/1893 783/360/1866 785/361/1865
f 3026/360/1893 3025/361/1892 786/361/1868 784/360/1867
f 3026/360/1893 3027/367/1894 797/367/1895 783/360/1866
f 3027/367/1894 3026/360/1893 784/360/1867 798/367/1896
f 3027/367/1894 3025/361/1892 785/361/1865 797/367/1895
f 3025/361/1892 3027/367/1894 798/367/1896 786/361/1868
f 3028/361/1897 3029/367/1898 797/367/1895 785/361/1865
f 3029/367/1898 3028/361/1897 786/361/1868 798/367/1896
f 3029/367/1898 3030/366/1899 795/366/1889 797/367/1895
f 3030/366/1899 3029/367/1898 798/367/1896 796/366/1890
f 3030/366/1899 3028/361/1897 785/361/1865 795/366/1889
f 3028/361/1897 3030/366/1899 796/366/1890 786/361/1868
f 3031/368/1900 3032/367/1901 797/367/1895 799/368/1902
f 3032/367/1901 3031/368/1900 800/368/1903 798/367/1896
f 3032/367/1901 3033/360/1904 783/360/1866 797/367/1895
f 3033/360/1904 3032/367/1901 798/367/1896 784/360/1867
f 3033/360/1904 3031/368/1900 799/368/1902 783/360/1866
f 3031/368/1900 3033/360/1904 784/360/1867 800/368/1903
f 3034/367/1905 3035/368/1906 799/368/1902 797/367/1895
f 3035/368/1906 3034/367/1905 798/367/1896 800/368/1903
f 3035/368/1906 3036/369/1907 801/369/1908 799/368/1902
f 3036/369/1907 3035/368/1906 800/368/1903 802/369/1909
f 3036/369/1907 3034/367/1905 797/367/1895 801/369/1908
f 3034/367/1905 3036/369/1907 802/369/1909 798/367/1896
f 3037/370/1910 3038/371/1911 807/371/1912 803/370/1913
f 3038/371/1911 3037/370/1910 804/370/1914 808/371/1915
f 3038/371/1911 3039/372/1916 805/372/1917 807/371/1912
f 3039/372/1916 3038/371/1911 808/371/1915 806/372/1918
f 3039/372/1916 3037/370/1910 803/370/1913 805/372/1917
f 3037/370/1910 3039/372/1916 806/372/1918 804/370/1914
f 3040/371/1919 3041/370/1920 803/370/1913 807/371/1912
f 3041/370/1920 3040/371/1919 808/371/1915 804/370/1914
f 3041/370/1920 3042/373/1921 811/373/1922 803/370/1913
f 3042/373/1921 3041/370/1920 804/370/1914 812/373/1923
f 3042/373/1921 3040/371/1919 807/371/1912 811/373/1922
f 3040/371/1919 3042/373/1921 812/373/1923 808/371/1915
f 3043/374/1924 3044/375/1925 809/375/1926 813/374/1927
f 3044/375/1925 3043/374/1924 814/374/1928 810/375/1929
f 3044/375/1925 3045/371/1930 807/371/1912 809/375/1926
f 3045/371/1930 3044/375/1925 810/375/1929 808/371/1915
f 3045/371/1930 3043/374/1924 813/374/1927 807/371/1912
f 3043/374/1924 3045/371/1930 808/371/1915 814/374/1928
f 3046/373/1931 3047/374/1932 813/374/1927 811/373/1922
f 3047/374/1932 3046/373/1931 812/373/1923 814/374/1928
f 3047/374/1932 3048/371/1933 807/371/1912 813/374/1927
f 3048/371/1933 3047/374/1932 814/374/1928 808/371/1915
f 3048/371/1933 3046/373/1931 811/373/1922 807/371/1912
f 3046/373/1931 3048/371/1933 808/371/1915 812/373/1923
f 3049/375/1934 3050/374/1935 813/374/1927 809/375/1926
f 3050/374/1935 3049/375/1934 810/375/1929 814/374/1928
f 3050/374/1935 3051/376/1936 815/376/1937 813/374/1927
f 3051/376/1936 3050/374/1935 814/374/1928 816/376/1938
f 3051/376/1936 3049/375/1934 809/375/1926 815/376/1937
f 3049/375/1934 3051/376/1936 816/376/1938 810/375/1929
f 3052/374/1939 3053/373/1940 811/373/1922 813/374/1927
f 3053/373/1940 3052/374/1939 814/374/1928 812/373/1923
f 3053/373/1940 3054/377/1941 817/377/1942 811/373/1922
f 3054/377/1941 3053/373/1940 812/373/1923 818/377/1943
f 3054/377/1941 3052/374/1939 813/374/1927 817/377/1942
f 3052/374/1939 3054/377/1941 818/377/1943 814/374/1928
f 3055/374/1944 3056/337/1945 819/337/1946 813/374/1927
f 3056/337/1945 3055/374/1944 814/374/1928 820/337/1947
f 3056/337/1945 3057/376/1948 815/376/1937 819/337/1946
f 3057/376/1948 3056/337/1945 820/337/1947 816/376/1938
f 3057/376/1948 3055/374/1944 813/374/1927 815/376/1937
f 3055/374/1944 3057/376/1948 816/376/1938 814/374/1928
f 3058/377/1949 3059/337/1950 819/337/1946 817/377/1942
f 3059/337/1950 3058/377/1949 818/377/1943 820/337/1947
f 3059/337/1950 3060/374/1951 813/374/1927 819/337/1946
f 3060/374/1951 3059/337/1950 820/337/1947 814/374/1928
f 3060/374/1951 3058/377/1949 817/377/1942 813/374/1927
f 3058/377/1949 3060/374/1951 814/374/1928 818/377/1943
f 3061/378/1952 3062/337/1953 819/337/1946 821/378/1954
f 3062/337/1953 3061/378/1952 822/378/1955 820/337/1947
f 3062/337/1953 3063/377/1956 817/377/1942 819/337/1946
f 3063/377/1956 3062/337/1953 820/337/1947 818/377/1943
f 3063/377/1956 3061/378/1952 821/378/1954 817/377/1942
f 3061/378/1952 3063/377/1956 818/377/1943 822/378/1955
f 3064/379/1957 3065/380/1958 825/380/1959 827/379/1960
f 3065/380/1958 3064/379/1957 828/379/1961 826/380/1962
f 3065/380/1958 3066/381/1963 823/381/1964 825/380/1959
f 3066/381/1963 3065/380/1958 826/380/1962 824/381/1965
f 3066/381/1963 3064/379/1957 827/379/1960 823/381/1964
f 3064/379/1957 3066/381/1963 824/381/1965 828/379/1961
f 3067/380/1966 3068/379/1967 827/379/1960 825/380/1959
f 3068/379/1967 3067/380/1966 826/380/1962 828/379/1961
f 3068/379/1967 3069/382/1968 831/382/1969 827/379/1960
f 3069/382/1968 3068/379/1967 828/379/1961 832/382/1970
f 3069/382/1968 3067/380/1966 825/380/1959 831/382/1969
f 3067/380/1966 3069/382/1968 832/382/1970 826/380/1962
f 3070/383/1971 3071/384/1972 835/384/1973 829/383/1974
f 3071/384/1972 3070/383/1971 830/383/1975 836/384/1976
f 3071/384/1972 3072/379/1977 827/379/1960 835/384/1973
f 3072/379/1977 3071/384/1972 836/384/1976 828/379/1961
f 3072/379/1977 3070/383/1971 829/383/1974 827/379/1960
f 3070/383/1971 3072/379/1977 828/379/1961 830/383/1975
f 3073/384/1978 3074/382/1979 831/382/1969 835/384/1973
f 3074/382/1979 3073/384/1978 836/384/1976 832/382/1970
f 3074/382/1979 3075/379/1980 827/379/1960 831/382/1969
f 3075/379/1980 3074/382/1979 832/382/1970 828/379/1961
f 3075/379/1980 3073/384/1978 835/384/1973 827/379/1960
f 3073/384/1978 3075/379/1980 828/379/1961 836/384/1976
f 3076/385/1981 3077/384/1982 835/384/1973 833/385/1983
f 3077/384/1982 3076/385/1981 834/385/1984 836/384/1976
f 3077/384/1982 3078/383/1985 829/383/1974 835/384/1973
f 3078/383/1985 3077/384/1982 836/384/1976 830/383/1975
f 3078/383/1985 3076/385/1981 833/385/1983 829/383/1974
f 3076/385/1981 3078/383/1985 830/383/1975 834/385/1984
f 3079/382/1986 3080/384/1987 835/384/1973 831/382/1969
f 3080/384/1987 3079/382/1986 832/382/1970 836/384/1976
f 3080/384/1987 3081/386/1988 837/386/1989 835/384/1973
f 3081/386/1988 3080/384/1987 836/384/1976 838/386/1990
f 3081/386/1988 3079/382/1986 831/382/1969 837/386/1989
f 3079/382/1986 3081/386/1988 838/386/1990 832/382/1970
f 3082/386/1991 3083/384/1992 835/384/1973 837/386/1989
f 3083/384/1992 3082/386/1991 838/386/1990 836/384/1976
f 3083/384/1992 3084/387/1993 839/387/1994 835/384/1973
f 3084/387/1993 3083/384/1992 836/384/1976 840/387/1995
f 3084/387/1993 3082/386/1991 837/386/1989 839/387/1994
f 3082/386/1991 3084/387/1993 840/387/1995 838/386/1990
f 3085/388/1996 3086/384/1997 835/384/1973 841/388/1998
f 3086/384/1997 3085/388/1996 842/388/1999 836/384/1976
f 3086/384/1997 3087/385/2000 833/385/1983 835/384/1973
f 3087/385/2000 3086/384/1997 836/384/1976 834/385/1984
f 3087/385/2000 3085/388/1996 841/388/1998 833/385/1983
f 3085/388/1996 3087/385/2000 834/385/1984 842/388/1999
f 3088/389/2001 3089/387/2002 839/387/1994 843/389/2003
f 3089/387/2002 3088/389/2001 844/389/2004 840/387/1995
f 3089/387/2002 3090/384/2005 835/384/1973 839/387/1994
f 3090/384/2005 3089/387/2002 840/387/1995 836/384/1976
f 3090/384/2005 3088/389/2001 843/389/2003 835/384/1973
f 3088/389/2001 3090/384/2005 836/384/1976 844/389/2004
f 3091/384/2006 3092/388/2007 841/388/1998 835/384/1973
f 3092/388/2007 3091/384/2006 836/384/1976 842/388/1999
f 3092/388/2007 3093/389/2008 843/389/2003 841/388/1998
f 3093/389/2008 3092/388/2007 842/388/1999 844/389/2004
f 3093/389/2008 3091/384/2006 835/384/1973 843/389/2003
f 3091/384/2006 3093/389/2008 844/389/2004 836/384/1976
f 3094/390/2009 3095/389/2010 843/389/2003 847/390/2011
f 3095/389/2010 3094/390/2009 848/390/2012 844/389/2004
f 3095/389/2010 3096/391/2013 845/391/2014 843/389/2003
f 3096/391/2013 3095/389/2010 844/389/2004 846/391/2015
f 3096/391/2013 3094/390/2009 847/390/2011 845/391/2014
f 3094/390/2009 3096/391/2013 846/391/2015 848/390/2012
f 3097/387/2016 3098/389/2017 843/389/2003 839/387/1994
f 3098/389/2017 3097/387/2016 840/387/1995 844/389/2004
f 3098/389/2017 3099/390/2018 847/390/2011 843/389/2003
f 3099/390/2018 3098/389/2017 844/389/2004 848/390/2012
f 3099/390/2018 3097/387/2016 839/387/1994 847/390/2011
f 3097/387/2016 3099/390/2018 848/390/2012 840/387/1995
f 3100/392/2019 3101/393/2020 849/393/2021 851/392/2022
f 3101/393/2020 3100/392/2019 852/392/2023 850/393/2024
f 3101/393/2020 3102/394/2025 853/394/2026 849/393/2021
f 3102/394/2025 3101/393/2020 850/393/2024 854/394/2027
f 3102/394/2025 3100/392/2019 851/392/2022 853/394/2026
f 3100/392/2019 3102/394/2025 854/394/2027 852/392/2023
f 3103/393/2028 3104/395/2029 855/395/2030 849/393/2021
f 3104/395/2029 3103/393/2028 850/393/2024 856/395/2031
f 3104/395/2029 3105/394/2032 853/394/2026 855/395/2030
f 3105/394/2032 3104/395/2029 856/395/2031 854/394/2027
f 3105/394/2032 3103/393/2028 849/393/2021 853/394/2026
f 3103/393/2028 3105/394/2032 854/394/2027 850/393/2024
f 3106/396/2033 3107/363/2034 861/363/2035 857/396/2036
f 3107/363/2034 3106/396/2033 858/396/2037 862/363/2038
f 3107/363/2034 3108/397/2039 863/397/2040 861/363/2035
f 3108/397/2039 3107/363/2034 862/363/2038 864/397/2041
f 3108/397/2039 3106/396/2033 857/396/2036 863/397/2040
f 3106/396/2033 3108/397/2039 864/397/2041 858/396/2037
f 3109/397/2042 3110/363/2043 861/363/2035 863/397/2040
f 3110/363/2043 3109/397/2042 864/397/2041 862/363/2038
f 3110/363/2043 3111/398/2044 867/398/2045 861/363/2035
f 3111/398/2044 3110/363/2043 862/363/2038 868/398/2046
f 3111/398/2044 3109/397/2042 863/397/2040 867/398/2045
f 3109/397/2042 3111/398/2044 868/398/2046 864/397/2041
f 3112/398/2047 3113/363/2048 861/363/2035 867/398/2045
f 3113/363/2048 3112/398/2047 868/398/2046 862/363/2038
f 3113/363/2048 3114/399/2049 865/399/2050 861/363/2035
f 3114/399/2049 3113/363/2048 862/363/2038 866/399/2051
f 3114/399/2049 3112/398/2047 867/398/2045 865/399/2050
f 3112/398/2047 3114/399/2049 866/399/2051 868/398/2046
f 3115/395/2052 3116/397/2053 863/397/2040 855/395/2030
f 3116/397/2053 3115/395/2052 856/395/2031 864/397/2041
f 3116/397/2053 3117/398/2054 867/398/2045 863/397/2040
f 3117/398/2054 3116/397/2053 864/397/2041 868/398/2046
f 3117/398/2054 3115/395/2052 855/395/2030 867/398/2045
f 3115/395/2052 3117/398/2054 868/398/2046 856/395/2031
f 3118/400/2055 3119/398/2056 867/398/2045 859/400/2057
f 3119/398/2056 3118/400/2055 860/400/2058 868/398/2046
f 3119/398/2056 3120/399/2059 865/399/2050 867/398/2045
f 3120/399/2059 3119/398/2056 868/398/2046 866/399/2051
f 3120/399/2059 3118/400/2055 859/400/2057 865/399/2050
f 3118/400/2055 3120/399/2059 866/399/2051 860/400/2058
f 3121/394/2060 3122/395/2061 855/395/2030 853/394/2026
f 3122/395/2061 3121/394/2060 854/394/2027 856/395/2031
f 3122/395/2061 3123/398/2062 867/398/2045 855/395/2030
f 3123/398/2062 3122/395/2061 856/395/2031 868/398/2046
f 3123/398/2062 3121/394/2060 853/394/2026 867/398/2045
f 3121/394/2060 3123/398/2062 868/398/2046 854/394/2027
f 3124/398/2063 3125/400/2064 859/400/2057 867/398/2045
f 3125/400/2064 3124/398/2063 868/398/2046 860/400/2058
f 3125/400/2064 3126/394/2065 853/394/2026 859/400/2057
f 3126/394/2065 3125/400/2064 860/400/2058 854/394/2027
f 3126/394/2065 3124/398/2063 867/398/2045 853/394/2026
f 3124/398/2063 3126/394/2065 854/394/2027 868/398/2046
f 3127/401/2066 3128/402/2067 871/402/2068 869/401/2069
f 3128/402/2067 3127/401/2066 870/401/2070 872/402/2071
f 3128/402/2067 3129/403/2072 873/403/2073 871/402/2068
f 3129/403/2072 3128/402/2067 872/402/2071 874/403/2074
f 3129/403/2072 3127/401/2066 869/401/2069 873/403/2073
f 3127/401/2066 3129/403/2072 874/403/2074 870/401/2070
f 3130/403/2075 3131/402/2076 871/402/2068 873/403/2073
f 3131/402/2076 3130/403/2075 874/403/2074 872/402/2071
f 3131/402/2076 3132/404/2077 875/404/2078 871/402/2068
f 3132/404/2077 3131/402/2076 872/402/2071 876/404/2079
f 3132/404/2077 3130/403/2075 873/403/2073 875/404/2078
f 3130/403/2075 3132/404/2077 876/404/2079 874/403/2074
f 3133/405/2080 3134/406/2081 877/406/2082 879/405/2083
f 3134/406/2081 3133/405/2080 880/405/2084 878/406/2085
f 3134/406/2081 3135/407/2086 881/407/2087 877/406/2082
f 3135/407/2086 3134/406/2081 878/406/2085 882/407/2088
f 3135/407/2086 3133/405/2080 879/405/2083 881/407/2087
f 3133/405/2080 3135/407/2086 882/407/2088 880/405/2084
f 3136/407/2089 3137/408/2090 883/408/2091 881/407/2087
f 3137/408/2090 3136/407/2089 882/407/2088 884/408/2092
f 3137/408/2090 3138/405/2093 879/405/2083 883/408/2091
f 3138/405/2093 3137/408/2090 884/408/2092 880/405/2084
f 3138/405/2093 3136/407/2089 881/407/2087 879/405/2083
f 3136/407/2089 3138/405/2093 880/405/2084 882/407/2088
f 3139/408/2094 3140/407/2095 881/407/2087 883/408/2091
f 3140/407/2095 3139/408/2094 884/408/2092 882/407/2088
f 3140/407/2095 3141/409/2096 885/409/2097 881/407/2087
f 3141/409/2096 3140/407/2095 882/407/2088 886/409/2098
f 3141/409/2096 3139/408/2094 883/408/2091 885/409/2097
f 3139/408/2094 3141/409/2096 886/409/2098 884/408/2092
f 3142/409/2099 3143/410/2100 887/410/2101 885/409/2097
f 3143/410/2100 3142/409/2099 886/409/2098 888/410/2102
f 3143/410/2100 3144/408/2103 883/408/2091 887/410/2101
f 3144/408/2103 3143/410/2100 888/410/2102 884/408/2092
f 3144/408/2103 3142/409/2099 885/409/2097 883/408/2091
f 3142/409/2099 3144/408/2103 884/408/2092 886/409/2098
f 3145/411/2104 3146/412/2105 889/412/2106 891/411/2107
f 3146/412/2105 3145/411/2104 892/411/2108 890/412/2085
f 3146/412/2105 3147/413/2109 893/413/2110 889/412/2106
f 3147/413/2109 3146/412/2105 890/412/2085 894/413/2111
f 3147/413/2109 3145/411/2104 891/411/2107 893/413/2110
f 3145/411/2104 3147/413/2109 894/413/2111 892/411/2108
f 3148/413/2112 3149/414/2113 895/414/2114 893/413/2110
f 3149/414/2113 3148/413/2112 894/413/2111 896/414/2115
f 3149/414/2113 3150/411/2116 891/411/2107 895/414/2114
f 3150/411/2116 3149/414/2113 896/414/2115 892/411/2108
f 3150/411/2116 3148/413/2112 893/413/2110 891/411/2107
f 3148/413/2112 3150/411/2116 892/411/2108 894/413/2111
f 3151/414/2117 3152/413/2118 893/413/2110 895/414/2114
f 3152/413/2118 3151/414/2117 896/414/2115 894/413/2111
f 3152/413/2118 3153/415/2119 897/415/2120 893/413/2110
f 3153/415/2119 3152/413/2118 894/413/2111 898/415/2121
f 3153/415/2119 3151/414/2117 895/414/2114 897/415/2120
f 3151/414/2117 3153/415/2119 898/415/2121 896/414/2115
f 3154/415/2122 3155/416/2100 899/416/2123 897/415/2120
f 3155/416/2100 3154/415/2122 898/415/2121 900/416/2124
f 3155/416/2100 3156/414/2125 895/414/2114 899/416/2123
f 3156/414/2125 3155/416/2100 900/416/2124 896/414/2115
f 3156/414/2125 3154/415/2122 897/415/2120 895/414/2114
f 3154/415/2122 3156/414/2125 896/414/2115 898/415/2121
f 3157/417/2126 3158/418/2127 901/418/2128 905/417/2129
f 3158/418/2127 3157/417/2126 906/417/2130 902/418/2131
f 3158/418/2127 3159/419/2132 903/419/2133 901/418/2128
f 3159/419/2132 3158/418/2127 902/418/2131 904/419/2134
f 3159/419/2132 3157/417/2126 905/417/2129 903/419/2133
f 3157/417/2126 3159/419/2132 904/419/2134 906/417/2130
f 3160/418/2135 3161/417/2136 905/417/2129 901/418/2128
f 3161/417/2136 3160/418/2135 902/418/2131 906/417/2130
f 3161/417/2136 3162/420/2137 907/420/2138 905/417/2129
f 3162/420/2137 3161/417/2136 906/417/2130 908/420/2139
f 3162/420/2137 3160/418/2135 901/418/2128 907/420/2138
f 3160/418/2135 3162/420/2137 908/420/2139 902/418/2131
f 3163/421/2140 3164/420/2141 907/420/2138 909/421/2142
f 3164/420/2141 3163/421/2140 910/421/2143 908/420/2139
f 3164/420/2141 3165/417/2144 905/417/2129 907/420/2138
f 3165/417/2144 3164/420/2141 908/420/2139 906/417/2130
f 3165/417/2144 3163/421/2140 909/421/2142 905/417/2129
f 3163/421/2140 3165/417/2144 906/417/2130 910/421/2143
f 3166/421/2145 3167/417/2146 905/417/2129 909/421/2142
f 3167/417/2146 3166/421/2145 910/421/2143 906/417/2130
f 3167/417/2146 3168/422/2147 911/422/2148 905/417/2129
f 3168/422/2147 3167/417/2146 906/417/2130 912/422/2149
f 3168/422/2147 3166/421/2145 909/421/2142 911/422/2148
f 3166/421/2145 3168/422/2147 912/422/2149 910/421/2143
f 3169/423/2150 3170/424/2151 913/424/2152 917/423/2153
f 3170/424/2151 3169/423/2150 918/423/2154 914/424/2155
f 3170/424/2151 3171/425/2156 915/425/2157 913/424/2152
f 3171/425/2156 3170/424/2151 914/424/2155 916/425/2158
f 3171/425/2156 3169/423/2150 917/423/2153 915/425/2157
f 3169/423/2150 3171/425/2156 916/425/2158 918/423/2154
f 3172/424/2159 3173/423/2160 917/423/2153 913/424/2152
f 3173/423/2160 3172/424/2159 914/424/2155 918/423/2154
f 3173/423/2160 3174/426/2161 919/426/2162 917/423/2153
f 3174/426/2161 3173/423/2160 918/423/2154 920/426/2163
f 3174/426/2161 3172/424/2159 913/424/2152 919/426/2162
f 3172/424/2159 3174/426/2161 920/426/2163 914/424/2155
f 3175/423/2164 3176/427/2165 921/427/2166 917/423/2153
f 3176/427/2165 3175/423/2164 918/423/2154 922/427/2167
f 3176/427/2165 3177/426/2168 919/426/2162 921/427/2166
f 3177/426/2168 3176/427/2165 922/427/2167 920/426/2163
f 3177/426/2168 3175/423/2164 917/423/2153 919/426/2162
f 3175/423/2164 3177/426/2168 920/426/2163 918/423/2154
f 3178/423/2169 3179/428/2170 923/428/2171 917/423/2153
f 3179/428/2170 3178/423/2169 918/423/2154 924/428/2172
f 3179/428/2170 3180/427/2173 921/427/2166 923/428/2171
f 3180/427/2173 3179/428/2170 924/428/2172 922/427/2167
f 3180/427/2173 3178/423/2169 917/423/2153 921/427/2166
f 3178/423/2169 3180/427/2173 922/427/2167 918/423/2154
f 3181/429/2174 3182/430/2175 925/430/2176 929/429/2177
f 3182/430/2175 3181/429/2174 930/429/2178 926/430/2179
f 3182/430/2175 3183/431/2180 927/431/2181 925/430/2176
f 3183/431/2180 3182/430/2175 926/430/2179 928/431/2182
f 3183/431/2180 3181/429/2174 929/429/2177 927/431/2181
f 3181/429/2174 3183/431/2180 928/431/2182 930/429/2178
f 3184/430/2183 3185/429/2184 929/429/2177 925/430/2176
f 3185/429/2184 3184/430/2183 926/430/2179 930/429/2178
f 3185/429/2184 3186/432/2185 931/432/2186 929/429/2177
f 3186/432/2185 3185/429/2184 930/429/2178 932/432/2187
f 3186/432/2185 3184/430/2183 925/430/2176 931/432/2186
f 3184/430/2183 3186/432/2185 932/432/2187 926/430/2179
f 3187/433/2188 3188/434/2189 935/434/2190 933/433/2191
f 3188/434/2189 3187/433/2188 934/433/2192 936/434/2193
f 3188/434/2189 3189/435/2194 937/435/2195 935/434/2190
f 3189/435/2194 3188/434/2189 936/434/2193 938/435/2196
f 3189/435/2194 3187/433/2188 933/433/2191 937/435/2195
f 3187/433/2188 3189/435/2194 938/435/2196 934/433/2192
f 3190/433/2197 3191/435/2198 937/435/2195 933/433/2191
f 3191/435/2198 3190/433/2197 934/433/2192 938/435/2196
f 3191/435/2198 3192/436/2199 939/436/2200 937/435/2195
f 3192/436/2199 3191/435/2198 938/435/2196 940/436/2201
f 3192/436/2199 3190/433/2197 933/433/2191 939/436/2200
f 3190/433/2197 3192/436/2199 940/436/2201 934/433/2192
f 3193/430/2202 3194/436/2203 943/436/2204 941/430/2205
f 3194/436/2203 3193/430/2202 942/430/2206 944/436/2207
f 3194/436/2203 3195/435/2208 937/435/2209 943/436/2204
f 3195/435/2208 3194/436/2203 944/436/2207 938/435/2210
f 3195/435/2208 3193/430/2202 941/430/2205 937/435/2209
f 3193/430/2202 3195/435/2208 938/435/2210 942/430/2206
f 3196/436/2211 3197/430/2212 941/430/2205 943/436/2204
f 3197/430/2212 3196/436/2211 944/436/2207 942/430/2206
f 3197/430/2212 3198/432/2213 945/432/2214 941/430/2205
f 3198/432/2213 3197/430/2212 942/430/2206 946/432/2215
f 3198/432/2213 3196/436/2211 943/436/2204 945/432/2214
f 3196/436/2211 3198/432/2213 946/432/2215 944/436/2207
f 3199/417/2216 3200/437/2217 949/437/2218 951/417/2219
f 3200/437/2217 3199/417/2216 952/417/2220 950/437/2221
f 3200/437/2217 3201/438/2222 947/438/2223 949/437/2218
f 3201/438/2222 3200/437/2217 950/437/2221 948/438/2224
f 3201/438/2222 3199/417/2216 951/417/2219 947/438/2223
f 3199/417/2216 3201/438/2222 948/438/2224 952/417/2220
f 3202/437/2225 3203/417/2226 951/417/2219 949/437/2218
f 3203/417/2226 3202/437/2225 950/437/2221 952/417/2220
f 3203/417/2226 3204/423/2227 953/423/2228 951/417/2219
f 3204/423/2227 3203/417/2226 952/417/2220 954/423/2229
f 3204/423/2227 3202/437/2225 949/437/2218 953/423/2228
f 3202/437/2225 3204/423/2227 954/423/2229 950/437/2221
f 3205/439/2230 3206/423/2231 953/423/2228 955/439/2232
f 3206/423/2231 3205/439/2230 956/439/2233 954/423/2229
f 3206/423/2231 3207/417/2234 951/417/2219 953/423/2228
f 3207/417/2234 3206/423/2231 954/423/2229 952/417/2220
f 3207/417/2234 3205/439/2230 955/439/2232 951/417/2219
f 3205/439/2230 3207/417/2234 952/417/2220 956/439/2233
f 3208/423/2235 3209/439/2236 955/439/2232 953/423/2228
f 3209/439/2236 3208/423/2235 954/423/2229 956/439/2233
f 3209/439/2236 3210/440/2237 957/440/2238 955/439/2232
f 3210/440/2237 3209/439/2236 956/439/2233 958/440/2239
f 3210/440/2237 3208/423/2235 953/423/2228 957/440/2238
f 3208/423/2235 3210/440/2237 958/440/2239 954/423/2229
f 3211/441/2240 3212/442/2241 963/442/2242 959/441/2243
f 3212/442/2241 3211/441/2240 960/441/2244 964/442/2245
f 3212/442/2241 3213/443/2246 961/443/2247 963/442/2242
f 3213/443/2246 3212/442/2241 964/442/2245 962/443/2248
f 3213/443/2246 3211/441/2240 959/441/2243 961/443/2247
f 3211/441/2240 3213/443/2246 962/443/2248 960/441/2244
f 3214/442/2249 3215/441/2250 959/441/2243 963/442/2242
f 3215/441/2250 3214/442/2249 964/442/2245 960/441/2244
f 3215/441/2250 3216/444/2251 965/444/2252 959/441/2243
f 3216/444/2251 3215/441/2250 960/441/2244 966/444/2253
f 3216/444/2251 3214/442/2249 963/442/2242 965/444/2252
f 3214/442/2249 3216/444/2251 966/444/2253 964/442/2245
f 3217/445/2254 3218/430/2255 969/430/2256 967/445/2257
f 3218/430/2255 3217/445/2254 968/445/2258 970/430/2259
f 3218/430/2255 3219/435/2260 971/435/2261 969/430/2256
f 3219/435/2260 3218/430/2255 970/430/2259 972/435/2262
f 3219/435/2260 3217/445/2254 967/445/2257 971/435/2261
f 3217/445/2254 3219/435/2260 972/435/2262 968/445/2258
f 3220/430/2263 3221/445/2264 967/445/2257 969/430/2256
f 3221/445/2264 3220/430/2263 970/430/2259 968/445/2258
f 3221/445/2264 3222/446/2265 973/446/2266 967/445/2257
f 3222/446/2265 3221/445/2264 968/445/2258 974/446/2267
f 3222/446/2265 3220/430/2263 969/430/2256 973/446/2266
f 3220/430/2263 3222/446/2265 974/446/2267 970/430/2259
f 3223/447/2268 3224/448/2269 977/448/2270 975/447/2271
f 3224/448/2269 3223/447/2268 976/447/2272 978/448/2273
f 3224/448/2269 3225/449/2274 979/449/2275 977/448/2270
f 3225/449/2274 3224/448/2269 978/448/2273 980/449/2276
f 3225/449/2274 3223/447/2268 975/447/2271 979/449/2275
f 3223/447/2268 3225/449/2274 980/449/2276 976/447/2272
f 3226/449/2277 3227/448/2278 977/448/2270 979/449/2275
f 3227/448/2278 3226/449/2277 980/449/2276 978/448/2273
f 3227/448/2278 3228/450/2279 981/450/2280 977/448/2270
f 3228/450/2279 3227/448/2278 978/448/2273 982/450/2281
f 3228/450/2279 3226/449/2277 979/449/2275 981/450/2280
f 3226/449/2277 3228/450/2279 982/450/2281 980/449/2276
f 3229/447/2282 3230/448/2283 985/448/2284 983/447/2285
f 3230/448/2283 3229/447/2282 984/447/2272 986/448/2286
f 3230/448/2283 3231/449/2287 987/449/2288 985/448/2284
f 3231/449/2287 3230/448/2283 986/448/2286 988/449/2289
f 3231/449/2287 3229/447/2282 983/447/2285 987/449/2288
f 3229/447/2282 3231/449/2287 988/449/2289 984/447/2272
f 3232/449/2290 3233/448/2291 985/448/2284 987/449/2288
f 3233/448/2291 3232/449/2290 988/449/2289 986/448/2286
f 3233/448/2291 3234/450/2292 989/450/2293 985/448/2284
f 3234/450/2292 3233/448/2291 986/448/2286 990/450/2294
f 3234/450/2292 3232/449/2290 987/449/2288 989/450/2293
f 3232/449/2290 3234/450/2292 990/450/2294 988/449/2289
f 3235/451/2295 3236/452/2296 993/452/2297 991/451/2298
f 3236/452/2296 3235/451/2295 992/451/2299 994/452/2300
f 3236/452/2296 3237/453/2301 995/453/2302 993/452/2297
f 3237/453/2301 3236/452/2296 994/452/2300 996/453/2303
f 3237/453/2301 3235/451/2295 991/451/2298 995/453/2302
f 3235/451/2295 3237/453/2301 996/453/2303 992/451/2299
f 3238/453/2304 3239/454/2305 997/454/2306 995/453/2302
f 3239/454/2305 3238/453/2304 996/453/2303 998/454/2307
f 3239/454/2305 3240/451/2308 991/451/2298 997/454/2306
f 3240/451/2308 3239/454/2305 998/454/2307 992/451/2299
f 3240/451/2308 3238/453/2304 995/453/2302 991/451/2298
f 3238/453/2304 3240/451/2308 992/451/2299 996/453/2303
f 3241/454/2309 3242/453/2310 995/453/2302 997/454/2306
f 3242/453/2310 3241/454/2309 998/454/2307 996/453/2303
f 3242/453/2310 3243/455/2311 999/455/2312 995/453/2302
f 3243/455/2311 3242/453/2310 996/453/2303 1000/455/2313
f 3243/455/2311 3241/454/2309 997/454/2306 999/455/2312
f 3241/454/2309 3243/455/2311 1000/455/2313 998/454/2307
f 3244/455/2314 3245/456/2315 1001/456/2316 999/455/2312
f 3245/456/2315 3244/455/2314 1000/455/2313 1002/456/2317
f 3245/456/2315 3246/454/2318 997/454/2306 1001/456/2316
f 3246/454/2318 3245/456/2315 1002/456/2317 998/454/2307
f 3246/454/2318 3244/455/2314 999/455/2312 997/454/2306
f 3244/455/2314 3246/454/2318 998/454/2307 1000/455/2313
f 3247/457/2319 3248/458/2310 1005/458/2320 1003/457/2321
f 3248/458/2310 3247/457/2319 1004/457/2322 1006/458/2303
f 3248/458/2310 3249/459/2323 1007/459/2324 1005/458/2320
f 3249/459/2323 3248/458/2310 1006/458/2303 1008/459/2325
f 3249/459/2323 3247/457/2319 1003/457/2321 1007/459/2324
f 3247/457/2319 3249/459/2323 1008/459/2325 1004/457/2322
f 3250/458/2304 3251/457/2305 1003/457/2321 1005/458/2320
f 3251/457/2305 3250/458/2304 1006/458/2303 1004/457/2322
f 3251/457/2305 3252/460/2308 1009/460/2298 1003/457/2321
f 3252/460/2308 3251/457/2305 1004/457/2322 1010/460/2299
f 3252/460/2308 3250/458/2304 1005/458/2320 1009/460/2298
f 3250/458/2304 3252/460/2308 1010/460/2299 1006/458/2303
f 3253/459/2326 3254/461/2327 1011/461/2328 1007/459/2324
f 3254/461/2327 3253/459/2326 1008/459/2325 1012/461/2329
f 3254/461/2327 3255/457/2330 1003/457/2321 1011/461/2328
f 3255/457/2330 3254/461/2327 1012/461/2329 1004/457/2322
f 3255/457/2330 3253/459/2326 1007/459/2324 1003/457/2321
f 3253/459/2326 3255/457/2330 1004/457/2322 1008/459/2325
f 3256/460/2295 3257/462/2331 1013/462/2297 1009/460/2298
f 3257/462/2331 3256/460/2295 1010/460/2299 1014/462/2300
f 3257/462/2331 3258/458/2301 1005/458/2320 1013/462/2297
f 3258/458/2301 3257/462/2331 1014/462/2300 1006/458/2303
f 3258/458/2301 3256/460/2295 1009/460/2298 1005/458/2320
f 3256/460/2295 3258/458/2301 1006/458/2303 1010/460/2299
f 3259/463/2332 3260/464/2333 1017/464/2334 1015/463/2335
f 3260/464/2333 3259/463/2332 1016/463/2336 1018/464/2337
f 3260/464/2333 3261/465/2338 1019/465/2339 1017/464/2334
f 3261/465/2338 3260/464/2333 1018/464/2337 1020/465/2340
f 3261/465/2338 3259/463/2332 1015/463/2335 1019/465/2339
f 3259/463/2332 3261/465/2338 1020/465/2340 1016/463/2336
f 3262/466/2341 3263/463/2342 1015/463/2335 1021/466/2343
f 3263/463/2342 3262/466/2341 1022/466/2344 1016/463/2336
f 3263/463/2342 3264/465/2345 1019/465/2339 1015/463/2335
f 3264/465/2345 3263/463/2342 1016/463/2336 1020/465/2340
f 3264/465/2345 3262/466/2341 1021/466/2343 1019/465/2339
f 3262/466/2341 3264/465/2345 1020/465/2340 1022/466/2344
f 3265/465/2346 3266/464/2347 1017/464/2334 1019/465/2339
f 3266/464/2347 3265/465/2346 1020/465/2340 1018/464/2337
f 3266/464/2347 3267/467/2348 1023/467/2349 1017/464/2334
f 3267/467/2348 3266/464/2347 1018/464/2337 1024/467/2350
f 3267/467/2348 3265/465/2346 1019/465/2339 1023/467/2349
f 3265/465/2346 3267/467/2348 1024/467/2350 1020/465/2340
f 3268/466/2351 3269/465/2352 1019/465/2339 1021/466/2343
f 3269/465/2352 3268/466/2351 1022/466/2344 1020/465/2340
f 3269/465/2352 3270/468/2353 1025/468/2354 1019/465/2339
f 3270/468/2353 3269/465/2352 1020/465/2340 1026/468/2355
f 3270/468/2353 3268/466/2351 1021/466/2343 1025/468/2354
f 3268/466/2351 3270/468/2353 1026/468/2355 1022/466/2344
f 3271/464/2356 3272/469/2357 1027/469/2358 1017/464/2334
f 3272/469/2357 3271/464/2356 1018/464/2337 1028/469/2359
f 3272/469/2357 3273/467/2360 1023/467/2349 1027/469/2358
f 3273/467/2360 3272/469/2357 1028/469/2359 1024/467/2350
f 3273/467/2360 3271/464/2356 1017/464/2334 1023/467/2349
f 3271/464/2356 3273/467/2360 1024/467/2350 1018/464/2337
f 3274/468/2361 3275/470/2362 1029/470/2363 1025/468/2354
f 3275/470/2362 3274/468/2361 1026/468/2355 1030/470/2364
f 3275/470/2362 3276/466/2365 1021/466/2343 1029/470/2363
f 3276/466/2365 3275/470/2362 1030/470/2364 1022/466/2344
f 3276/466/2365 3274/468/2361 1025/468/2354 1021/466/2343
f 3274/468/2361 3276/466/2365 1022/466/2344 1026/468/2355
f 3277/464/2366 3278/470/2367 1029/470/2363 1017/464/2334
f 3278/470/2367 3277/464/2366 1018/464/2337 1030/470/2364
f 3278/470/2367 3279/469/2368 1027/469/2358 1029/470/2363
f 3279/469/2368 3278/470/2367 1030/470/2364 1028/469/2359
f 3279/469/2368 3277/464/2366 1017/464/2334 1027/469/2358
f 3277/464/2366 3279/469/2368 1028/469/2359 1018/464/2337
f 3280/470/2369 3281/468/2370 1025/468/2354 1029/470/2363
f 3281/468/2370 3280/470/2369 1030/470/2364 1026/468/2355
f 3281/468/2370 3282/469/2371 1027/469/2358 1025/468/2354
f 3282/469/2371 3281/468/2370 1026/468/2355 1028/469/2359
f 3282/469/2371 3280/470/2369 1029/470/2363 1027/469/2358
f 3280/470/2369 3282/469/2371 1028/469/2359 1030/470/2364
f 3283/471/2372 3284/472/2373 1031/472/2374 1039/471/2375
f 3284/472/2373 3283/471/2372 1040/471/2376 1032/472/2377
f 3284/472/2373 3285/473/2378 1035/473/2379 1031/472/2374
f 3285/473/2378 3284/472/2373 1032/472/2377 1036/473/2380
f 3285/473/2378 3283/471/2372 1039/471/2375 1035/473/2379
f 3283/471/2372 3285/473/2378 1036/473/2380 1040/471/2376
f 3286/474/2381 3287/471/2382 1039/471/2375 1033/474/2383
f 3287/471/2382 3286/474/2381 1034/474/2384 1040/471/2376
f 3287/471/2382 3288/475/2385 1037/475/2386 1039/471/2375
f 3288/475/2385 3287/471/2382 1040/471/2376 1038/475/2387
f 3288/475/2385 3286/474/2381 1033/474/2383 1037/475/2386
f 3286/474/2381 3288/475/2385 1038/475/2387 1034/474/2384
f 3289/472/2388 3290/471/2389 1039/471/2375 1031/472/2374
f 3290/471/2389 3289/472/2388 1032/472/2377 1040/471/2376
f 3290/471/2389 3291/476/2390 1041/476/2391 1039/471/2375
f 3291/476/2390 3290/471/2389 1040/471/2376 1042/476/2392
f 3291/476/2390 3289/472/2388 1031/472/2374 1041/476/2391
f 3289/472/2388 3291/476/2390 1042/476/2392 1032/472/2377
f 3292/474/2393 3293/476/2394 1041/476/2391 1033/474/2383
f 3293/476/2394 3292/474/2393 1034/474/2384 1042/476/2392
f 3293/476/2394 3294/471/2395 1039/471/2375 1041/476/2391
f 3294/471/2395 3293/476/2394 1042/476/2392 1040/471/2376
f 3294/471/2395 3292/474/2393 1033/474/2383 1039/471/2375
f 3292/474/2393 3294/471/2395 1040/471/2376 1034/474/2384
f 3295/477/2396 3296/478/2397 1045/478/2398 1043/477/2399
f 3296/478/2397 3295/477/2396 1044/477/2400 1046/478/2401
f 3296/478/2397 3297/479/2402 1047/479/2403 1045/478/2398
f 3297/479/2402 3296/478/2397 1046/478/2401 1048/479/2404
f 3297/479/2402 3295/477/2396 1043/477/2399 1047/479/2403
f 3295/477/2396 3297/479/2402 1048/479/2404 1044/477/2400
f 3298/478/2405 3299/477/2406 1043/477/2399 1045/478/2398
f 3299/477/2406 3298/478/2405 1046/478/2401 1044/477/2400
f 3299/477/2406 3300/480/2407 1049/480/2408 1043/477/2399
f 3300/480/2407 3299/477/2406 1044/477/2400 1050/480/2409
f 3300/480/2407 3298/478/2405 1045/478/2398 1049/480/2408
f 3298/478/2405 3300/480/2407 1050/480/2409 1046/478/2401
f 3301/481/2410 3302/478/2411 1045/478/2398 1051/481/2412
f 3302/478/2411 3301/481/2410 1052/481/2413 1046/478/2401
f 3302/478/2411 3303/480/2414 1049/480/2408 1045/478/2398
f 3303/480/2414 3302/478/2411 1046/478/2401 1050/480/2409
f 3303/480/2414 3301/481/2410 1051/481/2412 1049/480/2408
f 3301/481/2410 3303/480/2414 1050/480/2409 1052/481/2413
f 3304/478/2415 3305/481/2416 1051/481/2412 1045/478/2398
f 3305/481/2416 3304/478/2415 1046/478/2401 1052/481/2413
f 3305/481/2416 3306/482/2417 1053/482/2418 1051/481/2412
f 3306/482/2417 3305/481/2416 1052/481/2413 1054/482/2419
f 3306/482/2417 3304/478/2415 1045/478/2398 1053/482/2418
f 3304/478/2415 3306/482/2417 1054/482/2419 1046/478/2401
f 3307/483/2420 3308/484/2421 1057/484/2422 1055/483/2423
f 3308/484/2421 3307/483/2420 1056/483/2424 1058/484/2425
f 3308/484/2421 3309/485/2426 1059/485/2427 1057/484/2422
f 3309/485/2426 3308/484/2421 1058/484/2425 1060/485/2428
f 3309/485/2426 3307/483/2420 1055/483/2423 1059/485/2427
f 3307/483/2420 3309/485/2426 1060/485/2428 1056/483/2424
f 3310/484/2429 3311/483/2430 1055/483/2423 1057/484/2422
f 3311/483/2430 3310/484/2429 1058/484/2425 1056/483/2424
f 3311/483/2430 3312/486/2431 1061/486/2432 1055/483/2423
f 3312/486/2431 3311/483/2430 1056/483/2424 1062/486/2433
f 3312/486/2431 3310/484/2429 1057/484/2422 1061/486/2432
f 3310/484/2429 3312/486/2431 1062/486/2433 1058/484/2425
f 3313/484/2434 3314/486/2435 1061/486/2432 1057/484/2422
f 3314/486/2435 3313/484/2434 1058/484/2425 1062/486/2433
f 3314/486/2435 3315/487/2436 1063/487/2437 1061/486/2432
f 3315/487/2436 3314/486/2435 1062/486/2433 1064/487/2438
f 3315/487/2436 3313/484/2434 1057/484/2422 1063/487/2437
f 3313/484/2434 3315/487/2436 1064/487/2438 1058/484/2425
f 3316/487/2439 3317/486/2440 1061/486/2432 1063/487/2437
f 3317/486/2440 3316/487/2439 1064/487/2438 1062/486/2433
f 3317/486/2440 3318/488/2441 1065/488/2442 1061/486/2432
f 3318/488/2441 3317/486/2440 1062/486/2433 1066/488/2443
f 3318/488/2441 3316/487/2439 1063/487/2437 1065/488/2442
f 3316/487/2439 3318/488/2441 1066/488/2443 1064/487/2438
f 3319/489/2444 3320/490/2445 1069/490/2446 1067/489/2422
f 3320/490/2445 3319/489/2444 1068/489/2447 1070/490/2433
f 3320/490/2445 3321/491/2448 1071/491/2437 1069/490/2446
f 3321/491/2448 3320/490/2445 1070/490/2433 1072/491/2438
f 3321/491/2448 3319/489/2444 1067/489/2422 1071/491/2437
f 3319/489/2444 3321/491/2448 1072/491/2438 1068/489/2447
f 3322/491/2449 3323/490/2450 1069/490/2446 1071/491/2437
f 3323/490/2450 3322/491/2449 1072/491/2438 1070/490/2433
f 3323/490/2450 3324/492/2451 1073/492/2452 1069/490/2446
f 3324/492/2451 3323/490/2450 1070/490/2433 1074/492/2453
f 3324/492/2451 3322/491/2449 1071/491/2437 1073/492/2452
f 3322/491/2449 3324/492/2451 1074/492/2453 1072/491/2438
f 3325/489/2454 3326/493/2455 1075/493/2456 1067/489/2422
f 3326/493/2455 3325/489/2454 1068/489/2447 1076/493/2457
f 3326/493/2455 3327/490/2458 1069/490/2446 1075/493/2456
f 3327/490/2458 3326/493/2455 1076/493/2457 1070/490/2433
f 3327/490/2458 3325/489/2454 1067/489/2422 1069/490/2446
f 3325/489/2454 3327/490/2458 1070/490/2433 1068/489/2447
f 3328/494/2459 3329/493/2460 1075/493/2456 1077/494/2461
f 3329/493/2460 3328/494/2459 1078/494/2462 1076/493/2457
f 3329/493/2460 3330/489/2463 1067/489/2422 1075/493/2456
f 3330/489/2463 3329/493/2460 1076/493/2457 1068/489/2447
f 3330/489/2463 3328/494/2459 1077/494/2461 1067/489/2422
f 3328/494/2459 3330/489/2463 1068/489/2447 1078/494/2462
f 3331/495/2464 3332/496/2465 1083/496/2466 1081/495/2467
f 3332/496/2465 3331/495/2464 1082/495/2468 1084/496/2469
f 3332/496/2465 3333/497/2470 1079/497/2471 1083/496/2466
f 3333/497/2470 3332/496/2465 1084/496/2469 1080/497/2472
f 3333/497/2470 3331/495/2464 1081/495/2467 1079/497/2471
f 3331/495/2464 3333/497/2470 1080/497/2472 1082/495/2468
f 3334/496/2473 3335/495/2474 1081/495/2467 1083/496/2466
f 3335/495/2474 3334/496/2473 1084/496/2469 1082/495/2468
f 3335/495/2474 3336/498/2475 1085/498/2476 1081/495/2467
f 3336/498/2475 3335/495/2474 1082/495/2468 1086/498/2477
f 3336/498/2475 3334/496/2473 1083/496/2466 1085/498/2476
f 3334/496/2473 3336/498/2475 1086/498/2477 1084/496/2469
f 3337/499/2478 3338/496/2479 1083/496/2466 1089/499/2480
f 3338/496/2479 3337/499/2478 1090/499/2481 1084/496/2469
f 3338/496/2479 3339/498/2482 1085/498/2476 1083/496/2466
f 3339/498/2482 3338/496/2479 1084/496/2469 1086/498/2477
f 3339/498/2482 3337/499/2478 1089/499/2480 1085/498/2476
f 3337/499/2478 3339/498/2482 1086/498/2477 1090/499/2481
f 3340/496/2483 3341/499/2484 1089/499/2480 1083/496/2466
f 3341/499/2484 3340/496/2483 1084/496/2469 1090/499/2481
f 3341/499/2484 3342/500/2485 1093/500/2486 1089/499/2480
f 3342/500/2485 3341/499/2484 1090/499/2481 1094/500/2487
f 3342/500/2485 3340/496/2483 1083/496/2466 1093/500/2486
f 3340/496/2483 3342/500/2485 1094/500/2487 1084/496/2469
f 3343/500/2488 3344/501/2489 1091/501/2490 1093/500/2486
f 3344/501/2489 3343/500/2488 1094/500/2487 1092/501/2491
f 3344/501/2489 3345/502/2492 1087/502/2493 1091/501/2490
f 3345/502/2492 3344/501/2489 1092/501/2491 1088/502/2494
f 3345/502/2492 3343/500/2488 1093/500/2486 1087/502/2493
f 3343/500/2488 3345/502/2492 1088/502/2494 1094/500/2487
f 3346/501/2495 3347/500/2496 1093/500/2486 1091/501/2490
f 3347/500/2496 3346/501/2495 1092/501/2491 1094/500/2487
f 3347/500/2496 3348/499/2497 1089/499/2480 1093/500/2486
f 3348/499/2497 3347/500/2496 1094/500/2487 1090/499/2481
f 3348/499/2497 3346/501/2495 1091/501/2490 1089/499/2480
f 3346/501/2495 3348/499/2497 1090/499/2481 1092/501/2491
f 3349/503/2498 3350/504/2499 1099/504/2500 1097/503/2501
f 3350/504/2499 3349/503/2498 1098/503/2502 1100/504/2503
f 3350/504/2499 3351/505/2504 1095/505/2505 1099/504/2500
f 3351/505/2504 3350/504/2499 1100/504/2503 1096/505/2506
f 3351/505/2504 3349/503/2498 1097/503/2501 1095/505/2505
f 3349/503/2498 3351/505/2504 1096/505/2506 1098/503/2502
f 3352/504/2507 3353/503/2508 1097/503/2501 1099/504/2500
f 3353/503/2508 3352/504/2507 1100/504/2503 1098/503/2502
f 3353/503/2508 3354/506/2509 1101/506/2510 1097/503/2501
f 3354/506/2509 3353/503/2508 1098/503/2502 1102/506/2511
f 3354/506/2509 3352/504/2507 1099/504/2500 1101/506/2510
f 3352/504/2507 3354/506/2509 1102/506/2511 1100/504/2503
f 3355/506/2512 3356/507/2513 1103/507/2514 1101/506/2510
f 3356/507/2513 3355/506/2512 1102/506/2511 1104/507/2515
f 3356/507/2513 3357/504/2516 1099/504/2500 1103/507/2514
f 3357/504/2516 3356/507/2513 1104/507/2515 1100/504/2503
f 3357/504/2516 3355/506/2512 1101/506/2510 1099/504/2500
f 3355/506/2512 3357/504/2516 1100/504/2503 1102/506/2511
f 3358/508/2517 3359/504/2518 1099/504/2500 1105/508/2519
f 3359/504/2518 3358/508/2517 1106/508/2520 1100/504/2503
f 3359/504/2518 3360/507/2521 1103/507/2514 1099/504/2500
f 3360/507/2521 3359/504/2518 1100/504/2503 1104/507/2515
f 3360/507/2521 3358/508/2517 1105/508/2519 1103/507/2514
f 3358/508/2517 3360/507/2521 1104/507/2515 1106/508/2520
f 3361/507/2522 3362/509/2523 1107/509/2524 1103/507/2514
f 3362/509/2523 3361/507/2522 1104/507/2515 1108/509/2525
f 3362/509/2523 3363/508/2526 1105/508/2519 1107/509/2524
f 3363/508/2526 3362/509/2523 1108/509/2525 1106/508/2520
f 3363/508/2526 3361/507/2522 1103/507/2514 1105/508/2519
f 3361/507/2522 3363/508/2526 1106/508/2520 1104/507/2515
f 3364/510/2527 3365/508/2528 1105/508/2519 1109/510/2529
f 3365/508/2528 3364/510/2527 1110/510/2530 1106/508/2520
f 3365/508/2528 3366/509/2531 1107/509/2524 1105/508/2519
f 3366/509/2531 3365/508/2528 1106/508/2520 1108/509/2525
f 3366/509/2531 3364/510/2527 1109/510/2529 1107/509/2524
f 3364/510/2527 3366/509/2531 1108/509/2525 1110/510/2530
f 3367/499/2532 3368/503/2533 1111/503/2534 1115/499/2535
f 3368/503/2533 3367/499/2532 1116/499/2536 1112/503/2537
f 3368/503/2533 3369/501/2538 1113/501/2539 1111/503/2534
f 3369/501/2538 3368/503/2533 1112/503/2537 1114/501/2540
f 3369/501/2538 3367/499/2532 1115/499/2535 1113/501/2539
f 3367/499/2532 3369/501/2538 1114/501/2540 1116/499/2536
f 3370/503/2541 3371/499/2542 1115/499/2535 1111/503/2534
f 3371/499/2542 3370/503/2541 1112/503/2537 1116/499/2536
f 3371/499/2542 3372/506/2543 1117/506/2544 1115/499/2535
f 3372/506/2543 3371/499/2542 1116/499/2536 1118/506/2545
f 3372/506/2543 3370/503/2541 1111/503/2534 1117/506/2544
f 3370/503/2541 3372/506/2543 1118/506/2545 1112/503/2537
f 3373/498/2546 3374/506/2547 1117/506/2544 1119/498/2548
f 3374/506/2547 3373/498/2546 1120/498/2549 1118/506/2545
f 3374/506/2547 3375/499/2550 1115/499/2535 1117/506/2544
f 3375/499/2550 3374/506/2547 1118/506/2545 1116/499/2536
f 3375/499/2550 3373/498/2546 1119/498/2548 1115/499/2535
f 3373/498/2546 3375/499/2550 1116/499/2536 1120/498/2549
f 3376/506/2551 3377/498/2552 1119/498/2548 1117/506/2544
f 3377/498/2552 3376/506/2551 1118/506/2545 1120/498/2549
f 3377/498/2552 3378/507/2553 1121/507/2554 1119/498/2548
f 3378/507/2553 3377/498/2552 1120/498/2549 1122/507/2555
f 3378/507/2553 3376/506/2551 1117/506/2544 1121/507/2554
f 3376/506/2551 3378/507/2553 1122/507/2555 1118/506/2545
f 3379/498/2556 3380/509/2557 1123/509/2558 1119/498/2548
f 3380/509/2557 3379/498/2556 1120/498/2549 1124/509/2559
f 3380/509/2557 3381/507/2560 1121/507/2554 1123/509/2558
f 3381/507/2560 3380/509/2557 1124/509/2559 1122/507/2555
f 3381/507/2560 3379/498/2556 1119/498/2548 1121/507/2554
f 3379/498/2556 3381/507/2560 1122/507/2555 1120/498/2549
f 3382/509/2561 3383/498/2562 1119/498/2548 1123/509/2558
f 3383/498/2562 3382/509/2561 1124/509/2559 1120/498/2549
f 3383/498/2562 3384/495/2563 1125/495/2564 1119/498/2548
f 3384/495/2563 3383/498/2562 1120/498/2549 1126/495/2565
f 3384/495/2563 3382/509/2561 1123/509/2558 1125/495/2564
f 3382/509/2561 3384/495/2563 1126/495/2565 1124/509/2559
f 3385/511/2566 3386/471/2567 1129/471/2568 1127/511/2569
f 3386/471/2567 3385/511/2566 1128/511/2570 1130/471/2571
f 3386/471/2567 3387/478/2572 1131/478/2573 1129/471/2568
f 3387/478/2572 3386/471/2567 1130/471/2571 1132/478/2574
f 3387/478/2572 3385/511/2566 1127/511/2569 1131/478/2573
f 3385/511/2566 3387/478/2572 1132/478/2574 1128/511/2570
f 3388/512/2575 3389/478/2576 1131/478/2573 1133/512/2577
f 3389/478/2576 3388/512/2575 1134/512/2578 1132/478/2574
f 3389/478/2576 3390/471/2579 1129/471/2568 1131/478/2573
f 3390/471/2579 3389/478/2576 1132/478/2574 1130/471/2571
f 3390/471/2579 3388/512/2575 1133/512/2577 1129/471/2568
f 3388/512/2575 3390/471/2579 1130/471/2571 1134/512/2578
f 3391/471/2580 3392/511/2581 1127/511/2569 1129/471/2568
f 3392/511/2581 3391/471/2580 1130/471/2571 1128/511/2570
f 3392/511/2581 3393/513/2582 1135/513/2583 1127/511/2569
f 3393/513/2582 3392/511/2581 1128/511/2570 1136/513/2584
f 3393/513/2582 3391/471/2580 1129/471/2568 1135/513/2583
f 3391/471/2580 3393/513/2582 1136/513/2584 1130/471/2571
f 3394/478/2585 3395/512/2586 1133/512/2577 1131/478/2573
f 3395/512/2586 3394/478/2585 1132/478/2574 1134/512/2578
f 3395/512/2586 3396/514/2587 1137/514/2588 1133/512/2577
f 3396/514/2587 3395/512/2586 1134/512/2578 1138/514/2589
f 3396/514/2587 3394/478/2585 1131/478/2573 1137/514/2588
f 3394/478/2585 3396/514/2587 1138/514/2589 1132/478/2574
f 3397/515/2590 3398/516/166 1141/516/2591 1139/515/2592
f 3398/516/166 3397/515/2590 1140/515/2593 1142/516/2594
f 3398/516/166 3399/517/2595 1143/517/2596 1141/516/2591
f 3399/517/2595 3398/516/166 1142/516/2594 1144/517/2597
f 3399/517/2595 3397/515/2590 1139/515/2592 1143/517/2596
f 3397/515/2590 3399/517/2595 1144/517/2597 1140/515/2593
f 3400/515/2598 3401/517/2599 1143/517/2596 1139/515/2592
f 3401/517/2599 3400/515/2598 1140/515/2593 1144/517/2597
f 3401/517/2599 3402/518/2600 1145/518/2601 1143/517/2596
f 3402/518/2600 3401/517/2599 1144/517/2597 1146/518/2602
f 3402/518/2600 3400/515/2598 1139/515/2592 1145/518/2601
f 3400/515/2598 3402/518/2600 1146/518/2602 1140/515/2593
f 3403/519/2603 3404/520/2604 1149/520/2605 1147/519/2606
f 3404/520/2604 3403/519/2603 1148/519/2607 1150/520/2608
f 3404/520/2604 3405/521/2609 1151/521/2610 1149/520/2605
f 3405/521/2609 3404/520/2604 1150/520/2608 1152/521/2611
f 3405/521/2609 3403/519/2603 1147/519/2606 1151/521/2610
f 3403/519/2603 3405/521/2609 1152/521/2611 1148/519/2607
f 3406/520/2612 3407/522/2613 1153/522/2614 1149/520/2605
f 3407/522/2613 3406/520/2612 1150/520/2608 1154/522/2615
f 3407/522/2613 3408/521/2616 1151/521/2610 1153/522/2614
f 3408/521/2616 3407/522/2613 1154/522/2615 1152/521/2611
f 3408/521/2616 3406/520/2612 1149/520/2605 1151/521/2610
f 3406/520/2612 3408/521/2616 1152/521/2611 1150/520/2608
f 3409/520/2617 3410/519/2618 1147/519/2606 1149/520/2605
f 3410/519/2618 3409/520/2617 1150/520/2608 1148/519/2607
f 3410/519/2618 3411/523/2619 1155/523/2620 1147/519/2606
f 3411/523/2619 3410/519/2618 1148/519/2607 1156/523/2621
f 3411/523/2619 3409/520/2617 1149/520/2605 1155/523/2620
f 3409/520/2617 3411/523/2619 1156/523/2621 1150/520/2608
f 3412/522/2622 3413/520/2623 1149/520/2605 1153/522/2614
f 3413/520/2623 3412/522/2622 1154/522/2615 1150/520/2608
f 3413/520/2623 3414/524/2624 1157/524/2625 1149/520/2605
f 3414/524/2624 3413/520/2623 1150/520/2608 1158/524/2626
f 3414/524/2624 3412/522/2622 1153/522/2614 1157/524/2625
f 3412/522/2622 3414/524/2624 1158/524/2626 1154/522/2615
f 3415/525/2627 3416/523/2628 1155/523/2620 1159/525/2629
f 3416/523/2628 3415/525/2627 1160/525/2630 1156/523/2621
f 3416/523/2628 3417/519/2631 1147/519/2606 1155/523/2620
f 3417/519/2631 3416/523/2628 1156/523/2621 1148/519/2607
f 3417/519/2631 3415/525/2627 1159/525/2629 1147/519/2606
f 3415/525/2627 3417/519/2631 1148/519/2607 1160/525/2630
f 3418/526/2632 3419/522/2633 1153/522/2614 1161/526/2634
f 3419/522/2633 3418/526/2632 1162/526/2635 1154/522/2615
f 3419/522/2633 3420/524/2636 1157/524/2625 1153/522/2614
f 3420/524/2636 3419/522/2633 1154/522/2615 1158/524/2626
f 3420/524/2636 3418/526/2632 1161/526/2634 1157/524/2625
f 3418/526/2632 3420/524/2636 1158/524/2626 1162/526/2635
f 3421/523/2637 3422/525/2638 1159/525/2629 1155/523/2620
f 3422/525/2638 3421/523/2637 1156/523/2621 1160/525/2630
f 3422/525/2638 3423/527/2639 1163/527/2640 1159/525/2629
f 3423/527/2639 3422/525/2638 1160/525/2630 1164/527/2641
f 3423/527/2639 3421/523/2637 1155/523/2620 1163/527/2640
f 3421/523/2637 3423/527/2639 1164/527/2641 1156/523/2621
f 3424/524/2642 3425/528/2643 1165/528/2644 1157/524/2625
f 3425/528/2643 3424/524/2642 1158/524/2626 1166/528/2645
f 3425/528/2643 3426/526/2646 1161/526/2634 1165/528/2644
f 3426/526/2646 3425/528/2643 1166/528/2645 1162/526/2635
f 3426/526/2646 3424/524/2642 1157/524/2625 1161/526/2634
f 3424/524/2642 3426/526/2646 1162/526/2635 1158/524/2626
f 3427/525/2647 3428/529/2648 1167/529/2649 1159/525/2629
f 3428/529/2648 3427/525/2647 1160/525/2630 1168/529/2650
f 3428/529/2648 3429/527/2651 1163/527/2640 1167/529/2649
f 3429/527/2651 3428/529/2648 1168/529/2650 1164/527/2641
f 3429/527/2651 3427/525/2647 1159/525/2629 1163/527/2640
f 3427/525/2647 3429/527/2651 1164/527/2641 1160/525/2630
f 3430/530/2652 3431/526/2653 1161/526/2634 1169/530/2654
f 3431/526/2653 3430/530/2652 1170/530/2655 1162/526/2635
f 3431/526/2653 3432/528/2656 1165/528/2644 1161/526/2634
f 3432/528/2656 3431/526/2653 1162/526/2635 1166/528/2645
f 3432/528/2656 3430/530/2652 1169/530/2654 1165/528/2644
f 3430/530/2652 3432/528/2656 1166/528/2645 1170/530/2655
f 3433/529/2657 3434/525/2658 1159/525/2629 1167/529/2649
f 3434/525/2658 3433/529/2657 1168/529/2650 1160/525/2630
f 3434/525/2658 3435/531/2659 1171/531/2660 1159/525/2629
f 3435/531/2659 3434/525/2658 1160/525/2630 1172/531/2661
f 3435/531/2659 3433/529/2657 1167/529/2649 1171/531/2660
f 3433/529/2657 3435/531/2659 1172/531/2661 1168/529/2650
f 3436/526/2662 3437/530/2663 1169/530/2654 1161/526/2634
f 3437/530/2663 3436/526/2662 1162/526/2635 1170/530/2655
f 3437/530/2663 3438/532/2664 1173/532/2665 1169/530/2654
f 3438/532/2664 3437/530/2663 1170/530/2655 1174/532/2666
f 3438/532/2664 3436/526/2662 1161/526/2634 1173/532/2665
f 3436/526/2662 3438/532/2664 1174/532/2666 1162/526/2635
f 3439/531/2667 3440/533/2668 1175/533/2669 1171/531/2660
f 3440/533/2668 3439/531/2667 1172/531/2661 1176/533/2670
f 3440/533/2668 3441/529/2671 1167/529/2649 1175/533/2669
f 3441/529/2671 3440/533/2668 1176/533/2670 1168/529/2650
f 3441/529/2671 3439/531/2667 1171/531/2660 1167/529/2649
f 3439/531/2667 3441/529/2671 1168/529/2650 1172/531/2661
f 3442/533/2672 3443/532/2673 1173/532/2665 1175/533/2669
f 3443/532/2673 3442/533/2672 1176/533/2670 1174/532/2666
f 3443/532/2673 3444/530/2674 1169/530/2654 1173/532/2665
f 3444/530/2674 3443/532/2673 1174/532/2666 1170/530/2655
f 3444/530/2674 3442/533/2672 1175/533/2669 1169/530/2654
f 3442/533/2672 3444/530/2674 1170/530/2655 1176/533/2670
f 3445/531/2675 3446/534/2676 1177/534/2677 1171/531/2660
f 3446/534/2676 3445/531/2675 1172/531/2661 1178/534/2678
f 3446/534/2676 3447/533/2679 1175/533/2669 1177/534/2677
f 3447/533/2679 3446/534/2676 1178/534/2678 1176/533/2670
f 3447/533/2679 3445/531/2675 1171/531/2660 1175/533/2669
f 3445/531/2675 3447/533/2679 1176/533/2670 1172/531/2661
f 3448/532/2680 3449/533/2681 1175/533/2669 1173/532/2665
f 3449/533/2681 3448/532/2680 1174/532/2666 1176/533/2670
f 3449/533/2681 3450/534/2682 1177/534/2677 1175/533/2669
f 3450/534/2682 3449/533/2681 1176/533/2670 1178/534/2678
f 3450/534/2682 3448/532/2680 1173/532/2665 1177/534/2677
f 3448/532/2680 3450/534/2682 1178/534/2678 1174/532/2666
f 3451/535/2683 3452/536/2684 1181/536/2685 1179/535/2686
f 3452/536/2684 3451/535/2683 1180/535/2687 1182/536/2688
f 3452/536/2684 3453/537/2689 1183/537/2690 1181/536/2685
f 3453/537/2689 3452/536/2684 1182/536/2688 1184/537/2691
f 3453/537/2689 3451/535/2683 1179/535/2686 1183/537/2690
f 3451/535/2683 3453/537/2689 1184/537/2691 1180/535/2687
f 3454/538/2692 3455/537/2693 1183/537/2690 1185/538/2694
f 3455/537/2693 3454/538/2692 1186/538/2695 1184/537/2691
f 3455/537/2693 3456/536/2696 1181/536/2685 1183/537/2690
f 3456/536/2696 3455/537/2693 1184/537/2691 1182/536/2688
f 3456/536/2696 3454/538/2692 1185/538/2694 1181/536/2685
f 3454/538/2692 3456/536/2696 1182/536/2688 1186/538/2695
f 3457/536/2697 3458/535/2698 1179/535/2686 1181/536/2685
f 3458/535/2698 3457/536/2697 1182/536/2688 1180/535/2687
f 3458/535/2698 3459/539/2699 1187/539/2700 1179/535/2686
f 3459/539/2699 3458/535/2698 1180/535/2687 1188/539/2701
f 3459/539/2699 3457/536/2697 1181/536/2685 1187/539/2700
f 3457/536/2697 3459/539/2699 1188/539/2701 1182/536/2688
f 3460/538/2702 3461/536/2703 1181/536/2685 1185/538/2694
f 3461/536/2703 3460/538/2702 1186/538/2695 1182/536/2688
f 3461/536/2703 3462/540/2704 1189/540/2705 1181/536/2685
f 3462/540/2704 3461/536/2703 1182/536/2688 1190/540/2706
f 3462/540/2704 3460/538/2702 1185/538/2694 1189/540/2705
f 3460/538/2702 3462/540/2704 1190/540/2706 1186/538/2695
f 3463/541/2707 3464/539/2708 1187/539/2700 1191/541/2709
f 3464/539/2708 3463/541/2707 1192/541/2710 1188/539/2701
f 3464/539/2708 3465/535/2711 1179/535/2686 1187/539/2700
f 3465/535/2711 3464/539/2708 1188/539/2701 1180/535/2687
f 3465/535/2711 3463/541/2707 1191/541/2709 1179/535/2686
f 3463/541/2707 3465/535/2711 1180/535/2687 1192/541/2710
f 3466/540/2712 3467/542/2713 1193/542/2714 1189/540/2705
f 3467/542/2713 3466/540/2712 1190/540/2706 1194/542/2715
f 3467/542/2713 3468/538/2716 1185/538/2694 1193/542/2714
f 3468/538/2716 3467/542/2713 1194/542/2715 1186/538/2695
f 3468/538/2716 3466/540/2712 1189/540/2705 1185/538/2694
f 3466/540/2712 3468/538/2716 1186/538/2695 1190/540/2706
f 3469/539/2717 3470/541/2718 1191/541/2709 1187/539/2700
f 3470/541/2718 3469/539/2717 1188/539/2701 1192/541/2710
f 3470/541/2718 3471/543/2719 1195/543/2720 1191/541/2709
f 3471/543/2719 3470/541/2718 1192/541/2710 1196/543/2721
f 3471/543/2719 3469/539/2717 1187/539/2700 1195/543/2720
f 3469/539/2717 3471/543/2719 1196/543/2721 1188/539/2701
f 3472/542/2722 3473/540/2723 1189/540/2705 1193/542/2714
f 3473/540/2723 3472/542/2722 1194/542/2715 1190/540/2706
f 3473/540/2723 3474/544/2724 1197/544/2725 1189/540/2705
f 3474/544/2724 3473/540/2723 1190/540/2706 1198/544/2726
f 3474/544/2724 3472/542/2722 1193/542/2714 1197/544/2725
f 3472/542/2722 3474/544/2724 1198/544/2726 1194/542/2715
f 3475/545/2727 3476/543/2728 1195/543/2720 1199/545/2729
f 3476/543/2728 3475/545/2727 1200/545/2730 1196/543/2721
f 3476/543/2728 3477/541/2731 1191/541/2709 1195/543/2720
f 3477/541/2731 3476/543/2728 1196/543/2721 1192/541/2710
f 3477/541/2731 3475/545/2727 1199/545/2729 1191/541/2709
f 3475/545/2727 3477/541/2731 1192/541/2710 1200/545/2730
f 3478/544/2732 3479/545/2733 1199/545/2729 1197/544/2725
f 3479/545/2733 3478/544/2732 1198/544/2726 1200/545/2730
f 3479/545/2733 3480/542/2734 1193/542/2714 1199/545/2729
f 3480/542/2734 3479/545/2733 1200/545/2730 1194/542/2715
f 3480/542/2734 3478/544/2732 1197/544/2725 1193/542/2714
f 3478/544/2732 3480/542/2734 1194/542/2715 1198/544/2726
f 3481/543/2735 3482/545/2736 1199/545/2729 1195/543/2720
f 3482/545/2736 3481/543/2735 1196/543/2721 1200/545/2730
f 3482/545/2736 3483/546/2737 1201/546/2738 1199/545/2729
f 3483/546/2737 3482/545/2736 1200/545/2730 1202/546/2739
f 3483/546/2737 3481/543/2735 1195/543/2720 1201/546/2738
f 3481/543/2735 3483/546/2737 1202/546/2739 1196/543/2721
f 3484/545/2740 3485/544/2741 1197/544/2725 1199/545/2729
f 3485/544/2741 3484/545/2740 1200/545/2730 1198/544/2726
f 3485/544/2741 3486/546/2742 1201/546/2738 1197/544/2725
f 3486/546/2742 3485/544/2741 1198/544/2726 1202/546/2739
f 3486/546/2742 3484/545/2740 1199/545/2729 1201/546/2738
f 3484/545/2740 3486/546/2742 1202/546/2739 1200/545/2730
f 3487/528/2743 3488/524/2744 1205/524/1018 1203/528/2745
f 3488/524/2744 3487/528/2743 1204/528/2746 1206/524/2747
f 3488/524/2744 3489/530/2748 1207/530/2749 1205/524/1018
f 3489/530/2748 3488/524/2744 1206/524/2747 1208/530/2750
f 3489/530/2748 3487/528/2743 1203/528/2745 1207/530/2749
f 3487/528/2743 3489/530/2748 1208/530/2750 1204/528/2746
f 3490/529/2751 3491/530/2752 1207/530/2749 1209/529/2753
f 3491/530/2752 3490/529/2751 1210/529/2754 1208/530/2750
f 3491/530/2752 3492/524/2755 1205/524/1018 1207/530/2749
f 3492/524/2755 3491/530/2752 1208/530/2750 1206/524/2747
f 3492/524/2755 3490/529/2751 1209/529/2753 1205/524/1018
f 3490/529/2751 3492/524/2755 1206/524/2747 1210/529/2754
f 3493/530/2756 3494/529/2757 1209/529/2753 1207/530/2749
f 3494/529/2757 3493/530/2756 1208/530/2750 1210/529/2754
f 3494/529/2757 3495/533/2758 1211/533/2759 1209/529/2753
f 3495/533/2758 3494/529/2757 1210/529/2754 1212/533/2760
f 3495/533/2758 3493/530/2756 1207/530/2749 1211/533/2759
f 3493/530/2756 3495/533/2758 1212/533/2760 1208/530/2750
f 3496/529/2761 3497/524/2762 1205/524/1018 1209/529/2753
f 3497/524/2762 3496/529/2761 1210/529/2754 1206/524/2747
f 3497/524/2762 3498/523/419 1213/523/2763 1205/524/1018
f 3498/523/419 3497/524/2762 1206/524/2747 1214/523/2764
f 3498/523/419 3496/529/2761 1209/529/2753 1213/523/2763
f 3496/529/2761 3498/523/419 1214/523/2764 1210/529/2754
f 3499/523/2765 3500/524/2766 1205/524/1018 1213/523/2763
f 3500/524/2766 3499/523/2765 1214/523/2764 1206/524/2747
f 3500/524/2766 3501/520/2767 1215/520/2768 1205/524/1018
f 3501/520/2767 3500/524/2766 1206/524/2747 1216/520/2769
f 3501/520/2767 3499/523/2765 1213/523/2763 1215/520/2768
f 3499/523/2765 3501/520/2767 1216/520/2769 1214/523/2764
f 3502/529/2770 3503/523/2771 1213/523/2763 1209/529/2753
f 3503/523/2771 3502/529/2770 1210/529/2754 1214/523/2764
f 3503/523/2771 3504/527/2772 1217/527/2773 1213/523/2763
f 3504/527/2772 3503/523/2771 1214/523/2764 1218/527/2774
f 3504/527/2772 3502/529/2770 1209/529/2753 1217/527/2773
f 3502/529/2770 3504/527/2772 1218/527/2774 1210/529/2754
f 3505/547/2775 3506/548/2776 1221/548/2777 1219/547/2778
f 3506/548/2776 3505/547/2775 1220/547/2779 1222/548/2780
f 3506/548/2776 3507/549/2781 1223/549/2782 1221/548/2777
f 3507/549/2781 3506/548/2776 1222/548/2780 1224/549/2783
f 3507/549/2781 3505/547/2775 1219/547/2778 1223/549/2782
f 3505/547/2775 3507/549/2781 1224/549/2783 1220/547/2779
f 3508/550/2784 3509/549/2785 1223/549/2782 1225/550/2786
f 3509/549/2785 3508/550/2784 1226/550/2787 1224/549/2783
f 3509/549/2785 3510/548/2788 1221/548/2777 1223/549/2782
f 3510/548/2788 3509/549/2785 1224/549/2783 1222/548/2780
f 3510/548/2788 3508/550/2784 1225/550/2786 1221/548/2777
f 3508/550/2784 3510/548/2788 1222/548/2780 1226/550/2787
f 3511/551/2789 3512/552/2790 1229/552/2791 1227/551/2792
f 3512/552/2790 3511/551/2789 1228/551/2793 1230/552/2794
f 3512/552/2790 3513/553/2795 1231/553/2796 1229/552/2791
f 3513/553/2795 3512/552/2790 1230/552/2794 1232/553/2797
f 3513/553/2795 3511/551/2789 1227/551/2792 1231/553/2796
f 3511/551/2789 3513/553/2795 1232/553/2797 1228/551/2793
f 3514/552/2798 3515/551/2799 1227/551/2792 1229/552/2791
f 3515/551/2799 3514/552/2798 1230/552/2794 1228/551/2793
f 3515/551/2799 3516/554/2800 1233/554/2801 1227/551/2792
f 3516/554/2800 3515/551/2799 1228/551/2793 1234/554/2802
f 3516/554/2800 3514/552/2798 1229/552/2791 1233/554/2801
f 3514/552/2798 3516/554/2800 1234/554/2802 1230/552/2794
f 3517/555/2803 3518/554/2804 1233/554/2801 1235/555/2805
f 3518/554/2804 3517/555/2803 1236/555/2806 1234/554/2802
f 3518/554/2804 3519/551/2807 1227/551/2792 1233/554/2801
f 3519/551/2807 3518/554/2804 1234/554/2802 1228/551/2793
f 3519/551/2807 3517/555/2803 1235/555/2805 1227/551/2792
f 3517/555/2803 3519/551/2807 1228/551/2793 1236/555/2806
f 3520/554/2808 3521/555/2809 1235/555/2805 1233/554/2801
f 3521/555/2809 3520/554/2808 1234/554/2802 1236/555/2806
f 3521/555/2809 3522/556/2810 1237/556/2811 1235/555/2805
f 3522/556/2810 3521/555/2809 1236/555/2806 1238/556/2812
f 3522/556/2810 3520/554/2808 1233/554/2801 1237/556/2811
f 3520/554/2808 3522/556/2810 1238/556/2812 1234/554/2802
f 3523/557/2813 3524/558/2790 1241/558/2791 1239/557/2792
f 3524/558/2790 3523/557/2813 1240/557/2793 1242/558/2794
f 3524/558/2790 3525/559/2795 1243/559/2814 1241/558/2791
f 3525/559/2795 3524/558/2790 1242/558/2794 1244/559/2815
f 3525/559/2795 3523/557/2813 1239/557/2792 1243/559/2814
f 3523/557/2813 3525/559/2795 1244/559/2815 1240/557/2793
f 3526/558/2816 3527/557/2799 1239/557/2792 1241/558/2791
f 3527/557/2799 3526/558/2816 1242/558/2794 1240/557/2793
f 3527/557/2799 3528/560/2817 1245/560/2801 1239/557/2792
f 3528/560/2817 3527/557/2799 1240/557/2793 1246/560/2802
f 3528/560/2817 3526/558/2816 1241/558/2791 1245/560/2801
f 3526/558/2816 3528/560/2817 1246/560/2802 1242/558/2794
f 3529/561/2803 3530/560/2804 1245/560/2801 1247/561/2818
f 3530/560/2804 3529/561/2803 1248/561/2806 1246/560/2802
f 3530/560/2804 3531/557/2819 1239/557/2792 1245/560/2801
f 3531/557/2819 3530/560/2804 1246/560/2802 1240/557/2793
f 3531/557/2819 3529/561/2803 1247/561/2818 1239/557/2792
f 3529/561/2803 3531/557/2819 1240/557/2793 1248/561/2806
f 3532/560/2820 3533/561/2809 1247/561/2818 1245/560/2801
f 3533/561/2809 3532/560/2820 1246/560/2802 1248/561/2806
f 3533/561/2809 3534/562/2810 1249/562/2821 1247/561/2818
f 3534/562/2810 3533/561/2809 1248/561/2806 1250/562/2822
f 3534/562/2810 3532/560/2820 1245/560/2801 1249/562/2821
f 3532/560/2820 3534/562/2810 1250/562/2822 1246/560/2802
f 3535/563/2823 3536/564/2824 1253/564/2825 1251/563/2826
f 3536/564/2824 3535/563/2823 1252/563/2827 1254/564/2828
f 3536/564/2824 3537/565/2829 1255/565/2830 1253/564/2825
f 3537/565/2829 3536/564/2824 1254/564/2828 1256/565/2831
f 3537/565/2829 3535/563/2823 1251/563/2826 1255/565/2830
f 3535/563/2823 3537/565/2829 1256/565/2831 1252/563/2827
f 3538/564/2832 3539/563/2833 1251/563/2826 1253/564/2825
f 3539/563/2833 3538/564/2832 1254/564/2828 1252/563/2827
f 3539/563/2833 3540/566/2834 1257/566/2835 1251/563/2826
f 3540/566/2834 3539/563/2833 1252/563/2827 1258/566/2836
f 3540/566/2834 3538/564/2832 1253/564/2825 1257/566/2835
f 3538/564/2832 3540/566/2834 1258/566/2836 1254/564/2828
f 3541/566/2837 3542/563/2838 1251/563/2826 1257/566/2835
f 3542/563/2838 3541/566/2837 1258/566/2836 1252/563/2827
f 3542/563/2838 3543/567/2839 1259/567/2840 1251/563/2826
f 3543/567/2839 3542/563/2838 1252/563/2827 1260/567/2841
f 3543/567/2839 3541/566/2837 1257/566/2835 1259/567/2840
f 3541/566/2837 3543/567/2839 1260/567/2841 1258/566/2836
f 3544/564/2842 3545/566/2843 1257/566/2835 1253/564/2825
f 3545/566/2843 3544/564/2842 1254/564/2828 1258/566/2836
f 3545/566/2843 3546/568/791 1261/568/2844 1257/566/2835
f 3546/568/791 3545/566/2843 1258/566/2836 1262/568/2845
f 3546/568/791 3544/564/2842 1253/564/2825 1261/568/2844
f 3544/564/2842 3546/568/791 1262/568/2845 1254/564/2828
f 3547/568/2846 3548/566/2847 1257/566/2835 1261/568/2844
f 3548/566/2847 3547/568/2846 1262/568/2845 1258/566/2836
f 3548/566/2847 3549/569/2848 1263/569/2849 1257/566/2835
f 3549/569/2848 3548/566/2847 1258/566/2836 1264/569/2850
f 3549/569/2848 3547/568/2846 1261/568/2844 1263/569/2849
f 3547/568/2846 3549/569/2848 1264/569/2850 1262/568/2845
f 3550/564/2851 3551/568/2852 1261/568/2844 1253/564/2825
f 3551/568/2852 3550/564/2851 1254/564/2828 1262/568/2845
f 3551/568/2852 3552/570/2853 1265/570/2854 1261/568/2844
f 3552/570/2853 3551/568/2852 1262/568/2845 1266/570/2855
f 3552/570/2853 3550/564/2851 1253/564/2825 1265/570/2854
f 3550/564/2851 3552/570/2853 1266/570/2855 1254/564/2828
f 3553/563/2823 3554/564/2824 1269/564/2825 1267/563/2826
f 3554/564/2824 3553/563/2823 1268/563/2827 1270/564/2828
f 3554/564/2824 3555/565/2829 1271/565/2856 1269/564/2825
f 3555/565/2829 3554/564/2824 1270/564/2828 1272/565/2831
f 3555/565/2829 3553/563/2823 1267/563/2826 1271/565/2856
f 3553/563/2823 3555/565/2829 1272/565/2831 1268/563/2827
f 3556/564/2832 3557/563/2833 1267/563/2826 1269/564/2825
f 3557/563/2833 3556/564/2832 1270/564/2828 1268/563/2827
f 3557/563/2833 3558/566/2857 1273/566/2835 1267/563/2826
f 3558/566/2857 3557/563/2833 1268/563/2827 1274/566/2858
f 3558/566/2857 3556/564/2832 1269/564/2825 1273/566/2835
f 3556/564/2832 3558/566/2857 1274/566/2858 1270/564/2828
f 3559/566/2859 3560/563/2860 1267/563/2826 1273/566/2835
f 3560/563/2860 3559/566/2859 1274/566/2858 1268/563/2827
f 3560/563/2860 3561/567/2861 1275/567/2840 1267/563/2826
f 3561/567/2861 3560/563/2860 1268/563/2827 1276/567/2862
f 3561/567/2861 3559/566/2859 1273/566/2835 1275/567/2840
f 3559/566/2859 3561/567/2861 1276/567/2862 1274/566/2858
f 3562/568/791 3563/564/2863 1269/564/2825 1277/568/2844
f 3563/564/2863 3562/568/791 1278/568/2845 1270/564/2828
f 3563/564/2863 3564/566/2864 1273/566/2835 1269/564/2825
f 3564/566/2864 3563/564/2863 1270/564/2828 1274/566/2858
f 3564/566/2864 3562/568/791 1277/568/2844 1273/566/2835
f 3562/568/791 3564/566/2864 1274/566/2858 1278/568/2845
f 3565/564/2865 3566/568/2866 1277/568/2844 1269/564/2825
f 3566/568/2866 3565/564/2865 1270/564/2828 1278/568/2845
f 3566/568/2866 3567/570/2853 1279/570/2854 1277/568/2844
f 3567/570/2853 3566/568/2866 1278/568/2845 1280/570/2867
f 3567/570/2853 3565/564/2865 1269/564/2825 1279/570/2854
f 3565/564/2865 3567/570/2853 1280/570/2867 1270/564/2828
f 3568/568/2868 3569/566/2869 1273/566/2835 1277/568/2844
f 3569/566/2869 3568/568/2868 1278/568/2845 1274/566/2858
f 3569/566/2869 3570/569/2870 1281/569/2871 1273/566/2835
f 3570/569/2870 3569/566/2869 1274/566/2858 1282/569/2872
f 3570/569/2870 3568/568/2868 1277/568/2844 1281/569/2871
f 3568/568/2868 3570/569/2870 1282/569/2872 1278/568/2845
f 3571/539/2873 3572/536/2874 1285/536/2875 1283/539/2876
f 3572/536/2874 3571/539/2873 1284/539/2877 1286/536/2878
f 3572/536/2874 3573/571/2879 1287/571/2880 1285/536/2875
f 3573/571/2879 3572/536/2874 1286/536/2878 1288/571/2881
f 3573/571/2879 3571/539/2873 1283/539/2876 1287/571/2880
f 3571/539/2873 3573/571/2879 1288/571/2881 1284/539/2877
f 3574/539/2882 3575/571/2883 1287/571/2880 1283/539/2876
f 3575/571/2883 3574/539/2882 1284/539/2877 1288/571/2881
f 3575/571/2883 3576/572/2884 1289/572/2885 1287/571/2880
f 3576/572/2884 3575/571/2883 1288/571/2881 1290/572/2886
f 3576/572/2884 3574/539/2882 1283/539/2876 1289/572/2885
f 3574/539/2882 3576/572/2884 1290/572/2886 1284/539/2877
f 3577/448/2887 3578/450/2888 1293/450/2889 1291/448/2890
f 3578/450/2888 3577/448/2887 1292/448/2891 1294/450/2892
f 3578/450/2888 3579/449/2893 1295/449/2894 1293/450/2889
f 3579/449/2893 3578/450/2888 1294/450/2892 1296/449/2895
f 3579/449/2893 3577/448/2887 1291/448/2890 1295/449/2894
f 3577/448/2887 3579/449/2893 1296/449/2895 1292/448/2891
f 3580/448/2896 3581/449/2897 1295/449/2894 1291/448/2890
f 3581/449/2897 3580/448/2896 1292/448/2891 1296/449/2895
f 3581/449/2897 3582/447/2898 1297/447/2899 1295/449/2894
f 3582/447/2898 3581/449/2897 1296/449/2895 1298/447/2900
f 3582/447/2898 3580/448/2896 1291/448/2890 1297/447/2899
f 3580/448/2896 3582/447/2898 1298/447/2900 1292/448/2891
f 3583/448/2901 3584/450/2902 1301/450/2903 1299/448/2904
f 3584/450/2902 3583/448/2901 1300/448/2891 1302/450/2892
f 3584/450/2902 3585/449/2905 1303/449/2906 1301/450/2903
f 3585/449/2905 3584/450/2902 1302/450/2892 1304/449/2907
f 3585/449/2905 3583/448/2901 1299/448/2904 1303/449/2906
f 3583/448/2901 3585/449/2905 1304/449/2907 1300/448/2891
f 3586/448/2908 3587/449/2909 1303/449/2906 1299/448/2904
f 3587/449/2909 3586/448/2908 1300/448/2891 1304/449/2907
f 3587/449/2909 3588/447/2910 1305/447/2899 1303/449/2906
f 3588/447/2910 3587/449/2909 1304/449/2907 1306/447/2911
f 3588/447/2910 3586/448/2908 1299/448/2904 1305/447/2899
f 3586/448/2908 3588/447/2910 1306/447/2911 1300/448/2891
f 3589/411/2912 3590/412/2913 1307/412/2914 1309/411/2915
f 3590/412/2913 3589/411/2912 1310/411/2916 1308/412/2917
f 3590/412/2913 3591/413/2918 1311/413/2919 1307/412/2914
f 3591/413/2918 3590/412/2913 1308/412/2917 1312/413/2920
f 3591/413/2918 3589/411/2912 1309/411/2915 1311/413/2919
f 3589/411/2912 3591/413/2918 1312/413/2920 1310/411/2916
f 3592/413/2921 3593/414/2922 1313/414/2923 1311/413/2919
f 3593/414/2922 3592/413/2921 1312/413/2920 1314/414/2924
f 3593/414/2922 3594/411/2925 1309/411/2915 1313/414/2923
f 3594/411/2925 3593/414/2922 1314/414/2924 1310/411/2916
f 3594/411/2925 3592/413/2921 1311/413/2919 1309/411/2915
f 3592/413/2921 3594/411/2925 1310/411/2916 1312/413/2920
f 3595/414/2926 3596/413/2927 1311/413/2919 1313/414/2923
f 3596/413/2927 3595/414/2926 1314/414/2924 1312/413/2920
f 3596/413/2927 3597/415/2928 1315/415/2929 1311/413/2919
f 3597/415/2928 3596/413/2927 1312/413/2920 1316/415/2930
f 3597/415/2928 3595/414/2926 1313/414/2923 1315/415/2929
f 3595/414/2926 3597/415/2928 1316/415/2930 1314/414/2924
f 3598/415/2931 3599/416/2932 1317/416/2933 1315/415/2929
f 3599/416/2932 3598/415/2931 1316/415/2930 1318/416/2934
f 3599/416/2932 3600/414/2935 1313/414/2923 1317/416/2933
f 3600/414/2935 3599/416/2932 1318/416/2934 1314/414/2924
f 3600/414/2935 3598/415/2931 1315/415/2929 1313/414/2923
f 3598/415/2931 3600/414/2935 1314/414/2924 1316/415/2930
f 3601/405/2936 3602/406/2937 1319/406/2938 1321/405/2939
f 3602/406/2937 3601/405/2936 1322/405/2940 1320/406/2941
f 3602/406/2937 3603/407/2942 1323/407/2943 1319/406/2938
f 3603/407/2942 3602/406/2937 1320/406/2941 1324/407/2944
f 3603/407/2942 3601/405/2936 1321/405/2939 1323/407/2943
f 3601/405/2936 3603/407/2942 1324/407/2944 1322/405/2940
f 3604/407/2945 3605/408/2946 1325/408/2947 1323/407/2943
f 3605/408/2946 3604/407/2945 1324/407/2944 1326/408/2948
f 3605/408/2946 3606/405/2949 1321/405/2939 1325/408/2947
f 3606/405/2949 3605/408/2946 1326/408/2948 1322/405/2940
f 3606/405/2949 3604/407/2945 1323/407/2943 1321/405/2939
f 3604/407/2945 3606/405/2949 1322/405/2940 1324/407/2944
f 3607/408/2950 3608/407/2951 1323/407/2943 1325/408/2947
f 3608/407/2951 3607/408/2950 1326/408/2948 1324/407/2944
f 3608/407/2951 3609/409/2952 1327/409/2953 1323/407/2943
f 3609/409/2952 3608/407/2951 1324/407/2944 1328/409/2954
f 3609/409/2952 3607/408/2950 1325/408/2947 1327/409/2953
f 3607/408/2950 3609/409/2952 1328/409/2954 1326/408/2948
f 3610/409/2955 3611/410/2956 1329/410/2957 1327/409/2953
f 3611/410/2956 3610/409/2955 1328/409/2954 1330/410/2958
f 3611/410/2956 3612/408/2959 1325/408/2947 1329/410/2957
f 3612/408/2959 3611/410/2956 1330/410/2958 1326/408/2948
f 3612/408/2959 3610/409/2955 1327/409/2953 1325/408/2947
f 3610/409/2955 3612/408/2959 1326/408/2948 1328/409/2954
f 3613/427/2960 3614/423/2961 1335/423/2962 1331/427/2963
f 3614/423/2961 3613/427/2960 1332/427/2964 1336/423/2965
f 3614/423/2961 3615/428/2966 1333/428/2967 1335/423/2962
f 3615/428/2966 3614/423/2961 1336/423/2965 1334/428/2968
f 3615/428/2966 3613/427/2960 1331/427/2963 1333/428/2967
f 3613/427/2960 3615/428/2966 1334/428/2968 1332/427/2964
f 3616/427/2969 3617/426/2970 1337/426/2971 1331/427/2963
f 3617/426/2970 3616/427/2969 1332/427/2964 1338/426/2972
f 3617/426/2970 3618/423/2973 1335/423/2962 1337/426/2971
f 3618/423/2973 3617/426/2970 1338/426/2972 1336/423/2965
f 3618/423/2973 3616/427/2969 1331/427/2963 1335/423/2962
f 3616/427/2969 3618/423/2973 1336/423/2965 1332/427/2964
f 3619/424/2974 3620/423/2975 1335/423/2962 1339/424/2976
f 3620/423/2975 3619/424/2974 1340/424/2977 1336/423/2965
f 3620/423/2975 3621/426/2978 1337/426/2971 1335/423/2962
f 3621/426/2978 3620/423/2975 1336/423/2965 1338/426/2972
f 3621/426/2978 3619/424/2974 1339/424/2976 1337/426/2971
f 3619/424/2974 3621/426/2978 1338/426/2972 1340/424/2977
f 3622/423/2979 3623/424/2980 1339/424/2976 1335/423/2962
f 3623/424/2980 3622/423/2979 1336/423/2965 1340/424/2977
f 3623/424/2980 3624/425/2981 1341/425/2982 1339/424/2976
f 3624/425/2981 3623/424/2980 1340/424/2977 1342/425/2983
f 3624/425/2981 3622/423/2979 1335/423/2962 1341/425/2982
f 3622/423/2979 3624/425/2981 1342/425/2983 1336/423/2965
f 3625/417/2984 3626/422/2985 1345/422/2986 1347/417/2987
f 3626/422/2985 3625/417/2984 1348/417/2988 1346/422/2989
f 3626/422/2985 3627/421/2990 1343/421/2991 1345/422/2986
f 3627/421/2990 3626/422/2985 1346/422/2989 1344/421/2992
f 3627/421/2990 3625/417/2984 1347/417/2987 1343/421/2991
f 3625/417/2984 3627/421/2990 1344/421/2992 1348/417/2988
f 3628/417/2993 3629/421/2994 1343/421/2991 1347/417/2987
f 3629/421/2994 3628/417/2993 1348/417/2988 1344/421/2992
f 3629/421/2994 3630/420/2995 1349/420/2996 1343/421/2991
f 3630/420/2995 3629/421/2994 1344/421/2992 1350/420/2997
f 3630/420/2995 3628/417/2993 1347/417/2987 1349/420/2996
f 3628/417/2993 3630/420/2995 1350/420/2997 1348/417/2988
f 3631/418/2998 3632/417/2999 1347/417/2987 1351/418/3000
f 3632/417/2999 3631/418/2998 1352/418/3001 1348/417/2988
f 3632/417/2999 3633/420/3002 1349/420/2996 1347/417/2987
f 3633/420/3002 3632/417/2999 1348/417/2988 1350/420/2997
f 3633/420/3002 3631/418/2998 1351/418/3000 1349/420/2996
f 3631/418/2998 3633/420/3002 1350/420/2997 1352/418/3001
f 3634/417/3003 3635/418/3004 1351/418/3000 1347/417/2987
f 3635/418/3004 3634/417/3003 1348/417/2988 1352/418/3001
f 3635/418/3004 3636/419/3005 1353/419/3006 1351/418/3000
f 3636/419/3005 3635/418/3004 1352/418/3001 1354/419/3007
f 3636/419/3005 3634/417/3003 1347/417/2987 1353/419/3006
f 3634/417/3003 3636/419/3005 1354/419/3007 1348/417/2988
f 3637/435/3008 3638/433/3009 1357/433/3010 1355/435/3011
f 3638/433/3009 3637/435/3008 1356/435/3012 1358/433/3013
f 3638/433/3009 3639/434/3014 1359/434/3015 1357/433/3010
f 3639/434/3014 3638/433/3009 1358/433/3013 1360/434/3016
f 3639/434/3014 3637/435/3008 1355/435/3011 1359/434/3015
f 3637/435/3008 3639/434/3014 1360/434/3016 1356/435/3012
f 3640/433/3017 3641/435/3018 1355/435/3011 1357/433/3010
f 3641/435/3018 3640/433/3017 1358/433/3013 1356/435/3012
f 3641/435/3018 3642/436/3019 1361/436/3020 1355/435/3011
f 3642/436/3019 3641/435/3018 1356/435/3012 1362/436/3021
f 3642/436/3019 3640/433/3017 1357/433/3010 1361/436/3020
f 3640/433/3017 3642/436/3019 1362/436/3021 1358/433/3013
f 3643/432/3022 3644/430/3023 1367/430/3024 1363/432/3025
f 3644/430/3023 3643/432/3022 1364/432/3026 1368/430/3027
f 3644/430/3023 3645/429/3028 1365/429/3029 1367/430/3024
f 3645/429/3028 3644/430/3023 1368/430/3027 1366/429/3030
f 3645/429/3028 3643/432/3022 1363/432/3025 1365/429/3029
f 3643/432/3022 3645/429/3028 1366/429/3030 1364/432/3026
f 3646/431/3031 3647/429/3032 1365/429/3029 1369/431/3033
f 3647/429/3032 3646/431/3031 1370/431/3034 1366/429/3030
f 3647/429/3032 3648/430/3035 1367/430/3024 1365/429/3029
f 3648/430/3035 3647/429/3032 1366/429/3030 1368/430/3027
f 3648/430/3035 3646/431/3031 1369/431/3033 1367/430/3024
f 3646/431/3031 3648/430/3035 1368/430/3027 1370/431/3034
f 3649/436/3036 3650/430/3037 1375/430/3038 1373/436/3039
f 3650/430/3037 3649/436/3036 1374/436/3040 1376/430/3041
f 3650/430/3037 3651/432/3042 1371/432/3043 1375/430/3038
f 3651/432/3042 3650/430/3037 1376/430/3041 1372/432/3044
f 3651/432/3042 3649/436/3036 1373/436/3039 1371/432/3043
f 3649/436/3036 3651/432/3042 1372/432/3044 1374/436/3040
f 3652/430/3045 3653/436/3046 1373/436/3039 1375/430/3038
f 3653/436/3046 3652/430/3045 1376/430/3041 1374/436/3040
f 3653/436/3046 3654/435/3047 1377/435/3048 1373/436/3039
f 3654/435/3047 3653/436/3046 1374/436/3040 1378/435/3049
f 3654/435/3047 3652/430/3045 1375/430/3038 1377/435/3048
f 3652/430/3045 3654/435/3047 1378/435/3049 1376/430/3041
f 3655/417/3050 3656/437/3051 1381/437/3052 1383/417/3053
f 3656/437/3051 3655/417/3050 1384/417/3054 1382/437/3055
f 3656/437/3051 3657/438/3056 1379/438/3057 1381/437/3052
f 3657/438/3056 3656/437/3051 1382/437/3055 1380/438/3058
f 3657/438/3056 3655/417/3050 1383/417/3053 1379/438/3057
f 3655/417/3050 3657/438/3056 1380/438/3058 1384/417/3054
f 3658/437/3059 3659/417/3060 1383/417/3053 1381/437/3052
f 3659/417/3060 3658/437/3059 1382/437/3055 1384/417/3054
f 3659/417/3060 3660/423/3061 1385/423/3062 1383/417/3053
f 3660/423/3061 3659/417/3060 1384/417/3054 1386/423/3063
f 3660/423/3061 3658/437/3059 1381/437/3052 1385/423/3062
f 3658/437/3059 3660/423/3061 1386/423/3063 1382/437/3055
f 3661/439/3064 3662/423/3065 1385/423/3062 1387/439/3066
f 3662/423/3065 3661/439/3064 1388/439/3067 1386/423/3063
f 3662/423/3065 3663/417/3068 1383/417/3053 1385/423/3062
f 3663/417/3068 3662/423/3065 1386/423/3063 1384/417/3054
f 3663/417/3068 3661/439/3064 1387/439/3066 1383/417/3053
f 3661/439/3064 3663/417/3068 1384/417/3054 1388/439/3067
f 3664/423/3069 3665/439/3070 1387/439/3066 1385/423/3062
f 3665/439/3070 3664/423/3069 1386/423/3063 1388/439/3067
f 3665/439/3070 3666/440/3071 1389/440/3072 1387/439/3066
f 3666/440/3071 3665/439/3070 1388/439/3067 1390/440/3073
f 3666/440/3071 3664/423/3069 1385/423/3062 1389/440/3072
f 3664/423/3069 3666/440/3071 1390/440/3073 1386/423/3063
f 3667/443/3074 3668/441/3075 1393/441/3076 1391/443/3077
f 3668/441/3075 3667/443/3074 1392/443/3078 1394/441/3079
f 3668/441/3075 3669/442/3080 1395/442/3081 1393/441/3076
f 3669/442/3080 3668/441/3075 1394/441/3079 1396/442/3082
f 3669/442/3080 3667/443/3074 1391/443/3077 1395/442/3081
f 3667/443/3074 3669/442/3080 1396/442/3082 1392/443/3078
f 3670/442/3083 3671/441/3084 1393/441/3076 1395/442/3081
f 3671/441/3084 3670/442/3083 1396/442/3082 1394/441/3079
f 3671/441/3084 3672/444/3085 1397/444/3086 1393/441/3076
f 3672/444/3085 3671/441/3084 1394/441/3079 1398/444/3087
f 3672/444/3085 3670/442/3083 1395/442/3081 1397/444/3086
f 3670/442/3083 3672/444/3085 1398/444/3087 1396/442/3082
f 3673/435/3088 3674/446/3089 1401/446/3090 1399/435/3091
f 3674/446/3089 3673/435/3088 1400/435/3092 1402/446/3093
f 3674/446/3089 3675/430/3094 1403/430/3095 1401/446/3090
f 3675/430/3094 3674/446/3089 1402/446/3093 1404/430/3096
f 3675/430/3094 3673/435/3088 1399/435/3091 1403/430/3095
f 3673/435/3088 3675/430/3094 1404/430/3096 1400/435/3092
f 3676/446/3097 3677/435/3098 1399/435/3091 1401/446/3090
f 3677/435/3098 3676/446/3097 1402/446/3093 1400/435/3092
f 3677/435/3098 3678/445/3099 1405/445/3100 1399/435/3091
f 3678/445/3099 3677/435/3098 1400/435/3092 1406/445/3101
f 3678/445/3099 3676/446/3097 1401/446/3090 1405/445/3100
f 3676/446/3097 3678/445/3099 1406/445/3101 1402/446/3093
f 3679/404/3102 3680/403/3103 1409/403/3104 1407/404/3105
f 3680/403/3103 3679/404/3102 1408/404/3106 1410/403/3107
f 3680/403/3103 3681/402/3108 1411/402/3109 1409/403/3104
f 3681/402/3108 3680/403/3103 1410/403/3107 1412/402/3110
f 3681/402/3108 3679/404/3102 1407/404/3105 1411/402/3109
f 3679/404/3102 3681/402/3108 1412/402/3110 1408/404/3106
f 3682/402/3111 3683/403/3112 1409/403/3104 1411/402/3109
f 3683/403/3112 3682/402/3111 1412/402/3110 1410/403/3107
f 3683/403/3112 3684/401/3113 1413/401/3114 1409/403/3104
f 3684/401/3113 3683/403/3112 1410/403/3107 1414/401/3115
f 3684/401/3113 3682/402/3111 1411/402/3109 1413/401/3114
f 3682/402/3111 3684/401/3113 1414/401/3115 1412/402/3110
f 3685/573/3116 3686/574/3117 1415/574/3118 1417/573/3119
f 3686/574/3117 3685/573/3116 1418/573/3120 1416/574/3121
f 3686/574/3117 3687/575/3122 1419/575/3123 1415/574/3118
f 3687/575/3122 3686/574/3117 1416/574/3121 1420/575/3124
f 3687/575/3122 3685/573/3116 1417/573/3119 1419/575/3123
f 3685/573/3116 3687/575/3122 1420/575/3124 1418/573/3120
f 3688/575/3125 3689/576/3126 1421/576/3127 1419/575/3123
f 3689/576/3126 3688/575/3125 1420/575/3124 1422/576/3128
f 3689/576/3126 3690/573/3129 1417/573/3119 1421/576/3127
f 3690/573/3129 3689/576/3126 1422/576/3128 1418/573/3120
f 3690/573/3129 3688/575/3125 1419/575/3123 1417/573/3119
f 3688/575/3125 3690/573/3129 1418/573/3120 1420/575/3124
f 3691/576/3130 3692/575/3131 1419/575/3123 1421/576/3127
f 3692/575/3131 3691/576/3130 1422/576/3128 1420/575/3124
f 3692/575/3131 3693/577/3132 1425/577/3133 1419/575/3123
f 3693/577/3132 3692/575/3131 1420/575/3124 1426/577/3134
f 3693/577/3132 3691/576/3130 1421/576/3127 1425/577/3133
f 3691/576/3130 3693/577/3132 1426/577/3134 1422/576/3128
f 3694/577/3135 3695/578/3136 1423/578/3137 1425/577/3133
f 3695/578/3136 3694/577/3135 1426/577/3134 1424/578/3138
f 3695/578/3136 3696/576/3139 1421/576/3127 1423/578/3137
f 3696/576/3139 3695/578/3136 1424/578/3138 1422/576/3128
f 3696/576/3139 3694/577/3135 1425/577/3133 1421/576/3127
f 3694/577/3135 3696/576/3139 1422/576/3128 1426/577/3134
f 3697/579/3140 3698/580/207 1429/580/3141 1427/579/3142
f 3698/580/207 3697/579/3140 1428/579/3143 1430/580/3144
f 3698/580/207 3699/581/3145 1431/581/3146 1429/580/3141
f 3699/581/3145 3698/580/207 1430/580/3144 1432/581/3147
f 3699/581/3145 3697/579/3140 1427/579/3142 1431/581/3146
f 3697/579/3140 3699/581/3145 1432/581/3147 1428/579/3143
f 3700/579/3148 3701/581/3149 1431/581/3146 1427/579/3142
f 3701/581/3149 3700/579/3148 1428/579/3143 1432/581/3147
f 3701/581/3149 3702/582/217 1433/582/219 1431/581/3146
f 3702/582/217 3701/581/3149 1432/581/3147 1434/582/218
f 3702/582/217 3700/579/3148 1427/579/3142 1433/582/219
f 3700/579/3148 3702/582/217 1434/582/218 1428/579/3143
f 3703/583/3150 3704/584/3151 1435/584/3152 1439/583/3153
f 3704/584/3151 3703/583/3150 1440/583/3154 1436/584/3155
f 3704/584/3151 3705/585/3156 1443/585/3157 1435/584/3152
f 3705/585/3156 3704/584/3151 1436/584/3155 1444/585/3158
f 3705/585/3156 3703/583/3150 1439/583/3153 1443/585/3157
f 3703/583/3150 3705/585/3156 1444/585/3158 1440/583/3154
f 3706/586/3159 3707/587/3117 1437/587/3160 1441/586/3161
f 3707/587/3117 3706/586/3159 1442/586/3120 1438/587/3162
f 3707/587/3117 3708/588/3122 1445/588/3163 1437/587/3160
f 3708/588/3122 3707/587/3117 1438/587/3162 1446/588/3164
f 3708/588/3122 3706/586/3159 1441/586/3161 1445/588/3163
f 3706/586/3159 3708/588/3122 1446/588/3164 1442/586/3120
f 3709/585/3165 3710/588/3166 1445/588/3163 1443/585/3157
f 3710/588/3166 3709/585/3165 1444/585/3158 1446/588/3164
f 3710/588/3166 3711/583/3167 1439/583/3153 1445/588/3163
f 3711/583/3167 3710/588/3166 1446/588/3164 1440/583/3154
f 3711/583/3167 3709/585/3165 1443/585/3157 1439/583/3153
f 3709/585/3165 3711/583/3167 1440/583/3154 1444/585/3158
f 3712/588/3125 3713/585/3126 1443/585/3157 1445/588/3163
f 3713/585/3126 3712/588/3125 1446/588/3164 1444/585/3158
f 3713/585/3126 3714/586/3168 1441/586/3161 1443/585/3157
f 3714/586/3168 3713/585/3126 1444/585/3158 1442/586/3120
f 3714/586/3168 3712/588/3125 1445/588/3163 1441/586/3161
f 3712/588/3125 3714/586/3168 1442/586/3120 1446/588/3164
f 3715/589/3169 3716/590/3170 1449/590/3171 1447/589/3172
f 3716/590/3170 3715/589/3169 1448/589/3173 1450/590/3174
f 3716/590/3170 3717/591/3175 1451/591/3176 1449/590/3171
f 3717/591/3175 3716/590/3170 1450/590/3174 1452/591/3177
f 3717/591/3175 3715/589/3169 1447/589/3172 1451/591/3176
f 3715/589/3169 3717/591/3175 1452/591/3177 1448/589/3173
f 3718/592/3178 3719/591/3179 1451/591/3176 1453/592/3180
f 3719/591/3179 3718/592/3178 1454/592/3181 1452/591/3177
f 3719/591/3179 3720/590/3182 1449/590/3171 1451/591/3176
f 3720/590/3182 3719/591/3179 1452/591/3177 1450/590/3174
f 3720/590/3182 3718/592/3178 1453/592/3180 1449/590/3171
f 3718/592/3178 3720/590/3182 1450/590/3174 1454/592/3181
f 3721/589/3183 3722/591/3184 1451/591/3176 1447/589/3172
f 3722/591/3184 3721/589/3183 1448/589/3173 1452/591/3177
f 3722/591/3184 3723/593/3185 1455/593/3186 1451/591/3176
f 3723/593/3185 3722/591/3184 1452/591/3177 1456/593/3187
f 3723/593/3185 3721/589/3183 1447/589/3172 1455/593/3186
f 3721/589/3183 3723/593/3185 1456/593/3187 1448/589/3173
f 3724/591/3188 3725/592/3189 1453/592/3180 1451/591/3176
f 3725/592/3189 3724/591/3188 1452/591/3177 1454/592/3181
f 3725/592/3189 3726/594/3190 1457/594/3191 1453/592/3180
f 3726/594/3190 3725/592/3189 1454/592/3181 1458/594/3192
f 3726/594/3190 3724/591/3188 1451/591/3176 1457/594/3191
f 3724/591/3188 3726/594/3190 1458/594/3192 1452/591/3177
f 3727/595/3193 3728/596/3194 1459/596/3195 1463/595/3196
f 3728/596/3194 3727/595/3193 1464/595/3197 1460/596/3198
f 3728/596/3194 3729/597/3199 1461/597/3200 1459/596/3195
f 3729/597/3199 3728/596/3194 1460/596/3198 1462/597/3201
f 3729/597/3199 3727/595/3193 1463/595/3196 1461/597/3200
f 3727/595/3193 3729/597/3199 1462/597/3201 1464/595/3197
f 3730/596/3202 3731/595/3203 1463/595/3196 1459/596/3195
f 3731/595/3203 3730/596/3202 1460/596/3198 1464/595/3197
f 3731/595/3203 3732/598/3204 1465/598/3205 1463/595/3196
f 3732/598/3204 3731/595/3203 1464/595/3197 1466/598/3206
f 3732/598/3204 3730/596/3202 1459/596/3195 1465/598/3205
f 3730/596/3202 3732/598/3204 1466/598/3206 1460/596/3198
f 3733/595/3207 3734/599/3208 1467/599/3209 1463/595/3196
f 3734/599/3208 3733/595/3207 1464/595/3197 1468/599/3210
f 3734/599/3208 3735/598/3211 1465/598/3205 1467/599/3209
f 3735/598/3211 3734/599/3208 1468/599/3210 1466/598/3206
f 3735/598/3211 3733/595/3207 1463/595/3196 1465/598/3205
f 3733/595/3207 3735/598/3211 1466/598/3206 1464/595/3197
f 3736/595/3212 3737/600/3213 1469/600/3214 1463/595/3196
f 3737/600/3213 3736/595/3212 1464/595/3197 1470/600/3215
f 3737/600/3213 3738/599/3216 1467/599/3209 1469/600/3214
f 3738/599/3216 3737/600/3213 1470/600/3215 1468/599/3210
f 3738/599/3216 3736/595/3212 1463/595/3196 1467/599/3209
f 3736/595/3212 3738/599/3216 1468/599/3210 1464/595/3197
f 3739/601/3217 3740/602/3218 1471/602/3219 1475/601/3220
f 3740/602/3218 3739/601/3217 1476/601/3221 1472/602/3222
f 3740/602/3218 3741/603/3223 1473/603/3224 1471/602/3219
f 3741/603/3223 3740/602/3218 1472/602/3222 1474/603/3225
f 3741/603/3223 3739/601/3217 1475/601/3220 1473/603/3224
f 3739/601/3217 3741/603/3223 1474/603/3225 1476/601/3221
f 3742/601/3226 3743/603/3227 1473/603/3224 1475/601/3220
f 3743/603/3227 3742/601/3226 1476/601/3221 1474/603/3225
f 3743/603/3227 3744/604/3228 1477/604/3229 1473/603/3224
f 3744/604/3228 3743/603/3227 1474/603/3225 1478/604/3230
f 3744/604/3228 3742/601/3226 1475/601/3220 1477/604/3229
f 3742/601/3226 3744/604/3228 1478/604/3230 1476/601/3221
f 3745/605/3231 3746/606/3232 1481/606/3233 1479/605/3234
f 3746/606/3232 3745/605/3231 1480/605/3235 1482/606/3236
f 3746/606/3232 3747/607/3237 1483/607/3238 1481/606/3233
f 3747/607/3237 3746/606/3232 1482/606/3236 1484/607/3239
f 3747/607/3237 3745/605/3231 1479/605/3234 1483/607/3238
f 3745/605/3231 3747/607/3237 1484/607/3239 1480/605/3235
f 3748/606/3240 3749/605/3241 1479/605/3234 1481/606/3233
f 3749/605/3241 3748/606/3240 1482/606/3236 1480/605/3235
f 3749/605/3241 3750/608/3242 1485/608/3243 1479/605/3234
f 3750/608/3242 3749/605/3241 1480/605/3235 1486/608/3244
f 3750/608/3242 3748/606/3240 1481/606/3233 1485/608/3243
f 3748/606/3240 3750/608/3242 1486/608/3244 1482/606/3236
f 3751/606/3245 3752/609/3246 1487/609/3247 1481/606/3233
f 3752/609/3246 3751/606/3245 1482/606/3236 1488/609/3248
f 3752/609/3246 3753/607/3249 1483/607/3238 1487/609/3247
f 3753/607/3249 3752/609/3246 1488/609/3248 1484/607/3239
f 3753/607/3249 3751/606/3245 1481/606/3233 1483/607/3238
f 3751/606/3245 3753/607/3249 1484/607/3239 1482/606/3236
f 3754/609/3250 3755/606/3251 1481/606/3233 1487/609/3247
f 3755/606/3251 3754/609/3250 1488/609/3248 1482/606/3236
f 3755/606/3251 3756/610/3252 1489/610/3253 1481/606/3233
f 3756/610/3252 3755/606/3251 1482/606/3236 1490/610/3254
f 3756/610/3252 3754/609/3250 1487/609/3247 1489/610/3253
f 3754/609/3250 3756/610/3252 1490/610/3254 1488/609/3248
f 3757/611/3255 3758/612/3256 1493/612/3257 1491/611/3258
f 3758/612/3256 3757/611/3255 1492/611/3259 1494/612/3260
f 3758/612/3256 3759/613/3261 1495/613/3262 1493/612/3257
f 3759/613/3261 3758/612/3256 1494/612/3260 1496/613/3263
f 3759/613/3261 3757/611/3255 1491/611/3258 1495/613/3262
f 3757/611/3255 3759/613/3261 1496/613/3263 1492/611/3259
f 3760/613/3264 3761/612/3265 1493/612/3257 1495/613/3262
f 3761/612/3265 3760/613/3264 1496/613/3263 1494/612/3260
f 3761/612/3265 3762/614/3266 1497/614/3267 1493/612/3257
f 3762/614/3266 3761/612/3265 1494/612/3260 1498/614/3268
f 3762/614/3266 3760/613/3264 1495/613/3262 1497/614/3267
f 3760/613/3264 3762/614/3266 1498/614/3268 1496/613/3263
f 3763/611/3269 3764/615/3270 1499/615/3271 1491/611/3258
f 3764/615/3270 3763/611/3269 1492/611/3259 1500/615/3272
f 3764/615/3270 3765/612/3273 1493/612/3257 1499/615/3271
f 3765/612/3273 3764/615/3270 1500/615/3272 1494/612/3260
f 3765/612/3273 3763/611/3269 1491/611/3258 1493/612/3257
f 3763/611/3269 3765/612/3273 1494/612/3260 1492/611/3259
f 3766/616/3274 3767/615/3275 1499/615/3271 1501/616/3276
f 3767/615/3275 3766/616/3274 1502/616/3277 1500/615/3272
f 3767/615/3275 3768/611/3278 1491/611/3258 1499/615/3271
f 3768/611/3278 3767/615/3275 1500/615/3272 1492/611/3259
f 3768/611/3278 3766/616/3274 1501/616/3276 1491/611/3258
f 3766/616/3274 3768/611/3278 1492/611/3259 1502/616/3277
f 3769/617/3279 3770/618/3280 1505/618/3281 1507/617/3282
f 3770/618/3280 3769/617/3279 1508/617/3283 1506/618/3284
f 3770/618/3280 3771/619/3285 1503/619/3286 1505/618/3281
f 3771/619/3285 3770/618/3280 1506/618/3284 1504/619/3287
f 3771/619/3285 3769/617/3279 1507/617/3282 1503/619/3286
f 3769/617/3279 3771/619/3285 1504/619/3287 1508/617/3283
f 3772/617/3288 3773/619/3289 1503/619/3286 1507/617/3282
f 3773/619/3289 3772/617/3288 1508/617/3283 1504/619/3287
f 3773/619/3289 3774/620/3290 1509/620/3291 1503/619/3286
f 3774/620/3290 3773/619/3289 1504/619/3287 1510/620/3292
f 3774/620/3290 3772/617/3288 1507/617/3282 1509/620/3291
f 3772/617/3288 3774/620/3290 1510/620/3292 1508/617/3283
f 3775/595/3293 3776/621/3294 1515/621/3295 1519/595/3296
f 3776/621/3294 3775/595/3293 1520/595/3297 1516/621/3298
f 3776/621/3294 3777/622/3299 1511/622/3300 1515/621/3295
f 3777/622/3299 3776/621/3294 1516/621/3298 1512/622/3301
f 3777/622/3299 3775/595/3293 1519/595/3296 1511/622/3300
f 3775/595/3293 3777/622/3299 1512/622/3301 1520/595/3297
f 3778/591/3302 3779/623/3303 1517/623/3304 1521/591/3305
f 3779/623/3303 3778/591/3302 1522/591/3306 1518/623/3307
f 3779/623/3303 3780/624/3308 1513/624/3309 1517/623/3304
f 3780/624/3308 3779/623/3303 1518/623/3307 1514/624/3310
f 3780/624/3308 3778/591/3302 1521/591/3305 1513/624/3309
f 3778/591/3302 3780/624/3308 1514/624/3310 1522/591/3306
f 3781/621/3311 3782/595/3312 1519/595/3296 1515/621/3295
f 3782/595/3312 3781/621/3311 1516/621/3298 1520/595/3297
f 3782/595/3312 3783/591/3313 1521/591/3305 1519/595/3296
f 3783/591/3313 3782/595/3312 1520/595/3297 1522/591/3306
f 3783/591/3313 3781/621/3311 1515/621/3295 1521/591/3305
f 3781/621/3311 3783/591/3313 1522/591/3306 1516/621/3298
f 3784/623/3314 3785/591/3315 1521/591/3305 1517/623/3304
f 3785/591/3315 3784/623/3314 1518/623/3307 1522/591/3306
f 3785/591/3315 3786/595/3316 1519/595/3296 1521/591/3305
f 3786/595/3316 3785/591/3315 1522/591/3306 1520/595/3297
f 3786/595/3316 3784/623/3314 1517/623/3304 1519/595/3296
f 3784/623/3314 3786/595/3316 1520/595/3297 1518/623/3307
f 3787/625/3317 3788/626/3318 1523/626/3319 1525/625/3320
f 3788/626/3318 3787/625/3317 1526/625/3321 1524/626/3322
f 3788/626/3318 3789/627/3323 1527/627/3324 1523/626/3319
f 3789/627/3323 3788/626/3318 1524/626/3322 1528/627/3325
f 3789/627/3323 3787/625/3317 1525/625/3320 1527/627/3324
f 3787/625/3317 3789/627/3323 1528/627/3325 1526/625/3321
f 3790/627/3326 3791/628/3327 1529/628/3328 1527/627/3324
f 3791/628/3327 3790/627/3326 1528/627/3325 1530/628/3329
f 3791/628/3327 3792/625/3330 1525/625/3320 1529/628/3328
f 3792/625/3330 3791/628/3327 1530/628/3329 1526/625/3321
f 3792/625/3330 3790/627/3326 1527/627/3324 1525/625/3320
f 3790/627/3326 3792/625/3330 1526/625/3321 1528/627/3325
f 3793/627/3331 3794/629/3332 1531/629/3333 1527/627/3324
f 3794/629/3332 3793/627/3331 1528/627/3325 1532/629/3334
f 3794/629/3332 3795/628/3335 1529/628/3328 1531/629/3333
f 3795/628/3335 3794/629/3332 1532/629/3334 1530/628/3329
f 3795/628/3335 3793/627/3331 1527/627/3324 1529/628/3328
f 3793/627/3331 3795/628/3335 1530/628/3329 1528/627/3325
f 3796/627/3336 3797/630/3337 1533/630/3338 1527/627/3324
f 3797/630/3337 3796/627/3336 1528/627/3325 1534/630/3339
f 3797/630/3337 3798/629/3340 1531/629/3333 1533/630/3338
f 3798/629/3340 3797/630/3337 1534/630/3339 1532/629/3334
f 3798/629/3340 3796/627/3336 1527/627/3324 1531/629/3333
f 3796/627/3336 3798/629/3340 1532/629/3334 1528/627/3325
f 3799/631/3341 3800/629/3342 1531/629/3333 1535/631/3343
f 3800/629/3342 3799/631/3341 1536/631/3344 1532/629/3334
f 3800/629/3342 3801/630/3345 1533/630/3338 1531/629/3333
f 3801/630/3345 3800/629/3342 1532/629/3334 1534/630/3339
f 3801/630/3345 3799/631/3341 1535/631/3343 1533/630/3338
f 3799/631/3341 3801/630/3345 1534/630/3339 1536/631/3344
f 3802/629/3346 3803/631/3347 1535/631/3343 1531/629/3333
f 3803/631/3347 3802/629/3346 1532/629/3334 1536/631/3344
f 3803/631/3347 3804/632/3348 1537/632/3349 1535/631/3343
f 3804/632/3348 3803/631/3347 1536/631/3344 1538/632/3350
f 3804/632/3348 3802/629/3346 1531/629/3333 1537/632/3349
f 3802/629/3346 3804/632/3348 1538/632/3350 1532/629/3334
f 3805/633/3351 3806/634/3352 1541/634/2630 1539/633/3353
f 3806/634/3352 3805/633/3351 1540/633/3354 1542/634/2629
f 3806/634/3352 3807/635/3355 1543/635/2641 1541/634/2630
f 3807/635/3355 3806/634/3352 1542/634/2629 1544/635/2640
f 3807/635/3355 3805/633/3351 1539/633/3353 1543/635/2641
f 3805/633/3351 3807/635/3355 1544/635/2640 1540/633/3354
f 3808/636/3356 3809/635/3357 1543/635/2641 1545/636/2621
f 3809/635/3357 3808/636/3356 1546/636/3358 1544/635/2640
f 3809/635/3357 3810/634/3359 1541/634/2630 1543/635/2641
f 3810/634/3359 3809/635/3357 1544/635/2640 1542/634/2629
f 3810/634/3359 3808/636/3356 1545/636/2621 1541/634/2630
f 3808/636/3356 3810/634/3359 1542/634/2629 1546/636/3358
f 3811/634/3360 3812/633/3361 1539/633/3353 1541/634/2630
f 3812/633/3361 3811/634/3360 1542/634/2629 1540/633/3354
f 3812/633/3361 3813/637/3362 1547/637/2661 1539/633/3353
f 3813/637/3362 3812/633/3361 1540/633/3354 1548/637/2660
f 3813/637/3362 3811/634/3360 1541/634/2630 1547/637/2661
f 3811/634/3360 3813/637/3362 1548/637/2660 1542/634/2629
f 3814/634/3363 3815/638/2631 1549/638/3364 1541/634/2630
f 3815/638/2631 3814/634/3363 1542/634/2629 1550/638/2606
f 3815/638/2631 3816/636/3365 1545/636/2621 1549/638/3364
f 3816/636/3365 3815/638/2631 1550/638/2606 1546/636/3358
f 3816/636/3365 3814/634/3363 1541/634/2630 1545/636/2621
f 3814/634/3363 3816/636/3365 1546/636/3358 1542/634/2629
f 3817/639/3366 3818/637/3367 1547/637/2661 1551/639/3368
f 3818/637/3367 3817/639/3366 1552/639/3369 1548/637/2660
f 3818/637/3367 3819/633/2671 1539/633/3353 1547/637/2661
f 3819/633/2671 3818/637/3367 1548/637/2660 1540/633/3354
f 3819/633/2671 3817/639/3366 1551/639/3368 1539/633/3353
f 3817/639/3366 3819/633/2671 1540/633/3354 1552/639/3369
f 3820/638/3370 3821/640/3371 1553/640/2608 1549/638/3364
f 3821/640/3371 3820/638/3370 1550/638/2606 1554/640/3372
f 3821/640/3371 3822/636/3373 1545/636/2621 1553/640/2608
f 3822/636/3373 3821/640/3371 1554/640/3372 1546/636/3358
f 3822/636/3373 3820/638/3370 1549/638/3364 1545/636/2621
f 3820/638/3370 3822/636/3373 1546/636/3358 1550/638/2606
f 3823/637/3374 3824/639/2679 1551/639/3368 1547/637/2661
f 3824/639/2679 3823/637/3374 1548/637/2660 1552/639/3369
f 3824/639/2679 3825/641/3375 1555/641/3376 1551/639/3368
f 3825/641/3375 3824/639/2679 1552/639/3369 1556/641/3377
f 3825/641/3375 3823/637/3374 1547/637/2661 1555/641/3376
f 3823/637/3374 3825/641/3375 1556/641/3377 1548/637/2660
f 3826/640/2604 3827/638/3378 1549/638/3364 1553/640/2608
f 3827/638/3378 3826/640/2604 1554/640/3372 1550/638/2606
f 3827/638/3378 3828/642/3379 1557/642/3380 1549/638/3364
f 3828/642/3379 3827/638/3378 1550/638/2606 1558/642/3381
f 3828/642/3379 3826/640/2604 1553/640/2608 1557/642/3380
f 3826/640/2604 3828/642/3379 1558/642/3381 1554/640/3372
f 3829/643/2680 3830/641/3382 1555/641/3376 1559/643/2666
f 3830/641/3382 3829/643/2680 1560/643/2665 1556/641/3377
f 3830/641/3382 3831/639/3383 1551/639/3368 1555/641/3376
f 3831/639/3383 3830/641/3382 1556/641/3377 1552/639/3369
f 3831/639/3383 3829/643/2680 1559/643/2666 1551/639/3368
f 3829/643/2680 3831/639/3383 1552/639/3369 1560/643/2665
f 3832/644/3384 3833/640/3385 1553/640/2608 1561/644/2615
f 3833/640/3385 3832/644/3384 1562/644/2614 1554/640/3372
f 3833/640/3385 3834/642/3386 1557/642/3380 1553/640/2608
f 3834/642/3386 3833/640/3385 1554/640/3372 1558/642/3381
f 3834/642/3386 3832/644/3384 1561/644/2615 1557/642/3380
f 3832/644/3384 3834/642/3386 1558/642/3381 1562/644/2614
f 3835/643/3387 3836/639/3388 1551/639/3368 1559/643/2666
f 3836/639/3388 3835/643/3387 1560/643/2665 1552/639/3369
f 3836/639/3388 3837/645/3389 1563/645/3390 1551/639/3368
f 3837/645/3389 3836/639/3388 1552/639/3369 1564/645/3391
f 3837/645/3389 3835/643/3387 1559/643/2666 1563/645/3390
f 3835/643/3387 3837/645/3389 1564/645/3391 1560/643/2665
f 3838/640/3392 3839/644/3393 1561/644/2615 1553/640/2608
f 3839/644/3393 3838/640/3392 1554/640/3372 1562/644/2614
f 3839/644/3393 3840/646/3394 1565/646/3395 1561/644/2615
f 3840/646/3394 3839/644/3393 1562/644/2614 1566/646/3396
f 3840/646/3394 3838/640/3392 1553/640/2608 1565/646/3395
f 3838/640/3392 3840/646/3394 1566/646/3396 1554/640/3372
f 3841/645/3397 3842/647/3398 1567/647/2635 1563/645/3390
f 3842/647/3398 3841/645/3397 1564/645/3391 1568/647/2634
f 3842/647/3398 3843/643/2664 1559/643/2666 1567/647/2635
f 3843/643/2664 3842/647/3398 1568/647/2634 1560/643/2665
f 3843/643/2664 3841/645/3397 1563/645/3390 1559/643/2666
f 3841/645/3397 3843/643/2664 1560/643/2665 1564/645/3391
f 3844/647/3399 3845/646/3400 1565/646/3395 1567/647/2635
f 3845/646/3400 3844/647/3399 1568/647/2634 1566/646/3396
f 3845/646/3400 3846/644/2633 1561/644/2615 1565/646/3395
f 3846/644/2633 3845/646/3400 1566/646/3396 1562/644/2614
f 3846/644/2633 3844/647/3399 1567/647/2635 1561/644/2615
f 3844/647/3399 3846/644/2633 1562/644/2614 1568/647/2634
f 3847/647/3401 3848/645/3402 1563/645/3390 1567/647/2635
f 3848/645/3402 3847/647/3401 1568/647/2634 1564/645/3391
f 3848/645/3402 3849/648/2656 1569/648/2645 1563/645/3390
f 3849/648/2656 3848/645/3402 1564/645/3391 1570/648/2644
f 3849/648/2656 3847/647/3401 1567/647/2635 1569/648/2645
f 3847/647/3401 3849/648/2656 1570/648/2644 1568/647/2634
f 3850/646/3403 3851/647/3404 1567/647/2635 1565/646/3395
f 3851/647/3404 3850/646/3403 1566/646/3396 1568/647/2634
f 3851/647/3404 3852/648/3405 1569/648/2645 1567/647/2635
f 3852/648/3405 3851/647/3404 1568/647/2634 1570/648/2644
f 3852/648/3405 3850/646/3403 1565/646/3395 1569/648/2645
f 3850/646/3403 3852/648/3405 1570/648/2644 1566/646/3396
f 3853/649/2697 3854/650/2699 1573/650/3406 1571/649/2688
f 3854/650/2699 3853/649/2697 1572/649/2685 1574/650/2700
f 3854/650/2699 3855/651/2698 1575/651/3407 1573/650/3406
f 3855/651/2698 3854/650/2699 1574/650/2700 1576/651/2686
f 3855/651/2698 3853/649/2697 1571/649/2688 1575/651/3407
f 3853/649/2697 3855/651/2698 1576/651/2686 1572/649/2685
f 3856/650/2708 3857/652/3408 1577/652/2710 1573/650/3406
f 3857/652/3408 3856/650/2708 1574/650/2700 1578/652/2709
f 3857/652/3408 3858/651/3409 1575/651/3407 1577/652/2710
f 3858/651/3409 3857/652/3408 1578/652/2709 1576/651/2686
f 3858/651/3409 3856/650/2708 1573/650/3406 1575/651/3407
f 3856/650/2708 3858/651/3409 1576/651/2686 1574/650/2700
f 3859/651/3410 3860/653/2689 1579/653/2691 1575/651/3407
f 3860/653/2689 3859/651/3410 1576/651/2686 1580/653/2690
f 3860/653/2689 3861/649/2684 1571/649/2688 1579/653/2691
f 3861/649/2684 3860/653/2689 1580/653/2690 1572/649/2685
f 3861/649/2684 3859/651/3410 1575/651/3407 1571/649/2688
f 3859/651/3410 3861/649/2684 1572/649/2685 1576/651/2686
f 3862/652/2718 3863/650/2717 1573/650/3406 1577/652/2710
f 3863/650/2717 3862/652/2718 1578/652/2709 1574/650/2700
f 3863/650/2717 3864/654/2719 1581/654/2721 1573/650/3406
f 3864/654/2719 3863/650/2717 1574/650/2700 1582/654/2720
f 3864/654/2719 3862/652/2718 1577/652/2710 1581/654/2721
f 3862/652/2718 3864/654/2719 1582/654/2720 1578/652/2709
f 3865/655/3411 3866/649/2696 1571/649/2688 1583/655/2695
f 3866/649/2696 3865/655/3411 1584/655/2694 1572/649/2685
f 3866/649/2696 3867/653/3412 1579/653/2691 1571/649/2688
f 3867/653/3412 3866/649/2696 1572/649/2685 1580/653/2690
f 3867/653/3412 3865/655/3411 1583/655/2695 1579/653/2691
f 3865/655/3411 3867/653/3412 1580/653/2690 1584/655/2694
f 3868/656/3413 3869/652/2731 1577/652/2710 1585/656/3414
f 3869/652/2731 3868/656/3413 1586/656/2729 1578/652/2709
f 3869/652/2731 3870/654/2728 1581/654/2721 1577/652/2710
f 3870/654/2728 3869/652/2731 1578/652/2709 1582/654/2720
f 3870/654/2728 3868/656/3413 1585/656/3414 1581/654/2721
f 3868/656/3413 3870/654/2728 1582/654/2720 1586/656/2729
f 3871/649/3415 3872/655/2702 1583/655/2695 1571/649/2688
f 3872/655/2702 3871/649/3415 1572/649/2685 1584/655/2694
f 3872/655/2702 3873/657/2704 1587/657/2706 1583/655/2695
f 3873/657/2704 3872/655/2702 1584/655/2694 1588/657/2705
f 3873/657/2704 3871/649/3415 1571/649/2688 1587/657/2706
f 3871/649/3415 3873/657/2704 1588/657/2705 1572/649/2685
f 3874/654/3416 3875/658/2737 1589/658/3417 1581/654/2721
f 3875/658/2737 3874/654/3416 1582/654/2720 1590/658/3418
f 3875/658/2737 3876/656/3419 1585/656/3414 1589/658/3417
f 3876/656/3419 3875/658/2737 1590/658/3418 1586/656/2729
f 3876/656/3419 3874/654/3416 1581/654/2721 1585/656/3414
f 3874/654/3416 3876/656/3419 1586/656/2729 1582/654/2720
f 3877/659/3420 3878/657/3421 1587/657/2706 1591/659/2715
f 3878/657/3421 3877/659/3420 1592/659/2714 1588/657/2705
f 3878/657/3421 3879/655/2716 1583/655/2695 1587/657/2706
f 3879/655/2716 3878/657/3421 1588/657/2705 1584/655/2694
f 3879/655/2716 3877/659/3420 1591/659/2715 1583/655/2695
f 3877/659/3420 3879/655/2716 1584/655/2694 1592/659/2714
f 3880/660/2741 3881/656/2740 1585/656/3414 1593/660/2726
f 3881/656/2740 3880/660/2741 1594/660/2725 1586/656/2729
f 3881/656/2740 3882/658/2742 1589/658/3417 1585/656/3414
f 3882/658/2742 3881/656/2740 1586/656/2729 1590/658/3418
f 3882/658/2742 3880/660/2741 1593/660/2726 1589/658/3417
f 3880/660/2741 3882/658/2742 1590/658/3418 1594/660/2725
f 3883/657/3422 3884/659/2722 1591/659/2715 1587/657/2706
f 3884/659/2722 3883/657/3422 1588/657/2705 1592/659/2714
f 3884/659/2722 3885/660/2724 1593/660/2726 1591/659/2715
f 3885/660/2724 3884/659/2722 1592/659/2714 1594/660/2725
f 3885/660/2724 3883/657/3422 1587/657/2706 1593/660/2726
f 3883/657/3422 3885/660/2724 1594/660/2725 1588/657/2705
f 3886/659/2734 3887/656/2733 1585/656/3414 1591/659/2715
f 3887/656/2733 3886/659/2734 1592/659/2714 1586/656/2729
f 3887/656/2733 3888/660/2732 1593/660/2726 1585/656/3414
f 3888/660/2732 3887/656/2733 1586/656/2729 1594/660/2725
f 3888/660/2732 3886/659/2734 1591/659/2715 1593/660/2726
f 3886/659/2734 3888/660/2732 1594/660/2725 1592/659/2714
f 3889/633/3423 3890/646/2755 1597/646/1015 1595/633/2754
f 3890/646/2755 3889/633/3423 1596/633/3424 1598/646/3425
f 3890/646/2755 3891/645/368 1599/645/2750 1597/646/1015
f 3891/645/368 3890/646/2755 1598/646/3425 1600/645/3426
f 3891/645/368 3889/633/3423 1595/633/2754 1599/645/2750
f 3889/633/3423 3891/645/368 1600/645/3426 1596/633/3424
f 3892/645/3427 3893/646/2744 1597/646/1015 1599/645/2750
f 3893/646/2744 3892/645/3427 1600/645/3426 1598/646/3425
f 3893/646/2744 3894/648/2848 1601/648/2746 1597/646/1015
f 3894/648/2848 3893/646/2744 1598/646/3425 1602/648/3428
f 3894/648/2848 3892/645/3427 1599/645/2750 1601/648/2746
f 3892/645/3427 3894/648/2848 1602/648/3428 1600/645/3426
f 3895/633/3429 3896/645/3430 1599/645/2750 1595/633/2754
f 3896/645/3430 3895/633/3429 1596/633/3424 1600/645/3426
f 3896/645/3430 3897/639/3431 1603/639/2760 1599/645/2750
f 3897/639/3431 3896/645/3430 1600/645/3426 1604/639/3432
f 3897/639/3431 3895/633/3429 1595/633/2754 1603/639/2760
f 3895/633/3429 3897/639/3431 1604/639/3432 1596/633/3424
f 3898/633/2761 3899/636/3433 1605/636/3434 1595/633/2754
f 3899/636/3433 3898/633/2761 1596/633/3424 1606/636/2763
f 3899/636/3433 3900/646/3435 1597/646/1015 1605/636/3434
f 3900/646/3435 3899/636/3433 1606/636/2763 1598/646/3425
f 3900/646/3435 3898/633/2761 1595/633/2754 1597/646/1015
f 3898/633/2761 3900/646/3435 1598/646/3425 1596/633/3424
f 3901/646/3436 3902/636/3437 1605/636/3434 1597/646/1015
f 3902/636/3437 3901/646/3436 1598/646/3425 1606/636/2763
f 3902/636/3437 3903/640/3438 1607/640/2867 1605/636/3434
f 3903/640/3438 3902/636/3437 1606/636/2763 1608/640/2768
f 3903/640/3438 3901/646/3436 1597/646/1015 1607/640/2867
f 3901/646/3436 3903/640/3438 1608/640/2768 1598/646/3425
f 3904/636/2771 3905/633/2770 1595/633/2754 1605/636/3434
f 3905/633/2770 3904/636/2771 1606/636/2763 1596/633/3424
f 3905/633/2770 3906/635/2829 1609/635/2774 1595/633/2754
f 3906/635/2829 3905/633/2770 1596/633/3424 1610/635/3439
f 3906/635/2829 3904/636/2771 1605/636/3434 1609/635/2774
f 3904/636/2771 3906/635/2829 1610/635/3439 1606/636/2763
f 3907/661/3440 3908/662/3441 1613/662/3442 1611/661/3443
f 3908/662/3441 3907/661/3440 1612/661/3444 1614/662/3445
f 3908/662/3441 3909/663/305 1615/663/3446 1613/662/3442
f 3909/663/305 3908/662/3441 1614/662/3445 1616/663/3447
f 3909/663/305 3907/661/3440 1611/661/3443 1615/663/3446
f 3907/661/3440 3909/663/305 1616/663/3447 1612/661/3444
f 3910/662/3448 3911/661/3449 1611/661/3443 1613/662/3442
f 3911/661/3449 3910/662/3448 1614/662/3445 1612/661/3444
f 3911/661/3449 3912/664/722 1617/664/3450 1611/661/3443
f 3912/664/722 3911/661/3449 1612/661/3444 1618/664/3451
f 3912/664/722 3910/662/3448 1613/662/3442 1617/664/3450
f 3910/662/3448 3912/664/722 1618/664/3451 1614/662/3445
f 3913/665/2809 3914/666/2820 1621/666/2802 1619/665/2806
f 3914/666/2820 3913/665/2809 1620/665/2818 1622/666/2801
f 3914/666/2820 3915/667/3452 1623/667/3453 1621/666/2802
f 3915/667/3452 3914/666/2820 1622/666/2801 1624/667/3454
f 3915/667/3452 3913/665/2809 1619/665/2806 1623/667/3453
f 3913/665/2809 3915/667/3452 1624/667/3454 1620/665/2818
f 3916/666/2804 3917/665/3455 1619/665/2806 1621/666/2802
f 3917/665/3455 3916/666/2804 1622/666/2801 1620/665/2818
f 3917/665/3455 3918/668/3456 1625/668/2793 1619/665/2806
f 3918/668/3456 3917/665/3455 1620/665/2818 1626/668/2792
f 3918/668/3456 3916/666/2804 1621/666/2802 1625/668/2793
f 3916/666/2804 3918/668/3456 1626/668/2792 1622/666/2801
f 3919/666/3457 3920/668/2799 1625/668/2793 1621/666/2802
f 3920/668/2799 3919/666/3457 1622/666/2801 1626/668/2792
f 3920/668/2799 3921/669/3458 1627/669/2794 1625/668/2793
f 3921/669/3458 3920/668/2799 1626/668/2792 1628/669/2791
f 3921/669/3458 3919/666/3457 1621/666/2802 1627/669/2794
f 3919/666/3457 3921/669/3458 1628/669/2791 1622/666/2801
f 3922/669/3459 3923/668/2813 1625/668/2793 1627/669/2794
f 3923/668/2813 3922/669/3459 1628/669/2791 1626/668/2792
f 3923/668/2813 3924/670/3460 1629/670/3461 1625/668/2793
f 3924/670/3460 3923/668/2813 1626/668/2792 1630/670/3462
f 3924/670/3460 3922/669/3459 1627/669/2794 1629/670/3461
f 3922/669/3459 3924/670/3460 1630/670/3462 1628/669/2791
f 3925/671/2809 3926/672/3463 1633/672/2802 1631/671/2806
f 3926/672/3463 3925/671/2809 1632/671/2818 1634/672/2801
f 3926/672/3463 3927/673/3452 1635/673/3453 1633/672/2802
f 3927/673/3452 3926/672/3463 1634/672/2801 1636/673/3454
f 3927/673/3452 3925/671/2809 1631/671/2806 1635/673/3453
f 3925/671/2809 3927/673/3452 1636/673/3454 1632/671/2818
f 3928/672/2804 3929/671/3455 1631/671/2806 1633/672/2802
f 3929/671/3455 3928/672/2804 1634/672/2801 1632/671/2818
f 3929/671/3455 3930/674/3464 1637/674/2793 1631/671/2806
f 3930/674/3464 3929/671/3455 1632/671/2818 1638/674/2792
f 3930/674/3464 3928/672/2804 1633/672/2802 1637/674/2793
f 3928/672/2804 3930/674/3464 1638/674/2792 1634/672/2801
f 3931/672/3465 3932/674/2799 1637/674/2793 1633/672/2802
f 3932/674/2799 3931/672/3465 1634/672/2801 1638/674/2792
f 3932/674/2799 3933/675/3466 1639/675/3467 1637/674/2793
f 3933/675/3466 3932/674/2799 1638/674/2792 1640/675/3468
f 3933/675/3466 3931/672/3465 1633/672/2802 1639/675/3467
f 3931/672/3465 3933/675/3466 1640/675/3468 1634/672/2801
f 3934/675/2790 3935/674/2789 1637/674/2793 1639/675/3467
f 3935/674/2789 3934/675/2790 1640/675/3468 1638/674/2792
f 3935/674/2789 3936/676/3460 1641/676/3469 1637/674/2793
f 3936/676/3460 3935/674/2789 1638/674/2792 1642/676/3470
f 3936/676/3460 3934/675/2790 1639/675/3467 1641/676/3469
f 3934/675/2790 3936/676/3460 1642/676/3470 1640/675/3468
f 3937/677/2772 3938/678/2824 1645/678/2828 1643/677/2831
f 3938/678/2824 3937/677/2772 1644/677/2830 1646/678/2825
f 3938/678/2824 3939/679/2823 1647/679/2827 1645/678/2828
f 3939/679/2823 3938/678/2824 1646/678/2825 1648/679/3471
f 3939/679/2823 3937/677/2772 1643/677/2831 1647/679/2827
f 3937/677/2772 3939/679/2823 1648/679/3471 1644/677/2830
f 3940/680/3472 3941/679/2833 1647/679/2827 1649/680/2858
f 3941/679/2833 3940/680/3472 1650/680/2835 1648/679/3471
f 3941/679/2833 3942/678/2832 1645/678/2828 1647/679/2827
f 3942/678/2832 3941/679/2833 1648/679/3471 1646/678/2825
f 3942/678/2832 3940/680/3472 1649/680/2858 1645/678/2828
f 3940/680/3472 3942/678/2832 1646/678/2825 1650/680/2835
f 3943/679/2860 3944/680/2756 1649/680/2858 1647/679/2827
f 3944/680/2756 3943/679/2860 1648/679/3471 1650/680/2835
f 3944/680/2756 3945/681/3473 1651/681/2862 1649/680/2858
f 3945/681/3473 3944/680/2756 1650/680/2835 1652/681/3474
f 3945/681/3473 3943/679/2860 1647/679/2827 1651/681/2862
f 3943/679/2860 3945/681/3473 1652/681/3474 1648/679/3471
f 3946/678/3475 3947/682/791 1653/682/3476 1645/678/2828
f 3947/682/791 3946/678/3475 1646/678/2825 1654/682/3477
f 3947/682/791 3948/680/2864 1649/680/2858 1653/682/3476
f 3948/680/2864 3947/682/791 1654/682/3477 1650/680/2835
f 3948/680/2864 3946/678/3475 1645/678/2828 1649/680/2858
f 3946/678/3475 3948/680/2864 1650/680/2835 1646/678/2825
f 3949/680/2869 3950/682/2868 1653/682/3476 1649/680/2858
f 3950/682/2868 3949/680/2869 1650/680/2835 1654/682/3477
f 3950/682/2868 3951/683/2848 1655/683/3478 1653/682/3476
f 3951/683/2848 3950/682/2868 1654/682/3477 1656/683/3479
f 3951/683/2848 3949/680/2869 1649/680/2858 1655/683/3478
f 3949/680/2869 3951/683/2848 1656/683/3479 1650/680/2835
f 3952/682/3480 3953/678/3481 1645/678/2828 1653/682/3476
f 3953/678/3481 3952/682/3480 1654/682/3477 1646/678/2825
f 3953/678/3481 3954/684/2853 1657/684/2867 1645/678/2828
f 3954/684/2853 3953/678/3481 1646/678/2825 1658/684/2854
f 3954/684/2853 3952/682/3480 1653/682/3476 1657/684/2867
f 3952/682/3480 3954/684/2853 1658/684/2854 1654/682/3477
f 3955/677/2829 3956/678/2824 1661/678/2828 1659/677/2831
f 3956/678/2824 3955/677/2829 1660/677/2856 1662/678/2825
f 3956/678/2824 3957/679/2823 1663/679/2827 1661/678/2828
f 3957/679/2823 3956/678/2824 1662/678/2825 1664/679/2826
f 3957/679/2823 3955/677/2829 1659/677/2831 1663/679/2827
f 3955/677/2829 3957/679/2823 1664/679/2826 1660/677/2856
f 3958/680/2857 3959/679/2833 1663/679/2827 1665/680/2858
f 3959/679/2833 3958/680/2857 1666/680/2835 1664/679/2826
f 3959/679/2833 3960/678/2832 1661/678/2828 1663/679/2827
f 3960/678/2832 3959/679/2833 1664/679/2826 1662/678/2825
f 3960/678/2832 3958/680/2857 1665/680/2858 1661/678/2828
f 3958/680/2857 3960/678/2832 1662/678/2825 1666/680/2835
f 3961/679/3482 3962/680/3483 1665/680/2858 1663/679/2827
f 3962/680/3483 3961/679/3482 1664/679/2826 1666/680/2835
f 3962/680/3483 3963/681/3484 1667/681/2862 1665/680/2858
f 3963/681/3484 3962/680/3483 1666/680/2835 1668/681/2840
f 3963/681/3484 3961/679/3482 1663/679/2827 1667/681/2862
f 3961/679/3482 3963/681/3484 1668/681/2840 1664/679/2826
f 3964/678/2863 3965/682/791 1669/682/2845 1661/678/2828
f 3965/682/791 3964/678/2863 1662/678/2825 1670/682/2844
f 3965/682/791 3966/680/2843 1665/680/2858 1669/682/2845
f 3966/680/2843 3965/682/791 1670/682/2844 1666/680/2835
f 3966/680/2843 3964/678/2863 1661/678/2828 1665/680/2858
f 3964/678/2863 3966/680/2843 1666/680/2835 1662/678/2825
f 3967/680/3485 3968/682/3486 1669/682/2845 1665/680/2858
f 3968/682/3486 3967/680/3485 1666/680/2835 1670/682/2844
f 3968/682/3486 3969/683/2848 1671/683/2850 1669/682/2845
f 3969/683/2848 3968/682/3486 1670/682/2844 1672/683/3487
f 3969/683/2848 3967/680/3485 1665/680/2858 1671/683/2850
f 3967/680/3485 3969/683/2848 1672/683/3487 1666/680/2835
f 3970/682/3488 3971/678/3489 1661/678/2828 1669/682/2845
f 3971/678/3489 3970/682/3488 1670/682/2844 1662/678/2825
f 3971/678/3489 3972/684/2853 1673/684/2855 1661/678/2828
f 3972/684/2853 3971/678/3489 1662/678/2825 1674/684/2854
f 3972/684/2853 3970/682/3488 1669/682/2845 1673/684/2855
f 3970/682/3488 3972/684/2853 1674/684/2854 1670/682/2844
f 3973/649/2874 3974/650/2873 1677/650/2877 1675/649/2878
f 3974/650/2873 3973/649/2874 1676/649/2875 1678/650/2876
f 3974/650/2873 3975/685/2879 1679/685/2881 1677/650/2877
f 3975/685/2879 3974/650/2873 1678/650/2876 1680/685/2880
f 3975/685/2879 3973/649/2874 1675/649/2878 1679/685/2881
f 3973/649/2874 3975/685/2879 1680/685/2880 1676/649/2875
f 3976/686/2884 3977/685/2883 1679/685/2881 1681/686/2886
f 3977/685/2883 3976/686/2884 1682/686/2885 1680/685/2880
f 3977/685/2883 3978/650/2882 1677/650/2877 1679/685/2881
f 3978/650/2882 3977/685/2883 1680/685/2880 1678/650/2876
f 3978/650/2882 3976/686/2884 1681/686/2886 1677/650/2877
f 3976/686/2884 3978/650/2882 1678/650/2876 1682/686/2885
f 3979/687/3490 3980/688/3491 1815/688/3492 1823/687/3493
f 3980/688/3491 3979/687/3490 1824/687/3494 1816/688/3495
f 3980/688/3491 3981/689/3496 1819/689/3497 1815/688/3492
f 3981/689/3496 3980/688/3491 1816/688/3495 1820/689/3498
f 3981/689/3496 3979/687/3490 1823/687/3493 1819/689/3497
f 3979/687/3490 3981/689/3496 1820/689/3498 1824/687/3494
f 3982/690/3499 3983/687/3500 1823/687/3493 1817/690/3501
f 3983/687/3500 3982/690/3499 1818/690/3502 1824/687/3494
f 3983/687/3500 3984/691/3503 1821/691/3504 1823/687/3493
f 3984/691/3503 3983/687/3500 1824/687/3494 1822/691/3505
f 3984/691/3503 3982/690/3499 1817/690/3501 1821/691/3504
f 3982/690/3499 3984/691/3503 1822/691/3505 1818/690/3502
f 3985/688/3506 3986/687/3507 1823/687/3493 1815/688/3492
f 3986/687/3507 3985/688/3506 1816/688/3495 1824/687/3494
f 3986/687/3507 3987/692/3508 1825/692/3509 1823/687/3493
f 3987/692/3508 3986/687/3507 1824/687/3494 1826/692/3510
f 3987/692/3508 3985/688/3506 1815/688/3492 1825/692/3509
f 3985/688/3506 3987/692/3508 1826/692/3510 1816/688/3495
f 3988/690/3511 3989/692/3512 1825/692/3509 1817/690/3501
f 3989/692/3512 3988/690/3511 1818/690/3502 1826/692/3510
f 3989/692/3512 3990/687/3513 1823/687/3493 1825/692/3509
f 3990/687/3513 3989/692/3512 1826/692/3510 1824/687/3494
f 3990/687/3513 3988/690/3511 1817/690/3501 1823/687/3493
f 3988/690/3511 3990/687/3513 1824/687/3494 1818/690/3502
f 3991/693/3514 3992/694/3515 1827/694/3516 1831/693/3517
f 3992/694/3515 3991/693/3514 1832/693/3518 1828/694/3519
f 3992/694/3515 3993/695/3520 1829/695/3521 1827/694/3516
f 3993/695/3520 3992/694/3515 1828/694/3519 1830/695/3522
f 3993/695/3520 3991/693/3514 1831/693/3517 1829/695/3521
f 3991/693/3514 3993/695/3520 1830/695/3522 1832/693/3518
f 3994/694/3523 3995/693/3524 1831/693/3517 1827/694/3516
f 3995/693/3524 3994/694/3523 1828/694/3519 1832/693/3518
f 3995/693/3524 3996/696/3525 1833/696/3526 1831/693/3517
f 3996/696/3525 3995/693/3524 1832/693/3518 1834/696/3527
f 3996/696/3525 3994/694/3523 1827/694/3516 1833/696/3526
f 3994/694/3523 3996/696/3525 1834/696/3527 1828/694/3519
f 3997/697/3528 3998/696/3529 1833/696/3526 1835/697/3530
f 3998/696/3529 3997/697/3528 1836/697/3531 1834/696/3527
f 3998/696/3529 3999/693/3532 1831/693/3517 1833/696/3526
f 3999/693/3532 3998/696/3529 1834/696/3527 1832/693/3518
f 3999/693/3532 3997/697/3528 1835/697/3530 1831/693/3517
f 3997/697/3528 3999/693/3532 1832/693/3518 1836/697/3531
f 4000/697/3533 4001/693/3534 1831/693/3517 1835/697/3530
f 4001/693/3534 4000/697/3533 1836/697/3531 1832/693/3518
f 4001/693/3534 4002/698/3535 1837/698/3536 1831/693/3517
f 4002/698/3535 4001/693/3534 1832/693/3518 1838/698/3537
f 4002/698/3535 4000/697/3533 1835/697/3530 1837/698/3536
f 4000/697/3533 4002/698/3535 1838/698/3537 1836/697/3531
f 4003/699/3538 4004/687/3539 1841/687/3540 1839/699/3541
f 4004/687/3539 4003/699/3538 1840/699/3542 1842/687/3543
f 4004/687/3539 4005/692/3544 1843/692/3545 1841/687/3540
f 4005/692/3544 4004/687/3539 1842/687/3543 1844/692/3546
f 4005/692/3544 4003/699/3538 1839/699/3541 1843/692/3545
f 4003/699/3538 4005/692/3544 1844/692/3546 1840/699/3542
f 4006/700/3547 4007/692/3548 1843/692/3545 1845/700/3549
f 4007/692/3548 4006/700/3547 1846/700/3550 1844/692/3546
f 4007/692/3548 4008/687/3551 1841/687/3540 1843/692/3545
f 4008/687/3551 4007/692/3548 1844/692/3546 1842/687/3543
f 4008/687/3551 4006/700/3547 1845/700/3549 1841/687/3540
f 4006/700/3547 4008/687/3551 1842/687/3543 1846/700/3550
f 4009/699/3552 4010/692/3553 1843/692/3545 1839/699/3541
f 4010/692/3553 4009/699/3552 1840/699/3542 1844/692/3546
f 4010/692/3553 4011/701/3554 1847/701/3555 1843/692/3545
f 4011/701/3554 4010/692/3553 1844/692/3546 1848/701/3556
f 4011/701/3554 4009/699/3552 1839/699/3541 1847/701/3555
f 4009/699/3552 4011/701/3554 1848/701/3556 1840/699/3542
f 4012/692/3557 4013/700/3558 1845/700/3549 1843/692/3545
f 4013/700/3558 4012/692/3557 1844/692/3546 1846/700/3550
f 4013/700/3558 4014/702/3559 1849/702/3560 1845/700/3549
f 4014/702/3559 4013/700/3558 1846/700/3550 1850/702/3561
f 4014/702/3559 4012/692/3557 1843/692/3545 1849/702/3560
f 4012/692/3557 4014/702/3559 1850/702/3561 1844/692/3546
f 4015/697/3562 4016/693/3563 1855/693/3564 1851/697/3565
f 4016/693/3563 4015/697/3562 1852/697/3566 1856/693/3567
f 4016/693/3563 4017/698/3568 1853/698/3569 1855/693/3564
f 4017/698/3568 4016/693/3563 1856/693/3567 1854/698/3570
f 4017/698/3568 4015/697/3562 1851/697/3565 1853/698/3569
f 4015/697/3562 4017/698/3568 1854/698/3570 1852/697/3566
f 4018/697/3571 4019/696/3572 1857/696/3573 1851/697/3565
f 4019/696/3572 4018/697/3571 1852/697/3566 1858/696/3574
f 4019/696/3572 4020/693/3575 1855/693/3564 1857/696/3573
f 4020/693/3575 4019/696/3572 1858/696/3574 1856/693/3567
f 4020/693/3575 4018/697/3571 1851/697/3565 1855/693/3564
f 4018/697/3571 4020/693/3575 1856/693/3567 1852/697/3566
f 4021/694/3576 4022/693/3577 1855/693/3564 1859/694/3578
f 4022/693/3577 4021/694/3576 1860/694/3579 1856/693/3567
f 4022/693/3577 4023/696/3580 1857/696/3573 1855/693/3564
f 4023/696/3580 4022/693/3577 1856/693/3567 1858/696/3574
f 4023/696/3580 4021/694/3576 1859/694/3578 1857/696/3573
f 4021/694/3576 4023/696/3580 1858/696/3574 1860/694/3579
f 4024/693/3581 4025/694/3582 1859/694/3578 1855/693/3564
f 4025/694/3582 4024/693/3581 1856/693/3567 1860/694/3579
f 4025/694/3582 4026/695/3583 1861/695/3584 1859/694/3578
f 4026/695/3583 4025/694/3582 1860/694/3579 1862/695/3585
f 4026/695/3583 4024/693/3581 1855/693/3564 1861/695/3584
f 4024/693/3581 4026/695/3583 1862/695/3585 1856/693/3567
f 4027/703/3586 4028/704/3587 1691/704/3588 1683/703/3589
f 4028/704/3587 4027/703/3586 1684/703/3590 1692/704/3591
f 4028/704/3587 4029/705/3592 1685/705/3593 1691/704/3588
f 4029/705/3592 4028/704/3587 1692/704/3591 1686/705/3594
f 4029/705/3592 4027/703/3586 1683/703/3589 1685/705/3593
f 4027/703/3586 4029/705/3592 1686/705/3594 1684/703/3590
f 4030/706/3595 4031/705/3596 1685/705/3593 1689/706/3597
f 4031/705/3596 4030/706/3595 1690/706/3598 1686/705/3594
f 4031/705/3596 4032/704/3599 1691/704/3588 1685/705/3593
f 4032/704/3599 4031/705/3596 1686/705/3594 1692/704/3591
f 4032/704/3599 4030/706/3595 1689/706/3597 1691/704/3588
f 4030/706/3595 4032/704/3599 1692/704/3591 1690/706/3598
f 4033/703/3600 4034/707/3601 1687/707/3602 1683/703/3589
f 4034/707/3601 4033/703/3600 1684/703/3590 1688/707/3603
f 4034/707/3601 4035/708/3604 1693/708/3605 1687/707/3602
f 4035/708/3604 4034/707/3601 1688/707/3603 1694/708/3606
f 4035/708/3604 4033/703/3600 1683/703/3589 1693/708/3605
f 4033/703/3600 4035/708/3604 1694/708/3606 1684/703/3590
f 4036/703/3607 4037/708/3608 1693/708/3605 1683/703/3589
f 4037/708/3608 4036/703/3607 1684/703/3590 1694/708/3606
f 4037/708/3608 4038/704/3609 1691/704/3588 1693/708/3605
f 4038/704/3609 4037/708/3608 1694/708/3606 1692/704/3591
f 4038/704/3609 4036/703/3607 1683/703/3589 1691/704/3588
f 4036/703/3607 4038/704/3609 1692/704/3591 1684/703/3590
f 4039/709/3610 4040/704/3611 1691/704/3588 1695/709/3612
f 4040/704/3611 4039/709/3610 1696/709/3613 1692/704/3591
f 4040/704/3611 4041/708/3614 1693/708/3605 1691/704/3588
f 4041/708/3614 4040/704/3611 1692/704/3591 1694/708/3606
f 4041/708/3614 4039/709/3610 1695/709/3612 1693/708/3605
f 4039/709/3610 4041/708/3614 1694/708/3606 1696/709/3613
f 4042/706/3615 4043/704/3616 1691/704/3588 1689/706/3597
f 4043/704/3616 4042/706/3615 1690/706/3598 1692/704/3591
f 4043/704/3616 4044/710/3617 1697/710/3618 1691/704/3588
f 4044/710/3617 4043/704/3616 1692/704/3591 1698/710/3619
f 4044/710/3617 4042/706/3615 1689/706/3597 1697/710/3618
f 4042/706/3615 4044/710/3617 1698/710/3619 1690/706/3598
f 4045/704/3620 4046/709/3621 1695/709/3612 1691/704/3588
f 4046/709/3621 4045/704/3620 1692/704/3591 1696/709/3613
f 4046/709/3621 4047/710/3622 1697/710/3618 1695/709/3612
f 4047/710/3622 4046/709/3621 1696/709/3613 1698/710/3619
f 4047/710/3622 4045/704/3620 1691/704/3588 1697/710/3618
f 4045/704/3620 4047/710/3622 1698/710/3619 1692/704/3591
f 4048/711/3623 4049/710/3624 1697/710/3618 1699/711/3625
f 4049/710/3624 4048/711/3623 1700/711/3626 1698/710/3619
f 4049/710/3624 4050/709/3627 1695/709/3612 1697/710/3618
f 4050/709/3627 4049/710/3624 1698/710/3619 1696/709/3613
f 4050/709/3627 4048/711/3623 1699/711/3625 1695/709/3612
f 4048/711/3623 4050/709/3627 1696/709/3613 1700/711/3626
f 4051/710/3628 4052/711/3629 1699/711/3625 1697/710/3618
f 4052/711/3629 4051/710/3628 1698/710/3619 1700/711/3626
f 4052/711/3629 4053/712/3630 1701/712/3631 1699/711/3625
f 4053/712/3630 4052/711/3629 1700/711/3626 1702/712/3632
f 4053/712/3630 4051/710/3628 1697/710/3618 1701/712/3631
f 4051/710/3628 4053/712/3630 1702/712/3632 1698/710/3619
f 4054/713/3633 4055/714/3634 1705/714/3635 1709/713/3636
f 4055/714/3634 4054/713/3633 1710/713/3637 1706/714/3638
f 4055/714/3634 4056/715/3639 1707/715/3640 1705/714/3635
f 4056/715/3639 4055/714/3634 1706/714/3638 1708/715/3641
f 4056/715/3639 4054/713/3633 1709/713/3636 1707/715/3640
f 4054/713/3633 4056/715/3639 1708/715/3641 1710/713/3637
f 4057/714/3642 4058/713/3643 1709/713/3636 1705/714/3635
f 4058/713/3643 4057/714/3642 1706/714/3638 1710/713/3637
f 4058/713/3643 4059/716/3644 1703/716/3645 1709/713/3636
f 4059/716/3644 4058/713/3643 1710/713/3637 1704/716/3646
f 4059/716/3644 4057/714/3642 1705/714/3635 1703/716/3645
f 4057/714/3642 4059/716/3644 1704/716/3646 1706/714/3638
f 4060/717/3647 4061/716/3648 1703/716/3645 1713/717/3649
f 4061/716/3648 4060/717/3647 1714/717/3650 1704/716/3646
f 4061/716/3648 4062/713/3651 1709/713/3636 1703/716/3645
f 4062/713/3651 4061/716/3648 1704/716/3646 1710/713/3637
f 4062/713/3651 4060/717/3647 1713/717/3649 1709/713/3636
f 4060/717/3647 4062/713/3651 1710/713/3637 1714/717/3650
f 4063/717/3652 4064/713/3653 1709/713/3636 1713/717/3649
f 4064/713/3653 4063/717/3652 1714/717/3650 1710/713/3637
f 4064/713/3653 4065/718/3654 1711/718/3655 1709/713/3636
f 4065/718/3654 4064/713/3653 1710/713/3637 1712/718/3656
f 4065/718/3654 4063/717/3652 1713/717/3649 1711/718/3655
f 4063/717/3652 4065/718/3654 1712/718/3656 1714/717/3650
f 4066/716/3657 4067/717/3658 1713/717/3649 1703/716/3645
f 4067/717/3658 4066/716/3657 1704/716/3646 1714/717/3650
f 4067/717/3658 4068/719/3659 1715/719/3660 1713/717/3649
f 4068/719/3659 4067/717/3658 1714/717/3650 1716/719/3661
f 4068/719/3659 4066/716/3657 1703/716/3645 1715/719/3660
f 4066/716/3657 4068/719/3659 1716/719/3661 1704/716/3646
f 4069/718/3662 4070/720/3663 1717/720/3664 1711/718/3655
f 4070/720/3663 4069/718/3662 1712/718/3656 1718/720/3665
f 4070/720/3663 4071/717/3666 1713/717/3649 1717/720/3664
f 4071/717/3666 4070/720/3663 1718/720/3665 1714/717/3650
f 4071/717/3666 4069/718/3662 1711/718/3655 1713/717/3649
f 4069/718/3662 4071/717/3666 1714/717/3650 1712/718/3656
f 4072/721/3667 4073/717/3668 1713/717/3649 1719/721/3669
f 4073/717/3668 4072/721/3667 1720/721/3670 1714/717/3650
f 4073/717/3668 4074/720/3671 1717/720/3664 1713/717/3649
f 4074/720/3671 4073/717/3668 1714/717/3650 1718/720/3665
f 4074/720/3671 4072/721/3667 1719/721/3669 1717/720/3664
f 4072/721/3667 4074/720/3671 1718/720/3665 1720/721/3670
f 4075/719/3672 4076/717/3673 1713/717/3649 1715/719/3660
f 4076/717/3673 4075/719/3672 1716/719/3661 1714/717/3650
f 4076/717/3673 4077/722/3674 1721/722/3675 1713/717/3649
f 4077/722/3674 4076/717/3673 1714/717/3650 1722/722/3676
f 4077/722/3674 4075/719/3672 1715/719/3660 1721/722/3675
f 4075/719/3672 4077/722/3674 1722/722/3676 1716/719/3661
f 4078/717/3677 4079/723/3678 1723/723/3679 1713/717/3649
f 4079/723/3678 4078/717/3677 1714/717/3650 1724/723/3680
f 4079/723/3678 4080/722/3681 1721/722/3675 1723/723/3679
f 4080/722/3681 4079/723/3678 1724/723/3680 1722/722/3676
f 4080/722/3681 4078/717/3677 1713/717/3649 1721/722/3675
f 4078/717/3677 4080/722/3681 1722/722/3676 1714/717/3650
f 4081/717/3682 4082/721/3683 1719/721/3669 1713/717/3649
f 4082/721/3683 4081/717/3682 1714/717/3650 1720/721/3670
f 4082/721/3683 4083/723/3684 1723/723/3679 1719/721/3669
f 4083/723/3684 4082/721/3683 1720/721/3670 1724/723/3680
f 4083/723/3684 4081/717/3682 1713/717/3649 1723/723/3679
f 4081/717/3682 4083/723/3684 1724/723/3680 1714/717/3650
f 4084/722/3685 4085/723/3686 1723/723/3679 1721/722/3675
f 4085/723/3686 4084/722/3685 1722/722/3676 1724/723/3680
f 4085/723/3686 4086/724/3687 1725/724/3688 1723/723/3679
f 4086/724/3687 4085/723/3686 1724/723/3680 1726/724/3689
f 4086/724/3687 4084/722/3685 1721/722/3675 1725/724/3688
f 4084/722/3685 4086/724/3687 1726/724/3689 1722/722/3676
f 4087/723/3690 4088/725/3691 1727/725/3692 1723/723/3679
f 4088/725/3691 4087/723/3690 1724/723/3680 1728/725/3693
f 4088/725/3691 4089/724/3694 1725/724/3688 1727/725/3692
f 4089/724/3694 4088/725/3691 1728/725/3693 1726/724/3689
f 4089/724/3694 4087/723/3690 1723/723/3679 1725/724/3688
f 4087/723/3690 4089/724/3694 1726/724/3689 1724/723/3680
f 4090/726/3695 4091/727/3696 1731/727/3697 1729/726/3698
f 4091/727/3696 4090/726/3695 1730/726/3699 1732/727/3700
f 4091/727/3696 4092/728/3701 1733/728/3702 1731/727/3697
f 4092/728/3701 4091/727/3696 1732/727/3700 1734/728/3703
f 4092/728/3701 4090/726/3695 1729/726/3698 1733/728/3702
f 4090/726/3695 4092/728/3701 1734/728/3703 1730/726/3699
f 4093/729/3704 4094/728/3705 1733/728/3702 1735/729/3706
f 4094/728/3705 4093/729/3704 1736/729/3707 1734/728/3703
f 4094/728/3705 4095/727/3708 1731/727/3697 1733/728/3702
f 4095/727/3708 4094/728/3705 1734/728/3703 1732/727/3700
f 4095/727/3708 4093/729/3704 1735/729/3706 1731/727/3697
f 4093/729/3704 4095/727/3708 1732/727/3700 1736/729/3707
f 4096/729/3709 4097/730/3710 1737/730/3711 1735/729/3706
f 4097/730/3710 4096/729/3709 1736/729/3707 1738/730/3712
f 4097/730/3710 4098/728/3713 1733/728/3702 1737/730/3711
f 4098/728/3713 4097/730/3710 1738/730/3712 1734/728/3703
f 4098/728/3713 4096/729/3709 1735/729/3706 1733/728/3702
f 4096/729/3709 4098/728/3713 1734/728/3703 1736/729/3707
f 4099/729/3714 4100/727/3715 1731/727/3697 1735/729/3706
f 4100/727/3715 4099/729/3714 1736/729/3707 1732/727/3700
f 4100/727/3715 4101/731/3716 1739/731/3717 1731/727/3697
f 4101/731/3716 4100/727/3715 1732/727/3700 1740/731/3718
f 4101/731/3716 4099/729/3714 1735/729/3706 1739/731/3717
f 4099/729/3714 4101/731/3716 1740/731/3718 1736/729/3707
f 4102/727/3719 4103/732/3720 1741/732/3721 1731/727/3697
f 4103/732/3720 4102/727/3719 1732/727/3700 1742/732/3722
f 4103/732/3720 4104/731/3723 1739/731/3717 1741/732/3721
f 4104/731/3723 4103/732/3720 1742/732/3722 1740/731/3718
f 4104/731/3723 4102/727/3719 1731/727/3697 1739/731/3717
f 4102/727/3719 4104/731/3723 1740/731/3718 1732/727/3700
f 4105/727/3724 4106/726/3725 1729/726/3698 1731/727/3697
f 4106/726/3725 4105/727/3724 1732/727/3700 1730/726/3699
f 4106/726/3725 4107/733/3726 1743/733/3727 1729/726/3698
f 4107/733/3726 4106/726/3725 1730/726/3699 1744/733/3728
f 4107/733/3726 4105/727/3724 1731/727/3697 1743/733/3727
f 4105/727/3724 4107/733/3726 1744/733/3728 1732/727/3700
f 4108/727/3729 4109/733/3730 1743/733/3727 1731/727/3697
f 4109/733/3730 4108/727/3729 1732/727/3700 1744/733/3728
f 4109/733/3730 4110/732/3731 1741/732/3721 1743/733/3727
f 4110/732/3731 4109/733/3730 1744/733/3728 1742/732/3722
f 4110/732/3731 4108/727/3729 1731/727/3697 1741/732/3721
f 4108/727/3729 4110/732/3731 1742/732/3722 1732/727/3700
f 4111/734/3732 4112/733/3733 1743/733/3727 1745/734/3734
f 4112/733/3733 4111/734/3732 1746/734/3735 1744/733/3728
f 4112/733/3733 4113/726/3736 1729/726/3698 1743/733/3727
f 4113/726/3736 4112/733/3733 1744/733/3728 1730/726/3699
f 4113/726/3736 4111/734/3732 1745/734/3734 1729/726/3698
f 4111/734/3732 4113/726/3736 1730/726/3699 1746/734/3735
f 4114/733/3737 4115/734/3738 1745/734/3734 1743/733/3727
f 4115/734/3738 4114/733/3737 1744/733/3728 1746/734/3735
f 4115/734/3738 4116/735/3739 1747/735/3740 1745/734/3734
f 4116/735/3739 4115/734/3738 1746/734/3735 1748/735/3741
f 4116/735/3739 4114/733/3737 1743/733/3727 1747/735/3740
f 4114/733/3737 4116/735/3739 1748/735/3741 1744/733/3728
f 4117/736/3742 4118/737/3743 1753/737/3744 1749/736/3745
f 4118/737/3743 4117/736/3742 1750/736/3746 1754/737/3747
f 4118/737/3743 4119/738/3748 1751/738/3749 1753/737/3744
f 4119/738/3748 4118/737/3743 1754/737/3747 1752/738/3750
f 4119/738/3748 4117/736/3742 1749/736/3745 1751/738/3749
f 4117/736/3742 4119/738/3748 1752/738/3750 1750/736/3746
f 4120/737/3751 4121/736/3752 1749/736/3745 1753/737/3744
f 4121/736/3752 4120/737/3751 1754/737/3747 1750/736/3746
f 4121/736/3752 4122/739/3753 1757/739/3754 1749/736/3745
f 4122/739/3753 4121/736/3752 1750/736/3746 1758/739/3755
f 4122/739/3753 4120/737/3751 1753/737/3744 1757/739/3754
f 4120/737/3751 4122/739/3753 1758/739/3755 1754/737/3747
f 4123/740/3756 4124/741/3757 1755/741/3758 1759/740/3759
f 4124/741/3757 4123/740/3756 1760/740/3760 1756/741/3761
f 4124/741/3757 4125/737/3762 1753/737/3744 1755/741/3758
f 4125/737/3762 4124/741/3757 1756/741/3761 1754/737/3747
f 4125/737/3762 4123/740/3756 1759/740/3759 1753/737/3744
f 4123/740/3756 4125/737/3762 1754/737/3747 1760/740/3760
f 4126/739/3763 4127/740/3764 1759/740/3759 1757/739/3754
f 4127/740/3764 4126/739/3763 1758/739/3755 1760/740/3760
f 4127/740/3764 4128/737/3765 1753/737/3744 1759/740/3759
f 4128/737/3765 4127/740/3764 1760/740/3760 1754/737/3747
f 4128/737/3765 4126/739/3763 1757/739/3754 1753/737/3744
f 4126/739/3763 4128/737/3765 1754/737/3747 1758/739/3755
f 4129/741/3766 4130/740/3767 1759/740/3759 1755/741/3758
f 4130/740/3767 4129/741/3766 1756/741/3761 1760/740/3760
f 4130/740/3767 4131/742/3768 1761/742/3769 1759/740/3759
f 4131/742/3768 4130/740/3767 1760/740/3760 1762/742/3770
f 4131/742/3768 4129/741/3766 1755/741/3758 1761/742/3769
f 4129/741/3766 4131/742/3768 1762/742/3770 1756/741/3761
f 4132/740/3771 4133/739/3772 1757/739/3754 1759/740/3759
f 4133/739/3772 4132/740/3771 1760/740/3760 1758/739/3755
f 4133/739/3772 4134/743/3773 1763/743/3774 1757/739/3754
f 4134/743/3773 4133/739/3772 1758/739/3755 1764/743/3775
f 4134/743/3773 4132/740/3771 1759/740/3759 1763/743/3774
f 4132/740/3771 4134/743/3773 1764/743/3775 1760/740/3760
f 4135/740/3776 4136/703/3777 1765/703/3778 1759/740/3759
f 4136/703/3777 4135/740/3776 1760/740/3760 1766/703/3779
f 4136/703/3777 4137/742/3780 1761/742/3769 1765/703/3778
f 4137/742/3780 4136/703/3777 1766/703/3779 1762/742/3770
f 4137/742/3780 4135/740/3776 1759/740/3759 1761/742/3769
f 4135/740/3776 4137/742/3780 1762/742/3770 1760/740/3760
f 4138/743/3781 4139/703/3782 1765/703/3778 1763/743/3774
f 4139/703/3782 4138/743/3781 1764/743/3775 1766/703/3779
f 4139/703/3782 4140/740/3783 1759/740/3759 1765/703/3778
f 4140/740/3783 4139/703/3782 1766/703/3779 1760/740/3760
f 4140/740/3783 4138/743/3781 1763/743/3774 1759/740/3759
f 4138/743/3781 4140/740/3783 1760/740/3760 1764/743/3775
f 4141/744/3784 4142/703/3785 1765/703/3778 1767/744/3786
f 4142/703/3785 4141/744/3784 1768/744/3787 1766/703/3779
f 4142/703/3785 4143/743/3788 1763/743/3774 1765/703/3778
f 4143/743/3788 4142/703/3785 1766/703/3779 1764/743/3775
f 4143/743/3788 4141/744/3784 1767/744/3786 1763/743/3774
f 4141/744/3784 4143/743/3788 1764/743/3775 1768/744/3787
f 4144/745/3789 4145/746/3790 1771/746/3791 1773/745/3792
f 4145/746/3790 4144/745/3789 1774/745/3793 1772/746/3794
f 4145/746/3790 4146/747/3795 1769/747/3796 1771/746/3791
f 4146/747/3795 4145/746/3790 1772/746/3794 1770/747/3797
f 4146/747/3795 4144/745/3789 1773/745/3792 1769/747/3796
f 4144/745/3789 4146/747/3795 1770/747/3797 1774/745/3793
f 4147/746/3798 4148/745/3799 1773/745/3792 1771/746/3791
f 4148/745/3799 4147/746/3798 1772/746/3794 1774/745/3793
f 4148/745/3799 4149/748/3800 1777/748/3801 1773/745/3792
f 4149/748/3800 4148/745/3799 1774/745/3793 1778/748/3802
f 4149/748/3800 4147/746/3798 1771/746/3791 1777/748/3801
f 4147/746/3798 4149/748/3800 1778/748/3802 1772/746/3794
f 4150/749/3803 4151/750/3804 1781/750/3805 1775/749/3806
f 4151/750/3804 4150/749/3803 1776/749/3807 1782/750/3808
f 4151/750/3804 4152/745/3809 1773/745/3792 1781/750/3805
f 4152/745/3809 4151/750/3804 1782/750/3808 1774/745/3793
f 4152/745/3809 4150/749/3803 1775/749/3806 1773/745/3792
f 4150/749/3803 4152/745/3809 1774/745/3793 1776/749/3807
f 4153/750/3810 4154/748/3811 1777/748/3801 1781/750/3805
f 4154/748/3811 4153/750/3810 1782/750/3808 1778/748/3802
f 4154/748/3811 4155/745/3812 1773/745/3792 1777/748/3801
f 4155/745/3812 4154/748/3811 1778/748/3802 1774/745/3793
f 4155/745/3812 4153/750/3810 1781/750/3805 1773/745/3792
f 4153/750/3810 4155/745/3812 1774/745/3793 1782/750/3808
f 4156/751/3813 4157/750/3814 1781/750/3805 1779/751/3815
f 4157/750/3814 4156/751/3813 1780/751/3816 1782/750/3808
f 4157/750/3814 4158/749/3817 1775/749/3806 1781/750/3805
f 4158/749/3817 4157/750/3814 1782/750/3808 1776/749/3807
f 4158/749/3817 4156/751/3813 1779/751/3815 1775/749/3806
f 4156/751/3813 4158/749/3817 1776/749/3807 1780/751/3816
f 4159/748/3818 4160/750/3819 1781/750/3805 1777/748/3801
f 4160/750/3819 4159/748/3818 1778/748/3802 1782/750/3808
f 4160/750/3819 4161/752/3820 1783/752/3821 1781/750/3805
f 4161/752/3820 4160/750/3819 1782/750/3808 1784/752/3822
f 4161/752/3820 4159/748/3818 1777/748/3801 1783/752/3821
f 4159/748/3818 4161/752/3820 1784/752/3822 1778/748/3802
f 4162/752/3823 4163/750/3824 1781/750/3805 1783/752/3821
f 4163/750/3824 4162/752/3823 1784/752/3822 1782/750/3808
f 4163/750/3824 4164/753/3825 1785/753/3826 1781/750/3805
f 4164/753/3825 4163/750/3824 1782/750/3808 1786/753/3827
f 4164/753/3825 4162/752/3823 1783/752/3821 1785/753/3826
f 4162/752/3823 4164/753/3825 1786/753/3827 1784/752/3822
f 4165/754/3828 4166/750/3829 1781/750/3805 1787/754/3830
f 4166/750/3829 4165/754/3828 1788/754/3831 1782/750/3808
f 4166/750/3829 4167/751/3832 1779/751/3815 1781/750/3805
f 4167/751/3832 4166/750/3829 1782/750/3808 1780/751/3816
f 4167/751/3832 4165/754/3828 1787/754/3830 1779/751/3815
f 4165/754/3828 4167/751/3832 1780/751/3816 1788/754/3831
f 4168/755/3833 4169/753/3834 1785/753/3826 1789/755/3835
f 4169/753/3834 4168/755/3833 1790/755/3836 1786/753/3827
f 4169/753/3834 4170/750/3837 1781/750/3805 1785/753/3826
f 4170/750/3837 4169/753/3834 1786/753/3827 1782/750/3808
f 4170/750/3837 4168/755/3833 1789/755/3835 1781/750/3805
f 4168/755/3833 4170/750/3837 1782/750/3808 1790/755/3836
f 4171/750/3838 4172/754/3839 1787/754/3830 1781/750/3805
f 4172/754/3839 4171/750/3838 1782/750/3808 1788/754/3831
f 4172/754/3839 4173/755/3840 1789/755/3835 1787/754/3830
f 4173/755/3840 4172/754/3839 1788/754/3831 1790/755/3836
f 4173/755/3840 4171/750/3838 1781/750/3805 1789/755/3835
f 4171/750/3838 4173/755/3840 1790/755/3836 1782/750/3808
f 4174/756/3841 4175/755/3842 1789/755/3835 1793/756/3843
f 4175/755/3842 4174/756/3841 1794/756/3844 1790/755/3836
f 4175/755/3842 4176/757/3845 1791/757/3846 1789/755/3835
f 4176/757/3845 4175/755/3842 1790/755/3836 1792/757/3847
f 4176/757/3845 4174/756/3841 1793/756/3843 1791/757/3846
f 4174/756/3841 4176/757/3845 1792/757/3847 1794/756/3844
f 4177/753/3848 4178/755/3849 1789/755/3835 1785/753/3826
f 4178/755/3849 4177/753/3848 1786/753/3827 1790/755/3836
f 4178/755/3849 4179/756/3850 1793/756/3843 1789/755/3835
f 4179/756/3850 4178/755/3849 1790/755/3836 1794/756/3844
f 4179/756/3850 4177/753/3848 1785/753/3826 1793/756/3843
f 4177/753/3848 4179/756/3850 1794/756/3844 1786/753/3827
f 4180/758/3851 4181/759/3852 1795/759/3853 1797/758/3854
f 4181/759/3852 4180/758/3851 1798/758/3855 1796/759/3856
f 4181/759/3852 4182/760/3857 1799/760/3858 1795/759/3853
f 4182/760/3857 4181/759/3852 1796/759/3856 1800/760/3859
f 4182/760/3857 4180/758/3851 1797/758/3854 1799/760/3858
f 4180/758/3851 4182/760/3857 1800/760/3859 1798/758/3855
f 4183/759/3860 4184/761/3861 1801/761/3862 1795/759/3853
f 4184/761/3861 4183/759/3860 1796/759/3856 1802/761/3863
f 4184/761/3861 4185/760/3864 1799/760/3858 1801/761/3862
f 4185/760/3864 4184/761/3861 1802/761/3863 1800/760/3859
f 4185/760/3864 4183/759/3860 1795/759/3853 1799/760/3858
f 4183/759/3860 4185/760/3864 1800/760/3859 1796/759/3856
f 4186/762/3865 4187/729/3866 1807/729/3867 1803/762/3868
f 4187/729/3866 4186/762/3865 1804/762/3869 1808/729/3870
f 4187/729/3866 4188/763/3871 1809/763/3872 1807/729/3867
f 4188/763/3871 4187/729/3866 1808/729/3870 1810/763/3873
f 4188/763/3871 4186/762/3865 1803/762/3868 1809/763/3872
f 4186/762/3865 4188/763/3871 1810/763/3873 1804/762/3869
f 4189/763/3874 4190/729/3875 1807/729/3867 1809/763/3872
f 4190/729/3875 4189/763/3874 1810/763/3873 1808/729/3870
f 4190/729/3875 4191/764/3876 1813/764/3877 1807/729/3867
f 4191/764/3876 4190/729/3875 1808/729/3870 1814/764/3878
f 4191/764/3876 4189/763/3874 1809/763/3872 1813/764/3877
f 4189/763/3874 4191/764/3876 1814/764/3878 1810/763/3873
f 4192/764/3879 4193/729/3880 1807/729/3867 1813/764/3877
f 4193/729/3880 4192/764/3879 1814/764/3878 1808/729/3870
f 4193/729/3880 4194/765/3881 1811/765/3882 1807/729/3867
f 4194/765/3881 4193/729/3880 1808/729/3870 1812/765/3883
f 4194/765/3881 4192/764/3879 1813/764/3877 1811/765/3882
f 4192/764/3879 4194/765/3881 1812/765/3883 1814/764/3878
f 4195/761/3884 4196/763/3885 1809/763/3872 1801/761/3862
f 4196/763/3885 4195/761/3884 1802/761/3863 1810/763/3873
f 4196/763/3885 4197/764/3886 1813/764/3877 1809/763/3872
f 4197/764/3886 4196/763/3885 1810/763/3873 1814/764/3878
f 4197/764/3886 4195/761/3884 1801/761/3862 1813/764/3877
f 4195/761/3884 4197/764/3886 1814/764/3878 1802/761/3863
f 4198/766/3887 4199/764/3888 1813/764/3877 1805/766/3889
f 4199/764/3888 4198/766/3887 1806/766/3890 1814/764/3878
f 4199/764/3888 4200/765/3891 1811/765/3882 1813/764/3877
f 4200/765/3891 4199/764/3888 1814/764/3878 1812/765/3883
f 4200/765/3891 4198/766/3887 1805/766/3889 1811/765/3882
f 4198/766/3887 4200/765/3891 1812/765/3883 1806/766/3890
f 4201/760/3892 4202/761/3893 1801/761/3862 1799/760/3858
f 4202/761/3893 4201/760/3892 1800/760/3859 1802/761/3863
f 4202/761/3893 4203/764/3894 1813/764/3877 1801/761/3862
f 4203/764/3894 4202/761/3893 1802/761/3863 1814/764/3878
f 4203/764/3894 4201/760/3892 1799/760/3858 1813/764/3877
f 4201/760/3892 4203/764/3894 1814/764/3878 1800/760/3859
f 4204/764/3895 4205/766/3896 1805/766/3889 1813/764/3877
f 4205/766/3896 4204/764/3895 1814/764/3878 1806/766/3890
f 4205/766/3896 4206/760/3897 1799/760/3858 1805/766/3889
f 4206/760/3897 4205/766/3896 1806/766/3890 1800/760/3859
f 4206/760/3897 4204/764/3895 1813/764/3877 1799/760/3858
f 4204/764/3895 4206/760/3897 1800/760/3859 1814/764/3878
