# Blender 5.2.0 LTS
# www.blender.org
mtllib GloriousFists.mtl
o 0
v -2.000000 -0.446993 -0.446993
v -2.000000 0.446993 0.446993
v -2.000000 0.446993 -0.446993
v -2.000000 -0.446993 0.446993
v 2.000000 0.446993 -0.446993
v 2.000000 -0.446993 0.446993
v 2.000000 -0.446993 -0.446993
v 2.000000 0.446993 0.446993
v 1.946993 -0.446993 0.500000
v 1.946993 -0.500000 0.446993
v 2.000000 -0.446993 0.446993
v 2.000000 -0.446993 -0.446993
v 1.946993 -0.500000 -0.446993
v 1.946993 -0.446993 -0.500000
v 1.946993 0.446993 0.500000
v 2.000000 0.446993 0.446993
v 1.946993 0.500000 0.446993
v 1.946993 0.500000 -0.446993
v 2.000000 0.446993 -0.446993
v 1.946993 0.446993 -0.500000
v -1.946993 -0.446993 0.500000
v -2.000000 -0.446993 0.446993
v -1.946993 -0.500000 0.446993
v -1.946993 -0.500000 -0.446993
v -2.000000 -0.446993 -0.446993
v -1.946993 -0.446993 -0.500000
v -1.946993 0.446993 0.500000
v -1.946993 0.500000 0.446993
v -2.000000 0.446993 0.446993
v -2.000000 0.446993 -0.446993
v -1.946993 0.500000 -0.446993
v -1.946993 0.446993 -0.500000
v 2.000000 -0.446993 0.446993
v 2.000000 0.446993 0.446993
v 1.946993 0.446993 0.500000
v 1.946993 -0.446993 0.500000
v 2.000000 0.446993 -0.446993
v 1.946993 -0.446993 -0.500000
v 1.946993 0.446993 -0.500000
v 2.000000 -0.446993 -0.446993
v -2.000000 0.446993 0.446993
v -2.000000 -0.446993 0.446993
v -1.946993 -0.446993 0.500000
v -1.946993 0.446993 0.500000
v -2.000000 -0.446993 -0.446993
v -2.000000 0.446993 -0.446993
v -1.946993 0.446993 -0.500000
v -1.946993 -0.446993 -0.500000
v 1.946993 0.500000 0.446993
v -1.946993 0.500000 0.446993
v -1.946993 0.446993 0.500000
v 1.946993 0.446993 0.500000
v 1.946993 0.446993 -0.500000
v -1.946993 0.446993 -0.500000
v -1.946993 0.500000 -0.446993
v 1.946993 0.500000 -0.446993
v -1.946993 -0.500000 0.446993
v 1.946993 -0.500000 0.446993
v 1.946993 -0.446993 0.500000
v -1.946993 -0.446993 0.500000
v -1.946993 -0.446993 -0.500000
v 1.946993 -0.446993 -0.500000
v 1.946993 -0.500000 -0.446993
v -1.946993 -0.500000 -0.446993
v 1.946993 -0.500000 -0.446993
v -1.946993 -0.500000 0.446993
v -1.946993 -0.500000 -0.446993
v 1.946993 -0.500000 0.446993
v -1.946993 0.446993 -0.500000
v 1.946993 0.446993 -0.500000
v 1.946993 -0.446993 -0.500000
v -1.946993 -0.446993 -0.500000
v -1.946993 0.500000 -0.446993
v 1.946993 0.500000 0.446993
v 1.946993 0.500000 -0.446993
v -1.946993 0.500000 0.446993
v -1.946993 -0.446993 0.500000
v 1.946993 -0.446993 0.500000
v 1.946993 0.446993 0.500000
v -1.946993 0.446993 0.500000
vn -0.8756 -0.3416 -0.3416
vn -0.8756 0.3416 0.3416
vn -0.8756 0.3416 -0.3416
vn -0.8756 -0.3416 0.3416
vn 0.8756 0.3416 -0.3416
vn 0.8756 -0.3416 0.3416
vn 0.8756 -0.3416 -0.3416
vn 0.8756 0.3416 0.3416
vn 0.3416 -0.3416 0.8756
vn 0.3416 -0.8756 0.3416
vn 0.3416 -0.8756 -0.3416
vn 0.3416 -0.3416 -0.8756
vn 0.3416 0.3416 0.8756
vn 0.3416 0.8756 0.3416
vn 0.3416 0.8756 -0.3416
vn 0.3416 0.3416 -0.8756
vn -0.3416 -0.3416 0.8756
vn -0.3416 -0.8756 0.3416
vn -0.3416 -0.8756 -0.3416
vn -0.3416 -0.3416 -0.8756
vn -0.3416 0.3416 0.8756
vn -0.3416 0.8756 0.3416
vn -0.3416 0.8756 -0.3416
vn -0.3416 0.3416 -0.8756
vt 0.528205 0.019678
vt 0.634188 0.130590
vt 0.528205 0.130590
vt 0.634188 0.019678
vt 0.634188 0.481216
vt 0.528205 0.370304
vt 0.634188 0.370304
vt 0.528205 0.481216
vt 0.634188 0.363148
vt 0.634188 0.137746
vt 0.972650 0.363148
vt 0.972650 0.137746
vt 0.747009 0.137746
vt 0.747009 0.363148
vt 0.859829 0.137746
vt 0.859829 0.363148
vt 0.753846 0.137746
vt 0.753846 0.363148
vt 0.866667 0.363148
vt 0.866667 0.137746
vt 0.528205 0.137746
vt 0.528205 0.363148
vt 0.641026 0.363148
vt 0.641026 0.137746
s 1
f 1/1/1 2/2/2 3/3/3
f 2/2/2 1/1/1 4/4/4
f 5/5/5 6/6/6 7/7/7
f 6/6/6 5/5/5 8/8/8
f 9/6/9 10/6/10 11/6/6
f 10/6/10 12/7/7 11/6/6
f 12/7/7 10/6/10 13/7/11
f 13/7/11 14/7/12 12/7/7
f 15/8/13 16/8/8 17/8/14
f 18/5/15 17/8/14 16/8/8
f 16/8/8 19/5/5 18/5/15
f 20/5/16 18/5/15 19/5/5
f 21/4/17 22/4/4 23/4/18
f 24/1/19 23/4/18 22/4/4
f 22/4/4 25/1/1 24/1/19
f 26/1/20 24/1/19 25/1/1
f 27/2/21 28/2/22 29/2/2
f 30/3/3 29/2/2 28/2/22
f 28/2/22 31/3/23 30/3/3
f 32/3/24 30/3/3 31/3/23
f 33/6/6 34/8/8 35/8/13
f 33/6/6 35/8/13 36/6/9
f 37/5/5 38/7/12 39/5/16
f 38/7/12 37/5/5 40/7/7
f 41/2/2 42/4/4 43/4/17
f 41/2/2 43/4/17 44/2/21
f 45/1/1 46/3/3 47/3/24
f 47/3/24 48/1/20 45/1/1
f 49/9/14 50/10/22 51/10/21
f 49/9/14 51/10/21 52/9/13
f 53/11/16 54/12/24 55/12/23
f 53/11/16 55/12/23 56/11/15
f 57/13/18 58/14/10 59/14/9
f 57/13/18 59/14/9 60/13/17
f 61/15/20 62/16/12 63/16/11
f 61/15/20 63/16/11 64/15/19
f 65/16/11 66/17/18 67/15/19
f 66/17/18 65/16/11 68/18/10
f 69/12/24 70/11/16 71/19/12
f 69/12/24 71/19/12 72/20/20
f 73/21/23 74/9/14 75/22/15
f 74/9/14 73/21/23 76/10/22
f 77/13/17 78/14/9 79/23/13
f 77/13/17 79/23/13 80/24/21
o Stars
v -1.321783 0.602418 0.478272
v -1.302650 0.602418 0.506971
v -1.302650 0.628421 0.459139
v -1.350483 0.602418 0.459139
v -1.321783 -0.564866 -0.466761
v -1.302651 -0.564866 -0.495461
v -1.302651 -0.590870 -0.447629
v -1.350483 -0.564866 -0.447629
v -1.321783 0.602418 -0.463628
v -1.350483 0.602418 -0.444496
v -1.302651 0.628421 -0.444496
v -1.302651 0.602418 -0.492327
v -1.321783 -0.564866 0.475139
v -1.350483 -0.564866 0.456006
v -1.302651 -0.590869 0.456006
v -1.302651 -0.564866 0.503838
v -1.283519 0.602418 0.478272
v -1.254819 0.602418 0.459139
v -1.302650 0.628421 0.459139
v -1.302650 0.602418 0.506971
v -1.283519 -0.564866 -0.466761
v -1.254819 -0.564866 -0.447629
v -1.302651 -0.590870 -0.447629
v -1.302651 -0.564866 -0.495461
v -1.254819 0.602418 -0.444496
v -1.283518 0.602418 -0.463628
v -1.302651 0.628421 -0.444496
v -1.302651 0.602418 -0.492327
v -1.254819 -0.564866 0.456006
v -1.283518 -0.564866 0.475139
v -1.302651 -0.590869 0.456006
v -1.302651 -0.564866 0.503838
v -1.261503 -0.409707 0.589397
v -1.232803 -0.390574 0.589397
v -1.280635 -0.390576 0.615400
v -1.280635 -0.438407 0.589397
v -1.261503 0.447260 -0.577887
v -1.232803 0.428127 -0.577887
v -1.280635 0.428127 -0.603891
v -1.280635 0.475960 -0.577887
v -1.232803 0.424994 0.589397
v -1.261502 0.444127 0.589397
v -1.280635 0.424994 0.615400
v -1.280635 0.472826 0.589397
v -1.232803 -0.387442 -0.577887
v -1.261502 -0.406576 -0.577887
v -1.280635 -0.387442 -0.603890
v -1.280635 -0.435274 -0.577887
v -1.299767 -0.409707 0.589397
v -1.280635 -0.438407 0.589397
v -1.280635 -0.390576 0.615400
v -1.328467 -0.390574 0.589397
v -1.299767 0.447260 -0.577887
v -1.280635 0.475960 -0.577887
v -1.280635 0.428127 -0.603891
v -1.328467 0.428127 -0.577887
v -1.299767 0.444127 0.589397
v -1.328467 0.424994 0.589397
v -1.280635 0.424994 0.615400
v -1.280635 0.472826 0.589397
v -1.299768 -0.406576 -0.577887
v -1.328468 -0.387442 -0.577887
v -1.280635 -0.387442 -0.603890
v -1.280635 -0.435274 -0.577887
v -1.261503 0.405861 0.589397
v -1.232803 0.424994 0.589397
v -1.280635 0.424994 0.615400
v -1.280635 0.377161 0.589397
v -1.261503 -0.368310 -0.577887
v -1.232803 -0.387442 -0.577887
v -1.280635 -0.387442 -0.603890
v -1.280635 -0.339610 -0.577887
v -1.232803 -0.390574 0.589397
v -1.261502 -0.371443 0.589397
v -1.280635 -0.390576 0.615400
v -1.280635 -0.342743 0.589397
v -1.232803 0.428127 -0.577887
v -1.261502 0.408994 -0.577887
v -1.280635 0.428127 -0.603891
v -1.280635 0.380296 -0.577887
v -1.299767 0.405861 0.589397
v -1.280635 0.377161 0.589397
v -1.280635 0.424994 0.615400
v -1.328467 0.424994 0.589397
v -1.299768 -0.368310 -0.577887
v -1.280635 -0.339610 -0.577887
v -1.280635 -0.387442 -0.603890
v -1.328468 -0.387442 -0.577887
v -1.299767 -0.371443 0.589397
v -1.328467 -0.390574 0.589397
v -1.280635 -0.390576 0.615400
v -1.280635 -0.342743 0.589397
v -1.299767 0.408994 -0.577887
v -1.328467 0.428127 -0.577887
v -1.280635 0.428127 -0.603891
v -1.280635 0.380296 -0.577887
v -1.321783 0.602418 -0.425363
v -1.302651 0.602418 -0.396663
v -1.302651 0.628421 -0.444496
v -1.350483 0.602418 -0.444496
v -1.321783 -0.564866 0.436874
v -1.302651 -0.564866 0.408174
v -1.302651 -0.590869 0.456006
v -1.350483 -0.564866 0.456006
v -1.321783 0.602418 0.440006
v -1.350483 0.602418 0.459139
v -1.302650 0.628421 0.459139
v -1.302650 0.602418 0.411308
v -1.321783 -0.564866 -0.428496
v -1.350483 -0.564866 -0.447629
v -1.302651 -0.590870 -0.447629
v -1.302651 -0.564866 -0.399797
v -1.283519 0.602418 -0.425363
v -1.254819 0.602418 -0.444496
v -1.302651 0.628421 -0.444496
v -1.302651 0.602418 -0.396663
v -1.283519 -0.564866 0.436874
v -1.254819 -0.564866 0.456006
v -1.302651 -0.590869 0.456006
v -1.302651 -0.564866 0.408174
v -1.254819 0.602418 0.459139
v -1.283518 0.602418 0.440006
v -1.302650 0.628421 0.459139
v -1.302650 0.602418 0.411308
v -1.254819 -0.564866 -0.447629
v -1.283518 -0.564866 -0.428496
v -1.302651 -0.590870 -0.447629
v -1.302651 -0.564866 -0.399797
vn -0.4900 0.7210 0.4900
vn -0.5824 0.7142 0.3883
vn -0.3883 0.7142 0.5824
vn -0.4900 -0.7210 -0.4900
vn -0.5824 -0.7142 -0.3883
vn -0.3883 -0.7142 -0.5824
vn -0.4900 0.7210 -0.4900
vn -0.3883 0.7142 -0.5824
vn -0.5824 0.7142 -0.3883
vn -0.4900 -0.7210 0.4900
vn -0.3883 -0.7142 0.5824
vn -0.5824 -0.7142 0.3883
vn 0.4900 0.7210 0.4900
vn 0.3883 0.7142 0.5824
vn 0.5824 0.7142 0.3883
vn 0.4900 -0.7210 -0.4900
vn 0.3883 -0.7142 -0.5824
vn 0.5824 -0.7142 -0.3883
vn 0.3883 0.7142 -0.5824
vn 0.4900 0.7210 -0.4900
vn 0.5824 0.7142 -0.3883
vn 0.3883 -0.7142 0.5824
vn 0.4900 -0.7210 0.4900
vn 0.5824 -0.7142 0.3883
vn 0.4900 -0.4900 0.7210
vn 0.3883 -0.5824 0.7142
vn 0.5824 -0.3882 0.7142
vn 0.4900 0.4900 -0.7210
vn 0.3883 0.5824 -0.7142
vn 0.5824 0.3883 -0.7142
vn 0.3883 0.5824 0.7142
vn 0.4900 0.4900 0.7210
vn 0.5824 0.3883 0.7142
vn 0.3883 -0.5824 -0.7142
vn 0.4900 -0.4899 -0.7210
vn 0.5824 -0.3883 -0.7142
vn -0.4900 -0.4900 0.7210
vn -0.5824 -0.3883 0.7142
vn -0.3883 -0.5824 0.7142
vn -0.4900 0.4900 -0.7210
vn -0.5824 0.3883 -0.7142
vn -0.3883 0.5824 -0.7142
vn -0.4900 0.4900 0.7210
vn -0.3883 0.5824 0.7142
vn -0.5824 0.3883 0.7142
vn -0.4900 -0.4899 -0.7210
vn -0.3883 -0.5824 -0.7142
vn -0.4900 -0.4900 -0.7210
vn -0.5824 -0.3883 -0.7142
vn 0.5824 0.3882 -0.7142
vn 0.3882 0.5824 0.7142
vn 0.4900 -0.4900 -0.7210
vn -0.3882 0.5824 -0.7142
vn -0.3882 0.5824 0.7142
vn 0.5824 0.7142 0.3882
vn 0.5824 -0.7142 -0.3882
vt 0.000000 0.000000
s 1
f 81/25/25 82/25/26 83/25/25
f 84/25/27 81/25/25 83/25/25
f 85/25/28 86/25/29 87/25/28
f 88/25/30 85/25/28 87/25/28
f 89/25/31 90/25/32 91/25/31
f 92/25/33 89/25/31 91/25/31
f 93/25/34 94/25/35 95/25/34
f 96/25/36 93/25/34 95/25/34
f 97/25/37 98/25/38 99/25/37
f 100/25/39 97/25/37 99/25/37
f 101/25/40 102/25/41 103/25/40
f 104/25/42 101/25/40 103/25/40
f 105/25/43 106/25/44 107/25/44
f 106/25/44 108/25/45 107/25/44
f 109/25/46 110/25/47 111/25/47
f 110/25/47 112/25/48 111/25/47
f 113/25/49 114/25/50 115/25/49
f 116/25/51 113/25/49 115/25/49
f 117/25/52 118/25/53 119/25/52
f 120/25/54 117/25/52 119/25/52
f 121/25/55 122/25/56 123/25/56
f 122/25/56 124/25/57 123/25/56
f 125/25/58 126/25/59 127/25/59
f 126/25/59 128/25/60 127/25/59
f 129/25/61 130/25/62 131/25/61
f 132/25/63 129/25/61 131/25/61
f 133/25/64 134/25/65 135/25/64
f 136/25/66 133/25/64 135/25/64
f 137/25/67 138/25/68 139/25/67
f 140/25/69 137/25/67 139/25/67
f 141/25/70 142/25/71 143/25/72
f 144/25/73 141/25/70 143/25/72
f 145/25/49 146/25/50 147/25/49
f 148/25/51 145/25/49 147/25/49
f 149/25/52 150/25/53 151/25/52
f 152/25/74 149/25/52 151/25/52
f 153/25/75 154/25/56 155/25/56
f 154/25/56 156/25/57 155/25/56
f 157/25/58 158/25/76 159/25/76
f 158/25/76 160/25/60 159/25/76
f 161/25/61 162/25/62 163/25/61
f 164/25/63 161/25/61 163/25/61
f 165/25/64 166/25/65 167/25/64
f 168/25/77 165/25/64 167/25/64
f 169/25/67 170/25/78 171/25/67
f 172/25/69 169/25/67 171/25/67
f 173/25/72 174/25/71 175/25/72
f 176/25/73 173/25/72 175/25/72
f 177/25/25 178/25/26 179/25/25
f 180/25/27 177/25/25 179/25/25
f 181/25/28 182/25/29 183/25/28
f 184/25/30 181/25/28 183/25/28
f 185/25/31 186/25/32 187/25/31
f 188/25/33 185/25/31 187/25/31
f 189/25/34 190/25/35 191/25/34
f 192/25/36 189/25/34 191/25/34
f 193/25/37 194/25/38 195/25/37
f 196/25/79 193/25/37 195/25/37
f 197/25/40 198/25/41 199/25/40
f 200/25/80 197/25/40 199/25/40
f 201/25/43 202/25/44 203/25/44
f 202/25/44 204/25/45 203/25/44
f 205/25/46 206/25/47 207/25/47
f 206/25/47 208/25/48 207/25/47
o Middle_Star
v -1.303190 0.645266 0.092289
v -1.227454 0.645266 -0.002380
v -1.303190 0.684185 -0.002380
v -1.378924 0.645266 -0.002380
v -1.303190 0.645266 0.092289
v -1.303190 0.684185 -0.002380
v -1.303190 -0.632414 -0.097048
v -1.227456 -0.632414 -0.002380
v -1.303190 -0.671333 -0.002380
v -1.378924 -0.632414 -0.002380
v -1.303190 -0.632414 -0.097048
v -1.303190 -0.671333 -0.002380
v -1.303190 -0.632414 0.092289
v -1.378924 -0.632414 -0.002380
v -1.303190 -0.671333 -0.002380
v -1.303190 0.645266 -0.097048
v -1.378924 0.645266 -0.002380
v -1.303190 0.684185 -0.002380
v -1.227454 0.645266 -0.002380
v -1.303190 0.645266 -0.097048
v -1.303190 0.684185 -0.002380
v -1.227456 -0.632414 -0.002380
v -1.303190 -0.632414 0.092289
v -1.303190 -0.671333 -0.002380
vn 0.4293 0.8353 0.3434
vn -0.4293 0.8353 0.3434
vn 0.4293 -0.8353 -0.3434
vn -0.4293 -0.8353 -0.3434
vn -0.4293 -0.8353 0.3434
vn -0.4293 0.8353 -0.3434
vn 0.4293 0.8353 -0.3434
vn 0.4293 -0.8353 0.3434
vt 0.000000 0.000000
s 1
f 209/26/81 210/26/81 211/26/81
f 212/26/82 213/26/82 214/26/82
f 215/26/83 216/26/83 217/26/83
f 218/26/84 219/26/84 220/26/84
f 221/26/85 222/26/85 223/26/85
f 224/26/86 225/26/86 226/26/86
f 227/26/87 228/26/87 229/26/87
f 230/26/88 231/26/88 232/26/88
o Cuff
v -1.175055 0.519162 -0.579716
v -1.454116 -0.487728 -0.579716
v -1.454116 0.519162 -0.579716
v -1.454116 0.600447 -0.498431
v -1.175055 0.600447 -0.498431
v -1.175055 -0.487728 -0.579716
v -1.175055 -0.569013 -0.498431
v -1.454116 -0.569013 -0.498431
v -1.175055 0.519162 -0.579716
v -1.129577 -0.442655 -0.534910
v -1.175055 -0.487728 -0.579716
v -1.129577 -0.524207 -0.453360
v -1.175055 -0.569013 -0.498431
v -1.129577 0.474091 -0.534910
v -1.129577 0.555641 -0.453360
v -1.175055 0.600447 -0.498431
v -1.499595 -0.524207 -0.453360
v -1.454116 -0.487728 -0.579716
v -1.454116 -0.569013 -0.498431
v -1.499595 -0.442655 -0.534910
v -1.454116 0.519162 -0.579716
v -1.499595 0.474091 -0.534910
v -1.454116 0.600447 -0.498431
v -1.499595 0.555641 -0.453360
v -1.454116 0.519162 0.589745
v -1.499595 -0.442655 0.544939
v -1.454116 -0.487728 0.589745
v -1.454116 -0.569013 0.508459
v -1.499595 0.474091 0.544939
v -1.499595 -0.524207 0.463387
v -1.454116 -0.569013 -0.498431
v -1.499595 -0.524207 -0.453360
v -1.454116 0.600447 0.508459
v -1.499595 0.555641 0.463387
v -1.454116 0.600447 -0.498431
v -1.499595 0.555641 -0.453360
v -1.175055 0.600447 -0.498431
v -1.175055 0.600447 0.508459
v -1.129577 0.555641 0.463387
v -1.129577 0.555641 -0.453360
v -1.129577 0.474091 0.544939
v -1.175055 0.519162 0.589745
v -1.129577 -0.442655 0.544939
v -1.175055 -0.487728 0.589745
v -1.129577 -0.524207 0.463387
v -1.175055 -0.569013 0.508459
v -1.175055 -0.569013 -0.498431
v -1.129577 -0.524207 -0.453360
v -1.454116 -0.569013 0.508459
v -1.454116 -0.569013 -0.498431
v -1.175055 -0.569013 -0.498431
v -1.175055 -0.569013 0.508459
v -1.175055 -0.487728 0.589745
v -1.454116 -0.487728 0.589745
v -1.454116 0.519162 0.589745
v -1.175055 0.519162 0.589745
v -1.175055 0.600447 0.508459
v -1.454116 0.600447 0.508459
v -1.454116 0.600447 -0.498431
v -1.175055 0.600447 -0.498431
v -1.129577 -0.524207 0.463387
v -1.129577 -0.524207 -0.453360
v -1.129577 -0.416223 -0.361685
v -1.129577 -0.416223 0.371713
v -1.129577 -0.350982 0.436954
v -1.129577 -0.442655 0.544939
v -1.129577 0.382416 0.436954
v -1.129577 0.474091 0.544939
v -1.129577 0.555641 0.463387
v -1.129577 0.447657 0.371713
v -1.129577 0.447657 -0.361685
v -1.129577 0.555641 -0.453360
v -1.499595 -0.416223 -0.361685
v -1.499595 -0.442655 -0.534910
v -1.499595 -0.524207 -0.453360
v -1.499595 -0.350982 -0.426925
v -1.499595 0.382416 -0.426925
v -1.499595 0.474091 -0.534910
v -1.499595 0.555641 -0.453360
v -1.499595 0.447657 -0.361685
v -1.499595 0.382416 0.436954
v -1.499595 0.555641 0.463387
v -1.499595 0.447657 0.371713
v -1.499595 0.447657 -0.361685
v -1.499595 0.555641 -0.453360
v -1.499595 0.474091 0.544939
v -1.499595 -0.442655 0.544939
v -1.499595 -0.350982 0.436954
v -1.499595 -0.416223 0.371713
v -1.499595 -0.524207 0.463387
v -1.499595 -0.416223 -0.361685
v -1.499595 -0.524207 -0.453360
v -1.129577 -0.416223 -0.361685
v -1.129577 -0.442655 -0.534910
v -1.129577 -0.350982 -0.426925
v -1.129577 -0.524207 -0.453360
v -1.129577 0.382416 -0.426925
v -1.129577 0.474091 -0.534910
v -1.129577 0.555641 -0.453360
v -1.129577 0.447657 -0.361685
v -1.499595 0.447657 0.371713
v -1.499595 0.447657 -0.361685
v -1.129577 0.447657 -0.361685
v -1.129577 0.447657 0.371713
v -1.499595 0.382416 0.436954
v -1.129577 0.382416 0.436954
v -1.499595 -0.350982 0.436954
v -1.129577 -0.350982 0.436954
v -1.499595 -0.416223 0.371713
v -1.129577 -0.416223 0.371713
v -1.499595 -0.416223 -0.361685
v -1.129577 -0.416223 -0.361685
v -1.499595 0.382416 -0.426925
v -1.129577 0.382416 -0.426925
v -1.499595 0.447657 -0.361685
v -1.129577 0.447657 -0.361685
v -1.129577 -0.350982 -0.426925
v -1.499595 -0.350982 -0.426925
v -1.129577 -0.416223 -0.361685
v -1.499595 -0.416223 -0.361685
vn -0.0000 0.3827 -0.9239
vn -0.0000 -0.3827 -0.9239
vn -0.0000 0.9239 -0.3827
vn 0.0001 0.9239 -0.3827
vn -0.0000 -0.9239 -0.3827
vn 0.7970 0.2646 -0.5429
vn 0.7745 -0.1779 -0.6071
vn 0.7970 -0.2646 -0.5429
vn 0.7744 -0.6071 -0.1779
vn 0.7970 -0.5429 -0.2646
vn 0.7745 0.1779 -0.6071
vn 0.7744 0.6071 -0.1779
vn 0.7970 0.5429 -0.2646
vn -0.7745 -0.6071 -0.1779
vn -0.7970 -0.2646 -0.5429
vn -0.7970 -0.5429 -0.2647
vn -0.7744 -0.1779 -0.6071
vn -0.7970 0.2646 -0.5429
vn -0.7744 0.1779 -0.6071
vn -0.7970 0.5429 -0.2647
vn -0.7744 0.6071 -0.1779
vn -0.7970 0.2646 0.5429
vn -0.7744 -0.1779 0.6071
vn -0.7970 -0.2646 0.5429
vn -0.7970 -0.5429 0.2646
vn -0.7744 0.1779 0.6071
vn -0.7744 -0.6071 0.1779
vn -0.7970 -0.5429 -0.2646
vn -0.7744 -0.6071 -0.1779
vn -0.7970 0.5429 0.2646
vn -0.7744 0.6071 0.1779
vn -0.7970 0.5429 -0.2646
vn 0.7970 0.5429 0.2646
vn 0.7745 0.6071 0.1779
vn 0.7744 0.6072 -0.1779
vn 0.7745 0.1779 0.6071
vn 0.7970 0.2646 0.5429
vn 0.7745 -0.1779 0.6071
vn 0.7971 -0.2646 0.5429
vn 0.7745 -0.6071 0.1779
vn 0.7970 -0.5429 0.2646
vn 0.7744 -0.6072 -0.1779
vn -0.0000 -0.9239 0.3827
vn -0.0000 -0.3827 0.9239
vn -0.0000 0.3827 0.9239
vn -0.0000 0.9239 0.3827
vn 1.0000 -0.0000 -0.0000
vn -1.0000 -0.0000 -0.0000
vt 0.607623 0.250000
vt 0.392377 0.000000
vt 0.607623 0.000000
vt 0.625000 0.000000
vt 0.625000 0.250000
vt 0.392377 0.250000
vt 0.375000 0.250000
vt 0.375000 0.000000
vt 0.393880 0.250000
vt 0.606120 0.250000
vt 0.393880 0.000000
vt 0.606120 0.000000
vt 0.607623 0.750000
vt 0.393880 0.750000
vt 0.392377 0.750000
vt 0.357623 0.750000
vt 0.606120 0.750000
vt 0.356120 0.750000
vt 0.142377 0.750000
vt 0.143880 0.750000
vt 0.642377 0.750000
vt 0.643880 0.750000
vt 0.857623 0.750000
vt 0.856120 0.750000
vt 0.857623 0.500000
vt 0.642377 0.500000
vt 0.643880 0.500000
vt 0.856120 0.500000
vt 0.606120 0.500000
vt 0.607623 0.500000
vt 0.393880 0.500000
vt 0.392377 0.500000
vt 0.356120 0.500000
vt 0.357623 0.500000
vt 0.142377 0.500000
vt 0.143880 0.500000
s 1
f 233/27/89 234/28/90 235/29/89
f 233/27/89 235/29/89 236/30/91
f 236/30/91 237/31/92 233/27/89
f 234/28/90 233/27/89 238/32/90
f 234/28/90 238/32/90 239/33/93
f 239/33/93 240/34/93 234/28/90
f 241/27/94 242/35/95 243/32/96
f 244/33/97 243/32/96 242/35/95
f 243/32/96 244/33/97 245/33/98
f 242/35/95 241/27/94 246/36/99
f 241/27/94 247/31/100 246/36/99
f 247/31/100 241/27/94 248/31/101
f 249/34/102 250/28/103 251/34/104
f 250/28/103 249/34/102 252/37/105
f 253/29/106 250/28/103 252/37/105
f 253/29/106 252/37/105 254/38/107
f 254/38/107 255/30/108 253/29/106
f 255/30/108 254/38/107 256/30/109
f 257/39/110 258/40/111 259/41/112
f 258/40/111 260/42/113 259/41/112
f 258/40/111 257/39/110 261/43/114
f 260/42/113 258/40/111 262/44/115
f 263/45/116 260/42/113 262/44/115
f 263/45/116 262/44/115 264/46/117
f 265/47/118 261/43/114 257/39/110
f 261/43/114 265/47/118 266/48/119
f 267/49/120 266/48/119 265/47/118
f 266/48/119 267/49/120 268/50/109
f 269/51/101 270/52/121 271/53/122
f 269/51/101 271/53/122 272/54/123
f 270/52/121 273/55/124 271/53/122
f 273/55/124 270/52/121 274/56/125
f 274/56/125 275/57/126 273/55/124
f 274/56/125 276/58/127 275/57/126
f 276/58/127 277/59/128 275/57/126
f 277/59/128 276/58/127 278/60/129
f 279/61/98 277/59/128 278/60/129
f 277/59/128 279/61/98 280/62/130
f 281/42/131 282/45/93 283/61/93
f 281/42/131 283/61/93 284/60/131
f 281/42/131 284/60/131 285/58/132
f 285/58/132 286/41/132 281/42/131
f 287/39/133 286/41/132 285/58/132
f 287/39/133 285/58/132 288/56/133
f 287/39/133 288/56/133 289/52/134
f 289/52/134 290/47/134 287/39/133
f 291/49/91 290/47/134 289/52/134
f 291/49/91 289/52/134 292/51/91
f 293/59/135 294/62/135 295/62/135
f 293/59/135 295/62/135 296/59/135
f 297/57/135 293/59/135 296/59/135
f 293/59/135 297/57/135 298/57/135
f 299/55/135 298/57/135 297/57/135
f 298/57/135 299/55/135 300/55/135
f 300/55/135 299/55/135 301/53/135
f 301/53/135 299/55/135 302/53/135
f 303/54/135 301/53/135 302/53/135
f 301/53/135 303/54/135 304/54/135
f 305/34/136 306/37/136 307/34/136
f 306/37/136 305/34/136 308/37/136
f 309/38/136 306/37/136 308/37/136
f 306/37/136 309/38/136 310/38/136
f 309/38/136 311/30/136 310/38/136
f 311/30/136 309/38/136 312/30/136
f 313/43/136 314/48/136 315/48/136
f 314/48/136 316/50/136 315/48/136
f 314/48/136 317/50/136 316/50/136
f 314/48/136 313/43/136 318/43/136
f 319/40/136 318/43/136 313/43/136
f 319/40/136 313/43/136 320/40/136
f 321/44/136 319/40/136 320/40/136
f 319/40/136 321/44/136 322/44/136
f 323/46/136 322/44/136 321/44/136
f 322/44/136 323/46/136 324/46/136
f 325/33/135 326/35/135 327/35/135
f 326/35/135 325/33/135 328/33/135
f 326/35/135 329/36/135 327/35/135
f 326/35/135 330/36/135 329/36/135
f 331/31/135 329/36/135 330/36/135
f 329/36/135 331/31/135 332/31/135
f 333/48/93 334/50/131 335/54/131
f 333/48/93 335/54/131 336/53/93
f 333/48/93 336/53/93 337/43/90
f 337/43/90 336/53/93 338/55/90
f 339/40/89 337/43/90 338/55/90
f 339/40/89 338/55/90 340/57/89
f 339/40/89 340/57/89 341/44/91
f 341/44/91 340/57/89 342/59/91
f 343/46/134 341/44/91 342/59/91
f 343/46/134 342/59/91 344/62/134
f 345/38/132 346/36/132 347/30/131
f 347/30/131 346/36/132 348/31/131
f 345/38/132 349/35/133 346/36/132
f 345/38/132 350/37/133 349/35/133
f 350/37/133 351/33/134 349/35/133
f 352/34/134 351/33/134 350/37/133
o Gold
v -1.174624 0.624990 0.341120
v -1.225498 0.597822 0.389116
v -1.152893 0.597821 0.359251
v -1.227061 0.620868 0.365469
v -1.225498 0.597822 -0.390438
v -1.174624 0.624990 -0.342442
v -1.152893 0.597821 -0.360572
v -1.227061 0.620868 -0.366791
v -1.228513 0.597822 0.249469
v -1.278423 0.632692 0.222500
v -1.260649 0.597822 0.255601
v -1.303209 0.597822 0.304527
v -1.218400 0.632699 0.213367
v -1.338549 0.631380 0.299423
v -1.192547 0.597821 0.266531
v -1.325838 0.597822 0.398018
v -1.166878 0.627879 0.246801
v -1.352984 0.623726 0.398908
v -1.179265 0.597822 0.293978
v -1.354760 0.597822 0.485002
v -1.149939 0.624962 0.296517
v -1.376131 0.620997 0.473573
v -1.174624 0.624990 0.341120
v -1.408859 0.615716 0.518175
v -1.400655 0.597822 0.534730
v -1.464877 0.597822 0.549605
v -1.196800 0.597821 0.322122
v -1.228293 0.597822 0.340365
v -1.227061 0.620868 0.365469
v -1.262141 0.618731 0.345823
v -1.246812 0.597822 0.328988
v -1.268930 0.597822 0.294975
v -1.228513 0.597822 -0.250791
v -1.260649 0.597822 -0.256922
v -1.278423 0.632692 -0.223822
v -1.303209 0.597822 -0.305849
v -1.218400 0.632699 -0.214688
v -1.338549 0.631380 -0.300746
v -1.192547 0.597821 -0.267852
v -1.325838 0.597822 -0.399340
v -1.166878 0.627879 -0.248122
v -1.352984 0.623726 -0.400229
v -1.179265 0.597822 -0.295298
v -1.354760 0.597822 -0.486323
v -1.149939 0.624962 -0.297838
v -1.376131 0.620997 -0.474894
v -1.174624 0.624990 -0.342442
v -1.408859 0.615716 -0.519497
v -1.400655 0.597822 -0.536052
v -1.464877 0.597822 -0.550925
v -1.196800 0.597821 -0.323444
v -1.228293 0.597822 -0.341686
v -1.227061 0.620868 -0.366791
v -1.262141 0.618731 -0.347145
v -1.246812 0.597822 -0.330310
v -1.268931 0.597822 -0.296297
v -1.149939 0.624962 0.296517
v -1.152893 0.597821 0.359251
v -1.121935 0.597821 0.298984
v -1.174624 0.624990 0.341120
v -1.149939 0.624962 -0.297838
v -1.152893 0.597821 -0.360572
v -1.174624 0.624990 -0.342442
v -1.121936 0.597821 -0.300305
v -1.275817 0.597822 0.362495
v -1.227061 0.620868 0.365469
v -1.262141 0.618731 0.345823
v -1.225498 0.597822 0.389116
v -1.227061 0.620868 -0.366791
v -1.275817 0.597822 -0.363817
v -1.262141 0.618731 -0.347145
v -1.225498 0.597822 -0.390438
v -1.349609 0.644481 0.032280
v -1.308434 0.644481 0.081690
v -1.308434 0.637548 0.068518
v -1.267259 0.644481 0.032280
v -1.343023 0.637549 0.027012
v -1.394908 0.637549 -0.000660
v -1.411372 0.644481 -0.000660
v -1.273844 0.637549 0.027012
v -1.221960 0.637549 -0.000660
v -1.205495 0.644481 -0.000660
v -1.267258 0.644481 -0.033601
v -1.273844 0.637549 -0.028333
v -1.308434 0.637549 -0.069841
v -1.308434 0.644481 -0.083011
v -1.225498 -0.606043 0.389116
v -1.174626 -0.633212 0.341121
v -1.152893 -0.606043 0.359251
v -1.227062 -0.629089 0.365469
v -1.174626 -0.633212 -0.342442
v -1.225498 -0.606043 -0.390438
v -1.152893 -0.606043 -0.360572
v -1.227062 -0.629089 -0.366791
v -1.298943 0.251875 0.601411
v -1.243784 0.230138 0.629383
v -1.229936 0.255349 0.601411
v -1.292449 0.226521 0.626790
v -1.298943 0.251875 -0.602453
v -1.243784 0.230138 -0.630425
v -1.292449 0.226521 -0.627833
v -1.229936 0.255349 -0.602453
v -1.228513 -0.606043 0.249469
v -1.260649 -0.606043 0.255601
v -1.278423 -0.640913 0.222500
v -1.303209 -0.606043 0.304527
v -1.218400 -0.640920 0.213367
v -1.338550 -0.639602 0.299423
v -1.192547 -0.606043 0.266531
v -1.325838 -0.606043 0.398018
v -1.166878 -0.636102 0.246801
v -1.352984 -0.631947 0.398908
v -1.179265 -0.606043 0.293978
v -1.354761 -0.606043 0.485002
v -1.149939 -0.633183 0.296517
v -1.376132 -0.629218 0.473573
v -1.174626 -0.633212 0.341121
v -1.408860 -0.623937 0.518175
v -1.400655 -0.606043 0.534730
v -1.464877 -0.606043 0.549605
v -1.196802 -0.606043 0.322122
v -1.228294 -0.606043 0.340365
v -1.227062 -0.629089 0.365469
v -1.262141 -0.626953 0.345823
v -1.246812 -0.606043 0.328989
v -1.268930 -0.606043 0.294975
v -1.228513 -0.606043 -0.250791
v -1.278423 -0.640913 -0.223822
v -1.260649 -0.606043 -0.256922
v -1.303209 -0.606043 -0.305849
v -1.218400 -0.640920 -0.214689
v -1.338550 -0.639602 -0.300746
v -1.192547 -0.606043 -0.267853
v -1.325838 -0.606043 -0.399340
v -1.166878 -0.636102 -0.248122
v -1.352984 -0.631948 -0.400229
v -1.179265 -0.606043 -0.295298
v -1.354761 -0.606043 -0.486323
v -1.149939 -0.633183 -0.297838
v -1.376132 -0.629218 -0.474894
v -1.174626 -0.633212 -0.342442
v -1.408860 -0.623937 -0.519497
v -1.400655 -0.606043 -0.536052
v -1.464877 -0.606043 -0.550925
v -1.196802 -0.606043 -0.323444
v -1.228294 -0.606043 -0.341686
v -1.227062 -0.629089 -0.366791
v -1.262141 -0.626953 -0.347145
v -1.246812 -0.606043 -0.330310
v -1.268930 -0.606043 -0.296297
v -1.229936 0.255349 0.601411
v -1.198593 0.176456 0.634386
v -1.165388 0.185253 0.601411
v -1.243784 0.230138 0.629383
v -1.198593 0.176457 -0.635429
v -1.229936 0.255349 -0.602453
v -1.165388 0.185253 -0.602453
v -1.243784 0.230138 -0.630425
v -1.396049 0.602094 0.069431
v -1.308434 0.602094 0.174569
v -1.308434 0.644481 0.081690
v -1.349609 0.644481 0.032280
v -1.411372 0.644481 -0.000660
v -1.527471 0.602094 -0.000660
v -1.411372 0.644481 -0.000660
v -1.349609 0.644481 -0.033601
v -1.396049 0.602094 -0.070752
v -1.527471 0.602094 -0.000660
v -1.308434 0.644481 -0.083011
v -1.308434 0.602094 -0.175890
v -1.149939 -0.633183 0.296517
v -1.152893 -0.606043 0.359251
v -1.174626 -0.633212 0.341121
v -1.121935 -0.606043 0.298984
v -1.149939 -0.633183 -0.297838
v -1.152893 -0.606043 -0.360572
v -1.121935 -0.606043 -0.300305
v -1.174626 -0.633212 -0.342442
v -1.373618 0.099216 0.643733
v -1.312276 0.058380 0.643741
v -1.304882 0.103280 0.601411
v -1.256568 0.103600 0.601411
v -1.337087 0.126510 0.601411
v -1.238451 0.068730 0.637893
v -1.400299 0.214673 0.642144
v -1.227879 0.126979 0.601411
v -1.358807 0.202160 0.601411
v -1.194318 0.114729 0.634352
v -1.335743 0.316608 0.601411
v -1.198593 0.176456 0.634386
v -1.365147 0.331511 0.632853
v -1.232731 0.166933 0.601411
v -1.322941 0.427127 0.601411
v -1.258017 0.203155 0.601411
v -1.352311 0.425517 0.629538
v -1.243784 0.230138 0.629383
v -1.365435 0.491366 0.623129
v -1.347917 0.505370 0.601411
v -1.410933 0.554672 0.601411
v -1.292449 0.226521 0.626790
v -1.284222 0.200140 0.601411
v -1.325999 0.174069 0.601411
v -1.373618 0.099216 -0.644776
v -1.304882 0.103280 -0.602453
v -1.312277 0.058380 -0.644784
v -1.256568 0.103600 -0.602453
v -1.337087 0.126510 -0.602453
v -1.238451 0.068730 -0.638936
v -1.400299 0.214673 -0.643185
v -1.227879 0.126979 -0.602453
v -1.358809 0.202160 -0.602453
v -1.194318 0.114729 -0.635395
v -1.335743 0.316608 -0.602453
v -1.198593 0.176457 -0.635429
v -1.365147 0.331511 -0.633894
v -1.232732 0.166933 -0.602453
v -1.322942 0.427127 -0.602453
v -1.258017 0.203155 -0.602453
v -1.352312 0.425517 -0.630581
v -1.243784 0.230138 -0.630425
v -1.365435 0.491366 -0.624172
v -1.347917 0.505370 -0.602453
v -1.410933 0.554672 -0.602453
v -1.292449 0.226521 -0.627833
v -1.284224 0.200140 -0.602453
v -1.325999 0.174069 -0.602453
v -1.089398 0.602094 -0.000660
v -1.205495 0.644481 -0.000660
v -1.220820 0.602094 0.069431
v -1.267259 0.644481 0.032280
v -1.308434 0.644481 0.081690
v -1.308434 0.602094 0.174569
v -1.220820 0.602094 -0.070752
v -1.308434 0.602094 -0.175890
v -1.308434 0.644481 -0.083011
v -1.267258 0.644481 -0.033601
v -1.205495 0.644481 -0.000660
v -1.089398 0.602094 -0.000660
v -1.227062 -0.629089 0.365469
v -1.275817 -0.606043 0.362495
v -1.262141 -0.626953 0.345823
v -1.225498 -0.606043 0.389116
v -1.275817 -0.606043 -0.363817
v -1.227062 -0.629089 -0.366791
v -1.262141 -0.626953 -0.347145
v -1.225498 -0.606043 -0.390438
v -1.440827 0.227832 0.601411
v -1.365147 0.331511 0.632853
v -1.394882 0.346361 0.601411
v -1.400299 0.214673 0.642144
v -1.365147 0.331511 -0.633894
v -1.440828 0.227832 -0.602453
v -1.394882 0.346361 -0.602453
v -1.400299 0.214673 -0.643185
v -1.373618 -0.107716 0.643733
v -1.304882 -0.111781 0.601411
v -1.312276 -0.066881 0.643741
v -1.256568 -0.112101 0.601411
v -1.337087 -0.135011 0.601411
v -1.238451 -0.077231 0.637893
v -1.400299 -0.223174 0.642144
v -1.227879 -0.135480 0.601411
v -1.358807 -0.210661 0.601411
v -1.194318 -0.123229 0.634352
v -1.335743 -0.325109 0.601411
v -1.198593 -0.184957 0.634386
v -1.365147 -0.340012 0.632853
v -1.232731 -0.175434 0.601411
v -1.322941 -0.435628 0.601411
v -1.258017 -0.211656 0.601411
v -1.352311 -0.434018 0.629538
v -1.243784 -0.238639 0.629383
v -1.365435 -0.499867 0.623129
v -1.347917 -0.513871 0.601411
v -1.410933 -0.563173 0.601411
v -1.292449 -0.235022 0.626790
v -1.284222 -0.208640 0.601411
v -1.325999 -0.182570 0.601411
v -1.373618 -0.107716 -0.644776
v -1.312277 -0.066881 -0.644784
v -1.304882 -0.111781 -0.602453
v -1.256568 -0.112101 -0.602453
v -1.337087 -0.135011 -0.602453
v -1.238451 -0.077231 -0.638936
v -1.400299 -0.223175 -0.643185
v -1.227879 -0.135480 -0.602453
v -1.358809 -0.210661 -0.602453
v -1.194318 -0.123231 -0.635395
v -1.335743 -0.325110 -0.602453
v -1.198593 -0.184958 -0.635429
v -1.365147 -0.340012 -0.633894
v -1.232732 -0.175434 -0.602453
v -1.322941 -0.435628 -0.602453
v -1.258017 -0.211656 -0.602453
v -1.352312 -0.434018 -0.630581
v -1.243784 -0.238639 -0.630425
v -1.365435 -0.499867 -0.624172
v -1.347917 -0.513871 -0.602453
v -1.410933 -0.563173 -0.602453
v -1.292449 -0.235022 -0.627833
v -1.284224 -0.208640 -0.602453
v -1.325999 -0.182570 -0.602453
v -1.365147 -0.340012 0.632853
v -1.440827 -0.236333 0.601411
v -1.394882 -0.354862 0.601411
v -1.400299 -0.223174 0.642144
v -1.440827 -0.236333 -0.602453
v -1.365147 -0.340012 -0.633894
v -1.394882 -0.354862 -0.602453
v -1.400299 -0.223175 -0.643185
v -1.308434 -0.646248 0.068518
v -1.273844 -0.646248 0.027012
v -1.267257 -0.653181 0.032280
v -1.221959 -0.646248 -0.000660
v -1.308434 -0.653181 0.081690
v -1.205495 -0.653181 -0.000660
v -1.349609 -0.653181 0.032280
v -1.267257 -0.653181 -0.033601
v -1.343023 -0.646248 0.027012
v -1.394908 -0.646248 -0.000660
v -1.411372 -0.653181 -0.000660
v -1.273844 -0.646248 -0.028333
v -1.308434 -0.646248 -0.069841
v -1.308434 -0.653181 -0.083011
v -1.371290 -0.624694 0.219768
v -1.399514 -0.606043 0.230693
v -1.403124 -0.622884 0.212788
v -1.381667 -0.606043 0.236969
v -1.371290 -0.624694 -0.221089
v -1.399514 -0.606043 -0.232014
v -1.381667 -0.606043 -0.238291
v -1.403124 -0.622884 -0.214109
v -1.298943 -0.260375 0.601411
v -1.243784 -0.238639 0.629383
v -1.292449 -0.235022 0.626790
v -1.229936 -0.263848 0.601411
v -1.298943 -0.260375 -0.602453
v -1.243784 -0.238639 -0.630425
v -1.229936 -0.263849 -0.602453
v -1.292449 -0.235022 -0.627833
v -1.198593 -0.184957 0.634386
v -1.229936 -0.263848 0.601411
v -1.165388 -0.193754 0.601411
v -1.243784 -0.238639 0.629383
v -1.229936 -0.263849 -0.602453
v -1.198593 -0.184958 -0.635429
v -1.165388 -0.193754 -0.602453
v -1.243784 -0.238639 -0.630425
v -1.394882 0.346361 0.601411
v -1.352311 0.425517 0.629538
v -1.382288 0.423975 0.601411
v -1.365147 0.331511 0.632853
v -1.352312 0.425517 -0.630581
v -1.394882 0.346361 -0.602453
v -1.382288 0.423975 -0.602453
v -1.365147 0.331511 -0.633894
v -1.352311 -0.434018 0.629538
v -1.394882 -0.354862 0.601411
v -1.382288 -0.432476 0.601411
v -1.365147 -0.340012 0.632853
v -1.394882 -0.354862 -0.602453
v -1.352312 -0.434018 -0.630581
v -1.382288 -0.432476 -0.602453
v -1.365147 -0.340012 -0.633894
v -1.194318 0.114729 0.634352
v -1.165388 0.185253 0.601411
v -1.198593 0.176456 0.634386
v -1.162248 0.103079 0.601411
v -1.194318 0.114729 -0.635395
v -1.165388 0.185253 -0.602453
v -1.162248 0.103080 -0.602453
v -1.198593 0.176457 -0.635429
v -1.165388 -0.193754 0.601411
v -1.194318 -0.123229 0.634352
v -1.198593 -0.184957 0.634386
v -1.162248 -0.111579 0.601411
v -1.165388 -0.193754 -0.602453
v -1.194318 -0.123231 -0.635395
v -1.162248 -0.111581 -0.602453
v -1.198593 -0.184958 -0.635429
v -1.411372 -0.653181 -0.000660
v -1.349609 -0.653181 0.032280
v -1.396049 -0.610794 0.069431
v -1.527470 -0.610794 -0.000660
v -1.308434 -0.653181 0.081690
v -1.308434 -0.610794 0.174569
v -1.396049 -0.610794 -0.070752
v -1.308434 -0.610794 -0.175890
v -1.308434 -0.653181 -0.083011
v -1.349609 -0.653181 -0.033601
v -1.411372 -0.653181 -0.000660
v -1.527470 -0.610794 -0.000660
v -1.089398 -0.610794 -0.000660
v -1.205495 -0.653181 -0.000660
v -1.220819 -0.610794 -0.070752
v -1.267257 -0.653181 -0.033601
v -1.308434 -0.653181 -0.083011
v -1.308434 -0.610794 -0.175890
v -1.220818 -0.610794 0.069431
v -1.308434 -0.610794 0.174569
v -1.308434 -0.653181 0.081690
v -1.267257 -0.653181 0.032280
v -1.205495 -0.653181 -0.000660
v -1.089398 -0.610794 -0.000660
v -1.373394 0.597822 0.295137
v -1.352984 0.623726 0.398908
v -1.338549 0.631380 0.299423
v -1.380358 0.597822 0.399643
v -1.373394 0.597822 -0.296458
v -1.352984 0.623726 -0.400229
v -1.380358 0.597822 -0.400964
v -1.338549 0.631380 -0.300746
v -1.394908 0.637549 -0.000660
v -1.343023 0.637549 -0.028333
v -1.349609 0.644481 -0.033601
v -1.411372 0.644481 -0.000660
v -1.308434 0.637549 -0.069841
v -1.308434 0.644481 -0.083011
v -1.408925 -0.081103 0.601411
v -1.440827 -0.236333 0.601411
v -1.373618 -0.107716 0.643733
v -1.400299 -0.223174 0.642144
v -1.440827 -0.236333 -0.602453
v -1.408925 -0.081103 -0.602453
v -1.373618 -0.107716 -0.644776
v -1.400299 -0.223175 -0.643185
v -1.440827 0.227832 0.601411
v -1.373618 0.099216 0.643733
v -1.400299 0.214673 0.642144
v -1.408925 0.072602 0.601411
v -1.400299 0.214673 -0.643185
v -1.373618 0.099216 -0.644776
v -1.440828 0.227832 -0.602453
v -1.408925 0.072602 -0.602453
v -1.435032 -0.606043 0.295000
v -1.440264 -0.620343 0.265144
v -1.425706 -0.619018 0.285404
v -1.393882 -0.606043 0.286047
v -1.454953 -0.606043 0.265829
v -1.428904 -0.622901 0.231116
v -1.441597 -0.606043 0.218981
v -1.403124 -0.622884 0.212788
v -1.406596 -0.606043 0.195694
v -1.371290 -0.624694 0.219768
v -1.361303 -0.606043 0.203083
v -1.425706 -0.619018 -0.286725
v -1.440264 -0.620343 -0.266467
v -1.435032 -0.606043 -0.296320
v -1.393882 -0.606043 -0.287369
v -1.454953 -0.606043 -0.267150
v -1.428904 -0.622901 -0.232439
v -1.441597 -0.606043 -0.220303
v -1.403124 -0.622884 -0.214109
v -1.406596 -0.606043 -0.197016
v -1.371290 -0.624694 -0.221089
v -1.361303 -0.606043 -0.204405
v -1.162248 -0.111579 0.601411
v -1.220800 -0.043540 0.601411
v -1.194318 -0.123229 0.634352
v -1.238451 -0.077231 0.637893
v -1.312276 -0.066881 0.643741
v -1.319118 -0.023145 0.601411
v -1.194318 -0.123231 -0.635395
v -1.220800 -0.043540 -0.602453
v -1.162248 -0.111581 -0.602453
v -1.238451 -0.077231 -0.638936
v -1.312277 -0.066881 -0.644784
v -1.319118 -0.023145 -0.602453
v -1.141966 0.597822 0.227788
v -1.149939 0.624962 0.296517
v -1.121935 0.597821 0.298984
v -1.166878 0.627879 0.246801
v -1.141966 0.597822 0.227788
v -1.218400 0.632699 0.213367
v -1.208280 0.597822 0.178325
v -1.141966 0.597822 -0.229111
v -1.149939 0.624962 -0.297838
v -1.166878 0.627879 -0.248122
v -1.121936 0.597821 -0.300305
v -1.218400 0.632699 -0.214688
v -1.141966 0.597822 -0.229111
v -1.208280 0.597822 -0.179647
v -1.408925 -0.081103 0.601411
v -1.312276 -0.066881 0.643741
v -1.319118 -0.023145 0.601411
v -1.373618 -0.107716 0.643733
v -1.408925 -0.081103 -0.602453
v -1.319118 -0.023145 -0.602453
v -1.312277 -0.066881 -0.644784
v -1.373618 -0.107716 -0.644776
v -1.428904 -0.622901 0.231116
v -1.424699 -0.606043 0.264155
v -1.440264 -0.620343 0.265144
v -1.415646 -0.606043 0.243466
v -1.399514 -0.606043 0.230693
v -1.428904 -0.622901 0.231116
v -1.403124 -0.622884 0.212788
v -1.428904 -0.622901 -0.232439
v -1.424699 -0.606043 -0.265476
v -1.415646 -0.606043 -0.244787
v -1.440264 -0.620343 -0.266467
v -1.399514 -0.606043 -0.232014
v -1.428904 -0.622901 -0.232439
v -1.403124 -0.622884 -0.214109
v -1.382288 -0.432476 0.601411
v -1.383780 -0.486176 0.601411
v -1.352311 -0.434018 0.629538
v -1.365435 -0.499867 0.623129
v -1.383780 -0.486176 0.601411
v -1.410933 -0.563173 0.601411
v -1.382288 -0.432476 -0.602453
v -1.352312 -0.434018 -0.630581
v -1.383780 -0.486176 -0.602453
v -1.365435 -0.499867 -0.624172
v -1.410933 -0.563173 -0.602453
v -1.383780 -0.486176 -0.602453
v -1.373394 -0.606043 0.295137
v -1.352984 -0.631947 0.398908
v -1.380358 -0.606043 0.399643
v -1.338550 -0.639602 0.299423
v -1.373394 -0.606043 -0.296458
v -1.352984 -0.631948 -0.400229
v -1.338550 -0.639602 -0.300746
v -1.380358 -0.606043 -0.400965
v -1.352311 0.425517 0.629538
v -1.383780 0.477675 0.601411
v -1.382288 0.423975 0.601411
v -1.365435 0.491366 0.623129
v -1.410933 0.554672 0.601411
v -1.383780 0.477675 0.601411
v -1.365435 0.491366 -0.624172
v -1.352312 0.425517 -0.630581
v -1.383780 0.477675 -0.602453
v -1.382288 0.423975 -0.602453
v -1.383780 0.477675 -0.602453
v -1.410933 0.554672 -0.602453
v -1.349609 -0.653181 -0.033601
v -1.308434 -0.653181 -0.083011
v -1.308434 -0.646248 -0.069841
v -1.343023 -0.646248 -0.028333
v -1.394908 -0.646248 -0.000660
v -1.411372 -0.653181 -0.000660
v -1.380358 0.597822 0.399643
v -1.376131 0.620997 0.473573
v -1.352984 0.623726 0.398908
v -1.397978 0.597822 0.461984
v -1.417791 0.597822 0.501563
v -1.408859 0.615716 0.518175
v -1.417791 0.597822 0.501563
v -1.464877 0.597822 0.549605
v -1.380358 0.597822 -0.400964
v -1.376131 0.620997 -0.474894
v -1.397978 0.597822 -0.463305
v -1.352984 0.623726 -0.400229
v -1.417791 0.597822 -0.502884
v -1.408859 0.615716 -0.519497
v -1.464877 0.597822 -0.550925
v -1.417791 0.597822 -0.502884
v -1.194318 0.114729 0.634352
v -1.220800 0.035039 0.601411
v -1.162248 0.103079 0.601411
v -1.238451 0.068730 0.637893
v -1.312276 0.058380 0.643741
v -1.319118 0.014644 0.601411
v -1.162248 0.103080 -0.602453
v -1.220800 0.035039 -0.602453
v -1.194318 0.114729 -0.635395
v -1.238451 0.068730 -0.638936
v -1.312277 0.058380 -0.644784
v -1.319118 0.014644 -0.602453
v -1.408925 0.072602 0.601411
v -1.319118 0.014644 0.601411
v -1.312276 0.058380 0.643741
v -1.373618 0.099216 0.643733
v -1.298943 0.251875 0.601411
v -1.325999 0.174069 0.601411
v -1.292449 0.226521 0.626790
v -1.408925 0.072602 -0.602453
v -1.312277 0.058380 -0.644784
v -1.319118 0.014644 -0.602453
v -1.373618 0.099216 -0.644776
v -1.298943 0.251875 -0.602453
v -1.292449 0.226521 -0.627833
v -1.325999 0.174069 -0.602453
v -1.141966 -0.606043 0.227788
v -1.149939 -0.633183 0.296517
v -1.166878 -0.636102 0.246801
v -1.121935 -0.606043 0.298984
v -1.218400 -0.640920 0.213367
v -1.208280 -0.606043 0.178325
v -1.141966 -0.606043 -0.229111
v -1.149939 -0.633183 -0.297838
v -1.121935 -0.606043 -0.300305
v -1.166878 -0.636102 -0.248122
v -1.218400 -0.640920 -0.214689
v -1.208280 -0.606043 -0.179647
v -1.295522 0.597822 0.190333
v -1.338549 0.631380 0.299423
v -1.278423 0.632692 0.222500
v -1.373394 0.597822 0.295137
v -1.295522 0.597822 -0.191654
v -1.338549 0.631380 -0.300746
v -1.373394 0.597822 -0.296458
v -1.278423 0.632692 -0.223822
v -1.298943 -0.260375 0.601411
v -1.292449 -0.235022 0.626790
v -1.325999 -0.182570 0.601411
v -1.298943 -0.260375 -0.602453
v -1.325999 -0.182570 -0.602453
v -1.292449 -0.235022 -0.627833
v -1.380358 -0.606043 0.399643
v -1.376132 -0.629218 0.473573
v -1.397978 -0.606043 0.461984
v -1.352984 -0.631947 0.398908
v -1.417792 -0.606043 0.501563
v -1.408860 -0.623937 0.518175
v -1.464877 -0.606043 0.549605
v -1.417792 -0.606043 0.501563
v -1.380358 -0.606043 -0.400965
v -1.376132 -0.629218 -0.474894
v -1.352984 -0.631948 -0.400229
v -1.397978 -0.606043 -0.463305
v -1.417792 -0.606043 -0.502884
v -1.408860 -0.623937 -0.519497
v -1.417792 -0.606043 -0.502884
v -1.464877 -0.606043 -0.550925
v -1.278423 0.632692 0.222500
v -1.208280 0.597822 0.178325
v -1.295522 0.597822 0.190333
v -1.218400 0.632699 0.213367
v -1.278423 0.632692 -0.223822
v -1.208280 0.597822 -0.179647
v -1.218400 0.632699 -0.214688
v -1.295522 0.597822 -0.191654
v -1.295522 -0.606043 0.190333
v -1.338550 -0.639602 0.299423
v -1.373394 -0.606043 0.295137
v -1.278423 -0.640913 0.222500
v -1.295522 -0.606043 -0.191654
v -1.338550 -0.639602 -0.300746
v -1.278423 -0.640913 -0.223822
v -1.373394 -0.606043 -0.296458
v -1.275817 0.597822 0.362495
v -1.262141 0.618731 0.345823
v -1.268930 0.597822 0.294975
v -1.275817 0.597822 -0.363817
v -1.268931 0.597822 -0.296297
v -1.262141 0.618731 -0.347145
v -1.278423 -0.640913 0.222500
v -1.208280 -0.606043 0.178325
v -1.218400 -0.640920 0.213367
v -1.295522 -0.606043 0.190333
v -1.278423 -0.640913 -0.223822
v -1.208280 -0.606043 -0.179647
v -1.295522 -0.606043 -0.191654
v -1.218400 -0.640920 -0.214689
v -1.275817 -0.606043 0.362495
v -1.268930 -0.606043 0.294975
v -1.262141 -0.626953 0.345823
v -1.275817 -0.606043 -0.363817
v -1.262141 -0.626953 -0.347145
v -1.268930 -0.606043 -0.296297
v -1.425706 -0.619018 0.285404
v -1.424699 -0.606043 0.264155
v -1.416395 -0.606043 0.274780
v -1.440264 -0.620343 0.265144
v -1.393882 -0.606043 0.286047
v -1.425706 -0.619018 0.285404
v -1.425706 -0.619018 -0.286725
v -1.416395 -0.606043 -0.276101
v -1.424699 -0.606043 -0.265476
v -1.440264 -0.620343 -0.266467
v -1.425706 -0.619018 -0.286725
v -1.393882 -0.606043 -0.287369
v -1.408860 -0.588149 0.518175
v -1.464877 -0.606043 0.549605
v -1.400655 -0.606043 0.534730
v -1.408860 -0.588148 -0.519497
v -1.400655 -0.606043 -0.536052
v -1.464877 -0.606043 -0.550925
v -1.435032 -0.606043 0.295000
v -1.393882 -0.606043 0.286047
v -1.425706 -0.593068 0.285404
v -1.435032 -0.606043 -0.296320
v -1.425706 -0.593068 -0.286727
v -1.393882 -0.606043 -0.287369
v -1.408859 0.579926 0.518175
v -1.400655 0.597822 0.534730
v -1.464877 0.597822 0.549605
v -1.408859 0.579926 -0.519497
v -1.464877 0.597822 -0.550925
v -1.400655 0.597822 -0.536052
v -1.365435 0.491366 0.579692
v -1.410933 0.554672 0.601411
v -1.347917 0.505370 0.601411
v -1.365435 0.491366 -0.580734
v -1.347917 0.505370 -0.602453
v -1.410933 0.554672 -0.602453
v -1.440264 -0.591743 0.265144
v -1.435032 -0.606043 0.295000
v -1.425706 -0.593068 0.285404
v -1.454953 -0.606043 0.265829
v -1.435032 -0.606043 -0.296320
v -1.440264 -0.591743 -0.266467
v -1.425706 -0.593068 -0.286727
v -1.454953 -0.606043 -0.267150
v -1.365435 -0.499867 0.579692
v -1.347917 -0.513871 0.601411
v -1.410933 -0.563173 0.601411
v -1.365435 -0.499867 -0.580734
v -1.410933 -0.563173 -0.602453
v -1.347917 -0.513871 -0.602453
v -1.228513 -0.606043 0.249469
v -1.278422 -0.571172 0.222500
v -1.260649 -0.606043 0.255601
v -1.218400 -0.571166 0.213366
v -1.303209 -0.606043 0.304527
v -1.338550 -0.572483 0.299423
v -1.278422 -0.571172 -0.223822
v -1.228513 -0.606043 -0.250791
v -1.260649 -0.606043 -0.256922
v -1.218400 -0.571166 -0.214688
v -1.303209 -0.606043 -0.305849
v -1.338550 -0.572483 -0.300746
v -1.218400 -0.571166 0.213366
v -1.192547 -0.606043 0.266531
v -1.166878 -0.575984 0.246801
v -1.228513 -0.606043 0.249469
v -1.218400 -0.571166 -0.214688
v -1.192547 -0.606043 -0.267853
v -1.228513 -0.606043 -0.250791
v -1.166878 -0.575984 -0.248122
v -1.354761 -0.606043 0.485002
v -1.325838 -0.606043 0.398018
v -1.352982 -0.580138 0.398908
v -1.376132 -0.582868 0.473573
v -1.408860 -0.588149 0.518175
v -1.400655 -0.606043 0.534730
v -1.325838 -0.606043 -0.399340
v -1.354761 -0.606043 -0.486323
v -1.352982 -0.580138 -0.400229
v -1.376132 -0.582867 -0.474894
v -1.408860 -0.588148 -0.519497
v -1.400655 -0.606043 -0.536052
v -1.278422 0.562951 0.222500
v -1.228513 0.597822 0.249469
v -1.260649 0.597822 0.255601
v -1.218400 0.562944 0.213366
v -1.303209 0.597822 0.304527
v -1.338549 0.564262 0.299423
v -1.228513 0.597822 -0.250791
v -1.278422 0.562951 -0.223820
v -1.260649 0.597822 -0.256922
v -1.218400 0.562944 -0.214688
v -1.303209 0.597822 -0.305849
v -1.338549 0.564262 -0.300746
v -1.312276 0.058380 0.559080
v -1.256568 0.103600 0.601411
v -1.238451 0.068730 0.564929
v -1.304882 0.103280 0.601411
v -1.312277 0.058380 -0.560122
v -1.256568 0.103600 -0.602453
v -1.304882 0.103280 -0.602453
v -1.238451 0.068730 -0.565970
v -1.428904 -0.589185 0.231116
v -1.454953 -0.606043 0.265829
v -1.440264 -0.591743 0.265144
v -1.441597 -0.606043 0.218981
v -1.454953 -0.606043 -0.267150
v -1.428904 -0.589185 -0.232439
v -1.440264 -0.591743 -0.266467
v -1.441597 -0.606043 -0.220303
v -1.304882 0.103280 0.601411
v -1.373616 0.099214 0.559088
v -1.337087 0.126510 0.601411
v -1.312276 0.058380 0.559080
v -1.373616 0.099214 -0.560130
v -1.304882 0.103280 -0.602453
v -1.337087 0.126510 -0.602453
v -1.312277 0.058380 -0.560122
v -1.365435 0.491366 0.579692
v -1.322941 0.427127 0.601411
v -1.352311 0.425517 0.573283
v -1.347917 0.505370 0.601411
v -1.322942 0.427127 -0.602453
v -1.365435 0.491366 -0.580734
v -1.352312 0.425517 -0.574325
v -1.347917 0.505370 -0.602453
v -1.325838 0.597822 0.398018
v -1.354760 0.597822 0.485002
v -1.352982 0.571917 0.398908
v -1.376131 0.574646 0.473573
v -1.408859 0.579926 0.518175
v -1.400655 0.597822 0.534730
v -1.354760 0.597822 -0.486323
v -1.325838 0.597822 -0.399340
v -1.352982 0.571917 -0.400229
v -1.376131 0.574646 -0.474894
v -1.408859 0.579926 -0.519497
v -1.400655 0.597822 -0.536052
v -1.338550 -0.572483 0.299423
v -1.352982 -0.580138 0.398908
v -1.325838 -0.606043 0.398018
v -1.303209 -0.606043 0.304527
v -1.303209 -0.606043 -0.305849
v -1.325838 -0.606043 -0.399340
v -1.338550 -0.572483 -0.300746
v -1.352982 -0.580138 -0.400229
v -1.322941 -0.435628 0.601411
v -1.365435 -0.499867 0.579692
v -1.352311 -0.434018 0.573283
v -1.347917 -0.513871 0.601411
v -1.365435 -0.499867 -0.580734
v -1.322941 -0.435628 -0.602453
v -1.352312 -0.434018 -0.574325
v -1.347917 -0.513871 -0.602453
v -1.238451 0.068730 0.564929
v -1.227879 0.126979 0.601411
v -1.194318 0.114729 0.568470
v -1.256568 0.103600 0.601411
v -1.238451 0.068730 -0.565970
v -1.227879 0.126979 -0.602453
v -1.256568 0.103600 -0.602453
v -1.194318 0.114730 -0.569511
v -1.179265 -0.606043 0.293978
v -1.166878 -0.575984 0.246801
v -1.192547 -0.606043 0.266531
v -1.149939 -0.578902 0.296517
v -1.179265 -0.606043 -0.295298
v -1.166878 -0.575984 -0.248122
v -1.149939 -0.578902 -0.297838
v -1.192547 -0.606043 -0.267853
v -1.312276 -0.066881 0.559080
v -1.256568 -0.112101 0.601411
v -1.304882 -0.111781 0.601411
v -1.238451 -0.077231 0.564929
v -1.312277 -0.066881 -0.560122
v -1.256568 -0.112101 -0.602453
v -1.238451 -0.077231 -0.565970
v -1.304882 -0.111781 -0.602453
v -1.218400 0.562944 0.213366
v -1.192547 0.597821 0.266531
v -1.228513 0.597822 0.249469
v -1.166878 0.567763 0.246801
v -1.179265 0.597822 0.293978
v -1.192547 0.597821 0.266531
v -1.149939 0.570681 0.296517
v -1.218400 0.562944 -0.214688
v -1.192547 0.597821 -0.267852
v -1.166878 0.567763 -0.248122
v -1.228513 0.597822 -0.250791
v -1.179265 0.597822 -0.295298
v -1.149939 0.570681 -0.297838
v -1.192547 0.597821 -0.267852
v -1.373616 -0.107715 0.559088
v -1.304882 -0.111781 0.601411
v -1.337087 -0.135011 0.601411
v -1.312276 -0.066881 0.559080
v -1.304882 -0.111781 -0.602453
v -1.373616 -0.107715 -0.560130
v -1.337087 -0.135011 -0.602453
v -1.312277 -0.066881 -0.560122
v -1.337087 0.126510 0.601411
v -1.400299 0.214673 0.560679
v -1.358807 0.202160 0.601411
v -1.373616 0.099214 0.559088
v -1.337087 0.126510 -0.602453
v -1.400299 0.214673 -0.561721
v -1.373616 0.099214 -0.560130
v -1.358809 0.202160 -0.602453
v -1.396049 -0.610794 -0.070752
v -1.527470 -0.610794 -0.000660
v -1.308434 -0.544387 -0.000660
v -1.308434 -0.544387 -0.000660
v -1.527470 -0.610794 -0.000660
v -1.396049 -0.610794 0.069431
v -1.308434 -0.544387 -0.000660
v -1.089398 -0.610794 -0.000660
v -1.220819 -0.610794 -0.070752
v -1.308434 -0.544387 -0.000660
v -1.220818 -0.610794 0.069431
v -1.089398 -0.610794 -0.000660
v -1.238451 -0.077231 0.564929
v -1.227879 -0.135480 0.601411
v -1.256568 -0.112101 0.601411
v -1.194318 -0.123229 0.568470
v -1.238451 -0.077231 -0.565970
v -1.227879 -0.135480 -0.602453
v -1.194318 -0.123231 -0.569511
v -1.256568 -0.112101 -0.602453
v -1.308434 -0.544387 -0.000660
v -1.396049 -0.610794 0.069431
v -1.308434 -0.610794 0.174569
v -1.308434 -0.610794 -0.175890
v -1.396049 -0.610794 -0.070752
v -1.308434 -0.544387 -0.000660
v -1.308434 -0.544387 -0.000660
v -1.220819 -0.610794 -0.070752
v -1.308434 -0.610794 -0.175890
v -1.303209 0.597822 0.304527
v -1.325838 0.597822 0.398018
v -1.338549 0.564262 0.299423
v -1.352982 0.571917 0.398908
v -1.338549 0.564262 -0.300746
v -1.352982 0.571917 -0.400229
v -1.325838 0.597822 -0.399340
v -1.303209 0.597822 -0.305849
v -1.308434 -0.544387 -0.000660
v -1.308434 -0.610794 0.174569
v -1.220818 -0.610794 0.069431
v -1.400299 -0.223174 0.560679
v -1.337087 -0.135011 0.601411
v -1.358807 -0.210661 0.601411
v -1.373616 -0.107715 0.559088
v -1.400299 -0.223175 -0.561721
v -1.337087 -0.135011 -0.602453
v -1.373616 -0.107715 -0.560130
v -1.358809 -0.210661 -0.602453
v -1.424699 -0.606043 0.264155
v -1.425706 -0.593068 0.285404
v -1.416395 -0.606043 0.274780
v -1.393882 -0.606043 0.286047
v -1.440264 -0.591743 0.265144
v -1.428904 -0.589185 0.231116
v -1.415646 -0.606043 0.243466
v -1.399514 -0.606043 0.230693
v -1.403124 -0.589202 0.212788
v -1.371290 -0.587392 0.219768
v -1.381667 -0.606043 0.236969
v -1.425706 -0.593068 -0.286727
v -1.424699 -0.606043 -0.265476
v -1.416395 -0.606043 -0.276101
v -1.393882 -0.606043 -0.287369
v -1.440264 -0.591743 -0.266467
v -1.428904 -0.589185 -0.232439
v -1.415646 -0.606043 -0.244787
v -1.399514 -0.606043 -0.232014
v -1.403124 -0.589202 -0.214109
v -1.371290 -0.587392 -0.221089
v -1.381667 -0.606043 -0.238291
v -1.308434 0.519924 -0.000660
v -1.527471 0.602094 -0.000660
v -1.396049 0.602094 -0.070752
v -1.396049 0.602094 0.069431
v -1.527471 0.602094 -0.000660
v -1.308434 0.519924 -0.000660
v -1.089398 0.602094 -0.000660
v -1.220820 0.602094 0.069431
v -1.308434 0.519924 -0.000660
v -1.220820 0.602094 -0.070752
v -1.089398 0.602094 -0.000660
v -1.308434 0.519924 -0.000660
v -1.441597 -0.606043 0.218981
v -1.403124 -0.589202 0.212788
v -1.406596 -0.606043 0.195694
v -1.428904 -0.589185 0.231116
v -1.441597 -0.606043 -0.220303
v -1.403124 -0.589202 -0.214109
v -1.428904 -0.589185 -0.232439
v -1.406596 -0.606043 -0.197016
v -1.308434 0.519924 -0.000660
v -1.396049 0.602094 -0.070752
v -1.308434 0.602094 -0.175890
v -1.308434 0.602094 0.174569
v -1.396049 0.602094 0.069431
v -1.308434 0.519924 -0.000660
v -1.308434 0.602094 -0.175890
v -1.220820 0.602094 -0.070752
v -1.308434 0.519924 -0.000660
v -1.220820 0.602094 0.069431
v -1.308434 0.602094 0.174569
v -1.308434 0.519924 -0.000660
v -1.335743 -0.325109 0.601411
v -1.322941 -0.435628 0.601411
v -1.365147 -0.340010 0.569970
v -1.352311 -0.434018 0.573283
v -1.322941 -0.435628 -0.602453
v -1.365147 -0.340010 -0.571012
v -1.352312 -0.434018 -0.574325
v -1.335743 -0.325110 -0.602453
v -1.322941 0.427127 0.601411
v -1.365147 0.331510 0.569970
v -1.352311 0.425517 0.573283
v -1.335743 0.316608 0.601411
v -1.335743 0.316608 -0.602453
v -1.322942 0.427127 -0.602453
v -1.365147 0.331510 -0.571012
v -1.352312 0.425517 -0.574325
v -1.365147 -0.340010 0.569970
v -1.400299 -0.223174 0.560679
v -1.335743 -0.325109 0.601411
v -1.358807 -0.210661 0.601411
v -1.335743 -0.325110 -0.602453
v -1.400299 -0.223175 -0.561721
v -1.365147 -0.340010 -0.571012
v -1.358809 -0.210661 -0.602453
v -1.198593 -0.184957 0.568435
v -1.258017 -0.211656 0.601411
v -1.232731 -0.175434 0.601411
v -1.243785 -0.238638 0.573438
v -1.227879 -0.135480 0.601411
v -1.198593 -0.184957 0.568435
v -1.194318 -0.123229 0.568470
v -1.198593 -0.184957 -0.569477
v -1.258017 -0.211656 -0.602453
v -1.243785 -0.238638 -0.574481
v -1.232732 -0.175434 -0.602453
v -1.227879 -0.135480 -0.602453
v -1.198593 -0.184957 -0.569477
v -1.194318 -0.123231 -0.569511
v -1.335743 0.316608 0.601411
v -1.400299 0.214673 0.560679
v -1.365147 0.331510 0.569970
v -1.358807 0.202160 0.601411
v -1.365147 0.331510 -0.571012
v -1.400299 0.214673 -0.561721
v -1.335743 0.316608 -0.602453
v -1.358809 0.202160 -0.602453
v -1.198593 0.176456 0.568435
v -1.258017 0.203155 0.601411
v -1.243785 0.230137 0.573438
v -1.232731 0.166933 0.601411
v -1.227879 0.126979 0.601411
v -1.198593 0.176456 0.568435
v -1.194318 0.114729 0.568470
v -1.198593 0.176456 -0.569477
v -1.258017 0.203155 -0.602453
v -1.232732 0.166933 -0.602453
v -1.243785 0.230137 -0.574481
v -1.227879 0.126979 -0.602453
v -1.198593 0.176456 -0.569477
v -1.194318 0.114730 -0.569511
v -1.292449 -0.235020 -0.577075
v -1.258017 -0.211656 -0.602453
v -1.284224 -0.208640 -0.602453
v -1.243785 -0.238638 -0.574481
v -1.325999 -0.182570 -0.602453
v -1.292449 -0.235020 -0.577075
v -1.292449 -0.235020 0.576032
v -1.258017 -0.211656 0.601411
v -1.243785 -0.238638 0.573438
v -1.284222 -0.208640 0.601411
v -1.292449 -0.235020 0.576032
v -1.325999 -0.182570 0.601411
v -1.406596 -0.606043 0.195694
v -1.371290 -0.587392 0.219768
v -1.361303 -0.606043 0.203083
v -1.403124 -0.589202 0.212788
v -1.406596 -0.606043 -0.197016
v -1.371290 -0.587392 -0.221089
v -1.403124 -0.589202 -0.214109
v -1.361303 -0.606043 -0.204405
v -1.246812 -0.606043 0.328989
v -1.262141 -0.585132 0.345823
v -1.228294 -0.606043 0.340365
v -1.227062 -0.582995 0.365469
v -1.268930 -0.606043 0.294975
v -1.262141 -0.585132 0.345823
v -1.228294 -0.606043 -0.341686
v -1.227062 -0.582997 -0.366790
v -1.262141 -0.585132 -0.347144
v -1.246812 -0.606043 -0.330310
v -1.262141 -0.585132 -0.347144
v -1.268930 -0.606043 -0.296297
v -1.408925 -0.081103 0.601411
v -1.312276 -0.066881 0.559080
v -1.373616 -0.107715 0.559088
v -1.319118 -0.023145 0.601411
v -1.440827 -0.236333 0.601411
v -1.220800 -0.043540 0.601411
v -1.400299 -0.223174 0.560679
v -1.238451 -0.077231 0.564929
v -1.365147 -0.340010 0.569970
v -1.194318 -0.123229 0.568470
v -1.394882 -0.354862 0.601411
v -1.162248 -0.111579 0.601411
v -1.352311 -0.434018 0.573283
v -1.165388 -0.193754 0.601411
v -1.382288 -0.432476 0.601411
v -1.198593 -0.184957 0.568435
v -1.383780 -0.486176 0.601411
v -1.365435 -0.499867 0.579692
v -1.410933 -0.563173 0.601411
v -1.229936 -0.263848 0.601411
v -1.243785 -0.238638 0.573438
v -1.298943 -0.260375 0.601411
v -1.292449 -0.235020 0.576032
v -1.325999 -0.182570 0.601411
v -1.312277 -0.066881 -0.560122
v -1.408925 -0.081103 -0.602453
v -1.373616 -0.107715 -0.560130
v -1.319118 -0.023145 -0.602453
v -1.440827 -0.236333 -0.602453
v -1.220800 -0.043540 -0.602453
v -1.400299 -0.223175 -0.561721
v -1.238451 -0.077231 -0.565970
v -1.365147 -0.340010 -0.571012
v -1.194318 -0.123231 -0.569511
v -1.394882 -0.354862 -0.602453
v -1.162248 -0.111581 -0.602453
v -1.352312 -0.434018 -0.574325
v -1.165388 -0.193754 -0.602453
v -1.382288 -0.432476 -0.602453
v -1.198593 -0.184957 -0.569477
v -1.383780 -0.486176 -0.602453
v -1.365435 -0.499867 -0.580734
v -1.410933 -0.563173 -0.602453
v -1.229936 -0.263849 -0.602453
v -1.243785 -0.238638 -0.574481
v -1.298943 -0.260375 -0.602453
v -1.292449 -0.235020 -0.577075
v -1.325999 -0.182570 -0.602453
v -1.408925 0.072602 -0.602453
v -1.312277 0.058380 -0.560122
v -1.373616 0.099214 -0.560130
v -1.319118 0.014644 -0.602453
v -1.440828 0.227832 -0.602453
v -1.220800 0.035039 -0.602453
v -1.400299 0.214673 -0.561721
v -1.238451 0.068730 -0.565970
v -1.365147 0.331510 -0.571012
v -1.194318 0.114730 -0.569511
v -1.394882 0.346361 -0.602453
v -1.162248 0.103080 -0.602453
v -1.352312 0.425517 -0.574325
v -1.165388 0.185253 -0.602453
v -1.382288 0.423975 -0.602453
v -1.198593 0.176456 -0.569477
v -1.383780 0.477675 -0.602453
v -1.365435 0.491366 -0.580734
v -1.410933 0.554672 -0.602453
v -1.229936 0.255349 -0.602453
v -1.243785 0.230137 -0.574481
v -1.298943 0.251875 -0.602453
v -1.292449 0.226519 -0.577075
v -1.325999 0.174069 -0.602453
v -1.312276 0.058380 0.559080
v -1.408925 0.072602 0.601411
v -1.373616 0.099214 0.559088
v -1.319118 0.014644 0.601411
v -1.440827 0.227832 0.601411
v -1.220800 0.035039 0.601411
v -1.400299 0.214673 0.560679
v -1.238451 0.068730 0.564929
v -1.365147 0.331510 0.569970
v -1.194318 0.114729 0.568470
v -1.394882 0.346361 0.601411
v -1.162248 0.103079 0.601411
v -1.352311 0.425517 0.573283
v -1.165388 0.185253 0.601411
v -1.382288 0.423975 0.601411
v -1.198593 0.176456 0.568435
v -1.383780 0.477675 0.601411
v -1.365435 0.491366 0.579692
v -1.410933 0.554672 0.601411
v -1.229936 0.255349 0.601411
v -1.243785 0.230137 0.573438
v -1.298943 0.251875 0.601411
v -1.292449 0.226519 0.576032
v -1.325999 0.174069 0.601411
v -1.208280 -0.606043 0.178325
v -1.295522 -0.606043 0.190333
v -1.278422 -0.571172 0.222500
v -1.338550 -0.572483 0.299423
v -1.218400 -0.571166 0.213366
v -1.373394 -0.606043 0.295137
v -1.141966 -0.606043 0.227788
v -1.352982 -0.580138 0.398908
v -1.166878 -0.575984 0.246801
v -1.380358 -0.606043 0.399643
v -1.149939 -0.578902 0.296517
v -1.376132 -0.582868 0.473573
v -1.121935 -0.606043 0.298984
v -1.397978 -0.606043 0.461984
v -1.152893 -0.606043 0.359251
v -1.417792 -0.606043 0.501563
v -1.408860 -0.588149 0.518175
v -1.464877 -0.606043 0.549605
v -1.174624 -0.578873 0.341120
v -1.225498 -0.606043 0.389116
v -1.227062 -0.582995 0.365469
v -1.275817 -0.606043 0.362495
v -1.262141 -0.585132 0.345823
v -1.268930 -0.606043 0.294975
v -1.295522 -0.606043 -0.191654
v -1.208280 -0.606043 -0.179647
v -1.278422 -0.571172 -0.223822
v -1.218400 -0.571166 -0.214688
v -1.338550 -0.572483 -0.300746
v -1.141966 -0.606043 -0.229111
v -1.373394 -0.606043 -0.296458
v -1.166878 -0.575984 -0.248122
v -1.352982 -0.580138 -0.400229
v -1.149939 -0.578902 -0.297838
v -1.380358 -0.606043 -0.400965
v -1.121935 -0.606043 -0.300305
v -1.376132 -0.582867 -0.474894
v -1.152893 -0.606043 -0.360572
v -1.397978 -0.606043 -0.463305
v -1.174624 -0.578873 -0.342442
v -1.417792 -0.606043 -0.502884
v -1.408860 -0.588148 -0.519497
v -1.464877 -0.606043 -0.550925
v -1.225498 -0.606043 -0.390438
v -1.227062 -0.582997 -0.366790
v -1.275817 -0.606043 -0.363817
v -1.262141 -0.585132 -0.347144
v -1.268930 -0.606043 -0.296297
v -1.292449 0.226519 -0.577075
v -1.258017 0.203155 -0.602453
v -1.243785 0.230137 -0.574481
v -1.284224 0.200140 -0.602453
v -1.292449 0.226519 -0.577075
v -1.325999 0.174069 -0.602453
v -1.292449 0.226519 0.576032
v -1.258017 0.203155 0.601411
v -1.284222 0.200140 0.601411
v -1.243785 0.230137 0.573438
v -1.325999 0.174069 0.601411
v -1.292449 0.226519 0.576032
v -1.174624 -0.578873 0.341120
v -1.228294 -0.606043 0.340365
v -1.227062 -0.582995 0.365469
v -1.196802 -0.606043 0.322122
v -1.179265 -0.606043 0.293978
v -1.174624 -0.578873 0.341120
v -1.149939 -0.578902 0.296517
v -1.174624 -0.578873 -0.342442
v -1.228294 -0.606043 -0.341686
v -1.196802 -0.606043 -0.323444
v -1.227062 -0.582997 -0.366790
v -1.179265 -0.606043 -0.295298
v -1.174624 -0.578873 -0.342442
v -1.149939 -0.578902 -0.297838
v -1.228293 0.597822 0.340365
v -1.227062 0.574774 0.365469
v -1.262141 0.576911 0.345823
v -1.246812 0.597822 0.328988
v -1.262141 0.576911 0.345823
v -1.268930 0.597822 0.294975
v -1.246812 0.597822 -0.330310
v -1.262141 0.576911 -0.347144
v -1.228293 0.597822 -0.341686
v -1.227062 0.574774 -0.366790
v -1.268931 0.597822 -0.296297
v -1.262141 0.576911 -0.347144
v -1.149939 0.570681 0.296517
v -1.174624 0.570652 0.341120
v -1.179265 0.597822 0.293978
v -1.196800 0.597821 0.322122
v -1.149939 0.570681 -0.297838
v -1.179265 0.597822 -0.295298
v -1.174624 0.570652 -0.342442
v -1.196800 0.597821 -0.323444
v -1.295522 0.597822 0.190333
v -1.208280 0.597822 0.178325
v -1.278422 0.562951 0.222500
v -1.218400 0.562944 0.213366
v -1.338549 0.564262 0.299423
v -1.141966 0.597822 0.227788
v -1.373394 0.597822 0.295137
v -1.166878 0.567763 0.246801
v -1.352982 0.571917 0.398908
v -1.149939 0.570681 0.296517
v -1.380358 0.597822 0.399643
v -1.121935 0.597821 0.298984
v -1.376131 0.574646 0.473573
v -1.152893 0.597821 0.359251
v -1.397978 0.597822 0.461984
v -1.174624 0.570652 0.341120
v -1.417791 0.597822 0.501563
v -1.408859 0.579926 0.518175
v -1.464877 0.597822 0.549605
v -1.225498 0.597822 0.389116
v -1.227062 0.574774 0.365469
v -1.275817 0.597822 0.362495
v -1.262141 0.576911 0.345823
v -1.268930 0.597822 0.294975
v -1.208280 0.597822 -0.179647
v -1.295522 0.597822 -0.191654
v -1.278422 0.562951 -0.223820
v -1.338549 0.564262 -0.300746
v -1.218400 0.562944 -0.214688
v -1.373394 0.597822 -0.296458
v -1.141966 0.597822 -0.229111
v -1.352982 0.571917 -0.400229
v -1.166878 0.567763 -0.248122
v -1.380358 0.597822 -0.400964
v -1.149939 0.570681 -0.297838
v -1.376131 0.574646 -0.474894
v -1.121936 0.597821 -0.300305
v -1.397978 0.597822 -0.463305
v -1.152893 0.597821 -0.360572
v -1.417791 0.597822 -0.502884
v -1.408859 0.579926 -0.519497
v -1.464877 0.597822 -0.550925
v -1.174624 0.570652 -0.342442
v -1.225498 0.597822 -0.390438
v -1.227062 0.574774 -0.366790
v -1.275817 0.597822 -0.363817
v -1.262141 0.576911 -0.347144
v -1.268931 0.597822 -0.296297
v -1.174624 0.570652 0.341120
v -1.228293 0.597822 0.340365
v -1.196800 0.597821 0.322122
v -1.227062 0.574774 0.365469
v -1.174624 0.570652 -0.342442
v -1.228293 0.597822 -0.341686
v -1.227062 0.574774 -0.366790
v -1.196800 0.597821 -0.323444
vn 0.3427 0.7027 0.6235
vn 0.0041 0.7210 0.6929
vn 0.6025 0.7081 0.3682
vn -0.1035 0.7201 0.6861
vn 0.0040 0.7210 -0.6929
vn 0.3427 0.7027 -0.6235
vn 0.6025 0.7081 -0.3681
vn -0.1035 0.7201 -0.6861
vn 0.0034 0.7214 0.6925
vn 0.5032 0.7031 0.5024
vn 0.2163 0.7181 0.6615
vn 0.5877 0.7031 0.4004
vn -0.2243 0.7240 0.6523
vn 0.6653 0.7210 0.1935
vn -0.3899 0.7246 0.5682
vn 0.6740 0.7188 0.1703
vn -0.6215 0.7156 0.3188
vn 0.6700 0.7123 0.2089
vn -0.6614 0.7493 -0.0328
vn 0.6548 0.7112 0.2556
vn -0.6639 0.7475 0.0219
vn 0.5604 0.7100 0.4264
vn -0.5851 0.7171 -0.3787
vn 0.2525 0.7195 0.6470
vn 0.4743 0.7131 0.5162
vn 0.1592 0.7088 0.6872
vn -0.3958 0.7134 -0.5783
vn 0.0348 0.7491 -0.6616
vn -0.0587 0.7488 -0.6602
vn 0.5443 0.7279 -0.4170
vn 0.3825 0.7138 -0.5867
vn 0.5771 0.7253 -0.3753
vn 0.0034 0.7214 -0.6925
vn 0.2163 0.7181 -0.6615
vn 0.5032 0.7031 -0.5024
vn 0.5877 0.7031 -0.4004
vn -0.2243 0.7240 -0.6523
vn 0.6653 0.7210 -0.1935
vn -0.3899 0.7246 -0.5682
vn 0.6740 0.7188 -0.1703
vn -0.6215 0.7156 -0.3188
vn 0.6700 0.7123 -0.2089
vn -0.6614 0.7493 0.0328
vn 0.6548 0.7112 -0.2556
vn -0.6639 0.7475 -0.0219
vn 0.5604 0.7100 -0.4264
vn -0.5850 0.7172 0.3788
vn 0.2525 0.7195 -0.6470
vn 0.4743 0.7131 -0.5163
vn 0.1592 0.7088 -0.6872
vn -0.3958 0.7134 0.5783
vn 0.0348 0.7491 0.6616
vn -0.0587 0.7488 0.6602
vn 0.5443 0.7279 0.4170
vn 0.3816 0.7148 0.5861
vn 0.5771 0.7253 0.3753
vn 0.6852 0.7252 0.0686
vn 0.6025 0.7081 0.3681
vn 0.6907 0.7231 0.0108
vn 0.6852 0.7251 -0.0686
vn 0.6907 0.7231 -0.0108
vn -0.8157 0.5744 0.0685
vn -0.6381 0.6743 0.3716
vn 0.0040 0.7210 0.6929
vn -0.8157 0.5744 -0.0684
vn -0.6381 0.6743 -0.3716
vn 0.3385 0.7517 -0.5660
vn -0.0000 0.8849 -0.4658
vn -0.3385 0.7517 -0.5660
vn 0.4728 0.7720 -0.4248
vn 0.3881 0.9216 -0.0000
vn -0.4728 0.7720 -0.4248
vn -0.3885 0.9215 -0.0000
vn -0.3385 0.7517 0.5660
vn -0.4728 0.7720 0.4248
vn -0.0000 0.8849 0.4657
vn 0.0040 -0.7210 0.6929
vn 0.3427 -0.7027 0.6235
vn 0.6025 -0.7081 0.3681
vn -0.1035 -0.7201 0.6861
vn 0.3427 -0.7027 -0.6235
vn 0.0041 -0.7210 -0.6929
vn 0.6025 -0.7082 -0.3681
vn -0.1035 -0.7201 -0.6861
vn -0.7202 0.3974 0.5687
vn 0.0717 0.7027 0.7079
vn 0.4620 0.5412 0.7026
vn -0.4062 0.6139 0.6768
vn -0.7202 0.3974 -0.5687
vn 0.0717 0.7027 -0.7079
vn -0.4062 0.6139 -0.6768
vn 0.4620 0.5412 -0.7026
vn 0.0034 -0.7214 0.6925
vn 0.2163 -0.7181 0.6615
vn 0.5032 -0.7031 0.5024
vn 0.5877 -0.7031 0.4004
vn -0.2243 -0.7240 0.6523
vn 0.6653 -0.7210 0.1935
vn -0.3899 -0.7246 0.5682
vn 0.6740 -0.7188 0.1703
vn -0.6215 -0.7156 0.3188
vn 0.6700 -0.7123 0.2089
vn -0.6614 -0.7493 -0.0329
vn 0.6548 -0.7112 0.2557
vn -0.6639 -0.7475 0.0219
vn 0.5604 -0.7100 0.4264
vn -0.5850 -0.7171 -0.3787
vn 0.2525 -0.7195 0.6470
vn 0.4743 -0.7131 0.5162
vn 0.1592 -0.7088 0.6872
vn -0.3958 -0.7134 -0.5783
vn 0.0348 -0.7491 -0.6616
vn -0.0587 -0.7488 -0.6602
vn 0.5443 -0.7279 -0.4170
vn 0.3816 -0.7148 -0.5861
vn 0.5772 -0.7253 -0.3753
vn 0.0034 -0.7214 -0.6925
vn 0.5032 -0.7031 -0.5024
vn 0.2163 -0.7181 -0.6615
vn 0.5877 -0.7031 -0.4004
vn -0.2243 -0.7240 -0.6523
vn 0.6653 -0.7210 -0.1935
vn -0.3899 -0.7246 -0.5682
vn 0.6740 -0.7188 -0.1703
vn -0.6215 -0.7156 -0.3187
vn 0.6700 -0.7123 -0.2089
vn -0.6614 -0.7493 0.0329
vn 0.6548 -0.7112 -0.2557
vn -0.6639 -0.7475 -0.0219
vn 0.5604 -0.7100 -0.4264
vn -0.5850 -0.7172 0.3788
vn 0.2525 -0.7195 -0.6470
vn 0.4743 -0.7131 -0.5162
vn 0.1592 -0.7088 -0.6872
vn -0.3958 -0.7134 0.5783
vn 0.0348 -0.7491 0.6616
vn -0.0587 -0.7488 0.6602
vn 0.5443 -0.7279 0.4170
vn 0.3825 -0.7138 0.5867
vn 0.5771 -0.7253 0.3753
vn 0.6104 0.3464 0.7124
vn 0.6973 0.0971 0.7102
vn 0.6104 0.3464 -0.7124
vn 0.6973 0.0971 -0.7102
vn -0.3098 0.7956 0.5205
vn -0.4459 0.8143 0.3716
vn -0.4326 0.8139 0.3879
vn -0.2885 0.7901 0.5409
vn -0.2885 0.7901 -0.5409
vn -0.4326 0.8139 -0.3879
vn -0.3098 0.7957 -0.5205
vn -0.4459 0.8143 -0.3716
vn 0.6851 -0.7252 0.0686
vn 0.6907 -0.7231 0.0108
vn 0.6851 -0.7252 -0.0686
vn 0.6025 -0.7081 -0.3681
vn 0.6907 -0.7231 -0.0108
vn 0.6775 0.2263 0.6999
vn 0.2773 0.6326 0.7231
vn 0.1277 0.6747 0.7270
vn -0.1167 0.6788 0.7250
vn 0.4861 0.4966 0.7191
vn -0.4085 0.5624 0.7189
vn 0.6991 0.0265 0.7145
vn -0.6113 0.2549 0.7493
vn 0.6995 0.0320 0.7139
vn -0.6760 0.0484 0.7353
vn 0.6950 -0.0954 0.7126
vn -0.6875 -0.1079 0.7181
vn 0.6858 -0.1224 0.7175
vn -0.6217 -0.3130 0.7180
vn 0.6998 0.0242 0.7139
vn -0.1085 -0.6685 0.7357
vn 0.6968 0.0702 0.7138
vn -0.5114 -0.4629 0.7240
vn 0.5173 0.4611 0.7210
vn 0.6575 0.2504 0.7107
vn 0.4347 0.5556 0.7088
vn 0.2917 -0.6199 0.7284
vn 0.1222 -0.6851 0.7181
vn 0.3645 -0.5841 0.7253
vn 0.6774 0.2263 -0.6999
vn 0.1277 0.6747 -0.7270
vn 0.2773 0.6326 -0.7231
vn -0.1167 0.6788 -0.7250
vn 0.4861 0.4966 -0.7191
vn -0.4085 0.5624 -0.7189
vn 0.6991 0.0265 -0.7145
vn -0.6113 0.2549 -0.7493
vn 0.6995 0.0320 -0.7139
vn -0.6760 0.0484 -0.7353
vn 0.6950 -0.0954 -0.7126
vn -0.6875 -0.1079 -0.7181
vn 0.6858 -0.1224 -0.7175
vn -0.6217 -0.3130 -0.7180
vn 0.6998 0.0242 -0.7139
vn -0.1085 -0.6685 -0.7357
vn 0.6968 0.0702 -0.7138
vn -0.5114 -0.4629 -0.7240
vn 0.5173 0.4611 -0.7210
vn 0.6574 0.2504 -0.7107
vn 0.4347 0.5556 -0.7088
vn 0.2917 -0.6199 -0.7284
vn 0.1218 -0.6844 -0.7188
vn 0.3645 -0.5841 -0.7253
vn 0.2885 0.7901 0.5409
vn 0.3098 0.7956 0.5205
vn 0.4326 0.8139 0.3879
vn 0.4459 0.8143 0.3716
vn 0.3098 0.7956 -0.5205
vn 0.4459 0.8143 -0.3716
vn 0.4326 0.8139 -0.3879
vn 0.2885 0.7901 -0.5409
vn -0.1036 -0.7201 0.6861
vn -0.8157 -0.5744 0.0684
vn -0.6381 -0.6743 0.3717
vn -0.8157 -0.5744 -0.0685
vn -0.1036 -0.7201 -0.6861
vn -0.6381 -0.6743 -0.3716
vn 0.0040 -0.7210 -0.6929
vn -0.7014 0.0149 0.7126
vn -0.6791 0.1476 0.7190
vn -0.6573 0.2131 0.7228
vn -0.6971 0.0409 0.7158
vn -0.6791 0.1476 -0.7190
vn -0.7014 0.0149 -0.7126
vn -0.6573 0.2131 -0.7228
vn -0.6971 0.0409 -0.7158
vn 0.6774 -0.2263 0.6999
vn 0.1277 -0.6747 0.7270
vn 0.2773 -0.6326 0.7231
vn -0.1167 -0.6788 0.7250
vn 0.4861 -0.4966 0.7191
vn -0.4085 -0.5624 0.7189
vn 0.6991 -0.0265 0.7145
vn -0.6113 -0.2549 0.7493
vn 0.6995 -0.0320 0.7139
vn -0.6760 -0.0484 0.7353
vn 0.6950 0.0954 0.7126
vn -0.6875 0.1079 0.7181
vn 0.6858 0.1224 0.7175
vn -0.6217 0.3130 0.7180
vn 0.6998 -0.0242 0.7139
vn -0.1085 0.6685 0.7357
vn 0.6968 -0.0702 0.7138
vn -0.5114 0.4629 0.7240
vn 0.5173 -0.4611 0.7210
vn 0.6574 -0.2504 0.7107
vn 0.4347 -0.5556 0.7088
vn 0.2917 0.6199 0.7284
vn 0.1218 0.6844 0.7188
vn 0.3645 0.5841 0.7253
vn 0.6775 -0.2263 -0.6999
vn 0.2773 -0.6326 -0.7231
vn 0.1277 -0.6747 -0.7270
vn -0.1167 -0.6788 -0.7250
vn 0.4861 -0.4966 -0.7191
vn -0.4085 -0.5624 -0.7189
vn 0.6991 -0.0265 -0.7145
vn -0.6113 -0.2549 -0.7493
vn 0.6995 -0.0320 -0.7139
vn -0.6760 -0.0484 -0.7353
vn 0.6950 0.0954 -0.7126
vn -0.6875 0.1079 -0.7181
vn 0.6858 0.1224 -0.7175
vn -0.6217 0.3130 -0.7180
vn 0.6998 -0.0242 -0.7139
vn -0.1085 0.6685 -0.7357
vn 0.6968 -0.0702 -0.7138
vn -0.5114 0.4629 -0.7240
vn 0.5173 -0.4611 -0.7210
vn 0.6575 -0.2504 -0.7107
vn 0.4347 -0.5556 -0.7088
vn 0.2917 0.6200 -0.7284
vn 0.1222 0.6851 -0.7181
vn 0.3645 0.5841 -0.7253
vn -0.6791 -0.1476 0.7190
vn -0.7014 -0.0149 0.7126
vn -0.6573 -0.2131 0.7228
vn -0.6971 -0.0409 0.7158
vn -0.7014 -0.0149 -0.7126
vn -0.6791 -0.1476 -0.7190
vn -0.6573 -0.2131 -0.7228
vn -0.6971 -0.0409 -0.7158
vn -0.0000 -0.8849 -0.4658
vn -0.4728 -0.7720 -0.4248
vn -0.3385 -0.7517 -0.5660
vn -0.3881 -0.9216 -0.0000
vn 0.3385 -0.7517 -0.5660
vn -0.3385 -0.7517 0.5660
vn 0.4728 -0.7720 -0.4248
vn 0.3881 -0.9216 -0.0000
vn -0.4728 -0.7720 0.4248
vn -0.0000 -0.8849 0.4658
vn 0.3957 -0.2328 0.8884
vn -0.0067 -0.7429 0.6694
vn 0.2566 -0.7425 0.6188
vn -0.1366 -0.6725 0.7274
vn 0.3956 -0.2329 -0.8884
vn -0.0068 -0.7429 -0.6694
vn -0.1366 -0.6725 -0.7274
vn 0.2566 -0.7425 -0.6188
vn -0.7202 -0.3974 0.5687
vn 0.0717 -0.7027 0.7079
vn -0.4062 -0.6139 0.6768
vn 0.4620 -0.5412 0.7026
vn -0.7202 -0.3974 -0.5687
vn 0.0717 -0.7027 -0.7079
vn 0.4620 -0.5412 -0.7026
vn -0.4062 -0.6139 -0.6768
vn 0.6104 -0.3464 0.7124
vn 0.6973 -0.0971 0.7102
vn 0.6104 -0.3464 -0.7124
vn 0.6973 -0.0971 -0.7102
vn -0.7004 0.0414 0.7125
vn -0.7000 0.0444 0.7127
vn -0.7004 0.0414 -0.7125
vn -0.7000 0.0444 -0.7127
vn -0.7004 -0.0414 0.7125
vn -0.6574 -0.2131 0.7228
vn -0.7000 -0.0444 0.7127
vn -0.7004 -0.0414 -0.7125
vn -0.7000 -0.0444 -0.7127
vn 0.6428 -0.2484 0.7246
vn 0.6104 0.3463 0.7124
vn 0.6959 -0.0543 0.7161
vn 0.6428 -0.2484 -0.7246
vn 0.6958 -0.0543 -0.7161
vn 0.6104 0.3463 -0.7124
vn 0.6428 0.2484 0.7246
vn 0.6104 -0.3463 0.7124
vn 0.6958 0.0543 0.7161
vn 0.6428 0.2484 -0.7246
vn 0.6959 0.0543 -0.7161
vn 0.6104 -0.3463 -0.7124
vn -0.2885 -0.7901 0.5409
vn -0.4326 -0.8139 0.3879
vn -0.3098 -0.7957 0.5205
vn -0.4459 -0.8143 0.3716
vn -0.3098 -0.7956 -0.5205
vn -0.4459 -0.8143 -0.3716
vn -0.4326 -0.8139 -0.3879
vn -0.2885 -0.7901 -0.5409
vn 0.2885 -0.7901 -0.5409
vn 0.3098 -0.7957 -0.5205
vn 0.4326 -0.8139 -0.3879
vn 0.4459 -0.8143 -0.3716
vn 0.3098 -0.7956 0.5205
vn 0.4459 -0.8143 0.3716
vn 0.4326 -0.8139 0.3879
vn 0.2885 -0.7901 0.5409
vn -0.6820 0.7247 -0.0978
vn -0.6869 0.7232 -0.0725
vn -0.6240 0.7031 -0.3409
vn -0.6797 0.7200 -0.1400
vn -0.6820 0.7247 0.0978
vn -0.6869 0.7232 0.0725
vn -0.6797 0.7200 0.1400
vn -0.6240 0.7031 0.3409
vn 0.4728 0.7720 0.4248
vn 0.3385 0.7517 0.5660
vn -0.0000 0.8850 0.4657
vn -0.6945 0.1999 0.6912
vn -0.7014 -0.0148 0.7126
vn -0.4988 0.4919 0.7136
vn -0.6945 0.1999 -0.6912
vn -0.4988 0.4919 -0.7136
vn -0.7014 0.0148 0.7126
vn -0.4988 -0.4920 0.7136
vn -0.6945 -0.1999 0.6912
vn -0.6971 0.0408 -0.7158
vn -0.4988 -0.4919 -0.7136
vn -0.7014 0.0148 -0.7126
vn -0.6945 -0.1999 -0.6912
vn -0.5438 -0.6884 0.4799
vn -0.6822 -0.7217 0.1177
vn 0.0474 -0.5639 0.8245
vn 0.1847 -0.4951 0.8490
vn -0.6962 -0.7177 0.0125
vn -0.4857 -0.7149 -0.5030
vn -0.6759 -0.6970 -0.2394
vn -0.0527 -0.7205 -0.6914
vn -0.2672 -0.7212 -0.6391
vn 0.0765 -0.6617 -0.7458
vn -0.1182 -0.4577 -0.8812
vn 0.0474 -0.5639 -0.8245
vn -0.6822 -0.7217 -0.1177
vn -0.5439 -0.6884 -0.4799
vn 0.1847 -0.4951 -0.8490
vn -0.6962 -0.7177 -0.0125
vn -0.4857 -0.7149 0.5030
vn -0.6759 -0.6970 0.2395
vn -0.0527 -0.7205 0.6914
vn -0.2672 -0.7212 0.6391
vn 0.0765 -0.6617 0.7458
vn -0.1182 -0.4577 0.8812
vn 0.6959 0.0543 0.7161
vn 0.4927 0.5085 0.7062
vn 0.6428 0.2486 0.7246
vn 0.2363 0.6587 0.7143
vn -0.0479 0.6858 0.7262
vn -0.2312 0.6523 0.7218
vn 0.6428 0.2486 -0.7246
vn 0.4927 0.5084 -0.7062
vn 0.2363 0.6587 -0.7143
vn -0.0479 0.6858 -0.7262
vn -0.2313 0.6523 -0.7218
vn 0.6703 0.7036 -0.2361
vn 0.6852 0.7252 0.0685
vn 0.4960 0.7147 -0.4932
vn 0.0409 0.7192 -0.6936
vn 0.4959 0.7147 -0.4932
vn 0.3199 0.7205 -0.6152
vn 0.6703 0.7036 0.2361
vn 0.6852 0.7252 -0.0685
vn 0.4959 0.7147 0.4932
vn 0.0408 0.7192 0.6936
vn 0.3200 0.7205 0.6152
vn -0.2313 0.6523 0.7218
vn -0.4988 0.4920 0.7136
vn -0.4988 0.4920 -0.7136
vn 0.6305 -0.7109 0.3115
vn 0.6587 -0.7497 -0.0633
vn 0.6654 -0.7453 0.0430
vn 0.4717 -0.7201 0.5089
vn 0.6305 -0.7109 -0.3115
vn 0.6587 -0.7497 0.0633
vn 0.4717 -0.7201 -0.5089
vn 0.6654 -0.7453 -0.0430
vn -0.0067 -0.7429 -0.6694
vn 0.6305 -0.7109 -0.3116
vn -0.6856 0.1615 0.7099
vn -0.7047 0.0760 0.7054
vn -0.6648 0.2344 0.7093
vn -0.6856 0.1615 -0.7099
vn -0.7047 0.0760 -0.7054
vn -0.6648 0.2344 -0.7093
vn -0.6820 -0.7247 -0.0978
vn -0.6869 -0.7232 -0.0725
vn -0.6797 -0.7200 -0.1400
vn -0.6240 -0.7031 -0.3409
vn -0.6820 -0.7247 0.0978
vn -0.6869 -0.7232 0.0725
vn -0.6240 -0.7031 0.3409
vn -0.6797 -0.7200 0.1400
vn -0.6856 -0.1615 0.7099
vn -0.7047 -0.0760 0.7054
vn -0.6648 -0.2344 0.7093
vn -0.7047 -0.0760 -0.7054
vn -0.6856 -0.1615 -0.7099
vn -0.6648 -0.2344 -0.7093
vn 0.3385 -0.7517 0.5660
vn 0.4728 -0.7720 0.4248
vn -0.6676 0.7154 -0.2062
vn -0.6348 0.7074 -0.3108
vn -0.5343 0.7101 -0.4585
vn -0.6054 0.7056 -0.3684
vn -0.6053 0.7056 -0.3684
vn -0.5034 0.7093 -0.4934
vn -0.6676 0.7154 0.2062
vn -0.6348 0.7074 0.3108
vn -0.5343 0.7101 0.4585
vn -0.6054 0.7056 0.3684
vn -0.6053 0.7056 0.3684
vn -0.5034 0.7093 0.4934
vn 0.6428 -0.2486 0.7246
vn 0.4927 -0.5084 0.7062
vn 0.2363 -0.6587 0.7143
vn -0.0479 -0.6858 0.7262
vn -0.2313 -0.6523 0.7218
vn 0.6959 -0.0543 -0.7161
vn 0.4927 -0.5085 -0.7062
vn 0.6428 -0.2486 -0.7246
vn 0.2363 -0.6587 -0.7143
vn -0.0479 -0.6858 -0.7262
vn -0.2312 -0.6523 -0.7218
vn -0.8207 0.2854 0.4951
vn -0.4062 0.6139 0.6769
vn -0.2313 -0.6523 -0.7218
vn -0.4988 -0.4920 -0.7136
vn -0.8207 0.2854 -0.4951
vn 0.6702 -0.7036 -0.2361
vn 0.4959 -0.7147 -0.4932
vn 0.0408 -0.7192 -0.6936
vn 0.3199 -0.7205 -0.6152
vn 0.6703 -0.7036 0.2361
vn 0.4959 -0.7147 0.4932
vn 0.0408 -0.7192 0.6936
vn 0.3199 -0.7205 0.6152
vn -0.5289 0.6949 -0.4872
vn -0.6240 0.7031 -0.3410
vn -0.2190 0.7115 -0.6676
vn -0.6821 0.7247 -0.0979
vn -0.5289 0.6949 0.4872
vn -0.6240 0.7031 0.3410
vn -0.6820 0.7247 0.0979
vn -0.2190 0.7115 0.6676
vn -0.8207 -0.2854 0.4951
vn -0.8207 -0.2854 -0.4951
vn -0.4062 -0.6139 -0.6769
vn -0.6676 -0.7154 -0.2062
vn -0.6348 -0.7074 -0.3108
vn -0.5343 -0.7101 -0.4585
vn -0.6054 -0.7056 -0.3684
vn -0.5034 -0.7093 -0.4934
vn -0.6676 -0.7154 0.2062
vn -0.6348 -0.7074 0.3108
vn -0.5343 -0.7101 0.4585
vn -0.6054 -0.7056 0.3684
vn -0.5034 -0.7093 0.4934
vn -0.2190 0.7115 -0.6677
vn 0.0408 0.7192 -0.6936
vn 0.3199 0.7205 0.6152
vn -0.5289 -0.6949 -0.4872
vn -0.6240 -0.7031 -0.3410
vn -0.6821 -0.7247 -0.0979
vn -0.2191 -0.7115 -0.6676
vn -0.5289 -0.6949 0.4872
vn -0.6240 -0.7031 0.3410
vn -0.2190 -0.7116 0.6676
vn -0.6820 -0.7248 0.0979
vn -0.8644 0.4951 -0.0882
vn -0.8157 0.5744 -0.0685
vn -0.8644 0.4951 0.0882
vn -0.6381 0.6744 -0.3716
vn -0.2190 -0.7115 -0.6676
vn -0.2190 -0.7115 0.6677
vn 0.3199 -0.7205 0.6153
vn -0.8157 -0.5744 0.0685
vn -0.8644 -0.4951 -0.0882
vn -0.6381 -0.6744 0.3716
vn -0.8644 -0.4951 0.0882
vn 0.5649 -0.7094 -0.4215
vn 0.3593 -0.7281 -0.5838
vn 0.6654 -0.7452 0.0430
vn 0.3081 -0.7252 -0.6157
vn 0.5649 -0.7094 0.4215
vn 0.3593 -0.7281 0.5838
vn 0.3082 -0.7253 0.6157
vn 0.1592 0.7088 -0.6873
vn -0.5439 0.6884 0.4799
vn 0.1847 0.4951 0.8490
vn 0.0474 0.5639 0.8245
vn -0.5439 0.6884 -0.4799
vn 0.0474 0.5639 -0.8245
vn 0.1847 0.4950 -0.8490
vn 0.1592 -0.7088 0.6873
vn 0.1592 -0.7088 -0.6873
vn 0.6575 0.2504 -0.7107
vn -0.6822 0.7216 0.1178
vn 0.0474 0.5638 0.8245
vn -0.6962 0.7177 0.0125
vn -0.6822 0.7216 -0.1178
vn 0.0475 0.5639 -0.8245
vn -0.6962 0.7177 -0.0125
vn 0.6575 -0.2504 0.7107
vn 0.2164 0.7181 0.6615
vn 0.2164 0.7181 -0.6615
vn -0.6215 0.7156 0.3187
vn -0.6215 0.7156 -0.3187
vn 0.6741 0.7188 0.1703
vn 0.6741 0.7188 -0.1703
vn 0.6548 0.7112 -0.2557
vn 0.4743 0.7131 -0.5162
vn 0.2164 -0.7181 0.6615
vn 0.6654 -0.7210 0.1936
vn 0.2164 -0.7181 -0.6615
vn 0.2772 0.6326 -0.7231
vn -0.4857 0.7149 -0.5030
vn -0.6822 0.7216 0.1177
vn -0.6759 0.6970 -0.2394
vn -0.4857 0.7149 0.5030
vn -0.6822 0.7216 -0.1177
vn -0.6759 0.6970 0.2394
vn 0.6775 0.2263 -0.6999
vn 0.6774 0.2263 0.6999
vn 0.6968 0.0703 0.7138
vn 0.6741 -0.7188 0.1703
vn 0.6548 -0.7112 -0.2556
vn 0.6741 -0.7188 -0.1703
vn 0.5877 0.7031 0.4003
vn 0.5869 0.7039 -0.4001
vn 0.5173 -0.4610 -0.7210
vn 0.6968 -0.0703 0.7138
vn -0.6112 0.2549 -0.7493
vn -0.6760 0.0483 -0.7353
vn -0.1168 0.6788 -0.7250
vn -0.6112 0.2549 0.7493
vn -0.6760 0.0483 0.7353
vn -0.6614 0.7493 -0.0327
vn -0.6614 0.7493 0.0327
vn -0.3900 0.7246 -0.5682
vn 0.2772 -0.6326 -0.7231
vn -0.6215 -0.7156 0.3187
vn -0.6614 -0.7493 -0.0328
vn 0.0033 -0.7214 -0.6925
vn -0.6614 -0.7493 0.0328
vn 0.6774 -0.2263 -0.6999
vn 0.6775 -0.2263 0.6999
vn 0.6992 0.0265 0.7145
vn -0.2724 0.8450 -0.4601
vn -0.2901 0.9570 -0.0000
vn 0.0001 1.0000 -0.0000
vn -0.0000 1.0000 -0.0000
vn -0.2724 0.8450 0.4601
vn 0.2901 0.9570 -0.0000
vn 0.2724 0.8450 -0.4601
vn -0.0001 1.0000 -0.0000
vn 0.2724 0.8450 0.4601
vn -0.6113 -0.2549 -0.7492
vn -0.1168 -0.6788 -0.7250
vn -0.6760 -0.0483 -0.7353
vn -0.6112 -0.2549 0.7493
vn -0.6760 -0.0483 0.7353
vn -0.0000 0.9351 0.3544
vn -0.0000 0.9351 -0.3544
vn 0.5869 -0.7039 0.4001
vn 0.6654 -0.7210 0.1935
vn 0.5877 -0.7031 -0.4003
vn 0.6992 -0.0265 0.7145
vn 0.6587 0.7497 -0.0633
vn 0.5649 0.7094 -0.4215
vn 0.3593 0.7281 -0.5838
vn 0.3081 0.7252 -0.6157
vn 0.6654 0.7453 0.0430
vn 0.6305 0.7109 0.3115
vn 0.4717 0.7201 0.5089
vn -0.0067 0.7429 0.6694
vn 0.2565 0.7425 0.6188
vn 0.3957 0.2328 0.8884
vn -0.1366 0.6725 0.7274
vn 0.5649 0.7094 0.4215
vn 0.6587 0.7497 0.0633
vn 0.3593 0.7281 0.5838
vn 0.3081 0.7253 0.6156
vn 0.6654 0.7453 -0.0430
vn 0.6305 0.7109 -0.3115
vn 0.4717 0.7201 -0.5089
vn -0.0067 0.7429 -0.6694
vn 0.2566 0.7425 -0.6188
vn 0.3957 0.2328 -0.8884
vn -0.1366 0.6725 -0.7274
vn -0.0000 -1.0000 -0.0000
vn -0.3512 -0.9363 -0.0000
vn -0.3153 -0.7877 -0.5293
vn -0.3153 -0.7877 0.5293
vn 0.3512 -0.9363 -0.0000
vn 0.3153 -0.7877 0.5293
vn 0.3153 -0.7877 -0.5293
vn -0.0527 0.7205 -0.6914
vn -0.2672 0.7212 -0.6391
vn -0.0528 0.7205 0.6914
vn -0.2672 0.7212 0.6391
vn -0.0000 -0.9054 -0.4246
vn -0.0000 -0.9054 0.4246
vn 0.6858 0.1224 0.7174
vn 0.6858 -0.1224 0.7174
vn 0.6995 -0.0319 -0.7139
vn 0.6992 -0.0264 0.7145
vn -0.6875 0.1080 -0.7181
vn -0.5115 0.4629 -0.7240
vn -0.6113 -0.2548 -0.7493
vn -0.6217 0.3129 -0.7180
vn -0.1085 0.6686 0.7357
vn -0.5115 0.4629 0.7240
vn -0.6113 -0.2548 0.7493
vn -0.6217 0.3129 0.7180
vn 0.6995 0.0319 -0.7139
vn 0.6992 0.0264 0.7145
vn -0.1085 -0.6686 -0.7357
vn -0.5115 -0.4629 -0.7240
vn -0.6113 0.2548 -0.7492
vn -0.6217 -0.3129 -0.7180
vn -0.6875 -0.1080 0.7181
vn -0.5115 -0.4629 0.7240
vn -0.6113 0.2548 0.7493
vn -0.6217 -0.3129 0.7180
vn 0.1222 0.6852 0.7181
vn -0.5115 0.4628 0.7240
vn -0.5115 0.4628 -0.7240
vn 0.1222 0.6852 -0.7181
vn 0.1223 0.6851 -0.7181
vn 0.2917 0.6199 -0.7284
vn 0.0765 0.6617 -0.7458
vn -0.1182 0.4577 -0.8812
vn 0.0765 0.6617 0.7458
vn -0.0527 0.7205 0.6914
vn -0.1182 0.4577 0.8812
vn 0.3816 0.7147 -0.5861
vn 0.0349 0.7490 -0.6616
vn 0.3817 0.7147 -0.5861
vn 0.5772 0.7253 -0.3753
vn 0.0349 0.7490 0.6616
vn 0.3816 0.7147 0.5861
vn 0.5772 0.7253 0.3753
vn -0.4988 0.4920 -0.7135
vn 0.6428 0.2485 -0.7247
vn -0.6573 -0.2131 -0.7229
vn 0.6958 0.0544 -0.7161
vn 0.6973 -0.0972 -0.7102
vn 0.4620 -0.5413 -0.7026
vn 0.0718 -0.7027 -0.7079
vn -0.4063 -0.6139 -0.6768
vn -0.8206 -0.2854 -0.4951
vn -0.4988 0.4920 0.7135
vn 0.6428 0.2485 0.7246
vn -0.6573 -0.2131 0.7229
vn 0.6973 -0.0972 0.7102
vn 0.4619 -0.5412 0.7026
vn -0.7201 -0.3974 0.5687
vn -0.4063 -0.6139 0.6768
vn -0.8206 -0.2854 0.4951
vn -0.4988 -0.4920 0.7135
vn 0.6428 -0.2485 0.7246
vn -0.6573 0.2131 0.7229
vn 0.6958 -0.0543 0.7161
vn 0.6973 0.0972 0.7102
vn 0.4619 0.5412 0.7026
vn -0.4063 0.6139 0.6768
vn -0.8206 0.2854 0.4951
vn -0.4988 -0.4920 -0.7135
vn 0.2364 -0.6587 -0.7143
vn 0.6428 -0.2485 -0.7247
vn -0.6573 0.2131 -0.7229
vn 0.6958 -0.0544 -0.7161
vn 0.6973 0.0970 -0.7102
vn 0.4619 0.5412 -0.7026
vn -0.7201 0.3974 -0.5687
vn -0.4063 0.6139 -0.6768
vn -0.8206 0.2854 -0.4951
vn -0.2191 0.7115 -0.6676
vn -0.6820 0.7248 -0.0978
vn 0.6851 0.7252 0.0686
vn 0.3427 0.7028 0.6234
vn -0.1036 0.7201 0.6861
vn -0.8157 0.5745 0.0685
vn -0.8644 0.4950 -0.0882
vn -0.2191 0.7115 0.6676
vn 0.6702 0.7036 0.2361
vn -0.6820 0.7248 0.0978
vn 0.6851 0.7252 -0.0686
vn 0.6025 0.7081 -0.3682
vn 0.3427 0.7028 -0.6234
vn -0.1036 0.7201 -0.6861
vn -0.8156 0.5745 -0.0685
vn -0.8644 0.4950 0.0882
vn 0.2917 -0.6200 0.7284
vn -0.5115 -0.4629 0.7239
vn 0.1222 -0.6852 0.7181
vn 0.1222 -0.6852 -0.7181
vn -0.5115 -0.4628 -0.7240
vn 0.1223 -0.6852 -0.7181
vn 0.2918 -0.6199 -0.7284
vn -0.5850 0.7172 -0.3787
vn 0.0348 0.7490 -0.6616
vn -0.0588 0.7488 -0.6602
vn -0.6614 0.7493 -0.0329
vn -0.5850 0.7171 0.3788
vn 0.0348 0.7490 0.6616
vn -0.0588 0.7488 0.6602
vn -0.5850 0.7171 0.3787
vn -0.6639 0.7475 -0.0218
vn 0.0349 -0.7490 -0.6616
vn 0.3816 -0.7147 -0.5861
vn 0.3816 -0.7147 0.5861
vn 0.5443 -0.7279 0.4171
vn 0.0348 -0.7490 0.6616
vn 0.5772 -0.7253 0.3753
vn -0.5851 -0.7171 -0.3787
vn -0.3958 -0.7134 -0.5782
vn -0.6639 -0.7475 -0.0218
vn -0.5850 -0.7171 0.3787
vn -0.6820 -0.7248 -0.0978
vn 0.6025 -0.7081 0.3682
vn 0.3427 -0.7028 0.6234
vn -0.8157 -0.5745 0.0685
vn -0.6381 -0.6743 0.3716
vn -0.8644 -0.4950 -0.0882
vn -0.2191 -0.7116 0.6676
vn -0.6820 -0.7248 0.0978
vn 0.3427 -0.7028 -0.6234
vn -0.8156 -0.5745 -0.0685
vn -0.8644 -0.4950 0.0882
vn -0.5850 -0.7171 -0.3788
vn 0.0348 -0.7490 -0.6616
vn -0.0588 -0.7488 -0.6602
vn -0.5850 -0.7172 0.3787
vn -0.0588 -0.7488 0.6602
vt 0.375000 0.500000
vt 0.375000 0.750000
vt 0.625000 0.500000
vt 0.750000 0.500000
vt 0.500000 0.500000
vt 0.875000 0.500000
vt 0.250000 0.500000
vt 0.125000 0.500000
vt 0.625000 0.250000
vt 0.500000 0.250000
vt 0.375000 0.250000
vt 0.625000 0.750000
vt 0.500000 0.750000
vt 0.750000 0.750000
vt 0.250000 0.750000
vt 0.875000 0.750000
vt 0.125000 0.750000
vt 0.500000 0.000000
vt 0.375000 0.000000
vt 0.625000 0.000000
vt 0.500000 0.125000
vt 0.875000 0.625000
vt 0.375000 0.625000
vt 0.500000 0.625000
vt 0.750000 0.625000
vt 0.375000 0.125000
vt 0.250000 0.625000
vt 0.625000 0.625000
vt 0.625000 0.125000
vt 0.125000 0.625000
s 1
f 353/63/137 354/64/138 355/64/139
f 354/64/138 353/63/137 356/63/140
f 357/64/141 358/63/142 359/64/143
f 358/63/142 357/64/141 360/63/144
f 361/65/145 362/63/146 363/65/147
f 362/63/146 364/65/148 363/65/147
f 362/63/146 361/65/145 365/63/149
f 364/65/148 362/63/146 366/63/150
f 365/63/149 361/65/145 367/65/151
f 366/63/150 368/65/152 364/65/148
f 369/63/153 365/63/149 367/65/151
f 368/65/152 366/63/150 370/63/154
f 371/65/155 369/63/153 367/65/151
f 370/63/154 372/65/156 368/65/152
f 369/63/153 371/65/155 373/63/157
f 372/65/156 370/63/154 374/63/158
f 371/65/155 375/63/159 373/63/157
f 376/63/160 372/65/156 374/63/158
f 377/65/161 372/65/156 376/63/160
f 377/65/161 376/63/160 378/65/162
f 375/63/159 371/65/155 379/65/163
f 375/63/159 379/65/163 380/65/164
f 381/63/165 375/63/159 380/65/164
f 380/65/164 382/63/166 381/63/165
f 382/63/166 380/65/164 383/65/167
f 382/63/166 383/65/167 384/63/168
f 385/65/169 386/65/170 387/63/171
f 388/65/172 387/63/171 386/65/170
f 387/63/171 389/63/173 385/65/169
f 387/63/171 388/65/172 390/63/174
f 389/63/173 391/65/175 385/65/169
f 392/65/176 390/63/174 388/65/172
f 391/65/175 389/63/173 393/63/177
f 390/63/174 392/65/176 394/63/178
f 393/63/177 395/65/179 391/65/175
f 396/65/180 394/63/178 392/65/176
f 395/65/179 393/63/177 397/63/181
f 394/63/178 396/65/180 398/63/182
f 399/63/183 395/65/179 397/63/181
f 400/63/184 398/63/182 396/65/180
f 396/65/180 401/65/185 400/63/184
f 401/65/185 402/65/186 400/63/184
f 395/65/179 399/63/183 403/65/187
f 399/63/183 404/65/188 403/65/187
f 404/65/188 399/63/183 405/63/189
f 406/63/190 404/65/188 405/63/189
f 404/65/188 406/63/190 407/65/191
f 406/63/190 408/63/192 407/65/191
f 409/63/193 410/64/194 411/64/195
f 410/64/194 409/63/193 412/63/137
f 413/63/196 414/64/143 415/63/142
f 414/64/143 413/63/196 416/64/197
f 417/64/198 418/63/140 419/63/199
f 418/63/140 417/64/198 420/64/200
f 421/63/144 422/64/201 423/63/202
f 422/64/201 421/63/144 424/64/141
f 425/66/203 426/65/204 427/65/204
f 428/67/205 427/65/204 426/65/204
f 425/66/203 427/65/204 429/66/206
f 430/68/207 425/66/203 429/66/206
f 425/66/203 430/68/207 431/68/207
f 427/65/204 428/67/205 432/67/208
f 428/67/205 433/63/209 432/67/208
f 428/67/205 434/63/209 433/63/209
f 435/69/210 433/63/209 434/63/209
f 433/63/209 435/69/210 436/69/211
f 437/70/212 436/69/211 435/69/210
f 435/69/210 438/70/212 437/70/212
f 439/64/213 440/63/214 441/64/215
f 440/63/214 439/64/213 442/63/216
f 443/63/217 444/64/218 445/64/219
f 444/64/218 443/63/217 446/63/220
f 447/64/221 448/63/222 449/64/223
f 448/63/222 447/64/221 450/63/224
f 451/64/225 452/63/226 453/63/227
f 452/63/226 451/64/225 454/64/228
f 455/65/229 456/65/230 457/63/231
f 458/65/232 457/63/231 456/65/230
f 457/63/231 459/63/233 455/65/229
f 457/63/231 458/65/232 460/63/234
f 459/63/233 461/65/235 455/65/229
f 462/65/236 460/63/234 458/65/232
f 461/65/235 459/63/233 463/63/237
f 460/63/234 462/65/236 464/63/238
f 463/63/237 465/65/239 461/65/235
f 466/65/240 464/63/238 462/65/236
f 465/65/239 463/63/237 467/63/241
f 464/63/238 466/65/240 468/63/242
f 469/63/243 465/65/239 467/63/241
f 470/63/244 468/63/242 466/65/240
f 466/65/240 471/65/245 470/63/244
f 471/65/245 472/65/246 470/63/244
f 465/65/239 469/63/243 473/65/247
f 469/63/243 474/65/248 473/65/247
f 474/65/248 469/63/243 475/63/249
f 476/63/250 474/65/248 475/63/249
f 474/65/248 476/63/250 477/65/251
f 476/63/250 478/63/252 477/65/251
f 479/65/253 480/63/254 481/65/255
f 480/63/254 482/65/256 481/65/255
f 480/63/254 479/65/253 483/63/257
f 482/65/256 480/63/254 484/63/258
f 483/63/257 479/65/253 485/65/259
f 484/63/258 486/65/260 482/65/256
f 487/63/261 483/63/257 485/65/259
f 486/65/260 484/63/258 488/63/262
f 489/65/263 487/63/261 485/65/259
f 488/63/262 490/65/264 486/65/260
f 487/63/261 489/65/263 491/63/265
f 490/65/264 488/63/262 492/63/266
f 489/65/263 493/63/267 491/63/265
f 494/63/268 490/65/264 492/63/266
f 495/65/269 490/65/264 494/63/268
f 495/65/269 494/63/268 496/65/270
f 493/63/267 489/65/263 497/65/271
f 493/63/267 497/65/271 498/65/272
f 499/63/273 493/63/267 498/65/272
f 498/65/272 500/63/274 499/63/273
f 500/63/274 498/65/272 501/65/275
f 500/63/274 501/65/275 502/63/276
f 503/64/223 504/63/277 505/64/278
f 504/63/277 503/64/223 506/63/222
f 507/63/279 508/64/228 509/64/280
f 508/64/228 507/63/279 510/63/226
f 511/66/281 512/65/282 513/65/282
f 511/66/281 513/65/282 514/66/283
f 515/68/284 511/66/281 514/66/283
f 511/66/281 515/68/284 516/68/284
f 517/71/285 518/72/286 519/72/287
f 519/72/287 520/71/285 517/71/285
f 521/73/288 519/72/287 518/72/286
f 519/72/287 521/73/288 522/73/288
f 523/63/289 524/64/215 525/63/214
f 524/64/215 523/63/289 526/64/290
f 527/63/291 528/64/292 529/64/293
f 528/64/292 527/63/291 530/63/217
f 531/63/294 532/63/295 533/65/296
f 533/65/296 532/63/295 534/65/297
f 531/63/294 533/65/296 535/65/298
f 532/63/295 536/63/299 534/65/297
f 537/63/300 531/63/294 535/65/298
f 536/63/299 538/65/301 534/65/297
f 535/65/298 539/65/302 537/63/300
f 538/65/301 536/63/299 540/63/303
f 541/65/304 537/63/300 539/65/302
f 542/63/305 538/65/301 540/63/303
f 537/63/300 541/65/304 543/63/306
f 538/65/301 542/63/305 544/65/307
f 545/65/308 543/63/306 541/65/304
f 544/65/307 542/63/305 546/65/309
f 543/63/306 545/65/308 547/63/310
f 542/63/305 548/63/311 546/65/309
f 549/63/312 547/63/310 545/65/308
f 545/65/308 550/65/313 549/63/312
f 550/65/313 551/65/314 549/63/312
f 552/63/315 546/65/309 548/63/311
f 546/65/309 552/63/315 553/65/316
f 552/63/315 554/63/317 553/65/316
f 555/63/318 556/65/319 557/63/320
f 558/65/321 557/63/320 556/65/319
f 556/65/319 555/63/318 559/65/322
f 560/63/323 557/63/320 558/65/321
f 555/63/318 561/63/324 559/65/322
f 560/63/323 558/65/321 562/65/325
f 559/65/322 561/63/324 563/65/326
f 564/63/327 560/63/323 562/65/325
f 561/63/324 565/65/328 563/65/326
f 562/65/325 566/63/329 564/63/327
f 565/65/328 561/63/324 567/63/330
f 566/63/329 562/65/325 568/65/331
f 567/63/330 569/65/332 565/65/328
f 570/65/333 566/63/329 568/65/331
f 569/65/332 567/63/330 571/63/334
f 572/63/335 566/63/329 570/65/333
f 573/63/336 569/65/332 571/63/334
f 569/65/332 573/63/336 574/65/337
f 574/65/337 573/63/336 575/65/338
f 570/65/333 576/63/339 572/63/335
f 576/63/339 570/65/333 577/65/340
f 576/63/339 577/65/340 578/63/341
f 579/63/342 580/63/342 581/67/343
f 581/67/343 580/63/342 582/67/344
f 583/65/345 581/67/343 582/67/344
f 581/67/343 583/65/345 584/65/345
f 585/69/346 586/70/347 587/70/347
f 585/69/346 587/70/347 588/69/348
f 589/63/349 585/69/346 588/69/348
f 585/69/346 589/63/349 590/63/349
f 591/63/350 592/64/351 593/63/352
f 592/64/351 591/63/350 594/64/213
f 595/64/353 596/63/354 597/63/355
f 596/63/354 595/64/353 598/64/356
f 599/64/357 600/63/358 601/64/359
f 600/63/358 599/64/357 602/63/360
f 603/63/361 604/64/362 605/64/363
f 604/64/362 603/63/361 606/63/364
f 607/63/365 608/65/366 609/63/367
f 610/65/368 609/63/367 608/65/366
f 608/65/366 607/63/365 611/65/369
f 612/63/370 609/63/367 610/65/368
f 613/63/371 611/65/369 607/63/365
f 612/63/370 610/65/368 614/65/372
f 615/65/373 611/65/369 613/63/371
f 616/63/374 612/63/370 614/65/372
f 613/63/371 617/65/375 615/65/373
f 614/65/372 618/63/376 616/63/374
f 617/65/375 613/63/371 619/63/377
f 618/63/376 614/65/372 620/65/378
f 619/63/377 621/65/379 617/65/375
f 622/65/380 618/63/376 620/65/378
f 621/65/379 619/63/377 623/63/381
f 624/63/382 618/63/376 622/65/380
f 625/63/383 621/65/379 623/63/381
f 621/65/379 625/63/383 626/65/384
f 626/65/384 625/63/383 627/65/385
f 622/65/380 628/63/386 624/63/382
f 628/63/386 622/65/380 629/65/387
f 628/63/386 629/65/387 630/63/388
f 631/63/389 632/63/390 633/65/391
f 633/65/391 632/63/390 634/65/392
f 631/63/389 633/65/391 635/65/393
f 632/63/390 636/63/394 634/65/392
f 637/63/395 631/63/389 635/65/393
f 636/63/394 638/65/396 634/65/392
f 637/63/395 635/65/393 639/65/397
f 638/65/396 636/63/394 640/63/398
f 641/65/399 637/63/395 639/65/397
f 642/63/400 638/65/396 640/63/398
f 637/63/395 641/65/399 643/63/401
f 638/65/396 642/63/400 644/65/402
f 645/65/403 643/63/401 641/65/399
f 644/65/402 642/63/400 646/65/404
f 643/63/401 645/65/403 647/63/405
f 642/63/400 648/63/406 646/65/404
f 649/63/407 647/63/405 645/65/403
f 645/65/403 650/65/408 649/63/407
f 650/65/408 651/65/409 649/63/407
f 652/63/410 646/65/404 648/63/406
f 646/65/404 652/63/410 653/65/411
f 652/63/410 654/63/412 653/65/411
f 655/63/413 656/64/414 657/64/415
f 656/64/414 655/63/413 658/63/416
f 659/64/417 660/63/418 661/64/419
f 660/63/418 659/64/417 662/63/420
f 663/74/421 664/75/422 665/75/423
f 666/64/424 665/75/423 664/75/422
f 665/75/423 667/74/421 663/74/421
f 665/75/423 666/64/424 668/64/424
f 669/76/425 663/74/421 667/74/421
f 670/77/426 668/64/424 666/64/424
f 663/74/421 669/76/425 671/76/427
f 672/78/428 671/76/427 669/76/425
f 669/76/425 673/78/428 672/78/428
f 670/77/426 666/64/424 674/77/429
f 675/79/430 670/77/426 674/77/429
f 670/77/426 675/79/430 676/79/430
f 677/74/431 678/65/432 679/74/433
f 678/65/432 677/74/431 680/65/434
f 681/74/435 682/65/436 683/65/437
f 682/65/436 681/74/435 684/74/438
f 685/64/439 686/63/440 687/63/441
f 686/63/440 685/64/439 688/64/442
f 689/64/443 690/63/444 691/64/445
f 690/63/444 689/64/443 692/63/446
f 693/63/447 694/64/442 695/64/448
f 694/64/442 693/63/447 696/63/440
f 697/64/445 698/63/449 699/64/450
f 698/63/449 697/64/445 700/63/444
f 701/64/359 702/63/451 703/64/452
f 702/63/451 701/64/359 704/63/358
f 705/63/453 706/64/363 707/64/454
f 706/64/363 705/63/453 708/63/361
f 709/63/455 710/64/456 711/64/457
f 710/64/456 709/63/455 712/63/413
f 713/64/419 714/63/458 715/64/459
f 714/63/458 713/64/419 716/63/418
f 717/63/460 718/64/278 719/63/461
f 718/64/278 717/63/460 720/64/462
f 721/63/463 722/64/280 723/64/464
f 722/64/280 721/63/463 724/63/465
f 725/64/448 726/63/466 727/63/467
f 726/63/466 725/64/448 728/64/468
f 729/64/450 730/63/469 731/64/470
f 730/63/469 729/64/450 732/63/471
f 733/78/472 734/76/473 735/76/474
f 735/76/474 736/78/472 733/78/472
f 737/74/475 735/76/474 734/76/473
f 735/76/474 737/74/475 738/74/475
f 739/80/476 740/81/477 741/81/477
f 739/80/476 741/81/477 742/80/478
f 743/82/479 739/80/476 742/80/478
f 739/80/476 743/82/479 744/82/479
f 745/64/480 746/64/480 747/77/481
f 747/77/481 746/64/480 748/77/482
f 749/79/483 747/77/481 748/77/482
f 747/77/481 749/79/483 750/79/483
f 751/75/484 752/74/485 753/74/485
f 751/75/484 753/74/485 754/75/486
f 755/64/487 751/75/484 754/75/486
f 751/75/484 755/64/487 756/64/487
f 757/64/488 758/63/489 759/63/490
f 758/63/489 757/64/488 760/64/491
f 761/64/492 762/63/493 763/64/494
f 762/63/493 761/64/492 764/63/495
f 765/71/207 766/72/496 767/72/497
f 767/72/497 768/71/207 765/71/207
f 769/73/212 767/72/497 766/72/496
f 767/72/497 769/73/212 770/73/498
f 771/64/499 772/64/500 773/63/501
f 773/63/501 772/64/500 774/63/416
f 775/64/417 776/64/502 777/63/503
f 777/63/503 778/63/420 775/64/417
f 779/64/504 780/63/505 781/63/360
f 779/64/504 782/64/506 780/63/505
f 783/63/507 784/63/508 785/64/509
f 785/64/509 784/63/508 786/64/510
f 787/64/511 788/74/512 789/74/513
f 789/74/513 790/74/514 787/64/511
f 787/64/511 791/64/515 788/74/512
f 791/64/515 792/74/516 788/74/512
f 791/64/515 793/64/517 792/74/516
f 794/74/518 792/74/516 793/64/517
f 794/74/518 793/64/517 795/64/519
f 795/64/519 796/74/520 794/74/518
f 795/64/519 797/64/521 796/74/520
f 798/74/522 799/74/523 800/64/524
f 798/74/522 800/64/524 801/74/525
f 799/74/523 802/64/526 800/64/524
f 803/74/527 802/64/526 799/74/523
f 804/64/528 802/64/526 803/74/527
f 805/74/529 804/64/528 803/74/527
f 806/64/530 804/64/528 805/74/529
f 806/64/530 805/74/529 807/74/531
f 806/64/530 807/74/531 808/64/532
f 809/64/533 810/64/534 811/63/535
f 810/64/534 812/63/536 811/63/535
f 810/64/534 813/63/537 812/63/536
f 813/63/537 810/64/534 814/64/538
f 815/63/539 816/64/540 817/64/470
f 816/64/540 815/63/539 818/63/541
f 819/63/542 816/64/540 818/63/541
f 816/64/540 819/63/542 820/64/543
f 821/64/544 822/63/545 823/64/195
f 822/63/545 821/64/544 824/63/546
f 825/64/544 826/63/547 824/63/548
f 826/63/547 825/64/544 827/64/549
f 828/64/550 829/63/551 830/63/552
f 829/63/551 828/64/550 831/64/197
f 832/63/553 833/64/550 830/63/552
f 833/64/550 832/63/553 834/64/554
f 835/64/499 836/63/537 837/64/555
f 836/63/537 835/64/499 838/63/556
f 839/64/502 840/64/543 841/63/542
f 839/64/502 841/63/542 842/63/557
f 843/74/558 844/65/559 845/74/560
f 844/65/559 843/74/558 846/65/561
f 847/65/432 846/65/561 848/74/558
f 847/65/432 848/74/558 849/74/433
f 850/74/562 851/65/563 852/65/564
f 851/65/563 850/74/562 853/74/565
f 854/65/566 855/74/567 852/65/564
f 856/74/438 855/74/567 854/65/566
f 857/64/457 858/64/568 859/63/455
f 860/63/569 859/63/455 858/64/568
f 860/63/569 861/64/568 862/63/570
f 863/64/459 864/63/458 865/64/571
f 864/63/458 866/63/572 865/64/571
f 866/63/572 867/63/573 868/64/571
f 869/64/574 870/63/575 871/64/576
f 870/63/575 869/64/574 872/63/577
f 873/64/578 874/63/579 875/63/580
f 874/63/579 873/64/578 876/64/581
f 877/63/451 878/64/582 879/64/452
f 878/64/582 877/63/451 880/63/583
f 880/63/583 881/63/584 882/64/582
f 883/63/585 884/63/453 885/64/586
f 885/64/586 884/63/453 886/64/454
f 883/63/585 887/64/586 888/63/587
f 889/80/588 890/81/430 891/81/430
f 889/80/588 891/81/430 892/80/589
f 893/82/428 889/80/588 892/80/589
f 889/80/588 893/82/428 894/82/428
f 895/64/491 896/63/590 897/63/489
f 896/63/590 895/64/491 898/64/591
f 899/64/592 896/63/590 898/64/591
f 900/63/593 896/63/590 899/64/592
f 900/63/594 901/64/592 902/63/595
f 903/64/494 904/63/596 905/64/597
f 904/63/596 903/64/494 906/63/493
f 907/64/598 905/64/597 904/63/596
f 904/63/596 908/63/599 907/64/598
f 908/63/600 909/63/601 910/64/598
f 911/63/602 912/64/603 913/64/462
f 912/64/603 911/63/602 914/63/604
f 915/63/605 912/64/603 914/63/604
f 912/64/603 915/63/605 916/64/606
f 917/64/607 918/64/608 919/63/609
f 918/64/608 920/63/610 919/63/609
f 918/64/608 921/63/611 920/63/610
f 921/63/611 918/64/608 922/64/612
f 923/64/506 924/64/606 925/63/605
f 923/64/506 925/63/605 926/63/505
f 927/64/221 928/64/613 929/63/614
f 930/64/510 931/63/611 932/64/615
f 931/63/611 930/64/510 933/63/616
f 934/64/225 935/63/227 936/64/617
f 937/64/618 938/63/289 939/63/619
f 938/63/289 937/64/618 940/64/290
f 941/63/620 937/64/618 939/63/619
f 937/64/618 941/63/620 942/64/621
f 943/64/622 944/63/291 945/64/293
f 944/63/291 943/64/622 946/63/623
f 943/64/622 947/63/624 946/63/623
f 947/63/624 943/64/622 948/64/625
f 949/64/626 950/63/627 951/63/628
f 950/63/627 949/64/626 952/64/629
f 953/64/630 954/63/631 955/64/632
f 954/63/631 953/64/630 956/63/633
f 957/64/439 958/63/441 959/64/634
f 960/64/443 961/64/635 962/63/636
f 963/64/576 964/63/637 965/64/638
f 964/63/637 963/64/576 966/63/575
f 967/64/639 965/64/638 964/63/637
f 964/63/637 968/63/640 967/64/639
f 968/63/640 969/63/641 970/64/639
f 971/64/581 972/63/642 973/63/579
f 972/63/642 971/64/581 974/64/643
f 975/64/644 972/63/642 974/64/643
f 976/63/645 972/63/642 975/64/644
f 976/63/645 977/64/644 978/63/646
f 979/63/647 980/64/549 981/64/626
f 980/64/549 979/63/647 982/63/648
f 983/63/633 984/64/649 985/63/553
f 984/64/649 983/63/633 986/64/630
f 987/64/650 988/63/651 989/64/652
f 988/63/651 987/64/650 990/63/653
f 991/64/654 992/63/655 993/63/656
f 992/63/655 991/64/654 994/64/657
f 995/64/198 996/63/199 997/64/658
f 998/64/659 999/64/660 1000/63/661
f 1001/63/662 1002/64/621 1003/63/620
f 1002/64/621 1001/63/662 1004/64/650
f 1005/63/663 1006/64/664 1007/64/654
f 1006/64/664 1005/63/663 1008/63/624
f 1009/64/665 1010/64/666 1011/63/667
f 1012/64/353 1013/63/355 1014/64/668
f 1015/74/669 1016/65/559 1017/65/670
f 1015/74/669 1018/74/671 1016/65/559
f 1017/65/670 1019/65/672 1020/74/669
f 1021/74/673 1022/65/674 1023/65/563
f 1023/65/563 1024/74/565 1021/74/673
f 1022/65/674 1025/74/673 1026/65/675
f 1027/74/160 1028/74/162 1029/65/161
f 1030/74/184 1031/65/185 1032/74/676
f 1033/64/677 1034/64/678 1035/63/679
f 1036/64/680 1037/63/681 1038/64/682
f 1039/74/244 1040/65/245 1041/74/683
f 1042/74/268 1043/74/684 1044/65/269
f 1045/74/336 1046/74/338 1047/65/685
f 1048/74/312 1049/65/313 1050/74/314
f 1051/63/686 1052/64/677 1053/63/687
f 1052/64/677 1051/63/686 1054/64/688
f 1055/64/680 1056/63/689 1057/63/690
f 1056/63/689 1055/64/680 1058/64/691
f 1059/74/407 1060/65/408 1061/74/409
f 1062/74/383 1063/74/385 1064/65/692
f 1065/65/145 1066/74/146 1067/65/693
f 1066/74/146 1065/65/145 1068/74/149
f 1069/65/148 1067/65/693 1066/74/146
f 1066/74/146 1070/74/150 1069/65/148
f 1071/74/171 1072/65/169 1073/65/694
f 1072/65/169 1071/74/171 1074/74/173
f 1075/65/172 1071/74/171 1073/65/694
f 1076/74/174 1071/74/171 1075/65/172
f 1077/74/149 1078/65/151 1079/74/695
f 1078/65/151 1077/74/149 1080/65/145
f 1081/74/173 1082/65/175 1083/65/169
f 1082/65/175 1081/74/173 1084/74/696
f 1085/65/156 1086/65/697 1087/74/154
f 1087/74/154 1088/74/158 1085/65/156
f 1089/74/160 1085/65/156 1088/74/158
f 1085/65/156 1089/74/160 1090/65/161
f 1091/65/698 1092/65/699 1093/74/178
f 1093/74/178 1092/65/699 1094/74/182
f 1092/65/699 1095/74/184 1094/74/182
f 1095/74/184 1092/65/699 1096/65/700
f 1097/74/231 1098/65/229 1099/65/701
f 1098/65/229 1097/74/231 1100/74/233
f 1101/65/232 1097/74/231 1099/65/701
f 1102/74/702 1097/74/231 1101/65/232
f 1103/65/253 1104/74/254 1105/65/703
f 1104/74/254 1103/65/253 1106/74/257
f 1107/65/256 1105/65/703 1104/74/254
f 1104/74/254 1108/74/258 1107/65/256
f 1109/74/704 1110/65/321 1111/74/323
f 1110/65/321 1109/74/704 1112/65/319
f 1113/74/295 1114/65/297 1115/65/296
f 1114/65/297 1113/74/295 1116/74/299
f 1117/63/705 1118/64/688 1119/63/706
f 1118/64/688 1117/63/705 1120/64/707
f 1121/64/691 1122/63/708 1123/63/709
f 1122/63/708 1121/64/691 1124/64/710
f 1125/65/319 1126/74/711 1127/65/322
f 1126/74/711 1125/65/319 1128/74/320
f 1129/74/712 1130/65/296 1131/65/298
f 1130/65/296 1129/74/712 1132/74/295
f 1133/74/336 1134/65/332 1135/74/334
f 1134/65/332 1133/74/336 1136/65/685
f 1137/65/308 1138/74/312 1139/74/713
f 1138/74/312 1137/65/308 1140/65/313
f 1141/65/714 1142/65/240 1143/74/238
f 1143/74/238 1142/65/240 1144/74/242
f 1142/65/240 1145/74/244 1144/74/242
f 1145/74/244 1142/65/240 1146/65/245
f 1147/65/715 1148/65/716 1149/74/262
f 1149/74/262 1150/74/266 1147/65/715
f 1151/74/268 1147/65/715 1150/74/266
f 1147/65/715 1151/74/268 1152/65/269
f 1153/74/150 1154/74/154 1155/65/697
f 1153/74/150 1155/65/697 1156/65/717
f 1157/65/718 1158/65/698 1159/74/174
f 1160/74/178 1159/74/174 1158/65/698
f 1161/65/403 1162/74/719 1163/74/405
f 1162/74/719 1161/65/403 1164/65/408
f 1165/74/383 1166/65/379 1167/74/720
f 1166/65/379 1165/74/383 1168/65/692
f 1169/74/323 1170/65/721 1171/74/722
f 1170/65/721 1169/74/323 1172/65/723
f 1173/74/299 1174/65/724 1175/65/297
f 1174/65/724 1173/74/299 1176/74/725
f 1177/65/726 1178/74/695 1179/65/151
f 1178/74/695 1177/65/726 1180/74/157
f 1181/65/727 1182/74/696 1183/74/181
f 1182/74/696 1181/65/727 1184/65/728
f 1185/74/729 1186/65/392 1187/65/391
f 1186/65/392 1185/74/729 1188/74/394
f 1189/74/367 1190/65/368 1191/74/370
f 1190/65/368 1189/74/367 1192/65/366
f 1193/74/233 1194/65/235 1195/65/229
f 1194/65/235 1193/74/233 1196/74/730
f 1196/74/730 1197/65/731 1198/65/235
f 1197/65/731 1196/74/730 1199/74/241
f 1200/74/257 1201/65/259 1202/74/261
f 1201/65/259 1200/74/257 1203/65/732
f 1202/74/261 1204/65/733 1205/74/265
f 1204/65/733 1202/74/261 1206/65/259
f 1207/74/734 1208/65/391 1209/65/393
f 1208/65/391 1207/74/734 1210/74/390
f 1211/65/366 1212/74/735 1213/65/369
f 1212/74/735 1211/65/366 1214/74/367
f 1215/65/322 1216/74/324 1217/65/326
f 1216/74/324 1215/65/322 1218/74/711
f 1219/65/298 1220/74/736 1221/74/294
f 1220/74/736 1219/65/298 1222/65/302
f 1223/80/737 1224/82/738 1225/83/739
f 1226/84/740 1227/78/738 1228/76/741
f 1229/85/740 1230/64/742 1231/77/743
f 1232/86/744 1233/75/745 1234/64/742
f 1235/74/394 1236/65/746 1237/65/747
f 1236/65/746 1235/74/394 1238/74/748
f 1239/74/370 1240/65/749 1241/74/750
f 1240/65/749 1239/74/370 1242/65/368
f 1243/87/740 1244/76/741 1245/74/751
f 1246/81/752 1247/80/737 1248/88/740
f 1249/89/740 1250/77/743 1251/79/752
f 1252/65/753 1253/65/714 1254/74/754
f 1255/74/238 1254/74/754 1253/65/714
f 1256/74/258 1257/74/262 1258/65/716
f 1256/74/258 1258/65/716 1259/65/755
f 1260/90/740 1261/74/751 1262/75/745
f 1263/74/395 1264/65/393 1265/65/397
f 1264/65/393 1263/74/395 1266/74/389
f 1267/74/756 1268/65/369 1269/74/735
f 1268/65/369 1267/74/756 1270/65/373
f 1271/65/757 1272/63/758 1273/65/759
f 1272/63/758 1274/63/760 1273/65/759
f 1272/63/758 1271/65/757 1275/63/761
f 1276/63/762 1275/63/761 1271/65/757
f 1277/65/763 1276/63/762 1271/65/757
f 1278/65/764 1276/63/762 1277/65/763
f 1276/63/762 1278/65/764 1279/63/765
f 1278/65/764 1280/63/766 1279/63/765
f 1280/63/766 1278/65/764 1281/65/767
f 1282/63/768 1283/65/769 1284/65/770
f 1282/63/768 1284/65/770 1285/63/771
f 1283/65/769 1282/63/768 1286/63/772
f 1286/63/772 1287/63/773 1283/65/769
f 1283/65/769 1287/63/773 1288/65/774
f 1287/63/773 1289/65/775 1288/65/774
f 1289/65/775 1287/63/773 1290/63/776
f 1290/63/776 1291/63/777 1289/65/775
f 1291/63/777 1292/65/778 1289/65/775
f 1293/91/779 1294/71/780 1295/72/781
f 1296/66/782 1297/68/780 1298/87/779
f 1299/63/783 1300/67/784 1301/85/779
f 1302/69/785 1303/63/783 1304/89/779
f 1305/64/707 1306/63/786 1307/64/787
f 1306/63/786 1305/64/707 1308/63/705
f 1309/64/710 1310/63/788 1311/63/708
f 1310/63/788 1309/64/710 1312/64/789
f 1313/83/779 1314/72/781 1315/73/790
f 1316/65/791 1317/66/782 1318/90/779
f 1319/70/790 1320/69/785 1321/92/779
f 1322/67/784 1323/65/791 1324/86/779
f 1325/65/399 1326/65/403 1327/74/401
f 1328/74/405 1327/74/401 1326/65/403
f 1329/65/379 1330/74/792 1331/74/381
f 1330/74/792 1329/65/379 1332/65/375
f 1333/65/332 1334/74/330 1335/74/334
f 1334/74/330 1333/65/332 1336/65/328
f 1337/65/304 1338/65/308 1339/74/793
f 1340/74/310 1339/74/793 1338/65/308
f 1341/74/401 1342/74/395 1343/65/399
f 1342/74/395 1344/65/794 1343/65/399
f 1345/65/375 1346/74/795 1347/74/792
f 1346/74/795 1345/65/375 1348/65/373
f 1349/74/796 1350/65/404 1351/65/402
f 1350/65/404 1349/74/796 1352/74/797
f 1353/65/798 1354/74/400 1351/65/799
f 1355/74/748 1354/74/400 1353/65/798
f 1356/74/376 1357/65/800 1358/74/801
f 1357/65/800 1356/74/376 1359/65/378
f 1360/65/802 1359/65/803 1361/74/376
f 1360/65/802 1361/74/376 1362/74/750
f 1363/65/328 1364/74/324 1365/74/330
f 1364/74/324 1363/65/328 1366/65/804
f 1367/74/793 1368/74/805 1369/65/304
f 1368/74/805 1370/65/302 1369/65/304
f 1371/74/329 1372/65/806 1373/74/807
f 1372/65/806 1371/74/329 1374/65/331
f 1375/65/808 1374/65/809 1376/74/329
f 1375/65/808 1376/74/329 1377/74/722
f 1378/74/810 1379/65/309 1380/65/307
f 1379/65/309 1378/74/810 1381/74/811
f 1382/65/812 1383/74/305 1380/65/813
f 1384/74/725 1383/74/305 1382/65/812
f 1385/74/386 1386/65/380 1387/65/814
f 1385/74/386 1388/74/815 1386/65/380
f 1387/65/814 1389/65/388 1390/74/386
f 1391/74/410 1392/65/404 1393/74/816
f 1391/74/410 1394/65/817 1392/65/404
f 1394/65/818 1395/74/819 1396/65/412
f 1397/64/787 1398/63/820 1399/64/821
f 1398/63/820 1397/64/787 1400/63/786
f 1401/64/789 1402/63/822 1403/63/823
f 1402/63/822 1401/64/789 1404/64/824
f 1405/65/825 1406/74/166 1407/65/826
f 1407/65/826 1406/74/166 1408/74/165
f 1405/65/827 1409/65/828 1410/74/166
f 1411/65/829 1412/74/189 1413/74/190
f 1411/65/829 1413/74/190 1414/65/830
f 1414/65/830 1415/74/190 1416/65/831
f 1417/64/502 1418/74/542 1419/74/832
f 1418/74/542 1417/64/502 1420/64/543
f 1419/74/832 1421/64/417 1417/64/502
f 1420/64/543 1422/64/540 1418/74/542
f 1421/64/417 1419/74/832 1423/74/420
f 1418/74/542 1422/64/540 1424/74/541
f 1421/64/417 1423/74/420 1425/74/418
f 1422/64/540 1426/74/833 1424/74/541
f 1427/64/834 1421/64/417 1425/74/418
f 1426/74/833 1422/64/540 1428/64/835
f 1425/74/418 1429/74/458 1427/64/834
f 1430/64/836 1426/74/833 1428/64/835
f 1431/64/459 1427/64/834 1429/74/458
f 1432/74/449 1426/74/833 1430/64/836
f 1429/74/458 1433/64/571 1431/64/459
f 1433/64/571 1429/74/458 1434/74/572
f 1433/64/571 1434/74/572 1435/64/573
f 1430/64/836 1436/64/837 1432/74/449
f 1432/74/449 1436/64/837 1437/74/838
f 1438/64/443 1437/74/838 1436/64/837
f 1439/74/839 1437/74/838 1438/64/443
f 1439/74/839 1438/64/443 1440/74/840
f 1441/74/537 1442/64/499 1443/74/841
f 1442/64/499 1441/74/537 1444/64/555
f 1445/64/414 1443/74/841 1442/64/499
f 1446/64/534 1444/64/555 1441/74/537
f 1443/74/841 1445/64/414 1447/74/416
f 1446/64/534 1441/74/537 1448/74/536
f 1445/64/414 1449/74/413 1447/74/416
f 1450/74/842 1446/64/534 1448/74/536
f 1449/74/413 1445/64/414 1451/64/843
f 1446/64/534 1450/74/842 1452/64/468
f 1451/64/843 1453/74/455 1449/74/413
f 1454/64/844 1452/64/468 1450/74/842
f 1453/74/455 1451/64/843 1455/64/457
f 1454/64/844 1450/74/842 1456/74/447
f 1457/64/568 1453/74/455 1455/64/457
f 1453/74/455 1457/64/568 1458/74/569
f 1457/64/568 1459/64/570 1458/74/569
f 1460/64/845 1454/64/844 1456/74/447
f 1460/64/845 1456/74/447 1461/74/440
f 1462/64/846 1460/64/845 1461/74/440
f 1462/64/846 1461/74/440 1463/74/847
f 1463/74/847 1464/74/848 1462/64/846
f 1465/64/506 1466/74/605 1467/74/849
f 1466/74/605 1465/64/506 1468/64/606
f 1467/74/849 1469/64/357 1465/64/506
f 1468/64/606 1470/64/603 1466/74/605
f 1469/64/357 1467/74/849 1471/74/360
f 1466/74/605 1470/64/603 1472/74/604
f 1469/64/357 1471/74/360 1473/74/358
f 1470/64/603 1474/74/850 1472/74/604
f 1475/64/851 1469/64/357 1473/74/358
f 1474/74/850 1470/64/603 1476/64/852
f 1473/74/358 1477/74/451 1475/64/851
f 1476/64/852 1478/64/853 1474/74/850
f 1479/64/452 1475/64/851 1477/74/451
f 1474/74/850 1478/64/853 1480/74/461
f 1477/74/451 1481/64/582 1479/64/452
f 1481/64/582 1477/74/451 1482/74/583
f 1481/64/582 1482/74/583 1483/64/584
f 1478/64/853 1484/64/854 1480/74/461
f 1480/74/461 1484/64/854 1485/74/222
f 1486/64/221 1485/74/222 1484/64/854
f 1487/74/855 1485/74/222 1486/64/221
f 1487/74/855 1486/64/221 1488/74/856
f 1489/74/611 1490/64/510 1491/74/857
f 1490/64/510 1489/74/611 1492/64/615
f 1493/64/362 1491/74/857 1490/64/510
f 1494/64/608 1492/64/615 1489/74/611
f 1491/74/857 1493/64/362 1495/74/364
f 1494/64/608 1489/74/611 1496/74/858
f 1493/64/362 1497/74/361 1495/74/364
f 1498/74/859 1494/64/608 1496/74/858
f 1497/74/361 1493/64/362 1499/64/860
f 1494/64/608 1498/74/859 1500/64/861
f 1499/64/860 1501/74/453 1497/74/361
f 1502/64/862 1500/64/861 1498/74/859
f 1501/74/453 1499/64/860 1503/64/454
f 1498/74/859 1504/74/279 1502/64/862
f 1505/64/586 1501/74/453 1503/64/454
f 1501/74/453 1505/64/586 1506/74/585
f 1505/64/586 1507/64/587 1506/74/585
f 1508/64/863 1502/64/862 1504/74/279
f 1508/64/863 1504/74/279 1509/74/226
f 1510/64/864 1508/64/863 1509/74/226
f 1510/64/864 1509/74/226 1511/74/865
f 1511/74/865 1512/74/866 1510/64/864
f 1513/64/549 1514/64/626 1515/74/867
f 1516/74/627 1515/74/867 1514/64/626
f 1515/74/867 1517/74/648 1513/64/549
f 1514/64/626 1518/64/868 1516/74/627
f 1519/64/544 1513/64/549 1517/74/648
f 1518/64/868 1520/74/489 1516/74/627
f 1519/64/544 1517/74/648 1521/74/548
f 1518/64/868 1522/64/491 1520/74/489
f 1523/74/869 1519/64/544 1521/74/548
f 1522/64/491 1524/74/590 1520/74/489
f 1519/64/544 1523/74/869 1525/64/195
f 1522/64/491 1526/64/591 1524/74/590
f 1527/64/139 1525/64/195 1523/74/869
f 1528/64/592 1524/74/590 1526/64/591
f 1524/74/590 1528/64/592 1529/74/593
f 1528/64/592 1530/64/595 1529/74/593
f 1523/74/869 1531/74/870 1527/64/139
f 1532/64/200 1527/64/139 1531/74/870
f 1532/64/200 1531/74/870 1533/74/871
f 1533/74/871 1534/64/872 1532/64/200
f 1534/64/872 1533/74/871 1535/74/199
f 1535/74/199 1536/74/873 1534/64/872
f 1537/64/630 1538/64/649 1539/74/874
f 1539/74/874 1538/64/649 1540/74/553
f 1541/74/631 1537/64/630 1539/74/874
f 1542/64/875 1540/74/553 1538/64/649
f 1543/64/876 1537/64/630 1541/74/631
f 1540/74/553 1542/64/875 1544/74/552
f 1541/74/631 1545/74/493 1543/64/876
f 1542/64/875 1546/74/877 1544/74/552
f 1547/64/494 1543/64/876 1545/74/493
f 1546/74/877 1542/64/875 1548/64/197
f 1545/74/493 1549/74/596 1547/64/494
f 1548/64/197 1550/64/878 1546/74/877
f 1547/64/494 1549/74/596 1551/64/597
f 1546/74/877 1550/64/878 1552/74/879
f 1549/74/596 1553/64/598 1551/64/597
f 1553/64/598 1549/74/596 1554/74/599
f 1553/64/598 1554/74/599 1555/64/601
f 1556/64/141 1552/74/879 1550/64/878
f 1552/74/879 1556/64/141 1557/74/880
f 1556/64/141 1558/64/881 1557/74/880
f 1559/74/202 1557/74/880 1558/64/881
f 1559/74/202 1558/64/881 1560/74/882
f 1561/74/883 1562/65/309 1563/74/884
f 1561/74/883 1564/65/885 1562/65/309
f 1564/65/885 1565/74/315 1566/65/317
f 1567/74/339 1568/65/333 1569/65/886
f 1567/74/339 1570/74/887 1568/65/333
f 1569/65/888 1571/65/341 1572/74/889
f 1573/74/890 1574/65/891 1575/74/892
f 1574/65/891 1573/74/890 1576/65/163
f 1577/65/893 1576/65/163 1578/74/159
f 1579/74/157 1577/65/893 1578/74/159
f 1580/74/894 1581/65/895 1582/65/187
f 1581/65/895 1580/74/894 1583/74/896
f 1584/65/179 1585/74/897 1582/65/187
f 1586/74/898 1585/74/897 1584/65/179
f 1587/65/899 1588/74/249 1589/74/250
f 1587/65/899 1589/74/250 1590/65/900
f 1590/65/900 1591/74/250 1592/65/252
f 1593/65/901 1594/74/902 1595/65/903
f 1595/65/903 1594/74/902 1596/74/273
f 1593/65/901 1597/65/904 1598/74/274
f 1599/74/241 1600/74/905 1601/65/239
f 1601/65/239 1600/74/905 1602/65/906
f 1603/74/907 1604/65/733 1605/74/908
f 1604/65/733 1606/65/271 1605/74/908
f 1607/64/650 1608/64/621 1609/74/653
f 1609/74/653 1608/64/621 1610/74/620
f 1611/74/651 1607/64/650 1609/74/653
f 1612/64/618 1610/74/620 1608/64/621
f 1613/64/909 1607/64/650 1611/74/651
f 1610/74/620 1612/64/618 1614/74/619
f 1611/74/651 1615/74/575 1613/64/909
f 1612/64/618 1616/74/289 1614/74/619
f 1617/64/576 1613/64/909 1615/74/575
f 1616/74/289 1612/64/618 1618/64/290
f 1615/74/575 1619/74/637 1617/64/576
f 1618/64/290 1620/64/910 1616/74/289
f 1617/64/576 1619/74/637 1621/64/638
f 1616/74/289 1620/64/910 1622/74/911
f 1619/74/637 1623/64/639 1621/64/638
f 1623/64/639 1619/74/637 1624/74/640
f 1623/64/639 1624/74/640 1625/64/641
f 1626/64/213 1622/74/911 1620/64/910
f 1622/74/911 1626/64/213 1627/74/350
f 1626/64/213 1628/64/912 1627/74/350
f 1629/74/913 1627/74/350 1628/64/912
f 1629/74/913 1628/64/912 1630/74/914
f 1631/64/625 1632/64/654 1633/74/915
f 1634/74/655 1633/74/915 1632/64/654
f 1633/74/915 1635/74/624 1631/64/625
f 1632/64/654 1636/64/916 1634/74/655
f 1637/64/622 1631/64/625 1635/74/624
f 1636/64/916 1638/74/579 1634/74/655
f 1637/64/622 1635/74/624 1639/74/623
f 1636/64/916 1640/64/581 1638/74/579
f 1641/74/291 1637/64/622 1639/74/623
f 1640/64/581 1642/74/642 1638/74/579
f 1637/64/622 1641/74/291 1643/64/293
f 1640/64/581 1644/64/643 1642/74/642
f 1645/64/292 1643/64/293 1641/74/291
f 1646/64/644 1642/74/642 1644/64/643
f 1642/74/642 1646/64/644 1647/74/645
f 1646/64/644 1648/64/646 1647/74/645
f 1641/74/291 1649/74/917 1645/64/292
f 1650/64/356 1645/64/292 1649/74/917
f 1650/64/356 1649/74/917 1651/74/354
f 1651/74/354 1652/64/918 1650/64/356
f 1652/64/918 1651/74/354 1653/74/355
f 1653/74/355 1654/74/919 1652/64/918
f 1655/74/920 1656/65/921 1657/65/247
f 1656/65/921 1655/74/920 1658/74/922
f 1659/74/923 1660/65/903 1661/74/924
f 1660/65/903 1659/74/923 1662/65/271
