# Blender 5.2.0 LTS
# www.blender.org
o 124911318777461
v 0.654962 -2.262439 0.032505
v 0.656234 -2.263235 0.032505
v 0.750616 -2.109425 -0.032505
v 0.751888 -2.110221 -0.032505
v 0.750616 -2.109425 0.032505
v 0.751888 -2.110221 0.032505
v 0.654962 -2.262439 -0.032505
v 0.656234 -2.263234 -0.032505
v 0.638100 -2.238101 0.064873
v 0.639078 -2.238712 0.065833
v 0.750763 -2.109518 0.032025
v 0.751741 -2.110128 0.032985
v 0.721445 -2.104779 0.064873
v 0.722423 -2.105389 0.065833
v 0.655109 -2.262532 0.032025
v 0.656087 -2.263142 0.032985
v 0.750763 -2.109518 -0.032025
v 0.751741 -2.110128 -0.032985
v 0.655109 -2.262532 -0.032025
v 0.656087 -2.263142 -0.032985
v 0.638100 -2.238101 -0.064872
v 0.639078 -2.238712 -0.065832
v 0.721445 -2.104779 -0.064872
v 0.722423 -2.105389 -0.065832
v 0.443111 -2.306089 -0.032505
v 0.443415 -2.307557 -0.032505
v 0.655446 -2.262103 -0.032504
v 0.655750 -2.263571 -0.032505
v 0.443111 -2.306089 0.032506
v 0.443415 -2.307557 0.032505
v 0.655446 -2.262103 0.032505
v 0.655750 -2.263571 0.032505
v 0.750523 -2.110000 -0.032505
v 0.751981 -2.109646 -0.032505
v 0.698447 -1.895460 -0.032505
v 0.699905 -1.895106 -0.032505
v 0.750523 -2.110000 0.032505
v 0.751981 -2.109646 0.032505
v 0.698447 -1.895460 0.032505
v 0.699905 -1.895106 0.032505
v 0.638472 -2.237843 0.064873
v 0.638706 -2.238971 0.065833
v 0.446995 -2.277506 0.064873
v 0.447229 -2.278634 0.065833
v 0.443146 -2.306259 0.032025
v 0.443380 -2.307387 0.032985
v 0.655481 -2.262273 0.032025
v 0.655715 -2.263401 0.032985
v 0.443146 -2.306259 -0.032025
v 0.443380 -2.307387 -0.032985
v 0.638472 -2.237843 -0.064872
v 0.638706 -2.238971 -0.065832
v 0.655481 -2.262273 -0.032025
v 0.655715 -2.263401 -0.032985
v 0.446995 -2.277506 -0.064872
v 0.447229 -2.278634 -0.065832
v 0.750692 -2.109959 -0.032025
v 0.751812 -2.109687 -0.032985
v 0.674801 -1.913345 -0.064872
v 0.675921 -1.913073 -0.065832
v 0.698616 -1.895419 -0.032025
v 0.699736 -1.895147 -0.032985
v 0.721374 -2.105220 -0.064872
v 0.722494 -2.104948 -0.065832
v 0.674801 -1.913345 0.064873
v 0.675921 -1.913073 0.065833
v 0.721374 -2.105220 0.064873
v 0.722494 -2.104948 0.065833
v 0.750692 -2.109959 0.032025
v 0.751812 -2.109687 0.032985
v 0.698616 -1.895419 0.032025
v 0.699736 -1.895147 0.032985
v -0.960968 -1.354513 0.038744
v -0.962398 -1.354969 0.038744
v -0.814267 -1.814879 -0.038744
v -0.815697 -1.815335 -0.038744
v -0.814267 -1.814879 0.038744
v -0.815697 -1.815335 0.038744
v -0.960968 -1.354513 -0.038744
v -0.962398 -1.354969 -0.038744
v 0.351655 -1.974514 0.032505
v 0.351981 -1.975978 0.032505
v 0.573608 -1.924990 -0.032505
v 0.573934 -1.926454 -0.032505
v 0.573608 -1.924990 0.032505
v 0.573934 -1.926454 0.032505
v 0.351655 -1.974514 -0.032505
v 0.351981 -1.975978 -0.032505
v 0.092604 -2.027281 -0.065038
v 0.092958 -2.028739 -0.065038
v 0.092604 -2.027281 0.065039
v 0.092958 -2.028739 0.065039
v 0.024919 -2.043711 0.065039
v 0.025273 -2.045169 0.065039
v 0.024919 -2.043711 -0.065038
v 0.025273 -2.045169 -0.065038
v 0.092141 -2.027620 0.065039
v 0.093421 -2.028400 0.065039
v 0.255088 -1.760214 -0.065038
v 0.256368 -1.760994 -0.065038
v 0.255088 -1.760214 0.065039
v 0.256368 -1.760994 0.065039
v 0.092141 -2.027620 -0.065038
v 0.093421 -2.028400 -0.065038
v -0.595829 -1.079021 0.038744
v -0.596733 -1.077825 0.038744
v -0.961231 -1.355339 -0.038744
v -0.962135 -1.354143 -0.038744
v -0.961231 -1.355339 0.038744
v -0.962135 -1.354143 0.038744
v -0.595829 -1.079021 -0.038744
v -0.596733 -1.077825 -0.038744
v 0.389106 -2.190170 0.032505
v 0.390564 -2.189816 0.032505
v 0.308298 -1.857264 -0.032505
v 0.309756 -1.856910 -0.032505
v 0.308298 -1.857264 0.032505
v 0.309756 -1.856910 0.032505
v 0.389106 -2.190170 -0.032505
v 0.390564 -2.189816 -0.032505
v 0.573646 -1.925164 -0.032020
v 0.573896 -1.926280 -0.032990
v 0.351693 -1.974688 -0.032020
v 0.351943 -1.975804 -0.032990
v 0.371837 -1.941632 -0.064867
v 0.372087 -1.942748 -0.065837
v 0.593789 -1.892108 -0.064867
v 0.594038 -1.893224 -0.065837
v 0.371837 -1.941632 0.064868
v 0.372087 -1.942748 0.065838
v 0.573646 -1.925164 0.032020
v 0.573896 -1.926280 0.032990
v 0.593789 -1.892108 0.064868
v 0.594038 -1.893224 0.065838
v 0.351693 -1.974688 0.032020
v 0.351943 -1.975804 0.032990
v 0.254999 -1.760781 0.065039
v 0.256457 -1.760427 0.065039
v 0.238569 -1.693095 -0.065038
v 0.240027 -1.692741 -0.065038
v 0.238569 -1.693095 0.065040
v 0.240027 -1.692741 0.065039
v 0.254999 -1.760781 -0.065038
v 0.256457 -1.760427 -0.065038
v -1.046201 -0.926692 -0.036696
v -1.047551 -0.927346 -0.036696
v -0.858566 -1.313933 0.036697
v -0.859916 -1.314587 0.036697
v -1.046201 -0.926692 0.036697
v -1.047551 -0.927346 0.036697
v -0.858566 -1.313933 -0.036696
v -0.859916 -1.314587 -0.036696
v -0.961228 -1.354597 -0.038165
v -0.962138 -1.354885 -0.039323
v -0.793738 -1.785326 -0.062989
v -0.794648 -1.785614 -0.064147
v -0.814527 -1.814963 -0.038165
v -0.815437 -1.815251 -0.039323
v -0.925304 -1.363856 -0.062989
v -0.926214 -1.364143 -0.064147
v -0.961228 -1.354597 0.038165
v -0.962138 -1.354885 0.039323
v -0.814527 -1.814963 0.038165
v -0.815437 -1.815251 0.039323
v -0.793738 -1.785326 0.062989
v -0.794648 -1.785614 0.064147
v -0.925304 -1.363856 0.062989
v -0.926214 -1.364143 0.064147
v 0.389275 -2.190129 -0.032025
v 0.390395 -2.189857 -0.032985
v 0.284484 -1.874458 -0.064872
v 0.285604 -1.874186 -0.065832
v 0.308467 -1.857223 -0.032025
v 0.309587 -1.856951 -0.032985
v 0.368937 -2.222387 -0.064872
v 0.370057 -2.222116 -0.065832
v 0.284484 -1.874458 0.064873
v 0.285604 -1.874186 0.065833
v 0.368937 -2.222387 0.064873
v 0.370057 -2.222116 0.065833
v 0.389275 -2.190129 0.032025
v 0.390395 -2.189857 0.032985
v 0.308467 -1.857223 0.032025
v 0.309587 -1.856951 0.032985
v 0.253611 -2.209559 0.032505
v 0.252931 -2.210897 0.032505
v 0.443603 -2.306154 -0.032505
v 0.442923 -2.307492 -0.032505
v 0.443603 -2.306154 0.032505
v 0.442923 -2.307492 0.032505
v 0.253611 -2.209559 -0.032504
v 0.252931 -2.210897 -0.032505
v -0.961399 -1.355119 0.038162
v -0.961967 -1.354363 0.039326
v -0.607418 -1.127548 0.062986
v -0.607986 -1.126792 0.064150
v -0.595997 -1.078801 0.038162
v -0.596565 -1.078045 0.039326
v -0.925475 -1.364378 0.062986
v -0.926043 -1.363622 0.064150
v -0.961399 -1.355119 -0.038162
v -0.961967 -1.354363 -0.039326
v -0.607418 -1.127548 -0.062986
v -0.607986 -1.126792 -0.064150
v -0.925475 -1.364378 -0.062986
v -0.926043 -1.363622 -0.064150
v -0.595997 -1.078801 -0.038162
v -0.596565 -1.078045 -0.039326
v -0.841081 -1.300082 0.061413
v -0.842117 -1.300588 0.062372
v -1.023889 -0.927348 0.061413
v -1.024925 -0.927854 0.062372
v -1.046358 -0.926766 0.036218
v -1.047394 -0.927272 0.037177
v -0.858723 -1.314007 0.036218
v -0.859759 -1.314513 0.037177
v -1.046358 -0.926766 -0.036216
v -1.047394 -0.927272 -0.037175
v -0.841081 -1.300082 -0.061414
v -0.842117 -1.300588 -0.062373
v -0.858723 -1.314007 -0.036216
v -0.859759 -1.314513 -0.037175
v -1.023889 -0.927348 -0.061414
v -1.024925 -0.927854 -0.062373
v -0.814964 -1.814357 0.038745
v -0.815000 -1.815857 0.038744
v -0.573962 -1.820064 -0.038743
v -0.573998 -1.821564 -0.038744
v -0.573962 -1.820064 0.038744
v -0.573998 -1.821564 0.038744
v -0.814964 -1.814357 -0.038744
v -0.815000 -1.815857 -0.038744
v 0.277160 -2.191020 0.064873
v 0.276638 -2.192048 0.065833
v 0.443524 -2.306309 0.032025
v 0.443002 -2.307337 0.032985
v 0.447373 -2.277556 0.064873
v 0.446851 -2.278584 0.065833
v 0.253532 -2.209714 0.032025
v 0.253010 -2.210742 0.032985
v 0.443524 -2.306309 -0.032025
v 0.443002 -2.307337 -0.032985
v 0.253532 -2.209714 -0.032025
v 0.253010 -2.210742 -0.032985
v 0.277160 -2.191020 -0.064872
v 0.276638 -2.192048 -0.065832
v 0.447373 -2.277556 -0.064872
v 0.446851 -2.278584 -0.065832
v -0.124748 -1.952255 0.065039
v -0.125528 -1.953536 0.065039
v -0.124748 -1.952255 -0.065038
v -0.125528 -1.953536 -0.065038
v 0.025486 -2.043800 0.065039
v 0.024706 -2.045080 0.065039
v 0.025486 -2.043800 -0.065038
v 0.024706 -2.045080 -0.065038
v -0.550994 -1.523541 0.038320
v -0.552384 -1.524105 0.038320
v -0.823384 -0.852592 0.038320
v -0.824774 -0.853156 0.038320
v -0.823384 -0.852592 -0.038320
v -0.824774 -0.853156 -0.038320
v -0.550994 -1.523541 -0.038320
v -0.552384 -1.524105 -0.038320
v -0.573969 -1.820337 -0.038165
v -0.573991 -1.821291 -0.039323
v -0.814971 -1.814630 -0.038165
v -0.814993 -1.815584 -0.039323
v -0.794182 -1.784993 -0.062989
v -0.794204 -1.785947 -0.064147
v -0.589619 -1.789837 -0.062989
v -0.589641 -1.790791 -0.064147
v -0.573969 -1.820337 0.038165
v -0.573991 -1.821291 0.039323
v -0.794182 -1.784993 0.062989
v -0.794204 -1.785947 0.064147
v -0.814971 -1.814630 0.038165
v -0.814993 -1.815584 0.039323
v -0.589619 -1.789837 0.062989
v -0.589641 -1.790791 0.064147
v -0.500870 -1.428255 -0.038744
v -0.502176 -1.427517 -0.038744
v -0.623270 -1.645034 0.038745
v -0.624576 -1.644296 0.038744
v -0.500870 -1.428255 0.038744
v -0.502176 -1.427517 0.038744
v -0.623270 -1.645034 -0.038744
v -0.624576 -1.644296 -0.038744
v -0.623493 -1.644907 0.038180
v -0.624353 -1.644423 0.039309
v -0.490758 -1.466861 0.063004
v -0.491618 -1.466377 0.064133
v -0.501093 -1.428128 0.038180
v -0.501953 -1.427644 0.039309
v -0.607657 -1.675410 0.063004
v -0.608517 -1.674926 0.064133
v -0.490758 -1.466861 -0.063003
v -0.491618 -1.466377 -0.064132
v -0.607657 -1.675410 -0.063003
v -0.608517 -1.674926 -0.064132
v -0.623493 -1.644907 -0.038179
v -0.624353 -1.644423 -0.039308
v -0.501093 -1.428128 -0.038179
v -0.501953 -1.427644 -0.039308
v -0.551255 -1.523211 -0.038320
v -0.552123 -1.524435 -0.038320
v -0.058439 -1.873059 -0.038320
v -0.059307 -1.874283 -0.038320
v -0.551255 -1.523211 0.038320
v -0.552123 -1.524435 0.038320
v -0.058439 -1.873060 0.038320
v -0.059307 -1.874283 0.038320
v 0.203576 -2.003217 0.032505
v 0.202778 -2.004487 0.032505
v 0.028293 -1.893012 0.032505
v 0.027495 -1.894282 0.032505
v 0.028293 -1.893012 -0.032505
v 0.027495 -1.894282 -0.032505
v 0.203576 -2.003217 -0.032505
v 0.202778 -2.004487 -0.032505
v 0.698804 -1.895934 -0.032505
v 0.699548 -1.894632 -0.032505
v 0.544667 -1.808007 -0.032505
v 0.545411 -1.806705 -0.032505
v 0.698804 -1.895934 0.032506
v 0.699548 -1.894632 0.032505
v 0.544667 -1.808007 0.032506
v 0.545411 -1.806705 0.032505
v 0.203487 -2.003357 -0.032034
v 0.202867 -2.004347 -0.032976
v 0.028204 -1.893152 -0.032034
v 0.027584 -1.894142 -0.032976
v 0.063204 -1.884164 -0.064881
v 0.062584 -1.885154 -0.065823
v 0.227638 -1.986817 -0.064881
v 0.227018 -1.987807 -0.065823
v 0.063204 -1.884164 0.064882
v 0.062584 -1.885154 0.065824
v 0.203487 -2.003357 0.032034
v 0.202867 -2.004347 0.032976
v 0.227638 -1.986817 0.064882
v 0.227018 -1.987807 0.065824
v 0.028204 -1.893152 0.032034
v 0.027584 -1.894142 0.032976
v 0.675076 -1.913710 0.064873
v 0.675646 -1.912708 0.065833
v 0.544753 -1.807856 0.032025
v 0.545325 -1.806856 0.032985
v 0.540640 -1.837022 0.064873
v 0.541210 -1.836020 0.065833
v 0.698891 -1.895783 0.032025
v 0.699462 -1.894783 0.032985
v 0.544753 -1.807856 -0.032025
v 0.545325 -1.806856 -0.032985
v 0.698891 -1.895783 -0.032025
v 0.699462 -1.894783 -0.032985
v 0.675075 -1.913709 -0.064872
v 0.675646 -1.912709 -0.065832
v 0.540640 -1.837021 -0.064872
v 0.541211 -1.836021 -0.065832
v -0.823622 -0.852692 0.037754
v -0.824536 -0.853056 0.038886
v -0.525801 -1.500265 0.069909
v -0.526569 -1.500865 0.071049
v -0.782818 -0.842501 0.069913
v -0.783732 -0.842865 0.071045
v -0.551310 -1.523515 0.037751
v -0.552068 -1.524131 0.038889
v -0.058579 -1.873256 0.037769
v -0.059167 -1.874086 0.038872
v -0.043947 -1.839320 0.069927
v -0.044535 -1.840150 0.071031
v -0.823622 -0.852692 -0.037754
v -0.824536 -0.853056 -0.038886
v -0.525801 -1.500265 -0.069909
v -0.526569 -1.500865 -0.071049
v -0.551310 -1.523515 -0.037751
v -0.552068 -1.524131 -0.038889
v -0.782818 -0.842501 -0.069913
v -0.783732 -0.842865 -0.071045
v -0.058579 -1.873256 -0.037768
v -0.059167 -1.874086 -0.038871
v -0.043947 -1.839320 -0.069927
v -0.044535 -1.840150 -0.071030
v 0.088675 -1.602013 0.065039
v 0.089455 -1.600732 0.065039
v 0.238908 -1.693558 0.065039
v 0.239688 -1.692277 0.065039
v 0.238908 -1.693558 -0.065038
v 0.239688 -1.692277 -0.065038
v 0.088675 -1.602013 -0.065038
v 0.089455 -1.600732 -0.065038
v -0.847214 -0.953703 -0.095771
v -0.847214 -0.953703 -0.097271
v -1.055809 -0.953703 -0.095771
v -1.055809 -0.953703 -0.097271
v -1.003660 -0.863379 -0.095771
v -1.003660 -0.863379 -0.097271
v -0.899364 -0.863379 -0.095771
v -0.899364 -0.863379 -0.097271
v -1.055809 -0.773055 -0.095771
v -1.055809 -0.773055 -0.097271
v -0.847214 -0.773055 -0.095771
v -0.847214 -0.773055 -0.097271
v -1.160106 -0.773055 -0.095771
v -1.160106 -0.773055 -0.097271
v -0.742917 -0.773055 -0.095771
v -0.742917 -0.773055 -0.097271
v -1.055809 -0.592406 -0.095771
v -1.055809 -0.592406 -0.097271
v -0.847214 -0.592406 -0.095771
v -0.847214 -0.592406 -0.097271
v -1.003660 -0.682730 -0.095771
v -1.003660 -0.682730 -0.097271
v -0.899364 -0.682730 -0.095771
v -0.899364 -0.682730 -0.097271
v -0.847214 -0.953703 0.095772
v -0.847214 -0.953703 0.097272
v -0.742917 -0.773055 0.095772
v -0.742917 -0.773055 0.097272
v -0.847214 -0.773055 0.095772
v -0.847214 -0.773055 0.097272
v -0.847214 -0.592406 0.095772
v -0.847214 -0.592406 0.097272
v -0.899364 -0.863379 0.095772
v -0.899364 -0.863379 0.097272
v -0.899364 -0.682730 0.095772
v -0.899364 -0.682730 0.097272
v -1.055809 -0.953703 0.095772
v -1.055809 -0.953703 0.097272
v -1.003660 -0.682730 0.095772
v -1.003660 -0.682730 0.097272
v -1.003660 -0.863379 0.095772
v -1.003660 -0.863379 0.097272
v -1.055809 -0.592406 0.095772
v -1.055809 -0.592406 0.097272
v -1.055809 -0.773055 0.095772
v -1.055809 -0.773055 0.097272
v -1.160106 -0.773055 0.095772
v -1.160106 -0.773055 0.097272
v -1.056236 -0.773055 0.095905
v -1.055382 -0.773055 0.097139
v -1.003873 -0.863748 0.095905
v -1.003447 -0.863010 0.097139
v -0.991672 -0.842615 0.079030
v -0.991246 -0.841877 0.080264
v -1.031834 -0.773055 0.079030
v -1.030980 -0.773055 0.080264
v -0.911351 -0.842615 0.079030
v -0.911777 -0.841877 0.080264
v -0.991672 -0.703494 0.079030
v -0.991246 -0.704232 0.080264
v -0.899150 -0.863749 0.095905
v -0.899578 -0.863009 0.097139
v -1.003873 -0.682361 0.095905
v -1.003447 -0.683099 0.097139
v -0.846787 -0.773055 0.095905
v -0.847641 -0.773055 0.097139
v -0.899150 -0.682361 0.095905
v -0.899578 -0.683099 0.097139
v -0.871189 -0.773055 0.079030
v -0.872043 -0.773055 0.080264
v -0.911350 -0.703494 0.079030
v -0.911777 -0.704232 0.080264
v -0.846787 -0.773055 -0.095904
v -0.847641 -0.773055 -0.097138
v -0.911351 -0.703494 -0.079030
v -0.911777 -0.704232 -0.080264
v -0.899151 -0.682361 -0.095904
v -0.899577 -0.683099 -0.097138
v -1.003873 -0.682361 -0.095904
v -1.003447 -0.683099 -0.097138
v -0.871189 -0.773055 -0.079030
v -0.872043 -0.773055 -0.080264
v -0.991672 -0.703494 -0.079030
v -0.991246 -0.704232 -0.080264
v -0.911351 -0.842615 -0.079030
v -0.911777 -0.841877 -0.080264
v -1.056236 -0.773055 -0.095904
v -1.055382 -0.773055 -0.097138
v -0.899151 -0.863748 -0.095904
v -0.899577 -0.863010 -0.097138
v -1.031834 -0.773055 -0.079030
v -1.030980 -0.773055 -0.080264
v -0.991673 -0.842615 -0.079030
v -0.991246 -0.841877 -0.080264
v -1.003873 -0.863748 -0.095904
v -1.003447 -0.863010 -0.097138
v -0.635815 -0.811341 -0.069941
v -0.634855 -0.810931 -0.071017
v -0.370226 -1.350475 -0.037767
v -0.369398 -1.349891 -0.038873
v -0.395081 -1.373356 -0.069925
v -0.394269 -1.372754 -0.071033
v -0.600244 -0.806970 -0.037782
v -0.599284 -0.806560 -0.038858
v -0.001757 -1.719072 -0.069924
v -0.001093 -1.718312 -0.071034
v 0.028200 -1.695885 -0.037765
v 0.028864 -1.695125 -0.038875
v -0.635815 -0.811341 0.069941
v -0.634855 -0.810931 0.071017
v -0.370226 -1.350475 0.037767
v -0.369398 -1.349891 0.038873
v -0.600244 -0.806970 0.037782
v -0.599284 -0.806560 0.038858
v -0.395081 -1.373356 0.069925
v -0.394269 -1.372754 0.071033
v -0.001757 -1.719072 0.069924
v -0.001093 -1.718312 0.071034
v 0.028200 -1.695885 0.037765
v 0.028864 -1.695125 0.038875
v -0.600455 -0.807057 0.038320
v -0.599073 -0.806473 0.038320
v -0.370418 -1.350624 0.038320
v -0.369206 -1.349742 0.038320
v -0.370419 -1.350624 -0.038320
v -0.369205 -1.349742 -0.038320
v -0.600455 -0.807057 -0.038320
v -0.599073 -0.806473 -0.038320
v 0.028041 -1.696072 0.038320
v 0.029023 -1.694938 0.038320
v 0.028041 -1.696072 -0.038320
v 0.029023 -1.694938 -0.038320
v -0.104918 -1.876193 -0.079931
v -0.104918 -1.876193 -0.081431
v 0.219081 -1.769618 -0.079931
v 0.219081 -1.769618 -0.081431
v 0.083991 -1.991309 -0.079931
v 0.083991 -1.991309 -0.081431
v 0.016081 -2.007792 -0.079931
v 0.016081 -2.007792 -0.081431
v -0.088435 -1.944106 -0.079931
v -0.088435 -1.944106 -0.081431
v 0.030170 -1.654505 -0.079931
v 0.030170 -1.654505 -0.081431
v 0.202596 -1.701708 -0.079931
v 0.202596 -1.701708 -0.081431
v 0.098080 -1.638020 -0.079931
v 0.098080 -1.638020 -0.081431
v 0.030170 -1.654505 0.079932
v 0.030170 -1.654505 0.081432
v 0.202596 -1.701708 0.079932
v 0.202596 -1.701708 0.081432
v 0.098080 -1.638020 0.079932
v 0.098080 -1.638020 0.081432
v 0.219081 -1.769618 0.079932
v 0.219081 -1.769618 0.081432
v -0.104918 -1.876193 0.079932
v -0.104918 -1.876193 0.081432
v 0.083991 -1.991309 0.079932
v 0.083991 -1.991309 0.081432
v 0.016081 -2.007792 0.079932
v 0.016081 -2.007792 0.081432
v -0.088435 -1.944106 0.079932
v -0.088435 -1.944106 0.081432
v -0.911564 -0.703863 -0.078897
v -0.911564 -0.703863 -0.080397
v -0.911564 -0.842246 -0.078897
v -0.911564 -0.842246 -0.080397
v -0.991459 -0.842246 -0.078897
v -0.991459 -0.842246 -0.080397
v -0.871616 -0.773055 -0.078897
v -0.871616 -0.773055 -0.080397
v -0.991459 -0.703863 -0.078897
v -0.991459 -0.703863 -0.080397
v -1.031407 -0.773055 -0.078897
v -1.031407 -0.773055 -0.080397
v -0.911564 -0.842246 0.078897
v -0.911564 -0.842246 0.080397
v -0.911564 -0.703863 0.078897
v -0.911564 -0.703863 0.080397
v -0.991459 -0.842246 0.078897
v -0.991459 -0.842246 0.080397
v -0.871616 -0.773055 0.078897
v -0.871616 -0.773055 0.080397
v -0.991459 -0.703863 0.078897
v -0.991459 -0.703863 0.080397
v -1.031407 -0.773055 0.078897
v -1.031407 -0.773055 0.080397
v -1.055526 -0.592895 0.096029
v -1.056092 -0.591917 0.097015
v -1.194135 -0.773055 0.056393
v -1.195265 -0.773055 0.057379
v -1.159541 -0.773055 0.096029
v -1.160671 -0.773055 0.097015
v -1.055526 -0.953214 0.096029
v -1.056092 -0.954192 0.097015
v -1.072824 -0.562937 0.056393
v -1.073389 -0.561959 0.057379
v -1.072824 -0.983173 0.056393
v -1.073389 -0.984151 0.057379
v -0.830202 -0.562937 0.056393
v -0.829636 -0.561959 0.057379
v -0.847496 -0.953214 0.096029
v -0.846932 -0.954192 0.097016
v -0.847497 -0.592895 0.096029
v -0.846931 -0.591917 0.097015
v -0.830199 -0.983173 0.056393
v -0.829635 -0.984151 0.057380
v -0.708888 -0.773055 0.056393
v -0.707758 -0.773055 0.057379
v -0.743482 -0.773055 0.096029
v -0.742352 -0.773055 0.097015
v -1.194135 -0.773055 -0.056393
v -1.195265 -0.773055 -0.057379
v -1.072824 -0.562937 -0.056393
v -1.073389 -0.561959 -0.057379
v -1.055526 -0.592895 -0.096028
v -1.056092 -0.591917 -0.097014
v -0.830202 -0.562937 -0.056393
v -0.829636 -0.561959 -0.057379
v -1.159541 -0.773055 -0.096028
v -1.160671 -0.773055 -0.097014
v -0.847497 -0.592895 -0.096028
v -0.846931 -0.591917 -0.097014
v -1.055526 -0.953214 -0.096028
v -1.056092 -0.954192 -0.097014
v -0.708888 -0.773055 -0.056393
v -0.707758 -0.773055 -0.057379
v -1.072824 -0.983173 -0.056393
v -1.073389 -0.984151 -0.057379
v -0.743482 -0.773055 -0.096028
v -0.742352 -0.773055 -0.097014
v -0.847497 -0.953214 -0.096028
v -0.846931 -0.954192 -0.097014
v -0.830200 -0.983173 -0.056393
v -0.829634 -0.984151 -0.057379
v 0.021541 -1.618056 0.064352
v 0.021219 -1.617548 0.065726
v -0.141266 -1.885235 0.064352
v -0.141866 -1.885183 0.065726
v -0.104607 -1.876284 0.080006
v -0.105229 -1.876102 0.081358
v -0.088200 -1.943882 0.080006
v -0.088670 -1.944330 0.081358
v 0.030394 -1.654740 0.080006
v 0.029946 -1.654270 0.081358
v -0.124883 -1.952734 0.064352
v -0.125393 -1.953056 0.065726
v 0.089039 -1.601673 0.064352
v 0.089091 -1.601073 0.065726
v 0.016172 -2.007481 0.080006
v 0.015990 -2.008103 0.081358
v 0.097989 -1.638331 0.080006
v 0.098171 -1.637709 0.081358
v 0.025122 -2.044140 0.064352
v 0.025070 -2.044740 0.065726
v 0.239044 -1.693079 0.064352
v 0.239552 -1.692757 0.065726
v 0.083767 -1.991074 0.080006
v 0.084215 -1.991544 0.081358
v 0.202361 -1.701932 0.080006
v 0.202831 -1.701484 0.081358
v 0.092620 -2.027755 0.064352
v 0.092942 -2.028264 0.065726
v 0.218770 -1.769527 0.080006
v 0.219392 -1.769709 0.081358
v 0.255429 -1.760578 0.064352
v 0.256027 -1.760630 0.065726
v 0.239044 -1.693079 -0.064351
v 0.239552 -1.692757 -0.065725
v 0.097989 -1.638331 -0.080005
v 0.098171 -1.637709 -0.081357
v 0.089039 -1.601673 -0.064351
v 0.089091 -1.601073 -0.065725
v 0.030394 -1.654740 -0.080005
v 0.029946 -1.654270 -0.081357
v 0.202361 -1.701932 -0.080005
v 0.202831 -1.701484 -0.081357
v 0.021541 -1.618056 -0.064351
v 0.021219 -1.617548 -0.065725
v 0.218770 -1.769527 -0.080005
v 0.219392 -1.769709 -0.081357
v -0.104607 -1.876284 -0.080005
v -0.105229 -1.876102 -0.081357
v 0.255429 -1.760578 -0.064351
v 0.256027 -1.760630 -0.065725
v -0.141266 -1.885235 -0.064351
v -0.141866 -1.885183 -0.065725
v 0.092620 -2.027755 -0.064351
v 0.092942 -2.028264 -0.065725
v -0.088200 -1.943882 -0.080005
v -0.088670 -1.944330 -0.081357
v 0.083767 -1.991074 -0.080005
v 0.084215 -1.991544 -0.081357
v -0.124883 -1.952734 -0.064351
v -0.125393 -1.953056 -0.065725
v 0.025122 -2.044140 -0.064351
v 0.025070 -2.044740 -0.065725
v 0.016172 -2.007481 -0.080005
v 0.015990 -2.008103 -0.081357
v -0.783275 -0.842683 -0.069729
v -0.783275 -0.842683 -0.071229
v -0.394675 -1.373055 -0.069729
v -0.394675 -1.373055 -0.071229
v -0.526185 -1.500565 -0.069729
v -0.526185 -1.500565 -0.071229
v -0.635335 -0.811136 -0.069729
v -0.635335 -0.811136 -0.071229
v -0.001425 -1.718692 -0.069729
v -0.001425 -1.718692 -0.071229
v -0.044241 -1.839735 -0.069729
v -0.044241 -1.839735 -0.071229
v -0.001425 -1.718692 0.069729
v -0.001425 -1.718692 0.071229
v -0.526185 -1.500565 0.069729
v -0.526185 -1.500565 0.071229
v -0.044241 -1.839735 0.069729
v -0.044241 -1.839735 0.071229
v -0.394675 -1.373055 0.069729
v -0.394675 -1.373055 0.071229
v -0.783275 -0.842683 0.069729
v -0.783275 -0.842683 0.071229
v -0.635335 -0.811136 0.069729
v -0.635335 -0.811136 0.071229
v 0.659101 -2.161229 0.064603
v 0.659101 -2.161229 0.066103
v 0.369497 -2.222252 0.064603
v 0.369497 -2.222252 0.066103
v 0.447112 -2.278070 0.064603
v 0.447112 -2.278070 0.066103
v 0.276899 -2.191534 0.064603
v 0.276899 -2.191534 0.066103
v 0.638589 -2.238407 0.064603
v 0.638589 -2.238407 0.066103
v 0.227328 -1.987312 0.064603
v 0.227328 -1.987312 0.066103
v 0.721934 -2.105084 0.064603
v 0.721934 -2.105084 0.066103
v 0.285044 -1.874322 0.064603
v 0.285044 -1.874322 0.066103
v 0.062894 -1.884659 0.064603
v 0.062894 -1.884659 0.066103
v 0.112053 -1.785441 0.064603
v 0.112053 -1.785441 0.066103
v 0.593913 -1.892666 0.064603
v 0.593913 -1.892666 0.066103
v 0.675361 -1.913209 0.064603
v 0.675361 -1.913209 0.066103
v 0.540925 -1.836521 0.064603
v 0.540925 -1.836521 0.066103
v 0.371962 -1.942190 0.064603
v 0.371962 -1.942190 0.066103
v 0.356143 -1.877023 0.064603
v 0.356143 -1.877023 0.066103
v 0.593913 -1.892666 -0.064602
v 0.593913 -1.892666 -0.066102
v 0.721934 -2.105084 -0.064602
v 0.721934 -2.105084 -0.066102
v 0.659101 -2.161229 -0.064602
v 0.659101 -2.161229 -0.066102
v 0.638589 -2.238407 -0.064602
v 0.638589 -2.238407 -0.066102
v 0.675361 -1.913209 -0.064602
v 0.675361 -1.913209 -0.066102
v 0.447112 -2.278070 -0.064602
v 0.447112 -2.278070 -0.066102
v 0.540925 -1.836521 -0.064602
v 0.540925 -1.836521 -0.066102
v 0.371962 -1.942190 -0.064602
v 0.371962 -1.942190 -0.066102
v 0.356143 -1.877023 -0.064602
v 0.356143 -1.877023 -0.066102
v 0.369497 -2.222252 -0.064602
v 0.369497 -2.222252 -0.066102
v 0.276899 -2.191534 -0.064602
v 0.276899 -2.191534 -0.066102
v 0.227328 -1.987312 -0.064602
v 0.227328 -1.987312 -0.066102
v 0.285044 -1.874322 -0.064602
v 0.285044 -1.874322 -0.066102
v 0.062894 -1.884659 -0.064602
v 0.062894 -1.884659 -0.066102
v 0.112053 -1.785441 -0.064602
v 0.112053 -1.785441 -0.066102
v -0.564258 -1.225670 -0.062818
v -0.564258 -1.225670 -0.064318
v -0.826259 -1.403284 -0.062818
v -0.826259 -1.403284 -0.064318
v -0.607702 -1.127170 -0.062818
v -0.607702 -1.127170 -0.064318
v -0.925759 -1.364000 -0.062818
v -0.925759 -1.364000 -0.064318
v -0.732037 -1.672233 -0.062818
v -0.732037 -1.672233 -0.064318
v -0.794193 -1.785470 -0.062818
v -0.794193 -1.785470 -0.064318
v -0.589630 -1.790314 -0.062818
v -0.589630 -1.790314 -0.064318
v -0.608087 -1.675168 -0.062818
v -0.608087 -1.675168 -0.064318
v -0.417165 -1.503296 -0.062818
v -0.417165 -1.503296 -0.064318
v -0.491188 -1.466619 -0.062818
v -0.491188 -1.466619 -0.064318
v -0.794193 -1.785470 0.062818
v -0.794193 -1.785470 0.064318
v -0.589630 -1.790314 0.062818
v -0.589630 -1.790314 0.064318
v -0.732037 -1.672233 0.062818
v -0.732037 -1.672233 0.064318
v -0.925759 -1.364000 0.062818
v -0.925759 -1.364000 0.064318
v -0.608087 -1.675168 0.062818
v -0.608087 -1.675168 0.064318
v -0.417165 -1.503296 0.062818
v -0.417165 -1.503296 0.064318
v -0.491188 -1.466619 0.062818
v -0.491188 -1.466619 0.064318
v -0.826259 -1.403284 0.062818
v -0.826259 -1.403284 0.064318
v -0.607702 -1.127170 0.062818
v -0.607702 -1.127170 0.064318
v -0.564258 -1.225670 0.062818
v -0.564258 -1.225670 0.064318
v -0.920962 -0.930273 -0.061144
v -0.920962 -0.930273 -0.062644
v -0.841599 -1.300335 -0.061144
v -0.841599 -1.300335 -0.062644
v -1.024407 -0.927601 -0.061144
v -1.024407 -0.927601 -0.062644
v -0.760374 -1.236220 -0.061144
v -0.760374 -1.236220 -0.062644
v -0.920962 -0.930273 0.061142
v -0.920962 -0.930273 0.062642
v -0.841599 -1.300335 0.061142
v -0.841599 -1.300335 0.062642
v -0.760374 -1.236220 0.061142
v -0.760374 -1.236220 0.062642
v -1.024407 -0.927601 0.061142
v -1.024407 -0.927601 0.062642
v 0.100728 -1.746611 -0.032018
v 0.101258 -1.745601 -0.032992
v 0.308762 -1.857592 -0.032018
v 0.309292 -1.856582 -0.032992
v 0.284779 -1.874827 -0.064865
v 0.285309 -1.873817 -0.065839
v 0.111788 -1.785946 -0.064865
v 0.112318 -1.784936 -0.065839
v 0.284779 -1.874827 0.064866
v 0.285309 -1.873817 0.065840
v 0.100728 -1.746611 0.032018
v 0.101258 -1.745601 0.032992
v 0.111788 -1.785946 0.064866
v 0.112318 -1.784936 0.065840
v 0.308762 -1.857592 0.032018
v 0.309292 -1.856582 0.032992
v -0.574384 -1.820569 -0.038162
v -0.573576 -1.821059 -0.039326
v -0.417569 -1.503051 -0.062986
v -0.416761 -1.503541 -0.064150
v -0.373174 -1.491432 -0.038162
v -0.372366 -1.491922 -0.039326
v -0.590034 -1.790069 -0.062986
v -0.589226 -1.790559 -0.064150
v -0.417569 -1.503051 0.062986
v -0.416761 -1.503541 0.064150
v -0.590034 -1.790069 0.062986
v -0.589226 -1.790559 0.064150
v -0.574384 -1.820569 0.038162
v -0.573576 -1.821059 0.039326
v -0.373174 -1.491432 0.038162
v -0.372366 -1.491922 0.039326
v 0.100640 -1.746768 0.032505
v 0.101346 -1.745444 0.032505
v 0.308674 -1.857749 0.032505
v 0.309380 -1.856425 0.032505
v 0.308674 -1.857749 -0.032505
v 0.309380 -1.856425 -0.032505
v 0.100640 -1.746768 -0.032505
v 0.101346 -1.745444 -0.032505
v -0.124409 -1.952718 -0.065037
v -0.125867 -1.953072 -0.065038
v -0.124409 -1.952718 0.065039
v -0.125867 -1.953072 0.065039
v -0.140837 -1.885032 0.065039
v -0.142295 -1.885386 0.065039
v -0.140837 -1.885032 -0.065037
v -0.142295 -1.885386 -0.065038
v -0.608098 -1.675645 -0.062989
v -0.608076 -1.674691 -0.064147
v -0.712725 -1.643039 -0.038165
v -0.712703 -1.642085 -0.039323
v -0.623934 -1.645142 -0.038165
v -0.623912 -1.644188 -0.039323
v -0.732048 -1.672710 -0.062989
v -0.732026 -1.671756 -0.064147
v -0.608098 -1.675645 0.062989
v -0.608076 -1.674691 0.064147
v -0.712725 -1.643039 0.038165
v -0.712703 -1.642085 0.039323
v -0.732048 -1.672710 0.062989
v -0.732026 -1.671756 0.064147
v -0.623934 -1.645142 0.038165
v -0.623912 -1.644188 0.039323
v -0.373410 -1.491286 0.038744
v -0.372130 -1.492068 0.038744
v -0.574620 -1.820423 0.038744
v -0.573340 -1.821205 0.038744
v -0.574620 -1.820423 -0.038744
v -0.573340 -1.821205 -0.038744
v -0.373410 -1.491286 -0.038744
v -0.372130 -1.492068 -0.038744
v -0.712732 -1.643312 0.038744
v -0.712696 -1.641812 0.038744
v -0.623941 -1.645415 0.038744
v -0.623905 -1.643915 0.038744
v -0.712732 -1.643312 -0.038744
v -0.712696 -1.641812 -0.038744
v -0.623941 -1.645415 -0.038744
v -0.623905 -1.643915 -0.038744
v 0.021557 -1.618531 -0.065038
v 0.021203 -1.617073 -0.065038
v 0.021557 -1.618531 0.065039
v 0.021203 -1.617073 0.065039
v 0.089242 -1.602102 0.065039
v 0.088888 -1.600644 0.065039
v 0.089242 -1.602102 -0.065038
v 0.088888 -1.600644 -0.065038
v -0.743241 -1.222564 -0.036218
v -0.742221 -1.222022 -0.037174
v -0.921472 -0.930544 -0.061416
v -0.920452 -0.930002 -0.062372
v -0.899003 -0.931124 -0.036218
v -0.897983 -0.930582 -0.037174
v -0.760884 -1.236491 -0.061416
v -0.759864 -1.235949 -0.062372
v -0.743241 -1.222564 0.036219
v -0.742221 -1.222022 0.037175
v -0.921472 -0.930544 0.061414
v -0.920452 -0.930002 0.062370
v -0.760884 -1.236491 0.061414
v -0.759864 -1.235949 0.062370
v -0.899003 -0.931124 0.036219
v -0.897983 -0.930582 0.037175
v -0.564534 -1.225263 0.063002
v -0.563982 -1.226077 0.064134
v -0.826535 -1.402877 0.063002
v -0.825983 -1.403691 0.064134
v -0.788991 -1.411909 0.038178
v -0.788439 -1.412723 0.039310
v -0.527468 -1.234663 0.038178
v -0.526916 -1.235477 0.039310
v -0.788991 -1.411909 -0.038178
v -0.788439 -1.412723 -0.039310
v -0.564534 -1.225263 -0.063002
v -0.563982 -1.226077 -0.064134
v -0.527468 -1.234663 -0.038178
v -0.526916 -1.235477 -0.039310
v -0.826535 -1.402877 -0.063002
v -0.825983 -1.403691 -0.064134
v 0.277459 -2.191398 0.064873
v 0.276339 -2.191670 0.065833
v 0.227888 -1.987176 0.064873
v 0.226768 -1.987448 0.065833
v 0.203737 -2.003716 0.032025
v 0.202617 -2.003988 0.032985
v 0.253831 -2.210092 0.032025
v 0.252711 -2.210364 0.032985
v 0.203737 -2.003716 -0.032025
v 0.202617 -2.003988 -0.032985
v 0.277459 -2.191398 -0.064872
v 0.276339 -2.191670 -0.065832
v 0.253831 -2.210092 -0.032025
v 0.252711 -2.210364 -0.032985
v 0.227888 -1.987176 -0.064872
v 0.226768 -1.987448 -0.065832
v -0.826709 -1.403437 -0.062988
v -0.825809 -1.403131 -0.064148
v -0.713164 -1.642715 -0.038164
v -0.712264 -1.642409 -0.039324
v -0.732487 -1.672386 -0.062988
v -0.731587 -1.672080 -0.064148
v -0.789165 -1.412469 -0.038164
v -0.788265 -1.412163 -0.039324
v -0.826709 -1.403437 0.062988
v -0.825809 -1.403131 0.064148
v -0.732487 -1.672386 0.062988
v -0.731587 -1.672080 0.064148
v -0.713164 -1.642715 0.038164
v -0.712264 -1.642409 0.039324
v -0.789165 -1.412469 0.038164
v -0.788265 -1.412163 0.039324
v -0.899154 -0.931206 0.036698
v -0.897831 -0.930500 0.036697
v -0.743392 -1.222647 0.036697
v -0.742070 -1.221939 0.036697
v -0.743392 -1.222646 -0.036695
v -0.742069 -1.221940 -0.036696
v -0.899154 -0.931207 -0.036696
v -0.897832 -0.930499 -0.036696
v 0.022020 -1.618192 -0.065038
v 0.020740 -1.617412 -0.065038
v -0.140925 -1.885599 -0.065038
v -0.142206 -1.884819 -0.065038
v 0.022020 -1.618192 0.065040
v 0.020740 -1.617412 0.065039
v -0.140926 -1.885599 0.065039
v -0.142206 -1.884819 0.065039
v 0.545164 -1.807920 -0.032026
v 0.544914 -1.806792 -0.032983
v 0.356268 -1.877587 -0.064873
v 0.356018 -1.876459 -0.065830
v 0.323211 -1.857443 -0.032027
v 0.322961 -1.856315 -0.032983
v 0.541050 -1.837085 -0.064873
v 0.540800 -1.835957 -0.065830
v 0.356268 -1.877587 0.064875
v 0.356018 -1.876459 0.065831
v 0.541050 -1.837085 0.064875
v 0.540800 -1.835957 0.065832
v 0.545164 -1.807920 0.032027
v 0.544914 -1.806792 0.032984
v 0.323211 -1.857443 0.032027
v 0.322961 -1.856315 0.032983
v 0.203906 -2.003675 -0.032505
v 0.202448 -2.004029 -0.032505
v 0.254000 -2.210051 -0.032505
v 0.252542 -2.210405 -0.032505
v 0.203906 -2.003675 0.032505
v 0.202448 -2.004029 0.032505
v 0.254000 -2.210051 0.032505
v 0.252542 -2.210405 0.032505
v -0.789136 -1.411695 -0.038743
v -0.788294 -1.412937 -0.038744
v -0.527613 -1.234449 -0.038744
v -0.526771 -1.235691 -0.038744
v -0.789136 -1.411695 0.038744
v -0.788294 -1.412937 0.038744
v -0.527613 -1.234449 0.038744
v -0.526771 -1.235691 0.038744
v 0.323646 -1.856743 -0.032025
v 0.322526 -1.857015 -0.032985
v 0.372522 -1.942054 -0.064872
v 0.371402 -1.942326 -0.065832
v 0.352378 -1.975110 -0.032025
v 0.351258 -1.975382 -0.032985
v 0.356703 -1.876887 -0.064872
v 0.355583 -1.877159 -0.065832
v 0.323646 -1.856743 0.032025
v 0.322526 -1.857015 0.032985
v 0.352378 -1.975110 0.032025
v 0.351258 -1.975382 0.032985
v 0.372522 -1.942054 0.064873
v 0.371402 -1.942326 0.065833
v 0.356703 -1.876887 0.064873
v 0.355583 -1.877159 0.065833
v -0.713426 -1.642797 -0.038744
v -0.712002 -1.642327 -0.038744
v -0.789427 -1.412551 -0.038743
v -0.788003 -1.412081 -0.038744
v -0.713426 -1.642797 0.038744
v -0.712002 -1.642327 0.038744
v -0.789427 -1.412551 0.038744
v -0.788003 -1.412081 0.038744
v 0.545202 -1.808088 -0.032505
v 0.544876 -1.806624 -0.032505
v 0.323249 -1.857611 -0.032505
v 0.322923 -1.856147 -0.032505
v 0.545202 -1.808088 0.032505
v 0.544876 -1.806624 0.032505
v 0.323249 -1.857611 0.032505
v 0.322923 -1.856147 0.032505
v 0.323815 -1.856702 0.032505
v 0.322357 -1.857056 0.032505
v 0.352547 -1.975069 -0.032504
v 0.351089 -1.975423 -0.032505
v 0.352547 -1.975069 0.032505
v 0.351089 -1.975423 0.032505
v 0.323815 -1.856702 -0.032505
v 0.322357 -1.857056 -0.032505
v 0.659661 -2.161093 0.064873
v 0.658541 -2.161365 0.065833
v 0.594473 -1.892530 0.064873
v 0.593353 -1.892802 0.065833
v 0.574331 -1.925586 0.032025
v 0.573211 -1.925858 0.032985
v 0.626406 -2.140126 0.032025
v 0.625286 -2.140398 0.032985
v 0.574331 -1.925586 -0.032025
v 0.573211 -1.925858 -0.032985
v 0.659661 -2.161093 -0.064872
v 0.658541 -2.161365 -0.065832
v 0.626406 -2.140126 -0.032025
v 0.625286 -2.140398 -0.032985
v 0.594473 -1.892530 -0.064872
v 0.593353 -1.892802 -0.065832
v 0.369616 -2.222816 -0.064872
v 0.369378 -2.221688 -0.065832
v 0.625965 -2.140826 -0.032025
v 0.625727 -2.139698 -0.032985
v 0.659220 -2.161793 -0.064872
v 0.658982 -2.160665 -0.065832
v 0.389954 -2.190557 -0.032025
v 0.389716 -2.189429 -0.032985
v 0.369616 -2.222816 0.064873
v 0.369378 -2.221688 0.065833
v 0.659220 -2.161793 0.064873
v 0.658982 -2.160665 0.065833
v 0.625965 -2.140826 0.032025
v 0.625727 -2.139698 0.032985
v 0.389954 -2.190557 0.032025
v 0.389716 -2.189429 0.032985
v -0.830294 -0.563098 -0.056886
v -0.829544 -0.561798 -0.056886
v -1.072731 -0.563098 -0.056886
v -1.073481 -0.561798 -0.056886
v -0.830294 -0.563098 0.056886
v -0.829544 -0.561798 0.056886
v -1.072731 -0.563098 0.056886
v -1.073481 -0.561798 0.056886
v -0.709073 -0.773055 0.056886
v -0.707573 -0.773055 0.056886
v -1.193950 -0.773055 -0.056886
v -1.195450 -0.773055 -0.056886
v -0.709073 -0.773055 -0.056886
v -0.707573 -0.773055 -0.056886
v -1.193950 -0.773055 0.056886
v -1.195450 -0.773055 0.056886
v -0.830292 -0.983012 0.056886
v -0.829542 -0.984312 0.056886
v -1.072731 -0.983012 -0.056886
v -1.073481 -0.984312 -0.056886
v -0.830292 -0.983012 -0.056886
v -0.829542 -0.984312 -0.056886
v -1.072731 -0.983012 0.056886
v -1.073481 -0.984312 0.056886
v 0.574500 -1.925545 0.032505
v 0.573042 -1.925899 0.032505
v 0.626575 -2.140085 -0.032504
v 0.625117 -2.140439 -0.032505
v 0.626575 -2.140085 0.032505
v 0.625117 -2.140439 0.032505
v 0.574500 -1.925545 -0.032505
v 0.573042 -1.925899 -0.032505
v 0.626001 -2.140996 0.032506
v 0.625691 -2.139528 0.032505
v 0.389990 -2.190727 -0.032505
v 0.389680 -2.189259 -0.032505
v 0.389990 -2.190727 0.032506
v 0.389680 -2.189259 0.032505
v 0.626001 -2.140996 -0.032504
v 0.625691 -2.139528 -0.032505
v 0.657874 -2.259195 0.031755
v 0.750854 -2.110459 -0.031437
v 0.750854 -2.110459 0.031755
v 0.748976 -2.113465 -0.031755
v 0.655996 -2.262201 0.031438
v 0.655996 -2.262201 -0.031755
v 0.642184 -2.233562 0.064777
v 0.750126 -2.110366 0.033305
v 0.722037 -2.105826 0.064777
v 0.747657 -2.114668 0.033081
v 0.639362 -2.238266 0.064656
v 0.655712 -2.261749 0.033081
v 0.747657 -2.114668 -0.033081
v 0.655712 -2.261749 -0.033081
v 0.639362 -2.238266 -0.064654
v 0.750126 -2.110366 -0.033305
v 0.642184 -2.233562 -0.064776
v 0.722037 -2.105826 -0.064776
v 0.443997 -2.306671 -0.031755
v 0.650591 -2.263874 -0.031755
v 0.443997 -2.306671 0.031497
v 0.654864 -2.262989 0.031755
v 0.448270 -2.305786 0.031755
v 0.654864 -2.262989 -0.031497
v 0.751075 -2.109094 -0.031755
v 0.700403 -1.900338 -0.031755
v 0.751075 -2.109094 0.031502
v 0.699353 -1.896012 0.031755
v 0.750025 -2.104768 0.031755
v 0.699353 -1.896012 -0.031502
v 0.631564 -2.240352 0.064777
v 0.447797 -2.278418 0.064777
v 0.444103 -2.306014 0.033252
v 0.638177 -2.239066 0.064679
v 0.450288 -2.304877 0.033081
v 0.654538 -2.262566 0.033081
v 0.450289 -2.304877 -0.033081
v 0.638177 -2.239066 -0.064677
v 0.654538 -2.262566 -0.033081
v 0.631564 -2.240352 -0.064776
v 0.444103 -2.306014 -0.033251
v 0.447797 -2.278418 -0.064776
v 0.749038 -2.102738 -0.033081
v 0.676032 -1.913598 -0.064679
v 0.698942 -1.896353 -0.033081
v 0.677575 -1.920294 -0.064776
v 0.750398 -2.108960 -0.033256
v 0.722265 -2.104412 -0.064776
v 0.677575 -1.920293 0.064777
v 0.722265 -2.104412 0.064777
v 0.750398 -2.108960 0.033257
v 0.676032 -1.913598 0.064681
v 0.749038 -2.102738 0.033081
v 0.698942 -1.896353 0.033081
v -0.958825 -1.363710 0.037994
v -0.815210 -1.814392 -0.037864
v -0.815210 -1.814392 0.037994
v -0.817840 -1.806138 -0.037994
v -0.961455 -1.355456 0.037864
v -0.961455 -1.355456 -0.037994
v 0.357042 -1.974080 0.031755
v 0.573039 -1.925885 -0.031510
v 0.573039 -1.925885 0.031755
v 0.568547 -1.926888 -0.031755
v 0.352550 -1.975083 0.031511
v 0.352550 -1.975083 -0.031755
v 0.092052 -2.028187 -0.062048
v 0.092052 -2.028187 0.064289
v 0.026313 -2.044145 0.064289
v 0.025825 -2.044263 0.062050
v 0.025825 -2.044263 -0.064288
v 0.091564 -2.028305 -0.064288
v 0.094738 -2.024799 0.064289
v 0.255338 -1.761245 -0.063914
v 0.255338 -1.761245 0.064289
v 0.253771 -1.763815 -0.064288
v 0.093171 -2.027369 0.063915
v 0.093171 -2.027369 -0.064288
v -0.603405 -1.083810 0.037994
v -0.961085 -1.354289 -0.037856
v -0.961085 -1.354289 0.037994
v -0.954559 -1.349354 -0.037994
v -0.596879 -1.078875 0.037857
v -0.596879 -1.078875 -0.037994
v 0.387954 -2.182243 0.031755
v 0.309204 -1.857816 -0.031599
v 0.309204 -1.857816 0.031755
v 0.310908 -1.864837 -0.031755
v 0.389658 -2.189264 0.031599
v 0.389658 -2.189264 -0.031755
v 0.566772 -1.926786 -0.033077
v 0.353031 -1.974478 -0.033077
v 0.372430 -1.942645 -0.064708
v 0.573303 -1.925267 -0.033148
v 0.378961 -1.941126 -0.064780
v 0.592700 -1.893434 -0.064780
v 0.378960 -1.941126 0.064781
v 0.573303 -1.925267 0.033149
v 0.592700 -1.893434 0.064781
v 0.566772 -1.926786 0.033077
v 0.372430 -1.942645 0.064710
v 0.353031 -1.974478 0.033077
v 0.255433 -1.759387 0.064289
v 0.239475 -1.693647 -0.062048
v 0.239475 -1.693647 0.064289
v 0.239593 -1.694135 -0.064288
v 0.255551 -1.759875 0.062050
v 0.255551 -1.759875 -0.064288
v -1.046549 -0.927694 -0.035807
v -0.863104 -1.306288 0.035947
v -1.046549 -0.927694 0.035947
v -0.859568 -1.313585 0.035808
v -1.043013 -0.934991 -0.035946
v -0.859568 -1.313585 -0.035946
v -0.955608 -1.371934 -0.039234
v -0.794886 -1.785258 -0.063054
v -0.814835 -1.813698 -0.039233
v -0.799900 -1.769164 -0.063104
v -0.960663 -1.355736 -0.039277
v -0.926182 -1.364623 -0.063104
v -0.955608 -1.371934 0.039234
v -0.814835 -1.813698 0.039234
v -0.794886 -1.785258 0.063055
v -0.960663 -1.355736 0.039277
v -0.799900 -1.769164 0.063104
v -0.926182 -1.364623 0.063104
v 0.386614 -2.178758 -0.033081
v 0.285691 -1.874741 -0.064715
v 0.308789 -1.858142 -0.033081
v 0.288265 -1.885556 -0.064776
v 0.389244 -2.189743 -0.033124
v 0.369646 -2.220828 -0.064776
v 0.288265 -1.885556 0.064777
v 0.369646 -2.220828 0.064777
v 0.389244 -2.189743 0.033124
v 0.386614 -2.178759 0.033081
v 0.308789 -1.858142 0.033081
v 0.285691 -1.874741 0.064717
v 0.257754 -2.212507 0.031755
v 0.442594 -2.306483 -0.031492
v 0.442594 -2.306483 0.031755
v 0.438780 -2.304543 -0.031755
v 0.253940 -2.210568 0.031492
v 0.253940 -2.210568 -0.031755
v -0.948899 -1.345817 0.039204
v -0.608307 -1.126853 0.063089
v -0.597318 -1.079950 0.039204
v -0.621332 -1.136610 0.063079
v -0.960146 -1.354430 0.039319
v -0.925761 -1.363293 0.063079
v -0.960146 -1.354430 -0.039319
v -0.621332 -1.136610 -0.063079
v -0.925761 -1.363293 -0.063079
v -0.948899 -1.345817 -0.039204
v -0.597318 -1.079950 -0.039204
v -0.608307 -1.126853 -0.063089
v -0.850781 -1.282669 0.061304
v -1.024585 -0.928295 0.061304
v -1.045947 -0.927742 0.037350
v -1.038091 -0.944019 0.037263
v -0.859176 -1.313265 0.037263
v -0.842353 -1.299988 0.061287
v -1.038092 -0.944018 -0.037261
v -0.842353 -1.299988 -0.061289
v -0.859176 -1.313265 -0.037261
v -0.850781 -1.282670 -0.061305
v -1.045947 -0.927742 -0.037349
v -1.024585 -0.928295 -0.061306
v -0.810199 -1.815220 0.037994
v -0.574730 -1.820796 -0.037715
v -0.574730 -1.820796 0.037994
v -0.578763 -1.820701 -0.037994
v -0.814232 -1.815125 0.037715
v -0.814232 -1.815125 -0.037994
v 0.283023 -2.195186 0.064777
v 0.442666 -2.305817 0.033256
v 0.446359 -2.278226 0.064777
v 0.437139 -2.303171 0.033081
v 0.277111 -2.192272 0.064678
v 0.254382 -2.210254 0.033081
v 0.437139 -2.303171 -0.033081
v 0.254382 -2.210254 -0.033081
v 0.277111 -2.192272 -0.064677
v 0.442666 -2.305817 -0.033256
v 0.283023 -2.195186 -0.064776
v 0.446359 -2.278226 -0.064776
v -0.124498 -1.953285 0.064289
v -0.124498 -1.953285 -0.063551
v 0.023152 -2.043256 0.064289
v 0.024456 -2.044050 0.063552
v -0.123195 -1.954079 -0.064288
v 0.024456 -2.044050 -0.064288
v -0.557035 -1.510655 0.037570
v -0.823797 -0.853569 0.037570
v -0.823797 -0.853569 -0.037486
v -0.551971 -1.523128 0.037487
v -0.818733 -0.866042 -0.037570
v -0.551971 -1.523128 -0.037570
v -0.582522 -1.820033 -0.039221
v -0.813739 -1.814557 -0.039221
v -0.793794 -1.786124 -0.063037
v -0.575185 -1.820031 -0.039366
v -0.785651 -1.786251 -0.063091
v -0.590142 -1.790881 -0.063091
v -0.582522 -1.820033 0.039221
v -0.793794 -1.786124 0.063037
v -0.813739 -1.814557 0.039221
v -0.785651 -1.786251 0.063091
v -0.575185 -1.820031 0.039366
v -0.590142 -1.790881 0.063091
v -0.501892 -1.428539 -0.037725
v -0.621498 -1.640369 0.037994
v -0.501892 -1.428539 0.037994
v -0.623554 -1.644012 0.037725
v -0.503949 -1.432182 -0.037994
v -0.623554 -1.644012 -0.037994
v -0.619065 -1.637203 0.039241
v -0.491877 -1.466598 0.063028
v -0.501780 -1.429484 0.039241
v -0.495968 -1.473987 0.063078
v -0.623166 -1.644604 0.039289
v -0.607990 -1.673835 0.063078
v -0.495968 -1.473987 -0.063078
v -0.607990 -1.673835 -0.063078
v -0.623166 -1.644604 -0.039289
v -0.491877 -1.466598 -0.063028
v -0.619065 -1.637203 -0.039241
v -0.501780 -1.429484 -0.039241
v -0.551077 -1.524257 -0.037570
v -0.068557 -1.866796 -0.037570
v -0.551077 -1.524257 0.037469
v -0.059485 -1.873237 0.037570
v -0.542005 -1.530698 0.037570
v -0.059485 -1.873237 -0.037469
v 0.199035 -2.001248 0.031755
v 0.028529 -1.894046 0.031755
v 0.028529 -1.894046 -0.031483
v 0.202542 -2.003453 0.031484
v 0.032036 -1.896251 -0.031755
v 0.202542 -2.003453 -0.031755
v 0.698525 -1.894911 -0.031755
v 0.548711 -1.809451 -0.031755
v 0.698525 -1.894911 0.031432
v 0.545690 -1.807728 0.031755
v 0.695504 -1.893188 0.031755
v 0.545690 -1.807728 -0.031431
v 0.197850 -1.999950 -0.033091
v 0.029256 -1.893950 -0.033091
v 0.062920 -1.885305 -0.064684
v 0.068180 -1.888518 -0.064771
v 0.226241 -1.987192 -0.064771
v 0.203026 -2.003091 -0.033197
v 0.068180 -1.888518 0.064772
v 0.203026 -2.003091 0.033197
v 0.226241 -1.987192 0.064772
v 0.197850 -1.999950 0.033091
v 0.062920 -1.885305 0.064686
v 0.029256 -1.893950 0.033091
v 0.670468 -1.909865 0.064777
v 0.545611 -1.808451 0.033306
v 0.541669 -1.836393 0.064777
v 0.549932 -1.810700 0.033081
v 0.675192 -1.912442 0.064654
v 0.698082 -1.895212 0.033081
v 0.549932 -1.810700 -0.033081
v 0.698082 -1.895212 -0.033081
v 0.675192 -1.912442 -0.064652
v 0.545611 -1.808451 -0.033306
v 0.670468 -1.909865 -0.064776
v 0.541669 -1.836393 -0.064776
v -0.823174 -0.853419 0.038817
v -0.534125 -1.481878 0.070021
v -0.783582 -0.843530 0.070021
v -0.526917 -1.500248 0.069924
v -0.814772 -0.874385 0.038849
v -0.551562 -1.522722 0.038849
v -0.074252 -1.862088 0.038838
v -0.526005 -1.501405 0.069926
v -0.550659 -1.523888 0.038838
v -0.511355 -1.511687 0.069981
v -0.059245 -1.872656 0.038868
v -0.045089 -1.839824 0.069981
v -0.814772 -0.874385 -0.038848
v -0.526917 -1.500248 -0.069924
v -0.551562 -1.522722 -0.038848
v -0.534125 -1.481878 -0.070021
v -0.823174 -0.853419 -0.038817
v -0.783582 -0.843530 -0.070021
v -0.074252 -1.862088 -0.038837
v -0.550659 -1.523888 -0.038837
v -0.526005 -1.501405 -0.069926
v -0.059245 -1.872656 -0.038868
v -0.511355 -1.511687 -0.069981
v -0.045089 -1.839824 -0.069981
v 0.091008 -1.602557 0.064289
v 0.238658 -1.692528 0.064289
v 0.238658 -1.692528 -0.063551
v 0.089705 -1.601763 0.063552
v 0.237355 -1.691734 -0.064288
v 0.089705 -1.601763 -0.064288
v -0.850013 -0.952953 -0.096521
v -1.054510 -0.952953 -0.096521
v -1.003385 -0.864404 -0.096521
v -0.849263 -0.951654 -0.096521
v -1.000861 -0.864129 -0.096521
v -0.899797 -0.864129 -0.096521
v -1.055059 -0.950904 -0.096521
v -1.055059 -0.775854 -0.096521
v -1.004526 -0.863379 -0.096521
v -0.847964 -0.775854 -0.096521
v -0.847964 -0.950904 -0.096521
v -0.898498 -0.863379 -0.096521
v -1.158807 -0.773805 -0.096521
v -1.056559 -0.773805 -0.096521
v -1.056559 -0.950904 -0.096521
v -0.846464 -0.950904 -0.096521
v -0.846464 -0.773805 -0.096521
v -0.744216 -0.773805 -0.096521
v -1.056559 -0.595205 -0.096521
v -1.056559 -0.772305 -0.096521
v -1.158807 -0.772305 -0.096521
v -0.846464 -0.595205 -0.096521
v -0.744216 -0.772305 -0.096521
v -0.846464 -0.772305 -0.096521
v -1.055059 -0.770256 -0.096521
v -1.055059 -0.595205 -0.096521
v -1.004526 -0.682730 -0.096521
v -0.847964 -0.595205 -0.096521
v -0.847964 -0.770256 -0.096521
v -0.898498 -0.682730 -0.096521
v -1.053760 -0.594455 -0.096521
v -0.902163 -0.681980 -0.096521
v -1.003227 -0.681980 -0.096521
v -0.899639 -0.681705 -0.096521
v -1.053010 -0.593156 -0.096521
v -0.848513 -0.593156 -0.096521
v -0.846464 -0.950904 0.096522
v -0.744216 -0.773805 0.096522
v -0.846464 -0.773805 0.096522
v -0.846464 -0.595205 0.096522
v -0.846464 -0.772305 0.096522
v -0.744216 -0.772305 0.096522
v -0.847964 -0.950904 0.096522
v -0.847964 -0.775854 0.096522
v -0.898498 -0.863379 0.096522
v -0.847964 -0.770256 0.096522
v -0.847964 -0.595205 0.096522
v -0.898498 -0.682730 0.096522
v -0.848513 -0.952953 0.096522
v -0.899639 -0.864404 0.096522
v -1.053010 -0.952953 0.096522
v -0.849263 -0.594455 0.096522
v -1.000861 -0.681980 0.096522
v -0.899797 -0.681980 0.096522
v -1.053760 -0.951654 0.096522
v -0.902163 -0.864129 0.096522
v -1.003227 -0.864129 0.096522
v -0.850013 -0.593156 0.096522
v -1.054510 -0.593156 0.096522
v -1.003385 -0.681705 0.096522
v -1.055059 -0.775854 0.096522
v -1.055059 -0.950904 0.096522
v -1.004526 -0.863379 0.096522
v -1.055059 -0.595205 0.096522
v -1.055059 -0.770256 0.096522
v -1.004526 -0.682730 0.096522
v -1.056559 -0.950904 0.096522
v -1.056559 -0.773805 0.096522
v -1.158807 -0.773805 0.096522
v -1.158807 -0.772305 0.096522
v -1.056559 -0.772305 0.096522
v -1.056559 -0.595205 0.096522
v -1.052693 -0.777279 0.096054
v -1.003733 -0.862080 0.096054
v -0.992278 -0.842239 0.080211
v -1.054333 -0.773768 0.095786
v -0.994575 -0.838022 0.080115
v -1.031672 -0.773768 0.080115
v -1.002305 -0.862457 0.095786
v -0.916780 -0.842832 0.080115
v -0.990975 -0.842832 0.080115
v -0.994575 -0.708087 0.080115
v -1.054333 -0.772342 0.095786
v -1.031672 -0.772342 0.080115
v -0.911979 -0.842952 0.080211
v -0.998444 -0.862793 0.096054
v -0.900525 -0.862793 0.096054
v -1.052693 -0.768831 0.096054
v -0.992278 -0.703870 0.080211
v -1.003733 -0.684029 0.096054
v -0.850330 -0.777279 0.096054
v -0.910745 -0.842239 0.080211
v -0.899291 -0.862080 0.096054
v -0.904580 -0.683316 0.096054
v -1.002499 -0.683316 0.096054
v -0.991044 -0.703157 0.080211
v -0.908448 -0.838022 0.080115
v -0.848690 -0.773768 0.095786
v -0.871351 -0.773768 0.080115
v -0.900719 -0.683652 0.095786
v -0.986243 -0.703277 0.080115
v -0.912048 -0.703277 0.080115
v -0.848690 -0.772342 0.095786
v -0.908448 -0.708087 0.080115
v -0.871351 -0.772342 0.080115
v -0.910745 -0.703870 0.080211
v -0.850330 -0.768831 0.096054
v -0.899291 -0.684029 0.096054
v -0.850330 -0.768831 -0.096053
v -0.910745 -0.703869 -0.080211
v -0.899291 -0.684029 -0.096053
v -0.911979 -0.703157 -0.080211
v -0.998444 -0.683316 -0.096053
v -0.900525 -0.683316 -0.096053
v -0.908448 -0.708087 -0.080115
v -0.848690 -0.772342 -0.095785
v -0.871351 -0.772342 -0.080115
v -1.002305 -0.683652 -0.095785
v -0.916780 -0.703277 -0.080115
v -0.990975 -0.703277 -0.080115
v -0.848690 -0.773768 -0.095785
v -0.908448 -0.838022 -0.080115
v -0.871351 -0.773768 -0.080115
v -1.052693 -0.768831 -0.096053
v -1.003733 -0.684029 -0.096053
v -0.992278 -0.703870 -0.080211
v -0.910745 -0.842240 -0.080211
v -0.850330 -0.777279 -0.096053
v -0.899291 -0.862080 -0.096053
v -1.054333 -0.772342 -0.095785
v -0.994575 -0.708087 -0.080115
v -1.031672 -0.772342 -0.080115
v -0.900719 -0.862457 -0.095785
v -0.986243 -0.842832 -0.080115
v -0.912048 -0.842832 -0.080115
v -0.994575 -0.838022 -0.080115
v -1.054333 -0.773768 -0.095785
v -1.031672 -0.773768 -0.080115
v -0.904580 -0.862793 -0.096053
v -1.002499 -0.862793 -0.096053
v -0.991044 -0.842952 -0.080211
v -1.052693 -0.777279 -0.096053
v -0.992278 -0.842239 -0.080211
v -1.003733 -0.862080 -0.096053
v -0.627011 -0.829231 -0.069946
v -0.370553 -1.349875 -0.038885
v -0.394567 -1.371966 -0.069946
v -0.377768 -1.332788 -0.038832
v -0.634413 -0.811765 -0.069915
v -0.600031 -0.807540 -0.038832
v -0.013690 -1.707191 -0.069960
v -0.393709 -1.373183 -0.069960
v -0.369683 -1.351080 -0.038883
v -0.358167 -1.361029 -0.038811
v 0.027502 -1.695362 -0.038811
v -0.001502 -1.717811 -0.069946
v -0.634413 -0.811765 0.069915
v -0.377768 -1.332788 0.038832
v -0.600031 -0.807540 0.038832
v -0.370553 -1.349875 0.038885
v -0.627011 -0.829231 0.069946
v -0.394567 -1.371966 0.069946
v -0.013690 -1.707191 0.069960
v -0.369683 -1.351080 0.038883
v -0.393709 -1.373183 0.069960
v -0.358167 -1.361029 0.038811
v -0.001502 -1.717811 0.069947
v 0.027502 -1.695362 0.038811
v -0.595244 -0.817445 0.037570
v -0.370104 -1.349492 0.037570
v -0.370104 -1.349492 -0.037466
v -0.599472 -0.807456 0.037466
v -0.374332 -1.339503 -0.037570
v -0.599472 -0.807456 -0.037570
v 0.020695 -1.688711 0.037570
v -0.369245 -1.350674 -0.037453
v -0.369245 -1.350674 0.037570
v -0.361975 -1.356977 -0.037570
v 0.027965 -1.695014 0.037453
v 0.027965 -1.695014 -0.037570
v -0.103141 -1.876398 -0.080681
v 0.217381 -1.770967 -0.080681
v 0.083741 -1.990278 -0.080681
v 0.016334 -2.006959 -0.080681
v -0.100764 -1.879602 -0.080681
v 0.082055 -1.991007 -0.080681
v -0.103504 -1.878839 -0.080681
v 0.011928 -2.004383 -0.080681
v -0.087779 -1.943627 -0.080681
v 0.217303 -1.769413 -0.080681
v -0.103218 -1.874844 -0.080681
v 0.030420 -1.655536 -0.080681
v 0.217925 -1.768035 -0.080681
v 0.035104 -1.656633 -0.080681
v 0.201971 -1.702315 -0.080681
v 0.197662 -1.699580 -0.080681
v 0.033170 -1.654549 -0.080681
v 0.097955 -1.638822 -0.080681
v 0.033170 -1.654549 0.080682
v 0.197662 -1.699580 0.080682
v 0.097955 -1.638822 0.080682
v 0.201971 -1.702315 0.080682
v 0.035104 -1.656633 0.080682
v 0.217925 -1.768035 0.080682
v -0.103218 -1.874844 0.080682
v 0.217303 -1.769413 0.080682
v 0.030420 -1.655536 0.080682
v -0.103141 -1.876398 0.080682
v 0.083741 -1.990278 0.080682
v 0.217381 -1.770967 0.080682
v 0.082055 -1.991007 0.080682
v -0.100764 -1.879602 0.080682
v 0.016334 -2.006959 0.080682
v 0.011928 -2.004383 0.080682
v -0.103504 -1.878839 0.080682
v -0.087779 -1.943627 0.080682
v -0.912314 -0.706662 -0.079647
v -0.912314 -0.841496 -0.079647
v -0.990160 -0.841496 -0.079647
v -0.910814 -0.839447 -0.079647
v -0.910814 -0.706662 -0.079647
v -0.872482 -0.773055 -0.079647
v -0.912863 -0.704613 -0.079647
v -0.990709 -0.839447 -0.079647
v -0.990709 -0.704613 -0.079647
v -0.992209 -0.839447 -0.079647
v -1.030541 -0.773055 -0.079647
v -0.992209 -0.706662 -0.079647
v -0.912314 -0.841496 0.079647
v -0.912314 -0.706662 0.079647
v -0.990160 -0.841496 0.079647
v -0.910814 -0.706662 0.079647
v -0.910814 -0.839447 0.079647
v -0.872482 -0.773055 0.079647
v -0.990709 -0.704613 0.079647
v -0.990709 -0.839447 0.079647
v -0.912863 -0.704613 0.079647
v -0.992209 -0.839447 0.079647
v -0.992209 -0.706662 0.079647
v -1.030541 -0.773055 0.079647
v -1.059651 -0.598157 0.095924
v -1.193592 -0.772367 0.057700
v -1.160231 -0.772367 0.095924
v -1.059651 -0.947952 0.095924
v -1.160231 -0.773743 0.095924
v -1.193592 -0.773743 0.057700
v -1.190858 -0.767304 0.057484
v -1.056511 -0.592566 0.095824
v -1.073242 -0.563588 0.057484
v -1.190858 -0.778806 0.057484
v -1.073242 -0.982522 0.057484
v -1.056511 -0.953543 0.095824
v -0.836820 -0.562900 0.057484
v -1.072051 -0.562900 0.057484
v -1.055320 -0.591878 0.095824
v -1.071957 -0.983047 0.057700
v -0.854115 -0.954155 0.095924
v -1.055276 -0.954155 0.095924
v -0.831068 -0.563064 0.057700
v -1.048908 -0.591954 0.095924
v -0.847747 -0.591954 0.095924
v -1.066205 -0.983210 0.057484
v -0.830972 -0.983210 0.057484
v -0.847703 -0.954231 0.095824
v -0.712165 -0.767304 0.057484
v -0.829783 -0.563588 0.057484
v -0.846512 -0.592566 0.095824
v -0.712165 -0.778806 0.057484
v -0.846512 -0.953543 0.095824
v -0.829781 -0.982522 0.057484
v -0.843372 -0.598157 0.095924
v -0.742792 -0.772367 0.095924
v -0.709431 -0.772367 0.057700
v -0.843372 -0.947952 0.095924
v -0.709431 -0.773743 0.057700
v -0.742792 -0.773743 0.095924
v -1.190858 -0.767304 -0.057484
v -1.073242 -0.563588 -0.057484
v -1.056511 -0.592566 -0.095822
v -0.836820 -0.562900 -0.057484
v -1.055320 -0.591878 -0.095822
v -1.072051 -0.562900 -0.057484
v -1.193592 -0.772367 -0.057700
v -1.059651 -0.598157 -0.095923
v -1.160231 -0.772367 -0.095923
v -1.048908 -0.591954 -0.095923
v -0.831068 -0.563064 -0.057700
v -0.847747 -0.591954 -0.095923
v -1.059651 -0.947952 -0.095923
v -1.193592 -0.773743 -0.057700
v -1.160231 -0.773743 -0.095923
v -0.712165 -0.767304 -0.057484
v -0.846512 -0.592566 -0.095822
v -0.829783 -0.563588 -0.057484
v -1.190858 -0.778806 -0.057484
v -1.056511 -0.953543 -0.095822
v -1.073242 -0.982522 -0.057484
v -0.843372 -0.598157 -0.095923
v -0.709431 -0.772367 -0.057700
v -0.742792 -0.772367 -0.095923
v -0.854115 -0.954155 -0.095923
v -1.071957 -0.983046 -0.057700
v -1.055276 -0.954155 -0.095923
v -0.709431 -0.773743 -0.057700
v -0.843372 -0.947952 -0.095923
v -0.742792 -0.773743 -0.095923
v -1.066205 -0.983210 -0.057484
v -0.847703 -0.954231 -0.095822
v -0.830972 -0.983210 -0.057484
v -0.846512 -0.953543 -0.095822
v -0.712165 -0.778806 -0.057484
v -0.829781 -0.982522 -0.057484
v 0.014668 -1.630059 0.065419
v -0.140159 -1.884142 0.065419
v -0.105337 -1.875575 0.080283
v -0.140217 -1.885650 0.065539
v -0.089760 -1.941582 0.080395
v -0.105414 -1.877087 0.080395
v 0.021134 -1.619780 0.065521
v -0.098207 -1.863937 0.080302
v 0.029440 -1.654461 0.080302
v -0.089789 -1.943659 0.080180
v -0.140241 -1.887733 0.065326
v -0.124641 -1.952005 0.065326
v 0.030617 -1.653151 0.080180
v 0.086541 -1.602698 0.065326
v 0.022270 -1.618299 0.065326
v -0.122882 -1.953075 0.065639
v 0.009488 -2.004532 0.080302
v -0.088479 -1.944836 0.080302
v 0.088624 -1.602722 0.065539
v 0.032694 -1.653179 0.080395
v 0.097186 -1.637524 0.080395
v -0.118545 -1.956155 0.065419
v 0.024029 -2.043033 0.065419
v 0.015474 -2.008253 0.080265
v 0.232705 -1.689658 0.065419
v 0.090132 -1.602780 0.065419
v 0.098687 -1.637559 0.080265
v 0.025537 -2.043092 0.065539
v 0.081467 -1.992635 0.080395
v 0.016975 -2.008288 0.080395
v 0.237043 -1.692739 0.065639
v 0.104673 -1.641280 0.080302
v 0.202640 -1.700978 0.080302
v 0.083544 -1.992663 0.080180
v 0.027620 -2.043114 0.065326
v 0.091891 -2.027513 0.065326
v 0.219102 -1.766768 0.080395
v 0.238302 -1.693928 0.065539
v 0.203447 -1.702275 0.080395
v 0.093027 -2.026032 0.065521
v 0.212369 -1.781875 0.080302
v 0.084721 -1.991353 0.080302
v 0.239277 -1.695768 0.065326
v 0.220080 -1.768600 0.080180
v 0.254878 -1.760041 0.065326
v 0.099493 -2.015753 0.065419
v 0.254321 -1.761671 0.065419
v 0.219500 -1.770236 0.080283
v 0.232705 -1.689658 -0.065418
v 0.098687 -1.637559 -0.080263
v 0.090132 -1.602780 -0.065418
v 0.088624 -1.602722 -0.065538
v 0.097186 -1.637524 -0.080394
v 0.032694 -1.653179 -0.080394
v 0.104673 -1.641280 -0.080301
v 0.237043 -1.692739 -0.065638
v 0.202640 -1.700978 -0.080301
v 0.022270 -1.618299 -0.065325
v 0.086541 -1.602698 -0.065325
v 0.030617 -1.653151 -0.080179
v 0.238302 -1.693928 -0.065538
v 0.219102 -1.766768 -0.080394
v 0.203447 -1.702275 -0.080394
v -0.098207 -1.863937 -0.080301
v 0.021134 -1.619780 -0.065519
v 0.029440 -1.654461 -0.080301
v 0.220080 -1.768600 -0.080179
v 0.239277 -1.695768 -0.065325
v 0.254878 -1.760041 -0.065325
v 0.014668 -1.630059 -0.065418
v -0.105337 -1.875575 -0.080282
v -0.140159 -1.884142 -0.065418
v 0.099493 -2.015753 -0.065418
v 0.219500 -1.770236 -0.080282
v 0.254321 -1.761671 -0.065418
v -0.105414 -1.877087 -0.080394
v -0.089760 -1.941582 -0.080394
v -0.140217 -1.885650 -0.065538
v 0.212369 -1.781875 -0.080301
v 0.093027 -2.026032 -0.065519
v 0.084721 -1.991353 -0.080301
v -0.140241 -1.887733 -0.065325
v -0.089789 -1.943659 -0.080179
v -0.124641 -1.952005 -0.065325
v 0.027620 -2.043114 -0.065325
v 0.083544 -1.992663 -0.080179
v 0.091891 -2.027513 -0.065325
v 0.009488 -2.004532 -0.080301
v -0.122882 -1.953075 -0.065638
v -0.088479 -1.944836 -0.080301
v 0.081467 -1.992635 -0.080394
v 0.025537 -2.043092 -0.065538
v 0.016975 -2.008288 -0.080394
v -0.118545 -1.956155 -0.065418
v 0.015474 -2.008253 -0.080263
v 0.024029 -2.043033 -0.065418
v -0.780487 -0.847757 -0.070479
v -0.395666 -1.372971 -0.070479
v -0.525897 -1.499241 -0.070479
v -0.397947 -1.367320 -0.070479
v -0.781985 -0.843175 -0.070479
v -0.635782 -0.811998 -0.070479
v -0.005334 -1.716255 -0.070479
v -0.524845 -1.500310 -0.070479
v -0.394650 -1.374075 -0.070479
v -0.520182 -1.503873 -0.070479
v -0.002369 -1.719112 -0.070479
v -0.044618 -1.838552 -0.070479
v -0.002369 -1.719112 0.070479
v -0.520182 -1.503873 0.070479
v -0.044618 -1.838552 0.070479
v -0.524845 -1.500310 0.070479
v -0.005334 -1.716255 0.070479
v -0.394650 -1.374075 0.070479
v -0.780487 -0.847757 0.070479
v -0.525897 -1.499241 0.070479
v -0.395666 -1.372971 0.070479
v -0.781985 -0.843175 0.070479
v -0.397947 -1.367320 0.070479
v -0.635782 -0.811998 0.070479
v 0.654334 -2.163000 0.065353
v 0.371315 -2.222635 0.065353
v 0.447165 -2.277184 0.065353
v 0.286134 -2.195388 0.065353
v 0.438737 -2.272971 0.065353
v 0.369152 -2.222928 0.065353
v 0.657925 -2.162733 0.065353
v 0.451828 -2.276327 0.065353
v 0.637983 -2.237767 0.065353
v 0.367802 -2.220899 0.065353
v 0.229204 -1.991861 0.065353
v 0.277530 -2.190953 0.065353
v 0.640593 -2.233786 0.065353
v 0.718506 -2.109153 0.065353
v 0.659768 -2.161638 0.065353
v 0.228186 -1.987281 0.065353
v 0.367621 -2.217703 0.065353
v 0.284792 -1.876464 0.065353
v 0.283788 -1.875131 0.065353
v 0.065331 -1.885296 0.065353
v 0.227032 -1.986243 0.065353
v 0.064132 -1.883851 0.065353
v 0.282199 -1.873704 0.065353
v 0.112387 -1.786456 0.065353
v 0.595796 -1.897243 0.065353
v 0.659535 -2.159836 0.065353
v 0.720971 -2.104939 0.065353
v 0.595495 -1.893839 0.065353
v 0.720051 -2.100507 0.065353
v 0.674739 -1.913826 0.065353
v 0.670217 -1.911138 0.065353
v 0.544924 -1.839666 0.065353
v 0.594308 -1.891992 0.065353
v 0.376071 -1.940505 0.065353
v 0.592462 -1.892221 0.065353
v 0.540802 -1.837483 0.065353
v 0.536857 -1.838180 0.065353
v 0.357053 -1.877591 0.065353
v 0.372446 -1.941003 0.065353
v 0.595796 -1.897243 -0.065352
v 0.720971 -2.104939 -0.065352
v 0.659535 -2.159836 -0.065352
v 0.718506 -2.109153 -0.065352
v 0.640593 -2.233786 -0.065352
v 0.659768 -2.161638 -0.065352
v 0.720051 -2.100507 -0.065352
v 0.595495 -1.893839 -0.065352
v 0.674739 -1.913826 -0.065352
v 0.451828 -2.276327 -0.065352
v 0.657925 -2.162733 -0.065352
v 0.637983 -2.237767 -0.065352
v 0.544924 -1.839666 -0.065352
v 0.670217 -1.911138 -0.065352
v 0.594308 -1.891992 -0.065352
v 0.376071 -1.940505 -0.065352
v 0.540802 -1.837483 -0.065352
v 0.592462 -1.892221 -0.065352
v 0.536857 -1.838180 -0.065352
v 0.372446 -1.941003 -0.065352
v 0.357053 -1.877591 -0.065352
v 0.371315 -2.222635 -0.065352
v 0.654334 -2.163000 -0.065352
v 0.447165 -2.277184 -0.065352
v 0.438737 -2.272971 -0.065352
v 0.286134 -2.195388 -0.065352
v 0.369152 -2.222928 -0.065352
v 0.229204 -1.991861 -0.065352
v 0.367802 -2.220899 -0.065352
v 0.277530 -2.190953 -0.065352
v 0.367621 -2.217703 -0.065352
v 0.228186 -1.987281 -0.065352
v 0.284792 -1.876464 -0.065352
v 0.065331 -1.885296 -0.065352
v 0.283788 -1.875131 -0.065352
v 0.227032 -1.986243 -0.065352
v 0.282199 -1.873704 -0.065352
v 0.064132 -1.883851 -0.065352
v 0.112387 -1.786456 -0.065352
v -0.565197 -1.225400 -0.063568
v -0.822647 -1.399929 -0.063568
v -0.607886 -1.128611 -0.063568
v -0.924231 -1.363797 -0.063568
v -0.611834 -1.131182 -0.063568
v -0.826501 -1.402382 -0.063568
v -0.734948 -1.666191 -0.063568
v -0.923907 -1.365538 -0.063568
v -0.826853 -1.403856 -0.063568
v -0.923324 -1.369284 -0.063568
v -0.732907 -1.672259 -0.063568
v -0.794002 -1.783564 -0.063568
v -0.591771 -1.789513 -0.063568
v -0.792942 -1.784749 -0.063568
v -0.731817 -1.673390 -0.063568
v -0.590686 -1.788464 -0.063568
v -0.729896 -1.673034 -0.063568
v -0.608729 -1.675903 -0.063568
v -0.607282 -1.675452 -0.063568
v -0.420392 -1.507210 -0.063568
v -0.589215 -1.788167 -0.063568
v -0.418488 -1.503478 -0.063568
v -0.605210 -1.671569 -0.063568
v -0.490882 -1.467607 -0.063568
v -0.792942 -1.784749 0.063568
v -0.591771 -1.789513 0.063568
v -0.731817 -1.673390 0.063568
v -0.732907 -1.672259 0.063568
v -0.923324 -1.369284 0.063568
v -0.794002 -1.783564 0.063568
v -0.729896 -1.673034 0.063568
v -0.590686 -1.788464 0.063568
v -0.608729 -1.675903 0.063568
v -0.420392 -1.507210 0.063568
v -0.607282 -1.675452 0.063568
v -0.589215 -1.788167 0.063568
v -0.605210 -1.671569 0.063568
v -0.418488 -1.503478 0.063568
v -0.490882 -1.467607 0.063568
v -0.923907 -1.365538 0.063568
v -0.734948 -1.666191 0.063568
v -0.826853 -1.403856 0.063568
v -0.611834 -1.131182 0.063568
v -0.924231 -1.363797 0.063568
v -0.826501 -1.402382 0.063568
v -0.607886 -1.128611 0.063568
v -0.822647 -1.399929 0.063568
v -0.565197 -1.225400 0.063568
v -0.921571 -0.931008 -0.061894
v -0.843611 -1.294529 -0.061894
v -1.023188 -0.928383 -0.061894
v -0.841118 -1.299000 -0.061894
v -0.919080 -0.935473 -0.061894
v -0.761328 -1.236017 -0.061894
v -0.919080 -0.935473 0.061892
v -0.841118 -1.299000 0.061892
v -0.761328 -1.236017 0.061892
v -0.843611 -1.294529 0.061892
v -0.921571 -0.931008 0.061892
v -1.023188 -0.928383 0.061892
v 0.107819 -1.750281 -0.033089
v 0.307908 -1.857024 -0.033089
v 0.284841 -1.873601 -0.064681
v 0.102048 -1.747463 -0.033300
v 0.278535 -1.870410 -0.064798
v 0.112653 -1.785182 -0.064798
v 0.278535 -1.870410 0.064799
v 0.102048 -1.747463 0.033301
v 0.112653 -1.785182 0.064799
v 0.107819 -1.750281 0.033089
v 0.284841 -1.873601 0.064682
v 0.307908 -1.857024 0.033089
v -0.567624 -1.809284 -0.039205
v -0.416800 -1.503895 -0.063081
v -0.374101 -1.492720 -0.039205
v -0.423822 -1.515483 -0.063081
v -0.573917 -1.819394 -0.039321
v -0.588896 -1.790201 -0.063081
v -0.423822 -1.515483 0.063082
v -0.588896 -1.790201 0.063082
v -0.573917 -1.819394 0.039321
v -0.416800 -1.503895 0.063081
v -0.567624 -1.809284 0.039205
v -0.374101 -1.492720 0.039205
v 0.105883 -1.748715 0.031755
v 0.308365 -1.856734 0.031755
v 0.308365 -1.856734 -0.031520
v 0.101655 -1.746459 0.031520
v 0.304137 -1.854478 -0.031755
v 0.101655 -1.746459 -0.031755
v -0.125315 -1.952166 -0.062048
v -0.125315 -1.952166 0.064289
v -0.141271 -1.886426 0.064289
v -0.141389 -1.885938 0.062050
v -0.141389 -1.885938 -0.064288
v -0.125433 -1.951678 -0.064288
v -0.609432 -1.674127 -0.062737
v -0.708545 -1.643240 -0.039221
v -0.624433 -1.645232 -0.039221
v -0.712349 -1.643297 -0.039343
v -0.612256 -1.674490 -0.063091
v -0.730835 -1.671682 -0.063091
v -0.612256 -1.674490 0.063091
v -0.712349 -1.643297 0.039343
v -0.730835 -1.671682 0.063091
v -0.708545 -1.643240 0.039221
v -0.609432 -1.674127 0.062737
v -0.624433 -1.645232 0.039221
v -0.376704 -1.498112 0.037994
v -0.573589 -1.820174 0.037994
v -0.573589 -1.820174 -0.037828
v -0.373161 -1.492317 0.037828
v -0.570046 -1.814379 -0.037994
v -0.373161 -1.492317 -0.037994
v -0.711964 -1.642580 0.037994
v -0.625923 -1.644618 0.037994
v -0.711964 -1.642580 -0.037094
v -0.624673 -1.644647 0.037094
v -0.624673 -1.644647 -0.037994
v -0.710714 -1.642609 -0.037994
v 0.022109 -1.617625 -0.062048
v 0.022109 -1.617625 0.064289
v 0.087848 -1.601668 0.064289
v 0.088336 -1.601550 0.062050
v 0.088336 -1.601550 -0.064288
v 0.022597 -1.617507 -0.064288
v -0.750726 -1.208309 -0.037289
v -0.919985 -0.930989 -0.061218
v -0.898647 -0.931540 -0.037289
v -0.913405 -0.943606 -0.061330
v -0.743513 -1.221964 -0.037311
v -0.760330 -1.235239 -0.061330
v -0.743513 -1.221964 0.037312
v -0.913405 -0.943607 0.061328
v -0.760330 -1.235239 0.061328
v -0.919985 -0.930989 0.061216
v -0.750727 -1.208308 0.037290
v -0.898647 -0.931540 0.037290
v -0.573516 -1.232630 0.063076
v -0.824761 -1.402952 0.063076
v -0.788759 -1.411614 0.039271
v -0.779463 -1.405361 0.039236
v -0.528674 -1.235391 0.039236
v -0.564219 -1.226376 0.063041
v -0.779463 -1.405361 -0.039236
v -0.564219 -1.226376 -0.063041
v -0.528674 -1.235391 -0.039236
v -0.573516 -1.232630 -0.063076
v -0.788759 -1.411614 -0.039271
v -0.824761 -1.402952 -0.063076
v 0.274761 -2.184759 0.064777
v 0.227086 -1.988352 0.064777
v 0.203860 -2.004259 0.033186
v 0.276229 -2.191159 0.064678
v 0.205315 -2.010627 0.033081
v 0.253501 -2.209140 0.033081
v 0.205316 -2.010627 -0.033081
v 0.276229 -2.191159 -0.064677
v 0.253501 -2.209140 -0.033081
v 0.274761 -2.184759 -0.064776
v 0.203860 -2.004259 -0.033186
v 0.227086 -1.988352 -0.064776
v -0.822224 -1.413103 -0.063071
v -0.713420 -1.642390 -0.039283
v -0.731936 -1.670822 -0.063071
v -0.716303 -1.633597 -0.039196
v -0.825117 -1.404290 -0.062986
v -0.789137 -1.412946 -0.039196
v -0.822224 -1.413103 0.063071
v -0.731936 -1.670822 0.063071
v -0.713420 -1.642390 0.039284
v -0.716303 -1.633597 0.039197
v -0.789137 -1.412946 0.039197
v -0.825117 -1.404290 0.062986
v -0.895271 -0.936882 0.035947
v -0.743084 -1.221632 0.035947
v -0.743084 -1.221632 -0.035761
v -0.898139 -0.931514 0.035762
v -0.745953 -1.216264 -0.035946
v -0.898139 -0.931514 -0.035946
v 0.020990 -1.618443 -0.064288
v -0.139609 -1.881998 -0.064288
v 0.020990 -1.618443 0.063915
v -0.141176 -1.884568 0.064289
v 0.019423 -1.621013 0.064289
v -0.141176 -1.884568 -0.063914
v 0.538181 -1.809373 -0.033085
v 0.356364 -1.876429 -0.064701
v 0.324546 -1.857040 -0.033085
v 0.362928 -1.875042 -0.064778
v 0.544191 -1.808190 -0.033258
v 0.540244 -1.836176 -0.064778
v 0.362928 -1.875042 0.064779
v 0.540244 -1.836176 0.064779
v 0.544191 -1.808190 0.033258
v 0.356364 -1.876429 0.064703
v 0.538181 -1.809373 0.033086
v 0.324546 -1.857040 0.033086
v 0.203354 -2.004581 -0.031755
v 0.252089 -2.205357 -0.031755
v 0.203354 -2.004581 0.031491
v 0.253094 -2.209499 0.031755
v 0.204359 -2.008723 0.031755
v 0.253094 -2.209499 -0.031491
v -0.788094 -1.411895 -0.037994
v -0.532330 -1.238552 -0.037994
v -0.788094 -1.411895 0.037788
v -0.527813 -1.235491 0.037994
v -0.783577 -1.408834 0.037994
v -0.527813 -1.235491 -0.037788
v 0.324372 -1.860142 -0.033081
v 0.371304 -1.942060 -0.064621
v 0.351961 -1.973801 -0.033081
v 0.370676 -1.938927 -0.064776
v 0.324631 -1.858558 -0.033832
v 0.355773 -1.877535 -0.064776
v 0.324372 -1.860142 0.033081
v 0.351961 -1.973801 0.033081
v 0.371304 -1.942060 0.064623
v 0.324631 -1.858558 0.033832
v 0.370676 -1.938927 0.064777
v 0.355773 -1.877535 0.064777
v -0.712949 -1.641850 -0.037994
v -0.787207 -1.416884 -0.037994
v -0.712949 -1.641850 0.037717
v -0.788480 -1.413028 0.037994
v -0.714222 -1.637994 0.037994
v -0.788480 -1.413028 -0.037717
v 0.544307 -1.807519 -0.031755
v 0.328310 -1.855713 -0.031755
v 0.544307 -1.807519 0.031511
v 0.323818 -1.856716 0.031755
v 0.539815 -1.808522 0.031755
v 0.323818 -1.856716 -0.031510
v 0.323793 -1.859792 0.031755
v 0.351641 -1.974517 -0.031254
v 0.351641 -1.974517 0.031755
v 0.351111 -1.972332 -0.031755
v 0.323263 -1.857608 0.031255
v 0.323263 -1.857608 -0.031755
v 0.656559 -2.152792 0.064777
v 0.593770 -1.894111 0.064777
v 0.574369 -1.925951 0.033138
v 0.658086 -2.159849 0.064560
v 0.576313 -1.934159 0.033081
v 0.626217 -2.139756 0.033081
v 0.576313 -1.934160 -0.033081
v 0.658086 -2.159849 -0.064559
v 0.626217 -2.139756 -0.033081
v 0.656559 -2.152791 -0.064776
v 0.574369 -1.925951 -0.033137
v 0.593770 -1.894111 -0.064776
v 0.378647 -2.219833 -0.064776
v 0.625602 -2.140848 -0.033132
v 0.657638 -2.161047 -0.064776
v 0.616696 -2.142681 -0.033081
v 0.370836 -2.221316 -0.064584
v 0.390342 -2.190377 -0.033081
v 0.378647 -2.219833 0.064777
v 0.657638 -2.161047 0.064777
v 0.625602 -2.140848 0.033133
v 0.370836 -2.221316 0.064585
v 0.616696 -2.142681 0.033081
v 0.390342 -2.190377 0.033081
v -0.830669 -0.562448 -0.056136
v -1.069733 -0.562448 -0.056136
v -0.830669 -0.562448 0.055707
v -1.072356 -0.562448 0.056136
v -0.833292 -0.562448 0.056136
v -1.072356 -0.562448 -0.055707
v -0.829544 -0.563098 0.056136
v -0.710010 -0.770134 0.056136
v -0.829544 -0.563098 -0.055707
v -1.073481 -0.563098 -0.056136
v -1.193014 -0.770134 -0.056136
v -1.073481 -0.563098 0.055707
v -0.708698 -0.772406 -0.056136
v -0.828232 -0.565369 -0.056136
v -0.708698 -0.772406 0.055707
v -1.194325 -0.772406 0.056136
v -1.074793 -0.565369 0.056136
v -1.194325 -0.772406 -0.055707
v -0.708698 -0.773705 0.056136
v -0.828231 -0.980741 0.056136
v -0.708698 -0.773705 -0.055707
v -1.194325 -0.773705 -0.056136
v -1.074793 -0.980741 -0.056136
v -1.194325 -0.773705 0.055707
v -0.829542 -0.983012 -0.056136
v -0.710010 -0.775976 -0.056136
v -0.829542 -0.983012 0.055707
v -1.073481 -0.983012 0.056136
v -1.193014 -0.775976 0.056136
v -1.073481 -0.983012 -0.055707
v -1.072356 -0.983662 -0.056136
v -0.833290 -0.983662 -0.056136
v -1.072356 -0.983662 0.055707
v -0.830667 -0.983662 0.056136
v -1.069733 -0.983662 0.056136
v -0.830667 -0.983662 -0.055707
v 0.574998 -1.930777 0.031755
v 0.625669 -2.139533 -0.031502
v 0.625669 -2.139533 0.031755
v 0.624619 -2.135207 -0.031755
v 0.573948 -1.926451 0.031502
v 0.573948 -1.926451 -0.031755
v 0.620303 -2.141430 0.031755
v 0.390569 -2.189838 -0.031526
v 0.390569 -2.189838 0.031755
v 0.395378 -2.188825 -0.031755
v 0.625112 -2.140417 0.031526
v 0.625112 -2.140417 -0.031755
vn 0.5223 0.8352 -0.1724
vn -0.3052 -0.4873 0.8182
vn -0.9080 0.2557 0.3318
vn -0.6273 0.7047 -0.3315
vn 0.9081 -0.2555 -0.3319
vn 0.6274 -0.7047 0.3313
vn -0.3749 -0.5997 -0.7069
vn -0.9087 0.0865 -0.4083
vn 0.4756 -0.7790 -0.4085
vn -0.5220 -0.8353 0.1724
vn 0.3044 0.4877 -0.8182
vn 0.3750 0.5995 0.7071
vn -0.4759 0.7790 0.4083
vn 0.9088 -0.0867 0.4082
vn 0.5931 0.7995 -0.0954
vn -0.7586 -0.3661 0.5390
vn -0.8953 0.2206 -0.3870
vn -0.1664 0.4285 -0.8881
vn 0.9429 -0.2649 0.2021
vn 0.3044 -0.5293 0.7919
vn 0.1084 -0.7851 -0.6098
vn -0.4428 -0.1692 -0.8805
vn 0.5777 -0.8071 0.1221
vn -0.5932 -0.7994 0.0950
vn 0.7359 0.1338 -0.6637
vn 0.0920 0.8799 0.4661
vn -0.5092 0.8045 -0.3057
vn 0.6047 0.1082 0.7891
vn -0.5932 -0.7994 -0.0949
vn 0.0920 0.8799 -0.4661
vn -0.5092 0.8046 0.3056
vn -0.8953 0.2207 0.3870
vn 0.3044 -0.5293 -0.7920
vn 0.6046 0.1082 -0.7891
vn 0.7360 0.1338 0.6637
vn -0.1664 0.4285 0.8881
vn 0.9429 -0.2649 -0.2021
vn -0.7586 -0.3660 -0.5390
vn 0.5931 0.7994 0.0955
vn 0.1085 -0.7851 0.6098
vn -0.4427 -0.1692 0.8805
vn 0.5776 -0.8071 -0.1222
vn 0.6924 0.1434 0.7071
vn -0.9691 -0.1995 0.1451
vn -0.4561 0.8198 0.3463
vn 0.2341 0.8823 0.4082
vn 0.5653 -0.7168 0.4082
vn -0.0932 -0.9337 0.3457
vn 0.5844 0.1218 -0.8023
vn 0.0936 0.9335 -0.3460
vn 0.4564 -0.8195 -0.3466
vn -0.6924 -0.1434 -0.7071
vn 0.9689 0.2005 -0.1451
vn -0.5654 0.7168 -0.4082
vn -0.2341 -0.8823 -0.4083
vn -0.5847 -0.1209 0.8022
vn -0.1667 0.6872 0.7071
vn 0.2336 -0.9618 0.1427
vn -0.8024 -0.4852 0.3475
vn -0.8897 0.2042 0.4083
vn 0.6972 0.5893 0.4082
vn 0.9355 -0.0633 0.3475
vn -0.1412 0.5821 -0.8008
vn -0.9355 0.0634 -0.3475
vn 0.8024 0.4852 -0.3475
vn 0.1668 -0.6871 -0.7071
vn -0.2335 0.9618 -0.1427
vn -0.6972 -0.5893 -0.4082
vn 0.8898 -0.2041 -0.4082
vn 0.1413 -0.5820 0.8008
vn -0.9607 -0.2658 -0.0801
vn 0.7132 -0.3627 -0.5998
vn 0.3161 0.3698 -0.8737
vn -0.3555 0.2876 -0.8893
vn -0.0934 -0.9778 0.1875
vn 0.5618 -0.8161 0.1355
vn 0.6066 0.5845 0.5389
vn 0.1223 0.9257 -0.3580
vn 0.4048 -0.4380 0.8027
vn -0.4003 -0.6406 -0.6553
vn 0.9607 0.2663 0.0780
vn -0.8573 0.2191 0.4660
vn -0.5778 0.7568 -0.3057
vn -0.3114 -0.5296 0.7891
vn 0.9607 0.2662 -0.0780
vn -0.4003 -0.6406 0.6553
vn -0.3555 0.2876 0.8893
vn 0.1223 0.9257 0.3580
vn 0.4049 -0.4379 -0.8027
vn -0.0934 -0.9778 -0.1875
vn -0.8572 0.2191 -0.4660
vn -0.5778 0.7568 0.3057
vn -0.3114 -0.5296 -0.7891
vn -0.9607 -0.2658 0.0801
vn 0.6066 0.5845 -0.5389
vn 0.7132 -0.3627 0.5998
vn 0.3161 0.3698 0.8737
vn 0.5618 -0.8161 -0.1355
vn -0.2973 0.9516 -0.0779
vn 0.6537 -0.3790 0.6550
vn -0.2732 -0.3656 0.8898
vn -0.9238 0.0908 0.3720
vn 0.4370 0.4211 -0.7948
vn 0.9807 -0.0612 -0.1856
vn -0.1892 -0.8647 -0.4654
vn -0.7365 -0.6030 0.3065
vn 0.5405 -0.2930 -0.7887
vn 0.2974 -0.9516 0.0772
vn -0.5980 0.6045 -0.5263
vn 0.3503 0.7109 0.6098
vn -0.3669 0.3001 0.8805
vn 0.8026 0.5839 -0.1222
vn 0.2974 -0.9516 -0.0773
vn 0.3503 0.7109 -0.6098
vn -0.3669 0.3001 -0.8805
vn -0.2733 -0.3656 -0.8898
vn 0.9807 -0.0612 0.1855
vn 0.8026 0.5839 0.1222
vn -0.5980 0.6045 0.5263
vn -0.9238 0.0908 -0.3720
vn 0.4370 0.4211 0.7948
vn 0.6537 -0.3790 -0.6550
vn -0.2973 0.9516 0.0776
vn -0.1891 -0.8647 0.4653
vn -0.7366 -0.6030 -0.3064
vn 0.5406 -0.2930 0.7886
vn 0.3034 -0.9496 -0.0794
vn -0.1969 0.6181 0.7610
vn 0.7233 0.5772 0.3790
vn 0.9239 -0.0523 -0.3791
vn -0.7233 -0.5772 -0.3791
vn -0.9239 0.0523 0.3791
vn -0.2143 0.6740 -0.7070
vn 0.6539 0.6370 -0.4082
vn -0.9018 0.1412 -0.4085
vn -0.3028 0.9497 0.0794
vn 0.1970 -0.6181 -0.7610
vn 0.2147 -0.6737 0.7071
vn 0.9019 -0.1411 0.4083
vn -0.6540 -0.6369 0.4083
vn 0.9668 0.2148 -0.1386
vn -0.5877 -0.1308 0.7984
vn -0.4721 0.8091 0.3499
vn 0.0839 0.9332 -0.3495
vn 0.4722 -0.8091 -0.3498
vn -0.0837 -0.9333 0.3492
vn -0.6902 -0.1539 -0.7071
vn -0.5762 0.7081 -0.4082
vn -0.2207 -0.8858 -0.4082
vn -0.9664 -0.2162 0.1393
vn 0.5876 0.1315 -0.7984
vn 0.6901 0.1540 0.7071
vn 0.2205 0.8858 0.4083
vn 0.5761 -0.7083 0.4080
vn -0.2365 -0.0574 0.9699
vn -0.6872 -0.1668 -0.7071
vn -0.5893 0.6972 -0.4082
vn -0.5032 0.8313 0.2361
vn -0.0661 -0.9695 0.2361
vn -0.2041 -0.8898 -0.4082
vn 0.8337 0.2024 -0.5138
vn 0.0661 0.9695 -0.2361
vn 0.5032 -0.8313 -0.2361
vn 0.2365 0.0574 -0.9699
vn 0.6872 0.1668 0.7071
vn 0.2041 0.8898 0.4082
vn 0.5893 -0.6972 0.4082
vn -0.8337 -0.2024 0.5138
vn 0.5106 0.8373 -0.1956
vn -0.2891 -0.4739 0.8318
vn -0.9117 0.2592 0.3189
vn -0.6482 0.6915 -0.3187
vn 0.9117 -0.2591 -0.3187
vn 0.6482 -0.6917 0.3185
vn -0.3679 -0.6038 -0.7071
vn -0.9097 0.0763 -0.4083
vn 0.4848 -0.7735 -0.4083
vn -0.5102 -0.8374 0.1959
vn 0.2889 0.4741 -0.8317
vn 0.3680 0.6038 0.7071
vn -0.4848 0.7735 0.4083
vn 0.9097 -0.0763 0.4082
vn -0.7951 -0.6007 -0.0837
vn 0.5148 0.3893 0.7638
vn 0.7833 -0.4942 0.3771
vn 0.2622 -0.8883 -0.3771
vn -0.7833 0.4942 -0.3771
vn -0.2622 0.8883 0.3771
vn 0.5640 0.4265 -0.7071
vn 0.8181 -0.4050 -0.4083
vn -0.1669 0.8975 -0.4082
vn 0.7945 0.6015 0.0837
vn -0.5148 -0.3893 -0.7638
vn -0.5640 -0.4265 0.7071
vn 0.1669 -0.8975 0.4083
vn -0.8181 0.4050 0.4082
vn -0.2350 0.9675 -0.0936
vn 0.1504 -0.6198 0.7702
vn -0.7721 -0.5150 0.3724
vn -0.9222 0.1037 -0.3724
vn 0.7721 0.5150 -0.3724
vn 0.9222 -0.1037 0.3724
vn 0.1668 -0.6872 -0.7071
vn 0.8897 -0.2041 -0.4083
vn 0.2350 -0.9675 0.0936
vn -0.1504 0.6198 -0.7702
vn -0.1668 0.6872 0.7071
vn -0.8898 0.2041 0.4083
vn -0.9854 -0.1499 -0.0802
vn 0.7850 0.4969 -0.3700
vn 0.1933 0.8864 0.4206
vn -0.4421 0.8898 0.1129
vn -0.1735 -0.3136 -0.9335
vn 0.4921 -0.4526 -0.7437
vn 0.5106 -0.4965 0.7020
vn 0.1735 0.3137 0.9335
vn 0.4421 -0.8898 -0.1129
vn -0.5106 0.4965 -0.7020
vn 0.9854 0.1499 0.0806
vn -0.7850 -0.4969 0.3700
vn -0.4921 0.4526 0.7436
vn -0.1933 -0.8864 -0.4206
vn 0.9855 0.1498 -0.0802
vn -0.5106 0.4964 0.7020
vn -0.4421 0.8898 -0.1129
vn 0.1736 0.3137 -0.9335
vn 0.4421 -0.8898 0.1129
vn -0.1735 -0.3137 0.9335
vn -0.7850 -0.4969 -0.3699
vn -0.4921 0.4526 -0.7436
vn -0.1933 -0.8864 0.4206
vn -0.9854 -0.1498 0.0802
vn 0.5106 -0.4965 -0.7020
vn 0.7850 0.4969 0.3699
vn 0.1933 0.8864 -0.4207
vn 0.4921 -0.4526 0.7436
vn -0.2024 0.8337 -0.5138
vn 0.0570 -0.2365 0.9699
vn -0.8314 -0.5029 0.2362
vn -0.9695 0.0661 -0.2361
vn 0.8313 0.5032 -0.2362
vn 0.9696 -0.0662 0.2358
vn 0.1664 -0.6876 -0.7067
vn -0.6969 -0.5896 -0.4083
vn 0.8895 -0.2043 -0.4087
vn 0.2024 -0.8335 0.5142
vn -0.0575 0.2365 -0.9699
vn 0.2812 -0.5807 0.7640
vn -0.4347 0.8966 -0.0844
vn 0.6379 0.6718 -0.3766
vn 0.9223 0.0848 0.3769
vn -0.6381 -0.6716 0.3765
vn -0.9223 -0.0847 -0.3771
vn 0.3085 -0.6365 -0.7069
vn 0.9128 -0.0115 -0.4083
vn -0.5565 -0.7234 -0.4085
vn -0.2813 0.5809 -0.7639
vn 0.4352 -0.8964 0.0843
vn -0.3084 0.6363 0.7071
vn 0.5567 0.7234 0.4083
vn -0.9128 0.0113 0.4082
vn 0.3464 -0.9372 -0.0399
vn -0.7733 0.2405 0.5867
vn 0.0012 0.2959 0.9552
vn 0.8207 -0.0912 0.5641
vn -0.2760 -0.4456 -0.8516
vn -0.9674 -0.0028 -0.2533
vn 0.1165 0.9457 -0.3035
vn 0.5876 0.6072 0.5349
vn -0.4967 0.2506 -0.8310
vn -0.3451 0.9378 0.0389
vn 0.6782 -0.6513 -0.3405
vn -0.4567 -0.7195 0.5233
vn 0.1407 -0.3263 0.9347
vn -0.7643 -0.6006 -0.2347
vn 0.3193 -0.9475 0.0150
vn 0.1165 0.9457 0.3035
vn 0.5876 0.6072 -0.5349
vn 0.8207 -0.0912 -0.5641
vn -0.2760 -0.4456 0.8516
vn -0.4967 0.2506 0.8310
vn -0.7733 0.2405 -0.5867
vn 0.0012 0.2959 -0.9552
vn -0.9674 -0.0028 0.2533
vn 0.6578 -0.6693 0.3455
vn -0.3180 0.9472 -0.0418
vn -0.4567 -0.7195 -0.5233
vn 0.1407 -0.3263 -0.9347
vn -0.7643 -0.6006 0.2347
vn -0.2752 0.9601 -0.0492
vn 0.6475 -0.4191 0.6365
vn -0.2461 -0.3905 0.8871
vn -0.9964 0.0330 0.0781
vn 0.1801 0.3186 -0.9306
vn 0.9818 -0.0924 -0.1659
vn -0.1941 -0.8610 -0.4701
vn -0.7381 -0.6040 0.3007
vn 0.5355 -0.2948 -0.7914
vn 0.2752 -0.9601 0.0495
vn -0.6631 0.2806 -0.6940
vn 0.0959 0.9226 0.3737
vn -0.6297 0.2400 0.7388
vn 0.7138 0.5659 -0.4127
vn 0.2752 -0.9601 -0.0495
vn 0.0959 0.9226 -0.3737
vn -0.6297 0.2400 -0.7388
vn -0.2461 -0.3905 -0.8871
vn 0.9818 -0.0924 0.1658
vn 0.7138 0.5659 0.4127
vn -0.6631 0.2806 0.6940
vn -0.9964 0.0330 -0.0781
vn 0.1801 0.3185 0.9306
vn -0.2753 0.9601 0.0490
vn -0.1941 -0.8610 0.4701
vn -0.7381 -0.6040 -0.3007
vn 0.5355 -0.2948 0.7914
vn 0.6475 -0.4191 -0.6365
vn 0.8822 -0.4475 -0.1469
vn -0.5303 0.2699 0.8037
vn 0.1575 0.9254 0.3448
vn 0.6552 0.6720 -0.3451
vn -0.1568 -0.9253 -0.3454
vn -0.6549 -0.6726 0.3447
vn -0.6300 0.3210 -0.7071
vn 0.0060 0.9130 -0.4080
vn -0.7337 -0.5429 -0.4085
vn -0.8814 0.4485 0.1480
vn 0.5304 -0.2699 -0.8036
vn 0.6306 -0.3198 0.7071
vn 0.7337 0.5430 0.4086
vn -0.0058 -0.9130 0.4080
vn 0.8296 0.5568 0.0429
vn -0.7358 0.3586 -0.5745
vn -0.2011 -0.1305 -0.9708
vn 0.7112 -0.3930 -0.5829
vn -0.0008 0.5388 0.8424
vn -0.7562 0.6228 0.2008
vn -0.5387 -0.8108 0.2290
vn 0.1611 -0.7500 -0.6415
vn -0.5516 0.1761 0.8153
vn -0.8116 -0.5827 -0.0416
vn 0.9319 0.1703 0.3203
vn 0.0030 0.8141 -0.5807
vn 0.2869 0.1342 -0.9485
vn -0.2958 0.9269 0.2310
vn 0.9237 0.2018 -0.3257
vn -0.8144 -0.5802 0.0135
vn -0.2011 -0.1305 0.9708
vn 0.7112 -0.3929 0.5829
vn -0.0007 0.5387 -0.8425
vn -0.7562 0.6228 -0.2008
vn 0.0030 0.8141 0.5807
vn 0.2869 0.1342 0.9485
vn -0.2958 0.9269 -0.2310
vn 0.8093 0.5872 -0.0145
vn -0.5387 -0.8108 -0.2290
vn 0.1611 -0.7500 0.6415
vn -0.5516 0.1761 -0.8153
vn -0.7358 0.3586 0.5745
vn -0.4535 0.8912 -0.0103
vn -0.1817 -0.7436 -0.6435
vn 0.4268 -0.1895 -0.8843
vn 0.1360 0.4759 -0.8689
vn -0.9799 -0.0789 0.1832
vn -0.6693 -0.7347 0.1107
vn 0.7116 -0.5264 0.4653
vn 0.9414 0.0418 -0.3346
vn -0.2902 -0.5474 0.7849
vn 0.4464 -0.8947 0.0131
vn 0.0671 0.8722 0.4845
vn 0.6102 0.7412 -0.2797
vn -0.5526 0.1874 0.8121
vn -0.7121 0.3535 -0.6066
vn 0.4716 -0.8806 -0.0462
vn -0.7121 0.3535 0.6066
vn 0.1361 0.4759 0.8689
vn 0.9415 0.0417 0.3345
vn -0.2902 -0.5474 -0.7849
vn -0.9799 -0.0789 -0.1832
vn 0.0670 0.8722 -0.4846
vn 0.6102 0.7412 0.2797
vn -0.5526 0.1874 -0.8121
vn -0.4678 0.8825 0.0486
vn 0.7116 -0.5264 -0.4653
vn -0.1816 -0.7436 0.6435
vn 0.4269 -0.1894 0.8842
vn -0.6694 -0.7346 -0.1108
vn 0.9876 -0.0239 -0.1554
vn -0.5889 0.0143 0.8081
vn -0.2529 0.9053 0.3412
vn 0.2962 0.8923 -0.3407
vn 0.2531 -0.9052 -0.3414
vn -0.2960 -0.8924 0.3405
vn -0.7069 0.0169 -0.7071
vn -0.3888 0.8260 -0.4082
vn -0.4275 -0.8065 -0.4083
vn -0.9876 0.0235 0.1555
vn 0.5889 -0.0132 -0.8081
vn 0.7069 -0.0165 0.7071
vn 0.4273 0.8067 0.4082
vn 0.3886 -0.8262 0.4079
vn 0.8561 -0.5105 -0.0806
vn -0.4297 0.7235 0.5403
vn 0.1271 0.9245 -0.3594
vn 0.4131 0.1822 -0.8923
vn -0.1717 -0.9680 0.1830
vn -0.5047 -0.3183 0.8025
vn -0.7835 -0.1623 -0.5998
vn -0.2078 0.4399 -0.8737
vn -0.7566 -0.6397 0.1355
vn -0.8561 0.5104 0.0814
vn 0.2069 -0.7223 -0.6599
vn 0.8876 -0.0211 0.4602
vn 0.7548 0.5766 -0.3127
vn 0.1574 -0.5984 0.7856
vn -0.8561 0.5104 -0.0810
vn 0.8876 -0.0211 -0.4602
vn 0.7548 0.5766 0.3128
vn 0.1271 0.9245 0.3594
vn -0.5047 -0.3183 -0.8025
vn 0.1574 -0.5984 -0.7856
vn 0.2069 -0.7222 0.6600
vn 0.4130 0.1821 0.8923
vn -0.1717 -0.9680 -0.1830
vn -0.4297 0.7235 -0.5403
vn 0.8561 -0.5106 0.0801
vn -0.7836 -0.1624 0.5997
vn -0.2078 0.4399 0.8737
vn -0.7566 -0.6397 -0.1356
vn 0.6039 -0.3679 -0.7071
vn 0.3845 -0.2343 0.8929
vn 0.6823 0.6835 0.2595
vn 0.7735 0.4848 -0.4082
vn -0.0762 -0.9097 -0.4083
vn -0.2946 -0.9197 0.2595
vn -0.8110 0.4943 -0.3130
vn 0.2947 0.9197 -0.2594
vn -0.6823 -0.6835 -0.2595
vn -0.3844 0.2344 -0.8929
vn 0.8112 -0.4939 0.3130
vn -0.6038 0.3680 0.7071
vn 0.0763 0.9097 0.4082
vn -0.7735 -0.4848 0.4083
vn -0.3759 0.9252 -0.0527
vn 0.2660 -0.6552 -0.7071
vn 0.9101 -0.0712 -0.4083
vn 0.6538 0.6481 -0.3905
vn -0.9206 0.0090 -0.3905
vn -0.6030 -0.6854 -0.4082
vn 0.2516 -0.6198 0.7434
vn 0.9206 -0.0090 0.3905
vn -0.6538 -0.6481 0.3905
vn -0.2516 0.6197 -0.7434
vn 0.3754 -0.9254 0.0528
vn -0.2660 0.6552 0.7071
vn 0.6029 0.6854 0.4083
vn -0.9101 0.0711 0.4082
vn -0.9944 0.0907 -0.0541
vn 0.8630 0.3816 -0.3311
vn 0.4119 0.7402 0.5315
vn -0.2854 0.7747 0.5643
vn -0.3132 -0.3998 -0.8614
vn 0.3852 -0.3876 -0.8375
vn 0.4278 -0.7016 0.5698
vn 0.2694 0.1032 0.9575
vn 0.2451 -0.9250 -0.2903
vn -0.7696 0.5001 -0.3970
vn 0.9943 -0.0910 0.0557
vn -0.5688 -0.6293 0.5295
vn -0.3524 0.0859 0.9319
vn -0.3755 -0.8913 -0.2542
vn -0.9944 0.0907 0.0541
vn 0.4278 -0.7016 -0.5698
vn 0.2694 0.1032 -0.9575
vn -0.2854 0.7747 -0.5643
vn -0.3132 -0.3998 0.8614
vn 0.2451 -0.9250 0.2903
vn 0.8630 0.3816 0.3311
vn 0.4119 0.7402 -0.5315
vn 0.3852 -0.3876 0.8375
vn 0.9943 -0.0910 -0.0557
vn -0.7696 0.5001 0.3970
vn -0.5688 -0.6293 -0.5295
vn -0.3524 0.0859 -0.9319
vn -0.3755 -0.8913 0.2542
vn -0.2919 -0.5164 0.8050
vn 0.4859 0.8610 -0.1502
vn 0.9179 -0.1992 -0.3433
vn 0.6451 -0.6825 0.3437
vn -0.9179 0.1995 0.3430
vn -0.6448 0.6826 -0.3439
vn -0.3476 -0.6158 -0.7071
vn 0.5103 -0.7569 -0.4082
vn -0.9117 0.0459 -0.4083
vn 0.2920 0.5165 -0.8050
vn -0.4852 -0.8614 0.1503
vn 0.3480 0.6156 0.7071
vn 0.9117 -0.0462 0.4083
vn -0.5105 0.7570 0.4079
vn 0.5477 0.8346 0.0594
vn -0.7852 0.0230 -0.6188
vn -0.0284 -0.2449 -0.9691
vn 0.9377 -0.2182 -0.2704
vn 0.0102 0.3052 0.9522
vn -0.9390 0.2651 0.2193
vn -0.1472 -0.9464 0.2874
vn 0.4621 -0.6822 -0.5666
vn -0.5858 -0.0877 0.8057
vn -0.5467 -0.8353 -0.0588
vn 0.8112 0.0639 0.5813
vn 0.0728 0.9336 -0.3508
vn 0.5388 0.1562 -0.8278
vn -0.4747 0.7213 0.5043
vn -0.5404 -0.8398 0.0521
vn 0.0728 0.9336 0.3508
vn 0.5388 0.1562 0.8278
vn -0.0284 -0.2449 0.9691
vn -0.9390 0.2651 -0.2193
vn -0.4747 0.7213 -0.5044
vn 0.8112 0.0639 -0.5813
vn 0.9377 -0.2182 0.2704
vn 0.0102 0.3052 -0.9522
vn -0.7897 0.0195 0.6132
vn 0.5475 0.8352 -0.0523
vn -0.1472 -0.9464 -0.2874
vn 0.4622 -0.6822 0.5666
vn -0.5858 -0.0877 -0.8057
vn 0.5765 -0.4094 0.7071
vn -0.8133 0.5783 0.0635
vn 0.2142 0.8972 0.3862
vn 0.8055 0.4294 0.4084
vn -0.1397 -0.9021 0.4082
vn -0.7765 -0.4982 0.3858
vn 0.5396 -0.3827 -0.7499
vn 0.7767 0.4976 -0.3863
vn -0.2137 -0.8971 -0.3866
vn -0.5765 0.4094 -0.7071
vn 0.8133 -0.5785 -0.0628
vn 0.1397 0.9021 -0.4082
vn -0.8055 -0.4294 -0.4083
vn -0.5390 0.3829 0.7503
vn -0.8372 0.5255 -0.1514
vn 0.5986 -0.3764 -0.7071
vn 0.7802 0.4740 -0.4083
vn 0.2436 0.9073 -0.3428
vn -0.7120 -0.6128 -0.3428
vn -0.0890 -0.9085 -0.4082
vn 0.5012 -0.3147 0.8061
vn 0.7119 0.6128 0.3431
vn -0.2435 -0.9074 0.3425
vn -0.5010 0.3150 -0.8061
vn 0.8369 -0.5259 0.1515
vn -0.5987 0.3763 0.7071
vn 0.0889 0.9085 0.4084
vn -0.7802 -0.4740 0.4082
vn -0.6144 0.3507 0.7068
vn 0.8552 -0.4880 0.1747
vn -0.2203 -0.9178 0.3302
vn -0.7591 -0.5072 0.4081
vn 0.0503 0.9116 0.4079
vn 0.6780 0.6568 0.3301
vn -0.4978 0.2832 -0.8198
vn -0.6782 -0.6566 -0.3300
vn 0.2205 0.9177 -0.3306
vn 0.6143 -0.3500 -0.7072
vn -0.8557 0.4870 -0.1747
vn -0.0495 -0.9115 -0.4083
vn 0.7592 0.5065 -0.4088
vn 0.4975 -0.2837 0.8197
vn -0.8057 0.5862 -0.0851
vn 0.9030 -0.1955 -0.3825
vn 0.7740 0.5005 0.3878
vn 0.2632 0.9471 0.1834
vn -0.4373 -0.1686 -0.8834
vn 0.0303 -0.6792 -0.7333
vn 0.0292 -0.6941 0.7193
vn 0.3621 0.1343 0.9224
vn -0.3121 -0.9446 -0.1013
vn 0.8062 -0.5855 0.0850
vn -0.8743 0.1022 0.4745
vn -0.1067 0.6139 0.7821
vn -0.8072 -0.5125 -0.2929
vn -0.1445 0.7330 -0.6647
vn 0.8027 -0.5893 -0.0910
vn -0.1445 0.7330 0.6647
vn 0.2632 0.9472 -0.1833
vn 0.3621 0.1343 -0.9224
vn -0.3121 -0.9446 0.1014
vn -0.4373 -0.1686 0.8833
vn -0.8743 0.1022 -0.4745
vn -0.1067 0.6139 -0.7822
vn -0.8072 -0.5125 0.2928
vn -0.8019 0.5903 0.0924
vn 0.0291 -0.6941 -0.7193
vn 0.9029 -0.1955 0.3827
vn 0.7740 0.5005 -0.3878
vn 0.0302 -0.6791 0.7334
vn -0.8214 0.5620 -0.0973
vn 0.3885 -0.7436 0.5442
vn -0.1857 -0.9047 -0.3834
vn -0.4199 -0.1850 -0.8885
vn 0.2280 0.9523 0.2029
vn 0.5145 0.3229 0.7944
vn 0.7834 0.1346 -0.6068
vn 0.1865 -0.4404 -0.8782
vn 0.7840 0.6076 0.1271
vn 0.8219 -0.5613 0.0970
vn -0.1606 0.7289 -0.6655
vn -0.8833 0.0574 0.4653
vn -0.7831 -0.5411 -0.3064
vn -0.1321 0.6005 0.7886
vn 0.8217 -0.5616 -0.0968
vn -0.8833 0.0574 -0.4654
vn -0.7832 -0.5410 0.3064
vn -0.1858 -0.9047 0.3834
vn 0.5145 0.3229 -0.7943
vn -0.1320 0.6005 -0.7886
vn -0.1603 0.7294 0.6650
vn -0.4204 -0.1851 0.8883
vn 0.2284 0.9522 -0.2027
vn 0.3885 -0.7437 -0.5441
vn -0.8217 0.5616 0.0968
vn 0.7836 0.1349 0.6065
vn 0.1867 -0.4402 0.8783
vn 0.7843 0.6073 -0.1267
vn 0.7476 -0.5189 0.4145
vn -0.0000 -0.0000 -0.0000
vn 0.2429 0.2119 -0.9466
vn 0.8914 -0.0197 -0.4528
vn -0.1301 -0.4493 0.8839
vn -0.7202 -0.5520 0.4203
vn -0.2297 -0.8410 -0.4899
vn 0.2857 -0.3515 -0.8915
vn -0.6520 -0.6891 0.3162
vn -0.8133 0.3337 -0.4766
vn 0.4520 -0.8900 -0.0604
vn 0.0370 0.8657 0.4992
vn 0.7474 0.5854 -0.3144
vn -0.1908 -0.1734 0.9662
vn -0.7804 0.6248 0.0236
vn 0.1595 -0.8535 -0.4961
vn 0.1845 0.8868 -0.4237
vn -0.4922 -0.0574 0.8686
vn 0.8432 -0.1037 0.5274
vn 0.7806 -0.6244 -0.0265
vn -0.3020 0.8472 0.4371
vn -0.8602 -0.0699 -0.5051
vn -0.2265 0.3787 -0.8974
vn -0.8262 -0.4880 0.2816
vn 0.4185 -0.9075 -0.0345
vn -0.7959 0.3127 0.5184
vn 0.2429 0.2119 0.9466
vn 0.8914 -0.0197 0.4528
vn -0.1301 -0.4493 -0.8839
vn -0.7202 -0.5520 -0.4203
vn 0.0370 0.8657 -0.4992
vn 0.7473 0.5854 0.3144
vn -0.1909 -0.1734 -0.9662
vn -0.4173 0.9085 0.0210
vn 0.7950 -0.4581 -0.3976
vn -0.2297 -0.8410 0.4899
vn 0.2856 -0.3515 0.8915
vn -0.6521 -0.6891 -0.3162
vn -0.7900 0.6131 -0.0056
vn 0.8433 -0.1037 -0.5274
vn 0.1845 0.8868 0.4236
vn -0.4923 -0.0574 -0.8686
vn 0.1595 -0.8535 0.4961
vn -0.3227 0.8373 -0.4413
vn -0.8604 -0.0698 0.5048
vn -0.2265 0.3787 0.8974
vn -0.8262 -0.4880 -0.2815
vn 0.8112 -0.4943 -0.3126
vn -0.6039 0.3678 -0.7071
vn -0.7735 -0.4849 -0.4082
vn -0.2943 -0.9199 -0.2593
vn 0.6821 0.6835 -0.2599
vn 0.0762 0.9096 -0.4083
vn -0.3846 0.2340 0.8929
vn -0.6820 -0.6838 0.2596
vn 0.2946 0.9198 0.2591
vn 0.3847 -0.2348 -0.8927
vn -0.8115 0.4935 0.3130
vn 0.6039 -0.3679 0.7071
vn -0.0762 -0.9097 0.4083
vn 0.7735 0.4848 0.4082
vn -0.9660 0.2587 -0.0000
vn 0.8660 0.5000 -0.0000
vn 0.2000 0.2376 0.9505
vn -0.1058 0.1833 0.9774
vn -0.1058 0.1833 -0.9774
vn 0.2000 0.2376 -0.9505
vn 0.2588 -0.9659 -0.0000
vn -0.2812 -0.2507 0.9263
vn -0.2812 -0.2507 -0.9263
vn -0.7071 0.7071 -0.0000
vn 0.9659 -0.2588 -0.0000
vn -0.5000 -0.8660 -0.0000
vn 0.1987 -0.3441 0.9177
vn 0.1987 -0.3441 -0.9177
vn 0.2590 0.9659 -0.0000
vn 0.2589 -0.9659 -0.0000
vn -0.3254 -0.0000 0.9456
vn -0.3254 -0.0000 -0.9456
vn -1.0000 -0.0000 -0.0000
vn -0.2588 -0.9659 -0.0000
vn -0.2588 0.9659 -0.0000
vn 0.3254 -0.0000 0.9456
vn 0.3254 -0.0000 -0.9456
vn 1.0000 -0.0000 -0.0000
vn 0.8660 -0.5000 -0.0000
vn -0.7071 -0.7071 -0.0000
vn 0.3974 -0.0000 0.9177
vn 0.3973 -0.0000 -0.9177
vn -0.2589 0.9659 -0.0000
vn 0.2587 0.9659 -0.0000
vn 0.7071 -0.7071 -0.0000
vn -0.8660 -0.5000 -0.0000
vn -0.3974 -0.0000 0.9177
vn -0.3974 -0.0000 -0.9177
vn -0.2589 -0.9659 -0.0000
vn 0.1058 -0.1833 0.9774
vn 0.1058 -0.1833 -0.9774
vn -0.8660 0.5000 -0.0000
vn -0.2000 -0.2376 0.9505
vn -0.2000 -0.2376 -0.9505
vn 0.7071 0.7071 -0.0000
vn 0.2589 0.9659 -0.0000
vn -0.1987 0.3441 0.9177
vn -0.1987 0.3441 -0.9177
vn 0.2812 0.2507 0.9263
vn 0.2812 0.2507 -0.9263
vn 0.7072 -0.7070 -0.0000
vn -0.9659 0.2589 -0.0000
vn 0.5000 0.8660 -0.0000
vn -0.2000 0.2376 -0.9505
vn -0.2000 0.2376 0.9505
vn -0.1058 -0.1833 -0.9774
vn -0.1058 -0.1833 0.9774
vn 0.2812 -0.2507 -0.9263
vn 0.2812 -0.2507 0.9263
vn 0.1987 0.3441 -0.9177
vn 0.1987 0.3441 0.9177
vn 0.9659 0.2589 -0.0000
vn 0.1058 0.1833 -0.9774
vn 0.1058 0.1833 0.9774
vn 0.9659 0.2587 -0.0000
vn -0.2812 0.2507 -0.9263
vn -0.2812 0.2507 0.9263
vn -0.5000 0.8660 -0.0000
vn 0.7069 0.7073 -0.0000
vn -0.9660 -0.2586 -0.0000
vn 0.5000 -0.8660 -0.0000
vn -0.1987 -0.3441 -0.9177
vn -0.1987 -0.3441 0.9177
vn -0.9659 -0.2588 -0.0000
vn 0.2000 -0.2376 -0.9505
vn 0.2000 -0.2376 0.9505
vn 0.2588 0.9659 -0.0000
vn 0.3974 -0.0000 -0.9177
vn 0.5943 -0.7997 -0.0860
vn -0.1215 0.9023 -0.4137
vn -0.1646 -0.2023 -0.9654
vn -0.3261 -0.0002 -0.9453
vn 0.7956 0.0001 0.6058
vn 0.3573 0.7524 0.5534
vn -0.9059 -0.0341 0.4220
vn -0.3641 -0.7506 -0.5514
vn 0.1607 0.0967 0.9822
vn 0.7415 -0.4476 -0.4998
vn -0.6000 0.7964 0.0762
vn -0.3711 -0.8428 0.3899
vn -0.8510 -0.0004 -0.5251
vn 0.1585 0.0003 0.9874
vn 0.7586 0.4180 -0.4998
vn -0.9896 -0.1216 0.0763
vn 0.4082 -0.7069 -0.5777
vn -0.0858 0.1486 0.9852
vn 0.5445 -0.7425 0.3903
vn -0.5999 -0.7964 0.0763
vn 0.7414 0.4476 -0.5001
vn -0.4081 0.7069 -0.5777
vn 0.0858 -0.1486 0.9852
vn -0.3712 0.8428 0.3897
vn -0.4234 -0.8017 0.4220
vn 0.9897 0.1142 -0.0859
vn -0.8418 0.3463 -0.4140
vn 0.0927 -0.1600 -0.9828
vn -0.4323 0.7483 0.5031
vn 0.5940 0.7998 -0.0859
vn -0.9059 0.0341 0.4220
vn -0.1215 -0.9023 -0.4137
vn -0.0927 0.1605 -0.9827
vn 0.4320 -0.7483 0.5035
vn -0.5938 -0.8000 -0.0866
vn 0.9059 -0.0341 0.4221
vn 0.3264 -0.0000 -0.9452
vn -0.7955 -0.0000 0.6060
vn 0.1221 0.9023 -0.4135
vn -0.9898 -0.1135 -0.0857
vn 0.8422 -0.3460 -0.4136
vn 0.1652 0.2017 -0.9654
vn -0.3578 -0.7522 0.5534
vn 0.4234 0.8017 0.4220
vn 0.5998 0.7964 0.0766
vn -0.7413 -0.4478 -0.4999
vn 0.3711 -0.8428 0.3899
vn 0.8511 -0.0003 -0.5250
vn -0.1585 0.0002 0.9874
vn -0.7591 -0.4175 -0.4995
vn 0.9896 0.1215 0.0766
vn -0.5442 0.7428 0.3899
vn 0.3646 0.7503 -0.5514
vn -0.1611 -0.0965 0.9822
vn -0.7412 0.4479 -0.5000
vn 0.5999 -0.7965 0.0760
vn 0.3711 0.8428 0.3898
vn 0.9058 0.0337 0.4223
vn -0.5939 0.7999 -0.0865
vn 0.1217 -0.9020 -0.4142
vn -0.5940 0.7999 0.0857
vn 0.9060 0.0341 -0.4220
vn 0.4081 0.7069 0.5777
vn 0.3259 -0.0002 0.9454
vn -0.7956 0.0002 -0.6058
vn -0.0858 -0.1486 -0.9852
vn 0.1215 -0.9023 0.4137
vn 0.0927 0.1605 0.9827
vn -0.4320 -0.7483 -0.5035
vn -0.4234 0.8016 -0.4220
vn 0.9897 -0.1144 0.0861
vn -0.1645 0.2022 0.9654
vn 0.3573 -0.7524 -0.5534
vn -0.8421 -0.3460 0.4136
vn 0.6000 -0.7963 -0.0765
vn -0.7415 0.4475 0.5000
vn 0.3712 0.8428 -0.3897
vn 0.8510 -0.0004 0.5251
vn -0.1585 0.0003 -0.9874
vn 0.7585 -0.4180 0.4999
vn -0.9897 0.1215 -0.0763
vn 0.5445 0.7425 -0.3903
vn -0.3640 0.7506 0.5514
vn 0.1607 -0.0967 -0.9823
vn -0.7417 -0.4474 0.4997
vn 0.6000 0.7963 -0.0764
vn 0.3641 -0.7506 0.5514
vn -0.1607 0.0967 -0.9822
vn 0.3711 -0.8428 -0.3899
vn 0.5940 0.7999 0.0861
vn -0.1214 -0.9023 0.4137
vn -0.3264 -0.0000 0.9452
vn 0.7954 -0.0000 -0.6061
vn -0.9060 0.0342 -0.4220
vn 0.9059 -0.0341 -0.4221
vn -0.5937 -0.8001 0.0856
vn 0.1215 0.9023 0.4137
vn 0.1646 -0.2023 0.9654
vn -0.3573 0.7524 -0.5534
vn 0.7413 0.4479 0.4999
vn -0.5999 -0.7964 -0.0764
vn -0.3711 0.8428 -0.3898
vn -0.8511 -0.0003 0.5250
vn 0.1585 0.0002 -0.9874
vn -0.7585 0.4181 0.4999
vn 0.9897 -0.1218 -0.0759
vn -0.4083 -0.7065 0.5781
vn 0.0861 0.1488 -0.9851
vn -0.5445 -0.7424 -0.3903
vn -0.6001 0.7962 -0.0774
vn 0.7414 -0.4479 0.4998
vn -0.3710 -0.8427 -0.3900
vn -0.9897 0.1147 0.0861
vn 0.8421 0.3460 0.4136
vn -0.0927 -0.1605 0.9827
vn 0.4320 0.7482 -0.5035
vn 0.4233 -0.8019 -0.4216
vn 0.5941 -0.7998 0.0859
vn -0.9061 -0.0344 -0.4217
vn -0.1214 0.9023 0.4136
vn 0.4441 -0.8960 0.0040
vn -0.7881 0.3009 -0.5369
vn -0.7752 -0.5301 0.3436
vn -0.1830 -0.4904 0.8521
vn 0.9139 -0.0139 -0.4056
vn 0.2201 0.1809 -0.9585
vn 0.0357 0.8681 0.4951
vn -0.2528 -0.2094 0.9446
vn 0.7655 0.5377 -0.3534
vn -0.4364 0.8994 0.0229
vn 0.7248 -0.5097 0.4635
vn -0.2869 -0.8069 -0.5163
vn -0.6715 -0.6929 0.2629
vn 0.3408 -0.2716 -0.9000
vn -0.7219 0.6920 0.0011
vn 0.8357 -0.1553 0.5268
vn -0.4111 0.0778 0.9083
vn 0.3160 0.8956 -0.3132
vn 0.1010 -0.8677 -0.4867
vn 0.6970 -0.7171 0.0016
vn -0.9028 0.1175 -0.4136
vn -0.8409 -0.3592 0.4048
vn -0.1116 0.4955 -0.8614
vn -0.0943 0.8374 0.5384
vn 0.7317 -0.5193 -0.4415
vn -0.4253 0.9049 0.0168
vn -0.7752 -0.5301 -0.3436
vn -0.1830 -0.4904 -0.8521
vn 0.9139 -0.0139 0.4056
vn 0.2201 0.1809 0.9585
vn -0.2869 -0.8069 0.5163
vn -0.6715 -0.6929 -0.2629
vn 0.3408 -0.2716 0.9000
vn -0.8053 0.2703 0.5276
vn 0.0357 0.8681 -0.4951
vn -0.2528 -0.2094 -0.9446
vn 0.7655 0.5377 0.3534
vn -0.7097 0.7039 -0.0282
vn 0.1010 -0.8677 0.4867
vn -0.4111 0.0778 -0.9083
vn 0.3160 0.8956 0.3132
vn 0.8357 -0.1553 -0.5268
vn 0.7144 -0.6993 -0.0242
vn -0.0943 0.8374 -0.5384
vn -0.9029 0.1175 0.4136
vn -0.8409 -0.3592 -0.4048
vn -0.1116 0.4956 0.8614
vn 0.4396 -0.8959 -0.0638
vn -0.3660 0.6111 -0.7018
vn -0.7249 -0.5281 -0.4423
vn -0.6576 -0.6511 -0.3790
vn 0.9224 0.0176 -0.3860
vn 0.7170 0.5221 -0.4618
vn -0.3467 0.5693 0.7454
vn -0.7440 -0.5367 0.3981
vn 0.7287 0.5352 0.4272
vn 0.2533 -0.6125 -0.7488
vn -0.4429 0.8943 0.0642
vn 0.2765 -0.6533 0.7048
vn -0.5946 -0.6945 0.4052
vn 0.9125 -0.0567 0.4052
vn -0.7150 0.6954 -0.0723
vn 0.4305 -0.5015 0.7504
vn -0.8201 -0.4320 -0.3752
vn 0.3094 0.8703 -0.3833
vn 0.4694 -0.5376 -0.7005
vn 0.7126 -0.6979 0.0717
vn -0.5008 0.4255 -0.7538
vn -0.5360 0.4646 0.7048
vn -0.8441 -0.3511 0.4051
vn 0.2278 0.8854 0.4052
vn 0.9934 -0.1146 -0.0000
vn -0.7834 -0.6215 -0.0000
vn -0.2946 0.0531 0.9541
vn 0.2606 -0.0116 0.9654
vn 0.2606 -0.0116 -0.9654
vn -0.2946 0.0531 -0.9541
vn -0.2359 0.9718 -0.0000
vn -0.2147 0.4104 0.8863
vn -0.2147 0.4104 -0.8863
vn 0.2904 0.9569 -0.0000
vn 0.7730 -0.6344 -0.0000
vn 0.1594 0.5762 0.8016
vn 0.1594 0.5762 -0.8016
vn -0.9881 0.1539 -0.0000
vn 0.4713 -0.8820 0.0002
vn -0.7730 0.6344 0.0001
vn 0.8075 0.5899 -0.0003
vn 0.5481 0.4004 0.7344
vn 0.5482 0.4004 -0.7343
vn -0.9934 0.1146 -0.0000
vn 0.7833 0.6216 -0.0000
vn 0.2359 -0.9718 -0.0000
vn 0.1632 -0.4012 0.9013
vn 0.1632 -0.4012 -0.9013
vn -0.5898 0.8076 -0.0000
vn 0.9183 -0.3959 -0.0002
vn -0.7173 -0.6968 -0.0000
vn -0.4390 -0.4058 0.8016
vn -0.4390 -0.4058 -0.8016
vn -0.9183 0.3960 -0.0003
vn 0.9999 -0.0146 -0.0001
vn -0.1539 -0.9881 0.0003
vn -0.1046 -0.6704 0.7346
vn -0.1042 -0.6703 -0.7347
vn 0.9999 -0.0146 0.0001
vn -0.9183 0.3960 0.0003
vn -0.1539 -0.9881 -0.0003
vn -0.1046 -0.6704 -0.7346
vn -0.1042 -0.6703 0.7347
vn -0.5897 0.8076 -0.0000
vn -0.7732 0.6341 -0.0000
vn 0.4713 -0.8820 -0.0000
vn 0.8076 0.5898 -0.0000
vn 0.5479 0.4002 -0.7346
vn 0.5479 0.4002 0.7346
vn -0.3013 0.3776 0.8756
vn -0.3013 0.3776 -0.8756
vn -0.6546 -0.0000 0.7559
vn -0.6546 -0.0000 -0.7559
vn -0.8661 -0.4999 -0.0000
vn 0.3013 -0.3776 0.8756
vn 0.3013 -0.3776 -0.8756
vn 0.6546 -0.0000 0.7559
vn 0.6546 -0.0000 -0.7559
vn -0.5634 -0.8225 -0.0777
vn 0.5916 0.5296 0.6079
vn 0.9417 -0.0000 -0.3366
vn 0.1919 -0.3324 -0.9234
vn -0.4688 0.8120 0.3476
vn -0.5142 -0.0000 0.8577
vn -0.2580 0.8223 -0.5072
vn 0.3769 -0.0000 -0.9263
vn -0.9571 -0.0000 0.2899
vn -0.5634 0.8225 -0.0778
vn -0.2580 -0.8223 -0.5072
vn 0.2531 0.2919 -0.9224
vn -0.4352 -0.8417 0.3196
vn 0.5916 -0.5296 0.6079
vn 0.5545 0.8277 0.0860
vn -0.8346 -0.0914 -0.5431
vn -0.2245 -0.8159 0.5328
vn 0.4831 -0.8368 -0.2576
vn -0.2061 0.3570 0.9111
vn 0.5544 -0.8278 0.0862
vn -0.2245 0.8159 0.5328
vn 0.4246 0.8557 -0.2958
vn -0.2611 -0.3858 0.8849
vn -0.8346 0.0914 -0.5431
vn -0.9941 -0.0663 0.0862
vn 0.8189 -0.2135 0.5328
vn -0.4246 -0.8557 -0.2958
vn 0.2611 0.3858 0.8849
vn 0.4965 0.6771 -0.5432
vn 0.7545 0.2476 0.6079
vn -0.9940 -0.0762 -0.0781
vn -0.1921 0.3328 -0.9232
vn 0.4687 -0.8119 0.3482
vn 0.5832 -0.6346 -0.5071
vn -0.7544 -0.2475 0.6079
vn 0.9940 0.0766 -0.0778
vn -0.5832 0.6346 -0.5072
vn -0.2531 -0.2919 -0.9224
vn 0.4353 0.8417 0.3195
vn 0.9941 0.0662 0.0860
vn -0.8187 0.2135 0.5331
vn -0.4831 0.8369 -0.2573
vn 0.2059 -0.3566 0.9113
vn -0.4967 -0.6768 -0.5434
vn -0.5545 0.8277 0.0859
vn 0.2246 -0.8159 0.5327
vn -0.9416 -0.0000 -0.3366
vn 0.5142 -0.0000 0.8577
vn 0.8346 -0.0914 -0.5432
vn -0.5544 -0.8278 0.0860
vn 0.8345 0.0917 -0.5434
vn 0.2246 0.8158 0.5330
vn 0.5634 -0.8225 -0.0776
vn 0.2580 0.8223 -0.5072
vn -0.3769 -0.0000 -0.9263
vn 0.9571 -0.0000 0.2899
vn -0.5915 0.5296 0.6080
vn 0.5636 0.8224 -0.0782
vn -0.5917 -0.5296 0.6079
vn 0.2580 -0.8224 -0.5071
vn 0.5543 0.8279 -0.0858
vn -0.2245 -0.8159 -0.5328
vn 0.4831 -0.8368 0.2576
vn 0.9417 -0.0002 0.3366
vn -0.5140 0.0004 -0.8578
vn -0.2061 0.3570 -0.9111
vn -0.8346 -0.0914 0.5432
vn 0.1919 -0.3324 0.9234
vn -0.4688 0.8120 -0.3476
vn -0.9941 -0.0663 -0.0862
vn 0.4965 0.6771 0.5432
vn -0.4246 -0.8557 0.2958
vn 0.2611 0.3858 -0.8849
vn 0.8189 -0.2135 -0.5328
vn 0.5918 0.5298 -0.6075
vn -0.5634 -0.8226 0.0775
vn -0.2579 0.8223 0.5072
vn 0.3769 -0.0000 0.9263
vn -0.9571 0.0001 -0.2899
vn 0.9940 0.0767 0.0779
vn -0.7544 -0.2475 -0.6079
vn -0.5832 0.6346 0.5072
vn -0.2530 -0.2919 0.9224
vn 0.4353 0.8417 -0.3195
vn -0.5633 0.8226 0.0782
vn 0.5918 -0.5297 -0.6076
vn 0.2530 0.2919 0.9224
vn -0.4352 -0.8417 -0.3196
vn -0.2580 -0.8223 0.5071
vn -0.5547 0.8275 -0.0865
vn 0.8346 -0.0914 0.5432
vn -0.9417 -0.0002 0.3366
vn 0.5140 0.0004 -0.8578
vn 0.2245 -0.8159 -0.5328
vn 0.5545 -0.8276 -0.0867
vn -0.8347 0.0914 0.5431
vn -0.2245 0.8159 -0.5328
vn 0.4246 0.8557 0.2959
vn -0.2611 -0.3858 -0.8849
vn 0.5634 -0.8225 0.0776
vn -0.5919 0.5296 -0.6076
vn 0.2579 0.8223 0.5072
vn -0.3769 -0.0001 0.9263
vn 0.9571 -0.0000 -0.2899
vn -0.9940 -0.0766 0.0780
vn 0.7545 0.2475 -0.6079
vn -0.1919 0.3324 0.9234
vn 0.4688 -0.8120 -0.3477
vn 0.5832 -0.6346 0.5072
vn -0.5916 -0.5300 -0.6076
vn 0.5633 0.8225 0.0781
vn 0.2581 -0.8223 0.5071
vn 0.9941 0.0663 -0.0862
vn -0.4965 -0.6771 0.5432
vn -0.8189 0.2135 -0.5328
vn -0.4831 0.8368 0.2576
vn 0.2061 -0.3569 -0.9111
vn 0.8347 0.0914 0.5431
vn -0.5546 -0.8277 -0.0860
vn 0.2245 0.8160 -0.5327
vn -0.4479 -0.8891 -0.0941
vn 0.7612 0.6046 0.2347
vn 0.6870 -0.0575 -0.7243
vn 0.5199 -0.5766 -0.6303
vn 0.0956 0.0313 0.9949
vn -0.0940 0.0047 0.9956
vn -0.5345 0.7542 -0.3814
vn -0.0249 0.0121 -0.9996
vn -0.7419 0.2002 0.6399
vn 0.8516 -0.3053 0.4262
vn -0.4681 0.8812 -0.0663
vn 0.0933 -0.1218 -0.9882
vn -0.4713 -0.5937 0.6523
vn -0.4889 -0.8501 -0.1955
vn -0.1458 -0.9501 0.2758
vn 0.5141 0.8407 -0.1702
vn -0.9213 0.0761 -0.3814
vn -0.1218 -0.0939 -0.9881
vn -0.5931 0.4711 0.6529
vn -0.9233 0.2919 -0.2496
vn 0.4737 -0.8762 0.0893
vn 0.4406 0.8326 0.3355
vn 0.5602 0.5267 -0.6394
vn -0.0506 0.0971 0.9940
vn 0.2923 0.9231 -0.2500
vn -0.8762 -0.4736 0.0893
vn -0.0575 -0.6870 -0.7244
vn 0.0047 0.0940 0.9956
vn 0.8326 -0.4405 0.3357
vn 0.9483 -0.1048 0.2997
vn -0.8770 0.4630 -0.1286
vn 0.0195 -0.0214 -0.9996
vn -0.1755 -0.7384 0.6511
vn -0.0766 -0.9213 -0.3813
vn -0.3053 -0.8517 0.4260
vn 0.8812 0.4681 -0.0668
vn -0.8501 0.4890 -0.1954
vn -0.0195 0.0214 -0.9996
vn 0.1755 0.7384 0.6511
vn 0.9028 -0.4300 -0.0085
vn -0.6046 0.7611 0.2349
vn 0.0575 0.6870 -0.7243
vn -0.0047 -0.0940 0.9956
vn -0.7239 -0.5711 -0.3871
vn -0.9029 0.4298 -0.0087
vn 0.6046 -0.7612 0.2347
vn -0.5455 -0.3876 -0.7431
vn 0.1285 0.0408 0.9909
vn 0.7239 0.5711 -0.3870
vn 0.3052 0.8517 0.4261
vn -0.8812 -0.4680 -0.0668
vn 0.1217 0.0939 -0.9881
vn 0.5931 -0.4711 0.6529
vn 0.8501 -0.4890 -0.1954
vn -0.9482 0.1046 0.2999
vn 0.8772 -0.4626 -0.1287
vn 0.0758 0.9213 -0.3813
vn -0.0030 0.0529 -0.9986
vn 0.5560 0.5496 0.6235
vn -0.2923 -0.9231 -0.2500
vn 0.8761 0.4737 0.0893
vn -0.8326 0.4406 0.3357
vn -0.5199 0.5766 -0.6303
vn -0.0956 -0.0312 0.9949
vn 0.0121 0.9977 -0.0673
vn -0.6169 -0.6618 0.4260
vn -0.0241 -0.1161 -0.9929
vn 0.6890 -0.2784 0.6692
vn 0.8245 -0.5311 -0.1954
vn 0.1458 0.9501 0.2759
vn -0.5151 -0.8404 -0.1686
vn 0.9213 -0.0761 -0.3814
vn -0.0194 -0.9958 0.0893
vn 0.6863 0.6830 -0.2500
vn -0.7731 0.5381 0.3358
vn -0.7634 0.1742 -0.6219
vn -0.0407 0.0824 0.9958
vn 0.4480 0.8889 -0.0954
vn -0.7612 -0.6045 0.2349
vn 0.5345 -0.7542 -0.3814
vn -0.9029 0.4298 0.0087
vn 0.7239 0.5711 0.3870
vn -0.0195 0.0214 0.9996
vn -0.5455 -0.3876 0.7431
vn 0.1285 0.0408 -0.9909
vn 0.1755 0.7384 -0.6511
vn 0.6046 -0.7612 -0.2347
vn -0.0575 -0.6870 0.7244
vn 0.0047 0.0940 -0.9956
vn -0.3053 -0.8517 -0.4260
vn -0.8501 0.4890 0.1954
vn 0.8812 0.4681 0.0668
vn -0.1218 -0.0939 0.9881
vn -0.5931 0.4711 -0.6529
vn 0.8772 -0.4626 0.1288
vn -0.9482 0.1045 -0.3000
vn 0.0759 0.9214 0.3812
vn -0.0030 0.0528 0.9986
vn 0.5560 0.5496 -0.6235
vn 0.8326 -0.4406 -0.3356
vn -0.8762 -0.4737 -0.0892
vn 0.5199 -0.5766 0.6303
vn 0.0956 0.0312 -0.9949
vn 0.2923 0.9231 0.2500
vn -0.6169 -0.6618 -0.4260
vn 0.0121 0.9977 0.0673
vn -0.0241 -0.1161 0.9929
vn 0.6890 -0.2784 -0.6692
vn 0.8245 -0.5311 0.1954
vn 0.5142 0.8406 0.1702
vn -0.1458 -0.9501 -0.2758
vn -0.0249 0.0122 0.9996
vn -0.7419 0.2002 -0.6399
vn -0.9213 0.0761 0.3814
vn 0.6863 0.6830 0.2500
vn -0.0194 -0.9958 -0.0893
vn -0.7731 0.5381 -0.3359
vn -0.7634 0.1742 0.6219
vn -0.0407 0.0824 -0.9958
vn -0.4478 -0.8892 0.0941
vn -0.5345 0.7542 0.3814
vn 0.7612 0.6046 -0.2347
vn 0.6870 -0.0575 0.7244
vn -0.0940 0.0047 -0.9956
vn 0.4480 0.8889 0.0954
vn 0.5345 -0.7542 0.3814
vn -0.5199 0.5766 0.6303
vn -0.0956 -0.0312 -0.9949
vn -0.7612 -0.6045 -0.2349
vn -0.4890 -0.8501 0.1955
vn -0.4681 0.8811 0.0665
vn 0.0935 -0.1218 0.9881
vn -0.4712 -0.5935 -0.6525
vn 0.8516 -0.3053 -0.4260
vn -0.5151 -0.8404 0.1686
vn 0.1458 0.9501 -0.2759
vn 0.9213 -0.0761 0.3814
vn 0.1217 0.0939 0.9881
vn 0.5931 -0.4711 -0.6529
vn 0.4737 -0.8762 -0.0894
vn -0.9232 0.2925 0.2495
vn 0.4406 0.8327 -0.3354
vn 0.5602 0.5267 0.6394
vn -0.0506 0.0972 -0.9940
vn 0.8761 0.4737 -0.0893
vn -0.2923 -0.9231 0.2500
vn 0.0575 0.6870 0.7243
vn -0.0047 -0.0940 -0.9956
vn -0.8326 0.4406 -0.3357
vn -0.8771 0.4629 0.1282
vn 0.9484 -0.1042 -0.2996
vn 0.0195 -0.0214 0.9996
vn -0.1755 -0.7384 -0.6511
vn -0.0764 -0.9213 0.3813
vn -0.8812 -0.4680 0.0668
vn 0.3052 0.8517 -0.4261
vn 0.8501 -0.4890 0.1954
vn 0.9031 -0.4294 0.0081
vn -0.7239 -0.5711 0.3871
vn -0.6046 0.7611 -0.2349
vn 0.4816 -0.8764 -0.0000
vn -0.9965 0.0841 -0.0000
vn -0.3167 -0.2714 0.9089
vn 0.3818 -0.1617 0.9100
vn 0.3818 -0.1617 -0.9100
vn -0.3167 -0.2715 -0.9089
vn 0.2126 0.9771 -0.0000
vn 0.2825 0.2652 0.9219
vn 0.2825 0.2652 -0.9219
vn -0.4957 0.8685 -0.0000
vn 0.9344 -0.3562 -0.0000
vn -0.4600 -0.8879 -0.0000
vn -0.2812 -0.5428 0.7914
vn -0.2812 -0.5428 -0.7914
vn -0.8485 0.5292 -0.0000
vn 0.9824 0.1869 -0.0000
vn -0.4821 -0.1904 0.8552
vn -0.4821 -0.1904 -0.8552
vn 0.0245 -0.9997 -0.0000
vn 0.8763 -0.4817 -0.0000
vn -0.9138 -0.4063 -0.0000
vn -0.3039 0.9527 -0.0000
vn -0.1572 0.4927 0.8559
vn -0.1572 0.4927 -0.8559
vn -0.9375 -0.3480 -0.0000
vn 0.9785 -0.2064 -0.0000
vn -0.1915 -0.3969 -0.8977
vn 0.3469 -0.1692 -0.9225
vn 0.3469 -0.1692 0.9225
vn -0.1915 -0.3969 0.8977
vn 0.0598 0.9982 -0.0000
vn 0.0455 0.5568 -0.8294
vn 0.0455 0.5568 0.8294
vn 0.9233 -0.3842 -0.0000
vn -0.8542 0.5200 -0.0000
vn 0.4645 0.4220 -0.7786
vn 0.4645 0.4220 0.7786
vn -0.4546 -0.8907 -0.0000
vn -0.6157 -0.7880 -0.0000
vn 0.9381 0.3463 -0.0000
vn -0.6872 0.7265 -0.0000
vn -0.3926 0.4396 -0.8078
vn -0.3926 0.4396 0.8078
vn -0.7816 0.6238 -0.0000
vn 0.3817 -0.9243 -0.0000
vn 0.3480 0.2354 -0.9075
vn 0.3480 0.2354 0.9075
vn 0.7356 0.6774 -0.0000
vn 0.3975 0.9176 -0.0000
vn -0.6450 -0.7642 -0.0000
vn -0.4913 0.0764 -0.8676
vn -0.4913 0.0764 0.8676
vn 0.8522 -0.5232 -0.0000
vn 0.9994 0.0360 -0.0000
vn -0.3810 0.9246 -0.0000
vn -0.1168 -0.9932 -0.0000
vn -0.2476 -0.2066 -0.9466
vn -0.2476 -0.2066 0.9466
vn -0.8405 -0.5418 -0.0000
vn 0.9675 -0.2529 -0.0000
vn 0.3468 0.1350 -0.9282
vn 0.3468 0.1350 0.9282
vn -0.2669 0.9637 -0.0000
vn 0.8372 0.5469 -0.0000
vn -0.9771 0.2126 -0.0000
vn 0.3128 -0.9498 -0.0000
vn 0.1797 -0.5457 -0.8185
vn 0.1797 -0.5457 0.8185
vn 0.3804 -0.9248 -0.0000
vn 0.2972 0.9548 -0.0000
vn 0.1709 0.3564 -0.9186
vn 0.1709 0.3564 0.9186
vn -0.9888 0.1490 -0.0000
vn 0.8034 -0.5955 -0.0000
vn -0.3805 0.9248 -0.0000
vn -0.7103 -0.7039 -0.0000
vn -0.4336 -0.4101 -0.8024
vn -0.4336 -0.4101 0.8024
vn -0.9278 0.3731 0.0002
vn 0.7859 -0.6183 0.0002
vn -0.0681 -0.4875 -0.8705
vn -0.0681 -0.4875 0.8705
vn 0.5061 0.8625 -0.0000
vn 0.9250 0.3799 -0.0000
vn -0.9561 0.2931 -0.0000
vn 0.1857 0.3897 -0.9020
vn 0.1857 0.3897 0.9020
vn -0.1274 -0.9919 -0.0000
vn -0.9259 -0.3777 -0.0000
vn 0.8481 -0.5298 -0.0000
vn 0.4859 -0.3036 -0.8196
vn 0.4859 -0.3036 0.8196
vn 0.3773 0.9261 -0.0000
vn -0.9611 0.2762 -0.0000
vn 0.7329 0.6803 -0.0000
vn -0.3724 0.0262 0.9277
vn -0.5854 0.1682 0.7931
vn -0.5854 0.1682 -0.7931
vn -0.3724 0.0262 -0.9277
vn -0.1267 -0.9919 -0.0000
vn -0.0654 -0.3904 0.9183
vn -0.0654 -0.3904 -0.9183
vn 0.9913 0.1317 -0.0000
vn -0.7176 -0.6965 -0.0000
vn 0.3211 -0.0479 0.9458
vn 0.3211 -0.0479 -0.9458
vn -0.2596 0.9657 -0.0000
vn -0.4344 0.9007 -0.0000
vn 0.7693 -0.6389 -0.0000
vn -0.2749 -0.2141 0.9373
vn -0.2749 -0.2141 -0.9373
vn -0.7208 -0.6932 -0.0000
vn 0.4185 -0.9082 -0.0000
vn -0.9996 -0.0296 -0.0000
vn 0.0996 0.9950 -0.0000
vn 0.2513 0.2914 0.9230
vn 0.2513 0.2914 -0.9230
vn -0.9366 0.3505 -0.0000
vn 0.8665 0.4992 -0.0000
vn -0.1315 0.2448 0.9606
vn -0.1315 0.2448 -0.9606
vn 0.1871 -0.9823 -0.0000
vn 0.9367 -0.3502 -0.0000
vn -0.6577 -0.7533 -0.0000
vn 0.1843 -0.3443 0.9206
vn 0.1843 -0.3443 -0.9206
vn 0.9429 -0.3329 -0.0000
vn -0.6364 -0.7714 -0.0000
vn -0.4149 -0.0766 0.9066
vn -0.4149 -0.0766 -0.9066
vn 0.1899 0.9818 -0.0000
vn -0.9907 -0.1359 -0.0001
vn 0.6241 0.7813 0.0002
vn 0.2955 -0.9554 0.0004
vn 0.1732 -0.5607 0.8097
vn 0.1736 -0.5606 -0.8097
vn 0.6241 0.7814 -0.0000
vn -0.9907 -0.1359 -0.0000
vn 0.2955 -0.9554 -0.0000
vn 0.1734 -0.5607 -0.8097
vn 0.1734 -0.5607 0.8097
vn -0.6386 -0.7695 -0.0000
vn -0.3275 0.9448 -0.0000
vn 0.1251 0.3871 0.9135
vn -0.3464 -0.4405 0.8282
vn -0.3464 -0.4405 -0.8282
vn 0.1251 0.3871 -0.9135
vn 0.8417 -0.5399 -0.0000
vn 0.3871 -0.2483 0.8880
vn 0.3871 -0.2483 -0.8880
vn 0.3389 0.9408 -0.0000
vn 0.3404 -0.9403 -0.0000
vn -0.9781 0.2080 -0.0000
vn -0.5964 0.1269 0.7926
vn -0.5964 0.1269 -0.7926
vn 0.8591 -0.5088 -0.0562
vn -0.9002 0.0215 -0.4349
vn -0.7772 -0.5496 0.3064
vn -0.1570 -0.8559 0.4928
vn 0.5176 0.4155 -0.7480
vn -0.1525 0.5982 -0.7867
vn -0.2052 0.7101 0.6736
vn -0.4092 -0.1782 0.8949
vn 0.1826 0.9653 -0.1866
vn 0.5756 -0.7065 -0.4117
vn -0.8617 0.4999 0.0865
vn 0.7194 0.2854 0.6333
vn 0.2220 -0.2928 0.9301
vn 0.7215 0.6912 -0.0407
vn -0.8456 0.5266 -0.0872
vn 0.5516 -0.7257 0.4112
vn -0.1570 -0.8559 -0.4927
vn -0.4092 -0.1782 -0.8949
vn 0.1826 0.9653 0.1866
vn 0.5176 0.4155 0.7480
vn 0.7194 0.2855 -0.6332
vn 0.2220 -0.2928 -0.9301
vn 0.7215 0.6912 0.0409
vn 0.8430 -0.5305 0.0894
vn -0.2052 0.7100 -0.6736
vn -0.9002 0.0215 0.4349
vn -0.7773 -0.5496 -0.3063
vn -0.1525 0.5982 0.7867
vn 0.4682 0.8824 -0.0472
vn 0.4084 -0.7111 0.5723
vn -0.1379 -0.2098 0.9680
vn -0.4740 0.6843 0.5541
vn 0.5114 0.0767 -0.8559
vn 0.6807 -0.6980 -0.2226
vn -0.7666 -0.5904 -0.2526
vn -0.7827 0.0754 0.6179
vn 0.1982 -0.5344 -0.8217
vn -0.4898 -0.8705 0.0491
vn 0.0266 0.9343 -0.3554
vn 0.8191 0.1318 0.5583
vn 0.0986 0.3319 0.9381
vn 0.9510 -0.1746 -0.2553
vn -0.4688 -0.8830 -0.0240
vn 0.8191 0.1318 -0.5583
vn 0.0986 0.3319 -0.9382
vn -0.1379 -0.2098 -0.9680
vn 0.6806 -0.6980 0.2227
vn 0.9510 -0.1746 0.2553
vn 0.0265 0.9343 0.3554
vn -0.4740 0.6843 -0.5541
vn 0.5114 0.0767 0.8559
vn 0.4333 -0.7037 -0.5631
vn 0.4714 0.8817 0.0199
vn -0.7665 -0.5904 0.2526
vn -0.7827 0.0754 -0.6179
vn 0.1982 -0.5344 0.8217
vn 0.8739 -0.4672 -0.1338
vn -0.6240 0.3330 -0.7069
vn -0.7446 -0.5281 -0.4083
vn -0.1651 -0.9213 -0.3521
vn 0.6732 0.6503 -0.3520
vn 0.0239 0.9124 -0.4085
vn -0.5347 0.2851 0.7955
vn -0.6732 -0.6503 0.3520
vn 0.1651 0.9213 0.3521
vn 0.5346 -0.2851 -0.7955
vn -0.8739 0.4673 0.1341
vn 0.6239 -0.3327 0.7071
vn -0.0241 -0.9125 0.4083
vn 0.7445 0.5283 0.4082
vn -0.0574 0.2359 0.9701
vn -0.1662 0.6873 -0.7071
vn 0.6971 0.5896 -0.4080
vn 0.8315 0.5029 0.2359
vn -0.9696 0.0658 0.2357
vn -0.8896 0.2040 -0.4086
vn 0.2022 -0.8338 -0.5136
vn 0.9694 -0.0664 -0.2363
vn -0.8310 -0.5034 -0.2365
vn 0.0579 -0.2368 -0.9698
vn 0.1674 -0.6870 0.7071
vn 0.8897 -0.2038 0.4086
vn -0.6972 -0.5896 0.4078
vn -0.2022 0.8337 0.5138
vn -0.7104 0.5498 0.4393
vn 0.9809 -0.1593 -0.1115
vn 0.1977 -0.9126 0.3579
vn -0.2503 -0.4544 0.8549
vn -0.2216 0.7568 -0.6150
vn 0.2234 0.1727 -0.9593
vn -0.5672 -0.6302 -0.5302
vn -0.3747 -0.8919 0.2532
vn -0.3516 0.0848 -0.9323
vn 0.3590 -0.7237 -0.5893
vn -0.9809 0.1593 0.1116
vn 0.8553 0.3916 0.3393
vn 0.3893 -0.3766 0.8406
vn 0.4159 0.7453 -0.5211
vn -0.9809 0.1593 -0.1116
vn 0.3590 -0.7237 0.5893
vn 0.1977 -0.9126 -0.3579
vn -0.2503 -0.4544 -0.8549
vn -0.2216 0.7568 0.6150
vn 0.2234 0.1727 0.9593
vn 0.8553 0.3916 -0.3393
vn 0.3893 -0.3766 -0.8406
vn 0.4159 0.7453 0.5211
vn 0.9809 -0.1593 0.1115
vn -0.7104 0.5498 -0.4393
vn -0.5672 -0.6302 0.5302
vn -0.3747 -0.8919 -0.2532
vn -0.3516 0.0848 0.9323
vn -0.5184 -0.8494 -0.0990
vn 0.3689 0.6033 -0.7071
vn -0.4837 0.7742 -0.4083
vn -0.9098 0.1881 -0.3699
vn 0.5823 -0.7240 -0.3699
vn 0.9096 -0.0775 -0.4082
vn 0.3306 0.5406 0.7736
vn -0.5822 0.7240 0.3699
vn 0.9098 -0.1881 0.3698
vn -0.3305 -0.5406 -0.7736
vn 0.5197 0.8486 0.0988
vn -0.3691 -0.6031 0.7071
vn -0.9096 0.0779 0.4081
vn 0.4840 -0.7742 0.4079
vn 0.7069 -0.0168 -0.7071
vn -0.9361 0.0218 -0.3510
vn -0.2522 -0.9362 -0.2447
vn 0.3888 -0.8260 -0.4082
vn 0.4275 0.8065 -0.4083
vn -0.2071 0.9471 -0.2453
vn 0.4138 -0.0100 0.9103
vn 0.2069 -0.9471 0.2452
vn 0.2520 0.9363 0.2446
vn -0.4133 0.0095 -0.9105
vn -0.7069 0.0168 0.7071
vn -0.4275 -0.8065 0.4084
vn -0.3888 0.8259 0.4083
vn 0.9360 -0.0228 0.3512
vn 0.2365 0.0574 0.9699
vn 0.6872 0.1667 -0.7071
vn 0.5893 -0.6972 -0.4082
vn 0.5032 -0.8313 0.2361
vn 0.0661 0.9695 0.2362
vn 0.2041 0.8897 -0.4083
vn -0.8337 -0.2025 -0.5137
vn -0.0661 -0.9695 -0.2361
vn -0.5032 0.8313 -0.2361
vn -0.2365 -0.0574 -0.9699
vn -0.6871 -0.1668 0.7071
vn -0.2041 -0.8897 0.4083
vn -0.5893 0.6971 0.4083
vn 0.8337 0.2023 0.5138
vn -0.5087 0.8591 -0.0566
vn 0.6925 -0.5218 0.4982
vn -0.3119 -0.5471 0.7768
vn -0.9674 -0.1292 0.2177
vn 0.1595 0.4780 -0.8637
vn 0.9283 0.0976 -0.3587
vn -0.1595 -0.7729 -0.6142
vn -0.6331 -0.7714 0.0645
vn 0.4060 -0.2020 -0.8912
vn 0.5082 -0.8594 0.0574
vn -0.7557 0.3085 -0.5777
vn 0.0097 0.8507 0.5256
vn -0.5415 0.2011 0.8163
vn 0.5802 0.7756 -0.2485
vn -0.7379 0.3418 0.5820
vn 0.4751 -0.8783 -0.0541
vn -0.3119 -0.5471 -0.7768
vn -0.9674 -0.1293 -0.2178
vn 0.1595 0.4780 0.8637
vn 0.9283 0.0977 0.3587
vn 0.0097 0.8507 -0.5256
vn -0.5413 0.2013 -0.8164
vn 0.5800 0.7758 0.2485
vn 0.7074 -0.5334 -0.4637
vn -0.5126 0.8584 0.0212
vn -0.1595 -0.7728 0.6143
vn -0.6331 -0.7714 -0.0645
vn 0.4060 -0.2020 0.8913
vn -0.7991 -0.5998 -0.0417
vn 0.9297 0.2058 -0.3054
vn 0.0586 0.5792 -0.8131
vn -0.2642 -0.0712 -0.9618
vn 0.3133 -0.9232 0.2228
vn 0.7261 -0.4055 0.5552
vn -0.0495 0.7994 0.5988
vn -0.3160 0.9230 -0.2197
vn 0.2604 0.0720 0.9628
vn 0.7988 0.6000 0.0432
vn -0.9297 -0.2011 0.3086
vn -0.7287 0.4057 -0.5517
vn -0.0628 -0.5768 0.8144
vn 0.0445 -0.8007 -0.5975
vn 0.7983 0.6007 -0.0432
vn 0.0445 -0.8007 0.5975
vn -0.2642 -0.0712 0.9618
vn -0.3160 0.9230 0.2197
vn 0.2604 0.0720 -0.9628
vn 0.3133 -0.9232 -0.2228
vn -0.9297 -0.2011 -0.3086
vn -0.7287 0.4057 0.5517
vn -0.0628 -0.5769 -0.8144
vn -0.7991 -0.5998 0.0417
vn -0.0495 0.7994 -0.5988
vn 0.9297 0.2058 0.3054
vn 0.0586 0.5792 0.8131
vn 0.7261 -0.4055 -0.5552
vn -0.3000 0.9505 -0.0812
vn -0.1991 -0.8572 -0.4749
vn 0.5303 -0.2966 -0.7942
vn 0.2727 0.3599 -0.8923
vn -0.9815 0.0554 0.1831
vn -0.7397 -0.6048 0.2949
vn 0.6523 -0.3891 0.6505
vn 0.9781 -0.0625 -0.1987
vn -0.2852 -0.3691 0.8845
vn -0.6552 0.3672 -0.6602
vn 0.3000 -0.9505 0.0806
vn 0.1837 0.8687 0.4601
vn 0.7349 0.6018 -0.3127
vn -0.5461 0.2909 0.7856
vn 0.3000 -0.9505 -0.0805
vn -0.6552 0.3672 0.6602
vn 0.2727 0.3599 0.8923
vn 0.9781 -0.0625 0.1987
vn -0.2852 -0.3691 -0.8846
vn -0.9815 0.0554 -0.1831
vn 0.1837 0.8687 -0.4601
vn 0.7349 0.6018 0.3127
vn -0.5461 0.2909 -0.7856
vn -0.3000 0.9505 0.0809
vn 0.6523 -0.3891 -0.6505
vn -0.1991 -0.8572 0.4749
vn 0.5303 -0.2966 0.7942
vn -0.7397 -0.6049 -0.2949
vn 0.3992 -0.9144 0.0668
vn -0.7998 0.2135 -0.5610
vn -0.9701 -0.0338 0.2405
vn -0.2816 -0.4348 0.8554
vn 0.8123 -0.0495 -0.5811
vn -0.0103 0.2775 -0.9607
vn 0.0528 0.9351 0.3505
vn -0.5171 0.2045 0.8311
vn 0.5771 0.6037 -0.5500
vn -0.3991 0.9164 -0.0314
vn 0.6764 -0.6253 0.3893
vn -0.4910 -0.7168 -0.4950
vn -0.7533 -0.5917 0.2872
vn 0.1690 -0.2937 -0.9408
vn 0.3585 -0.9331 -0.0274
vn 0.0528 0.9351 -0.3505
vn -0.5171 0.2045 -0.8311
vn -0.2816 -0.4348 -0.8554
vn 0.8123 -0.0495 0.5811
vn 0.5771 0.6037 0.5500
vn -0.7998 0.2135 0.5610
vn -0.9701 -0.0338 -0.2405
vn -0.0103 0.2775 0.9607
vn -0.3451 0.9366 0.0608
vn -0.4910 -0.7168 0.4950
vn -0.7533 -0.5917 -0.2872
vn 0.1690 -0.2937 0.9408
vn 0.6764 -0.6253 -0.3893
vn 0.4695 -0.8762 -0.1085
vn -0.3334 0.6236 -0.7071
vn -0.9126 -0.0248 -0.4082
vn -0.6309 -0.6847 -0.3649
vn 0.9196 0.1443 -0.3655
vn 0.5277 0.7449 -0.4083
vn -0.2952 0.5518 0.7800
vn -0.9197 -0.1449 0.3649
vn 0.6315 0.6844 0.3644
vn 0.2953 -0.5522 -0.7797
vn -0.4699 0.8760 0.1091
vn 0.3334 -0.6236 0.7071
vn -0.5276 -0.7449 0.4083
vn 0.9126 0.0249 0.4082
vn -0.3680 -0.6038 0.7071
vn 0.5109 0.8371 0.1955
vn 0.9117 -0.2595 0.3187
vn 0.4848 -0.7735 0.4083
vn -0.9097 0.0763 0.4082
vn -0.6485 0.6915 0.3182
vn -0.2882 -0.4747 -0.8316
vn 0.6479 -0.6919 -0.3187
vn -0.9116 0.2589 -0.3193
vn 0.3680 0.6038 -0.7071
vn -0.5098 -0.8379 -0.1952
vn 0.9097 -0.0763 -0.4081
vn -0.4848 0.7735 -0.4083
vn 0.2890 0.4740 0.8318
vn -0.9550 -0.2843 -0.0848
vn 0.2439 0.6525 0.7174
vn 0.2854 -0.2222 0.9323
vn -0.1047 -0.9251 0.3650
vn -0.4093 0.4418 -0.7983
vn 0.0173 0.9952 -0.0958
vn 0.9259 -0.1083 -0.3619
vn 0.5519 -0.7230 0.4154
vn 0.2463 0.6348 -0.7324
vn 0.9554 0.2826 0.0853
vn -0.6018 -0.5949 -0.5329
vn -0.7181 0.3539 0.5993
vn -0.3152 -0.3646 0.8762
vn -0.5714 0.8108 -0.1266
vn 0.9578 0.2768 -0.0773
vn -0.7181 0.3539 -0.5993
vn -0.3152 -0.3646 -0.8762
vn 0.2854 -0.2222 -0.9323
vn 0.0173 0.9952 0.0958
vn -0.5714 0.8109 0.1266
vn -0.6017 -0.5948 0.5330
vn -0.1047 -0.9251 -0.3649
vn -0.4093 0.4418 0.7983
vn 0.2482 0.6564 -0.7125
vn -0.9554 -0.2852 0.0768
vn 0.9259 -0.1083 0.3620
vn 0.5519 -0.7230 -0.4154
vn 0.2463 0.6347 0.7324
vn 0.1668 -0.6871 0.7071
vn -0.2332 0.9611 0.1481
vn 0.8053 0.4824 0.3447
vn 0.8898 -0.2041 0.4083
vn -0.6971 -0.5894 0.4083
vn -0.9368 0.0596 0.3447
vn 0.1401 -0.5781 -0.8039
vn 0.9368 -0.0598 -0.3448
vn -0.8051 -0.4826 -0.3449
vn -0.1667 0.6872 -0.7071
vn 0.2333 -0.9611 -0.1478
vn 0.6972 0.5893 -0.4082
vn -0.8897 0.2041 -0.4083
vn -0.1403 0.5779 0.8040
vn 0.5859 0.3971 0.7065
vn -0.8220 -0.5567 0.1200
vn -0.7427 0.5652 0.3591
vn -0.1205 0.9047 0.4086
vn 0.7964 -0.4467 0.4078
vn 0.2501 -0.8992 0.3589
vn 0.5109 0.3461 -0.7869
vn -0.2493 0.8992 -0.3596
vn 0.7429 -0.5645 -0.3597
vn -0.5856 -0.3970 -0.7067
vn 0.8221 0.5565 -0.1202
vn -0.7962 0.4467 -0.4080
vn 0.1204 -0.9048 -0.4084
vn -0.5111 -0.3460 0.7868
vn 0.3620 -0.9180 -0.1620
vn -0.6630 0.1314 0.7370
vn 0.2906 0.2579 0.9214
vn 0.8492 -0.0049 0.5281
vn -0.6008 -0.3569 -0.7153
vn -0.9839 -0.0522 -0.1711
vn 0.0917 0.9250 -0.3688
vn 0.7127 0.5637 0.4176
vn -0.6333 0.2369 -0.7367
vn -0.3623 0.9178 0.1624
vn 0.5853 -0.6362 -0.5027
vn -0.4325 -0.5989 0.6740
vn 0.2760 -0.2588 0.9257
vn -0.8464 -0.5312 -0.0367
vn 0.3620 -0.9180 0.1619
vn 0.0917 0.9250 0.3688
vn 0.7127 0.5637 -0.4175
vn 0.8492 -0.0049 -0.5280
vn -0.6008 -0.3569 0.7153
vn -0.6333 0.2369 0.7367
vn -0.6631 0.1314 -0.7369
vn 0.2906 0.2579 -0.9214
vn -0.9839 -0.0521 0.1711
vn 0.5853 -0.6362 0.5027
vn -0.3616 0.9181 -0.1623
vn -0.4325 -0.5990 -0.6740
vn 0.2760 -0.2588 -0.9257
vn -0.8464 -0.5312 0.0367
vn -0.2216 0.6715 0.7071
vn 0.3089 -0.9385 0.1540
vn -0.7676 -0.5426 0.3411
vn -0.9033 0.1317 0.4083
vn 0.6474 0.6437 0.4082
vn 0.9399 0.0209 0.3409
vn -0.1846 0.5602 -0.8075
vn -0.9396 -0.0200 -0.3417
vn 0.7668 0.5432 -0.3419
vn 0.2216 -0.6715 -0.7071
vn -0.3089 0.9386 -0.1539
vn -0.6474 -0.6437 -0.4082
vn 0.9033 -0.1317 -0.4083
vn 0.1844 -0.5602 0.8076
vn -0.6901 -0.1539 0.7071
vn 0.9666 0.2153 0.1389
vn 0.4723 -0.8091 0.3496
vn -0.2207 -0.8858 0.4083
vn -0.5762 0.7080 0.4082
vn 0.0837 0.9332 0.3495
vn -0.5876 -0.1318 -0.7984
vn -0.0839 -0.9332 -0.3493
vn -0.4721 0.8091 -0.3499
vn 0.6898 0.1537 -0.7075
vn -0.9663 -0.2166 -0.1389
vn 0.5764 -0.7078 -0.4084
vn 0.2210 0.8855 -0.4086
vn 0.5877 0.1312 0.7984
vn 0.2294 -0.9427 -0.2423
vn -0.1210 0.4999 0.8576
vn 0.8448 0.4478 0.2930
vn 0.9559 -0.0115 -0.2935
vn -0.8442 -0.4484 -0.2937
vn -0.9561 0.0107 0.2928
vn -0.1663 0.6873 -0.7071
vn -0.8897 0.2039 -0.4085
vn -0.2288 0.9426 0.2433
vn 0.1212 -0.5002 -0.8574
vn 0.1667 -0.6872 0.7071
vn 0.8897 -0.2041 0.4083
vn -0.6972 -0.5894 0.4082
vn -0.2878 0.9555 -0.0649
vn -0.0917 -0.9250 -0.3688
vn 0.6334 -0.2369 -0.7367
vn 0.5367 0.4111 -0.7369
vn -0.8771 0.0679 0.4754
vn -0.7127 -0.5636 0.4175
vn 0.6643 -0.2542 0.7029
vn 0.9960 -0.0145 -0.0877
vn -0.1942 -0.3033 0.9329
vn -0.5377 0.7309 -0.4203
vn 0.2878 -0.9555 0.0653
vn 0.4360 0.5935 0.6765
vn 0.8485 0.5282 -0.0334
vn -0.2722 0.2562 0.9275
vn 0.2878 -0.9554 -0.0654
vn -0.5377 0.7309 0.4202
vn 0.5366 0.4111 0.7369
vn 0.9960 -0.0145 0.0877
vn -0.1942 -0.3033 -0.9329
vn -0.8771 0.0680 -0.4754
vn 0.4360 0.5935 -0.6765
vn 0.8485 0.5282 0.0334
vn -0.2721 0.2562 -0.9275
vn -0.2879 0.9555 0.0651
vn 0.6644 -0.2543 -0.7028
vn -0.0917 -0.9250 0.3688
vn 0.6334 -0.2369 0.7367
vn -0.7127 -0.5636 -0.4175
vn 0.9650 0.2551 0.0604
vn -0.2729 -0.6566 -0.7032
vn -0.0456 -0.9957 0.0803
vn 0.4035 -0.5347 0.7425
vn 0.1054 0.8802 -0.4627
vn -0.2970 0.1959 -0.9346
vn -0.9241 0.1152 0.3643
vn -0.2526 -0.6298 0.7345
vn -0.5390 0.7286 -0.4227
vn -0.9651 -0.2548 -0.0611
vn 0.7418 0.5186 0.4252
vn 0.5910 -0.4473 -0.6713
vn 0.5082 -0.8603 0.0403
vn 0.2696 0.2717 -0.9239
vn 0.9650 0.2550 -0.0603
vn -0.9242 0.1152 -0.3642
vn -0.2526 -0.6299 -0.7345
vn 0.4035 -0.5347 -0.7425
vn 0.1054 0.8803 0.4625
vn -0.5390 0.7286 0.4226
vn -0.2728 -0.6566 0.7032
vn -0.0456 -0.9957 -0.0801
vn -0.2971 0.1958 0.9346
vn 0.7417 0.5185 -0.4255
vn -0.9648 -0.2560 0.0593
vn 0.5911 -0.4478 0.6709
vn 0.5085 -0.8601 -0.0405
vn 0.2693 0.2715 0.9240
vn -0.7152 0.2324 0.6592
vn 0.9763 0.0221 0.2154
vn 0.3437 -0.8348 0.4300
vn -0.5511 -0.7151 0.4300
vn 0.4286 0.8368 0.3408
vn -0.5101 0.7897 0.3408
vn -0.5575 0.2766 -0.7827
vn -0.3436 -0.8346 -0.4305
vn 0.5100 0.7894 -0.3417
vn 0.7147 0.2321 -0.6598
vn -0.9762 0.0227 -0.2157
vn 0.5509 -0.7150 -0.4305
vn -0.4285 0.8365 -0.3417
vn 0.5582 0.2767 0.7822
vn 0.5588 -0.5025 -0.6597
vn -0.4688 0.8567 -0.2154
vn -0.8948 -0.1197 -0.4302
vn 0.9388 -0.0471 -0.3412
vn 0.5187 -0.3450 0.7822
vn -0.5589 -0.5031 0.6592
vn 0.4687 0.8567 0.2153
vn 0.8947 -0.1197 0.4303
vn -0.9388 -0.0471 0.3411
vn -0.5188 -0.3444 -0.7824
vn -0.1562 0.7353 0.6595
vn 0.5073 -0.8344 0.2153
vn -0.8947 0.1197 0.4303
vn 0.9388 0.0471 0.3412
vn -0.0394 0.6215 -0.7824
vn 0.1564 0.7352 -0.6595
vn -0.5077 -0.8342 -0.2153
vn 0.8948 0.1197 -0.4301
vn -0.9388 0.0471 -0.3412
vn 0.0393 0.6215 0.7824
vn -0.1562 -0.7353 -0.6595
vn 0.5076 0.8342 -0.2154
vn -0.5510 0.7150 -0.4302
vn 0.4286 -0.8366 -0.3413
vn -0.0392 -0.6216 0.7824
vn 0.1562 -0.7353 0.6595
vn -0.5074 0.8344 0.2153
vn 0.5510 0.7151 0.4301
vn -0.4284 -0.8368 0.3410
vn 0.0393 -0.6215 -0.7824
vn 0.5589 0.5032 0.6592
vn -0.4685 -0.8568 0.2152
vn -0.3436 0.8349 0.4301
vn 0.5099 -0.7898 0.3409
vn 0.5187 0.3447 -0.7824
vn -0.5590 0.5027 -0.6594
vn 0.4686 -0.8567 -0.2153
vn 0.3436 0.8347 -0.4304
vn -0.5099 -0.7895 -0.3415
vn -0.5188 0.3449 0.7822
vn 0.7151 -0.2323 0.6593
vn -0.9763 -0.0219 0.2154
vn 0.5578 -0.2763 -0.7827
vn -0.7149 -0.2323 -0.6595
vn 0.9762 -0.0226 -0.2155
vn -0.5581 -0.2766 0.7823
vn 0.2333 -0.9619 -0.1426
vn -0.1409 0.5822 0.8008
vn 0.8026 0.4849 0.3473
vn 0.9356 -0.0634 -0.3475
vn -0.8024 -0.4852 -0.3475
vn -0.9357 0.0631 0.3471
vn -0.1668 0.6872 -0.7071
vn 0.6971 0.5894 -0.4082
vn -0.8897 0.2042 -0.4083
vn -0.2336 0.9617 0.1432
vn 0.1414 -0.5820 -0.8008
vn -0.6972 -0.5893 0.4082
vn -0.9698 -0.2062 -0.1305
vn 0.5951 0.1255 0.7938
vn 0.4671 -0.8104 0.3536
vn -0.1006 -0.9299 -0.3538
vn -0.4675 0.8099 -0.3541
vn 0.1003 0.9300 0.3536
vn 0.6921 0.1449 -0.7071
vn 0.5682 -0.7148 -0.4078
vn 0.2308 0.8830 -0.4087
vn 0.9702 0.2037 0.1309
vn -0.5951 -0.1252 -0.7939
vn -0.6917 -0.1468 0.7071
vn -0.2307 -0.8831 0.4085
vn -0.5682 0.7146 0.4079
vt 0.000000 0.000000
s 1
f 1145/1/1 1146/1/2 3/1/3 1/1/4
f 1146/1/2 1145/1/1 2/1/5 4/1/6
f 1146/1/2 1147/1/7 5/1/8 3/1/3
f 1147/1/7 1146/1/2 4/1/6 6/1/9
f 1147/1/7 1145/1/1 1/1/4 5/1/8
f 1145/1/1 1147/1/7 6/1/9 2/1/5
f 1148/1/10 1149/1/11 1/1/4 3/1/3
f 1149/1/11 1148/1/10 4/1/6 2/1/5
f 1149/1/11 1150/1/12 7/1/13 1/1/4
f 1150/1/12 1149/1/11 2/1/5 8/1/14
f 1150/1/12 1148/1/10 3/1/3 7/1/13
f 1148/1/10 1150/1/12 8/1/14 4/1/6
f 1151/1/15 1152/1/16 11/1/17 9/1/18
f 1152/1/16 1151/1/15 10/1/19 12/1/20
f 1152/1/16 1153/1/21 13/1/22 11/1/17
f 1153/1/21 1152/1/16 12/1/20 14/1/23
f 1153/1/21 1151/1/15 9/1/18 13/1/22
f 1151/1/15 1153/1/21 14/1/23 10/1/19
f 1154/1/24 1155/1/25 9/1/18 11/1/17
f 1155/1/25 1154/1/24 12/1/20 10/1/19
f 1155/1/25 1156/1/26 15/1/27 9/1/18
f 1156/1/26 1155/1/25 10/1/19 16/1/28
f 1156/1/26 1154/1/24 11/1/17 15/1/27
f 1154/1/24 1156/1/26 16/1/28 12/1/20
f 1157/1/29 1158/1/30 19/1/31 17/1/32
f 1158/1/30 1157/1/29 18/1/33 20/1/34
f 1158/1/30 1159/1/35 21/1/36 19/1/31
f 1159/1/35 1158/1/30 20/1/34 22/1/37
f 1159/1/35 1157/1/29 17/1/32 21/1/36
f 1157/1/29 1159/1/35 22/1/37 18/1/33
f 1160/1/38 1161/1/39 21/1/36 17/1/32
f 1161/1/39 1160/1/38 18/1/33 22/1/37
f 1161/1/39 1162/1/40 23/1/41 21/1/36
f 1162/1/40 1161/1/39 22/1/37 24/1/42
f 1162/1/40 1160/1/38 17/1/32 23/1/41
f 1160/1/38 1162/1/40 24/1/42 18/1/33
f 1163/1/43 1164/1/44 27/1/45 25/1/46
f 1164/1/44 1163/1/43 26/1/47 28/1/48
f 1164/1/44 1165/1/49 29/1/50 27/1/45
f 1165/1/49 1164/1/44 28/1/48 30/1/51
f 1165/1/49 1163/1/43 25/1/46 29/1/50
f 1163/1/43 1165/1/49 30/1/51 26/1/47
f 1166/1/52 1167/1/53 29/1/50 31/1/54
f 1167/1/53 1166/1/52 32/1/55 30/1/51
f 1167/1/53 1168/1/56 27/1/45 29/1/50
f 1168/1/56 1167/1/53 30/1/51 28/1/48
f 1168/1/56 1166/1/52 31/1/54 27/1/45
f 1166/1/52 1168/1/56 28/1/48 32/1/55
f 1169/1/57 1170/1/58 35/1/59 33/1/60
f 1170/1/58 1169/1/57 34/1/61 36/1/62
f 1170/1/58 1171/1/63 37/1/64 35/1/59
f 1171/1/63 1170/1/58 36/1/62 38/1/65
f 1171/1/63 1169/1/57 33/1/60 37/1/64
f 1169/1/57 1171/1/63 38/1/65 34/1/61
f 1172/1/66 1173/1/67 37/1/64 39/1/68
f 1173/1/67 1172/1/66 40/1/69 38/1/65
f 1173/1/67 1174/1/70 35/1/59 37/1/64
f 1174/1/70 1173/1/67 38/1/65 36/1/62
f 1174/1/70 1172/1/66 39/1/68 35/1/59
f 1172/1/66 1174/1/70 36/1/62 40/1/69
f 1175/1/71 1176/1/72 43/1/73 41/1/74
f 1176/1/72 1175/1/71 42/1/75 44/1/76
f 1176/1/72 1177/1/77 45/1/78 43/1/73
f 1177/1/77 1176/1/72 44/1/76 46/1/79
f 1177/1/77 1175/1/71 41/1/74 45/1/78
f 1175/1/71 1177/1/77 46/1/79 42/1/75
f 1178/1/80 1179/1/81 45/1/78 41/1/74
f 1179/1/81 1178/1/80 42/1/75 46/1/79
f 1179/1/81 1180/1/82 47/1/83 45/1/78
f 1180/1/82 1179/1/81 46/1/79 48/1/84
f 1180/1/82 1178/1/80 41/1/74 47/1/83
f 1178/1/80 1180/1/82 48/1/84 42/1/75
f 1181/1/85 1182/1/86 51/1/87 49/1/88
f 1182/1/86 1181/1/85 50/1/89 52/1/90
f 1182/1/86 1183/1/91 53/1/92 51/1/87
f 1183/1/91 1182/1/86 52/1/90 54/1/93
f 1183/1/91 1181/1/85 49/1/88 53/1/92
f 1181/1/85 1183/1/91 54/1/93 50/1/89
f 1184/1/94 1185/1/95 49/1/88 51/1/87
f 1185/1/95 1184/1/94 52/1/90 50/1/89
f 1185/1/95 1186/1/96 55/1/97 49/1/88
f 1186/1/96 1185/1/95 50/1/89 56/1/98
f 1186/1/96 1184/1/94 51/1/87 55/1/97
f 1184/1/94 1186/1/96 56/1/98 52/1/90
f 1187/1/99 1188/1/100 59/1/101 57/1/102
f 1188/1/100 1187/1/99 58/1/103 60/1/104
f 1188/1/100 1189/1/105 61/1/106 59/1/101
f 1189/1/105 1188/1/100 60/1/104 62/1/107
f 1189/1/105 1187/1/99 57/1/102 61/1/106
f 1187/1/99 1189/1/105 62/1/107 58/1/103
f 1190/1/108 1191/1/109 57/1/102 59/1/101
f 1191/1/109 1190/1/108 60/1/104 58/1/103
f 1191/1/109 1192/1/110 63/1/111 57/1/102
f 1192/1/110 1191/1/109 58/1/103 64/1/112
f 1192/1/110 1190/1/108 59/1/101 63/1/111
f 1190/1/108 1192/1/110 64/1/112 60/1/104
f 1193/1/113 1194/1/114 67/1/115 65/1/116
f 1194/1/114 1193/1/113 66/1/117 68/1/118
f 1194/1/114 1195/1/119 69/1/120 67/1/115
f 1195/1/119 1194/1/114 68/1/118 70/1/121
f 1195/1/119 1193/1/113 65/1/116 69/1/120
f 1193/1/113 1195/1/119 70/1/121 66/1/117
f 1196/1/122 1197/1/123 69/1/120 65/1/116
f 1197/1/123 1196/1/122 66/1/117 70/1/121
f 1197/1/123 1198/1/124 71/1/125 69/1/120
f 1198/1/124 1197/1/123 70/1/121 72/1/126
f 1198/1/124 1196/1/122 65/1/116 71/1/125
f 1196/1/122 1198/1/124 72/1/126 66/1/117
f 1199/1/127 1200/1/128 75/1/129 73/1/130
f 1200/1/128 1199/1/127 74/1/131 76/1/132
f 1200/1/128 1201/1/133 77/1/134 75/1/129
f 1201/1/133 1200/1/128 76/1/132 78/1/135
f 1201/1/133 1199/1/127 73/1/130 77/1/134
f 1199/1/127 1201/1/133 78/1/135 74/1/131
f 1202/1/136 1203/1/137 73/1/130 75/1/129
f 1203/1/137 1202/1/136 76/1/132 74/1/131
f 1203/1/137 1204/1/138 79/1/139 73/1/130
f 1204/1/138 1203/1/137 74/1/131 80/1/140
f 1204/1/138 1202/1/136 75/1/129 79/1/139
f 1202/1/136 1204/1/138 80/1/140 76/1/132
f 1205/1/141 1206/1/142 83/1/143 81/1/144
f 1206/1/142 1205/1/141 82/1/145 84/1/146
f 1206/1/142 1207/1/147 85/1/148 83/1/143
f 1207/1/147 1206/1/142 84/1/146 86/1/149
f 1207/1/147 1205/1/141 81/1/144 85/1/148
f 1205/1/141 1207/1/147 86/1/149 82/1/145
f 1208/1/150 1209/1/151 81/1/144 83/1/143
f 1209/1/151 1208/1/150 84/1/146 82/1/145
f 1209/1/151 1210/1/152 87/1/153 81/1/144
f 1210/1/152 1209/1/151 82/1/145 88/1/154
f 1210/1/152 1208/1/150 83/1/143 87/1/153
f 1208/1/150 1210/1/152 88/1/154 84/1/146
f 1211/1/155 1212/1/156 91/1/157 89/1/158
f 1212/1/156 1211/1/155 90/1/159 92/1/160
f 1212/1/156 1213/1/161 93/1/162 91/1/157
f 1213/1/161 1212/1/156 92/1/160 94/1/163
f 1213/1/161 1211/1/155 89/1/158 93/1/162
f 1211/1/155 1213/1/161 94/1/163 90/1/159
f 1214/1/164 1215/1/165 95/1/166 93/1/162
f 1215/1/165 1214/1/164 94/1/163 96/1/167
f 1215/1/165 1216/1/168 89/1/158 95/1/166
f 1216/1/168 1215/1/165 96/1/167 90/1/159
f 1216/1/168 1214/1/164 93/1/162 89/1/158
f 1214/1/164 1216/1/168 90/1/159 94/1/163
f 1217/1/169 1218/1/170 99/1/171 97/1/172
f 1218/1/170 1217/1/169 98/1/173 100/1/174
f 1218/1/170 1219/1/175 101/1/176 99/1/171
f 1219/1/175 1218/1/170 100/1/174 102/1/177
f 1219/1/175 1217/1/169 97/1/172 101/1/176
f 1217/1/169 1219/1/175 102/1/177 98/1/173
f 1220/1/178 1221/1/179 97/1/172 99/1/171
f 1221/1/179 1220/1/178 100/1/174 98/1/173
f 1221/1/179 1222/1/180 103/1/181 97/1/172
f 1222/1/180 1221/1/179 98/1/173 104/1/182
f 1222/1/180 1220/1/178 99/1/171 103/1/181
f 1220/1/178 1222/1/180 104/1/182 100/1/174
f 1223/1/183 1224/1/184 107/1/185 105/1/186
f 1224/1/184 1223/1/183 106/1/187 108/1/188
f 1224/1/184 1225/1/189 109/1/190 107/1/185
f 1225/1/189 1224/1/184 108/1/188 110/1/191
f 1225/1/189 1223/1/183 105/1/186 109/1/190
f 1223/1/183 1225/1/189 110/1/191 106/1/187
f 1226/1/192 1227/1/193 105/1/186 107/1/185
f 1227/1/193 1226/1/192 108/1/188 106/1/187
f 1227/1/193 1228/1/194 111/1/195 105/1/186
f 1228/1/194 1227/1/193 106/1/187 112/1/196
f 1228/1/194 1226/1/192 107/1/185 111/1/195
f 1226/1/192 1228/1/194 112/1/196 108/1/188
f 1229/1/197 1230/1/198 115/1/199 113/1/200
f 1230/1/198 1229/1/197 114/1/201 116/1/202
f 1230/1/198 1231/1/203 117/1/68 115/1/199
f 1231/1/203 1230/1/198 116/1/202 118/1/204
f 1231/1/203 1229/1/197 113/1/200 117/1/68
f 1229/1/197 1231/1/203 118/1/204 114/1/201
f 1232/1/205 1233/1/206 113/1/200 115/1/199
f 1233/1/206 1232/1/205 116/1/202 114/1/201
f 1233/1/206 1234/1/207 119/1/208 113/1/200
f 1234/1/207 1233/1/206 114/1/201 120/1/61
f 1234/1/207 1232/1/205 115/1/199 119/1/208
f 1232/1/205 1234/1/207 120/1/61 116/1/202
f 1235/1/209 1236/1/210 123/1/211 121/1/212
f 1236/1/210 1235/1/209 122/1/213 124/1/214
f 1236/1/210 1237/1/215 125/1/216 123/1/211
f 1237/1/215 1236/1/210 124/1/214 126/1/217
f 1237/1/215 1235/1/209 121/1/212 125/1/216
f 1235/1/209 1237/1/215 126/1/217 122/1/213
f 1238/1/218 1239/1/219 125/1/216 121/1/212
f 1239/1/219 1238/1/218 122/1/213 126/1/217
f 1239/1/219 1240/1/220 127/1/221 125/1/216
f 1240/1/220 1239/1/219 126/1/217 128/1/222
f 1240/1/220 1238/1/218 121/1/212 127/1/221
f 1238/1/218 1240/1/220 128/1/222 122/1/213
f 1241/1/223 1242/1/224 131/1/225 129/1/226
f 1242/1/224 1241/1/223 130/1/227 132/1/228
f 1242/1/224 1243/1/229 133/1/230 131/1/225
f 1243/1/229 1242/1/224 132/1/228 134/1/231
f 1243/1/229 1241/1/223 129/1/226 133/1/230
f 1241/1/223 1243/1/229 134/1/231 130/1/227
f 1244/1/232 1245/1/233 129/1/226 131/1/225
f 1245/1/233 1244/1/232 132/1/228 130/1/227
f 1245/1/233 1246/1/234 135/1/235 129/1/226
f 1246/1/234 1245/1/233 130/1/227 136/1/236
f 1246/1/234 1244/1/232 131/1/225 135/1/235
f 1244/1/232 1246/1/234 136/1/236 132/1/228
f 1247/1/237 1248/1/238 139/1/239 137/1/240
f 1248/1/238 1247/1/237 138/1/241 140/1/242
f 1248/1/238 1249/1/243 141/1/244 139/1/239
f 1249/1/243 1248/1/238 140/1/242 142/1/245
f 1249/1/243 1247/1/237 137/1/240 141/1/244
f 1247/1/237 1249/1/243 142/1/245 138/1/241
f 1250/1/246 1251/1/247 137/1/240 139/1/239
f 1251/1/247 1250/1/246 140/1/242 138/1/241
f 1251/1/247 1252/1/57 143/1/60 137/1/240
f 1252/1/57 1251/1/247 138/1/241 144/1/61
f 1252/1/57 1250/1/246 139/1/239 143/1/60
f 1250/1/246 1252/1/57 144/1/61 140/1/242
f 1253/1/248 1254/1/249 147/1/250 145/1/251
f 1254/1/249 1253/1/248 146/1/252 148/1/253
f 1254/1/249 1255/1/254 149/1/255 147/1/250
f 1255/1/254 1254/1/249 148/1/253 150/1/256
f 1255/1/254 1253/1/248 145/1/251 149/1/255
f 1253/1/248 1255/1/254 150/1/256 146/1/252
f 1256/1/257 1257/1/258 145/1/251 147/1/250
f 1257/1/258 1256/1/257 148/1/253 146/1/252
f 1257/1/258 1258/1/259 151/1/260 145/1/251
f 1258/1/259 1257/1/258 146/1/252 152/1/261
f 1258/1/259 1256/1/257 147/1/250 151/1/260
f 1256/1/257 1258/1/259 152/1/261 148/1/253
f 1259/1/262 1260/1/263 155/1/264 153/1/265
f 1260/1/263 1259/1/262 154/1/266 156/1/267
f 1260/1/263 1261/1/268 157/1/269 155/1/264
f 1261/1/268 1260/1/263 156/1/267 158/1/270
f 1261/1/268 1259/1/262 153/1/265 157/1/269
f 1259/1/262 1261/1/268 158/1/270 154/1/266
f 1262/1/271 1263/1/272 153/1/265 155/1/264
f 1263/1/272 1262/1/271 156/1/267 154/1/266
f 1263/1/272 1264/1/273 159/1/274 153/1/265
f 1264/1/273 1263/1/272 154/1/266 160/1/275
f 1264/1/273 1262/1/271 155/1/264 159/1/274
f 1262/1/271 1264/1/273 160/1/275 156/1/267
f 1265/1/276 1266/1/277 163/1/278 161/1/279
f 1266/1/277 1265/1/276 162/1/280 164/1/281
f 1266/1/277 1267/1/282 165/1/283 163/1/278
f 1267/1/282 1266/1/277 164/1/281 166/1/284
f 1267/1/282 1265/1/276 161/1/279 165/1/283
f 1265/1/276 1267/1/282 166/1/284 162/1/280
f 1268/1/285 1269/1/286 165/1/283 161/1/279
f 1269/1/286 1268/1/285 162/1/280 166/1/284
f 1269/1/286 1270/1/287 167/1/288 165/1/283
f 1270/1/287 1269/1/286 166/1/284 168/1/289
f 1270/1/287 1268/1/285 161/1/279 167/1/288
f 1268/1/285 1270/1/287 168/1/289 162/1/280
f 1271/1/290 1272/1/291 171/1/292 169/1/293
f 1272/1/291 1271/1/290 170/1/294 172/1/295
f 1272/1/291 1273/1/296 173/1/297 171/1/292
f 1273/1/296 1272/1/291 172/1/295 174/1/298
f 1273/1/296 1271/1/290 169/1/293 173/1/297
f 1271/1/290 1273/1/296 174/1/298 170/1/294
f 1274/1/299 1275/1/300 169/1/293 171/1/292
f 1275/1/300 1274/1/299 172/1/295 170/1/294
f 1275/1/300 1276/1/301 175/1/302 169/1/293
f 1276/1/301 1275/1/300 170/1/294 176/1/303
f 1276/1/301 1274/1/299 171/1/292 175/1/302
f 1274/1/299 1276/1/301 176/1/303 172/1/295
f 1277/1/304 1278/1/305 179/1/306 177/1/307
f 1278/1/305 1277/1/304 178/1/308 180/1/309
f 1278/1/305 1279/1/310 181/1/311 179/1/306
f 1279/1/310 1278/1/305 180/1/309 182/1/312
f 1279/1/310 1277/1/304 177/1/307 181/1/311
f 1277/1/304 1279/1/310 182/1/312 178/1/308
f 1280/1/313 1281/1/314 183/1/315 181/1/311
f 1281/1/314 1280/1/313 182/1/312 184/1/316
f 1281/1/314 1282/1/317 177/1/307 183/1/315
f 1282/1/317 1281/1/314 184/1/316 178/1/308
f 1282/1/317 1280/1/313 181/1/311 177/1/307
f 1280/1/313 1282/1/317 178/1/308 182/1/312
f 1283/1/318 1284/1/319 187/1/320 185/1/321
f 1284/1/319 1283/1/318 186/1/322 188/1/323
f 1284/1/319 1285/1/324 189/1/325 187/1/320
f 1285/1/324 1284/1/319 188/1/323 190/1/326
f 1285/1/324 1283/1/318 185/1/321 189/1/325
f 1283/1/318 1285/1/324 190/1/326 186/1/322
f 1286/1/327 1287/1/328 185/1/321 187/1/320
f 1287/1/328 1286/1/327 188/1/323 186/1/322
f 1287/1/328 1288/1/329 191/1/330 185/1/321
f 1288/1/329 1287/1/328 186/1/322 192/1/331
f 1288/1/329 1286/1/327 187/1/320 191/1/330
f 1286/1/327 1288/1/329 192/1/331 188/1/323
f 1289/1/332 1290/1/333 195/1/334 193/1/335
f 1290/1/333 1289/1/332 194/1/336 196/1/337
f 1290/1/333 1291/1/338 197/1/339 195/1/334
f 1291/1/338 1290/1/333 196/1/337 198/1/340
f 1291/1/338 1289/1/332 193/1/335 197/1/339
f 1289/1/332 1291/1/338 198/1/340 194/1/336
f 1292/1/341 1293/1/342 193/1/335 195/1/334
f 1293/1/342 1292/1/341 196/1/337 194/1/336
f 1293/1/342 1294/1/343 199/1/344 193/1/335
f 1294/1/343 1293/1/342 194/1/336 200/1/345
f 1294/1/343 1292/1/341 195/1/334 199/1/344
f 1292/1/341 1294/1/343 200/1/345 196/1/337
f 1295/1/346 1296/1/347 203/1/348 201/1/349
f 1296/1/347 1295/1/346 202/1/350 204/1/351
f 1296/1/347 1297/1/352 205/1/353 203/1/348
f 1297/1/352 1296/1/347 204/1/351 206/1/354
f 1297/1/352 1295/1/346 201/1/349 205/1/353
f 1295/1/346 1297/1/352 206/1/354 202/1/350
f 1298/1/355 1299/1/356 207/1/357 201/1/349
f 1299/1/356 1298/1/355 202/1/350 208/1/358
f 1299/1/356 1300/1/359 203/1/348 207/1/357
f 1300/1/359 1299/1/356 208/1/358 204/1/351
f 1300/1/359 1298/1/355 201/1/349 203/1/348
f 1298/1/355 1300/1/359 204/1/351 202/1/350
f 1301/1/360 1302/1/361 211/1/362 209/1/363
f 1302/1/361 1301/1/360 210/1/364 212/1/365
f 1302/1/361 1303/1/366 213/1/367 211/1/362
f 1303/1/366 1302/1/361 212/1/365 214/1/368
f 1303/1/366 1301/1/360 209/1/363 213/1/367
f 1301/1/360 1303/1/366 214/1/368 210/1/364
f 1304/1/369 1305/1/370 215/1/371 213/1/367
f 1305/1/370 1304/1/369 214/1/368 216/1/372
f 1305/1/370 1306/1/373 209/1/363 215/1/371
f 1306/1/373 1305/1/370 216/1/372 210/1/364
f 1306/1/373 1304/1/369 213/1/367 209/1/363
f 1304/1/369 1306/1/373 210/1/364 214/1/368
f 1307/1/374 1308/1/375 219/1/376 217/1/377
f 1308/1/375 1307/1/374 218/1/378 220/1/379
f 1308/1/375 1309/1/380 221/1/381 219/1/376
f 1309/1/380 1308/1/375 220/1/379 222/1/382
f 1309/1/380 1307/1/374 217/1/377 221/1/381
f 1307/1/374 1309/1/380 222/1/382 218/1/378
f 1310/1/383 1311/1/384 217/1/377 219/1/376
f 1311/1/384 1310/1/383 220/1/379 218/1/378
f 1311/1/384 1312/1/385 223/1/386 217/1/377
f 1312/1/385 1311/1/384 218/1/378 224/1/387
f 1312/1/385 1310/1/383 219/1/376 223/1/386
f 1310/1/383 1312/1/385 224/1/387 220/1/379
f 1313/1/388 1314/1/389 227/1/390 225/1/391
f 1314/1/389 1313/1/388 226/1/392 228/1/393
f 1314/1/389 1315/1/394 229/1/395 227/1/390
f 1315/1/394 1314/1/389 228/1/393 230/1/396
f 1315/1/394 1313/1/388 225/1/391 229/1/395
f 1313/1/388 1315/1/394 230/1/396 226/1/392
f 1316/1/397 1317/1/398 225/1/391 227/1/390
f 1317/1/398 1316/1/397 228/1/393 226/1/392
f 1317/1/398 1318/1/399 231/1/400 225/1/391
f 1318/1/399 1317/1/398 226/1/392 232/1/401
f 1318/1/399 1316/1/397 227/1/390 231/1/400
f 1316/1/397 1318/1/399 232/1/401 228/1/393
f 1319/1/402 1320/1/403 235/1/404 233/1/405
f 1320/1/403 1319/1/402 234/1/406 236/1/407
f 1320/1/403 1321/1/408 237/1/409 235/1/404
f 1321/1/408 1320/1/403 236/1/407 238/1/410
f 1321/1/408 1319/1/402 233/1/405 237/1/409
f 1319/1/402 1321/1/408 238/1/410 234/1/406
f 1322/1/411 1323/1/412 233/1/405 235/1/404
f 1323/1/412 1322/1/411 236/1/407 234/1/406
f 1323/1/412 1324/1/413 239/1/414 233/1/405
f 1324/1/413 1323/1/412 234/1/406 240/1/415
f 1324/1/413 1322/1/411 235/1/404 239/1/414
f 1322/1/411 1324/1/413 240/1/415 236/1/407
f 1325/1/416 1326/1/417 243/1/418 241/1/419
f 1326/1/417 1325/1/416 242/1/420 244/1/421
f 1326/1/417 1327/1/422 245/1/423 243/1/418
f 1327/1/422 1326/1/417 244/1/421 246/1/424
f 1327/1/422 1325/1/416 241/1/419 245/1/423
f 1325/1/416 1327/1/422 246/1/424 242/1/420
f 1328/1/425 1329/1/426 245/1/423 241/1/419
f 1329/1/426 1328/1/425 242/1/420 246/1/424
f 1329/1/426 1330/1/427 247/1/428 245/1/423
f 1330/1/427 1329/1/426 246/1/424 248/1/429
f 1330/1/427 1328/1/425 241/1/419 247/1/428
f 1328/1/425 1330/1/427 248/1/429 242/1/420
f 1331/1/430 1332/1/431 251/1/432 249/1/433
f 1332/1/431 1331/1/430 250/1/434 252/1/435
f 1332/1/431 1333/1/436 253/1/437 251/1/432
f 1333/1/436 1332/1/431 252/1/435 254/1/438
f 1333/1/436 1331/1/430 249/1/433 253/1/437
f 1331/1/430 1333/1/436 254/1/438 250/1/434
f 1334/1/439 1335/1/440 251/1/432 253/1/437
f 1335/1/440 1334/1/439 254/1/438 252/1/435
f 1335/1/440 1336/1/441 255/1/442 251/1/432
f 1336/1/441 1335/1/440 252/1/435 256/1/443
f 1336/1/441 1334/1/439 253/1/437 255/1/442
f 1334/1/439 1336/1/441 256/1/443 254/1/438
f 1337/1/444 1338/1/445 259/1/446 257/1/447
f 1338/1/445 1337/1/444 258/1/448 260/1/449
f 1338/1/445 1339/1/450 261/1/451 259/1/446
f 1339/1/450 1338/1/445 260/1/449 262/1/452
f 1339/1/450 1337/1/444 257/1/447 261/1/451
f 1337/1/444 1339/1/450 262/1/452 258/1/448
f 1340/1/453 1341/1/454 261/1/451 257/1/447
f 1341/1/454 1340/1/453 258/1/448 262/1/452
f 1341/1/454 1342/1/455 263/1/456 261/1/451
f 1342/1/455 1341/1/454 262/1/452 264/1/457
f 1342/1/455 1340/1/453 257/1/447 263/1/456
f 1340/1/453 1342/1/455 264/1/457 258/1/448
f 1343/1/458 1344/1/459 267/1/460 265/1/461
f 1344/1/459 1343/1/458 266/1/462 268/1/463
f 1344/1/459 1345/1/464 269/1/465 267/1/460
f 1345/1/464 1344/1/459 268/1/463 270/1/466
f 1345/1/464 1343/1/458 265/1/461 269/1/465
f 1343/1/458 1345/1/464 270/1/466 266/1/462
f 1346/1/467 1347/1/468 269/1/465 265/1/461
f 1347/1/468 1346/1/467 266/1/462 270/1/466
f 1347/1/468 1348/1/469 271/1/470 269/1/465
f 1348/1/469 1347/1/468 270/1/466 272/1/471
f 1348/1/469 1346/1/467 265/1/461 271/1/470
f 1346/1/467 1348/1/469 272/1/471 266/1/462
f 1349/1/472 1350/1/473 275/1/474 273/1/475
f 1350/1/473 1349/1/472 274/1/476 276/1/477
f 1350/1/473 1351/1/478 277/1/479 275/1/474
f 1351/1/478 1350/1/473 276/1/477 278/1/480
f 1351/1/478 1349/1/472 273/1/475 277/1/479
f 1349/1/472 1351/1/478 278/1/480 274/1/476
f 1352/1/481 1353/1/482 273/1/475 275/1/474
f 1353/1/482 1352/1/481 276/1/477 274/1/476
f 1353/1/482 1354/1/483 279/1/484 273/1/475
f 1354/1/483 1353/1/482 274/1/476 280/1/485
f 1354/1/483 1352/1/481 275/1/474 279/1/484
f 1352/1/481 1354/1/483 280/1/485 276/1/477
f 1355/1/486 1356/1/487 283/1/488 281/1/489
f 1356/1/487 1355/1/486 282/1/490 284/1/491
f 1356/1/487 1357/1/492 285/1/493 283/1/488
f 1357/1/492 1356/1/487 284/1/491 286/1/494
f 1357/1/492 1355/1/486 281/1/489 285/1/493
f 1355/1/486 1357/1/492 286/1/494 282/1/490
f 1358/1/495 1359/1/496 281/1/489 283/1/488
f 1359/1/496 1358/1/495 284/1/491 282/1/490
f 1359/1/496 1360/1/497 287/1/498 281/1/489
f 1360/1/497 1359/1/496 282/1/490 288/1/499
f 1360/1/497 1358/1/495 283/1/488 287/1/498
f 1358/1/495 1360/1/497 288/1/499 284/1/491
f 1361/1/500 1362/1/501 291/1/502 289/1/503
f 1362/1/501 1361/1/500 290/1/504 292/1/505
f 1362/1/501 1363/1/506 293/1/507 291/1/502
f 1363/1/506 1362/1/501 292/1/505 294/1/508
f 1363/1/506 1361/1/500 289/1/503 293/1/507
f 1361/1/500 1363/1/506 294/1/508 290/1/504
f 1364/1/509 1365/1/510 289/1/503 291/1/502
f 1365/1/510 1364/1/509 292/1/505 290/1/504
f 1365/1/510 1366/1/511 295/1/512 289/1/503
f 1366/1/511 1365/1/510 290/1/504 296/1/513
f 1366/1/511 1364/1/509 291/1/502 295/1/512
f 1364/1/509 1366/1/511 296/1/513 292/1/505
f 1367/1/514 1368/1/515 299/1/516 297/1/517
f 1368/1/515 1367/1/514 298/1/518 300/1/519
f 1368/1/515 1369/1/520 301/1/521 299/1/516
f 1369/1/520 1368/1/515 300/1/519 302/1/522
f 1369/1/520 1367/1/514 297/1/517 301/1/521
f 1367/1/514 1369/1/520 302/1/522 298/1/518
f 1370/1/523 1371/1/524 301/1/521 297/1/517
f 1371/1/524 1370/1/523 298/1/518 302/1/522
f 1371/1/524 1372/1/525 303/1/526 301/1/521
f 1372/1/525 1371/1/524 302/1/522 304/1/527
f 1372/1/525 1370/1/523 297/1/517 303/1/526
f 1370/1/523 1372/1/525 304/1/527 298/1/518
f 1373/1/528 1374/1/529 307/1/530 305/1/531
f 1374/1/529 1373/1/528 306/1/532 308/1/533
f 1374/1/529 1375/1/534 309/1/535 307/1/530
f 1375/1/534 1374/1/529 308/1/533 310/1/536
f 1375/1/534 1373/1/528 305/1/531 309/1/535
f 1373/1/528 1375/1/534 310/1/536 306/1/532
f 1376/1/537 1377/1/538 309/1/535 311/1/539
f 1377/1/538 1376/1/537 312/1/540 310/1/536
f 1377/1/538 1378/1/541 307/1/530 309/1/535
f 1378/1/541 1377/1/538 310/1/536 308/1/533
f 1378/1/541 1376/1/537 311/1/539 307/1/530
f 1376/1/537 1378/1/541 308/1/533 312/1/540
f 1379/1/542 1380/1/543 315/1/544 313/1/545
f 1380/1/543 1379/1/542 314/1/546 316/1/547
f 1380/1/543 1381/1/548 317/1/549 315/1/544
f 1381/1/548 1380/1/543 316/1/547 318/1/550
f 1381/1/548 1379/1/542 313/1/545 317/1/549
f 1379/1/542 1381/1/548 318/1/550 314/1/546
f 1382/1/551 1383/1/552 317/1/549 313/1/545
f 1383/1/552 1382/1/551 314/1/546 318/1/550
f 1383/1/552 1384/1/553 319/1/554 317/1/549
f 1384/1/553 1383/1/552 318/1/550 320/1/555
f 1384/1/553 1382/1/551 313/1/545 319/1/554
f 1382/1/551 1384/1/553 320/1/555 314/1/546
f 1385/1/556 1386/1/557 323/1/558 321/1/559
f 1386/1/557 1385/1/556 322/1/560 324/1/561
f 1386/1/557 1387/1/562 325/1/563 323/1/558
f 1387/1/562 1386/1/557 324/1/561 326/1/564
f 1387/1/562 1385/1/556 321/1/559 325/1/563
f 1385/1/556 1387/1/562 326/1/564 322/1/560
f 1388/1/565 1389/1/566 325/1/563 327/1/567
f 1389/1/566 1388/1/565 328/1/568 326/1/564
f 1389/1/566 1390/1/569 323/1/558 325/1/563
f 1390/1/569 1389/1/566 326/1/564 324/1/561
f 1390/1/569 1388/1/565 327/1/567 323/1/558
f 1388/1/565 1390/1/569 324/1/561 328/1/568
f 1391/1/570 1392/1/571 331/1/572 329/1/573
f 1392/1/571 1391/1/570 330/1/574 332/1/575
f 1392/1/571 1393/1/576 333/1/577 331/1/572
f 1393/1/576 1392/1/571 332/1/575 334/1/578
f 1393/1/576 1391/1/570 329/1/573 333/1/577
f 1391/1/570 1393/1/576 334/1/578 330/1/574
f 1394/1/579 1395/1/580 335/1/581 333/1/577
f 1395/1/580 1394/1/579 334/1/578 336/1/582
f 1395/1/580 1396/1/583 329/1/573 335/1/581
f 1396/1/583 1395/1/580 336/1/582 330/1/574
f 1396/1/583 1394/1/579 333/1/577 329/1/573
f 1394/1/579 1396/1/583 330/1/574 334/1/578
f 1397/1/584 1398/1/585 339/1/586 337/1/587
f 1398/1/585 1397/1/584 338/1/588 340/1/589
f 1398/1/585 1399/1/590 341/1/591 339/1/586
f 1399/1/590 1398/1/585 340/1/589 342/1/592
f 1399/1/590 1397/1/584 337/1/587 341/1/591
f 1397/1/584 1399/1/590 342/1/592 338/1/588
f 1400/1/593 1401/1/594 337/1/587 339/1/586
f 1401/1/594 1400/1/593 340/1/589 338/1/588
f 1401/1/594 1402/1/595 343/1/596 337/1/587
f 1402/1/595 1401/1/594 338/1/588 344/1/597
f 1402/1/595 1400/1/593 339/1/586 343/1/596
f 1400/1/593 1402/1/595 344/1/597 340/1/589
f 1403/1/598 1404/1/599 347/1/600 345/1/601
f 1404/1/599 1403/1/598 346/1/602 348/1/603
f 1404/1/599 1405/1/604 349/1/605 347/1/600
f 1405/1/604 1404/1/599 348/1/603 350/1/606
f 1405/1/604 1403/1/598 345/1/601 349/1/605
f 1403/1/598 1405/1/604 350/1/606 346/1/602
f 1406/1/607 1407/1/608 345/1/601 347/1/600
f 1407/1/608 1406/1/607 348/1/603 346/1/602
f 1407/1/608 1408/1/609 351/1/610 345/1/601
f 1408/1/609 1407/1/608 346/1/602 352/1/611
f 1408/1/609 1406/1/607 347/1/600 351/1/610
f 1406/1/607 1408/1/609 352/1/611 348/1/603
f 1409/1/612 1410/1/613 355/1/614 353/1/615
f 1410/1/613 1409/1/612 354/1/616 356/1/617
f 1410/1/613 1411/1/618 357/1/619 355/1/614
f 1411/1/618 1410/1/613 356/1/617 358/1/620
f 1411/1/618 1409/1/612 353/1/615 357/1/619
f 1409/1/612 1411/1/618 358/1/620 354/1/616
f 1412/1/621 1413/1/622 357/1/619 353/1/615
f 1413/1/622 1412/1/621 354/1/616 358/1/620
f 1413/1/622 1414/1/623 359/1/624 357/1/619
f 1414/1/623 1413/1/622 358/1/620 360/1/625
f 1414/1/623 1412/1/621 353/1/615 359/1/624
f 1412/1/621 1414/1/623 360/1/625 354/1/616
f 1415/1/626 1416/1/627 363/1/628 361/1/629
f 1416/1/627 1415/1/626 362/1/630 364/1/631
f 1416/1/627 1417/1/632 365/1/633 363/1/628
f 1417/1/632 1416/1/627 364/1/631 366/1/634
f 1417/1/632 1415/1/626 361/1/629 365/1/633
f 1415/1/626 1417/1/632 366/1/634 362/1/630
f 1418/1/635 1419/1/636 361/1/629 363/1/628
f 1419/1/636 1418/1/635 364/1/631 362/1/630
f 1419/1/636 1420/1/637 367/1/638 361/1/629
f 1420/1/637 1419/1/636 362/1/630 368/1/639
f 1420/1/637 1418/1/635 363/1/628 367/1/638
f 1418/1/635 1420/1/637 368/1/639 364/1/631
f 1421/1/640 1422/1/641 363/1/628 369/1/642
f 1422/1/641 1421/1/640 370/1/643 364/1/631
f 1422/1/641 1423/1/644 367/1/638 363/1/628
f 1423/1/644 1422/1/641 364/1/631 368/1/639
f 1423/1/644 1421/1/640 369/1/642 367/1/638
f 1421/1/640 1423/1/644 368/1/639 370/1/643
f 1424/1/645 1425/1/646 369/1/642 363/1/628
f 1425/1/646 1424/1/645 364/1/631 370/1/643
f 1425/1/646 1426/1/647 371/1/648 369/1/642
f 1426/1/647 1425/1/646 370/1/643 372/1/649
f 1426/1/647 1424/1/645 363/1/628 371/1/648
f 1424/1/645 1426/1/647 372/1/649 364/1/631
f 1427/1/650 1428/1/651 375/1/652 373/1/653
f 1428/1/651 1427/1/650 374/1/654 376/1/655
f 1428/1/651 1429/1/656 377/1/657 375/1/652
f 1429/1/656 1428/1/651 376/1/655 378/1/658
f 1429/1/656 1427/1/650 373/1/653 377/1/657
f 1427/1/650 1429/1/656 378/1/658 374/1/654
f 1430/1/659 1431/1/660 373/1/653 375/1/652
f 1431/1/660 1430/1/659 376/1/655 374/1/654
f 1431/1/660 1432/1/661 379/1/662 373/1/653
f 1432/1/661 1431/1/660 374/1/654 380/1/663
f 1432/1/661 1430/1/659 375/1/652 379/1/662
f 1430/1/659 1432/1/661 380/1/663 376/1/655
f 1433/1/664 1434/1/665 377/1/657 381/1/666
f 1434/1/665 1433/1/664 382/1/667 378/1/658
f 1434/1/665 1435/1/668 375/1/652 377/1/657
f 1435/1/668 1434/1/665 378/1/658 376/1/655
f 1435/1/668 1433/1/664 381/1/666 375/1/652
f 1433/1/664 1435/1/668 376/1/655 382/1/667
f 1436/1/669 1437/1/627 375/1/652 381/1/666
f 1437/1/627 1436/1/669 382/1/667 376/1/655
f 1437/1/627 1438/1/670 383/1/671 375/1/652
f 1438/1/670 1437/1/627 376/1/655 384/1/672
f 1438/1/670 1436/1/669 381/1/666 383/1/671
f 1436/1/669 1438/1/670 384/1/672 382/1/667
f 1439/1/673 1440/1/674 387/1/675 385/1/676
f 1440/1/674 1439/1/673 386/1/677 388/1/678
f 1440/1/674 1441/1/679 389/1/680 387/1/675
f 1441/1/679 1440/1/674 388/1/678 390/1/681
f 1441/1/679 1439/1/673 385/1/676 389/1/680
f 1439/1/673 1441/1/679 390/1/681 386/1/677
f 1442/1/682 1443/1/683 389/1/680 385/1/676
f 1443/1/683 1442/1/682 386/1/677 390/1/681
f 1443/1/683 1444/1/684 391/1/685 389/1/680
f 1444/1/684 1443/1/683 390/1/681 392/1/686
f 1444/1/684 1442/1/682 385/1/676 391/1/685
f 1442/1/682 1444/1/684 392/1/686 386/1/677
f 1445/1/687 1446/1/688 395/1/689 393/1/690
f 1446/1/688 1445/1/687 394/1/691 396/1/692
f 1446/1/688 1447/1/693 397/1/694 395/1/689
f 1447/1/693 1446/1/688 396/1/692 398/1/695
f 1447/1/693 1445/1/687 393/1/690 397/1/694
f 1445/1/687 1447/1/693 398/1/695 394/1/691
f 1448/1/696 1449/1/697 397/1/694 393/1/690
f 1449/1/697 1448/1/696 394/1/691 398/1/695
f 1449/1/697 1450/1/698 399/1/699 397/1/694
f 1450/1/698 1449/1/697 398/1/695 400/1/700
f 1450/1/698 1448/1/696 393/1/690 399/1/699
f 1448/1/696 1450/1/698 400/1/700 394/1/691
f 1451/1/701 1452/1/702 401/1/703 395/1/689
f 1452/1/702 1451/1/701 396/1/692 402/1/704
f 1452/1/702 1453/1/705 397/1/694 401/1/703
f 1453/1/705 1452/1/702 402/1/704 398/1/695
f 1453/1/705 1451/1/701 395/1/689 397/1/694
f 1451/1/701 1453/1/705 398/1/695 396/1/692
f 1454/1/706 1455/1/707 393/1/690 403/1/708
f 1455/1/707 1454/1/706 404/1/709 394/1/691
f 1455/1/707 1456/1/710 399/1/699 393/1/690
f 1456/1/710 1455/1/707 394/1/691 400/1/700
f 1456/1/710 1454/1/706 403/1/708 399/1/699
f 1454/1/706 1456/1/710 400/1/700 404/1/709
f 1457/1/711 1458/1/712 401/1/703 405/1/713
f 1458/1/712 1457/1/711 406/1/714 402/1/704
f 1458/1/712 1459/1/715 395/1/689 401/1/703
f 1459/1/715 1458/1/712 402/1/704 396/1/692
f 1459/1/715 1457/1/711 405/1/713 395/1/689
f 1457/1/711 1459/1/715 396/1/692 406/1/714
f 1460/1/716 1461/1/717 403/1/708 393/1/690
f 1461/1/717 1460/1/716 394/1/691 404/1/709
f 1461/1/717 1462/1/718 407/1/719 403/1/708
f 1462/1/718 1461/1/717 404/1/709 408/1/720
f 1462/1/718 1460/1/716 393/1/690 407/1/719
f 1460/1/716 1462/1/718 408/1/720 394/1/691
f 1463/1/721 1464/1/696 401/1/703 409/1/722
f 1464/1/696 1463/1/721 410/1/723 402/1/704
f 1464/1/696 1465/1/688 405/1/713 401/1/703
f 1465/1/688 1464/1/696 402/1/704 406/1/714
f 1465/1/688 1463/1/721 409/1/722 405/1/713
f 1463/1/721 1465/1/688 406/1/714 410/1/723
f 1466/1/693 1467/1/724 407/1/719 411/1/725
f 1467/1/724 1466/1/693 412/1/726 408/1/720
f 1467/1/724 1468/1/727 403/1/708 407/1/719
f 1468/1/727 1467/1/724 408/1/720 404/1/709
f 1468/1/727 1466/1/693 411/1/725 403/1/708
f 1466/1/693 1468/1/727 404/1/709 412/1/726
f 1469/1/728 1470/1/702 409/1/722 401/1/703
f 1470/1/702 1469/1/728 402/1/704 410/1/723
f 1470/1/702 1471/1/705 413/1/729 409/1/722
f 1471/1/705 1470/1/702 410/1/723 414/1/730
f 1471/1/705 1469/1/728 401/1/703 413/1/729
f 1469/1/728 1471/1/705 414/1/730 402/1/704
f 1472/1/721 1473/1/707 403/1/708 411/1/725
f 1473/1/707 1472/1/721 412/1/726 404/1/709
f 1473/1/707 1474/1/710 415/1/731 403/1/708
f 1474/1/710 1473/1/707 404/1/709 416/1/732
f 1474/1/710 1472/1/721 411/1/725 415/1/731
f 1472/1/721 1474/1/710 416/1/732 412/1/726
f 1475/1/733 1476/1/734 415/1/731 409/1/722
f 1476/1/734 1475/1/733 410/1/723 416/1/732
f 1476/1/734 1477/1/735 413/1/729 415/1/731
f 1477/1/735 1476/1/734 416/1/732 414/1/730
f 1477/1/735 1475/1/733 409/1/722 413/1/729
f 1475/1/733 1477/1/735 414/1/730 410/1/723
f 1478/1/707 1479/1/697 409/1/722 415/1/731
f 1479/1/697 1478/1/707 416/1/732 410/1/723
f 1479/1/697 1480/1/718 411/1/725 409/1/722
f 1480/1/718 1479/1/697 410/1/723 412/1/726
f 1480/1/718 1478/1/707 415/1/731 411/1/725
f 1478/1/707 1480/1/718 412/1/726 416/1/732
f 1481/1/716 1482/1/718 419/1/720 417/1/736
f 1482/1/718 1481/1/716 418/1/737 420/1/719
f 1482/1/718 1483/1/717 421/1/709 419/1/720
f 1483/1/717 1482/1/718 420/1/719 422/1/708
f 1483/1/717 1481/1/716 417/1/736 421/1/709
f 1481/1/716 1483/1/717 422/1/708 418/1/737
f 1484/1/693 1485/1/727 421/1/709 423/1/738
f 1485/1/727 1484/1/693 424/1/739 422/1/708
f 1485/1/727 1486/1/724 419/1/720 421/1/709
f 1486/1/724 1485/1/727 422/1/708 420/1/719
f 1486/1/724 1484/1/693 423/1/738 419/1/720
f 1484/1/693 1486/1/724 420/1/719 424/1/739
f 1487/1/707 1488/1/706 421/1/709 417/1/736
f 1488/1/706 1487/1/707 418/1/737 422/1/708
f 1488/1/706 1489/1/710 425/1/740 421/1/709
f 1489/1/710 1488/1/706 422/1/708 426/1/741
f 1489/1/710 1487/1/707 417/1/736 425/1/740
f 1487/1/707 1489/1/710 426/1/741 418/1/737
f 1490/1/707 1491/1/721 423/1/738 421/1/709
f 1491/1/721 1490/1/707 422/1/708 424/1/739
f 1491/1/721 1492/1/710 427/1/742 423/1/738
f 1492/1/710 1491/1/721 424/1/739 428/1/743
f 1492/1/710 1490/1/707 421/1/709 427/1/742
f 1490/1/707 1492/1/710 428/1/743 422/1/708
f 1493/1/724 1494/1/706 425/1/740 417/1/736
f 1494/1/706 1493/1/724 418/1/737 426/1/741
f 1494/1/706 1495/1/744 429/1/745 425/1/740
f 1495/1/744 1494/1/706 426/1/741 430/1/746
f 1495/1/744 1493/1/724 417/1/736 429/1/745
f 1493/1/724 1495/1/744 430/1/746 418/1/737
f 1496/1/712 1497/1/747 431/1/748 423/1/738
f 1497/1/747 1496/1/712 424/1/739 432/1/749
f 1497/1/747 1498/1/750 427/1/742 431/1/748
f 1498/1/750 1497/1/747 432/1/749 428/1/743
f 1498/1/750 1496/1/712 423/1/738 427/1/742
f 1496/1/712 1498/1/750 428/1/743 424/1/739
f 1499/1/751 1500/1/752 425/1/740 429/1/745
f 1500/1/752 1499/1/751 430/1/746 426/1/741
f 1500/1/752 1501/1/753 433/1/754 425/1/740
f 1501/1/753 1500/1/752 426/1/741 434/1/755
f 1501/1/753 1499/1/751 429/1/745 433/1/754
f 1499/1/751 1501/1/753 434/1/755 430/1/746
f 1502/1/756 1503/1/711 435/1/757 423/1/738
f 1503/1/711 1502/1/756 424/1/739 436/1/758
f 1503/1/711 1504/1/759 431/1/748 435/1/757
f 1504/1/759 1503/1/711 436/1/758 432/1/749
f 1504/1/759 1502/1/756 423/1/738 431/1/748
f 1502/1/756 1504/1/759 432/1/749 424/1/739
f 1505/1/702 1506/1/701 429/1/745 437/1/704
f 1506/1/701 1505/1/702 438/1/703 430/1/746
f 1506/1/701 1507/1/705 433/1/754 429/1/745
f 1507/1/705 1506/1/701 430/1/746 434/1/755
f 1507/1/705 1505/1/702 437/1/704 433/1/754
f 1505/1/702 1507/1/705 434/1/755 438/1/703
f 1508/1/702 1509/1/728 437/1/704 435/1/757
f 1509/1/728 1508/1/702 436/1/758 438/1/703
f 1509/1/728 1510/1/705 431/1/748 437/1/704
f 1510/1/705 1509/1/728 438/1/703 432/1/749
f 1510/1/705 1508/1/702 435/1/757 431/1/748
f 1508/1/702 1510/1/705 432/1/749 436/1/758
f 1511/1/715 1512/1/712 437/1/704 429/1/745
f 1512/1/712 1511/1/715 430/1/746 438/1/703
f 1512/1/712 1513/1/711 439/1/760 437/1/704
f 1513/1/711 1512/1/712 438/1/703 440/1/713
f 1513/1/711 1511/1/715 429/1/745 439/1/760
f 1511/1/715 1513/1/711 440/1/713 430/1/746
f 1514/1/688 1515/1/696 437/1/704 439/1/760
f 1515/1/696 1514/1/688 440/1/713 438/1/703
f 1515/1/696 1516/1/721 435/1/757 437/1/704
f 1516/1/721 1515/1/696 438/1/703 436/1/758
f 1516/1/721 1514/1/688 439/1/760 435/1/757
f 1514/1/688 1516/1/721 436/1/758 440/1/713
f 1517/1/761 1518/1/762 443/1/763 441/1/764
f 1518/1/762 1517/1/761 442/1/765 444/1/766
f 1518/1/762 1519/1/767 445/1/768 443/1/763
f 1519/1/767 1518/1/762 444/1/766 446/1/769
f 1519/1/767 1517/1/761 441/1/764 445/1/768
f 1517/1/761 1519/1/767 446/1/769 442/1/765
f 1520/1/770 1521/1/771 445/1/768 441/1/764
f 1521/1/771 1520/1/770 442/1/765 446/1/769
f 1521/1/771 1522/1/772 447/1/773 445/1/768
f 1522/1/772 1521/1/771 446/1/769 448/1/774
f 1522/1/772 1520/1/770 441/1/764 447/1/773
f 1520/1/770 1522/1/772 448/1/774 442/1/765
f 1523/1/775 1524/1/776 449/1/777 443/1/763
f 1524/1/776 1523/1/775 444/1/766 450/1/778
f 1524/1/776 1525/1/779 445/1/768 449/1/777
f 1525/1/779 1524/1/776 450/1/778 446/1/769
f 1525/1/779 1523/1/775 443/1/763 445/1/768
f 1523/1/775 1525/1/779 446/1/769 444/1/766
f 1526/1/780 1527/1/781 441/1/764 451/1/782
f 1527/1/781 1526/1/780 452/1/783 442/1/765
f 1527/1/781 1528/1/784 447/1/773 441/1/764
f 1528/1/784 1527/1/781 442/1/765 448/1/774
f 1528/1/784 1526/1/780 451/1/782 447/1/773
f 1526/1/780 1528/1/784 448/1/774 452/1/783
f 1529/1/785 1530/1/786 443/1/763 449/1/777
f 1530/1/786 1529/1/785 450/1/778 444/1/766
f 1530/1/786 1531/1/787 453/1/788 443/1/763
f 1531/1/787 1530/1/786 444/1/766 454/1/789
f 1531/1/787 1529/1/785 449/1/777 453/1/788
f 1529/1/785 1531/1/787 454/1/789 450/1/778
f 1532/1/790 1533/1/791 451/1/782 441/1/764
f 1533/1/791 1532/1/790 442/1/765 452/1/783
f 1533/1/791 1534/1/792 455/1/793 451/1/782
f 1534/1/792 1533/1/791 452/1/783 456/1/794
f 1534/1/792 1532/1/790 441/1/764 455/1/793
f 1532/1/790 1534/1/792 456/1/794 442/1/765
f 1535/1/795 1536/1/796 449/1/777 457/1/797
f 1536/1/796 1535/1/795 458/1/798 450/1/778
f 1536/1/796 1537/1/799 453/1/788 449/1/777
f 1537/1/799 1536/1/796 450/1/778 454/1/789
f 1537/1/799 1535/1/795 457/1/797 453/1/788
f 1535/1/795 1537/1/799 454/1/789 458/1/798
f 1538/1/800 1539/1/801 455/1/793 459/1/802
f 1539/1/801 1538/1/800 460/1/803 456/1/794
f 1539/1/801 1540/1/804 451/1/782 455/1/793
f 1540/1/804 1539/1/801 456/1/794 452/1/783
f 1540/1/804 1538/1/800 459/1/802 451/1/782
f 1538/1/800 1540/1/804 452/1/783 460/1/803
f 1541/1/805 1542/1/806 457/1/797 449/1/777
f 1542/1/806 1541/1/805 450/1/778 458/1/798
f 1542/1/806 1543/1/807 461/1/808 457/1/797
f 1543/1/807 1542/1/806 458/1/798 462/1/809
f 1543/1/807 1541/1/805 449/1/777 461/1/808
f 1541/1/805 1543/1/807 462/1/809 450/1/778
f 1544/1/810 1545/1/811 451/1/782 459/1/802
f 1545/1/811 1544/1/810 460/1/803 452/1/783
f 1545/1/811 1546/1/812 463/1/813 451/1/782
f 1546/1/812 1545/1/811 452/1/783 464/1/814
f 1546/1/812 1544/1/810 459/1/802 463/1/813
f 1544/1/810 1546/1/812 464/1/814 460/1/803
f 1547/1/815 1548/1/816 463/1/813 457/1/797
f 1548/1/816 1547/1/815 458/1/798 464/1/814
f 1548/1/816 1549/1/817 461/1/808 463/1/813
f 1549/1/817 1548/1/816 464/1/814 462/1/809
f 1549/1/817 1547/1/815 457/1/797 461/1/808
f 1547/1/815 1549/1/817 462/1/809 458/1/798
f 1550/1/818 1551/1/819 457/1/797 463/1/813
f 1551/1/819 1550/1/818 464/1/814 458/1/798
f 1551/1/819 1552/1/820 459/1/802 457/1/797
f 1552/1/820 1551/1/819 458/1/798 460/1/803
f 1552/1/820 1550/1/818 463/1/813 459/1/802
f 1550/1/818 1552/1/820 460/1/803 464/1/814
f 1553/1/821 1554/1/822 467/1/823 465/1/824
f 1554/1/822 1553/1/821 466/1/825 468/1/826
f 1554/1/822 1555/1/827 469/1/828 467/1/823
f 1555/1/827 1554/1/822 468/1/826 470/1/829
f 1555/1/827 1553/1/821 465/1/824 469/1/828
f 1553/1/821 1555/1/827 470/1/829 466/1/825
f 1556/1/830 1557/1/831 471/1/832 467/1/823
f 1557/1/831 1556/1/830 468/1/826 472/1/833
f 1557/1/831 1558/1/834 469/1/828 471/1/832
f 1558/1/834 1557/1/831 472/1/833 470/1/829
f 1558/1/834 1556/1/830 467/1/823 469/1/828
f 1556/1/830 1558/1/834 470/1/829 468/1/826
f 1559/1/835 1560/1/836 465/1/824 467/1/823
f 1560/1/836 1559/1/835 468/1/826 466/1/825
f 1560/1/836 1561/1/837 473/1/838 465/1/824
f 1561/1/837 1560/1/836 466/1/825 474/1/839
f 1561/1/837 1559/1/835 467/1/823 473/1/838
f 1559/1/835 1561/1/837 474/1/839 468/1/826
f 1562/1/840 1563/1/841 467/1/823 471/1/832
f 1563/1/841 1562/1/840 472/1/833 468/1/826
f 1563/1/841 1564/1/842 475/1/843 467/1/823
f 1564/1/842 1563/1/841 468/1/826 476/1/844
f 1564/1/842 1562/1/840 471/1/832 475/1/843
f 1562/1/840 1564/1/842 476/1/844 472/1/833
f 1565/1/845 1566/1/846 477/1/847 465/1/824
f 1566/1/846 1565/1/845 466/1/825 478/1/848
f 1566/1/846 1567/1/849 473/1/838 477/1/847
f 1567/1/849 1566/1/846 478/1/848 474/1/839
f 1567/1/849 1565/1/845 465/1/824 473/1/838
f 1565/1/845 1567/1/849 474/1/839 466/1/825
f 1568/1/850 1569/1/851 471/1/832 479/1/852
f 1569/1/851 1568/1/850 480/1/853 472/1/833
f 1569/1/851 1570/1/854 475/1/843 471/1/832
f 1570/1/854 1569/1/851 472/1/833 476/1/844
f 1570/1/854 1568/1/850 479/1/852 475/1/843
f 1568/1/850 1570/1/854 476/1/844 480/1/853
f 1571/1/855 1572/1/856 465/1/824 477/1/847
f 1572/1/856 1571/1/855 478/1/848 466/1/825
f 1572/1/856 1573/1/857 481/1/858 465/1/824
f 1573/1/857 1572/1/856 466/1/825 482/1/859
f 1573/1/857 1571/1/855 477/1/847 481/1/858
f 1571/1/855 1573/1/857 482/1/859 478/1/848
f 1574/1/860 1575/1/861 475/1/843 479/1/852
f 1575/1/861 1574/1/860 480/1/853 476/1/844
f 1575/1/861 1576/1/862 483/1/863 475/1/843
f 1576/1/862 1575/1/861 476/1/844 484/1/864
f 1576/1/862 1574/1/860 479/1/852 483/1/863
f 1574/1/860 1576/1/862 484/1/864 480/1/853
f 1577/1/865 1578/1/866 485/1/867 481/1/858
f 1578/1/866 1577/1/865 482/1/859 486/1/868
f 1578/1/866 1579/1/869 477/1/847 485/1/867
f 1579/1/869 1578/1/866 486/1/868 478/1/848
f 1579/1/869 1577/1/865 481/1/858 477/1/847
f 1577/1/865 1579/1/869 478/1/848 482/1/859
f 1580/1/870 1581/1/871 479/1/852 485/1/867
f 1581/1/871 1580/1/870 486/1/868 480/1/853
f 1581/1/871 1582/1/872 483/1/863 479/1/852
f 1582/1/872 1581/1/871 480/1/853 484/1/864
f 1582/1/872 1580/1/870 485/1/867 483/1/863
f 1580/1/870 1582/1/872 484/1/864 486/1/868
f 1583/1/873 1584/1/874 487/1/875 481/1/858
f 1584/1/874 1583/1/873 482/1/859 488/1/876
f 1584/1/874 1585/1/877 485/1/867 487/1/875
f 1585/1/877 1584/1/874 488/1/876 486/1/868
f 1585/1/877 1583/1/873 481/1/858 485/1/867
f 1583/1/873 1585/1/877 486/1/868 482/1/859
f 1586/1/878 1587/1/879 485/1/867 479/1/852
f 1587/1/879 1586/1/878 480/1/853 486/1/868
f 1587/1/879 1588/1/880 487/1/875 485/1/867
f 1588/1/880 1587/1/879 486/1/868 488/1/876
f 1588/1/880 1586/1/878 479/1/852 487/1/875
f 1586/1/878 1588/1/880 488/1/876 480/1/853
f 1589/1/881 1590/1/882 491/1/883 489/1/884
f 1590/1/882 1589/1/881 490/1/885 492/1/886
f 1590/1/882 1591/1/887 493/1/888 491/1/883
f 1591/1/887 1590/1/882 492/1/886 494/1/889
f 1591/1/887 1589/1/881 489/1/884 493/1/888
f 1589/1/881 1591/1/887 494/1/889 490/1/885
f 1592/1/890 1593/1/891 489/1/884 491/1/883
f 1593/1/891 1592/1/890 492/1/886 490/1/885
f 1593/1/891 1594/1/892 495/1/893 489/1/884
f 1594/1/892 1593/1/891 490/1/885 496/1/894
f 1594/1/892 1592/1/890 491/1/883 495/1/893
f 1592/1/890 1594/1/892 496/1/894 492/1/886
f 1595/1/895 1596/1/896 493/1/888 497/1/897
f 1596/1/896 1595/1/895 498/1/898 494/1/889
f 1596/1/896 1597/1/899 491/1/883 493/1/888
f 1597/1/899 1596/1/896 494/1/889 492/1/886
f 1597/1/899 1595/1/895 497/1/897 491/1/883
f 1595/1/895 1597/1/899 492/1/886 498/1/898
f 1598/1/900 1599/1/901 499/1/902 491/1/883
f 1599/1/901 1598/1/900 492/1/886 500/1/903
f 1599/1/901 1600/1/904 497/1/897 499/1/902
f 1600/1/904 1599/1/901 500/1/903 498/1/898
f 1600/1/904 1598/1/900 491/1/883 497/1/897
f 1598/1/900 1600/1/904 498/1/898 492/1/886
f 1601/1/905 1602/1/906 503/1/907 501/1/908
f 1602/1/906 1601/1/905 502/1/909 504/1/910
f 1602/1/906 1603/1/911 505/1/912 503/1/907
f 1603/1/911 1602/1/906 504/1/910 506/1/913
f 1603/1/911 1601/1/905 501/1/908 505/1/912
f 1601/1/905 1603/1/911 506/1/913 502/1/909
f 1604/1/914 1605/1/627 501/1/908 503/1/907
f 1605/1/627 1604/1/914 504/1/910 502/1/909
f 1605/1/627 1606/1/915 507/1/916 501/1/908
f 1606/1/915 1605/1/627 502/1/909 508/1/917
f 1606/1/915 1604/1/914 503/1/907 507/1/916
f 1604/1/914 1606/1/915 508/1/917 504/1/910
f 1607/1/918 1608/1/919 503/1/907 509/1/920
f 1608/1/919 1607/1/918 510/1/921 504/1/910
f 1608/1/919 1609/1/922 507/1/916 503/1/907
f 1609/1/922 1608/1/919 504/1/910 508/1/917
f 1609/1/922 1607/1/918 509/1/920 507/1/916
f 1607/1/918 1609/1/922 508/1/917 510/1/921
f 1610/1/923 1611/1/924 509/1/920 503/1/907
f 1611/1/924 1610/1/923 504/1/910 510/1/921
f 1611/1/924 1612/1/925 511/1/926 509/1/920
f 1612/1/925 1611/1/924 510/1/921 512/1/927
f 1612/1/925 1610/1/923 503/1/907 511/1/926
f 1610/1/923 1612/1/925 512/1/927 504/1/910
f 1613/1/928 1614/1/929 515/1/930 513/1/931
f 1614/1/929 1613/1/928 514/1/932 516/1/933
f 1614/1/929 1615/1/934 517/1/935 515/1/930
f 1615/1/934 1614/1/929 516/1/933 518/1/936
f 1615/1/934 1613/1/928 513/1/931 517/1/935
f 1613/1/928 1615/1/934 518/1/936 514/1/932
f 1616/1/937 1617/1/938 517/1/935 513/1/931
f 1617/1/938 1616/1/937 514/1/932 518/1/936
f 1617/1/938 1618/1/939 519/1/940 517/1/935
f 1618/1/939 1617/1/938 518/1/936 520/1/941
f 1618/1/939 1616/1/937 513/1/931 519/1/940
f 1616/1/937 1618/1/939 520/1/941 514/1/932
f 1619/1/942 1620/1/943 517/1/935 521/1/944
f 1620/1/943 1619/1/942 522/1/945 518/1/936
f 1620/1/943 1621/1/946 515/1/930 517/1/935
f 1621/1/946 1620/1/943 518/1/936 516/1/933
f 1621/1/946 1619/1/942 521/1/944 515/1/930
f 1619/1/942 1621/1/946 516/1/933 522/1/945
f 1622/1/947 1623/1/948 521/1/944 517/1/935
f 1623/1/948 1622/1/947 518/1/936 522/1/945
f 1623/1/948 1624/1/949 523/1/950 521/1/944
f 1624/1/949 1623/1/948 522/1/945 524/1/951
f 1624/1/949 1622/1/947 517/1/935 523/1/950
f 1622/1/947 1624/1/949 524/1/951 518/1/936
f 1625/1/952 1626/1/953 527/1/954 525/1/955
f 1626/1/953 1625/1/952 526/1/956 528/1/957
f 1626/1/953 1627/1/958 529/1/959 527/1/954
f 1627/1/958 1626/1/953 528/1/957 530/1/960
f 1627/1/958 1625/1/952 525/1/955 529/1/959
f 1625/1/952 1627/1/958 530/1/960 526/1/956
f 1628/1/961 1629/1/962 525/1/955 531/1/963
f 1629/1/962 1628/1/961 532/1/964 526/1/956
f 1629/1/962 1630/1/965 529/1/959 525/1/955
f 1630/1/965 1629/1/962 526/1/956 530/1/960
f 1630/1/965 1628/1/961 531/1/963 529/1/959
f 1628/1/961 1630/1/965 530/1/960 532/1/964
f 1631/1/966 1632/1/967 531/1/963 525/1/955
f 1632/1/967 1631/1/966 526/1/956 532/1/964
f 1632/1/967 1633/1/968 533/1/969 531/1/963
f 1633/1/968 1632/1/967 532/1/964 534/1/970
f 1633/1/968 1631/1/966 525/1/955 533/1/969
f 1631/1/966 1633/1/968 534/1/970 526/1/956
f 1634/1/971 1635/1/972 525/1/955 527/1/954
f 1635/1/972 1634/1/971 528/1/957 526/1/956
f 1635/1/972 1636/1/973 535/1/974 525/1/955
f 1636/1/973 1635/1/972 526/1/956 536/1/975
f 1636/1/973 1634/1/971 527/1/954 535/1/974
f 1634/1/971 1636/1/973 536/1/975 528/1/957
f 1637/1/976 1638/1/977 535/1/974 527/1/954
f 1638/1/977 1637/1/976 528/1/957 536/1/975
f 1638/1/977 1639/1/978 537/1/979 535/1/974
f 1639/1/978 1638/1/977 536/1/975 538/1/980
f 1639/1/978 1637/1/976 527/1/954 537/1/979
f 1637/1/976 1639/1/978 538/1/980 528/1/957
f 1640/1/981 1641/1/982 535/1/974 537/1/979
f 1641/1/982 1640/1/981 538/1/980 536/1/975
f 1641/1/982 1642/1/983 539/1/984 535/1/974
f 1642/1/983 1641/1/982 536/1/975 540/1/985
f 1642/1/983 1640/1/981 537/1/979 539/1/984
f 1640/1/981 1642/1/983 540/1/985 538/1/980
f 1643/1/986 1644/1/987 543/1/980 541/1/975
f 1644/1/987 1643/1/986 542/1/974 544/1/979
f 1644/1/987 1645/1/988 545/1/989 543/1/980
f 1645/1/988 1644/1/987 544/1/979 546/1/990
f 1645/1/988 1643/1/986 541/1/975 545/1/989
f 1643/1/986 1645/1/988 546/1/990 542/1/974
f 1646/1/978 1647/1/977 541/1/975 543/1/980
f 1647/1/977 1646/1/978 544/1/979 542/1/974
f 1647/1/977 1648/1/991 547/1/957 541/1/975
f 1648/1/991 1647/1/977 542/1/974 548/1/954
f 1648/1/991 1646/1/978 543/1/980 547/1/957
f 1646/1/978 1648/1/991 548/1/954 544/1/979
f 1649/1/972 1650/1/971 547/1/957 549/1/956
f 1650/1/971 1649/1/972 550/1/955 548/1/954
f 1650/1/971 1651/1/973 541/1/975 547/1/957
f 1651/1/973 1650/1/971 548/1/954 542/1/974
f 1651/1/973 1649/1/972 549/1/956 541/1/975
f 1649/1/972 1651/1/973 542/1/974 550/1/955
f 1652/1/952 1653/1/958 551/1/960 549/1/956
f 1653/1/958 1652/1/952 550/1/955 552/1/959
f 1653/1/958 1654/1/953 547/1/957 551/1/960
f 1654/1/953 1653/1/958 552/1/959 548/1/954
f 1654/1/953 1652/1/952 549/1/956 547/1/957
f 1652/1/952 1654/1/953 548/1/954 550/1/955
f 1655/1/965 1656/1/962 549/1/956 551/1/960
f 1656/1/962 1655/1/965 552/1/959 550/1/955
f 1656/1/962 1657/1/961 553/1/964 549/1/956
f 1657/1/961 1656/1/962 550/1/955 554/1/963
f 1657/1/961 1655/1/965 551/1/960 553/1/964
f 1655/1/965 1657/1/961 554/1/963 552/1/959
f 1658/1/992 1659/1/993 549/1/956 553/1/964
f 1659/1/993 1658/1/992 554/1/963 550/1/955
f 1659/1/993 1660/1/994 555/1/995 549/1/956
f 1660/1/994 1659/1/993 550/1/955 556/1/996
f 1660/1/994 1658/1/992 553/1/964 555/1/995
f 1658/1/992 1660/1/994 556/1/996 554/1/963
f 1661/1/706 1662/1/696 559/1/997 557/1/725
f 1662/1/696 1661/1/706 558/1/726 560/1/998
f 1662/1/696 1663/1/688 561/1/689 559/1/997
f 1663/1/688 1662/1/696 560/1/998 562/1/692
f 1663/1/688 1661/1/706 557/1/725 561/1/689
f 1661/1/706 1663/1/688 562/1/692 558/1/726
f 1664/1/759 1665/1/693 557/1/725 559/1/997
f 1665/1/693 1664/1/759 560/1/998 558/1/726
f 1665/1/693 1666/1/705 563/1/999 557/1/725
f 1666/1/705 1665/1/693 558/1/726 564/1/1000
f 1666/1/705 1664/1/759 559/1/997 563/1/999
f 1664/1/759 1666/1/705 564/1/1000 560/1/998
f 1667/1/1001 1668/1/759 561/1/689 557/1/725
f 1668/1/759 1667/1/1001 558/1/726 562/1/692
f 1668/1/759 1669/1/717 565/1/1002 561/1/689
f 1669/1/717 1668/1/759 562/1/692 566/1/1003
f 1669/1/717 1667/1/1001 557/1/725 565/1/1002
f 1667/1/1001 1669/1/717 566/1/1003 558/1/726
f 1670/1/707 1671/1/710 567/1/1004 561/1/689
f 1671/1/710 1670/1/707 562/1/692 568/1/1005
f 1671/1/710 1672/1/706 565/1/1002 567/1/1004
f 1672/1/706 1671/1/710 568/1/1005 566/1/1003
f 1672/1/706 1670/1/707 561/1/689 565/1/1002
f 1670/1/707 1672/1/706 566/1/1003 562/1/692
f 1673/1/696 1674/1/706 571/1/726 569/1/998
f 1674/1/706 1673/1/696 570/1/997 572/1/725
f 1674/1/706 1675/1/688 573/1/692 571/1/726
f 1675/1/688 1674/1/706 572/1/725 574/1/689
f 1675/1/688 1673/1/696 569/1/998 573/1/692
f 1673/1/696 1675/1/688 574/1/689 570/1/997
f 1676/1/693 1677/1/759 569/1/998 571/1/726
f 1677/1/759 1676/1/693 572/1/725 570/1/997
f 1677/1/759 1678/1/705 575/1/1000 569/1/998
f 1678/1/705 1677/1/759 570/1/997 576/1/999
f 1678/1/705 1676/1/693 571/1/726 575/1/1000
f 1676/1/693 1678/1/705 576/1/999 572/1/725
f 1679/1/717 1680/1/759 573/1/692 577/1/1003
f 1680/1/759 1679/1/717 578/1/1002 574/1/689
f 1680/1/759 1681/1/1001 571/1/726 573/1/692
f 1681/1/1001 1680/1/759 574/1/689 572/1/725
f 1681/1/1001 1679/1/717 577/1/1003 571/1/726
f 1679/1/717 1681/1/1001 572/1/725 578/1/1002
f 1682/1/707 1683/1/706 577/1/1003 573/1/692
f 1683/1/706 1682/1/707 574/1/689 578/1/1002
f 1683/1/706 1684/1/710 579/1/1005 577/1/1003
f 1684/1/710 1683/1/706 578/1/1002 580/1/1004
f 1684/1/710 1682/1/707 573/1/692 579/1/1005
f 1682/1/707 1684/1/710 580/1/1004 574/1/689
f 1685/1/1006 1686/1/1007 583/1/1008 581/1/1009
f 1686/1/1007 1685/1/1006 582/1/1010 584/1/1011
f 1686/1/1007 1687/1/1012 585/1/1013 583/1/1008
f 1687/1/1012 1686/1/1007 584/1/1011 586/1/1014
f 1687/1/1012 1685/1/1006 581/1/1009 585/1/1013
f 1685/1/1006 1687/1/1012 586/1/1014 582/1/1010
f 1688/1/1015 1689/1/1016 585/1/1013 587/1/1017
f 1689/1/1016 1688/1/1015 588/1/1018 586/1/1014
f 1689/1/1016 1690/1/1019 583/1/1008 585/1/1013
f 1690/1/1019 1689/1/1016 586/1/1014 584/1/1011
f 1690/1/1019 1688/1/1015 587/1/1017 583/1/1008
f 1688/1/1015 1690/1/1019 584/1/1011 588/1/1018
f 1691/1/1020 1692/1/1021 581/1/1009 583/1/1008
f 1692/1/1021 1691/1/1020 584/1/1011 582/1/1010
f 1692/1/1021 1693/1/1022 589/1/1023 581/1/1009
f 1693/1/1022 1692/1/1021 582/1/1010 590/1/1024
f 1693/1/1022 1691/1/1020 583/1/1008 589/1/1023
f 1691/1/1020 1693/1/1022 590/1/1024 584/1/1011
f 1694/1/1025 1695/1/1026 591/1/1027 583/1/1008
f 1695/1/1026 1694/1/1025 584/1/1011 592/1/1028
f 1695/1/1026 1696/1/1029 587/1/1017 591/1/1027
f 1696/1/1029 1695/1/1026 592/1/1028 588/1/1018
f 1696/1/1029 1694/1/1025 583/1/1008 587/1/1017
f 1694/1/1025 1696/1/1029 588/1/1018 584/1/1011
f 1697/1/1030 1698/1/1031 589/1/1023 593/1/1032
f 1698/1/1031 1697/1/1030 594/1/1033 590/1/1024
f 1698/1/1031 1699/1/1034 581/1/1009 589/1/1023
f 1699/1/1034 1698/1/1031 590/1/1024 582/1/1010
f 1699/1/1034 1697/1/1030 593/1/1032 581/1/1009
f 1697/1/1030 1699/1/1034 582/1/1010 594/1/1033
f 1700/1/1035 1701/1/1036 595/1/1037 591/1/1027
f 1701/1/1036 1700/1/1035 592/1/1028 596/1/1038
f 1701/1/1036 1702/1/1039 587/1/1017 595/1/1037
f 1702/1/1039 1701/1/1036 596/1/1038 588/1/1018
f 1702/1/1039 1700/1/1035 591/1/1027 587/1/1017
f 1700/1/1035 1702/1/1039 588/1/1018 592/1/1028
f 1703/1/1040 1704/1/1041 581/1/1009 593/1/1032
f 1704/1/1041 1703/1/1040 594/1/1033 582/1/1010
f 1704/1/1041 1705/1/1042 597/1/1043 581/1/1009
f 1705/1/1042 1704/1/1041 582/1/1010 598/1/1044
f 1705/1/1042 1703/1/1040 593/1/1032 597/1/1043
f 1703/1/1040 1705/1/1042 598/1/1044 594/1/1033
f 1706/1/1045 1707/1/1046 599/1/1047 591/1/1027
f 1707/1/1046 1706/1/1045 592/1/1028 600/1/1048
f 1707/1/1046 1708/1/1049 595/1/1037 599/1/1047
f 1708/1/1049 1707/1/1046 600/1/1048 596/1/1038
f 1708/1/1049 1706/1/1045 591/1/1027 595/1/1037
f 1706/1/1045 1708/1/1049 596/1/1038 592/1/1028
f 1709/1/1050 1710/1/1051 593/1/1032 601/1/1052
f 1710/1/1051 1709/1/1050 602/1/1053 594/1/1033
f 1710/1/1051 1711/1/1054 597/1/1043 593/1/1032
f 1711/1/1054 1710/1/1051 594/1/1033 598/1/1044
f 1711/1/1054 1709/1/1050 601/1/1052 597/1/1043
f 1709/1/1050 1711/1/1054 598/1/1044 602/1/1053
f 1712/1/1055 1713/1/1056 595/1/1037 601/1/1052
f 1713/1/1056 1712/1/1055 602/1/1053 596/1/1038
f 1713/1/1056 1714/1/1057 599/1/1047 595/1/1037
f 1714/1/1057 1713/1/1056 596/1/1038 600/1/1048
f 1714/1/1057 1712/1/1055 601/1/1052 599/1/1047
f 1712/1/1055 1714/1/1057 600/1/1048 602/1/1053
f 1715/1/1058 1716/1/1059 603/1/1060 597/1/1043
f 1716/1/1059 1715/1/1058 598/1/1044 604/1/1061
f 1716/1/1059 1717/1/1062 601/1/1052 603/1/1060
f 1717/1/1062 1716/1/1059 604/1/1061 602/1/1053
f 1717/1/1062 1715/1/1058 597/1/1043 601/1/1052
f 1715/1/1058 1717/1/1062 602/1/1053 598/1/1044
f 1718/1/1063 1719/1/1064 601/1/1052 595/1/1037
f 1719/1/1064 1718/1/1063 596/1/1038 602/1/1053
f 1719/1/1064 1720/1/1065 603/1/1060 601/1/1052
f 1720/1/1065 1719/1/1064 602/1/1053 604/1/1061
f 1720/1/1065 1718/1/1063 595/1/1037 603/1/1060
f 1718/1/1063 1720/1/1065 604/1/1061 596/1/1038
f 1721/1/1066 1722/1/1067 607/1/1068 605/1/1069
f 1722/1/1067 1721/1/1066 606/1/1070 608/1/1071
f 1722/1/1067 1723/1/1072 609/1/1073 607/1/1068
f 1723/1/1072 1722/1/1067 608/1/1071 610/1/1074
f 1723/1/1072 1721/1/1066 605/1/1069 609/1/1073
f 1721/1/1066 1723/1/1072 610/1/1074 606/1/1070
f 1724/1/1075 1725/1/1076 609/1/1073 611/1/1077
f 1725/1/1076 1724/1/1075 612/1/1078 610/1/1074
f 1725/1/1076 1726/1/1079 607/1/1068 609/1/1073
f 1726/1/1079 1725/1/1076 610/1/1074 608/1/1071
f 1726/1/1079 1724/1/1075 611/1/1077 607/1/1068
f 1724/1/1075 1726/1/1079 608/1/1071 612/1/1078
f 1727/1/1080 1728/1/1081 609/1/1073 605/1/1069
f 1728/1/1081 1727/1/1080 606/1/1070 610/1/1074
f 1728/1/1081 1729/1/1082 613/1/1083 609/1/1073
f 1729/1/1082 1728/1/1081 610/1/1074 614/1/1084
f 1729/1/1082 1727/1/1080 605/1/1069 613/1/1083
f 1727/1/1080 1729/1/1082 614/1/1084 606/1/1070
f 1730/1/1085 1731/1/1086 611/1/1077 609/1/1073
f 1731/1/1086 1730/1/1085 610/1/1074 612/1/1078
f 1731/1/1086 1732/1/1087 615/1/1088 611/1/1077
f 1732/1/1087 1731/1/1086 612/1/1078 616/1/1089
f 1732/1/1087 1730/1/1085 609/1/1073 615/1/1088
f 1730/1/1085 1732/1/1087 616/1/1089 610/1/1074
f 1733/1/1090 1734/1/1091 605/1/1069 617/1/1092
f 1734/1/1091 1733/1/1090 618/1/1093 606/1/1070
f 1734/1/1091 1735/1/1094 613/1/1083 605/1/1069
f 1735/1/1094 1734/1/1091 606/1/1070 614/1/1084
f 1735/1/1094 1733/1/1090 617/1/1092 613/1/1083
f 1733/1/1090 1735/1/1094 614/1/1084 618/1/1093
f 1736/1/1095 1737/1/1096 615/1/1088 619/1/1097
f 1737/1/1096 1736/1/1095 620/1/1098 616/1/1089
f 1737/1/1096 1738/1/1099 611/1/1077 615/1/1088
f 1738/1/1099 1737/1/1096 616/1/1089 612/1/1078
f 1738/1/1099 1736/1/1095 619/1/1097 611/1/1077
f 1736/1/1095 1738/1/1099 612/1/1078 620/1/1098
f 1739/1/1100 1740/1/1101 617/1/1092 605/1/1069
f 1740/1/1101 1739/1/1100 606/1/1070 618/1/1093
f 1740/1/1101 1741/1/1102 621/1/1103 617/1/1092
f 1741/1/1102 1740/1/1101 618/1/1093 622/1/1104
f 1741/1/1102 1739/1/1100 605/1/1069 621/1/1103
f 1739/1/1100 1741/1/1102 622/1/1104 606/1/1070
f 1742/1/1105 1743/1/1106 619/1/1097 615/1/1088
f 1743/1/1106 1742/1/1105 616/1/1089 620/1/1098
f 1743/1/1106 1744/1/1107 623/1/1108 619/1/1097
f 1744/1/1107 1743/1/1106 620/1/1098 624/1/1109
f 1744/1/1107 1742/1/1105 615/1/1088 623/1/1108
f 1742/1/1105 1744/1/1107 624/1/1109 616/1/1089
f 1745/1/1110 1746/1/1111 621/1/1103 625/1/1112
f 1746/1/1111 1745/1/1110 626/1/1113 622/1/1104
f 1746/1/1111 1747/1/1114 617/1/1092 621/1/1103
f 1747/1/1114 1746/1/1111 622/1/1104 618/1/1093
f 1747/1/1114 1745/1/1110 625/1/1112 617/1/1092
f 1745/1/1110 1747/1/1114 618/1/1093 626/1/1113
f 1748/1/1115 1749/1/1116 625/1/1112 619/1/1097
f 1749/1/1116 1748/1/1115 620/1/1098 626/1/1113
f 1749/1/1116 1750/1/1117 623/1/1108 625/1/1112
f 1750/1/1117 1749/1/1116 626/1/1113 624/1/1109
f 1750/1/1117 1748/1/1115 619/1/1097 623/1/1108
f 1748/1/1115 1750/1/1117 624/1/1109 620/1/1098
f 1751/1/1118 1752/1/1119 625/1/1112 621/1/1103
f 1752/1/1119 1751/1/1118 622/1/1104 626/1/1113
f 1752/1/1119 1753/1/1120 627/1/1121 625/1/1112
f 1753/1/1120 1752/1/1119 626/1/1113 628/1/1122
f 1753/1/1120 1751/1/1118 621/1/1103 627/1/1121
f 1751/1/1118 1753/1/1120 628/1/1122 622/1/1104
f 1754/1/1123 1755/1/1124 619/1/1097 625/1/1112
f 1755/1/1124 1754/1/1123 626/1/1113 620/1/1098
f 1755/1/1124 1756/1/1125 627/1/1121 619/1/1097
f 1756/1/1125 1755/1/1124 620/1/1098 628/1/1122
f 1756/1/1125 1754/1/1123 625/1/1112 627/1/1121
f 1754/1/1123 1756/1/1125 628/1/1122 626/1/1113
f 1757/1/1126 1758/1/1127 631/1/1128 629/1/1129
f 1758/1/1127 1757/1/1126 630/1/1130 632/1/1131
f 1758/1/1127 1759/1/1132 633/1/1133 631/1/1128
f 1759/1/1132 1758/1/1127 632/1/1131 634/1/1134
f 1759/1/1132 1757/1/1126 629/1/1129 633/1/1133
f 1757/1/1126 1759/1/1132 634/1/1134 630/1/1130
f 1760/1/1135 1761/1/1136 635/1/1137 631/1/1128
f 1761/1/1136 1760/1/1135 632/1/1131 636/1/1138
f 1761/1/1136 1762/1/1139 633/1/1133 635/1/1137
f 1762/1/1139 1761/1/1136 636/1/1138 634/1/1134
f 1762/1/1139 1760/1/1135 631/1/1128 633/1/1133
f 1760/1/1135 1762/1/1139 634/1/1134 632/1/1131
f 1763/1/1140 1764/1/1141 633/1/1133 629/1/1129
f 1764/1/1141 1763/1/1140 630/1/1130 634/1/1134
f 1764/1/1141 1765/1/1142 637/1/1143 633/1/1133
f 1765/1/1142 1764/1/1141 634/1/1134 638/1/1144
f 1765/1/1142 1763/1/1140 629/1/1129 637/1/1143
f 1763/1/1140 1765/1/1142 638/1/1144 630/1/1130
f 1766/1/1145 1767/1/1146 631/1/1128 635/1/1137
f 1767/1/1146 1766/1/1145 636/1/1138 632/1/1131
f 1767/1/1146 1768/1/1147 639/1/1148 631/1/1128
f 1768/1/1147 1767/1/1146 632/1/1131 640/1/1149
f 1768/1/1147 1766/1/1145 635/1/1137 639/1/1148
f 1766/1/1145 1768/1/1147 640/1/1149 636/1/1138
f 1769/1/1150 1770/1/1151 641/1/1152 637/1/1143
f 1770/1/1151 1769/1/1150 638/1/1144 642/1/1153
f 1770/1/1151 1771/1/1154 629/1/1129 641/1/1152
f 1771/1/1154 1770/1/1151 642/1/1153 630/1/1130
f 1771/1/1154 1769/1/1150 637/1/1143 629/1/1129
f 1769/1/1150 1771/1/1154 630/1/1130 638/1/1144
f 1772/1/1155 1773/1/1156 643/1/1157 639/1/1148
f 1773/1/1156 1772/1/1155 640/1/1149 644/1/1158
f 1773/1/1156 1774/1/1159 635/1/1137 643/1/1157
f 1774/1/1159 1773/1/1156 644/1/1158 636/1/1138
f 1774/1/1159 1772/1/1155 639/1/1148 635/1/1137
f 1772/1/1155 1774/1/1159 636/1/1138 640/1/1149
f 1775/1/1160 1776/1/1161 637/1/1143 641/1/1152
f 1776/1/1161 1775/1/1160 642/1/1153 638/1/1144
f 1776/1/1161 1777/1/1162 645/1/1163 637/1/1143
f 1777/1/1162 1776/1/1161 638/1/1144 646/1/1164
f 1777/1/1162 1775/1/1160 641/1/1152 645/1/1163
f 1775/1/1160 1777/1/1162 646/1/1164 642/1/1153
f 1778/1/1165 1779/1/1166 647/1/1167 639/1/1148
f 1779/1/1166 1778/1/1165 640/1/1149 648/1/1168
f 1779/1/1166 1780/1/1169 643/1/1157 647/1/1167
f 1780/1/1169 1779/1/1166 648/1/1168 644/1/1158
f 1780/1/1169 1778/1/1165 639/1/1148 643/1/1157
f 1778/1/1165 1780/1/1169 644/1/1158 640/1/1149
f 1781/1/1170 1782/1/1171 641/1/1152 649/1/1172
f 1782/1/1171 1781/1/1170 650/1/1173 642/1/1153
f 1782/1/1171 1783/1/1174 645/1/1163 641/1/1152
f 1783/1/1174 1782/1/1171 642/1/1153 646/1/1164
f 1783/1/1174 1781/1/1170 649/1/1172 645/1/1163
f 1781/1/1170 1783/1/1174 646/1/1164 650/1/1173
f 1784/1/1175 1785/1/1176 651/1/1177 647/1/1167
f 1785/1/1176 1784/1/1175 648/1/1168 652/1/1178
f 1785/1/1176 1786/1/1179 643/1/1157 651/1/1177
f 1786/1/1179 1785/1/1176 652/1/1178 644/1/1158
f 1786/1/1179 1784/1/1175 647/1/1167 643/1/1157
f 1784/1/1175 1786/1/1179 644/1/1158 648/1/1168
f 1787/1/1180 1788/1/1181 645/1/1163 649/1/1172
f 1788/1/1181 1787/1/1180 650/1/1173 646/1/1164
f 1788/1/1181 1789/1/1182 653/1/1183 645/1/1163
f 1789/1/1182 1788/1/1181 646/1/1164 654/1/1184
f 1789/1/1182 1787/1/1180 649/1/1172 653/1/1183
f 1787/1/1180 1789/1/1182 654/1/1184 650/1/1173
f 1790/1/1185 1791/1/1186 647/1/1167 651/1/1177
f 1791/1/1186 1790/1/1185 652/1/1178 648/1/1168
f 1791/1/1186 1792/1/1187 655/1/1188 647/1/1167
f 1792/1/1187 1791/1/1186 648/1/1168 656/1/1189
f 1792/1/1187 1790/1/1185 651/1/1177 655/1/1188
f 1790/1/1185 1792/1/1187 656/1/1189 652/1/1178
f 1793/1/1190 1794/1/1191 649/1/1172 657/1/1192
f 1794/1/1191 1793/1/1190 658/1/1193 650/1/1173
f 1794/1/1191 1795/1/1194 653/1/1183 649/1/1172
f 1795/1/1194 1794/1/1191 650/1/1173 654/1/1184
f 1795/1/1194 1793/1/1190 657/1/1192 653/1/1183
f 1793/1/1190 1795/1/1194 654/1/1184 658/1/1193
f 1796/1/1195 1797/1/1196 657/1/1192 655/1/1188
f 1797/1/1196 1796/1/1195 656/1/1189 658/1/1193
f 1797/1/1196 1798/1/1197 651/1/1177 657/1/1192
f 1798/1/1197 1797/1/1196 658/1/1193 652/1/1178
f 1798/1/1197 1796/1/1195 655/1/1188 651/1/1177
f 1796/1/1195 1798/1/1197 652/1/1178 656/1/1189
f 1799/1/1198 1800/1/1199 657/1/1192 649/1/1172
f 1800/1/1199 1799/1/1198 650/1/1173 658/1/1193
f 1800/1/1199 1801/1/1200 659/1/1201 657/1/1192
f 1801/1/1200 1800/1/1199 658/1/1193 660/1/1202
f 1801/1/1200 1799/1/1198 649/1/1172 659/1/1201
f 1799/1/1198 1801/1/1200 660/1/1202 650/1/1173
f 1802/1/1203 1803/1/1204 659/1/1201 655/1/1188
f 1803/1/1204 1802/1/1203 656/1/1189 660/1/1202
f 1803/1/1204 1804/1/1205 657/1/1192 659/1/1201
f 1804/1/1205 1803/1/1204 660/1/1202 658/1/1193
f 1804/1/1205 1802/1/1203 655/1/1188 657/1/1192
f 1802/1/1203 1804/1/1205 658/1/1193 656/1/1189
f 1805/1/1206 1806/1/1207 663/1/1208 661/1/1209
f 1806/1/1207 1805/1/1206 662/1/1210 664/1/1211
f 1806/1/1207 1807/1/1212 665/1/1213 663/1/1208
f 1807/1/1212 1806/1/1207 664/1/1211 666/1/1214
f 1807/1/1212 1805/1/1206 661/1/1209 665/1/1213
f 1805/1/1206 1807/1/1212 666/1/1214 662/1/1210
f 1808/1/1215 1809/1/1216 663/1/1208 665/1/1213
f 1809/1/1216 1808/1/1215 666/1/1214 664/1/1211
f 1809/1/1216 1810/1/1217 667/1/1218 663/1/1208
f 1810/1/1217 1809/1/1216 664/1/1211 668/1/1219
f 1810/1/1217 1808/1/1215 665/1/1213 667/1/1218
f 1808/1/1215 1810/1/1217 668/1/1219 666/1/1214
f 1811/1/1220 1812/1/1221 661/1/1209 663/1/1208
f 1812/1/1221 1811/1/1220 664/1/1211 662/1/1210
f 1812/1/1221 1813/1/1222 669/1/1223 661/1/1209
f 1813/1/1222 1812/1/1221 662/1/1210 670/1/1224
f 1813/1/1222 1811/1/1220 663/1/1208 669/1/1223
f 1811/1/1220 1813/1/1222 670/1/1224 664/1/1211
f 1814/1/1225 1815/1/1226 665/1/1213 671/1/1227
f 1815/1/1226 1814/1/1225 672/1/1228 666/1/1214
f 1815/1/1226 1816/1/1229 667/1/1218 665/1/1213
f 1816/1/1229 1815/1/1226 666/1/1214 668/1/1219
f 1816/1/1229 1814/1/1225 671/1/1227 667/1/1218
f 1814/1/1225 1816/1/1229 668/1/1219 672/1/1228
f 1817/1/1230 1818/1/1231 673/1/1232 661/1/1209
f 1818/1/1231 1817/1/1230 662/1/1210 674/1/1233
f 1818/1/1231 1819/1/1234 669/1/1223 673/1/1232
f 1819/1/1234 1818/1/1231 674/1/1233 670/1/1224
f 1819/1/1234 1817/1/1230 661/1/1209 669/1/1223
f 1817/1/1230 1819/1/1234 670/1/1224 662/1/1210
f 1820/1/1235 1821/1/1236 671/1/1227 675/1/1237
f 1821/1/1236 1820/1/1235 676/1/1238 672/1/1228
f 1821/1/1236 1822/1/1239 667/1/1218 671/1/1227
f 1822/1/1239 1821/1/1236 672/1/1228 668/1/1219
f 1822/1/1239 1820/1/1235 675/1/1237 667/1/1218
f 1820/1/1235 1822/1/1239 668/1/1219 676/1/1238
f 1823/1/1240 1824/1/1241 661/1/1209 673/1/1232
f 1824/1/1241 1823/1/1240 674/1/1233 662/1/1210
f 1824/1/1241 1825/1/1242 677/1/1243 661/1/1209
f 1825/1/1242 1824/1/1241 662/1/1210 678/1/1244
f 1825/1/1242 1823/1/1240 673/1/1232 677/1/1243
f 1823/1/1240 1825/1/1242 678/1/1244 674/1/1233
f 1826/1/1245 1827/1/1246 675/1/1237 671/1/1227
f 1827/1/1246 1826/1/1245 672/1/1228 676/1/1238
f 1827/1/1246 1828/1/1247 679/1/1248 675/1/1237
f 1828/1/1247 1827/1/1246 676/1/1238 680/1/1249
f 1828/1/1247 1826/1/1245 671/1/1227 679/1/1248
f 1826/1/1245 1828/1/1247 680/1/1249 672/1/1228
f 1829/1/1250 1830/1/1251 673/1/1232 681/1/1252
f 1830/1/1251 1829/1/1250 682/1/1253 674/1/1233
f 1830/1/1251 1831/1/1254 677/1/1243 673/1/1232
f 1831/1/1254 1830/1/1251 674/1/1233 678/1/1244
f 1831/1/1254 1829/1/1250 681/1/1252 677/1/1243
f 1829/1/1250 1831/1/1254 678/1/1244 682/1/1253
f 1832/1/1255 1833/1/1256 683/1/1257 675/1/1237
f 1833/1/1256 1832/1/1255 676/1/1238 684/1/1258
f 1833/1/1256 1834/1/1259 679/1/1248 683/1/1257
f 1834/1/1259 1833/1/1256 684/1/1258 680/1/1249
f 1834/1/1259 1832/1/1255 675/1/1237 679/1/1248
f 1832/1/1255 1834/1/1259 680/1/1249 676/1/1238
f 1835/1/1260 1836/1/1261 681/1/1252 673/1/1232
f 1836/1/1261 1835/1/1260 674/1/1233 682/1/1253
f 1836/1/1261 1837/1/1262 685/1/1263 681/1/1252
f 1837/1/1262 1836/1/1261 682/1/1253 686/1/1264
f 1837/1/1262 1835/1/1260 673/1/1232 685/1/1263
f 1835/1/1260 1837/1/1262 686/1/1264 674/1/1233
f 1838/1/1265 1839/1/1266 683/1/1257 679/1/1248
f 1839/1/1266 1838/1/1265 680/1/1249 684/1/1258
f 1839/1/1266 1840/1/1267 687/1/1268 683/1/1257
f 1840/1/1267 1839/1/1266 684/1/1258 688/1/1269
f 1840/1/1267 1838/1/1265 679/1/1248 687/1/1268
f 1838/1/1265 1840/1/1267 688/1/1269 680/1/1249
f 1841/1/1270 1842/1/1271 685/1/1263 689/1/1272
f 1842/1/1271 1841/1/1270 690/1/1273 686/1/1264
f 1842/1/1271 1843/1/1274 681/1/1252 685/1/1263
f 1843/1/1274 1842/1/1271 686/1/1264 682/1/1253
f 1843/1/1274 1841/1/1270 689/1/1272 681/1/1252
f 1841/1/1270 1843/1/1274 682/1/1253 690/1/1273
f 1844/1/1275 1845/1/1276 687/1/1268 691/1/1277
f 1845/1/1276 1844/1/1275 692/1/1278 688/1/1269
f 1845/1/1276 1846/1/1279 683/1/1257 687/1/1268
f 1846/1/1279 1845/1/1276 688/1/1269 684/1/1258
f 1846/1/1279 1844/1/1275 691/1/1277 683/1/1257
f 1844/1/1275 1846/1/1279 684/1/1258 692/1/1278
f 1847/1/1280 1848/1/1281 689/1/1272 685/1/1263
f 1848/1/1281 1847/1/1280 686/1/1264 690/1/1273
f 1848/1/1281 1849/1/1282 691/1/1277 689/1/1272
f 1849/1/1282 1848/1/1281 690/1/1273 692/1/1278
f 1849/1/1282 1847/1/1280 685/1/1263 691/1/1277
f 1847/1/1280 1849/1/1282 692/1/1278 686/1/1264
f 1850/1/1283 1851/1/1284 691/1/1277 687/1/1268
f 1851/1/1284 1850/1/1283 688/1/1269 692/1/1278
f 1851/1/1284 1852/1/1285 689/1/1272 691/1/1277
f 1852/1/1285 1851/1/1284 692/1/1278 690/1/1273
f 1852/1/1285 1850/1/1283 687/1/1268 689/1/1272
f 1850/1/1283 1852/1/1285 690/1/1273 688/1/1269
f 1853/1/1286 1854/1/1287 695/1/1288 693/1/1289
f 1854/1/1287 1853/1/1286 694/1/1290 696/1/1291
f 1854/1/1287 1855/1/1292 697/1/1293 695/1/1288
f 1855/1/1292 1854/1/1287 696/1/1291 698/1/1294
f 1855/1/1292 1853/1/1286 693/1/1289 697/1/1293
f 1853/1/1286 1855/1/1292 698/1/1294 694/1/1290
f 1856/1/1295 1857/1/1296 693/1/1289 695/1/1288
f 1857/1/1296 1856/1/1295 696/1/1291 694/1/1290
f 1857/1/1296 1858/1/1297 699/1/1298 693/1/1289
f 1858/1/1297 1857/1/1296 694/1/1290 700/1/1299
f 1858/1/1297 1856/1/1295 695/1/1288 699/1/1298
f 1856/1/1295 1858/1/1297 700/1/1299 696/1/1291
f 1859/1/1300 1860/1/1301 697/1/1293 701/1/1302
f 1860/1/1301 1859/1/1300 702/1/1303 698/1/1294
f 1860/1/1301 1861/1/1304 695/1/1288 697/1/1293
f 1861/1/1304 1860/1/1301 698/1/1294 696/1/1291
f 1861/1/1304 1859/1/1300 701/1/1302 695/1/1288
f 1859/1/1300 1861/1/1304 696/1/1291 702/1/1303
f 1862/1/1305 1863/1/1306 701/1/1302 697/1/1293
f 1863/1/1306 1862/1/1305 698/1/1294 702/1/1303
f 1863/1/1306 1864/1/1307 703/1/1308 701/1/1302
f 1864/1/1307 1863/1/1306 702/1/1303 704/1/1309
f 1864/1/1307 1862/1/1305 697/1/1293 703/1/1308
f 1862/1/1305 1864/1/1307 704/1/1309 698/1/1294
f 1865/1/1306 1866/1/1305 707/1/1294 705/1/1303
f 1866/1/1305 1865/1/1306 706/1/1302 708/1/1293
f 1866/1/1305 1867/1/1307 709/1/1309 707/1/1294
f 1867/1/1307 1866/1/1305 708/1/1293 710/1/1308
f 1867/1/1307 1865/1/1306 705/1/1303 709/1/1309
f 1865/1/1306 1867/1/1307 710/1/1308 706/1/1302
f 1868/1/1301 1869/1/1300 705/1/1303 707/1/1294
f 1869/1/1300 1868/1/1301 708/1/1293 706/1/1302
f 1869/1/1300 1870/1/1304 711/1/1291 705/1/1303
f 1870/1/1304 1869/1/1300 706/1/1302 712/1/1288
f 1870/1/1304 1868/1/1301 707/1/1294 711/1/1291
f 1868/1/1301 1870/1/1304 712/1/1288 708/1/1293
f 1871/1/1286 1872/1/1292 707/1/1294 713/1/1290
f 1872/1/1292 1871/1/1286 714/1/1289 708/1/1293
f 1872/1/1292 1873/1/1287 711/1/1291 707/1/1294
f 1873/1/1287 1872/1/1292 708/1/1293 712/1/1288
f 1873/1/1287 1871/1/1286 713/1/1290 711/1/1291
f 1871/1/1286 1873/1/1287 712/1/1288 714/1/1289
f 1874/1/1296 1875/1/1295 711/1/1291 713/1/1290
f 1875/1/1295 1874/1/1296 714/1/1289 712/1/1288
f 1875/1/1295 1876/1/1297 715/1/1299 711/1/1291
f 1876/1/1297 1875/1/1295 712/1/1288 716/1/1298
f 1876/1/1297 1874/1/1296 713/1/1290 715/1/1299
f 1874/1/1296 1876/1/1297 716/1/1298 714/1/1289
f 1877/1/1310 1878/1/1311 719/1/1312 717/1/1313
f 1878/1/1311 1877/1/1310 718/1/1314 720/1/1315
f 1878/1/1311 1879/1/1316 721/1/1317 719/1/1312
f 1879/1/1316 1878/1/1311 720/1/1315 722/1/1318
f 1879/1/1316 1877/1/1310 717/1/1313 721/1/1317
f 1877/1/1310 1879/1/1316 722/1/1318 718/1/1314
f 1880/1/1319 1881/1/1320 721/1/1317 723/1/1321
f 1881/1/1320 1880/1/1319 724/1/1322 722/1/1318
f 1881/1/1320 1882/1/1323 719/1/1312 721/1/1317
f 1882/1/1323 1881/1/1320 722/1/1318 720/1/1315
f 1882/1/1323 1880/1/1319 723/1/1321 719/1/1312
f 1880/1/1319 1882/1/1323 720/1/1315 724/1/1322
f 1883/1/1324 1884/1/1325 721/1/1317 717/1/1313
f 1884/1/1325 1883/1/1324 718/1/1314 722/1/1318
f 1884/1/1325 1885/1/1326 725/1/1327 721/1/1317
f 1885/1/1326 1884/1/1325 722/1/1318 726/1/1328
f 1885/1/1326 1883/1/1324 717/1/1313 725/1/1327
f 1883/1/1324 1885/1/1326 726/1/1328 718/1/1314
f 1886/1/1329 1887/1/1330 727/1/1331 719/1/1312
f 1887/1/1330 1886/1/1329 720/1/1315 728/1/1332
f 1887/1/1330 1888/1/1333 723/1/1321 727/1/1331
f 1888/1/1333 1887/1/1330 728/1/1332 724/1/1322
f 1888/1/1333 1886/1/1329 719/1/1312 723/1/1321
f 1886/1/1329 1888/1/1333 724/1/1322 720/1/1315
f 1889/1/1334 1890/1/1335 729/1/1336 725/1/1327
f 1890/1/1335 1889/1/1334 726/1/1328 730/1/1337
f 1890/1/1335 1891/1/1338 717/1/1313 729/1/1336
f 1891/1/1338 1890/1/1335 730/1/1337 718/1/1314
f 1891/1/1338 1889/1/1334 725/1/1327 717/1/1313
f 1889/1/1334 1891/1/1338 718/1/1314 726/1/1328
f 1892/1/1339 1893/1/1340 719/1/1312 727/1/1331
f 1893/1/1340 1892/1/1339 728/1/1332 720/1/1315
f 1893/1/1340 1894/1/1341 731/1/1342 719/1/1312
f 1894/1/1341 1893/1/1340 720/1/1315 732/1/1343
f 1894/1/1341 1892/1/1339 727/1/1331 731/1/1342
f 1892/1/1339 1894/1/1341 732/1/1343 728/1/1332
f 1895/1/1344 1896/1/1345 733/1/1346 731/1/1342
f 1896/1/1345 1895/1/1344 732/1/1343 734/1/1347
f 1896/1/1345 1897/1/1348 727/1/1331 733/1/1346
f 1897/1/1348 1896/1/1345 734/1/1347 728/1/1332
f 1897/1/1348 1895/1/1344 731/1/1342 727/1/1331
f 1895/1/1344 1897/1/1348 728/1/1332 732/1/1343
f 1898/1/1349 1899/1/1350 731/1/1342 733/1/1346
f 1899/1/1350 1898/1/1349 734/1/1347 732/1/1343
f 1899/1/1350 1900/1/1351 735/1/1352 731/1/1342
f 1900/1/1351 1899/1/1350 732/1/1343 736/1/1353
f 1900/1/1351 1898/1/1349 733/1/1346 735/1/1352
f 1898/1/1349 1900/1/1351 736/1/1353 734/1/1347
f 1901/1/1354 1902/1/1355 717/1/1313 737/1/1356
f 1902/1/1355 1901/1/1354 738/1/1357 718/1/1314
f 1902/1/1355 1903/1/1358 729/1/1336 717/1/1313
f 1903/1/1358 1902/1/1355 718/1/1314 730/1/1337
f 1903/1/1358 1901/1/1354 737/1/1356 729/1/1336
f 1901/1/1354 1903/1/1358 730/1/1337 738/1/1357
f 1904/1/1359 1905/1/1360 729/1/1336 737/1/1356
f 1905/1/1360 1904/1/1359 738/1/1357 730/1/1337
f 1905/1/1360 1906/1/1361 739/1/1362 729/1/1336
f 1906/1/1361 1905/1/1360 730/1/1337 740/1/1363
f 1906/1/1361 1904/1/1359 737/1/1356 739/1/1362
f 1904/1/1359 1906/1/1361 740/1/1363 738/1/1357
f 1907/1/1364 1908/1/1365 741/1/1366 739/1/1362
f 1908/1/1365 1907/1/1364 740/1/1363 742/1/1367
f 1908/1/1365 1909/1/1368 737/1/1356 741/1/1366
f 1909/1/1368 1908/1/1365 742/1/1367 738/1/1357
f 1909/1/1368 1907/1/1364 739/1/1362 737/1/1356
f 1907/1/1364 1909/1/1368 738/1/1357 740/1/1363
f 1910/1/1369 1911/1/1370 737/1/1356 743/1/1371
f 1911/1/1370 1910/1/1369 744/1/1372 738/1/1357
f 1911/1/1370 1912/1/1373 741/1/1366 737/1/1356
f 1912/1/1373 1911/1/1370 738/1/1357 742/1/1367
f 1912/1/1373 1910/1/1369 743/1/1371 741/1/1366
f 1910/1/1369 1912/1/1373 742/1/1367 744/1/1372
f 1913/1/1374 1914/1/1375 745/1/1376 741/1/1366
f 1914/1/1375 1913/1/1374 742/1/1367 746/1/1377
f 1914/1/1375 1915/1/1378 743/1/1371 745/1/1376
f 1915/1/1378 1914/1/1375 746/1/1377 744/1/1372
f 1915/1/1378 1913/1/1374 741/1/1366 743/1/1371
f 1913/1/1374 1915/1/1378 744/1/1372 742/1/1367
f 1916/1/1354 1917/1/1358 749/1/1337 747/1/1357
f 1917/1/1358 1916/1/1354 748/1/1356 750/1/1336
f 1917/1/1358 1918/1/1355 751/1/1314 749/1/1337
f 1918/1/1355 1917/1/1358 750/1/1336 752/1/1313
f 1918/1/1355 1916/1/1354 747/1/1357 751/1/1314
f 1916/1/1354 1918/1/1355 752/1/1313 748/1/1356
f 1919/1/1335 1920/1/1334 753/1/1328 749/1/1337
f 1920/1/1334 1919/1/1335 750/1/1336 754/1/1327
f 1920/1/1334 1921/1/1338 751/1/1314 753/1/1328
f 1921/1/1338 1920/1/1334 754/1/1327 752/1/1313
f 1921/1/1338 1919/1/1335 749/1/1337 751/1/1314
f 1919/1/1335 1921/1/1338 752/1/1313 750/1/1336
f 1922/1/1360 1923/1/1359 747/1/1357 749/1/1337
f 1923/1/1359 1922/1/1360 750/1/1336 748/1/1356
f 1923/1/1359 1924/1/1361 755/1/1363 747/1/1357
f 1924/1/1361 1923/1/1359 748/1/1356 756/1/1362
f 1924/1/1361 1922/1/1360 749/1/1337 755/1/1363
f 1922/1/1360 1924/1/1361 756/1/1362 750/1/1336
f 1925/1/1325 1926/1/1324 751/1/1314 757/1/1318
f 1926/1/1324 1925/1/1325 758/1/1317 752/1/1313
f 1926/1/1324 1927/1/1326 753/1/1328 751/1/1314
f 1927/1/1326 1926/1/1324 752/1/1313 754/1/1327
f 1927/1/1326 1925/1/1325 757/1/1318 753/1/1328
f 1925/1/1325 1927/1/1326 754/1/1327 758/1/1317
f 1928/1/1365 1929/1/1364 755/1/1363 759/1/1367
f 1929/1/1364 1928/1/1365 760/1/1366 756/1/1362
f 1929/1/1364 1930/1/1368 747/1/1357 755/1/1363
f 1930/1/1368 1929/1/1364 756/1/1362 748/1/1356
f 1930/1/1368 1928/1/1365 759/1/1367 747/1/1357
f 1928/1/1365 1930/1/1368 748/1/1356 760/1/1366
f 1931/1/1369 1932/1/1373 759/1/1367 761/1/1372
f 1932/1/1373 1931/1/1369 762/1/1371 760/1/1366
f 1932/1/1373 1933/1/1370 747/1/1357 759/1/1367
f 1933/1/1370 1932/1/1373 760/1/1366 748/1/1356
f 1933/1/1370 1931/1/1369 761/1/1372 747/1/1357
f 1931/1/1369 1933/1/1370 748/1/1356 762/1/1371
f 1934/1/1374 1935/1/1378 761/1/1372 759/1/1367
f 1935/1/1378 1934/1/1374 760/1/1366 762/1/1371
f 1935/1/1378 1936/1/1375 763/1/1377 761/1/1372
f 1936/1/1375 1935/1/1378 762/1/1371 764/1/1376
f 1936/1/1375 1934/1/1374 759/1/1367 763/1/1377
f 1934/1/1374 1936/1/1375 764/1/1376 760/1/1366
f 1937/1/1311 1938/1/1310 751/1/1314 765/1/1315
f 1938/1/1310 1937/1/1311 766/1/1312 752/1/1313
f 1938/1/1310 1939/1/1316 757/1/1318 751/1/1314
f 1939/1/1316 1938/1/1310 752/1/1313 758/1/1317
f 1939/1/1316 1937/1/1311 765/1/1315 757/1/1318
f 1937/1/1311 1939/1/1316 758/1/1317 766/1/1312
f 1940/1/1320 1941/1/1319 767/1/1322 757/1/1318
f 1941/1/1319 1940/1/1320 758/1/1317 768/1/1321
f 1941/1/1319 1942/1/1323 765/1/1315 767/1/1322
f 1942/1/1323 1941/1/1319 768/1/1321 766/1/1312
f 1942/1/1323 1940/1/1320 757/1/1318 765/1/1315
f 1940/1/1320 1942/1/1323 766/1/1312 758/1/1317
f 1943/1/1330 1944/1/1329 765/1/1315 769/1/1332
f 1944/1/1329 1943/1/1330 770/1/1331 766/1/1312
f 1944/1/1329 1945/1/1333 767/1/1322 765/1/1315
f 1945/1/1333 1944/1/1329 766/1/1312 768/1/1321
f 1945/1/1333 1943/1/1330 769/1/1332 767/1/1322
f 1943/1/1330 1945/1/1333 768/1/1321 770/1/1331
f 1946/1/1340 1947/1/1339 769/1/1332 765/1/1315
f 1947/1/1339 1946/1/1340 766/1/1312 770/1/1331
f 1947/1/1339 1948/1/1341 771/1/1343 769/1/1332
f 1948/1/1341 1947/1/1339 770/1/1331 772/1/1342
f 1948/1/1341 1946/1/1340 765/1/1315 771/1/1343
f 1946/1/1340 1948/1/1341 772/1/1342 766/1/1312
f 1949/1/1345 1950/1/1344 771/1/1343 773/1/1347
f 1950/1/1344 1949/1/1345 774/1/1346 772/1/1342
f 1950/1/1344 1951/1/1348 769/1/1332 771/1/1343
f 1951/1/1348 1950/1/1344 772/1/1342 770/1/1331
f 1951/1/1348 1949/1/1345 773/1/1347 769/1/1332
f 1949/1/1345 1951/1/1348 770/1/1331 774/1/1346
f 1952/1/1350 1953/1/1349 773/1/1347 771/1/1343
f 1953/1/1349 1952/1/1350 772/1/1342 774/1/1346
f 1953/1/1349 1954/1/1351 775/1/1353 773/1/1347
f 1954/1/1351 1953/1/1349 774/1/1346 776/1/1352
f 1954/1/1351 1952/1/1350 771/1/1343 775/1/1353
f 1952/1/1350 1954/1/1351 776/1/1352 772/1/1342
f 1955/1/1379 1956/1/1380 779/1/1381 777/1/1382
f 1956/1/1380 1955/1/1379 778/1/1383 780/1/1384
f 1956/1/1380 1957/1/1385 781/1/1386 779/1/1381
f 1957/1/1385 1956/1/1380 780/1/1384 782/1/1387
f 1957/1/1385 1955/1/1379 777/1/1382 781/1/1386
f 1955/1/1379 1957/1/1385 782/1/1387 778/1/1383
f 1958/1/1388 1959/1/1389 781/1/1386 783/1/1390
f 1959/1/1389 1958/1/1388 784/1/1391 782/1/1387
f 1959/1/1389 1960/1/1392 779/1/1381 781/1/1386
f 1960/1/1392 1959/1/1389 782/1/1387 780/1/1384
f 1960/1/1392 1958/1/1388 783/1/1390 779/1/1381
f 1958/1/1388 1960/1/1392 780/1/1384 784/1/1391
f 1961/1/1393 1962/1/1394 783/1/1390 785/1/1395
f 1962/1/1394 1961/1/1393 786/1/1396 784/1/1391
f 1962/1/1394 1963/1/1397 779/1/1381 783/1/1390
f 1963/1/1397 1962/1/1394 784/1/1391 780/1/1384
f 1963/1/1397 1961/1/1393 785/1/1395 779/1/1381
f 1961/1/1393 1963/1/1397 780/1/1384 786/1/1396
f 1964/1/1398 1965/1/1399 785/1/1395 783/1/1390
f 1965/1/1399 1964/1/1398 784/1/1391 786/1/1396
f 1965/1/1399 1966/1/1400 787/1/1401 785/1/1395
f 1966/1/1400 1965/1/1399 786/1/1396 788/1/1402
f 1966/1/1400 1964/1/1398 783/1/1390 787/1/1401
f 1964/1/1398 1966/1/1400 788/1/1402 784/1/1391
f 1967/1/1403 1968/1/1404 787/1/1401 789/1/1405
f 1968/1/1404 1967/1/1403 790/1/1406 788/1/1402
f 1968/1/1404 1969/1/1407 785/1/1395 787/1/1401
f 1969/1/1407 1968/1/1404 788/1/1402 786/1/1396
f 1969/1/1407 1967/1/1403 789/1/1405 785/1/1395
f 1967/1/1403 1969/1/1407 786/1/1396 790/1/1406
f 1970/1/1295 1971/1/1408 785/1/1395 789/1/1405
f 1971/1/1408 1970/1/1295 790/1/1406 786/1/1396
f 1971/1/1408 1972/1/1409 791/1/1410 785/1/1395
f 1972/1/1409 1971/1/1408 786/1/1396 792/1/1411
f 1972/1/1409 1970/1/1295 789/1/1405 791/1/1410
f 1970/1/1295 1972/1/1409 792/1/1411 790/1/1406
f 1973/1/1412 1974/1/1413 793/1/1414 791/1/1410
f 1974/1/1413 1973/1/1412 792/1/1411 794/1/1415
f 1974/1/1413 1975/1/1416 789/1/1405 793/1/1414
f 1975/1/1416 1974/1/1413 794/1/1415 790/1/1406
f 1975/1/1416 1973/1/1412 791/1/1410 789/1/1405
f 1973/1/1412 1975/1/1416 790/1/1406 792/1/1411
f 1976/1/1417 1977/1/1418 791/1/1410 793/1/1414
f 1977/1/1418 1976/1/1417 794/1/1415 792/1/1411
f 1977/1/1418 1978/1/1419 795/1/1420 791/1/1410
f 1978/1/1419 1977/1/1418 792/1/1411 796/1/1421
f 1978/1/1419 1976/1/1417 793/1/1414 795/1/1420
f 1976/1/1417 1978/1/1419 796/1/1421 794/1/1415
f 1979/1/1404 1980/1/1403 799/1/1406 797/1/1402
f 1980/1/1403 1979/1/1404 798/1/1401 800/1/1405
f 1980/1/1403 1981/1/1407 801/1/1396 799/1/1406
f 1981/1/1407 1980/1/1403 800/1/1405 802/1/1395
f 1981/1/1407 1979/1/1404 797/1/1402 801/1/1396
f 1979/1/1404 1981/1/1407 802/1/1395 798/1/1401
f 1982/1/1399 1983/1/1398 803/1/1391 801/1/1396
f 1983/1/1398 1982/1/1399 802/1/1395 804/1/1390
f 1983/1/1398 1984/1/1400 797/1/1402 803/1/1391
f 1984/1/1400 1983/1/1398 804/1/1390 798/1/1401
f 1984/1/1400 1982/1/1399 801/1/1396 797/1/1402
f 1982/1/1399 1984/1/1400 798/1/1401 802/1/1395
f 1985/1/1408 1986/1/1295 799/1/1406 801/1/1396
f 1986/1/1295 1985/1/1408 802/1/1395 800/1/1405
f 1986/1/1295 1987/1/1409 805/1/1411 799/1/1406
f 1987/1/1409 1986/1/1295 800/1/1405 806/1/1410
f 1987/1/1409 1985/1/1408 801/1/1396 805/1/1411
f 1985/1/1408 1987/1/1409 806/1/1410 802/1/1395
f 1988/1/1413 1989/1/1412 805/1/1411 807/1/1415
f 1989/1/1412 1988/1/1413 808/1/1414 806/1/1410
f 1989/1/1412 1990/1/1416 799/1/1406 805/1/1411
f 1990/1/1416 1989/1/1412 806/1/1410 800/1/1405
f 1990/1/1416 1988/1/1413 807/1/1415 799/1/1406
f 1988/1/1413 1990/1/1416 800/1/1405 808/1/1414
f 1991/1/1422 1992/1/1423 807/1/1415 805/1/1411
f 1992/1/1423 1991/1/1422 806/1/1410 808/1/1414
f 1992/1/1423 1993/1/1424 809/1/1425 807/1/1415
f 1993/1/1424 1992/1/1423 808/1/1414 810/1/1426
f 1993/1/1424 1991/1/1422 805/1/1411 809/1/1425
f 1991/1/1422 1993/1/1424 810/1/1426 806/1/1410
f 1994/1/1394 1995/1/1393 801/1/1396 803/1/1391
f 1995/1/1393 1994/1/1394 804/1/1390 802/1/1395
f 1995/1/1393 1996/1/1397 811/1/1384 801/1/1396
f 1996/1/1397 1995/1/1393 802/1/1395 812/1/1381
f 1996/1/1397 1994/1/1394 803/1/1391 811/1/1384
f 1994/1/1394 1996/1/1397 812/1/1381 804/1/1390
f 1997/1/1389 1998/1/1388 803/1/1391 813/1/1387
f 1998/1/1388 1997/1/1389 814/1/1386 804/1/1390
f 1998/1/1388 1999/1/1392 811/1/1384 803/1/1391
f 1999/1/1392 1998/1/1388 804/1/1390 812/1/1381
f 1999/1/1392 1997/1/1389 813/1/1387 811/1/1384
f 1997/1/1389 1999/1/1392 812/1/1381 814/1/1386
f 2000/1/1385 2001/1/1380 811/1/1384 813/1/1387
f 2001/1/1380 2000/1/1385 814/1/1386 812/1/1381
f 2001/1/1380 2002/1/1379 815/1/1383 811/1/1384
f 2002/1/1379 2001/1/1380 812/1/1381 816/1/1382
f 2002/1/1379 2000/1/1385 813/1/1387 815/1/1383
f 2000/1/1385 2002/1/1379 816/1/1382 814/1/1386
f 2003/1/1427 2004/1/1428 819/1/1429 817/1/1430
f 2004/1/1428 2003/1/1427 818/1/1431 820/1/1432
f 2004/1/1428 2005/1/1433 821/1/1434 819/1/1429
f 2005/1/1433 2004/1/1428 820/1/1432 822/1/1435
f 2005/1/1433 2003/1/1427 817/1/1430 821/1/1434
f 2003/1/1427 2005/1/1433 822/1/1435 818/1/1431
f 2006/1/1436 2007/1/1437 817/1/1430 819/1/1429
f 2007/1/1437 2006/1/1436 820/1/1432 818/1/1431
f 2007/1/1437 2008/1/1438 823/1/1439 817/1/1430
f 2008/1/1438 2007/1/1437 818/1/1431 824/1/1440
f 2008/1/1438 2006/1/1436 819/1/1429 823/1/1439
f 2006/1/1436 2008/1/1438 824/1/1440 820/1/1432
f 2009/1/1437 2010/1/1436 827/1/1432 825/1/1431
f 2010/1/1436 2009/1/1437 826/1/1430 828/1/1429
f 2010/1/1436 2011/1/1438 829/1/1440 827/1/1432
f 2011/1/1438 2010/1/1436 828/1/1429 830/1/1439
f 2011/1/1438 2009/1/1437 825/1/1431 829/1/1440
f 2009/1/1437 2011/1/1438 830/1/1439 826/1/1430
f 2012/1/1428 2013/1/1427 825/1/1431 827/1/1432
f 2013/1/1427 2012/1/1428 828/1/1429 826/1/1430
f 2013/1/1427 2014/1/1433 831/1/1435 825/1/1431
f 2014/1/1433 2013/1/1427 826/1/1430 832/1/1434
f 2014/1/1433 2012/1/1428 827/1/1432 831/1/1435
f 2012/1/1428 2014/1/1433 832/1/1434 828/1/1429
f 2015/1/1441 2016/1/1442 835/1/1443 833/1/1444
f 2016/1/1442 2015/1/1441 834/1/1445 836/1/1446
f 2016/1/1442 2017/1/1447 837/1/1448 835/1/1443
f 2017/1/1447 2016/1/1442 836/1/1446 838/1/1449
f 2017/1/1447 2015/1/1441 833/1/1444 837/1/1448
f 2015/1/1441 2017/1/1447 838/1/1449 834/1/1445
f 2018/1/1450 2019/1/1451 837/1/1448 833/1/1444
f 2019/1/1451 2018/1/1450 834/1/1445 838/1/1449
f 2019/1/1451 2020/1/1452 839/1/1453 837/1/1448
f 2020/1/1452 2019/1/1451 838/1/1449 840/1/1454
f 2020/1/1452 2018/1/1450 833/1/1444 839/1/1453
f 2018/1/1450 2020/1/1452 840/1/1454 834/1/1445
f 2021/1/1455 2022/1/1456 843/1/1457 841/1/1458
f 2022/1/1456 2021/1/1455 842/1/1459 844/1/1460
f 2022/1/1456 2023/1/1461 845/1/1462 843/1/1457
f 2023/1/1461 2022/1/1456 844/1/1460 846/1/1463
f 2023/1/1461 2021/1/1455 841/1/1458 845/1/1462
f 2021/1/1455 2023/1/1461 846/1/1463 842/1/1459
f 2024/1/1464 2025/1/1465 841/1/1458 843/1/1457
f 2025/1/1465 2024/1/1464 844/1/1460 842/1/1459
f 2025/1/1465 2026/1/1466 847/1/1467 841/1/1458
f 2026/1/1466 2025/1/1465 842/1/1459 848/1/1468
f 2026/1/1466 2024/1/1464 843/1/1457 847/1/1467
f 2024/1/1464 2026/1/1466 848/1/1468 844/1/1460
f 2027/1/1469 2028/1/1470 851/1/1471 849/1/1472
f 2028/1/1470 2027/1/1469 850/1/1473 852/1/1474
f 2028/1/1470 2029/1/1475 853/1/1476 851/1/1471
f 2029/1/1475 2028/1/1470 852/1/1474 854/1/1477
f 2029/1/1475 2027/1/1469 849/1/1472 853/1/1476
f 2027/1/1469 2029/1/1475 854/1/1477 850/1/1473
f 2030/1/1478 2031/1/1479 849/1/1472 851/1/1471
f 2031/1/1479 2030/1/1478 852/1/1474 850/1/1473
f 2031/1/1479 2032/1/1480 855/1/1481 849/1/1472
f 2032/1/1480 2031/1/1479 850/1/1473 856/1/1482
f 2032/1/1480 2030/1/1478 851/1/1471 855/1/1481
f 2030/1/1478 2032/1/1480 856/1/1482 852/1/1474
f 2033/1/1483 2034/1/1484 859/1/1485 857/1/1486
f 2034/1/1484 2033/1/1483 858/1/1487 860/1/1488
f 2034/1/1484 2035/1/1489 861/1/1490 859/1/1485
f 2035/1/1489 2034/1/1484 860/1/1488 862/1/1491
f 2035/1/1489 2033/1/1483 857/1/1486 861/1/1490
f 2033/1/1483 2035/1/1489 862/1/1491 858/1/1487
f 2036/1/1492 2037/1/1493 861/1/1490 857/1/1486
f 2037/1/1493 2036/1/1492 858/1/1487 862/1/1491
f 2037/1/1493 2038/1/1494 863/1/1495 861/1/1490
f 2038/1/1494 2037/1/1493 862/1/1491 864/1/1496
f 2038/1/1494 2036/1/1492 857/1/1486 863/1/1495
f 2036/1/1492 2038/1/1494 864/1/1496 858/1/1487
f 2039/1/1497 2040/1/1498 867/1/1499 865/1/1500
f 2040/1/1498 2039/1/1497 866/1/1501 868/1/1502
f 2040/1/1498 2041/1/1503 869/1/1504 867/1/1499
f 2041/1/1503 2040/1/1498 868/1/1502 870/1/1505
f 2041/1/1503 2039/1/1497 865/1/1500 869/1/1504
f 2039/1/1497 2041/1/1503 870/1/1505 866/1/1501
f 2042/1/1506 2043/1/1507 869/1/1504 865/1/1500
f 2043/1/1507 2042/1/1506 866/1/1501 870/1/1505
f 2043/1/1507 2044/1/1508 871/1/1509 869/1/1504
f 2044/1/1508 2043/1/1507 870/1/1505 872/1/1510
f 2044/1/1508 2042/1/1506 865/1/1500 871/1/1509
f 2042/1/1506 2044/1/1508 872/1/1510 866/1/1501
f 2045/1/1511 2046/1/1512 875/1/1513 873/1/1514
f 2046/1/1512 2045/1/1511 874/1/1515 876/1/1516
f 2046/1/1512 2047/1/1517 877/1/1518 875/1/1513
f 2047/1/1517 2046/1/1512 876/1/1516 878/1/1519
f 2047/1/1517 2045/1/1511 873/1/1514 877/1/1518
f 2045/1/1511 2047/1/1517 878/1/1519 874/1/1515
f 2048/1/1520 2049/1/1521 879/1/1522 877/1/1518
f 2049/1/1521 2048/1/1520 878/1/1519 880/1/1523
f 2049/1/1521 2050/1/1524 873/1/1514 879/1/1522
f 2050/1/1524 2049/1/1521 880/1/1523 874/1/1515
f 2050/1/1524 2048/1/1520 877/1/1518 873/1/1514
f 2048/1/1520 2050/1/1524 874/1/1515 878/1/1519
f 2051/1/1525 2052/1/1526 883/1/1527 881/1/1528
f 2052/1/1526 2051/1/1525 882/1/1529 884/1/1530
f 2052/1/1526 2053/1/1531 885/1/1532 883/1/1527
f 2053/1/1531 2052/1/1526 884/1/1530 886/1/1533
f 2053/1/1531 2051/1/1525 881/1/1528 885/1/1532
f 2051/1/1525 2053/1/1531 886/1/1533 882/1/1529
f 2054/1/1534 2055/1/1535 881/1/1528 883/1/1527
f 2055/1/1535 2054/1/1534 884/1/1530 882/1/1529
f 2055/1/1535 2056/1/1536 887/1/1537 881/1/1528
f 2056/1/1536 2055/1/1535 882/1/1529 888/1/1538
f 2056/1/1536 2054/1/1534 883/1/1527 887/1/1537
f 2054/1/1534 2056/1/1536 888/1/1538 884/1/1530
f 2057/1/1539 2058/1/1540 891/1/1541 889/1/1542
f 2058/1/1540 2057/1/1539 890/1/1543 892/1/1544
f 2058/1/1540 2059/1/1545 893/1/1546 891/1/1541
f 2059/1/1545 2058/1/1540 892/1/1544 894/1/1547
f 2059/1/1545 2057/1/1539 889/1/1542 893/1/1546
f 2057/1/1539 2059/1/1545 894/1/1547 890/1/1543
f 2060/1/1548 2061/1/1549 889/1/1542 891/1/1541
f 2061/1/1549 2060/1/1548 892/1/1544 890/1/1543
f 2061/1/1549 2062/1/1550 895/1/1551 889/1/1542
f 2062/1/1550 2061/1/1549 890/1/1543 896/1/1552
f 2062/1/1550 2060/1/1548 891/1/1541 895/1/1551
f 2060/1/1548 2062/1/1550 896/1/1552 892/1/1544
f 2063/1/1553 2064/1/1554 899/1/1555 897/1/1556
f 2064/1/1554 2063/1/1553 898/1/1557 900/1/1558
f 2064/1/1554 2065/1/1559 901/1/1560 899/1/1555
f 2065/1/1559 2064/1/1554 900/1/1558 902/1/1561
f 2065/1/1559 2063/1/1553 897/1/1556 901/1/1560
f 2063/1/1553 2065/1/1559 902/1/1561 898/1/1557
f 2066/1/1562 2067/1/1563 901/1/1560 897/1/1556
f 2067/1/1563 2066/1/1562 898/1/1557 902/1/1561
f 2067/1/1563 2068/1/1564 903/1/1565 901/1/1560
f 2068/1/1564 2067/1/1563 902/1/1561 904/1/1566
f 2068/1/1564 2066/1/1562 897/1/1556 903/1/1565
f 2066/1/1562 2068/1/1564 904/1/1566 898/1/1557
f 2069/1/1567 2070/1/1568 907/1/1569 905/1/1570
f 2070/1/1568 2069/1/1567 906/1/1571 908/1/1572
f 2070/1/1568 2071/1/1573 909/1/1574 907/1/1569
f 2071/1/1573 2070/1/1568 908/1/1572 910/1/1575
f 2071/1/1573 2069/1/1567 905/1/1570 909/1/1574
f 2069/1/1567 2071/1/1573 910/1/1575 906/1/1571
f 2072/1/1576 2073/1/1577 911/1/1578 907/1/1569
f 2073/1/1577 2072/1/1576 908/1/1572 912/1/1579
f 2073/1/1577 2074/1/1580 909/1/1574 911/1/1578
f 2074/1/1580 2073/1/1577 912/1/1579 910/1/1575
f 2074/1/1580 2072/1/1576 907/1/1569 909/1/1574
f 2072/1/1576 2074/1/1580 910/1/1575 908/1/1572
f 2075/1/1581 2076/1/1582 915/1/1583 913/1/1584
f 2076/1/1582 2075/1/1581 914/1/1585 916/1/1586
f 2076/1/1582 2077/1/1587 917/1/1588 915/1/1583
f 2077/1/1587 2076/1/1582 916/1/1586 918/1/1589
f 2077/1/1587 2075/1/1581 913/1/1584 917/1/1588
f 2075/1/1581 2077/1/1587 918/1/1589 914/1/1585
f 2078/1/1590 2079/1/1591 919/1/1592 917/1/1588
f 2079/1/1591 2078/1/1590 918/1/1589 920/1/1593
f 2079/1/1591 2080/1/1594 913/1/1584 919/1/1592
f 2080/1/1594 2079/1/1591 920/1/1593 914/1/1585
f 2080/1/1594 2078/1/1590 917/1/1588 913/1/1584
f 2078/1/1590 2080/1/1594 914/1/1585 918/1/1589
f 2081/1/1595 2082/1/1596 923/1/1597 921/1/1598
f 2082/1/1596 2081/1/1595 922/1/1599 924/1/1600
f 2082/1/1596 2083/1/1601 925/1/1602 923/1/1597
f 2083/1/1601 2082/1/1596 924/1/1600 926/1/1603
f 2083/1/1601 2081/1/1595 921/1/1598 925/1/1602
f 2081/1/1595 2083/1/1601 926/1/1603 922/1/1599
f 2084/1/1604 2085/1/1605 921/1/1598 923/1/1597
f 2085/1/1605 2084/1/1604 924/1/1600 922/1/1599
f 2085/1/1605 2086/1/1606 927/1/1607 921/1/1598
f 2086/1/1606 2085/1/1605 922/1/1599 928/1/1608
f 2086/1/1606 2084/1/1604 923/1/1597 927/1/1607
f 2084/1/1604 2086/1/1606 928/1/1608 924/1/1600
f 2087/1/1609 2088/1/1610 931/1/1611 929/1/1612
f 2088/1/1610 2087/1/1609 930/1/1613 932/1/1614
f 2088/1/1610 2089/1/1615 933/1/1616 931/1/1611
f 2089/1/1615 2088/1/1610 932/1/1614 934/1/1617
f 2089/1/1615 2087/1/1609 929/1/1612 933/1/1616
f 2087/1/1609 2089/1/1615 934/1/1617 930/1/1613
f 2090/1/1618 2091/1/1619 929/1/1612 931/1/1611
f 2091/1/1619 2090/1/1618 932/1/1614 930/1/1613
f 2091/1/1619 2092/1/1620 935/1/1621 929/1/1612
f 2092/1/1620 2091/1/1619 930/1/1613 936/1/1622
f 2092/1/1620 2090/1/1618 931/1/1611 935/1/1621
f 2090/1/1618 2092/1/1620 936/1/1622 932/1/1614
f 2093/1/1623 2094/1/1624 939/1/1625 937/1/1626
f 2094/1/1624 2093/1/1623 938/1/1627 940/1/1628
f 2094/1/1624 2095/1/1629 941/1/1630 939/1/1625
f 2095/1/1629 2094/1/1624 940/1/1628 942/1/1631
f 2095/1/1629 2093/1/1623 937/1/1626 941/1/1630
f 2093/1/1623 2095/1/1629 942/1/1631 938/1/1627
f 2096/1/1632 2097/1/1633 943/1/1634 941/1/1630
f 2097/1/1633 2096/1/1632 942/1/1631 944/1/1635
f 2097/1/1633 2098/1/1636 937/1/1626 943/1/1634
f 2098/1/1636 2097/1/1633 944/1/1635 938/1/1627
f 2098/1/1636 2096/1/1632 941/1/1630 937/1/1626
f 2096/1/1632 2098/1/1636 938/1/1627 942/1/1631
f 2099/1/1637 2100/1/1638 947/1/1639 945/1/1640
f 2100/1/1638 2099/1/1637 946/1/1641 948/1/1642
f 2100/1/1638 2101/1/1643 949/1/1644 947/1/1639
f 2101/1/1643 2100/1/1638 948/1/1642 950/1/1645
f 2101/1/1643 2099/1/1637 945/1/1640 949/1/1644
f 2099/1/1637 2101/1/1643 950/1/1645 946/1/1641
f 2102/1/1646 2103/1/1647 945/1/1640 947/1/1639
f 2103/1/1647 2102/1/1646 948/1/1642 946/1/1641
f 2103/1/1647 2104/1/1648 951/1/1649 945/1/1640
f 2104/1/1648 2103/1/1647 946/1/1641 952/1/1650
f 2104/1/1648 2102/1/1646 947/1/1639 951/1/1649
f 2102/1/1646 2104/1/1648 952/1/1650 948/1/1642
f 2105/1/1651 2106/1/1652 955/1/1653 953/1/1654
f 2106/1/1652 2105/1/1651 954/1/1655 956/1/1656
f 2106/1/1652 2107/1/1657 957/1/1658 955/1/1653
f 2107/1/1657 2106/1/1652 956/1/1656 958/1/1659
f 2107/1/1657 2105/1/1651 953/1/1654 957/1/1658
f 2105/1/1651 2107/1/1657 958/1/1659 954/1/1655
f 2108/1/1660 2109/1/1661 957/1/1658 953/1/1654
f 2109/1/1661 2108/1/1660 954/1/1655 958/1/1659
f 2109/1/1661 2110/1/1662 959/1/1663 957/1/1658
f 2110/1/1662 2109/1/1661 958/1/1659 960/1/1664
f 2110/1/1662 2108/1/1660 953/1/1654 959/1/1663
f 2108/1/1660 2110/1/1662 960/1/1664 954/1/1655
f 2111/1/1665 2112/1/1666 963/1/1667 961/1/1668
f 2112/1/1666 2111/1/1665 962/1/1669 964/1/1670
f 2112/1/1666 2113/1/1671 965/1/1672 963/1/1667
f 2113/1/1671 2112/1/1666 964/1/1670 966/1/1673
f 2113/1/1671 2111/1/1665 961/1/1668 965/1/1672
f 2111/1/1665 2113/1/1671 966/1/1673 962/1/1669
f 2114/1/1674 2115/1/1675 961/1/1668 963/1/1667
f 2115/1/1675 2114/1/1674 964/1/1670 962/1/1669
f 2115/1/1675 2116/1/1676 967/1/1677 961/1/1668
f 2116/1/1676 2115/1/1675 962/1/1669 968/1/1678
f 2116/1/1676 2114/1/1674 963/1/1667 967/1/1677
f 2114/1/1674 2116/1/1676 968/1/1678 964/1/1670
f 2117/1/1679 2118/1/1680 971/1/1681 969/1/1682
f 2118/1/1680 2117/1/1679 970/1/1683 972/1/1684
f 2118/1/1680 2119/1/1685 973/1/1686 971/1/1681
f 2119/1/1685 2118/1/1680 972/1/1684 974/1/1687
f 2119/1/1685 2117/1/1679 969/1/1682 973/1/1686
f 2117/1/1679 2119/1/1685 974/1/1687 970/1/1683
f 2120/1/1688 2121/1/1689 969/1/1682 971/1/1681
f 2121/1/1689 2120/1/1688 972/1/1684 970/1/1683
f 2121/1/1689 2122/1/1690 975/1/1691 969/1/1682
f 2122/1/1690 2121/1/1689 970/1/1683 976/1/1692
f 2122/1/1690 2120/1/1688 971/1/1681 975/1/1691
f 2120/1/1688 2122/1/1690 976/1/1692 972/1/1684
f 2123/1/1693 2124/1/1694 979/1/1695 977/1/1696
f 2124/1/1694 2123/1/1693 978/1/1697 980/1/1698
f 2124/1/1694 2125/1/1699 981/1/1700 979/1/1695
f 2125/1/1699 2124/1/1694 980/1/1698 982/1/1701
f 2125/1/1699 2123/1/1693 977/1/1696 981/1/1700
f 2123/1/1693 2125/1/1699 982/1/1701 978/1/1697
f 2126/1/1702 2127/1/1703 983/1/1704 981/1/1700
f 2127/1/1703 2126/1/1702 982/1/1701 984/1/1705
f 2127/1/1703 2128/1/1706 977/1/1696 983/1/1704
f 2128/1/1706 2127/1/1703 984/1/1705 978/1/1697
f 2128/1/1706 2126/1/1702 981/1/1700 977/1/1696
f 2126/1/1702 2128/1/1706 978/1/1697 982/1/1701
f 2129/1/1707 2130/1/1708 987/1/1709 985/1/1710
f 2130/1/1708 2129/1/1707 986/1/1711 988/1/1712
f 2130/1/1708 2131/1/1713 989/1/1714 987/1/1709
f 2131/1/1713 2130/1/1708 988/1/1712 990/1/1715
f 2131/1/1713 2129/1/1707 985/1/1710 989/1/1714
f 2129/1/1707 2131/1/1713 990/1/1715 986/1/1711
f 2132/1/1716 2133/1/1717 989/1/1714 985/1/1710
f 2133/1/1717 2132/1/1716 986/1/1711 990/1/1715
f 2133/1/1717 2134/1/1718 991/1/1719 989/1/1714
f 2134/1/1718 2133/1/1717 990/1/1715 992/1/1720
f 2134/1/1718 2132/1/1716 985/1/1710 991/1/1719
f 2132/1/1716 2134/1/1718 992/1/1720 986/1/1711
f 2135/1/1721 2136/1/1722 995/1/1723 993/1/1724
f 2136/1/1722 2135/1/1721 994/1/1725 996/1/1726
f 2136/1/1722 2137/1/1727 997/1/1728 995/1/1723
f 2137/1/1727 2136/1/1722 996/1/1726 998/1/1729
f 2137/1/1727 2135/1/1721 993/1/1724 997/1/1728
f 2135/1/1721 2137/1/1727 998/1/1729 994/1/1725
f 2138/1/1730 2139/1/1731 997/1/1728 999/1/1732
f 2139/1/1731 2138/1/1730 1000/1/1733 998/1/1729
f 2139/1/1731 2140/1/1734 995/1/1723 997/1/1728
f 2140/1/1734 2139/1/1731 998/1/1729 996/1/1726
f 2140/1/1734 2138/1/1730 999/1/1732 995/1/1723
f 2138/1/1730 2140/1/1734 996/1/1726 1000/1/1733
f 2141/1/1735 2142/1/1736 1003/1/1737 1001/1/1738
f 2142/1/1736 2141/1/1735 1002/1/1739 1004/1/1740
f 2142/1/1736 2143/1/1741 1005/1/1742 1003/1/1737
f 2143/1/1741 2142/1/1736 1004/1/1740 1006/1/1743
f 2143/1/1741 2141/1/1735 1001/1/1738 1005/1/1742
f 2141/1/1735 2143/1/1741 1006/1/1743 1002/1/1739
f 2144/1/1744 2145/1/1745 1001/1/1738 1003/1/1737
f 2145/1/1745 2144/1/1744 1004/1/1740 1002/1/1739
f 2145/1/1745 2146/1/1746 1007/1/1747 1001/1/1738
f 2146/1/1746 2145/1/1745 1002/1/1739 1008/1/1748
f 2146/1/1746 2144/1/1744 1003/1/1737 1007/1/1747
f 2144/1/1744 2146/1/1746 1008/1/1748 1004/1/1740
f 2147/1/1749 2148/1/1750 1011/1/1751 1009/1/1752
f 2148/1/1750 2147/1/1749 1010/1/1753 1012/1/1754
f 2148/1/1750 2149/1/1755 1013/1/1756 1011/1/1751
f 2149/1/1755 2148/1/1750 1012/1/1754 1014/1/1757
f 2149/1/1755 2147/1/1749 1009/1/1752 1013/1/1756
f 2147/1/1749 2149/1/1755 1014/1/1757 1010/1/1753
f 2150/1/1758 2151/1/1759 1013/1/1756 1009/1/1752
f 2151/1/1759 2150/1/1758 1010/1/1753 1014/1/1757
f 2151/1/1759 2152/1/1760 1015/1/1761 1013/1/1756
f 2152/1/1760 2151/1/1759 1014/1/1757 1016/1/1762
f 2152/1/1760 2150/1/1758 1009/1/1752 1015/1/1761
f 2150/1/1758 2152/1/1760 1016/1/1762 1010/1/1753
f 2153/1/1763 2154/1/1764 1019/1/1765 1017/1/1766
f 2154/1/1764 2153/1/1763 1018/1/1767 1020/1/1768
f 2154/1/1764 2155/1/1769 1021/1/1770 1019/1/1765
f 2155/1/1769 2154/1/1764 1020/1/1768 1022/1/1771
f 2155/1/1769 2153/1/1763 1017/1/1766 1021/1/1770
f 2153/1/1763 2155/1/1769 1022/1/1771 1018/1/1767
f 2156/1/1772 2157/1/1773 1021/1/1770 1023/1/1774
f 2157/1/1773 2156/1/1772 1024/1/1775 1022/1/1771
f 2157/1/1773 2158/1/1776 1019/1/1765 1021/1/1770
f 2158/1/1776 2157/1/1773 1022/1/1771 1020/1/1768
f 2158/1/1776 2156/1/1772 1023/1/1774 1019/1/1765
f 2156/1/1772 2158/1/1776 1020/1/1768 1024/1/1775
f 2159/1/1777 2160/1/1778 1027/1/1779 1025/1/1780
f 2160/1/1778 2159/1/1777 1026/1/1781 1028/1/1782
f 2160/1/1778 2161/1/1783 1029/1/1784 1027/1/1779
f 2161/1/1783 2160/1/1778 1028/1/1782 1030/1/1785
f 2161/1/1783 2159/1/1777 1025/1/1780 1029/1/1784
f 2159/1/1777 2161/1/1783 1030/1/1785 1026/1/1781
f 2162/1/1786 2163/1/1787 1029/1/1784 1031/1/1788
f 2163/1/1787 2162/1/1786 1032/1/1789 1030/1/1785
f 2163/1/1787 2164/1/1790 1027/1/1779 1029/1/1784
f 2164/1/1790 2163/1/1787 1030/1/1785 1028/1/1782
f 2164/1/1790 2162/1/1786 1031/1/1788 1027/1/1779
f 2162/1/1786 2164/1/1790 1028/1/1782 1032/1/1789
f 2165/1/1791 2166/1/1792 1035/1/1793 1033/1/1794
f 2166/1/1792 2165/1/1791 1034/1/1795 1036/1/1796
f 2166/1/1792 2167/1/1797 1037/1/1798 1035/1/1793
f 2167/1/1797 2166/1/1792 1036/1/1796 1038/1/1799
f 2167/1/1797 2165/1/1791 1033/1/1794 1037/1/1798
f 2165/1/1791 2167/1/1797 1038/1/1799 1034/1/1795
f 2168/1/1800 2169/1/1801 1033/1/1794 1035/1/1793
f 2169/1/1801 2168/1/1800 1036/1/1796 1034/1/1795
f 2169/1/1801 2170/1/1802 1039/1/1803 1033/1/1794
f 2170/1/1802 2169/1/1801 1034/1/1795 1040/1/1804
f 2170/1/1802 2168/1/1800 1035/1/1793 1039/1/1803
f 2168/1/1800 2170/1/1802 1040/1/1804 1036/1/1796
f 2171/1/1805 2172/1/1806 1043/1/1807 1041/1/1808
f 2172/1/1806 2171/1/1805 1042/1/1809 1044/1/1810
f 2172/1/1806 2173/1/1811 1045/1/1812 1043/1/1807
f 2173/1/1811 2172/1/1806 1044/1/1810 1046/1/1813
f 2173/1/1811 2171/1/1805 1041/1/1808 1045/1/1812
f 2171/1/1805 2173/1/1811 1046/1/1813 1042/1/1809
f 2174/1/1814 2175/1/1815 1045/1/1812 1041/1/1808
f 2175/1/1815 2174/1/1814 1042/1/1809 1046/1/1813
f 2175/1/1815 2176/1/1816 1047/1/1817 1045/1/1812
f 2176/1/1816 2175/1/1815 1046/1/1813 1048/1/1818
f 2176/1/1816 2174/1/1814 1041/1/1808 1047/1/1817
f 2174/1/1814 2176/1/1816 1048/1/1818 1042/1/1809
f 2177/1/1819 2178/1/1820 1051/1/1821 1049/1/1822
f 2178/1/1820 2177/1/1819 1050/1/1823 1052/1/1824
f 2178/1/1820 2179/1/1825 1053/1/1826 1051/1/1821
f 2179/1/1825 2178/1/1820 1052/1/1824 1054/1/1827
f 2179/1/1825 2177/1/1819 1049/1/1822 1053/1/1826
f 2177/1/1819 2179/1/1825 1054/1/1827 1050/1/1823
f 2180/1/1828 2181/1/1829 1053/1/1826 1055/1/1830
f 2181/1/1829 2180/1/1828 1056/1/1831 1054/1/1827
f 2181/1/1829 2182/1/1832 1051/1/1821 1053/1/1826
f 2182/1/1832 2181/1/1829 1054/1/1827 1052/1/1824
f 2182/1/1832 2180/1/1828 1055/1/1830 1051/1/1821
f 2180/1/1828 2182/1/1832 1052/1/1824 1056/1/1831
f 2183/1/1833 2184/1/1834 1059/1/1835 1057/1/1836
f 2184/1/1834 2183/1/1833 1058/1/1837 1060/1/1838
f 2184/1/1834 2185/1/1839 1061/1/1840 1059/1/1835
f 2185/1/1839 2184/1/1834 1060/1/1838 1062/1/1841
f 2185/1/1839 2183/1/1833 1057/1/1836 1061/1/1840
f 2183/1/1833 2185/1/1839 1062/1/1841 1058/1/1837
f 2186/1/1842 2187/1/1843 1061/1/1840 1063/1/1844
f 2187/1/1843 2186/1/1842 1064/1/1845 1062/1/1841
f 2187/1/1843 2188/1/1846 1059/1/1835 1061/1/1840
f 2188/1/1846 2187/1/1843 1062/1/1841 1060/1/1838
f 2188/1/1846 2186/1/1842 1063/1/1844 1059/1/1835
f 2186/1/1842 2188/1/1846 1060/1/1838 1064/1/1845
f 2189/1/1847 2190/1/1848 1067/1/1849 1065/1/1850
f 2190/1/1848 2189/1/1847 1066/1/1851 1068/1/1852
f 2190/1/1848 2191/1/1853 1069/1/1513 1067/1/1849
f 2191/1/1853 2190/1/1848 1068/1/1852 1070/1/1854
f 2191/1/1853 2189/1/1847 1065/1/1850 1069/1/1513
f 2189/1/1847 2191/1/1853 1070/1/1854 1066/1/1851
f 2192/1/1855 2193/1/1856 1065/1/1850 1067/1/1849
f 2193/1/1856 2192/1/1855 1068/1/1852 1066/1/1851
f 2193/1/1856 2194/1/1857 1071/1/1858 1065/1/1850
f 2194/1/1857 2193/1/1856 1066/1/1851 1072/1/1859
f 2194/1/1857 2192/1/1855 1067/1/1849 1071/1/1858
f 2192/1/1855 2194/1/1857 1072/1/1859 1068/1/1852
f 2195/1/1860 2196/1/1861 1075/1/1862 1073/1/1863
f 2196/1/1861 2195/1/1860 1074/1/1864 1076/1/1865
f 2196/1/1861 2197/1/1866 1077/1/1867 1075/1/1862
f 2197/1/1866 2196/1/1861 1076/1/1865 1078/1/1868
f 2197/1/1866 2195/1/1860 1073/1/1863 1077/1/1867
f 2195/1/1860 2197/1/1866 1078/1/1868 1074/1/1864
f 2198/1/1869 2199/1/1870 1077/1/1867 1073/1/1863
f 2199/1/1870 2198/1/1869 1074/1/1864 1078/1/1868
f 2199/1/1870 2200/1/1871 1079/1/1872 1077/1/1867
f 2200/1/1871 2199/1/1870 1078/1/1868 1080/1/1873
f 2200/1/1871 2198/1/1869 1073/1/1863 1079/1/1872
f 2198/1/1869 2200/1/1871 1080/1/1873 1074/1/1864
f 2201/1/1874 2202/1/1875 1083/1/1876 1081/1/1877
f 2202/1/1875 2201/1/1874 1082/1/1878 1084/1/1879
f 2202/1/1875 2203/1/1880 1085/1/1881 1083/1/1876
f 2203/1/1880 2202/1/1875 1084/1/1879 1086/1/1882
f 2203/1/1880 2201/1/1874 1081/1/1877 1085/1/1881
f 2201/1/1874 2203/1/1880 1086/1/1882 1082/1/1878
f 2204/1/1883 2205/1/1884 1081/1/1877 1083/1/1876
f 2205/1/1884 2204/1/1883 1084/1/1879 1082/1/1878
f 2205/1/1884 2206/1/1885 1087/1/1886 1081/1/1877
f 2206/1/1885 2205/1/1884 1082/1/1878 1088/1/1887
f 2206/1/1885 2204/1/1883 1083/1/1876 1087/1/1886
f 2204/1/1883 2206/1/1885 1088/1/1887 1084/1/1879
f 2207/1/1888 2208/1/1889 1091/1/1890 1089/1/1891
f 2208/1/1889 2207/1/1888 1090/1/1892 1092/1/1893
f 2208/1/1889 2209/1/1894 1093/1/1895 1091/1/1890
f 2209/1/1894 2208/1/1889 1092/1/1893 1094/1/1896
f 2209/1/1894 2207/1/1888 1089/1/1891 1093/1/1895
f 2207/1/1888 2209/1/1894 1094/1/1896 1090/1/1892
f 2210/1/1897 2211/1/1898 1089/1/1891 1091/1/1890
f 2211/1/1898 2210/1/1897 1092/1/1893 1090/1/1892
f 2211/1/1898 2212/1/1899 1095/1/1900 1089/1/1891
f 2212/1/1899 2211/1/1898 1090/1/1892 1096/1/1901
f 2212/1/1899 2210/1/1897 1091/1/1890 1095/1/1900
f 2210/1/1897 2212/1/1899 1096/1/1901 1092/1/1893
f 2213/1/1902 2214/1/1903 1099/1/1904 1097/1/1905
f 2214/1/1903 2213/1/1902 1098/1/1906 1100/1/1907
f 2214/1/1903 2215/1/1908 1101/1/1909 1099/1/1904
f 2215/1/1908 2214/1/1903 1100/1/1907 1102/1/1910
f 2215/1/1908 2213/1/1902 1097/1/1905 1101/1/1909
f 2213/1/1902 2215/1/1908 1102/1/1910 1098/1/1906
f 2216/1/1911 2217/1/1912 1101/1/1909 1097/1/1905
f 2217/1/1912 2216/1/1911 1098/1/1906 1102/1/1910
f 2217/1/1912 2218/1/1913 1103/1/1914 1101/1/1909
f 2218/1/1913 2217/1/1912 1102/1/1910 1104/1/1915
f 2218/1/1913 2216/1/1911 1097/1/1905 1103/1/1914
f 2216/1/1911 2218/1/1913 1104/1/1915 1098/1/1906
f 2219/1/1916 2220/1/1917 1107/1/1918 1105/1/1919
f 2220/1/1917 2219/1/1916 1106/1/1920 1108/1/1921
f 2220/1/1917 2221/1/1922 1109/1/1923 1107/1/1918
f 2221/1/1922 2220/1/1917 1108/1/1921 1110/1/1924
f 2221/1/1922 2219/1/1916 1105/1/1919 1109/1/1923
f 2219/1/1916 2221/1/1922 1110/1/1924 1106/1/1920
f 2222/1/1925 2223/1/1926 1109/1/1923 1111/1/1927
f 2223/1/1926 2222/1/1925 1112/1/1928 1110/1/1924
f 2223/1/1926 2224/1/1929 1107/1/1918 1109/1/1923
f 2224/1/1929 2223/1/1926 1110/1/1924 1108/1/1921
f 2224/1/1929 2222/1/1925 1111/1/1927 1107/1/1918
f 2222/1/1925 2224/1/1929 1108/1/1921 1112/1/1928
f 2225/1/1930 2226/1/1931 1113/1/1932 1109/1/1923
f 2226/1/1931 2225/1/1930 1110/1/1924 1114/1/1933
f 2226/1/1931 2227/1/1934 1105/1/1919 1113/1/1932
f 2227/1/1934 2226/1/1931 1114/1/1933 1106/1/1920
f 2227/1/1934 2225/1/1930 1109/1/1923 1105/1/1919
f 2225/1/1930 2227/1/1934 1106/1/1920 1110/1/1924
f 2228/1/1935 2229/1/1936 1115/1/1937 1107/1/1918
f 2229/1/1936 2228/1/1935 1108/1/1921 1116/1/1938
f 2229/1/1936 2230/1/1939 1111/1/1927 1115/1/1937
f 2230/1/1939 2229/1/1936 1116/1/1938 1112/1/1928
f 2230/1/1939 2228/1/1935 1107/1/1918 1111/1/1927
f 2228/1/1935 2230/1/1939 1112/1/1928 1108/1/1921
f 2231/1/1940 2232/1/1941 1105/1/1919 1117/1/1942
f 2232/1/1941 2231/1/1940 1118/1/1943 1106/1/1920
f 2232/1/1941 2233/1/1944 1113/1/1932 1105/1/1919
f 2233/1/1944 2232/1/1941 1106/1/1920 1114/1/1933
f 2233/1/1944 2231/1/1940 1117/1/1942 1113/1/1932
f 2231/1/1940 2233/1/1944 1114/1/1933 1118/1/1943
f 2234/1/1945 2235/1/1946 1111/1/1927 1119/1/1947
f 2235/1/1946 2234/1/1945 1120/1/1948 1112/1/1928
f 2235/1/1946 2236/1/1949 1115/1/1937 1111/1/1927
f 2236/1/1949 2235/1/1946 1112/1/1928 1116/1/1938
f 2236/1/1949 2234/1/1945 1119/1/1947 1115/1/1937
f 2234/1/1945 2236/1/1949 1116/1/1938 1120/1/1948
f 2237/1/1950 2238/1/1951 1121/1/1952 1113/1/1932
f 2238/1/1951 2237/1/1950 1114/1/1933 1122/1/1953
f 2238/1/1951 2239/1/1954 1117/1/1942 1121/1/1952
f 2239/1/1954 2238/1/1951 1122/1/1953 1118/1/1943
f 2239/1/1954 2237/1/1950 1113/1/1932 1117/1/1942
f 2237/1/1950 2239/1/1954 1118/1/1943 1114/1/1933
f 2240/1/1955 2241/1/1956 1123/1/1957 1115/1/1937
f 2241/1/1956 2240/1/1955 1116/1/1938 1124/1/1958
f 2241/1/1956 2242/1/1959 1119/1/1947 1123/1/1957
f 2242/1/1959 2241/1/1956 1124/1/1958 1120/1/1948
f 2242/1/1959 2240/1/1955 1115/1/1937 1119/1/1947
f 2240/1/1955 2242/1/1959 1120/1/1948 1116/1/1938
f 2243/1/1960 2244/1/1961 1117/1/1942 1125/1/1962
f 2244/1/1961 2243/1/1960 1126/1/1963 1118/1/1943
f 2244/1/1961 2245/1/1964 1121/1/1952 1117/1/1942
f 2245/1/1964 2244/1/1961 1118/1/1943 1122/1/1953
f 2245/1/1964 2243/1/1960 1125/1/1962 1121/1/1952
f 2243/1/1960 2245/1/1964 1122/1/1953 1126/1/1963
f 2246/1/1965 2247/1/1966 1119/1/1947 1127/1/1967
f 2247/1/1966 2246/1/1965 1128/1/1968 1120/1/1948
f 2247/1/1966 2248/1/1969 1123/1/1957 1119/1/1947
f 2248/1/1969 2247/1/1966 1120/1/1948 1124/1/1958
f 2248/1/1969 2246/1/1965 1127/1/1967 1123/1/1957
f 2246/1/1965 2248/1/1969 1124/1/1958 1128/1/1968
f 2249/1/1970 2250/1/1971 1125/1/1962 1123/1/1957
f 2250/1/1971 2249/1/1970 1124/1/1958 1126/1/1963
f 2250/1/1971 2251/1/1972 1127/1/1967 1125/1/1962
f 2251/1/1972 2250/1/1971 1126/1/1963 1128/1/1968
f 2251/1/1972 2249/1/1970 1123/1/1957 1127/1/1967
f 2249/1/1970 2251/1/1972 1128/1/1968 1124/1/1958
f 2252/1/1973 2253/1/1974 1127/1/1967 1121/1/1952
f 2253/1/1974 2252/1/1973 1122/1/1953 1128/1/1968
f 2253/1/1974 2254/1/1975 1125/1/1962 1127/1/1967
f 2254/1/1975 2253/1/1974 1128/1/1968 1126/1/1963
f 2254/1/1975 2252/1/1973 1121/1/1952 1125/1/1962
f 2252/1/1973 2254/1/1975 1126/1/1963 1122/1/1953
f 2255/1/1976 2256/1/1977 1131/1/1978 1129/1/1979
f 2256/1/1977 2255/1/1976 1130/1/1980 1132/1/1981
f 2256/1/1977 2257/1/1982 1133/1/1983 1131/1/1978
f 2257/1/1982 2256/1/1977 1132/1/1981 1134/1/1984
f 2257/1/1982 2255/1/1976 1129/1/1979 1133/1/1983
f 2255/1/1976 2257/1/1982 1134/1/1984 1130/1/1980
f 2258/1/1985 2259/1/1986 1129/1/1979 1131/1/1978
f 2259/1/1986 2258/1/1985 1132/1/1981 1130/1/1980
f 2259/1/1986 2260/1/1857 1135/1/1858 1129/1/1979
f 2260/1/1857 2259/1/1986 1130/1/1980 1136/1/1987
f 2260/1/1857 2258/1/1985 1131/1/1978 1135/1/1858
f 2258/1/1985 2260/1/1857 1136/1/1987 1132/1/1981
f 2261/1/1988 2262/1/1989 1139/1/1990 1137/1/1991
f 2262/1/1989 2261/1/1988 1138/1/1992 1140/1/1993
f 2262/1/1989 2263/1/1994 1141/1/1995 1139/1/1990
f 2263/1/1994 2262/1/1989 1140/1/1993 1142/1/1996
f 2263/1/1994 2261/1/1988 1137/1/1991 1141/1/1995
f 2261/1/1988 2263/1/1994 1142/1/1996 1138/1/1992
f 2264/1/1997 2265/1/1998 1137/1/1991 1139/1/1990
f 2265/1/1998 2264/1/1997 1140/1/1993 1138/1/1992
f 2265/1/1998 2266/1/1999 1143/1/2000 1137/1/1991
f 2266/1/1999 2265/1/1998 1138/1/1992 1144/1/2001
f 2266/1/1999 2264/1/1997 1139/1/1990 1143/1/2000
f 2264/1/1997 2266/1/1999 1144/1/2001 1140/1/1993
