# Blender 5.2.0 LTS
# www.blender.org
mtllib MP5.mtl
o mp5
v -0.822842 0.532898 0.036330
v -0.814127 0.513441 0.051765
v -0.755016 0.514582 0.052758
v -0.766849 0.533979 0.037271
v -1.328351 0.545256 0.017416
v -0.619365 0.558941 0.029322
v -0.618783 0.552052 0.002555
v -1.327769 0.538366 -0.009351
v -0.618073 0.532576 -0.017337
v -1.327059 0.518890 -0.029245
v -1.326455 0.495934 -0.038815
v -0.617411 0.509910 -0.030677
v -0.617569 0.478627 -0.026692
v -1.326445 0.468473 -0.028271
v -0.616502 0.460377 -0.027882
v -1.325926 0.454260 -0.022388
v -1.328567 0.534343 0.042814
v -1.328417 0.512045 0.059497
v -1.132701 0.515823 0.062785
v -1.133249 0.538113 0.046094
v -1.328050 0.487891 0.065449
v -1.131851 0.491598 0.069788
v -1.327655 0.462372 0.050826
v -1.326925 0.449228 0.042850
v -0.618012 0.452765 0.070797
v -0.619085 0.470985 0.072388
v -1.377355 0.468334 -0.012968
v -1.377676 0.492983 -0.022183
v -1.378335 0.515925 -0.009311
v -1.378927 0.525131 0.015333
v -1.378927 0.525131 0.015333
v -1.379063 0.512253 0.038281
v -1.328351 0.545256 0.017416
v -1.378927 0.525131 0.015333
v -1.378743 0.487608 0.047498
v -1.378084 0.464663 0.034626
v -1.545408 0.535773 0.013606
v -1.545599 0.517775 0.045675
v -1.378927 0.525131 0.015333
v -1.544581 0.522905 -0.020834
v -1.545408 0.535773 0.013606
v -1.543660 0.490843 -0.038822
v -1.543211 0.456400 -0.025943
v -1.543403 0.438403 0.006126
v -1.377492 0.455456 0.009981
v -1.544229 0.451270 0.040566
v -1.543403 0.438403 0.006126
v -1.377492 0.455456 0.009981
v -1.377492 0.455456 0.009981
v -1.545150 0.483332 0.058554
v -1.554313 0.533948 0.013329
v -1.554498 0.516561 0.044310
v -1.553514 0.521517 -0.019943
v -1.554313 0.533948 0.013329
v -1.545408 0.535773 0.013606
v -1.545408 0.535773 0.013606
v -1.552625 0.490543 -0.037321
v -1.552191 0.457269 -0.024879
v -1.552376 0.439882 0.006103
v -1.553175 0.452313 0.039375
v -1.552376 0.439882 0.006103
v -1.543403 0.438403 0.006126
v -1.543403 0.438403 0.006126
v -1.554064 0.483287 0.056753
v -0.814592 0.521963 0.068127
v -0.823309 0.544096 0.051300
v -0.767316 0.545176 0.052240
v -0.755477 0.523105 0.069120
v -0.619431 0.525731 0.071404
v -0.619581 0.548028 0.054720
v -0.755016 0.514582 0.052758
v -0.744120 0.493062 0.060621
v -0.744575 0.498914 0.078377
v -0.755477 0.523105 0.069120
v -0.755016 0.514582 0.052758
v -1.132246 0.509971 0.045029
v -0.814127 0.513441 0.051765
v -0.814592 0.521963 0.068127
v -0.814592 0.521963 0.068127
v -1.132701 0.515823 0.062785
v -1.131392 0.485746 0.052032
v -1.132701 0.515823 0.062785
v -1.132701 0.515823 0.062785
v -1.131851 0.491598 0.069788
v -0.744120 0.493062 0.060621
v -1.131392 0.485746 0.052032
v -1.131851 0.491598 0.069788
v -1.131851 0.491598 0.069788
v -0.744575 0.498914 0.078377
v -0.744120 0.493062 0.060621
v -0.766849 0.533979 0.037271
v -0.755016 0.514582 0.052758
v -0.755477 0.523105 0.069120
v -0.755477 0.523105 0.069120
v -0.767316 0.545176 0.052240
v -0.766849 0.533979 0.037271
v -0.822842 0.532898 0.036330
v -0.766849 0.533979 0.037271
v -0.767316 0.545176 0.052240
v -0.767316 0.545176 0.052240
v -0.823309 0.544096 0.051300
v -0.822842 0.532898 0.036330
v -0.814127 0.513441 0.051765
v -0.822842 0.532898 0.036330
v -0.823309 0.544096 0.051300
v -0.823309 0.544096 0.051300
v -0.814592 0.521963 0.068127
v -0.814127 0.513441 0.051765
v -0.744575 0.498914 0.078377
v -1.328351 0.545256 0.017416
v -0.619365 0.558941 0.029322
v -1.328351 0.545256 0.017416
v -0.617050 0.446485 0.020682
v -1.326218 0.441657 0.009456
v -1.377492 0.455456 0.009981
v -1.326218 0.441657 0.009456
v -1.377492 0.455456 0.009981
v -1.326218 0.441657 0.009456
v -1.326218 0.441657 0.009456
v -0.617050 0.446485 0.020682
v -1.132246 0.509971 0.045029
v -1.131392 0.485746 0.052032
v -0.744120 0.493062 0.060621
v -0.744120 0.493062 0.060621
v -1.132246 0.509971 0.045029
v -0.614514 0.278542 0.062733
v -0.613296 0.264188 0.006678
v 0.429823 0.284323 0.024197
v 0.428605 0.298678 0.080251
v -0.615995 0.319157 0.104222
v 0.427124 0.339293 0.121740
v -0.436854 0.341056 0.117684
v 0.426593 0.357723 0.132185
v -0.432554 0.385074 0.104926
v -0.431924 0.354389 0.102673
v 0.426591 0.370961 0.117091
v 0.425961 0.401646 0.119344
v -0.619581 0.548028 0.054720
v -0.619431 0.525731 0.071404
v 0.423688 0.545866 0.088923
v 0.423538 0.568163 0.072239
v -0.619581 0.548028 0.054720
v -0.619365 0.558941 0.029322
v -0.619581 0.548028 0.054720
v 0.423754 0.579077 0.046840
v -0.619365 0.558941 0.029322
v 0.425603 0.412981 0.127613
v -0.437843 0.396314 0.113112
v -0.617516 0.392846 0.110095
v -0.616526 0.337587 0.114666
v 0.425200 0.450649 0.108348
v -0.617919 0.430514 0.090830
v 0.423997 0.521421 0.098644
v -0.619431 0.525731 0.071404
v -0.619431 0.525731 0.071404
v -0.619123 0.501286 0.081126
v -0.616502 0.460377 -0.027882
v -0.441267 0.463760 -0.024939
v -0.436552 0.444919 -0.048068
v -0.615747 0.441460 -0.051077
v -0.616502 0.460377 -0.027882
v -0.612842 0.286970 -0.046524
v 0.430277 0.307105 -0.029006
v 0.429823 0.284323 0.024197
v 0.429823 0.284323 0.024197
v -0.613296 0.264188 0.006678
v -0.613155 0.333469 -0.081320
v 0.429964 0.353604 -0.063802
v -0.433740 0.356752 -0.085809
v 0.429708 0.373419 -0.071309
v -0.429933 0.398284 -0.066329
v 0.428582 0.414855 -0.051911
v 0.429215 0.384187 -0.054371
v -0.429300 0.367615 -0.068789
v -0.619365 0.558941 0.029322
v 0.423754 0.579077 0.046840
v 0.424336 0.572187 0.020073
v -0.618783 0.552052 0.002555
v -0.619365 0.558941 0.029322
v -0.617569 0.478627 -0.026692
v -0.441640 0.482023 -0.023737
v -0.616502 0.460377 -0.027882
v -0.617569 0.478627 -0.026692
v -0.617411 0.509910 -0.030677
v -0.438216 0.513369 -0.027668
v -0.617569 0.478627 -0.026692
v -0.617411 0.509910 -0.030677
v -0.618073 0.532576 -0.017337
v -0.414766 0.536500 -0.013923
v -0.617411 0.509910 -0.030677
v -0.618073 0.532576 -0.017337
v -0.434997 0.410659 -0.072851
v 0.428449 0.427326 -0.058351
v -0.614669 0.407191 -0.075869
v -0.613411 0.353284 -0.088827
v -0.411567 0.419628 -0.070059
v -0.245768 0.467533 -0.021656
v 0.426617 0.480512 -0.010364
v 0.427371 0.461596 -0.033559
v -0.246756 0.448583 -0.044881
v -0.246140 0.485797 -0.020454
v 0.426244 0.498776 -0.009162
v -0.251743 0.516968 -0.024536
v 0.425708 0.530045 -0.013159
v -0.275094 0.539196 -0.011577
v 0.425046 0.552711 0.000180
v -0.252450 0.511326 0.024075
v -0.251743 0.516968 -0.024536
v -0.246140 0.485797 -0.020454
v -0.246140 0.485797 -0.020454
v -0.246297 0.458617 0.020103
v -0.275520 0.529348 0.025113
v -0.275094 0.539196 -0.011577
v -0.251743 0.516968 -0.024536
v -0.251743 0.516968 -0.024536
v -0.415192 0.526652 0.022767
v -0.414766 0.536500 -0.013923
v -0.275094 0.539196 -0.011577
v -0.275094 0.539196 -0.011577
v -0.438924 0.507727 0.020944
v -0.438216 0.513369 -0.027668
v -0.414766 0.536500 -0.013923
v -0.414766 0.536500 -0.013923
v -0.252388 0.406766 0.016011
v -0.251296 0.422721 -0.067367
v -0.411567 0.419628 -0.070059
v -0.411567 0.419628 -0.070059
v -0.412659 0.403672 0.013319
v -0.246756 0.448583 -0.044881
v -0.251296 0.422721 -0.067367
v -0.251296 0.422721 -0.067367
v -0.252388 0.406766 0.016011
v -0.411567 0.419628 -0.070059
v -0.436552 0.444919 -0.048068
v -0.436552 0.444919 -0.048068
v -0.441796 0.454843 0.016820
v 0.424728 0.491133 0.089918
v -0.619085 0.470985 0.072388
v -0.438924 0.507727 0.020944
v -0.252450 0.511326 0.024075
v -0.246297 0.458617 0.020103
v -0.246297 0.458617 0.020103
v -0.441796 0.454843 0.016820
v -0.438924 0.507727 0.020944
v -0.275520 0.529348 0.025113
v -0.252450 0.511326 0.024075
v -0.438924 0.507727 0.020944
v -0.438924 0.507727 0.020944
v -0.415192 0.526652 0.022767
v -0.275520 0.529348 0.025113
v -0.252388 0.406766 0.016011
v -0.412659 0.403672 0.013319
v -0.441796 0.454843 0.016820
v -0.441796 0.454843 0.016820
v -0.246297 0.458617 0.020103
v -0.252388 0.406766 0.016011
v -0.619085 0.470985 0.072388
v -0.618012 0.452765 0.070797
v -0.618012 0.452765 0.070797
v 0.425106 0.472901 0.088315
v -0.251296 0.422721 -0.067367
v -0.251296 0.422721 -0.067367
v -0.618783 0.552052 0.002555
v -0.618783 0.552052 0.002555
v -0.618012 0.452765 0.070797
v 0.425106 0.472901 0.088315
v -0.618012 0.452765 0.070797
v -0.438216 0.513369 -0.027668
v -0.441640 0.482023 -0.023737
v -0.438216 0.513369 -0.027668
v -0.453346 0.229622 0.005877
v -0.454793 0.221881 0.021335
v -0.341084 0.203285 0.024825
v -0.339355 0.212559 0.006306
v -0.454304 0.224346 -0.010621
v -0.340498 0.206238 -0.013459
v -0.457099 0.209143 -0.018496
v -0.343851 0.188026 -0.022892
v -0.460096 0.192919 -0.013134
v -0.347443 0.168590 -0.016469
v -0.461543 0.185178 0.002324
v -0.349172 0.159316 0.002049
v -0.460586 0.190454 0.018822
v -0.348028 0.165637 0.021814
v -0.457791 0.205657 0.026697
v -0.344680 0.183850 0.031248
v -0.497108 0.222570 0.013099
v -0.498680 0.214058 0.015912
v -0.496351 0.226631 0.004989
v -0.496852 0.223863 -0.003667
v -0.498316 0.215887 -0.007799
v -0.499892 0.207375 -0.004985
v -0.500649 0.203314 0.003125
v -0.500149 0.206082 0.011780
v 0.042101 0.188151 0.087370
v 0.041883 0.187053 0.101613
v 0.059847 0.212466 0.108676
v 0.060138 0.213935 0.089635
v 0.042460 0.152056 0.084591
v 0.042242 0.150957 0.098834
v 0.079482 0.130028 0.083459
v 0.079264 0.128929 0.097702
v 0.109190 0.144700 0.085045
v 0.109041 0.143600 0.099288
v 0.128140 0.198593 0.089492
v 0.127809 0.196924 0.111135
v 0.167101 0.235454 0.092932
v 0.166744 0.233652 0.116297
v 0.167101 0.235454 0.092932
v 0.160577 0.251791 0.094093
v 0.160220 0.249988 0.117458
v 0.166744 0.233652 0.116297
v 0.167101 0.235454 0.092932
v 0.109041 0.143600 0.099288
v 0.041883 0.187053 0.101613
v 0.042242 0.150957 0.098834
v 0.042242 0.150957 0.098834
v 0.079264 0.128929 0.097702
v 0.109041 0.143600 0.099288
v 0.109041 0.143600 0.099288
v 0.127809 0.196924 0.111135
v 0.059847 0.212466 0.108676
v 0.059847 0.212466 0.108676
v 0.041883 0.187053 0.101613
v 0.109041 0.143600 0.099288
v 0.127809 0.196924 0.111135
v 0.166744 0.233652 0.116297
v 0.160220 0.249988 0.117458
v 0.160220 0.249988 0.117458
v 0.059847 0.212466 0.108676
v 0.127809 0.196924 0.111135
v -1.451855 0.291959 0.023726
v -1.451247 0.285139 -0.004688
v -0.610984 0.212958 0.002604
v -0.612142 0.222321 0.060791
v -0.613760 0.263385 0.109974
v -1.452670 0.314870 0.045903
v -0.615131 0.319372 0.127258
v -1.453472 0.347732 0.055900
v -1.451007 0.296237 -0.031725
v -0.610393 0.231134 -0.053466
v -0.610984 0.212958 0.002604
v -0.610984 0.212958 0.002604
v -1.451247 0.285139 -0.004688
v -0.610611 0.279258 -0.095798
v -1.451200 0.322279 -0.050142
v -1.455540 0.453051 0.057982
v -0.617474 0.467338 0.096664
v -0.615207 0.478766 -0.051493
v -1.454026 0.460684 -0.040974
v -1.451775 0.356286 -0.055003
v -0.611587 0.337236 -0.104327
v -0.615131 0.319372 0.127258
v -0.611587 0.337236 -0.104327
v -0.615207 0.478766 -0.051493
v -0.615207 0.478766 -0.051493
v -0.617474 0.467338 0.096664
v -0.615131 0.319372 0.127258
v -1.455540 0.453051 0.057982
v -1.454026 0.460684 -0.040974
v -1.451775 0.356286 -0.055003
v -1.451775 0.356286 -0.055003
v -1.453472 0.347732 0.055900
v -1.455540 0.453051 0.057982
v -1.453472 0.347732 0.055900
v -1.451775 0.356286 -0.055003
v -1.451200 0.322279 -0.050142
v -1.451200 0.322279 -0.050142
v -1.452670 0.314870 0.045903
v -1.453472 0.347732 0.055900
v -1.451855 0.291959 0.023726
v -1.452670 0.314870 0.045903
v -1.451200 0.322279 -0.050142
v -1.451200 0.322279 -0.050142
v -1.451007 0.296237 -0.031725
v -1.451855 0.291959 0.023726
v -0.613760 0.263385 0.109974
v -0.610611 0.279258 -0.095798
v -0.611587 0.337236 -0.104327
v -0.611587 0.337236 -0.104327
v -0.615131 0.319372 0.127258
v -0.613760 0.263385 0.109974
v -0.612142 0.222321 0.060791
v -0.610393 0.231134 -0.053466
v -0.610611 0.279258 -0.095798
v -0.610611 0.279258 -0.095798
v -0.613760 0.263385 0.109974
v -0.612142 0.222321 0.060791
v -1.392481 0.415798 0.057481
v -1.392623 0.415080 0.066784
v -1.400200 0.395735 0.065176
v -1.400058 0.396453 0.055873
v -1.400849 0.434835 0.058822
v -1.400991 0.434118 0.068125
v -1.420258 0.442409 0.059109
v -1.420400 0.441692 0.068412
v -1.439335 0.434092 0.058176
v -1.439478 0.433375 0.067478
v -1.446912 0.414747 0.056567
v -1.447055 0.414030 0.065870
v -1.438545 0.395710 0.055227
v -1.438687 0.394992 0.064530
v -1.419140 0.388136 0.054939
v -1.419283 0.387418 0.064243
v 0.354203 0.330148 0.120758
v 0.355473 0.307840 0.070762
v 1.487993 0.329701 0.089782
v 1.486723 0.352009 0.139777
v 1.485002 0.417910 0.166470
v 0.352482 0.396049 0.147449
v 0.353125 0.366870 0.142726
v 1.485645 0.388731 0.161747
v 1.485016 0.429450 0.152360
v 0.352496 0.407589 0.133341
v 1.487993 0.329701 0.089782
v 0.355473 0.307840 0.070762
v 0.354266 0.357837 0.085149
v 1.486786 0.379698 0.104169
v 1.487993 0.329701 0.089782
v 0.320288 0.366121 0.132758
v 0.319633 0.397312 0.135918
v 0.315907 0.406609 0.127786
v 0.316822 0.362163 0.124372
v 0.353500 0.362871 0.124988
v 0.357066 0.344582 -0.066368
v 1.489586 0.366443 -0.047348
v 1.489388 0.336730 -0.001349
v 0.356867 0.314869 -0.020369
v 0.356571 0.384241 -0.082469
v 0.356004 0.413801 -0.082680
v 1.488524 0.435662 -0.063660
v 1.489092 0.406102 -0.063449
v 0.355562 0.423040 -0.066975
v 1.488082 0.444901 -0.047955
v 1.489388 0.336730 -0.001349
v 1.488502 0.388345 -0.007931
v 0.355981 0.366484 -0.026951
v 0.356867 0.314869 -0.020369
v 1.489388 0.336730 -0.001349
v 0.323449 0.382049 -0.073737
v 0.319738 0.376860 -0.066166
v 0.318823 0.421306 -0.062752
v 0.322817 0.413357 -0.072095
v 0.356416 0.377568 -0.065550
v -1.451066 0.532916 0.014830
v -1.451235 0.516967 0.043251
v -1.377654 0.518387 0.044487
v -1.377485 0.534337 0.016066
v -1.450334 0.521513 -0.015693
v -1.376752 0.522933 -0.014457
v -1.449517 0.493096 -0.031635
v -1.375936 0.494516 -0.030400
v -1.448919 0.464532 -0.034453
v -1.375337 0.465953 -0.033217
v -1.448309 0.434934 -0.036726
v -1.374728 0.436355 -0.035491
v -1.450258 0.457780 0.053086
v -1.449626 0.428300 0.049286
v -1.376044 0.429720 0.050522
v -1.376677 0.459200 0.054322
v -1.450838 0.486439 0.054665
v -1.377257 0.487860 0.055901
v 0.135162 -0.067479 -0.033720
v 0.134422 -0.071212 0.014678
v 0.076501 -0.068521 0.007469
v 0.077043 -0.065789 -0.027949
v 0.014665 -0.078674 -0.029898
v 0.014122 -0.081406 0.005520
v 0.109282 -0.016311 0.018528
v 0.110023 -0.012577 -0.029871
v 0.021955 -0.102071 0.004045
v 0.022497 -0.099339 -0.031373
v -0.148537 -0.106179 0.001119
v -0.147995 -0.103447 -0.034298
v 0.021955 -0.102071 0.004045
v 0.014122 -0.081406 0.005520
v -0.144132 -0.084075 0.002892
v -0.148537 -0.106179 0.001119
v 0.021955 -0.102071 0.004045
v -0.143590 -0.081343 -0.032526
v -0.144132 -0.084075 0.002892
v 0.014665 -0.078674 -0.029898
v 0.022497 -0.099339 -0.031373
v -0.147995 -0.103447 -0.034298
v -0.147995 -0.103447 -0.034298
v -0.143590 -0.081343 -0.032526
v 0.014665 -0.078674 -0.029898
v -0.186821 -0.071707 0.003192
v -0.186279 -0.068975 -0.032226
v -0.148537 -0.106179 0.001119
v -0.166869 -0.062149 0.004235
v -0.186821 -0.071707 0.003192
v -0.148537 -0.106179 0.001119
v -0.144132 -0.084075 0.002892
v -0.166326 -0.059417 -0.031183
v -0.166869 -0.062149 0.004235
v -0.144132 -0.084075 0.002892
v -0.143590 -0.081343 -0.032526
v -0.147995 -0.103447 -0.034298
v -0.186279 -0.068975 -0.032226
v -0.186279 -0.068975 -0.032226
v -0.166326 -0.059417 -0.031183
v -0.143590 -0.081343 -0.032526
v -0.247803 0.057703 0.021390
v -0.246982 0.061838 -0.032213
v -0.216145 0.057989 0.021897
v -0.247803 0.057703 0.021390
v -0.186821 -0.071707 0.003192
v -0.186821 -0.071707 0.003192
v -0.215325 0.062123 -0.031707
v -0.216145 0.057989 0.021897
v -0.166869 -0.062149 0.004235
v -0.166869 -0.062149 0.004235
v -0.246982 0.061838 -0.032213
v -0.215325 0.062123 -0.031707
v -0.166326 -0.059417 -0.031183
v -0.166326 -0.059417 -0.031183
v -0.186279 -0.068975 -0.032226
v -0.246982 0.061838 -0.032213
v -0.326366 0.102651 0.023655
v -0.325545 0.106786 -0.029949
v -0.247803 0.057703 0.021390
v -0.197678 0.104809 0.025791
v -0.326366 0.102651 0.023655
v -0.247803 0.057703 0.021390
v -0.216145 0.057989 0.021897
v -0.196858 0.108944 -0.027812
v -0.197678 0.104809 0.025791
v -0.216145 0.057989 0.021897
v -0.215325 0.062123 -0.031707
v -0.246982 0.061838 -0.032213
v -0.325545 0.106786 -0.029949
v -0.325545 0.106786 -0.029949
v -0.196858 0.108944 -0.027812
v -0.215325 0.062123 -0.031707
v -0.271487 -0.020692 0.034153
v -0.301776 -0.022748 0.033531
v -0.300372 -0.015674 -0.058181
v -0.270083 -0.013618 -0.057559
v -0.300666 0.060784 0.034806
v -0.299421 0.067064 -0.046599
v -0.318757 0.103761 -0.038878
v -0.319845 0.098278 0.032218
v -0.328526 0.060247 0.034338
v -0.300666 0.060784 0.034806
v -0.319845 0.098278 0.032218
v -0.319845 0.098278 0.032218
v -0.340769 0.097874 0.031866
v -0.327280 0.066526 -0.047067
v -0.328526 0.060247 0.034338
v -0.340769 0.097874 0.031866
v -0.340769 0.097874 0.031866
v -0.339681 0.103358 -0.039229
v -0.299421 0.067064 -0.046599
v -0.327280 0.066526 -0.047067
v -0.339681 0.103358 -0.039229
v -0.339681 0.103358 -0.039229
v -0.318757 0.103761 -0.038878
v -0.299421 0.067064 -0.046599
v -0.300666 0.060784 0.034806
v -0.301776 -0.022748 0.033531
v -0.301776 -0.022748 0.033531
v -0.271487 -0.020692 0.034153
v -0.300666 0.060784 0.034806
v -0.271487 -0.020692 0.034153
v -0.271487 -0.020692 0.034153
v -0.270083 -0.013618 -0.057559
v -0.327280 0.066526 -0.047067
v -0.299421 0.067064 -0.046599
v -0.327280 0.066526 -0.047067
v -0.328526 0.060247 0.034338
v -0.300372 -0.015674 -0.058181
v -0.300372 -0.015674 -0.058181
v -0.301776 -0.022748 0.033531
v -0.328526 0.060247 0.034338
v 0.583526 0.320205 0.099833
v 0.536033 0.230151 0.092159
v 0.538236 0.241258 -0.051825
v 0.585729 0.331312 -0.044152
v 0.400690 0.316676 0.096762
v 0.402525 0.227574 0.089917
v 0.536033 0.230151 0.092159
v 0.536033 0.230151 0.092159
v 0.583526 0.320205 0.099833
v 0.402525 0.227574 0.089917
v 0.402525 0.227574 0.089917
v 0.404728 0.238681 -0.054068
v 0.585729 0.331312 -0.044152
v 0.538236 0.241258 -0.051825
v 0.404728 0.238681 -0.054068
v 0.404728 0.238681 -0.054068
v 0.402894 0.327782 -0.047223
v 0.585729 0.331312 -0.044152
v -1.515980 0.390330 0.051020
v -1.509060 0.384480 0.032078
v -1.508525 0.378745 0.032940
v -1.515450 0.384594 0.051881
v -1.532190 0.393079 0.063301
v -1.531655 0.387343 0.064163
v -1.520383 0.408893 0.106559
v -1.519848 0.403158 0.107421
v -1.490073 0.412267 0.108559
v -1.489539 0.406532 0.109421
v -1.469722 0.402052 0.073327
v -1.469188 0.396317 0.074188
v -1.492190 0.394507 0.057074
v -1.491656 0.388771 0.057936
v -1.495293 0.385359 0.031073
v -1.494758 0.379623 0.031934
v -1.508525 0.378745 0.032940
v -1.494758 0.379623 0.031934
v -1.491656 0.388771 0.057936
v -1.491656 0.388771 0.057936
v -1.515450 0.384594 0.051881
v -1.508525 0.378745 0.032940
v -1.531655 0.387343 0.064163
v -1.515450 0.384594 0.051881
v -1.491656 0.388771 0.057936
v -1.491656 0.388771 0.057936
v -1.469188 0.396317 0.074188
v -1.531655 0.387343 0.064163
v -1.531655 0.387343 0.064163
v -1.469188 0.396317 0.074188
v -1.489539 0.406532 0.109421
v -1.489539 0.406532 0.109421
v -1.519848 0.403158 0.107421
v -1.531655 0.387343 0.064163
v -1.532190 0.393079 0.063301
v -1.520383 0.408893 0.106559
v -1.490073 0.412267 0.108559
v -1.490073 0.412267 0.108559
v -1.469722 0.402052 0.073327
v -1.532190 0.393079 0.063301
v -1.532190 0.393079 0.063301
v -1.469722 0.402052 0.073327
v -1.492190 0.394507 0.057074
v -1.492190 0.394507 0.057074
v -1.515980 0.390330 0.051020
v -1.532190 0.393079 0.063301
v -1.492190 0.394507 0.057074
v -1.495293 0.385359 0.031073
v -1.509060 0.384480 0.032078
v -1.509060 0.384480 0.032078
v -1.515980 0.390330 0.051020
v -1.492190 0.394507 0.057074
v -0.386356 -0.063489 0.033853
v -0.384890 -0.056101 -0.061938
v -0.334296 0.190710 -0.042126
v -0.335762 0.183321 0.053666
v -0.490868 -0.036251 0.034373
v -0.386356 -0.063489 0.033853
v -0.335762 0.183321 0.053666
v -0.335762 0.183321 0.053666
v -0.410725 0.201543 0.053939
v -0.558902 -0.010742 -0.061133
v -0.560369 -0.018135 0.034719
v -0.509367 0.208835 0.053007
v -0.507899 0.216229 -0.042845
v -0.451121 -0.270959 -0.079525
v -0.452587 -0.278348 0.016266
v -0.556025 -0.248254 0.017023
v -0.452587 -0.278348 0.016266
v -0.452587 -0.278348 0.016266
v -0.386356 -0.063489 0.033853
v -0.623409 -0.220828 -0.078327
v -0.624876 -0.228222 0.017527
v -0.646155 -0.665052 -0.112910
v -0.548957 -0.500840 -0.098755
v -0.550423 -0.508229 -0.002964
v -0.647621 -0.672441 -0.017118
v -0.550423 -0.508229 -0.002964
v -0.645941 -0.458597 -0.000578
v -0.741534 -0.619164 -0.014427
v -0.647621 -0.672441 -0.017118
v -0.550423 -0.508229 -0.002964
v -0.708008 -0.418195 -0.094845
v -0.802518 -0.576344 -0.108491
v -0.803985 -0.583738 -0.012638
v -0.709475 -0.425588 0.001008
v -0.334296 0.190710 -0.042126
v -0.409258 0.208934 -0.041882
v -0.410725 0.201543 0.053939
v -0.410725 0.201543 0.053939
v -0.335762 0.183321 0.053666
v -0.334296 0.190710 -0.042126
v -0.560369 -0.018135 0.034719
v -0.521114 -0.028367 0.034524
v -0.482270 0.201773 0.052872
v -0.509367 0.208835 0.053007
v -0.560369 -0.018135 0.034719
v -0.586046 -0.239518 0.017243
v -0.560369 -0.018135 0.034719
v -0.560369 -0.018135 0.034719
v -0.624876 -0.228222 0.017527
v -0.768711 -0.603748 -0.013649
v -0.673605 -0.444230 0.000112
v -0.709475 -0.425588 0.001008
v -0.709475 -0.425588 0.001008
v -0.803985 -0.583738 -0.012638
v -0.645676 -0.457240 -0.018161
v -0.673336 -0.442873 -0.017471
v -0.768453 -0.602665 -0.031310
v -0.741405 -0.618284 -0.031907
v -0.555756 -0.246897 -0.000560
v -0.585781 -0.238162 -0.000341
v -0.490603 -0.034894 0.016790
v -0.520849 -0.027010 0.016941
v -0.451529 0.195271 0.034845
v -0.481980 0.203193 0.035234
v -0.645676 -0.457240 -0.018161
v -0.741405 -0.618284 -0.031907
v -0.741534 -0.619164 -0.014427
v -0.741534 -0.619164 -0.014427
v -0.645941 -0.458597 -0.000578
v -0.645676 -0.457240 -0.018161
v -0.768453 -0.602665 -0.031310
v -0.673336 -0.442873 -0.017471
v -0.673605 -0.444230 0.000112
v -0.673605 -0.444230 0.000112
v -0.768711 -0.603748 -0.013649
v -0.768453 -0.602665 -0.031310
v -0.645941 -0.458597 -0.000578
v -0.556025 -0.248254 0.017023
v -0.555756 -0.246897 -0.000560
v -0.555756 -0.246897 -0.000560
v -0.645676 -0.457240 -0.018161
v -0.645941 -0.458597 -0.000578
v -0.673336 -0.442873 -0.017471
v -0.585781 -0.238162 -0.000341
v -0.586046 -0.239518 0.017243
v -0.586046 -0.239518 0.017243
v -0.673605 -0.444230 0.000112
v -0.673336 -0.442873 -0.017471
v -0.490603 -0.034894 0.016790
v -0.555756 -0.246897 -0.000560
v -0.556025 -0.248254 0.017023
v -0.556025 -0.248254 0.017023
v -0.490868 -0.036251 0.034373
v -0.490603 -0.034894 0.016790
v -0.585781 -0.238162 -0.000341
v -0.520849 -0.027010 0.016941
v -0.521114 -0.028367 0.034524
v -0.521114 -0.028367 0.034524
v -0.586046 -0.239518 0.017243
v -0.585781 -0.238162 -0.000341
v -0.490868 -0.036251 0.034373
v -0.451788 0.193829 0.052721
v -0.451529 0.195271 0.034845
v -0.451529 0.195271 0.034845
v -0.490603 -0.034894 0.016790
v -0.490868 -0.036251 0.034373
v -0.520849 -0.027010 0.016941
v -0.481980 0.203193 0.035234
v -0.482270 0.201773 0.052872
v -0.482270 0.201773 0.052872
v -0.521114 -0.028367 0.034524
v -0.520849 -0.027010 0.016941
v -0.450609 0.199904 -0.025226
v -0.481053 0.207864 -0.025321
v -0.481980 0.203193 0.035234
v -0.481980 0.203193 0.035234
v -0.451529 0.195271 0.034845
v -0.000996 0.073524 -0.016026
v -0.000416 0.125311 -0.012022
v -0.000668 0.124039 0.004474
v -0.001249 0.072252 0.000470
v 0.003260 -0.014103 -0.023831
v 0.002974 -0.015546 -0.005127
v -0.040933 -0.060060 -0.026942
v -0.041186 -0.061332 -0.010445
v -0.018571 -0.008943 -0.023767
v -0.018857 -0.010385 -0.005064
v -0.028572 0.063247 -0.017241
v -0.028824 0.061974 -0.000745
v -0.065259 0.116272 -0.013712
v -0.065512 0.115000 0.002784
v -0.001249 0.072252 0.000470
v -0.028824 0.061974 -0.000745
v -0.018857 -0.010385 -0.005064
v -0.018857 -0.010385 -0.005064
v 0.002974 -0.015546 -0.005127
v -0.001249 0.072252 0.000470
v -0.000668 0.124039 0.004474
v -0.065512 0.115000 0.002784
v -0.028824 0.061974 -0.000745
v -0.028824 0.061974 -0.000745
v -0.001249 0.072252 0.000470
v -0.000668 0.124039 0.004474
v -0.028572 0.063247 -0.017241
v -0.065259 0.116272 -0.013712
v -0.000416 0.125311 -0.012022
v -0.000416 0.125311 -0.012022
v -0.000996 0.073524 -0.016026
v -0.028572 0.063247 -0.017241
v -0.018571 -0.008943 -0.023767
v -0.028572 0.063247 -0.017241
v -0.000996 0.073524 -0.016026
v -0.000996 0.073524 -0.016026
v 0.003260 -0.014103 -0.023831
v -0.018571 -0.008943 -0.023767
v 0.331454 -0.039158 0.068587
v 0.361531 -0.019838 -0.000311
v 0.280137 0.117111 0.009007
v 0.259597 0.110476 0.076530
v 0.015331 0.117113 0.004954
v 0.148016 -0.131400 -0.012185
v 0.170398 -0.118032 0.042416
v 0.058665 0.106597 0.073156
v 0.483862 -0.277308 0.055435
v 0.519385 -0.246393 -0.015371
v 0.293061 -0.342750 0.033322
v 0.391211 -0.343661 0.079142
v 0.245795 -0.077744 0.084505
v 0.263971 -0.354193 -0.027596
v 0.249988 -0.375853 -0.029480
v 0.280820 -0.364466 0.032027
v 0.259975 -0.402212 -0.031361
v 0.292548 -0.390880 0.030735
v 0.166819 0.108685 0.074972
v 0.365779 0.557670 0.090065
v 0.376147 0.515903 0.102911
v 0.473889 0.517790 0.104553
v 0.524547 0.560793 0.091967
v 0.512312 0.578829 0.073810
v 0.362302 0.576420 0.070787
v 0.589180 0.298739 0.085204
v 0.397159 0.295033 0.081979
v 0.398281 0.287381 0.023950
v 0.590302 0.291088 0.027174
v 0.395542 0.334781 0.132575
v 0.587563 0.338488 0.135800
v 0.586215 0.388196 0.158937
v 0.394194 0.384489 0.155712
v 0.393999 0.416374 0.130680
v 0.393943 0.403245 0.149089
v 0.585700 0.406946 0.152313
v 0.584932 0.420059 0.133886
v 0.567383 0.526169 0.044957
v 0.533198 0.571557 0.047935
v 0.524547 0.560793 0.091967
v 0.524547 0.560793 0.091967
v 0.550188 0.519682 0.100370
v 0.486693 0.449105 0.120289
v 0.550188 0.519682 0.100370
v 0.550188 0.519682 0.100370
v 0.385406 0.476749 0.098626
v 0.474722 0.478473 0.100126
v 0.389366 0.447226 0.118656
v 0.360125 0.583742 0.046226
v 0.503041 0.586500 0.048626
v 0.615085 0.218623 0.007760
v 0.614650 0.216428 0.036214
v 0.560220 0.215378 0.035300
v 0.560656 0.217572 0.006846
v 0.546994 0.231096 0.036310
v 0.547429 0.233291 0.007856
v 0.626233 0.232626 0.037640
v 0.626668 0.234820 0.009186
v 0.589004 0.319762 0.015162
v 0.588568 0.317567 0.043616
v 0.560220 0.215378 0.035300
v 0.614650 0.216428 0.036214
v 0.626233 0.232626 0.037640
v 0.626233 0.232626 0.037640
v 0.546994 0.231096 0.036310
v 0.560220 0.215378 0.035300
v 0.588568 0.317567 0.043616
v 0.588568 0.317567 0.043616
v 0.589004 0.319762 0.015162
v 0.615085 0.218623 0.007760
v 0.560656 0.217572 0.006846
v 0.547429 0.233291 0.007856
v 0.547429 0.233291 0.007856
v 0.626668 0.234820 0.009186
v 0.615085 0.218623 0.007760
v 0.674434 0.370971 0.050709
v 0.674919 0.373420 0.018957
v 0.568388 0.371364 0.017168
v 0.567903 0.368914 0.048920
v 0.625083 0.300104 0.044487
v 0.569342 0.299028 0.043551
v 0.569828 0.301477 0.011799
v 0.625569 0.302553 0.012735
v 0.625083 0.300104 0.044487
v 0.674434 0.370971 0.050709
v 0.567903 0.368914 0.048920
v 0.567903 0.368914 0.048920
v 0.569342 0.299028 0.043551
v 0.625083 0.300104 0.044487
v 0.568388 0.371364 0.017168
v 0.674919 0.373420 0.018957
v 0.625569 0.302553 0.012735
v 0.625569 0.302553 0.012735
v 0.569828 0.301477 0.011799
v 0.568388 0.371364 0.017168
v 0.676133 0.288494 0.044373
v 0.639922 0.287795 0.043765
v 0.640408 0.290244 0.012013
v 0.676618 0.290943 0.012621
v 0.640408 0.290244 0.012013
v 0.625569 0.302553 0.012735
v 0.674919 0.373420 0.018957
v 0.674919 0.373420 0.018957
v 0.676618 0.290943 0.012621
v 0.640408 0.290244 0.012013
v 0.639922 0.287795 0.043765
v 0.676133 0.288494 0.044373
v 0.674434 0.370971 0.050709
v 0.674434 0.370971 0.050709
v 0.625083 0.300104 0.044487
v 0.639922 0.287795 0.043765
v 0.276147 0.663895 0.014367
v 0.276198 0.664155 0.010998
v 0.231983 0.665668 0.010438
v 0.231931 0.665408 0.013807
v 0.324767 0.554628 0.086932
v 0.326084 0.561265 0.000896
v 0.317640 0.622413 0.011802
v 0.316515 0.616745 0.085279
v 0.316419 0.616261 0.091558
v 0.231691 0.611609 0.089903
v 0.232901 0.552855 0.085389
v 0.324767 0.554628 0.086932
v 0.231983 0.665668 0.010438
v 0.276198 0.664155 0.010998
v 0.317735 0.622897 0.005522
v 0.233008 0.618246 0.003868
v 0.231983 0.665668 0.010438
v 0.230755 0.659481 0.090652
v 0.274970 0.657968 0.091212
v 0.275022 0.658227 0.087843
v 0.230806 0.659741 0.087283
v 0.276897 0.627459 0.011568
v 0.275772 0.621791 0.085044
v 0.230755 0.659481 0.090652
v 0.274970 0.657968 0.091212
v 0.230755 0.659481 0.090652
v 0.326084 0.561265 0.000896
v 0.234218 0.559492 -0.000647
v 0.145173 0.551162 0.083916
v 0.151105 0.588038 0.086852
v 0.152422 0.594675 0.000816
v 0.146490 0.557798 -0.002120
v 0.146490 0.557798 -0.002120
v 0.152422 0.594675 0.000816
v 0.146490 0.557798 -0.002120
v 0.151105 0.588038 0.086852
v 0.145173 0.551162 0.083916
v 0.151105 0.588038 0.086852
v 0.316419 0.616261 0.091558
v 0.316515 0.616745 0.085279
v 0.316515 0.616745 0.085279
v 0.232857 0.620456 0.010354
v 0.231732 0.614788 0.083830
v 0.317640 0.622413 0.011802
v 0.317735 0.622897 0.005522
v 0.317640 0.622413 0.011802
v 0.275772 0.621791 0.085044
v 0.231732 0.614788 0.083830
v 0.230806 0.659741 0.087283
v 0.230806 0.659741 0.087283
v 0.275022 0.658227 0.087843
v 0.275772 0.621791 0.085044
v 0.232857 0.620456 0.010354
v 0.276897 0.627459 0.011568
v 0.276147 0.663895 0.014367
v 0.276147 0.663895 0.014367
v 0.231931 0.665408 0.013807
v 0.232857 0.620456 0.010354
v 0.233008 0.618246 0.003868
v 0.232857 0.620456 0.010354
v 0.233008 0.618246 0.003868
v 0.231732 0.614788 0.083830
v 0.231691 0.611609 0.089903
v 0.231732 0.614788 0.083830
v -0.203620 0.552332 -0.006855
v -0.211617 0.551773 -0.001721
v -0.212228 0.573837 0.009324
v -0.204331 0.580480 0.003096
v -0.132544 0.547268 0.078112
v -0.124818 0.547417 0.078242
v -0.125291 0.576778 0.072708
v -0.132895 0.570647 0.072119
v -0.132895 0.570647 0.072119
v -0.125291 0.576778 0.072708
v -0.124247 0.582043 0.004443
v -0.131850 0.575912 0.003853
v -0.132895 0.570647 0.072119
v -0.131850 0.575912 0.003853
v -0.124247 0.582043 0.004443
v -0.123536 0.553878 -0.005511
v -0.131262 0.553729 -0.005641
v -0.131850 0.575912 0.003853
v -0.197421 0.569401 0.071036
v -0.197070 0.546023 0.077029
v -0.132895 0.570647 0.072119
v -0.196376 0.574667 0.002769
v -0.197421 0.569401 0.071036
v -0.132895 0.570647 0.072119
v -0.195788 0.552483 -0.006724
v -0.196376 0.574667 0.002769
v -0.196376 0.574667 0.002769
v -0.131850 0.575912 0.003853
v -0.125291 0.576778 0.072708
v -0.117144 0.571475 0.065563
v -0.116308 0.575688 0.010935
v -0.124247 0.582043 0.004443
v -0.125291 0.576778 0.072708
v -0.205376 0.575214 0.071362
v -0.204902 0.545871 0.076897
v -0.205376 0.575214 0.071362
v -0.197421 0.569401 0.071036
v -0.204331 0.580480 0.003096
v -0.205376 0.575214 0.071362
v -0.196376 0.574667 0.002769
v -0.115696 0.553624 -0.000110
v -0.124247 0.582043 0.004443
v -0.213064 0.569623 0.063952
v -0.205376 0.575214 0.071362
v -0.205376 0.575214 0.071362
v -0.213064 0.569623 0.063952
v -0.213064 0.569623 0.063952
v -0.212737 0.546125 0.071497
v -0.211617 0.551773 -0.001721
v -0.212737 0.546125 0.071497
v -0.211617 0.551773 -0.001721
v -0.117144 0.571475 0.065563
v -0.116817 0.547976 0.073108
v -0.117144 0.571475 0.065563
v -0.116817 0.547976 0.073108
v -0.115696 0.553624 -0.000110
v -0.116308 0.575688 0.010935
v -0.116308 0.575688 0.010935
v -0.117144 0.571475 0.065563
v -0.116817 0.547976 0.073108
v 0.297380 0.631272 0.048908
v 0.289802 0.629773 0.066380
v 0.290027 0.618839 0.065541
v 0.297605 0.620337 0.048068
v 0.290341 0.632488 0.031189
v 0.290566 0.621554 0.030349
v 0.272808 0.632709 0.023605
v 0.273033 0.621775 0.022765
v 0.255052 0.631807 0.030597
v 0.255278 0.620872 0.029757
v 0.247475 0.630308 0.048069
v 0.247700 0.619374 0.047229
v 0.254514 0.629092 0.065788
v 0.254739 0.618158 0.064948
v 0.272047 0.628871 0.073372
v 0.272272 0.617936 0.072532
v -1.541711 0.614951 0.024239
v -1.520058 0.615368 0.024602
v -1.519921 0.616059 0.015645
v -1.541570 0.615642 0.015280
v -1.541988 0.583899 0.012825
v -1.542125 0.583209 0.021784
v -1.542125 0.583209 0.021784
v -1.519405 0.583647 0.022165
v -1.520058 0.615368 0.024602
v -1.520058 0.615368 0.024602
v -1.541711 0.614951 0.024239
v -1.542125 0.583209 0.021784
v -1.519405 0.583647 0.022165
v -1.519268 0.584338 0.013207
v -1.519268 0.584338 0.013207
v -1.541988 0.583899 0.012825
v -1.541570 0.615642 0.015280
v -1.541570 0.615642 0.015280
v -1.519921 0.616059 0.015645
v -1.519268 0.584338 0.013207
v -1.523463 0.569418 0.012926
v -1.541476 0.569070 0.012623
v -1.541988 0.583899 0.012825
v -1.541988 0.583899 0.012825
v -1.519268 0.584338 0.013207
v -1.519405 0.583647 0.022165
v -1.523572 0.568870 0.020029
v -1.523463 0.569418 0.012926
v -1.541585 0.568522 0.019726
v -1.523572 0.568870 0.020029
v -1.542125 0.583209 0.021784
v -1.541476 0.569070 0.012623
v -1.541476 0.569070 0.012623
v -1.541585 0.568522 0.019726
v -1.599657 0.410750 0.008165
v -1.571524 0.411293 0.008637
v -1.571368 0.412081 -0.001582
v -1.599501 0.411538 -0.002055
v -1.570951 0.393680 -0.005237
v -1.611195 0.392903 -0.005913
v -1.611419 0.391771 0.008763
v -1.571176 0.392548 0.009439
v -1.541166 0.396889 0.002849
v -1.541337 0.384447 0.027360
v -1.454071 0.386132 0.028826
v -1.453900 0.398573 0.004315
v -1.540562 0.388353 -0.023273
v -1.453296 0.390038 -0.021807
v -1.539881 0.363849 -0.035704
v -1.452614 0.365533 -0.034238
v -1.539520 0.337725 -0.027162
v -1.452254 0.339409 -0.025696
v -1.539691 0.325286 -0.002652
v -1.452425 0.326971 -0.001186
v -1.540295 0.333819 0.023471
v -1.453029 0.335503 0.024936
v -1.540976 0.358325 0.035902
v -1.453711 0.360010 0.037367
v -1.700588 0.356116 0.021883
v -1.690477 0.355440 0.033391
v -1.690838 0.381562 0.024849
v -1.700834 0.373967 0.016045
v -1.690667 0.394003 0.000339
v -1.700717 0.382468 -0.000705
v -1.690063 0.385467 -0.025784
v -1.700305 0.376636 -0.018556
v -1.689381 0.360963 -0.038215
v -1.699839 0.359890 -0.027051
v -1.689021 0.334839 -0.029673
v -1.699592 0.342038 -0.021214
v -1.689192 0.322400 -0.005162
v -1.699710 0.333537 -0.004464
v -1.689795 0.330933 0.020960
v -1.700122 0.339369 0.013387
v -1.567766 0.392194 0.036546
v -1.567277 0.356846 0.048104
v -1.544193 0.357292 0.048491
v -1.544682 0.392640 0.036934
v -1.566355 0.323689 0.031283
v -1.543271 0.324134 0.031671
v -1.565539 0.312143 -0.004061
v -1.542454 0.312589 -0.003673
v -1.565307 0.328973 -0.037225
v -1.542222 0.329419 -0.036837
v -1.565795 0.364320 -0.048782
v -1.542711 0.364765 -0.048395
v -1.566717 0.397479 -0.031962
v -1.543633 0.397924 -0.031574
v -1.567534 0.409024 0.003382
v -1.544449 0.409469 0.003769
v -1.571660 0.357733 0.035387
v -1.572021 0.383855 0.026845
v -1.570979 0.333227 0.022955
v -1.570375 0.324694 -0.003167
v -1.570203 0.337132 -0.027678
v -1.570564 0.363257 -0.036219
v -1.571246 0.387761 -0.023788
v -1.571849 0.396297 0.002334
v -1.597372 0.342418 -0.049381
v -1.569239 0.342961 -0.048909
v -1.569135 0.333717 -0.044479
v -1.597268 0.333174 -0.044951
v -1.569549 0.339746 -0.026716
v -1.609792 0.338969 -0.027392
v -1.609942 0.352244 -0.033754
v -1.569699 0.353021 -0.033078
v -1.598546 0.326730 0.038587
v -1.570413 0.327273 0.039059
v -1.570674 0.335729 0.044849
v -1.598807 0.335186 0.044376
v -1.570675 0.348098 0.030741
v -1.610919 0.347321 0.030065
v -1.610545 0.335178 0.021751
v -1.570302 0.335955 0.022427
v -0.489401 -0.028859 -0.061455
v -0.384890 -0.056101 -0.061938
v -0.451121 -0.270959 -0.079525
v -0.451121 -0.270959 -0.079525
v -0.554558 -0.240862 -0.078806
v -0.548957 -0.500840 -0.098755
v -0.646155 -0.665052 -0.112910
v -0.740068 -0.611772 -0.110257
v -0.644475 -0.451205 -0.096407
v -0.548957 -0.500840 -0.098755
v -0.480803 0.209166 -0.042970
v -0.519647 -0.020974 -0.061315
v -0.558902 -0.010742 -0.061133
v -0.558902 -0.010742 -0.061133
v -0.507899 0.216229 -0.042845
v -0.584579 -0.232126 -0.078597
v -0.623409 -0.220828 -0.078327
v -0.558902 -0.010742 -0.061133
v -0.558902 -0.010742 -0.061133
v -0.767245 -0.596356 -0.109488
v -0.802518 -0.576344 -0.108491
v -0.708008 -0.418195 -0.094845
v -0.708008 -0.418195 -0.094845
v -0.672138 -0.436837 -0.095728
v -0.644748 -0.452561 -0.078825
v -0.740472 -0.613583 -0.092852
v -0.767527 -0.597994 -0.091870
v -0.672407 -0.438192 -0.078145
v -0.584852 -0.233481 -0.061014
v -0.554827 -0.242218 -0.061223
v -0.489675 -0.030215 -0.043872
v -0.519921 -0.022330 -0.043732
v -0.481053 0.207864 -0.025321
v -0.450609 0.199904 -0.025226
v -0.481053 0.207864 -0.025321
v -0.644748 -0.452561 -0.078825
v -0.644475 -0.451205 -0.096407
v -0.740068 -0.611772 -0.110257
v -0.740068 -0.611772 -0.110257
v -0.740472 -0.613583 -0.092852
v -0.644748 -0.452561 -0.078825
v -0.767527 -0.597994 -0.091870
v -0.767245 -0.596356 -0.109488
v -0.672138 -0.436837 -0.095728
v -0.672138 -0.436837 -0.095728
v -0.672407 -0.438192 -0.078145
v -0.767527 -0.597994 -0.091870
v -0.644748 -0.452561 -0.078825
v -0.554827 -0.242218 -0.061223
v -0.554558 -0.240862 -0.078806
v -0.554558 -0.240862 -0.078806
v -0.644475 -0.451205 -0.096407
v -0.644748 -0.452561 -0.078825
v -0.672138 -0.436837 -0.095728
v -0.584579 -0.232126 -0.078597
v -0.584852 -0.233481 -0.061014
v -0.584852 -0.233481 -0.061014
v -0.672407 -0.438192 -0.078145
v -0.672138 -0.436837 -0.095728
v -0.489675 -0.030215 -0.043872
v -0.489401 -0.028859 -0.061455
v -0.554558 -0.240862 -0.078806
v -0.554558 -0.240862 -0.078806
v -0.554827 -0.242218 -0.061223
v -0.489675 -0.030215 -0.043872
v -0.584852 -0.233481 -0.061014
v -0.584579 -0.232126 -0.078597
v -0.519647 -0.020974 -0.061315
v -0.519647 -0.020974 -0.061315
v -0.519921 -0.022330 -0.043732
v -0.584852 -0.233481 -0.061014
v -0.489675 -0.030215 -0.043872
v -0.450609 0.199904 -0.025226
v -0.450322 0.201221 -0.043111
v -0.489401 -0.028859 -0.061455
v -0.489675 -0.030215 -0.043872
v -0.519647 -0.020974 -0.061315
v -0.480803 0.209166 -0.042970
v -0.481053 0.207864 -0.025321
v -0.481053 0.207864 -0.025321
v -0.519921 -0.022330 -0.043732
v -0.519647 -0.020974 -0.061315
v -0.491661 0.567709 0.048014
v -0.491191 0.570081 0.017264
v -0.577450 0.568416 0.015815
v -0.577921 0.566044 0.046566
v -0.487138 0.559572 0.049313
v -0.582168 0.557737 0.047717
v -0.486611 0.562228 0.014871
v -0.581641 0.560394 0.013276
v 0.589578 0.448669 0.039319
v 0.589363 0.428447 0.075356
v 0.682281 0.430240 0.076916
v 0.682496 0.450463 0.040879
v 0.590507 0.434212 0.000618
v 0.683425 0.436005 0.002178
v 0.591542 0.398183 -0.019596
v 0.684460 0.399977 -0.018035
v 0.592046 0.359479 -0.005124
v 0.684964 0.361273 -0.003562
v 0.591831 0.339255 0.030913
v 0.684749 0.341048 0.032474
v 0.590902 0.353714 0.069614
v 0.591831 0.339255 0.030913
v 0.684749 0.341048 0.032474
v 0.684749 0.341048 0.032474
v 0.683820 0.355507 0.071175
v 0.589867 0.389742 0.089828
v 0.682785 0.391536 0.091389
v -0.824296 0.536000 0.039473
v -0.815229 0.515753 0.055533
v -0.753719 0.516941 0.056566
v -0.766030 0.537125 0.040451
v -1.074747 0.543233 0.106914
v -1.085653 0.550965 0.127705
v -1.086611 0.531501 0.133725
v -1.076305 0.524196 0.114077
v -1.084643 0.535104 0.085773
v -1.085657 0.516515 0.094100
v -1.106825 0.530992 0.075666
v -1.106619 0.512625 0.084548
v -1.129471 0.534238 0.085020
v -1.128021 0.515697 0.093388
v -1.140377 0.541966 0.105811
v -1.138327 0.522998 0.113036
v -1.130481 0.550100 0.126953
v -1.128975 0.530683 0.133013
v -1.108304 0.554211 0.137059
v -1.108017 0.534569 0.142563
v -1.121243 0.496397 0.034018
v -1.121169 0.489774 0.037248
v -1.122612 0.516617 0.092322
v -1.122686 0.523240 0.089091
v -1.097322 0.490234 0.037649
v -1.097396 0.496857 0.034418
v -1.098844 0.523806 0.089711
v -1.098770 0.517182 0.092941
v -1.097322 0.490234 0.037649
v -1.098770 0.517182 0.092941
v -1.098770 0.517182 0.092941
v -1.146249 0.512148 0.048524
v -1.145363 0.486935 0.055812
v -0.742382 0.494547 0.064749
v 0.280137 0.117111 0.009007
v 0.361531 -0.019838 -0.000311
v 0.333609 -0.028295 -0.072238
v 0.261677 0.120956 -0.059329
v 0.280137 0.117111 0.009007
v 0.060744 0.117077 -0.062703
v 0.172018 -0.109871 -0.063383
v 0.148016 -0.131400 -0.012185
v 0.148016 -0.131400 -0.012185
v 0.015331 0.117113 0.004954
v 0.519385 -0.246393 -0.015371
v 0.486105 -0.266003 -0.091126
v 0.361531 -0.019838 -0.000311
v 0.519385 -0.246393 -0.015371
v 0.394374 -0.327719 -0.127535
v 0.294874 -0.333614 -0.085124
v 0.248565 -0.063783 -0.096484
v 0.263971 -0.354193 -0.027596
v 0.263971 -0.354193 -0.027596
v 0.148016 -0.131400 -0.012185
v 0.249988 -0.375853 -0.029480
v 0.263971 -0.354193 -0.027596
v 0.282649 -0.355242 -0.087547
v 0.249988 -0.375853 -0.029480
v 0.259975 -0.402212 -0.031361
v 0.249988 -0.375853 -0.029480
v 0.294396 -0.381570 -0.089965
v 0.259975 -0.402212 -0.031361
v 0.168898 0.119165 -0.060886
v 0.367170 0.564686 -0.000899
v 0.525916 0.567692 0.002532
v 0.475765 0.527246 -0.018035
v 0.378023 0.525359 -0.019676
v 0.513092 0.582759 0.022858
v 0.363065 0.580267 0.020911
v 0.590927 0.307549 -0.029003
v 0.590302 0.291088 0.027174
v 0.398281 0.287381 0.023950
v 0.398281 0.287381 0.023950
v 0.398907 0.303842 -0.032228
v 0.398737 0.350882 -0.076156
v 0.590757 0.354589 -0.072931
v 0.397976 0.403553 -0.091428
v 0.589997 0.407259 -0.088203
v 0.396945 0.431222 -0.061821
v 0.587878 0.434908 -0.058614
v 0.589237 0.424774 -0.078802
v 0.397480 0.421072 -0.082019
v 0.533198 0.571557 0.047935
v 0.567383 0.526169 0.044957
v 0.551897 0.528296 -0.011292
v 0.525916 0.567692 0.002532
v 0.533198 0.571557 0.047935
v 0.551897 0.528296 -0.011292
v 0.489203 0.461756 -0.043720
v 0.551897 0.528296 -0.011292
v 0.387239 0.485989 -0.021165
v 0.476556 0.487713 -0.019665
v 0.391876 0.459877 -0.045355
v 0.591265 0.480042 0.041765
v 0.592502 0.467310 -0.017330
v 0.567383 0.526169 0.044957
v 0.360125 0.583742 0.046226
v 0.503041 0.586500 0.048626
v 0.360125 0.583742 0.046226
v -0.240308 0.458002 -0.016071
v -0.241249 0.433366 -0.041308
v -0.441464 0.429501 -0.044670
v -0.446539 0.454021 -0.019534
v -0.240888 0.484445 -0.011928
v -0.447119 0.480464 -0.015392
v -0.246704 0.513156 -0.017016
v -0.443414 0.509359 -0.020319
v -0.418729 0.537310 -0.006832
v -0.271392 0.540154 -0.004358
v -0.245970 0.397997 -0.059685
v -0.415041 0.394733 -0.062524
v 0.116729 0.577409 0.014688
v -0.615203 0.563281 0.002396
v -0.616035 0.559091 0.056709
v 0.115898 0.573219 0.069001
v 0.116182 0.559435 0.067942
v 0.115898 0.573219 0.069001
v -0.616035 0.559091 0.056709
v -0.616035 0.559091 0.056709
v -0.619672 0.545231 0.055584
v -0.616035 0.559091 0.056709
v -0.618841 0.549420 0.001271
v -0.619672 0.545231 0.055584
v -0.616035 0.559091 0.056709
v 0.117013 0.563624 0.013628
v 0.116729 0.577409 0.014688
v 0.115898 0.573219 0.069001
v 0.115898 0.573219 0.069001
v 0.116182 0.559435 0.067942
v 0.117013 0.563624 0.013628
v -0.618841 0.549420 0.001271
v -0.615203 0.563281 0.002396
v -0.615203 0.563281 0.002396
v 0.116729 0.577409 0.014688
v 0.117013 0.563624 0.013628
v -0.643698 -0.654411 -0.110417
v -0.794424 -0.568901 -0.106157
v -0.795841 -0.576044 -0.013556
v -0.645114 -0.661550 -0.017875
v -0.653477 -0.676168 -0.019232
v -0.804208 -0.590663 -0.014914
v -0.802794 -0.583535 -0.107313
v -0.652064 -0.669050 -0.111572
v -0.645114 -0.661550 -0.017875
v -0.795841 -0.576044 -0.013556
v -0.804208 -0.590663 -0.014914
v -0.804208 -0.590663 -0.014914
v -0.653477 -0.676168 -0.019232
v -0.645114 -0.661550 -0.017875
v -0.652064 -0.669050 -0.111572
v -0.643698 -0.654411 -0.110417
v -0.645114 -0.661550 -0.017875
v -0.645114 -0.661550 -0.017875
v -0.653477 -0.676168 -0.019232
v -0.652064 -0.669050 -0.111572
v -0.794424 -0.568901 -0.106157
v -0.643698 -0.654411 -0.110417
v -0.652064 -0.669050 -0.111572
v -0.652064 -0.669050 -0.111572
v -0.802794 -0.583535 -0.107313
v -0.794424 -0.568901 -0.106157
v -0.802794 -0.583535 -0.107313
v -0.804208 -0.590663 -0.014914
v -0.795841 -0.576044 -0.013556
v -0.795841 -0.576044 -0.013556
v -0.794424 -0.568901 -0.106157
v -0.802794 -0.583535 -0.107313
v 0.407170 0.333669 -0.048601
v 0.407771 0.304499 -0.050842
v -0.276414 0.291292 -0.062333
v -0.299314 0.320031 -0.060466
v -0.523209 0.238830 -0.074426
v -0.525601 0.226778 0.081819
v -0.560675 0.303306 0.087185
v -0.558284 0.315358 -0.069061
v -0.528675 0.174471 -0.079475
v -0.523209 0.238830 -0.074426
v -0.299249 0.320358 -0.064710
v -0.346572 0.088533 -0.083317
v -0.531066 0.162419 0.076771
v -0.528675 0.174471 -0.079475
v -0.542850 0.143802 0.075155
v -0.542903 0.154112 0.080445
v -0.540375 0.166854 -0.084737
v -0.540459 0.155855 -0.081091
v -0.528675 0.174471 -0.079475
v -0.528675 0.174471 -0.079475
v -0.319572 0.243059 -0.066714
v -0.287306 0.235680 -0.066789
v -0.346572 0.088533 -0.083317
v -0.299249 0.320358 -0.064710
v -0.319572 0.243059 -0.066714
v -0.319572 0.243059 -0.066714
v -0.346636 0.088205 -0.079073
v -0.346572 0.088533 -0.083317
v 0.407771 0.304499 -0.050842
v 0.407864 0.304969 -0.056936
v -0.276321 0.291762 -0.068427
v -0.276414 0.291292 -0.062333
v 0.407771 0.304499 -0.050842
v -0.287184 0.234800 -0.072987
v -0.287306 0.235680 -0.066789
v -0.276414 0.291292 -0.062333
v -0.276414 0.291292 -0.062333
v -0.309616 0.089905 -0.084507
v -0.309705 0.089231 -0.078429
v -0.327709 0.120681 -0.076278
v -0.327633 0.121082 -0.081260
v -0.307562 0.145354 -0.077444
v -0.307601 0.145098 -0.074087
v -0.253787 0.160357 -0.072087
v -0.253749 0.160553 -0.074613
v -0.252501 0.220496 -0.067428
v -0.252379 0.220849 -0.073530
v -0.270841 0.235998 -0.066513
v -0.270747 0.236468 -0.072607
v 0.404909 0.322271 0.099157
v 0.405510 0.293101 0.096916
v 0.407771 0.304499 -0.050842
v 0.407771 0.304499 -0.050842
v 0.407170 0.333669 -0.048601
v 0.334997 0.184413 0.093584
v 0.290356 0.136949 0.089240
v 0.292804 0.149286 -0.070706
v 0.337445 0.196750 -0.066361
v 0.403913 0.197936 0.095682
v 0.406361 0.210274 -0.064263
v -0.253787 0.160357 -0.072087
v -0.307601 0.145098 -0.074087
v -0.287306 0.235680 -0.066789
v -0.287306 0.235680 -0.066789
v -0.252501 0.220496 -0.067428
v -0.253787 0.160357 -0.072087
v -0.278675 0.279894 0.085426
v 0.405510 0.293101 0.096916
v 0.404909 0.322271 0.099157
v 0.404909 0.322271 0.099157
v -0.301575 0.308633 0.087292
v -0.321823 0.231718 0.080315
v -0.289567 0.224282 0.080969
v -0.321823 0.231718 0.080315
v -0.301640 0.308306 0.091536
v -0.348963 0.076481 0.072929
v -0.348898 0.076808 0.068686
v -0.321823 0.231718 0.080315
v -0.278768 0.279424 0.091519
v 0.405416 0.292631 0.103009
v 0.405510 0.293101 0.096916
v 0.405510 0.293101 0.096916
v -0.278675 0.279894 0.085426
v -0.289632 0.222462 0.086958
v -0.278675 0.279894 0.085426
v -0.278675 0.279894 0.085426
v -0.289567 0.224282 0.080969
v -0.312064 0.077568 0.075439
v -0.330047 0.108916 0.076464
v -0.329971 0.109284 0.071480
v -0.311966 0.077833 0.069330
v -0.309862 0.133701 0.073671
v -0.309927 0.133439 0.077028
v -0.256309 0.152346 0.078472
v -0.256270 0.152541 0.075944
v -0.254827 0.208512 0.086416
v -0.254762 0.209098 0.080331
v -0.273195 0.224130 0.087339
v -0.273102 0.224600 0.081246
v -0.254762 0.209098 0.080331
v -0.289567 0.224282 0.080969
v -0.309862 0.133701 0.073671
v -0.309862 0.133701 0.073671
v -0.256270 0.152541 0.075944
v -0.254762 0.209098 0.080331
v 1.593780 0.196965 -0.006555
v 1.579056 0.354973 0.005271
v 1.577790 0.348595 0.087953
v 1.592519 0.190608 0.075855
v 1.639664 0.015406 -0.022039
v 1.638336 0.008715 0.064707
v 1.576324 0.458165 0.011041
v 1.574994 0.451458 0.097993
v 1.563929 0.351435 0.097492
v 1.578949 0.185300 0.084421
v 1.625486 -0.004109 0.070020
v 1.559640 0.455256 0.107436
v 1.570916 0.529274 0.079726
v 1.573985 0.534841 0.060665
v 1.558737 0.542430 0.061017
v 1.558523 0.533014 0.084607
v 1.617210 -0.044955 0.053086
v 1.629823 -0.030074 0.045301
v 1.625486 -0.004109 0.070020
v 1.625486 -0.004109 0.070020
v 1.610213 -0.020617 0.080703
v 1.578949 0.185300 0.084421
v 1.558316 0.182124 0.100108
v 1.625486 -0.004109 0.070020
v 1.578949 0.185300 0.084421
v 1.578949 0.185300 0.084421
v 1.563929 0.351435 0.097492
v 1.544484 0.296710 0.108735
v 1.578949 0.185300 0.084421
v 1.539952 0.544048 0.094296
v 1.519488 0.439019 0.169504
v 1.559640 0.455256 0.107436
v 1.559640 0.455256 0.107436
v 1.558523 0.533014 0.084607
v 1.410460 0.528989 0.057711
v 1.409821 0.524099 0.101409
v 1.540274 0.555678 0.061756
v 1.621092 -0.056453 0.015775
v 1.634895 -0.034091 0.017711
v 1.410391 0.436913 0.167672
v 1.411069 0.395300 0.175116
v 1.498956 0.396996 0.176591
v 1.412591 0.341259 0.146643
v 1.542902 0.343775 0.148831
v 1.501692 0.182018 0.086310
v 1.473463 0.296326 0.094695
v 1.571012 -0.020387 0.067197
v 1.558523 0.533014 0.084607
v 1.558523 0.533014 0.084607
v 1.558737 0.542430 0.061017
v 1.413257 0.326270 0.124211
v 1.492662 0.185965 0.032508
v 1.561158 -0.016804 0.017916
v 1.465193 0.300288 0.040907
v 1.580489 0.193065 -0.016243
v 1.565485 0.359274 -0.004138
v 1.627011 0.003579 -0.029644
v 1.561256 0.463402 0.001829
v 1.571511 0.532270 0.040890
v 1.559262 0.536743 0.036266
v 1.558737 0.542430 0.061017
v 1.558737 0.542430 0.061017
v 1.573985 0.534841 0.060665
v 1.618320 -0.039361 -0.019433
v 1.612109 -0.011061 -0.043191
v 1.627011 0.003579 -0.029644
v 1.627011 0.003579 -0.029644
v 1.630655 -0.025879 -0.009079
v 1.560351 0.192380 -0.032852
v 1.580489 0.193065 -0.016243
v 1.580489 0.193065 -0.016243
v 1.627011 0.003579 -0.029644
v 1.546519 0.306966 -0.024225
v 1.565485 0.359274 -0.004138
v 1.565485 0.359274 -0.004138
v 1.580489 0.193065 -0.016243
v 1.561256 0.463402 0.001829
v 1.523049 0.456968 -0.063187
v 1.540969 0.549176 0.027823
v 1.559262 0.536743 0.036266
v 1.561256 0.463402 0.001829
v 1.410460 0.528989 0.057711
v 1.540274 0.555678 0.061756
v 1.411162 0.530859 0.013780
v 1.410460 0.528989 0.057711
v 1.621092 -0.056453 0.015775
v 1.634895 -0.034091 0.017711
v 1.621092 -0.056453 0.015775
v 1.413952 0.454862 -0.065019
v 1.502841 0.416577 -0.077255
v 1.414955 0.414880 -0.078731
v 1.546047 0.359625 -0.056659
v 1.415736 0.357110 -0.058848
v 1.503334 0.190292 -0.020962
v 1.475105 0.304601 -0.012577
v 1.572515 -0.012812 -0.031009
v 1.540274 0.555678 0.061756
v 1.558737 0.542430 0.061017
v 1.559262 0.536743 0.036266
v 1.559262 0.536743 0.036266
v 1.540274 0.555678 0.061756
v 1.561158 -0.016804 0.017916
v 1.492662 0.185965 0.032508
v 1.561158 -0.016804 0.017916
v 1.492662 0.185965 0.032508
v 1.465193 0.300288 0.040907
v 1.465193 0.300288 0.040907
v 0.148551 0.653113 0.022775
v 0.138245 0.645476 0.047593
v 0.164484 0.587693 0.043537
v 0.174144 0.592966 0.020099
v 0.173468 0.664018 0.012614
v 0.196728 0.602037 0.011187
v 0.198906 0.672490 0.025974
v 0.218896 0.609715 0.021842
v 0.134809 0.643938 0.047421
v 0.146158 0.652220 0.019938
v 0.171754 0.592049 0.017282
v 0.161020 0.586168 0.043366
v 0.173573 0.664237 0.008829
v 0.196856 0.602153 0.007387
v 0.201332 0.673498 0.023024
v 0.221621 0.610566 0.019474
v 0.213666 0.644067 0.048638
v 0.217587 0.645307 0.048793
v 0.217709 0.645921 0.040833
v 0.213755 0.644894 0.041065
v 0.146158 0.652220 0.019938
v 0.134809 0.643938 0.047421
v 0.134809 0.643938 0.047421
v 0.201332 0.673498 0.023024
v 0.173573 0.664237 0.008829
v 0.173573 0.664237 0.008829
v 0.173573 0.664237 0.008829
v 0.146158 0.652220 0.019938
v 0.146158 0.652220 0.019938
v 0.207723 0.665449 0.035853
v 0.211067 0.666547 0.033728
v 0.201332 0.673498 0.023024
v 0.201332 0.673498 0.023024
v 0.138245 0.645476 0.047593
v 0.147774 0.649194 0.073589
v 0.173414 0.589287 0.067789
v 0.164484 0.587693 0.043537
v 0.138245 0.645476 0.047593
v 0.172345 0.658353 0.086056
v 0.195695 0.596832 0.078669
v 0.198156 0.668714 0.074933
v 0.218159 0.606000 0.069996
v 0.170942 0.587955 0.070358
v 0.145297 0.647882 0.076181
v 0.134809 0.643938 0.047421
v 0.134809 0.643938 0.047421
v 0.161020 0.586168 0.043366
v 0.172333 0.657988 0.089831
v 0.195707 0.596364 0.082445
v 0.213666 0.644067 0.048638
v 0.213523 0.643723 0.056248
v 0.217465 0.644693 0.056754
v 0.217587 0.645307 0.048793
v 0.213666 0.644067 0.048638
v 0.138245 0.645476 0.047593
v 0.134809 0.643938 0.047421
v 0.134809 0.643938 0.047421
v 0.145297 0.647882 0.076181
v 0.172333 0.657988 0.089831
v 0.172333 0.657988 0.089831
v 0.200489 0.669252 0.078075
v 0.145297 0.647882 0.076181
v 0.145297 0.647882 0.076181
v 0.172333 0.657988 0.089831
v 0.207287 0.663250 0.064363
v 0.210562 0.664002 0.066733
v -0.273195 0.224130 0.087339
v -0.254827 0.208512 0.086416
v 0.334997 0.184413 0.093584
v 0.334997 0.184413 0.093584
v 0.405416 0.292631 0.103009
v -0.273195 0.224130 0.087339
v 0.590734 0.458397 0.098218
v 0.591265 0.480042 0.041765
v -0.548957 -0.500840 -0.098755
v -0.451121 -0.270959 -0.079525
v -0.548957 -0.500840 -0.098755
v -0.708008 -0.418195 -0.094845
v -0.708008 -0.418195 -0.094845
v -0.623409 -0.220828 -0.078327
v -0.709475 -0.425588 0.001008
v -0.624876 -0.228222 0.017527
v -0.709475 -0.425588 0.001008
v -0.550423 -0.508229 -0.002964
v -0.550423 -0.508229 -0.002964
v -0.452587 -0.278348 0.016266
v -0.334296 0.190710 -0.042126
v -0.384890 -0.056101 -0.061938
v -0.409258 0.208934 -0.041882
v -0.334296 0.190710 -0.042126
v 0.290356 0.136949 0.089240
v -0.256309 0.152346 0.078472
v -0.312064 0.077568 0.075439
v -0.312064 0.077568 0.075439
v 0.265778 0.089116 0.085174
v 0.290356 0.136949 0.089240
v 0.334997 0.184413 0.093584
v -0.254827 0.208512 0.086416
v -0.256309 0.152346 0.078472
v -0.256309 0.152346 0.078472
v 0.290356 0.136949 0.089240
v 0.334997 0.184413 0.093584
v -0.253749 0.160553 -0.074613
v -0.252379 0.220849 -0.073530
v 0.337445 0.196750 -0.066361
v 0.337445 0.196750 -0.066361
v 0.292804 0.149286 -0.070706
v -0.253749 0.160553 -0.074613
v -0.311966 0.077833 0.069330
v -0.348898 0.076808 0.068686
v -0.346636 0.088205 -0.079073
v -0.346636 0.088205 -0.079073
v -0.309705 0.089231 -0.078429
v -0.311966 0.077833 0.069330
v -0.531066 0.162419 0.076771
v -0.348963 0.076481 0.072929
v -0.301640 0.308306 0.091536
v -0.301640 0.308306 0.091536
v -0.525601 0.226778 0.081819
v -0.531066 0.162419 0.076771
v -0.348898 0.076808 0.068686
v -0.542850 0.143802 0.075155
v -0.540459 0.155855 -0.081091
v -0.540459 0.155855 -0.081091
v -0.346636 0.088205 -0.079073
v -0.348898 0.076808 0.068686
v 0.407771 0.304499 -0.050842
v -1.390917 0.423679 -0.044690
v -1.398494 0.404334 -0.046298
v -1.398352 0.405051 -0.055601
v -1.390775 0.424397 -0.053993
v -1.399285 0.442716 -0.043349
v -1.399142 0.443434 -0.052653
v -1.418694 0.450290 -0.043062
v -1.418552 0.451008 -0.052366
v -1.437772 0.441973 -0.043996
v -1.437629 0.442691 -0.053299
v -1.445349 0.422628 -0.045604
v -1.445206 0.423346 -0.054907
v -1.436981 0.403591 -0.046944
v -1.436839 0.404309 -0.056247
v -1.417576 0.396017 -0.047232
v -1.417434 0.396734 -0.056535
v 0.162917 0.263580 -0.058751
v 0.163274 0.265383 -0.082116
v 0.062769 0.227193 -0.082249
v 0.062478 0.225725 -0.063208
v 0.044441 0.199941 -0.065473
v 0.044659 0.201040 -0.079715
v 0.044799 0.163845 -0.068252
v 0.045018 0.164944 -0.082494
v 0.081821 0.141818 -0.069385
v 0.082039 0.142916 -0.083626
v 0.111529 0.156490 -0.067798
v 0.111815 0.157587 -0.082039
v 0.130479 0.210383 -0.063350
v 0.130810 0.212052 -0.084993
v 0.169441 0.247244 -0.059911
v 0.169798 0.249046 -0.083275
v 0.169441 0.247244 -0.059911
v 0.169798 0.249046 -0.083275
v 0.169441 0.247244 -0.059911
v 0.111815 0.157587 -0.082039
v 0.082039 0.142916 -0.083626
v 0.045018 0.164944 -0.082494
v 0.045018 0.164944 -0.082494
v 0.044659 0.201040 -0.079715
v 0.111815 0.157587 -0.082039
v 0.111815 0.157587 -0.082039
v 0.044659 0.201040 -0.079715
v 0.062769 0.227193 -0.082249
v 0.062769 0.227193 -0.082249
v 0.130810 0.212052 -0.084993
v 0.111815 0.157587 -0.082039
v 0.169798 0.249046 -0.083275
v 0.130810 0.212052 -0.084993
v 0.062769 0.227193 -0.082249
v 0.062769 0.227193 -0.082249
v 0.163274 0.265383 -0.082116
v 0.169798 0.249046 -0.083275
v 0.292804 0.149286 -0.070706
v 0.268226 0.101454 -0.074772
v -0.309616 0.089905 -0.084507
v -0.309616 0.089905 -0.084507
v -0.253749 0.160553 -0.074613
v 0.292804 0.149286 -0.070706
v 1.415754 0.338857 -0.038970
v -1.541020 0.491113 -0.041289
v -1.467343 0.492535 -0.040052
v -1.466830 0.456745 -0.029444
v -1.540507 0.455323 -0.030681
v -1.541939 0.524851 -0.025340
v -1.468262 0.526273 -0.024103
v -1.469570 0.591381 -0.021014
v -1.543247 0.589959 -0.022251
v -1.545761 0.679823 0.024100
v -1.472084 0.681245 0.025337
v -1.471149 0.666608 -0.013463
v -1.544826 0.665186 -0.014701
v -1.543780 0.628774 -0.035129
v -1.470104 0.630197 -0.033892
v -1.471133 0.663333 -0.010655
v -1.471149 0.666608 -0.013463
v -1.472084 0.681245 0.025337
v -1.472084 0.681245 0.025337
v -1.471992 0.676790 0.024995
v -1.469706 0.594038 -0.015978
v -1.469570 0.591381 -0.021014
v -1.470104 0.630197 -0.033892
v -1.470104 0.630197 -0.033892
v -1.470172 0.629853 -0.029438
v -1.470104 0.630197 -0.033892
v -1.471149 0.666608 -0.013463
v -1.471149 0.666608 -0.013463
v -1.545668 0.675368 0.023757
v -1.545761 0.679823 0.024100
v -1.544826 0.665186 -0.014701
v -1.544826 0.665186 -0.014701
v -1.544810 0.661911 -0.011892
v -1.543849 0.628431 -0.030675
v -1.543780 0.628774 -0.035129
v -1.543247 0.589959 -0.022251
v -1.543247 0.589959 -0.022251
v -1.543383 0.592616 -0.017215
v -1.544826 0.665186 -0.014701
v -1.543780 0.628774 -0.035129
v -1.543780 0.628774 -0.035129
v -1.469706 0.594038 -0.015978
v -1.543383 0.592616 -0.017215
v -1.543575 0.573699 0.015947
v -1.469898 0.575121 0.017185
v -1.469706 0.594038 -0.015978
v -1.471992 0.676790 0.024995
v -1.545668 0.675368 0.023757
v -1.544810 0.661911 -0.011892
v -1.544810 0.661911 -0.011892
v -1.471133 0.663333 -0.010655
v -1.471992 0.676790 0.024995
v -1.470172 0.629853 -0.029438
v -1.543849 0.628431 -0.030675
v -1.543383 0.592616 -0.017215
v -1.543383 0.592616 -0.017215
v -1.469706 0.594038 -0.015978
v -1.470172 0.629853 -0.029438
v -1.471133 0.663333 -0.010655
v -1.544810 0.661911 -0.011892
v -1.543849 0.628431 -0.030675
v -1.543849 0.628431 -0.030675
v -1.470172 0.629853 -0.029438
v -1.471133 0.663333 -0.010655
v -1.448823 0.518935 -0.016623
v -1.468262 0.526273 -0.024103
v -1.469165 0.539533 0.014451
v -1.449540 0.529479 0.013976
v -1.448092 0.492106 -0.029305
v -1.467343 0.492535 -0.040052
v -1.468262 0.526273 -0.024103
v -1.468262 0.526273 -0.024103
v -1.447719 0.463469 -0.018598
v -1.466830 0.456745 -0.029444
v -1.467343 0.492535 -0.040052
v -1.467343 0.492535 -0.040052
v -1.447873 0.448532 0.007757
v -1.467069 0.437733 0.006630
v -1.466830 0.456745 -0.029444
v -1.466830 0.456745 -0.029444
v -1.538083 0.330569 -0.031641
v -1.464201 0.326716 -0.036559
v -1.464395 0.307924 -0.003342
v -1.538245 0.314870 -0.003936
v -1.538475 0.360658 -0.042892
v -1.464670 0.362726 -0.050024
v -1.539243 0.388851 -0.029565
v -1.465589 0.396468 -0.034075
v -1.540207 0.383992 0.033422
v -1.541660 0.449510 0.044677
v -1.540507 0.455323 -0.030681
v -1.540507 0.455323 -0.030681
v -1.539243 0.388851 -0.029565
v -1.542579 0.483252 0.060627
v -1.541020 0.491113 -0.041289
v -1.541020 0.491113 -0.041289
v -1.540507 0.455323 -0.030681
v -1.538475 0.360658 -0.042892
v -1.539778 0.354088 0.042285
v -1.539243 0.388851 -0.029565
v -1.538475 0.360658 -0.042892
v -1.464670 0.362726 -0.050024
v -1.466229 0.354865 0.051891
v -1.465267 0.321344 0.033084
v -1.464201 0.326716 -0.036559
v -1.464670 0.362726 -0.050024
v -1.542579 0.483252 0.060627
v -1.541660 0.449510 0.044677
v -1.467983 0.450932 0.045914
v -1.468903 0.484674 0.061863
v -1.542579 0.483252 0.060627
v -1.543092 0.519038 0.050018
v -1.542579 0.483252 0.060627
v -1.469415 0.520460 0.051256
v -1.470782 0.585275 0.058147
v -1.544459 0.583853 0.056910
v -1.545761 0.679823 0.024100
v -1.545984 0.659352 0.060939
v -1.472307 0.660774 0.062176
v -1.472084 0.681245 0.025337
v -1.545761 0.679823 0.024100
v -1.545475 0.620236 0.075565
v -1.471798 0.621658 0.076803
v -1.472198 0.657968 0.058900
v -1.471992 0.676790 0.024995
v -1.472084 0.681245 0.025337
v -1.472084 0.681245 0.025337
v -1.472307 0.660774 0.062176
v -1.470771 0.588673 0.053577
v -1.471730 0.622002 0.072349
v -1.471798 0.621658 0.076803
v -1.471798 0.621658 0.076803
v -1.470782 0.585275 0.058147
v -1.472307 0.660774 0.062176
v -1.472307 0.660774 0.062176
v -1.471798 0.621658 0.076803
v -1.545668 0.675368 0.023757
v -1.545874 0.656546 0.057663
v -1.545984 0.659352 0.060939
v -1.545984 0.659352 0.060939
v -1.545761 0.679823 0.024100
v -1.545668 0.675368 0.023757
v -1.545406 0.620580 0.071111
v -1.544448 0.587251 0.052340
v -1.544459 0.583853 0.056910
v -1.544459 0.583853 0.056910
v -1.545475 0.620236 0.075565
v -1.545475 0.620236 0.075565
v -1.545475 0.620236 0.075565
v -1.545984 0.659352 0.060939
v -1.470771 0.588673 0.053577
v -1.469898 0.575121 0.017185
v -1.543575 0.573699 0.015947
v -1.543575 0.573699 0.015947
v -1.544448 0.587251 0.052340
v -1.470771 0.588673 0.053577
v -1.471992 0.676790 0.024995
v -1.472198 0.657968 0.058900
v -1.545874 0.656546 0.057663
v -1.545874 0.656546 0.057663
v -1.545668 0.675368 0.023757
v -1.471992 0.676790 0.024995
v -1.471730 0.622002 0.072349
v -1.470771 0.588673 0.053577
v -1.544448 0.587251 0.052340
v -1.544448 0.587251 0.052340
v -1.545406 0.620580 0.071111
v -1.471730 0.622002 0.072349
v -1.472198 0.657968 0.058900
v -1.471730 0.622002 0.072349
v -1.545406 0.620580 0.071111
v -1.545406 0.620580 0.071111
v -1.545874 0.656546 0.057663
v -1.472198 0.657968 0.058900
v -1.449741 0.514310 0.043334
v -1.449540 0.529479 0.013976
v -1.469165 0.539533 0.014451
v -1.469165 0.539533 0.014451
v -1.469415 0.520460 0.051256
v -1.449333 0.485853 0.051769
v -1.469415 0.520460 0.051256
v -1.469415 0.520460 0.051256
v -1.468903 0.484674 0.061863
v -1.448567 0.459195 0.036814
v -1.468903 0.484674 0.061863
v -1.468903 0.484674 0.061863
v -1.467983 0.450932 0.045914
v -1.447873 0.448532 0.007757
v -1.467983 0.450932 0.045914
v -1.467983 0.450932 0.045914
v -1.467069 0.437733 0.006630
v -1.447873 0.448532 0.007757
v -1.538973 0.326078 0.026571
v -1.538245 0.314870 -0.003936
v -1.464395 0.307924 -0.003342
v -1.464395 0.307924 -0.003342
v -1.465267 0.321344 0.033084
v -1.539778 0.354088 0.042285
v -1.465267 0.321344 0.033084
v -1.465267 0.321344 0.033084
v -1.466229 0.354865 0.051891
v -1.539778 0.354088 0.042285
v -1.540207 0.383992 0.033422
v -1.539778 0.354088 0.042285
v -1.466229 0.354865 0.051891
v -1.466229 0.354865 0.051891
v -1.466742 0.390655 0.041284
v -1.540207 0.383992 0.033422
v -1.541660 0.449510 0.044677
v -1.540207 0.383992 0.033422
v -1.540207 0.383992 0.033422
v -1.543092 0.519038 0.050018
v -1.541939 0.524851 -0.025340
v -1.541020 0.491113 -0.041289
v -1.541020 0.491113 -0.041289
v -1.543092 0.519038 0.050018
v -1.538083 0.330569 -0.031641
v -1.538973 0.326078 0.026571
v -1.538475 0.360658 -0.042892
v -1.538083 0.330569 -0.031641
v -1.466742 0.390655 0.041284
v -1.464670 0.362726 -0.050024
v -1.464670 0.362726 -0.050024
v -1.465589 0.396468 -0.034075
v -1.466742 0.390655 0.041284
v -0.270747 0.236468 -0.072607
v 0.407864 0.304969 -0.056936
v 0.337445 0.196750 -0.066361
v 0.337445 0.196750 -0.066361
v -0.252379 0.220849 -0.073530
v -0.270747 0.236468 -0.072607
v -1.469898 0.575121 0.017185
v -1.470782 0.585275 0.058147
v -1.470782 0.585275 0.058147
v -1.469415 0.520460 0.051256
v -1.468262 0.526273 -0.024103
v -1.469570 0.591381 -0.021014
v -1.469898 0.575121 0.017185
v -1.469898 0.575121 0.017185
v -1.468262 0.526273 -0.024103
v -0.509367 0.208835 0.053007
v -0.481980 0.203193 0.035234
v -0.507899 0.216229 -0.042845
v -0.509367 0.208835 0.053007
v -0.451529 0.195271 0.034845
v -0.451529 0.195271 0.034845
v -0.410725 0.201543 0.053939
v -1.554498 0.516561 0.044310
v -1.554313 0.533948 0.013329
v -1.551787 0.486945 0.009742
v -1.554313 0.533948 0.013329
v -1.553514 0.521517 -0.019943
v -1.553514 0.521517 -0.019943
v -1.552625 0.490543 -0.037321
v -1.552625 0.490543 -0.037321
v -1.552191 0.457269 -0.024879
v -1.552191 0.457269 -0.024879
v -1.552376 0.439882 0.006103
v -1.552376 0.439882 0.006103
v -1.553175 0.452313 0.039375
v -1.553175 0.452313 0.039375
v -1.554064 0.483287 0.056753
v -1.554064 0.483287 0.056753
v -1.554498 0.516561 0.044310
v -0.619123 0.501286 0.081126
v -0.744575 0.498914 0.078377
v -0.246756 0.448583 -0.044881
v -0.245768 0.467533 -0.021656
v -0.441267 0.463760 -0.024939
v -0.436552 0.444919 -0.048068
v -0.245768 0.467533 -0.021656
v -0.246140 0.485797 -0.020454
v -0.441267 0.463760 -0.024939
v -0.441640 0.482023 -0.023737
v -0.744120 0.493062 0.060621
v -1.328351 0.545256 0.017416
v -0.619123 0.501286 0.081126
v -0.744575 0.498914 0.078377
v -0.619365 0.558941 0.029322
v -0.619365 0.558941 0.029322
v -0.618073 0.532576 -0.017337
v -0.618783 0.552052 0.002555
v -0.251296 0.422721 -0.067367
v -0.251296 0.422721 -0.067367
v -0.744575 0.498914 0.078377
v -0.339355 0.212559 0.006306
v -0.341084 0.203285 0.024825
v -0.344265 0.185938 0.004178
v -0.340498 0.206238 -0.013459
v -0.339355 0.212559 0.006306
v -0.343851 0.188026 -0.022892
v -0.340498 0.206238 -0.013459
v -0.347443 0.168590 -0.016469
v -0.343851 0.188026 -0.022892
v -0.349172 0.159316 0.002049
v -0.347443 0.168590 -0.016469
v -0.348028 0.165637 0.021814
v -0.349172 0.159316 0.002049
v -0.344680 0.183850 0.031248
v -0.348028 0.165637 0.021814
v -0.341084 0.203285 0.024825
v -0.344680 0.183850 0.031248
v -0.502597 0.216377 0.004102
v -1.455540 0.453051 0.057982
v -0.615207 0.478766 -0.051493
v -1.454026 0.460684 -0.040974
v -1.455540 0.453051 0.057982
v -0.617474 0.467338 0.096664
v -1.454026 0.460684 -0.040974
v -1.451855 0.291959 0.023726
v -1.451007 0.296237 -0.031725
v -1.451247 0.285139 -0.004688
v -0.610393 0.231134 -0.053466
v -0.612142 0.222321 0.060791
v -0.610984 0.212958 0.002604
v -1.419841 0.414555 0.066328
v 0.076501 -0.068521 0.007469
v 0.109282 -0.016311 0.018528
v 0.014122 -0.081406 0.005520
v 0.110023 -0.012577 -0.029871
v 0.135162 -0.067479 -0.033720
v 0.077043 -0.065789 -0.027949
v 0.014122 -0.081406 0.005520
v 0.021955 -0.102071 0.004045
v 0.076501 -0.068521 0.007469
v -0.451529 0.195271 0.034845
v -0.451788 0.193829 0.052721
v -0.410725 0.201543 0.053939
v 0.584932 0.420059 0.133886
v 0.585700 0.406946 0.152313
v 0.595322 0.386918 0.034643
v 0.385406 0.476749 0.098626
v 0.376147 0.515903 0.102911
v 0.396310 0.383077 0.031301
v 0.585700 0.406946 0.152313
v 0.586215 0.388196 0.158937
v 0.586215 0.388196 0.158937
v 0.587563 0.338488 0.135800
v 0.587563 0.338488 0.135800
v 0.589180 0.298739 0.085204
v 0.589180 0.298739 0.085204
v 0.590302 0.291088 0.027174
v 0.584932 0.420059 0.133886
v 0.524547 0.560793 0.091967
v 0.512312 0.578829 0.073810
v 0.233008 0.618246 0.003868
v -0.480803 0.209166 -0.042970
v -0.507899 0.216229 -0.042845
v -1.107719 0.554566 0.101834
v -1.108017 0.534569 0.142563
v -1.128975 0.530683 0.133013
v -1.107168 0.512029 0.117935
v -1.128975 0.530683 0.133013
v -1.138327 0.522998 0.113036
v -1.138327 0.522998 0.113036
v -1.128021 0.515697 0.093388
v -1.128021 0.515697 0.093388
v -1.106619 0.512625 0.084548
v -1.106619 0.512625 0.084548
v -1.085657 0.516515 0.094100
v -1.085657 0.516515 0.094100
v -1.076305 0.524196 0.114077
v -1.076305 0.524196 0.114077
v -1.086611 0.531501 0.133725
v -1.086611 0.531501 0.133725
v -1.108017 0.534569 0.142563
v 0.387239 0.485989 -0.021165
v 0.396310 0.383077 0.031301
v 0.378023 0.525359 -0.019676
v 0.589997 0.407259 -0.088203
v 0.589237 0.424774 -0.078802
v 0.595322 0.386918 0.034643
v 0.590757 0.354589 -0.072931
v 0.589997 0.407259 -0.088203
v 0.595322 0.386918 0.034643
v 0.590927 0.307549 -0.029003
v 0.590757 0.354589 -0.072931
v 0.595322 0.386918 0.034643
v 0.590302 0.291088 0.027174
v 0.590927 0.307549 -0.029003
v 0.595322 0.386918 0.034643
v 0.595322 0.386918 0.034643
v 0.587878 0.434908 -0.058614
v 0.513092 0.582759 0.022858
v 0.533198 0.571557 0.047935
v 0.525916 0.567692 0.002532
v -0.319572 0.243059 -0.066714
v -0.299249 0.320358 -0.064710
v -0.299314 0.320031 -0.060466
v -0.287306 0.235680 -0.066789
v -0.309616 0.089905 -0.084507
v 0.268226 0.101454 -0.074772
v -0.309705 0.089231 -0.078429
v -0.327709 0.120681 -0.076278
v -0.319572 0.243059 -0.066714
v -0.287306 0.235680 -0.066789
v -0.301640 0.308306 0.091536
v -0.560675 0.303306 0.087185
v -0.525601 0.226778 0.081819
v -0.289567 0.224282 0.080969
v -0.540459 0.155855 -0.081091
v -0.346572 0.088533 -0.083317
v -0.346636 0.088205 -0.079073
v -0.329971 0.109284 0.071480
v -0.348898 0.076808 0.068686
v -0.311966 0.077833 0.069330
v 1.629823 -0.030074 0.045301
v 1.563929 0.351435 0.097492
v 1.559640 0.455256 0.107436
v 1.588141 -0.048046 0.015919
v 1.634895 -0.034091 0.017711
v 1.630655 -0.025879 -0.009079
v 1.588141 -0.048046 0.015919
v 1.561256 0.463402 0.001829
v 1.565485 0.359274 -0.004138
v 1.621092 -0.056453 0.015775
v 1.588141 -0.048046 0.015919
v 1.414505 0.332564 0.042621
v 1.465193 0.300288 0.040907
v 1.413257 0.326270 0.124211
v 1.465193 0.300288 0.040907
v 1.415754 0.338857 -0.038970
v 0.200489 0.669252 0.078075
v 0.220808 0.606472 0.072549
v 0.519385 -0.246393 -0.015371
v 0.483862 -0.277308 0.055435
v 0.413856 -0.317939 -0.022504
v 0.355473 0.307840 0.070762
v 0.354203 0.330148 0.120758
v 0.354266 0.357837 0.085149
v 0.352496 0.407589 0.133341
v 0.354266 0.357837 0.085149
v 0.353500 0.362871 0.124988
v 0.353125 0.366870 0.142726
v 0.353500 0.362871 0.124988
v 0.354203 0.330148 0.120758
v 0.354203 0.330148 0.120758
v 0.353500 0.362871 0.124988
v 0.354266 0.357837 0.085149
v 0.356867 0.314869 -0.020369
v 0.355981 0.366484 -0.026951
v 0.357066 0.344582 -0.066368
v 0.356416 0.377568 -0.065550
v 0.355981 0.366484 -0.026951
v 0.355562 0.423040 -0.066975
v 0.356571 0.384241 -0.082469
v 0.357066 0.344582 -0.066368
v 0.356416 0.377568 -0.065550
v 0.357066 0.344582 -0.066368
v 0.355981 0.366484 -0.026951
v 0.356416 0.377568 -0.065550
v -1.451235 0.516967 0.043251
v -1.451066 0.532916 0.014830
v -1.450152 0.488630 0.011308
v -1.451066 0.532916 0.014830
v -1.450334 0.521513 -0.015693
v -1.450334 0.521513 -0.015693
v -1.449517 0.493096 -0.031635
v -1.449517 0.493096 -0.031635
v -1.448919 0.464532 -0.034453
v -1.448919 0.464532 -0.034453
v -1.448309 0.434934 -0.036726
v -1.449626 0.428300 0.049286
v -1.450258 0.457780 0.053086
v -1.450258 0.457780 0.053086
v -1.450838 0.486439 0.054665
v -1.450838 0.486439 0.054665
v -1.451235 0.516967 0.043251
v -1.374728 0.436355 -0.035491
v -1.375337 0.465953 -0.033217
v -1.376402 0.481904 0.011841
v -1.375337 0.465953 -0.033217
v -1.375936 0.494516 -0.030400
v -1.375936 0.494516 -0.030400
v -1.376752 0.522933 -0.014457
v -1.376752 0.522933 -0.014457
v -1.377485 0.534337 0.016066
v -1.377485 0.534337 0.016066
v -1.377654 0.518387 0.044487
v -1.377654 0.518387 0.044487
v -1.377257 0.487860 0.055901
v -1.377257 0.487860 0.055901
v -1.376677 0.459200 0.054322
v -1.376677 0.459200 0.054322
v -1.376044 0.429720 0.050522
v -0.451788 0.193829 0.052721
v -0.018571 -0.008943 -0.023767
v 0.003260 -0.014103 -0.023831
v -0.040933 -0.060060 -0.026942
v 0.002974 -0.015546 -0.005127
v -0.018857 -0.010385 -0.005064
v -0.041186 -0.061332 -0.010445
v 0.398281 0.287381 0.023950
v 0.397159 0.295033 0.081979
v 0.397159 0.295033 0.081979
v 0.395542 0.334781 0.132575
v 0.395542 0.334781 0.132575
v 0.394194 0.384489 0.155712
v 0.393999 0.416374 0.130680
v 0.389366 0.447226 0.118656
v 0.385406 0.476749 0.098626
v 0.389366 0.447226 0.118656
v 0.376147 0.515903 0.102911
v 0.365779 0.557670 0.090065
v 0.393943 0.403245 0.149089
v 0.393999 0.416374 0.130680
v 0.394194 0.384489 0.155712
v 0.393943 0.403245 0.149089
v 0.550188 0.519682 0.100370
v 0.547429 0.233291 0.007856
v 0.589004 0.319762 0.015162
v 0.626668 0.234820 0.009186
v 0.626233 0.232626 0.037640
v 0.588568 0.317567 0.043616
v 0.546994 0.231096 0.036310
v 0.317640 0.622413 0.011802
v 0.276147 0.663895 0.014367
v 0.276897 0.627459 0.011568
v 0.275022 0.658227 0.087843
v 0.316515 0.616745 0.085279
v 0.275772 0.621791 0.085044
v 0.324767 0.554628 0.086932
v 0.316515 0.616745 0.085279
v 0.316419 0.616261 0.091558
v 0.317735 0.622897 0.005522
v 0.317640 0.622413 0.011802
v 0.326084 0.561265 0.000896
v 0.289802 0.629773 0.066380
v 0.297380 0.631272 0.048908
v 0.272363 0.633900 0.048728
v 0.297380 0.631272 0.048908
v 0.290341 0.632488 0.031189
v 0.290341 0.632488 0.031189
v 0.272808 0.632709 0.023605
v 0.272808 0.632709 0.023605
v 0.255052 0.631807 0.030597
v 0.255052 0.631807 0.030597
v 0.247475 0.630308 0.048069
v 0.247475 0.630308 0.048069
v 0.254514 0.629092 0.065788
v 0.254514 0.629092 0.065788
v 0.272047 0.628871 0.073372
v 0.272047 0.628871 0.073372
v 0.289802 0.629773 0.066380
v -1.700834 0.373967 0.016045
v -1.700717 0.382468 -0.000705
v -1.584827 0.360230 -0.000647
v -1.700717 0.382468 -0.000705
v -1.700305 0.376636 -0.018556
v -1.700305 0.376636 -0.018556
v -1.699839 0.359890 -0.027051
v -1.699839 0.359890 -0.027051
v -1.699592 0.342038 -0.021214
v -1.699592 0.342038 -0.021214
v -1.699710 0.333537 -0.004464
v -1.699710 0.333537 -0.004464
v -1.700122 0.339369 0.013387
v -1.700122 0.339369 0.013387
v -1.700588 0.356116 0.021883
v -1.700588 0.356116 0.021883
v -1.700834 0.373967 0.016045
v -0.450322 0.201221 -0.043111
v -0.409258 0.208934 -0.041882
v 0.682496 0.450463 0.040879
v 0.682281 0.430240 0.076916
v 0.683623 0.395756 0.036676
v 0.683425 0.436005 0.002178
v 0.682496 0.450463 0.040879
v 0.684460 0.399977 -0.018035
v 0.683425 0.436005 0.002178
v 0.684964 0.361273 -0.003562
v 0.684460 0.399977 -0.018035
v 0.684749 0.341048 0.032474
v 0.684964 0.361273 -0.003562
v 0.683820 0.355507 0.071175
v 0.684749 0.341048 0.032474
v 0.682785 0.391536 0.091389
v 0.683820 0.355507 0.071175
v 0.682281 0.430240 0.076916
v 0.682785 0.391536 0.091389
v 0.405846 0.453983 0.113478
v 0.395172 0.518251 0.099032
v 0.388452 0.479586 0.093112
v 0.414767 0.484122 0.093865
v 0.398281 0.287381 0.023950
v 0.396310 0.383077 0.031301
v 0.398907 0.303842 -0.032228
v 0.398907 0.303842 -0.032228
v 0.396310 0.383077 0.031301
v 0.398737 0.350882 -0.076156
v 0.396310 0.383077 0.031301
v 0.397976 0.403553 -0.091428
v 0.398737 0.350882 -0.076156
v 0.396945 0.431222 -0.061821
v 0.396310 0.383077 0.031301
v 0.391876 0.459877 -0.045355
v 0.387239 0.485989 -0.021165
v 0.391876 0.459877 -0.045355
v 0.396310 0.383077 0.031301
v 0.396310 0.383077 0.031301
v 0.360125 0.583742 0.046226
v 0.363065 0.580267 0.020911
v 0.396310 0.383077 0.031301
v 0.396945 0.431222 -0.061821
v 0.397480 0.421072 -0.082019
v 0.397976 0.403553 -0.091428
v 0.396310 0.383077 0.031301
v 0.397480 0.421072 -0.082019
v 0.551897 0.528296 -0.011292
v 0.365779 0.557670 0.090065
v 0.362302 0.576420 0.070787
v 0.362302 0.576420 0.070787
v 0.360125 0.583742 0.046226
v 0.396310 0.383077 0.031301
v 0.367170 0.564686 -0.000899
v 0.378023 0.525359 -0.019676
v 0.396310 0.383077 0.031301
v 0.363065 0.580267 0.020911
v 0.367170 0.564686 -0.000899
v -0.276321 0.291762 -0.068427
v -0.270747 0.236468 -0.072607
v -0.287184 0.234800 -0.072987
v -0.307562 0.145354 -0.077444
v -0.309616 0.089905 -0.084507
v -0.327633 0.121082 -0.081260
v -0.252501 0.220496 -0.067428
v -0.287306 0.235680 -0.066789
v -0.270841 0.235998 -0.066513
v -0.287306 0.235680 -0.066789
v -0.287184 0.234800 -0.072987
v 0.406361 0.210274 -0.064263
v 0.407771 0.304499 -0.050842
v 0.268226 0.101454 -0.074772
v 0.308156 0.096079 0.005892
v -0.287306 0.235680 -0.066789
v -0.307601 0.145098 -0.074087
v -0.327709 0.120681 -0.076278
v -0.289632 0.222462 0.086958
v -0.273195 0.224130 0.087339
v -0.278768 0.279424 0.091519
v -0.330047 0.108916 0.076464
v -0.312064 0.077568 0.075439
v -0.309927 0.133439 0.077028
v -0.273102 0.224600 0.081246
v -0.289567 0.224282 0.080969
v -0.254762 0.209098 0.080331
v -0.289632 0.222462 0.086958
v -0.289567 0.224282 0.080969
v 0.405510 0.293101 0.096916
v 0.403913 0.197936 0.095682
v 0.308156 0.096079 0.005892
v 0.265778 0.089116 0.085174
v -0.329971 0.109284 0.071480
v -0.309862 0.133701 0.073671
v -0.289567 0.224282 0.080969
v 0.292548 -0.390880 0.030735
v 0.259975 -0.402212 -0.031361
v 0.292548 -0.390880 0.030735
v 0.391211 -0.343661 0.079142
v 0.294396 -0.381570 -0.089965
v 0.394374 -0.327719 -0.127535
v 0.391211 -0.343661 0.079142
v 0.483862 -0.277308 0.055435
v 0.486105 -0.266003 -0.091126
v 0.394374 -0.327719 -0.127535
v 1.573985 0.534841 0.060665
v 1.465193 0.300288 0.040907
v 1.561158 -0.016804 0.017916
v 1.588141 -0.048046 0.015919
v 1.410391 0.436913 0.167672
v 1.409821 0.524099 0.101409
v 1.419361 0.394934 0.047506
v 1.411069 0.395300 0.175116
v 1.410391 0.436913 0.167672
v 1.412591 0.341259 0.146643
v 1.411069 0.395300 0.175116
v 1.409821 0.524099 0.101409
v 1.410460 0.528989 0.057711
v 1.413257 0.326270 0.124211
v 1.412591 0.341259 0.146643
v 1.413257 0.326270 0.124211
v 1.411162 0.530859 0.013780
v 1.413952 0.454862 -0.065019
v 1.413952 0.454862 -0.065019
v 1.414955 0.414880 -0.078731
v 1.414955 0.414880 -0.078731
v 1.415736 0.357110 -0.058848
v 1.410460 0.528989 0.057711
v 1.411162 0.530859 0.013780
v 1.415736 0.357110 -0.058848
v 1.415754 0.338857 -0.038970
v 0.224609 0.610255 0.046197
v 0.211067 0.666547 0.033728
v 0.228445 0.611203 0.046329
v 0.217709 0.645921 0.040833
v 0.217587 0.645307 0.048793
v 0.217709 0.645921 0.040833
v 0.200489 0.669252 0.078075
v 0.224609 0.610255 0.046197
v 0.213666 0.644067 0.048638
v 0.224609 0.610255 0.046197
v 0.217465 0.644693 0.056754
v 0.210562 0.664002 0.066733
v 0.228445 0.611203 0.046329
v 0.217587 0.645307 0.048793
v 0.217465 0.644693 0.056754
v 0.228445 0.611203 0.046329
v 0.217465 0.644693 0.056754
v 0.259975 -0.402212 -0.031361
v 0.294396 -0.381570 -0.089965
v 0.519385 -0.246393 -0.015371
v 0.486105 -0.266003 -0.091126
v 1.634895 -0.034091 0.017711
v 1.629823 -0.030074 0.045301
v 1.634895 -0.034091 0.017711
v 1.630655 -0.025879 -0.009079
v 1.563929 0.351435 0.097492
v 1.559640 0.455256 0.107436
v 1.561256 0.463402 0.001829
v 0.587878 0.434908 -0.058614
v 0.595322 0.386918 0.034643
v 0.589237 0.424774 -0.078802
v 0.595322 0.386918 0.034643
v 0.591265 0.480042 0.041765
v 0.584932 0.420059 0.133886
v 0.587878 0.434908 -0.058614
v 0.513092 0.582759 0.022858
v 0.503041 0.586500 0.048626
v 0.533198 0.571557 0.047935
v 0.512312 0.578829 0.073810
v 0.503041 0.586500 0.048626
v 0.022497 -0.099339 -0.031373
v 0.014665 -0.078674 -0.029898
v 0.077043 -0.065789 -0.027949
v 0.076501 -0.068521 0.007469
v 0.134422 -0.071212 0.014678
v 0.109282 -0.016311 0.018528
v 0.110023 -0.012577 -0.029871
v 0.077043 -0.065789 -0.027949
v 0.014665 -0.078674 -0.029898
v -0.307562 0.145354 -0.077444
v -0.253749 0.160553 -0.074613
v -0.309616 0.089905 -0.084507
v 0.406361 0.210274 -0.064263
v 0.337445 0.196750 -0.066361
v 0.407864 0.304969 -0.056936
v -0.531066 0.162419 0.076771
v -0.542903 0.154112 0.080445
v -0.348963 0.076481 0.072929
v -0.329971 0.109284 0.071480
v -0.321823 0.231718 0.080315
v -0.348898 0.076808 0.068686
v -0.329971 0.109284 0.071480
v -0.289567 0.224282 0.080969
v -0.321823 0.231718 0.080315
v -0.540375 0.166854 -0.084737
v -0.540459 0.155855 -0.081091
v -0.346636 0.088205 -0.079073
v -0.327709 0.120681 -0.076278
v -0.309705 0.089231 -0.078429
v -0.346636 0.088205 -0.079073
v -0.319572 0.243059 -0.066714
v -0.327709 0.120681 -0.076278
v -0.321823 0.231718 0.080315
v -0.301575 0.308633 0.087292
v -0.523209 0.238830 -0.074426
v -0.558284 0.315358 -0.069061
v -0.540375 0.166854 -0.084737
v -0.348963 0.076481 0.072929
v -0.542903 0.154112 0.080445
v -0.542850 0.143802 0.075155
v -0.542850 0.143802 0.075155
v -0.348898 0.076808 0.068686
v -0.348963 0.076481 0.072929
v -0.311966 0.077833 0.069330
v 0.265778 0.089116 0.085174
v -0.312064 0.077568 0.075439
v -0.309705 0.089231 -0.078429
v 0.308156 0.096079 0.005892
v -0.311966 0.077833 0.069330
v -0.273195 0.224130 0.087339
v 0.405416 0.292631 0.103009
v -0.278768 0.279424 0.091519
v 0.403913 0.197936 0.095682
v 0.405416 0.292631 0.103009
v 0.334997 0.184413 0.093584
v 0.407864 0.304969 -0.056936
v -0.270747 0.236468 -0.072607
v -0.276321 0.291762 -0.068427
v -1.417993 0.423871 -0.054450
v 0.231691 0.611609 0.089903
v 0.200489 0.669252 0.078075
v 0.210562 0.664002 0.066733
v 0.211067 0.666547 0.033728
v 0.217709 0.645921 0.040833
v 1.565485 0.359274 -0.004138
v -0.312064 0.077568 0.075439
v -0.256309 0.152346 0.078472
v -0.309927 0.133439 0.077028
v -1.470782 0.585275 0.058147
v -1.469898 0.575121 0.017185
v -1.541939 0.524851 -0.025340
v -1.543575 0.573699 0.015947
v -1.543247 0.589959 -0.022251
v -1.466742 0.390655 0.041284
v -1.467069 0.437733 0.006630
v -1.467983 0.450932 0.045914
v -1.541939 0.524851 -0.025340
v -1.543092 0.519038 0.050018
v -1.543575 0.573699 0.015947
v -1.543575 0.573699 0.015947
v -1.544459 0.583853 0.056910
v -1.538973 0.326078 0.026571
v -1.538083 0.330569 -0.031641
v -1.538245 0.314870 -0.003936
v -1.469898 0.575121 0.017185
v -1.469570 0.591381 -0.021014
v -1.467069 0.437733 0.006630
v -1.465589 0.396468 -0.034075
v -1.466830 0.456745 -0.029444
v -1.466742 0.390655 0.041284
v -1.465589 0.396468 -0.034075
v -1.467069 0.437733 0.006630
v -1.464395 0.307924 -0.003342
v -1.464201 0.326716 -0.036559
v -0.309705 0.089231 -0.078429
v 0.268226 0.101454 -0.074772
v 0.308156 0.096079 0.005892
v -0.311966 0.077833 0.069330
v 0.308156 0.096079 0.005892
v 0.265778 0.089116 0.085174
v -1.543247 0.589959 -0.022251
v -1.543575 0.573699 0.015947
v -1.543092 0.519038 0.050018
v -1.544459 0.583853 0.056910
v -1.543575 0.573699 0.015947
v -0.481980 0.203193 0.035234
v -0.509367 0.208835 0.053007
v -0.482270 0.201773 0.052872
v -0.450322 0.201221 -0.043111
v -0.453346 0.229622 0.005877
v -0.454793 0.221881 0.021335
v -0.341084 0.203285 0.024825
v -0.339355 0.212559 0.006306
v -0.454304 0.224346 -0.010621
v -0.340498 0.206238 -0.013459
v -0.457099 0.209143 -0.018496
v -0.343851 0.188026 -0.022892
v -0.460096 0.192919 -0.013134
v -0.347443 0.168590 -0.016469
v -0.461543 0.185178 0.002324
v -0.349172 0.159316 0.002049
v -0.460586 0.190454 0.018822
v -0.348028 0.165637 0.021814
v -0.457791 0.205657 0.026697
v -0.344680 0.183850 0.031248
v -0.497108 0.222570 0.013099
v -0.498680 0.214058 0.015912
v -0.496351 0.226631 0.004989
v -0.496852 0.223863 -0.003667
v -0.498316 0.215887 -0.007799
v -0.499892 0.207375 -0.004985
v -0.500649 0.203314 0.003125
v -0.500149 0.206082 0.011780
v -0.386356 -0.063489 0.033853
v -0.384890 -0.056101 -0.061938
v -0.334296 0.190710 -0.042126
v -0.335762 0.183321 0.053666
v -0.490868 -0.036251 0.034373
v -0.386356 -0.063489 0.033853
v -0.335762 0.183321 0.053666
v -0.335762 0.183321 0.053666
v -0.410725 0.201543 0.053939
v -0.558902 -0.010742 -0.061133
v -0.560369 -0.018135 0.034719
v -0.509367 0.208835 0.053007
v -0.507899 0.216229 -0.042845
v -0.451121 -0.270959 -0.079525
v -0.452587 -0.278348 0.016266
v -0.556025 -0.248254 0.017023
v -0.452587 -0.278348 0.016266
v -0.452587 -0.278348 0.016266
v -0.386356 -0.063489 0.033853
v -0.623409 -0.220828 -0.078327
v -0.624876 -0.228222 0.017527
v -0.646155 -0.665052 -0.112910
v -0.548957 -0.500840 -0.098755
v -0.550423 -0.508229 -0.002964
v -0.647621 -0.672441 -0.017118
v -0.550423 -0.508229 -0.002964
v -0.645941 -0.458597 -0.000578
v -0.741534 -0.619164 -0.014427
v -0.647621 -0.672441 -0.017118
v -0.550423 -0.508229 -0.002964
v -0.708008 -0.418195 -0.094845
v -0.802518 -0.576344 -0.108491
v -0.803985 -0.583738 -0.012638
v -0.709475 -0.425588 0.001008
v -0.334296 0.190710 -0.042126
v -0.409258 0.208934 -0.041882
v -0.410725 0.201543 0.053939
v -0.410725 0.201543 0.053939
v -0.335762 0.183321 0.053666
v -0.334296 0.190710 -0.042126
v -0.560369 -0.018135 0.034719
v -0.521114 -0.028367 0.034524
v -0.482270 0.201773 0.052872
v -0.509367 0.208835 0.053007
v -0.560369 -0.018135 0.034719
v -0.586046 -0.239518 0.017243
v -0.560369 -0.018135 0.034719
v -0.560369 -0.018135 0.034719
v -0.624876 -0.228222 0.017527
v -0.768711 -0.603748 -0.013649
v -0.673605 -0.444230 0.000112
v -0.709475 -0.425588 0.001008
v -0.709475 -0.425588 0.001008
v -0.803985 -0.583738 -0.012638
v -0.645676 -0.457240 -0.018161
v -0.673336 -0.442873 -0.017471
v -0.768453 -0.602665 -0.031310
v -0.741405 -0.618284 -0.031907
v -0.555756 -0.246897 -0.000560
v -0.585781 -0.238162 -0.000341
v -0.490603 -0.034894 0.016790
v -0.520849 -0.027010 0.016941
v -0.451529 0.195271 0.034845
v -0.481980 0.203193 0.035234
v -0.645676 -0.457240 -0.018161
v -0.741405 -0.618284 -0.031907
v -0.741534 -0.619164 -0.014427
v -0.741534 -0.619164 -0.014427
v -0.645941 -0.458597 -0.000578
v -0.645676 -0.457240 -0.018161
v -0.768453 -0.602665 -0.031310
v -0.673336 -0.442873 -0.017471
v -0.673605 -0.444230 0.000112
v -0.673605 -0.444230 0.000112
v -0.768711 -0.603748 -0.013649
v -0.768453 -0.602665 -0.031310
v -0.645941 -0.458597 -0.000578
v -0.556025 -0.248254 0.017023
v -0.555756 -0.246897 -0.000560
v -0.555756 -0.246897 -0.000560
v -0.645676 -0.457240 -0.018161
v -0.645941 -0.458597 -0.000578
v -0.673336 -0.442873 -0.017471
v -0.585781 -0.238162 -0.000341
v -0.586046 -0.239518 0.017243
v -0.586046 -0.239518 0.017243
v -0.673605 -0.444230 0.000112
v -0.673336 -0.442873 -0.017471
v -0.490603 -0.034894 0.016790
v -0.555756 -0.246897 -0.000560
v -0.556025 -0.248254 0.017023
v -0.556025 -0.248254 0.017023
v -0.490868 -0.036251 0.034373
v -0.490603 -0.034894 0.016790
v -0.585781 -0.238162 -0.000341
v -0.520849 -0.027010 0.016941
v -0.521114 -0.028367 0.034524
v -0.521114 -0.028367 0.034524
v -0.586046 -0.239518 0.017243
v -0.585781 -0.238162 -0.000341
v -0.490868 -0.036251 0.034373
v -0.451788 0.193829 0.052721
v -0.451529 0.195271 0.034845
v -0.451529 0.195271 0.034845
v -0.490603 -0.034894 0.016790
v -0.490868 -0.036251 0.034373
v -0.520849 -0.027010 0.016941
v -0.481980 0.203193 0.035234
v -0.482270 0.201773 0.052872
v -0.482270 0.201773 0.052872
v -0.521114 -0.028367 0.034524
v -0.520849 -0.027010 0.016941
v -0.450609 0.199904 -0.025226
v -0.481053 0.207864 -0.025321
v -0.481980 0.203193 0.035234
v -0.481980 0.203193 0.035234
v -0.451529 0.195271 0.034845
v -0.489401 -0.028859 -0.061455
v -0.384890 -0.056101 -0.061938
v -0.451121 -0.270959 -0.079525
v -0.451121 -0.270959 -0.079525
v -0.554558 -0.240862 -0.078806
v -0.548957 -0.500840 -0.098755
v -0.646155 -0.665052 -0.112910
v -0.740068 -0.611772 -0.110257
v -0.644475 -0.451205 -0.096407
v -0.548957 -0.500840 -0.098755
v -0.480803 0.209166 -0.042970
v -0.519647 -0.020974 -0.061315
v -0.558902 -0.010742 -0.061133
v -0.558902 -0.010742 -0.061133
v -0.507899 0.216229 -0.042845
v -0.584579 -0.232126 -0.078597
v -0.623409 -0.220828 -0.078327
v -0.558902 -0.010742 -0.061133
v -0.558902 -0.010742 -0.061133
v -0.767245 -0.596356 -0.109488
v -0.802518 -0.576344 -0.108491
v -0.708008 -0.418195 -0.094845
v -0.708008 -0.418195 -0.094845
v -0.672138 -0.436837 -0.095728
v -0.644748 -0.452561 -0.078825
v -0.740472 -0.613583 -0.092852
v -0.767527 -0.597994 -0.091870
v -0.672407 -0.438192 -0.078145
v -0.584852 -0.233481 -0.061014
v -0.554827 -0.242218 -0.061223
v -0.489675 -0.030215 -0.043872
v -0.519921 -0.022330 -0.043732
v -0.481053 0.207864 -0.025321
v -0.450609 0.199904 -0.025226
v -0.481053 0.207864 -0.025321
v -0.644748 -0.452561 -0.078825
v -0.644475 -0.451205 -0.096407
v -0.740068 -0.611772 -0.110257
v -0.740068 -0.611772 -0.110257
v -0.740472 -0.613583 -0.092852
v -0.644748 -0.452561 -0.078825
v -0.767527 -0.597994 -0.091870
v -0.767245 -0.596356 -0.109488
v -0.672138 -0.436837 -0.095728
v -0.672138 -0.436837 -0.095728
v -0.672407 -0.438192 -0.078145
v -0.767527 -0.597994 -0.091870
v -0.644748 -0.452561 -0.078825
v -0.554827 -0.242218 -0.061223
v -0.554558 -0.240862 -0.078806
v -0.554558 -0.240862 -0.078806
v -0.644475 -0.451205 -0.096407
v -0.644748 -0.452561 -0.078825
v -0.672138 -0.436837 -0.095728
v -0.584579 -0.232126 -0.078597
v -0.584852 -0.233481 -0.061014
v -0.584852 -0.233481 -0.061014
v -0.672407 -0.438192 -0.078145
v -0.672138 -0.436837 -0.095728
v -0.489675 -0.030215 -0.043872
v -0.489401 -0.028859 -0.061455
v -0.554558 -0.240862 -0.078806
v -0.554558 -0.240862 -0.078806
v -0.554827 -0.242218 -0.061223
v -0.489675 -0.030215 -0.043872
v -0.584852 -0.233481 -0.061014
v -0.584579 -0.232126 -0.078597
v -0.519647 -0.020974 -0.061315
v -0.519647 -0.020974 -0.061315
v -0.519921 -0.022330 -0.043732
v -0.584852 -0.233481 -0.061014
v -0.489675 -0.030215 -0.043872
v -0.450609 0.199904 -0.025226
v -0.450322 0.201221 -0.043111
v -0.489401 -0.028859 -0.061455
v -0.489675 -0.030215 -0.043872
v -0.519647 -0.020974 -0.061315
v -0.480803 0.209166 -0.042970
v -0.481053 0.207864 -0.025321
v -0.481053 0.207864 -0.025321
v -0.519921 -0.022330 -0.043732
v -0.519647 -0.020974 -0.061315
v -0.643698 -0.654411 -0.110417
v -0.794424 -0.568901 -0.106157
v -0.795841 -0.576044 -0.013556
v -0.645114 -0.661550 -0.017875
v -0.653477 -0.676168 -0.019232
v -0.804208 -0.590663 -0.014914
v -0.802794 -0.583535 -0.107313
v -0.652064 -0.669050 -0.111572
v -0.645114 -0.661550 -0.017875
v -0.795841 -0.576044 -0.013556
v -0.804208 -0.590663 -0.014914
v -0.804208 -0.590663 -0.014914
v -0.653477 -0.676168 -0.019232
v -0.645114 -0.661550 -0.017875
v -0.652064 -0.669050 -0.111572
v -0.643698 -0.654411 -0.110417
v -0.645114 -0.661550 -0.017875
v -0.645114 -0.661550 -0.017875
v -0.653477 -0.676168 -0.019232
v -0.652064 -0.669050 -0.111572
v -0.794424 -0.568901 -0.106157
v -0.643698 -0.654411 -0.110417
v -0.652064 -0.669050 -0.111572
v -0.652064 -0.669050 -0.111572
v -0.802794 -0.583535 -0.107313
v -0.794424 -0.568901 -0.106157
v -0.802794 -0.583535 -0.107313
v -0.804208 -0.590663 -0.014914
v -0.795841 -0.576044 -0.013556
v -0.795841 -0.576044 -0.013556
v -0.794424 -0.568901 -0.106157
v -0.802794 -0.583535 -0.107313
v -0.548957 -0.500840 -0.098755
v -0.451121 -0.270959 -0.079525
v -0.548957 -0.500840 -0.098755
v -0.708008 -0.418195 -0.094845
v -0.708008 -0.418195 -0.094845
v -0.623409 -0.220828 -0.078327
v -0.709475 -0.425588 0.001008
v -0.624876 -0.228222 0.017527
v -0.709475 -0.425588 0.001008
v -0.550423 -0.508229 -0.002964
v -0.550423 -0.508229 -0.002964
v -0.452587 -0.278348 0.016266
v -0.334296 0.190710 -0.042126
v -0.384890 -0.056101 -0.061938
v -0.409258 0.208934 -0.041882
v -0.334296 0.190710 -0.042126
v -0.509367 0.208835 0.053007
v -0.481980 0.203193 0.035234
v -0.507899 0.216229 -0.042845
v -0.509367 0.208835 0.053007
v -0.451529 0.195271 0.034845
v -0.451529 0.195271 0.034845
v -0.410725 0.201543 0.053939
v -0.339355 0.212559 0.006306
v -0.341084 0.203285 0.024825
v -0.344265 0.185938 0.004178
v -0.340498 0.206238 -0.013459
v -0.339355 0.212559 0.006306
v -0.343851 0.188026 -0.022892
v -0.340498 0.206238 -0.013459
v -0.347443 0.168590 -0.016469
v -0.343851 0.188026 -0.022892
v -0.349172 0.159316 0.002049
v -0.347443 0.168590 -0.016469
v -0.348028 0.165637 0.021814
v -0.349172 0.159316 0.002049
v -0.344680 0.183850 0.031248
v -0.348028 0.165637 0.021814
v -0.341084 0.203285 0.024825
v -0.344680 0.183850 0.031248
v -0.502597 0.216377 0.004102
v -0.451529 0.195271 0.034845
v -0.451788 0.193829 0.052721
v -0.410725 0.201543 0.053939
v -0.480803 0.209166 -0.042970
v -0.507899 0.216229 -0.042845
v -0.451788 0.193829 0.052721
v -0.450322 0.201221 -0.043111
v -0.409258 0.208934 -0.041882
v -0.481980 0.203193 0.035234
v -0.509367 0.208835 0.053007
v -0.482270 0.201773 0.052872
v -0.450322 0.201221 -0.043111
vn -0.0251 0.6144 0.7886
vn -0.0239 0.4306 0.9022
vn -0.0244 0.5267 0.8497
vn -0.0251 0.6143 0.7886
vn -0.1932 0.9424 -0.2730
vn -0.0145 0.9683 -0.2495
vn -0.0107 0.9111 -0.4120
vn -0.1496 0.8306 -0.5364
vn 0.0010 0.5891 -0.8080
vn -0.1951 0.5327 -0.8235
vn -0.1272 0.0126 -0.9918
vn 0.0073 0.2013 -0.9795
vn 0.0076 -0.1421 -0.9898
vn -0.1088 -0.2867 -0.9518
vn 0.0014 -0.5031 -0.8642
vn -0.1463 -0.7918 -0.5930
vn -0.1985 0.7573 0.6222
vn -0.1579 0.3916 0.9065
vn -0.0244 0.5247 0.8509
vn -0.0256 0.7512 0.6596
vn -0.2228 -0.0422 0.9739
vn -0.0202 -0.1476 0.9888
vn -0.1394 -0.4382 0.8880
vn -0.1928 -0.8299 0.5235
vn -0.0176 -0.7611 0.6484
vn -0.0210 -0.2721 0.9620
vn -0.1265 -0.6128 -0.7801
vn -0.1205 0.0493 -0.9915
vn -0.1784 0.7447 -0.6431
vn -0.0711 0.9338 -0.3506
vn -0.3917 0.8034 0.4485
vn -0.1930 0.6202 0.7603
vn -0.3570 0.8593 0.3662
vn -0.1344 -0.0768 0.9880
vn -0.1190 -0.6764 0.7268
vn -0.0300 0.8717 0.4890
vn -0.0736 0.6483 0.7578
vn 0.0506 0.8708 0.4890
vn -0.0520 0.7579 -0.6503
vn 0.0634 0.9354 -0.3479
vn -0.0348 0.0767 -0.9965
vn -0.0231 -0.6501 -0.7595
vn 0.0201 -0.8719 -0.4892
vn -0.1553 -0.8817 -0.4454
vn -0.0446 -0.7598 0.6487
vn 0.0877 -0.9325 0.3505
vn -0.0446 -0.7597 0.6487
vn -0.0652 -0.0786 0.9948
vn -0.1904 0.8566 0.4796
vn -0.1992 0.5419 0.8165
vn -0.1816 0.8162 -0.5484
vn -0.1778 0.9204 -0.3482
vn -0.1816 0.8162 -0.5485
vn -0.1683 0.2212 -0.9606
vn -0.1506 -0.5486 -0.8224
vn -0.1410 -0.8630 -0.4851
vn -0.1683 -0.8230 0.5425
vn -0.1537 -0.9268 0.3426
vn -0.1682 -0.8230 0.5426
vn -0.1918 -0.2281 0.9546
vn -0.0250 0.5988 0.8005
vn -0.0251 0.8605 0.5089
vn -0.0255 0.7853 0.6185
vn -0.0240 0.4785 0.8778
vn -0.0252 0.4834 0.8750
vn -0.0255 0.7854 0.6185
vn -0.9025 -0.4154 0.1138
vn -0.9127 -0.3853 0.1363
vn -0.9127 -0.3852 0.1364
vn -0.9215 -0.3545 0.1587
vn 0.4583 -0.8140 0.3569
vn -0.0001 -0.8869 0.4620
vn 0.0131 -0.9496 0.3133
vn 0.4583 -0.8140 0.3568
vn 0.9992 0.0389 0.0128
vn 0.9992 0.0388 0.0130
vn -0.0110 0.9496 -0.3132
vn -0.0110 0.9496 -0.3133
vn -0.8975 -0.4010 0.1836
vn -0.9196 -0.3278 0.2165
vn 0.0054 -0.8007 0.5991
vn 0.9431 0.2797 -0.1798
vn 0.9515 0.2832 -0.1205
vn -0.0160 -0.2781 0.9604
vn -0.0244 0.9186 0.3945
vn -0.0252 0.8605 0.5089
vn 0.0092 -0.9468 -0.3218
vn -0.1179 -0.9230 -0.3664
vn -0.2521 -0.9449 0.2089
vn -0.1929 -0.8300 0.5234
vn -0.3207 -0.8898 0.3247
vn -0.0038 -0.9753 0.2210
vn 0.0048 -0.9922 0.1244
vn -0.0176 -0.7610 0.6485
vn -0.0265 0.2768 0.9606
vn -0.0236 0.3292 0.9440
vn 0.0107 -0.9115 0.4112
vn 0.0145 -0.9686 0.2483
vn 0.0064 -0.8242 0.5663
vn -0.0015 -0.6098 0.7925
vn -0.0027 -0.5719 0.8203
vn 0.1317 0.0369 0.9906
vn -0.0198 0.1666 0.9858
vn 0.1769 -0.3028 0.9365
vn 0.5423 0.2205 0.8108
vn -0.0228 0.3787 0.9252
vn -0.0091 -0.3447 0.9387
vn -0.0244 0.5263 0.8499
vn -0.0254 0.8372 0.5463
vn -0.0253 0.8372 0.5462
vn -0.0253 0.8372 0.5463
vn -0.0152 -0.0789 0.9968
vn 0.3507 0.0878 0.9324
vn -0.0205 0.2100 0.9775
vn -0.0123 -0.2151 0.9765
vn -0.0250 0.6020 0.7981
vn -0.0243 0.5117 0.8588
vn -0.0198 0.1615 0.9867
vn -0.0244 0.5263 0.8500
vn -0.0227 0.3692 0.9291
vn -0.0155 -0.0647 0.9978
vn -0.0197 0.1614 0.9867
vn -0.0043 0.7749 -0.6321
vn 0.0096 0.3262 -0.9453
vn -0.0029 0.7377 -0.6751
vn -0.0029 0.7377 -0.6752
vn -0.0114 0.6128 -0.7902
vn 0.0253 -0.8377 -0.5456
vn 0.0256 -0.7276 -0.6855
vn 0.0243 -0.9191 -0.3934
vn 0.0253 -0.8377 -0.5455
vn 0.0240 -0.4811 -0.8763
vn 0.0235 -0.4394 -0.8980
vn 0.1617 0.1880 -0.9688
vn 0.0098 0.3158 -0.9488
vn 0.2060 -0.1561 -0.9660
vn 0.0203 -0.1967 -0.9803
vn 0.0044 0.5162 -0.8565
vn 0.5662 0.3409 -0.7505
vn -0.0086 0.8710 -0.4912
vn 0.0155 0.0660 -0.9977
vn 0.0180 -0.0625 -0.9979
vn 0.0155 0.0659 -0.9977
vn 0.0191 -0.1265 -0.9918
vn 0.0100 0.3109 -0.9504
vn 0.0180 -0.0626 -0.9979
vn 0.0191 -0.1264 -0.9918
vn 0.0047 0.5073 -0.8617
vn 0.0002 0.6504 -0.7596
vn 0.2665 0.2153 -0.9395
vn 0.0184 -0.0168 -0.9997
vn 0.0088 0.3574 -0.9339
vn 0.0180 -0.0628 -0.9979
vn -0.0108 0.4492 -0.8934
vn 0.0024 0.5812 -0.8137
vn 0.0096 0.3262 -0.9452
vn -0.0005 0.7025 -0.7117
vn -0.0022 0.7182 -0.6959
vn 0.0168 0.0018 -0.9999
vn 0.0150 0.0891 -0.9959
vn 0.0100 0.3108 -0.9504
vn 0.0006 0.6370 -0.7709
vn 0.0013 0.6163 -0.7875
vn -0.9212 -0.3817 -0.0756
vn -0.9828 -0.1813 -0.0354
vn -0.9909 -0.1099 -0.0774
vn -0.9987 0.0467 -0.0219
vn -0.9212 -0.3818 -0.0756
vn -0.4724 -0.8597 -0.1944
vn -0.7295 -0.6584 -0.1852
vn -0.6153 -0.7819 -0.0997
vn -0.9214 -0.3824 -0.0698
vn -0.4724 -0.8597 -0.1943
vn 0.2328 -0.9400 -0.2496
vn 0.0230 -0.9656 -0.2589
vn -0.4723 -0.8597 -0.1943
vn 0.2328 -0.9399 -0.2496
vn 0.8377 -0.5383 -0.0924
vn 0.7209 -0.6895 -0.0695
vn 0.6205 -0.7592 -0.1966
vn 0.2329 -0.9399 -0.2496
vn -0.0221 0.9820 0.1876
vn 0.6011 0.7905 0.1174
vn -0.9987 0.0468 -0.0219
vn -0.9811 0.1920 -0.0227
vn -0.9932 0.1160 0.0092
vn 0.7601 0.6363 0.1317
vn 0.8688 0.4951 -0.0055
vn 0.9942 0.1078 -0.0008
vn 0.6011 0.7905 0.1173
vn -0.0130 -0.1833 0.9830
vn -0.0108 -0.2771 0.9608
vn 0.0153 0.0769 -0.9969
vn -0.0150 -0.0878 0.9960
vn -0.0150 -0.0879 0.9960
vn 0.0109 0.2711 -0.9625
vn -0.0020 0.7145 -0.6996
vn -0.0086 0.8710 -0.4913
vn 0.0007 0.6370 -0.7709
vn 0.0002 0.6505 -0.7595
vn -0.0254 0.6688 0.7430
vn -0.0250 0.6021 0.7980
vn 0.9985 -0.0549 0.0082
vn 0.8377 -0.5383 -0.0923
vn 0.9942 0.1077 -0.0008
vn 0.9902 -0.1176 -0.0750
vn 0.0382 0.9961 0.0793
vn -0.0260 0.6570 0.7535
vn 0.1008 0.7409 0.6640
vn 0.1461 0.9875 -0.0587
vn -0.0037 0.7671 -0.6415
vn 0.0848 0.6595 -0.7469
vn -0.1273 0.1042 -0.9864
vn -0.0497 -0.0504 -0.9975
vn -0.2600 -0.6039 -0.7535
vn -0.1784 -0.7263 -0.6638
vn -0.3242 -0.9426 -0.0795
vn -0.2238 -0.9729 0.0586
vn -0.2823 -0.7139 0.6409
vn -0.1621 -0.6451 0.7467
vn -0.1588 -0.0514 0.9860
vn -0.0276 0.0647 0.9975
vn -0.5076 0.5527 0.6610
vn -0.6204 -0.0363 0.7834
vn -0.4442 0.8834 0.1489
vn -0.4680 0.7602 -0.4506
vn -0.5644 0.2575 -0.7843
vn -0.6766 -0.3284 -0.6591
vn -0.7392 -0.6565 -0.1502
vn -0.7162 -0.5364 0.4465
vn -0.9188 0.3944 0.0164
vn -0.9813 0.1927 -0.0001
vn -0.6924 0.7201 0.0450
vn -0.5308 0.8456 0.0571
vn -0.9437 -0.3283 -0.0397
vn -0.7603 -0.6466 -0.0615
vn -0.2160 -0.9732 -0.0784
vn 0.1407 -0.9872 -0.0748
vn 0.6534 -0.7553 -0.0507
vn 0.8316 -0.5544 -0.0324
vn 0.8807 -0.4731 -0.0246
vn 0.7936 -0.6075 -0.0347
vn 0.6887 -0.7237 -0.0453
vn 0.9289 0.3680 0.0426
vn 0.4028 0.9121 0.0765
vn 0.4027 0.9121 0.0765
vn 0.9289 0.3679 0.0426
vn -0.0153 -0.0769 0.9969
vn -0.0788 -0.1897 0.9787
vn -0.0971 -0.2022 0.9745
vn -0.0474 -0.0896 0.9948
vn -0.0554 -0.0847 0.9949
vn -0.0942 -0.8872 0.4516
vn -0.0853 -0.9693 0.2308
vn -0.0869 -0.9772 0.1938
vn -0.0933 -0.9068 0.4110
vn -0.0961 -0.6038 0.7913
vn -0.0952 -0.4379 0.8939
vn -0.0807 -0.1042 0.9913
vn -0.0891 -0.1581 0.9834
vn -0.0783 -0.8072 -0.5850
vn -0.0787 -0.8329 -0.5478
vn -0.0814 -0.9479 -0.3081
vn -0.0759 -0.9222 -0.3792
vn -0.0784 -0.8073 -0.5849
vn -0.0706 -0.4751 -0.8771
vn -0.0670 -0.2955 -0.9530
vn -0.0205 0.9969 0.0766
vn -0.0587 -0.0053 -0.9983
vn -0.0503 0.0492 -0.9975
vn 0.9997 0.0193 0.0168
vn -0.9997 -0.0193 -0.0168
vn 0.9931 -0.1172 0.0062
vn 0.7945 0.0817 0.6018
vn 0.6495 -0.5219 0.5530
vn 0.6199 -0.7831 -0.0509
vn 0.7845 0.6173 0.0596
vn 0.4687 0.6113 0.6377
vn 0.1163 0.9901 0.0782
vn -0.1366 0.7565 0.6396
vn -0.6199 0.7830 0.0509
vn -0.6672 0.4324 0.6065
vn -0.9931 0.1172 -0.0061
vn -0.8122 -0.1712 0.5577
vn -0.7845 -0.6173 -0.0596
vn -0.4865 -0.7007 0.5218
vn -0.1163 -0.9901 -0.0781
vn 0.1188 -0.8459 0.5199
vn 0.0059 -0.8133 0.5818
vn 0.0108 -0.9131 0.4077
vn 0.0006 -0.6745 0.7383
vn -0.0199 0.1715 0.9850
vn -0.1353 0.4592 0.8780
vn -0.1058 -0.4812 0.8702
vn -0.0092 -0.3429 0.9393
vn -0.0183 0.9981 -0.0580
vn -0.1108 0.9033 0.4144
vn 0.0108 0.2768 -0.9609
vn 0.0049 0.5011 -0.8653
vn 0.0048 0.5012 -0.8653
vn 0.0049 0.5012 -0.8653
vn -0.6790 -0.3274 0.6571
vn -0.4429 0.2519 0.8604
vn -0.7738 0.2017 0.6005
vn -0.4222 -0.7873 0.4493
vn 0.0151 -0.9753 0.2202
vn 0.0255 -0.7145 -0.6991
vn 0.0247 -0.5533 -0.8326
vn 0.0253 -0.8398 -0.5423
vn -0.0405 -0.3968 -0.9170
vn -0.1405 0.5000 -0.8546
vn 0.0097 0.3205 -0.9472
vn 0.0202 -0.1948 -0.9806
vn -0.1002 0.9564 -0.2742
vn -0.0224 0.9775 0.2098
vn -0.0191 0.1262 0.9918
vn -0.0226 0.3625 0.9317
vn -0.0227 0.3626 0.9317
vn -0.0225 0.3625 0.9317
vn -0.0191 0.1261 0.9918
vn -0.5871 -0.1766 -0.7900
vn -0.4065 -0.7081 -0.5773
vn -0.7556 0.2932 -0.5857
vn -0.4489 0.4843 -0.7510
vn 0.0241 -0.9301 -0.3666
vn -0.0226 0.9734 0.2280
vn -0.0247 0.5538 0.8323
vn -0.0256 0.7376 0.6747
vn -0.0180 0.9969 -0.0767
vn -0.0068 0.8324 -0.5541
vn -0.0006 0.6749 -0.7379
vn 0.0086 0.3660 -0.9306
vn 0.0118 0.2332 -0.9724
vn 0.0150 0.0913 -0.9957
vn 0.0151 0.0841 -0.9963
vn -0.0147 -0.1039 0.9945
vn -0.0142 -0.1282 0.9917
vn -0.0142 -0.1281 0.9917
vn -0.0152 -0.0796 0.9967
vn -0.0183 0.0813 0.9965
vn -0.0206 0.2189 0.9755
vn -0.0367 -0.9963 -0.0774
vn 0.1568 -0.9849 -0.0736
vn 0.3517 -0.9337 -0.0667
vn -0.4004 0.9141 0.0644
vn -0.2096 0.9751 0.0720
vn -0.5688 0.8206 0.0546
vn 0.3703 -0.9266 -0.0658
vn 0.1982 -0.9775 -0.0724
vn -0.2202 -0.9723 -0.0784
vn -0.4674 -0.8809 -0.0751
vn 0.2354 0.9687 0.0783
vn -0.0181 0.9969 0.0766
vn -0.7620 -0.6447 -0.0614
vn -0.8422 -0.5364 -0.0543
vn -0.0052 -0.0978 0.9952
vn 0.6946 0.7163 0.0659
vn 0.7871 0.6140 0.0594
vn 0.6947 0.7163 0.0659
vn -0.8030 -0.5932 -0.0580
vn -0.6607 -0.7476 -0.0678
vn -0.0049 -0.1208 0.9927
vn -0.0145 -0.1459 0.9892
vn 0.0150 -0.1394 0.9901
vn 0.9904 0.1358 0.0256
vn 0.9265 0.3737 0.0430
vn 0.7871 0.6139 0.0594
vn 0.0160 0.0021 -0.9999
vn 0.0427 0.0199 -0.9989
vn -0.4968 -0.8647 -0.0743
vn 0.9306 -0.3659 -0.0140
vn 0.9904 0.1357 0.0256
vn 0.0691 -0.9947 -0.0757
vn 0.0684 -0.8492 -0.5236
vn 0.0431 -0.3292 -0.9433
vn 0.9073 0.4180 0.0461
vn 0.9249 0.3777 0.0433
vn 0.8878 0.4575 0.0489
vn -0.0175 0.0348 0.9992
vn -0.0179 0.0597 0.9981
vn -0.9500 -0.3098 -0.0384
vn -0.9495 -0.3115 -0.0386
vn -0.9495 -0.3115 -0.0385
vn -0.9500 -0.3097 -0.0384
vn 0.0123 0.2121 -0.9772
vn -0.0165 -0.0150 0.9998
vn -0.0195 -0.0150 0.9997
vn 0.9408 0.3366 0.0404
vn 0.9249 0.3776 0.0433
vn 0.0139 0.1396 -0.9901
vn 0.0110 0.1375 -0.9904
vn -0.9512 -0.3062 -0.0382
vn -0.9501 -0.3097 -0.0384
vn 0.8851 -0.4649 -0.0223
vn 0.5258 -0.8487 -0.0574
vn 0.0205 -0.9969 -0.0766
vn -0.8656 -0.1520 -0.4772
vn -0.9435 -0.1335 -0.3034
vn -0.9434 -0.1334 -0.3035
vn -0.7513 -0.1656 -0.6389
vn -0.8557 -0.1538 -0.4942
vn -0.9910 -0.1048 -0.0832
vn -0.7911 0.0182 0.6115
vn -0.4438 0.0953 0.8911
vn 0.2772 0.1664 0.9463
vn 0.6481 0.1719 0.7419
vn 0.9935 0.1005 0.0526
vn 0.8770 0.0096 -0.4804
vn 0.7823 -0.0206 -0.6226
vn 0.9213 0.0276 -0.3879
vn 0.9873 0.0706 -0.1426
vn 0.0837 -0.9431 0.3218
vn 0.0837 -0.9432 0.3216
vn 0.0838 -0.9430 0.3220
vn 0.0838 -0.9431 0.3218
vn 0.0837 -0.9431 0.3219
vn -0.0837 0.9431 -0.3219
vn -0.0838 0.9431 -0.3218
vn -0.0838 0.9430 -0.3220
vn -0.0838 0.9431 -0.3217
vn -0.0837 0.9431 -0.3218
vn 0.9688 -0.2477 -0.0043
vn 0.9796 -0.2008 -0.0005
vn -0.0151 -0.0769 0.9969
vn -0.9666 0.2562 0.0050
vn -0.9757 0.2191 0.0020
vn 0.9394 -0.3426 -0.0121
vn -0.9391 0.3433 0.0121
vn 0.8612 -0.5075 -0.0260
vn 0.8928 -0.4500 -0.0210
vn -0.0151 -0.0770 0.9969
vn -0.8913 0.4530 0.0213
vn -0.8591 0.5111 0.0263
vn 0.2357 0.9687 0.0783
vn -0.0813 0.9939 0.0745
vn 0.2358 0.9687 0.0783
vn -0.0168 -0.0758 0.9970
vn -0.0152 -0.0771 0.9969
vn -0.0177 -0.0752 0.9970
vn -0.0202 -0.0731 0.9971
vn -0.0149 -0.0763 0.9970
vn -0.0125 -0.0769 0.9970
vn -0.0112 -0.0768 0.9970
vn -0.0076 -0.0779 0.9969
vn -0.8602 0.5097 0.0193
vn -0.8600 0.5097 0.0264
vn 0.8600 -0.5096 -0.0262
vn 0.8595 -0.5108 -0.0188
vn -0.9199 0.3919 0.0162
vn -0.9199 0.3919 0.0164
vn 0.9198 -0.3920 -0.0164
vn 0.9198 -0.3921 -0.0162
vn -0.9560 0.2932 0.0080
vn -0.9560 0.2932 0.0082
vn 0.9560 -0.2933 -0.0082
vn -0.9859 0.1675 -0.0008
vn -0.9859 0.1675 -0.0019
vn 0.9860 -0.1667 0.0028
vn 0.9860 -0.1666 0.0020
vn 0.0341 0.9965 0.0757
vn 0.2508 0.9649 0.0774
vn 0.2520 0.9646 0.0783
vn 0.0341 0.9965 0.0765
vn 0.9998 0.0074 0.0159
vn 0.9998 -0.0123 0.0143
vn 0.9995 0.0271 0.0174
vn 0.9767 -0.2148 0.0003
vn 0.8772 -0.4796 -0.0236
vn 0.4717 -0.8797 -0.0607
vn -0.9952 0.0973 -0.0077
vn -0.9734 0.2292 0.0028
vn -0.9989 0.0449 -0.0118
vn -0.9577 -0.2854 -0.0367
vn -0.9004 -0.4324 -0.0471
vn -0.8228 -0.5655 -0.0562
vn -0.0207 -0.0624 0.9978
vn -0.0122 -0.0642 0.9979
vn -0.0152 -0.0769 0.9969
vn 0.0098 0.0914 -0.9958
vn 0.0183 0.0896 -0.9958
vn 0.5191 0.2683 0.8115
vn 0.7471 0.4484 0.4907
vn 0.8245 0.4167 0.3827
vn 0.5344 0.2132 0.8179
vn -0.7838 -0.4484 0.4297
vn -0.7858 -0.4438 0.4308
vn -0.6734 -0.4045 0.6188
vn -0.4269 -0.2603 0.8660
vn 0.4984 0.2876 0.8179
vn 0.7020 0.4526 0.5498
vn -0.6940 0.0392 0.7189
vn -0.2604 -0.0473 0.9643
vn -0.0988 -0.0737 0.9924
vn -0.8868 -0.1422 0.4397
vn -0.8906 0.2197 0.3983
vn -0.7176 -0.0648 0.6934
vn -0.8023 -0.3584 0.4773
vn -0.6033 -0.3039 0.7373
vn 0.0340 0.0303 0.9990
vn -0.0224 0.5165 0.8560
vn -0.0185 0.0903 0.9957
vn -0.1365 0.1185 0.9835
vn 0.0028 0.4225 0.9064
vn -0.0238 0.8571 0.5147
vn -0.0241 0.8609 0.5081
vn 0.0113 -0.9215 0.3882
vn 0.0169 -0.9912 0.1310
vn -0.0012 -0.6212 0.7836
vn -0.0130 -0.1826 0.9831
vn -0.0184 0.0866 0.9961
vn -0.0255 0.6884 0.7249
vn -0.0250 0.6012 0.7987
vn -0.0290 0.4761 0.8789
vn 0.8101 0.5197 0.2714
vn 0.6270 0.7419 0.2375
vn 0.7736 0.5636 0.2898
vn 0.7785 0.5481 0.3057
vn 0.7633 0.5056 0.4022
vn -0.2112 0.3122 0.9262
vn -0.0413 0.3056 0.9513
vn 0.0475 0.2315 0.9717
vn -0.0189 0.1180 0.9928
vn -0.2859 0.2786 0.9168
vn -0.0238 0.4625 0.8863
vn -0.0223 0.9558 0.2933
vn -0.0234 0.9539 0.2992
vn 0.3148 -0.9467 -0.0682
vn 0.6067 -0.7932 -0.0519
vn -0.4131 -0.9075 -0.0763
vn -0.4130 -0.9075 -0.0763
vn -0.9920 -0.1240 -0.0247
vn 0.9962 0.0848 0.0217
vn 0.9585 -0.2851 -0.0073
vn 0.9144 0.4023 0.0450
vn -0.9017 0.4319 0.0195
vn -0.9920 -0.1240 -0.0248
vn 0.0152 0.0769 -0.9969
vn 0.6924 0.7185 0.0660
vn -0.2111 -0.9743 -0.0784
vn -0.4438 -0.8929 -0.0757
vn 0.4655 -0.8830 -0.0610
vn 0.9033 -0.4286 -0.0192
vn 0.2750 0.9583 0.0781
vn 0.5146 0.8542 0.0737
vn -0.4267 0.9022 0.0630
vn -0.8988 0.4379 0.0200
vn 0.9909 0.1323 0.0254
vn 0.7028 0.7083 0.0654
vn -0.0155 -0.0436 0.9989
vn -0.0164 -0.0565 0.9983
vn 0.0176 0.1490 -0.9887
vn 0.0150 0.1101 -0.9938
vn 0.0144 0.0921 -0.9956
vn 0.0118 0.1375 -0.9904
vn -0.7026 0.7103 0.0440
vn 0.5146 0.8542 0.0738
vn 0.2750 0.9583 0.0782
vn -0.7026 0.7102 0.0440
vn -0.0184 0.9969 0.0766
vn -0.0186 -0.0160 0.9997
vn -0.0128 -0.0044 0.9999
vn -0.9873 0.1591 -0.0028
vn -0.5350 0.8286 0.1650
vn -0.7570 0.6490 -0.0758
vn 0.5147 0.8542 0.0738
vn 0.7075 0.7037 0.0651
vn 0.7075 0.7037 0.0652
vn -0.2428 0.9700 -0.0068
vn -0.2506 0.9473 0.1996
vn 0.5147 0.8542 0.0737
vn -0.9997 -0.0193 -0.0167
vn -0.9997 -0.0193 -0.0169
vn -0.7025 0.7103 0.0440
vn -0.4315 0.3260 -0.8411
vn -0.5200 0.3708 -0.7695
vn -0.8079 0.4979 -0.3151
vn -0.3378 0.5415 -0.7698
vn -0.1020 0.2245 0.9691
vn 0.4204 0.2111 0.8825
vn 0.1554 0.2081 0.9657
vn -0.1023 0.2456 0.9640
vn -0.6293 0.7756 0.0502
vn -0.3435 0.9368 0.0670
vn -0.1886 0.3230 -0.9274
vn 0.2922 0.3683 -0.8826
vn 0.2922 0.3684 -0.8826
vn 0.0079 0.3936 -0.9192
vn 0.0446 0.2281 0.9726
vn -0.0211 0.2480 0.9685
vn -0.3434 0.9368 0.0670
vn 0.3008 0.9505 0.0779
vn 0.0884 0.3739 -0.9233
vn 0.0078 0.3936 -0.9193
vn 0.5872 0.8063 0.0712
vn 0.6861 0.6355 -0.3542
vn -0.3167 0.1709 0.9330
vn -0.3050 0.2170 0.9273
vn 0.5904 0.8040 0.0710
vn 0.2462 0.3868 -0.8887
vn 0.5307 0.3911 -0.7519
vn 0.2923 0.3684 -0.8825
vn 0.7240 0.2460 -0.6445
vn -0.8080 0.4979 -0.3152
vn -0.9618 0.2737 0.0064
vn -0.6191 0.7837 0.0510
vn -0.6190 0.7837 0.0510
vn -0.7314 0.1150 0.6722
vn -0.5440 0.2497 0.8011
vn -0.3051 0.2171 0.9272
vn -0.9618 0.2736 0.0064
vn 0.7034 0.1426 0.6963
vn 0.4204 0.2111 0.8824
vn 0.5066 0.2699 0.8188
vn 0.9882 0.0086 0.1529
vn 0.5914 -0.0497 0.8048
vn 0.7877 -0.0310 0.6153
vn 0.9924 0.0296 -0.1197
vn 0.8061 0.0618 -0.5886
vn 0.6158 0.0729 -0.7846
vn 0.1518 0.0788 -0.9853
vn -0.1216 0.0736 -0.9899
vn -0.5914 0.0497 -0.8048
vn -0.7877 0.0311 -0.6153
vn -0.9882 -0.0086 -0.1529
vn -0.9924 -0.0296 0.1197
vn -0.8061 -0.0618 0.5885
vn -0.6157 -0.0730 0.7846
vn -0.1518 -0.0788 0.9853
vn 0.1216 -0.0736 0.9899
vn -0.7097 0.7032 0.0431
vn 0.8849 0.4631 0.0493
vn 0.4287 0.9002 0.0760
vn -0.7095 0.7034 0.0430
vn -0.9999 -0.0019 -0.0156
vn -0.9997 -0.0181 -0.0167
vn -0.0144 -0.1185 0.9929
vn 0.9919 -0.1270 0.0054
vn 0.0165 0.0142 -0.9998
vn 0.9627 -0.2705 -0.0061
vn 0.9627 -0.2706 -0.0061
vn -0.0139 -0.1393 0.9902
vn -0.0139 -0.1392 0.9902
vn -0.0144 -0.1185 0.9928
vn -0.9993 -0.0342 -0.0180
vn -0.9993 -0.0342 -0.0179
vn -0.4680 0.8231 0.3216
vn 0.3710 0.4326 0.8217
vn 0.6403 0.7236 -0.2580
vn -0.3018 0.6843 -0.6638
vn 0.4584 0.1831 -0.8697
vn -0.7351 0.5448 -0.4035
vn -0.3857 0.2668 0.8832
vn 0.8862 0.0362 0.4618
vn 0.6243 0.7698 0.1325
vn 0.6219 0.4617 0.6325
vn -0.0256 0.7482 0.6630
vn -0.0182 0.9980 -0.0605
vn 0.6366 0.6342 -0.4389
vn -0.0002 0.6632 -0.7485
vn 0.6514 0.1343 -0.7468
vn 0.0179 -0.0601 -0.9980
vn 0.6601 -0.4370 -0.6110
vn 0.0256 -0.7482 -0.6630
vn 0.6577 -0.7451 -0.1109
vn 0.0182 -0.9980 0.0605
vn 0.6455 -0.6095 0.4604
vn 0.0002 -0.6632 0.7485
vn 0.6306 -0.1096 0.7683
vn -0.0179 0.0602 0.9980
vn -0.7502 0.0263 0.6606
vn -0.4220 -0.2017 0.8839
vn -0.4332 0.4849 0.7598
vn -0.7554 0.4903 0.4347
vn -0.4312 0.8827 0.1866
vn -0.7505 0.6588 -0.0532
vn -0.4173 0.7588 -0.5001
vn -0.7383 0.4330 -0.5172
vn -0.3996 0.1858 -0.8977
vn -0.7261 -0.0548 -0.6854
vn -0.3884 -0.5007 -0.7736
vn -0.7209 -0.5188 -0.4595
vn -0.3903 -0.8986 -0.2004
vn -0.7259 -0.6873 0.0284
vn -0.4043 -0.7747 0.4862
vn -0.7380 -0.4614 0.4924
vn -0.6135 0.4717 0.6333
vn -0.6046 -0.1247 0.7867
vn 0.6280 0.0167 0.7780
vn 0.6214 0.5580 0.5500
vn -0.5891 -0.6548 0.4734
vn 0.6422 -0.5271 0.5565
vn -0.5761 -0.8081 -0.1230
vn 0.6557 -0.7548 0.0154
vn -0.5732 -0.4947 -0.6532
vn 0.6606 -0.5332 -0.5285
vn -0.5822 0.1018 -0.8067
vn 0.6539 0.0080 -0.7565
vn -0.5977 0.6319 -0.4934
vn 0.6397 0.5518 -0.5350
vn -0.6106 0.7852 0.1031
vn 0.6263 0.7796 0.0062
vn -0.6067 -0.0217 0.7946
vn -0.6139 0.5502 0.5660
vn -0.5917 -0.5876 0.5519
vn -0.5777 -0.8160 -0.0199
vn -0.5729 -0.5731 -0.5859
vn -0.5801 -0.0012 -0.8145
vn -0.5951 0.5647 -0.5718
vn -0.6091 0.7931 -0.0000
vn -0.4290 -0.1393 -0.8925
vn 0.3963 0.5011 -0.7693
vn 0.6689 -0.5756 -0.4704
vn -0.2774 -0.9211 -0.2731
vn 0.4586 -0.8381 0.2952
vn -0.7141 -0.6322 -0.3006
vn -0.3662 0.6262 -0.6883
vn 0.8909 0.3947 -0.2249
vn -0.4422 -0.7097 0.5484
vn 0.4112 -0.9110 -0.0326
vn 0.6392 -0.1103 0.7611
vn -0.3195 0.2195 0.9218
vn 0.4243 0.6809 0.5970
vn -0.7434 0.0450 0.6674
vn -0.3444 -0.9142 -0.2133
vn 0.9052 -0.3792 -0.1918
vn 0.0154 0.0768 -0.9969
vn 0.0154 0.0769 -0.9969
vn 0.0141 0.0777 -0.9969
vn 0.0103 0.0807 -0.9967
vn 0.0128 0.0786 -0.9968
vn 0.0153 0.0767 -0.9969
vn 0.0173 0.0769 -0.9969
vn 0.0155 0.0770 -0.9969
vn 0.0232 0.0768 -0.9968
vn 0.0174 0.0769 -0.9969
vn 0.0155 0.0771 -0.9969
vn -0.8600 0.5097 0.0259
vn -0.8604 0.5086 0.0329
vn 0.8597 -0.5097 -0.0336
vn 0.8600 -0.5097 -0.0261
vn -0.9199 0.3919 0.0161
vn -0.9199 0.3919 0.0159
vn 0.9198 -0.3921 -0.0160
vn 0.9198 -0.3920 -0.0161
vn -0.9560 0.2932 0.0077
vn 0.9560 -0.2933 -0.0078
vn -0.9858 0.1676 -0.0035
vn -0.9858 0.1676 -0.0030
vn -0.9858 0.1676 -0.0029
vn -0.9858 0.1676 -0.0024
vn 0.9860 -0.1666 0.0016
vn 0.9860 -0.1667 0.0025
vn 0.4466 0.8312 0.3312
vn 0.3024 0.7242 -0.6197
vn -0.4813 0.8530 -0.2019
vn -0.3299 0.6081 0.7221
vn 0.3566 0.3372 0.8713
vn -0.7717 0.4560 0.4433
vn 0.7510 0.5496 -0.3660
vn -0.3729 0.4514 -0.8107
vn -0.0256 0.7377 0.6747
vn 0.0119 0.2284 -0.9735
vn 0.0182 -0.0764 -0.9969
vn 0.0247 -0.5538 -0.8323
vn 0.0256 -0.7377 -0.6747
vn 0.0250 -0.8718 -0.4891
vn 0.0068 -0.8325 0.5540
vn 0.0122 -0.9366 0.3502
vn 0.0006 -0.6749 0.7379
vn 0.0068 -0.8324 0.5541
vn -0.0119 -0.2284 0.9735
vn -0.0182 0.0764 0.9969
vn -0.0244 0.5266 0.8497
vn 0.8931 0.4487 -0.0304
vn 0.5594 0.6425 0.5237
vn 0.7716 0.1530 0.6174
vn 0.9886 -0.1166 -0.0949
vn 0.7123 0.1905 -0.6755
vn 0.6326 -0.3451 -0.6934
vn 0.1254 0.0758 -0.9892
vn -0.1290 -0.4329 -0.8922
vn -0.5693 0.1218 -0.8130
vn -0.7696 -0.3117 -0.5573
vn -0.9033 0.3360 -0.2668
vn -0.9865 -0.0469 0.1568
vn -0.7222 0.5739 0.3862
vn -0.6305 0.1863 0.7535
vn -0.1356 0.7089 0.6922
vn 0.1311 0.2693 0.9541
vn -0.8986 0.3847 -0.2110
vn -0.4381 -0.8125 0.3845
vn -0.8897 -0.4192 0.1809
vn -0.4560 0.7952 -0.3995
vn 0.4382 0.8125 -0.3845
vn 0.8897 0.4193 -0.1809
vn 0.0100 -0.8988 0.4383
vn 0.0099 -0.8988 0.4383
vn -0.0251 0.3031 0.9526
vn -0.0265 0.2767 0.9606
vn -0.0241 0.3132 0.9494
vn 0.7894 0.4940 -0.3645
vn 0.5335 0.3957 -0.7475
vn 0.5585 0.3348 -0.7589
vn 0.8732 0.4391 -0.2112
vn -0.5183 -0.1988 -0.8318
vn -0.5890 -0.2574 -0.7661
vn -0.7686 -0.3753 -0.5181
vn -0.7697 -0.3753 -0.5164
vn -0.5184 -0.1988 -0.8317
vn 0.7334 0.5065 -0.4533
vn 0.5198 0.3937 -0.7582
vn 0.5336 0.3957 -0.7475
vn 0.7549 0.5497 -0.3577
vn -0.1822 0.0859 -0.9795
vn -0.7279 0.1998 -0.6560
vn -0.0637 0.0901 -0.9939
vn -0.7596 -0.3647 -0.5385
vn -0.7735 -0.3668 -0.5169
vn -0.8061 0.5412 -0.2394
vn -0.7279 0.1999 -0.6559
vn -0.6960 0.0439 -0.7167
vn -0.8203 0.4956 -0.2855
vn -0.7978 -0.2636 -0.5423
vn -0.5799 -0.1859 -0.7932
vn -0.7751 -0.2945 -0.5590
vn 0.0643 0.1831 -0.9810
vn 0.0025 0.6417 -0.7670
vn 0.0293 0.5564 -0.8304
vn -0.1068 0.2683 -0.9574
vn 0.0116 0.2419 -0.9702
vn -0.0102 0.9259 -0.3777
vn -0.0106 0.9287 -0.3706
vn 0.0253 -0.8511 -0.5244
vn 0.0232 -0.9595 -0.2809
vn 0.0252 -0.8511 -0.5244
vn 0.0247 -0.5612 -0.8273
vn 0.0234 -0.4231 -0.9058
vn 0.0147 0.1054 -0.9943
vn -0.0050 0.7915 -0.6112
vn -0.0033 0.6053 -0.7960
vn -0.0021 0.7166 -0.6975
vn 0.7779 0.5985 -0.1915
vn 0.8006 0.5500 -0.2378
vn 0.7920 0.5844 -0.1768
vn -0.0131 0.4480 -0.8940
vn -0.1837 0.4510 -0.8734
vn 0.0765 0.3776 -0.9228
vn 0.0110 0.2689 -0.9631
vn -0.2585 0.4166 -0.8715
vn 0.0021 0.5930 -0.8052
vn 0.9245 0.3658 -0.1071
vn 0.9397 0.2918 -0.1783
vn 0.8006 0.5499 -0.2378
vn 0.8601 0.4605 -0.2194
vn -0.0166 0.9885 -0.1500
vn -0.0102 0.9259 -0.3776
vn -0.0147 0.9904 -0.1376
vn 0.0033 0.5538 -0.8326
vn 0.0034 0.5517 -0.8340
vn 0.0006 0.6377 -0.7703
vn 0.0088 0.3581 -0.9336
vn 0.0159 0.0470 -0.9988
vn 0.0180 -0.0627 -0.9979
vn 0.0140 0.1359 -0.9906
vn 0.0069 0.4297 -0.9030
vn 0.0060 0.4604 -0.8877
vn -0.6191 0.7836 0.0510
vn -0.9673 0.2535 0.0047
vn 0.4937 0.8665 0.0744
vn -0.4937 -0.8665 -0.0744
vn -0.0181 -0.0822 0.9965
vn 0.8688 -0.4946 -0.0249
vn 0.8687 -0.4946 -0.0248
vn 0.0124 0.0716 -0.9974
vn -0.8686 0.4949 0.0249
vn -0.8686 0.4948 0.0249
vn -0.9851 -0.1697 -0.0282
vn -0.9093 -0.4136 -0.0458
vn 0.0647 0.1810 -0.9814
vn 0.0200 0.0515 -0.9985
vn -0.9316 0.3631 0.0137
vn -0.9963 0.0853 -0.0087
vn -0.9999 0.0026 -0.0151
vn -0.7886 0.6138 0.0353
vn -0.9512 0.3084 0.0092
vn -0.7886 0.6139 0.0353
vn -0.9316 0.3631 0.0138
vn -0.5620 0.8253 0.0551
vn 0.6659 -0.1938 0.7204
vn 0.9850 -0.1723 0.0017
vn 0.7054 0.7058 0.0653
vn -0.4239 0.9035 0.0632
vn -0.9812 0.1916 -0.0238
vn -0.9796 0.1956 -0.0470
vn -0.9823 0.1874 -0.0006
vn -0.9812 0.1915 -0.0238
vn -0.8674 -0.4939 -0.0602
vn -0.8679 -0.4922 -0.0674
vn -0.9896 -0.1399 -0.0321
vn -0.9526 0.3042 0.0100
vn -0.4593 0.8861 0.0622
vn -0.6324 0.7730 0.0515
vn -0.6230 0.7805 0.0509
vn -0.9145 0.4043 0.0129
vn -0.9648 -0.2611 -0.0314
vn -0.8364 -0.5456 -0.0525
vn -0.4505 -0.8899 -0.0714
vn -0.1903 -0.9817 -0.0012
vn 0.9999 -0.0049 0.0149
vn 0.5757 -0.8159 -0.0541
vn 0.9412 -0.3038 0.1479
vn 0.9069 -0.3996 -0.1333
vn 0.3893 -0.9188 -0.0649
vn 0.5745 -0.8167 -0.0542
vn 0.9078 -0.4189 -0.0184
vn -0.0229 -0.0776 0.9967
vn -0.0198 -0.0805 0.9966
vn -0.0306 -0.0783 0.9965
vn -0.0370 -0.0726 0.9967
vn 0.7411 -0.0980 -0.6642
vn 0.9144 -0.1885 -0.3582
vn 0.9238 -0.1446 -0.3546
vn 0.9238 -0.1446 -0.3545
vn 0.9850 -0.1723 0.0018
vn 0.7054 0.7058 0.0652
vn -0.9819 0.1879 0.0230
vn -0.4239 0.9035 0.0631
vn -0.9810 0.1884 0.0466
vn -0.8677 -0.4952 -0.0426
vn -0.9525 0.3043 0.0077
vn -0.9898 -0.1408 -0.0199
vn -0.8683 -0.4947 -0.0353
vn -0.5743 0.8169 0.0530
vn -0.5743 0.8169 0.0528
vn -0.8087 0.5872 0.0344
vn -0.8087 0.5872 0.0329
vn -0.8372 -0.5439 -0.0571
vn -0.9657 -0.2571 -0.0370
vn -0.1879 -0.9698 -0.1552
vn -0.4504 -0.8893 -0.0796
vn 0.8610 0.1748 -0.4776
vn 0.8509 0.0806 -0.5190
vn 0.8340 0.0086 0.5517
vn 0.8405 0.1267 0.5268
vn 0.9465 -0.0106 -0.3227
vn 0.9034 -0.1305 0.4084
vn 0.8612 0.1797 -0.4754
vn 0.8876 0.0922 0.4513
vn 0.5617 -0.0351 0.8266
vn 0.5399 0.0111 0.8417
vn 0.5433 -0.1218 0.8307
vn 0.5457 0.0392 0.8370
vn 0.6402 0.5844 0.4987
vn 0.9107 0.3636 0.1961
vn 0.4108 0.8498 0.3302
vn 0.4902 0.4773 0.7293
vn 0.3139 -0.7939 0.5207
vn 0.8045 -0.4876 0.3391
vn 0.7645 -0.3729 0.5258
vn 0.7674 -0.3720 0.5222
vn 0.2241 -0.2687 0.9368
vn 0.5960 0.0761 0.7993
vn 0.2029 -0.0455 0.9781
vn 0.2241 -0.2686 0.9368
vn 0.5244 0.0643 0.8490
vn 0.5374 -0.0177 0.8431
vn 0.2942 -0.2237 0.9292
vn 0.2941 -0.2237 0.9292
vn 0.6039 0.0129 0.7969
vn 0.3094 0.7535 0.5800
vn 0.3758 0.3096 0.8734
vn 0.7793 0.2573 0.5714
vn 0.5577 0.2412 0.7942
vn 0.3094 0.7536 0.5800
vn -0.1737 0.9600 0.2194
vn -0.0777 0.7836 0.6164
vn 0.3436 0.8796 0.3291
vn 0.5425 -0.7879 0.2914
vn 0.8198 -0.5257 0.2272
vn -0.0222 0.3268 0.9448
vn -0.0136 -0.1536 0.9880
vn 0.0880 -0.1406 0.9862
vn -0.0386 -0.6449 0.7633
vn 0.5175 -0.3673 0.7728
vn -0.7107 -0.2558 0.6553
vn -0.3757 -0.6964 0.6115
vn -0.5873 -0.6424 0.4923
vn 0.5933 0.7561 0.2761
vn 0.5623 0.7662 0.3110
vn 0.3437 0.8795 0.3291
vn -0.3088 -0.9061 0.2893
vn -0.9489 -0.2837 0.1384
vn -0.8855 -0.4447 0.1345
vn -0.8588 -0.5025 0.1000
vn 0.5652 0.1388 -0.8132
vn 0.5867 0.0908 -0.8047
vn 0.5686 0.0057 -0.8226
vn 0.5709 0.1658 -0.8041
vn 0.6537 0.6524 -0.3835
vn 0.5110 0.5823 -0.6323
vn 0.4011 0.8946 -0.1970
vn 0.4360 0.8838 -0.1695
vn 0.6536 0.6525 -0.3835
vn 0.3315 -0.7054 -0.6265
vn 0.2531 -0.1224 -0.9597
vn 0.7838 -0.2893 -0.5495
vn 0.7810 -0.2897 -0.5533
vn 0.8156 -0.4317 -0.3852
vn 0.3013 0.1060 -0.9476
vn 0.6199 0.1963 -0.7597
vn 0.5498 0.1925 -0.8128
vn 0.2531 -0.1223 -0.9597
vn 0.2333 -0.1246 -0.9644
vn 0.5339 0.1274 -0.8359
vn 0.6299 0.1128 -0.7684
vn 0.3014 0.1060 -0.9476
vn 0.7957 0.3401 -0.5012
vn 0.4015 0.4390 -0.8038
vn 0.3252 0.8328 -0.4480
vn 0.3252 0.8329 -0.4479
vn 0.5810 0.3588 -0.7305
vn -0.1921 0.9631 -0.1885
vn 0.3252 0.8328 -0.4479
vn -0.0608 0.8690 -0.4911
vn -0.1438 0.9888 0.0398
vn 0.8078 -0.5028 -0.3077
vn 0.8156 -0.4317 -0.3851
vn 0.8276 -0.4865 -0.2800
vn 0.0058 0.4679 -0.8838
vn 0.1413 0.1014 -0.9848
vn 0.0188 -0.1140 -0.9933
vn 0.4218 -0.3300 -0.8445
vn 0.0246 -0.5475 -0.8364
vn -0.6898 -0.1507 -0.7081
vn -0.4151 -0.5443 -0.7290
vn -0.5705 -0.5580 -0.6027
vn 0.5697 0.8036 -0.1726
vn 0.5997 0.7881 -0.1387
vn -0.9308 -0.2993 -0.2100
vn -0.6898 -0.1507 -0.7082
vn -0.9227 -0.3025 -0.2389
vn -0.6898 -0.1506 -0.7081
vn -0.9545 -0.2141 -0.2078
vn -0.9554 -0.2217 -0.1949
vn 0.1856 0.8491 0.4945
vn 0.2903 0.8741 0.3896
vn 0.8330 0.3411 0.4356
vn 0.5382 0.1938 0.8202
vn -0.2076 0.6816 0.7016
vn -0.1637 -0.0903 0.9824
vn -0.6032 0.4171 0.6799
vn -0.8035 -0.2714 0.5298
vn -0.8338 -0.3419 -0.4335
vn -0.5317 -0.1915 -0.8250
vn -0.7119 -0.2803 -0.6440
vn -0.8360 -0.3496 -0.4229
vn 0.1619 0.0867 -0.9830
vn -0.0994 -0.0131 -0.9950
vn 0.6204 0.2421 -0.7460
vn 0.7548 0.2430 -0.6093
vn -0.6803 0.7306 0.0574
vn -0.3033 0.9504 0.0686
vn -0.0508 0.7931 0.6070
vn -0.8626 0.0621 0.5021
vn -0.4386 0.8943 0.0884
vn -0.4105 0.9054 0.1082
vn -0.6032 0.4171 0.6798
vn -0.3365 0.9406 0.0446
vn -0.3370 0.9404 0.0451
vn -0.2076 0.6816 0.7017
vn -0.3866 0.9213 0.0426
vn -0.3878 0.9210 0.0372
vn -0.0362 0.5629 0.8257
vn 0.2300 0.6685 0.7073
vn 0.0458 0.8563 0.5145
vn 0.1885 0.8715 0.4528
vn 0.8424 0.3960 -0.3654
vn 0.0795 0.8702 -0.4862
vn 0.7303 0.3727 -0.5725
vn 0.8475 0.4086 -0.3389
vn -0.3583 0.7134 -0.6023
vn 0.1323 0.1663 -0.9772
vn -0.4775 0.7404 -0.4731
vn -0.7448 -0.1534 -0.6495
vn -0.6506 -0.3482 0.6749
vn -0.6492 -0.3438 0.6785
vn -0.8438 -0.3962 0.3620
vn -0.8477 -0.4084 0.3386
vn -0.6506 -0.3483 0.6748
vn -0.1241 -0.1634 0.9787
vn 0.1332 -0.0644 0.9890
vn -0.2434 0.9691 0.0392
vn -0.8887 0.1831 -0.4204
vn -0.0342 0.8769 -0.4795
vn -0.3032 0.9505 0.0687
vn -0.4092 0.9122 0.0195
vn -0.4378 0.8983 0.0365
vn -0.3377 0.9370 0.0893
vn -0.3372 0.9371 0.0900
vn -0.0272 0.9778 -0.2077
vn -0.3887 0.9167 0.0927
vn -0.3873 0.9178 0.0873
vn -0.3584 0.7133 -0.6023
vn -0.2559 0.5792 -0.7740
vn 0.2498 0.7685 -0.5890
vn 0.9207 0.2950 0.2555
vn 0.8788 0.4427 0.1780
vn 0.0155 0.0769 -0.9969
vn -0.0204 -0.0253 0.9995
vn -0.0177 -0.1396 0.9901
vn -0.0216 -0.0709 0.9972
vn 0.0129 0.0177 -0.9998
vn 0.0088 0.0829 -0.9965
vn 0.0290 -0.9967 -0.0764
vn -0.3278 -0.9415 -0.0776
vn 0.9998 -0.0170 0.0140
vn 0.9931 -0.1172 0.0061
vn 0.6198 -0.7831 -0.0509
vn 0.6672 -0.4325 -0.6065
vn 0.8122 0.1712 -0.5577
vn 0.4865 0.7007 -0.5218
vn 0.1163 0.9901 0.0781
vn -0.1189 0.8459 -0.5199
vn -0.6495 0.5219 -0.5530
vn -0.9931 0.1172 -0.0062
vn -0.7945 -0.0817 -0.6018
vn -0.4688 -0.6113 -0.6377
vn -0.1164 -0.9901 -0.0782
vn 0.1365 -0.7565 -0.6396
vn 0.0977 0.9922 0.0780
vn 0.6679 0.7412 0.0674
vn -0.6148 0.7870 0.0513
vn -0.9813 0.1927 -0.0002
vn -0.9437 -0.3283 -0.0398
vn -0.7603 -0.6466 -0.0616
vn 0.1407 -0.9873 -0.0737
vn 0.6533 -0.7558 -0.0448
vn 0.8316 -0.5547 -0.0277
vn 0.8806 -0.4733 -0.0215
vn 0.6678 0.7413 0.0674
vn -0.0670 -0.0502 -0.9965
vn -0.0485 -0.0372 -0.9981
vn -0.0242 0.0718 -0.9971
vn -0.0222 0.0620 -0.9978
vn 0.0098 0.1311 -0.9913
vn -0.1520 -0.8017 -0.5781
vn 0.0177 -0.0496 -0.9986
vn 0.0126 0.2022 -0.9793
vn -0.0021 -0.1290 -0.9916
vn 0.0195 -0.1515 -0.9883
vn 0.0116 0.2423 -0.9701
vn 0.0193 -0.1357 -0.9906
vn -0.0121 0.9355 -0.3532
vn -0.0067 0.8312 -0.5559
vn -0.0006 0.6742 -0.7386
vn 0.0177 -0.0504 -0.9986
vn 0.0117 0.2394 -0.9709
vn 0.9997 0.0192 0.0168
vn -0.9997 -0.0192 -0.0169
vn -0.0251 0.8684 0.4952
vn 0.0121 -0.9354 0.3534
vn -0.0225 0.3514 0.9359
vn -0.0052 -0.4894 0.8721
vn 0.4655 0.7417 -0.4829
vn 0.4324 0.8557 -0.2842
vn 0.9025 0.4133 -0.1212
vn 0.4316 0.8559 -0.2848
vn 0.4834 0.1678 -0.8592
vn 0.4554 0.3906 -0.8000
vn 0.4553 0.3906 -0.8001
vn 0.4655 0.7417 -0.4830
vn 0.5255 -0.4506 -0.7217
vn 0.5406 -0.2319 -0.8087
vn 0.4589 -0.3059 -0.8342
vn 0.4833 0.1677 -0.8592
vn 0.4853 -0.7685 -0.4170
vn 0.4653 -0.7843 -0.4103
vn 0.5050 -0.7522 -0.4234
vn 0.5254 -0.4506 -0.7217
vn -0.0830 -0.7336 -0.6744
vn -0.0840 -0.5517 -0.8298
vn -0.0778 -0.8674 -0.4914
vn -0.0776 -0.8672 -0.4919
vn -0.0929 -0.0991 -0.9907
vn -0.0996 0.1776 -0.9791
vn -0.0638 0.2314 -0.9708
vn -0.0852 0.2532 -0.9637
vn -0.0069 -0.4275 0.9040
vn -0.0320 -0.2796 0.9596
vn -0.0177 0.0496 0.9986
vn -0.0185 0.0907 0.9957
vn -0.0216 0.2839 0.9586
vn -0.0177 0.0497 0.9986
vn -0.0106 -0.2860 0.9582
vn -0.0250 0.8739 0.4855
vn -0.0247 0.5549 0.8316
vn -0.0256 0.7396 0.6726
vn -0.0256 0.7397 0.6725
vn -0.0125 -0.2029 0.9791
vn -0.0184 0.0877 0.9960
vn 0.9997 0.0191 0.0167
vn 0.9997 0.0194 0.0168
vn 0.9997 0.0193 0.0169
vn 0.9997 0.0193 0.0167
vn -0.9997 -0.0194 -0.0168
vn -0.9997 -0.0194 -0.0167
vn -0.9997 -0.0192 -0.0168
vn -0.0122 0.9370 -0.3492
vn 0.0250 -0.8741 -0.4851
vn 0.0052 0.4908 -0.8712
vn 0.0052 0.4909 -0.8712
vn 0.0225 -0.3499 -0.9365
vn 0.4494 0.6608 0.6012
vn 0.4221 0.8042 0.4184
vn 0.4205 0.8044 0.4197
vn 0.4494 0.6608 0.6011
vn 0.4566 0.0330 0.8890
vn 0.4298 0.2623 0.8640
vn 0.4299 0.2623 0.8640
vn 0.5043 -0.5593 0.6579
vn 0.4566 0.0329 0.8891
vn 0.4340 -0.4313 0.7910
vn 0.5163 -0.3545 0.7796
vn 0.4917 -0.8136 0.3103
vn 0.5043 -0.5594 0.6578
vn 0.4556 -0.8406 0.2930
vn -0.1018 -0.8315 0.5461
vn -0.0907 -0.9355 0.3415
vn -0.0903 -0.9352 0.3424
vn -0.1019 -0.8315 0.5461
vn -0.1079 -0.4888 0.8657
vn -0.1272 0.2802 0.9515
vn -0.1151 0.1027 0.9880
vn -0.0320 -0.2795 0.9596
vn -0.0133 -0.1696 0.9854
vn -0.0991 -0.0783 0.9920
vn -0.1150 0.1026 0.9880
vn 0.9025 0.4134 -0.1211
vn 0.9025 0.4134 -0.1212
vn 0.2496 0.9652 0.0783
vn 0.2508 0.9650 0.0774
vn 0.0340 0.9965 0.0765
vn -0.1847 0.9801 0.0728
vn -0.9981 -0.0510 -0.0346
vn -0.9986 -0.0534 -0.0040
vn -0.9992 -0.0371 0.0149
vn -0.9998 -0.0065 0.0173
vn -0.9999 0.0124 0.0010
vn -0.9995 0.0148 -0.0295
vn -0.9988 -0.0015 -0.0485
vn -0.9982 -0.0320 -0.0508
vn -0.0273 0.3691 0.9290
vn -0.0252 0.4834 0.8751
vn -0.9986 0.0535 -0.0012
vn 0.9818 0.1826 0.0514
vn -0.0223 0.3332 0.9426
vn -0.0158 -0.2771 0.9607
vn -0.0000 0.6562 -0.7546
vn 0.0068 0.5863 -0.8101
vn -0.0005 0.7024 -0.7118
vn -0.0225 0.3485 0.9371
vn 0.9834 -0.1815 0.0010
vn 0.9834 -0.1815 0.0011
vn 0.9834 -0.1816 0.0011
vn 0.9834 -0.1814 0.0011
vn 0.9834 -0.1813 0.0010
vn 0.9834 -0.1813 0.0011
vn -0.9816 0.1911 -0.0003
vn -0.0855 -0.0214 0.9961
vn -0.0193 0.3492 -0.9368
vn -0.0503 0.0493 -0.9975
vn -0.0486 0.2015 0.9783
vn -0.0807 -0.1041 0.9913
vn -0.0551 0.1318 -0.9897
vn 0.0140 -0.2156 0.9764
vn -0.0981 0.0249 -0.9949
vn -0.1863 0.9795 0.0763
vn 0.9887 0.1385 0.0573
vn 0.9980 0.0137 0.0618
vn -0.9511 -0.2454 0.1874
vn -0.9939 -0.1068 0.0267
vn 0.9960 0.0529 0.0724
vn 0.9973 -0.0070 0.0732
vn 0.9976 -0.0353 0.0596
vn 0.9982 -0.0544 0.0265
vn 0.9980 0.0136 0.0618
vn 0.6887 0.4353 0.5799
vn 0.6224 0.7233 0.2991
vn 0.6270 0.7420 0.2375
vn -0.2551 0.9134 -0.3172
vn 0.2508 0.9649 0.0773
vn 0.2519 0.9649 0.0747
vn -0.0121 0.9352 -0.3540
vn -0.1665 -0.7303 0.6626
vn 0.0121 -0.9352 0.3540
vn -0.3577 -0.8032 0.4764
vn -0.3500 -0.9231 0.1594
vn -0.1502 -0.9885 -0.0201
vn 0.1888 -0.9819 -0.0144
vn 0.3798 -0.9090 0.1717
vn 0.3721 -0.7891 0.4886
vn 0.1722 -0.7237 0.6683
vn -0.9444 -0.2116 -0.2517
vn 0.9976 0.0611 -0.0331
vn 0.9991 0.0020 -0.0430
vn 0.9990 -0.0281 -0.0340
vn 0.9986 -0.0520 -0.0041
vn 0.9397 0.2917 -0.1784
vn 0.9954 -0.0247 -0.0922
vn 0.6295 0.7592 -0.1656
vn 0.9672 -0.2542 -0.0048
vn 0.0217 -0.9937 -0.1100
vn -0.3278 -0.9415 -0.0777
vn 0.6818 -0.4415 0.5834
vn 0.9078 -0.2540 0.3339
vn 0.8268 0.0825 0.5564
vn -0.4644 -0.8503 0.2476
vn 0.9465 -0.0107 -0.3226
vn 0.9325 -0.2764 -0.2323
vn -0.3417 -0.8027 -0.4889
vn 0.9364 0.0579 -0.3462
vn 0.4217 -0.3300 -0.8446
vn -0.2271 -0.8830 -0.4108
vn -0.8946 -0.4442 -0.0479
vn -0.5374 -0.8401 -0.0730
vn -0.8947 -0.4441 -0.0480
vn -0.8947 -0.4442 -0.0480
vn 0.3551 0.0327 0.9343
vn 0.1333 -0.0644 0.9890
vn 0.8057 0.1706 0.5672
vn 0.5631 -0.8228 -0.0768
vn 0.5220 -0.8510 -0.0576
vn 0.0107 0.0573 -0.9983
vn -0.0199 -0.0964 0.9951
vn -0.9939 -0.1067 0.0267
vn -0.9939 -0.1067 0.0266
vn -0.9899 -0.1394 0.0237
vn -0.9921 -0.1245 0.0126
vn -0.9939 -0.1068 0.0266
vn -0.9720 -0.2072 0.1107
vn 0.0476 0.2285 0.9724
vn 0.9909 0.1323 0.0253
vn 0.1027 0.9863 0.1291
vn 0.1043 0.9942 0.0268
vn 0.0328 0.9984 -0.0467
vn -0.0205 0.9969 0.0765
vn -0.0698 0.9964 -0.0484
vn -0.1434 0.9894 0.0227
vn -0.1449 0.9815 0.1250
vn -0.0206 0.9968 0.0766
vn -0.0735 0.9773 0.1985
vn -0.0205 0.9968 0.0766
vn 0.0291 0.9793 0.2002
vn -0.1683 -0.8785 -0.4471
vn -0.1798 -0.9363 0.3018
vn -0.1988 -0.4478 0.8718
vn -0.2142 0.3009 0.9293
vn -0.2170 0.8711 0.4406
vn -0.2056 0.9289 -0.3082
vn -0.1866 0.4403 -0.8783
vn -0.1712 -0.3083 -0.9357
vn -0.0639 0.2088 0.9759
vn -0.0639 0.2087 0.9759
vn -0.7432 0.0268 0.6685
vn 0.6531 0.2677 0.7084
vn -0.9884 -0.1318 -0.0749
vn -0.9910 -0.1188 -0.0617
vn -0.9812 -0.1702 -0.0906
vn 0.0767 0.3748 -0.9239
vn -0.9846 -0.1747 0.0076
vn -0.9831 -0.1798 0.0335
vn -0.9677 -0.1855 -0.1707
vn -0.9835 -0.1692 -0.0642
vn 0.0374 0.1249 -0.9915
vn -0.1902 -0.9817 -0.0012
vn 0.0967 -0.9852 0.1418
vn 0.7053 0.7059 0.0652
vn 0.8173 -0.3834 -0.4301
vn 0.9759 -0.0298 -0.2163
vn 0.0070 -0.0287 0.9996
vn 0.1033 -0.9520 -0.2882
vn -0.1879 -0.9699 -0.1552
vn 0.7053 0.7058 0.0655
vn 0.8047 -0.4467 0.3909
vn 0.5220 -0.8510 -0.0577
vn 0.4824 -0.8709 -0.0941
vn 0.4743 -0.8728 -0.1152
vn 0.4726 -0.8813 -0.0056
vn 0.5665 -0.8201 -0.0813
vn 0.5221 -0.8510 -0.0577
vn 0.5657 -0.8241 -0.0282
vn 0.5221 -0.8510 -0.0576
vn 0.9831 0.1197 -0.1386
vn -0.4420 -0.8838 -0.1532
vn -0.7446 -0.6287 -0.2242
vn -0.5705 -0.5580 -0.6026
vn -0.9971 -0.0499 -0.0570
vn -0.9999 -0.0066 -0.0158
vn -0.9975 -0.0278 -0.0647
vn -0.9979 0.0061 -0.0649
vn -0.9977 -0.0646 -0.0218
vn -0.9982 0.0319 -0.0509
vn -0.9969 0.0783 -0.0092
vn -0.9983 -0.0557 0.0183
vn -0.9990 -0.0351 0.0293
vn -0.9994 -0.0016 0.0346
vn -0.9977 -0.0648 -0.0187
vn -0.9994 0.0260 0.0248
vn -0.9540 -0.2853 0.0916
vn 0.7940 0.2863 -0.5363
vn 0.9547 0.2788 -0.1041
vn 0.9530 0.3007 0.0377
vn 0.9547 0.2787 -0.1042
vn 0.7548 0.2429 -0.6093
vn 0.9367 0.2510 -0.2439
vn 0.3745 0.0310 0.9267
vn -0.9516 -0.3057 -0.0316
vn -0.8887 0.1831 -0.4203
vn -0.9307 -0.2207 -0.2917
vn 0.9418 0.1954 0.2734
vn 0.8057 0.1705 0.5672
vn 0.9530 0.3007 0.0378
vn 0.9283 0.2085 0.3080
vn 0.4813 -0.8762 -0.0259
vn 0.5624 -0.8262 -0.0332
vn 0.9960 -0.0892 0.0084
vn 0.9257 -0.3109 0.2154
vn 0.9034 -0.1306 0.4083
vn 0.7002 -0.3484 -0.6232
vn 0.9253 0.0019 0.3793
vn 0.8431 0.1649 -0.5118
vn 0.9897 0.1433 -0.0053
vn 0.9990 0.0426 0.0117
vn 0.9207 0.2950 0.2554
vn 0.9988 0.0416 0.0253
vn 0.9922 -0.0408 0.1175
vn 0.7050 0.5174 -0.4851
vn 0.4444 0.8948 0.0434
vn 0.4434 0.8898 0.1078
vn 0.6269 0.7420 0.2375
vn -0.1283 -0.1277 0.9835
vn 0.0443 -0.0634 -0.9970
vn 0.0167 0.1257 -0.9919
vn 0.1322 0.2372 0.9624
vn -0.0268 -0.0702 0.9972
vn -0.0362 -0.0695 0.9969
vn -0.1190 -0.3116 -0.9427
vn 0.9144 -0.1885 -0.3581
vn 0.1609 0.3817 -0.9102
vn -0.1469 -0.4522 0.8797
vn -0.3278 -0.9416 -0.0777
vn 0.0207 -0.9989 -0.0431
vn 0.0215 -0.9968 -0.0766
vn -0.2668 0.8546 0.4456
vn 0.7767 0.1988 0.5977
vn 0.7548 0.2430 -0.6092
vn 0.9493 0.2328 -0.2114
vn 0.9181 -0.2019 -0.3411
vn -0.0171 -0.0278 0.9995
vn 0.0216 -0.9968 -0.0771
vn 0.0216 -0.9969 -0.0760
vn 0.2517 0.9643 0.0818
vn -0.1862 0.9801 0.0691
vt 0.948521 -0.656702
vt 0.937660 -0.652259
vt 0.937660 -0.621605
vt 0.948521 -0.627665
vt 0.113397 -0.150579
vt 0.439602 -0.150579
vt 0.439602 -0.154687
vt 0.113397 -0.154687
vt 0.439602 -0.164323
vt 0.113397 -0.164323
vt 0.113397 -0.175193
vt 0.439602 -0.175193
vt 0.439283 -0.189394
vt 0.113238 -0.187412
vt 0.439602 -0.197815
vt 0.113397 -0.193727
vt 0.111584 -0.009088
vt 0.111584 -0.017652
vt 0.201491 -0.018710
vt 0.201309 -0.010145
vt 0.111584 -0.028504
vt 0.201721 -0.028504
vt 0.111425 -0.038942
vt 0.111584 -0.045248
vt 0.437278 -0.049328
vt 0.436960 -0.040921
vt 0.089947 -0.188600
vt 0.089947 -0.175476
vt 0.089947 -0.162354
vt 0.089947 -0.156263
vt 0.081943 -0.007842
vt 0.081943 -0.013923
vt 0.111584 -0.002167
vt 0.081943 -0.027025
vt 0.081943 -0.040128
vt 0.011824 -0.004597
vt 0.011824 -0.011706
vt 0.013481 -0.160134
vt 0.013481 -0.153013
vt 0.013481 -0.175477
vt 0.013481 -0.190820
vt 0.013481 -0.197940
vt 0.089947 -0.194691
vt 0.011824 -0.042344
vt 0.011824 -0.049454
vt 0.081943 -0.046209
vt 0.011824 -0.027025
vt 0.007716 -0.005358
vt 0.007716 -0.012227
vt 0.009367 -0.160655
vt 0.009367 -0.153776
vt 0.009367 -0.175477
vt 0.009367 -0.190298
vt 0.009367 -0.197178
vt 0.007716 -0.041825
vt 0.007716 -0.048693
vt 0.007716 -0.027025
vt 0.347625 -0.018710
vt 0.343690 -0.011908
vt 0.369412 -0.011908
vt 0.374781 -0.018710
vt 0.437278 -0.015890
vt 0.437278 -0.006268
vt 0.980735 -0.516043
vt 0.980735 -0.531660
vt 0.992187 -0.534974
vt 0.992187 -0.517610
vt 0.975284 -0.235516
vt 0.975431 -0.426725
vt 0.986521 -0.426711
vt 0.986521 -0.235496
vt 0.974685 -0.220366
vt 0.985922 -0.220346
vt 0.989975 -0.264277
vt 0.989839 -0.425934
vt 0.997642 -0.425921
vt 0.997778 -0.264264
vt 0.980735 -0.498522
vt 0.992187 -0.498358
vt 0.980735 -0.462817
vt 0.992187 -0.462653
vt 0.980735 -0.446038
vt 0.992187 -0.444079
vt 0.379643 -0.026742
vt 0.437278 -0.002167
vt 0.439602 -0.202469
vt 0.113397 -0.198381
vt 0.111584 -0.049894
vt 0.437278 -0.053975
vt 0.937783 -0.817441
vt 0.925532 -0.817181
vt 0.925532 -0.616334
vt 0.439602 -0.278013
vt 0.439602 -0.286580
vt 0.919541 -0.286580
vt 0.919541 -0.278013
vt 0.439602 -0.257915
vt 0.919541 -0.257915
vt 0.522268 -0.249092
vt 0.919541 -0.249092
vt 0.524538 -0.229399
vt 0.524538 -0.243554
vt 0.919541 -0.243554
vt 0.919541 -0.229399
vt 0.919541 -0.164323
vt 0.919541 -0.154687
vt 0.919541 -0.150579
vt 0.919541 -0.223907
vt 0.522268 -0.223907
vt 0.439602 -0.223907
vt 0.439602 -0.249092
vt 0.919541 -0.207311
vt 0.439602 -0.207311
vt 0.919541 -0.175193
vt 0.519991 -0.048747
vt 0.521811 -0.058229
vt 0.437278 -0.058810
vt 0.437278 -0.129401
vt 0.916467 -0.129401
vt 0.916467 -0.137955
vt 0.437278 -0.137955
vt 0.437278 -0.109335
vt 0.916467 -0.109335
vt 0.519815 -0.100525
vt 0.916467 -0.100525
vt 0.522082 -0.080864
vt 0.916467 -0.080864
vt 0.916467 -0.094996
vt 0.522082 -0.094996
vt 0.916467 -0.002167
vt 0.916467 -0.006268
vt 0.519991 -0.040340
vt 0.437278 -0.026742
vt 0.521811 -0.026161
vt 0.532887 -0.015309
vt 0.519815 -0.075380
vt 0.916467 -0.075380
vt 0.437278 -0.075380
vt 0.437278 -0.100525
vt 0.532846 -0.071279
vt 0.609801 -0.048747
vt 0.916467 -0.049328
vt 0.916467 -0.058810
vt 0.609001 -0.058229
vt 0.609801 -0.040340
vt 0.916467 -0.040921
vt 0.607474 -0.026161
vt 0.916467 -0.026742
vt 0.597050 -0.015309
vt 0.916467 -0.015890
vt 0.916334 -0.567521
vt 0.884494 -0.567521
vt 0.884494 -0.561628
vt 0.914026 -0.556045
vt 0.916335 -0.574121
vt 0.884494 -0.574121
vt 0.916335 -0.603780
vt 0.884494 -0.603780
vt 0.916335 -0.610437
vt 0.884494 -0.610437
vt 0.916335 -0.669274
vt 0.884494 -0.669274
vt 0.884494 -0.634821
vt 0.916335 -0.634821
vt 0.884494 -0.550991
vt 0.884494 -0.545030
vt 0.916335 -0.545030
vt 0.884494 -0.627159
vt 0.913269 -0.621655
vt 0.919541 -0.189394
vt 0.621324 -0.931739
vt 0.685927 -0.931739
vt 0.687682 -0.950085
vt 0.619952 -0.950085
vt 0.678065 -0.925325
vt 0.629678 -0.925325
vt 0.685203 -0.968050
vt 0.629678 -0.968050
vt 0.919541 -0.197815
vt 0.606534 -0.071279
vt 0.884494 -0.617116
vt 0.317285 -0.437094
vt 0.317314 -0.432884
vt 0.244312 -0.434408
vt 0.244277 -0.439453
vt 0.317383 -0.422720
vt 0.244396 -0.422232
vt 0.317453 -0.412556
vt 0.244480 -0.410056
vt 0.317482 -0.408346
vt 0.244514 -0.405012
vt 0.347569 -0.428225
vt 0.347569 -0.422893
vt 0.347569 -0.430434
vt 0.347569 -0.417560
vt 0.347569 -0.415351
vt 0.126157 -0.918699
vt 0.126158 -0.911490
vt 0.138362 -0.909135
vt 0.138383 -0.918699
vt 0.103848 -0.918699
vt 0.103853 -0.911523
vt 0.081902 -0.918699
vt 0.081909 -0.911510
vt 0.063811 -0.918699
vt 0.063805 -0.911517
vt 0.035695 -0.918699
vt 0.035733 -0.907846
vt 0.007134 -0.918699
vt 0.007145 -0.907029
vt 0.198988 -0.918699
vt 0.191931 -0.918699
vt 0.191936 -0.907036
vt 0.198957 -0.907048
vt 0.757692 -0.556831
vt 0.722080 -0.537159
vt 0.723426 -0.555858
vt 0.742994 -0.565703
vt 0.765721 -0.527789
vt 0.730506 -0.522843
vt 0.784324 -0.506944
vt 0.780445 -0.498767
vt 0.428137 -0.286904
vt 0.428137 -0.294703
vt 0.008515 -0.338772
vt 0.008515 -0.328574
vt 0.008515 -0.308549
vt 0.428137 -0.276911
vt 0.008515 -0.280131
vt 0.428137 -0.260237
vt 0.000665 -0.997188
vt 0.283493 -0.997188
vt 0.283493 -0.985461
vt 0.000665 -0.985461
vt 0.494306 -0.793005
vt 0.494677 -0.819642
vt 0.510366 -0.815958
vt 0.510128 -0.798918
vt 0.539060 -0.817904
vt 0.539060 -0.797293
vt 0.553722 -0.796049
vt 0.553722 -0.819148
vt 0.558398 -0.797596
vt 0.558398 -0.817601
vt 0.561820 -0.813373
vt 0.561820 -0.801824
vt 0.488125 -0.794051
vt 0.488455 -0.817718
vt 0.483344 -0.798971
vt 0.483527 -0.812112
vt 0.399464 -0.227205
vt 0.402963 -0.235653
vt 0.402963 -0.218756
vt 0.411411 -0.215257
vt 0.419859 -0.218756
vt 0.423358 -0.227205
vt 0.419859 -0.235653
vt 0.411411 -0.239152
vt 0.015494 -0.133750
vt 0.015494 -0.144302
vt 0.432549 -0.144302
vt 0.432549 -0.133750
vt 0.432549 -0.104783
vt 0.015494 -0.104783
vt 0.015494 -0.118257
vt 0.432549 -0.118257
vt 0.432549 -0.099561
vt 0.015494 -0.099561
vt 0.432549 -0.060393
vt 0.015494 -0.060393
vt 0.015494 -0.074338
vt 0.432549 -0.074338
vt 0.003343 -0.118595
vt 0.003343 -0.104359
vt 0.001988 -0.099651
vt 0.001988 -0.120422
vt 0.015494 -0.120422
vt 0.015494 -0.106343
vt 0.432549 -0.106343
vt 0.015494 -0.102301
vt 0.432549 -0.102301
vt 0.001988 -0.102392
vt 0.003343 -0.105919
vt 0.052311 -0.004852
vt 0.052311 -0.012034
vt 0.082853 -0.012034
vt 0.082853 -0.004852
vt 0.052311 -0.025864
vt 0.082853 -0.025864
vt 0.052311 -0.039291
vt 0.082853 -0.039291
vt 0.052311 -0.053182
vt 0.082853 -0.053182
vt 0.973812 -0.875350
vt 0.960793 -0.875349
vt 0.960793 -0.858418
vt 0.973812 -0.858418
vt 0.957106 -0.785733
vt 0.942503 -0.785733
vt 0.942503 -0.794768
vt 0.957106 -0.794768
vt 0.960793 -0.839718
vt 0.973812 -0.839718
vt 0.960793 -0.789983
vt 0.973812 -0.789983
vt 0.180955 -0.450454
vt 0.177206 -0.439888
vt 0.097083 -0.439692
vt 0.094623 -0.450868
vt 0.957106 -0.782550
vt 0.942503 -0.782550
vt 0.960793 -0.774949
vt 0.973812 -0.774949
vt 0.085804 -0.432582
vt 0.075606 -0.437237
vt 0.957106 -0.775874
vt 0.942503 -0.775874
vt 0.960793 -0.732956
vt 0.973812 -0.732956
vt 0.062194 -0.370769
vt 0.046169 -0.370603
vt 0.957106 -0.740958
vt 0.942503 -0.740958
vt 0.960793 -0.706555
vt 0.973812 -0.706555
vt 0.072028 -0.347186
vt 0.006875 -0.347020
vt 0.957106 -0.720209
vt 0.942503 -0.720209
vt 0.922694 -0.562618
vt 0.932288 -0.562618
vt 0.932288 -0.533548
vt 0.922694 -0.533548
vt 0.673163 -0.785868
vt 0.673163 -0.818890
vt 0.690186 -0.816799
vt 0.690186 -0.787959
vt 0.932326 -0.495596
vt 0.922732 -0.495614
vt 0.922732 -0.477830
vt 0.932326 -0.477817
vt 0.673292 -0.785587
vt 0.673293 -0.818702
vt 0.689288 -0.816605
vt 0.689287 -0.787683
vt 0.922694 -0.495847
vt 0.932288 -0.495847
vt 0.932288 -0.477650
vt 0.922694 -0.477650
vt 0.932326 -0.533888
vt 0.922732 -0.533888
vt 0.638225 -0.783777
vt 0.638225 -0.820981
vt 0.637989 -0.783491
vt 0.637991 -0.820800
vt 0.586033 -0.670914
vt 0.509720 -0.670914
vt 0.509720 -0.726050
vt 0.586031 -0.726050
vt 0.291414 -0.753097
vt 0.291414 -0.799754
vt 0.225724 -0.799754
vt 0.194460 -0.753097
vt 0.412933 -0.670914
vt 0.412933 -0.726050
vt 0.965644 -0.987988
vt 0.995750 -0.987779
vt 0.995750 -0.975333
vt 0.965644 -0.975333
vt 0.945677 -0.987796
vt 0.945677 -0.975333
vt 0.904658 -0.987834
vt 0.904658 -0.975333
vt 0.817664 -0.987590
vt 0.817664 -0.975333
vt 0.768264 -0.987423
vt 0.768264 -0.975333
vt 0.727351 -0.987563
vt 0.727351 -0.975333
vt 0.689474 -0.987250
vt 0.689474 -0.975333
vt 0.710234 -0.896238
vt 0.693240 -0.892882
vt 0.697726 -0.861309
vt 0.724628 -0.876264
vt 0.748157 -0.867176
vt 0.675663 -0.834808
vt 0.711489 -0.800117
vt 0.747573 -0.812457
vt 0.748224 -0.868884
vt 0.747640 -0.814165
vt 0.711556 -0.801826
vt 0.675729 -0.836516
vt 0.697793 -0.863018
vt 0.724694 -0.877972
vt 0.693307 -0.894591
vt 0.710300 -0.897947
vt 0.760825 -0.918251
vt 0.760825 -0.963742
vt 0.700599 -0.963742
vt 0.700599 -0.918252
vt 0.034947 -0.649787
vt 0.066392 -0.649787
vt 0.066392 -0.552933
vt 0.047829 -0.554022
vt 0.761145 -0.967480
vt 0.761413 -0.913785
vt 0.700709 -0.913785
vt 0.700440 -0.967480
vt 0.814276 -0.963741
vt 0.814275 -0.918251
vt 0.034947 -0.735570
vt 0.066392 -0.735570
vt 0.818532 -0.967480
vt 0.818799 -0.913785
vt 0.919062 -0.963741
vt 0.873673 -0.963741
vt 0.873672 -0.918251
vt 0.919062 -0.918251
vt 0.066392 -0.829134
vt 0.034947 -0.829134
vt 0.034947 -0.897778
vt 0.066392 -0.897778
vt 0.874599 -0.967480
vt 0.922705 -0.967480
vt 0.922973 -0.913785
vt 0.874866 -0.913785
vt 0.361338 -0.955820
vt 0.330057 -0.955814
vt 0.330057 -0.994789
vt 0.361338 -0.994783
vt 0.007991 -0.649787
vt 0.024377 -0.649787
vt 0.024377 -0.561195
vt 0.007991 -0.561195
vt 0.024377 -0.735570
vt 0.007991 -0.735570
vt 0.024473 -0.897778
vt 0.024449 -0.829134
vt 0.007991 -0.829134
vt 0.007991 -0.897778
vt 0.034868 -0.561195
vt 0.278448 -0.581988
vt 0.278448 -0.549425
vt 0.269838 -0.549585
vt 0.269838 -0.582069
vt 0.379364 -0.719217
vt 0.379364 -0.682299
vt 0.371641 -0.682269
vt 0.371641 -0.719140
vt 0.269838 -0.621818
vt 0.278448 -0.621737
vt 0.379364 -0.638115
vt 0.371641 -0.638085
vt 0.278448 -0.660272
vt 0.269838 -0.660354
vt 0.379364 -0.594283
vt 0.371641 -0.594253
vt 0.269838 -0.700930
vt 0.278448 -0.700857
vt 0.379364 -0.547930
vt 0.371641 -0.547912
vt 0.312608 -0.963093
vt 0.299877 -0.963008
vt 0.299877 -0.987595
vt 0.312608 -0.987509
vt 0.941128 -0.852985
vt 0.941128 -0.874660
vt 0.953516 -0.874654
vt 0.953516 -0.852978
vt 0.941128 -0.816237
vt 0.953516 -0.816229
vt 0.941127 -0.789604
vt 0.953515 -0.789597
vt 0.941128 -0.766290
vt 0.953516 -0.766282
vt 0.941128 -0.735761
vt 0.953516 -0.735754
vt 0.941127 -0.708815
vt 0.953516 -0.708808
vt 0.072191 -0.851377
vt 0.096936 -0.843413
vt 0.090266 -0.783069
vt 0.072191 -0.778312
vt 0.072191 -0.894451
vt 0.126190 -0.888310
vt 0.369357 -0.600368
vt 0.405073 -0.598453
vt 0.405073 -0.534614
vt 0.372113 -0.527824
vt 0.257622 -0.485406
vt 0.257622 -0.602446
vt 0.283951 -0.600569
vt 0.289701 -0.493647
vt 0.376871 -0.727862
vt 0.405073 -0.727862
vt 0.286807 -0.708566
vt 0.329409 -0.727775
vt 0.326100 -0.598875
vt 0.257622 -0.706943
vt 0.252862 -0.716265
vt 0.280835 -0.716513
vt 0.252552 -0.727862
vt 0.281230 -0.727862
vt 0.332384 -0.511053
vt 0.736236 -0.648904
vt 0.743198 -0.685433
vt 0.826548 -0.687132
vt 0.870987 -0.649798
vt 0.861281 -0.627747
vt 0.733381 -0.626124
vt 0.921564 -0.893531
vt 0.753959 -0.893531
vt 0.753959 -0.904084
vt 0.921564 -0.904084
vt 0.753959 -0.855547
vt 0.921564 -0.855547
vt 0.921564 -0.810740
vt 0.753959 -0.810740
vt 0.754290 -0.770715
vt 0.753959 -0.794863
vt 0.921334 -0.794864
vt 0.920420 -0.770691
vt 0.004651 -0.403331
vt 0.004651 -0.374194
vt 0.032955 -0.378725
vt 0.039989 -0.404509
vt 0.835295 -0.745545
vt 0.891608 -0.686458
vt 0.748112 -0.718106
vt 0.821305 -0.719927
vt 0.750647 -0.745545
vt 0.731348 -0.604950
vt 0.854005 -0.604950
vt 0.961300 -0.796958
vt 0.952591 -0.796958
vt 0.952591 -0.813572
vt 0.961300 -0.813572
vt 0.952590 -0.819849
vt 0.961300 -0.819848
vt 0.952591 -0.790866
vt 0.961300 -0.790866
vt 0.961302 -0.762271
vt 0.952592 -0.762270
vt 0.360285 -0.499371
vt 0.360285 -0.448764
vt 0.345397 -0.437690
vt 0.345397 -0.511362
vt 0.952592 -0.849210
vt 0.961301 -0.849210
vt 0.959749 -0.748767
vt 0.975414 -0.748767
vt 0.975415 -0.696354
vt 0.959749 -0.696354
vt 0.959750 -0.816764
vt 0.959750 -0.844188
vt 0.975414 -0.844188
vt 0.975414 -0.816764
vt 0.237568 -0.912783
vt 0.263877 -0.876482
vt 0.208696 -0.876482
vt 0.208696 -0.912783
vt 0.959749 -0.789460
vt 0.959750 -0.807276
vt 0.975414 -0.807276
vt 0.975414 -0.789460
vt 0.245120 -0.919323
vt 0.263877 -0.919323
vt 0.819342 -0.988803
vt 0.819342 -0.993295
vt 0.901410 -0.993295
vt 0.901410 -0.988803
vt 0.483169 -0.784310
vt 0.483169 -0.829330
vt 0.518063 -0.827439
vt 0.518063 -0.786200
vt 0.358065 -0.808140
vt 0.295792 -0.810359
vt 0.295792 -0.853632
vt 0.363262 -0.853632
vt 0.295792 -0.767764
vt 0.328230 -0.769506
vt 0.819342 -0.993418
vt 0.901410 -0.993418
vt 0.541035 -0.827440
vt 0.541035 -0.786200
vt 0.635481 -0.784310
vt 0.614519 -0.784310
vt 0.614519 -0.829330
vt 0.635481 -0.829330
vt 0.231360 -0.853632
vt 0.236273 -0.826569
vt 0.770718 -0.988803
vt 0.770718 -0.993418
vt 0.565996 -0.827440
vt 0.565996 -0.786200
vt 0.770718 -0.993295
vt 0.328230 -0.803844
vt 0.295792 -0.808375
vt 0.943822 -0.993295
vt 0.943822 -0.988803
vt 0.943822 -0.993418
vt 0.429496 -0.789195
vt 0.435733 -0.789195
vt 0.435733 -0.777761
vt 0.428507 -0.777761
vt 0.380761 -0.788922
vt 0.375407 -0.788922
vt 0.376380 -0.777761
vt 0.381782 -0.777761
vt 0.934630 -0.149436
vt 0.930346 -0.149436
vt 0.930332 -0.193872
vt 0.934628 -0.193872
vt 0.381780 -0.777761
vt 0.376362 -0.777761
vt 0.375414 -0.789195
vt 0.380763 -0.789195
vt 0.423048 -0.777761
vt 0.424068 -0.788922
vt 0.967357 -0.193872
vt 0.967354 -0.149436
vt 0.424073 -0.789195
vt 0.423052 -0.777761
vt 0.376380 -0.733325
vt 0.369173 -0.733325
vt 0.369173 -0.777761
vt 0.428511 -0.777761
vt 0.429487 -0.788922
vt 0.971686 -0.149436
vt 0.971683 -0.193872
vt 0.369173 -0.789195
vt 0.435733 -0.733325
vt 0.428511 -0.733325
vt 0.435733 -0.788922
vt 0.448281 -0.777761
vt 0.448308 -0.733325
vt 0.369173 -0.788922
vt 0.566088 -0.995737
vt 0.566088 -0.990395
vt 0.574415 -0.990395
vt 0.574415 -0.995737
vt 0.566088 -0.983852
vt 0.574415 -0.983852
vt 0.566088 -0.967228
vt 0.574415 -0.967228
vt 0.566088 -0.953315
vt 0.574415 -0.953315
vt 0.566088 -0.947973
vt 0.574415 -0.947973
vt 0.566088 -0.959858
vt 0.574415 -0.959858
vt 0.566088 -0.976482
vt 0.574415 -0.976482
vt 0.614522 -0.813105
vt 0.617399 -0.813105
vt 0.617399 -0.805854
vt 0.614522 -0.805854
vt 0.606633 -0.805854
vt 0.606633 -0.813105
vt 0.317509 -0.733129
vt 0.317509 -0.766314
vt 0.363970 -0.766314
vt 0.363970 -0.733129
vt 0.629407 -0.813105
vt 0.629407 -0.805854
vt 0.295886 -0.759766
vt 0.295885 -0.733129
vt 0.641894 -0.812354
vt 0.641894 -0.806605
vt 0.594680 -0.806605
vt 0.594680 -0.812354
vt 0.217238 -0.518146
vt 0.249600 -0.518146
vt 0.249600 -0.513467
vt 0.217238 -0.513467
vt 0.249600 -0.539569
vt 0.203307 -0.539569
vt 0.377046 -0.330089
vt 0.377046 -0.339625
vt 0.394881 -0.339625
vt 0.394881 -0.330089
vt 0.377046 -0.362647
vt 0.394881 -0.362647
vt 0.377046 -0.385669
vt 0.394881 -0.385669
vt 0.377046 -0.395205
vt 0.394881 -0.395205
vt 0.222608 -0.362647
vt 0.235741 -0.362647
vt 0.235741 -0.339625
vt 0.222608 -0.346915
vt 0.235741 -0.330089
vt 0.222608 -0.340398
vt 0.235741 -0.385669
vt 0.222608 -0.378380
vt 0.235741 -0.395205
vt 0.222608 -0.384896
vt 0.349359 -0.331498
vt 0.349359 -0.362647
vt 0.370293 -0.362647
vt 0.370293 -0.331498
vt 0.349359 -0.393797
vt 0.370293 -0.393797
vt 0.349359 -0.406699
vt 0.370293 -0.406699
vt 0.349359 -0.318595
vt 0.370293 -0.318595
vt 0.343492 -0.362647
vt 0.343492 -0.339625
vt 0.343492 -0.385669
vt 0.343492 -0.395205
vt 0.343492 -0.330089
vt 0.279319 -0.581393
vt 0.270638 -0.581475
vt 0.270638 -0.548728
vt 0.279319 -0.548566
vt 0.380445 -0.719653
vt 0.372503 -0.719574
vt 0.372503 -0.681657
vt 0.380445 -0.681688
vt 0.279319 -0.621464
vt 0.270638 -0.621547
vt 0.372503 -0.636220
vt 0.380445 -0.636250
vt 0.279319 -0.660312
vt 0.270638 -0.660395
vt 0.372503 -0.591144
vt 0.380445 -0.591174
vt 0.279319 -0.701227
vt 0.270639 -0.701301
vt 0.372503 -0.543488
vt 0.380445 -0.543506
vt 0.460689 -0.769326
vt 0.460688 -0.739214
vt 0.555909 -0.739202
vt 0.555909 -0.769315
vt 0.453352 -0.776681
vt 0.563243 -0.776694
vt 0.453352 -0.731834
vt 0.563243 -0.731848
vt 0.166394 -0.503372
vt 0.186262 -0.503372
vt 0.186262 -0.460033
vt 0.166394 -0.460034
vt 0.146527 -0.503371
vt 0.146527 -0.460034
vt 0.126659 -0.503371
vt 0.126659 -0.460034
vt 0.106790 -0.503372
vt 0.106790 -0.460034
vt 0.086922 -0.503372
vt 0.086922 -0.460034
vt 0.226000 -0.503372
vt 0.245868 -0.503372
vt 0.245868 -0.460033
vt 0.226000 -0.460033
vt 0.206131 -0.503372
vt 0.206131 -0.460033
vt 0.343378 -0.014215
vt 0.347309 -0.019807
vt 0.374355 -0.019807
vt 0.368997 -0.014215
vt 0.646963 -0.712412
vt 0.640953 -0.701053
vt 0.633643 -0.701972
vt 0.641492 -0.719086
vt 0.658940 -0.716039
vt 0.659100 -0.724123
vt 0.670012 -0.710645
vt 0.675785 -0.716996
vt 0.674751 -0.698793
vt 0.681854 -0.699529
vt 0.669401 -0.686858
vt 0.674687 -0.682110
vt 0.656797 -0.682496
vt 0.656610 -0.676047
vt 0.644866 -0.688414
vt 0.639094 -0.683780
vt 0.216664 -0.719890
vt 0.222951 -0.719890
vt 0.222951 -0.667605
vt 0.216664 -0.667605
vt 0.190024 -0.719890
vt 0.196311 -0.719890
vt 0.196311 -0.667397
vt 0.190024 -0.667397
vt 0.243304 -0.719890
vt 0.243304 -0.667397
vt 0.201772 -0.018637
vt 0.202001 -0.028388
vt 0.379208 -0.026626
vt 0.004651 -0.432807
vt 0.041219 -0.443689
vt 0.605324 -0.048635
vt 0.604564 -0.061165
vt 0.521811 -0.061165
vt 0.520084 -0.048635
vt 0.605324 -0.039115
vt 0.520084 -0.039115
vt 0.603115 -0.028713
vt 0.521811 -0.028713
vt 0.532324 -0.017896
vt 0.593221 -0.017896
vt 0.602203 -0.072463
vt 0.532324 -0.072463
vt 0.932112 -0.012732
vt 0.932089 -0.428653
vt 0.968059 -0.428653
vt 0.968082 -0.012732
vt 0.933057 -0.007881
vt 0.921189 -0.007881
vt 0.921188 -0.426218
vt 0.933055 -0.428459
vt 0.932089 -0.437380
vt 0.932113 -0.004003
vt 0.217225 -0.656650
vt 0.217225 -0.656651
vt 0.185833 -0.551178
vt 0.185741 -0.656625
vt 0.248709 -0.656659
vt 0.248757 -0.551211
vt 0.020317 -0.833307
vt 0.020317 -0.817568
vt 0.012931 -0.817578
vt 0.012931 -0.833318
vt 0.012931 -0.841729
vt 0.020317 -0.841737
vt 0.020317 -0.857479
vt 0.012931 -0.857471
vt 0.012931 -0.865888
vt 0.020317 -0.865915
vt 0.913264 -0.433759
vt 0.913264 -0.416656
vt 0.550601 -0.416708
vt 0.538780 -0.433800
vt 0.594898 -0.835763
vt 0.594898 -0.877566
vt 0.650858 -0.877541
vt 0.650858 -0.835788
vt 0.412130 -0.342760
vt 0.419797 -0.388778
vt 0.538782 -0.433759
vt 0.511177 -0.299224
vt 0.566526 -0.877566
vt 0.566526 -0.835763
vt 0.558324 -0.877566
vt 0.563021 -0.880072
vt 0.563021 -0.833257
vt 0.558324 -0.835763
vt 0.527236 -0.388587
vt 0.544242 -0.384042
vt 0.960633 -0.651859
vt 0.957209 -0.521966
vt 0.963477 -0.571321
vt 0.965711 -0.651810
vt 0.946026 -0.721174
vt 0.953411 -0.721157
vt 0.953409 -0.886834
vt 0.946030 -0.886851
vt 0.953406 -0.898827
vt 0.946033 -0.898756
vt 0.957559 -0.437972
vt 0.965339 -0.437974
vt 0.965314 -0.453474
vt 0.958955 -0.453481
vt 0.960675 -0.467530
vt 0.964961 -0.467531
vt 0.964921 -0.485083
vt 0.961713 -0.485075
vt 0.965197 -0.523069
vt 0.957497 -0.522951
vt 0.964688 -0.554818
vt 0.956663 -0.557029
vt 0.992007 -0.681772
vt 0.992007 -0.717001
vt 0.944511 -0.717001
vt 0.944511 -0.681772
vt 0.993963 -0.835810
vt 0.993963 -0.874647
vt 0.942555 -0.874647
vt 0.942555 -0.835810
vt 0.993963 -0.791827
vt 0.942555 -0.791832
vt 0.561165 -0.342649
vt 0.532481 -0.332553
vt 0.544223 -0.383445
vt 0.562502 -0.376221
vt 0.550601 -0.477954
vt 0.913264 -0.478006
vt 0.913264 -0.460903
vt 0.538782 -0.460903
vt 0.527207 -0.505521
vt 0.544219 -0.510935
vt 0.963734 -0.578635
vt 0.965610 -0.651591
vt 0.946032 -0.898827
vt 0.961730 -0.487292
vt 0.964939 -0.487299
vt 0.964688 -0.554822
vt 0.562501 -0.518351
vt 0.544223 -0.511155
vt 0.532481 -0.562060
vt 0.561086 -0.549967
vt 0.611955 -0.612432
vt 0.526722 -0.612432
vt 0.526722 -0.661276
vt 0.611955 -0.661276
vt 0.705361 -0.612432
vt 0.705361 -0.661276
vt 0.465197 -0.612432
vt 0.465197 -0.661276
vt 0.524265 -0.667647
vt 0.612980 -0.667647
vt 0.711727 -0.666323
vt 0.461611 -0.667647
vt 0.421851 -0.646857
vt 0.419252 -0.636633
vt 0.411329 -0.636633
vt 0.417257 -0.652931
vt 0.182838 -0.869445
vt 0.191094 -0.862022
vt 0.188052 -0.844551
vt 0.179361 -0.851231
vt 0.165951 -0.753083
vt 0.155521 -0.753083
vt 0.169319 -0.661726
vt 0.146797 -0.691420
vt 0.146797 -0.554618
vt 0.134630 -0.608859
vt 0.167911 -0.596725
vt 0.156423 -0.554895
vt 0.071303 -0.534731
vt 0.071085 -0.560556
vt 0.149204 -0.534557
vt 0.184576 -0.886174
vt 0.190660 -0.878009
vt 0.071085 -0.608859
vt 0.071085 -0.630441
vt 0.121560 -0.632420
vt 0.071085 -0.658704
vt 0.146797 -0.658704
vt 0.121560 -0.753083
vt 0.105014 -0.691420
vt 0.156280 -0.851231
vt 0.159183 -0.539460
vt 0.079592 -0.671869
vt 0.096825 -0.758883
vt 0.137903 -0.863723
vt 0.079655 -0.701806
vt 0.612980 -0.603756
vt 0.524265 -0.603756
vt 0.711727 -0.607384
vt 0.461611 -0.603756
vt 0.421851 -0.626851
vt 0.417257 -0.620776
vt 0.411329 -0.637074
vt 0.419252 -0.637074
vt 0.634181 -0.732391
vt 0.652604 -0.732391
vt 0.652604 -0.776755
vt 0.633839 -0.776755
vt 0.614621 -0.732391
vt 0.614986 -0.776755
vt 0.594372 -0.732391
vt 0.596171 -0.776755
vt 0.368592 -0.793606
vt 0.395833 -0.793606
vt 0.395833 -0.854424
vt 0.368592 -0.854424
vt 0.423144 -0.793606
vt 0.423144 -0.854424
vt 0.450486 -0.793606
vt 0.450486 -0.854424
vt 0.576040 -0.752670
vt 0.576040 -0.750178
vt 0.580759 -0.749313
vt 0.582232 -0.751655
vt 0.634363 -0.730245
vt 0.652604 -0.730245
vt 0.593407 -0.730245
vt 0.614664 -0.730245
vt 0.587164 -0.737103
vt 0.584852 -0.735701
vt 0.552952 -0.510170
vt 0.562512 -0.519482
vt 0.874771 -0.540163
vt 0.850599 -0.567315
vt 0.561082 -0.552350
vt 0.530758 -0.595136
vt 0.837055 -0.594907
vt 0.561160 -0.340225
vt 0.562512 -0.375180
vt 0.874771 -0.354499
vt 0.850599 -0.327347
vt 0.269967 -0.569088
vt 0.269957 -0.573517
vt 0.287828 -0.573515
vt 0.287824 -0.569073
vt 0.412130 -0.551902
vt 0.511177 -0.595438
vt 0.419797 -0.505884
vt 0.269435 -0.598124
vt 0.288350 -0.598124
vt 0.837055 -0.299755
vt 0.530758 -0.299526
vt 0.077059 -0.672227
vt 0.145682 -0.924322
vt 0.145682 -0.978482
vt 0.171310 -0.978482
vt 0.171310 -0.924322
vt 0.120053 -0.924322
vt 0.120053 -0.978482
vt 0.072165 -0.978482
vt 0.072165 -0.924322
vt 0.003687 -0.924322
vt 0.003687 -0.978482
vt 0.016606 -0.978482
vt 0.016606 -0.924322
vt 0.044446 -0.924322
vt 0.044446 -0.978482
vt 0.285376 -0.943306
vt 0.283798 -0.944885
vt 0.274704 -0.925291
vt 0.277015 -0.925291
vt 0.321330 -0.941357
vt 0.322901 -0.943589
vt 0.303392 -0.953978
vt 0.303392 -0.951667
vt 0.276000 -0.924845
vt 0.273591 -0.924845
vt 0.283071 -0.945272
vt 0.284717 -0.943627
vt 0.303498 -0.952343
vt 0.303498 -0.954752
vt 0.323838 -0.943972
vt 0.322199 -0.941644
vt 0.500729 -0.835352
vt 0.500729 -0.866338
vt 0.484093 -0.866338
vt 0.484093 -0.835352
vt 0.550628 -0.835352
vt 0.550628 -0.866338
vt 0.533980 -0.866338
vt 0.533980 -0.835352
vt 0.517333 -0.835352
vt 0.517333 -0.866338
vt 0.360462 -0.940779
vt 0.356606 -0.944812
vt 0.348234 -0.925291
vt 0.354382 -0.925132
vt 0.374656 -0.946292
vt 0.374644 -0.951701
vt 0.389107 -0.939663
vt 0.392682 -0.944812
vt 0.395204 -0.925192
vt 0.401054 -0.925291
vt 0.262791 -0.924322
vt 0.267004 -0.978482
vt 0.278899 -0.978482
vt 0.272730 -0.924322
vt 0.241376 -0.924322
vt 0.241376 -0.978482
vt 0.219960 -0.924322
vt 0.215746 -0.978482
vt 0.432282 -0.907204
vt 0.396585 -0.903859
vt 0.396585 -0.945196
vt 0.432282 -0.941850
vt 0.377780 -0.896677
vt 0.377780 -0.952378
vt 0.447995 -0.947851
vt 0.447995 -0.901204
vt 0.447736 -0.947128
vt 0.447736 -0.901992
vt 0.462888 -0.909025
vt 0.462888 -0.940096
vt 0.285376 -0.905814
vt 0.277015 -0.923829
vt 0.274704 -0.923829
vt 0.283798 -0.904236
vt 0.321330 -0.907757
vt 0.303392 -0.897453
vt 0.303392 -0.895142
vt 0.322901 -0.905524
vt 0.276000 -0.924210
vt 0.284717 -0.905428
vt 0.283071 -0.903783
vt 0.273591 -0.924210
vt 0.303498 -0.896712
vt 0.322199 -0.907411
vt 0.323838 -0.905083
vt 0.303498 -0.894303
vt 0.360463 -0.908342
vt 0.354382 -0.923988
vt 0.348234 -0.923829
vt 0.356606 -0.904309
vt 0.374656 -0.902829
vt 0.374644 -0.897420
vt 0.389107 -0.909458
vt 0.392682 -0.904309
vt 0.395204 -0.923928
vt 0.401054 -0.923829
vt 0.358975 -0.903859
vt 0.358975 -0.945196
vt 0.463709 -0.940559
vt 0.463709 -0.908496
vt 0.432583 -0.907779
vt 0.432583 -0.941341
vt 0.552952 -0.384492
vt 0.329768 -0.923902
vt 0.288543 -0.994753
vt 0.288543 -0.955850
vt 0.466714 -0.894724
vt 0.455812 -0.871363
vt 0.490204 -0.871363
vt 0.466714 -0.894853
vt 0.490204 -0.905755
vt 0.513695 -0.894853
vt 0.524596 -0.871363
vt 0.513695 -0.894724
vt 0.490204 -0.905626
vt 0.884494 -0.556269
vt 0.884494 -0.621654
vt 0.172592 -0.512211
vt 0.166722 -0.523314
vt 0.183059 -0.524848
vt 0.184594 -0.508511
vt 0.195697 -0.514381
vt 0.199397 -0.526382
vt 0.193527 -0.537485
vt 0.181525 -0.541185
vt 0.170422 -0.535315
vt 0.353627 -0.422893
vt 0.428137 -0.210007
vt 0.008515 -0.210007
vt 0.563073 -0.807599
vt 0.481937 -0.805435
vt 0.411411 -0.227205
vt 0.210988 -0.446019
vt 0.228179 -0.419588
vt 0.240330 -0.447699
vt 0.312584 -0.994778
vt 0.065572 -0.466004
vt 0.077792 -0.473372
vt 0.004651 -0.491780
vt 0.200054 -0.368914
vt 0.200514 -0.355953
vt 0.180366 -0.401277
vt 0.078653 -0.484852
vt 0.070708 -0.517255
vt 0.040794 -0.544723
vt 0.004651 -0.552355
vt 0.020776 -0.362110
vt 0.567508 -0.829330
vt 0.299872 -0.955847
vt 0.657798 -0.698754
vt 0.650286 -0.683683
vt 0.645048 -0.698565
vt 0.664026 -0.697966
vt 0.650586 -0.713157
vt 0.665354 -0.718283
vt 0.679717 -0.712648
vt 0.684974 -0.698424
vt 0.680093 -0.683774
vt 0.664739 -0.677910
vt 0.959627 -0.522446
vt 0.965029 -0.577021
vt 0.288565 -0.569067
vt 0.288538 -0.500114
vt 0.521558 -0.316756
vt 0.527207 -0.387136
vt 0.401476 -0.460903
vt 0.965050 -0.576560
vt 0.288331 -0.573514
vt 0.521558 -0.577906
vt 0.511177 -0.595910
vt 0.530765 -0.595370
vt 0.724329 -0.652418
vt 0.163250 -0.872613
vt 0.725114 -0.636854
vt 0.724329 -0.621290
vt 0.362624 -0.500409
vt 0.362624 -0.519971
vt 0.389215 -0.500279
vt 0.389819 -0.500504
vt 0.714464 -0.767929
vt 0.698904 -0.758928
vt 0.714334 -0.740846
vt 0.554627 -0.897998
vt 0.569855 -0.925244
vt 0.584860 -0.883473
vt 0.616296 -0.895815
vt 0.589435 -0.911971
vt 0.592516 -0.923617
vt 0.319780 -0.936282
vt 0.324560 -0.925981
vt 0.309078 -0.925940
vt 0.319780 -0.915681
vt 0.309479 -0.910900
vt 0.299478 -0.912921
vt 0.289132 -0.912921
vt 0.289131 -0.938587
vt 0.299478 -0.939042
vt 0.309479 -0.941063
vt 0.306229 -0.925913
vt 0.072191 -0.726606
vt 0.180366 -0.432734
vt 0.199137 -0.428771
vt 0.214672 -0.414506
vt 0.218798 -0.397678
vt 0.212004 -0.387890
vt 0.207322 -0.378083
vt 0.195316 -0.342563
vt 0.218350 -0.391716
vt 0.265554 -0.471068
vt 0.690371 -0.993418
vt 0.690371 -0.993295
vt 0.483399 -0.952301
vt 0.464372 -0.944420
vt 0.464372 -0.971328
vt 0.445344 -0.952301
vt 0.437463 -0.971328
vt 0.445344 -0.990356
vt 0.464372 -0.998237
vt 0.483399 -0.990356
vt 0.491280 -0.971328
vt 0.666532 -0.725084
vt 0.680306 -0.718570
vt 0.665556 -0.705200
vt 0.685440 -0.704225
vt 0.678927 -0.690450
vt 0.664582 -0.685315
vt 0.650807 -0.691829
vt 0.645673 -0.706174
vt 0.652186 -0.719949
vt 0.123617 -0.335281
vt 0.091315 -0.350446
vt 0.123826 -0.382672
vt 0.156052 -0.350161
vt 0.171216 -0.382463
vt 0.156337 -0.414898
vt 0.124035 -0.430062
vt 0.091600 -0.415182
vt 0.076436 -0.382880
vt 0.669367 -0.908088
vt 0.669794 -0.843741
vt 0.651314 -0.877256
vt 0.687827 -0.877498
vt 0.180366 -0.335108
vt 0.188563 -0.336898
vt 0.550601 -0.416656
vt 0.544224 -0.383727
vt 0.532473 -0.331939
vt 0.521564 -0.317951
vt 0.552951 -0.384478
vt 0.956706 -0.574524
vt 0.953419 -0.686343
vt 0.941760 -0.905764
vt 0.968225 -0.901565
vt 0.544224 -0.510935
vt 0.550601 -0.478006
vt 0.521564 -0.576711
vt 0.532473 -0.562723
vt 0.552951 -0.510184
vt 0.968293 -0.901565
vt 0.994758 -0.905764
vt 0.701620 -0.711530
vt 0.714250 -0.703689
vt 0.692502 -0.735133
vt 0.727047 -0.711530
vt 0.736164 -0.735133
vt 0.729762 -0.758928
vt 0.400502 -0.463383
vt 0.376883 -0.436852
vt 0.362624 -0.480026
vt 0.403950 -0.476660
vt 0.396094 -0.494865
vt 0.362624 -0.436368
vt 0.377336 -0.436852
vt 0.400957 -0.463390
vt 0.404404 -0.476671
vt 0.396546 -0.494878
vt 0.389662 -0.500296
vt 0.576040 -0.776755
vt 0.463321 -0.801258
vt 0.478156 -0.854424
vt 0.470904 -0.821646
vt 0.478156 -0.822257
vt 0.004651 -0.358380
vt 0.911434 -0.361611
vt 0.405808 -0.556409
vt 0.527207 -0.507526
vt 0.405808 -0.338253
vt 0.405683 -0.332046
vt 0.511177 -0.298752
vt 0.530765 -0.299292
vt 0.959630 -0.522446
vt 0.401476 -0.433759
vt 0.405683 -0.562616
vt 0.269455 -0.573514
vt 0.269248 -0.500114
vt 0.269240 -0.569067
vt 0.278823 -0.496615
vt 0.911434 -0.533051
vt 0.567508 -0.784310
vt 0.330996 -0.924812
vt 0.471001 -0.924210
vt 0.469920 -0.924944
vt 0.299872 -0.994755
vt 0.312584 -0.955825
s 1
usemtl MESH-0
f 1/1/1 2/2/2 3/3/3
f 3/3/3 4/4/4 1/1/1
f 5/5/5 6/6/6 7/7/7
f 7/7/7 8/8/8 5/5/5
f 8/8/8 7/7/7 9/9/9
f 9/9/9 10/10/10 8/8/8
f 11/11/11 12/12/12 13/13/13
f 13/13/13 14/14/14 11/11/11
f 14/14/14 13/13/13 15/15/15
f 15/15/15 16/16/16 14/14/14
f 17/17/17 18/18/18 19/19/19
f 19/19/19 20/20/20 17/17/17
f 18/18/18 21/21/21 22/22/22
f 22/22/22 19/19/19 18/18/18
f 23/23/23 24/24/24 25/25/25
f 25/25/25 26/26/26 23/23/23
f 27/27/27 28/28/28 11/11/11
f 11/11/11 14/14/14 27/27/27
f 28/28/28 29/29/29 10/10/10
f 10/10/10 11/11/11 28/28/28
f 29/29/29 30/30/30 5/5/5
f 5/5/5 8/8/8 29/29/29
f 31/31/31 32/32/32 17/17/17
f 17/17/17 33/33/33 34/31/33
f 32/32/32 35/34/34 21/21/21
f 21/21/21 18/18/18 32/32/32
f 35/34/34 36/35/35 23/23/23
f 23/23/23 21/21/21 35/34/34
f 37/36/36 38/37/37 32/32/32
f 32/32/32 39/31/38 37/36/36
f 40/38/39 41/39/40 30/30/30
f 30/30/30 29/29/29 40/38/39
f 42/40/41 40/38/39 29/29/29
f 29/29/29 28/28/28 42/40/41
f 43/41/42 42/40/41 28/28/28
f 28/28/28 27/27/27 43/41/42
f 44/42/43 43/41/42 27/27/27
f 27/27/27 45/43/44 44/42/43
f 46/44/45 47/45/46 48/46/46
f 49/46/46 36/35/35 46/44/47
f 50/47/48 46/44/47 36/35/35
f 36/35/35 35/34/34 50/47/48
f 38/37/37 50/47/48 35/34/34
f 35/34/34 32/32/32 38/37/37
f 51/48/49 52/49/50 38/37/37
f 38/37/37 37/36/36 51/48/49
f 53/50/51 54/51/52 55/39/52
f 56/39/52 40/38/39 53/50/53
f 57/52/54 53/50/53 40/38/39
f 40/38/39 42/40/41 57/52/54
f 58/53/55 57/52/54 42/40/41
f 42/40/41 43/41/42 58/53/55
f 59/54/56 58/53/55 43/41/42
f 43/41/42 44/42/43 59/54/56
f 60/55/57 61/56/58 62/45/58
f 63/45/58 46/44/47 60/55/59
f 64/57/60 60/55/59 46/44/47
f 46/44/47 50/47/48 64/57/60
f 52/49/50 64/57/60 50/47/48
f 50/47/48 38/37/37 52/49/50
f 20/20/20 19/19/19 65/58/61
f 65/58/61 66/59/62 20/20/20
f 67/60/63 68/61/64 69/62/65
f 69/62/65 70/63/66 67/60/63
f 71/64/67 72/65/67 73/66/68
f 73/66/69 74/67/70 75/64/70
f 76/68/71 77/69/72 78/70/72
f 79/70/73 80/71/73 76/68/74
f 81/72/75 76/68/74 82/71/75
f 83/71/76 84/73/76 81/72/76
f 85/74/77 86/75/77 87/76/77
f 88/76/78 89/77/78 90/74/78
f 91/78/79 92/64/79 93/67/79
f 94/67/80 95/79/80 96/78/80
f 97/80/81 98/78/81 99/79/81
f 100/79/81 101/81/81 102/80/81
f 103/82/82 104/80/82 105/81/82
f 106/81/83 107/83/83 108/82/83
f 22/22/22 23/23/23 26/26/26
f 26/26/26 109/84/84 22/22/22
f 110/33/85 20/20/20 66/59/62
f 66/59/86 111/85/85 112/33/85
f 113/86/87 114/87/88 16/16/16
f 16/16/16 15/15/15 113/86/87
f 16/16/16 114/87/88 45/43/44
f 45/43/44 27/27/27 16/16/16
f 115/46/89 116/88/89 24/24/90
f 24/24/24 36/35/35 117/46/91
f 25/25/25 24/24/24 118/88/92
f 119/88/93 120/89/93 25/25/94
f 121/90/95 122/91/95 123/92/95
f 124/92/96 2/2/2 125/90/96
f 126/93/97 127/94/98 128/95/98
f 128/95/98 129/96/99 126/93/97
f 130/97/100 126/93/97 129/96/99
f 129/96/99 131/98/101 130/97/100
f 132/99/102 130/97/100 131/98/101
f 131/98/101 133/100/103 132/99/102
f 134/101/104 135/102/105 136/103/106
f 136/103/106 137/104/107 134/101/104
f 138/7/61 139/9/61 140/105/108
f 140/105/108 141/106/109 142/7/61
f 143/6/85 144/7/85 141/106/110
f 141/106/111 145/107/85 146/6/85
f 134/101/104 137/104/107 147/108/112
f 147/108/112 148/109/113 134/101/104
f 135/102/105 134/101/104 148/109/113
f 148/109/113 132/99/102 135/102/105
f 136/103/106 135/102/105 132/99/102
f 132/99/102 133/100/103 136/103/106
f 149/110/114 150/111/115 132/99/102
f 132/99/102 148/109/113 149/110/114
f 147/108/112 151/112/116 152/113/117
f 152/113/117 148/109/113 147/108/112
f 153/114/118 140/105/119 154/9/120
f 155/9/120 156/12/121 153/114/122
f 157/25/123 158/115/124 159/116/125
f 159/116/126 160/117/127 161/25/123
f 162/118/128 163/119/129 164/120/130
f 165/120/130 166/121/130 162/118/131
f 167/122/132 168/123/133 163/119/129
f 163/119/129 162/118/128 167/122/132
f 169/124/134 170/125/135 168/123/133
f 168/123/133 167/122/132 169/124/134
f 171/126/136 172/127/137 173/128/138
f 173/128/138 174/129/139 171/126/136
f 175/85/6 176/130/6 177/131/140
f 177/131/140 178/63/6 179/85/6
f 180/26/141 181/132/142 158/115/124
f 158/115/124 182/25/143 183/26/143
f 184/133/144 185/134/145 181/132/146
f 181/132/146 186/26/147 187/133/147
f 188/62/148 189/135/149 185/134/145
f 185/134/145 190/133/148 191/62/148
f 171/126/136 192/136/150 193/137/151
f 193/137/151 172/127/137 171/126/136
f 174/129/139 169/124/134 192/136/150
f 192/136/150 171/126/136 174/129/139
f 173/128/138 170/125/135 169/124/134
f 169/124/134 174/129/139 173/128/138
f 194/138/152 192/136/150 169/124/134
f 169/124/134 195/139/153 194/138/152
f 192/136/150 194/138/152 160/117/127
f 160/117/127 196/140/154 192/136/150
f 197/141/155 198/142/156 199/143/157
f 199/143/157 200/144/158 197/141/155
f 201/145/159 202/146/146 198/142/156
f 198/142/156 197/141/155 201/145/159
f 203/147/160 204/148/161 202/146/146
f 202/146/146 201/145/159 203/147/160
f 205/149/162 206/150/163 204/148/161
f 204/148/161 203/147/160 205/149/162
f 207/151/164 208/152/165 209/153/165
f 210/153/166 211/154/167 207/151/168
f 212/155/169 213/156/170 214/152/170
f 215/152/171 207/151/172 212/155/173
f 216/157/174 217/158/175 218/156/175
f 219/156/175 212/155/176 216/157/177
f 220/159/178 221/160/179 222/158/179
f 223/158/180 216/157/181 220/159/178
f 224/161/182 225/162/182 226/163/182
f 227/163/182 228/164/183 224/161/182
f 211/154/184 229/165/185 230/166/185
f 231/166/186 232/167/186 211/154/184
f 228/164/183 233/163/187 234/168/187
f 235/168/188 236/169/189 228/164/190
f 237/170/191 153/114/122 156/12/121
f 156/12/121 238/13/192 237/170/191
f 239/171/193 240/172/193 241/173/193
f 242/173/193 243/174/193 244/171/193
f 245/175/193 246/172/193 247/171/193
f 248/171/193 249/176/193 250/175/193
f 251/177/193 252/178/193 253/174/193
f 254/174/193 255/173/193 256/177/193
f 237/170/191 257/13/194 258/15/194
f 259/15/195 260/179/195 237/170/191
f 261/180/196 193/137/151 192/136/150
f 192/136/150 196/140/154 262/180/196
f 263/63/197 177/131/198 205/149/162
f 205/149/199 189/135/200 264/63/197
f 265/15/201 152/113/117 151/112/116
f 151/112/202 266/179/201 267/15/201
f 268/160/203 220/159/204 236/169/205
f 236/169/205 269/181/206 270/160/206
f 271/182/207 272/183/208 273/184/209
f 273/184/209 274/185/210 271/182/207
f 275/183/211 271/182/207 274/185/210
f 274/185/210 276/184/212 275/183/211
f 277/186/213 275/183/211 276/184/212
f 276/184/212 278/187/214 277/186/213
f 279/188/215 277/186/213 278/187/214
f 278/187/214 280/189/216 279/188/215
f 281/190/217 279/188/215 280/189/216
f 280/189/216 282/191/218 281/190/217
f 283/188/219 281/190/217 282/191/218
f 282/191/218 284/189/220 283/188/219
f 285/186/221 283/188/219 284/189/220
f 284/189/220 286/187/222 285/186/221
f 272/183/208 285/186/221 286/187/222
f 286/187/222 273/184/209 272/183/208
f 287/192/223 288/193/224 285/186/221
f 285/186/221 272/183/208 287/192/223
f 289/194/225 287/192/223 272/183/208
f 272/183/208 271/182/207 289/194/225
f 290/192/226 289/194/225 271/182/207
f 271/182/207 275/183/211 290/192/226
f 291/193/227 290/192/226 275/183/211
f 275/183/211 277/186/213 291/193/227
f 292/195/228 291/193/227 277/186/213
f 277/186/213 279/188/215 292/195/228
f 293/196/229 292/195/228 279/188/215
f 279/188/215 281/190/217 293/196/229
f 294/195/230 293/196/229 281/190/217
f 281/190/217 283/188/219 294/195/230
f 288/193/224 294/195/230 283/188/219
f 283/188/219 285/186/221 288/193/224
f 295/197/231 296/198/232 297/199/233
f 297/199/233 298/200/234 295/197/231
f 299/201/235 300/202/236 296/198/232
f 296/198/232 295/197/231 299/201/235
f 301/203/237 302/204/238 300/202/236
f 300/202/236 299/201/235 301/203/237
f 303/205/239 304/206/240 302/204/238
f 302/204/238 301/203/237 303/205/239
f 305/207/241 306/208/242 304/206/240
f 304/206/240 303/205/239 305/207/241
f 307/209/243 308/210/243 306/208/242
f 306/208/242 305/207/241 307/209/243
f 309/211/244 310/212/245 311/213/245
f 311/213/246 312/214/247 313/211/247
f 298/200/234 297/199/233 311/213/245
f 311/213/245 310/212/245 298/200/234
f 314/215/248 315/216/248 316/217/248
f 317/217/248 318/218/248 319/215/248
f 320/215/249 321/219/249 322/220/249
f 323/220/250 324/216/250 325/215/250
f 326/219/251 327/221/251 328/222/251
f 329/222/252 330/220/252 331/219/252
f 332/223/253 333/224/254 334/225/255
f 334/225/255 335/226/256 332/223/253
f 336/227/257 337/228/258 332/223/253
f 332/223/253 335/226/256 336/227/257
f 338/229/259 339/230/260 337/228/258
f 337/228/258 336/227/257 338/229/259
f 340/223/261 341/226/262 342/225/263
f 343/225/264 344/224/264 340/223/265
f 345/227/266 341/226/262 340/223/261
f 340/223/261 346/228/267 345/227/266
f 347/231/268 348/232/268 349/233/268
f 349/233/268 350/234/268 347/231/268
f 346/228/267 351/230/269 352/229/270
f 352/229/270 345/227/266 346/228/267
f 353/235/271 354/236/271 355/237/271
f 356/237/271 357/238/271 358/235/271
f 359/239/272 360/240/272 361/241/272
f 362/241/272 363/242/272 364/239/272
f 365/242/272 366/241/272 367/243/272
f 368/243/272 369/244/272 370/242/272
f 371/245/272 372/244/272 373/243/272
f 374/243/272 375/246/272 376/245/272
f 377/247/271 378/248/271 379/236/271
f 380/236/271 381/235/271 382/247/271
f 383/249/271 384/250/271 385/248/271
f 386/248/271 387/247/271 388/249/271
f 389/251/273 390/251/274 391/252/275
f 391/252/275 392/252/276 389/251/273
f 393/253/277 394/253/278 390/251/274
f 390/251/274 389/251/273 393/253/277
f 395/254/279 396/254/280 394/253/278
f 394/253/278 393/253/277 395/254/279
f 397/255/281 398/255/282 396/254/280
f 396/254/280 395/254/279 397/255/281
f 399/256/283 400/256/284 398/255/282
f 398/255/282 397/255/281 399/256/283
f 401/257/285 402/257/286 400/256/284
f 400/256/284 399/256/283 401/257/285
f 403/258/287 404/258/288 402/257/286
f 402/257/286 401/257/285 403/258/287
f 392/252/276 391/252/275 404/258/288
f 404/258/288 403/258/287 392/252/276
f 405/259/289 406/260/290 407/261/290
f 407/261/290 408/262/291 405/259/289
f 409/263/292 410/264/293 411/265/294
f 411/265/294 412/266/295 409/263/292
f 410/264/293 409/263/292 413/267/296
f 413/267/296 414/268/297 410/264/293
f 415/269/298 416/270/298 417/271/299
f 417/271/300 418/272/301 419/269/298
f 417/271/300 414/268/297 413/267/296
f 413/267/296 418/272/301 417/271/300
f 411/265/294 405/259/289 408/262/291
f 408/262/291 412/266/295 411/265/294
f 420/273/302 421/274/303 422/275/304
f 422/275/304 423/276/305 420/273/302
f 411/265/294 420/273/302 423/276/305
f 423/276/305 424/277/306 411/265/294
f 421/274/303 410/264/293 414/268/297
f 414/268/297 422/275/304 421/274/303
f 425/259/307 426/262/308 427/261/309
f 427/261/309 428/260/309 425/259/307
f 429/265/310 430/278/311 431/279/312
f 431/279/312 432/266/313 429/265/310
f 430/278/311 433/280/314 434/281/315
f 434/281/315 431/279/312 430/278/311
f 435/269/316 436/272/317 437/271/318
f 437/271/319 438/270/320 439/269/320
f 434/281/315 433/280/314 437/271/318
f 437/271/318 436/272/317 434/281/315
f 429/265/310 432/266/313 426/262/308
f 426/262/308 425/259/307 429/265/310
f 440/273/321 441/276/322 442/282/323
f 442/282/323 443/283/324 440/273/321
f 429/265/310 444/277/325 441/276/322
f 441/276/322 440/273/321 429/265/310
f 443/283/324 442/282/323 433/280/314
f 433/280/314 430/278/311 443/283/324
f 445/284/326 446/285/327 447/286/328
f 447/286/328 448/287/329 445/284/326
f 449/285/330 445/284/326 448/287/329
f 448/287/329 450/286/331 449/285/330
f 451/288/332 449/285/330 450/286/331
f 450/286/331 452/289/333 451/288/332
f 453/290/334 451/288/332 452/289/333
f 452/289/333 454/291/335 453/290/334
f 455/292/193 453/290/334 454/291/335
f 454/291/335 456/293/193 455/292/193
f 457/290/336 458/292/337 459/293/338
f 459/293/338 460/291/339 457/290/336
f 461/288/340 457/290/336 460/291/339
f 460/291/339 462/289/341 461/288/340
f 446/285/327 461/288/340 462/289/341
f 462/289/341 447/286/328 446/285/327
f 463/294/342 464/295/342 465/296/343
f 465/296/343 466/297/344 463/294/342
f 467/298/345 468/299/346 469/300/347
f 469/300/347 470/301/347 467/298/345
f 466/297/344 465/296/343 471/302/348
f 471/302/348 472/303/349 466/297/344
f 472/303/349 471/302/348 473/304/350
f 473/304/350 474/305/351 472/303/349
f 475/306/248 476/307/248 477/308/248
f 477/308/248 478/309/248 479/306/248
f 468/299/346 467/298/345 480/310/352
f 480/310/352 481/311/353 468/299/346
f 482/307/193 483/306/193 484/309/193
f 485/309/193 486/308/193 487/307/193
f 474/305/351 473/304/350 488/312/354
f 488/312/354 489/313/355 474/305/351
f 490/309/248 477/308/248 491/314/356
f 491/314/356 492/315/248 493/309/248
f 494/311/357 480/310/352 495/316/358
f 495/316/358 496/317/359 497/311/359
f 498/308/193 499/309/193 500/315/193
f 501/315/193 502/314/193 503/308/193
f 504/318/360 505/319/361 489/313/355
f 489/313/355 488/312/354 504/318/360
f 506/320/362 507/321/363 508/315/363
f 509/315/364 491/314/356 506/320/362
f 510/322/365 511/323/366 512/317/366
f 513/317/366 495/316/367 510/322/365
f 514/321/368 515/320/368 516/314/368
f 517/314/369 518/315/369 519/321/369
f 505/319/361 504/318/360 520/324/370
f 520/324/370 521/325/370 505/319/361
f 522/321/248 506/320/362 523/326/248
f 523/326/248 524/327/248 525/321/248
f 526/323/371 510/322/372 527/328/371
f 527/328/371 528/329/371 529/323/371
f 530/320/193 531/321/193 532/327/193
f 533/327/193 534/326/193 535/320/193
f 536/330/373 537/331/373 538/332/374
f 538/332/374 539/333/375 536/330/373
f 540/334/376 541/335/377 542/336/378
f 542/336/378 543/337/378 540/334/376
f 544/338/379 545/339/380 546/340/380
f 547/340/380 548/341/380 544/338/379
f 549/342/381 550/343/382 551/344/382
f 552/344/383 553/345/383 549/342/384
f 554/346/385 555/347/385 556/348/385
f 557/348/385 558/349/385 559/346/385
f 560/339/386 544/338/379 561/350/386
f 562/350/387 563/351/387 564/339/387
f 541/335/377 540/334/376 565/352/388
f 566/352/388 567/353/388 541/335/389
f 568/347/390 569/346/390 539/333/375
f 539/333/375 538/332/374 570/347/391
f 571/343/392 549/342/393 572/354/392
f 573/354/392 574/355/392 575/343/392
f 576/356/394 577/357/395 578/358/395
f 578/358/395 579/359/394 576/356/394
f 580/360/248 581/361/248 582/362/248
f 583/362/248 584/363/248 580/360/248
f 578/358/395 577/357/395 585/364/396
f 586/364/396 587/365/396 578/358/395
f 588/363/193 589/362/193 590/361/193
f 591/361/193 592/360/193 593/363/193
f 594/366/397 595/367/398 596/368/399
f 596/368/399 597/369/400 594/366/397
f 598/370/401 594/366/397 597/369/400
f 597/369/400 599/371/402 598/370/401
f 600/372/403 598/370/401 599/371/402
f 599/371/402 601/373/404 600/372/403
f 602/374/405 600/372/403 601/373/404
f 601/373/404 603/375/406 602/374/405
f 604/376/407 602/374/405 603/375/406
f 603/375/406 605/377/408 604/376/407
f 606/378/409 604/376/407 605/377/408
f 605/377/408 607/379/410 606/378/409
f 608/380/411 606/378/409 607/379/410
f 607/379/410 609/381/411 608/380/411
f 610/382/412 611/383/412 612/384/412
f 613/384/412 614/385/412 615/382/412
f 616/386/413 617/385/413 618/384/413
f 619/384/414 620/387/414 621/386/414
f 622/386/415 623/387/415 624/388/415
f 625/388/416 626/389/416 627/386/416
f 628/390/417 629/391/417 630/392/417
f 631/392/418 632/393/418 633/390/418
f 634/390/419 635/393/419 636/394/419
f 637/394/420 638/395/420 639/390/420
f 640/394/421 641/396/421 642/397/421
f 643/397/421 644/395/421 645/394/421
f 646/398/422 647/399/422 648/400/423
f 648/400/423 649/401/423 646/398/422
f 650/402/424 651/403/424 652/404/424
f 653/404/424 654/405/424 650/402/424
f 655/406/425 656/407/425 657/408/426
f 657/408/426 658/409/426 655/406/425
f 659/410/427 647/399/422 646/398/422
f 646/398/422 660/411/427 659/410/427
f 650/402/424 661/412/424 662/413/424
f 663/413/424 664/403/424 650/402/424
f 655/406/425 665/414/428 666/415/428
f 666/415/428 656/407/425 655/406/425
f 667/416/429 668/417/430 669/418/430
f 669/418/430 670/419/429 667/416/429
f 671/420/431 672/421/431 673/422/431
f 673/422/431 674/423/431 675/420/431
f 676/424/432 677/425/433 678/426/433
f 678/426/433 679/427/432 676/424/432
f 680/428/434 681/429/435 682/430/434
f 683/430/436 684/431/436 685/428/436
f 686/432/424 687/433/424 688/434/424
f 688/434/424 689/435/424 690/432/424
f 691/436/431 687/433/431 692/432/431
f 693/432/424 694/437/424 691/436/424
f 695/438/431 696/439/431 697/440/431
f 698/440/431 699/441/431 695/438/431
f 700/421/437 701/439/438 702/438/439
f 702/438/439 703/422/440 700/421/437
f 704/412/431 705/436/431 701/439/438
f 701/439/438 700/421/437 704/412/431
f 706/402/441 707/433/442 705/436/431
f 705/436/431 704/412/431 706/402/441
f 708/442/443 709/434/444 707/433/442
f 707/433/442 706/402/441 708/442/443
f 710/443/445 711/444/445 712/445/445
f 713/445/446 714/446/446 715/443/446
f 716/447/447 717/448/447 718/449/447
f 719/449/448 720/450/448 721/447/448
f 722/446/449 723/451/449 724/452/449
f 725/452/450 726/443/450 727/446/450
f 728/448/451 729/453/451 730/454/451
f 731/454/452 732/449/452 733/448/452
f 734/455/453 735/452/453 736/451/453
f 737/451/454 738/456/454 739/455/454
f 740/453/455 741/457/455 742/458/455
f 743/458/455 744/454/455 745/453/455
f 746/456/456 747/459/456 748/460/456
f 749/460/457 750/455/457 751/456/457
f 752/457/458 753/461/458 754/462/458
f 755/462/459 756/458/459 757/457/459
f 758/463/460 759/464/461 760/465/462
f 761/465/462 762/466/462 758/463/463
f 763/467/464 764/468/465 765/469/465
f 765/469/465 766/470/466 763/467/464
f 767/471/467 763/467/464 766/470/466
f 766/470/466 768/472/468 767/471/467
f 769/473/469 767/471/467 768/472/468
f 768/472/468 770/474/470 769/473/469
f 771/475/471 769/473/469 770/474/470
f 770/474/470 772/476/472 771/475/471
f 773/477/473 771/475/471 772/476/472
f 772/476/472 774/478/474 773/477/473
f 775/479/475 773/477/473 774/478/474
f 774/478/474 776/480/475 775/479/475
f 777/481/476 778/482/476 779/483/476
f 780/483/477 781/484/477 782/481/477
f 783/485/248 784/486/248 785/482/248
f 786/482/478 787/481/478 788/485/478
f 789/482/193 790/486/193 791/485/193
f 792/485/193 793/481/193 794/482/193
f 795/483/479 796/482/479 797/481/479
f 798/481/480 799/484/480 800/483/480
f 801/487/481 802/488/482 803/489/483
f 803/489/483 804/490/484 801/487/481
f 805/491/485 806/492/486 807/493/487
f 807/493/487 808/494/488 805/491/485
f 809/495/489 810/496/490 802/488/482
f 802/488/482 801/487/481 809/495/489
f 811/497/491 812/498/492 813/499/493
f 813/499/493 807/493/487 811/497/491
f 814/500/494 811/497/491 807/493/487
f 807/493/487 806/492/486 814/500/494
f 815/501/495 816/502/496 811/497/491
f 811/497/491 814/500/494 815/501/495
f 817/503/497 818/504/498 816/502/496
f 816/502/496 815/501/495 817/503/497
f 813/499/493 812/498/492 809/495/489
f 809/495/489 801/487/481 813/499/493
f 819/505/499 813/499/493 801/487/481
f 801/487/481 804/490/484 819/505/499
f 820/506/500 821/507/501 822/508/502
f 822/508/502 823/509/503 820/506/500
f 824/510/504 825/511/505 820/506/500
f 820/506/500 823/509/503 824/510/504
f 826/512/506 827/513/506 828/514/507
f 828/514/507 829/515/507 826/512/506
f 830/516/508 827/513/506 826/512/506
f 826/512/506 831/517/508 830/516/508
f 830/516/508 831/517/508 832/518/509
f 832/518/509 833/519/510 830/516/508
f 834/520/511 835/521/512 836/522/512
f 836/522/512 837/523/513 834/520/511
f 838/524/514 839/525/515 840/526/516
f 841/526/517 842/527/518 838/524/514
f 843/528/519 837/523/513 844/529/520
f 845/529/521 822/508/502 843/528/519
f 846/530/522 847/531/523 822/508/502
f 822/508/502 821/507/501 846/530/522
f 847/531/523 846/530/522 848/532/524
f 848/532/524 843/528/519 847/531/523
f 836/522/512 835/521/512 833/519/510
f 833/519/510 832/518/509 836/522/512
f 849/533/525 825/511/505 824/510/504
f 824/510/504 850/534/526 849/533/525
f 848/532/524 834/520/511 837/523/513
f 837/523/513 843/528/519 848/532/524
f 851/535/527 852/536/528 853/537/529
f 853/537/529 854/538/530 851/535/527
f 853/537/529 855/539/531 856/540/531
f 856/540/531 854/538/530 853/537/529
f 857/541/532 858/542/533 859/543/534
f 859/543/534 860/544/534 857/541/532
f 861/545/248 862/546/248 863/547/248
f 864/547/248 865/548/248 866/545/248
f 856/540/531 855/539/531 867/549/535
f 868/549/535 869/550/535 856/540/536
f 858/542/533 857/541/532 852/536/528
f 852/536/528 851/535/527 858/542/533
f 870/546/537 871/545/537 872/548/537
f 873/548/193 874/547/193 875/546/193
f 876/551/538 877/552/538 878/553/268
f 878/553/268 879/554/268 876/551/538
f 880/555/539 881/556/396 882/557/396
f 882/557/396 883/558/540 880/555/539
f 884/559/248 885/560/248 886/561/248
f 887/561/248 888/562/248 889/559/248
f 890/561/193 891/560/193 892/559/193
f 893/559/193 894/562/193 895/561/193
f 896/563/541 897/564/540 898/565/539
f 898/565/539 899/566/542 896/563/541
f 897/564/540 880/555/539 883/558/540
f 883/558/540 898/565/539 897/564/540
f 900/567/537 901/559/537 902/560/537
f 903/560/193 904/568/193 905/567/193
f 876/551/538 896/563/541 899/566/542
f 899/566/542 877/552/538 876/551/538
f 906/567/478 907/568/478 908/560/478
f 909/560/248 910/559/248 911/567/248
f 912/569/543 913/570/544 914/571/545
f 914/571/545 915/572/546 912/569/543
f 916/573/547 917/574/547 918/575/548
f 918/575/548 919/576/548 916/573/547
f 920/577/549 921/578/550 922/579/248
f 922/579/248 923/580/248 920/577/549
f 924/581/551 925/582/551 926/577/552
f 926/577/552 927/578/553 928/581/554
f 929/572/555 930/569/556 931/583/557
f 931/583/557 932/584/558 929/572/555
f 918/575/548 933/585/559 934/586/559
f 934/586/559 919/576/548 918/575/548
f 935/581/560 921/578/550 920/577/549
f 920/577/549 936/582/561 937/581/561
f 926/577/552 938/580/193 939/579/193
f 939/579/193 927/578/553 926/577/552
f 940/587/562 941/588/563 942/589/564
f 942/589/564 943/590/562 940/587/562
f 944/591/193 945/592/193 927/578/553
f 927/578/553 939/579/193 946/591/193
f 947/592/478 948/591/478 922/579/478
f 922/579/248 921/578/550 949/592/248
f 930/569/565 950/593/566 951/594/566
f 952/594/567 931/583/557 930/569/556
f 934/586/559 933/585/559 953/595/568
f 953/595/568 954/596/569 934/586/559
f 955/593/566 956/597/566 913/570/570
f 913/570/544 912/569/543 957/593/566
f 958/598/193 959/599/193 960/581/193
f 961/581/193 962/582/193 963/598/193
f 964/599/478 965/598/478 966/582/478
f 967/582/248 968/581/248 969/599/248
f 970/600/571 971/601/571 915/572/546
f 915/572/546 914/571/545 972/600/572
f 973/602/272 974/601/272 929/572/573
f 929/572/555 932/584/558 975/602/272
f 976/603/574 977/604/575 978/605/576
f 978/605/576 979/606/577 976/603/574
f 980/607/578 981/608/579 982/609/580
f 982/609/580 983/610/581 980/607/578
f 984/611/582 985/612/582 986/613/582
f 986/613/582 987/614/583 988/611/582
f 989/615/584 990/616/584 991/617/585
f 991/617/586 992/618/587 993/615/587
f 983/610/581 994/619/588 995/620/589
f 995/620/589 980/607/578 983/610/581
f 996/611/268 987/614/590 997/621/591
f 997/621/591 998/622/268 999/611/268
f 992/618/587 1000/623/592 1001/624/587
f 1002/624/593 1003/615/593 992/618/593
f 1004/625/594 1005/626/594 1006/627/595
f 1006/627/595 1007/616/594 1008/625/594
f 994/619/588 1009/628/596 1010/629/597
f 1010/629/597 995/620/589 994/619/588
f 1011/630/598 1012/622/598 997/621/591
f 997/621/591 1013/631/598 1014/630/598
f 1000/623/592 976/603/574 979/606/577
f 979/606/577 1015/624/599 1000/623/592
f 1006/627/595 1016/632/600 991/617/601
f 991/617/601 1017/616/602 1006/627/595
f 978/605/603 1018/633/604 1019/634/605
f 1020/634/606 979/606/577 978/605/576
f 1010/629/597 1009/628/596 1021/605/607
f 1022/605/608 1023/635/608 1010/629/609
f 1024/636/272 1025/637/272 1018/633/610
f 1018/633/604 978/605/603 1026/636/272
f 1027/627/611 982/609/580 981/608/579
f 981/608/612 1028/638/613 1029/627/613
f 1030/637/271 1031/636/271 1032/605/271
f 1033/605/271 1034/633/271 1035/637/271
f 1036/639/614 1037/640/615 1038/641/616
f 1038/641/616 1039/642/617 1036/639/614
f 1040/643/618 1036/639/614 1039/642/617
f 1039/642/617 1041/644/619 1040/643/618
f 1042/645/620 1040/643/618 1041/644/619
f 1041/644/619 1043/646/621 1042/645/620
f 1044/647/622 1042/645/620 1043/646/621
f 1043/646/621 1045/648/623 1044/647/622
f 1046/649/624 1044/647/622 1045/648/623
f 1045/648/623 1047/650/625 1046/649/624
f 1048/651/626 1046/649/624 1047/650/625
f 1047/650/625 1049/652/627 1048/651/626
f 1050/653/628 1048/651/626 1049/652/627
f 1049/652/627 1051/654/629 1050/653/628
f 1037/640/615 1050/653/628 1051/654/629
f 1051/654/629 1038/641/616 1037/640/615
f 1052/655/630 1053/656/631 1054/657/632
f 1054/657/632 1055/658/633 1052/655/630
f 1056/659/634 1057/660/635 1052/655/630
f 1052/655/630 1055/658/633 1056/659/634
f 1058/661/478 1059/662/636 1060/663/478
f 1061/663/248 1062/664/248 1063/661/248
f 1053/656/631 1064/665/271 1065/666/637
f 1065/666/637 1054/657/632 1053/656/631
f 1066/662/193 1067/661/193 1068/664/193
f 1069/664/193 1070/663/193 1071/662/193
f 1072/667/638 1073/668/638 1074/661/638
f 1075/661/638 1076/662/638 1072/667/638
f 1065/666/637 1077/665/639 1078/669/640
f 1078/669/640 1079/670/640 1065/666/637
f 1080/668/641 1081/667/642 1059/662/643
f 1059/662/643 1082/661/641 1080/668/641
f 1057/660/635 1056/659/634 1083/671/644
f 1084/671/645 1085/672/645 1057/660/635
f 1086/673/646 1087/674/647 1088/675/648
f 1088/675/648 1089/676/649 1086/673/646
f 1089/676/649 1088/675/648 1090/677/650
f 1090/677/650 1091/678/651 1089/676/649
f 1087/674/647 1086/673/646 1092/678/652
f 1092/678/652 1093/677/653 1087/674/647
f 1094/679/654 1095/680/655 1096/681/656
f 1096/681/656 1097/682/657 1094/679/654
f 1098/680/658 1094/679/654 1097/682/657
f 1097/682/657 1099/681/659 1098/680/658
f 1100/683/660 1098/680/658 1099/681/659
f 1099/681/659 1101/684/661 1100/683/660
f 1102/685/662 1100/683/660 1101/684/661
f 1101/684/661 1103/686/663 1102/685/662
f 1104/687/664 1102/685/662 1103/686/663
f 1103/686/663 1105/688/665 1104/687/664
f 1106/685/666 1104/687/664 1105/688/665
f 1105/688/665 1107/686/667 1106/685/666
f 1108/683/668 1106/685/666 1107/686/667
f 1107/686/667 1109/684/669 1108/683/668
f 1095/680/655 1108/683/668 1109/684/669
f 1109/684/669 1096/681/656 1095/680/655
f 1110/689/670 1111/690/671 1112/691/672
f 1112/691/672 1113/692/673 1110/689/670
f 1114/693/674 1115/694/675 1113/692/673
f 1113/692/673 1112/691/672 1114/693/674
f 1116/691/676 1117/692/677 1115/694/675
f 1115/694/675 1114/693/674 1116/691/676
f 1118/690/678 1119/689/679 1117/692/677
f 1117/692/677 1116/691/676 1118/690/678
f 1120/695/680 1121/696/681 1119/689/679
f 1119/689/679 1118/690/678 1120/695/680
f 1122/697/682 1123/698/683 1121/696/681
f 1121/696/681 1120/695/680 1122/697/682
f 1124/695/684 1125/696/685 1123/698/683
f 1123/698/683 1122/697/682 1124/695/684
f 1111/690/671 1110/689/670 1125/696/685
f 1125/696/685 1124/695/684 1111/690/671
f 1126/699/686 1127/700/687 1128/701/688
f 1128/701/688 1129/702/689 1126/699/686
f 1127/700/687 1130/703/690 1131/704/691
f 1131/704/691 1128/701/688 1127/700/687
f 1130/703/690 1132/705/692 1133/706/693
f 1133/706/693 1131/704/691 1130/703/690
f 1132/705/692 1134/703/694 1135/704/695
f 1135/704/695 1133/706/693 1132/705/692
f 1134/703/694 1136/700/696 1137/701/697
f 1137/701/697 1135/704/695 1134/703/694
f 1136/700/696 1138/699/698 1139/702/699
f 1139/702/699 1137/701/697 1136/700/696
f 1138/699/698 1140/707/700 1141/708/701
f 1141/708/701 1139/702/699 1138/699/698
f 1140/707/700 1126/699/686 1129/702/689
f 1129/702/689 1141/708/701 1140/707/700
f 1112/691/672 1111/690/671 1142/709/702
f 1142/709/702 1143/710/703 1112/691/672
f 1111/690/671 1124/695/684 1144/711/704
f 1144/711/704 1142/709/702 1111/690/671
f 1124/695/684 1122/697/682 1145/712/705
f 1145/712/705 1144/711/704 1124/695/684
f 1122/697/682 1120/695/680 1146/711/706
f 1146/711/706 1145/712/705 1122/697/682
f 1120/695/680 1118/690/678 1147/709/707
f 1147/709/707 1146/711/706 1120/695/680
f 1118/690/678 1116/691/676 1148/710/708
f 1148/710/708 1147/709/707 1118/690/678
f 1116/691/676 1114/693/674 1149/713/709
f 1149/713/709 1148/710/708 1116/691/676
f 1114/693/674 1112/691/672 1143/710/703
f 1143/710/703 1149/713/709 1114/693/674
f 1129/702/689 1128/701/688 1108/683/668
f 1108/683/668 1095/680/655 1129/702/689
f 1127/700/687 1126/699/686 1143/710/703
f 1143/710/703 1142/709/702 1127/700/687
f 1128/701/688 1131/704/691 1106/685/666
f 1106/685/666 1108/683/668 1128/701/688
f 1130/703/690 1127/700/687 1142/709/702
f 1142/709/702 1144/711/704 1130/703/690
f 1131/704/691 1133/706/693 1104/687/664
f 1104/687/664 1106/685/666 1131/704/691
f 1132/705/692 1130/703/690 1144/711/704
f 1144/711/704 1145/712/705 1132/705/692
f 1133/706/693 1135/704/695 1102/685/662
f 1102/685/662 1104/687/664 1133/706/693
f 1134/703/694 1132/705/692 1145/712/705
f 1145/712/705 1146/711/706 1134/703/694
f 1135/704/695 1137/701/697 1100/683/660
f 1100/683/660 1102/685/662 1135/704/695
f 1136/700/696 1134/703/694 1146/711/706
f 1146/711/706 1147/709/707 1136/700/696
f 1137/701/697 1139/702/699 1098/680/658
f 1098/680/658 1100/683/660 1137/701/697
f 1138/699/698 1136/700/696 1147/709/707
f 1147/709/707 1148/710/708 1138/699/698
f 1139/702/699 1141/708/701 1094/679/654
f 1094/679/654 1098/680/658 1139/702/699
f 1140/707/700 1138/699/698 1148/710/708
f 1148/710/708 1149/713/709 1140/707/700
f 1141/708/701 1129/702/689 1095/680/655
f 1095/680/655 1094/679/654 1141/708/701
f 1126/699/686 1140/707/700 1149/713/709
f 1149/713/709 1143/710/703 1126/699/686
f 1150/676/710 1151/675/711 1152/674/712
f 1152/674/712 1153/673/713 1150/676/710
f 1153/673/713 1152/674/712 1154/677/714
f 1154/677/714 1155/678/715 1153/673/713
f 1151/675/711 1150/676/710 1156/678/716
f 1156/678/716 1157/677/717 1151/675/711
f 1158/673/718 1159/674/719 1160/675/720
f 1160/675/720 1161/676/721 1158/673/718
f 1161/676/721 1160/675/720 1162/677/722
f 1162/677/722 1163/678/723 1161/676/721
f 1159/674/719 1158/673/718 1164/678/724
f 1164/678/724 1165/677/725 1159/674/719
f 1166/402/726 1167/403/726 1168/413/726
f 1169/413/727 1170/412/727 1166/402/727
f 1171/420/726 1172/423/726 1173/422/726
f 1173/422/726 1174/421/726 1175/420/726
f 1176/434/727 1177/433/727 1178/432/727
f 1179/432/727 1180/435/727 1176/434/727
f 1181/436/726 1182/437/726 1183/432/726
f 1184/432/726 1177/433/726 1181/436/726
f 1185/438/726 1186/441/726 1187/440/726
f 1188/440/726 1189/439/726 1185/438/726
f 1190/421/728 1191/422/729 1192/438/730
f 1192/438/730 1193/439/731 1190/421/728
f 1194/436/726 1195/412/726 1190/421/728
f 1190/421/728 1193/439/731 1194/436/726
f 1196/402/732 1195/412/726 1194/436/726
f 1194/436/726 1197/433/733 1196/402/732
f 1198/434/734 1199/442/734 1196/402/735
f 1196/402/732 1197/433/733 1200/434/736
f 1201/714/737 1202/715/737 1203/716/737
f 1204/716/738 1205/717/738 1206/714/738
f 1207/718/739 1208/719/739 1209/720/739
f 1210/720/740 1211/721/740 1212/718/740
f 1213/714/741 1214/722/741 1215/723/741
f 1216/723/742 1217/715/742 1218/714/742
f 1219/720/743 1220/724/743 1221/725/743
f 1222/725/744 1223/721/744 1224/720/744
f 1225/726/745 1226/727/745 1227/723/745
f 1228/723/453 1229/722/453 1230/726/453
f 1231/725/746 1232/724/746 1233/728/746
f 1234/728/746 1235/729/746 1236/725/746
f 1237/726/747 1238/730/747 1239/731/748
f 1239/731/749 1240/727/750 1241/726/750
f 1242/728/751 1243/732/751 1244/733/751
f 1245/733/752 1246/729/752 1247/728/752
f 1248/734/753 1249/735/754 1250/736/755
f 1250/736/755 1251/737/756 1248/734/753
f 1252/738/757 1248/734/753 1251/737/756
f 1251/737/756 1253/739/758 1252/738/757
f 1248/734/753 1252/738/757 1254/740/759
f 1254/740/759 1249/735/754 1248/734/753
f 1250/736/755 1255/741/760 1253/739/758
f 1253/739/758 1251/737/756 1250/736/755
f 1255/741/760 1250/736/755 1249/735/754
f 1249/735/754 1254/740/759 1255/741/760
f 1256/742/326 1257/743/327 1258/744/761
f 1258/744/761 1259/745/329 1256/742/326
f 1260/746/330 1256/742/326 1259/745/329
f 1259/745/329 1261/747/331 1260/746/330
f 1262/748/762 1260/746/330 1261/747/331
f 1261/747/331 1263/749/763 1262/748/762
f 1264/750/764 1262/748/762 1263/749/763
f 1263/749/763 1265/751/765 1264/750/764
f 1266/752/766 1264/750/764 1265/751/765
f 1265/751/765 1267/753/766 1266/752/766
f 1268/754/767 1269/755/768 1270/756/768
f 1271/756/768 1272/757/769 1268/754/770
f 1273/758/771 1268/754/770 1272/757/769
f 1272/757/769 1274/759/772 1273/758/771
f 1257/743/327 1273/758/771 1274/759/772
f 1274/759/772 1258/744/761 1257/743/327
f 1275/760/4 1276/761/2 1277/762/773
f 1277/762/773 1278/763/1 1275/760/4
f 1279/764/774 1280/765/775 1281/766/776
f 1281/766/776 1282/767/777 1279/764/774
f 1283/768/778 1279/764/774 1282/767/777
f 1282/767/777 1284/769/779 1283/768/778
f 1285/770/780 1283/768/778 1284/769/779
f 1284/769/779 1286/771/781 1285/770/780
f 1287/772/782 1285/770/780 1286/771/781
f 1286/771/781 1288/773/783 1287/772/782
f 1289/774/784 1287/772/782 1288/773/783
f 1288/773/783 1290/775/785 1289/774/784
f 1291/776/786 1289/774/784 1290/775/785
f 1290/775/785 1292/777/787 1291/776/786
f 1293/778/788 1291/776/786 1292/777/787
f 1292/777/787 1294/779/789 1293/778/788
f 1280/765/775 1293/778/788 1294/779/789
f 1294/779/789 1281/766/776 1280/765/775
f 1295/780/790 1296/781/791 1297/782/792
f 1297/782/792 1298/783/793 1295/780/790
f 1299/784/271 1300/785/794 1301/786/795
f 1301/786/795 1302/787/271 1299/784/271
f 1296/781/791 1303/788/796 1304/789/796
f 1305/789/797 1297/782/792 1296/781/791
f 1300/785/794 1295/780/790 1298/783/793
f 1298/783/793 1301/786/795 1300/785/794
f 1306/790/798 1307/791/799 1308/792/800
f 1308/792/800 1276/761/2 1306/790/798
f 1309/489/801 1310/488/801 1311/487/802
f 1311/487/802 1312/490/803 1313/489/804
f 1314/494/805 1315/493/806 1316/492/807
f 1317/492/808 1318/491/808 1314/494/809
f 1319/496/810 1320/495/811 1311/487/802
f 1311/487/812 1321/488/813 1322/496/813
f 1323/498/814 1324/497/815 1315/493/806
f 1315/493/806 1325/499/816 1323/498/814
f 1315/493/806 1324/497/815 1326/500/817
f 1327/500/818 1328/492/818 1315/493/806
f 1329/501/819 1330/500/819 1324/497/820
f 1324/497/815 1331/502/821 1332/501/822
f 1333/503/823 1334/501/823 1331/502/821
f 1331/502/821 1335/504/824 1336/503/825
f 1311/487/802 1320/495/811 1323/498/814
f 1323/498/814 1325/499/816 1311/487/802
f 1311/487/802 1325/499/816 1337/505/826
f 1337/505/826 1312/490/803 1311/487/802
f 1338/506/827 1339/509/828 1340/508/829
f 1340/508/829 1341/507/830 1338/506/827
f 1342/510/831 1339/509/828 1338/506/827
f 1338/506/827 1343/511/832 1342/510/831
f 1344/512/833 1345/515/834 1346/514/834
f 1347/514/834 1348/513/835 1344/512/835
f 1349/516/836 1350/517/837 1344/512/835
f 1344/512/835 1348/513/835 1349/516/836
f 1350/517/837 1349/516/836 1351/519/838
f 1351/519/838 1352/518/838 1350/517/837
f 1353/520/839 1354/523/840 1355/522/841
f 1355/522/841 1356/521/841 1353/520/839
f 1357/525/842 1358/524/842 1359/527/843
f 1359/527/843 1360/526/844 1361/525/844
f 1362/529/845 1354/523/840 1363/528/846
f 1363/528/846 1340/508/829 1364/529/847
f 1365/530/848 1341/507/830 1340/508/829
f 1340/508/829 1366/531/849 1365/530/848
f 1366/531/849 1363/528/846 1367/532/850
f 1367/532/850 1365/530/848 1366/531/849
f 1355/522/841 1352/518/838 1351/519/838
f 1351/519/838 1356/521/841 1355/522/841
f 1368/793/851 1369/794/852 1359/527/853
f 1359/527/853 1370/524/854 1368/793/851
f 1371/533/855 1372/534/855 1342/510/856
f 1342/510/831 1343/511/832 1373/533/857
f 1367/532/850 1363/528/846 1354/523/840
f 1354/523/840 1353/520/839 1367/532/850
f 1374/795/858 1375/796/859 1376/797/860
f 1376/797/860 1377/798/861 1374/795/858
f 1378/799/862 1374/795/858 1377/798/861
f 1377/798/861 1379/800/863 1378/799/862
f 1380/801/864 1378/799/862 1379/800/863
f 1379/800/863 1381/802/864 1380/801/864
f 1382/803/865 1383/804/865 1380/801/864
f 1380/801/864 1381/802/864 1382/803/865
f 1375/796/859 1384/805/866 1385/806/866
f 1385/806/866 1376/797/860 1375/796/859
f 1386/807/268 1387/808/867 1388/809/268
f 1388/809/268 1389/810/268 1386/807/268
f 1390/811/248 1391/812/248 1392/813/248
f 1393/813/248 1394/814/248 1390/811/248
f 1395/808/868 1387/808/605 1396/815/868
f 1396/815/868 1397/815/868 1398/808/868
f 1399/816/271 1400/807/271 1401/807/271
f 1402/807/271 1403/816/271 1399/816/271
f 1404/811/193 1405/814/193 1406/813/193
f 1407/813/193 1408/812/193 1409/811/193
f 1410/817/869 1411/818/869 1412/818/869
f 1412/818/869 1413/818/869 1410/817/869
f 1414/819/870 1415/820/870 1416/821/870
f 1416/821/870 1417/822/870 1414/819/870
f 1418/823/871 1419/824/871 1420/825/871
f 1421/825/871 1422/826/871 1423/823/871
f 1424/827/872 1425/828/872 1426/823/872
f 1427/823/873 1428/826/873 1429/827/873
f 1430/829/874 1431/828/874 1432/827/874
f 1433/827/874 1434/830/874 1435/829/874
f 1436/830/875 1437/831/875 1438/832/875
f 1439/832/876 1440/829/876 1441/830/876
f 1442/833/193 1443/834/193 1444/835/193
f 1444/835/193 1445/836/193 1442/833/193
f 1446/837/877 1447/838/877 1448/839/878
f 1448/839/878 1449/840/878 1446/837/877
f 1450/841/879 1451/842/537 1452/843/193
f 1452/843/193 1453/844/880 1450/841/879
f 1454/845/881 1447/838/877 1446/837/877
f 1446/837/877 1455/846/882 1454/845/881
f 1456/847/883 1457/848/884 1458/849/885
f 1458/849/885 1459/850/883 1456/847/883
f 1457/848/886 1454/845/887 1460/846/888
f 1461/846/888 1458/849/885 1457/848/884
f 1462/851/193 1445/836/193 1444/835/193
f 1444/835/193 1463/852/193 1462/851/193
f 1464/853/889 1465/854/889 1466/855/889
f 1467/855/890 1468/856/890 1469/853/890
f 1470/857/268 1471/858/891 1472/859/892
f 1472/859/892 1473/860/268 1474/857/268
f 1475/861/893 1476/862/894 1477/860/894
f 1478/860/895 1472/859/892 1475/861/896
f 1479/863/897 1480/864/898 1481/865/899
f 1481/865/899 1482/866/900 1479/863/897
f 1483/867/901 1484/868/902 1485/869/903
f 1485/869/903 1486/870/904 1483/867/901
f 1486/870/904 1485/869/903 1487/871/905
f 1487/871/905 1488/872/906 1486/870/904
f 1482/866/900 1481/865/899 1484/868/902
f 1484/868/902 1483/867/901 1482/866/900
f 1488/872/906 1487/871/905 1489/873/907
f 1489/873/907 1490/874/908 1488/872/906
f 1491/875/271 1492/876/909 1493/877/271
f 1494/877/271 1495/878/271 1491/875/271
f 1496/879/910 1497/880/911 1498/881/912
f 1498/881/912 1499/882/913 1496/879/910
f 1500/883/914 1496/879/910 1499/882/913
f 1499/882/913 1501/884/915 1500/883/914
f 1502/885/193 1503/886/193 1504/887/193
f 1505/887/537 1506/888/537 1507/885/537
f 1508/889/916 1509/890/248 1510/891/248
f 1511/891/248 1512/892/917 1508/889/916
f 1508/889/916 1512/892/917 1513/893/918
f 1513/893/918 1514/894/919 1508/889/916
f 1515/895/920 1516/854/921 1517/853/922
f 1517/853/923 1518/896/924 1519/895/924
f 1520/859/892 1521/858/925 1522/857/268
f 1523/857/268 1524/860/268 1520/859/892
f 1525/861/926 1520/859/927 1526/860/895
f 1527/860/928 1528/897/928 1525/861/926
f 1529/863/929 1530/866/930 1531/865/931
f 1531/865/931 1532/864/932 1529/863/929
f 1533/868/933 1534/867/934 1535/898/935
f 1535/898/935 1536/899/936 1533/868/933
f 1535/898/935 1537/872/937 1538/871/938
f 1538/871/938 1536/899/936 1535/898/935
f 1530/866/930 1534/867/934 1533/868/933
f 1533/868/933 1531/865/931 1530/866/930
f 1537/872/937 1539/874/939 1540/900/940
f 1540/900/940 1538/871/938 1537/872/937
f 1541/901/248 1542/902/248 1543/903/248
f 1544/903/248 1545/904/248 1546/901/248
f 1547/905/941 1548/906/942 1549/907/943
f 1549/907/943 1550/908/944 1547/905/941
f 1551/909/945 1547/905/941 1550/908/944
f 1550/908/944 1552/910/946 1551/909/945
f 1548/906/942 1553/911/947 1554/912/948
f 1554/912/948 1549/907/943 1548/906/942
f 1549/907/943 1555/913/949 1556/914/950
f 1556/914/950 1550/908/944 1549/907/943
f 1550/908/944 1556/914/950 1557/915/951
f 1557/915/951 1552/910/946 1550/908/944
f 1558/916/952 1555/913/949 1549/907/943
f 1549/907/943 1554/912/948 1558/916/952
f 1559/917/953 1560/918/954 1561/919/955
f 1561/919/955 1562/920/956 1559/917/953
f 1554/912/948 1559/917/953 1562/920/956
f 1562/920/956 1558/916/952 1554/912/948
f 1563/921/957 1564/922/958 1565/923/959
f 1566/923/960 1567/924/961 1563/921/957
f 1568/925/962 1569/926/963 1567/924/961
f 1567/924/964 1570/923/965 1571/925/965
f 1572/925/966 1573/927/966 1574/928/967
f 1574/928/968 1569/926/963 1575/925/969
f 1576/929/970 1577/930/971 1578/931/972
f 1579/931/973 1580/932/973 1576/929/974
f 1581/933/975 1582/934/976 1576/929/970
f 1576/929/970 1583/935/977 1581/933/975
f 1584/936/978 1585/937/979 1564/922/958
f 1564/922/958 1563/921/957 1584/936/978
f 1582/934/976 1586/938/980 1577/930/971
f 1577/930/971 1576/929/970 1582/934/976
f 1586/938/980 1587/939/981 1588/940/982
f 1588/940/982 1577/930/971 1586/938/980
f 1589/941/983 1590/942/984 1588/940/982
f 1588/940/982 1587/939/981 1589/941/983
f 1591/943/985 1569/926/963 1574/928/968
f 1574/928/968 1592/944/986 1591/943/985
f 1591/943/985 1593/945/987 1567/924/961
f 1567/924/961 1569/926/963 1591/943/985
f 1583/935/977 1576/929/970 1594/932/988
f 1595/932/989 1596/946/989 1583/935/990
f 1589/941/983 1597/947/991 1592/944/986
f 1592/944/986 1590/942/984 1589/941/983
f 1591/943/985 1598/948/992 1599/949/993
f 1599/949/993 1593/945/987 1591/943/985
f 1591/943/985 1592/944/986 1600/950/994
f 1600/950/994 1598/948/992 1591/943/985
f 1601/951/995 1602/952/996 1548/906/942
f 1548/906/942 1547/905/941 1601/951/995
f 1603/953/997 1601/951/995 1547/905/941
f 1547/905/941 1551/909/945 1603/953/997
f 1604/954/998 1553/911/947 1548/906/942
f 1548/906/942 1602/952/996 1604/954/998
f 1605/955/999 1606/956/1000 1607/957/1001
f 1608/957/1002 1609/958/1002 1605/955/1003
f 1553/911/947 1604/954/998 1606/956/1000
f 1606/956/1000 1605/955/999 1553/911/947
f 1610/921/1004 1611/924/1005 1612/923/1006
f 1613/923/1007 1614/922/1008 1610/921/1004
f 1611/924/1005 1615/926/1009 1616/925/1010
f 1617/925/1011 1618/923/1011 1611/924/1012
f 1615/926/1009 1619/928/1013 1620/927/1014
f 1621/927/1015 1622/925/1015 1615/926/1016
f 1623/931/1017 1624/930/1018 1625/929/1019
f 1625/929/1020 1626/932/1021 1627/931/1021
f 1628/933/1022 1629/935/1022 1625/929/1023
f 1625/929/1019 1630/934/1024 1631/933/1025
f 1632/936/1026 1610/921/1004 1614/922/1008
f 1614/922/1027 1633/937/1028 1634/936/1028
f 1635/938/1029 1624/930/1018 1636/940/1030
f 1636/940/1030 1637/939/1031 1635/938/1029
f 1638/942/1032 1639/941/1033 1637/939/1031
f 1637/939/1031 1636/940/1030 1638/942/1032
f 1640/943/1034 1641/944/1035 1619/928/1013
f 1619/928/1013 1615/926/1009 1640/943/1034
f 1611/924/1005 1642/945/1036 1640/943/1034
f 1640/943/1034 1615/926/1009 1611/924/1005
f 1643/935/1037 1644/946/1037 1645/932/1037
f 1646/932/1038 1625/929/1020 1647/935/1038
f 1648/949/1039 1649/948/1039 1640/943/1040
f 1640/943/1034 1642/945/1036 1650/949/1041
f 1640/943/1042 1651/948/1043 1652/950/1043
f 1653/950/1044 1641/944/1035 1640/943/1034
f 1654/959/1045 1655/960/1046 1656/961/1047
f 1656/961/1047 1657/962/1048 1654/959/1045
f 1658/963/1049 1654/959/1045 1657/962/1048
f 1657/962/1048 1659/964/1050 1658/963/1049
f 1660/965/1051 1658/963/1049 1659/964/1050
f 1659/964/1050 1661/966/1052 1660/965/1051
f 1662/967/1053 1663/968/1054 1664/969/1055
f 1664/969/1055 1665/970/1056 1662/967/1053
f 1663/968/1054 1666/971/1057 1667/972/1058
f 1667/972/1058 1664/969/1055 1663/968/1054
f 1666/971/1057 1668/973/1059 1669/974/1060
f 1669/974/1060 1667/972/1058 1666/971/1057
f 1670/975/1061 1671/976/1062 1672/977/1063
f 1672/977/1063 1673/978/1064 1670/975/1061
f 1654/959/1045 1674/979/1065 1675/980/1065
f 1676/980/1066 1655/960/1046 1654/959/1045
f 1660/965/1067 1677/981/1068 1678/982/1068
f 1679/982/1069 1658/963/1049 1660/965/1051
f 1658/963/1070 1680/982/1071 1681/979/1071
f 1682/979/1072 1654/959/1045 1658/963/1049
f 1683/983/1073 1684/984/1074 1685/981/1075
f 1686/981/1076 1660/965/1051 1683/983/1073
f 1687/960/1077 1688/959/1078 1689/962/1079
f 1689/962/1079 1690/961/1080 1691/960/1080
f 1688/959/1078 1692/963/1081 1693/964/1082
f 1693/964/1082 1689/962/1079 1688/959/1078
f 1692/963/1081 1694/965/1083 1695/966/1084
f 1695/966/1084 1693/964/1082 1692/963/1081
f 1696/969/1085 1697/968/1086 1698/967/1087
f 1699/967/1088 1700/970/1088 1696/969/1089
f 1701/971/1090 1697/968/1086 1696/969/1085
f 1696/969/1085 1702/972/1091 1701/971/1090
f 1703/975/1092 1704/978/1093 1705/977/1094
f 1705/977/1094 1706/976/1095 1707/975/1095
f 1688/959/1078 1708/960/1096 1709/980/1096
f 1710/980/1097 1711/979/1097 1688/959/1078
f 1694/965/1083 1692/963/1081 1712/982/1098
f 1713/982/1099 1714/981/1100 1694/965/1083
f 1692/963/1081 1688/959/1078 1715/979/1101
f 1716/979/1102 1717/982/1102 1692/963/1103
f 1718/983/1104 1694/965/1083 1714/981/1100
f 1714/981/1100 1719/984/1105 1718/983/1104
f 411/265/294 410/264/293 421/274/303
f 421/274/303 420/273/302 411/265/294
f 430/278/311 429/265/310 440/273/321
f 440/273/321 443/283/324 430/278/311
f 1086/673/646 1089/676/649 1091/678/651
f 1091/678/651 1092/678/652 1086/673/646
f 1093/677/653 1090/677/650 1088/675/648
f 1088/675/648 1087/674/647 1093/677/653
f 1150/676/710 1153/673/713 1155/678/715
f 1155/678/715 1156/678/716 1150/676/710
f 1157/677/717 1154/677/714 1152/674/712
f 1152/674/712 1151/675/711 1157/677/717
f 1158/673/718 1161/676/721 1163/678/723
f 1163/678/723 1164/678/724 1158/673/718
f 1165/677/725 1162/677/722 1160/675/720
f 1160/675/720 1159/674/719 1165/677/725
f 1720/985/248 1721/986/248 1722/987/248
f 1723/987/248 1724/890/248 1725/985/248
f 1673/978/1064 1683/983/1073 1660/965/1051
f 1660/965/1051 1661/966/1052 1673/978/1064
f 1695/966/1084 1694/965/1083 1718/983/1104
f 1718/983/1104 1704/978/1093 1695/966/1084
f 1624/930/1018 1635/938/1029 1630/934/1024
f 1630/934/1024 1625/929/1019 1624/930/1018
f 838/524/514 842/527/518 1726/794/1106
f 1726/794/1106 1727/793/1107 838/524/514
f 669/418/430 668/417/430 659/410/427
f 659/410/427 660/411/427 669/418/430
f 1728/420/726 1174/421/726 1170/412/726
f 1170/412/726 1729/413/726 1730/420/726
f 1181/436/726 1189/439/726 1731/440/726
f 1732/440/726 1733/437/726 1181/436/726
f 676/424/432 679/427/432 666/415/428
f 666/415/428 665/414/428 676/424/432
f 1734/440/431 696/439/431 691/436/431
f 691/436/431 1735/437/431 1736/440/431
f 661/412/431 672/421/431 1737/420/431
f 1738/420/431 1739/413/431 661/412/431
f 1740/404/727 1741/403/727 1166/402/727
f 1166/402/1108 1742/405/1108 1743/404/1108
f 1744/988/1109 1745/989/1109 1746/990/1109
f 1747/990/248 1748/991/248 1749/988/248
f 1750/987/1110 1751/986/1110 1752/989/1110
f 1753/989/1111 1754/988/1111 1755/987/1111
f 1756/992/1112 1757/993/1112 1758/994/1112
f 1759/994/1113 1760/995/1113 1761/992/1113
f 1762/996/1114 1763/997/1114 1764/998/1114
f 1765/998/1114 1766/999/1114 1767/996/1114
f 1768/1000/248 1769/1001/248 1770/892/248
f 1771/892/248 1772/1002/248 1773/1000/248
f 1774/997/1115 1775/1003/1115 1776/1004/1115
f 1777/1004/1115 1778/998/1115 1779/997/1115
f 1492/876/909 1500/883/914 1501/884/915
f 1501/884/915 1780/877/1116 1492/876/909
f 1781/251/1117 1782/252/1118 1783/252/1119
f 1783/252/1119 1784/251/1120 1781/251/1117
f 1785/253/277 1781/251/1117 1784/251/1120
f 1784/251/1120 1786/253/1121 1785/253/277
f 1787/254/1122 1785/253/277 1786/253/1121
f 1786/253/1121 1788/254/1123 1787/254/1122
f 1789/255/281 1787/254/1122 1788/254/1123
f 1788/254/1123 1790/255/1124 1789/255/281
f 1791/256/1125 1789/255/281 1790/255/1124
f 1790/255/1124 1792/256/1126 1791/256/1125
f 1793/257/285 1791/256/1125 1792/256/1126
f 1792/256/1126 1794/257/1127 1793/257/285
f 1795/258/1128 1793/257/285 1794/257/1127
f 1794/257/1127 1796/258/1129 1795/258/1128
f 1782/252/1118 1795/258/1128 1796/258/1129
f 1796/258/1129 1783/252/1119 1782/252/1118
f 1797/212/1130 1798/213/1131 1799/199/1132
f 1799/199/1132 1800/200/1132 1797/212/1130
f 1801/197/231 1800/200/1132 1799/199/1132
f 1799/199/1132 1802/198/1133 1801/197/231
f 1803/201/1134 1801/197/231 1802/198/1133
f 1802/198/1133 1804/202/1135 1803/201/1134
f 1805/203/237 1803/201/1134 1804/202/1135
f 1804/202/1135 1806/204/1136 1805/203/237
f 1807/205/1137 1805/203/237 1806/204/1136
f 1806/204/1136 1808/206/1138 1807/205/1137
f 1809/207/1139 1807/205/1137 1808/206/1138
f 1808/206/1138 1810/208/242 1809/207/1139
f 1811/209/243 1809/207/1139 1810/208/242
f 1810/208/242 1812/210/243 1811/209/243
f 1813/211/247 1814/214/247 1798/213/1140
f 1798/213/1131 1797/212/1130 1815/211/247
f 1816/215/193 1817/218/193 1818/217/193
f 1819/217/193 1820/216/193 1821/215/193
f 1822/215/1141 1823/216/1141 1824/220/1141
f 1825/220/1142 1826/219/1142 1827/215/1142
f 1828/221/1143 1829/219/1143 1830/220/1143
f 1831/220/1144 1832/222/1144 1833/221/1144
f 941/588/563 954/596/569 953/595/568
f 953/595/568 942/589/564 941/588/563
f 1834/995/193 1835/1005/193 1836/1006/193
f 1837/1006/1145 1838/992/1145 1839/995/1145
f 1638/942/1032 1641/944/1035 1840/1007/1146
f 1840/1007/1146 1639/941/1033 1638/942/1032
f 1841/1008/1147 1842/1009/1148 1843/1010/1149
f 1843/1010/1149 1844/1011/1150 1841/1008/1147
f 1845/1012/1151 1846/1013/1151 1842/1009/1148
f 1842/1009/1148 1841/1008/1147 1845/1012/1151
f 1847/1014/1152 1846/1013/1151 1845/1012/1151
f 1845/1012/1151 1848/1015/1152 1847/1014/1152
f 1849/1016/1153 1850/1017/1153 1851/1018/1154
f 1851/1018/1154 1852/1019/1155 1849/1016/1153
f 1853/1020/1156 1854/1021/1157 1847/1014/1152
f 1847/1014/1152 1848/1015/1152 1853/1020/1156
f 1852/1019/1155 1851/1018/1154 1854/1021/1157
f 1854/1021/1157 1853/1020/1156 1852/1019/1155
f 1855/1022/1158 1856/1023/1158 1857/1024/1158
f 1858/1024/271 1859/1025/271 1855/1022/271
f 1860/1026/271 1861/1027/271 1862/1028/271
f 1863/1028/271 1864/1029/271 1860/1026/271
f 1864/1029/271 1865/1028/271 1866/1023/271
f 1867/1023/271 1855/1022/271 1864/1029/271
f 1868/1030/272 1869/1031/272 1870/1032/272
f 1871/1032/272 1872/1033/272 1868/1030/272
f 1873/1034/571 1874/1035/571 1875/1036/571
f 1876/1036/272 1877/1037/272 1873/1034/272
f 1872/1033/1159 1878/1032/1159 1879/1035/1159
f 1880/1035/571 1873/1034/571 1872/1033/571
f 1881/1038/1160 1882/1039/1160 1883/1040/1160
f 1883/1040/1160 1884/1041/1160 1885/1038/1160
f 1886/1042/1161 1887/1043/1161 1888/1044/1161
f 1889/1044/1161 1890/1045/1161 1891/1042/1161
f 1892/1046/1162 1893/1047/1162 1894/1039/1162
f 1895/1039/1162 1896/1038/1162 1897/1046/1162
f 1898/1045/1163 1899/1044/1163 1900/1047/1163
f 1901/1047/1163 1902/1046/1163 1903/1045/1163
f 1904/1048/1164 1905/1049/1165 1906/1050/1166
f 1906/1050/1166 1907/1051/1167 1904/1048/1164
f 1908/1052/1168 1909/1053/1169 1910/1049/1169
f 1911/1049/1170 1904/1048/1171 1908/1052/1168
f 1912/1054/1172 1913/1055/1173 1914/1053/1173
f 1915/1053/1174 1908/1052/1175 1912/1054/1172
f 1916/1056/1176 1917/1057/1177 1918/1055/1177
f 1919/1055/1178 1912/1054/1179 1916/1056/1176
f 1920/1058/1180 1921/1059/1181 1922/1060/1182
f 1922/1060/1182 1923/1061/1183 1920/1058/1180
f 1924/1062/1184 1925/1063/1185 1921/1059/1181
f 1921/1059/1181 1920/1058/1180 1924/1062/1184
f 1926/1064/1186 1927/1065/1187 1925/1063/1185
f 1925/1063/1185 1924/1062/1184 1926/1064/1186
f 1928/1066/272 1929/1067/272 1930/1068/272
f 1931/1068/272 1932/1069/272 1928/1066/272
f 1843/1010/1149 1927/1065/1187 1926/1064/1186
f 1926/1064/1186 1844/1011/1150 1843/1010/1149
f 1929/1067/272 1933/1070/272 1934/1071/272
f 1935/1071/272 1936/1068/272 1929/1067/272
f 1937/1072/272 1938/1073/272 1928/1066/272
f 1928/1066/272 1939/1069/272 1940/1072/272
f 1941/1074/271 1942/1075/271 1943/1076/271
f 1943/1076/271 1944/1077/271 1945/1074/271
f 1946/1008/1188 1947/1011/1188 1948/1010/1189
f 1948/1010/1189 1949/1009/1190 1950/1008/1188
f 1951/1012/1191 1952/1008/1192 1949/1009/1193
f 1949/1009/1193 1953/1013/1191 1951/1012/1191
f 1954/1014/1194 1955/1015/1194 1951/1012/1191
f 1951/1012/1191 1953/1013/1191 1954/1014/1194
f 1956/1016/1195 1957/1019/1196 1958/1018/1197
f 1958/1018/1198 1959/1017/1195 1960/1016/1195
f 1961/1020/1199 1955/1015/1194 1954/1014/1194
f 1954/1014/1194 1962/1021/1200 1961/1020/1199
f 1957/1019/1196 1961/1020/1199 1962/1021/1200
f 1962/1021/1200 1958/1018/1197 1957/1019/1196
f 1963/1078/1201 1964/1079/1201 1965/1080/1201
f 1966/1080/1202 1967/1081/1202 1963/1078/1202
f 1968/1082/271 1969/1083/271 1970/1084/271
f 1971/1084/271 1972/1085/271 1968/1082/271
f 1969/1083/1203 1963/1078/1203 1973/1081/1203
f 1974/1081/1204 1975/1084/1204 1969/1083/1204
f 1976/1086/272 1977/1087/272 1978/1088/272
f 1979/1088/1205 1980/1089/1205 1981/1086/1205
f 1982/1090/1206 1983/1091/1206 1984/1092/1206
f 1985/1092/1207 1986/1093/1207 1982/1090/1207
f 1977/1087/272 1982/1090/272 1987/1093/272
f 1988/1093/272 1989/1088/272 1977/1087/272
f 1990/1038/1208 1991/1041/1208 1992/1040/1208
f 1993/1040/1208 1994/1039/1208 1995/1038/1208
f 1996/1042/1209 1997/1045/1209 1998/1044/1209
f 1999/1044/1209 2000/1043/1209 2001/1042/1209
f 2002/1046/1210 2003/1038/1210 2004/1039/1210
f 2005/1039/1211 2006/1047/1211 2007/1046/1211
f 2008/1045/1212 2009/1046/1212 2010/1047/1212
f 2011/1047/1212 2012/1044/1212 2013/1045/1212
f 2014/1094/1213 2015/1095/1214 2016/1096/1214
f 2017/1096/1215 2018/1097/1215 2014/1094/1216
f 2019/1098/1217 2014/1094/1213 2020/1097/1218
f 2021/1097/1219 2022/1099/1219 2019/1098/1217
f 2023/1100/1220 2019/1098/1221 2024/1099/1222
f 2025/1099/1223 2026/1101/1223 2023/1100/1220
f 2027/1102/1224 2023/1100/1225 2028/1101/1224
f 2029/1101/1226 2030/1103/1226 2031/1102/1226
f 2032/1058/1227 2033/1061/1228 2034/1060/1228
f 2035/1060/1229 2036/1059/1229 2032/1058/1230
f 2037/1062/1231 2032/1058/1230 2038/1059/1231
f 2039/1059/1231 2040/1063/1231 2041/1062/1231
f 2042/1064/1232 2043/1062/1232 2044/1063/1232
f 2045/1063/1232 2046/1065/1233 2047/1064/1232
f 1948/1010/1234 2048/1011/1235 2049/1064/1235
f 2050/1064/1236 2046/1065/1237 1948/1010/1234
f 2051/1104/272 2052/1105/272 2053/1071/272
f 2054/1071/272 1933/1070/272 2055/1104/272
f 2056/1106/272 2057/1107/272 1938/1073/272
f 1938/1073/272 2058/1072/272 2059/1106/272
f 2060/1108/271 1942/1075/271 2061/1074/271
f 2062/1074/271 2063/1109/271 2064/1108/271
f 2065/1110/193 2066/834/193 2067/994/193
f 2068/994/193 2069/993/193 2070/1110/193
f 1906/1050/1238 2071/1111/271 2072/1085/271
f 2073/1085/271 2074/1097/271 1906/1050/1238
f 2075/1049/271 2076/1027/271 2077/1111/271
f 2078/1111/271 1906/1050/1239 2079/1049/271
f 2080/1112/1240 2081/465/1240 759/464/461
f 759/464/1241 2082/1113/1240 2083/1112/1240
f 681/429/435 758/463/1242 2084/466/1243
f 2085/466/1243 2086/430/1243 681/429/435
f 9/9/9 11/11/11 10/10/10
f 16/16/16 27/27/27 14/14/14
f 18/18/18 17/17/17 32/32/32
f 2087/1114/1244 2088/1115/1244 2089/1116/272
f 2090/1115/1245 2091/1117/1245 2089/1116/272
f 2092/1117/1246 2093/1118/1246 2089/1116/272
f 2094/1118/1247 2095/1119/1247 2089/1116/272
f 2096/1119/1248 2097/1120/1248 2089/1116/272
f 2098/1120/1249 2099/1121/1249 2089/1116/272
f 2100/1121/1250 2101/1122/1250 2089/1116/272
f 2102/1122/1251 2103/1114/1251 2089/1116/272
f 2104/133/1252 69/62/1253 2105/84/1252
f 2106/165/1254 211/154/184 2107/1123/1254
f 2108/1124/1255 236/169/189 2109/168/1255
f 2110/1123/272 211/154/167 2111/153/272
f 236/169/205 2112/1124/271 2113/181/271
f 2114/92/1256 3/3/3 2/2/2
f 20/20/20 2115/33/85 17/17/17
f 23/23/23 22/22/22 21/21/21
f 26/26/26 2116/133/1257 2117/84/1257
f 70/63/66 2118/85/85 67/60/63
f 67/60/66 2119/85/85 66/59/86
f 132/99/102 150/111/115 130/97/100
f 189/135/200 2120/62/197 2121/63/197
f 169/124/134 167/122/132 195/139/153
f 2122/180/1258 200/144/158 199/143/157
f 160/117/127 159/116/126 196/140/154
f 2123/180/1259 199/143/1260 193/137/151
f 152/113/117 149/110/114 148/109/113
f 206/150/163 205/149/162 177/131/198
f 24/24/24 23/23/23 36/35/35
f 8/8/8 10/10/10 29/29/29
f 2124/84/1261 69/62/65 68/61/64
f 12/12/12 11/11/11 9/9/9
f 2125/1125/1262 2126/1126/1262 2127/1127/1262
f 2128/1128/1263 2129/1125/1263 2127/1127/1263
f 2130/1129/1264 2131/1128/1264 2127/1127/1264
f 2132/1130/1265 2133/1129/1265 2127/1127/1265
f 2134/1131/1266 2135/1130/1266 2127/1127/1266
f 2136/1132/1267 2137/1131/1267 2127/1127/1267
f 2138/1133/1267 2139/1132/1267 2127/1127/1267
f 2140/1126/1264 2141/1133/1264 2127/1127/1264
f 288/193/224 2142/1134/1268 294/195/230
f 292/195/228 2142/1134/1268 291/193/227
f 288/193/224 287/192/223 2142/1134/1268
f 291/193/227 2142/1134/1268 290/192/226
f 2142/1134/1268 287/192/223 289/194/225
f 290/192/226 2142/1134/1268 289/194/225
f 293/196/229 2142/1134/1268 292/195/228
f 294/195/230 2142/1134/1268 293/196/229
f 338/229/259 2143/1135/1269 339/230/260
f 2144/1136/1270 352/229/1271 2145/1135/1270
f 2146/1135/1272 338/229/1273 2147/1136/1272
f 2148/1135/1274 352/229/270 351/230/269
f 2149/245/272 2150/246/272 2151/1137/272
f 2152/250/271 2153/249/271 2154/1138/271
f 391/252/275 390/251/274 2155/1139/248
f 390/251/274 394/253/278 2155/1139/248
f 394/253/278 396/254/280 2155/1139/248
f 396/254/280 398/255/282 2155/1139/248
f 398/255/282 400/256/284 2155/1139/248
f 400/256/284 402/257/286 2155/1139/248
f 402/257/286 404/258/288 2155/1139/248
f 404/258/288 391/252/275 2155/1139/248
f 2156/1140/1275 2157/1141/1275 2158/307/1275
f 2159/1141/1276 2160/1142/1276 2161/1140/1276
f 2162/307/478 2163/306/478 2164/1140/478
f 2165/466/1277 2166/1143/1277 2167/430/1277
f 818/504/498 812/498/492 816/502/496
f 807/493/487 813/499/493 808/494/488
f 819/505/499 808/494/488 813/499/493
f 2168/1144/1278 2169/1145/1278 2170/1146/1279
f 2171/1147/1280 2172/1148/1280 2173/1149/1281
f 2174/1145/1282 2175/1150/1282 2170/1146/1279
f 2170/1146/1279 2176/1150/1283 2177/1151/1283
f 2178/1151/1284 2179/1152/1284 2170/1146/1279
f 2180/1152/1285 2181/1153/1285 2170/1146/1286
f 1726/794/1106 842/527/518 2182/1144/1287
f 2183/526/1288 839/525/1289 2184/1154/1288
f 2185/1155/1290 942/589/564 953/595/568
f 759/464/1291 2186/1156/1292 2187/1113/1292
f 1293/778/788 1280/765/775 2188/1157/1293
f 1280/765/775 1279/764/774 2188/1157/1293
f 1279/764/774 1283/768/778 2188/1157/1293
f 1283/768/778 1285/770/780 2188/1157/1293
f 1285/770/780 1287/772/782 2188/1157/1293
f 1287/772/782 1289/774/784 2188/1157/1293
f 1289/774/784 1291/776/786 2188/1157/1293
f 1291/776/786 1293/778/788 2188/1157/1293
f 2189/1158/1294 2190/1159/1294 2191/1160/1295
f 2192/1159/1296 2193/1161/1296 2191/1160/1295
f 2194/1161/1297 2195/1162/1297 2191/1160/1295
f 2196/1162/1298 2197/1163/1298 2191/1160/1295
f 2198/1163/1299 2199/1164/1299 2191/1160/1295
f 2200/1164/1300 2201/1165/1300 2191/1160/1295
f 2202/1165/1301 2203/1166/1301 2191/1160/1295
f 2204/1166/1302 2205/1158/1302 2191/1160/1295
f 1335/504/824 1331/502/821 1323/498/814
f 1325/499/816 1315/493/806 1314/494/805
f 1325/499/816 1314/494/805 1337/505/826
f 2206/1147/1303 2207/1149/1303 2208/1148/1303
f 2209/1150/1304 2210/1145/1304 2211/1146/1304
f 2212/1151/1305 2213/1150/1305 2214/1146/1305
f 2215/1152/1306 2216/1151/1306 2217/1146/1306
f 2218/1153/1307 2219/1152/1307 2220/1146/1307
f 1369/794/1308 2221/1146/1309 2222/1144/1309
f 2223/1154/1310 2224/525/1310 2225/526/1310
f 2226/855/1311 2227/854/1311 2228/1167/1311
f 2229/1168/396 1490/874/908 1489/873/907
f 2230/1169/1312 2231/1170/1312 2232/999/1312
f 2233/1171/537 2234/1172/537 2235/887/537
f 2236/892/248 2237/1173/248 2238/1002/248
f 2239/1174/396 1540/900/940 1539/874/939
f 2240/1004/1313 2241/1175/1313 2242/998/1313
f 2243/1176/248 2244/1177/248 2245/1178/248
f 2246/1179/1314 1552/910/946 1557/915/951
f 1593/945/987 1563/921/957 1567/924/961
f 1574/928/968 2247/927/1315 1590/942/984
f 1590/942/984 2248/931/1316 1577/930/971
f 1584/936/978 1563/921/957 2249/1180/1317
f 1551/909/1318 2250/1181/1319 2251/1182/1319
f 2252/1180/1320 1642/945/1036 1610/921/1004
f 2253/931/1321 2254/927/1321 1638/942/1322
f 2255/936/1323 2256/1180/1323 1610/921/1004
f 1641/944/1035 1638/942/1032 1619/928/1013
f 2257/1183/1324 2258/1184/1325 2259/1185/1325
f 2260/1184/1325 2257/1183/1326 2261/1186/1327
f 1683/983/1073 1672/977/1063 1684/984/1074
f 2262/973/1328 1702/972/1329 2263/974/1330
f 1705/977/1094 1704/978/1093 1718/983/1104
f 2264/1187/1331 2265/1188/1331 2266/1189/1332
f 2267/1190/272 2268/1191/272 2269/1192/272
f 2270/1193/272 2271/1192/272 2272/1194/272
f 2273/1195/272 2274/1194/272 2275/1191/272
f 2276/1191/272 2277/1194/272 2278/1192/272
f 2279/1190/272 2280/1192/272 2281/1191/272
f 2282/1194/272 2283/1192/272 2284/1193/272
f 2285/1195/272 2286/1191/272 2287/1194/272
f 2288/1191/272 2289/1192/272 2290/1194/272
f 2291/1196/272 2292/1197/272 2293/1198/272
f 2294/1197/272 2295/1199/272 2293/1198/272
f 2296/1199/272 2297/1200/272 2293/1198/272
f 2298/1200/272 2299/1201/272 2293/1198/272
f 2300/1201/272 2301/1202/272 2293/1198/272
f 2302/1203/272 2303/1204/272 2293/1198/272
f 2304/1204/272 2305/1205/272 2293/1198/272
f 2306/1205/272 2307/1196/272 2293/1198/272
f 2308/1202/271 2309/1201/271 2310/1206/271
f 2311/1201/271 2312/1200/271 2310/1206/271
f 2313/1200/271 2314/1199/271 2310/1206/271
f 2315/1199/271 2316/1197/271 2310/1206/271
f 2317/1197/271 2318/1196/271 2310/1206/271
f 2319/1196/271 2320/1205/271 2310/1206/271
f 2321/1205/271 2322/1204/271 2310/1206/271
f 2323/1204/271 2324/1203/271 2310/1206/271
f 654/405/424 2325/442/424 650/402/424
f 2326/483/1333 2327/484/1333 2328/1207/1333
f 2329/484/1334 2330/483/1334 2331/1207/1334
f 816/502/496 812/498/492 811/497/491
f 2332/1208/272 2333/1209/272 2173/1149/1335
f 2334/1209/272 2335/1210/272 2173/1149/1335
f 2336/1210/272 2337/1211/272 2173/1149/1336
f 2338/1212/1337 2339/1213/1337 2173/1149/1281
f 843/528/519 822/508/502 847/531/523
f 2340/1147/1338 2173/1149/1339 2341/1213/1338
f 2173/1149/1281 2342/1148/1340 2343/1214/1340
f 2173/1149/1336 2344/1215/272 2345/1212/272
f 2346/1211/272 2347/1215/272 2173/1149/1335
f 2348/529/1341 823/509/503 822/508/502
f 2349/548/193 2350/1216/193 2351/547/193
f 2352/547/248 2353/1216/248 2354/548/248
f 2355/577/248 2356/582/248 2357/598/248
f 2358/582/537 2359/577/537 2360/598/537
f 2361/1217/1342 2362/594/1342 2363/593/1342
f 2364/597/547 2365/593/547 2366/1218/547
f 2367/1219/1343 2368/1220/1343 2369/1221/268
f 2370/1220/1344 2371/1222/1344 2369/1221/268
f 2372/1222/1345 2373/1223/1345 2369/1221/1346
f 2374/1223/1347 2375/1224/1347 2369/1221/1346
f 2376/1224/1348 2377/1225/1348 2369/1221/268
f 2378/1225/1349 2379/1226/1349 2369/1221/1350
f 2380/1226/1351 2381/1227/1351 2369/1221/1352
f 2382/1227/1353 2383/1219/1353 2369/1221/268
f 2384/1228/1354 2385/1229/1354 2386/1230/272
f 2387/1229/1355 2388/1231/1355 2386/1230/272
f 2389/1231/1356 2390/1232/1356 2386/1230/272
f 2391/1232/1357 2392/1233/1357 2386/1230/272
f 2393/1233/1358 2394/1234/1358 2386/1230/272
f 2395/1234/1359 2396/1235/1359 2386/1230/272
f 2397/1235/1360 2398/1236/1360 2386/1230/272
f 2399/1236/1361 2400/1228/1361 2386/1230/272
f 2401/442/727 2402/405/727 1166/402/727
f 2403/1237/271 2404/1238/271 2405/1239/271
f 2406/1240/271 2407/1237/271 2405/1239/271
f 2408/1241/271 2409/1240/271 2405/1239/271
f 2410/1242/271 2411/1241/271 2405/1239/271
f 2412/1243/271 2413/1242/271 2405/1239/271
f 2414/1244/271 2415/1243/271 2405/1239/271
f 2416/1245/271 2417/1244/271 2405/1239/271
f 2418/1238/271 2419/1245/271 2405/1239/271
f 2420/1246/1362 2421/1247/1363 2422/1248/1364
f 2423/1249/1365 2421/1247/1363 2420/1246/1362
f 1308/792/800 1277/762/773 1276/761/2
f 1331/502/821 1324/497/815 1323/498/814
f 2424/1208/272 2425/1149/272 2426/1209/272
f 2427/1209/272 2428/1149/272 2429/1210/272
f 2430/1149/272 2431/1211/272 2432/1210/272
f 2433/1212/1366 2434/1149/1366 2435/1213/1366
f 1363/528/846 1366/531/849 1340/508/829
f 2436/1147/1367 2437/1213/1367 2438/1149/1367
f 2439/1149/1368 2440/1250/1368 2441/1251/1368
f 2442/1149/272 2443/1212/272 2444/1215/272
f 2445/1211/272 2446/1149/272 2447/1215/272
f 2448/529/1369 1340/508/829 1339/509/828
f 2173/1149/1281 2449/1214/1370 2450/1251/1370
f 2173/1149/1281 2451/1251/1371 2452/1250/1371
f 2453/1149/1372 2454/1214/1372 2455/1148/1372
f 2456/1149/1373 2457/1251/1373 2458/1214/1373
f 2459/1252/537 2460/1110/537 2461/1253/537
f 2462/1254/1374 2463/1006/1374 2464/1255/1374
f 2465/888/537 2466/887/537 2467/1256/537
f 1490/874/1375 2468/1168/1376 2469/1257/1376
f 2470/1258/1116 1471/858/1377 2471/857/1116
f 2472/1259/1378 1498/881/912 2473/1260/1379
f 2474/887/193 2475/886/193 2476/1171/193
f 2473/1260/1379 1498/881/912 1497/880/911
f 2477/1261/248 2478/985/248 2479/1262/248
f 2480/1263/1380 2481/990/1380 2482/1264/1380
f 2483/1265/478 2484/902/478 2485/901/478
f 2486/1257/1381 2487/1174/1381 1539/874/1382
f 2488/857/1116 1521/858/1383 2489/1258/1116
f 2490/1266/1384 1497/880/911 2491/1267/1384
f 2492/1176/248 2493/903/248 2494/902/248
f 2266/1189/1385 2495/1268/1386 2496/1269/1386
f 2497/1268/1387 2266/1189/1385 2498/1270/1387
f 2266/1189/1332 2499/1271/1388 2500/1272/1388
f 2501/1270/1389 2266/1189/1390 2502/1188/1389
f 2503/1273/1391 2266/1189/1392 2504/1272/1391
f 1560/918/954 1559/917/953 1554/912/948
f 1560/918/954 1554/912/948 1553/911/947
f 1592/944/986 1597/947/991 1600/950/994
f 1599/949/993 2249/1180/1317 1593/945/987
f 2505/958/1393 1553/911/947 1605/955/999
f 2506/950/1394 1840/1007/1146 1641/944/1035
f 2507/949/1395 1642/945/1396 2508/1180/1395
f 2509/1274/1397 2510/1275/1397 2511/1276/1398
f 2512/1277/1399 2513/1274/1399 2511/1276/1398
f 2514/1278/1400 2515/1277/1400 2511/1276/1398
f 2516/1275/1401 2517/1279/1401 2511/1276/1398
f 2518/1185/1402 2519/1278/1402 2511/1276/1398
f 2520/1185/1403 2511/1276/1398 2257/1183/1326
f 2511/1276/1398 2521/1280/1404 2522/1281/1404
f 2523/1281/1405 2524/1282/1405 2511/1276/1398
f 2511/1276/1398 2525/1282/1406 2526/1283/1406
f 2527/1279/1407 2528/1280/1407 2511/1276/1398
f 2529/1283/1408 2530/1284/1408 2511/1276/1398
f 2511/1276/1398 2261/1186/1327 2257/1183/1326
f 2531/1285/1409 1670/975/1061 1673/978/1064
f 2531/1285/1409 1673/978/1064 1661/966/1052
f 2532/1286/1410 1669/974/1060 1668/973/1059
f 2533/1287/1411 2534/1288/1412 2535/1289/1412
f 2533/1287/1413 1669/974/1414 2536/1288/1415
f 1702/972/1091 2537/973/1416 1701/971/1090
f 2538/1285/1417 1704/978/1418 2539/975/1417
f 2540/1285/1419 1695/966/1084 1704/978/1093
f 2541/1288/1420 2542/1286/1420 2263/974/1421
f 2543/1287/1422 2544/1289/1422 2545/1288/1422
f 2546/1287/1423 2547/1288/1423 2263/974/1330
f 2266/1189/1332 2548/1269/1424 2549/1271/1424
f 2550/1187/1425 2266/1189/1392 2551/1273/1425
f 1551/909/945 1552/910/946 2552/1181/1426
f 2553/1179/1427 2554/1181/1427 1552/910/1428
f 1551/909/945 2555/1182/1429 1603/953/997
f 1624/930/1018 1638/942/1032 1636/940/1030
f 1590/942/984 2556/927/1430 2557/931/1430
f 2558/931/1431 1638/942/1032 1624/930/1018
f 1588/940/982 1590/942/984 1577/930/971
f 1610/921/1004 1642/945/1036 1611/924/1005
f 2249/1180/1317 1563/921/957 1593/945/987
f 2559/1144/1432 2560/1146/1432 2561/1145/1432
f 2562/1146/1433 1369/794/852 1368/793/851
f 1726/794/1434 2170/1146/1279 2563/793/1435
f 1726/794/1434 2564/1144/1436 2170/1146/1279
f 1359/527/853 1369/794/852 2565/1144/1437
f 2566/1154/1438 2567/1290/1438 2568/525/1438
f 2569/1154/1439 839/525/1440 2570/1290/1439
f 2571/306/193 2572/307/193 2573/1140/193
f 2574/1140/1441 2575/1142/1441 2576/1141/1441
f 2577/1141/1442 2578/1140/1442 2579/307/1442
f 2580/1254/1443 2581/992/1443 2582/1006/1443
f 2583/1291/193 2584/994/193 2585/834/193
f 2586/1000/1444 2587/1292/1444 2588/1001/1444
f 2589/1176/1445 2590/1293/1445 2591/1177/1445
f 2592/1176/1446 2593/902/1446 2594/1293/1446
f 2595/1294/1447 1453/844/880 2596/1295/1447
f 2597/1296/193 2598/1171/193 2599/1297/193
f 2600/1296/193 2601/1172/193 2602/1171/193
f 2603/895/1311 2604/1298/1311 1516/854/1448
f 1452/843/193 2605/842/193 2606/1299/193
f 2607/1294/1449 1450/841/879 1453/844/880
f 2608/1001/1450 2609/1292/1450 2610/1300/1450
f 2611/1003/1451 2612/997/1451 2613/1301/1451
f 2614/996/1452 2615/1302/1452 2616/1303/1452
f 2617/999/1453 2618/1304/1453 2619/996/1453
f 2620/985/248 2621/890/248 2622/1262/248
f 2623/1305/248 2624/890/248 2625/987/248
f 2626/834/193 2627/1110/193 2628/1252/193
f 1783/252/1119 2629/1139/193 1784/251/1120
f 1784/251/1120 2629/1139/193 1786/253/1121
f 1786/253/1121 2629/1139/193 1788/254/1123
f 1788/254/1123 2629/1139/193 1790/255/1124
f 1790/255/1124 2629/1139/193 1792/256/1126
f 1792/256/1126 2629/1139/193 1794/257/1127
f 1794/257/1127 2629/1139/193 1796/258/1129
f 1796/258/1129 2629/1139/193 1783/252/1119
f 941/588/563 2630/1306/1454 954/596/569
f 2631/973/1455 2263/974/1421 2632/1286/1455
f 1669/974/1456 2633/1286/1457 2634/1288/1457
f 1673/978/1064 1672/977/1063 1683/983/1073
f 1705/977/1094 1718/983/1104 1719/984/1105
f 2635/927/1458 1619/928/1013 1638/942/1032
f 2636/990/1459 2637/989/1459 2638/1264/1459
f 1574/928/968 1590/942/984 1592/944/986
f 2639/1085/271 2640/1111/271 1968/1082/271
f 2641/1105/272 2642/1307/272 2643/1036/272
f 2644/1108/271 2645/1103/271 2646/1101/271
f 2647/1105/272 2648/1104/272 2649/1307/272
f 2650/1307/1207 2651/1092/1207 1983/1091/1207
f 2652/1107/272 2653/1106/272 2654/1308/272
f 2655/1111/271 2656/1027/271 1860/1026/271
f 2657/1103/271 2658/1109/271 2659/1055/271
f 2660/1108/271 2661/1109/271 2662/1103/271
f 2663/1309/271 2664/1077/271 1943/1076/271
f 2665/999/1460 2666/1170/1460 2667/1304/1460
f 2668/996/1461 2669/1304/1461 2670/1302/1461
f 2671/1036/272 2672/1307/272 1877/1037/272
f 2673/1104/272 2674/1092/272 2675/1307/272
f 2676/465/1462 2677/1112/1462 2678/1310/1462
f 758/463/1242 681/429/435 2679/1311/1463
f 2680/182/207 2681/183/208 2682/184/209
f 2682/184/209 2683/185/210 2680/182/207
f 2684/183/211 2680/182/207 2683/185/210
f 2683/185/210 2685/184/212 2684/183/211
f 2686/186/213 2684/183/211 2685/184/212
f 2685/184/212 2687/187/214 2686/186/213
f 2688/188/215 2686/186/213 2687/187/214
f 2687/187/214 2689/189/216 2688/188/215
f 2690/190/217 2688/188/215 2689/189/216
f 2689/189/216 2691/191/218 2690/190/217
f 2692/188/219 2690/190/217 2691/191/218
f 2691/191/218 2693/189/220 2692/188/219
f 2694/186/221 2692/188/219 2693/189/220
f 2693/189/220 2695/187/222 2694/186/221
f 2681/183/208 2694/186/221 2695/187/222
f 2695/187/222 2682/184/209 2681/183/208
f 2696/192/223 2697/193/224 2694/186/221
f 2694/186/221 2681/183/208 2696/192/223
f 2698/194/225 2696/192/223 2681/183/208
f 2681/183/208 2680/182/207 2698/194/225
f 2699/192/226 2698/194/225 2680/182/207
f 2680/182/207 2684/183/211 2699/192/226
f 2700/193/227 2699/192/226 2684/183/211
f 2684/183/211 2686/186/213 2700/193/227
f 2701/195/228 2700/193/227 2686/186/213
f 2686/186/213 2688/188/215 2701/195/228
f 2702/196/229 2701/195/228 2688/188/215
f 2688/188/215 2690/190/217 2702/196/229
f 2703/195/230 2702/196/229 2690/190/217
f 2690/190/217 2692/188/219 2703/195/230
f 2697/193/224 2703/195/230 2692/188/219
f 2692/188/219 2694/186/221 2697/193/224
f 2704/398/422 2705/399/422 2706/400/423
f 2706/400/423 2707/401/423 2704/398/422
f 2708/402/424 2709/403/424 2710/404/424
f 2711/404/424 2712/405/424 2708/402/424
f 2713/406/425 2714/407/425 2715/408/426
f 2715/408/426 2716/409/426 2713/406/425
f 2717/410/427 2705/399/422 2704/398/422
f 2704/398/422 2718/411/427 2717/410/427
f 2708/402/424 2719/412/424 2720/413/424
f 2721/413/424 2722/403/424 2708/402/424
f 2713/406/425 2723/414/428 2724/415/428
f 2724/415/428 2714/407/425 2713/406/425
f 2725/416/429 2726/417/430 2727/418/430
f 2727/418/430 2728/419/429 2725/416/429
f 2729/420/431 2730/421/431 2731/422/431
f 2731/422/431 2732/423/431 2733/420/431
f 2734/424/432 2735/425/433 2736/426/433
f 2736/426/433 2737/427/432 2734/424/432
f 2738/428/434 2739/429/435 2740/430/434
f 2741/430/436 2742/431/436 2743/428/436
f 2744/432/424 2745/433/424 2746/434/424
f 2746/434/424 2747/435/424 2748/432/424
f 2749/436/431 2745/433/431 2750/432/431
f 2751/432/424 2752/437/424 2749/436/424
f 2753/438/431 2754/439/431 2755/440/431
f 2756/440/431 2757/441/431 2753/438/431
f 2758/421/437 2759/439/438 2760/438/439
f 2760/438/439 2761/422/440 2758/421/437
f 2762/412/431 2763/436/431 2759/439/438
f 2759/439/438 2758/421/437 2762/412/431
f 2764/402/441 2765/433/442 2763/436/431
f 2763/436/431 2762/412/431 2764/402/441
f 2766/442/443 2767/434/444 2765/433/442
f 2765/433/442 2764/402/441 2766/442/443
f 2768/443/445 2769/444/445 2770/445/445
f 2771/445/446 2772/446/446 2773/443/446
f 2774/447/447 2775/448/447 2776/449/447
f 2777/449/448 2778/450/448 2779/447/448
f 2780/446/449 2781/451/449 2782/452/449
f 2783/452/450 2784/443/450 2785/446/450
f 2786/448/451 2787/453/451 2788/454/451
f 2789/454/452 2790/449/452 2791/448/452
f 2792/455/453 2793/452/453 2794/451/453
f 2795/451/454 2796/456/454 2797/455/454
f 2798/453/455 2799/457/455 2800/458/455
f 2801/458/455 2802/454/455 2803/453/455
f 2804/456/456 2805/459/456 2806/460/456
f 2807/460/457 2808/455/457 2809/456/457
f 2810/457/458 2811/461/458 2812/462/458
f 2813/462/459 2814/458/459 2815/457/459
f 2816/463/460 2817/464/461 2818/465/462
f 2819/465/462 2820/466/462 2816/463/463
f 2821/402/726 2822/403/726 2823/413/726
f 2824/413/727 2825/412/727 2821/402/727
f 2826/420/726 2827/423/726 2828/422/726
f 2828/422/726 2829/421/726 2830/420/726
f 2831/434/727 2832/433/727 2833/432/727
f 2834/432/727 2835/435/727 2831/434/727
f 2836/436/726 2837/437/726 2838/432/726
f 2839/432/726 2832/433/726 2836/436/726
f 2840/438/726 2841/441/726 2842/440/726
f 2843/440/726 2844/439/726 2840/438/726
f 2845/421/728 2846/422/729 2847/438/730
f 2847/438/730 2848/439/731 2845/421/728
f 2849/436/726 2850/412/726 2845/421/728
f 2845/421/728 2848/439/731 2849/436/726
f 2851/402/732 2850/412/726 2849/436/726
f 2849/436/726 2852/433/733 2851/402/732
f 2853/434/734 2854/442/734 2851/402/735
f 2851/402/732 2852/433/733 2855/434/736
f 2856/714/737 2857/715/737 2858/716/737
f 2859/716/738 2860/717/738 2861/714/738
f 2862/718/739 2863/719/739 2864/720/739
f 2865/720/740 2866/721/740 2867/718/740
f 2868/714/741 2869/722/741 2870/723/741
f 2871/723/742 2872/715/742 2873/714/742
f 2874/720/743 2875/724/743 2876/725/743
f 2877/725/744 2878/721/744 2879/720/744
f 2880/726/745 2881/727/745 2882/723/745
f 2883/723/453 2884/722/453 2885/726/453
f 2886/725/746 2887/724/746 2888/728/746
f 2889/728/746 2890/729/746 2891/725/746
f 2892/726/747 2893/730/747 2894/731/748
f 2894/731/749 2895/727/750 2896/726/750
f 2897/728/751 2898/732/751 2899/733/751
f 2900/733/752 2901/729/752 2902/728/752
f 2903/817/869 2904/818/869 2905/818/869
f 2905/818/869 2906/818/869 2903/817/869
f 2907/819/870 2908/820/870 2909/821/870
f 2909/821/870 2910/822/870 2907/819/870
f 2911/823/871 2912/824/871 2913/825/871
f 2914/825/871 2915/826/871 2916/823/871
f 2917/827/872 2918/828/872 2919/823/872
f 2920/823/873 2921/826/873 2922/827/873
f 2923/829/874 2924/828/874 2925/827/874
f 2926/827/874 2927/830/874 2928/829/874
f 2929/830/875 2930/831/875 2931/832/875
f 2932/832/876 2933/829/876 2934/830/876
f 2727/418/430 2726/417/430 2717/410/427
f 2717/410/427 2718/411/427 2727/418/430
f 2935/420/726 2829/421/726 2825/412/726
f 2825/412/726 2936/413/726 2937/420/726
f 2836/436/726 2844/439/726 2938/440/726
f 2939/440/726 2940/437/726 2836/436/726
f 2734/424/432 2737/427/432 2724/415/428
f 2724/415/428 2723/414/428 2734/424/432
f 2941/440/431 2754/439/431 2749/436/431
f 2749/436/431 2942/437/431 2943/440/431
f 2719/412/431 2730/421/431 2944/420/431
f 2945/420/431 2946/413/431 2719/412/431
f 2947/404/727 2948/403/727 2821/402/727
f 2821/402/1108 2949/405/1108 2950/404/1108
f 2951/1112/1240 2952/465/1240 2817/464/461
f 2817/464/1241 2953/1113/1240 2954/1112/1240
f 2739/429/435 2816/463/1242 2955/466/1243
f 2956/466/1243 2957/430/1243 2739/429/435
f 2958/1125/1262 2959/1126/1262 2960/1127/1262
f 2961/1128/1263 2962/1125/1263 2960/1127/1263
f 2963/1129/1264 2964/1128/1264 2960/1127/1264
f 2965/1130/1265 2966/1129/1265 2960/1127/1265
f 2967/1131/1266 2968/1130/1266 2960/1127/1266
f 2969/1132/1267 2970/1131/1267 2960/1127/1267
f 2971/1133/1267 2972/1132/1267 2960/1127/1267
f 2973/1126/1264 2974/1133/1264 2960/1127/1264
f 2697/193/224 2975/1134/1268 2703/195/230
f 2701/195/228 2975/1134/1268 2700/193/227
f 2697/193/224 2696/192/223 2975/1134/1268
f 2700/193/227 2975/1134/1268 2699/192/226
f 2975/1134/1268 2696/192/223 2698/194/225
f 2699/192/226 2975/1134/1268 2698/194/225
f 2702/196/229 2975/1134/1268 2701/195/228
f 2703/195/230 2975/1134/1268 2702/196/229
f 2976/466/1277 2977/1143/1277 2978/430/1277
f 2817/464/1291 2979/1156/1292 2980/1113/1292
f 2712/405/424 2981/442/424 2708/402/424
f 2982/442/727 2983/405/727 2821/402/727
f 2984/465/1462 2985/1112/1462 2986/1310/1462
f 2816/463/1242 2739/429/435 2987/1311/1463
